preset,mode,time_s,freq_hz,gain_db
factory_0,legacy,0.000000,20.000000,-7.898775
factory_0,legacy,0.067227,21.104536,-3.382377
factory_0,legacy,0.134454,22.270071,-3.038454
factory_0,legacy,0.201681,23.499975,-2.951262
factory_0,legacy,0.268908,24.797804,-2.686515
factory_0,legacy,0.336134,26.167307,-2.710677
factory_0,legacy,0.403361,27.612442,-2.408404
factory_0,legacy,0.470588,29.137390,-2.552355
factory_0,legacy,0.537815,30.746555,-2.472404
factory_0,legacy,0.605042,32.444588,-2.469300
factory_0,legacy,0.672269,34.236401,-2.416115
factory_0,legacy,0.739496,36.127167,-2.499417
factory_0,legacy,0.806723,38.122353,-2.546901
factory_0,legacy,0.873950,40.227730,-2.623240
factory_0,legacy,0.941177,42.449379,-2.833452
factory_0,legacy,1.008403,44.793720,-3.131229
factory_0,legacy,1.075630,47.267536,-3.659052
factory_0,legacy,1.142857,49.877968,-4.063938
factory_0,legacy,1.210084,52.632568,-4.847346
factory_0,legacy,1.277311,55.539299,-5.612288
factory_0,legacy,1.344538,58.606552,-6.053619
factory_0,legacy,1.411765,61.843204,-6.210927
factory_0,legacy,1.478992,65.258606,-5.917410
factory_0,legacy,1.546218,68.862625,-5.632425
factory_0,legacy,1.613445,72.665695,-5.068894
factory_0,legacy,1.680672,76.678787,-4.949080
factory_0,legacy,1.747899,80.913506,-4.685073
factory_0,legacy,1.815126,85.382095,-4.774776
factory_0,legacy,1.882353,90.097488,-4.996684
factory_0,legacy,1.949580,95.073273,-5.098748
factory_0,legacy,2.016807,100.323875,-5.565830
factory_0,legacy,2.084034,105.864441,-6.058295
factory_0,legacy,2.151261,111.710999,-6.706584
factory_0,legacy,2.218488,117.880432,-7.488744
factory_0,legacy,2.285714,124.390594,-8.390368
factory_0,legacy,2.352941,131.260284,-9.243345
factory_0,legacy,2.420168,138.509369,-9.516840
factory_0,legacy,2.487395,146.158783,-9.062230
factory_0,legacy,2.554622,154.230667,-8.405504
factory_0,legacy,2.621849,162.748337,-7.864920
factory_0,legacy,2.689076,171.736420,-7.695911
factory_0,legacy,2.756303,181.220856,-8.031860
factory_0,legacy,2.823529,191.229095,-8.527296
factory_0,legacy,2.890756,201.790070,-8.904666
factory_0,legacy,2.957983,212.934280,-9.070598
factory_0,legacy,3.025210,224.693970,-9.143756
factory_0,legacy,3.092437,237.103104,-9.116219
factory_0,legacy,3.159664,250.197540,-9.030239
factory_0,legacy,3.226891,264.015137,-8.876556
factory_0,legacy,3.294118,278.595856,-8.586765
factory_0,legacy,3.361345,293.981812,-8.134044
factory_0,legacy,3.428571,310.217468,-7.419414
factory_0,legacy,3.495798,327.349792,-6.475534
factory_0,legacy,3.563025,345.428284,-5.300624
factory_0,legacy,3.630252,364.505157,-4.095561
factory_0,legacy,3.697479,384.635620,-3.057940
factory_0,legacy,3.764706,405.877808,-2.218604
factory_0,legacy,3.831933,428.293121,-1.690673
factory_0,legacy,3.899160,451.946381,-1.463105
factory_0,legacy,3.966387,476.905945,-1.456937
factory_0,legacy,4.033614,503.244019,-1.652721
factory_0,legacy,4.100841,531.036560,-1.943553
factory_0,legacy,4.168067,560.364014,-2.282552
factory_0,legacy,4.235294,591.311096,-2.580294
factory_0,legacy,4.302521,623.967346,-2.778892
factory_0,legacy,4.369748,658.427063,-2.830997
factory_0,legacy,4.436975,694.789795,-2.678433
factory_0,legacy,4.504202,733.160889,-2.440864
factory_0,legacy,4.571429,773.651001,-2.126718
factory_0,legacy,4.638656,816.377197,-1.787154
factory_0,legacy,4.705883,861.463074,-1.462654
factory_0,legacy,4.773109,909.038940,-1.238480
factory_0,legacy,4.840336,959.242249,-1.181488
factory_0,legacy,4.907563,1012.218079,-1.342847
factory_0,legacy,4.974790,1068.119629,-1.760255
factory_0,legacy,5.042017,1127.108398,-2.397762
factory_0,legacy,5.109244,1189.355103,-3.126261
factory_0,legacy,5.176471,1255.039307,-3.613626
factory_0,legacy,5.243698,1324.351074,-3.735071
factory_0,legacy,5.310925,1397.490845,-3.457759
factory_0,legacy,5.378151,1474.669678,-3.081099
factory_0,legacy,5.445378,1556.110962,-2.743227
factory_0,legacy,5.512605,1642.050049,-2.524878
factory_0,legacy,5.579832,1732.735107,-2.447141
factory_0,legacy,5.647059,1828.428467,-2.503049
factory_0,legacy,5.714286,1929.406738,-2.704482
factory_0,legacy,5.781513,2035.961670,-3.051123
factory_0,legacy,5.848740,2148.401367,-3.552072
factory_0,legacy,5.915967,2267.050537,-4.228187
factory_0,legacy,5.983193,2392.252441,-5.089224
factory_0,legacy,6.050420,2524.368896,-6.149377
factory_0,legacy,6.117647,2663.781738,-7.325938
factory_0,legacy,6.184874,2810.893799,-8.342518
factory_0,legacy,6.252101,2966.130371,-8.806307
factory_0,legacy,6.319328,3129.940430,-8.579365
factory_0,legacy,6.386555,3302.796875,-7.982299
factory_0,legacy,6.453782,3485.199951,-7.419498
factory_0,legacy,6.521008,3677.676025,-7.060846
factory_0,legacy,6.588235,3880.782471,-6.930571
factory_0,legacy,6.655462,4095.105469,-6.888459
factory_0,legacy,6.722689,4321.265137,-6.838287
factory_0,legacy,6.789916,4559.914551,-6.725430
factory_0,legacy,6.857143,4811.744141,-6.525811
factory_0,legacy,6.924370,5077.481445,-6.225508
factory_0,legacy,6.991597,5357.894531,-5.819826
factory_0,legacy,7.058824,5653.793457,-5.315707
factory_0,legacy,7.126050,5966.034668,-4.758176
factory_0,legacy,7.193277,6295.519531,-4.192263
factory_0,legacy,7.260504,6643.200684,-3.672718
factory_0,legacy,7.327731,7010.083008,-3.259605
factory_0,legacy,7.394958,7397.227539,-2.991353
factory_0,legacy,7.462185,7805.752441,-2.862846
factory_0,legacy,7.529412,8236.839844,-2.856608
factory_0,legacy,7.596639,8691.733398,-2.933500
factory_0,legacy,7.663866,9171.750000,-3.059081
factory_0,legacy,7.731092,9678.276367,-3.202109
factory_0,legacy,7.798319,10212.776367,-3.345777
factory_0,legacy,7.865546,10776.795898,-3.476804
factory_0,legacy,7.932773,11371.962891,-3.597225
factory_0,legacy,8.000000,12000.000000,-3.690435
factory_0,reference,0.000000,20.000000,-6.734633
factory_0,reference,0.067227,21.104536,-4.306918
factory_0,reference,0.134454,22.270071,-4.197054
factory_0,reference,0.201681,23.499975,-4.386594
factory_0,reference,0.268908,24.797804,-4.093109
factory_0,reference,0.336134,26.167307,-6.132222
factory_0,reference,0.403361,27.612442,-6.628993
factory_0,reference,0.470588,29.137390,-8.419875
factory_0,reference,0.537815,30.746555,-8.285794
factory_0,reference,0.605042,32.444588,-7.810793
factory_0,reference,0.672269,34.236401,-7.993876
factory_0,reference,0.739496,36.127167,-8.717329
factory_0,reference,0.806723,38.122353,-8.454619
factory_0,reference,0.873950,40.227730,-5.542467
factory_0,reference,0.941177,42.449379,-3.372795
factory_0,reference,1.008403,44.793720,-1.450750
factory_0,reference,1.075630,47.267536,-1.105298
factory_0,reference,1.142857,49.877968,-1.514371
factory_0,reference,1.210084,52.632568,-2.342820
factory_0,reference,1.277311,55.539299,-3.333969
factory_0,reference,1.344538,58.606552,-3.830132
factory_0,reference,1.411765,61.843204,-4.124740
factory_0,reference,1.478992,65.258606,-3.743960
factory_0,reference,1.546218,68.862625,-3.049088
factory_0,reference,1.613445,72.665695,-2.091602
factory_0,reference,1.680672,76.678787,-1.667839
factory_0,reference,1.747899,80.913506,-1.450554
factory_0,reference,1.815126,85.382095,-1.861668
factory_0,reference,1.882353,90.097488,-2.530708
factory_0,reference,1.949580,95.073273,-2.585050
factory_0,reference,2.016807,100.323875,-1.994972
factory_0,reference,2.084034,105.864441,-1.402200
factory_0,reference,2.151261,111.710999,-1.427886
factory_0,reference,2.218488,117.880432,-2.288390
factory_0,reference,2.285714,124.390594,-5.097830
factory_0,reference,2.352941,131.260284,-9.263073
factory_0,reference,2.420168,138.509369,-12.223014
factory_0,reference,2.487395,146.158783,-11.129098
factory_0,reference,2.554622,154.230667,-9.318074
factory_0,reference,2.621849,162.748337,-8.340936
factory_0,reference,2.689076,171.736420,-8.174781
factory_0,reference,2.756303,181.220856,-9.133898
factory_0,reference,2.823529,191.229095,-10.892367
factory_0,reference,2.890756,201.790070,-10.743551
factory_0,reference,2.957983,212.934280,-7.410556
factory_0,reference,3.025210,224.693970,-4.371926
factory_0,reference,3.092437,237.103104,-2.351357
factory_0,reference,3.159664,250.197540,-1.484924
factory_0,reference,3.226891,264.015137,-1.485229
factory_0,reference,3.294118,278.595856,-2.154806
factory_0,reference,3.361345,293.981812,-3.715072
factory_0,reference,3.428571,310.217468,-7.135262
factory_0,reference,3.495798,327.349792,-10.856420
factory_0,reference,3.563025,345.428284,-8.280695
factory_0,reference,3.630252,364.505157,-4.951537
factory_0,reference,3.697479,384.635620,-2.972144
factory_0,reference,3.764706,405.877808,-1.872047
factory_0,reference,3.831933,428.293121,-1.336823
factory_0,reference,3.899160,451.946381,-1.141885
factory_0,reference,3.966387,476.905945,-1.157325
factory_0,reference,4.033614,503.244019,-1.521592
factory_0,reference,4.100841,531.036560,-2.302084
factory_0,reference,4.168067,560.364014,-3.828475
factory_0,reference,4.235294,591.311096,-6.538932
factory_0,reference,4.302521,623.967346,-9.731905
factory_0,reference,4.369748,658.427063,-10.392677
factory_0,reference,4.436975,694.789795,-9.507147
factory_0,reference,4.504202,733.160889,-9.495305
factory_0,reference,4.571429,773.651001,-10.300237
factory_0,reference,4.638656,816.377197,-9.798985
factory_0,reference,4.705883,861.463074,-6.592667
factory_0,reference,4.773109,909.038940,-3.500650
factory_0,reference,4.840336,959.242249,-1.577118
factory_0,reference,4.907563,1012.218079,-0.718161
factory_0,reference,4.974790,1068.119629,-0.528179
factory_0,reference,5.042017,1127.108398,-0.485725
factory_0,reference,5.109244,1189.355103,-0.484120
factory_0,reference,5.176471,1255.039307,-0.500760
factory_0,reference,5.243698,1324.351074,-0.531556
factory_0,reference,5.310925,1397.490845,-0.570348
factory_0,reference,5.378151,1474.669678,-0.627703
factory_0,reference,5.445378,1556.110962,-0.846815
factory_0,reference,5.512605,1642.050049,-1.308705
factory_0,reference,5.579832,1732.735107,-2.143221
factory_0,reference,5.647059,1828.428467,-3.594207
factory_0,reference,5.714286,1929.406738,-4.779624
factory_0,reference,5.781513,2035.961670,-4.637951
factory_0,reference,5.848740,2148.401367,-3.462532
factory_0,reference,5.915967,2267.050537,-2.212554
factory_0,reference,5.983193,2392.252441,-1.320156
factory_0,reference,6.050420,2524.368896,-1.001281
factory_0,reference,6.117647,2663.781738,-1.176889
factory_0,reference,6.184874,2810.893799,-1.474557
factory_0,reference,6.252101,2966.130371,-1.737091
factory_0,reference,6.319328,3129.940430,-1.960653
factory_0,reference,6.386555,3302.796875,-2.160788
factory_0,reference,6.453782,3485.199951,-2.347326
factory_0,reference,6.521008,3677.676025,-2.522025
factory_0,reference,6.588235,3880.782471,-2.671518
factory_0,reference,6.655462,4095.105469,-2.766181
factory_0,reference,6.722689,4321.265137,-2.762091
factory_0,reference,6.789916,4559.914551,-2.644797
factory_0,reference,6.857143,4811.744141,-2.440828
factory_0,reference,6.924370,5077.481445,-2.222974
factory_0,reference,6.991597,5357.894531,-2.133649
factory_0,reference,7.058824,5653.793457,-2.297554
factory_0,reference,7.126050,5966.034668,-2.679673
factory_0,reference,7.193277,6295.519531,-3.216020
factory_0,reference,7.260504,6643.200684,-3.803755
factory_0,reference,7.327731,7010.083008,-4.272222
factory_0,reference,7.394958,7397.227539,-4.561550
factory_0,reference,7.462185,7805.752441,-4.720546
factory_0,reference,7.529412,8236.839844,-4.800319
factory_0,reference,7.596639,8691.733398,-4.835005
factory_0,reference,7.663866,9171.750000,-4.840667
factory_0,reference,7.731092,9678.276367,-4.822645
factory_0,reference,7.798319,10212.776367,-4.789389
factory_0,reference,7.865546,10776.795898,-4.740424
factory_0,reference,7.932773,11371.962891,-4.682884
factory_0,reference,8.000000,12000.000000,-4.630407
factory_1,legacy,0.000000,20.000000,-8.248235
factory_1,legacy,0.067227,21.104536,-3.956562
factory_1,legacy,0.134454,22.270071,-3.366358
factory_1,legacy,0.201681,23.499975,-3.145818
factory_1,legacy,0.268908,24.797804,-2.838516
factory_1,legacy,0.336134,26.167307,-2.799064
factory_1,legacy,0.403361,27.612442,-2.452053
factory_1,legacy,0.470588,29.137390,-2.584923
factory_1,legacy,0.537815,30.746555,-2.502020
factory_1,legacy,0.605042,32.444588,-2.515165
factory_1,legacy,0.672269,34.236401,-2.494563
factory_1,legacy,0.739496,36.127167,-2.584599
factory_1,legacy,0.806723,38.122353,-2.684432
factory_1,legacy,0.873950,40.227730,-2.957603
factory_1,legacy,0.941177,42.449379,-3.374374
factory_1,legacy,1.008403,44.793720,-4.056407
factory_1,legacy,1.075630,47.267536,-5.090851
factory_1,legacy,1.142857,49.877968,-5.729511
factory_1,legacy,1.210084,52.632568,-6.461892
factory_1,legacy,1.277311,55.539299,-6.519017
factory_1,legacy,1.344538,58.606552,-5.867285
factory_1,legacy,1.411765,61.843204,-5.272494
factory_1,legacy,1.478992,65.258606,-4.755677
factory_1,legacy,1.546218,68.862625,-4.569293
factory_1,legacy,1.613445,72.665695,-4.261674
factory_1,legacy,1.680672,76.678787,-4.485743
factory_1,legacy,1.747899,80.913506,-4.585798
factory_1,legacy,1.815126,85.382095,-5.072604
factory_1,legacy,1.882353,90.097488,-5.771141
factory_1,legacy,1.949580,95.073273,-6.445174
factory_1,legacy,2.016807,100.323875,-7.754152
factory_1,legacy,2.084034,105.864441,-9.258686
factory_1,legacy,2.151261,111.710999,-10.571056
factory_1,legacy,2.218488,117.880432,-10.941589
factory_1,legacy,2.285714,124.390594,-10.324684
factory_1,legacy,2.352941,131.260284,-9.646602
factory_1,legacy,2.420168,138.509369,-9.846198
factory_1,legacy,2.487395,146.158783,-10.429630
factory_1,legacy,2.554622,154.230667,-10.712606
factory_1,legacy,2.621849,162.748337,-10.581217
factory_1,legacy,2.689076,171.736420,-10.367031
factory_1,legacy,2.756303,181.220856,-10.273309
factory_1,legacy,2.823529,191.229095,-10.285946
factory_1,legacy,2.890756,201.790070,-10.409025
factory_1,legacy,2.957983,212.934280,-10.462645
factory_1,legacy,3.025210,224.693970,-10.262962
factory_1,legacy,3.092437,237.103104,-9.572491
factory_1,legacy,3.159664,250.197540,-8.250494
factory_1,legacy,3.226891,264.015137,-6.525451
factory_1,legacy,3.294118,278.595856,-4.697954
factory_1,legacy,3.361345,293.981812,-3.269840
factory_1,legacy,3.428571,310.217468,-2.389513
factory_1,legacy,3.495798,327.349792,-2.165052
factory_1,legacy,3.563025,345.428284,-2.498881
factory_1,legacy,3.630252,364.505157,-3.302255
factory_1,legacy,3.697479,384.635620,-4.302275
factory_1,legacy,3.764706,405.877808,-5.113831
factory_1,legacy,3.831933,428.293121,-5.616481
factory_1,legacy,3.899160,451.946381,-5.751594
factory_1,legacy,3.966387,476.905945,-5.521523
factory_1,legacy,4.033614,503.244019,-5.066204
factory_1,legacy,4.100841,531.036560,-4.382483
factory_1,legacy,4.168067,560.364014,-3.508785
factory_1,legacy,4.235294,591.311096,-2.557314
factory_1,legacy,4.302521,623.967346,-1.764140
factory_1,legacy,4.369748,658.427063,-1.305707
factory_1,legacy,4.436975,694.789795,-1.225017
factory_1,legacy,4.504202,733.160889,-1.509865
factory_1,legacy,4.571429,773.651001,-1.925148
factory_1,legacy,4.638656,816.377197,-2.142950
factory_1,legacy,4.705883,861.463074,-1.894656
factory_1,legacy,4.773109,909.038940,-1.567149
factory_1,legacy,4.840336,959.242249,-1.380836
factory_1,legacy,4.907563,1012.218079,-1.327044
factory_1,legacy,4.974790,1068.119629,-1.338896
factory_1,legacy,5.042017,1127.108398,-1.354726
factory_1,legacy,5.109244,1189.355103,-1.376123
factory_1,legacy,5.176471,1255.039307,-1.436460
factory_1,legacy,5.243698,1324.351074,-1.604311
factory_1,legacy,5.310925,1397.490845,-1.977679
factory_1,legacy,5.378151,1474.669678,-2.710629
factory_1,legacy,5.445378,1556.110962,-3.920494
factory_1,legacy,5.512605,1642.050049,-5.565567
factory_1,legacy,5.579832,1732.735107,-7.293417
factory_1,legacy,5.647059,1828.428467,-8.601598
factory_1,legacy,5.714286,1929.406738,-9.154360
factory_1,legacy,5.781513,2035.961670,-9.084489
factory_1,legacy,5.848740,2148.401367,-8.551887
factory_1,legacy,5.915967,2267.050537,-7.865100
factory_1,legacy,5.983193,2392.252441,-7.227234
factory_1,legacy,6.050420,2524.368896,-6.807771
factory_1,legacy,6.117647,2663.781738,-6.665029
factory_1,legacy,6.184874,2810.893799,-6.766305
factory_1,legacy,6.252101,2966.130371,-7.041101
factory_1,legacy,6.319328,3129.940430,-7.408812
factory_1,legacy,6.386555,3302.796875,-7.787289
factory_1,legacy,6.453782,3485.199951,-8.070027
factory_1,legacy,6.521008,3677.676025,-8.055210
factory_1,legacy,6.588235,3880.782471,-7.550605
factory_1,legacy,6.655462,4095.105469,-6.649309
factory_1,legacy,6.722689,4321.265137,-5.674563
factory_1,legacy,6.789916,4559.914551,-4.856393
factory_1,legacy,6.857143,4811.744141,-4.373621
factory_1,legacy,6.924370,5077.481445,-4.201225
factory_1,legacy,6.991597,5357.894531,-4.229618
factory_1,legacy,7.058824,5653.793457,-4.304072
factory_1,legacy,7.126050,5966.034668,-4.358659
factory_1,legacy,7.193277,6295.519531,-4.321122
factory_1,legacy,7.260504,6643.200684,-4.171182
factory_1,legacy,7.327731,7010.083008,-3.937520
factory_1,legacy,7.394958,7397.227539,-3.684443
factory_1,legacy,7.462185,7805.752441,-3.473566
factory_1,legacy,7.529412,8236.839844,-3.347374
factory_1,legacy,7.596639,8691.733398,-3.320318
factory_1,legacy,7.663866,9171.750000,-3.389535
factory_1,legacy,7.731092,9678.276367,-3.525679
factory_1,legacy,7.798319,10212.776367,-3.691303
factory_1,legacy,7.865546,10776.795898,-3.856234
factory_1,legacy,7.932773,11371.962891,-4.009603
factory_1,legacy,8.000000,12000.000000,-4.113937
factory_1,reference,0.000000,20.000000,-6.979381
factory_1,reference,0.067227,21.104536,-4.614196
factory_1,reference,0.134454,22.270071,-4.311296
factory_1,reference,0.201681,23.499975,-4.344434
factory_1,reference,0.268908,24.797804,-4.258607
factory_1,reference,0.336134,26.167307,-7.446076
factory_1,reference,0.403361,27.612442,-8.571939
factory_1,reference,0.470588,29.137390,-8.893215
factory_1,reference,0.537815,30.746555,-7.894566
factory_1,reference,0.605042,32.444588,-7.920498
factory_1,reference,0.672269,34.236401,-8.879358
factory_1,reference,0.739496,36.127167,-9.447097
factory_1,reference,0.806723,38.122353,-6.054320
factory_1,reference,0.873950,40.227730,-2.133369
factory_1,reference,0.941177,42.449379,-1.353053
factory_1,reference,1.008403,44.793720,-1.272146
factory_1,reference,1.075630,47.267536,-2.234810
factory_1,reference,1.142857,49.877968,-2.625987
factory_1,reference,1.210084,52.632568,-3.318920
factory_1,reference,1.277311,55.539299,-3.726591
factory_1,reference,1.344538,58.606552,-3.308296
factory_1,reference,1.411765,61.843204,-2.428608
factory_1,reference,1.478992,65.258606,-1.723116
factory_1,reference,1.546218,68.862625,-1.508549
factory_1,reference,1.613445,72.665695,-2.581811
factory_1,reference,1.680672,76.678787,-3.980514
factory_1,reference,1.747899,80.913506,-3.800583
factory_1,reference,1.815126,85.382095,-2.514252
factory_1,reference,1.882353,90.097488,-1.552467
factory_1,reference,1.949580,95.073273,-1.473419
factory_1,reference,2.016807,100.323875,-3.516391
factory_1,reference,2.084034,105.864441,-7.620871
factory_1,reference,2.151261,111.710999,-12.472749
factory_1,reference,2.218488,117.880432,-14.568068
factory_1,reference,2.285714,124.390594,-13.242826
factory_1,reference,2.352941,131.260284,-11.895123
factory_1,reference,2.420168,138.509369,-12.010118
factory_1,reference,2.487395,146.158783,-13.266114
factory_1,reference,2.554622,154.230667,-12.305354
factory_1,reference,2.621849,162.748337,-7.286754
factory_1,reference,2.689076,171.736420,-3.733142
factory_1,reference,2.756303,181.220856,-1.560454
factory_1,reference,2.823529,191.229095,-1.061681
factory_1,reference,2.890756,201.790070,-1.075497
factory_1,reference,2.957983,212.934280,-1.842421
factory_1,reference,3.025210,224.693970,-4.128593
factory_1,reference,3.092437,237.103104,-9.822489
factory_1,reference,3.159664,250.197540,-12.072832
factory_1,reference,3.226891,264.015137,-7.427291
factory_1,reference,3.294118,278.595856,-4.443633
factory_1,reference,3.361345,293.981812,-2.888247
factory_1,reference,3.428571,310.217468,-2.186824
factory_1,reference,3.495798,327.349792,-1.970258
factory_1,reference,3.563025,345.428284,-2.255075
factory_1,reference,3.630252,364.505157,-3.293618
factory_1,reference,3.697479,384.635620,-5.644799
factory_1,reference,3.764706,405.877808,-9.732147
factory_1,reference,3.831933,428.293121,-11.423038
factory_1,reference,3.899160,451.946381,-8.646839
factory_1,reference,3.966387,476.905945,-7.212560
factory_1,reference,4.033614,503.244019,-8.267390
factory_1,reference,4.100841,531.036560,-10.834967
factory_1,reference,4.168067,560.364014,-10.657235
factory_1,reference,4.235294,591.311096,-6.123269
factory_1,reference,4.302521,623.967346,-2.825825
factory_1,reference,4.369748,658.427063,-1.137689
factory_1,reference,4.436975,694.789795,-0.533900
factory_1,reference,4.504202,733.160889,-0.396292
factory_1,reference,4.571429,773.651001,-0.378044
factory_1,reference,4.638656,816.377197,-0.392990
factory_1,reference,4.705883,861.463074,-0.463888
factory_1,reference,4.773109,909.038940,-0.704212
factory_1,reference,4.840336,959.242249,-1.396209
factory_1,reference,4.907563,1012.218079,-2.904363
factory_1,reference,4.974790,1068.119629,-6.182817
factory_1,reference,5.042017,1127.108398,-8.907500
factory_1,reference,5.109244,1189.355103,-9.420962
factory_1,reference,5.176471,1255.039307,-8.323049
factory_1,reference,5.243698,1324.351074,-5.618160
factory_1,reference,5.310925,1397.490845,-2.921281
factory_1,reference,5.378151,1474.669678,-1.278794
factory_1,reference,5.445378,1556.110962,-0.880986
factory_1,reference,5.512605,1642.050049,-0.982237
factory_1,reference,5.579832,1732.735107,-1.147937
factory_1,reference,5.647059,1828.428467,-1.287011
factory_1,reference,5.714286,1929.406738,-1.403684
factory_1,reference,5.781513,2035.961670,-1.496098
factory_1,reference,5.848740,2148.401367,-1.548236
factory_1,reference,5.915967,2267.050537,-1.534475
factory_1,reference,5.983193,2392.252441,-1.461649
factory_1,reference,6.050420,2524.368896,-1.502990
factory_1,reference,6.117647,2663.781738,-1.706578
factory_1,reference,6.184874,2810.893799,-2.160342
factory_1,reference,6.252101,2966.130371,-2.267020
factory_1,reference,6.319328,3129.940430,-1.880082
factory_1,reference,6.386555,3302.796875,-1.662487
factory_1,reference,6.453782,3485.199951,-1.929404
factory_1,reference,6.521008,3677.676025,-2.591181
factory_1,reference,6.588235,3880.782471,-3.169699
factory_1,reference,6.655462,4095.105469,-3.550897
factory_1,reference,6.722689,4321.265137,-3.816823
factory_1,reference,6.789916,4559.914551,-4.037853
factory_1,reference,6.857143,4811.744141,-4.232733
factory_1,reference,6.924370,5077.481445,-4.405689
factory_1,reference,6.991597,5357.894531,-4.536543
factory_1,reference,7.058824,5653.793457,-4.598590
factory_1,reference,7.126050,5966.034668,-4.536529
factory_1,reference,7.193277,6295.519531,-4.328224
factory_1,reference,7.260504,6643.200684,-4.052545
factory_1,reference,7.327731,7010.083008,-3.899949
factory_1,reference,7.394958,7397.227539,-4.026118
factory_1,reference,7.462185,7805.752441,-4.342409
factory_1,reference,7.529412,8236.839844,-4.687259
factory_1,reference,7.596639,8691.733398,-4.938123
factory_1,reference,7.663866,9171.750000,-5.058036
factory_1,reference,7.731092,9678.276367,-5.089015
factory_1,reference,7.798319,10212.776367,-5.077946
factory_1,reference,7.865546,10776.795898,-5.042999
factory_1,reference,7.932773,11371.962891,-4.996912
factory_1,reference,8.000000,12000.000000,-4.954068
factory_10,legacy,0.000000,20.000000,-8.318638
factory_10,legacy,0.067227,21.104536,-4.049654
factory_10,legacy,0.134454,22.270071,-3.544153
factory_10,legacy,0.201681,23.499975,-3.437143
factory_10,legacy,0.268908,24.797804,-3.251401
factory_10,legacy,0.336134,26.167307,-3.260476
factory_10,legacy,0.403361,27.612442,-2.983828
factory_10,legacy,0.470588,29.137390,-3.068815
factory_10,legacy,0.537815,30.746555,-2.978851
factory_10,legacy,0.605042,32.444588,-2.975468
factory_10,legacy,0.672269,34.236401,-2.958448
factory_10,legacy,0.739496,36.127167,-2.988837
factory_10,legacy,0.806723,38.122353,-2.980722
factory_10,legacy,0.873950,40.227730,-2.979381
factory_10,legacy,0.941177,42.449379,-3.102382
factory_10,legacy,1.008403,44.793720,-3.187613
factory_10,legacy,1.075630,47.267536,-3.340210
factory_10,legacy,1.142857,49.877968,-3.476012
factory_10,legacy,1.210084,52.632568,-3.733827
factory_10,legacy,1.277311,55.539299,-4.157959
factory_10,legacy,1.344538,58.606552,-4.548977
factory_10,legacy,1.411765,61.843204,-5.148473
factory_10,legacy,1.478992,65.258606,-5.765694
factory_10,legacy,1.546218,68.862625,-6.605051
factory_10,legacy,1.613445,72.665695,-7.132278
factory_10,legacy,1.680672,76.678787,-7.927697
factory_10,legacy,1.747899,80.913506,-8.438436
factory_10,legacy,1.815126,85.382095,-8.780140
factory_10,legacy,1.882353,90.097488,-8.966375
factory_10,legacy,1.949580,95.073273,-8.889867
factory_10,legacy,2.016807,100.323875,-8.744315
factory_10,legacy,2.084034,105.864441,-8.609971
factory_10,legacy,2.151261,111.710999,-8.440799
factory_10,legacy,2.218488,117.880432,-8.332373
factory_10,legacy,2.285714,124.390594,-8.193177
factory_10,legacy,2.352941,131.260284,-8.261591
factory_10,legacy,2.420168,138.509369,-8.285588
factory_10,legacy,2.487395,146.158783,-8.492074
factory_10,legacy,2.554622,154.230667,-8.588087
factory_10,legacy,2.621849,162.748337,-8.840979
factory_10,legacy,2.689076,171.736420,-9.068501
factory_10,legacy,2.756303,181.220856,-9.256914
factory_10,legacy,2.823529,191.229095,-9.319819
factory_10,legacy,2.890756,201.790070,-9.272365
factory_10,legacy,2.957983,212.934280,-8.946499
factory_10,legacy,3.025210,224.693970,-8.396789
factory_10,legacy,3.092437,237.103104,-7.604331
factory_10,legacy,3.159664,250.197540,-6.671655
factory_10,legacy,3.226891,264.015137,-5.746756
factory_10,legacy,3.294118,278.595856,-4.819318
factory_10,legacy,3.361345,293.981812,-4.053805
factory_10,legacy,3.428571,310.217468,-3.444371
factory_10,legacy,3.495798,327.349792,-3.089343
factory_10,legacy,3.563025,345.428284,-2.858605
factory_10,legacy,3.630252,364.505157,-2.849250
factory_10,legacy,3.697479,384.635620,-3.004347
factory_10,legacy,3.764706,405.877808,-3.167639
factory_10,legacy,3.831933,428.293121,-3.370928
factory_10,legacy,3.899160,451.946381,-3.567739
factory_10,legacy,3.966387,476.905945,-3.703567
factory_10,legacy,4.033614,503.244019,-3.803274
factory_10,legacy,4.100841,531.036560,-3.800876
factory_10,legacy,4.168067,560.364014,-3.705267
factory_10,legacy,4.235294,591.311096,-3.515874
factory_10,legacy,4.302521,623.967346,-3.263659
factory_10,legacy,4.369748,658.427063,-2.967443
factory_10,legacy,4.436975,694.789795,-2.621003
factory_10,legacy,4.504202,733.160889,-2.314546
factory_10,legacy,4.571429,773.651001,-2.030667
factory_10,legacy,4.638656,816.377197,-1.798077
factory_10,legacy,4.705883,861.463074,-1.647378
factory_10,legacy,4.773109,909.038940,-1.621846
factory_10,legacy,4.840336,959.242249,-1.741641
factory_10,legacy,4.907563,1012.218079,-2.019213
factory_10,legacy,4.974790,1068.119629,-2.461599
factory_10,legacy,5.042017,1127.108398,-3.029599
factory_10,legacy,5.109244,1189.355103,-3.672099
factory_10,legacy,5.176471,1255.039307,-4.225415
factory_10,legacy,5.243698,1324.351074,-4.650857
factory_10,legacy,5.310925,1397.490845,-4.869848
factory_10,legacy,5.378151,1474.669678,-4.850819
factory_10,legacy,5.445378,1556.110962,-4.723689
factory_10,legacy,5.512605,1642.050049,-4.579688
factory_10,legacy,5.579832,1732.735107,-4.461587
factory_10,legacy,5.647059,1828.428467,-4.389528
factory_10,legacy,5.714286,1929.406738,-4.393157
factory_10,legacy,5.781513,2035.961670,-4.476656
factory_10,legacy,5.848740,2148.401367,-4.660513
factory_10,legacy,5.915967,2267.050537,-4.950954
factory_10,legacy,5.983193,2392.252441,-5.316099
factory_10,legacy,6.050420,2524.368896,-5.765126
factory_10,legacy,6.117647,2663.781738,-6.267747
factory_10,legacy,6.184874,2810.893799,-6.789381
factory_10,legacy,6.252101,2966.130371,-7.299459
factory_10,legacy,6.319328,3129.940430,-7.743731
factory_10,legacy,6.386555,3302.796875,-8.021643
factory_10,legacy,6.453782,3485.199951,-8.028809
factory_10,legacy,6.521008,3677.676025,-7.726386
factory_10,legacy,6.588235,3880.782471,-7.165231
factory_10,legacy,6.655462,4095.105469,-6.482415
factory_10,legacy,6.722689,4321.265137,-5.797746
factory_10,legacy,6.789916,4559.914551,-5.189612
factory_10,legacy,6.857143,4811.744141,-4.699303
factory_10,legacy,6.924370,5077.481445,-4.330767
factory_10,legacy,6.991597,5357.894531,-4.060642
factory_10,legacy,7.058824,5653.793457,-3.885175
factory_10,legacy,7.126050,5966.034668,-3.768890
factory_10,legacy,7.193277,6295.519531,-3.680456
factory_10,legacy,7.260504,6643.200684,-3.610040
factory_10,legacy,7.327731,7010.083008,-3.553721
factory_10,legacy,7.394958,7397.227539,-3.512256
factory_10,legacy,7.462185,7805.752441,-3.480931
factory_10,legacy,7.529412,8236.839844,-3.472383
factory_10,legacy,7.596639,8691.733398,-3.491527
factory_10,legacy,7.663866,9171.750000,-3.543186
factory_10,legacy,7.731092,9678.276367,-3.625737
factory_10,legacy,7.798319,10212.776367,-3.731655
factory_10,legacy,7.865546,10776.795898,-3.851387
factory_10,legacy,7.932773,11371.962891,-3.976660
factory_10,legacy,8.000000,12000.000000,-4.080629
factory_10,reference,0.000000,20.000000,-7.337517
factory_10,reference,0.067227,21.104536,-4.632510
factory_10,reference,0.134454,22.270071,-4.337487
factory_10,reference,0.201681,23.499975,-4.153366
factory_10,reference,0.268908,24.797804,-3.236348
factory_10,reference,0.336134,26.167307,-4.127681
factory_10,reference,0.403361,27.612442,-3.405939
factory_10,reference,0.470588,29.137390,-4.451492
factory_10,reference,0.537815,30.746555,-5.117504
factory_10,reference,0.605042,32.444588,-5.817234
factory_10,reference,0.672269,34.236401,-6.356866
factory_10,reference,0.739496,36.127167,-7.621605
factory_10,reference,0.806723,38.122353,-8.166996
factory_10,reference,0.873950,40.227730,-7.639814
factory_10,reference,0.941177,42.449379,-7.111389
factory_10,reference,1.008403,44.793720,-5.602303
factory_10,reference,1.075630,47.267536,-4.018999
factory_10,reference,1.142857,49.877968,-3.266332
factory_10,reference,1.210084,52.632568,-2.096975
factory_10,reference,1.277311,55.539299,-1.651792
factory_10,reference,1.344538,58.606552,-1.679465
factory_10,reference,1.411765,61.843204,-2.327260
factory_10,reference,1.478992,65.258606,-3.263556
factory_10,reference,1.546218,68.862625,-4.683707
factory_10,reference,1.613445,72.665695,-5.675066
factory_10,reference,1.680672,76.678787,-7.167658
factory_10,reference,1.747899,80.913506,-8.137715
factory_10,reference,1.815126,85.382095,-9.010921
factory_10,reference,1.882353,90.097488,-9.602429
factory_10,reference,1.949580,95.073273,-9.409624
factory_10,reference,2.016807,100.323875,-8.892124
factory_10,reference,2.084034,105.864441,-7.905422
factory_10,reference,2.151261,111.710999,-6.710709
factory_10,reference,2.218488,117.880432,-5.333433
factory_10,reference,2.285714,124.390594,-4.092980
factory_10,reference,2.352941,131.260284,-3.202584
factory_10,reference,2.420168,138.509369,-2.310996
factory_10,reference,2.487395,146.158783,-1.815355
factory_10,reference,2.554622,154.230667,-1.624439
factory_10,reference,2.621849,162.748337,-1.770877
factory_10,reference,2.689076,171.736420,-2.212522
factory_10,reference,2.756303,181.220856,-3.047786
factory_10,reference,2.823529,191.229095,-4.294314
factory_10,reference,2.890756,201.790070,-6.500039
factory_10,reference,2.957983,212.934280,-9.519800
factory_10,reference,3.025210,224.693970,-11.320744
factory_10,reference,3.092437,237.103104,-10.116985
factory_10,reference,3.159664,250.197540,-7.779082
factory_10,reference,3.226891,264.015137,-5.895084
factory_10,reference,3.294118,278.595856,-4.495451
factory_10,reference,3.361345,293.981812,-3.564715
factory_10,reference,3.428571,310.217468,-2.958765
factory_10,reference,3.495798,327.349792,-2.637279
factory_10,reference,3.563025,345.428284,-2.467338
factory_10,reference,3.630252,364.505157,-2.504950
factory_10,reference,3.697479,384.635620,-2.776742
factory_10,reference,3.764706,405.877808,-3.209970
factory_10,reference,3.831933,428.293121,-3.930670
factory_10,reference,3.899160,451.946381,-5.012207
factory_10,reference,3.966387,476.905945,-6.450457
factory_10,reference,4.033614,503.244019,-8.182370
factory_10,reference,4.100841,531.036560,-9.661757
factory_10,reference,4.168067,560.364014,-10.491942
factory_10,reference,4.235294,591.311096,-10.708674
factory_10,reference,4.302521,623.967346,-10.643429
factory_10,reference,4.369748,658.427063,-10.307680
factory_10,reference,4.436975,694.789795,-9.434584
factory_10,reference,4.504202,733.160889,-7.865515
factory_10,reference,4.571429,773.651001,-5.910829
factory_10,reference,4.638656,816.377197,-4.091646
factory_10,reference,4.705883,861.463074,-2.655960
factory_10,reference,4.773109,909.038940,-1.695609
factory_10,reference,4.840336,959.242249,-1.186318
factory_10,reference,4.907563,1012.218079,-0.973713
factory_10,reference,4.974790,1068.119629,-0.915884
factory_10,reference,5.042017,1127.108398,-0.916483
factory_10,reference,5.109244,1189.355103,-0.952734
factory_10,reference,5.176471,1255.039307,-0.995929
factory_10,reference,5.243698,1324.351074,-1.043447
factory_10,reference,5.310925,1397.490845,-1.090060
factory_10,reference,5.378151,1474.669678,-1.130904
factory_10,reference,5.445378,1556.110962,-1.163833
factory_10,reference,5.512605,1642.050049,-1.198291
factory_10,reference,5.579832,1732.735107,-1.248514
factory_10,reference,5.647059,1828.428467,-1.324264
factory_10,reference,5.714286,1929.406738,-1.427375
factory_10,reference,5.781513,2035.961670,-1.554976
factory_10,reference,5.848740,2148.401367,-1.693465
factory_10,reference,5.915967,2267.050537,-1.816094
factory_10,reference,5.983193,2392.252441,-1.864030
factory_10,reference,6.050420,2524.368896,-1.773084
factory_10,reference,6.117647,2663.781738,-1.663435
factory_10,reference,6.184874,2810.893799,-1.614187
factory_10,reference,6.252101,2966.130371,-1.671832
factory_10,reference,6.319328,3129.940430,-1.869863
factory_10,reference,6.386555,3302.796875,-2.181418
factory_10,reference,6.453782,3485.199951,-2.527864
factory_10,reference,6.521008,3677.676025,-2.858355
factory_10,reference,6.588235,3880.782471,-3.154892
factory_10,reference,6.655462,4095.105469,-3.414297
factory_10,reference,6.722689,4321.265137,-3.642746
factory_10,reference,6.789916,4559.914551,-3.857627
factory_10,reference,6.857143,4811.744141,-4.055060
factory_10,reference,6.924370,5077.481445,-4.237813
factory_10,reference,6.991597,5357.894531,-4.402096
factory_10,reference,7.058824,5653.793457,-4.547421
factory_10,reference,7.126050,5966.034668,-4.663965
factory_10,reference,7.193277,6295.519531,-4.757369
factory_10,reference,7.260504,6643.200684,-4.820244
factory_10,reference,7.327731,7010.083008,-4.851002
factory_10,reference,7.394958,7397.227539,-4.853814
factory_10,reference,7.462185,7805.752441,-4.841188
factory_10,reference,7.529412,8236.839844,-4.821976
factory_10,reference,7.596639,8691.733398,-4.812955
factory_10,reference,7.663866,9171.750000,-4.819963
factory_10,reference,7.731092,9678.276367,-4.843911
factory_10,reference,7.798319,10212.776367,-4.876839
factory_10,reference,7.865546,10776.795898,-4.897504
factory_10,reference,7.932773,11371.962891,-4.904112
factory_10,reference,8.000000,12000.000000,-4.896695
factory_11,legacy,0.000000,20.000000,-9.073069
factory_11,legacy,0.067227,21.104536,-6.441079
factory_11,legacy,0.134454,22.270071,-5.607875
factory_11,legacy,0.201681,23.499975,-5.366695
factory_11,legacy,0.268908,24.797804,-5.442693
factory_11,legacy,0.336134,26.167307,-5.526946
factory_11,legacy,0.403361,27.612442,-5.464119
factory_11,legacy,0.470588,29.137390,-5.421535
factory_11,legacy,0.537815,30.746555,-5.567111
factory_11,legacy,0.605042,32.444588,-5.697598
factory_11,legacy,0.672269,34.236401,-5.893021
factory_11,legacy,0.739496,36.127167,-5.746351
factory_11,legacy,0.806723,38.122353,-5.763675
factory_11,legacy,0.873950,40.227730,-6.135740
factory_11,legacy,0.941177,42.449379,-6.144828
factory_11,legacy,1.008403,44.793720,-6.223512
factory_11,legacy,1.075630,47.267536,-6.508241
factory_11,legacy,1.142857,49.877968,-6.252295
factory_11,legacy,1.210084,52.632568,-6.495151
factory_11,legacy,1.277311,55.539299,-6.702595
factory_11,legacy,1.344538,58.606552,-6.728364
factory_11,legacy,1.411765,61.843204,-6.923879
factory_11,legacy,1.478992,65.258606,-7.012854
factory_11,legacy,1.546218,68.862625,-7.288208
factory_11,legacy,1.613445,72.665695,-7.147970
factory_11,legacy,1.680672,76.678787,-7.510383
factory_11,legacy,1.747899,80.913506,-7.501912
factory_11,legacy,1.815126,85.382095,-7.840796
factory_11,legacy,1.882353,90.097488,-8.219388
factory_11,legacy,1.949580,95.073273,-8.243964
factory_11,legacy,2.016807,100.323875,-8.651329
factory_11,legacy,2.084034,105.864441,-8.909759
factory_11,legacy,2.151261,111.710999,-9.226266
factory_11,legacy,2.218488,117.880432,-9.470829
factory_11,legacy,2.285714,124.390594,-9.768570
factory_11,legacy,2.352941,131.260284,-10.250096
factory_11,legacy,2.420168,138.509369,-10.564787
factory_11,legacy,2.487395,146.158783,-10.989910
factory_11,legacy,2.554622,154.230667,-11.242810
factory_11,legacy,2.621849,162.748337,-11.645397
factory_11,legacy,2.689076,171.736420,-11.998701
factory_11,legacy,2.756303,181.220856,-12.324232
factory_11,legacy,2.823529,191.229095,-12.521481
factory_11,legacy,2.890756,201.790070,-12.723770
factory_11,legacy,2.957983,212.934280,-12.875171
factory_11,legacy,3.025210,224.693970,-12.896689
factory_11,legacy,3.092437,237.103104,-12.823921
factory_11,legacy,3.159664,250.197540,-12.659036
factory_11,legacy,3.226891,264.015137,-12.445178
factory_11,legacy,3.294118,278.595856,-12.152992
factory_11,legacy,3.361345,293.981812,-11.801580
factory_11,legacy,3.428571,310.217468,-11.401921
factory_11,legacy,3.495798,327.349792,-10.965681
factory_11,legacy,3.563025,345.428284,-10.480114
factory_11,legacy,3.630252,364.505157,-9.983021
factory_11,legacy,3.697479,384.635620,-9.472309
factory_11,legacy,3.764706,405.877808,-8.868894
factory_11,legacy,3.831933,428.293121,-8.256811
factory_11,legacy,3.899160,451.946381,-7.630353
factory_11,legacy,3.966387,476.905945,-6.917235
factory_11,legacy,4.033614,503.244019,-6.223748
factory_11,legacy,4.100841,531.036560,-5.500172
factory_11,legacy,4.168067,560.364014,-4.816341
factory_11,legacy,4.235294,591.311096,-4.159538
factory_11,legacy,4.302521,623.967346,-3.572175
factory_11,legacy,4.369748,658.427063,-3.080003
factory_11,legacy,4.436975,694.789795,-2.638211
factory_11,legacy,4.504202,733.160889,-2.335423
factory_11,legacy,4.571429,773.651001,-2.122450
factory_11,legacy,4.638656,816.377197,-2.001244
factory_11,legacy,4.705883,861.463074,-1.971789
factory_11,legacy,4.773109,909.038940,-2.049337
factory_11,legacy,4.840336,959.242249,-2.232469
factory_11,legacy,4.907563,1012.218079,-2.533076
factory_11,legacy,4.974790,1068.119629,-2.972178
factory_11,legacy,5.042017,1127.108398,-3.561260
factory_11,legacy,5.109244,1189.355103,-4.350020
factory_11,legacy,5.176471,1255.039307,-5.295952
factory_11,legacy,5.243698,1324.351074,-6.400199
factory_11,legacy,5.310925,1397.490845,-7.557137
factory_11,legacy,5.378151,1474.669678,-8.666362
factory_11,legacy,5.445378,1556.110962,-9.678753
factory_11,legacy,5.512605,1642.050049,-10.570072
factory_11,legacy,5.579832,1732.735107,-11.296033
factory_11,legacy,5.647059,1828.428467,-11.858205
factory_11,legacy,5.714286,1929.406738,-12.182568
factory_11,legacy,5.781513,2035.961670,-12.238898
factory_11,legacy,5.848740,2148.401367,-12.059201
factory_11,legacy,5.915967,2267.050537,-11.689992
factory_11,legacy,5.983193,2392.252441,-11.187389
factory_11,legacy,6.050420,2524.368896,-10.579641
factory_11,legacy,6.117647,2663.781738,-9.917704
factory_11,legacy,6.184874,2810.893799,-9.226215
factory_11,legacy,6.252101,2966.130371,-8.527013
factory_11,legacy,6.319328,3129.940430,-7.824794
factory_11,legacy,6.386555,3302.796875,-7.156545
factory_11,legacy,6.453782,3485.199951,-6.535037
factory_11,legacy,6.521008,3677.676025,-5.991568
factory_11,legacy,6.588235,3880.782471,-5.538573
factory_11,legacy,6.655462,4095.105469,-5.170773
factory_11,legacy,6.722689,4321.265137,-4.867558
factory_11,legacy,6.789916,4559.914551,-4.615367
factory_11,legacy,6.857143,4811.744141,-4.408046
factory_11,legacy,6.924370,5077.481445,-4.240514
factory_11,legacy,6.991597,5357.894531,-4.105772
factory_11,legacy,7.058824,5653.793457,-4.000680
factory_11,legacy,7.126050,5966.034668,-3.928632
factory_11,legacy,7.193277,6295.519531,-3.880145
factory_11,legacy,7.260504,6643.200684,-3.849643
factory_11,legacy,7.327731,7010.083008,-3.783981
factory_11,legacy,7.394958,7397.227539,-3.766596
factory_11,legacy,7.462185,7805.752441,-3.796078
factory_11,legacy,7.529412,8236.839844,-3.874221
factory_11,legacy,7.596639,8691.733398,-3.993776
factory_11,legacy,7.663866,9171.750000,-4.147718
factory_11,legacy,7.731092,9678.276367,-4.322051
factory_11,legacy,7.798319,10212.776367,-4.505983
factory_11,legacy,7.865546,10776.795898,-4.688604
factory_11,legacy,7.932773,11371.962891,-4.860062
factory_11,legacy,8.000000,12000.000000,-4.990506
factory_11,reference,0.000000,20.000000,-8.344656
factory_11,reference,0.067227,21.104536,-5.145869
factory_11,reference,0.134454,22.270071,-4.567103
factory_11,reference,0.201681,23.499975,-3.846829
factory_11,reference,0.268908,24.797804,-2.300572
factory_11,reference,0.336134,26.167307,-2.555208
factory_11,reference,0.403361,27.612442,-1.425169
factory_11,reference,0.470588,29.137390,-1.791573
factory_11,reference,0.537815,30.746555,-1.574863
factory_11,reference,0.605042,32.444588,-1.512141
factory_11,reference,0.672269,34.236401,-1.529300
factory_11,reference,0.739496,36.127167,-1.678811
factory_11,reference,0.806723,38.122353,-1.780801
factory_11,reference,0.873950,40.227730,-2.123433
factory_11,reference,0.941177,42.449379,-2.341758
factory_11,reference,1.008403,44.793720,-2.669947
factory_11,reference,1.075630,47.267536,-3.187311
factory_11,reference,1.142857,49.877968,-3.275405
factory_11,reference,1.210084,52.632568,-3.813680
factory_11,reference,1.277311,55.539299,-4.285380
factory_11,reference,1.344538,58.606552,-4.497798
factory_11,reference,1.411765,61.843204,-4.939537
factory_11,reference,1.478992,65.258606,-5.275690
factory_11,reference,1.546218,68.862625,-5.745338
factory_11,reference,1.613445,72.665695,-5.772690
factory_11,reference,1.680672,76.678787,-6.126488
factory_11,reference,1.747899,80.913506,-5.978320
factory_11,reference,1.815126,85.382095,-5.972617
factory_11,reference,1.882353,90.097488,-5.816764
factory_11,reference,1.949580,95.073273,-5.166957
factory_11,reference,2.016807,100.323875,-4.823396
factory_11,reference,2.084034,105.864441,-4.108002
factory_11,reference,2.151261,111.710999,-3.458415
factory_11,reference,2.218488,117.880432,-2.892835
factory_11,reference,2.285714,124.390594,-2.487770
factory_11,reference,2.352941,131.260284,-2.228892
factory_11,reference,2.420168,138.509369,-2.070129
factory_11,reference,2.487395,146.158783,-1.924713
factory_11,reference,2.554622,154.230667,-1.978882
factory_11,reference,2.621849,162.748337,-1.980559
factory_11,reference,2.689076,171.736420,-1.973293
factory_11,reference,2.756303,181.220856,-1.973920
factory_11,reference,2.823529,191.229095,-1.994465
factory_11,reference,2.890756,201.790070,-1.987511
factory_11,reference,2.957983,212.934280,-1.888782
factory_11,reference,3.025210,224.693970,-1.880979
factory_11,reference,3.092437,237.103104,-1.872494
factory_11,reference,3.159664,250.197540,-1.871618
factory_11,reference,3.226891,264.015137,-1.900313
factory_11,reference,3.294118,278.595856,-1.977753
factory_11,reference,3.361345,293.981812,-2.109628
factory_11,reference,3.428571,310.217468,-2.182077
factory_11,reference,3.495798,327.349792,-2.216051
factory_11,reference,3.563025,345.428284,-2.312833
factory_11,reference,3.630252,364.505157,-2.571641
factory_11,reference,3.697479,384.635620,-3.040349
factory_11,reference,3.764706,405.877808,-3.892141
factory_11,reference,3.831933,428.293121,-5.317168
factory_11,reference,3.899160,451.946381,-7.516685
factory_11,reference,3.966387,476.905945,-10.268023
factory_11,reference,4.033614,503.244019,-12.688855
factory_11,reference,4.100841,531.036560,-13.447923
factory_11,reference,4.168067,560.364014,-12.197522
factory_11,reference,4.235294,591.311096,-10.314819
factory_11,reference,4.302521,623.967346,-8.765694
factory_11,reference,4.369748,658.427063,-7.617765
factory_11,reference,4.436975,694.789795,-6.631563
factory_11,reference,4.504202,733.160889,-5.716571
factory_11,reference,4.571429,773.651001,-4.683150
factory_11,reference,4.638656,816.377197,-3.536131
factory_11,reference,4.705883,861.463074,-2.458827
factory_11,reference,4.773109,909.038940,-1.698670
factory_11,reference,4.840336,959.242249,-1.253329
factory_11,reference,4.907563,1012.218079,-1.012640
factory_11,reference,4.974790,1068.119629,-0.908038
factory_11,reference,5.042017,1127.108398,-0.878903
factory_11,reference,5.109244,1189.355103,-0.910030
factory_11,reference,5.176471,1255.039307,-0.971594
factory_11,reference,5.243698,1324.351074,-1.057853
factory_11,reference,5.310925,1397.490845,-1.158514
factory_11,reference,5.378151,1474.669678,-1.267301
factory_11,reference,5.445378,1556.110962,-1.376417
factory_11,reference,5.512605,1642.050049,-1.494892
factory_11,reference,5.579832,1732.735107,-1.625153
factory_11,reference,5.647059,1828.428467,-1.755440
factory_11,reference,5.714286,1929.406738,-1.891431
factory_11,reference,5.781513,2035.961670,-2.029094
factory_11,reference,5.848740,2148.401367,-2.175701
factory_11,reference,5.915967,2267.050537,-2.339504
factory_11,reference,5.983193,2392.252441,-2.502316
factory_11,reference,6.050420,2524.368896,-2.675411
factory_11,reference,6.117647,2663.781738,-2.867947
factory_11,reference,6.184874,2810.893799,-3.065197
factory_11,reference,6.252101,2966.130371,-3.269587
factory_11,reference,6.319328,3129.940430,-3.496938
factory_11,reference,6.386555,3302.796875,-3.740094
factory_11,reference,6.453782,3485.199951,-3.988740
factory_11,reference,6.521008,3677.676025,-4.248389
factory_11,reference,6.588235,3880.782471,-4.513732
factory_11,reference,6.655462,4095.105469,-4.774320
factory_11,reference,6.722689,4321.265137,-5.020337
factory_11,reference,6.789916,4559.914551,-5.262496
factory_11,reference,6.857143,4811.744141,-5.484415
factory_11,reference,6.924370,5077.481445,-5.686831
factory_11,reference,6.991597,5357.894531,-5.862090
factory_11,reference,7.058824,5653.793457,-6.014259
factory_11,reference,7.126050,5966.034668,-6.134167
factory_11,reference,7.193277,6295.519531,-6.232532
factory_11,reference,7.260504,6643.200684,-6.304912
factory_11,reference,7.327731,7010.083008,-6.351793
factory_11,reference,7.394958,7397.227539,-6.375740
factory_11,reference,7.462185,7805.752441,-6.386349
factory_11,reference,7.529412,8236.839844,-6.378104
factory_11,reference,7.596639,8691.733398,-6.357618
factory_11,reference,7.663866,9171.750000,-6.327315
factory_11,reference,7.731092,9678.276367,-6.287160
factory_11,reference,7.798319,10212.776367,-6.242401
factory_11,reference,7.865546,10776.795898,-6.191002
factory_11,reference,7.932773,11371.962891,-6.136783
factory_11,reference,8.000000,12000.000000,-6.090409
factory_2,legacy,0.000000,20.000000,-8.197771
factory_2,legacy,0.067227,21.104536,-3.718966
factory_2,legacy,0.134454,22.270071,-3.384302
factory_2,legacy,0.201681,23.499975,-3.275330
factory_2,legacy,0.268908,24.797804,-2.900166
factory_2,legacy,0.336134,26.167307,-3.010533
factory_2,legacy,0.403361,27.612442,-2.662496
factory_2,legacy,0.470588,29.137390,-2.868972
factory_2,legacy,0.537815,30.746555,-2.823633
factory_2,legacy,0.605042,32.444588,-2.936411
factory_2,legacy,0.672269,34.236401,-3.164862
factory_2,legacy,0.739496,36.127167,-3.575258
factory_2,legacy,0.806723,38.122353,-3.904279
factory_2,legacy,0.873950,40.227730,-3.975676
factory_2,legacy,0.941177,42.449379,-3.571117
factory_2,legacy,1.008403,44.793720,-3.241896
factory_2,legacy,1.075630,47.267536,-3.088536
factory_2,legacy,1.142857,49.877968,-3.071429
factory_2,legacy,1.210084,52.632568,-3.175931
factory_2,legacy,1.277311,55.539299,-3.507456
factory_2,legacy,1.344538,58.606552,-3.945796
factory_2,legacy,1.411765,61.843204,-4.809502
factory_2,legacy,1.478992,65.258606,-5.875292
factory_2,legacy,1.546218,68.862625,-6.972191
factory_2,legacy,1.613445,72.665695,-6.933372
factory_2,legacy,1.680672,76.678787,-6.310830
factory_2,legacy,1.747899,80.913506,-5.446987
factory_2,legacy,1.815126,85.382095,-5.109414
factory_2,legacy,1.882353,90.097488,-5.156857
factory_2,legacy,1.949580,95.073273,-5.284410
factory_2,legacy,2.016807,100.323875,-5.899420
factory_2,legacy,2.084034,105.864441,-6.755668
factory_2,legacy,2.151261,111.710999,-7.915375
factory_2,legacy,2.218488,117.880432,-9.055285
factory_2,legacy,2.285714,124.390594,-9.469046
factory_2,legacy,2.352941,131.260284,-9.367343
factory_2,legacy,2.420168,138.509369,-9.284420
factory_2,legacy,2.487395,146.158783,-8.945053
factory_2,legacy,2.554622,154.230667,-8.438313
factory_2,legacy,2.621849,162.748337,-8.337510
factory_2,legacy,2.689076,171.736420,-8.520151
factory_2,legacy,2.756303,181.220856,-8.851793
factory_2,legacy,2.823529,191.229095,-9.136260
factory_2,legacy,2.890756,201.790070,-9.040234
factory_2,legacy,2.957983,212.934280,-7.934623
factory_2,legacy,3.025210,224.693970,-6.420036
factory_2,legacy,3.092437,237.103104,-5.655736
factory_2,legacy,3.159664,250.197540,-6.346471
factory_2,legacy,3.226891,264.015137,-7.614223
factory_2,legacy,3.294118,278.595856,-8.303572
factory_2,legacy,3.361345,293.981812,-8.513769
factory_2,legacy,3.428571,310.217468,-8.404553
factory_2,legacy,3.495798,327.349792,-8.047424
factory_2,legacy,3.563025,345.428284,-7.287845
factory_2,legacy,3.630252,364.505157,-5.931974
factory_2,legacy,3.697479,384.635620,-4.186680
factory_2,legacy,3.764706,405.877808,-2.699275
factory_2,legacy,3.831933,428.293121,-2.038659
factory_2,legacy,3.899160,451.946381,-2.270645
factory_2,legacy,3.966387,476.905945,-3.209332
factory_2,legacy,4.033614,503.244019,-4.335631
factory_2,legacy,4.100841,531.036560,-4.927360
factory_2,legacy,4.168067,560.364014,-4.887595
factory_2,legacy,4.235294,591.311096,-4.367459
factory_2,legacy,4.302521,623.967346,-3.499030
factory_2,legacy,4.369748,658.427063,-2.457135
factory_2,legacy,4.436975,694.789795,-1.666896
factory_2,legacy,4.504202,733.160889,-1.436841
factory_2,legacy,4.571429,773.651001,-1.604937
factory_2,legacy,4.638656,816.377197,-1.674629
factory_2,legacy,4.705883,861.463074,-1.508919
factory_2,legacy,4.773109,909.038940,-1.537442
factory_2,legacy,4.840336,959.242249,-1.677794
factory_2,legacy,4.907563,1012.218079,-1.704127
factory_2,legacy,4.974790,1068.119629,-1.608726
factory_2,legacy,5.042017,1127.108398,-1.520558
factory_2,legacy,5.109244,1189.355103,-1.644828
factory_2,legacy,5.176471,1255.039307,-2.241923
factory_2,legacy,5.243698,1324.351074,-3.499576
factory_2,legacy,5.310925,1397.490845,-4.946880
factory_2,legacy,5.378151,1474.669678,-5.386327
factory_2,legacy,5.445378,1556.110962,-4.462985
factory_2,legacy,5.512605,1642.050049,-3.436320
factory_2,legacy,5.579832,1732.735107,-2.868726
factory_2,legacy,5.647059,1828.428467,-2.771689
factory_2,legacy,5.714286,1929.406738,-3.086814
factory_2,legacy,5.781513,2035.961670,-3.766865
factory_2,legacy,5.848740,2148.401367,-4.872876
factory_2,legacy,5.915967,2267.050537,-6.404900
factory_2,legacy,5.983193,2392.252441,-8.000550
factory_2,legacy,6.050420,2524.368896,-8.986247
factory_2,legacy,6.117647,2663.781738,-9.133059
factory_2,legacy,6.184874,2810.893799,-8.829028
factory_2,legacy,6.252101,2966.130371,-8.244637
factory_2,legacy,6.319328,3129.940430,-7.715161
factory_2,legacy,6.386555,3302.796875,-7.526536
factory_2,legacy,6.453782,3485.199951,-7.647189
factory_2,legacy,6.521008,3677.676025,-7.887367
factory_2,legacy,6.588235,3880.782471,-8.050871
factory_2,legacy,6.655462,4095.105469,-7.785867
factory_2,legacy,6.722689,4321.265137,-6.833920
factory_2,legacy,6.789916,4559.914551,-5.671978
factory_2,legacy,6.857143,4811.744141,-4.907001
factory_2,legacy,6.924370,5077.481445,-4.747299
factory_2,legacy,6.991597,5357.894531,-4.991334
factory_2,legacy,7.058824,5653.793457,-5.210195
factory_2,legacy,7.126050,5966.034668,-5.157880
factory_2,legacy,7.193277,6295.519531,-4.816466
factory_2,legacy,7.260504,6643.200684,-4.311230
factory_2,legacy,7.327731,7010.083008,-3.785248
factory_2,legacy,7.394958,7397.227539,-3.354420
factory_2,legacy,7.462185,7805.752441,-3.123965
factory_2,legacy,7.529412,8236.839844,-3.095246
factory_2,legacy,7.596639,8691.733398,-3.185642
factory_2,legacy,7.663866,9171.750000,-3.318692
factory_2,legacy,7.731092,9678.276367,-3.443925
factory_2,legacy,7.798319,10212.776367,-3.561225
factory_2,legacy,7.865546,10776.795898,-3.679189
factory_2,legacy,7.932773,11371.962891,-3.805674
factory_2,legacy,8.000000,12000.000000,-3.918730
factory_2,reference,0.000000,20.000000,-7.220823
factory_2,reference,0.067227,21.104536,-5.189016
factory_2,reference,0.134454,22.270071,-5.715309
factory_2,reference,0.201681,23.499975,-7.595020
factory_2,reference,0.268908,24.797804,-7.515153
factory_2,reference,0.336134,26.167307,-6.226989
factory_2,reference,0.403361,27.612442,-5.841787
factory_2,reference,0.470588,29.137390,-6.522723
factory_2,reference,0.537815,30.746555,-7.771544
factory_2,reference,0.605042,32.444588,-5.590250
factory_2,reference,0.672269,34.236401,-2.306717
factory_2,reference,0.739496,36.127167,-1.542846
factory_2,reference,0.806723,38.122353,-1.617123
factory_2,reference,0.873950,40.227730,-1.624048
factory_2,reference,0.941177,42.449379,-1.732761
factory_2,reference,1.008403,44.793720,-2.712154
factory_2,reference,1.075630,47.267536,-7.027941
factory_2,reference,1.142857,49.877968,-9.070798
factory_2,reference,1.210084,52.632568,-8.588087
factory_2,reference,1.277311,55.539299,-4.835497
factory_2,reference,1.344538,58.606552,-1.744685
factory_2,reference,1.411765,61.843204,-2.071836
factory_2,reference,1.478992,65.258606,-4.051470
factory_2,reference,1.546218,68.862625,-5.879044
factory_2,reference,1.613445,72.665695,-5.807673
factory_2,reference,1.680672,76.678787,-4.355826
factory_2,reference,1.747899,80.913506,-2.336089
factory_2,reference,1.815126,85.382095,-1.910779
factory_2,reference,1.882353,90.097488,-3.539604
factory_2,reference,1.949580,95.073273,-3.326141
factory_2,reference,2.016807,100.323875,-1.957416
factory_2,reference,2.084034,105.864441,-2.117543
factory_2,reference,2.151261,111.710999,-5.828274
factory_2,reference,2.218488,117.880432,-10.283010
factory_2,reference,2.285714,124.390594,-11.877348
factory_2,reference,2.352941,131.260284,-11.673021
factory_2,reference,2.420168,138.509369,-11.048780
factory_2,reference,2.487395,146.158783,-6.917662
factory_2,reference,2.554622,154.230667,-2.825693
factory_2,reference,2.621849,162.748337,-1.256532
factory_2,reference,2.689076,171.736420,-1.242265
factory_2,reference,2.756303,181.220856,-1.723934
factory_2,reference,2.823529,191.229095,-4.483750
factory_2,reference,2.890756,201.790070,-10.547274
factory_2,reference,2.957983,212.934280,-9.307278
factory_2,reference,3.025210,224.693970,-6.389053
factory_2,reference,3.092437,237.103104,-5.451293
factory_2,reference,3.159664,250.197540,-6.624834
factory_2,reference,3.226891,264.015137,-9.952737
factory_2,reference,3.294118,278.595856,-7.806878
factory_2,reference,3.361345,293.981812,-3.433673
factory_2,reference,3.428571,310.217468,-2.385999
factory_2,reference,3.495798,327.349792,-3.977766
factory_2,reference,3.563025,345.428284,-8.722004
factory_2,reference,3.630252,364.505157,-9.201120
factory_2,reference,3.697479,384.635620,-4.835833
factory_2,reference,3.764706,405.877808,-2.526225
factory_2,reference,3.831933,428.293121,-1.813530
factory_2,reference,3.899160,451.946381,-2.191969
factory_2,reference,3.966387,476.905945,-4.270236
factory_2,reference,4.033614,503.244019,-8.944949
factory_2,reference,4.100841,531.036560,-9.003147
factory_2,reference,4.168067,560.364014,-7.214072
factory_2,reference,4.235294,591.311096,-8.471567
factory_2,reference,4.302521,623.967346,-9.940112
factory_2,reference,4.369748,658.427063,-5.674382
factory_2,reference,4.436975,694.789795,-2.060576
factory_2,reference,4.504202,733.160889,-0.927660
factory_2,reference,4.571429,773.651001,-0.715197
factory_2,reference,4.638656,816.377197,-0.760466
factory_2,reference,4.705883,861.463074,-1.295231
factory_2,reference,4.773109,909.038940,-3.363935
factory_2,reference,4.840336,959.242249,-8.438660
factory_2,reference,4.907563,1012.218079,-9.983458
factory_2,reference,4.974790,1068.119629,-9.855374
factory_2,reference,5.042017,1127.108398,-7.350255
factory_2,reference,5.109244,1189.355103,-2.949480
factory_2,reference,5.176471,1255.039307,-1.040662
factory_2,reference,5.243698,1324.351074,-0.835760
factory_2,reference,5.310925,1397.490845,-0.897388
factory_2,reference,5.378151,1474.669678,-0.951018
factory_2,reference,5.445378,1556.110962,-0.969307
factory_2,reference,5.512605,1642.050049,-1.284763
factory_2,reference,5.579832,1732.735107,-2.787464
factory_2,reference,5.647059,1828.428467,-6.187866
factory_2,reference,5.714286,1929.406738,-6.326379
factory_2,reference,5.781513,2035.961670,-3.615400
factory_2,reference,5.848740,2148.401367,-1.524470
factory_2,reference,5.915967,2267.050537,-1.265915
factory_2,reference,5.983193,2392.252441,-1.582529
factory_2,reference,6.050420,2524.368896,-1.815565
factory_2,reference,6.117647,2663.781738,-1.975997
factory_2,reference,6.184874,2810.893799,-2.035686
factory_2,reference,6.252101,2966.130371,-1.886382
factory_2,reference,6.319328,3129.940430,-1.662933
factory_2,reference,6.386555,3302.796875,-1.759277
factory_2,reference,6.453782,3485.199951,-2.001007
factory_2,reference,6.521008,3677.676025,-1.723633
factory_2,reference,6.588235,3880.782471,-1.973570
factory_2,reference,6.655462,4095.105469,-2.852825
factory_2,reference,6.722689,4321.265137,-3.463273
factory_2,reference,6.789916,4559.914551,-3.799296
factory_2,reference,6.857143,4811.744141,-4.032112
factory_2,reference,6.924370,5077.481445,-4.205346
factory_2,reference,6.991597,5357.894531,-4.241510
factory_2,reference,7.058824,5653.793457,-3.959359
factory_2,reference,7.126050,5966.034668,-3.360744
factory_2,reference,7.193277,6295.519531,-3.067619
factory_2,reference,7.260504,6643.200684,-3.496440
factory_2,reference,7.327731,7010.083008,-4.238743
factory_2,reference,7.394958,7397.227539,-4.795744
factory_2,reference,7.462185,7805.752441,-5.028512
factory_2,reference,7.529412,8236.839844,-5.107551
factory_2,reference,7.596639,8691.733398,-5.128640
factory_2,reference,7.663866,9171.750000,-5.117033
factory_2,reference,7.731092,9678.276367,-5.070179
factory_2,reference,7.798319,10212.776367,-4.978534
factory_2,reference,7.865546,10776.795898,-4.825356
factory_2,reference,7.932773,11371.962891,-4.698540
factory_2,reference,8.000000,12000.000000,-4.695993
factory_3,legacy,0.000000,20.000000,-7.733646
factory_3,legacy,0.067227,21.104536,-2.337290
factory_3,legacy,0.134454,22.270071,-2.227395
factory_3,legacy,0.201681,23.499975,-2.170754
factory_3,legacy,0.268908,24.797804,-2.008903
factory_3,legacy,0.336134,26.167307,-2.033404
factory_3,legacy,0.403361,27.612442,-1.772779
factory_3,legacy,0.470588,29.137390,-1.838870
factory_3,legacy,0.537815,30.746555,-1.774448
factory_3,legacy,0.605042,32.444588,-1.767264
factory_3,legacy,0.672269,34.236401,-1.735125
factory_3,legacy,0.739496,36.127167,-1.733192
factory_3,legacy,0.806723,38.122353,-1.777723
factory_3,legacy,0.873950,40.227730,-1.867623
factory_3,legacy,0.941177,42.449379,-1.992243
factory_3,legacy,1.008403,44.793720,-2.152336
factory_3,legacy,1.075630,47.267536,-2.474402
factory_3,legacy,1.142857,49.877968,-2.599998
factory_3,legacy,1.210084,52.632568,-3.103371
factory_3,legacy,1.277311,55.539299,-3.758408
factory_3,legacy,1.344538,58.606552,-4.404897
factory_3,legacy,1.411765,61.843204,-5.236024
factory_3,legacy,1.478992,65.258606,-5.976830
factory_3,legacy,1.546218,68.862625,-6.800509
factory_3,legacy,1.613445,72.665695,-7.121558
factory_3,legacy,1.680672,76.678787,-7.550279
factory_3,legacy,1.747899,80.913506,-7.469523
factory_3,legacy,1.815126,85.382095,-7.473945
factory_3,legacy,1.882353,90.097488,-7.392452
factory_3,legacy,1.949580,95.073273,-7.044683
factory_3,legacy,2.016807,100.323875,-6.980601
factory_3,legacy,2.084034,105.864441,-6.867533
factory_3,legacy,2.151261,111.710999,-6.863633
factory_3,legacy,2.218488,117.880432,-6.883995
factory_3,legacy,2.285714,124.390594,-7.045487
factory_3,legacy,2.352941,131.260284,-7.471419
factory_3,legacy,2.420168,138.509369,-7.847392
factory_3,legacy,2.487395,146.158783,-8.357064
factory_3,legacy,2.554622,154.230667,-8.807019
factory_3,legacy,2.621849,162.748337,-9.341628
factory_3,legacy,2.689076,171.736420,-9.708509
factory_3,legacy,2.756303,181.220856,-9.705431
factory_3,legacy,2.823529,191.229095,-9.227153
factory_3,legacy,2.890756,201.790070,-8.393041
factory_3,legacy,2.957983,212.934280,-7.298927
factory_3,legacy,3.025210,224.693970,-6.309081
factory_3,legacy,3.092437,237.103104,-5.488004
factory_3,legacy,3.159664,250.197540,-4.883629
factory_3,legacy,3.226891,264.015137,-4.590547
factory_3,legacy,3.294118,278.595856,-4.522672
factory_3,legacy,3.361345,293.981812,-4.628240
factory_3,legacy,3.428571,310.217468,-4.817381
factory_3,legacy,3.495798,327.349792,-5.078992
factory_3,legacy,3.563025,345.428284,-5.281439
factory_3,legacy,3.630252,364.505157,-5.447541
factory_3,legacy,3.697479,384.635620,-5.548965
factory_3,legacy,3.764706,405.877808,-5.462726
factory_3,legacy,3.831933,428.293121,-5.274543
factory_3,legacy,3.899160,451.946381,-4.982552
factory_3,legacy,3.966387,476.905945,-4.566618
factory_3,legacy,4.033614,503.244019,-4.137957
factory_3,legacy,4.100841,531.036560,-3.615309
factory_3,legacy,4.168067,560.364014,-3.046266
factory_3,legacy,4.235294,591.311096,-2.443385
factory_3,legacy,4.302521,623.967346,-1.884479
factory_3,legacy,4.369748,658.427063,-1.407201
factory_3,legacy,4.436975,694.789795,-1.023437
factory_3,legacy,4.504202,733.160889,-0.953881
factory_3,legacy,4.571429,773.651001,-0.959579
factory_3,legacy,4.638656,816.377197,-0.968388
factory_3,legacy,4.705883,861.463074,-0.981850
factory_3,legacy,4.773109,909.038940,-1.008564
factory_3,legacy,4.840336,959.242249,-1.059451
factory_3,legacy,4.907563,1012.218079,-1.102447
factory_3,legacy,4.974790,1068.119629,-1.132324
factory_3,legacy,5.042017,1127.108398,-1.130517
factory_3,legacy,5.109244,1189.355103,-1.080593
factory_3,legacy,5.176471,1255.039307,-0.951335
factory_3,legacy,5.243698,1324.351074,-0.939724
factory_3,legacy,5.310925,1397.490845,-0.940786
factory_3,legacy,5.378151,1474.669678,-0.948682
factory_3,legacy,5.445378,1556.110962,-1.028680
factory_3,legacy,5.512605,1642.050049,-1.181348
factory_3,legacy,5.579832,1732.735107,-1.408556
factory_3,legacy,5.647059,1828.428467,-1.735002
factory_3,legacy,5.714286,1929.406738,-2.209765
factory_3,legacy,5.781513,2035.961670,-2.879018
factory_3,legacy,5.848740,2148.401367,-3.777633
factory_3,legacy,5.915967,2267.050537,-4.925939
factory_3,legacy,5.983193,2392.252441,-6.244321
factory_3,legacy,6.050420,2524.368896,-7.602271
factory_3,legacy,6.117647,2663.781738,-8.740958
factory_3,legacy,6.184874,2810.893799,-9.384527
factory_3,legacy,6.252101,2966.130371,-9.496410
factory_3,legacy,6.319328,3129.940430,-9.271970
factory_3,legacy,6.386555,3302.796875,-8.968402
factory_3,legacy,6.453782,3485.199951,-8.682131
factory_3,legacy,6.521008,3677.676025,-8.429280
factory_3,legacy,6.588235,3880.782471,-8.182628
factory_3,legacy,6.655462,4095.105469,-7.930018
factory_3,legacy,6.722689,4321.265137,-7.638767
factory_3,legacy,6.789916,4559.914551,-7.284358
factory_3,legacy,6.857143,4811.744141,-6.851116
factory_3,legacy,6.924370,5077.481445,-6.332032
factory_3,legacy,6.991597,5357.894531,-5.735036
factory_3,legacy,7.058824,5653.793457,-5.086794
factory_3,legacy,7.126050,5966.034668,-4.457321
factory_3,legacy,7.193277,6295.519531,-3.866289
factory_3,legacy,7.260504,6643.200684,-3.347236
factory_3,legacy,7.327731,7010.083008,-2.931073
factory_3,legacy,7.394958,7397.227539,-2.636301
factory_3,legacy,7.462185,7805.752441,-2.457875
factory_3,legacy,7.529412,8236.839844,-2.388282
factory_3,legacy,7.596639,8691.733398,-2.407081
factory_3,legacy,7.663866,9171.750000,-2.491929
factory_3,legacy,7.731092,9678.276367,-2.618666
factory_3,legacy,7.798319,10212.776367,-2.768127
factory_3,legacy,7.865546,10776.795898,-2.923727
factory_3,legacy,7.932773,11371.962891,-3.076308
factory_3,legacy,8.000000,12000.000000,-3.197401
factory_3,reference,0.000000,20.000000,-6.816126
factory_3,reference,0.067227,21.104536,-4.658474
factory_3,reference,0.134454,22.270071,-4.346947
factory_3,reference,0.201681,23.499975,-4.186498
factory_3,reference,0.268908,24.797804,-3.203341
factory_3,reference,0.336134,26.167307,-4.371536
factory_3,reference,0.403361,27.612442,-3.652078
factory_3,reference,0.470588,29.137390,-4.834020
factory_3,reference,0.537815,30.746555,-5.217626
factory_3,reference,0.605042,32.444588,-6.350286
factory_3,reference,0.672269,34.236401,-7.027797
factory_3,reference,0.739496,36.127167,-7.846766
factory_3,reference,0.806723,38.122353,-7.740207
factory_3,reference,0.873950,40.227730,-6.390666
factory_3,reference,0.941177,42.449379,-5.351331
factory_3,reference,1.008403,44.793720,-3.279512
factory_3,reference,1.075630,47.267536,-1.630589
factory_3,reference,1.142857,49.877968,-1.272125
factory_3,reference,1.210084,52.632568,-1.003351
factory_3,reference,1.277311,55.539299,-1.095441
factory_3,reference,1.344538,58.606552,-1.669824
factory_3,reference,1.411765,61.843204,-2.683430
factory_3,reference,1.478992,65.258606,-3.534959
factory_3,reference,1.546218,68.862625,-4.421140
factory_3,reference,1.613445,72.665695,-4.874041
factory_3,reference,1.680672,76.678787,-5.551173
factory_3,reference,1.747899,80.913506,-5.406028
factory_3,reference,1.815126,85.382095,-5.362535
factory_3,reference,1.882353,90.097488,-5.161639
factory_3,reference,1.949580,95.073273,-3.993585
factory_3,reference,2.016807,100.323875,-2.983583
factory_3,reference,2.084034,105.864441,-2.090879
factory_3,reference,2.151261,111.710999,-1.385017
factory_3,reference,2.218488,117.880432,-0.962742
factory_3,reference,2.285714,124.390594,-0.943331
factory_3,reference,2.352941,131.260284,-0.950355
factory_3,reference,2.420168,138.509369,-0.962457
factory_3,reference,2.487395,146.158783,-1.115702
factory_3,reference,2.554622,154.230667,-1.729755
factory_3,reference,2.621849,162.748337,-3.272660
factory_3,reference,2.689076,171.736420,-5.778801
factory_3,reference,2.756303,181.220856,-8.985960
factory_3,reference,2.823529,191.229095,-11.043255
factory_3,reference,2.890756,201.790070,-9.774217
factory_3,reference,2.957983,212.934280,-7.449139
factory_3,reference,3.025210,224.693970,-5.797562
factory_3,reference,3.092437,237.103104,-4.748477
factory_3,reference,3.159664,250.197540,-4.109827
factory_3,reference,3.226891,264.015137,-3.843007
factory_3,reference,3.294118,278.595856,-3.848000
factory_3,reference,3.361345,293.981812,-4.131070
factory_3,reference,3.428571,310.217468,-4.768971
factory_3,reference,3.495798,327.349792,-5.886519
factory_3,reference,3.563025,345.428284,-7.522795
factory_3,reference,3.630252,364.505157,-9.498728
factory_3,reference,3.697479,384.635620,-10.851252
factory_3,reference,3.764706,405.877808,-10.387819
factory_3,reference,3.831933,428.293121,-9.303686
factory_3,reference,3.899160,451.946381,-8.938180
factory_3,reference,3.966387,476.905945,-9.448980
factory_3,reference,4.033614,503.244019,-10.372377
factory_3,reference,4.100841,531.036560,-10.645427
factory_3,reference,4.168067,560.364014,-8.600121
factory_3,reference,4.235294,591.311096,-5.685093
factory_3,reference,4.302521,623.967346,-3.459492
factory_3,reference,4.369748,658.427063,-2.058959
factory_3,reference,4.436975,694.789795,-1.237659
factory_3,reference,4.504202,733.160889,-0.826210
factory_3,reference,4.571429,773.651001,-0.609963
factory_3,reference,4.638656,816.377197,-0.492671
factory_3,reference,4.705883,861.463074,-0.438312
factory_3,reference,4.773109,909.038940,-0.435042
factory_3,reference,4.840336,959.242249,-0.450587
factory_3,reference,4.907563,1012.218079,-0.474531
factory_3,reference,4.974790,1068.119629,-0.511992
factory_3,reference,5.042017,1127.108398,-0.558322
factory_3,reference,5.109244,1189.355103,-0.681393
factory_3,reference,5.176471,1255.039307,-0.983228
factory_3,reference,5.243698,1324.351074,-1.494083
factory_3,reference,5.310925,1397.490845,-2.307845
factory_3,reference,5.378151,1474.669678,-2.959733
factory_3,reference,5.445378,1556.110962,-3.186363
factory_3,reference,5.512605,1642.050049,-2.883877
factory_3,reference,5.579832,1732.735107,-2.298169
factory_3,reference,5.647059,1828.428467,-1.575471
factory_3,reference,5.714286,1929.406738,-0.975869
factory_3,reference,5.781513,2035.961670,-0.732939
factory_3,reference,5.848740,2148.401367,-0.658778
factory_3,reference,5.915967,2267.050537,-0.638232
factory_3,reference,5.983193,2392.252441,-0.677796
factory_3,reference,6.050420,2524.368896,-0.804801
factory_3,reference,6.117647,2663.781738,-0.952648
factory_3,reference,6.184874,2810.893799,-1.087398
factory_3,reference,6.252101,2966.130371,-1.189821
factory_3,reference,6.319328,3129.940430,-1.280944
factory_3,reference,6.386555,3302.796875,-1.392056
factory_3,reference,6.453782,3485.199951,-1.510114
factory_3,reference,6.521008,3677.676025,-1.622167
factory_3,reference,6.588235,3880.782471,-1.724351
factory_3,reference,6.655462,4095.105469,-1.803532
factory_3,reference,6.722689,4321.265137,-1.848560
factory_3,reference,6.789916,4559.914551,-1.867896
factory_3,reference,6.857143,4811.744141,-1.869234
factory_3,reference,6.924370,5077.481445,-1.895266
factory_3,reference,6.991597,5357.894531,-1.989107
factory_3,reference,7.058824,5653.793457,-2.184308
factory_3,reference,7.126050,5966.034668,-2.452179
factory_3,reference,7.193277,6295.519531,-2.796876
factory_3,reference,7.260504,6643.200684,-3.179913
factory_3,reference,7.327731,7010.083008,-3.539409
factory_3,reference,7.394958,7397.227539,-3.833164
factory_3,reference,7.462185,7805.752441,-4.054787
factory_3,reference,7.529412,8236.839844,-4.210075
factory_3,reference,7.596639,8691.733398,-4.314765
factory_3,reference,7.663866,9171.750000,-4.379301
factory_3,reference,7.731092,9678.276367,-4.409381
factory_3,reference,7.798319,10212.776367,-4.415247
factory_3,reference,7.865546,10776.795898,-4.396845
factory_3,reference,7.932773,11371.962891,-4.362884
factory_3,reference,8.000000,12000.000000,-4.325248
factory_4,legacy,0.000000,20.000000,-7.659070
factory_4,legacy,0.067227,21.104536,-3.524374
factory_4,legacy,0.134454,22.270071,-3.477258
factory_4,legacy,0.201681,23.499975,-3.466735
factory_4,legacy,0.268908,24.797804,-3.122602
factory_4,legacy,0.336134,26.167307,-3.192960
factory_4,legacy,0.403361,27.612442,-2.939456
factory_4,legacy,0.470588,29.137390,-3.134037
factory_4,legacy,0.537815,30.746555,-3.080031
factory_4,legacy,0.605042,32.444588,-3.099218
factory_4,legacy,0.672269,34.236401,-3.103051
factory_4,legacy,0.739496,36.127167,-3.284790
factory_4,legacy,0.806723,38.122353,-3.477363
factory_4,legacy,0.873950,40.227730,-3.750100
factory_4,legacy,0.941177,42.449379,-3.983364
factory_4,legacy,1.008403,44.793720,-4.140320
factory_4,legacy,1.075630,47.267536,-4.164223
factory_4,legacy,1.142857,49.877968,-3.954973
factory_4,legacy,1.210084,52.632568,-3.894414
factory_4,legacy,1.277311,55.539299,-3.881299
factory_4,legacy,1.344538,58.606552,-3.896300
factory_4,legacy,1.411765,61.843204,-4.041195
factory_4,legacy,1.478992,65.258606,-4.222856
factory_4,legacy,1.546218,68.862625,-4.590747
factory_4,legacy,1.613445,72.665695,-4.886161
factory_4,legacy,1.680672,76.678787,-5.502914
factory_4,legacy,1.747899,80.913506,-6.000309
factory_4,legacy,1.815126,85.382095,-6.559577
factory_4,legacy,1.882353,90.097488,-6.930995
factory_4,legacy,1.949580,95.073273,-6.992774
factory_4,legacy,2.016807,100.323875,-6.957168
factory_4,legacy,2.084034,105.864441,-6.836921
factory_4,legacy,2.151261,111.710999,-6.724058
factory_4,legacy,2.218488,117.880432,-6.657101
factory_4,legacy,2.285714,124.390594,-6.701783
factory_4,legacy,2.352941,131.260284,-6.947549
factory_4,legacy,2.420168,138.509369,-7.189915
factory_4,legacy,2.487395,146.158783,-7.490871
factory_4,legacy,2.554622,154.230667,-7.718653
factory_4,legacy,2.621849,162.748337,-7.816983
factory_4,legacy,2.689076,171.736420,-7.700460
factory_4,legacy,2.756303,181.220856,-7.421532
factory_4,legacy,2.823529,191.229095,-7.162915
factory_4,legacy,2.890756,201.790070,-7.118829
factory_4,legacy,2.957983,212.934280,-7.195291
factory_4,legacy,3.025210,224.693970,-7.350916
factory_4,legacy,3.092437,237.103104,-7.453660
factory_4,legacy,3.159664,250.197540,-7.483652
factory_4,legacy,3.226891,264.015137,-7.420004
factory_4,legacy,3.294118,278.595856,-7.233133
factory_4,legacy,3.361345,293.981812,-6.935939
factory_4,legacy,3.428571,310.217468,-6.454852
factory_4,legacy,3.495798,327.349792,-5.854079
factory_4,legacy,3.563025,345.428284,-5.130293
factory_4,legacy,3.630252,364.505157,-4.464710
factory_4,legacy,3.697479,384.635620,-3.979121
factory_4,legacy,3.764706,405.877808,-3.664783
factory_4,legacy,3.831933,428.293121,-3.667107
factory_4,legacy,3.899160,451.946381,-3.836585
factory_4,legacy,3.966387,476.905945,-4.025745
factory_4,legacy,4.033614,503.244019,-4.180227
factory_4,legacy,4.100841,531.036560,-4.184191
factory_4,legacy,4.168067,560.364014,-4.023835
factory_4,legacy,4.235294,591.311096,-3.716147
factory_4,legacy,4.302521,623.967346,-3.337983
factory_4,legacy,4.369748,658.427063,-2.914372
factory_4,legacy,4.436975,694.789795,-2.477896
factory_4,legacy,4.504202,733.160889,-2.155293
factory_4,legacy,4.571429,773.651001,-1.976727
factory_4,legacy,4.638656,816.377197,-1.932411
factory_4,legacy,4.705883,861.463074,-1.949645
factory_4,legacy,4.773109,909.038940,-1.946896
factory_4,legacy,4.840336,959.242249,-1.932720
factory_4,legacy,4.907563,1012.218079,-1.923121
factory_4,legacy,4.974790,1068.119629,-1.921069
factory_4,legacy,5.042017,1127.108398,-1.914850
factory_4,legacy,5.109244,1189.355103,-1.916338
factory_4,legacy,5.176471,1255.039307,-1.953637
factory_4,legacy,5.243698,1324.351074,-2.065952
factory_4,legacy,5.310925,1397.490845,-2.299022
factory_4,legacy,5.378151,1474.669678,-2.704453
factory_4,legacy,5.445378,1556.110962,-3.274570
factory_4,legacy,5.512605,1642.050049,-3.930204
factory_4,legacy,5.579832,1732.735107,-4.512104
factory_4,legacy,5.647059,1828.428467,-4.802914
factory_4,legacy,5.714286,1929.406738,-4.769785
factory_4,legacy,5.781513,2035.961670,-4.626050
factory_4,legacy,5.848740,2148.401367,-4.517920
factory_4,legacy,5.915967,2267.050537,-4.540186
factory_4,legacy,5.983193,2392.252441,-4.730522
factory_4,legacy,6.050420,2524.368896,-5.131367
factory_4,legacy,6.117647,2663.781738,-5.693147
factory_4,legacy,6.184874,2810.893799,-6.396317
factory_4,legacy,6.252101,2966.130371,-7.163395
factory_4,legacy,6.319328,3129.940430,-7.768248
factory_4,legacy,6.386555,3302.796875,-7.956702
factory_4,legacy,6.453782,3485.199951,-7.741778
factory_4,legacy,6.521008,3677.676025,-7.367940
factory_4,legacy,6.588235,3880.782471,-7.073271
factory_4,legacy,6.655462,4095.105469,-6.899903
factory_4,legacy,6.722689,4321.265137,-6.762271
factory_4,legacy,6.789916,4559.914551,-6.593849
factory_4,legacy,6.857143,4811.744141,-6.348256
factory_4,legacy,6.924370,5077.481445,-5.993770
factory_4,legacy,6.991597,5357.894531,-5.535001
factory_4,legacy,7.058824,5653.793457,-5.031493
factory_4,legacy,7.126050,5966.034668,-4.524860
factory_4,legacy,7.193277,6295.519531,-4.064742
factory_4,legacy,7.260504,6643.200684,-3.705939
factory_4,legacy,7.327731,7010.083008,-3.472059
factory_4,legacy,7.394958,7397.227539,-3.352180
factory_4,legacy,7.462185,7805.752441,-3.309221
factory_4,legacy,7.529412,8236.839844,-3.327633
factory_4,legacy,7.596639,8691.733398,-3.376054
factory_4,legacy,7.663866,9171.750000,-3.441516
factory_4,legacy,7.731092,9678.276367,-3.519272
factory_4,legacy,7.798319,10212.776367,-3.607852
factory_4,legacy,7.865546,10776.795898,-3.707396
factory_4,legacy,7.932773,11371.962891,-3.817979
factory_4,legacy,8.000000,12000.000000,-3.916629
factory_4,reference,0.000000,20.000000,-7.093761
factory_4,reference,0.067227,21.104536,-5.914406
factory_4,reference,0.134454,22.270071,-6.098578
factory_4,reference,0.201681,23.499975,-6.390493
factory_4,reference,0.268908,24.797804,-6.080624
factory_4,reference,0.336134,26.167307,-6.696972
factory_4,reference,0.403361,27.612442,-6.413178
factory_4,reference,0.470588,29.137390,-6.895438
factory_4,reference,0.537815,30.746555,-6.435562
factory_4,reference,0.605042,32.444588,-5.543885
factory_4,reference,0.672269,34.236401,-4.186811
factory_4,reference,0.739496,36.127167,-3.485756
factory_4,reference,0.806723,38.122353,-2.742634
factory_4,reference,0.873950,40.227730,-2.202527
factory_4,reference,0.941177,42.449379,-2.341574
factory_4,reference,1.008403,44.793720,-2.401571
factory_4,reference,1.075630,47.267536,-2.346062
factory_4,reference,1.142857,49.877968,-2.408528
factory_4,reference,1.210084,52.632568,-2.308477
factory_4,reference,1.277311,55.539299,-2.282645
factory_4,reference,1.344538,58.606552,-2.247282
factory_4,reference,1.411765,61.843204,-2.303584
factory_4,reference,1.478992,65.258606,-2.258709
factory_4,reference,1.546218,68.862625,-2.142306
factory_4,reference,1.613445,72.665695,-2.418465
factory_4,reference,1.680672,76.678787,-3.166568
factory_4,reference,1.747899,80.913506,-4.134755
factory_4,reference,1.815126,85.382095,-5.233141
factory_4,reference,1.882353,90.097488,-5.989573
factory_4,reference,1.949580,95.073273,-6.018526
factory_4,reference,2.016807,100.323875,-5.717430
factory_4,reference,2.084034,105.864441,-5.000398
factory_4,reference,2.151261,111.710999,-4.141129
factory_4,reference,2.218488,117.880432,-3.363625
factory_4,reference,2.285714,124.390594,-2.950360
factory_4,reference,2.352941,131.260284,-3.123989
factory_4,reference,2.420168,138.509369,-3.657478
factory_4,reference,2.487395,146.158783,-4.836517
factory_4,reference,2.554622,154.230667,-6.451695
factory_4,reference,2.621849,162.748337,-8.027087
factory_4,reference,2.689076,171.736420,-8.452547
factory_4,reference,2.756303,181.220856,-7.982578
factory_4,reference,2.823529,191.229095,-7.495139
factory_4,reference,2.890756,201.790070,-7.486703
factory_4,reference,2.957983,212.934280,-7.829160
factory_4,reference,3.025210,224.693970,-8.232956
factory_4,reference,3.092437,237.103104,-8.122944
factory_4,reference,3.159664,250.197540,-7.531133
factory_4,reference,3.226891,264.015137,-7.073534
factory_4,reference,3.294118,278.595856,-7.327531
factory_4,reference,3.361345,293.981812,-7.942245
factory_4,reference,3.428571,310.217468,-8.211676
factory_4,reference,3.495798,327.349792,-7.223970
factory_4,reference,3.563025,345.428284,-5.608293
factory_4,reference,3.630252,364.505157,-4.421566
factory_4,reference,3.697479,384.635620,-3.824579
factory_4,reference,3.764706,405.877808,-3.573011
factory_4,reference,3.831933,428.293121,-3.732741
factory_4,reference,3.899160,451.946381,-4.243741
factory_4,reference,3.966387,476.905945,-5.143116
factory_4,reference,4.033614,503.244019,-6.381255
factory_4,reference,4.100841,531.036560,-7.351623
factory_4,reference,4.168067,560.364014,-7.573311
factory_4,reference,4.235294,591.311096,-7.053957
factory_4,reference,4.302521,623.967346,-5.999949
factory_4,reference,4.369748,658.427063,-4.541142
factory_4,reference,4.436975,694.789795,-3.227923
factory_4,reference,4.504202,733.160889,-2.461044
factory_4,reference,4.571429,773.651001,-2.095856
factory_4,reference,4.638656,816.377197,-1.945938
factory_4,reference,4.705883,861.463074,-1.914649
factory_4,reference,4.773109,909.038940,-1.989724
factory_4,reference,4.840336,959.242249,-2.158052
factory_4,reference,4.907563,1012.218079,-2.457096
factory_4,reference,4.974790,1068.119629,-2.933464
factory_4,reference,5.042017,1127.108398,-3.390958
factory_4,reference,5.109244,1189.355103,-3.411389
factory_4,reference,5.176471,1255.039307,-3.051445
factory_4,reference,5.243698,1324.351074,-2.461429
factory_4,reference,5.310925,1397.490845,-1.952986
factory_4,reference,5.378151,1474.669678,-1.702613
factory_4,reference,5.445378,1556.110962,-1.631285
factory_4,reference,5.512605,1642.050049,-1.631701
factory_4,reference,5.579832,1732.735107,-1.654781
factory_4,reference,5.647059,1828.428467,-1.682268
factory_4,reference,5.714286,1929.406738,-1.706339
factory_4,reference,5.781513,2035.961670,-1.721645
factory_4,reference,5.848740,2148.401367,-1.721729
factory_4,reference,5.915967,2267.050537,-1.736879
factory_4,reference,5.983193,2392.252441,-1.777490
factory_4,reference,6.050420,2524.368896,-1.797905
factory_4,reference,6.117647,2663.781738,-1.815580
factory_4,reference,6.184874,2810.893799,-1.882911
factory_4,reference,6.252101,2966.130371,-2.028780
factory_4,reference,6.319328,3129.940430,-2.211596
factory_4,reference,6.386555,3302.796875,-2.385277
factory_4,reference,6.453782,3485.199951,-2.538081
factory_4,reference,6.521008,3677.676025,-2.678289
factory_4,reference,6.588235,3880.782471,-2.798200
factory_4,reference,6.655462,4095.105469,-2.893672
factory_4,reference,6.722689,4321.265137,-2.963277
factory_4,reference,6.789916,4559.914551,-3.012708
factory_4,reference,6.857143,4811.744141,-3.052386
factory_4,reference,6.924370,5077.481445,-3.136170
factory_4,reference,6.991597,5357.894531,-3.310642
factory_4,reference,7.058824,5653.793457,-3.551388
factory_4,reference,7.126050,5966.034668,-3.831345
factory_4,reference,7.193277,6295.519531,-4.099324
factory_4,reference,7.260504,6643.200684,-4.317009
factory_4,reference,7.327731,7010.083008,-4.482056
factory_4,reference,7.394958,7397.227539,-4.605833
factory_4,reference,7.462185,7805.752441,-4.697999
factory_4,reference,7.529412,8236.839844,-4.757029
factory_4,reference,7.596639,8691.733398,-4.790884
factory_4,reference,7.663866,9171.750000,-4.803801
factory_4,reference,7.731092,9678.276367,-4.798678
factory_4,reference,7.798319,10212.776367,-4.785798
factory_4,reference,7.865546,10776.795898,-4.773811
factory_4,reference,7.932773,11371.962891,-4.767228
factory_4,reference,8.000000,12000.000000,-4.757741
factory_5,legacy,0.000000,20.000000,-16.910088
factory_5,legacy,0.067227,21.104536,-10.978552
factory_5,legacy,0.134454,22.270071,-11.117718
factory_5,legacy,0.201681,23.499975,-10.894091
factory_5,legacy,0.268908,24.797804,-10.875754
factory_5,legacy,0.336134,26.167307,-10.870646
factory_5,legacy,0.403361,27.612442,-10.429045
factory_5,legacy,0.470588,29.137390,-10.173237
factory_5,legacy,0.537815,30.746555,-9.963930
factory_5,legacy,0.605042,32.444588,-9.858950
factory_5,legacy,0.672269,34.236401,-9.619928
factory_5,legacy,0.739496,36.127167,-8.729415
factory_5,legacy,0.806723,38.122353,-8.293750
factory_5,legacy,0.873950,40.227730,-8.194300
factory_5,legacy,0.941177,42.449379,-8.124370
factory_5,legacy,1.008403,44.793720,-7.485116
factory_5,legacy,1.075630,47.267536,-7.632617
factory_5,legacy,1.142857,49.877968,-7.810058
factory_5,legacy,1.210084,52.632568,-7.954053
factory_5,legacy,1.277311,55.539299,-8.190857
factory_5,legacy,1.344538,58.606552,-7.514282
factory_5,legacy,1.411765,61.843204,-7.723121
factory_5,legacy,1.478992,65.258606,-7.714031
factory_5,legacy,1.546218,68.862625,-7.495952
factory_5,legacy,1.613445,72.665695,-7.425904
factory_5,legacy,1.680672,76.678787,-7.130374
factory_5,legacy,1.747899,80.913506,-6.723766
factory_5,legacy,1.815126,85.382095,-6.486876
factory_5,legacy,1.882353,90.097488,-6.268697
factory_5,legacy,1.949580,95.073273,-6.184488
factory_5,legacy,2.016807,100.323875,-6.143387
factory_5,legacy,2.084034,105.864441,-6.166596
factory_5,legacy,2.151261,111.710999,-6.333253
factory_5,legacy,2.218488,117.880432,-6.380757
factory_5,legacy,2.285714,124.390594,-6.577677
factory_5,legacy,2.352941,131.260284,-6.399085
factory_5,legacy,2.420168,138.509369,-6.370078
factory_5,legacy,2.487395,146.158783,-6.181181
factory_5,legacy,2.554622,154.230667,-6.181266
factory_5,legacy,2.621849,162.748337,-6.002581
factory_5,legacy,2.689076,171.736420,-5.811144
factory_5,legacy,2.756303,181.220856,-5.629577
factory_5,legacy,2.823529,191.229095,-5.374961
factory_5,legacy,2.890756,201.790070,-5.219567
factory_5,legacy,2.957983,212.934280,-5.246553
factory_5,legacy,3.025210,224.693970,-5.325411
factory_5,legacy,3.092437,237.103104,-5.472745
factory_5,legacy,3.159664,250.197540,-5.612250
factory_5,legacy,3.226891,264.015137,-5.685618
factory_5,legacy,3.294118,278.595856,-5.685727
factory_5,legacy,3.361345,293.981812,-5.601162
factory_5,legacy,3.428571,310.217468,-5.553981
factory_5,legacy,3.495798,327.349792,-5.403281
factory_5,legacy,3.563025,345.428284,-5.296641
factory_5,legacy,3.630252,364.505157,-5.147274
factory_5,legacy,3.697479,384.635620,-4.973125
factory_5,legacy,3.764706,405.877808,-4.805805
factory_5,legacy,3.831933,428.293121,-4.715760
factory_5,legacy,3.899160,451.946381,-4.711057
factory_5,legacy,3.966387,476.905945,-4.747880
factory_5,legacy,4.033614,503.244019,-4.841385
factory_5,legacy,4.100841,531.036560,-4.890070
factory_5,legacy,4.168067,560.364014,-4.962240
factory_5,legacy,4.235294,591.311096,-4.978810
factory_5,legacy,4.302521,623.967346,-4.977571
factory_5,legacy,4.369748,658.427063,-4.972637
factory_5,legacy,4.436975,694.789795,-4.890123
factory_5,legacy,4.504202,733.160889,-4.885511
factory_5,legacy,4.571429,773.651001,-4.842549
factory_5,legacy,4.638656,816.377197,-4.719008
factory_5,legacy,4.705883,861.463074,-4.562031
factory_5,legacy,4.773109,909.038940,-4.455361
factory_5,legacy,4.840336,959.242249,-4.475769
factory_5,legacy,4.907563,1012.218079,-4.598580
factory_5,legacy,4.974790,1068.119629,-4.731448
factory_5,legacy,5.042017,1127.108398,-4.837815
factory_5,legacy,5.109244,1189.355103,-4.926652
factory_5,legacy,5.176471,1255.039307,-4.974263
factory_5,legacy,5.243698,1324.351074,-5.017448
factory_5,legacy,5.310925,1397.490845,-5.052983
factory_5,legacy,5.378151,1474.669678,-5.095302
factory_5,legacy,5.445378,1556.110962,-5.171176
factory_5,legacy,5.512605,1642.050049,-5.304587
factory_5,legacy,5.579832,1732.735107,-5.477679
factory_5,legacy,5.647059,1828.428467,-5.644665
factory_5,legacy,5.714286,1929.406738,-5.769843
factory_5,legacy,5.781513,2035.961670,-5.908273
factory_5,legacy,5.848740,2148.401367,-6.048798
factory_5,legacy,5.915967,2267.050537,-6.189048
factory_5,legacy,5.983193,2392.252441,-6.337987
factory_5,legacy,6.050420,2524.368896,-6.471660
factory_5,legacy,6.117647,2663.781738,-6.641852
factory_5,legacy,6.184874,2810.893799,-6.830235
factory_5,legacy,6.252101,2966.130371,-7.023739
factory_5,legacy,6.319328,3129.940430,-7.192533
factory_5,legacy,6.386555,3302.796875,-7.329855
factory_5,legacy,6.453782,3485.199951,-7.423432
factory_5,legacy,6.521008,3677.676025,-7.475772
factory_5,legacy,6.588235,3880.782471,-7.535358
factory_5,legacy,6.655462,4095.105469,-7.643222
factory_5,legacy,6.722689,4321.265137,-7.829611
factory_5,legacy,6.789916,4559.914551,-8.141315
factory_5,legacy,6.857143,4811.744141,-8.521546
factory_5,legacy,6.924370,5077.481445,-8.938178
factory_5,legacy,6.991597,5357.894531,-9.357063
factory_5,legacy,7.058824,5653.793457,-9.778108
factory_5,legacy,7.126050,5966.034668,-10.199351
factory_5,legacy,7.193277,6295.519531,-10.650057
factory_5,legacy,7.260504,6643.200684,-11.142857
factory_5,legacy,7.327731,7010.083008,-11.699096
factory_5,legacy,7.394958,7397.227539,-12.359787
factory_5,legacy,7.462185,7805.752441,-13.076753
factory_5,legacy,7.529412,8236.839844,-13.897309
factory_5,legacy,7.596639,8691.733398,-14.802273
factory_5,legacy,7.663866,9171.750000,-15.781361
factory_5,legacy,7.731092,9678.276367,-16.832714
factory_5,legacy,7.798319,10212.776367,-17.955765
factory_5,legacy,7.865546,10776.795898,-19.158411
factory_5,legacy,7.932773,11371.962891,-20.443096
factory_5,legacy,8.000000,12000.000000,-21.572315
factory_5,reference,0.000000,20.000000,-19.960548
factory_5,reference,0.067227,21.104536,-8.567574
factory_5,reference,0.134454,22.270071,-7.970693
factory_5,reference,0.201681,23.499975,-7.594676
factory_5,reference,0.268908,24.797804,-7.541621
factory_5,reference,0.336134,26.167307,-8.060194
factory_5,reference,0.403361,27.612442,-7.657142
factory_5,reference,0.470588,29.137390,-7.631857
factory_5,reference,0.537815,30.746555,-7.320285
factory_5,reference,0.605042,32.444588,-7.009960
factory_5,reference,0.672269,34.236401,-6.249258
factory_5,reference,0.739496,36.127167,-5.462024
factory_5,reference,0.806723,38.122353,-5.396708
factory_5,reference,0.873950,40.227730,-4.577056
factory_5,reference,0.941177,42.449379,-4.308278
factory_5,reference,1.008403,44.793720,-4.197935
factory_5,reference,1.075630,47.267536,-4.530252
factory_5,reference,1.142857,49.877968,-4.254611
factory_5,reference,1.210084,52.632568,-4.557649
factory_5,reference,1.277311,55.539299,-4.652082
factory_5,reference,1.344538,58.606552,-4.508762
factory_5,reference,1.411765,61.843204,-4.504415
factory_5,reference,1.478992,65.258606,-4.625181
factory_5,reference,1.546218,68.862625,-4.330676
factory_5,reference,1.613445,72.665695,-4.339365
factory_5,reference,1.680672,76.678787,-3.953638
factory_5,reference,1.747899,80.913506,-3.781638
factory_5,reference,1.815126,85.382095,-4.072100
factory_5,reference,1.882353,90.097488,-4.189788
factory_5,reference,1.949580,95.073273,-4.168660
factory_5,reference,2.016807,100.323875,-4.179987
factory_5,reference,2.084034,105.864441,-4.224951
factory_5,reference,2.151261,111.710999,-4.487326
factory_5,reference,2.218488,117.880432,-4.291790
factory_5,reference,2.285714,124.390594,-4.048101
factory_5,reference,2.352941,131.260284,-3.701357
factory_5,reference,2.420168,138.509369,-3.623147
factory_5,reference,2.487395,146.158783,-3.629257
factory_5,reference,2.554622,154.230667,-4.056844
factory_5,reference,2.621849,162.748337,-4.275833
factory_5,reference,2.689076,171.736420,-4.104858
factory_5,reference,2.756303,181.220856,-3.766232
factory_5,reference,2.823529,191.229095,-3.412733
factory_5,reference,2.890756,201.790070,-3.268463
factory_5,reference,2.957983,212.934280,-3.332097
factory_5,reference,3.025210,224.693970,-3.485067
factory_5,reference,3.092437,237.103104,-3.847199
factory_5,reference,3.159664,250.197540,-4.197530
factory_5,reference,3.226891,264.015137,-4.386533
factory_5,reference,3.294118,278.595856,-4.257301
factory_5,reference,3.361345,293.981812,-4.213994
factory_5,reference,3.428571,310.217468,-4.293850
factory_5,reference,3.495798,327.349792,-4.307003
factory_5,reference,3.563025,345.428284,-3.995064
factory_5,reference,3.630252,364.505157,-3.648865
factory_5,reference,3.697479,384.635620,-3.385250
factory_5,reference,3.764706,405.877808,-3.193571
factory_5,reference,3.831933,428.293121,-3.091944
factory_5,reference,3.899160,451.946381,-3.103478
factory_5,reference,3.966387,476.905945,-3.192478
factory_5,reference,4.033614,503.244019,-3.459563
factory_5,reference,4.100841,531.036560,-3.699811
factory_5,reference,4.168067,560.364014,-4.010165
factory_5,reference,4.235294,591.311096,-4.224182
factory_5,reference,4.302521,623.967346,-4.281995
factory_5,reference,4.369748,658.427063,-4.189120
factory_5,reference,4.436975,694.789795,-3.956406
factory_5,reference,4.504202,733.160889,-3.732023
factory_5,reference,4.571429,773.651001,-3.490625
factory_5,reference,4.638656,816.377197,-3.188495
factory_5,reference,4.705883,861.463074,-2.957767
factory_5,reference,4.773109,909.038940,-2.867156
factory_5,reference,4.840336,959.242249,-2.880525
factory_5,reference,4.907563,1012.218079,-2.996017
factory_5,reference,4.974790,1068.119629,-3.255180
factory_5,reference,5.042017,1127.108398,-3.638785
factory_5,reference,5.109244,1189.355103,-3.886423
factory_5,reference,5.176471,1255.039307,-3.946700
factory_5,reference,5.243698,1324.351074,-3.969346
factory_5,reference,5.310925,1397.490845,-3.989209
factory_5,reference,5.378151,1474.669678,-3.981716
factory_5,reference,5.445378,1556.110962,-3.816636
factory_5,reference,5.512605,1642.050049,-3.576530
factory_5,reference,5.579832,1732.735107,-3.503567
factory_5,reference,5.647059,1828.428467,-3.555981
factory_5,reference,5.714286,1929.406738,-3.650307
factory_5,reference,5.781513,2035.961670,-3.753031
factory_5,reference,5.848740,2148.401367,-3.858848
factory_5,reference,5.915967,2267.050537,-3.989153
factory_5,reference,5.983193,2392.252441,-4.149412
factory_5,reference,6.050420,2524.368896,-4.360543
factory_5,reference,6.117647,2663.781738,-4.524423
factory_5,reference,6.184874,2810.893799,-4.655470
factory_5,reference,6.252101,2966.130371,-4.793489
factory_5,reference,6.319328,3129.940430,-4.943853
factory_5,reference,6.386555,3302.796875,-5.142041
factory_5,reference,6.453782,3485.199951,-5.413175
factory_5,reference,6.521008,3677.676025,-5.729458
factory_5,reference,6.588235,3880.782471,-6.051511
factory_5,reference,6.655462,4095.105469,-6.396191
factory_5,reference,6.722689,4321.265137,-6.743861
factory_5,reference,6.789916,4559.914551,-7.126981
factory_5,reference,6.857143,4811.744141,-7.527869
factory_5,reference,6.924370,5077.481445,-7.959318
factory_5,reference,6.991597,5357.894531,-8.410687
factory_5,reference,7.058824,5653.793457,-8.888525
factory_5,reference,7.126050,5966.034668,-9.426037
factory_5,reference,7.193277,6295.519531,-10.052692
factory_5,reference,7.260504,6643.200684,-10.729591
factory_5,reference,7.327731,7010.083008,-11.432484
factory_5,reference,7.394958,7397.227539,-12.184038
factory_5,reference,7.462185,7805.752441,-12.935500
factory_5,reference,7.529412,8236.839844,-13.740559
factory_5,reference,7.596639,8691.733398,-14.607853
factory_5,reference,7.663866,9171.750000,-15.538211
factory_5,reference,7.731092,9678.276367,-16.544098
factory_5,reference,7.798319,10212.776367,-17.622040
factory_5,reference,7.865546,10776.795898,-18.780943
factory_5,reference,7.932773,11371.962891,-20.029713
factory_5,reference,8.000000,12000.000000,-21.134558
factory_6,legacy,0.000000,20.000000,-9.464293
factory_6,legacy,0.067227,21.104536,-5.833329
factory_6,legacy,0.134454,22.270071,-5.084495
factory_6,legacy,0.201681,23.499975,-4.524317
factory_6,legacy,0.268908,24.797804,-4.160142
factory_6,legacy,0.336134,26.167307,-3.874138
factory_6,legacy,0.403361,27.612442,-3.448884
factory_6,legacy,0.470588,29.137390,-3.439094
factory_6,legacy,0.537815,30.746555,-3.304212
factory_6,legacy,0.605042,32.444588,-3.289977
factory_6,legacy,0.672269,34.236401,-3.267679
factory_6,legacy,0.739496,36.127167,-3.311213
factory_6,legacy,0.806723,38.122353,-3.345405
factory_6,legacy,0.873950,40.227730,-3.407775
factory_6,legacy,0.941177,42.449379,-3.591731
factory_6,legacy,1.008403,44.793720,-3.842652
factory_6,legacy,1.075630,47.267536,-4.332171
factory_6,legacy,1.142857,49.877968,-4.700695
factory_6,legacy,1.210084,52.632568,-5.643993
factory_6,legacy,1.277311,55.539299,-6.882979
factory_6,legacy,1.344538,58.606552,-8.183478
factory_6,legacy,1.411765,61.843204,-9.689293
factory_6,legacy,1.478992,65.258606,-10.692159
factory_6,legacy,1.546218,68.862625,-11.207159
factory_6,legacy,1.613445,72.665695,-10.403424
factory_6,legacy,1.680672,76.678787,-9.600554
factory_6,legacy,1.747899,80.913506,-8.484912
factory_6,legacy,1.815126,85.382095,-7.910610
factory_6,legacy,1.882353,90.097488,-7.615476
factory_6,legacy,1.949580,95.073273,-7.218099
factory_6,legacy,2.016807,100.323875,-7.415341
factory_6,legacy,2.084034,105.864441,-7.687418
factory_6,legacy,2.151261,111.710999,-8.164340
factory_6,legacy,2.218488,117.880432,-8.643121
factory_6,legacy,2.285714,124.390594,-9.282705
factory_6,legacy,2.352941,131.260284,-10.356560
factory_6,legacy,2.420168,138.509369,-11.456466
factory_6,legacy,2.487395,146.158783,-12.761496
factory_6,legacy,2.554622,154.230667,-13.471841
factory_6,legacy,2.621849,162.748337,-12.962297
factory_6,legacy,2.689076,171.736420,-11.118101
factory_6,legacy,2.756303,181.220856,-9.042090
factory_6,legacy,2.823529,191.229095,-7.463246
factory_6,legacy,2.890756,201.790070,-6.693243
factory_6,legacy,2.957983,212.934280,-6.563289
factory_6,legacy,3.025210,224.693970,-7.773794
factory_6,legacy,3.092437,237.103104,-9.328782
factory_6,legacy,3.159664,250.197540,-10.632609
factory_6,legacy,3.226891,264.015137,-11.409824
factory_6,legacy,3.294118,278.595856,-11.742588
factory_6,legacy,3.361345,293.981812,-11.811230
factory_6,legacy,3.428571,310.217468,-11.694561
factory_6,legacy,3.495798,327.349792,-11.382010
factory_6,legacy,3.563025,345.428284,-10.914535
factory_6,legacy,3.630252,364.505157,-10.335780
factory_6,legacy,3.697479,384.635620,-9.549624
factory_6,legacy,3.764706,405.877808,-8.379399
factory_6,legacy,3.831933,428.293121,-6.863532
factory_6,legacy,3.899160,451.946381,-5.190220
factory_6,legacy,3.966387,476.905945,-3.655630
factory_6,legacy,4.033614,503.244019,-2.554186
factory_6,legacy,4.100841,531.036560,-1.902399
factory_6,legacy,4.168067,560.364014,-1.703396
factory_6,legacy,4.235294,591.311096,-1.801858
factory_6,legacy,4.302521,623.967346,-2.089553
factory_6,legacy,4.369748,658.427063,-2.140362
factory_6,legacy,4.436975,694.789795,-2.013246
factory_6,legacy,4.504202,733.160889,-2.039190
factory_6,legacy,4.571429,773.651001,-2.251950
factory_6,legacy,4.638656,816.377197,-2.525447
factory_6,legacy,4.705883,861.463074,-2.692040
factory_6,legacy,4.773109,909.038940,-2.701671
factory_6,legacy,4.840336,959.242249,-2.590739
factory_6,legacy,4.907563,1012.218079,-2.386495
factory_6,legacy,4.974790,1068.119629,-2.197931
factory_6,legacy,5.042017,1127.108398,-2.060678
factory_6,legacy,5.109244,1189.355103,-2.058399
factory_6,legacy,5.176471,1255.039307,-2.295284
factory_6,legacy,5.243698,1324.351074,-2.908356
factory_6,legacy,5.310925,1397.490845,-4.033239
factory_6,legacy,5.378151,1474.669678,-5.753948
factory_6,legacy,5.445378,1556.110962,-7.862199
factory_6,legacy,5.512605,1642.050049,-9.820425
factory_6,legacy,5.579832,1732.735107,-11.118801
factory_6,legacy,5.647059,1828.428467,-11.646890
factory_6,legacy,5.714286,1929.406738,-11.459732
factory_6,legacy,5.781513,2035.961670,-10.623487
factory_6,legacy,5.848740,2148.401367,-9.706840
factory_6,legacy,5.915967,2267.050537,-8.899921
factory_6,legacy,5.983193,2392.252441,-8.319501
factory_6,legacy,6.050420,2524.368896,-7.986352
factory_6,legacy,6.117647,2663.781738,-7.955326
factory_6,legacy,6.184874,2810.893799,-8.139683
factory_6,legacy,6.252101,2966.130371,-8.511660
factory_6,legacy,6.319328,3129.940430,-8.961486
factory_6,legacy,6.386555,3302.796875,-9.397551
factory_6,legacy,6.453782,3485.199951,-9.815856
factory_6,legacy,6.521008,3677.676025,-10.150356
factory_6,legacy,6.588235,3880.782471,-10.259315
factory_6,legacy,6.655462,4095.105469,-9.884550
factory_6,legacy,6.722689,4321.265137,-8.930718
factory_6,legacy,6.789916,4559.914551,-7.636731
factory_6,legacy,6.857143,4811.744141,-6.305737
factory_6,legacy,6.924370,5077.481445,-5.341379
factory_6,legacy,6.991597,5357.894531,-4.700416
factory_6,legacy,7.058824,5653.793457,-4.298795
factory_6,legacy,7.126050,5966.034668,-4.413506
factory_6,legacy,7.193277,6295.519531,-4.500514
factory_6,legacy,7.260504,6643.200684,-4.559822
factory_6,legacy,7.327731,7010.083008,-4.598099
factory_6,legacy,7.394958,7397.227539,-4.585560
factory_6,legacy,7.462185,7805.752441,-4.518534
factory_6,legacy,7.529412,8236.839844,-4.438819
factory_6,legacy,7.596639,8691.733398,-4.390338
factory_6,legacy,7.663866,9171.750000,-4.397439
factory_6,legacy,7.731092,9678.276367,-4.481917
factory_6,legacy,7.798319,10212.776367,-4.626278
factory_6,legacy,7.865546,10776.795898,-4.811437
factory_6,legacy,7.932773,11371.962891,-5.008312
factory_6,legacy,8.000000,12000.000000,-5.166730
factory_6,reference,0.000000,20.000000,-8.363627
factory_6,reference,0.067227,21.104536,-5.489585
factory_6,reference,0.134454,22.270071,-5.045605
factory_6,reference,0.201681,23.499975,-4.677323
factory_6,reference,0.268908,24.797804,-3.735214
factory_6,reference,0.336134,26.167307,-5.277599
factory_6,reference,0.403361,27.612442,-6.624720
factory_6,reference,0.470588,29.137390,-11.291862
factory_6,reference,0.537815,30.746555,-10.586927
factory_6,reference,0.605042,32.444588,-8.388393
factory_6,reference,0.672269,34.236401,-7.788905
factory_6,reference,0.739496,36.127167,-7.353911
factory_6,reference,0.806723,38.122353,-8.040730
factory_6,reference,0.873950,40.227730,-10.269600
factory_6,reference,0.941177,42.449379,-11.289719
factory_6,reference,1.008403,44.793720,-8.212813
factory_6,reference,1.075630,47.267536,-4.766024
factory_6,reference,1.142857,49.877968,-2.440479
factory_6,reference,1.210084,52.632568,-2.094710
factory_6,reference,1.277311,55.539299,-3.648609
factory_6,reference,1.344538,58.606552,-5.319450
factory_6,reference,1.411765,61.843204,-6.718013
factory_6,reference,1.478992,65.258606,-7.757415
factory_6,reference,1.546218,68.862625,-8.704713
factory_6,reference,1.613445,72.665695,-8.109818
factory_6,reference,1.680672,76.678787,-7.177007
factory_6,reference,1.747899,80.913506,-5.665656
factory_6,reference,1.815126,85.382095,-5.458022
factory_6,reference,1.882353,90.097488,-3.230288
factory_6,reference,1.949580,95.073273,-3.406585
factory_6,reference,2.016807,100.323875,-7.452816
factory_6,reference,2.084034,105.864441,-10.071070
factory_6,reference,2.151261,111.710999,-9.331345
factory_6,reference,2.218488,117.880432,-6.656679
factory_6,reference,2.285714,124.390594,-5.087447
factory_6,reference,2.352941,131.260284,-3.411189
factory_6,reference,2.420168,138.509369,-2.797643
factory_6,reference,2.487395,146.158783,-6.678675
factory_6,reference,2.554622,154.230667,-14.117281
factory_6,reference,2.621849,162.748337,-16.946117
factory_6,reference,2.689076,171.736420,-12.192267
factory_6,reference,2.756303,181.220856,-9.285646
factory_6,reference,2.823529,191.229095,-7.713187
factory_6,reference,2.890756,201.790070,-7.039939
factory_6,reference,2.957983,212.934280,-6.937218
factory_6,reference,3.025210,224.693970,-7.999659
factory_6,reference,3.092437,237.103104,-10.536316
factory_6,reference,3.159664,250.197540,-13.924835
factory_6,reference,3.226891,264.015137,-9.591993
factory_6,reference,3.294118,278.595856,-7.403043
factory_6,reference,3.361345,293.981812,-3.258598
factory_6,reference,3.428571,310.217468,-1.563878
factory_6,reference,3.495798,327.349792,-1.625576
factory_6,reference,3.563025,345.428284,-1.929295
factory_6,reference,3.630252,364.505157,-2.644283
factory_6,reference,3.697479,384.635620,-4.404569
factory_6,reference,3.764706,405.877808,-10.816067
factory_6,reference,3.831933,428.293121,-13.469915
factory_6,reference,3.899160,451.946381,-8.144650
factory_6,reference,3.966387,476.905945,-4.648590
factory_6,reference,4.033614,503.244019,-2.446771
factory_6,reference,4.100841,531.036560,-1.432766
factory_6,reference,4.168067,560.364014,-1.070499
factory_6,reference,4.235294,591.311096,-0.934371
factory_6,reference,4.302521,623.967346,-0.924376
factory_6,reference,4.369748,658.427063,-1.114812
factory_6,reference,4.436975,694.789795,-1.659752
factory_6,reference,4.504202,733.160889,-2.463325
factory_6,reference,4.571429,773.651001,-4.434515
factory_6,reference,4.638656,816.377197,-9.877378
factory_6,reference,4.705883,861.463074,-12.506226
factory_6,reference,4.773109,909.038940,-10.684858
factory_6,reference,4.840336,959.242249,-8.891546
factory_6,reference,4.907563,1012.218079,-9.082315
factory_6,reference,4.974790,1068.119629,-10.836802
factory_6,reference,5.042017,1127.108398,-12.464696
factory_6,reference,5.109244,1189.355103,-9.190122
factory_6,reference,5.176471,1255.039307,-6.042181
factory_6,reference,5.243698,1324.351074,-2.794187
factory_6,reference,5.310925,1397.490845,-1.438530
factory_6,reference,5.378151,1474.669678,-1.369028
factory_6,reference,5.445378,1556.110962,-1.523573
factory_6,reference,5.512605,1642.050049,-1.686286
factory_6,reference,5.579832,1732.735107,-1.833586
factory_6,reference,5.647059,1828.428467,-1.961355
factory_6,reference,5.714286,1929.406738,-2.069058
factory_6,reference,5.781513,2035.961670,-2.126103
factory_6,reference,5.848740,2148.401367,-2.159753
factory_6,reference,5.915967,2267.050537,-2.498438
factory_6,reference,5.983193,2392.252441,-2.965860
factory_6,reference,6.050420,2524.368896,-3.083115
factory_6,reference,6.117647,2663.781738,-5.570805
factory_6,reference,6.184874,2810.893799,-8.994888
factory_6,reference,6.252101,2966.130371,-9.532939
factory_6,reference,6.319328,3129.940430,-7.804207
factory_6,reference,6.386555,3302.796875,-5.784531
factory_6,reference,6.453782,3485.199951,-4.059728
factory_6,reference,6.521008,3677.676025,-2.730193
factory_6,reference,6.588235,3880.782471,-3.212892
factory_6,reference,6.655462,4095.105469,-4.204867
factory_6,reference,6.722689,4321.265137,-4.862097
factory_6,reference,6.789916,4559.914551,-5.272108
factory_6,reference,6.857143,4811.744141,-5.562086
factory_6,reference,6.924370,5077.481445,-5.794060
factory_6,reference,6.991597,5357.894531,-5.992476
factory_6,reference,7.058824,5653.793457,-6.165822
factory_6,reference,7.126050,5966.034668,-6.293591
factory_6,reference,7.193277,6295.519531,-6.366410
factory_6,reference,7.260504,6643.200684,-6.336270
factory_6,reference,7.327731,7010.083008,-6.136096
factory_6,reference,7.394958,7397.227539,-5.754755
factory_6,reference,7.462185,7805.752441,-5.330484
factory_6,reference,7.529412,8236.839844,-4.874358
factory_6,reference,7.596639,8691.733398,-4.636384
factory_6,reference,7.663866,9171.750000,-4.848989
factory_6,reference,7.731092,9678.276367,-5.251479
factory_6,reference,7.798319,10212.776367,-5.711861
factory_6,reference,7.865546,10776.795898,-6.076703
factory_6,reference,7.932773,11371.962891,-6.260148
factory_6,reference,8.000000,12000.000000,-6.304085
factory_7,legacy,0.000000,20.000000,-7.481823
factory_7,legacy,0.067227,21.104536,-4.135893
factory_7,legacy,0.134454,22.270071,-4.115517
factory_7,legacy,0.201681,23.499975,-4.146740
factory_7,legacy,0.268908,24.797804,-3.899031
factory_7,legacy,0.336134,26.167307,-3.978569
factory_7,legacy,0.403361,27.612442,-3.823204
factory_7,legacy,0.470588,29.137390,-4.000975
factory_7,legacy,0.537815,30.746555,-3.958174
factory_7,legacy,0.605042,32.444588,-3.956001
factory_7,legacy,0.672269,34.236401,-3.918941
factory_7,legacy,0.739496,36.127167,-4.011749
factory_7,legacy,0.806723,38.122353,-4.057871
factory_7,legacy,0.873950,40.227730,-4.078078
factory_7,legacy,0.941177,42.449379,-4.182946
factory_7,legacy,1.008403,44.793720,-4.280190
factory_7,legacy,1.075630,47.267536,-4.419796
factory_7,legacy,1.142857,49.877968,-4.527030
factory_7,legacy,1.210084,52.632568,-4.710742
factory_7,legacy,1.277311,55.539299,-4.934485
factory_7,legacy,1.344538,58.606552,-5.154795
factory_7,legacy,1.411765,61.843204,-5.402057
factory_7,legacy,1.478992,65.258606,-5.618292
factory_7,legacy,1.546218,68.862625,-5.893689
factory_7,legacy,1.613445,72.665695,-6.046164
factory_7,legacy,1.680672,76.678787,-6.293780
factory_7,legacy,1.747899,80.913506,-6.436552
factory_7,legacy,1.815126,85.382095,-6.605549
factory_7,legacy,1.882353,90.097488,-6.735045
factory_7,legacy,1.949580,95.073273,-6.794114
factory_7,legacy,2.016807,100.323875,-6.872225
factory_7,legacy,2.084034,105.864441,-6.926133
factory_7,legacy,2.151261,111.710999,-6.964624
factory_7,legacy,2.218488,117.880432,-6.994431
factory_7,legacy,2.285714,124.390594,-7.021080
factory_7,legacy,2.352941,131.260284,-7.065976
factory_7,legacy,2.420168,138.509369,-7.092767
factory_7,legacy,2.487395,146.158783,-7.125590
factory_7,legacy,2.554622,154.230667,-7.147090
factory_7,legacy,2.621849,162.748337,-7.161940
factory_7,legacy,2.689076,171.736420,-7.166107
factory_7,legacy,2.756303,181.220856,-7.147950
factory_7,legacy,2.823529,191.229095,-7.111683
factory_7,legacy,2.890756,201.790070,-7.049255
factory_7,legacy,2.957983,212.934280,-6.925127
factory_7,legacy,3.025210,224.693970,-6.782571
factory_7,legacy,3.092437,237.103104,-6.601568
factory_7,legacy,3.159664,250.197540,-6.377077
factory_7,legacy,3.226891,264.015137,-6.131603
factory_7,legacy,3.294118,278.595856,-5.853710
factory_7,legacy,3.361345,293.981812,-5.580127
factory_7,legacy,3.428571,310.217468,-5.288548
factory_7,legacy,3.495798,327.349792,-5.046448
factory_7,legacy,3.563025,345.428284,-4.799841
factory_7,legacy,3.630252,364.505157,-4.600009
factory_7,legacy,3.697479,384.635620,-4.455669
factory_7,legacy,3.764706,405.877808,-4.314531
factory_7,legacy,3.831933,428.293121,-4.201267
factory_7,legacy,3.899160,451.946381,-4.111828
factory_7,legacy,3.966387,476.905945,-4.028654
factory_7,legacy,4.033614,503.244019,-3.968231
factory_7,legacy,4.100841,531.036560,-3.897295
factory_7,legacy,4.168067,560.364014,-3.823913
factory_7,legacy,4.235294,591.311096,-3.738849
factory_7,legacy,4.302521,623.967346,-3.649898
factory_7,legacy,4.369748,658.427063,-3.556218
factory_7,legacy,4.436975,694.789795,-3.439039
factory_7,legacy,4.504202,733.160889,-3.336227
factory_7,legacy,4.571429,773.651001,-3.233227
factory_7,legacy,4.638656,816.377197,-3.138031
factory_7,legacy,4.705883,861.463074,-3.054690
factory_7,legacy,4.773109,909.038940,-2.996258
factory_7,legacy,4.840336,959.242249,-2.970566
factory_7,legacy,4.907563,1012.218079,-2.982595
factory_7,legacy,4.974790,1068.119629,-3.039265
factory_7,legacy,5.042017,1127.108398,-3.139162
factory_7,legacy,5.109244,1189.355103,-3.291898
factory_7,legacy,5.176471,1255.039307,-3.476136
factory_7,legacy,5.243698,1324.351074,-3.700744
factory_7,legacy,5.310925,1397.490845,-3.945105
factory_7,legacy,5.378151,1474.669678,-4.193439
factory_7,legacy,5.445378,1556.110962,-4.432193
factory_7,legacy,5.512605,1642.050049,-4.662416
factory_7,legacy,5.579832,1732.735107,-4.868487
factory_7,legacy,5.647059,1828.428467,-5.048222
factory_7,legacy,5.714286,1929.406738,-5.214287
factory_7,legacy,5.781513,2035.961670,-5.365082
factory_7,legacy,5.848740,2148.401367,-5.516112
factory_7,legacy,5.915967,2267.050537,-5.673981
factory_7,legacy,5.983193,2392.252441,-5.829340
factory_7,legacy,6.050420,2524.368896,-5.993842
factory_7,legacy,6.117647,2663.781738,-6.165941
factory_7,legacy,6.184874,2810.893799,-6.334439
factory_7,legacy,6.252101,2966.130371,-6.490374
factory_7,legacy,6.319328,3129.940430,-6.623652
factory_7,legacy,6.386555,3302.796875,-6.715971
factory_7,legacy,6.453782,3485.199951,-6.747539
factory_7,legacy,6.521008,3677.676025,-6.707503
factory_7,legacy,6.588235,3880.782471,-6.590727
factory_7,legacy,6.655462,4095.105469,-6.401138
factory_7,legacy,6.722689,4321.265137,-6.152700
factory_7,legacy,6.789916,4559.914551,-5.864620
factory_7,legacy,6.857143,4811.744141,-5.560987
factory_7,legacy,6.924370,5077.481445,-5.264055
factory_7,legacy,6.991597,5357.894531,-4.990143
factory_7,legacy,7.058824,5653.793457,-4.748528
factory_7,legacy,7.126050,5966.034668,-4.548708
factory_7,legacy,7.193277,6295.519531,-4.388180
factory_7,legacy,7.260504,6643.200684,-4.266436
factory_7,legacy,7.327731,7010.083008,-4.181296
factory_7,legacy,7.394958,7397.227539,-4.132052
factory_7,legacy,7.462185,7805.752441,-4.106021
factory_7,legacy,7.529412,8236.839844,-4.105832
factory_7,legacy,7.596639,8691.733398,-4.126395
factory_7,legacy,7.663866,9171.750000,-4.164739
factory_7,legacy,7.731092,9678.276367,-4.217350
factory_7,legacy,7.798319,10212.776367,-4.280592
factory_7,legacy,7.865546,10776.795898,-4.350082
factory_7,legacy,7.932773,11371.962891,-4.423181
factory_7,legacy,8.000000,12000.000000,-4.485944
factory_7,reference,0.000000,20.000000,-6.968469
factory_7,reference,0.067227,21.104536,-6.120751
factory_7,reference,0.134454,22.270071,-6.068902
factory_7,reference,0.201681,23.499975,-5.956633
factory_7,reference,0.268908,24.797804,-5.090059
factory_7,reference,0.336134,26.167307,-5.332994
factory_7,reference,0.403361,27.612442,-4.600445
factory_7,reference,0.470588,29.137390,-4.978984
factory_7,reference,0.537815,30.746555,-4.736541
factory_7,reference,0.605042,32.444588,-4.566204
factory_7,reference,0.672269,34.236401,-4.160658
factory_7,reference,0.739496,36.127167,-4.327503
factory_7,reference,0.806723,38.122353,-4.143874
factory_7,reference,0.873950,40.227730,-3.579978
factory_7,reference,0.941177,42.449379,-3.612129
factory_7,reference,1.008403,44.793720,-3.293466
factory_7,reference,1.075630,47.267536,-3.039915
factory_7,reference,1.142857,49.877968,-3.205585
factory_7,reference,1.210084,52.632568,-3.074043
factory_7,reference,1.277311,55.539299,-3.108161
factory_7,reference,1.344538,58.606552,-3.225198
factory_7,reference,1.411765,61.843204,-3.497131
factory_7,reference,1.478992,65.258606,-3.800843
factory_7,reference,1.546218,68.862625,-4.229741
factory_7,reference,1.613445,72.665695,-4.522615
factory_7,reference,1.680672,76.678787,-4.993969
factory_7,reference,1.747899,80.913506,-5.278434
factory_7,reference,1.815126,85.382095,-5.654126
factory_7,reference,1.882353,90.097488,-5.959316
factory_7,reference,1.949580,95.073273,-6.060039
factory_7,reference,2.016807,100.323875,-6.229374
factory_7,reference,2.084034,105.864441,-6.298967
factory_7,reference,2.151261,111.710999,-6.319506
factory_7,reference,2.218488,117.880432,-6.278029
factory_7,reference,2.285714,124.390594,-6.220277
factory_7,reference,2.352941,131.260284,-6.246590
factory_7,reference,2.420168,138.509369,-6.207446
factory_7,reference,2.487395,146.158783,-6.237106
factory_7,reference,2.554622,154.230667,-6.242337
factory_7,reference,2.621849,162.748337,-6.383032
factory_7,reference,2.689076,171.736420,-6.570912
factory_7,reference,2.756303,181.220856,-6.819105
factory_7,reference,2.823529,191.229095,-7.042433
factory_7,reference,2.890756,201.790070,-7.282566
factory_7,reference,2.957983,212.934280,-7.476076
factory_7,reference,3.025210,224.693970,-7.518768
factory_7,reference,3.092437,237.103104,-7.403879
factory_7,reference,3.159664,250.197540,-7.115353
factory_7,reference,3.226891,264.015137,-6.716651
factory_7,reference,3.294118,278.595856,-6.250379
factory_7,reference,3.361345,293.981812,-5.798864
factory_7,reference,3.428571,310.217468,-5.373722
factory_7,reference,3.495798,327.349792,-5.045976
factory_7,reference,3.563025,345.428284,-4.759295
factory_7,reference,3.630252,364.505157,-4.557294
factory_7,reference,3.697479,384.635620,-4.436712
factory_7,reference,3.764706,405.877808,-4.340189
factory_7,reference,3.831933,428.293121,-4.293242
factory_7,reference,3.899160,451.946381,-4.289653
factory_7,reference,3.966387,476.905945,-4.305758
factory_7,reference,4.033614,503.244019,-4.366217
factory_7,reference,4.100841,531.036560,-4.429053
factory_7,reference,4.168067,560.364014,-4.497536
factory_7,reference,4.235294,591.311096,-4.547174
factory_7,reference,4.302521,623.967346,-4.572841
factory_7,reference,4.369748,658.427063,-4.560503
factory_7,reference,4.436975,694.789795,-4.472721
factory_7,reference,4.504202,733.160889,-4.352173
factory_7,reference,4.571429,773.651001,-4.175913
factory_7,reference,4.638656,816.377197,-3.967555
factory_7,reference,4.705883,861.463074,-3.737681
factory_7,reference,4.773109,909.038940,-3.506323
factory_7,reference,4.840336,959.242249,-3.300919
factory_7,reference,4.907563,1012.218079,-3.127129
factory_7,reference,4.974790,1068.119629,-2.994581
factory_7,reference,5.042017,1127.108398,-2.896804
factory_7,reference,5.109244,1189.355103,-2.829901
factory_7,reference,5.176471,1255.039307,-2.796314
factory_7,reference,5.243698,1324.351074,-2.777961
factory_7,reference,5.310925,1397.490845,-2.773602
factory_7,reference,5.378151,1474.669678,-2.779913
factory_7,reference,5.445378,1556.110962,-2.791914
factory_7,reference,5.512605,1642.050049,-2.808126
factory_7,reference,5.579832,1732.735107,-2.827133
factory_7,reference,5.647059,1828.428467,-2.848047
factory_7,reference,5.714286,1929.406738,-2.870074
factory_7,reference,5.781513,2035.961670,-2.892911
factory_7,reference,5.848740,2148.401367,-2.916895
factory_7,reference,5.915967,2267.050537,-2.944478
factory_7,reference,5.983193,2392.252441,-2.972102
factory_7,reference,6.050420,2524.368896,-3.002256
factory_7,reference,6.117647,2663.781738,-3.039924
factory_7,reference,6.184874,2810.893799,-3.083567
factory_7,reference,6.252101,2966.130371,-3.136534
factory_7,reference,6.319328,3129.940430,-3.203558
factory_7,reference,6.386555,3302.796875,-3.287121
factory_7,reference,6.453782,3485.199951,-3.383961
factory_7,reference,6.521008,3677.676025,-3.493533
factory_7,reference,6.588235,3880.782471,-3.616162
factory_7,reference,6.655462,4095.105469,-3.746569
factory_7,reference,6.722689,4321.265137,-3.880511
factory_7,reference,6.789916,4559.914551,-4.018277
factory_7,reference,6.857143,4811.744141,-4.153653
factory_7,reference,6.924370,5077.481445,-4.284813
factory_7,reference,6.991597,5357.894531,-4.408874
factory_7,reference,7.058824,5653.793457,-4.526270
factory_7,reference,7.126050,5966.034668,-4.632281
factory_7,reference,7.193277,6295.519531,-4.730300
factory_7,reference,7.260504,6643.200684,-4.816950
factory_7,reference,7.327731,7010.083008,-4.890911
factory_7,reference,7.394958,7397.227539,-4.951996
factory_7,reference,7.462185,7805.752441,-5.000915
factory_7,reference,7.529412,8236.839844,-5.036794
factory_7,reference,7.596639,8691.733398,-5.061284
factory_7,reference,7.663866,9171.750000,-5.074977
factory_7,reference,7.731092,9678.276367,-5.078102
factory_7,reference,7.798319,10212.776367,-5.073612
factory_7,reference,7.865546,10776.795898,-5.060408
factory_7,reference,7.932773,11371.962891,-5.041917
factory_7,reference,8.000000,12000.000000,-5.024189
factory_8,legacy,0.000000,20.000000,-7.464417
factory_8,legacy,0.067227,21.104536,-3.542447
factory_8,legacy,0.134454,22.270071,-3.531369
factory_8,legacy,0.201681,23.499975,-3.545219
factory_8,legacy,0.268908,24.797804,-3.252910
factory_8,legacy,0.336134,26.167307,-3.284426
factory_8,legacy,0.403361,27.612442,-3.088091
factory_8,legacy,0.470588,29.137390,-3.361429
factory_8,legacy,0.537815,30.746555,-3.183009
factory_8,legacy,0.605042,32.444588,-3.201932
factory_8,legacy,0.672269,34.236401,-3.330066
factory_8,legacy,0.739496,36.127167,-3.265182
factory_8,legacy,0.806723,38.122353,-3.242061
factory_8,legacy,0.873950,40.227730,-3.519466
factory_8,legacy,0.941177,42.449379,-3.529146
factory_8,legacy,1.008403,44.793720,-3.387462
factory_8,legacy,1.075630,47.267536,-3.793529
factory_8,legacy,1.142857,49.877968,-3.930037
factory_8,legacy,1.210084,52.632568,-3.682402
factory_8,legacy,1.277311,55.539299,-4.100682
factory_8,legacy,1.344538,58.606552,-4.570001
factory_8,legacy,1.411765,61.843204,-4.188680
factory_8,legacy,1.478992,65.258606,-4.470917
factory_8,legacy,1.546218,68.862625,-5.244470
factory_8,legacy,1.613445,72.665695,-4.755423
factory_8,legacy,1.680672,76.678787,-4.965843
factory_8,legacy,1.747899,80.913506,-5.716200
factory_8,legacy,1.815126,85.382095,-5.599684
factory_8,legacy,1.882353,90.097488,-5.558719
factory_8,legacy,1.949580,95.073273,-6.260141
factory_8,legacy,2.016807,100.323875,-6.450773
factory_8,legacy,2.084034,105.864441,-6.154918
factory_8,legacy,2.151261,111.710999,-6.751945
factory_8,legacy,2.218488,117.880432,-7.112148
factory_8,legacy,2.285714,124.390594,-6.725216
factory_8,legacy,2.352941,131.260284,-7.123782
factory_8,legacy,2.420168,138.509369,-7.453304
factory_8,legacy,2.487395,146.158783,-7.280150
factory_8,legacy,2.554622,154.230667,-7.380727
factory_8,legacy,2.621849,162.748337,-7.468045
factory_8,legacy,2.689076,171.736420,-7.483211
factory_8,legacy,2.756303,181.220856,-7.491660
factory_8,legacy,2.823529,191.229095,-7.256730
factory_8,legacy,2.890756,201.790070,-7.245618
factory_8,legacy,2.957983,212.934280,-7.374598
factory_8,legacy,3.025210,224.693970,-6.905449
factory_8,legacy,3.092437,237.103104,-6.565184
factory_8,legacy,3.159664,250.197540,-7.005366
factory_8,legacy,3.226891,264.015137,-6.494900
factory_8,legacy,3.294118,278.595856,-5.752472
factory_8,legacy,3.361345,293.981812,-6.365848
factory_8,legacy,3.428571,310.217468,-5.963292
factory_8,legacy,3.495798,327.349792,-4.994699
factory_8,legacy,3.563025,345.428284,-5.466372
factory_8,legacy,3.630252,364.505157,-5.377634
factory_8,legacy,3.697479,384.635620,-4.377187
factory_8,legacy,3.764706,405.877808,-4.491702
factory_8,legacy,3.831933,428.293121,-4.723632
factory_8,legacy,3.899160,451.946381,-3.814619
factory_8,legacy,3.966387,476.905945,-3.537677
factory_8,legacy,4.033614,503.244019,-4.018999
factory_8,legacy,4.100841,531.036560,-3.355750
factory_8,legacy,4.168067,560.364014,-2.843165
factory_8,legacy,4.235294,591.311096,-3.305814
factory_8,legacy,4.302521,623.967346,-2.933913
factory_8,legacy,4.369748,658.427063,-2.395903
factory_8,legacy,4.436975,694.789795,-2.661336
factory_8,legacy,4.504202,733.160889,-2.555625
factory_8,legacy,4.571429,773.651001,-2.161815
factory_8,legacy,4.638656,816.377197,-2.226594
factory_8,legacy,4.705883,861.463074,-2.256588
factory_8,legacy,4.773109,909.038940,-2.083478
factory_8,legacy,4.840336,959.242249,-2.087874
factory_8,legacy,4.907563,1012.218079,-2.088582
factory_8,legacy,4.974790,1068.119629,-2.135382
factory_8,legacy,5.042017,1127.108398,-2.292102
factory_8,legacy,5.109244,1189.355103,-2.126833
factory_8,legacy,5.176471,1255.039307,-2.304781
factory_8,legacy,5.243698,1324.351074,-2.777986
factory_8,legacy,5.310925,1397.490845,-2.460803
factory_8,legacy,5.378151,1474.669678,-2.645838
factory_8,legacy,5.445378,1556.110962,-3.431192
factory_8,legacy,5.512605,1642.050049,-3.187879
factory_8,legacy,5.579832,1732.735107,-3.206797
factory_8,legacy,5.647059,1828.428467,-4.208117
factory_8,legacy,5.714286,1929.406738,-4.349088
factory_8,legacy,5.781513,2035.961670,-4.037494
factory_8,legacy,5.848740,2148.401367,-5.058825
factory_8,legacy,5.915967,2267.050537,-5.732642
factory_8,legacy,5.983193,2392.252441,-5.154077
factory_8,legacy,6.050420,2524.368896,-5.970015
factory_8,legacy,6.117647,2663.781738,-6.900272
factory_8,legacy,6.184874,2810.893799,-6.390715
factory_8,legacy,6.252101,2966.130371,-6.790263
factory_8,legacy,6.319328,3129.940430,-7.377288
factory_8,legacy,6.386555,3302.796875,-7.206285
factory_8,legacy,6.453782,3485.199951,-7.194512
factory_8,legacy,6.521008,3677.676025,-7.060104
factory_8,legacy,6.588235,3880.782471,-6.913292
factory_8,legacy,6.655462,4095.105469,-6.842396
factory_8,legacy,6.722689,4321.265137,-6.217131
factory_8,legacy,6.789916,4559.914551,-5.775146
factory_8,legacy,6.857143,4811.744141,-5.848771
factory_8,legacy,6.924370,5077.481445,-5.211234
factory_8,legacy,6.991597,5357.894531,-4.619683
factory_8,legacy,7.058824,5653.793457,-4.704320
factory_8,legacy,7.126050,5966.034668,-4.317584
factory_8,legacy,7.193277,6295.519531,-3.838469
factory_8,legacy,7.260504,6643.200684,-3.848480
factory_8,legacy,7.327731,7010.083008,-3.711392
factory_8,legacy,7.394958,7397.227539,-3.471141
factory_8,legacy,7.462185,7805.752441,-3.459277
factory_8,legacy,7.529412,8236.839844,-3.473324
factory_8,legacy,7.596639,8691.733398,-3.439046
factory_8,legacy,7.663866,9171.750000,-3.484284
factory_8,legacy,7.731092,9678.276367,-3.560065
factory_8,legacy,7.798319,10212.776367,-3.643248
factory_8,legacy,7.865546,10776.795898,-3.746258
factory_8,legacy,7.932773,11371.962891,-3.831222
factory_8,legacy,8.000000,12000.000000,-3.919438
factory_8,reference,0.000000,20.000000,-7.065144
factory_8,reference,0.067227,21.104536,-6.395054
factory_8,reference,0.134454,22.270071,-6.631370
factory_8,reference,0.201681,23.499975,-6.462968
factory_8,reference,0.268908,24.797804,-5.215049
factory_8,reference,0.336134,26.167307,-6.391520
factory_8,reference,0.403361,27.612442,-5.069714
factory_8,reference,0.470588,29.137390,-4.262048
factory_8,reference,0.537815,30.746555,-5.270724
factory_8,reference,0.605042,32.444588,-4.609747
factory_8,reference,0.672269,34.236401,-2.946642
factory_8,reference,0.739496,36.127167,-3.856083
factory_8,reference,0.806723,38.122353,-3.888562
factory_8,reference,0.873950,40.227730,-2.419567
factory_8,reference,0.941177,42.449379,-2.699576
factory_8,reference,1.008403,44.793720,-2.863958
factory_8,reference,1.075630,47.267536,-2.221608
factory_8,reference,1.142857,49.877968,-2.481674
factory_8,reference,1.210084,52.632568,-2.476274
factory_8,reference,1.277311,55.539299,-2.351620
factory_8,reference,1.344538,58.606552,-2.687489
factory_8,reference,1.411765,61.843204,-2.192404
factory_8,reference,1.478992,65.258606,-2.349028
factory_8,reference,1.546218,68.862625,-3.365783
factory_8,reference,1.613445,72.665695,-2.523756
factory_8,reference,1.680672,76.678787,-2.531098
factory_8,reference,1.747899,80.913506,-3.929997
factory_8,reference,1.815126,85.382095,-3.369905
factory_8,reference,1.882353,90.097488,-2.881355
factory_8,reference,1.949580,95.073273,-4.566701
factory_8,reference,2.016807,100.323875,-4.817078
factory_8,reference,2.084034,105.864441,-3.421740
factory_8,reference,2.151261,111.710999,-5.172465
factory_8,reference,2.218488,117.880432,-6.360155
factory_8,reference,2.285714,124.390594,-4.239887
factory_8,reference,2.352941,131.260284,-5.610895
factory_8,reference,2.420168,138.509369,-7.546575
factory_8,reference,2.487395,146.158783,-5.611501
factory_8,reference,2.554622,154.230667,-6.042249
factory_8,reference,2.621849,162.748337,-7.996081
factory_8,reference,2.689076,171.736420,-7.108819
factory_8,reference,2.756303,181.220856,-6.694016
factory_8,reference,2.823529,191.229095,-7.950365
factory_8,reference,2.890756,201.790070,-7.856931
factory_8,reference,2.957983,212.934280,-7.348331
factory_8,reference,3.025210,224.693970,-7.748322
factory_8,reference,3.092437,237.103104,-7.210023
factory_8,reference,3.159664,250.197540,-7.925369
factory_8,reference,3.226891,264.015137,-7.582330
factory_8,reference,3.294118,278.595856,-6.064758
factory_8,reference,3.361345,293.981812,-7.907410
factory_8,reference,3.428571,310.217468,-7.380550
factory_8,reference,3.495798,327.349792,-5.162244
factory_8,reference,3.563025,345.428284,-6.849298
factory_8,reference,3.630252,364.505157,-7.121492
factory_8,reference,3.697479,384.635620,-4.630050
factory_8,reference,3.764706,405.877808,-5.315585
factory_8,reference,3.831933,428.293121,-6.652894
factory_8,reference,3.899160,451.946381,-4.276771
factory_8,reference,3.966387,476.905945,-3.959675
factory_8,reference,4.033614,503.244019,-5.900289
factory_8,reference,4.100841,531.036560,-4.083841
factory_8,reference,4.168067,560.364014,-3.117327
factory_8,reference,4.235294,591.311096,-4.855124
factory_8,reference,4.302521,623.967346,-3.903491
factory_8,reference,4.369748,658.427063,-2.630203
factory_8,reference,4.436975,694.789795,-3.719107
factory_8,reference,4.504202,733.160889,-3.650033
factory_8,reference,4.571429,773.651001,-2.367863
factory_8,reference,4.638656,816.377197,-2.815972
factory_8,reference,4.705883,861.463074,-3.300570
factory_8,reference,4.773109,909.038940,-2.220585
factory_8,reference,4.840336,959.242249,-2.227016
factory_8,reference,4.907563,1012.218079,-2.864437
factory_8,reference,4.974790,1068.119629,-2.146841
factory_8,reference,5.042017,1127.108398,-1.942545
factory_8,reference,5.109244,1189.355103,-2.409429
factory_8,reference,5.176471,1255.039307,-2.075484
factory_8,reference,5.243698,1324.351074,-1.830434
factory_8,reference,5.310925,1397.490845,-2.061308
factory_8,reference,5.378151,1474.669678,-1.998102
factory_8,reference,5.445378,1556.110962,-1.819987
factory_8,reference,5.512605,1642.050049,-1.884565
factory_8,reference,5.579832,1732.735107,-1.929028
factory_8,reference,5.647059,1828.428467,-1.860285
factory_8,reference,5.714286,1929.406738,-1.880499
factory_8,reference,5.781513,2035.961670,-1.901528
factory_8,reference,5.848740,2148.401367,-1.937639
factory_8,reference,5.915967,2267.050537,-2.002617
factory_8,reference,5.983193,2392.252441,-1.954602
factory_8,reference,6.050420,2524.368896,-2.054241
factory_8,reference,6.117647,2663.781738,-2.200687
factory_8,reference,6.184874,2810.893799,-2.124331
factory_8,reference,6.252101,2966.130371,-2.223796
factory_8,reference,6.319328,3129.940430,-2.452065
factory_8,reference,6.386555,3302.796875,-2.422009
factory_8,reference,6.453782,3485.199951,-2.471270
factory_8,reference,6.521008,3677.676025,-2.757936
factory_8,reference,6.588235,3880.782471,-2.827111
factory_8,reference,6.655462,4095.105469,-2.819387
factory_8,reference,6.722689,4321.265137,-3.123459
factory_8,reference,6.789916,4559.914551,-3.293200
factory_8,reference,6.857143,4811.744141,-3.261304
factory_8,reference,6.924370,5077.481445,-3.531240
factory_8,reference,6.991597,5357.894531,-3.765774
factory_8,reference,7.058824,5653.793457,-3.756140
factory_8,reference,7.126050,5966.034668,-3.943242
factory_8,reference,7.193277,6295.519531,-4.188609
factory_8,reference,7.260504,6643.200684,-4.217643
factory_8,reference,7.327731,7010.083008,-4.312322
factory_8,reference,7.394958,7397.227539,-4.508155
factory_8,reference,7.462185,7805.752441,-4.554821
factory_8,reference,7.529412,8236.839844,-4.573174
factory_8,reference,7.596639,8691.733398,-4.687989
factory_8,reference,7.663866,9171.750000,-4.719942
factory_8,reference,7.731092,9678.276367,-4.694302
factory_8,reference,7.798319,10212.776367,-4.728625
factory_8,reference,7.865546,10776.795898,-4.727170
factory_8,reference,7.932773,11371.962891,-4.683987
factory_8,reference,8.000000,12000.000000,-4.666800
factory_9,legacy,0.000000,20.000000,-7.887716
factory_9,legacy,0.067227,21.104536,-4.181625
factory_9,legacy,0.134454,22.270071,-4.130396
factory_9,legacy,0.201681,23.499975,-4.153114
factory_9,legacy,0.268908,24.797804,-3.956946
factory_9,legacy,0.336134,26.167307,-3.990653
factory_9,legacy,0.403361,27.612442,-3.859426
factory_9,legacy,0.470588,29.137390,-4.005768
factory_9,legacy,0.537815,30.746555,-3.964582
factory_9,legacy,0.605042,32.444588,-3.966985
factory_9,legacy,0.672269,34.236401,-3.956953
factory_9,legacy,0.739496,36.127167,-4.052794
factory_9,legacy,0.806723,38.122353,-4.127613
factory_9,legacy,0.873950,40.227730,-4.212154
factory_9,legacy,0.941177,42.449379,-4.356379
factory_9,legacy,1.008403,44.793720,-4.541558
factory_9,legacy,1.075630,47.267536,-4.795113
factory_9,legacy,1.142857,49.877968,-4.973386
factory_9,legacy,1.210084,52.632568,-5.268986
factory_9,legacy,1.277311,55.539299,-5.563836
factory_9,legacy,1.344538,58.606552,-5.813287
factory_9,legacy,1.411765,61.843204,-6.005766
factory_9,legacy,1.478992,65.258606,-6.100449
factory_9,legacy,1.546218,68.862625,-6.186772
factory_9,legacy,1.613445,72.665695,-6.128296
factory_9,legacy,1.680672,76.678787,-6.173401
factory_9,legacy,1.747899,80.913506,-6.118697
factory_9,legacy,1.815126,85.382095,-6.157496
factory_9,legacy,1.882353,90.097488,-6.210948
factory_9,legacy,1.949580,95.073273,-6.216319
factory_9,legacy,2.016807,100.323875,-6.337318
factory_9,legacy,2.084034,105.864441,-6.462263
factory_9,legacy,2.151261,111.710999,-6.596841
factory_9,legacy,2.218488,117.880432,-6.732941
factory_9,legacy,2.285714,124.390594,-6.878887
factory_9,legacy,2.352941,131.260284,-7.041029
factory_9,legacy,2.420168,138.509369,-7.142892
factory_9,legacy,2.487395,146.158783,-7.182899
factory_9,legacy,2.554622,154.230667,-7.171984
factory_9,legacy,2.621849,162.748337,-7.072142
factory_9,legacy,2.689076,171.736420,-6.924861
factory_9,legacy,2.756303,181.220856,-6.761961
factory_9,legacy,2.823529,191.229095,-6.641393
factory_9,legacy,2.890756,201.790070,-6.565680
factory_9,legacy,2.957983,212.934280,-6.485479
factory_9,legacy,3.025210,224.693970,-6.477640
factory_9,legacy,3.092437,237.103104,-6.478220
factory_9,legacy,3.159664,250.197540,-6.473995
factory_9,legacy,3.226891,264.015137,-6.460373
factory_9,legacy,3.294118,278.595856,-6.411431
factory_9,legacy,3.361345,293.981812,-6.341143
factory_9,legacy,3.428571,310.217468,-6.210547
factory_9,legacy,3.495798,327.349792,-6.065921
factory_9,legacy,3.563025,345.428284,-5.853792
factory_9,legacy,3.630252,364.505157,-5.613153
factory_9,legacy,3.697479,384.635620,-5.351526
factory_9,legacy,3.764706,405.877808,-5.015784
factory_9,legacy,3.831933,428.293121,-4.660156
factory_9,legacy,3.899160,451.946381,-4.310533
factory_9,legacy,3.966387,476.905945,-3.982565
factory_9,legacy,4.033614,503.244019,-3.719198
factory_9,legacy,4.100841,531.036560,-3.503472
factory_9,legacy,4.168067,560.364014,-3.351661
factory_9,legacy,4.235294,591.311096,-3.256698
factory_9,legacy,4.302521,623.967346,-3.214266
factory_9,legacy,4.369748,658.427063,-3.200801
factory_9,legacy,4.436975,694.789795,-3.187624
factory_9,legacy,4.504202,733.160889,-3.190561
factory_9,legacy,4.571429,773.651001,-3.188118
factory_9,legacy,4.638656,816.377197,-3.174881
factory_9,legacy,4.705883,861.463074,-3.145063
factory_9,legacy,4.773109,909.038940,-3.105015
factory_9,legacy,4.840336,959.242249,-3.062896
factory_9,legacy,4.907563,1012.218079,-3.025971
factory_9,legacy,4.974790,1068.119629,-3.007113
factory_9,legacy,5.042017,1127.108398,-3.013969
factory_9,legacy,5.109244,1189.355103,-3.068173
factory_9,legacy,5.176471,1255.039307,-3.177117
factory_9,legacy,5.243698,1324.351074,-3.360248
factory_9,legacy,5.310925,1397.490845,-3.613043
factory_9,legacy,5.378151,1474.669678,-3.921476
factory_9,legacy,5.445378,1556.110962,-4.253873
factory_9,legacy,5.512605,1642.050049,-4.584809
factory_9,legacy,5.579832,1732.735107,-4.874052
factory_9,legacy,5.647059,1828.428467,-5.084913
factory_9,legacy,5.714286,1929.406738,-5.218659
factory_9,legacy,5.781513,2035.961670,-5.303828
factory_9,legacy,5.848740,2148.401367,-5.371912
factory_9,legacy,5.915967,2267.050537,-5.444680
factory_9,legacy,5.983193,2392.252441,-5.526860
factory_9,legacy,6.050420,2524.368896,-5.641239
factory_9,legacy,6.117647,2663.781738,-5.794373
factory_9,legacy,6.184874,2810.893799,-5.978580
factory_9,legacy,6.252101,2966.130371,-6.180737
factory_9,legacy,6.319328,3129.940430,-6.379373
factory_9,legacy,6.386555,3302.796875,-6.541662
factory_9,legacy,6.453782,3485.199951,-6.634886
factory_9,legacy,6.521008,3677.676025,-6.626681
factory_9,legacy,6.588235,3880.782471,-6.501709
factory_9,legacy,6.655462,4095.105469,-6.272884
factory_9,legacy,6.722689,4321.265137,-5.978771
factory_9,legacy,6.789916,4559.914551,-5.662694
factory_9,legacy,6.857143,4811.744141,-5.361831
factory_9,legacy,6.924370,5077.481445,-5.098348
factory_9,legacy,6.991597,5357.894531,-4.883098
factory_9,legacy,7.058824,5653.793457,-4.714191
factory_9,legacy,7.126050,5966.034668,-4.584196
factory_9,legacy,7.193277,6295.519531,-4.477459
factory_9,legacy,7.260504,6643.200684,-4.389648
factory_9,legacy,7.327731,7010.083008,-4.317990
factory_9,legacy,7.394958,7397.227539,-4.262545
factory_9,legacy,7.462185,7805.752441,-4.217295
factory_9,legacy,7.529412,8236.839844,-4.190015
factory_9,legacy,7.596639,8691.733398,-4.181917
factory_9,legacy,7.663866,9171.750000,-4.194983
factory_9,legacy,7.731092,9678.276367,-4.228829
factory_9,legacy,7.798319,10212.776367,-4.280176
factory_9,legacy,7.865546,10776.795898,-4.344187
factory_9,legacy,7.932773,11371.962891,-4.416434
factory_9,legacy,8.000000,12000.000000,-4.480328
factory_9,reference,0.000000,20.000000,-7.176994
factory_9,reference,0.067227,21.104536,-5.511518
factory_9,reference,0.134454,22.270071,-5.546189
factory_9,reference,0.201681,23.499975,-5.539407
factory_9,reference,0.268908,24.797804,-4.794706
factory_9,reference,0.336134,26.167307,-5.264522
factory_9,reference,0.403361,27.612442,-4.668708
factory_9,reference,0.470588,29.137390,-5.222571
factory_9,reference,0.537815,30.746555,-5.095965
factory_9,reference,0.605042,32.444588,-5.037508
factory_9,reference,0.672269,34.236401,-4.661358
factory_9,reference,0.739496,36.127167,-4.750467
factory_9,reference,0.806723,38.122353,-4.378324
factory_9,reference,0.873950,40.227730,-3.584877
factory_9,reference,0.941177,42.449379,-3.475650
factory_9,reference,1.008403,44.793720,-3.102203
factory_9,reference,1.075630,47.267536,-2.925816
factory_9,reference,1.142857,49.877968,-3.135083
factory_9,reference,1.210084,52.632568,-3.277374
factory_9,reference,1.277311,55.539299,-3.609111
factory_9,reference,1.344538,58.606552,-3.949581
factory_9,reference,1.411765,61.843204,-4.265276
factory_9,reference,1.478992,65.258606,-4.419191
factory_9,reference,1.546218,68.862625,-4.520129
factory_9,reference,1.613445,72.665695,-4.338780
factory_9,reference,1.680672,76.678787,-4.253831
factory_9,reference,1.747899,80.913506,-3.968191
factory_9,reference,1.815126,85.382095,-3.789349
factory_9,reference,1.882353,90.097488,-3.636241
factory_9,reference,1.949580,95.073273,-3.464199
factory_9,reference,2.016807,100.323875,-3.434784
factory_9,reference,2.084034,105.864441,-3.496442
factory_9,reference,2.151261,111.710999,-3.692269
factory_9,reference,2.218488,117.880432,-4.020287
factory_9,reference,2.285714,124.390594,-4.554963
factory_9,reference,2.352941,131.260284,-5.353423
factory_9,reference,2.420168,138.509369,-6.191606
factory_9,reference,2.487395,146.158783,-6.973415
factory_9,reference,2.554622,154.230667,-7.443873
factory_9,reference,2.621849,162.748337,-7.586061
factory_9,reference,2.689076,171.736420,-7.450266
factory_9,reference,2.756303,181.220856,-7.204043
factory_9,reference,2.823529,191.229095,-7.015989
factory_9,reference,2.890756,201.790070,-6.949142
factory_9,reference,2.957983,212.934280,-6.966204
factory_9,reference,3.025210,224.693970,-7.118547
factory_9,reference,3.092437,237.103104,-7.302530
factory_9,reference,3.159664,250.197540,-7.464928
factory_9,reference,3.226891,264.015137,-7.535215
factory_9,reference,3.294118,278.595856,-7.513549
factory_9,reference,3.361345,293.981812,-7.461250
factory_9,reference,3.428571,310.217468,-7.453825
factory_9,reference,3.495798,327.349792,-7.497380
factory_9,reference,3.563025,345.428284,-7.532431
factory_9,reference,3.630252,364.505157,-7.416521
factory_9,reference,3.697479,384.635620,-7.035473
factory_9,reference,3.764706,405.877808,-6.355428
factory_9,reference,3.831933,428.293121,-5.548545
factory_9,reference,3.899160,451.946381,-4.811769
factory_9,reference,3.966387,476.905945,-4.230977
factory_9,reference,4.033614,503.244019,-3.841600
factory_9,reference,4.100841,531.036560,-3.578466
factory_9,reference,4.168067,560.364014,-3.421111
factory_9,reference,4.235294,591.311096,-3.342220
factory_9,reference,4.302521,623.967346,-3.340064
factory_9,reference,4.369748,658.427063,-3.397554
factory_9,reference,4.436975,694.789795,-3.491777
factory_9,reference,4.504202,733.160889,-3.666343
factory_9,reference,4.571429,773.651001,-3.895054
factory_9,reference,4.638656,816.377197,-4.148838
factory_9,reference,4.705883,861.463074,-4.365874
factory_9,reference,4.773109,909.038940,-4.480514
factory_9,reference,4.840336,959.242249,-4.447644
factory_9,reference,4.907563,1012.218079,-4.260464
factory_9,reference,4.974790,1068.119629,-3.977088
factory_9,reference,5.042017,1127.108398,-3.637588
factory_9,reference,5.109244,1189.355103,-3.309866
factory_9,reference,5.176471,1255.039307,-3.075379
factory_9,reference,5.243698,1324.351074,-2.926111
factory_9,reference,5.310925,1397.490845,-2.854456
factory_9,reference,5.378151,1474.669678,-2.833286
factory_9,reference,5.445378,1556.110962,-2.837805
factory_9,reference,5.512605,1642.050049,-2.854990
factory_9,reference,5.579832,1732.735107,-2.877715
factory_9,reference,5.647059,1828.428467,-2.901143
factory_9,reference,5.714286,1929.406738,-2.922010
factory_9,reference,5.781513,2035.961670,-2.939895
factory_9,reference,5.848740,2148.401367,-2.955009
factory_9,reference,5.915967,2267.050537,-2.969734
factory_9,reference,5.983193,2392.252441,-2.982162
factory_9,reference,6.050420,2524.368896,-2.995902
factory_9,reference,6.117647,2663.781738,-3.016771
factory_9,reference,6.184874,2810.893799,-3.044032
factory_9,reference,6.252101,2966.130371,-3.084334
factory_9,reference,6.319328,3129.940430,-3.144881
factory_9,reference,6.386555,3302.796875,-3.232386
factory_9,reference,6.453782,3485.199951,-3.349729
factory_9,reference,6.521008,3677.676025,-3.490342
factory_9,reference,6.588235,3880.782471,-3.642893
factory_9,reference,6.655462,4095.105469,-3.793753
factory_9,reference,6.722689,4321.265137,-3.935730
factory_9,reference,6.789916,4559.914551,-4.070875
factory_9,reference,6.857143,4811.744141,-4.196421
factory_9,reference,6.924370,5077.481445,-4.313563
factory_9,reference,6.991597,5357.894531,-4.420668
factory_9,reference,7.058824,5653.793457,-4.518608
factory_9,reference,7.126050,5966.034668,-4.603751
factory_9,reference,7.193277,6295.519531,-4.680352
factory_9,reference,7.260504,6643.200684,-4.745259
factory_9,reference,7.327731,7010.083008,-4.798056
factory_9,reference,7.394958,7397.227539,-4.841562
factory_9,reference,7.462185,7805.752441,-4.878766
factory_9,reference,7.529412,8236.839844,-4.913033
factory_9,reference,7.596639,8691.733398,-4.947176
factory_9,reference,7.663866,9171.750000,-4.978816
factory_9,reference,7.731092,9678.276367,-5.002789
factory_9,reference,7.798319,10212.776367,-5.018030
factory_9,reference,7.865546,10776.795898,-5.020551
factory_9,reference,7.932773,11371.962891,-5.012281
factory_9,reference,8.000000,12000.000000,-4.999393
