preset,mode,time_s,freq_hz,gain_db
factory_0,legacy,0.000000,20.000000,-7.960393
factory_0,legacy,0.067227,21.104536,-3.592832
factory_0,legacy,0.134454,22.270071,-3.227802
factory_0,legacy,0.201681,23.499975,-2.983535
factory_0,legacy,0.268908,24.797804,-2.587490
factory_0,legacy,0.336134,26.167307,-2.631340
factory_0,legacy,0.403361,27.612442,-2.295835
factory_0,legacy,0.470588,29.137390,-2.504008
factory_0,legacy,0.537815,30.746555,-2.431809
factory_0,legacy,0.605042,32.444588,-2.433278
factory_0,legacy,0.672269,34.236401,-2.363546
factory_0,legacy,0.739496,36.127167,-2.452346
factory_0,legacy,0.806723,38.122353,-2.505633
factory_0,legacy,0.873950,40.227730,-2.629272
factory_0,legacy,0.941177,42.449379,-3.003683
factory_0,legacy,1.008403,44.793720,-3.651500
factory_0,legacy,1.075630,47.267536,-4.765264
factory_0,legacy,1.142857,49.877968,-5.820805
factory_0,legacy,1.210084,52.632568,-7.273083
factory_0,legacy,1.277311,55.539299,-8.047134
factory_0,legacy,1.344538,58.606552,-8.012284
factory_0,legacy,1.411765,61.843204,-7.012787
factory_0,legacy,1.478992,65.258606,-5.707357
factory_0,legacy,1.546218,68.862625,-4.718652
factory_0,legacy,1.613445,72.665695,-3.951479
factory_0,legacy,1.680672,76.678787,-3.875558
factory_0,legacy,1.747899,80.913506,-3.943522
factory_0,legacy,1.815126,85.382095,-4.250178
factory_0,legacy,1.882353,90.097488,-4.581584
factory_0,legacy,1.949580,95.073273,-4.697722
factory_0,legacy,2.016807,100.323875,-5.135046
factory_0,legacy,2.084034,105.864441,-5.676054
factory_0,legacy,2.151261,111.710999,-6.589195
factory_0,legacy,2.218488,117.880432,-7.919497
factory_0,legacy,2.285714,124.390594,-9.085868
factory_0,legacy,2.352941,131.260284,-8.873242
factory_0,legacy,2.420168,138.509369,-7.349034
factory_0,legacy,2.487395,146.158783,-5.499148
factory_0,legacy,2.554622,154.230667,-4.811928
factory_0,legacy,2.621849,162.748337,-4.807702
factory_0,legacy,2.689076,171.736420,-6.069726
factory_0,legacy,2.756303,181.220856,-7.882804
factory_0,legacy,2.823529,191.229095,-9.061817
factory_0,legacy,2.890756,201.790070,-9.225139
factory_0,legacy,2.957983,212.934280,-9.148533
factory_0,legacy,3.025210,224.693970,-9.204752
factory_0,legacy,3.092437,237.103104,-9.234644
factory_0,legacy,3.159664,250.197540,-9.214862
factory_0,legacy,3.226891,264.015137,-9.148067
factory_0,legacy,3.294118,278.595856,-8.956262
factory_0,legacy,3.361345,293.981812,-8.468915
factory_0,legacy,3.428571,310.217468,-7.322889
factory_0,legacy,3.495798,327.349792,-5.607971
factory_0,legacy,3.563025,345.428284,-3.763310
factory_0,legacy,3.630252,364.505157,-2.297812
factory_0,legacy,3.697479,384.635620,-1.421415
factory_0,legacy,3.764706,405.877808,-1.014646
factory_0,legacy,3.831933,428.293121,-0.965298
factory_0,legacy,3.899160,451.946381,-1.130207
factory_0,legacy,3.966387,476.905945,-1.347756
factory_0,legacy,4.033614,503.244019,-1.845699
factory_0,legacy,4.100841,531.036560,-2.845744
factory_0,legacy,4.168067,560.364014,-3.896672
factory_0,legacy,4.235294,591.311096,-4.429260
factory_0,legacy,4.302521,623.967346,-4.220021
factory_0,legacy,4.369748,658.427063,-3.871854
factory_0,legacy,4.436975,694.789795,-3.483626
factory_0,legacy,4.504202,733.160889,-3.137332
factory_0,legacy,4.571429,773.651001,-2.685267
factory_0,legacy,4.638656,816.377197,-2.151311
factory_0,legacy,4.705883,861.463074,-1.579479
factory_0,legacy,4.773109,909.038940,-1.299212
factory_0,legacy,4.840336,959.242249,-1.473759
factory_0,legacy,4.907563,1012.218079,-2.247420
factory_0,legacy,4.974790,1068.119629,-3.615691
factory_0,legacy,5.042017,1127.108398,-5.265388
factory_0,legacy,5.109244,1189.355103,-6.234739
factory_0,legacy,5.176471,1255.039307,-5.978164
factory_0,legacy,5.243698,1324.351074,-4.604304
factory_0,legacy,5.310925,1397.490845,-3.249418
factory_0,legacy,5.378151,1474.669678,-2.248378
factory_0,legacy,5.445378,1556.110962,-1.673599
factory_0,legacy,5.512605,1642.050049,-1.511890
factory_0,legacy,5.579832,1732.735107,-1.646763
factory_0,legacy,5.647059,1828.428467,-1.862402
factory_0,legacy,5.714286,1929.406738,-2.129183
factory_0,legacy,5.781513,2035.961670,-2.451915
factory_0,legacy,5.848740,2148.401367,-2.933781
factory_0,legacy,5.915967,2267.050537,-3.683918
factory_0,legacy,5.983193,2392.252441,-4.941180
factory_0,legacy,6.050420,2524.368896,-6.609456
factory_0,legacy,6.117647,2663.781738,-8.177774
factory_0,legacy,6.184874,2810.893799,-8.790168
factory_0,legacy,6.252101,2966.130371,-8.115662
factory_0,legacy,6.319328,3129.940430,-6.798144
factory_0,legacy,6.386555,3302.796875,-5.917859
factory_0,legacy,6.453782,3485.199951,-5.697674
factory_0,legacy,6.521008,3677.676025,-6.462328
factory_0,legacy,6.588235,3880.782471,-7.150090
factory_0,legacy,6.655462,4095.105469,-7.461004
factory_0,legacy,6.722689,4321.265137,-7.510982
factory_0,legacy,6.789916,4559.914551,-7.364253
factory_0,legacy,6.857143,4811.744141,-7.071275
factory_0,legacy,6.924370,5077.481445,-6.674231
factory_0,legacy,6.991597,5357.894531,-6.206197
factory_0,legacy,7.058824,5653.793457,-5.689499
factory_0,legacy,7.126050,5966.034668,-5.108161
factory_0,legacy,7.193277,6295.519531,-4.457343
factory_0,legacy,7.260504,6643.200684,-3.756321
factory_0,legacy,7.327731,7010.083008,-3.188030
factory_0,legacy,7.394958,7397.227539,-2.874341
factory_0,legacy,7.462185,7805.752441,-2.767097
factory_0,legacy,7.529412,8236.839844,-2.847273
factory_0,legacy,7.596639,8691.733398,-3.030455
factory_0,legacy,7.663866,9171.750000,-3.256347
factory_0,legacy,7.731092,9678.276367,-3.409620
factory_0,legacy,7.798319,10212.776367,-3.428679
factory_0,legacy,7.865546,10776.795898,-3.469079
factory_0,legacy,7.932773,11371.962891,-3.565231
factory_0,legacy,8.000000,12000.000000,-3.646474
factory_0,reference,0.000000,20.000000,-7.898775
factory_0,reference,0.067227,21.104536,-3.382377
factory_0,reference,0.134454,22.270071,-3.038454
factory_0,reference,0.201681,23.499975,-2.951262
factory_0,reference,0.268908,24.797804,-2.686515
factory_0,reference,0.336134,26.167307,-2.710677
factory_0,reference,0.403361,27.612442,-2.408404
factory_0,reference,0.470588,29.137390,-2.552355
factory_0,reference,0.537815,30.746555,-2.472404
factory_0,reference,0.605042,32.444588,-2.469300
factory_0,reference,0.672269,34.236401,-2.416115
factory_0,reference,0.739496,36.127167,-2.499417
factory_0,reference,0.806723,38.122353,-2.546901
factory_0,reference,0.873950,40.227730,-2.623240
factory_0,reference,0.941177,42.449379,-2.833452
factory_0,reference,1.008403,44.793720,-3.131229
factory_0,reference,1.075630,47.267536,-3.659052
factory_0,reference,1.142857,49.877968,-4.063938
factory_0,reference,1.210084,52.632568,-4.847346
factory_0,reference,1.277311,55.539299,-5.612288
factory_0,reference,1.344538,58.606552,-6.053619
factory_0,reference,1.411765,61.843204,-6.210927
factory_0,reference,1.478992,65.258606,-5.917410
factory_0,reference,1.546218,68.862625,-5.632425
factory_0,reference,1.613445,72.665695,-5.068894
factory_0,reference,1.680672,76.678787,-4.949080
factory_0,reference,1.747899,80.913506,-4.685073
factory_0,reference,1.815126,85.382095,-4.774776
factory_0,reference,1.882353,90.097488,-4.996684
factory_0,reference,1.949580,95.073273,-5.098748
factory_0,reference,2.016807,100.323875,-5.565830
factory_0,reference,2.084034,105.864441,-6.058295
factory_0,reference,2.151261,111.710999,-6.706584
factory_0,reference,2.218488,117.880432,-7.488744
factory_0,reference,2.285714,124.390594,-8.390368
factory_0,reference,2.352941,131.260284,-9.243345
factory_0,reference,2.420168,138.509369,-9.516840
factory_0,reference,2.487395,146.158783,-9.062230
factory_0,reference,2.554622,154.230667,-8.405504
factory_0,reference,2.621849,162.748337,-7.864920
factory_0,reference,2.689076,171.736420,-7.695911
factory_0,reference,2.756303,181.220856,-8.031860
factory_0,reference,2.823529,191.229095,-8.527296
factory_0,reference,2.890756,201.790070,-8.904666
factory_0,reference,2.957983,212.934280,-9.070598
factory_0,reference,3.025210,224.693970,-9.143756
factory_0,reference,3.092437,237.103104,-9.116219
factory_0,reference,3.159664,250.197540,-9.030239
factory_0,reference,3.226891,264.015137,-8.876556
factory_0,reference,3.294118,278.595856,-8.586765
factory_0,reference,3.361345,293.981812,-8.134044
factory_0,reference,3.428571,310.217468,-7.419414
factory_0,reference,3.495798,327.349792,-6.475534
factory_0,reference,3.563025,345.428284,-5.300624
factory_0,reference,3.630252,364.505157,-4.095561
factory_0,reference,3.697479,384.635620,-3.057940
factory_0,reference,3.764706,405.877808,-2.218604
factory_0,reference,3.831933,428.293121,-1.690673
factory_0,reference,3.899160,451.946381,-1.463105
factory_0,reference,3.966387,476.905945,-1.456937
factory_0,reference,4.033614,503.244019,-1.652721
factory_0,reference,4.100841,531.036560,-1.943553
factory_0,reference,4.168067,560.364014,-2.282552
factory_0,reference,4.235294,591.311096,-2.580294
factory_0,reference,4.302521,623.967346,-2.778892
factory_0,reference,4.369748,658.427063,-2.830997
factory_0,reference,4.436975,694.789795,-2.678433
factory_0,reference,4.504202,733.160889,-2.440864
factory_0,reference,4.571429,773.651001,-2.126718
factory_0,reference,4.638656,816.377197,-1.787154
factory_0,reference,4.705883,861.463074,-1.462654
factory_0,reference,4.773109,909.038940,-1.238480
factory_0,reference,4.840336,959.242249,-1.181488
factory_0,reference,4.907563,1012.218079,-1.342847
factory_0,reference,4.974790,1068.119629,-1.760255
factory_0,reference,5.042017,1127.108398,-2.397762
factory_0,reference,5.109244,1189.355103,-3.126261
factory_0,reference,5.176471,1255.039307,-3.613626
factory_0,reference,5.243698,1324.351074,-3.735071
factory_0,reference,5.310925,1397.490845,-3.457759
factory_0,reference,5.378151,1474.669678,-3.081099
factory_0,reference,5.445378,1556.110962,-2.743227
factory_0,reference,5.512605,1642.050049,-2.524878
factory_0,reference,5.579832,1732.735107,-2.447141
factory_0,reference,5.647059,1828.428467,-2.503049
factory_0,reference,5.714286,1929.406738,-2.704482
factory_0,reference,5.781513,2035.961670,-3.051123
factory_0,reference,5.848740,2148.401367,-3.552072
factory_0,reference,5.915967,2267.050537,-4.228187
factory_0,reference,5.983193,2392.252441,-5.089224
factory_0,reference,6.050420,2524.368896,-6.149377
factory_0,reference,6.117647,2663.781738,-7.325938
factory_0,reference,6.184874,2810.893799,-8.342518
factory_0,reference,6.252101,2966.130371,-8.806307
factory_0,reference,6.319328,3129.940430,-8.579365
factory_0,reference,6.386555,3302.796875,-7.982299
factory_0,reference,6.453782,3485.199951,-7.419498
factory_0,reference,6.521008,3677.676025,-7.060846
factory_0,reference,6.588235,3880.782471,-6.930571
factory_0,reference,6.655462,4095.105469,-6.888459
factory_0,reference,6.722689,4321.265137,-6.838287
factory_0,reference,6.789916,4559.914551,-6.725430
factory_0,reference,6.857143,4811.744141,-6.525811
factory_0,reference,6.924370,5077.481445,-6.225508
factory_0,reference,6.991597,5357.894531,-5.819826
factory_0,reference,7.058824,5653.793457,-5.315707
factory_0,reference,7.126050,5966.034668,-4.758176
factory_0,reference,7.193277,6295.519531,-4.192263
factory_0,reference,7.260504,6643.200684,-3.672718
factory_0,reference,7.327731,7010.083008,-3.259605
factory_0,reference,7.394958,7397.227539,-2.991353
factory_0,reference,7.462185,7805.752441,-2.862846
factory_0,reference,7.529412,8236.839844,-2.856608
factory_0,reference,7.596639,8691.733398,-2.933500
factory_0,reference,7.663866,9171.750000,-3.059081
factory_0,reference,7.731092,9678.276367,-3.202109
factory_0,reference,7.798319,10212.776367,-3.345777
factory_0,reference,7.865546,10776.795898,-3.476804
factory_0,reference,7.932773,11371.962891,-3.597225
factory_0,reference,8.000000,12000.000000,-3.690435
factory_1,legacy,0.000000,20.000000,-8.365343
factory_1,legacy,0.067227,21.104536,-4.270026
factory_1,legacy,0.134454,22.270071,-3.643161
factory_1,legacy,0.201681,23.499975,-3.141362
factory_1,legacy,0.268908,24.797804,-2.651586
factory_1,legacy,0.336134,26.167307,-2.701208
factory_1,legacy,0.403361,27.612442,-2.340803
factory_1,legacy,0.470588,29.137390,-2.543169
factory_1,legacy,0.537815,30.746555,-2.466631
factory_1,legacy,0.605042,32.444588,-2.476609
factory_1,legacy,0.672269,34.236401,-2.431827
factory_1,legacy,0.739496,36.127167,-2.559310
factory_1,legacy,0.806723,38.122353,-2.797826
factory_1,legacy,0.873950,40.227730,-3.525833
factory_1,legacy,0.941177,42.449379,-4.660529
factory_1,legacy,1.008403,44.793720,-6.513655
factory_1,legacy,1.075630,47.267536,-8.522951
factory_1,legacy,1.142857,49.877968,-9.382950
factory_1,legacy,1.210084,52.632568,-9.002324
factory_1,legacy,1.277311,55.539299,-7.140201
factory_1,legacy,1.344538,58.606552,-5.170089
factory_1,legacy,1.411765,61.843204,-4.016079
factory_1,legacy,1.478992,65.258606,-3.545234
factory_1,legacy,1.546218,68.862625,-3.750901
factory_1,legacy,1.613445,72.665695,-3.765364
factory_1,legacy,1.680672,76.678787,-4.112351
factory_1,legacy,1.747899,80.913506,-4.220508
factory_1,legacy,1.815126,85.382095,-4.694835
factory_1,legacy,1.882353,90.097488,-5.549333
factory_1,legacy,1.949580,95.073273,-6.991822
factory_1,legacy,2.016807,100.323875,-9.315451
factory_1,legacy,2.084034,105.864441,-10.446177
factory_1,legacy,2.151261,111.710999,-8.350579
factory_1,legacy,2.218488,117.880432,-5.779073
factory_1,legacy,2.285714,124.390594,-4.989937
factory_1,legacy,2.352941,131.260284,-5.636051
factory_1,legacy,2.420168,138.509369,-8.568712
factory_1,legacy,2.487395,146.158783,-10.330549
factory_1,legacy,2.554622,154.230667,-9.589786
factory_1,legacy,2.621849,162.748337,-9.040751
factory_1,legacy,2.689076,171.736420,-9.331491
factory_1,legacy,2.756303,181.220856,-9.680079
factory_1,legacy,2.823529,191.229095,-9.901651
factory_1,legacy,2.890756,201.790070,-10.149528
factory_1,legacy,2.957983,212.934280,-10.392057
factory_1,legacy,3.025210,224.693970,-10.134932
factory_1,legacy,3.092437,237.103104,-8.407311
factory_1,legacy,3.159664,250.197540,-5.505570
factory_1,legacy,3.226891,264.015137,-3.020458
factory_1,legacy,3.294118,278.595856,-1.491727
factory_1,legacy,3.361345,293.981812,-1.050035
factory_1,legacy,3.428571,310.217468,-1.049655
factory_1,legacy,3.495798,327.349792,-1.441248
factory_1,legacy,3.563025,345.428284,-2.378811
factory_1,legacy,3.630252,364.505157,-4.740402
factory_1,legacy,3.697479,384.635620,-6.929729
factory_1,legacy,3.764706,405.877808,-7.609478
factory_1,legacy,3.831933,428.293121,-7.280125
factory_1,legacy,3.899160,451.946381,-6.891055
factory_1,legacy,3.966387,476.905945,-6.466790
factory_1,legacy,4.033614,503.244019,-5.955798
factory_1,legacy,4.100841,531.036560,-4.992153
factory_1,legacy,4.168067,560.364014,-3.400655
factory_1,legacy,4.235294,591.311096,-2.007886
factory_1,legacy,4.302521,623.967346,-1.396847
factory_1,legacy,4.369748,658.427063,-1.826676
factory_1,legacy,4.436975,694.789795,-3.418679
factory_1,legacy,4.504202,733.160889,-5.344180
factory_1,legacy,4.571429,773.651001,-5.485369
factory_1,legacy,4.638656,816.377197,-3.823316
factory_1,legacy,4.705883,861.463074,-2.216103
factory_1,legacy,4.773109,909.038940,-1.520011
factory_1,legacy,4.840336,959.242249,-1.593138
factory_1,legacy,4.907563,1012.218079,-1.747690
factory_1,legacy,4.974790,1068.119629,-1.625386
factory_1,legacy,5.042017,1127.108398,-1.522823
factory_1,legacy,5.109244,1189.355103,-1.451807
factory_1,legacy,5.176471,1255.039307,-1.427356
factory_1,legacy,5.243698,1324.351074,-1.582889
factory_1,legacy,5.310925,1397.490845,-2.222450
factory_1,legacy,5.378151,1474.669678,-3.785108
factory_1,legacy,5.445378,1556.110962,-6.382122
factory_1,legacy,5.512605,1642.050049,-8.835250
factory_1,legacy,5.579832,1732.735107,-9.767125
factory_1,legacy,5.647059,1828.428467,-9.411366
factory_1,legacy,5.714286,1929.406738,-9.198097
factory_1,legacy,5.781513,2035.961670,-9.042043
factory_1,legacy,5.848740,2148.401367,-7.553957
factory_1,legacy,5.915967,2267.050537,-5.915418
factory_1,legacy,5.983193,2392.252441,-5.008011
factory_1,legacy,6.050420,2524.368896,-5.060106
factory_1,legacy,6.117647,2663.781738,-5.552816
factory_1,legacy,6.184874,2810.893799,-6.010422
factory_1,legacy,6.252101,2966.130371,-6.427159
factory_1,legacy,6.319328,3129.940430,-6.913939
factory_1,legacy,6.386555,3302.796875,-7.506233
factory_1,legacy,6.453782,3485.199951,-8.037772
factory_1,legacy,6.521008,3677.676025,-7.738370
factory_1,legacy,6.588235,3880.782471,-6.342489
factory_1,legacy,6.655462,4095.105469,-4.610137
factory_1,legacy,6.722689,4321.265137,-3.120127
factory_1,legacy,6.789916,4559.914551,-2.576390
factory_1,legacy,6.857143,4811.744141,-2.863471
factory_1,legacy,6.924370,5077.481445,-3.690040
factory_1,legacy,6.991597,5357.894531,-4.737019
factory_1,legacy,7.058824,5653.793457,-5.264857
factory_1,legacy,7.126050,5966.034668,-5.438266
factory_1,legacy,7.193277,6295.519531,-5.072206
factory_1,legacy,7.260504,6643.200684,-4.614837
factory_1,legacy,7.327731,7010.083008,-4.213597
factory_1,legacy,7.394958,7397.227539,-3.887945
factory_1,legacy,7.462185,7805.752441,-3.607233
factory_1,legacy,7.529412,8236.839844,-3.403930
factory_1,legacy,7.596639,8691.733398,-3.313707
factory_1,legacy,7.663866,9171.750000,-3.399403
factory_1,legacy,7.731092,9678.276367,-3.638549
factory_1,legacy,7.798319,10212.776367,-3.966357
factory_1,legacy,7.865546,10776.795898,-4.300605
factory_1,legacy,7.932773,11371.962891,-4.437614
factory_1,legacy,8.000000,12000.000000,-4.413962
factory_1,reference,0.000000,20.000000,-7.842942
factory_1,reference,0.067227,21.104536,-3.453469
factory_1,reference,0.134454,22.270071,-2.881436
factory_1,reference,0.201681,23.499975,-2.666067
factory_1,reference,0.268908,24.797804,-2.365174
factory_1,reference,0.336134,26.167307,-2.341647
factory_1,reference,0.403361,27.612442,-1.986316
factory_1,reference,0.470588,29.137390,-2.120257
factory_1,reference,0.537815,30.746555,-2.041870
factory_1,reference,0.605042,32.444588,-2.058542
factory_1,reference,0.672269,34.236401,-2.034953
factory_1,reference,0.739496,36.127167,-2.122697
factory_1,reference,0.806723,38.122353,-2.218639
factory_1,reference,0.873950,40.227730,-2.482161
factory_1,reference,0.941177,42.449379,-2.888557
factory_1,reference,1.008403,44.793720,-3.548743
factory_1,reference,1.075630,47.267536,-4.560581
factory_1,reference,1.142857,49.877968,-5.183284
factory_1,reference,1.210084,52.632568,-5.903638
factory_1,reference,1.277311,55.539299,-5.962155
factory_1,reference,1.344538,58.606552,-5.319550
factory_1,reference,1.411765,61.843204,-4.737519
factory_1,reference,1.478992,65.258606,-4.232896
factory_1,reference,1.546218,68.862625,-4.053142
factory_1,reference,1.613445,72.665695,-3.750639
factory_1,reference,1.680672,76.678787,-3.971306
factory_1,reference,1.747899,80.913506,-4.064612
factory_1,reference,1.815126,85.382095,-4.543104
factory_1,reference,1.882353,90.097488,-5.229860
factory_1,reference,1.949580,95.073273,-5.889865
factory_1,reference,2.016807,100.323875,-7.183272
factory_1,reference,2.084034,105.864441,-8.673082
factory_1,reference,2.151261,111.710999,-9.975712
factory_1,reference,2.218488,117.880432,-10.339938
factory_1,reference,2.285714,124.390594,-9.723568
factory_1,reference,2.352941,131.260284,-9.048578
factory_1,reference,2.420168,138.509369,-9.247209
factory_1,reference,2.487395,146.158783,-9.828313
factory_1,reference,2.554622,154.230667,-10.112736
factory_1,reference,2.621849,162.748337,-9.984125
factory_1,reference,2.689076,171.736420,-9.771670
factory_1,reference,2.756303,181.220856,-9.678631
factory_1,reference,2.823529,191.229095,-9.690758
factory_1,reference,2.890756,201.790070,-9.812363
factory_1,reference,2.957983,212.934280,-9.864204
factory_1,reference,3.025210,224.693970,-9.663639
factory_1,reference,3.092437,237.103104,-8.975633
factory_1,reference,3.159664,250.197540,-7.665660
factory_1,reference,3.226891,264.015137,-5.967007
factory_1,reference,3.294118,278.595856,-4.180977
factory_1,reference,3.361345,293.981812,-2.797657
factory_1,reference,3.428571,310.217468,-1.953299
factory_1,reference,3.495798,327.349792,-1.739290
factory_1,reference,3.563025,345.428284,-2.056981
factory_1,reference,3.630252,364.505157,-2.828327
factory_1,reference,3.697479,384.635620,-3.796046
factory_1,reference,3.764706,405.877808,-4.584542
factory_1,reference,3.831933,428.293121,-5.074921
factory_1,reference,3.899160,451.946381,-5.207100
factory_1,reference,3.966387,476.905945,-4.981511
factory_1,reference,4.033614,503.244019,-4.537589
factory_1,reference,4.100841,531.036560,-3.872216
factory_1,reference,4.168067,560.364014,-3.027300
factory_1,reference,4.235294,591.311096,-2.113199
factory_1,reference,4.302521,623.967346,-1.360828
factory_1,reference,4.369748,658.427063,-1.084291
factory_1,reference,4.436975,694.789795,-0.978817
factory_1,reference,4.504202,733.160889,-1.127586
factory_1,reference,4.571429,773.651001,-1.513986
factory_1,reference,4.638656,816.377197,-1.720733
factory_1,reference,4.705883,861.463074,-1.485072
factory_1,reference,4.773109,909.038940,-1.174879
factory_1,reference,4.840336,959.242249,-1.041864
factory_1,reference,4.907563,1012.218079,-1.006942
factory_1,reference,4.974790,1068.119629,-0.997908
factory_1,reference,5.042017,1127.108398,-0.988877
factory_1,reference,5.109244,1189.355103,-0.996135
factory_1,reference,5.176471,1255.039307,-1.052260
factory_1,reference,5.243698,1324.351074,-1.210560
factory_1,reference,5.310925,1397.490845,-1.564101
factory_1,reference,5.378151,1474.669678,-2.263263
factory_1,reference,5.445378,1556.110962,-3.428559
factory_1,reference,5.512605,1642.050049,-5.030304
factory_1,reference,5.579832,1732.735107,-6.727237
factory_1,reference,5.647059,1828.428467,-8.018610
factory_1,reference,5.714286,1929.406738,-8.565361
factory_1,reference,5.781513,2035.961670,-8.495666
factory_1,reference,5.848740,2148.401367,-7.967974
factory_1,reference,5.915967,2267.050537,-7.288615
factory_1,reference,5.983193,2392.252441,-6.658608
factory_1,reference,6.050420,2524.368896,-6.244761
factory_1,reference,6.117647,2663.781738,-6.103914
factory_1,reference,6.184874,2810.893799,-6.203321
factory_1,reference,6.252101,2966.130371,-6.473907
factory_1,reference,6.319328,3129.940430,-6.836644
factory_1,reference,6.386555,3302.796875,-7.210577
factory_1,reference,6.453782,3485.199951,-7.490284
factory_1,reference,6.521008,3677.676025,-7.475868
factory_1,reference,6.588235,3880.782471,-6.977349
factory_1,reference,6.655462,4095.105469,-6.088699
factory_1,reference,6.722689,4321.265137,-5.130951
factory_1,reference,6.789916,4559.914551,-4.330476
factory_1,reference,6.857143,4811.744141,-3.859850
factory_1,reference,6.924370,5077.481445,-3.692132
factory_1,reference,6.991597,5357.894531,-3.719677
factory_1,reference,7.058824,5653.793457,-3.792014
factory_1,reference,7.126050,5966.034668,-3.845141
factory_1,reference,7.193277,6295.519531,-3.808548
factory_1,reference,7.260504,6643.200684,-3.662587
factory_1,reference,7.327731,7010.083008,-3.435524
factory_1,reference,7.394958,7397.227539,-3.189945
factory_1,reference,7.462185,7805.752441,-2.986067
factory_1,reference,7.529412,8236.839844,-2.864001
factory_1,reference,7.596639,8691.733398,-2.837780
factory_1,reference,7.663866,9171.750000,-2.904804
factory_1,reference,7.731092,9678.276367,-3.036478
factory_1,reference,7.798319,10212.776367,-3.196748
factory_1,reference,7.865546,10776.795898,-3.356238
factory_1,reference,7.932773,11371.962891,-3.504817
factory_1,reference,8.000000,12000.000000,-3.605933
factory_10,legacy,0.000000,20.000000,-8.384513
factory_10,legacy,0.067227,21.104536,-4.362396
factory_10,legacy,0.134454,22.270071,-3.957070
factory_10,legacy,0.201681,23.499975,-3.712511
factory_10,legacy,0.268908,24.797804,-3.400561
factory_10,legacy,0.336134,26.167307,-3.257156
factory_10,legacy,0.403361,27.612442,-2.874839
factory_10,legacy,0.470588,29.137390,-2.956832
factory_10,legacy,0.537815,30.746555,-2.848938
factory_10,legacy,0.605042,32.444588,-2.851723
factory_10,legacy,0.672269,34.236401,-2.804976
factory_10,legacy,0.739496,36.127167,-2.875679
factory_10,legacy,0.806723,38.122353,-2.881919
factory_10,legacy,0.873950,40.227730,-2.840553
factory_10,legacy,0.941177,42.449379,-2.983535
factory_10,legacy,1.008403,44.793720,-3.077377
factory_10,legacy,1.075630,47.267536,-3.303178
factory_10,legacy,1.142857,49.877968,-3.577984
factory_10,legacy,1.210084,52.632568,-4.069069
factory_10,legacy,1.277311,55.539299,-4.830441
factory_10,legacy,1.344538,58.606552,-5.700770
factory_10,legacy,1.411765,61.843204,-6.864548
factory_10,legacy,1.478992,65.258606,-8.019998
factory_10,legacy,1.546218,68.862625,-9.022439
factory_10,legacy,1.613445,72.665695,-9.395081
factory_10,legacy,1.680672,76.678787,-9.364128
factory_10,legacy,1.747899,80.913506,-9.242796
factory_10,legacy,1.815126,85.382095,-9.089717
factory_10,legacy,1.882353,90.097488,-9.202726
factory_10,legacy,1.949580,95.073273,-9.151443
factory_10,legacy,2.016807,100.323875,-8.632556
factory_10,legacy,2.084034,105.864441,-8.004836
factory_10,legacy,2.151261,111.710999,-7.399264
factory_10,legacy,2.218488,117.880432,-7.024024
factory_10,legacy,2.285714,124.390594,-6.791846
factory_10,legacy,2.352941,131.260284,-6.966691
factory_10,legacy,2.420168,138.509369,-7.204809
factory_10,legacy,2.487395,146.158783,-7.579415
factory_10,legacy,2.554622,154.230667,-7.825978
factory_10,legacy,2.621849,162.748337,-8.256034
factory_10,legacy,2.689076,171.736420,-8.658145
factory_10,legacy,2.756303,181.220856,-9.066942
factory_10,legacy,2.823529,191.229095,-9.208900
factory_10,legacy,2.890756,201.790070,-8.923903
factory_10,legacy,2.957983,212.934280,-7.960834
factory_10,legacy,3.025210,224.693970,-6.618143
factory_10,legacy,3.092437,237.103104,-5.150306
factory_10,legacy,3.159664,250.197540,-3.821501
factory_10,legacy,3.226891,264.015137,-2.798590
factory_10,legacy,3.294118,278.595856,-2.042995
factory_10,legacy,3.361345,293.981812,-1.626469
factory_10,legacy,3.428571,310.217468,-1.453733
factory_10,legacy,3.495798,327.349792,-1.524137
factory_10,legacy,3.563025,345.428284,-1.710333
factory_10,legacy,3.630252,364.505157,-2.024750
factory_10,legacy,3.697479,384.635620,-2.566179
factory_10,legacy,3.764706,405.877808,-3.292923
factory_10,legacy,3.831933,428.293121,-4.148492
factory_10,legacy,3.899160,451.946381,-4.891604
factory_10,legacy,3.966387,476.905945,-5.327615
factory_10,legacy,4.033614,503.244019,-5.521860
factory_10,legacy,4.100841,531.036560,-5.383745
factory_10,legacy,4.168067,560.364014,-5.087749
factory_10,legacy,4.235294,591.311096,-4.676783
factory_10,legacy,4.302521,623.967346,-4.185678
factory_10,legacy,4.369748,658.427063,-3.638004
factory_10,legacy,4.436975,694.789795,-3.010934
factory_10,legacy,4.504202,733.160889,-2.437414
factory_10,legacy,4.571429,773.651001,-1.992218
factory_10,legacy,4.638656,816.377197,-1.742141
factory_10,legacy,4.705883,861.463074,-1.745091
factory_10,legacy,4.773109,909.038940,-2.073809
factory_10,legacy,4.840336,959.242249,-2.782901
factory_10,legacy,4.907563,1012.218079,-3.828974
factory_10,legacy,4.974790,1068.119629,-5.152607
factory_10,legacy,5.042017,1127.108398,-6.461265
factory_10,legacy,5.109244,1189.355103,-7.359188
factory_10,legacy,5.176471,1255.039307,-7.674679
factory_10,legacy,5.243698,1324.351074,-7.376327
factory_10,legacy,5.310925,1397.490845,-6.558616
factory_10,legacy,5.378151,1474.669678,-5.535004
factory_10,legacy,5.445378,1556.110962,-4.651132
factory_10,legacy,5.512605,1642.050049,-3.924433
factory_10,legacy,5.579832,1732.735107,-3.391173
factory_10,legacy,5.647059,1828.428467,-3.089365
factory_10,legacy,5.714286,1929.406738,-2.994132
factory_10,legacy,5.781513,2035.961670,-3.106034
factory_10,legacy,5.848740,2148.401367,-3.405854
factory_10,legacy,5.915967,2267.050537,-3.819937
factory_10,legacy,5.983193,2392.252441,-4.321107
factory_10,legacy,6.050420,2524.368896,-4.921268
factory_10,legacy,6.117647,2663.781738,-5.608373
factory_10,legacy,6.184874,2810.893799,-6.449471
factory_10,legacy,6.252101,2966.130371,-7.269737
factory_10,legacy,6.319328,3129.940430,-7.886024
factory_10,legacy,6.386555,3302.796875,-8.069693
factory_10,legacy,6.453782,3485.199951,-7.721775
factory_10,legacy,6.521008,3677.676025,-6.892321
factory_10,legacy,6.588235,3880.782471,-5.909681
factory_10,legacy,6.655462,4095.105469,-4.939244
factory_10,legacy,6.722689,4321.265137,-4.005322
factory_10,legacy,6.789916,4559.914551,-3.401649
factory_10,legacy,6.857143,4811.744141,-3.131226
factory_10,legacy,6.924370,5077.481445,-3.119970
factory_10,legacy,6.991597,5357.894531,-3.266155
factory_10,legacy,7.058824,5653.793457,-3.560464
factory_10,legacy,7.126050,5966.034668,-3.807564
factory_10,legacy,7.193277,6295.519531,-3.867034
factory_10,legacy,7.260504,6643.200684,-3.908330
factory_10,legacy,7.327731,7010.083008,-3.897902
factory_10,legacy,7.394958,7397.227539,-3.837058
factory_10,legacy,7.462185,7805.752441,-3.746799
factory_10,legacy,7.529412,8236.839844,-3.639400
factory_10,legacy,7.596639,8691.733398,-3.584311
factory_10,legacy,7.663866,9171.750000,-3.585420
factory_10,legacy,7.731092,9678.276367,-3.636249
factory_10,legacy,7.798319,10212.776367,-3.725902
factory_10,legacy,7.865546,10776.795898,-3.842054
factory_10,legacy,7.932773,11371.962891,-3.973645
factory_10,legacy,8.000000,12000.000000,-4.085536
factory_10,reference,0.000000,20.000000,-7.990032
factory_10,reference,0.067227,21.104536,-3.643701
factory_10,reference,0.134454,22.270071,-3.150256
factory_10,reference,0.201681,23.499975,-3.044235
factory_10,reference,0.268908,24.797804,-2.860769
factory_10,reference,0.336134,26.167307,-2.879302
factory_10,reference,0.403361,27.612442,-2.595350
factory_10,reference,0.470588,29.137390,-2.682414
factory_10,reference,0.537815,30.746555,-2.595692
factory_10,reference,0.605042,32.444588,-2.594957
factory_10,reference,0.672269,34.236401,-2.576454
factory_10,reference,0.739496,36.127167,-2.606980
factory_10,reference,0.806723,38.122353,-2.598598
factory_10,reference,0.873950,40.227730,-2.597257
factory_10,reference,0.941177,42.449379,-2.720716
factory_10,reference,1.008403,44.793720,-2.802548
factory_10,reference,1.075630,47.267536,-2.951262
factory_10,reference,1.142857,49.877968,-3.084255
factory_10,reference,1.210084,52.632568,-3.335227
factory_10,reference,1.277311,55.539299,-3.752721
factory_10,reference,1.344538,58.606552,-4.132916
factory_10,reference,1.411765,61.843204,-4.722519
factory_10,reference,1.478992,65.258606,-5.330400
factory_10,reference,1.546218,68.862625,-6.159475
factory_10,reference,1.613445,72.665695,-6.680355
factory_10,reference,1.680672,76.678787,-7.468728
factory_10,reference,1.747899,80.913506,-7.974168
factory_10,reference,1.815126,85.382095,-8.313990
factory_10,reference,1.882353,90.097488,-8.499148
factory_10,reference,1.949580,95.073273,-8.422941
factory_10,reference,2.016807,100.323875,-8.278891
factory_10,reference,2.084034,105.864441,-8.145603
factory_10,reference,2.151261,111.710999,-7.977906
factory_10,reference,2.218488,117.880432,-7.869745
factory_10,reference,2.285714,124.390594,-7.731715
factory_10,reference,2.352941,131.260284,-7.799758
factory_10,reference,2.420168,138.509369,-7.823647
factory_10,reference,2.487395,146.158783,-8.027995
factory_10,reference,2.554622,154.230667,-8.122972
factory_10,reference,2.621849,162.748337,-8.374191
factory_10,reference,2.689076,171.736420,-8.599438
factory_10,reference,2.756303,181.220856,-8.785856
factory_10,reference,2.823529,191.229095,-8.847207
factory_10,reference,2.890756,201.790070,-8.798782
factory_10,reference,2.957983,212.934280,-8.473404
factory_10,reference,3.025210,224.693970,-7.926789
factory_10,reference,3.092437,237.103104,-7.141213
factory_10,reference,3.159664,250.197540,-6.219950
factory_10,reference,3.226891,264.015137,-5.309424
factory_10,reference,3.294118,278.595856,-4.399418
factory_10,reference,3.361345,293.981812,-3.651044
factory_10,reference,3.428571,310.217468,-3.057632
factory_10,reference,3.495798,327.349792,-2.713358
factory_10,reference,3.563025,345.428284,-2.489486
factory_10,reference,3.630252,364.505157,-2.480662
factory_10,reference,3.697479,384.635620,-2.631725
factory_10,reference,3.764706,405.877808,-2.789255
factory_10,reference,3.831933,428.293121,-2.986346
factory_10,reference,3.899160,451.946381,-3.177883
factory_10,reference,3.966387,476.905945,-3.309507
factory_10,reference,4.033614,503.244019,-3.406937
factory_10,reference,4.100841,531.036560,-3.404610
factory_10,reference,4.168067,560.364014,-3.311950
factory_10,reference,4.235294,591.311096,-3.127600
factory_10,reference,4.302521,623.967346,-2.882870
factory_10,reference,4.369748,658.427063,-2.596189
factory_10,reference,4.436975,694.789795,-2.260546
factory_10,reference,4.504202,733.160889,-1.965388
factory_10,reference,4.571429,773.651001,-1.692728
factory_10,reference,4.638656,816.377197,-1.469950
factory_10,reference,4.705883,861.463074,-1.325620
factory_10,reference,4.773109,909.038940,-1.301176
factory_10,reference,4.840336,959.242249,-1.416328
factory_10,reference,4.907563,1012.218079,-1.682880
factory_10,reference,4.974790,1068.119629,-2.109242
factory_10,reference,5.042017,1127.108398,-2.658391
factory_10,reference,5.109244,1189.355103,-3.282864
factory_10,reference,5.176471,1255.039307,-3.822198
factory_10,reference,5.243698,1324.351074,-4.238164
factory_10,reference,5.310925,1397.490845,-4.452595
factory_10,reference,5.378151,1474.669678,-4.433712
factory_10,reference,5.445378,1556.110962,-4.308746
factory_10,reference,5.512605,1642.050049,-4.167398
factory_10,reference,5.579832,1732.735107,-4.051645
factory_10,reference,5.647059,1828.428467,-3.980760
factory_10,reference,5.714286,1929.406738,-3.983867
factory_10,reference,5.781513,2035.961670,-4.065043
factory_10,reference,5.848740,2148.401367,-4.244535
factory_10,reference,5.915967,2267.050537,-4.528960
factory_10,reference,5.983193,2392.252441,-4.887024
factory_10,reference,6.050420,2524.368896,-5.328243
factory_10,reference,6.117647,2663.781738,-5.823312
factory_10,reference,6.184874,2810.893799,-6.338018
factory_10,reference,6.252101,2966.130371,-6.842203
factory_10,reference,6.319328,3129.940430,-7.282004
factory_10,reference,6.386555,3302.796875,-7.557452
factory_10,reference,6.453782,3485.199951,-7.564669
factory_10,reference,6.521008,3677.676025,-7.265144
factory_10,reference,6.588235,3880.782471,-6.709733
factory_10,reference,6.655462,4095.105469,-6.035011
factory_10,reference,6.722689,4321.265137,-5.359841
factory_10,reference,6.789916,4559.914551,-4.761561
factory_10,reference,6.857143,4811.744141,-4.280253
factory_10,reference,6.924370,5077.481445,-3.919252
factory_10,reference,6.991597,5357.894531,-3.655035
factory_10,reference,7.058824,5653.793457,-3.483572
factory_10,reference,7.126050,5966.034668,-3.370079
factory_10,reference,7.193277,6295.519531,-3.283772
factory_10,reference,7.260504,6643.200684,-3.215005
factory_10,reference,7.327731,7010.083008,-3.160051
factory_10,reference,7.394958,7397.227539,-3.119654
factory_10,reference,7.462185,7805.752441,-3.089144
factory_10,reference,7.529412,8236.839844,-3.080746
factory_10,reference,7.596639,8691.733398,-3.099335
factory_10,reference,7.663866,9171.750000,-3.149712
factory_10,reference,7.731092,9678.276367,-3.230246
factory_10,reference,7.798319,10212.776367,-3.333470
factory_10,reference,7.865546,10776.795898,-3.450023
factory_10,reference,7.932773,11371.962891,-3.572084
factory_10,reference,8.000000,12000.000000,-3.673664
factory_11,legacy,0.000000,20.000000,-9.236052
factory_11,legacy,0.067227,21.104536,-7.135085
factory_11,legacy,0.134454,22.270071,-6.263547
factory_11,legacy,0.201681,23.499975,-6.146535
factory_11,legacy,0.268908,24.797804,-6.278090
factory_11,legacy,0.336134,26.167307,-6.427169
factory_11,legacy,0.403361,27.612442,-6.440380
factory_11,legacy,0.470588,29.137390,-6.430755
factory_11,legacy,0.537815,30.746555,-6.563239
factory_11,legacy,0.605042,32.444588,-6.667441
factory_11,legacy,0.672269,34.236401,-6.842790
factory_11,legacy,0.739496,36.127167,-6.626651
factory_11,legacy,0.806723,38.122353,-6.422901
factory_11,legacy,0.873950,40.227730,-6.478567
factory_11,legacy,0.941177,42.449379,-6.239396
factory_11,legacy,1.008403,44.793720,-6.052296
factory_11,legacy,1.075630,47.267536,-6.052652
factory_11,legacy,1.142857,49.877968,-5.599890
factory_11,legacy,1.210084,52.632568,-5.575296
factory_11,legacy,1.277311,55.539299,-5.553281
factory_11,legacy,1.344538,58.606552,-5.388157
factory_11,legacy,1.411765,61.843204,-5.380457
factory_11,legacy,1.478992,65.258606,-5.305949
factory_11,legacy,1.546218,68.862625,-5.425151
factory_11,legacy,1.613445,72.665695,-5.189987
factory_11,legacy,1.680672,76.678787,-5.429697
factory_11,legacy,1.747899,80.913506,-5.418493
factory_11,legacy,1.815126,85.382095,-5.838216
factory_11,legacy,1.882353,90.097488,-6.329480
factory_11,legacy,1.949580,95.073273,-6.489184
factory_11,legacy,2.016807,100.323875,-7.054651
factory_11,legacy,2.084034,105.864441,-7.458341
factory_11,legacy,2.151261,111.710999,-7.924472
factory_11,legacy,2.218488,117.880432,-8.295647
factory_11,legacy,2.285714,124.390594,-8.735401
factory_11,legacy,2.352941,131.260284,-9.353033
factory_11,legacy,2.420168,138.509369,-9.799130
factory_11,legacy,2.487395,146.158783,-10.338505
factory_11,legacy,2.554622,154.230667,-10.709888
factory_11,legacy,2.621849,162.748337,-11.228934
factory_11,legacy,2.689076,171.736420,-11.683818
factory_11,legacy,2.756303,181.220856,-12.103978
factory_11,legacy,2.823529,191.229095,-12.369166
factory_11,legacy,2.890756,201.790070,-12.632505
factory_11,legacy,2.957983,212.934280,-12.831427
factory_11,legacy,3.025210,224.693970,-12.892931
factory_11,legacy,3.092437,237.103104,-12.865507
factory_11,legacy,3.159664,250.197540,-12.750938
factory_11,legacy,3.226891,264.015137,-12.583628
factory_11,legacy,3.294118,278.595856,-12.336082
factory_11,legacy,3.361345,293.981812,-12.020943
factory_11,legacy,3.428571,310.217468,-11.632404
factory_11,legacy,3.495798,327.349792,-11.193303
factory_11,legacy,3.563025,345.428284,-10.691152
factory_11,legacy,3.630252,364.505157,-10.164265
factory_11,legacy,3.697479,384.635620,-9.613316
factory_11,legacy,3.764706,405.877808,-8.951127
factory_11,legacy,3.831933,428.293121,-8.248316
factory_11,legacy,3.899160,451.946381,-7.511570
factory_11,legacy,3.966387,476.905945,-6.687384
factory_11,legacy,4.033614,503.244019,-6.016298
factory_11,legacy,4.100841,531.036560,-5.422428
factory_11,legacy,4.168067,560.364014,-4.916425
factory_11,legacy,4.235294,591.311096,-4.453341
factory_11,legacy,4.302521,623.967346,-3.982670
factory_11,legacy,4.369748,658.427063,-3.521200
factory_11,legacy,4.436975,694.789795,-3.076539
factory_11,legacy,4.504202,733.160889,-2.743541
factory_11,legacy,4.571429,773.651001,-2.524591
factory_11,legacy,4.638656,816.377197,-2.460690
factory_11,legacy,4.705883,861.463074,-2.614642
factory_11,legacy,4.773109,909.038940,-3.030373
factory_11,legacy,4.840336,959.242249,-3.745556
factory_11,legacy,4.907563,1012.218079,-4.791823
factory_11,legacy,4.974790,1068.119629,-6.159214
factory_11,legacy,5.042017,1127.108398,-7.711189
factory_11,legacy,5.109244,1189.355103,-9.295700
factory_11,legacy,5.176471,1255.039307,-10.614296
factory_11,legacy,5.243698,1324.351074,-11.616119
factory_11,legacy,5.310925,1397.490845,-12.231836
factory_11,legacy,5.378151,1474.669678,-12.440463
factory_11,legacy,5.445378,1556.110962,-12.291130
factory_11,legacy,5.512605,1642.050049,-11.848429
factory_11,legacy,5.579832,1732.735107,-11.191455
factory_11,legacy,5.647059,1828.428467,-10.413579
factory_11,legacy,5.714286,1929.406738,-9.574116
factory_11,legacy,5.781513,2035.961670,-8.737290
factory_11,legacy,5.848740,2148.401367,-7.862975
factory_11,legacy,5.915967,2267.050537,-6.996930
factory_11,legacy,5.983193,2392.252441,-6.165068
factory_11,legacy,6.050420,2524.368896,-5.381278
factory_11,legacy,6.117647,2663.781738,-4.732681
factory_11,legacy,6.184874,2810.893799,-4.212235
factory_11,legacy,6.252101,2966.130371,-3.819977
factory_11,legacy,6.319328,3129.940430,-3.525693
factory_11,legacy,6.386555,3302.796875,-3.336878
factory_11,legacy,6.453782,3485.199951,-3.255678
factory_11,legacy,6.521008,3677.676025,-3.236185
factory_11,legacy,6.588235,3880.782471,-3.237208
factory_11,legacy,6.655462,4095.105469,-3.257591
factory_11,legacy,6.722689,4321.265137,-3.301791
factory_11,legacy,6.789916,4559.914551,-3.362855
factory_11,legacy,6.857143,4811.744141,-3.438900
factory_11,legacy,6.924370,5077.481445,-3.527840
factory_11,legacy,6.991597,5357.894531,-3.628570
factory_11,legacy,7.058824,5653.793457,-3.738285
factory_11,legacy,7.126050,5966.034668,-3.860987
factory_11,legacy,7.193277,6295.519531,-3.989958
factory_11,legacy,7.260504,6643.200684,-4.112979
factory_11,legacy,7.327731,7010.083008,-4.045368
factory_11,legacy,7.394958,7397.227539,-3.980052
factory_11,legacy,7.462185,7805.752441,-3.952120
factory_11,legacy,7.529412,8236.839844,-3.970239
factory_11,legacy,7.596639,8691.733398,-4.032727
factory_11,legacy,7.663866,9171.750000,-4.137430
factory_11,legacy,7.731092,9678.276367,-4.274336
factory_11,legacy,7.798319,10212.776367,-4.431509
factory_11,legacy,7.865546,10776.795898,-4.598212
factory_11,legacy,7.932773,11371.962891,-4.766484
factory_11,legacy,8.000000,12000.000000,-4.904630
factory_11,reference,0.000000,20.000000,-8.232181
factory_11,reference,0.067227,21.104536,-5.347664
factory_11,reference,0.134454,22.270071,-4.541674
factory_11,reference,0.201681,23.499975,-4.303685
factory_11,reference,0.268908,24.797804,-4.378332
factory_11,reference,0.336134,26.167307,-4.472924
factory_11,reference,0.403361,27.612442,-4.391289
factory_11,reference,0.470588,29.137390,-4.355547
factory_11,reference,0.537815,30.746555,-4.497224
factory_11,reference,0.605042,32.444588,-4.625507
factory_11,reference,0.672269,34.236401,-4.815946
factory_11,reference,0.739496,36.127167,-4.662270
factory_11,reference,0.806723,38.122353,-4.680843
factory_11,reference,0.873950,40.227730,-5.043326
factory_11,reference,0.941177,42.449379,-5.055602
factory_11,reference,1.008403,44.793720,-5.130159
factory_11,reference,1.075630,47.267536,-5.411026
factory_11,reference,1.142857,49.877968,-5.157115
factory_11,reference,1.210084,52.632568,-5.393997
factory_11,reference,1.277311,55.539299,-5.599268
factory_11,reference,1.344538,58.606552,-5.620132
factory_11,reference,1.411765,61.843204,-5.811823
factory_11,reference,1.478992,65.258606,-5.899413
factory_11,reference,1.546218,68.862625,-6.169664
factory_11,reference,1.613445,72.665695,-6.028326
factory_11,reference,1.680672,76.678787,-6.385190
factory_11,reference,1.747899,80.913506,-6.371152
factory_11,reference,1.815126,85.382095,-6.705650
factory_11,reference,1.882353,90.097488,-7.078875
factory_11,reference,1.949580,95.073273,-7.098941
factory_11,reference,2.016807,100.323875,-7.501555
factory_11,reference,2.084034,105.864441,-7.754368
factory_11,reference,2.151261,111.710999,-8.065896
factory_11,reference,2.218488,117.880432,-8.304447
factory_11,reference,2.285714,124.390594,-8.597534
factory_11,reference,2.352941,131.260284,-9.073298
factory_11,reference,2.420168,138.509369,-9.383821
factory_11,reference,2.487395,146.158783,-9.803081
factory_11,reference,2.554622,154.230667,-10.052786
factory_11,reference,2.621849,162.748337,-10.451868
factory_11,reference,2.689076,171.736420,-10.801495
factory_11,reference,2.756303,181.220856,-11.124106
factory_11,reference,2.823529,191.229095,-11.319107
factory_11,reference,2.890756,201.790070,-11.519256
factory_11,reference,2.957983,212.934280,-11.668730
factory_11,reference,3.025210,224.693970,-11.689180
factory_11,reference,3.092437,237.103104,-11.615930
factory_11,reference,3.159664,250.197540,-11.451164
factory_11,reference,3.226891,264.015137,-11.237899
factory_11,reference,3.294118,278.595856,-10.946692
factory_11,reference,3.361345,293.981812,-10.596981
factory_11,reference,3.428571,310.217468,-10.199867
factory_11,reference,3.495798,327.349792,-9.767317
factory_11,reference,3.563025,345.428284,-9.287118
factory_11,reference,3.630252,364.505157,-8.797402
factory_11,reference,3.697479,384.635620,-8.296743
factory_11,reference,3.764706,405.877808,-7.706403
factory_11,reference,3.831933,428.293121,-7.110162
factory_11,reference,3.899160,451.946381,-6.502187
factory_11,reference,3.966387,476.905945,-5.811239
factory_11,reference,4.033614,503.244019,-5.144238
factory_11,reference,4.100841,531.036560,-4.450771
factory_11,reference,4.168067,560.364014,-3.801549
factory_11,reference,4.235294,591.311096,-3.181026
factory_11,reference,4.302521,623.967346,-2.631453
factory_11,reference,4.369748,658.427063,-2.175259
factory_11,reference,4.436975,694.789795,-1.767857
factory_11,reference,4.504202,733.160889,-1.496923
factory_11,reference,4.571429,773.651001,-1.300122
factory_11,reference,4.638656,816.377197,-1.192597
factory_11,reference,4.705883,861.463074,-1.167468
factory_11,reference,4.773109,909.038940,-1.239228
factory_11,reference,4.840336,959.242249,-1.407717
factory_11,reference,4.907563,1012.218079,-1.682975
factory_11,reference,4.974790,1068.119629,-2.087053
factory_11,reference,5.042017,1127.108398,-2.632096
factory_11,reference,5.109244,1189.355103,-3.370219
factory_11,reference,5.176471,1255.039307,-4.263940
factory_11,reference,5.243698,1324.351074,-5.320231
factory_11,reference,5.310925,1397.490845,-6.438559
factory_11,reference,5.378151,1474.669678,-7.519158
factory_11,reference,5.445378,1556.110962,-8.510936
factory_11,reference,5.512605,1642.050049,-9.387626
factory_11,reference,5.579832,1732.735107,-10.103462
factory_11,reference,5.647059,1828.428467,-10.658230
factory_11,reference,5.714286,1929.406738,-10.978025
factory_11,reference,5.781513,2035.961670,-11.032652
factory_11,reference,5.848740,2148.401367,-10.853930
factory_11,reference,5.915967,2267.050537,-10.488210
factory_11,reference,5.983193,2392.252441,-9.991265
factory_11,reference,6.050420,2524.368896,-9.391199
factory_11,reference,6.117647,2663.781738,-8.739003
factory_11,reference,6.184874,2810.893799,-8.059373
factory_11,reference,6.252101,2966.130371,-7.374215
factory_11,reference,6.319328,3129.940430,-6.688328
factory_11,reference,6.386555,3302.796875,-6.038348
factory_11,reference,6.453782,3485.199951,-5.436494
factory_11,reference,6.521008,3677.676025,-4.912829
factory_11,reference,6.588235,3880.782471,-4.477887
factory_11,reference,6.655462,4095.105469,-4.126578
factory_11,reference,6.722689,4321.265137,-3.837815
factory_11,reference,6.789916,4559.914551,-3.598456
factory_11,reference,6.857143,4811.744141,-3.402020
factory_11,reference,6.924370,5077.481445,-3.243735
factory_11,reference,6.991597,5357.894531,-3.116508
factory_11,reference,7.058824,5653.793457,-3.017330
factory_11,reference,7.126050,5966.034668,-2.949519
factory_11,reference,7.193277,6295.519531,-2.903697
factory_11,reference,7.260504,6643.200684,-2.874656
factory_11,reference,7.327731,7010.083008,-2.812774
factory_11,reference,7.394958,7397.227539,-2.796505
factory_11,reference,7.462185,7805.752441,-2.823932
factory_11,reference,7.529412,8236.839844,-2.897033
factory_11,reference,7.596639,8691.733398,-3.008946
factory_11,reference,7.663866,9171.750000,-3.154324
factory_11,reference,7.731092,9678.276367,-3.318646
factory_11,reference,7.798319,10212.776367,-3.492342
factory_11,reference,7.865546,10776.795898,-3.664629
factory_11,reference,7.932773,11371.962891,-3.826839
factory_11,reference,8.000000,12000.000000,-3.950565
factory_2,legacy,0.000000,20.000000,-8.263915
factory_2,legacy,0.067227,21.104536,-3.990844
factory_2,legacy,0.134454,22.270071,-3.417183
factory_2,legacy,0.201681,23.499975,-3.262772
factory_2,legacy,0.268908,24.797804,-2.841064
factory_2,legacy,0.336134,26.167307,-3.009407
factory_2,legacy,0.403361,27.612442,-2.644950
factory_2,legacy,0.470588,29.137390,-2.859654
factory_2,legacy,0.537815,30.746555,-2.872458
factory_2,legacy,0.605042,32.444588,-3.257116
factory_2,legacy,0.672269,34.236401,-4.149221
factory_2,legacy,0.739496,36.127167,-5.275343
factory_2,legacy,0.806723,38.122353,-5.371505
factory_2,legacy,0.873950,40.227730,-4.159027
factory_2,legacy,0.941177,42.449379,-3.161275
factory_2,legacy,1.008403,44.793720,-2.840999
factory_2,legacy,1.075630,47.267536,-2.875111
factory_2,legacy,1.142857,49.877968,-2.966976
factory_2,legacy,1.210084,52.632568,-3.049874
factory_2,legacy,1.277311,55.539299,-3.507948
factory_2,legacy,1.344538,58.606552,-4.592196
factory_2,legacy,1.411765,61.843204,-6.619402
factory_2,legacy,1.478992,65.258606,-8.566175
factory_2,legacy,1.546218,68.862625,-9.040731
factory_2,legacy,1.613445,72.665695,-7.487304
factory_2,legacy,1.680672,76.678787,-5.417672
factory_2,legacy,1.747899,80.913506,-4.298347
factory_2,legacy,1.815126,85.382095,-4.477022
factory_2,legacy,1.882353,90.097488,-4.804899
factory_2,legacy,1.949580,95.073273,-4.946462
factory_2,legacy,2.016807,100.323875,-5.713190
factory_2,legacy,2.084034,105.864441,-7.430577
factory_2,legacy,2.151261,111.710999,-9.052135
factory_2,legacy,2.218488,117.880432,-8.054103
factory_2,legacy,2.285714,124.390594,-6.776281
factory_2,legacy,2.352941,131.260284,-7.952732
factory_2,legacy,2.420168,138.509369,-8.750463
factory_2,legacy,2.487395,146.158783,-7.735121
factory_2,legacy,2.554622,154.230667,-7.577849
factory_2,legacy,2.621849,162.748337,-7.888004
factory_2,legacy,2.689076,171.736420,-8.177628
factory_2,legacy,2.756303,181.220856,-8.655571
factory_2,legacy,2.823529,191.229095,-8.993990
factory_2,legacy,2.890756,201.790070,-7.202252
factory_2,legacy,2.957983,212.934280,-3.994843
factory_2,legacy,3.025210,224.693970,-2.369388
factory_2,legacy,3.092437,237.103104,-3.038467
factory_2,legacy,3.159664,250.197540,-6.445394
factory_2,legacy,3.226891,264.015137,-8.744256
factory_2,legacy,3.294118,278.595856,-8.977781
factory_2,legacy,3.361345,293.981812,-8.880208
factory_2,legacy,3.428571,310.217468,-8.738247
factory_2,legacy,3.495798,327.349792,-8.346561
factory_2,legacy,3.563025,345.428284,-6.756405
factory_2,legacy,3.630252,364.505157,-3.868289
factory_2,legacy,3.697479,384.635620,-1.839134
factory_2,legacy,3.764706,405.877808,-1.305631
factory_2,legacy,3.831933,428.293121,-1.531370
factory_2,legacy,3.899160,451.946381,-2.297560
factory_2,legacy,3.966387,476.905945,-4.889046
factory_2,legacy,4.033614,503.244019,-6.350972
factory_2,legacy,4.100841,531.036560,-6.081359
factory_2,legacy,4.168067,560.364014,-5.726704
factory_2,legacy,4.235294,591.311096,-5.058164
factory_2,legacy,4.302521,623.967346,-3.408812
factory_2,legacy,4.369748,658.427063,-1.875196
factory_2,legacy,4.436975,694.789795,-1.796526
factory_2,legacy,4.504202,733.160889,-3.257555
factory_2,legacy,4.571429,773.651001,-3.876695
factory_2,legacy,4.638656,816.377197,-2.340137
factory_2,legacy,4.705883,861.463074,-1.767500
factory_2,legacy,4.773109,909.038940,-2.329368
factory_2,legacy,4.840336,959.242249,-2.267924
factory_2,legacy,4.907563,1012.218079,-2.064674
factory_2,legacy,4.974790,1068.119629,-1.849447
factory_2,legacy,5.042017,1127.108398,-1.643266
factory_2,legacy,5.109244,1189.355103,-2.127542
factory_2,legacy,5.176471,1255.039307,-4.249785
factory_2,legacy,5.243698,1324.351074,-7.335031
factory_2,legacy,5.310925,1397.490845,-8.568145
factory_2,legacy,5.378151,1474.669678,-6.475779
factory_2,legacy,5.445378,1556.110962,-3.519051
factory_2,legacy,5.512605,1642.050049,-2.040550
factory_2,legacy,5.579832,1732.735107,-1.984490
factory_2,legacy,5.647059,1828.428467,-2.217638
factory_2,legacy,5.714286,1929.406738,-2.541999
factory_2,legacy,5.781513,2035.961670,-3.370236
factory_2,legacy,5.848740,2148.401367,-5.483847
factory_2,legacy,5.915967,2267.050537,-8.062155
factory_2,legacy,5.983193,2392.252441,-9.143465
factory_2,legacy,6.050420,2524.368896,-8.454370
factory_2,legacy,6.117647,2663.781738,-8.604058
factory_2,legacy,6.184874,2810.893799,-8.262308
factory_2,legacy,6.252101,2966.130371,-6.874172
factory_2,legacy,6.319328,3129.940430,-6.543561
factory_2,legacy,6.386555,3302.796875,-6.917953
factory_2,legacy,6.453782,3485.199951,-7.241158
factory_2,legacy,6.521008,3677.676025,-7.635449
factory_2,legacy,6.588235,3880.782471,-7.990877
factory_2,legacy,6.655462,4095.105469,-7.156367
factory_2,legacy,6.722689,4321.265137,-5.116688
factory_2,legacy,6.789916,4559.914551,-3.310075
factory_2,legacy,6.857143,4811.744141,-3.307116
factory_2,legacy,6.924370,5077.481445,-4.868804
factory_2,legacy,6.991597,5357.894531,-5.939202
factory_2,legacy,7.058824,5653.793457,-6.160719
factory_2,legacy,7.126050,5966.034668,-5.668807
factory_2,legacy,7.193277,6295.519531,-5.145209
factory_2,legacy,7.260504,6643.200684,-4.575566
factory_2,legacy,7.327731,7010.083008,-3.825024
factory_2,legacy,7.394958,7397.227539,-3.193508
factory_2,legacy,7.462185,7805.752441,-3.009929
factory_2,legacy,7.529412,8236.839844,-3.203556
factory_2,legacy,7.596639,8691.733398,-3.463726
factory_2,legacy,7.663866,9171.750000,-3.381099
factory_2,legacy,7.731092,9678.276367,-3.427819
factory_2,legacy,7.798319,10212.776367,-3.527744
factory_2,legacy,7.865546,10776.795898,-3.651133
factory_2,legacy,7.932773,11371.962891,-3.785768
factory_2,legacy,8.000000,12000.000000,-3.900161
factory_2,reference,0.000000,20.000000,-7.863646
factory_2,reference,0.067227,21.104536,-3.327546
factory_2,reference,0.134454,22.270071,-3.001855
factory_2,reference,0.201681,23.499975,-2.895642
factory_2,reference,0.268908,24.797804,-2.522947
factory_2,reference,0.336134,26.167307,-2.642934
factory_2,reference,0.403361,27.612442,-2.288747
factory_2,reference,0.470588,29.137390,-2.494602
factory_2,reference,0.537815,30.746555,-2.451763
factory_2,reference,0.605042,32.444588,-2.564341
factory_2,reference,0.672269,34.236401,-2.785520
factory_2,reference,0.739496,36.127167,-3.183536
factory_2,reference,0.806723,38.122353,-3.505727
factory_2,reference,0.873950,40.227730,-3.576252
factory_2,reference,0.941177,42.449379,-3.183931
factory_2,reference,1.008403,44.793720,-2.862624
factory_2,reference,1.075630,47.267536,-2.712879
factory_2,reference,1.142857,49.877968,-2.697322
factory_2,reference,1.210084,52.632568,-2.798779
factory_2,reference,1.277311,55.539299,-3.124475
factory_2,reference,1.344538,58.606552,-3.549342
factory_2,reference,1.411765,61.843204,-4.396808
factory_2,reference,1.478992,65.258606,-5.445981
factory_2,reference,1.546218,68.862625,-6.529936
factory_2,reference,1.613445,72.665695,-6.490951
factory_2,reference,1.680672,76.678787,-5.876227
factory_2,reference,1.747899,80.913506,-5.022416
factory_2,reference,1.815126,85.382095,-4.692050
factory_2,reference,1.882353,90.097488,-4.740553
factory_2,reference,1.949580,95.073273,-4.864277
factory_2,reference,2.016807,100.323875,-5.471816
factory_2,reference,2.084034,105.864441,-6.316830
factory_2,reference,2.151261,111.710999,-7.465358
factory_2,reference,2.218488,117.880432,-8.595894
factory_2,reference,2.285714,124.390594,-9.005568
factory_2,reference,2.352941,131.260284,-8.903053
factory_2,reference,2.420168,138.509369,-8.822268
factory_2,reference,2.487395,146.158783,-8.486032
factory_2,reference,2.554622,154.230667,-7.982942
factory_2,reference,2.621849,162.748337,-7.883389
factory_2,reference,2.689076,171.736420,-8.064363
factory_2,reference,2.756303,181.220856,-8.393390
factory_2,reference,2.823529,191.229095,-8.674788
factory_2,reference,2.890756,201.790070,-8.576685
factory_2,reference,2.957983,212.934280,-7.476388
factory_2,reference,3.025210,224.693970,-5.978742
factory_2,reference,3.092437,237.103104,-5.226424
factory_2,reference,3.159664,250.197540,-5.906592
factory_2,reference,3.226891,264.015137,-7.159139
factory_2,reference,3.294118,278.595856,-7.843031
factory_2,reference,3.361345,293.981812,-8.052244
factory_2,reference,3.428571,310.217468,-7.943498
factory_2,reference,3.495798,327.349792,-7.588546
factory_2,reference,3.563025,345.428284,-6.835816
factory_2,reference,3.630252,364.505157,-5.498694
factory_2,reference,3.697479,384.635620,-3.788991
factory_2,reference,3.764706,405.877808,-2.342904
factory_2,reference,3.831933,428.293121,-1.705683
factory_2,reference,3.899160,451.946381,-1.929052
factory_2,reference,3.966387,476.905945,-2.836311
factory_2,reference,4.033614,503.244019,-3.933391
factory_2,reference,4.100841,531.036560,-4.512298
factory_2,reference,4.168067,560.364014,-4.473819
factory_2,reference,4.235294,591.311096,-3.964931
factory_2,reference,4.302521,623.967346,-3.118943
factory_2,reference,4.369748,658.427063,-2.110679
factory_2,reference,4.436975,694.789795,-1.351151
factory_2,reference,4.504202,733.160889,-1.132908
factory_2,reference,4.571429,773.651001,-1.295044
factory_2,reference,4.638656,816.377197,-1.361613
factory_2,reference,4.705883,861.463074,-1.202471
factory_2,reference,4.773109,909.038940,-1.228934
factory_2,reference,4.840336,959.242249,-1.363282
factory_2,reference,4.907563,1012.218079,-1.388754
factory_2,reference,4.974790,1068.119629,-1.298024
factory_2,reference,5.042017,1127.108398,-1.213667
factory_2,reference,5.109244,1189.355103,-1.332896
factory_2,reference,5.176471,1255.039307,-1.906571
factory_2,reference,5.243698,1324.351074,-3.124144
factory_2,reference,5.310925,1397.490845,-4.537151
factory_2,reference,5.378151,1474.669678,-4.967961
factory_2,reference,5.445378,1556.110962,-4.062365
factory_2,reference,5.512605,1642.050049,-3.060349
factory_2,reference,5.579832,1732.735107,-2.509046
factory_2,reference,5.647059,1828.428467,-2.414389
factory_2,reference,5.714286,1929.406738,-2.719154
factory_2,reference,5.781513,2035.961670,-3.380017
factory_2,reference,5.848740,2148.401367,-4.461244
factory_2,reference,5.915967,2267.050537,-5.968436
factory_2,reference,5.983193,2392.252441,-7.545989
factory_2,reference,6.050420,2524.368896,-8.523394
factory_2,reference,6.117647,2663.781738,-8.669059
factory_2,reference,6.184874,2810.893799,-8.367144
factory_2,reference,6.252101,2966.130371,-7.787206
factory_2,reference,6.319328,3129.940430,-7.262277
factory_2,reference,6.386555,3302.796875,-7.075438
factory_2,reference,6.453782,3485.199951,-7.195001
factory_2,reference,6.521008,3677.676025,-7.433106
factory_2,reference,6.588235,3880.782471,-7.595339
factory_2,reference,6.655462,4095.105469,-7.332840
factory_2,reference,6.722689,4321.265137,-6.390809
factory_2,reference,6.789916,4559.914551,-5.244274
factory_2,reference,6.857143,4811.744141,-4.491928
factory_2,reference,6.924370,5077.481445,-4.335188
factory_2,reference,6.991597,5357.894531,-4.574717
factory_2,reference,7.058824,5653.793457,-4.789739
factory_2,reference,7.126050,5966.034668,-4.738348
factory_2,reference,7.193277,6295.519531,-4.402991
factory_2,reference,7.260504,6643.200684,-3.907609
factory_2,reference,7.327731,7010.083008,-3.393285
factory_2,reference,7.394958,7397.227539,-2.973130
factory_2,reference,7.462185,7805.752441,-2.749062
factory_2,reference,7.529412,8236.839844,-2.721085
factory_2,reference,7.596639,8691.733398,-2.808805
factory_2,reference,7.663866,9171.750000,-2.938455
factory_2,reference,7.731092,9678.276367,-3.060394
factory_2,reference,7.798319,10212.776367,-3.174646
factory_2,reference,7.865546,10776.795898,-3.289385
factory_2,reference,7.932773,11371.962891,-3.412525
factory_2,reference,8.000000,12000.000000,-3.522975
factory_3,legacy,0.000000,20.000000,-7.899848
factory_3,legacy,0.067227,21.104536,-2.848819
factory_3,legacy,0.134454,22.270071,-2.768983
factory_3,legacy,0.201681,23.499975,-2.565885
factory_3,legacy,0.268908,24.797804,-2.317437
factory_3,legacy,0.336134,26.167307,-2.160730
factory_3,legacy,0.403361,27.612442,-1.779073
factory_3,legacy,0.470588,29.137390,-1.773851
factory_3,legacy,0.537815,30.746555,-1.659802
factory_3,legacy,0.605042,32.444588,-1.624992
factory_3,legacy,0.672269,34.236401,-1.541872
factory_3,legacy,0.739496,36.127167,-1.577548
factory_3,legacy,0.806723,38.122353,-1.601713
factory_3,legacy,0.873950,40.227730,-1.609959
factory_3,legacy,0.941177,42.449379,-1.738709
factory_3,legacy,1.008403,44.793720,-1.879295
factory_3,legacy,1.075630,47.267536,-2.205629
factory_3,legacy,1.142857,49.877968,-2.464542
factory_3,legacy,1.210084,52.632568,-3.204334
factory_3,legacy,1.277311,55.539299,-4.307719
factory_3,legacy,1.344538,58.606552,-5.606804
factory_3,legacy,1.411765,61.843204,-7.117218
factory_3,legacy,1.478992,65.258606,-8.345140
factory_3,legacy,1.546218,68.862625,-9.184823
factory_3,legacy,1.613445,72.665695,-9.397724
factory_3,legacy,1.680672,76.678787,-9.457094
factory_3,legacy,1.747899,80.913506,-9.247482
factory_3,legacy,1.815126,85.382095,-8.815877
factory_3,legacy,1.882353,90.097488,-8.153373
factory_3,legacy,1.949580,95.073273,-7.208660
factory_3,legacy,2.016807,100.323875,-6.592904
factory_3,legacy,2.084034,105.864441,-6.059113
factory_3,legacy,2.151261,111.710999,-5.781146
factory_3,legacy,2.218488,117.880432,-5.609962
factory_3,legacy,2.285714,124.390594,-5.666689
factory_3,legacy,2.352941,131.260284,-6.043133
factory_3,legacy,2.420168,138.509369,-6.421413
factory_3,legacy,2.487395,146.158783,-7.013321
factory_3,legacy,2.554622,154.230667,-7.700495
factory_3,legacy,2.621849,162.748337,-8.658959
factory_3,legacy,2.689076,171.736420,-9.490052
factory_3,legacy,2.756303,181.220856,-9.571331
factory_3,legacy,2.823529,191.229095,-8.431559
factory_3,legacy,2.890756,201.790070,-6.635981
factory_3,legacy,2.957983,212.934280,-4.775392
factory_3,legacy,3.025210,224.693970,-3.432934
factory_3,legacy,3.092437,237.103104,-2.598420
factory_3,legacy,3.159664,250.197540,-2.170452
factory_3,legacy,3.226891,264.015137,-2.159920
factory_3,legacy,3.294118,278.595856,-2.416520
factory_3,legacy,3.361345,293.981812,-2.951931
factory_3,legacy,3.428571,310.217468,-3.707410
factory_3,legacy,3.495798,327.349792,-4.639449
factory_3,legacy,3.563025,345.428284,-5.502625
factory_3,legacy,3.630252,364.505157,-6.215063
factory_3,legacy,3.697479,384.635620,-6.695662
factory_3,legacy,3.764706,405.877808,-6.843217
factory_3,legacy,3.831933,428.293121,-6.777455
factory_3,legacy,3.899160,451.946381,-6.571151
factory_3,legacy,3.966387,476.905945,-6.379041
factory_3,legacy,4.033614,503.244019,-5.858230
factory_3,legacy,4.100841,531.036560,-5.062869
factory_3,legacy,4.168067,560.364014,-4.145852
factory_3,legacy,4.235294,591.311096,-3.099872
factory_3,legacy,4.302521,623.967346,-2.057527
factory_3,legacy,4.369748,658.427063,-1.171240
factory_3,legacy,4.436975,694.789795,-0.938058
factory_3,legacy,4.504202,733.160889,-0.960368
factory_3,legacy,4.571429,773.651001,-1.122118
factory_3,legacy,4.638656,816.377197,-1.630079
factory_3,legacy,4.705883,861.463074,-2.116997
factory_3,legacy,4.773109,909.038940,-2.260009
factory_3,legacy,4.840336,959.242249,-2.054193
factory_3,legacy,4.907563,1012.218079,-1.673388
factory_3,legacy,4.974790,1068.119629,-1.307986
factory_3,legacy,5.042017,1127.108398,-1.143344
factory_3,legacy,5.109244,1189.355103,-1.083322
factory_3,legacy,5.176471,1255.039307,-0.944666
factory_3,legacy,5.243698,1324.351074,-0.954984
factory_3,legacy,5.310925,1397.490845,-0.952937
factory_3,legacy,5.378151,1474.669678,-0.937355
factory_3,legacy,5.445378,1556.110962,-0.916338
factory_3,legacy,5.512605,1642.050049,-0.900656
factory_3,legacy,5.579832,1732.735107,-0.957018
factory_3,legacy,5.647059,1828.428467,-1.193316
factory_3,legacy,5.714286,1929.406738,-1.645985
factory_3,legacy,5.781513,2035.961670,-2.428495
factory_3,legacy,5.848740,2148.401367,-3.681028
factory_3,legacy,5.915967,2267.050537,-5.437312
factory_3,legacy,5.983193,2392.252441,-7.452554
factory_3,legacy,6.050420,2524.368896,-9.104613
factory_3,legacy,6.117647,2663.781738,-9.659728
factory_3,legacy,6.184874,2810.893799,-8.970843
factory_3,legacy,6.252101,2966.130371,-7.982299
factory_3,legacy,6.319328,3129.940430,-7.439633
factory_3,legacy,6.386555,3302.796875,-7.479101
factory_3,legacy,6.453782,3485.199951,-7.792192
factory_3,legacy,6.521008,3677.676025,-7.867777
factory_3,legacy,6.588235,3880.782471,-7.971276
factory_3,legacy,6.655462,4095.105469,-8.030061
factory_3,legacy,6.722689,4321.265137,-7.976342
factory_3,legacy,6.789916,4559.914551,-7.810770
factory_3,legacy,6.857143,4811.744141,-7.551599
factory_3,legacy,6.924370,5077.481445,-7.188997
factory_3,legacy,6.991597,5357.894531,-6.695936
factory_3,legacy,7.058824,5653.793457,-6.055990
factory_3,legacy,7.126050,5966.034668,-5.328258
factory_3,legacy,7.193277,6295.519531,-4.546243
factory_3,legacy,7.260504,6643.200684,-3.789817
factory_3,legacy,7.327731,7010.083008,-3.149475
factory_3,legacy,7.394958,7397.227539,-2.692196
factory_3,legacy,7.462185,7805.752441,-2.431087
factory_3,legacy,7.529412,8236.839844,-2.343756
factory_3,legacy,7.596639,8691.733398,-2.379310
factory_3,legacy,7.663866,9171.750000,-2.493658
factory_3,legacy,7.731092,9678.276367,-2.705230
factory_3,legacy,7.798319,10212.776367,-2.944502
factory_3,legacy,7.865546,10776.795898,-3.122930
factory_3,legacy,7.932773,11371.962891,-3.216873
factory_3,legacy,8.000000,12000.000000,-3.250722
factory_3,reference,0.000000,20.000000,-7.733646
factory_3,reference,0.067227,21.104536,-2.337290
factory_3,reference,0.134454,22.270071,-2.227395
factory_3,reference,0.201681,23.499975,-2.170754
factory_3,reference,0.268908,24.797804,-2.008903
factory_3,reference,0.336134,26.167307,-2.033404
factory_3,reference,0.403361,27.612442,-1.772779
factory_3,reference,0.470588,29.137390,-1.838870
factory_3,reference,0.537815,30.746555,-1.774448
factory_3,reference,0.605042,32.444588,-1.767264
factory_3,reference,0.672269,34.236401,-1.735125
factory_3,reference,0.739496,36.127167,-1.733192
factory_3,reference,0.806723,38.122353,-1.777723
factory_3,reference,0.873950,40.227730,-1.867623
factory_3,reference,0.941177,42.449379,-1.992243
factory_3,reference,1.008403,44.793720,-2.152336
factory_3,reference,1.075630,47.267536,-2.474402
factory_3,reference,1.142857,49.877968,-2.599998
factory_3,reference,1.210084,52.632568,-3.103371
factory_3,reference,1.277311,55.539299,-3.758408
factory_3,reference,1.344538,58.606552,-4.404897
factory_3,reference,1.411765,61.843204,-5.236024
factory_3,reference,1.478992,65.258606,-5.976830
factory_3,reference,1.546218,68.862625,-6.800509
factory_3,reference,1.613445,72.665695,-7.121558
factory_3,reference,1.680672,76.678787,-7.550279
factory_3,reference,1.747899,80.913506,-7.469523
factory_3,reference,1.815126,85.382095,-7.473945
factory_3,reference,1.882353,90.097488,-7.392452
factory_3,reference,1.949580,95.073273,-7.044683
factory_3,reference,2.016807,100.323875,-6.980601
factory_3,reference,2.084034,105.864441,-6.867533
factory_3,reference,2.151261,111.710999,-6.863633
factory_3,reference,2.218488,117.880432,-6.883995
factory_3,reference,2.285714,124.390594,-7.045487
factory_3,reference,2.352941,131.260284,-7.471419
factory_3,reference,2.420168,138.509369,-7.847392
factory_3,reference,2.487395,146.158783,-8.357064
factory_3,reference,2.554622,154.230667,-8.807019
factory_3,reference,2.621849,162.748337,-9.341628
factory_3,reference,2.689076,171.736420,-9.708509
factory_3,reference,2.756303,181.220856,-9.705431
factory_3,reference,2.823529,191.229095,-9.227153
factory_3,reference,2.890756,201.790070,-8.393041
factory_3,reference,2.957983,212.934280,-7.298927
factory_3,reference,3.025210,224.693970,-6.309081
factory_3,reference,3.092437,237.103104,-5.488004
factory_3,reference,3.159664,250.197540,-4.883629
factory_3,reference,3.226891,264.015137,-4.590547
factory_3,reference,3.294118,278.595856,-4.522672
factory_3,reference,3.361345,293.981812,-4.628240
factory_3,reference,3.428571,310.217468,-4.817381
factory_3,reference,3.495798,327.349792,-5.078992
factory_3,reference,3.563025,345.428284,-5.281439
factory_3,reference,3.630252,364.505157,-5.447541
factory_3,reference,3.697479,384.635620,-5.548965
factory_3,reference,3.764706,405.877808,-5.462726
factory_3,reference,3.831933,428.293121,-5.274543
factory_3,reference,3.899160,451.946381,-4.982552
factory_3,reference,3.966387,476.905945,-4.566618
factory_3,reference,4.033614,503.244019,-4.137957
factory_3,reference,4.100841,531.036560,-3.615309
factory_3,reference,4.168067,560.364014,-3.046266
factory_3,reference,4.235294,591.311096,-2.443385
factory_3,reference,4.302521,623.967346,-1.884479
factory_3,reference,4.369748,658.427063,-1.407201
factory_3,reference,4.436975,694.789795,-1.023437
factory_3,reference,4.504202,733.160889,-0.953881
factory_3,reference,4.571429,773.651001,-0.959579
factory_3,reference,4.638656,816.377197,-0.968388
factory_3,reference,4.705883,861.463074,-0.981850
factory_3,reference,4.773109,909.038940,-1.008564
factory_3,reference,4.840336,959.242249,-1.059451
factory_3,reference,4.907563,1012.218079,-1.102447
factory_3,reference,4.974790,1068.119629,-1.132324
factory_3,reference,5.042017,1127.108398,-1.130517
factory_3,reference,5.109244,1189.355103,-1.080593
factory_3,reference,5.176471,1255.039307,-0.951335
factory_3,reference,5.243698,1324.351074,-0.939724
factory_3,reference,5.310925,1397.490845,-0.940786
factory_3,reference,5.378151,1474.669678,-0.948682
factory_3,reference,5.445378,1556.110962,-1.028680
factory_3,reference,5.512605,1642.050049,-1.181348
factory_3,reference,5.579832,1732.735107,-1.408556
factory_3,reference,5.647059,1828.428467,-1.735002
factory_3,reference,5.714286,1929.406738,-2.209765
factory_3,reference,5.781513,2035.961670,-2.879018
factory_3,reference,5.848740,2148.401367,-3.777633
factory_3,reference,5.915967,2267.050537,-4.925939
factory_3,reference,5.983193,2392.252441,-6.244321
factory_3,reference,6.050420,2524.368896,-7.602271
factory_3,reference,6.117647,2663.781738,-8.740958
factory_3,reference,6.184874,2810.893799,-9.384527
factory_3,reference,6.252101,2966.130371,-9.496410
factory_3,reference,6.319328,3129.940430,-9.271970
factory_3,reference,6.386555,3302.796875,-8.968402
factory_3,reference,6.453782,3485.199951,-8.682131
factory_3,reference,6.521008,3677.676025,-8.429280
factory_3,reference,6.588235,3880.782471,-8.182628
factory_3,reference,6.655462,4095.105469,-7.930018
factory_3,reference,6.722689,4321.265137,-7.638767
factory_3,reference,6.789916,4559.914551,-7.284358
factory_3,reference,6.857143,4811.744141,-6.851116
factory_3,reference,6.924370,5077.481445,-6.332032
factory_3,reference,6.991597,5357.894531,-5.735036
factory_3,reference,7.058824,5653.793457,-5.086794
factory_3,reference,7.126050,5966.034668,-4.457321
factory_3,reference,7.193277,6295.519531,-3.866289
factory_3,reference,7.260504,6643.200684,-3.347236
factory_3,reference,7.327731,7010.083008,-2.931073
factory_3,reference,7.394958,7397.227539,-2.636301
factory_3,reference,7.462185,7805.752441,-2.457875
factory_3,reference,7.529412,8236.839844,-2.388282
factory_3,reference,7.596639,8691.733398,-2.407081
factory_3,reference,7.663866,9171.750000,-2.491929
factory_3,reference,7.731092,9678.276367,-2.618666
factory_3,reference,7.798319,10212.776367,-2.768127
factory_3,reference,7.865546,10776.795898,-2.923727
factory_3,reference,7.932773,11371.962891,-3.076308
factory_3,reference,8.000000,12000.000000,-3.197401
factory_4,legacy,0.000000,20.000000,-7.744313
factory_4,legacy,0.067227,21.104536,-3.682243
factory_4,legacy,0.134454,22.270071,-3.599370
factory_4,legacy,0.201681,23.499975,-3.512512
factory_4,legacy,0.268908,24.797804,-3.123542
factory_4,legacy,0.336134,26.167307,-3.169479
factory_4,legacy,0.403361,27.612442,-2.885175
factory_4,legacy,0.470588,29.137390,-3.095540
factory_4,legacy,0.537815,30.746555,-3.039624
factory_4,legacy,0.605042,32.444588,-3.078283
factory_4,legacy,0.672269,34.236401,-3.136531
factory_4,legacy,0.739496,36.127167,-3.456052
factory_4,legacy,0.806723,38.122353,-3.893627
factory_4,legacy,0.873950,40.227730,-4.496105
factory_4,legacy,0.941177,42.449379,-4.864835
factory_4,legacy,1.008403,44.793720,-4.907244
factory_4,legacy,1.075630,47.267536,-4.668806
factory_4,legacy,1.142857,49.877968,-4.132676
factory_4,legacy,1.210084,52.632568,-3.818480
factory_4,legacy,1.277311,55.539299,-3.644015
factory_4,legacy,1.344538,58.606552,-3.585015
factory_4,legacy,1.411765,61.843204,-3.716685
factory_4,legacy,1.478992,65.258606,-3.942621
factory_4,legacy,1.546218,68.862625,-4.443610
factory_4,legacy,1.613445,72.665695,-5.015905
factory_4,legacy,1.680672,76.678787,-6.037378
factory_4,legacy,1.747899,80.913506,-6.919965
factory_4,legacy,1.815126,85.382095,-7.497507
factory_4,legacy,1.882353,90.097488,-7.631934
factory_4,legacy,1.949580,95.073273,-7.554502
factory_4,legacy,2.016807,100.323875,-7.333806
factory_4,legacy,2.084034,105.864441,-6.938398
factory_4,legacy,2.151261,111.710999,-6.525098
factory_4,legacy,2.218488,117.880432,-6.236539
factory_4,legacy,2.285714,124.390594,-6.194201
factory_4,legacy,2.352941,131.260284,-6.481537
factory_4,legacy,2.420168,138.509369,-6.854009
factory_4,legacy,2.487395,146.158783,-7.349719
factory_4,legacy,2.554622,154.230667,-7.688324
factory_4,legacy,2.621849,162.748337,-7.518938
factory_4,legacy,2.689076,171.736420,-6.780921
factory_4,legacy,2.756303,181.220856,-5.965967
factory_4,legacy,2.823529,191.229095,-5.605409
factory_4,legacy,2.890756,201.790070,-5.937338
factory_4,legacy,2.957983,212.934280,-6.548431
factory_4,legacy,3.025210,224.693970,-7.205687
factory_4,legacy,3.092437,237.103104,-7.571840
factory_4,legacy,3.159664,250.197540,-7.702206
factory_4,legacy,3.226891,264.015137,-7.679999
factory_4,legacy,3.294118,278.595856,-7.503933
factory_4,legacy,3.361345,293.981812,-7.100059
factory_4,legacy,3.428571,310.217468,-6.328608
factory_4,legacy,3.495798,327.349792,-5.262349
factory_4,legacy,3.563025,345.428284,-4.039156
factory_4,legacy,3.630252,364.505157,-3.101865
factory_4,legacy,3.697479,384.635620,-2.658384
factory_4,legacy,3.764706,405.877808,-2.565130
factory_4,legacy,3.831933,428.293121,-2.803836
factory_4,legacy,3.899160,451.946381,-3.315337
factory_4,legacy,3.966387,476.905945,-3.965003
factory_4,legacy,4.033614,503.244019,-4.527206
factory_4,legacy,4.100841,531.036560,-4.756835
factory_4,legacy,4.168067,560.364014,-4.626311
factory_4,legacy,4.235294,591.311096,-4.207357
factory_4,legacy,4.302521,623.967346,-3.615327
factory_4,legacy,4.369748,658.427063,-2.908967
factory_4,legacy,4.436975,694.789795,-2.254035
factory_4,legacy,4.504202,733.160889,-1.945716
factory_4,legacy,4.571429,773.651001,-2.030957
factory_4,legacy,4.638656,816.377197,-2.291254
factory_4,legacy,4.705883,861.463074,-2.364822
factory_4,legacy,4.773109,909.038940,-2.194011
factory_4,legacy,4.840336,959.242249,-2.007500
factory_4,legacy,4.907563,1012.218079,-1.943680
factory_4,legacy,4.974790,1068.119629,-1.976869
factory_4,legacy,5.042017,1127.108398,-1.997947
factory_4,legacy,5.109244,1189.355103,-1.975276
factory_4,legacy,5.176471,1255.039307,-1.976298
factory_4,legacy,5.243698,1324.351074,-2.071548
factory_4,legacy,5.310925,1397.490845,-2.419341
factory_4,legacy,5.378151,1474.669678,-3.216977
factory_4,legacy,5.445378,1556.110962,-4.382040
factory_4,legacy,5.512605,1642.050049,-5.490666
factory_4,legacy,5.579832,1732.735107,-6.180434
factory_4,legacy,5.647059,1828.428467,-6.050593
factory_4,legacy,5.714286,1929.406738,-5.534306
factory_4,legacy,5.781513,2035.961670,-4.838131
factory_4,legacy,5.848740,2148.401367,-4.255399
factory_4,legacy,5.915967,2267.050537,-3.975805
factory_4,legacy,5.983193,2392.252441,-4.028560
factory_4,legacy,6.050420,2524.368896,-4.417952
factory_4,legacy,6.117647,2663.781738,-5.098609
factory_4,legacy,6.184874,2810.893799,-6.105899
factory_4,legacy,6.252101,2966.130371,-7.269740
factory_4,legacy,6.319328,3129.940430,-7.944771
factory_4,legacy,6.386555,3302.796875,-7.729668
factory_4,legacy,6.453782,3485.199951,-7.108954
factory_4,legacy,6.521008,3677.676025,-6.560864
factory_4,legacy,6.588235,3880.782471,-6.543009
factory_4,legacy,6.655462,4095.105469,-6.603030
factory_4,legacy,6.722689,4321.265137,-6.739003
factory_4,legacy,6.789916,4559.914551,-6.798091
factory_4,legacy,6.857143,4811.744141,-6.696630
factory_4,legacy,6.924370,5077.481445,-6.406912
factory_4,legacy,6.991597,5357.894531,-5.927010
factory_4,legacy,7.058824,5653.793457,-5.306120
factory_4,legacy,7.126050,5966.034668,-4.612456
factory_4,legacy,7.193277,6295.519531,-3.975569
factory_4,legacy,7.260504,6643.200684,-3.536545
factory_4,legacy,7.327731,7010.083008,-3.315804
factory_4,legacy,7.394958,7397.227539,-3.211727
factory_4,legacy,7.462185,7805.752441,-3.214469
factory_4,legacy,7.529412,8236.839844,-3.295648
factory_4,legacy,7.596639,8691.733398,-3.366539
factory_4,legacy,7.663866,9171.750000,-3.444716
factory_4,legacy,7.731092,9678.276367,-3.525164
factory_4,legacy,7.798319,10212.776367,-3.608022
factory_4,legacy,7.865546,10776.795898,-3.699407
factory_4,legacy,7.932773,11371.962891,-3.805503
factory_4,legacy,8.000000,12000.000000,-3.905947
factory_4,reference,0.000000,20.000000,-7.659070
factory_4,reference,0.067227,21.104536,-3.524374
factory_4,reference,0.134454,22.270071,-3.477258
factory_4,reference,0.201681,23.499975,-3.466735
factory_4,reference,0.268908,24.797804,-3.122602
factory_4,reference,0.336134,26.167307,-3.192960
factory_4,reference,0.403361,27.612442,-2.939456
factory_4,reference,0.470588,29.137390,-3.134037
factory_4,reference,0.537815,30.746555,-3.080031
factory_4,reference,0.605042,32.444588,-3.099218
factory_4,reference,0.672269,34.236401,-3.103051
factory_4,reference,0.739496,36.127167,-3.284790
factory_4,reference,0.806723,38.122353,-3.477363
factory_4,reference,0.873950,40.227730,-3.750100
factory_4,reference,0.941177,42.449379,-3.983364
factory_4,reference,1.008403,44.793720,-4.140320
factory_4,reference,1.075630,47.267536,-4.164223
factory_4,reference,1.142857,49.877968,-3.954973
factory_4,reference,1.210084,52.632568,-3.894414
factory_4,reference,1.277311,55.539299,-3.881299
factory_4,reference,1.344538,58.606552,-3.896300
factory_4,reference,1.411765,61.843204,-4.041195
factory_4,reference,1.478992,65.258606,-4.222856
factory_4,reference,1.546218,68.862625,-4.590747
factory_4,reference,1.613445,72.665695,-4.886161
factory_4,reference,1.680672,76.678787,-5.502914
factory_4,reference,1.747899,80.913506,-6.000309
factory_4,reference,1.815126,85.382095,-6.559577
factory_4,reference,1.882353,90.097488,-6.930995
factory_4,reference,1.949580,95.073273,-6.992774
factory_4,reference,2.016807,100.323875,-6.957168
factory_4,reference,2.084034,105.864441,-6.836921
factory_4,reference,2.151261,111.710999,-6.724058
factory_4,reference,2.218488,117.880432,-6.657101
factory_4,reference,2.285714,124.390594,-6.701783
factory_4,reference,2.352941,131.260284,-6.947549
factory_4,reference,2.420168,138.509369,-7.189915
factory_4,reference,2.487395,146.158783,-7.490871
factory_4,reference,2.554622,154.230667,-7.718653
factory_4,reference,2.621849,162.748337,-7.816983
factory_4,reference,2.689076,171.736420,-7.700460
factory_4,reference,2.756303,181.220856,-7.421532
factory_4,reference,2.823529,191.229095,-7.162915
factory_4,reference,2.890756,201.790070,-7.118829
factory_4,reference,2.957983,212.934280,-7.195291
factory_4,reference,3.025210,224.693970,-7.350916
factory_4,reference,3.092437,237.103104,-7.453660
factory_4,reference,3.159664,250.197540,-7.483652
factory_4,reference,3.226891,264.015137,-7.420004
factory_4,reference,3.294118,278.595856,-7.233133
factory_4,reference,3.361345,293.981812,-6.935939
factory_4,reference,3.428571,310.217468,-6.454852
factory_4,reference,3.495798,327.349792,-5.854079
factory_4,reference,3.563025,345.428284,-5.130293
factory_4,reference,3.630252,364.505157,-4.464710
factory_4,reference,3.697479,384.635620,-3.979121
factory_4,reference,3.764706,405.877808,-3.664783
factory_4,reference,3.831933,428.293121,-3.667107
factory_4,reference,3.899160,451.946381,-3.836585
factory_4,reference,3.966387,476.905945,-4.025745
factory_4,reference,4.033614,503.244019,-4.180227
factory_4,reference,4.100841,531.036560,-4.184191
factory_4,reference,4.168067,560.364014,-4.023835
factory_4,reference,4.235294,591.311096,-3.716147
factory_4,reference,4.302521,623.967346,-3.337983
factory_4,reference,4.369748,658.427063,-2.914372
factory_4,reference,4.436975,694.789795,-2.477896
factory_4,reference,4.504202,733.160889,-2.155293
factory_4,reference,4.571429,773.651001,-1.976727
factory_4,reference,4.638656,816.377197,-1.932411
factory_4,reference,4.705883,861.463074,-1.949645
factory_4,reference,4.773109,909.038940,-1.946896
factory_4,reference,4.840336,959.242249,-1.932720
factory_4,reference,4.907563,1012.218079,-1.923121
factory_4,reference,4.974790,1068.119629,-1.921069
factory_4,reference,5.042017,1127.108398,-1.914850
factory_4,reference,5.109244,1189.355103,-1.916338
factory_4,reference,5.176471,1255.039307,-1.953637
factory_4,reference,5.243698,1324.351074,-2.065952
factory_4,reference,5.310925,1397.490845,-2.299022
factory_4,reference,5.378151,1474.669678,-2.704453
factory_4,reference,5.445378,1556.110962,-3.274570
factory_4,reference,5.512605,1642.050049,-3.930204
factory_4,reference,5.579832,1732.735107,-4.512104
factory_4,reference,5.647059,1828.428467,-4.802914
factory_4,reference,5.714286,1929.406738,-4.769785
factory_4,reference,5.781513,2035.961670,-4.626050
factory_4,reference,5.848740,2148.401367,-4.517920
factory_4,reference,5.915967,2267.050537,-4.540186
factory_4,reference,5.983193,2392.252441,-4.730522
factory_4,reference,6.050420,2524.368896,-5.131367
factory_4,reference,6.117647,2663.781738,-5.693147
factory_4,reference,6.184874,2810.893799,-6.396317
factory_4,reference,6.252101,2966.130371,-7.163395
factory_4,reference,6.319328,3129.940430,-7.768248
factory_4,reference,6.386555,3302.796875,-7.956702
factory_4,reference,6.453782,3485.199951,-7.741778
factory_4,reference,6.521008,3677.676025,-7.367940
factory_4,reference,6.588235,3880.782471,-7.073271
factory_4,reference,6.655462,4095.105469,-6.899903
factory_4,reference,6.722689,4321.265137,-6.762271
factory_4,reference,6.789916,4559.914551,-6.593849
factory_4,reference,6.857143,4811.744141,-6.348256
factory_4,reference,6.924370,5077.481445,-5.993770
factory_4,reference,6.991597,5357.894531,-5.535001
factory_4,reference,7.058824,5653.793457,-5.031493
factory_4,reference,7.126050,5966.034668,-4.524860
factory_4,reference,7.193277,6295.519531,-4.064742
factory_4,reference,7.260504,6643.200684,-3.705939
factory_4,reference,7.327731,7010.083008,-3.472059
factory_4,reference,7.394958,7397.227539,-3.352180
factory_4,reference,7.462185,7805.752441,-3.309221
factory_4,reference,7.529412,8236.839844,-3.327633
factory_4,reference,7.596639,8691.733398,-3.376054
factory_4,reference,7.663866,9171.750000,-3.441516
factory_4,reference,7.731092,9678.276367,-3.519272
factory_4,reference,7.798319,10212.776367,-3.607852
factory_4,reference,7.865546,10776.795898,-3.707396
factory_4,reference,7.932773,11371.962891,-3.817979
factory_4,reference,8.000000,12000.000000,-3.916629
factory_5,legacy,0.000000,20.000000,-17.451004
factory_5,legacy,0.067227,21.104536,-11.022983
factory_5,legacy,0.134454,22.270071,-11.077577
factory_5,legacy,0.201681,23.499975,-11.121008
factory_5,legacy,0.268908,24.797804,-11.068250
factory_5,legacy,0.336134,26.167307,-11.041738
factory_5,legacy,0.403361,27.612442,-10.534545
factory_5,legacy,0.470588,29.137390,-10.426861
factory_5,legacy,0.537815,30.746555,-10.157682
factory_5,legacy,0.605042,32.444588,-9.966788
factory_5,legacy,0.672269,34.236401,-9.556462
factory_5,legacy,0.739496,36.127167,-8.493988
factory_5,legacy,0.806723,38.122353,-7.910178
factory_5,legacy,0.873950,40.227730,-7.408719
factory_5,legacy,0.941177,42.449379,-7.616952
factory_5,legacy,1.008403,44.793720,-7.068749
factory_5,legacy,1.075630,47.267536,-7.534920
factory_5,legacy,1.142857,49.877968,-8.069848
factory_5,legacy,1.210084,52.632568,-8.317878
factory_5,legacy,1.277311,55.539299,-8.575903
factory_5,legacy,1.344538,58.606552,-7.995754
factory_5,legacy,1.411765,61.843204,-8.083752
factory_5,legacy,1.478992,65.258606,-7.965322
factory_5,legacy,1.546218,68.862625,-7.672413
factory_5,legacy,1.613445,72.665695,-7.459871
factory_5,legacy,1.680672,76.678787,-6.986908
factory_5,legacy,1.747899,80.913506,-6.539831
factory_5,legacy,1.815126,85.382095,-6.131820
factory_5,legacy,1.882353,90.097488,-5.820395
factory_5,legacy,1.949580,95.073273,-5.767592
factory_5,legacy,2.016807,100.323875,-6.100535
factory_5,legacy,2.084034,105.864441,-6.419324
factory_5,legacy,2.151261,111.710999,-6.734072
factory_5,legacy,2.218488,117.880432,-6.767486
factory_5,legacy,2.285714,124.390594,-6.963551
factory_5,legacy,2.352941,131.260284,-6.683060
factory_5,legacy,2.420168,138.509369,-6.604209
factory_5,legacy,2.487395,146.158783,-6.303344
factory_5,legacy,2.554622,154.230667,-6.208356
factory_5,legacy,2.621849,162.748337,-5.920440
factory_5,legacy,2.689076,171.736420,-5.586866
factory_5,legacy,2.756303,181.220856,-5.263682
factory_5,legacy,2.823529,191.229095,-4.817005
factory_5,legacy,2.890756,201.790070,-4.829971
factory_5,legacy,2.957983,212.934280,-5.138843
factory_5,legacy,3.025210,224.693970,-5.484298
factory_5,legacy,3.092437,237.103104,-5.788508
factory_5,legacy,3.159664,250.197540,-5.932933
factory_5,legacy,3.226891,264.015137,-5.972629
factory_5,legacy,3.294118,278.595856,-5.933194
factory_5,legacy,3.361345,293.981812,-5.829383
factory_5,legacy,3.428571,310.217468,-5.704238
factory_5,legacy,3.495798,327.349792,-5.441538
factory_5,legacy,3.563025,345.428284,-5.210722
factory_5,legacy,3.630252,364.505157,-4.961364
factory_5,legacy,3.697479,384.635620,-4.766359
factory_5,legacy,3.764706,405.877808,-4.448664
factory_5,legacy,3.831933,428.293121,-4.327190
factory_5,legacy,3.899160,451.946381,-4.700223
factory_5,legacy,3.966387,476.905945,-4.945026
factory_5,legacy,4.033614,503.244019,-5.060573
factory_5,legacy,4.100841,531.036560,-5.183429
factory_5,legacy,4.168067,560.364014,-5.294903
factory_5,legacy,4.235294,591.311096,-5.271220
factory_5,legacy,4.302521,623.967346,-5.195667
factory_5,legacy,4.369748,658.427063,-5.098639
factory_5,legacy,4.436975,694.789795,-4.979939
factory_5,legacy,4.504202,733.160889,-4.913426
factory_5,legacy,4.571429,773.651001,-4.672282
factory_5,legacy,4.638656,816.377197,-4.386386
factory_5,legacy,4.705883,861.463074,-4.345487
factory_5,legacy,4.773109,909.038940,-4.418593
factory_5,legacy,4.840336,959.242249,-4.649551
factory_5,legacy,4.907563,1012.218079,-4.831055
factory_5,legacy,4.974790,1068.119629,-4.997201
factory_5,legacy,5.042017,1127.108398,-5.077185
factory_5,legacy,5.109244,1189.355103,-5.109234
factory_5,legacy,5.176471,1255.039307,-5.149343
factory_5,legacy,5.243698,1324.351074,-5.171818
factory_5,legacy,5.310925,1397.490845,-5.178324
factory_5,legacy,5.378151,1474.669678,-5.192564
factory_5,legacy,5.445378,1556.110962,-5.294216
factory_5,legacy,5.512605,1642.050049,-5.509658
factory_5,legacy,5.579832,1732.735107,-5.705405
factory_5,legacy,5.647059,1828.428467,-5.803473
factory_5,legacy,5.714286,1929.406738,-5.844655
factory_5,legacy,5.781513,2035.961670,-6.073306
factory_5,legacy,5.848740,2148.401367,-6.254481
factory_5,legacy,5.915967,2267.050537,-6.318977
factory_5,legacy,5.983193,2392.252441,-6.342304
factory_5,legacy,6.050420,2524.368896,-6.410012
factory_5,legacy,6.117647,2663.781738,-6.603369
factory_5,legacy,6.184874,2810.893799,-6.829691
factory_5,legacy,6.252101,2966.130371,-7.072298
factory_5,legacy,6.319328,3129.940430,-7.267357
factory_5,legacy,6.386555,3302.796875,-7.362343
factory_5,legacy,6.453782,3485.199951,-7.339378
factory_5,legacy,6.521008,3677.676025,-7.270777
factory_5,legacy,6.588235,3880.782471,-7.268711
factory_5,legacy,6.655462,4095.105469,-7.301357
factory_5,legacy,6.722689,4321.265137,-7.695708
factory_5,legacy,6.789916,4559.914551,-8.198021
factory_5,legacy,6.857143,4811.744141,-8.736772
factory_5,legacy,6.924370,5077.481445,-9.243488
factory_5,legacy,6.991597,5357.894531,-9.673841
factory_5,legacy,7.058824,5653.793457,-10.053092
factory_5,legacy,7.126050,5966.034668,-10.409287
factory_5,legacy,7.193277,6295.519531,-10.788198
factory_5,legacy,7.260504,6643.200684,-11.199699
factory_5,legacy,7.327731,7010.083008,-11.692108
factory_5,legacy,7.394958,7397.227539,-12.322344
factory_5,legacy,7.462185,7805.752441,-13.040636
factory_5,legacy,7.529412,8236.839844,-13.925647
factory_5,legacy,7.596639,8691.733398,-14.755796
factory_5,legacy,7.663866,9171.750000,-15.842775
factory_5,legacy,7.731092,9678.276367,-16.841848
factory_5,legacy,7.798319,10212.776367,-17.965033
factory_5,legacy,7.865546,10776.795898,-19.159817
factory_5,legacy,7.932773,11371.962891,-20.439106
factory_5,legacy,8.000000,12000.000000,-21.571550
factory_5,reference,0.000000,20.000000,-16.910088
factory_5,reference,0.067227,21.104536,-10.978552
factory_5,reference,0.134454,22.270071,-11.117718
factory_5,reference,0.201681,23.499975,-10.894091
factory_5,reference,0.268908,24.797804,-10.875754
factory_5,reference,0.336134,26.167307,-10.870646
factory_5,reference,0.403361,27.612442,-10.429045
factory_5,reference,0.470588,29.137390,-10.173237
factory_5,reference,0.537815,30.746555,-9.963930
factory_5,reference,0.605042,32.444588,-9.858950
factory_5,reference,0.672269,34.236401,-9.619928
factory_5,reference,0.739496,36.127167,-8.729415
factory_5,reference,0.806723,38.122353,-8.293750
factory_5,reference,0.873950,40.227730,-8.194300
factory_5,reference,0.941177,42.449379,-8.124370
factory_5,reference,1.008403,44.793720,-7.485116
factory_5,reference,1.075630,47.267536,-7.632617
factory_5,reference,1.142857,49.877968,-7.810058
factory_5,reference,1.210084,52.632568,-7.954053
factory_5,reference,1.277311,55.539299,-8.190857
factory_5,reference,1.344538,58.606552,-7.514282
factory_5,reference,1.411765,61.843204,-7.723121
factory_5,reference,1.478992,65.258606,-7.714031
factory_5,reference,1.546218,68.862625,-7.495952
factory_5,reference,1.613445,72.665695,-7.425904
factory_5,reference,1.680672,76.678787,-7.130374
factory_5,reference,1.747899,80.913506,-6.723766
factory_5,reference,1.815126,85.382095,-6.486876
factory_5,reference,1.882353,90.097488,-6.268697
factory_5,reference,1.949580,95.073273,-6.184488
factory_5,reference,2.016807,100.323875,-6.143387
factory_5,reference,2.084034,105.864441,-6.166596
factory_5,reference,2.151261,111.710999,-6.333253
factory_5,reference,2.218488,117.880432,-6.380757
factory_5,reference,2.285714,124.390594,-6.577677
factory_5,reference,2.352941,131.260284,-6.399085
factory_5,reference,2.420168,138.509369,-6.370078
factory_5,reference,2.487395,146.158783,-6.181181
factory_5,reference,2.554622,154.230667,-6.181266
factory_5,reference,2.621849,162.748337,-6.002581
factory_5,reference,2.689076,171.736420,-5.811144
factory_5,reference,2.756303,181.220856,-5.629577
factory_5,reference,2.823529,191.229095,-5.374961
factory_5,reference,2.890756,201.790070,-5.219567
factory_5,reference,2.957983,212.934280,-5.246553
factory_5,reference,3.025210,224.693970,-5.325411
factory_5,reference,3.092437,237.103104,-5.472745
factory_5,reference,3.159664,250.197540,-5.612250
factory_5,reference,3.226891,264.015137,-5.685618
factory_5,reference,3.294118,278.595856,-5.685727
factory_5,reference,3.361345,293.981812,-5.601162
factory_5,reference,3.428571,310.217468,-5.553981
factory_5,reference,3.495798,327.349792,-5.403281
factory_5,reference,3.563025,345.428284,-5.296641
factory_5,reference,3.630252,364.505157,-5.147274
factory_5,reference,3.697479,384.635620,-4.973125
factory_5,reference,3.764706,405.877808,-4.805805
factory_5,reference,3.831933,428.293121,-4.715760
factory_5,reference,3.899160,451.946381,-4.711057
factory_5,reference,3.966387,476.905945,-4.747880
factory_5,reference,4.033614,503.244019,-4.841385
factory_5,reference,4.100841,531.036560,-4.890070
factory_5,reference,4.168067,560.364014,-4.962240
factory_5,reference,4.235294,591.311096,-4.978810
factory_5,reference,4.302521,623.967346,-4.977571
factory_5,reference,4.369748,658.427063,-4.972637
factory_5,reference,4.436975,694.789795,-4.890123
factory_5,reference,4.504202,733.160889,-4.885511
factory_5,reference,4.571429,773.651001,-4.842549
factory_5,reference,4.638656,816.377197,-4.719008
factory_5,reference,4.705883,861.463074,-4.562031
factory_5,reference,4.773109,909.038940,-4.455361
factory_5,reference,4.840336,959.242249,-4.475769
factory_5,reference,4.907563,1012.218079,-4.598580
factory_5,reference,4.974790,1068.119629,-4.731448
factory_5,reference,5.042017,1127.108398,-4.837815
factory_5,reference,5.109244,1189.355103,-4.926652
factory_5,reference,5.176471,1255.039307,-4.974263
factory_5,reference,5.243698,1324.351074,-5.017448
factory_5,reference,5.310925,1397.490845,-5.052983
factory_5,reference,5.378151,1474.669678,-5.095302
factory_5,reference,5.445378,1556.110962,-5.171176
factory_5,reference,5.512605,1642.050049,-5.304587
factory_5,reference,5.579832,1732.735107,-5.477679
factory_5,reference,5.647059,1828.428467,-5.644665
factory_5,reference,5.714286,1929.406738,-5.769843
factory_5,reference,5.781513,2035.961670,-5.908273
factory_5,reference,5.848740,2148.401367,-6.048798
factory_5,reference,5.915967,2267.050537,-6.189048
factory_5,reference,5.983193,2392.252441,-6.337987
factory_5,reference,6.050420,2524.368896,-6.471660
factory_5,reference,6.117647,2663.781738,-6.641852
factory_5,reference,6.184874,2810.893799,-6.830235
factory_5,reference,6.252101,2966.130371,-7.023739
factory_5,reference,6.319328,3129.940430,-7.192533
factory_5,reference,6.386555,3302.796875,-7.329855
factory_5,reference,6.453782,3485.199951,-7.423432
factory_5,reference,6.521008,3677.676025,-7.475772
factory_5,reference,6.588235,3880.782471,-7.535358
factory_5,reference,6.655462,4095.105469,-7.643222
factory_5,reference,6.722689,4321.265137,-7.829611
factory_5,reference,6.789916,4559.914551,-8.141315
factory_5,reference,6.857143,4811.744141,-8.521546
factory_5,reference,6.924370,5077.481445,-8.938178
factory_5,reference,6.991597,5357.894531,-9.357063
factory_5,reference,7.058824,5653.793457,-9.778108
factory_5,reference,7.126050,5966.034668,-10.199351
factory_5,reference,7.193277,6295.519531,-10.650057
factory_5,reference,7.260504,6643.200684,-11.142857
factory_5,reference,7.327731,7010.083008,-11.699096
factory_5,reference,7.394958,7397.227539,-12.359787
factory_5,reference,7.462185,7805.752441,-13.076753
factory_5,reference,7.529412,8236.839844,-13.897309
factory_5,reference,7.596639,8691.733398,-14.802273
factory_5,reference,7.663866,9171.750000,-15.781361
factory_5,reference,7.731092,9678.276367,-16.832714
factory_5,reference,7.798319,10212.776367,-17.955765
factory_5,reference,7.865546,10776.795898,-19.158411
factory_5,reference,7.932773,11371.962891,-20.443096
factory_5,reference,8.000000,12000.000000,-21.572315
factory_6,legacy,0.000000,20.000000,-9.577628
factory_6,legacy,0.067227,21.104536,-6.228645
factory_6,legacy,0.134454,22.270071,-5.479081
factory_6,legacy,0.201681,23.499975,-4.731737
factory_6,legacy,0.268908,24.797804,-3.901412
factory_6,legacy,0.336134,26.167307,-3.519686
factory_6,legacy,0.403361,27.612442,-3.095308
factory_6,legacy,0.470588,29.137390,-3.294566
factory_6,legacy,0.537815,30.746555,-3.230130
factory_6,legacy,0.605042,32.444588,-3.257562
factory_6,legacy,0.672269,34.236401,-3.254679
factory_6,legacy,0.739496,36.127167,-3.302567
factory_6,legacy,0.806723,38.122353,-3.328095
factory_6,legacy,0.873950,40.227730,-3.400804
factory_6,legacy,0.941177,42.449379,-3.646325
factory_6,legacy,1.008403,44.793720,-4.112583
factory_6,legacy,1.075630,47.267536,-5.217453
factory_6,legacy,1.142857,49.877968,-6.583734
factory_6,legacy,1.210084,52.632568,-9.188558
factory_6,legacy,1.277311,55.539299,-11.887573
factory_6,legacy,1.344538,58.606552,-13.555879
factory_6,legacy,1.411765,61.843204,-13.437981
factory_6,legacy,1.478992,65.258606,-13.040109
factory_6,legacy,1.546218,68.862625,-12.135164
factory_6,legacy,1.613445,72.665695,-9.469768
factory_6,legacy,1.680672,76.678787,-7.601653
factory_6,legacy,1.747899,80.913506,-6.085011
factory_6,legacy,1.815126,85.382095,-6.003529
factory_6,legacy,1.882353,90.097488,-6.494629
factory_6,legacy,1.949580,95.073273,-6.651020
factory_6,legacy,2.016807,100.323875,-7.202938
factory_6,legacy,2.084034,105.864441,-7.599011
factory_6,legacy,2.151261,111.710999,-8.051021
factory_6,legacy,2.218488,117.880432,-8.478551
factory_6,legacy,2.285714,124.390594,-9.261330
factory_6,legacy,2.352941,131.260284,-10.414545
factory_6,legacy,2.420168,138.509369,-12.232718
factory_6,legacy,2.487395,146.158783,-12.436461
factory_6,legacy,2.554622,154.230667,-9.261353
factory_6,legacy,2.621849,162.748337,-5.956862
factory_6,legacy,2.689076,171.736420,-3.373442
factory_6,legacy,2.756303,181.220856,-2.182397
factory_6,legacy,2.823529,191.229095,-2.308995
factory_6,legacy,2.890756,201.790070,-2.863012
factory_6,legacy,2.957983,212.934280,-4.761107
factory_6,legacy,3.025210,224.693970,-9.165064
factory_6,legacy,3.092437,237.103104,-12.050705
factory_6,legacy,3.159664,250.197540,-12.786626
factory_6,legacy,3.226891,264.015137,-12.720183
factory_6,legacy,3.294118,278.595856,-12.508191
factory_6,legacy,3.361345,293.981812,-12.241501
factory_6,legacy,3.428571,310.217468,-11.934775
factory_6,legacy,3.495798,327.349792,-11.593675
factory_6,legacy,3.563025,345.428284,-11.198779
factory_6,legacy,3.630252,364.505157,-10.546837
factory_6,legacy,3.697479,384.635620,-9.443123
factory_6,legacy,3.764706,405.877808,-7.177436
factory_6,legacy,3.831933,428.293121,-5.022104
factory_6,legacy,3.899160,451.946381,-3.349422
factory_6,legacy,3.966387,476.905945,-2.299604
factory_6,legacy,4.033614,503.244019,-2.753099
factory_6,legacy,4.100841,531.036560,-4.566344
factory_6,legacy,4.168067,560.364014,-5.975461
factory_6,legacy,4.235294,591.311096,-6.208090
factory_6,legacy,4.302521,623.967346,-5.573655
factory_6,legacy,4.369748,658.427063,-3.316674
factory_6,legacy,4.436975,694.789795,-2.547184
factory_6,legacy,4.504202,733.160889,-3.514384
factory_6,legacy,4.571429,773.651001,-4.260249
factory_6,legacy,4.638656,816.377197,-3.860523
factory_6,legacy,4.705883,861.463074,-3.457775
factory_6,legacy,4.773109,909.038940,-3.099186
factory_6,legacy,4.840336,959.242249,-2.807575
factory_6,legacy,4.907563,1012.218079,-2.564014
factory_6,legacy,4.974790,1068.119629,-2.331024
factory_6,legacy,5.042017,1127.108398,-2.226661
factory_6,legacy,5.109244,1189.355103,-2.470788
factory_6,legacy,5.176471,1255.039307,-3.019773
factory_6,legacy,5.243698,1324.351074,-4.724784
factory_6,legacy,5.310925,1397.490845,-8.141808
factory_6,legacy,5.378151,1474.669678,-11.424636
factory_6,legacy,5.445378,1556.110962,-12.719836
factory_6,legacy,5.512605,1642.050049,-12.345890
factory_6,legacy,5.579832,1732.735107,-11.836782
factory_6,legacy,5.647059,1828.428467,-11.805135
factory_6,legacy,5.714286,1929.406738,-10.724161
factory_6,legacy,5.781513,2035.961670,-8.471318
factory_6,legacy,5.848740,2148.401367,-6.984621
factory_6,legacy,5.915967,2267.050537,-5.750444
factory_6,legacy,5.983193,2392.252441,-6.050010
factory_6,legacy,6.050420,2524.368896,-6.692966
factory_6,legacy,6.117647,2663.781738,-7.305528
factory_6,legacy,6.184874,2810.893799,-7.856245
factory_6,legacy,6.252101,2966.130371,-8.338657
factory_6,legacy,6.319328,3129.940430,-8.768724
factory_6,legacy,6.386555,3302.796875,-9.264575
factory_6,legacy,6.453782,3485.199951,-9.708613
factory_6,legacy,6.521008,3677.676025,-10.133461
factory_6,legacy,6.588235,3880.782471,-9.905968
factory_6,legacy,6.655462,4095.105469,-8.114783
factory_6,legacy,6.722689,4321.265137,-6.150152
factory_6,legacy,6.789916,4559.914551,-4.096811
factory_6,legacy,6.857143,4811.744141,-2.996244
factory_6,legacy,6.924370,5077.481445,-2.907576
factory_6,legacy,6.991597,5357.894531,-3.465050
factory_6,legacy,7.058824,5653.793457,-3.721183
factory_6,legacy,7.126050,5966.034668,-4.617793
factory_6,legacy,7.193277,6295.519531,-5.263959
factory_6,legacy,7.260504,6643.200684,-5.619936
factory_6,legacy,7.327731,7010.083008,-5.516932
factory_6,legacy,7.394958,7397.227539,-5.059488
factory_6,legacy,7.462185,7805.752441,-4.718392
factory_6,legacy,7.529412,8236.839844,-4.504654
factory_6,legacy,7.596639,8691.733398,-4.405907
factory_6,legacy,7.663866,9171.750000,-4.406035
factory_6,legacy,7.731092,9678.276367,-4.484268
factory_6,legacy,7.798319,10212.776367,-4.626114
factory_6,legacy,7.865546,10776.795898,-4.813935
factory_6,legacy,7.932773,11371.962891,-5.035775
factory_6,legacy,8.000000,12000.000000,-5.250256
factory_6,reference,0.000000,20.000000,-7.789555
factory_6,reference,0.067227,21.104536,-3.688905
factory_6,reference,0.134454,22.270071,-3.009929
factory_6,reference,0.201681,23.499975,-2.497456
factory_6,reference,0.268908,24.797804,-2.176450
factory_6,reference,0.336134,26.167307,-1.971958
factory_6,reference,0.403361,27.612442,-1.528509
factory_6,reference,0.470588,29.137390,-1.541178
factory_6,reference,0.537815,30.746555,-1.429315
factory_6,reference,0.605042,32.444588,-1.431214
factory_6,reference,0.672269,34.236401,-1.400359
factory_6,reference,0.739496,36.127167,-1.439896
factory_6,reference,0.806723,38.122353,-1.468660
factory_6,reference,0.873950,40.227730,-1.524283
factory_6,reference,0.941177,42.449379,-1.701297
factory_6,reference,1.008403,44.793720,-1.912164
factory_6,reference,1.075630,47.267536,-2.348008
factory_6,reference,1.142857,49.877968,-2.660383
factory_6,reference,1.210084,52.632568,-3.508787
factory_6,reference,1.277311,55.539299,-4.660202
factory_6,reference,1.344538,58.606552,-5.870834
factory_6,reference,1.411765,61.843204,-7.314822
factory_6,reference,1.478992,65.258606,-8.287731
factory_6,reference,1.546218,68.862625,-8.791567
factory_6,reference,1.613445,72.665695,-8.007283
factory_6,reference,1.680672,76.678787,-7.235275
factory_6,reference,1.747899,80.913506,-6.157062
factory_6,reference,1.815126,85.382095,-5.620389
factory_6,reference,1.882353,90.097488,-5.351773
factory_6,reference,1.949580,95.073273,-4.968282
factory_6,reference,2.016807,100.323875,-5.165023
factory_6,reference,2.084034,105.864441,-5.418185
factory_6,reference,2.151261,111.710999,-5.870671
factory_6,reference,2.218488,117.880432,-6.319489
factory_6,reference,2.285714,124.390594,-6.931407
factory_6,reference,2.352941,131.260284,-7.969943
factory_6,reference,2.420168,138.509369,-9.038988
factory_6,reference,2.487395,146.158783,-10.314799
factory_6,reference,2.554622,154.230667,-11.006916
factory_6,reference,2.621849,162.748337,-10.491112
factory_6,reference,2.689076,171.736420,-8.683081
factory_6,reference,2.756303,181.220856,-6.695828
factory_6,reference,2.823529,191.229095,-5.221467
factory_6,reference,2.890756,201.790070,-4.512712
factory_6,reference,2.957983,212.934280,-4.382450
factory_6,reference,3.025210,224.693970,-5.499324
factory_6,reference,3.092437,237.103104,-6.962221
factory_6,reference,3.159664,250.197540,-8.208937
factory_6,reference,3.226891,264.015137,-8.964699
factory_6,reference,3.294118,278.595856,-9.291437
factory_6,reference,3.361345,293.981812,-9.359252
factory_6,reference,3.428571,310.217468,-9.244539
factory_6,reference,3.495798,327.349792,-8.937531
factory_6,reference,3.563025,345.428284,-8.480281
factory_6,reference,3.630252,364.505157,-7.919396
factory_6,reference,3.697479,384.635620,-7.168200
factory_6,reference,3.764706,405.877808,-6.062877
factory_6,reference,3.831933,428.293121,-4.655896
factory_6,reference,3.899160,451.946381,-3.142135
factory_6,reference,3.966387,476.905945,-1.983062
factory_6,reference,4.033614,503.244019,-1.549330
factory_6,reference,4.100841,531.036560,-1.184075
factory_6,reference,4.168067,560.364014,-1.048333
factory_6,reference,4.235294,591.311096,-1.078634
factory_6,reference,4.302521,623.967346,-1.240984
factory_6,reference,4.369748,658.427063,-1.152094
factory_6,reference,4.436975,694.789795,-1.043240
factory_6,reference,4.504202,733.160889,-1.029804
factory_6,reference,4.571429,773.651001,-1.047625
factory_6,reference,4.638656,816.377197,-1.071317
factory_6,reference,4.705883,861.463074,-1.079612
factory_6,reference,4.773109,909.038940,-1.069550
factory_6,reference,4.840336,959.242249,-1.091004
factory_6,reference,4.907563,1012.218079,-1.128655
factory_6,reference,4.974790,1068.119629,-1.150701
factory_6,reference,5.042017,1127.108398,-1.125999
factory_6,reference,5.109244,1189.355103,-1.069385
factory_6,reference,5.176471,1255.039307,-1.059774
factory_6,reference,5.243698,1324.351074,-1.241327
factory_6,reference,5.310925,1397.490845,-2.143541
factory_6,reference,5.378151,1474.669678,-3.657285
factory_6,reference,5.445378,1556.110962,-5.594484
factory_6,reference,5.512605,1642.050049,-7.451693
factory_6,reference,5.579832,1732.735107,-8.703460
factory_6,reference,5.647059,1828.428467,-9.214572
factory_6,reference,5.714286,1929.406738,-9.030703
factory_6,reference,5.781513,2035.961670,-8.218385
factory_6,reference,5.848740,2148.401367,-7.332863
factory_6,reference,5.915967,2267.050537,-6.559209
factory_6,reference,5.983193,2392.252441,-6.005535
factory_6,reference,6.050420,2524.368896,-5.688428
factory_6,reference,6.117647,2663.781738,-5.657459
factory_6,reference,6.184874,2810.893799,-5.829779
factory_6,reference,6.252101,2966.130371,-6.181206
factory_6,reference,6.319328,3129.940430,-6.609596
factory_6,reference,6.386555,3302.796875,-7.027554
factory_6,reference,6.453782,3485.199951,-7.430462
factory_6,reference,6.521008,3677.676025,-7.753926
factory_6,reference,6.588235,3880.782471,-7.859806
factory_6,reference,6.655462,4095.105469,-7.498493
factory_6,reference,6.722689,4321.265137,-6.583718
factory_6,reference,6.789916,4559.914551,-5.358026
factory_6,reference,6.857143,4811.744141,-4.121285
factory_6,reference,6.924370,5077.481445,-3.244700
factory_6,reference,6.991597,5357.894531,-2.673388
factory_6,reference,7.058824,5653.793457,-2.320125
factory_6,reference,7.126050,5966.034668,-2.420015
factory_6,reference,7.193277,6295.519531,-2.495588
factory_6,reference,7.260504,6643.200684,-2.546856
factory_6,reference,7.327731,7010.083008,-2.579834
factory_6,reference,7.394958,7397.227539,-2.567452
factory_6,reference,7.462185,7805.752441,-2.509644
factory_6,reference,7.529412,8236.839844,-2.439095
factory_6,reference,7.596639,8691.733398,-2.396790
factory_6,reference,7.663866,9171.750000,-2.403306
factory_6,reference,7.731092,9678.276367,-2.478159
factory_6,reference,7.798319,10212.776367,-2.604460
factory_6,reference,7.865546,10776.795898,-2.766495
factory_6,reference,7.932773,11371.962891,-2.940073
factory_6,reference,8.000000,12000.000000,-3.080960
factory_7,legacy,0.000000,20.000000,-7.522930
factory_7,legacy,0.067227,21.104536,-4.235041
factory_7,legacy,0.134454,22.270071,-4.249647
factory_7,legacy,0.201681,23.499975,-4.268482
factory_7,legacy,0.268908,24.797804,-4.039566
factory_7,legacy,0.336134,26.167307,-4.080620
factory_7,legacy,0.403361,27.612442,-3.912075
factory_7,legacy,0.470588,29.137390,-4.050095
factory_7,legacy,0.537815,30.746555,-3.981709
factory_7,legacy,0.605042,32.444588,-3.954325
factory_7,legacy,0.672269,34.236401,-3.894814
factory_7,legacy,0.739496,36.127167,-3.972462
factory_7,legacy,0.806723,38.122353,-4.005471
factory_7,legacy,0.873950,40.227730,-4.010433
factory_7,legacy,0.941177,42.449379,-4.119141
factory_7,legacy,1.008403,44.793720,-4.226243
factory_7,legacy,1.075630,47.267536,-4.390291
factory_7,legacy,1.142857,49.877968,-4.542874
factory_7,legacy,1.210084,52.632568,-4.788693
factory_7,legacy,1.277311,55.539299,-5.095260
factory_7,legacy,1.344538,58.606552,-5.415706
factory_7,legacy,1.411765,61.843204,-5.763776
factory_7,legacy,1.478992,65.258606,-6.071416
factory_7,legacy,1.546218,68.862625,-6.406029
factory_7,legacy,1.613445,72.665695,-6.617128
factory_7,legacy,1.680672,76.678787,-6.838233
factory_7,legacy,1.747899,80.913506,-6.967514
factory_7,legacy,1.815126,85.382095,-7.053959
factory_7,legacy,1.882353,90.097488,-7.095715
factory_7,legacy,1.949580,95.073273,-7.111356
factory_7,legacy,2.016807,100.323875,-7.114055
factory_7,legacy,2.084034,105.864441,-7.106058
factory_7,legacy,2.151261,111.710999,-7.101583
factory_7,legacy,2.218488,117.880432,-7.091207
factory_7,legacy,2.285714,124.390594,-7.081761
factory_7,legacy,2.352941,131.260284,-7.087088
factory_7,legacy,2.420168,138.509369,-7.088295
factory_7,legacy,2.487395,146.158783,-7.106457
factory_7,legacy,2.554622,154.230667,-7.120622
factory_7,legacy,2.621849,162.748337,-7.140244
factory_7,legacy,2.689076,171.736420,-7.154889
factory_7,legacy,2.756303,181.220856,-7.147441
factory_7,legacy,2.823529,191.229095,-7.111296
factory_7,legacy,2.890756,201.790070,-7.032962
factory_7,legacy,2.957983,212.934280,-6.862724
factory_7,legacy,3.025210,224.693970,-6.640258
factory_7,legacy,3.092437,237.103104,-6.346174
factory_7,legacy,3.159664,250.197540,-5.978494
factory_7,legacy,3.226891,264.015137,-5.581396
factory_7,legacy,3.294118,278.595856,-5.158220
factory_7,legacy,3.361345,293.981812,-4.766937
factory_7,legacy,3.428571,310.217468,-4.397289
factory_7,legacy,3.495798,327.349792,-4.121991
factory_7,legacy,3.563025,345.428284,-3.885169
factory_7,legacy,3.630252,364.505157,-3.726800
factory_7,legacy,3.697479,384.635620,-3.647660
factory_7,legacy,3.764706,405.877808,-3.593162
factory_7,legacy,3.831933,428.293121,-3.573555
factory_7,legacy,3.899160,451.946381,-3.583299
factory_7,legacy,3.966387,476.905945,-3.603240
factory_7,legacy,4.033614,503.244019,-3.642547
factory_7,legacy,4.100841,531.036560,-3.669535
factory_7,legacy,4.168067,560.364014,-3.684752
factory_7,legacy,4.235294,591.311096,-3.675039
factory_7,legacy,4.302521,623.967346,-3.644052
factory_7,legacy,4.369748,658.427063,-3.589122
factory_7,legacy,4.436975,694.789795,-3.490839
factory_7,legacy,4.504202,733.160889,-3.389359
factory_7,legacy,4.571429,773.651001,-3.273800
factory_7,legacy,4.638656,816.377197,-3.159800
factory_7,legacy,4.705883,861.463074,-3.058452
factory_7,legacy,4.773109,909.038940,-2.993328
factory_7,legacy,4.840336,959.242249,-2.981672
factory_7,legacy,4.907563,1012.218079,-3.036395
factory_7,legacy,4.974790,1068.119629,-3.169345
factory_7,legacy,5.042017,1127.108398,-3.378320
factory_7,legacy,5.109244,1189.355103,-3.668705
factory_7,legacy,5.176471,1255.039307,-3.999485
factory_7,legacy,5.243698,1324.351074,-4.365186
factory_7,legacy,5.310925,1397.490845,-4.720786
factory_7,legacy,5.378151,1474.669678,-5.034284
factory_7,legacy,5.445378,1556.110962,-5.290328
factory_7,legacy,5.512605,1642.050049,-5.488625
factory_7,legacy,5.579832,1732.735107,-5.624265
factory_7,legacy,5.647059,1828.428467,-5.708687
factory_7,legacy,5.714286,1929.406738,-5.761168
factory_7,legacy,5.781513,2035.961670,-5.789175
factory_7,legacy,5.848740,2148.401367,-5.816208
factory_7,legacy,5.915967,2267.050537,-5.855575
factory_7,legacy,5.983193,2392.252441,-5.905468
factory_7,legacy,6.050420,2524.368896,-5.982903
factory_7,legacy,6.117647,2663.781738,-6.091460
factory_7,legacy,6.184874,2810.893799,-6.223015
factory_7,legacy,6.252101,2966.130371,-6.368806
factory_7,legacy,6.319328,3129.940430,-6.517311
factory_7,legacy,6.386555,3302.796875,-6.642404
factory_7,legacy,6.453782,3485.199951,-6.710524
factory_7,legacy,6.521008,3677.676025,-6.697157
factory_7,legacy,6.588235,3880.782471,-6.585011
factory_7,legacy,6.655462,4095.105469,-6.373642
factory_7,legacy,6.722689,4321.265137,-6.083556
factory_7,legacy,6.789916,4559.914551,-5.746876
factory_7,legacy,6.857143,4811.744141,-5.401241
factory_7,legacy,6.924370,5077.481445,-5.077766
factory_7,legacy,6.991597,5357.894531,-4.795350
factory_7,legacy,7.058824,5653.793457,-4.561352
factory_7,legacy,7.126050,5966.034668,-4.380889
factory_7,legacy,7.193277,6295.519531,-4.246289
factory_7,legacy,7.260504,6643.200684,-4.152674
factory_7,legacy,7.327731,7010.083008,-4.095335
factory_7,legacy,7.394958,7397.227539,-4.071096
factory_7,legacy,7.462185,7805.752441,-4.065774
factory_7,legacy,7.529412,8236.839844,-4.082124
factory_7,legacy,7.596639,8691.733398,-4.114624
factory_7,legacy,7.663866,9171.750000,-4.160546
factory_7,legacy,7.731092,9678.276367,-4.216906
factory_7,legacy,7.798319,10212.776367,-4.281088
factory_7,legacy,7.865546,10776.795898,-4.349760
factory_7,legacy,7.932773,11371.962891,-4.421348
factory_7,legacy,8.000000,12000.000000,-4.482992
factory_7,reference,0.000000,20.000000,-7.481823
factory_7,reference,0.067227,21.104536,-4.135893
factory_7,reference,0.134454,22.270071,-4.115517
factory_7,reference,0.201681,23.499975,-4.146740
factory_7,reference,0.268908,24.797804,-3.899031
factory_7,reference,0.336134,26.167307,-3.978569
factory_7,reference,0.403361,27.612442,-3.823204
factory_7,reference,0.470588,29.137390,-4.000975
factory_7,reference,0.537815,30.746555,-3.958174
factory_7,reference,0.605042,32.444588,-3.956001
factory_7,reference,0.672269,34.236401,-3.918941
factory_7,reference,0.739496,36.127167,-4.011749
factory_7,reference,0.806723,38.122353,-4.057871
factory_7,reference,0.873950,40.227730,-4.078078
factory_7,reference,0.941177,42.449379,-4.182946
factory_7,reference,1.008403,44.793720,-4.280190
factory_7,reference,1.075630,47.267536,-4.419796
factory_7,reference,1.142857,49.877968,-4.527030
factory_7,reference,1.210084,52.632568,-4.710742
factory_7,reference,1.277311,55.539299,-4.934485
factory_7,reference,1.344538,58.606552,-5.154795
factory_7,reference,1.411765,61.843204,-5.402057
factory_7,reference,1.478992,65.258606,-5.618292
factory_7,reference,1.546218,68.862625,-5.893689
factory_7,reference,1.613445,72.665695,-6.046164
factory_7,reference,1.680672,76.678787,-6.293780
factory_7,reference,1.747899,80.913506,-6.436552
factory_7,reference,1.815126,85.382095,-6.605549
factory_7,reference,1.882353,90.097488,-6.735045
factory_7,reference,1.949580,95.073273,-6.794114
factory_7,reference,2.016807,100.323875,-6.872225
factory_7,reference,2.084034,105.864441,-6.926133
factory_7,reference,2.151261,111.710999,-6.964624
factory_7,reference,2.218488,117.880432,-6.994431
factory_7,reference,2.285714,124.390594,-7.021080
factory_7,reference,2.352941,131.260284,-7.065976
factory_7,reference,2.420168,138.509369,-7.092767
factory_7,reference,2.487395,146.158783,-7.125590
factory_7,reference,2.554622,154.230667,-7.147090
factory_7,reference,2.621849,162.748337,-7.161940
factory_7,reference,2.689076,171.736420,-7.166107
factory_7,reference,2.756303,181.220856,-7.147950
factory_7,reference,2.823529,191.229095,-7.111683
factory_7,reference,2.890756,201.790070,-7.049255
factory_7,reference,2.957983,212.934280,-6.925127
factory_7,reference,3.025210,224.693970,-6.782571
factory_7,reference,3.092437,237.103104,-6.601568
factory_7,reference,3.159664,250.197540,-6.377077
factory_7,reference,3.226891,264.015137,-6.131603
factory_7,reference,3.294118,278.595856,-5.853710
factory_7,reference,3.361345,293.981812,-5.580127
factory_7,reference,3.428571,310.217468,-5.288548
factory_7,reference,3.495798,327.349792,-5.046448
factory_7,reference,3.563025,345.428284,-4.799841
factory_7,reference,3.630252,364.505157,-4.600009
factory_7,reference,3.697479,384.635620,-4.455669
factory_7,reference,3.764706,405.877808,-4.314531
factory_7,reference,3.831933,428.293121,-4.201267
factory_7,reference,3.899160,451.946381,-4.111828
factory_7,reference,3.966387,476.905945,-4.028654
factory_7,reference,4.033614,503.244019,-3.968231
factory_7,reference,4.100841,531.036560,-3.897295
factory_7,reference,4.168067,560.364014,-3.823913
factory_7,reference,4.235294,591.311096,-3.738849
factory_7,reference,4.302521,623.967346,-3.649898
factory_7,reference,4.369748,658.427063,-3.556218
factory_7,reference,4.436975,694.789795,-3.439039
factory_7,reference,4.504202,733.160889,-3.336227
factory_7,reference,4.571429,773.651001,-3.233227
factory_7,reference,4.638656,816.377197,-3.138031
factory_7,reference,4.705883,861.463074,-3.054690
factory_7,reference,4.773109,909.038940,-2.996258
factory_7,reference,4.840336,959.242249,-2.970566
factory_7,reference,4.907563,1012.218079,-2.982595
factory_7,reference,4.974790,1068.119629,-3.039265
factory_7,reference,5.042017,1127.108398,-3.139162
factory_7,reference,5.109244,1189.355103,-3.291898
factory_7,reference,5.176471,1255.039307,-3.476136
factory_7,reference,5.243698,1324.351074,-3.700744
factory_7,reference,5.310925,1397.490845,-3.945105
factory_7,reference,5.378151,1474.669678,-4.193439
factory_7,reference,5.445378,1556.110962,-4.432193
factory_7,reference,5.512605,1642.050049,-4.662416
factory_7,reference,5.579832,1732.735107,-4.868487
factory_7,reference,5.647059,1828.428467,-5.048222
factory_7,reference,5.714286,1929.406738,-5.214287
factory_7,reference,5.781513,2035.961670,-5.365082
factory_7,reference,5.848740,2148.401367,-5.516112
factory_7,reference,5.915967,2267.050537,-5.673981
factory_7,reference,5.983193,2392.252441,-5.829340
factory_7,reference,6.050420,2524.368896,-5.993842
factory_7,reference,6.117647,2663.781738,-6.165941
factory_7,reference,6.184874,2810.893799,-6.334439
factory_7,reference,6.252101,2966.130371,-6.490374
factory_7,reference,6.319328,3129.940430,-6.623652
factory_7,reference,6.386555,3302.796875,-6.715971
factory_7,reference,6.453782,3485.199951,-6.747539
factory_7,reference,6.521008,3677.676025,-6.707503
factory_7,reference,6.588235,3880.782471,-6.590727
factory_7,reference,6.655462,4095.105469,-6.401138
factory_7,reference,6.722689,4321.265137,-6.152700
factory_7,reference,6.789916,4559.914551,-5.864620
factory_7,reference,6.857143,4811.744141,-5.560987
factory_7,reference,6.924370,5077.481445,-5.264055
factory_7,reference,6.991597,5357.894531,-4.990143
factory_7,reference,7.058824,5653.793457,-4.748528
factory_7,reference,7.126050,5966.034668,-4.548708
factory_7,reference,7.193277,6295.519531,-4.388180
factory_7,reference,7.260504,6643.200684,-4.266436
factory_7,reference,7.327731,7010.083008,-4.181296
factory_7,reference,7.394958,7397.227539,-4.132052
factory_7,reference,7.462185,7805.752441,-4.106021
factory_7,reference,7.529412,8236.839844,-4.105832
factory_7,reference,7.596639,8691.733398,-4.126395
factory_7,reference,7.663866,9171.750000,-4.164739
factory_7,reference,7.731092,9678.276367,-4.217350
factory_7,reference,7.798319,10212.776367,-4.280592
factory_7,reference,7.865546,10776.795898,-4.350082
factory_7,reference,7.932773,11371.962891,-4.423181
factory_7,reference,8.000000,12000.000000,-4.485944
factory_8,legacy,0.000000,20.000000,-7.569118
factory_8,legacy,0.067227,21.104536,-3.575715
factory_8,legacy,0.134454,22.270071,-3.530653
factory_8,legacy,0.201681,23.499975,-3.628575
factory_8,legacy,0.268908,24.797804,-3.436075
factory_8,legacy,0.336134,26.167307,-3.282104
factory_8,legacy,0.403361,27.612442,-3.263384
factory_8,legacy,0.470588,29.137390,-3.668193
factory_8,legacy,0.537815,30.746555,-3.175859
factory_8,legacy,0.605042,32.444588,-3.348721
factory_8,legacy,0.672269,34.236401,-3.912646
factory_8,legacy,0.739496,36.127167,-3.295456
factory_8,legacy,0.806723,38.122353,-3.319534
factory_8,legacy,0.873950,40.227730,-4.261322
factory_8,legacy,0.941177,42.449379,-3.701889
factory_8,legacy,1.008403,44.793720,-3.409808
factory_8,legacy,1.075630,47.267536,-4.584113
factory_8,legacy,1.142857,49.877968,-4.341636
factory_8,legacy,1.210084,52.632568,-3.654881
factory_8,legacy,1.277311,55.539299,-4.784760
factory_8,legacy,1.344538,58.606552,-5.334848
factory_8,legacy,1.411765,61.843204,-4.141810
factory_8,legacy,1.478992,65.258606,-4.983220
factory_8,legacy,1.546218,68.862625,-6.295328
factory_8,legacy,1.613445,72.665695,-4.770637
factory_8,legacy,1.680672,76.678787,-5.266386
factory_8,legacy,1.747899,80.913506,-6.878651
factory_8,legacy,1.815126,85.382095,-5.767009
factory_8,legacy,1.882353,90.097488,-5.675510
factory_8,legacy,1.949580,95.073273,-7.189883
factory_8,legacy,2.016807,100.323875,-6.770616
factory_8,legacy,2.084034,105.864441,-6.149943
factory_8,legacy,2.151261,111.710999,-7.306361
factory_8,legacy,2.218488,117.880432,-7.348074
factory_8,legacy,2.285714,124.390594,-6.678033
factory_8,legacy,2.352941,131.260284,-7.337695
factory_8,legacy,2.420168,138.509369,-7.136685
factory_8,legacy,2.487395,146.158783,-7.254362
factory_8,legacy,2.554622,154.230667,-7.396486
factory_8,legacy,2.621849,162.748337,-6.536791
factory_8,legacy,2.689076,171.736420,-7.416718
factory_8,legacy,2.756303,181.220856,-7.394865
factory_8,legacy,2.823529,191.229095,-5.933559
factory_8,legacy,2.890756,201.790070,-6.853435
factory_8,legacy,2.957983,212.934280,-7.291418
factory_8,legacy,3.025210,224.693970,-5.513605
factory_8,legacy,3.092437,237.103104,-5.591810
factory_8,legacy,3.159664,250.197540,-6.984952
factory_8,legacy,3.226891,264.015137,-5.315350
factory_8,legacy,3.294118,278.595856,-4.333464
factory_8,legacy,3.361345,293.981812,-6.339772
factory_8,legacy,3.428571,310.217468,-5.116575
factory_8,legacy,3.495798,327.349792,-3.423881
factory_8,legacy,3.563025,345.428284,-5.280345
factory_8,legacy,3.630252,364.505157,-4.893608
factory_8,legacy,3.697479,384.635620,-2.922429
factory_8,legacy,3.764706,405.877808,-4.061585
factory_8,legacy,3.831933,428.293121,-4.525771
factory_8,legacy,3.899160,451.946381,-2.662275
factory_8,legacy,3.966387,476.905945,-2.960408
factory_8,legacy,4.033614,503.244019,-3.983797
factory_8,legacy,4.100841,531.036560,-2.562989
factory_8,legacy,4.168067,560.364014,-2.315446
factory_8,legacy,4.235294,591.311096,-3.302615
factory_8,legacy,4.302521,623.967346,-2.490215
factory_8,legacy,4.369748,658.427063,-2.109372
factory_8,legacy,4.436975,694.789795,-2.615777
factory_8,legacy,4.504202,733.160889,-2.380081
factory_8,legacy,4.571429,773.651001,-2.202453
factory_8,legacy,4.638656,816.377197,-2.183750
factory_8,legacy,4.705883,861.463074,-2.226236
factory_8,legacy,4.773109,909.038940,-2.407743
factory_8,legacy,4.840336,959.242249,-2.230032
factory_8,legacy,4.907563,1012.218079,-2.099612
factory_8,legacy,4.974790,1068.119629,-2.621106
factory_8,legacy,5.042017,1127.108398,-2.840706
factory_8,legacy,5.109244,1189.355103,-2.122481
factory_8,legacy,5.176471,1255.039307,-2.801416
factory_8,legacy,5.243698,1324.351074,-3.863177
factory_8,legacy,5.310925,1397.490845,-2.467775
factory_8,legacy,5.378151,1474.669678,-3.033268
factory_8,legacy,5.445378,1556.110962,-4.946969
factory_8,legacy,5.512605,1642.050049,-3.329464
factory_8,legacy,5.579832,1732.735107,-3.416411
factory_8,legacy,5.647059,1828.428467,-5.805556
factory_8,legacy,5.714286,1929.406738,-4.781033
factory_8,legacy,5.781513,2035.961670,-4.063799
factory_8,legacy,5.848740,2148.401367,-6.372058
factory_8,legacy,5.915967,2267.050537,-6.448973
factory_8,legacy,5.983193,2392.252441,-5.057571
factory_8,legacy,6.050420,2524.368896,-6.773529
factory_8,legacy,6.117647,2663.781738,-7.452536
factory_8,legacy,6.184874,2810.893799,-6.296968
factory_8,legacy,6.252101,2966.130371,-7.068107
factory_8,legacy,6.319328,3129.940430,-7.268991
factory_8,legacy,6.386555,3302.796875,-7.175862
factory_8,legacy,6.453782,3485.199951,-7.166538
factory_8,legacy,6.521008,3677.676025,-6.454380
factory_8,legacy,6.588235,3880.782471,-6.775959
factory_8,legacy,6.655462,4095.105469,-6.811327
factory_8,legacy,6.722689,4321.265137,-5.564622
factory_8,legacy,6.789916,4559.914551,-5.458556
factory_8,legacy,6.857143,4811.744141,-5.912776
factory_8,legacy,6.924370,5077.481445,-4.767171
factory_8,legacy,6.991597,5357.894531,-4.257559
factory_8,legacy,7.058824,5653.793457,-4.771221
factory_8,legacy,7.126050,5966.034668,-4.117405
factory_8,legacy,7.193277,6295.519531,-3.568963
factory_8,legacy,7.260504,6643.200684,-3.859671
factory_8,legacy,7.327731,7010.083008,-3.660035
factory_8,legacy,7.394958,7397.227539,-3.333076
factory_8,legacy,7.462185,7805.752441,-3.441468
factory_8,legacy,7.529412,8236.839844,-3.471765
factory_8,legacy,7.596639,8691.733398,-3.404489
factory_8,legacy,7.663866,9171.750000,-3.478398
factory_8,legacy,7.731092,9678.276367,-3.561214
factory_8,legacy,7.798319,10212.776367,-3.654836
factory_8,legacy,7.865546,10776.795898,-3.762606
factory_8,legacy,7.932773,11371.962891,-3.828666
factory_8,legacy,8.000000,12000.000000,-3.928981
factory_8,reference,0.000000,20.000000,-7.464417
factory_8,reference,0.067227,21.104536,-3.542447
factory_8,reference,0.134454,22.270071,-3.531369
factory_8,reference,0.201681,23.499975,-3.545219
factory_8,reference,0.268908,24.797804,-3.252910
factory_8,reference,0.336134,26.167307,-3.284426
factory_8,reference,0.403361,27.612442,-3.088091
factory_8,reference,0.470588,29.137390,-3.361429
factory_8,reference,0.537815,30.746555,-3.183009
factory_8,reference,0.605042,32.444588,-3.201932
factory_8,reference,0.672269,34.236401,-3.330066
factory_8,reference,0.739496,36.127167,-3.265182
factory_8,reference,0.806723,38.122353,-3.242061
factory_8,reference,0.873950,40.227730,-3.519466
factory_8,reference,0.941177,42.449379,-3.529146
factory_8,reference,1.008403,44.793720,-3.387462
factory_8,reference,1.075630,47.267536,-3.793529
factory_8,reference,1.142857,49.877968,-3.930037
factory_8,reference,1.210084,52.632568,-3.682402
factory_8,reference,1.277311,55.539299,-4.100682
factory_8,reference,1.344538,58.606552,-4.570001
factory_8,reference,1.411765,61.843204,-4.188680
factory_8,reference,1.478992,65.258606,-4.470917
factory_8,reference,1.546218,68.862625,-5.244470
factory_8,reference,1.613445,72.665695,-4.755423
factory_8,reference,1.680672,76.678787,-4.965843
factory_8,reference,1.747899,80.913506,-5.716200
factory_8,reference,1.815126,85.382095,-5.599684
factory_8,reference,1.882353,90.097488,-5.558719
factory_8,reference,1.949580,95.073273,-6.260141
factory_8,reference,2.016807,100.323875,-6.450773
factory_8,reference,2.084034,105.864441,-6.154918
factory_8,reference,2.151261,111.710999,-6.751945
factory_8,reference,2.218488,117.880432,-7.112148
factory_8,reference,2.285714,124.390594,-6.725216
factory_8,reference,2.352941,131.260284,-7.123782
factory_8,reference,2.420168,138.509369,-7.453304
factory_8,reference,2.487395,146.158783,-7.280150
factory_8,reference,2.554622,154.230667,-7.380727
factory_8,reference,2.621849,162.748337,-7.468045
factory_8,reference,2.689076,171.736420,-7.483211
factory_8,reference,2.756303,181.220856,-7.491660
factory_8,reference,2.823529,191.229095,-7.256730
factory_8,reference,2.890756,201.790070,-7.245618
factory_8,reference,2.957983,212.934280,-7.374598
factory_8,reference,3.025210,224.693970,-6.905449
factory_8,reference,3.092437,237.103104,-6.565184
factory_8,reference,3.159664,250.197540,-7.005366
factory_8,reference,3.226891,264.015137,-6.494900
factory_8,reference,3.294118,278.595856,-5.752472
factory_8,reference,3.361345,293.981812,-6.365848
factory_8,reference,3.428571,310.217468,-5.963292
factory_8,reference,3.495798,327.349792,-4.994699
factory_8,reference,3.563025,345.428284,-5.466372
factory_8,reference,3.630252,364.505157,-5.377634
factory_8,reference,3.697479,384.635620,-4.377187
factory_8,reference,3.764706,405.877808,-4.491702
factory_8,reference,3.831933,428.293121,-4.723632
factory_8,reference,3.899160,451.946381,-3.814619
factory_8,reference,3.966387,476.905945,-3.537677
factory_8,reference,4.033614,503.244019,-4.018999
factory_8,reference,4.100841,531.036560,-3.355750
factory_8,reference,4.168067,560.364014,-2.843165
factory_8,reference,4.235294,591.311096,-3.305814
factory_8,reference,4.302521,623.967346,-2.933913
factory_8,reference,4.369748,658.427063,-2.395903
factory_8,reference,4.436975,694.789795,-2.661336
factory_8,reference,4.504202,733.160889,-2.555625
factory_8,reference,4.571429,773.651001,-2.161815
factory_8,reference,4.638656,816.377197,-2.226594
factory_8,reference,4.705883,861.463074,-2.256588
factory_8,reference,4.773109,909.038940,-2.083478
factory_8,reference,4.840336,959.242249,-2.087874
factory_8,reference,4.907563,1012.218079,-2.088582
factory_8,reference,4.974790,1068.119629,-2.135382
factory_8,reference,5.042017,1127.108398,-2.292102
factory_8,reference,5.109244,1189.355103,-2.126833
factory_8,reference,5.176471,1255.039307,-2.304781
factory_8,reference,5.243698,1324.351074,-2.777986
factory_8,reference,5.310925,1397.490845,-2.460803
factory_8,reference,5.378151,1474.669678,-2.645838
factory_8,reference,5.445378,1556.110962,-3.431192
factory_8,reference,5.512605,1642.050049,-3.187879
factory_8,reference,5.579832,1732.735107,-3.206797
factory_8,reference,5.647059,1828.428467,-4.208117
factory_8,reference,5.714286,1929.406738,-4.349088
factory_8,reference,5.781513,2035.961670,-4.037494
factory_8,reference,5.848740,2148.401367,-5.058825
factory_8,reference,5.915967,2267.050537,-5.732642
factory_8,reference,5.983193,2392.252441,-5.154077
factory_8,reference,6.050420,2524.368896,-5.970015
factory_8,reference,6.117647,2663.781738,-6.900272
factory_8,reference,6.184874,2810.893799,-6.390715
factory_8,reference,6.252101,2966.130371,-6.790263
factory_8,reference,6.319328,3129.940430,-7.377288
factory_8,reference,6.386555,3302.796875,-7.206285
factory_8,reference,6.453782,3485.199951,-7.194512
factory_8,reference,6.521008,3677.676025,-7.060104
factory_8,reference,6.588235,3880.782471,-6.913292
factory_8,reference,6.655462,4095.105469,-6.842396
factory_8,reference,6.722689,4321.265137,-6.217131
factory_8,reference,6.789916,4559.914551,-5.775146
factory_8,reference,6.857143,4811.744141,-5.848771
factory_8,reference,6.924370,5077.481445,-5.211234
factory_8,reference,6.991597,5357.894531,-4.619683
factory_8,reference,7.058824,5653.793457,-4.704320
factory_8,reference,7.126050,5966.034668,-4.317584
factory_8,reference,7.193277,6295.519531,-3.838469
factory_8,reference,7.260504,6643.200684,-3.848480
factory_8,reference,7.327731,7010.083008,-3.711392
factory_8,reference,7.394958,7397.227539,-3.471141
factory_8,reference,7.462185,7805.752441,-3.459277
factory_8,reference,7.529412,8236.839844,-3.473324
factory_8,reference,7.596639,8691.733398,-3.439046
factory_8,reference,7.663866,9171.750000,-3.484284
factory_8,reference,7.731092,9678.276367,-3.560065
factory_8,reference,7.798319,10212.776367,-3.643248
factory_8,reference,7.865546,10776.795898,-3.746258
factory_8,reference,7.932773,11371.962891,-3.831222
factory_8,reference,8.000000,12000.000000,-3.919438
factory_9,legacy,0.000000,20.000000,-7.925605
factory_9,legacy,0.067227,21.104536,-4.369308
factory_9,legacy,0.134454,22.270071,-4.342581
factory_9,legacy,0.201681,23.499975,-4.307729
factory_9,legacy,0.268908,24.797804,-4.069623
factory_9,legacy,0.336134,26.167307,-4.029624
factory_9,legacy,0.403361,27.612442,-3.844352
factory_9,legacy,0.470588,29.137390,-3.956214
factory_9,legacy,0.537815,30.746555,-3.884099
factory_9,legacy,0.605042,32.444588,-3.865098
factory_9,legacy,0.672269,34.236401,-3.831990
factory_9,legacy,0.739496,36.127167,-3.937217
factory_9,legacy,0.806723,38.122353,-4.017875
factory_9,legacy,0.873950,40.227730,-4.117903
factory_9,legacy,0.941177,42.449379,-4.322004
factory_9,legacy,1.008403,44.793720,-4.611730
factory_9,legacy,1.075630,47.267536,-5.020759
factory_9,legacy,1.142857,49.877968,-5.375637
factory_9,legacy,1.210084,52.632568,-5.851691
factory_9,legacy,1.277311,55.539299,-6.259577
factory_9,legacy,1.344538,58.606552,-6.553356
factory_9,legacy,1.411765,61.843204,-6.702255
factory_9,legacy,1.478992,65.258606,-6.717050
factory_9,legacy,1.546218,68.862625,-6.676399
factory_9,legacy,1.613445,72.665695,-6.504637
factory_9,legacy,1.680672,76.678787,-6.385055
factory_9,legacy,1.747899,80.913506,-6.176114
factory_9,legacy,1.815126,85.382095,-6.075471
factory_9,legacy,1.882353,90.097488,-6.024331
factory_9,legacy,1.949580,95.073273,-5.955115
factory_9,legacy,2.016807,100.323875,-6.047523
factory_9,legacy,2.084034,105.864441,-6.176723
factory_9,legacy,2.151261,111.710999,-6.349708
factory_9,legacy,2.218488,117.880432,-6.553722
factory_9,legacy,2.285714,124.390594,-6.793309
factory_9,legacy,2.352941,131.260284,-7.038663
factory_9,legacy,2.420168,138.509369,-7.165765
factory_9,legacy,2.487395,146.158783,-7.108775
factory_9,legacy,2.554622,154.230667,-6.926467
factory_9,legacy,2.621849,162.748337,-6.570351
factory_9,legacy,2.689076,171.736420,-6.186537
factory_9,legacy,2.756303,181.220856,-5.884109
factory_9,legacy,2.823529,191.229095,-5.751909
factory_9,legacy,2.890756,201.790070,-5.773514
factory_9,legacy,2.957983,212.934280,-5.840621
factory_9,legacy,3.025210,224.693970,-6.034259
factory_9,legacy,3.092437,237.103104,-6.233464
factory_9,legacy,3.159664,250.197540,-6.404547
factory_9,legacy,3.226891,264.015137,-6.525584
factory_9,legacy,3.294118,278.595856,-6.574034
factory_9,legacy,3.361345,293.981812,-6.569493
factory_9,legacy,3.428571,310.217468,-6.479387
factory_9,legacy,3.495798,327.349792,-6.342347
factory_9,legacy,3.563025,345.428284,-6.103277
factory_9,legacy,3.630252,364.505157,-5.781703
factory_9,legacy,3.697479,384.635620,-5.382431
factory_9,legacy,3.764706,405.877808,-4.865275
factory_9,legacy,3.831933,428.293121,-4.319300
factory_9,legacy,3.899160,451.946381,-3.819940
factory_9,legacy,3.966387,476.905945,-3.422974
factory_9,legacy,4.033614,503.244019,-3.169468
factory_9,legacy,4.100841,531.036560,-3.025942
factory_9,legacy,4.168067,560.364014,-2.969394
factory_9,legacy,4.235294,591.311096,-2.959937
factory_9,legacy,4.302521,623.967346,-2.974162
factory_9,legacy,4.369748,658.427063,-3.006674
factory_9,legacy,4.436975,694.789795,-3.050541
factory_9,legacy,4.504202,733.160889,-3.118283
factory_9,legacy,4.571429,773.651001,-3.186435
factory_9,legacy,4.638656,816.377197,-3.237179
factory_9,legacy,4.705883,861.463074,-3.250010
factory_9,legacy,4.773109,909.038940,-3.223681
factory_9,legacy,4.840336,959.242249,-3.168491
factory_9,legacy,4.907563,1012.218079,-3.097749
factory_9,legacy,4.974790,1068.119629,-3.037307
factory_9,legacy,5.042017,1127.108398,-3.012943
factory_9,legacy,5.109244,1189.355103,-3.073305
factory_9,legacy,5.176471,1255.039307,-3.252433
factory_9,legacy,5.243698,1324.351074,-3.585976
factory_9,legacy,5.310925,1397.490845,-4.050893
factory_9,legacy,5.378151,1474.669678,-4.587123
factory_9,legacy,5.445378,1556.110962,-5.100081
factory_9,legacy,5.512605,1642.050049,-5.516013
factory_9,legacy,5.579832,1732.735107,-5.780794
factory_9,legacy,5.647059,1828.428467,-5.877262
factory_9,legacy,5.714286,1929.406738,-5.854555
factory_9,legacy,5.781513,2035.961670,-5.750418
factory_9,legacy,5.848740,2148.401367,-5.614949
factory_9,legacy,5.915967,2267.050537,-5.491328
factory_9,legacy,5.983193,2392.252441,-5.404772
factory_9,legacy,6.050420,2524.368896,-5.391272
factory_9,legacy,6.117647,2663.781738,-5.465052
factory_9,legacy,6.184874,2810.893799,-5.621409
factory_9,legacy,6.252101,2966.130371,-5.846924
factory_9,legacy,6.319328,3129.940430,-6.116542
factory_9,legacy,6.386555,3302.796875,-6.383760
factory_9,legacy,6.453782,3485.199951,-6.577845
factory_9,legacy,6.521008,3677.676025,-6.614736
factory_9,legacy,6.588235,3880.782471,-6.451707
factory_9,legacy,6.655462,4095.105469,-6.128579
factory_9,legacy,6.722689,4321.265137,-5.739979
factory_9,legacy,6.789916,4559.914551,-5.368062
factory_9,legacy,6.857143,4811.744141,-5.057106
factory_9,legacy,6.924370,5077.481445,-4.818937
factory_9,legacy,6.991597,5357.894531,-4.648228
factory_9,legacy,7.058824,5653.793457,-4.532648
factory_9,legacy,7.126050,5966.034668,-4.456370
factory_9,legacy,7.193277,6295.519531,-4.402762
factory_9,legacy,7.260504,6643.200684,-4.362732
factory_9,legacy,7.327731,7010.083008,-4.328732
factory_9,legacy,7.394958,7397.227539,-4.297272
factory_9,legacy,7.462185,7805.752441,-4.261656
factory_9,legacy,7.529412,8236.839844,-4.231687
factory_9,legacy,7.596639,8691.733398,-4.213197
factory_9,legacy,7.663866,9171.750000,-4.213251
factory_9,legacy,7.731092,9678.276367,-4.235943
factory_9,legacy,7.798319,10212.776367,-4.280382
factory_9,legacy,7.865546,10776.795898,-4.342695
factory_9,legacy,7.932773,11371.962891,-4.417191
factory_9,legacy,8.000000,12000.000000,-4.484184
factory_9,reference,0.000000,20.000000,-7.887716
factory_9,reference,0.067227,21.104536,-4.181625
factory_9,reference,0.134454,22.270071,-4.130396
factory_9,reference,0.201681,23.499975,-4.153114
factory_9,reference,0.268908,24.797804,-3.956946
factory_9,reference,0.336134,26.167307,-3.990653
factory_9,reference,0.403361,27.612442,-3.859426
factory_9,reference,0.470588,29.137390,-4.005768
factory_9,reference,0.537815,30.746555,-3.964582
factory_9,reference,0.605042,32.444588,-3.966985
factory_9,reference,0.672269,34.236401,-3.956953
factory_9,reference,0.739496,36.127167,-4.052794
factory_9,reference,0.806723,38.122353,-4.127613
factory_9,reference,0.873950,40.227730,-4.212154
factory_9,reference,0.941177,42.449379,-4.356379
factory_9,reference,1.008403,44.793720,-4.541558
factory_9,reference,1.075630,47.267536,-4.795113
factory_9,reference,1.142857,49.877968,-4.973386
factory_9,reference,1.210084,52.632568,-5.268986
factory_9,reference,1.277311,55.539299,-5.563836
factory_9,reference,1.344538,58.606552,-5.813287
factory_9,reference,1.411765,61.843204,-6.005766
factory_9,reference,1.478992,65.258606,-6.100449
factory_9,reference,1.546218,68.862625,-6.186772
factory_9,reference,1.613445,72.665695,-6.128296
factory_9,reference,1.680672,76.678787,-6.173401
factory_9,reference,1.747899,80.913506,-6.118697
factory_9,reference,1.815126,85.382095,-6.157496
factory_9,reference,1.882353,90.097488,-6.210948
factory_9,reference,1.949580,95.073273,-6.216319
factory_9,reference,2.016807,100.323875,-6.337318
factory_9,reference,2.084034,105.864441,-6.462263
factory_9,reference,2.151261,111.710999,-6.596841
factory_9,reference,2.218488,117.880432,-6.732941
factory_9,reference,2.285714,124.390594,-6.878887
factory_9,reference,2.352941,131.260284,-7.041029
factory_9,reference,2.420168,138.509369,-7.142892
factory_9,reference,2.487395,146.158783,-7.182899
factory_9,reference,2.554622,154.230667,-7.171984
factory_9,reference,2.621849,162.748337,-7.072142
factory_9,reference,2.689076,171.736420,-6.924861
factory_9,reference,2.756303,181.220856,-6.761961
factory_9,reference,2.823529,191.229095,-6.641393
factory_9,reference,2.890756,201.790070,-6.565680
factory_9,reference,2.957983,212.934280,-6.485479
factory_9,reference,3.025210,224.693970,-6.477640
factory_9,reference,3.092437,237.103104,-6.478220
factory_9,reference,3.159664,250.197540,-6.473995
factory_9,reference,3.226891,264.015137,-6.460373
factory_9,reference,3.294118,278.595856,-6.411431
factory_9,reference,3.361345,293.981812,-6.341143
factory_9,reference,3.428571,310.217468,-6.210547
factory_9,reference,3.495798,327.349792,-6.065921
factory_9,reference,3.563025,345.428284,-5.853792
factory_9,reference,3.630252,364.505157,-5.613153
factory_9,reference,3.697479,384.635620,-5.351526
factory_9,reference,3.764706,405.877808,-5.015784
factory_9,reference,3.831933,428.293121,-4.660156
factory_9,reference,3.899160,451.946381,-4.310533
factory_9,reference,3.966387,476.905945,-3.982565
factory_9,reference,4.033614,503.244019,-3.719198
factory_9,reference,4.100841,531.036560,-3.503472
factory_9,reference,4.168067,560.364014,-3.351661
factory_9,reference,4.235294,591.311096,-3.256698
factory_9,reference,4.302521,623.967346,-3.214266
factory_9,reference,4.369748,658.427063,-3.200801
factory_9,reference,4.436975,694.789795,-3.187624
factory_9,reference,4.504202,733.160889,-3.190561
factory_9,reference,4.571429,773.651001,-3.188118
factory_9,reference,4.638656,816.377197,-3.174881
factory_9,reference,4.705883,861.463074,-3.145063
factory_9,reference,4.773109,909.038940,-3.105015
factory_9,reference,4.840336,959.242249,-3.062896
factory_9,reference,4.907563,1012.218079,-3.025971
factory_9,reference,4.974790,1068.119629,-3.007113
factory_9,reference,5.042017,1127.108398,-3.013969
factory_9,reference,5.109244,1189.355103,-3.068173
factory_9,reference,5.176471,1255.039307,-3.177117
factory_9,reference,5.243698,1324.351074,-3.360248
factory_9,reference,5.310925,1397.490845,-3.613043
factory_9,reference,5.378151,1474.669678,-3.921476
factory_9,reference,5.445378,1556.110962,-4.253873
factory_9,reference,5.512605,1642.050049,-4.584809
factory_9,reference,5.579832,1732.735107,-4.874052
factory_9,reference,5.647059,1828.428467,-5.084913
factory_9,reference,5.714286,1929.406738,-5.218659
factory_9,reference,5.781513,2035.961670,-5.303828
factory_9,reference,5.848740,2148.401367,-5.371912
factory_9,reference,5.915967,2267.050537,-5.444680
factory_9,reference,5.983193,2392.252441,-5.526860
factory_9,reference,6.050420,2524.368896,-5.641239
factory_9,reference,6.117647,2663.781738,-5.794373
factory_9,reference,6.184874,2810.893799,-5.978580
factory_9,reference,6.252101,2966.130371,-6.180737
factory_9,reference,6.319328,3129.940430,-6.379373
factory_9,reference,6.386555,3302.796875,-6.541662
factory_9,reference,6.453782,3485.199951,-6.634886
factory_9,reference,6.521008,3677.676025,-6.626681
factory_9,reference,6.588235,3880.782471,-6.501709
factory_9,reference,6.655462,4095.105469,-6.272884
factory_9,reference,6.722689,4321.265137,-5.978771
factory_9,reference,6.789916,4559.914551,-5.662694
factory_9,reference,6.857143,4811.744141,-5.361831
factory_9,reference,6.924370,5077.481445,-5.098348
factory_9,reference,6.991597,5357.894531,-4.883098
factory_9,reference,7.058824,5653.793457,-4.714191
factory_9,reference,7.126050,5966.034668,-4.584196
factory_9,reference,7.193277,6295.519531,-4.477459
factory_9,reference,7.260504,6643.200684,-4.389648
factory_9,reference,7.327731,7010.083008,-4.317990
factory_9,reference,7.394958,7397.227539,-4.262545
factory_9,reference,7.462185,7805.752441,-4.217295
factory_9,reference,7.529412,8236.839844,-4.190015
factory_9,reference,7.596639,8691.733398,-4.181917
factory_9,reference,7.663866,9171.750000,-4.194983
factory_9,reference,7.731092,9678.276367,-4.228829
factory_9,reference,7.798319,10212.776367,-4.280176
factory_9,reference,7.865546,10776.795898,-4.344187
factory_9,reference,7.932773,11371.962891,-4.416434
factory_9,reference,8.000000,12000.000000,-4.480328
