preset,mode,time_s,freq_hz,gain_db
factory_0,legacy,0.000000,20.000000,-7.960393
factory_0,legacy,0.067227,21.104536,-3.592832
factory_0,legacy,0.134454,22.270071,-3.227802
factory_0,legacy,0.201681,23.499975,-2.983535
factory_0,legacy,0.268908,24.797804,-2.587490
factory_0,legacy,0.336134,26.167307,-2.631340
factory_0,legacy,0.403361,27.612442,-2.295835
factory_0,legacy,0.470588,29.137390,-2.504008
factory_0,legacy,0.537815,30.746555,-2.431809
factory_0,legacy,0.605042,32.444588,-2.433278
factory_0,legacy,0.672269,34.236401,-2.363546
factory_0,legacy,0.739496,36.127167,-2.452346
factory_0,legacy,0.806723,38.122353,-2.505633
factory_0,legacy,0.873950,40.227730,-2.629272
factory_0,legacy,0.941177,42.449379,-3.003683
factory_0,legacy,1.008403,44.793720,-3.651500
factory_0,legacy,1.075630,47.267536,-4.765264
factory_0,legacy,1.142857,49.877968,-5.820805
factory_0,legacy,1.210084,52.632568,-7.273083
factory_0,legacy,1.277311,55.539299,-8.047134
factory_0,legacy,1.344538,58.606552,-8.012284
factory_0,legacy,1.411765,61.843204,-7.012787
factory_0,legacy,1.478992,65.258606,-5.707357
factory_0,legacy,1.546218,68.862625,-4.718652
factory_0,legacy,1.613445,72.665695,-3.951479
factory_0,legacy,1.680672,76.678787,-3.875558
factory_0,legacy,1.747899,80.913506,-3.943522
factory_0,legacy,1.815126,85.382095,-4.250178
factory_0,legacy,1.882353,90.097488,-4.581584
factory_0,legacy,1.949580,95.073273,-4.697722
factory_0,legacy,2.016807,100.323875,-5.135046
factory_0,legacy,2.084034,105.864441,-5.676054
factory_0,legacy,2.151261,111.710999,-6.589195
factory_0,legacy,2.218488,117.880432,-7.919497
factory_0,legacy,2.285714,124.390594,-9.085868
factory_0,legacy,2.352941,131.260284,-8.873242
factory_0,legacy,2.420168,138.509369,-7.349034
factory_0,legacy,2.487395,146.158783,-5.499148
factory_0,legacy,2.554622,154.230667,-4.811928
factory_0,legacy,2.621849,162.748337,-4.807702
factory_0,legacy,2.689076,171.736420,-6.069726
factory_0,legacy,2.756303,181.220856,-7.882804
factory_0,legacy,2.823529,191.229095,-9.061817
factory_0,legacy,2.890756,201.790070,-9.225139
factory_0,legacy,2.957983,212.934280,-9.148533
factory_0,legacy,3.025210,224.693970,-9.204752
factory_0,legacy,3.092437,237.103104,-9.234644
factory_0,legacy,3.159664,250.197540,-9.214862
factory_0,legacy,3.226891,264.015137,-9.148067
factory_0,legacy,3.294118,278.595856,-8.956262
factory_0,legacy,3.361345,293.981812,-8.468915
factory_0,legacy,3.428571,310.217468,-7.322889
factory_0,legacy,3.495798,327.349792,-5.607971
factory_0,legacy,3.563025,345.428284,-3.763310
factory_0,legacy,3.630252,364.505157,-2.297812
factory_0,legacy,3.697479,384.635620,-1.421415
factory_0,legacy,3.764706,405.877808,-1.014646
factory_0,legacy,3.831933,428.293121,-0.965298
factory_0,legacy,3.899160,451.946381,-1.130207
factory_0,legacy,3.966387,476.905945,-1.347756
factory_0,legacy,4.033614,503.244019,-1.845699
factory_0,legacy,4.100841,531.036560,-2.845744
factory_0,legacy,4.168067,560.364014,-3.896672
factory_0,legacy,4.235294,591.311096,-4.429260
factory_0,legacy,4.302521,623.967346,-4.220021
factory_0,legacy,4.369748,658.427063,-3.871854
factory_0,legacy,4.436975,694.789795,-3.483626
factory_0,legacy,4.504202,733.160889,-3.137332
factory_0,legacy,4.571429,773.651001,-2.685267
factory_0,legacy,4.638656,816.377197,-2.151311
factory_0,legacy,4.705883,861.463074,-1.579479
factory_0,legacy,4.773109,909.038940,-1.299212
factory_0,legacy,4.840336,959.242249,-1.473759
factory_0,legacy,4.907563,1012.218079,-2.247420
factory_0,legacy,4.974790,1068.119629,-3.615691
factory_0,legacy,5.042017,1127.108398,-5.265388
factory_0,legacy,5.109244,1189.355103,-6.234739
factory_0,legacy,5.176471,1255.039307,-5.978164
factory_0,legacy,5.243698,1324.351074,-4.604304
factory_0,legacy,5.310925,1397.490845,-3.249418
factory_0,legacy,5.378151,1474.669678,-2.248378
factory_0,legacy,5.445378,1556.110962,-1.673599
factory_0,legacy,5.512605,1642.050049,-1.511890
factory_0,legacy,5.579832,1732.735107,-1.646763
factory_0,legacy,5.647059,1828.428467,-1.862402
factory_0,legacy,5.714286,1929.406738,-2.129183
factory_0,legacy,5.781513,2035.961670,-2.451915
factory_0,legacy,5.848740,2148.401367,-2.933781
factory_0,legacy,5.915967,2267.050537,-3.683918
factory_0,legacy,5.983193,2392.252441,-4.941180
factory_0,legacy,6.050420,2524.368896,-6.609456
factory_0,legacy,6.117647,2663.781738,-8.177774
factory_0,legacy,6.184874,2810.893799,-8.790168
factory_0,legacy,6.252101,2966.130371,-8.115662
factory_0,legacy,6.319328,3129.940430,-6.798144
factory_0,legacy,6.386555,3302.796875,-5.917859
factory_0,legacy,6.453782,3485.199951,-5.697674
factory_0,legacy,6.521008,3677.676025,-6.462328
factory_0,legacy,6.588235,3880.782471,-7.150090
factory_0,legacy,6.655462,4095.105469,-7.461004
factory_0,legacy,6.722689,4321.265137,-7.510982
factory_0,legacy,6.789916,4559.914551,-7.364253
factory_0,legacy,6.857143,4811.744141,-7.071275
factory_0,legacy,6.924370,5077.481445,-6.674231
factory_0,legacy,6.991597,5357.894531,-6.206197
factory_0,legacy,7.058824,5653.793457,-5.689499
factory_0,legacy,7.126050,5966.034668,-5.108161
factory_0,legacy,7.193277,6295.519531,-4.457343
factory_0,legacy,7.260504,6643.200684,-3.756321
factory_0,legacy,7.327731,7010.083008,-3.188030
factory_0,legacy,7.394958,7397.227539,-2.874341
factory_0,legacy,7.462185,7805.752441,-2.767097
factory_0,legacy,7.529412,8236.839844,-2.847273
factory_0,legacy,7.596639,8691.733398,-3.030455
factory_0,legacy,7.663866,9171.750000,-3.256347
factory_0,legacy,7.731092,9678.276367,-3.409620
factory_0,legacy,7.798319,10212.776367,-3.428679
factory_0,legacy,7.865546,10776.795898,-3.469079
factory_0,legacy,7.932773,11371.962891,-3.565231
factory_0,legacy,8.000000,12000.000000,-3.646474
factory_0,reference,0.000000,20.000000,-6.734633
factory_0,reference,0.067227,21.104536,-4.306918
factory_0,reference,0.134454,22.270071,-4.197054
factory_0,reference,0.201681,23.499975,-4.386594
factory_0,reference,0.268908,24.797804,-4.093109
factory_0,reference,0.336134,26.167307,-6.132222
factory_0,reference,0.403361,27.612442,-6.628993
factory_0,reference,0.470588,29.137390,-8.419875
factory_0,reference,0.537815,30.746555,-8.285794
factory_0,reference,0.605042,32.444588,-7.810793
factory_0,reference,0.672269,34.236401,-7.993876
factory_0,reference,0.739496,36.127167,-8.717329
factory_0,reference,0.806723,38.122353,-8.454619
factory_0,reference,0.873950,40.227730,-5.542467
factory_0,reference,0.941177,42.449379,-3.372795
factory_0,reference,1.008403,44.793720,-1.450750
factory_0,reference,1.075630,47.267536,-1.105298
factory_0,reference,1.142857,49.877968,-1.514371
factory_0,reference,1.210084,52.632568,-2.342820
factory_0,reference,1.277311,55.539299,-3.333969
factory_0,reference,1.344538,58.606552,-3.830132
factory_0,reference,1.411765,61.843204,-4.124740
factory_0,reference,1.478992,65.258606,-3.743960
factory_0,reference,1.546218,68.862625,-3.049088
factory_0,reference,1.613445,72.665695,-2.091602
factory_0,reference,1.680672,76.678787,-1.667839
factory_0,reference,1.747899,80.913506,-1.450554
factory_0,reference,1.815126,85.382095,-1.861668
factory_0,reference,1.882353,90.097488,-2.530708
factory_0,reference,1.949580,95.073273,-2.585050
factory_0,reference,2.016807,100.323875,-1.994972
factory_0,reference,2.084034,105.864441,-1.402200
factory_0,reference,2.151261,111.710999,-1.427886
factory_0,reference,2.218488,117.880432,-2.288390
factory_0,reference,2.285714,124.390594,-5.097830
factory_0,reference,2.352941,131.260284,-9.263073
factory_0,reference,2.420168,138.509369,-12.223014
factory_0,reference,2.487395,146.158783,-11.129098
factory_0,reference,2.554622,154.230667,-9.318074
factory_0,reference,2.621849,162.748337,-8.340936
factory_0,reference,2.689076,171.736420,-8.174781
factory_0,reference,2.756303,181.220856,-9.133898
factory_0,reference,2.823529,191.229095,-10.892367
factory_0,reference,2.890756,201.790070,-10.743551
factory_0,reference,2.957983,212.934280,-7.410556
factory_0,reference,3.025210,224.693970,-4.371926
factory_0,reference,3.092437,237.103104,-2.351357
factory_0,reference,3.159664,250.197540,-1.484924
factory_0,reference,3.226891,264.015137,-1.485229
factory_0,reference,3.294118,278.595856,-2.154806
factory_0,reference,3.361345,293.981812,-3.715072
factory_0,reference,3.428571,310.217468,-7.135262
factory_0,reference,3.495798,327.349792,-10.856420
factory_0,reference,3.563025,345.428284,-8.280695
factory_0,reference,3.630252,364.505157,-4.951537
factory_0,reference,3.697479,384.635620,-2.972144
factory_0,reference,3.764706,405.877808,-1.872047
factory_0,reference,3.831933,428.293121,-1.336823
factory_0,reference,3.899160,451.946381,-1.141885
factory_0,reference,3.966387,476.905945,-1.157325
factory_0,reference,4.033614,503.244019,-1.521592
factory_0,reference,4.100841,531.036560,-2.302084
factory_0,reference,4.168067,560.364014,-3.828475
factory_0,reference,4.235294,591.311096,-6.538932
factory_0,reference,4.302521,623.967346,-9.731905
factory_0,reference,4.369748,658.427063,-10.392677
factory_0,reference,4.436975,694.789795,-9.507147
factory_0,reference,4.504202,733.160889,-9.495305
factory_0,reference,4.571429,773.651001,-10.300237
factory_0,reference,4.638656,816.377197,-9.798985
factory_0,reference,4.705883,861.463074,-6.592667
factory_0,reference,4.773109,909.038940,-3.500650
factory_0,reference,4.840336,959.242249,-1.577118
factory_0,reference,4.907563,1012.218079,-0.718161
factory_0,reference,4.974790,1068.119629,-0.528179
factory_0,reference,5.042017,1127.108398,-0.485725
factory_0,reference,5.109244,1189.355103,-0.484120
factory_0,reference,5.176471,1255.039307,-0.500760
factory_0,reference,5.243698,1324.351074,-0.531556
factory_0,reference,5.310925,1397.490845,-0.570348
factory_0,reference,5.378151,1474.669678,-0.627703
factory_0,reference,5.445378,1556.110962,-0.846815
factory_0,reference,5.512605,1642.050049,-1.308705
factory_0,reference,5.579832,1732.735107,-2.143221
factory_0,reference,5.647059,1828.428467,-3.594207
factory_0,reference,5.714286,1929.406738,-4.779624
factory_0,reference,5.781513,2035.961670,-4.637951
factory_0,reference,5.848740,2148.401367,-3.462532
factory_0,reference,5.915967,2267.050537,-2.212554
factory_0,reference,5.983193,2392.252441,-1.320156
factory_0,reference,6.050420,2524.368896,-1.001281
factory_0,reference,6.117647,2663.781738,-1.176889
factory_0,reference,6.184874,2810.893799,-1.474557
factory_0,reference,6.252101,2966.130371,-1.737091
factory_0,reference,6.319328,3129.940430,-1.960653
factory_0,reference,6.386555,3302.796875,-2.160788
factory_0,reference,6.453782,3485.199951,-2.347326
factory_0,reference,6.521008,3677.676025,-2.522025
factory_0,reference,6.588235,3880.782471,-2.671518
factory_0,reference,6.655462,4095.105469,-2.766181
factory_0,reference,6.722689,4321.265137,-2.762091
factory_0,reference,6.789916,4559.914551,-2.644797
factory_0,reference,6.857143,4811.744141,-2.440828
factory_0,reference,6.924370,5077.481445,-2.222974
factory_0,reference,6.991597,5357.894531,-2.133649
factory_0,reference,7.058824,5653.793457,-2.297554
factory_0,reference,7.126050,5966.034668,-2.679673
factory_0,reference,7.193277,6295.519531,-3.216020
factory_0,reference,7.260504,6643.200684,-3.803755
factory_0,reference,7.327731,7010.083008,-4.272222
factory_0,reference,7.394958,7397.227539,-4.561550
factory_0,reference,7.462185,7805.752441,-4.720546
factory_0,reference,7.529412,8236.839844,-4.800319
factory_0,reference,7.596639,8691.733398,-4.835005
factory_0,reference,7.663866,9171.750000,-4.840667
factory_0,reference,7.731092,9678.276367,-4.822645
factory_0,reference,7.798319,10212.776367,-4.789389
factory_0,reference,7.865546,10776.795898,-4.740424
factory_0,reference,7.932773,11371.962891,-4.682884
factory_0,reference,8.000000,12000.000000,-4.630407
factory_1,legacy,0.000000,20.000000,-8.365343
factory_1,legacy,0.067227,21.104536,-4.270026
factory_1,legacy,0.134454,22.270071,-3.643161
factory_1,legacy,0.201681,23.499975,-3.141362
factory_1,legacy,0.268908,24.797804,-2.651586
factory_1,legacy,0.336134,26.167307,-2.701208
factory_1,legacy,0.403361,27.612442,-2.340803
factory_1,legacy,0.470588,29.137390,-2.543169
factory_1,legacy,0.537815,30.746555,-2.466631
factory_1,legacy,0.605042,32.444588,-2.476609
factory_1,legacy,0.672269,34.236401,-2.431827
factory_1,legacy,0.739496,36.127167,-2.559310
factory_1,legacy,0.806723,38.122353,-2.797826
factory_1,legacy,0.873950,40.227730,-3.525833
factory_1,legacy,0.941177,42.449379,-4.660529
factory_1,legacy,1.008403,44.793720,-6.513655
factory_1,legacy,1.075630,47.267536,-8.522951
factory_1,legacy,1.142857,49.877968,-9.382950
factory_1,legacy,1.210084,52.632568,-9.002324
factory_1,legacy,1.277311,55.539299,-7.140201
factory_1,legacy,1.344538,58.606552,-5.170089
factory_1,legacy,1.411765,61.843204,-4.016079
factory_1,legacy,1.478992,65.258606,-3.545234
factory_1,legacy,1.546218,68.862625,-3.750901
factory_1,legacy,1.613445,72.665695,-3.765364
factory_1,legacy,1.680672,76.678787,-4.112351
factory_1,legacy,1.747899,80.913506,-4.220508
factory_1,legacy,1.815126,85.382095,-4.694835
factory_1,legacy,1.882353,90.097488,-5.549333
factory_1,legacy,1.949580,95.073273,-6.991822
factory_1,legacy,2.016807,100.323875,-9.315451
factory_1,legacy,2.084034,105.864441,-10.446177
factory_1,legacy,2.151261,111.710999,-8.350579
factory_1,legacy,2.218488,117.880432,-5.779073
factory_1,legacy,2.285714,124.390594,-4.989937
factory_1,legacy,2.352941,131.260284,-5.636051
factory_1,legacy,2.420168,138.509369,-8.568712
factory_1,legacy,2.487395,146.158783,-10.330549
factory_1,legacy,2.554622,154.230667,-9.589786
factory_1,legacy,2.621849,162.748337,-9.040751
factory_1,legacy,2.689076,171.736420,-9.331491
factory_1,legacy,2.756303,181.220856,-9.680079
factory_1,legacy,2.823529,191.229095,-9.901651
factory_1,legacy,2.890756,201.790070,-10.149528
factory_1,legacy,2.957983,212.934280,-10.392057
factory_1,legacy,3.025210,224.693970,-10.134932
factory_1,legacy,3.092437,237.103104,-8.407311
factory_1,legacy,3.159664,250.197540,-5.505570
factory_1,legacy,3.226891,264.015137,-3.020458
factory_1,legacy,3.294118,278.595856,-1.491727
factory_1,legacy,3.361345,293.981812,-1.050035
factory_1,legacy,3.428571,310.217468,-1.049655
factory_1,legacy,3.495798,327.349792,-1.441248
factory_1,legacy,3.563025,345.428284,-2.378811
factory_1,legacy,3.630252,364.505157,-4.740402
factory_1,legacy,3.697479,384.635620,-6.929729
factory_1,legacy,3.764706,405.877808,-7.609478
factory_1,legacy,3.831933,428.293121,-7.280125
factory_1,legacy,3.899160,451.946381,-6.891055
factory_1,legacy,3.966387,476.905945,-6.466790
factory_1,legacy,4.033614,503.244019,-5.955798
factory_1,legacy,4.100841,531.036560,-4.992153
factory_1,legacy,4.168067,560.364014,-3.400655
factory_1,legacy,4.235294,591.311096,-2.007886
factory_1,legacy,4.302521,623.967346,-1.396847
factory_1,legacy,4.369748,658.427063,-1.826676
factory_1,legacy,4.436975,694.789795,-3.418679
factory_1,legacy,4.504202,733.160889,-5.344180
factory_1,legacy,4.571429,773.651001,-5.485369
factory_1,legacy,4.638656,816.377197,-3.823316
factory_1,legacy,4.705883,861.463074,-2.216103
factory_1,legacy,4.773109,909.038940,-1.520011
factory_1,legacy,4.840336,959.242249,-1.593138
factory_1,legacy,4.907563,1012.218079,-1.747690
factory_1,legacy,4.974790,1068.119629,-1.625386
factory_1,legacy,5.042017,1127.108398,-1.522823
factory_1,legacy,5.109244,1189.355103,-1.451807
factory_1,legacy,5.176471,1255.039307,-1.427356
factory_1,legacy,5.243698,1324.351074,-1.582889
factory_1,legacy,5.310925,1397.490845,-2.222450
factory_1,legacy,5.378151,1474.669678,-3.785108
factory_1,legacy,5.445378,1556.110962,-6.382122
factory_1,legacy,5.512605,1642.050049,-8.835250
factory_1,legacy,5.579832,1732.735107,-9.767125
factory_1,legacy,5.647059,1828.428467,-9.411366
factory_1,legacy,5.714286,1929.406738,-9.198097
factory_1,legacy,5.781513,2035.961670,-9.042043
factory_1,legacy,5.848740,2148.401367,-7.553957
factory_1,legacy,5.915967,2267.050537,-5.915418
factory_1,legacy,5.983193,2392.252441,-5.008011
factory_1,legacy,6.050420,2524.368896,-5.060106
factory_1,legacy,6.117647,2663.781738,-5.552816
factory_1,legacy,6.184874,2810.893799,-6.010422
factory_1,legacy,6.252101,2966.130371,-6.427159
factory_1,legacy,6.319328,3129.940430,-6.913939
factory_1,legacy,6.386555,3302.796875,-7.506233
factory_1,legacy,6.453782,3485.199951,-8.037772
factory_1,legacy,6.521008,3677.676025,-7.738370
factory_1,legacy,6.588235,3880.782471,-6.342489
factory_1,legacy,6.655462,4095.105469,-4.610137
factory_1,legacy,6.722689,4321.265137,-3.120127
factory_1,legacy,6.789916,4559.914551,-2.576390
factory_1,legacy,6.857143,4811.744141,-2.863471
factory_1,legacy,6.924370,5077.481445,-3.690040
factory_1,legacy,6.991597,5357.894531,-4.737019
factory_1,legacy,7.058824,5653.793457,-5.264857
factory_1,legacy,7.126050,5966.034668,-5.438266
factory_1,legacy,7.193277,6295.519531,-5.072206
factory_1,legacy,7.260504,6643.200684,-4.614837
factory_1,legacy,7.327731,7010.083008,-4.213597
factory_1,legacy,7.394958,7397.227539,-3.887945
factory_1,legacy,7.462185,7805.752441,-3.607233
factory_1,legacy,7.529412,8236.839844,-3.403930
factory_1,legacy,7.596639,8691.733398,-3.313707
factory_1,legacy,7.663866,9171.750000,-3.399403
factory_1,legacy,7.731092,9678.276367,-3.638549
factory_1,legacy,7.798319,10212.776367,-3.966357
factory_1,legacy,7.865546,10776.795898,-4.300605
factory_1,legacy,7.932773,11371.962891,-4.437614
factory_1,legacy,8.000000,12000.000000,-4.413962
factory_1,reference,0.000000,20.000000,-6.979381
factory_1,reference,0.067227,21.104536,-4.614196
factory_1,reference,0.134454,22.270071,-4.311296
factory_1,reference,0.201681,23.499975,-4.344434
factory_1,reference,0.268908,24.797804,-4.258607
factory_1,reference,0.336134,26.167307,-7.446076
factory_1,reference,0.403361,27.612442,-8.571939
factory_1,reference,0.470588,29.137390,-8.893215
factory_1,reference,0.537815,30.746555,-7.894566
factory_1,reference,0.605042,32.444588,-7.920498
factory_1,reference,0.672269,34.236401,-8.879358
factory_1,reference,0.739496,36.127167,-9.447097
factory_1,reference,0.806723,38.122353,-6.054320
factory_1,reference,0.873950,40.227730,-2.133369
factory_1,reference,0.941177,42.449379,-1.353053
factory_1,reference,1.008403,44.793720,-1.272146
factory_1,reference,1.075630,47.267536,-2.234810
factory_1,reference,1.142857,49.877968,-2.625987
factory_1,reference,1.210084,52.632568,-3.318920
factory_1,reference,1.277311,55.539299,-3.726591
factory_1,reference,1.344538,58.606552,-3.308296
factory_1,reference,1.411765,61.843204,-2.428608
factory_1,reference,1.478992,65.258606,-1.723116
factory_1,reference,1.546218,68.862625,-1.508549
factory_1,reference,1.613445,72.665695,-2.581811
factory_1,reference,1.680672,76.678787,-3.980514
factory_1,reference,1.747899,80.913506,-3.800583
factory_1,reference,1.815126,85.382095,-2.514252
factory_1,reference,1.882353,90.097488,-1.552467
factory_1,reference,1.949580,95.073273,-1.473419
factory_1,reference,2.016807,100.323875,-3.516391
factory_1,reference,2.084034,105.864441,-7.620871
factory_1,reference,2.151261,111.710999,-12.472749
factory_1,reference,2.218488,117.880432,-14.568068
factory_1,reference,2.285714,124.390594,-13.242826
factory_1,reference,2.352941,131.260284,-11.895123
factory_1,reference,2.420168,138.509369,-12.010118
factory_1,reference,2.487395,146.158783,-13.266114
factory_1,reference,2.554622,154.230667,-12.305354
factory_1,reference,2.621849,162.748337,-7.286754
factory_1,reference,2.689076,171.736420,-3.733142
factory_1,reference,2.756303,181.220856,-1.560454
factory_1,reference,2.823529,191.229095,-1.061681
factory_1,reference,2.890756,201.790070,-1.075497
factory_1,reference,2.957983,212.934280,-1.842421
factory_1,reference,3.025210,224.693970,-4.128593
factory_1,reference,3.092437,237.103104,-9.822489
factory_1,reference,3.159664,250.197540,-12.072832
factory_1,reference,3.226891,264.015137,-7.427291
factory_1,reference,3.294118,278.595856,-4.443633
factory_1,reference,3.361345,293.981812,-2.888247
factory_1,reference,3.428571,310.217468,-2.186824
factory_1,reference,3.495798,327.349792,-1.970258
factory_1,reference,3.563025,345.428284,-2.255075
factory_1,reference,3.630252,364.505157,-3.293618
factory_1,reference,3.697479,384.635620,-5.644799
factory_1,reference,3.764706,405.877808,-9.732147
factory_1,reference,3.831933,428.293121,-11.423038
factory_1,reference,3.899160,451.946381,-8.646839
factory_1,reference,3.966387,476.905945,-7.212560
factory_1,reference,4.033614,503.244019,-8.267390
factory_1,reference,4.100841,531.036560,-10.834967
factory_1,reference,4.168067,560.364014,-10.657235
factory_1,reference,4.235294,591.311096,-6.123269
factory_1,reference,4.302521,623.967346,-2.825825
factory_1,reference,4.369748,658.427063,-1.137689
factory_1,reference,4.436975,694.789795,-0.533900
factory_1,reference,4.504202,733.160889,-0.396292
factory_1,reference,4.571429,773.651001,-0.378044
factory_1,reference,4.638656,816.377197,-0.392990
factory_1,reference,4.705883,861.463074,-0.463888
factory_1,reference,4.773109,909.038940,-0.704212
factory_1,reference,4.840336,959.242249,-1.396209
factory_1,reference,4.907563,1012.218079,-2.904363
factory_1,reference,4.974790,1068.119629,-6.182817
factory_1,reference,5.042017,1127.108398,-8.907500
factory_1,reference,5.109244,1189.355103,-9.420962
factory_1,reference,5.176471,1255.039307,-8.323049
factory_1,reference,5.243698,1324.351074,-5.618160
factory_1,reference,5.310925,1397.490845,-2.921281
factory_1,reference,5.378151,1474.669678,-1.278794
factory_1,reference,5.445378,1556.110962,-0.880986
factory_1,reference,5.512605,1642.050049,-0.982237
factory_1,reference,5.579832,1732.735107,-1.147937
factory_1,reference,5.647059,1828.428467,-1.287011
factory_1,reference,5.714286,1929.406738,-1.403684
factory_1,reference,5.781513,2035.961670,-1.496098
factory_1,reference,5.848740,2148.401367,-1.548236
factory_1,reference,5.915967,2267.050537,-1.534475
factory_1,reference,5.983193,2392.252441,-1.461649
factory_1,reference,6.050420,2524.368896,-1.502990
factory_1,reference,6.117647,2663.781738,-1.706578
factory_1,reference,6.184874,2810.893799,-2.160342
factory_1,reference,6.252101,2966.130371,-2.267020
factory_1,reference,6.319328,3129.940430,-1.880082
factory_1,reference,6.386555,3302.796875,-1.662487
factory_1,reference,6.453782,3485.199951,-1.929404
factory_1,reference,6.521008,3677.676025,-2.591181
factory_1,reference,6.588235,3880.782471,-3.169699
factory_1,reference,6.655462,4095.105469,-3.550897
factory_1,reference,6.722689,4321.265137,-3.816823
factory_1,reference,6.789916,4559.914551,-4.037853
factory_1,reference,6.857143,4811.744141,-4.232733
factory_1,reference,6.924370,5077.481445,-4.405689
factory_1,reference,6.991597,5357.894531,-4.536543
factory_1,reference,7.058824,5653.793457,-4.598590
factory_1,reference,7.126050,5966.034668,-4.536529
factory_1,reference,7.193277,6295.519531,-4.328224
factory_1,reference,7.260504,6643.200684,-4.052545
factory_1,reference,7.327731,7010.083008,-3.899949
factory_1,reference,7.394958,7397.227539,-4.026118
factory_1,reference,7.462185,7805.752441,-4.342409
factory_1,reference,7.529412,8236.839844,-4.687259
factory_1,reference,7.596639,8691.733398,-4.938123
factory_1,reference,7.663866,9171.750000,-5.058036
factory_1,reference,7.731092,9678.276367,-5.089015
factory_1,reference,7.798319,10212.776367,-5.077946
factory_1,reference,7.865546,10776.795898,-5.042999
factory_1,reference,7.932773,11371.962891,-4.996912
factory_1,reference,8.000000,12000.000000,-4.954068
factory_10,legacy,0.000000,20.000000,-8.384513
factory_10,legacy,0.067227,21.104536,-4.362396
factory_10,legacy,0.134454,22.270071,-3.957070
factory_10,legacy,0.201681,23.499975,-3.712511
factory_10,legacy,0.268908,24.797804,-3.400561
factory_10,legacy,0.336134,26.167307,-3.257156
factory_10,legacy,0.403361,27.612442,-2.874839
factory_10,legacy,0.470588,29.137390,-2.956832
factory_10,legacy,0.537815,30.746555,-2.848938
factory_10,legacy,0.605042,32.444588,-2.851723
factory_10,legacy,0.672269,34.236401,-2.804976
factory_10,legacy,0.739496,36.127167,-2.875679
factory_10,legacy,0.806723,38.122353,-2.881919
factory_10,legacy,0.873950,40.227730,-2.840553
factory_10,legacy,0.941177,42.449379,-2.983535
factory_10,legacy,1.008403,44.793720,-3.077377
factory_10,legacy,1.075630,47.267536,-3.303178
factory_10,legacy,1.142857,49.877968,-3.577984
factory_10,legacy,1.210084,52.632568,-4.069069
factory_10,legacy,1.277311,55.539299,-4.830441
factory_10,legacy,1.344538,58.606552,-5.700770
factory_10,legacy,1.411765,61.843204,-6.864548
factory_10,legacy,1.478992,65.258606,-8.019998
factory_10,legacy,1.546218,68.862625,-9.022439
factory_10,legacy,1.613445,72.665695,-9.395081
factory_10,legacy,1.680672,76.678787,-9.364128
factory_10,legacy,1.747899,80.913506,-9.242796
factory_10,legacy,1.815126,85.382095,-9.089717
factory_10,legacy,1.882353,90.097488,-9.202726
factory_10,legacy,1.949580,95.073273,-9.151443
factory_10,legacy,2.016807,100.323875,-8.632556
factory_10,legacy,2.084034,105.864441,-8.004836
factory_10,legacy,2.151261,111.710999,-7.399264
factory_10,legacy,2.218488,117.880432,-7.024024
factory_10,legacy,2.285714,124.390594,-6.791846
factory_10,legacy,2.352941,131.260284,-6.966691
factory_10,legacy,2.420168,138.509369,-7.204809
factory_10,legacy,2.487395,146.158783,-7.579415
factory_10,legacy,2.554622,154.230667,-7.825978
factory_10,legacy,2.621849,162.748337,-8.256034
factory_10,legacy,2.689076,171.736420,-8.658145
factory_10,legacy,2.756303,181.220856,-9.066942
factory_10,legacy,2.823529,191.229095,-9.208900
factory_10,legacy,2.890756,201.790070,-8.923903
factory_10,legacy,2.957983,212.934280,-7.960834
factory_10,legacy,3.025210,224.693970,-6.618143
factory_10,legacy,3.092437,237.103104,-5.150306
factory_10,legacy,3.159664,250.197540,-3.821501
factory_10,legacy,3.226891,264.015137,-2.798590
factory_10,legacy,3.294118,278.595856,-2.042995
factory_10,legacy,3.361345,293.981812,-1.626469
factory_10,legacy,3.428571,310.217468,-1.453733
factory_10,legacy,3.495798,327.349792,-1.524137
factory_10,legacy,3.563025,345.428284,-1.710333
factory_10,legacy,3.630252,364.505157,-2.024750
factory_10,legacy,3.697479,384.635620,-2.566179
factory_10,legacy,3.764706,405.877808,-3.292923
factory_10,legacy,3.831933,428.293121,-4.148492
factory_10,legacy,3.899160,451.946381,-4.891604
factory_10,legacy,3.966387,476.905945,-5.327615
factory_10,legacy,4.033614,503.244019,-5.521860
factory_10,legacy,4.100841,531.036560,-5.383745
factory_10,legacy,4.168067,560.364014,-5.087749
factory_10,legacy,4.235294,591.311096,-4.676783
factory_10,legacy,4.302521,623.967346,-4.185678
factory_10,legacy,4.369748,658.427063,-3.638004
factory_10,legacy,4.436975,694.789795,-3.010934
factory_10,legacy,4.504202,733.160889,-2.437414
factory_10,legacy,4.571429,773.651001,-1.992218
factory_10,legacy,4.638656,816.377197,-1.742141
factory_10,legacy,4.705883,861.463074,-1.745091
factory_10,legacy,4.773109,909.038940,-2.073809
factory_10,legacy,4.840336,959.242249,-2.782901
factory_10,legacy,4.907563,1012.218079,-3.828974
factory_10,legacy,4.974790,1068.119629,-5.152607
factory_10,legacy,5.042017,1127.108398,-6.461265
factory_10,legacy,5.109244,1189.355103,-7.359188
factory_10,legacy,5.176471,1255.039307,-7.674679
factory_10,legacy,5.243698,1324.351074,-7.376327
factory_10,legacy,5.310925,1397.490845,-6.558616
factory_10,legacy,5.378151,1474.669678,-5.535004
factory_10,legacy,5.445378,1556.110962,-4.651132
factory_10,legacy,5.512605,1642.050049,-3.924433
factory_10,legacy,5.579832,1732.735107,-3.391173
factory_10,legacy,5.647059,1828.428467,-3.089365
factory_10,legacy,5.714286,1929.406738,-2.994132
factory_10,legacy,5.781513,2035.961670,-3.106034
factory_10,legacy,5.848740,2148.401367,-3.405854
factory_10,legacy,5.915967,2267.050537,-3.819937
factory_10,legacy,5.983193,2392.252441,-4.321107
factory_10,legacy,6.050420,2524.368896,-4.921268
factory_10,legacy,6.117647,2663.781738,-5.608373
factory_10,legacy,6.184874,2810.893799,-6.449471
factory_10,legacy,6.252101,2966.130371,-7.269737
factory_10,legacy,6.319328,3129.940430,-7.886024
factory_10,legacy,6.386555,3302.796875,-8.069693
factory_10,legacy,6.453782,3485.199951,-7.721775
factory_10,legacy,6.521008,3677.676025,-6.892321
factory_10,legacy,6.588235,3880.782471,-5.909681
factory_10,legacy,6.655462,4095.105469,-4.939244
factory_10,legacy,6.722689,4321.265137,-4.005322
factory_10,legacy,6.789916,4559.914551,-3.401649
factory_10,legacy,6.857143,4811.744141,-3.131226
factory_10,legacy,6.924370,5077.481445,-3.119970
factory_10,legacy,6.991597,5357.894531,-3.266155
factory_10,legacy,7.058824,5653.793457,-3.560464
factory_10,legacy,7.126050,5966.034668,-3.807564
factory_10,legacy,7.193277,6295.519531,-3.867034
factory_10,legacy,7.260504,6643.200684,-3.908330
factory_10,legacy,7.327731,7010.083008,-3.897902
factory_10,legacy,7.394958,7397.227539,-3.837058
factory_10,legacy,7.462185,7805.752441,-3.746799
factory_10,legacy,7.529412,8236.839844,-3.639400
factory_10,legacy,7.596639,8691.733398,-3.584311
factory_10,legacy,7.663866,9171.750000,-3.585420
factory_10,legacy,7.731092,9678.276367,-3.636249
factory_10,legacy,7.798319,10212.776367,-3.725902
factory_10,legacy,7.865546,10776.795898,-3.842054
factory_10,legacy,7.932773,11371.962891,-3.973645
factory_10,legacy,8.000000,12000.000000,-4.085536
factory_10,reference,0.000000,20.000000,-7.337517
factory_10,reference,0.067227,21.104536,-4.632510
factory_10,reference,0.134454,22.270071,-4.337487
factory_10,reference,0.201681,23.499975,-4.153366
factory_10,reference,0.268908,24.797804,-3.236348
factory_10,reference,0.336134,26.167307,-4.127681
factory_10,reference,0.403361,27.612442,-3.405939
factory_10,reference,0.470588,29.137390,-4.451492
factory_10,reference,0.537815,30.746555,-5.117504
factory_10,reference,0.605042,32.444588,-5.817234
factory_10,reference,0.672269,34.236401,-6.356866
factory_10,reference,0.739496,36.127167,-7.621605
factory_10,reference,0.806723,38.122353,-8.166996
factory_10,reference,0.873950,40.227730,-7.639814
factory_10,reference,0.941177,42.449379,-7.111389
factory_10,reference,1.008403,44.793720,-5.602303
factory_10,reference,1.075630,47.267536,-4.018999
factory_10,reference,1.142857,49.877968,-3.266332
factory_10,reference,1.210084,52.632568,-2.096975
factory_10,reference,1.277311,55.539299,-1.651792
factory_10,reference,1.344538,58.606552,-1.679465
factory_10,reference,1.411765,61.843204,-2.327260
factory_10,reference,1.478992,65.258606,-3.263556
factory_10,reference,1.546218,68.862625,-4.683707
factory_10,reference,1.613445,72.665695,-5.675066
factory_10,reference,1.680672,76.678787,-7.167658
factory_10,reference,1.747899,80.913506,-8.137715
factory_10,reference,1.815126,85.382095,-9.010921
factory_10,reference,1.882353,90.097488,-9.602429
factory_10,reference,1.949580,95.073273,-9.409624
factory_10,reference,2.016807,100.323875,-8.892124
factory_10,reference,2.084034,105.864441,-7.905422
factory_10,reference,2.151261,111.710999,-6.710709
factory_10,reference,2.218488,117.880432,-5.333433
factory_10,reference,2.285714,124.390594,-4.092980
factory_10,reference,2.352941,131.260284,-3.202584
factory_10,reference,2.420168,138.509369,-2.310996
factory_10,reference,2.487395,146.158783,-1.815355
factory_10,reference,2.554622,154.230667,-1.624439
factory_10,reference,2.621849,162.748337,-1.770877
factory_10,reference,2.689076,171.736420,-2.212522
factory_10,reference,2.756303,181.220856,-3.047786
factory_10,reference,2.823529,191.229095,-4.294314
factory_10,reference,2.890756,201.790070,-6.500039
factory_10,reference,2.957983,212.934280,-9.519800
factory_10,reference,3.025210,224.693970,-11.320744
factory_10,reference,3.092437,237.103104,-10.116985
factory_10,reference,3.159664,250.197540,-7.779082
factory_10,reference,3.226891,264.015137,-5.895084
factory_10,reference,3.294118,278.595856,-4.495451
factory_10,reference,3.361345,293.981812,-3.564715
factory_10,reference,3.428571,310.217468,-2.958765
factory_10,reference,3.495798,327.349792,-2.637279
factory_10,reference,3.563025,345.428284,-2.467338
factory_10,reference,3.630252,364.505157,-2.504950
factory_10,reference,3.697479,384.635620,-2.776742
factory_10,reference,3.764706,405.877808,-3.209970
factory_10,reference,3.831933,428.293121,-3.930670
factory_10,reference,3.899160,451.946381,-5.012207
factory_10,reference,3.966387,476.905945,-6.450457
factory_10,reference,4.033614,503.244019,-8.182370
factory_10,reference,4.100841,531.036560,-9.661757
factory_10,reference,4.168067,560.364014,-10.491942
factory_10,reference,4.235294,591.311096,-10.708674
factory_10,reference,4.302521,623.967346,-10.643429
factory_10,reference,4.369748,658.427063,-10.307680
factory_10,reference,4.436975,694.789795,-9.434584
factory_10,reference,4.504202,733.160889,-7.865515
factory_10,reference,4.571429,773.651001,-5.910829
factory_10,reference,4.638656,816.377197,-4.091646
factory_10,reference,4.705883,861.463074,-2.655960
factory_10,reference,4.773109,909.038940,-1.695609
factory_10,reference,4.840336,959.242249,-1.186318
factory_10,reference,4.907563,1012.218079,-0.973713
factory_10,reference,4.974790,1068.119629,-0.915884
factory_10,reference,5.042017,1127.108398,-0.916483
factory_10,reference,5.109244,1189.355103,-0.952734
factory_10,reference,5.176471,1255.039307,-0.995929
factory_10,reference,5.243698,1324.351074,-1.043447
factory_10,reference,5.310925,1397.490845,-1.090060
factory_10,reference,5.378151,1474.669678,-1.130904
factory_10,reference,5.445378,1556.110962,-1.163833
factory_10,reference,5.512605,1642.050049,-1.198291
factory_10,reference,5.579832,1732.735107,-1.248514
factory_10,reference,5.647059,1828.428467,-1.324264
factory_10,reference,5.714286,1929.406738,-1.427375
factory_10,reference,5.781513,2035.961670,-1.554976
factory_10,reference,5.848740,2148.401367,-1.693465
factory_10,reference,5.915967,2267.050537,-1.816094
factory_10,reference,5.983193,2392.252441,-1.864030
factory_10,reference,6.050420,2524.368896,-1.773084
factory_10,reference,6.117647,2663.781738,-1.663435
factory_10,reference,6.184874,2810.893799,-1.614187
factory_10,reference,6.252101,2966.130371,-1.671832
factory_10,reference,6.319328,3129.940430,-1.869863
factory_10,reference,6.386555,3302.796875,-2.181418
factory_10,reference,6.453782,3485.199951,-2.527864
factory_10,reference,6.521008,3677.676025,-2.858355
factory_10,reference,6.588235,3880.782471,-3.154892
factory_10,reference,6.655462,4095.105469,-3.414297
factory_10,reference,6.722689,4321.265137,-3.642746
factory_10,reference,6.789916,4559.914551,-3.857627
factory_10,reference,6.857143,4811.744141,-4.055060
factory_10,reference,6.924370,5077.481445,-4.237813
factory_10,reference,6.991597,5357.894531,-4.402096
factory_10,reference,7.058824,5653.793457,-4.547421
factory_10,reference,7.126050,5966.034668,-4.663965
factory_10,reference,7.193277,6295.519531,-4.757369
factory_10,reference,7.260504,6643.200684,-4.820244
factory_10,reference,7.327731,7010.083008,-4.851002
factory_10,reference,7.394958,7397.227539,-4.853814
factory_10,reference,7.462185,7805.752441,-4.841188
factory_10,reference,7.529412,8236.839844,-4.821976
factory_10,reference,7.596639,8691.733398,-4.812955
factory_10,reference,7.663866,9171.750000,-4.819963
factory_10,reference,7.731092,9678.276367,-4.843911
factory_10,reference,7.798319,10212.776367,-4.876839
factory_10,reference,7.865546,10776.795898,-4.897504
factory_10,reference,7.932773,11371.962891,-4.904112
factory_10,reference,8.000000,12000.000000,-4.896695
factory_11,legacy,0.000000,20.000000,-9.236052
factory_11,legacy,0.067227,21.104536,-7.135085
factory_11,legacy,0.134454,22.270071,-6.263547
factory_11,legacy,0.201681,23.499975,-6.146535
factory_11,legacy,0.268908,24.797804,-6.278090
factory_11,legacy,0.336134,26.167307,-6.427169
factory_11,legacy,0.403361,27.612442,-6.440380
factory_11,legacy,0.470588,29.137390,-6.430755
factory_11,legacy,0.537815,30.746555,-6.563239
factory_11,legacy,0.605042,32.444588,-6.667441
factory_11,legacy,0.672269,34.236401,-6.842790
factory_11,legacy,0.739496,36.127167,-6.626651
factory_11,legacy,0.806723,38.122353,-6.422901
factory_11,legacy,0.873950,40.227730,-6.478567
factory_11,legacy,0.941177,42.449379,-6.239396
factory_11,legacy,1.008403,44.793720,-6.052296
factory_11,legacy,1.075630,47.267536,-6.052652
factory_11,legacy,1.142857,49.877968,-5.599890
factory_11,legacy,1.210084,52.632568,-5.575296
factory_11,legacy,1.277311,55.539299,-5.553281
factory_11,legacy,1.344538,58.606552,-5.388157
factory_11,legacy,1.411765,61.843204,-5.380457
factory_11,legacy,1.478992,65.258606,-5.305949
factory_11,legacy,1.546218,68.862625,-5.425151
factory_11,legacy,1.613445,72.665695,-5.189987
factory_11,legacy,1.680672,76.678787,-5.429697
factory_11,legacy,1.747899,80.913506,-5.418493
factory_11,legacy,1.815126,85.382095,-5.838216
factory_11,legacy,1.882353,90.097488,-6.329480
factory_11,legacy,1.949580,95.073273,-6.489184
factory_11,legacy,2.016807,100.323875,-7.054651
factory_11,legacy,2.084034,105.864441,-7.458341
factory_11,legacy,2.151261,111.710999,-7.924472
factory_11,legacy,2.218488,117.880432,-8.295647
factory_11,legacy,2.285714,124.390594,-8.735401
factory_11,legacy,2.352941,131.260284,-9.353033
factory_11,legacy,2.420168,138.509369,-9.799130
factory_11,legacy,2.487395,146.158783,-10.338505
factory_11,legacy,2.554622,154.230667,-10.709888
factory_11,legacy,2.621849,162.748337,-11.228934
factory_11,legacy,2.689076,171.736420,-11.683818
factory_11,legacy,2.756303,181.220856,-12.103978
factory_11,legacy,2.823529,191.229095,-12.369166
factory_11,legacy,2.890756,201.790070,-12.632505
factory_11,legacy,2.957983,212.934280,-12.831427
factory_11,legacy,3.025210,224.693970,-12.892931
factory_11,legacy,3.092437,237.103104,-12.865507
factory_11,legacy,3.159664,250.197540,-12.750938
factory_11,legacy,3.226891,264.015137,-12.583628
factory_11,legacy,3.294118,278.595856,-12.336082
factory_11,legacy,3.361345,293.981812,-12.020943
factory_11,legacy,3.428571,310.217468,-11.632404
factory_11,legacy,3.495798,327.349792,-11.193303
factory_11,legacy,3.563025,345.428284,-10.691152
factory_11,legacy,3.630252,364.505157,-10.164265
factory_11,legacy,3.697479,384.635620,-9.613316
factory_11,legacy,3.764706,405.877808,-8.951127
factory_11,legacy,3.831933,428.293121,-8.248316
factory_11,legacy,3.899160,451.946381,-7.511570
factory_11,legacy,3.966387,476.905945,-6.687384
factory_11,legacy,4.033614,503.244019,-6.016298
factory_11,legacy,4.100841,531.036560,-5.422428
factory_11,legacy,4.168067,560.364014,-4.916425
factory_11,legacy,4.235294,591.311096,-4.453341
factory_11,legacy,4.302521,623.967346,-3.982670
factory_11,legacy,4.369748,658.427063,-3.521200
factory_11,legacy,4.436975,694.789795,-3.076539
factory_11,legacy,4.504202,733.160889,-2.743541
factory_11,legacy,4.571429,773.651001,-2.524591
factory_11,legacy,4.638656,816.377197,-2.460690
factory_11,legacy,4.705883,861.463074,-2.614642
factory_11,legacy,4.773109,909.038940,-3.030373
factory_11,legacy,4.840336,959.242249,-3.745556
factory_11,legacy,4.907563,1012.218079,-4.791823
factory_11,legacy,4.974790,1068.119629,-6.159214
factory_11,legacy,5.042017,1127.108398,-7.711189
factory_11,legacy,5.109244,1189.355103,-9.295700
factory_11,legacy,5.176471,1255.039307,-10.614296
factory_11,legacy,5.243698,1324.351074,-11.616119
factory_11,legacy,5.310925,1397.490845,-12.231836
factory_11,legacy,5.378151,1474.669678,-12.440463
factory_11,legacy,5.445378,1556.110962,-12.291130
factory_11,legacy,5.512605,1642.050049,-11.848429
factory_11,legacy,5.579832,1732.735107,-11.191455
factory_11,legacy,5.647059,1828.428467,-10.413579
factory_11,legacy,5.714286,1929.406738,-9.574116
factory_11,legacy,5.781513,2035.961670,-8.737290
factory_11,legacy,5.848740,2148.401367,-7.862975
factory_11,legacy,5.915967,2267.050537,-6.996930
factory_11,legacy,5.983193,2392.252441,-6.165068
factory_11,legacy,6.050420,2524.368896,-5.381278
factory_11,legacy,6.117647,2663.781738,-4.732681
factory_11,legacy,6.184874,2810.893799,-4.212235
factory_11,legacy,6.252101,2966.130371,-3.819977
factory_11,legacy,6.319328,3129.940430,-3.525693
factory_11,legacy,6.386555,3302.796875,-3.336878
factory_11,legacy,6.453782,3485.199951,-3.255678
factory_11,legacy,6.521008,3677.676025,-3.236185
factory_11,legacy,6.588235,3880.782471,-3.237208
factory_11,legacy,6.655462,4095.105469,-3.257591
factory_11,legacy,6.722689,4321.265137,-3.301791
factory_11,legacy,6.789916,4559.914551,-3.362855
factory_11,legacy,6.857143,4811.744141,-3.438900
factory_11,legacy,6.924370,5077.481445,-3.527840
factory_11,legacy,6.991597,5357.894531,-3.628570
factory_11,legacy,7.058824,5653.793457,-3.738285
factory_11,legacy,7.126050,5966.034668,-3.860987
factory_11,legacy,7.193277,6295.519531,-3.989958
factory_11,legacy,7.260504,6643.200684,-4.112979
factory_11,legacy,7.327731,7010.083008,-4.045368
factory_11,legacy,7.394958,7397.227539,-3.980052
factory_11,legacy,7.462185,7805.752441,-3.952120
factory_11,legacy,7.529412,8236.839844,-3.970239
factory_11,legacy,7.596639,8691.733398,-4.032727
factory_11,legacy,7.663866,9171.750000,-4.137430
factory_11,legacy,7.731092,9678.276367,-4.274336
factory_11,legacy,7.798319,10212.776367,-4.431509
factory_11,legacy,7.865546,10776.795898,-4.598212
factory_11,legacy,7.932773,11371.962891,-4.766484
factory_11,legacy,8.000000,12000.000000,-4.904630
factory_11,reference,0.000000,20.000000,-8.344656
factory_11,reference,0.067227,21.104536,-5.145869
factory_11,reference,0.134454,22.270071,-4.567103
factory_11,reference,0.201681,23.499975,-3.846829
factory_11,reference,0.268908,24.797804,-2.300572
factory_11,reference,0.336134,26.167307,-2.555208
factory_11,reference,0.403361,27.612442,-1.425169
factory_11,reference,0.470588,29.137390,-1.791573
factory_11,reference,0.537815,30.746555,-1.574863
factory_11,reference,0.605042,32.444588,-1.512141
factory_11,reference,0.672269,34.236401,-1.529300
factory_11,reference,0.739496,36.127167,-1.678811
factory_11,reference,0.806723,38.122353,-1.780801
factory_11,reference,0.873950,40.227730,-2.123433
factory_11,reference,0.941177,42.449379,-2.341758
factory_11,reference,1.008403,44.793720,-2.669947
factory_11,reference,1.075630,47.267536,-3.187311
factory_11,reference,1.142857,49.877968,-3.275405
factory_11,reference,1.210084,52.632568,-3.813680
factory_11,reference,1.277311,55.539299,-4.285380
factory_11,reference,1.344538,58.606552,-4.497798
factory_11,reference,1.411765,61.843204,-4.939537
factory_11,reference,1.478992,65.258606,-5.275690
factory_11,reference,1.546218,68.862625,-5.745338
factory_11,reference,1.613445,72.665695,-5.772690
factory_11,reference,1.680672,76.678787,-6.126488
factory_11,reference,1.747899,80.913506,-5.978320
factory_11,reference,1.815126,85.382095,-5.972617
factory_11,reference,1.882353,90.097488,-5.816764
factory_11,reference,1.949580,95.073273,-5.166957
factory_11,reference,2.016807,100.323875,-4.823396
factory_11,reference,2.084034,105.864441,-4.108002
factory_11,reference,2.151261,111.710999,-3.458415
factory_11,reference,2.218488,117.880432,-2.892835
factory_11,reference,2.285714,124.390594,-2.487770
factory_11,reference,2.352941,131.260284,-2.228892
factory_11,reference,2.420168,138.509369,-2.070129
factory_11,reference,2.487395,146.158783,-1.924713
factory_11,reference,2.554622,154.230667,-1.978882
factory_11,reference,2.621849,162.748337,-1.980559
factory_11,reference,2.689076,171.736420,-1.973293
factory_11,reference,2.756303,181.220856,-1.973920
factory_11,reference,2.823529,191.229095,-1.994465
factory_11,reference,2.890756,201.790070,-1.987511
factory_11,reference,2.957983,212.934280,-1.888782
factory_11,reference,3.025210,224.693970,-1.880979
factory_11,reference,3.092437,237.103104,-1.872494
factory_11,reference,3.159664,250.197540,-1.871618
factory_11,reference,3.226891,264.015137,-1.900313
factory_11,reference,3.294118,278.595856,-1.977753
factory_11,reference,3.361345,293.981812,-2.109628
factory_11,reference,3.428571,310.217468,-2.182077
factory_11,reference,3.495798,327.349792,-2.216051
factory_11,reference,3.563025,345.428284,-2.312833
factory_11,reference,3.630252,364.505157,-2.571641
factory_11,reference,3.697479,384.635620,-3.040349
factory_11,reference,3.764706,405.877808,-3.892141
factory_11,reference,3.831933,428.293121,-5.317168
factory_11,reference,3.899160,451.946381,-7.516685
factory_11,reference,3.966387,476.905945,-10.268023
factory_11,reference,4.033614,503.244019,-12.688855
factory_11,reference,4.100841,531.036560,-13.447923
factory_11,reference,4.168067,560.364014,-12.197522
factory_11,reference,4.235294,591.311096,-10.314819
factory_11,reference,4.302521,623.967346,-8.765694
factory_11,reference,4.369748,658.427063,-7.617765
factory_11,reference,4.436975,694.789795,-6.631563
factory_11,reference,4.504202,733.160889,-5.716571
factory_11,reference,4.571429,773.651001,-4.683150
factory_11,reference,4.638656,816.377197,-3.536131
factory_11,reference,4.705883,861.463074,-2.458827
factory_11,reference,4.773109,909.038940,-1.698670
factory_11,reference,4.840336,959.242249,-1.253329
factory_11,reference,4.907563,1012.218079,-1.012640
factory_11,reference,4.974790,1068.119629,-0.908038
factory_11,reference,5.042017,1127.108398,-0.878903
factory_11,reference,5.109244,1189.355103,-0.910030
factory_11,reference,5.176471,1255.039307,-0.971594
factory_11,reference,5.243698,1324.351074,-1.057853
factory_11,reference,5.310925,1397.490845,-1.158514
factory_11,reference,5.378151,1474.669678,-1.267301
factory_11,reference,5.445378,1556.110962,-1.376417
factory_11,reference,5.512605,1642.050049,-1.494892
factory_11,reference,5.579832,1732.735107,-1.625153
factory_11,reference,5.647059,1828.428467,-1.755440
factory_11,reference,5.714286,1929.406738,-1.891431
factory_11,reference,5.781513,2035.961670,-2.029094
factory_11,reference,5.848740,2148.401367,-2.175701
factory_11,reference,5.915967,2267.050537,-2.339504
factory_11,reference,5.983193,2392.252441,-2.502316
factory_11,reference,6.050420,2524.368896,-2.675411
factory_11,reference,6.117647,2663.781738,-2.867947
factory_11,reference,6.184874,2810.893799,-3.065197
factory_11,reference,6.252101,2966.130371,-3.269587
factory_11,reference,6.319328,3129.940430,-3.496938
factory_11,reference,6.386555,3302.796875,-3.740094
factory_11,reference,6.453782,3485.199951,-3.988740
factory_11,reference,6.521008,3677.676025,-4.248389
factory_11,reference,6.588235,3880.782471,-4.513732
factory_11,reference,6.655462,4095.105469,-4.774320
factory_11,reference,6.722689,4321.265137,-5.020337
factory_11,reference,6.789916,4559.914551,-5.262496
factory_11,reference,6.857143,4811.744141,-5.484415
factory_11,reference,6.924370,5077.481445,-5.686831
factory_11,reference,6.991597,5357.894531,-5.862090
factory_11,reference,7.058824,5653.793457,-6.014259
factory_11,reference,7.126050,5966.034668,-6.134167
factory_11,reference,7.193277,6295.519531,-6.232532
factory_11,reference,7.260504,6643.200684,-6.304912
factory_11,reference,7.327731,7010.083008,-6.351793
factory_11,reference,7.394958,7397.227539,-6.375740
factory_11,reference,7.462185,7805.752441,-6.386349
factory_11,reference,7.529412,8236.839844,-6.378104
factory_11,reference,7.596639,8691.733398,-6.357618
factory_11,reference,7.663866,9171.750000,-6.327315
factory_11,reference,7.731092,9678.276367,-6.287160
factory_11,reference,7.798319,10212.776367,-6.242401
factory_11,reference,7.865546,10776.795898,-6.191002
factory_11,reference,7.932773,11371.962891,-6.136783
factory_11,reference,8.000000,12000.000000,-6.090409
factory_2,legacy,0.000000,20.000000,-8.263915
factory_2,legacy,0.067227,21.104536,-3.990844
factory_2,legacy,0.134454,22.270071,-3.417183
factory_2,legacy,0.201681,23.499975,-3.262772
factory_2,legacy,0.268908,24.797804,-2.841064
factory_2,legacy,0.336134,26.167307,-3.009407
factory_2,legacy,0.403361,27.612442,-2.644950
factory_2,legacy,0.470588,29.137390,-2.859654
factory_2,legacy,0.537815,30.746555,-2.872458
factory_2,legacy,0.605042,32.444588,-3.257116
factory_2,legacy,0.672269,34.236401,-4.149221
factory_2,legacy,0.739496,36.127167,-5.275343
factory_2,legacy,0.806723,38.122353,-5.371505
factory_2,legacy,0.873950,40.227730,-4.159027
factory_2,legacy,0.941177,42.449379,-3.161275
factory_2,legacy,1.008403,44.793720,-2.840999
factory_2,legacy,1.075630,47.267536,-2.875111
factory_2,legacy,1.142857,49.877968,-2.966976
factory_2,legacy,1.210084,52.632568,-3.049874
factory_2,legacy,1.277311,55.539299,-3.507948
factory_2,legacy,1.344538,58.606552,-4.592196
factory_2,legacy,1.411765,61.843204,-6.619402
factory_2,legacy,1.478992,65.258606,-8.566175
factory_2,legacy,1.546218,68.862625,-9.040731
factory_2,legacy,1.613445,72.665695,-7.487304
factory_2,legacy,1.680672,76.678787,-5.417672
factory_2,legacy,1.747899,80.913506,-4.298347
factory_2,legacy,1.815126,85.382095,-4.477022
factory_2,legacy,1.882353,90.097488,-4.804899
factory_2,legacy,1.949580,95.073273,-4.946462
factory_2,legacy,2.016807,100.323875,-5.713190
factory_2,legacy,2.084034,105.864441,-7.430577
factory_2,legacy,2.151261,111.710999,-9.052135
factory_2,legacy,2.218488,117.880432,-8.054103
factory_2,legacy,2.285714,124.390594,-6.776281
factory_2,legacy,2.352941,131.260284,-7.952732
factory_2,legacy,2.420168,138.509369,-8.750463
factory_2,legacy,2.487395,146.158783,-7.735121
factory_2,legacy,2.554622,154.230667,-7.577849
factory_2,legacy,2.621849,162.748337,-7.888004
factory_2,legacy,2.689076,171.736420,-8.177628
factory_2,legacy,2.756303,181.220856,-8.655571
factory_2,legacy,2.823529,191.229095,-8.993990
factory_2,legacy,2.890756,201.790070,-7.202252
factory_2,legacy,2.957983,212.934280,-3.994843
factory_2,legacy,3.025210,224.693970,-2.369388
factory_2,legacy,3.092437,237.103104,-3.038467
factory_2,legacy,3.159664,250.197540,-6.445394
factory_2,legacy,3.226891,264.015137,-8.744256
factory_2,legacy,3.294118,278.595856,-8.977781
factory_2,legacy,3.361345,293.981812,-8.880208
factory_2,legacy,3.428571,310.217468,-8.738247
factory_2,legacy,3.495798,327.349792,-8.346561
factory_2,legacy,3.563025,345.428284,-6.756405
factory_2,legacy,3.630252,364.505157,-3.868289
factory_2,legacy,3.697479,384.635620,-1.839134
factory_2,legacy,3.764706,405.877808,-1.305631
factory_2,legacy,3.831933,428.293121,-1.531370
factory_2,legacy,3.899160,451.946381,-2.297560
factory_2,legacy,3.966387,476.905945,-4.889046
factory_2,legacy,4.033614,503.244019,-6.350972
factory_2,legacy,4.100841,531.036560,-6.081359
factory_2,legacy,4.168067,560.364014,-5.726704
factory_2,legacy,4.235294,591.311096,-5.058164
factory_2,legacy,4.302521,623.967346,-3.408812
factory_2,legacy,4.369748,658.427063,-1.875196
factory_2,legacy,4.436975,694.789795,-1.796526
factory_2,legacy,4.504202,733.160889,-3.257555
factory_2,legacy,4.571429,773.651001,-3.876695
factory_2,legacy,4.638656,816.377197,-2.340137
factory_2,legacy,4.705883,861.463074,-1.767500
factory_2,legacy,4.773109,909.038940,-2.329368
factory_2,legacy,4.840336,959.242249,-2.267924
factory_2,legacy,4.907563,1012.218079,-2.064674
factory_2,legacy,4.974790,1068.119629,-1.849447
factory_2,legacy,5.042017,1127.108398,-1.643266
factory_2,legacy,5.109244,1189.355103,-2.127542
factory_2,legacy,5.176471,1255.039307,-4.249785
factory_2,legacy,5.243698,1324.351074,-7.335031
factory_2,legacy,5.310925,1397.490845,-8.568145
factory_2,legacy,5.378151,1474.669678,-6.475779
factory_2,legacy,5.445378,1556.110962,-3.519051
factory_2,legacy,5.512605,1642.050049,-2.040550
factory_2,legacy,5.579832,1732.735107,-1.984490
factory_2,legacy,5.647059,1828.428467,-2.217638
factory_2,legacy,5.714286,1929.406738,-2.541999
factory_2,legacy,5.781513,2035.961670,-3.370236
factory_2,legacy,5.848740,2148.401367,-5.483847
factory_2,legacy,5.915967,2267.050537,-8.062155
factory_2,legacy,5.983193,2392.252441,-9.143465
factory_2,legacy,6.050420,2524.368896,-8.454370
factory_2,legacy,6.117647,2663.781738,-8.604058
factory_2,legacy,6.184874,2810.893799,-8.262308
factory_2,legacy,6.252101,2966.130371,-6.874172
factory_2,legacy,6.319328,3129.940430,-6.543561
factory_2,legacy,6.386555,3302.796875,-6.917953
factory_2,legacy,6.453782,3485.199951,-7.241158
factory_2,legacy,6.521008,3677.676025,-7.635449
factory_2,legacy,6.588235,3880.782471,-7.990877
factory_2,legacy,6.655462,4095.105469,-7.156367
factory_2,legacy,6.722689,4321.265137,-5.116688
factory_2,legacy,6.789916,4559.914551,-3.310075
factory_2,legacy,6.857143,4811.744141,-3.307116
factory_2,legacy,6.924370,5077.481445,-4.868804
factory_2,legacy,6.991597,5357.894531,-5.939202
factory_2,legacy,7.058824,5653.793457,-6.160719
factory_2,legacy,7.126050,5966.034668,-5.668807
factory_2,legacy,7.193277,6295.519531,-5.145209
factory_2,legacy,7.260504,6643.200684,-4.575566
factory_2,legacy,7.327731,7010.083008,-3.825024
factory_2,legacy,7.394958,7397.227539,-3.193508
factory_2,legacy,7.462185,7805.752441,-3.009929
factory_2,legacy,7.529412,8236.839844,-3.203556
factory_2,legacy,7.596639,8691.733398,-3.463726
factory_2,legacy,7.663866,9171.750000,-3.381099
factory_2,legacy,7.731092,9678.276367,-3.427819
factory_2,legacy,7.798319,10212.776367,-3.527744
factory_2,legacy,7.865546,10776.795898,-3.651133
factory_2,legacy,7.932773,11371.962891,-3.785768
factory_2,legacy,8.000000,12000.000000,-3.900161
factory_2,reference,0.000000,20.000000,-7.220823
factory_2,reference,0.067227,21.104536,-5.189016
factory_2,reference,0.134454,22.270071,-5.715309
factory_2,reference,0.201681,23.499975,-7.595020
factory_2,reference,0.268908,24.797804,-7.515153
factory_2,reference,0.336134,26.167307,-6.226989
factory_2,reference,0.403361,27.612442,-5.841787
factory_2,reference,0.470588,29.137390,-6.522723
factory_2,reference,0.537815,30.746555,-7.771544
factory_2,reference,0.605042,32.444588,-5.590250
factory_2,reference,0.672269,34.236401,-2.306717
factory_2,reference,0.739496,36.127167,-1.542846
factory_2,reference,0.806723,38.122353,-1.617123
factory_2,reference,0.873950,40.227730,-1.624048
factory_2,reference,0.941177,42.449379,-1.732761
factory_2,reference,1.008403,44.793720,-2.712154
factory_2,reference,1.075630,47.267536,-7.027941
factory_2,reference,1.142857,49.877968,-9.070798
factory_2,reference,1.210084,52.632568,-8.588087
factory_2,reference,1.277311,55.539299,-4.835497
factory_2,reference,1.344538,58.606552,-1.744685
factory_2,reference,1.411765,61.843204,-2.071836
factory_2,reference,1.478992,65.258606,-4.051470
factory_2,reference,1.546218,68.862625,-5.879044
factory_2,reference,1.613445,72.665695,-5.807673
factory_2,reference,1.680672,76.678787,-4.355826
factory_2,reference,1.747899,80.913506,-2.336089
factory_2,reference,1.815126,85.382095,-1.910779
factory_2,reference,1.882353,90.097488,-3.539604
factory_2,reference,1.949580,95.073273,-3.326141
factory_2,reference,2.016807,100.323875,-1.957416
factory_2,reference,2.084034,105.864441,-2.117543
factory_2,reference,2.151261,111.710999,-5.828274
factory_2,reference,2.218488,117.880432,-10.283010
factory_2,reference,2.285714,124.390594,-11.877348
factory_2,reference,2.352941,131.260284,-11.673021
factory_2,reference,2.420168,138.509369,-11.048780
factory_2,reference,2.487395,146.158783,-6.917662
factory_2,reference,2.554622,154.230667,-2.825693
factory_2,reference,2.621849,162.748337,-1.256532
factory_2,reference,2.689076,171.736420,-1.242265
factory_2,reference,2.756303,181.220856,-1.723934
factory_2,reference,2.823529,191.229095,-4.483750
factory_2,reference,2.890756,201.790070,-10.547274
factory_2,reference,2.957983,212.934280,-9.307278
factory_2,reference,3.025210,224.693970,-6.389053
factory_2,reference,3.092437,237.103104,-5.451293
factory_2,reference,3.159664,250.197540,-6.624834
factory_2,reference,3.226891,264.015137,-9.952737
factory_2,reference,3.294118,278.595856,-7.806878
factory_2,reference,3.361345,293.981812,-3.433673
factory_2,reference,3.428571,310.217468,-2.385999
factory_2,reference,3.495798,327.349792,-3.977766
factory_2,reference,3.563025,345.428284,-8.722004
factory_2,reference,3.630252,364.505157,-9.201120
factory_2,reference,3.697479,384.635620,-4.835833
factory_2,reference,3.764706,405.877808,-2.526225
factory_2,reference,3.831933,428.293121,-1.813530
factory_2,reference,3.899160,451.946381,-2.191969
factory_2,reference,3.966387,476.905945,-4.270236
factory_2,reference,4.033614,503.244019,-8.944949
factory_2,reference,4.100841,531.036560,-9.003147
factory_2,reference,4.168067,560.364014,-7.214072
factory_2,reference,4.235294,591.311096,-8.471567
factory_2,reference,4.302521,623.967346,-9.940112
factory_2,reference,4.369748,658.427063,-5.674382
factory_2,reference,4.436975,694.789795,-2.060576
factory_2,reference,4.504202,733.160889,-0.927660
factory_2,reference,4.571429,773.651001,-0.715197
factory_2,reference,4.638656,816.377197,-0.760466
factory_2,reference,4.705883,861.463074,-1.295231
factory_2,reference,4.773109,909.038940,-3.363935
factory_2,reference,4.840336,959.242249,-8.438660
factory_2,reference,4.907563,1012.218079,-9.983458
factory_2,reference,4.974790,1068.119629,-9.855374
factory_2,reference,5.042017,1127.108398,-7.350255
factory_2,reference,5.109244,1189.355103,-2.949480
factory_2,reference,5.176471,1255.039307,-1.040662
factory_2,reference,5.243698,1324.351074,-0.835760
factory_2,reference,5.310925,1397.490845,-0.897388
factory_2,reference,5.378151,1474.669678,-0.951018
factory_2,reference,5.445378,1556.110962,-0.969307
factory_2,reference,5.512605,1642.050049,-1.284763
factory_2,reference,5.579832,1732.735107,-2.787464
factory_2,reference,5.647059,1828.428467,-6.187866
factory_2,reference,5.714286,1929.406738,-6.326379
factory_2,reference,5.781513,2035.961670,-3.615400
factory_2,reference,5.848740,2148.401367,-1.524470
factory_2,reference,5.915967,2267.050537,-1.265915
factory_2,reference,5.983193,2392.252441,-1.582529
factory_2,reference,6.050420,2524.368896,-1.815565
factory_2,reference,6.117647,2663.781738,-1.975997
factory_2,reference,6.184874,2810.893799,-2.035686
factory_2,reference,6.252101,2966.130371,-1.886382
factory_2,reference,6.319328,3129.940430,-1.662933
factory_2,reference,6.386555,3302.796875,-1.759277
factory_2,reference,6.453782,3485.199951,-2.001007
factory_2,reference,6.521008,3677.676025,-1.723633
factory_2,reference,6.588235,3880.782471,-1.973570
factory_2,reference,6.655462,4095.105469,-2.852825
factory_2,reference,6.722689,4321.265137,-3.463273
factory_2,reference,6.789916,4559.914551,-3.799296
factory_2,reference,6.857143,4811.744141,-4.032112
factory_2,reference,6.924370,5077.481445,-4.205346
factory_2,reference,6.991597,5357.894531,-4.241510
factory_2,reference,7.058824,5653.793457,-3.959359
factory_2,reference,7.126050,5966.034668,-3.360744
factory_2,reference,7.193277,6295.519531,-3.067619
factory_2,reference,7.260504,6643.200684,-3.496440
factory_2,reference,7.327731,7010.083008,-4.238743
factory_2,reference,7.394958,7397.227539,-4.795744
factory_2,reference,7.462185,7805.752441,-5.028512
factory_2,reference,7.529412,8236.839844,-5.107551
factory_2,reference,7.596639,8691.733398,-5.128640
factory_2,reference,7.663866,9171.750000,-5.117033
factory_2,reference,7.731092,9678.276367,-5.070179
factory_2,reference,7.798319,10212.776367,-4.978534
factory_2,reference,7.865546,10776.795898,-4.825356
factory_2,reference,7.932773,11371.962891,-4.698540
factory_2,reference,8.000000,12000.000000,-4.695993
factory_3,legacy,0.000000,20.000000,-7.899848
factory_3,legacy,0.067227,21.104536,-2.848819
factory_3,legacy,0.134454,22.270071,-2.768983
factory_3,legacy,0.201681,23.499975,-2.565885
factory_3,legacy,0.268908,24.797804,-2.317437
factory_3,legacy,0.336134,26.167307,-2.160730
factory_3,legacy,0.403361,27.612442,-1.779073
factory_3,legacy,0.470588,29.137390,-1.773851
factory_3,legacy,0.537815,30.746555,-1.659802
factory_3,legacy,0.605042,32.444588,-1.624992
factory_3,legacy,0.672269,34.236401,-1.541872
factory_3,legacy,0.739496,36.127167,-1.577548
factory_3,legacy,0.806723,38.122353,-1.601713
factory_3,legacy,0.873950,40.227730,-1.609959
factory_3,legacy,0.941177,42.449379,-1.738709
factory_3,legacy,1.008403,44.793720,-1.879295
factory_3,legacy,1.075630,47.267536,-2.205629
factory_3,legacy,1.142857,49.877968,-2.464542
factory_3,legacy,1.210084,52.632568,-3.204334
factory_3,legacy,1.277311,55.539299,-4.307719
factory_3,legacy,1.344538,58.606552,-5.606804
factory_3,legacy,1.411765,61.843204,-7.117218
factory_3,legacy,1.478992,65.258606,-8.345140
factory_3,legacy,1.546218,68.862625,-9.184823
factory_3,legacy,1.613445,72.665695,-9.397724
factory_3,legacy,1.680672,76.678787,-9.457094
factory_3,legacy,1.747899,80.913506,-9.247482
factory_3,legacy,1.815126,85.382095,-8.815877
factory_3,legacy,1.882353,90.097488,-8.153373
factory_3,legacy,1.949580,95.073273,-7.208660
factory_3,legacy,2.016807,100.323875,-6.592904
factory_3,legacy,2.084034,105.864441,-6.059113
factory_3,legacy,2.151261,111.710999,-5.781146
factory_3,legacy,2.218488,117.880432,-5.609962
factory_3,legacy,2.285714,124.390594,-5.666689
factory_3,legacy,2.352941,131.260284,-6.043133
factory_3,legacy,2.420168,138.509369,-6.421413
factory_3,legacy,2.487395,146.158783,-7.013321
factory_3,legacy,2.554622,154.230667,-7.700495
factory_3,legacy,2.621849,162.748337,-8.658959
factory_3,legacy,2.689076,171.736420,-9.490052
factory_3,legacy,2.756303,181.220856,-9.571331
factory_3,legacy,2.823529,191.229095,-8.431559
factory_3,legacy,2.890756,201.790070,-6.635981
factory_3,legacy,2.957983,212.934280,-4.775392
factory_3,legacy,3.025210,224.693970,-3.432934
factory_3,legacy,3.092437,237.103104,-2.598420
factory_3,legacy,3.159664,250.197540,-2.170452
factory_3,legacy,3.226891,264.015137,-2.159920
factory_3,legacy,3.294118,278.595856,-2.416520
factory_3,legacy,3.361345,293.981812,-2.951931
factory_3,legacy,3.428571,310.217468,-3.707410
factory_3,legacy,3.495798,327.349792,-4.639449
factory_3,legacy,3.563025,345.428284,-5.502625
factory_3,legacy,3.630252,364.505157,-6.215063
factory_3,legacy,3.697479,384.635620,-6.695662
factory_3,legacy,3.764706,405.877808,-6.843217
factory_3,legacy,3.831933,428.293121,-6.777455
factory_3,legacy,3.899160,451.946381,-6.571151
factory_3,legacy,3.966387,476.905945,-6.379041
factory_3,legacy,4.033614,503.244019,-5.858230
factory_3,legacy,4.100841,531.036560,-5.062869
factory_3,legacy,4.168067,560.364014,-4.145852
factory_3,legacy,4.235294,591.311096,-3.099872
factory_3,legacy,4.302521,623.967346,-2.057527
factory_3,legacy,4.369748,658.427063,-1.171240
factory_3,legacy,4.436975,694.789795,-0.938058
factory_3,legacy,4.504202,733.160889,-0.960368
factory_3,legacy,4.571429,773.651001,-1.122118
factory_3,legacy,4.638656,816.377197,-1.630079
factory_3,legacy,4.705883,861.463074,-2.116997
factory_3,legacy,4.773109,909.038940,-2.260009
factory_3,legacy,4.840336,959.242249,-2.054193
factory_3,legacy,4.907563,1012.218079,-1.673388
factory_3,legacy,4.974790,1068.119629,-1.307986
factory_3,legacy,5.042017,1127.108398,-1.143344
factory_3,legacy,5.109244,1189.355103,-1.083322
factory_3,legacy,5.176471,1255.039307,-0.944666
factory_3,legacy,5.243698,1324.351074,-0.954984
factory_3,legacy,5.310925,1397.490845,-0.952937
factory_3,legacy,5.378151,1474.669678,-0.937355
factory_3,legacy,5.445378,1556.110962,-0.916338
factory_3,legacy,5.512605,1642.050049,-0.900656
factory_3,legacy,5.579832,1732.735107,-0.957018
factory_3,legacy,5.647059,1828.428467,-1.193316
factory_3,legacy,5.714286,1929.406738,-1.645985
factory_3,legacy,5.781513,2035.961670,-2.428495
factory_3,legacy,5.848740,2148.401367,-3.681028
factory_3,legacy,5.915967,2267.050537,-5.437312
factory_3,legacy,5.983193,2392.252441,-7.452554
factory_3,legacy,6.050420,2524.368896,-9.104613
factory_3,legacy,6.117647,2663.781738,-9.659728
factory_3,legacy,6.184874,2810.893799,-8.970843
factory_3,legacy,6.252101,2966.130371,-7.982299
factory_3,legacy,6.319328,3129.940430,-7.439633
factory_3,legacy,6.386555,3302.796875,-7.479101
factory_3,legacy,6.453782,3485.199951,-7.792192
factory_3,legacy,6.521008,3677.676025,-7.867777
factory_3,legacy,6.588235,3880.782471,-7.971276
factory_3,legacy,6.655462,4095.105469,-8.030061
factory_3,legacy,6.722689,4321.265137,-7.976342
factory_3,legacy,6.789916,4559.914551,-7.810770
factory_3,legacy,6.857143,4811.744141,-7.551599
factory_3,legacy,6.924370,5077.481445,-7.188997
factory_3,legacy,6.991597,5357.894531,-6.695936
factory_3,legacy,7.058824,5653.793457,-6.055990
factory_3,legacy,7.126050,5966.034668,-5.328258
factory_3,legacy,7.193277,6295.519531,-4.546243
factory_3,legacy,7.260504,6643.200684,-3.789817
factory_3,legacy,7.327731,7010.083008,-3.149475
factory_3,legacy,7.394958,7397.227539,-2.692196
factory_3,legacy,7.462185,7805.752441,-2.431087
factory_3,legacy,7.529412,8236.839844,-2.343756
factory_3,legacy,7.596639,8691.733398,-2.379310
factory_3,legacy,7.663866,9171.750000,-2.493658
factory_3,legacy,7.731092,9678.276367,-2.705230
factory_3,legacy,7.798319,10212.776367,-2.944502
factory_3,legacy,7.865546,10776.795898,-3.122930
factory_3,legacy,7.932773,11371.962891,-3.216873
factory_3,legacy,8.000000,12000.000000,-3.250722
factory_3,reference,0.000000,20.000000,-6.816126
factory_3,reference,0.067227,21.104536,-4.658474
factory_3,reference,0.134454,22.270071,-4.346947
factory_3,reference,0.201681,23.499975,-4.186498
factory_3,reference,0.268908,24.797804,-3.203341
factory_3,reference,0.336134,26.167307,-4.371536
factory_3,reference,0.403361,27.612442,-3.652078
factory_3,reference,0.470588,29.137390,-4.834020
factory_3,reference,0.537815,30.746555,-5.217626
factory_3,reference,0.605042,32.444588,-6.350286
factory_3,reference,0.672269,34.236401,-7.027797
factory_3,reference,0.739496,36.127167,-7.846766
factory_3,reference,0.806723,38.122353,-7.740207
factory_3,reference,0.873950,40.227730,-6.390666
factory_3,reference,0.941177,42.449379,-5.351331
factory_3,reference,1.008403,44.793720,-3.279512
factory_3,reference,1.075630,47.267536,-1.630589
factory_3,reference,1.142857,49.877968,-1.272125
factory_3,reference,1.210084,52.632568,-1.003351
factory_3,reference,1.277311,55.539299,-1.095441
factory_3,reference,1.344538,58.606552,-1.669824
factory_3,reference,1.411765,61.843204,-2.683430
factory_3,reference,1.478992,65.258606,-3.534959
factory_3,reference,1.546218,68.862625,-4.421140
factory_3,reference,1.613445,72.665695,-4.874041
factory_3,reference,1.680672,76.678787,-5.551173
factory_3,reference,1.747899,80.913506,-5.406028
factory_3,reference,1.815126,85.382095,-5.362535
factory_3,reference,1.882353,90.097488,-5.161639
factory_3,reference,1.949580,95.073273,-3.993585
factory_3,reference,2.016807,100.323875,-2.983583
factory_3,reference,2.084034,105.864441,-2.090879
factory_3,reference,2.151261,111.710999,-1.385017
factory_3,reference,2.218488,117.880432,-0.962742
factory_3,reference,2.285714,124.390594,-0.943331
factory_3,reference,2.352941,131.260284,-0.950355
factory_3,reference,2.420168,138.509369,-0.962457
factory_3,reference,2.487395,146.158783,-1.115702
factory_3,reference,2.554622,154.230667,-1.729755
factory_3,reference,2.621849,162.748337,-3.272660
factory_3,reference,2.689076,171.736420,-5.778801
factory_3,reference,2.756303,181.220856,-8.985960
factory_3,reference,2.823529,191.229095,-11.043255
factory_3,reference,2.890756,201.790070,-9.774217
factory_3,reference,2.957983,212.934280,-7.449139
factory_3,reference,3.025210,224.693970,-5.797562
factory_3,reference,3.092437,237.103104,-4.748477
factory_3,reference,3.159664,250.197540,-4.109827
factory_3,reference,3.226891,264.015137,-3.843007
factory_3,reference,3.294118,278.595856,-3.848000
factory_3,reference,3.361345,293.981812,-4.131070
factory_3,reference,3.428571,310.217468,-4.768971
factory_3,reference,3.495798,327.349792,-5.886519
factory_3,reference,3.563025,345.428284,-7.522795
factory_3,reference,3.630252,364.505157,-9.498728
factory_3,reference,3.697479,384.635620,-10.851252
factory_3,reference,3.764706,405.877808,-10.387819
factory_3,reference,3.831933,428.293121,-9.303686
factory_3,reference,3.899160,451.946381,-8.938180
factory_3,reference,3.966387,476.905945,-9.448980
factory_3,reference,4.033614,503.244019,-10.372377
factory_3,reference,4.100841,531.036560,-10.645427
factory_3,reference,4.168067,560.364014,-8.600121
factory_3,reference,4.235294,591.311096,-5.685093
factory_3,reference,4.302521,623.967346,-3.459492
factory_3,reference,4.369748,658.427063,-2.058959
factory_3,reference,4.436975,694.789795,-1.237659
factory_3,reference,4.504202,733.160889,-0.826210
factory_3,reference,4.571429,773.651001,-0.609963
factory_3,reference,4.638656,816.377197,-0.492671
factory_3,reference,4.705883,861.463074,-0.438312
factory_3,reference,4.773109,909.038940,-0.435042
factory_3,reference,4.840336,959.242249,-0.450587
factory_3,reference,4.907563,1012.218079,-0.474531
factory_3,reference,4.974790,1068.119629,-0.511992
factory_3,reference,5.042017,1127.108398,-0.558322
factory_3,reference,5.109244,1189.355103,-0.681393
factory_3,reference,5.176471,1255.039307,-0.983228
factory_3,reference,5.243698,1324.351074,-1.494083
factory_3,reference,5.310925,1397.490845,-2.307845
factory_3,reference,5.378151,1474.669678,-2.959733
factory_3,reference,5.445378,1556.110962,-3.186363
factory_3,reference,5.512605,1642.050049,-2.883877
factory_3,reference,5.579832,1732.735107,-2.298169
factory_3,reference,5.647059,1828.428467,-1.575471
factory_3,reference,5.714286,1929.406738,-0.975869
factory_3,reference,5.781513,2035.961670,-0.732939
factory_3,reference,5.848740,2148.401367,-0.658778
factory_3,reference,5.915967,2267.050537,-0.638232
factory_3,reference,5.983193,2392.252441,-0.677796
factory_3,reference,6.050420,2524.368896,-0.804801
factory_3,reference,6.117647,2663.781738,-0.952648
factory_3,reference,6.184874,2810.893799,-1.087398
factory_3,reference,6.252101,2966.130371,-1.189821
factory_3,reference,6.319328,3129.940430,-1.280944
factory_3,reference,6.386555,3302.796875,-1.392056
factory_3,reference,6.453782,3485.199951,-1.510114
factory_3,reference,6.521008,3677.676025,-1.622167
factory_3,reference,6.588235,3880.782471,-1.724351
factory_3,reference,6.655462,4095.105469,-1.803532
factory_3,reference,6.722689,4321.265137,-1.848560
factory_3,reference,6.789916,4559.914551,-1.867896
factory_3,reference,6.857143,4811.744141,-1.869234
factory_3,reference,6.924370,5077.481445,-1.895266
factory_3,reference,6.991597,5357.894531,-1.989107
factory_3,reference,7.058824,5653.793457,-2.184308
factory_3,reference,7.126050,5966.034668,-2.452179
factory_3,reference,7.193277,6295.519531,-2.796876
factory_3,reference,7.260504,6643.200684,-3.179913
factory_3,reference,7.327731,7010.083008,-3.539409
factory_3,reference,7.394958,7397.227539,-3.833164
factory_3,reference,7.462185,7805.752441,-4.054787
factory_3,reference,7.529412,8236.839844,-4.210075
factory_3,reference,7.596639,8691.733398,-4.314765
factory_3,reference,7.663866,9171.750000,-4.379301
factory_3,reference,7.731092,9678.276367,-4.409381
factory_3,reference,7.798319,10212.776367,-4.415247
factory_3,reference,7.865546,10776.795898,-4.396845
factory_3,reference,7.932773,11371.962891,-4.362884
factory_3,reference,8.000000,12000.000000,-4.325248
factory_4,legacy,0.000000,20.000000,-7.744313
factory_4,legacy,0.067227,21.104536,-3.682243
factory_4,legacy,0.134454,22.270071,-3.599370
factory_4,legacy,0.201681,23.499975,-3.512512
factory_4,legacy,0.268908,24.797804,-3.123542
factory_4,legacy,0.336134,26.167307,-3.169479
factory_4,legacy,0.403361,27.612442,-2.885175
factory_4,legacy,0.470588,29.137390,-3.095540
factory_4,legacy,0.537815,30.746555,-3.039624
factory_4,legacy,0.605042,32.444588,-3.078283
factory_4,legacy,0.672269,34.236401,-3.136531
factory_4,legacy,0.739496,36.127167,-3.456052
factory_4,legacy,0.806723,38.122353,-3.893627
factory_4,legacy,0.873950,40.227730,-4.496105
factory_4,legacy,0.941177,42.449379,-4.864835
factory_4,legacy,1.008403,44.793720,-4.907244
factory_4,legacy,1.075630,47.267536,-4.668806
factory_4,legacy,1.142857,49.877968,-4.132676
factory_4,legacy,1.210084,52.632568,-3.818480
factory_4,legacy,1.277311,55.539299,-3.644015
factory_4,legacy,1.344538,58.606552,-3.585015
factory_4,legacy,1.411765,61.843204,-3.716685
factory_4,legacy,1.478992,65.258606,-3.942621
factory_4,legacy,1.546218,68.862625,-4.443610
factory_4,legacy,1.613445,72.665695,-5.015905
factory_4,legacy,1.680672,76.678787,-6.037378
factory_4,legacy,1.747899,80.913506,-6.919965
factory_4,legacy,1.815126,85.382095,-7.497507
factory_4,legacy,1.882353,90.097488,-7.631934
factory_4,legacy,1.949580,95.073273,-7.554502
factory_4,legacy,2.016807,100.323875,-7.333806
factory_4,legacy,2.084034,105.864441,-6.938398
factory_4,legacy,2.151261,111.710999,-6.525098
factory_4,legacy,2.218488,117.880432,-6.236539
factory_4,legacy,2.285714,124.390594,-6.194201
factory_4,legacy,2.352941,131.260284,-6.481537
factory_4,legacy,2.420168,138.509369,-6.854009
factory_4,legacy,2.487395,146.158783,-7.349719
factory_4,legacy,2.554622,154.230667,-7.688324
factory_4,legacy,2.621849,162.748337,-7.518938
factory_4,legacy,2.689076,171.736420,-6.780921
factory_4,legacy,2.756303,181.220856,-5.965967
factory_4,legacy,2.823529,191.229095,-5.605409
factory_4,legacy,2.890756,201.790070,-5.937338
factory_4,legacy,2.957983,212.934280,-6.548431
factory_4,legacy,3.025210,224.693970,-7.205687
factory_4,legacy,3.092437,237.103104,-7.571840
factory_4,legacy,3.159664,250.197540,-7.702206
factory_4,legacy,3.226891,264.015137,-7.679999
factory_4,legacy,3.294118,278.595856,-7.503933
factory_4,legacy,3.361345,293.981812,-7.100059
factory_4,legacy,3.428571,310.217468,-6.328608
factory_4,legacy,3.495798,327.349792,-5.262349
factory_4,legacy,3.563025,345.428284,-4.039156
factory_4,legacy,3.630252,364.505157,-3.101865
factory_4,legacy,3.697479,384.635620,-2.658384
factory_4,legacy,3.764706,405.877808,-2.565130
factory_4,legacy,3.831933,428.293121,-2.803836
factory_4,legacy,3.899160,451.946381,-3.315337
factory_4,legacy,3.966387,476.905945,-3.965003
factory_4,legacy,4.033614,503.244019,-4.527206
factory_4,legacy,4.100841,531.036560,-4.756835
factory_4,legacy,4.168067,560.364014,-4.626311
factory_4,legacy,4.235294,591.311096,-4.207357
factory_4,legacy,4.302521,623.967346,-3.615327
factory_4,legacy,4.369748,658.427063,-2.908967
factory_4,legacy,4.436975,694.789795,-2.254035
factory_4,legacy,4.504202,733.160889,-1.945716
factory_4,legacy,4.571429,773.651001,-2.030957
factory_4,legacy,4.638656,816.377197,-2.291254
factory_4,legacy,4.705883,861.463074,-2.364822
factory_4,legacy,4.773109,909.038940,-2.194011
factory_4,legacy,4.840336,959.242249,-2.007500
factory_4,legacy,4.907563,1012.218079,-1.943680
factory_4,legacy,4.974790,1068.119629,-1.976869
factory_4,legacy,5.042017,1127.108398,-1.997947
factory_4,legacy,5.109244,1189.355103,-1.975276
factory_4,legacy,5.176471,1255.039307,-1.976298
factory_4,legacy,5.243698,1324.351074,-2.071548
factory_4,legacy,5.310925,1397.490845,-2.419341
factory_4,legacy,5.378151,1474.669678,-3.216977
factory_4,legacy,5.445378,1556.110962,-4.382040
factory_4,legacy,5.512605,1642.050049,-5.490666
factory_4,legacy,5.579832,1732.735107,-6.180434
factory_4,legacy,5.647059,1828.428467,-6.050593
factory_4,legacy,5.714286,1929.406738,-5.534306
factory_4,legacy,5.781513,2035.961670,-4.838131
factory_4,legacy,5.848740,2148.401367,-4.255399
factory_4,legacy,5.915967,2267.050537,-3.975805
factory_4,legacy,5.983193,2392.252441,-4.028560
factory_4,legacy,6.050420,2524.368896,-4.417952
factory_4,legacy,6.117647,2663.781738,-5.098609
factory_4,legacy,6.184874,2810.893799,-6.105899
factory_4,legacy,6.252101,2966.130371,-7.269740
factory_4,legacy,6.319328,3129.940430,-7.944771
factory_4,legacy,6.386555,3302.796875,-7.729668
factory_4,legacy,6.453782,3485.199951,-7.108954
factory_4,legacy,6.521008,3677.676025,-6.560864
factory_4,legacy,6.588235,3880.782471,-6.543009
factory_4,legacy,6.655462,4095.105469,-6.603030
factory_4,legacy,6.722689,4321.265137,-6.739003
factory_4,legacy,6.789916,4559.914551,-6.798091
factory_4,legacy,6.857143,4811.744141,-6.696630
factory_4,legacy,6.924370,5077.481445,-6.406912
factory_4,legacy,6.991597,5357.894531,-5.927010
factory_4,legacy,7.058824,5653.793457,-5.306120
factory_4,legacy,7.126050,5966.034668,-4.612456
factory_4,legacy,7.193277,6295.519531,-3.975569
factory_4,legacy,7.260504,6643.200684,-3.536545
factory_4,legacy,7.327731,7010.083008,-3.315804
factory_4,legacy,7.394958,7397.227539,-3.211727
factory_4,legacy,7.462185,7805.752441,-3.214469
factory_4,legacy,7.529412,8236.839844,-3.295648
factory_4,legacy,7.596639,8691.733398,-3.366539
factory_4,legacy,7.663866,9171.750000,-3.444716
factory_4,legacy,7.731092,9678.276367,-3.525164
factory_4,legacy,7.798319,10212.776367,-3.608022
factory_4,legacy,7.865546,10776.795898,-3.699407
factory_4,legacy,7.932773,11371.962891,-3.805503
factory_4,legacy,8.000000,12000.000000,-3.905947
factory_4,reference,0.000000,20.000000,-7.093761
factory_4,reference,0.067227,21.104536,-5.914406
factory_4,reference,0.134454,22.270071,-6.098578
factory_4,reference,0.201681,23.499975,-6.390493
factory_4,reference,0.268908,24.797804,-6.080624
factory_4,reference,0.336134,26.167307,-6.696972
factory_4,reference,0.403361,27.612442,-6.413178
factory_4,reference,0.470588,29.137390,-6.895438
factory_4,reference,0.537815,30.746555,-6.435562
factory_4,reference,0.605042,32.444588,-5.543885
factory_4,reference,0.672269,34.236401,-4.186811
factory_4,reference,0.739496,36.127167,-3.485756
factory_4,reference,0.806723,38.122353,-2.742634
factory_4,reference,0.873950,40.227730,-2.202527
factory_4,reference,0.941177,42.449379,-2.341574
factory_4,reference,1.008403,44.793720,-2.401571
factory_4,reference,1.075630,47.267536,-2.346062
factory_4,reference,1.142857,49.877968,-2.408528
factory_4,reference,1.210084,52.632568,-2.308477
factory_4,reference,1.277311,55.539299,-2.282645
factory_4,reference,1.344538,58.606552,-2.247282
factory_4,reference,1.411765,61.843204,-2.303584
factory_4,reference,1.478992,65.258606,-2.258709
factory_4,reference,1.546218,68.862625,-2.142306
factory_4,reference,1.613445,72.665695,-2.418465
factory_4,reference,1.680672,76.678787,-3.166568
factory_4,reference,1.747899,80.913506,-4.134755
factory_4,reference,1.815126,85.382095,-5.233141
factory_4,reference,1.882353,90.097488,-5.989573
factory_4,reference,1.949580,95.073273,-6.018526
factory_4,reference,2.016807,100.323875,-5.717430
factory_4,reference,2.084034,105.864441,-5.000398
factory_4,reference,2.151261,111.710999,-4.141129
factory_4,reference,2.218488,117.880432,-3.363625
factory_4,reference,2.285714,124.390594,-2.950360
factory_4,reference,2.352941,131.260284,-3.123989
factory_4,reference,2.420168,138.509369,-3.657478
factory_4,reference,2.487395,146.158783,-4.836517
factory_4,reference,2.554622,154.230667,-6.451695
factory_4,reference,2.621849,162.748337,-8.027087
factory_4,reference,2.689076,171.736420,-8.452547
factory_4,reference,2.756303,181.220856,-7.982578
factory_4,reference,2.823529,191.229095,-7.495139
factory_4,reference,2.890756,201.790070,-7.486703
factory_4,reference,2.957983,212.934280,-7.829160
factory_4,reference,3.025210,224.693970,-8.232956
factory_4,reference,3.092437,237.103104,-8.122944
factory_4,reference,3.159664,250.197540,-7.531133
factory_4,reference,3.226891,264.015137,-7.073534
factory_4,reference,3.294118,278.595856,-7.327531
factory_4,reference,3.361345,293.981812,-7.942245
factory_4,reference,3.428571,310.217468,-8.211676
factory_4,reference,3.495798,327.349792,-7.223970
factory_4,reference,3.563025,345.428284,-5.608293
factory_4,reference,3.630252,364.505157,-4.421566
factory_4,reference,3.697479,384.635620,-3.824579
factory_4,reference,3.764706,405.877808,-3.573011
factory_4,reference,3.831933,428.293121,-3.732741
factory_4,reference,3.899160,451.946381,-4.243741
factory_4,reference,3.966387,476.905945,-5.143116
factory_4,reference,4.033614,503.244019,-6.381255
factory_4,reference,4.100841,531.036560,-7.351623
factory_4,reference,4.168067,560.364014,-7.573311
factory_4,reference,4.235294,591.311096,-7.053957
factory_4,reference,4.302521,623.967346,-5.999949
factory_4,reference,4.369748,658.427063,-4.541142
factory_4,reference,4.436975,694.789795,-3.227923
factory_4,reference,4.504202,733.160889,-2.461044
factory_4,reference,4.571429,773.651001,-2.095856
factory_4,reference,4.638656,816.377197,-1.945938
factory_4,reference,4.705883,861.463074,-1.914649
factory_4,reference,4.773109,909.038940,-1.989724
factory_4,reference,4.840336,959.242249,-2.158052
factory_4,reference,4.907563,1012.218079,-2.457096
factory_4,reference,4.974790,1068.119629,-2.933464
factory_4,reference,5.042017,1127.108398,-3.390958
factory_4,reference,5.109244,1189.355103,-3.411389
factory_4,reference,5.176471,1255.039307,-3.051445
factory_4,reference,5.243698,1324.351074,-2.461429
factory_4,reference,5.310925,1397.490845,-1.952986
factory_4,reference,5.378151,1474.669678,-1.702613
factory_4,reference,5.445378,1556.110962,-1.631285
factory_4,reference,5.512605,1642.050049,-1.631701
factory_4,reference,5.579832,1732.735107,-1.654781
factory_4,reference,5.647059,1828.428467,-1.682268
factory_4,reference,5.714286,1929.406738,-1.706339
factory_4,reference,5.781513,2035.961670,-1.721645
factory_4,reference,5.848740,2148.401367,-1.721729
factory_4,reference,5.915967,2267.050537,-1.736879
factory_4,reference,5.983193,2392.252441,-1.777490
factory_4,reference,6.050420,2524.368896,-1.797905
factory_4,reference,6.117647,2663.781738,-1.815580
factory_4,reference,6.184874,2810.893799,-1.882911
factory_4,reference,6.252101,2966.130371,-2.028780
factory_4,reference,6.319328,3129.940430,-2.211596
factory_4,reference,6.386555,3302.796875,-2.385277
factory_4,reference,6.453782,3485.199951,-2.538081
factory_4,reference,6.521008,3677.676025,-2.678289
factory_4,reference,6.588235,3880.782471,-2.798200
factory_4,reference,6.655462,4095.105469,-2.893672
factory_4,reference,6.722689,4321.265137,-2.963277
factory_4,reference,6.789916,4559.914551,-3.012708
factory_4,reference,6.857143,4811.744141,-3.052386
factory_4,reference,6.924370,5077.481445,-3.136170
factory_4,reference,6.991597,5357.894531,-3.310642
factory_4,reference,7.058824,5653.793457,-3.551388
factory_4,reference,7.126050,5966.034668,-3.831345
factory_4,reference,7.193277,6295.519531,-4.099324
factory_4,reference,7.260504,6643.200684,-4.317009
factory_4,reference,7.327731,7010.083008,-4.482056
factory_4,reference,7.394958,7397.227539,-4.605833
factory_4,reference,7.462185,7805.752441,-4.697999
factory_4,reference,7.529412,8236.839844,-4.757029
factory_4,reference,7.596639,8691.733398,-4.790884
factory_4,reference,7.663866,9171.750000,-4.803801
factory_4,reference,7.731092,9678.276367,-4.798678
factory_4,reference,7.798319,10212.776367,-4.785798
factory_4,reference,7.865546,10776.795898,-4.773811
factory_4,reference,7.932773,11371.962891,-4.767228
factory_4,reference,8.000000,12000.000000,-4.757741
factory_5,legacy,0.000000,20.000000,-17.451004
factory_5,legacy,0.067227,21.104536,-11.022983
factory_5,legacy,0.134454,22.270071,-11.077577
factory_5,legacy,0.201681,23.499975,-11.121008
factory_5,legacy,0.268908,24.797804,-11.068250
factory_5,legacy,0.336134,26.167307,-11.041738
factory_5,legacy,0.403361,27.612442,-10.534545
factory_5,legacy,0.470588,29.137390,-10.426861
factory_5,legacy,0.537815,30.746555,-10.157682
factory_5,legacy,0.605042,32.444588,-9.966788
factory_5,legacy,0.672269,34.236401,-9.556462
factory_5,legacy,0.739496,36.127167,-8.493988
factory_5,legacy,0.806723,38.122353,-7.910178
factory_5,legacy,0.873950,40.227730,-7.408719
factory_5,legacy,0.941177,42.449379,-7.616952
factory_5,legacy,1.008403,44.793720,-7.068749
factory_5,legacy,1.075630,47.267536,-7.534920
factory_5,legacy,1.142857,49.877968,-8.069848
factory_5,legacy,1.210084,52.632568,-8.317878
factory_5,legacy,1.277311,55.539299,-8.575903
factory_5,legacy,1.344538,58.606552,-7.995754
factory_5,legacy,1.411765,61.843204,-8.083752
factory_5,legacy,1.478992,65.258606,-7.965322
factory_5,legacy,1.546218,68.862625,-7.672413
factory_5,legacy,1.613445,72.665695,-7.459871
factory_5,legacy,1.680672,76.678787,-6.986908
factory_5,legacy,1.747899,80.913506,-6.539831
factory_5,legacy,1.815126,85.382095,-6.131820
factory_5,legacy,1.882353,90.097488,-5.820395
factory_5,legacy,1.949580,95.073273,-5.767592
factory_5,legacy,2.016807,100.323875,-6.100535
factory_5,legacy,2.084034,105.864441,-6.419324
factory_5,legacy,2.151261,111.710999,-6.734072
factory_5,legacy,2.218488,117.880432,-6.767486
factory_5,legacy,2.285714,124.390594,-6.963551
factory_5,legacy,2.352941,131.260284,-6.683060
factory_5,legacy,2.420168,138.509369,-6.604209
factory_5,legacy,2.487395,146.158783,-6.303344
factory_5,legacy,2.554622,154.230667,-6.208356
factory_5,legacy,2.621849,162.748337,-5.920440
factory_5,legacy,2.689076,171.736420,-5.586866
factory_5,legacy,2.756303,181.220856,-5.263682
factory_5,legacy,2.823529,191.229095,-4.817005
factory_5,legacy,2.890756,201.790070,-4.829971
factory_5,legacy,2.957983,212.934280,-5.138843
factory_5,legacy,3.025210,224.693970,-5.484298
factory_5,legacy,3.092437,237.103104,-5.788508
factory_5,legacy,3.159664,250.197540,-5.932933
factory_5,legacy,3.226891,264.015137,-5.972629
factory_5,legacy,3.294118,278.595856,-5.933194
factory_5,legacy,3.361345,293.981812,-5.829383
factory_5,legacy,3.428571,310.217468,-5.704238
factory_5,legacy,3.495798,327.349792,-5.441538
factory_5,legacy,3.563025,345.428284,-5.210722
factory_5,legacy,3.630252,364.505157,-4.961364
factory_5,legacy,3.697479,384.635620,-4.766359
factory_5,legacy,3.764706,405.877808,-4.448664
factory_5,legacy,3.831933,428.293121,-4.327190
factory_5,legacy,3.899160,451.946381,-4.700223
factory_5,legacy,3.966387,476.905945,-4.945026
factory_5,legacy,4.033614,503.244019,-5.060573
factory_5,legacy,4.100841,531.036560,-5.183429
factory_5,legacy,4.168067,560.364014,-5.294903
factory_5,legacy,4.235294,591.311096,-5.271220
factory_5,legacy,4.302521,623.967346,-5.195667
factory_5,legacy,4.369748,658.427063,-5.098639
factory_5,legacy,4.436975,694.789795,-4.979939
factory_5,legacy,4.504202,733.160889,-4.913426
factory_5,legacy,4.571429,773.651001,-4.672282
factory_5,legacy,4.638656,816.377197,-4.386386
factory_5,legacy,4.705883,861.463074,-4.345487
factory_5,legacy,4.773109,909.038940,-4.418593
factory_5,legacy,4.840336,959.242249,-4.649551
factory_5,legacy,4.907563,1012.218079,-4.831055
factory_5,legacy,4.974790,1068.119629,-4.997201
factory_5,legacy,5.042017,1127.108398,-5.077185
factory_5,legacy,5.109244,1189.355103,-5.109234
factory_5,legacy,5.176471,1255.039307,-5.149343
factory_5,legacy,5.243698,1324.351074,-5.171818
factory_5,legacy,5.310925,1397.490845,-5.178324
factory_5,legacy,5.378151,1474.669678,-5.192564
factory_5,legacy,5.445378,1556.110962,-5.294216
factory_5,legacy,5.512605,1642.050049,-5.509658
factory_5,legacy,5.579832,1732.735107,-5.705405
factory_5,legacy,5.647059,1828.428467,-5.803473
factory_5,legacy,5.714286,1929.406738,-5.844655
factory_5,legacy,5.781513,2035.961670,-6.073306
factory_5,legacy,5.848740,2148.401367,-6.254481
factory_5,legacy,5.915967,2267.050537,-6.318977
factory_5,legacy,5.983193,2392.252441,-6.342304
factory_5,legacy,6.050420,2524.368896,-6.410012
factory_5,legacy,6.117647,2663.781738,-6.603369
factory_5,legacy,6.184874,2810.893799,-6.829691
factory_5,legacy,6.252101,2966.130371,-7.072298
factory_5,legacy,6.319328,3129.940430,-7.267357
factory_5,legacy,6.386555,3302.796875,-7.362343
factory_5,legacy,6.453782,3485.199951,-7.339378
factory_5,legacy,6.521008,3677.676025,-7.270777
factory_5,legacy,6.588235,3880.782471,-7.268711
factory_5,legacy,6.655462,4095.105469,-7.301357
factory_5,legacy,6.722689,4321.265137,-7.695708
factory_5,legacy,6.789916,4559.914551,-8.198021
factory_5,legacy,6.857143,4811.744141,-8.736772
factory_5,legacy,6.924370,5077.481445,-9.243488
factory_5,legacy,6.991597,5357.894531,-9.673841
factory_5,legacy,7.058824,5653.793457,-10.053092
factory_5,legacy,7.126050,5966.034668,-10.409287
factory_5,legacy,7.193277,6295.519531,-10.788198
factory_5,legacy,7.260504,6643.200684,-11.199699
factory_5,legacy,7.327731,7010.083008,-11.692108
factory_5,legacy,7.394958,7397.227539,-12.322344
factory_5,legacy,7.462185,7805.752441,-13.040636
factory_5,legacy,7.529412,8236.839844,-13.925647
factory_5,legacy,7.596639,8691.733398,-14.755796
factory_5,legacy,7.663866,9171.750000,-15.842775
factory_5,legacy,7.731092,9678.276367,-16.841848
factory_5,legacy,7.798319,10212.776367,-17.965033
factory_5,legacy,7.865546,10776.795898,-19.159817
factory_5,legacy,7.932773,11371.962891,-20.439106
factory_5,legacy,8.000000,12000.000000,-21.571550
factory_5,reference,0.000000,20.000000,-19.960548
factory_5,reference,0.067227,21.104536,-8.567574
factory_5,reference,0.134454,22.270071,-7.970693
factory_5,reference,0.201681,23.499975,-7.594676
factory_5,reference,0.268908,24.797804,-7.541621
factory_5,reference,0.336134,26.167307,-8.060194
factory_5,reference,0.403361,27.612442,-7.657142
factory_5,reference,0.470588,29.137390,-7.631857
factory_5,reference,0.537815,30.746555,-7.320285
factory_5,reference,0.605042,32.444588,-7.009960
factory_5,reference,0.672269,34.236401,-6.249258
factory_5,reference,0.739496,36.127167,-5.462024
factory_5,reference,0.806723,38.122353,-5.396708
factory_5,reference,0.873950,40.227730,-4.577056
factory_5,reference,0.941177,42.449379,-4.308278
factory_5,reference,1.008403,44.793720,-4.197935
factory_5,reference,1.075630,47.267536,-4.530252
factory_5,reference,1.142857,49.877968,-4.254611
factory_5,reference,1.210084,52.632568,-4.557649
factory_5,reference,1.277311,55.539299,-4.652082
factory_5,reference,1.344538,58.606552,-4.508762
factory_5,reference,1.411765,61.843204,-4.504415
factory_5,reference,1.478992,65.258606,-4.625181
factory_5,reference,1.546218,68.862625,-4.330676
factory_5,reference,1.613445,72.665695,-4.339365
factory_5,reference,1.680672,76.678787,-3.953638
factory_5,reference,1.747899,80.913506,-3.781638
factory_5,reference,1.815126,85.382095,-4.072100
factory_5,reference,1.882353,90.097488,-4.189788
factory_5,reference,1.949580,95.073273,-4.168660
factory_5,reference,2.016807,100.323875,-4.179987
factory_5,reference,2.084034,105.864441,-4.224951
factory_5,reference,2.151261,111.710999,-4.487326
factory_5,reference,2.218488,117.880432,-4.291790
factory_5,reference,2.285714,124.390594,-4.048101
factory_5,reference,2.352941,131.260284,-3.701357
factory_5,reference,2.420168,138.509369,-3.623147
factory_5,reference,2.487395,146.158783,-3.629257
factory_5,reference,2.554622,154.230667,-4.056844
factory_5,reference,2.621849,162.748337,-4.275833
factory_5,reference,2.689076,171.736420,-4.104858
factory_5,reference,2.756303,181.220856,-3.766232
factory_5,reference,2.823529,191.229095,-3.412733
factory_5,reference,2.890756,201.790070,-3.268463
factory_5,reference,2.957983,212.934280,-3.332097
factory_5,reference,3.025210,224.693970,-3.485067
factory_5,reference,3.092437,237.103104,-3.847199
factory_5,reference,3.159664,250.197540,-4.197530
factory_5,reference,3.226891,264.015137,-4.386533
factory_5,reference,3.294118,278.595856,-4.257301
factory_5,reference,3.361345,293.981812,-4.213994
factory_5,reference,3.428571,310.217468,-4.293850
factory_5,reference,3.495798,327.349792,-4.307003
factory_5,reference,3.563025,345.428284,-3.995064
factory_5,reference,3.630252,364.505157,-3.648865
factory_5,reference,3.697479,384.635620,-3.385250
factory_5,reference,3.764706,405.877808,-3.193571
factory_5,reference,3.831933,428.293121,-3.091944
factory_5,reference,3.899160,451.946381,-3.103478
factory_5,reference,3.966387,476.905945,-3.192478
factory_5,reference,4.033614,503.244019,-3.459563
factory_5,reference,4.100841,531.036560,-3.699811
factory_5,reference,4.168067,560.364014,-4.010165
factory_5,reference,4.235294,591.311096,-4.224182
factory_5,reference,4.302521,623.967346,-4.281995
factory_5,reference,4.369748,658.427063,-4.189120
factory_5,reference,4.436975,694.789795,-3.956406
factory_5,reference,4.504202,733.160889,-3.732023
factory_5,reference,4.571429,773.651001,-3.490625
factory_5,reference,4.638656,816.377197,-3.188495
factory_5,reference,4.705883,861.463074,-2.957767
factory_5,reference,4.773109,909.038940,-2.867156
factory_5,reference,4.840336,959.242249,-2.880525
factory_5,reference,4.907563,1012.218079,-2.996017
factory_5,reference,4.974790,1068.119629,-3.255180
factory_5,reference,5.042017,1127.108398,-3.638785
factory_5,reference,5.109244,1189.355103,-3.886423
factory_5,reference,5.176471,1255.039307,-3.946700
factory_5,reference,5.243698,1324.351074,-3.969346
factory_5,reference,5.310925,1397.490845,-3.989209
factory_5,reference,5.378151,1474.669678,-3.981716
factory_5,reference,5.445378,1556.110962,-3.816636
factory_5,reference,5.512605,1642.050049,-3.576530
factory_5,reference,5.579832,1732.735107,-3.503567
factory_5,reference,5.647059,1828.428467,-3.555981
factory_5,reference,5.714286,1929.406738,-3.650307
factory_5,reference,5.781513,2035.961670,-3.753031
factory_5,reference,5.848740,2148.401367,-3.858848
factory_5,reference,5.915967,2267.050537,-3.989153
factory_5,reference,5.983193,2392.252441,-4.149412
factory_5,reference,6.050420,2524.368896,-4.360543
factory_5,reference,6.117647,2663.781738,-4.524423
factory_5,reference,6.184874,2810.893799,-4.655470
factory_5,reference,6.252101,2966.130371,-4.793489
factory_5,reference,6.319328,3129.940430,-4.943853
factory_5,reference,6.386555,3302.796875,-5.142041
factory_5,reference,6.453782,3485.199951,-5.413175
factory_5,reference,6.521008,3677.676025,-5.729458
factory_5,reference,6.588235,3880.782471,-6.051511
factory_5,reference,6.655462,4095.105469,-6.396191
factory_5,reference,6.722689,4321.265137,-6.743861
factory_5,reference,6.789916,4559.914551,-7.126981
factory_5,reference,6.857143,4811.744141,-7.527869
factory_5,reference,6.924370,5077.481445,-7.959318
factory_5,reference,6.991597,5357.894531,-8.410687
factory_5,reference,7.058824,5653.793457,-8.888525
factory_5,reference,7.126050,5966.034668,-9.426037
factory_5,reference,7.193277,6295.519531,-10.052692
factory_5,reference,7.260504,6643.200684,-10.729591
factory_5,reference,7.327731,7010.083008,-11.432484
factory_5,reference,7.394958,7397.227539,-12.184038
factory_5,reference,7.462185,7805.752441,-12.935500
factory_5,reference,7.529412,8236.839844,-13.740559
factory_5,reference,7.596639,8691.733398,-14.607853
factory_5,reference,7.663866,9171.750000,-15.538211
factory_5,reference,7.731092,9678.276367,-16.544098
factory_5,reference,7.798319,10212.776367,-17.622040
factory_5,reference,7.865546,10776.795898,-18.780943
factory_5,reference,7.932773,11371.962891,-20.029713
factory_5,reference,8.000000,12000.000000,-21.134558
factory_6,legacy,0.000000,20.000000,-9.577628
factory_6,legacy,0.067227,21.104536,-6.228645
factory_6,legacy,0.134454,22.270071,-5.479081
factory_6,legacy,0.201681,23.499975,-4.731737
factory_6,legacy,0.268908,24.797804,-3.901412
factory_6,legacy,0.336134,26.167307,-3.519686
factory_6,legacy,0.403361,27.612442,-3.095308
factory_6,legacy,0.470588,29.137390,-3.294566
factory_6,legacy,0.537815,30.746555,-3.230130
factory_6,legacy,0.605042,32.444588,-3.257562
factory_6,legacy,0.672269,34.236401,-3.254679
factory_6,legacy,0.739496,36.127167,-3.302567
factory_6,legacy,0.806723,38.122353,-3.328095
factory_6,legacy,0.873950,40.227730,-3.400804
factory_6,legacy,0.941177,42.449379,-3.646325
factory_6,legacy,1.008403,44.793720,-4.112583
factory_6,legacy,1.075630,47.267536,-5.217453
factory_6,legacy,1.142857,49.877968,-6.583734
factory_6,legacy,1.210084,52.632568,-9.188558
factory_6,legacy,1.277311,55.539299,-11.887573
factory_6,legacy,1.344538,58.606552,-13.555879
factory_6,legacy,1.411765,61.843204,-13.437981
factory_6,legacy,1.478992,65.258606,-13.040109
factory_6,legacy,1.546218,68.862625,-12.135164
factory_6,legacy,1.613445,72.665695,-9.469768
factory_6,legacy,1.680672,76.678787,-7.601653
factory_6,legacy,1.747899,80.913506,-6.085011
factory_6,legacy,1.815126,85.382095,-6.003529
factory_6,legacy,1.882353,90.097488,-6.494629
factory_6,legacy,1.949580,95.073273,-6.651020
factory_6,legacy,2.016807,100.323875,-7.202938
factory_6,legacy,2.084034,105.864441,-7.599011
factory_6,legacy,2.151261,111.710999,-8.051021
factory_6,legacy,2.218488,117.880432,-8.478551
factory_6,legacy,2.285714,124.390594,-9.261330
factory_6,legacy,2.352941,131.260284,-10.414545
factory_6,legacy,2.420168,138.509369,-12.232718
factory_6,legacy,2.487395,146.158783,-12.436461
factory_6,legacy,2.554622,154.230667,-9.261353
factory_6,legacy,2.621849,162.748337,-5.956862
factory_6,legacy,2.689076,171.736420,-3.373442
factory_6,legacy,2.756303,181.220856,-2.182397
factory_6,legacy,2.823529,191.229095,-2.308995
factory_6,legacy,2.890756,201.790070,-2.863012
factory_6,legacy,2.957983,212.934280,-4.761107
factory_6,legacy,3.025210,224.693970,-9.165064
factory_6,legacy,3.092437,237.103104,-12.050705
factory_6,legacy,3.159664,250.197540,-12.786626
factory_6,legacy,3.226891,264.015137,-12.720183
factory_6,legacy,3.294118,278.595856,-12.508191
factory_6,legacy,3.361345,293.981812,-12.241501
factory_6,legacy,3.428571,310.217468,-11.934775
factory_6,legacy,3.495798,327.349792,-11.593675
factory_6,legacy,3.563025,345.428284,-11.198779
factory_6,legacy,3.630252,364.505157,-10.546837
factory_6,legacy,3.697479,384.635620,-9.443123
factory_6,legacy,3.764706,405.877808,-7.177436
factory_6,legacy,3.831933,428.293121,-5.022104
factory_6,legacy,3.899160,451.946381,-3.349422
factory_6,legacy,3.966387,476.905945,-2.299604
factory_6,legacy,4.033614,503.244019,-2.753099
factory_6,legacy,4.100841,531.036560,-4.566344
factory_6,legacy,4.168067,560.364014,-5.975461
factory_6,legacy,4.235294,591.311096,-6.208090
factory_6,legacy,4.302521,623.967346,-5.573655
factory_6,legacy,4.369748,658.427063,-3.316674
factory_6,legacy,4.436975,694.789795,-2.547184
factory_6,legacy,4.504202,733.160889,-3.514384
factory_6,legacy,4.571429,773.651001,-4.260249
factory_6,legacy,4.638656,816.377197,-3.860523
factory_6,legacy,4.705883,861.463074,-3.457775
factory_6,legacy,4.773109,909.038940,-3.099186
factory_6,legacy,4.840336,959.242249,-2.807575
factory_6,legacy,4.907563,1012.218079,-2.564014
factory_6,legacy,4.974790,1068.119629,-2.331024
factory_6,legacy,5.042017,1127.108398,-2.226661
factory_6,legacy,5.109244,1189.355103,-2.470788
factory_6,legacy,5.176471,1255.039307,-3.019773
factory_6,legacy,5.243698,1324.351074,-4.724784
factory_6,legacy,5.310925,1397.490845,-8.141808
factory_6,legacy,5.378151,1474.669678,-11.424636
factory_6,legacy,5.445378,1556.110962,-12.719836
factory_6,legacy,5.512605,1642.050049,-12.345890
factory_6,legacy,5.579832,1732.735107,-11.836782
factory_6,legacy,5.647059,1828.428467,-11.805135
factory_6,legacy,5.714286,1929.406738,-10.724161
factory_6,legacy,5.781513,2035.961670,-8.471318
factory_6,legacy,5.848740,2148.401367,-6.984621
factory_6,legacy,5.915967,2267.050537,-5.750444
factory_6,legacy,5.983193,2392.252441,-6.050010
factory_6,legacy,6.050420,2524.368896,-6.692966
factory_6,legacy,6.117647,2663.781738,-7.305528
factory_6,legacy,6.184874,2810.893799,-7.856245
factory_6,legacy,6.252101,2966.130371,-8.338657
factory_6,legacy,6.319328,3129.940430,-8.768724
factory_6,legacy,6.386555,3302.796875,-9.264575
factory_6,legacy,6.453782,3485.199951,-9.708613
factory_6,legacy,6.521008,3677.676025,-10.133461
factory_6,legacy,6.588235,3880.782471,-9.905968
factory_6,legacy,6.655462,4095.105469,-8.114783
factory_6,legacy,6.722689,4321.265137,-6.150152
factory_6,legacy,6.789916,4559.914551,-4.096811
factory_6,legacy,6.857143,4811.744141,-2.996244
factory_6,legacy,6.924370,5077.481445,-2.907576
factory_6,legacy,6.991597,5357.894531,-3.465050
factory_6,legacy,7.058824,5653.793457,-3.721183
factory_6,legacy,7.126050,5966.034668,-4.617793
factory_6,legacy,7.193277,6295.519531,-5.263959
factory_6,legacy,7.260504,6643.200684,-5.619936
factory_6,legacy,7.327731,7010.083008,-5.516932
factory_6,legacy,7.394958,7397.227539,-5.059488
factory_6,legacy,7.462185,7805.752441,-4.718392
factory_6,legacy,7.529412,8236.839844,-4.504654
factory_6,legacy,7.596639,8691.733398,-4.405907
factory_6,legacy,7.663866,9171.750000,-4.406035
factory_6,legacy,7.731092,9678.276367,-4.484268
factory_6,legacy,7.798319,10212.776367,-4.626114
factory_6,legacy,7.865546,10776.795898,-4.813935
factory_6,legacy,7.932773,11371.962891,-5.035775
factory_6,legacy,8.000000,12000.000000,-5.250256
factory_6,reference,0.000000,20.000000,-8.363627
factory_6,reference,0.067227,21.104536,-5.489585
factory_6,reference,0.134454,22.270071,-5.045605
factory_6,reference,0.201681,23.499975,-4.677323
factory_6,reference,0.268908,24.797804,-3.735214
factory_6,reference,0.336134,26.167307,-5.277599
factory_6,reference,0.403361,27.612442,-6.624720
factory_6,reference,0.470588,29.137390,-11.291862
factory_6,reference,0.537815,30.746555,-10.586927
factory_6,reference,0.605042,32.444588,-8.388393
factory_6,reference,0.672269,34.236401,-7.788905
factory_6,reference,0.739496,36.127167,-7.353911
factory_6,reference,0.806723,38.122353,-8.040730
factory_6,reference,0.873950,40.227730,-10.269600
factory_6,reference,0.941177,42.449379,-11.289719
factory_6,reference,1.008403,44.793720,-8.212813
factory_6,reference,1.075630,47.267536,-4.766024
factory_6,reference,1.142857,49.877968,-2.440479
factory_6,reference,1.210084,52.632568,-2.094710
factory_6,reference,1.277311,55.539299,-3.648609
factory_6,reference,1.344538,58.606552,-5.319450
factory_6,reference,1.411765,61.843204,-6.718013
factory_6,reference,1.478992,65.258606,-7.757415
factory_6,reference,1.546218,68.862625,-8.704713
factory_6,reference,1.613445,72.665695,-8.109818
factory_6,reference,1.680672,76.678787,-7.177007
factory_6,reference,1.747899,80.913506,-5.665656
factory_6,reference,1.815126,85.382095,-5.458022
factory_6,reference,1.882353,90.097488,-3.230288
factory_6,reference,1.949580,95.073273,-3.406585
factory_6,reference,2.016807,100.323875,-7.452816
factory_6,reference,2.084034,105.864441,-10.071070
factory_6,reference,2.151261,111.710999,-9.331345
factory_6,reference,2.218488,117.880432,-6.656679
factory_6,reference,2.285714,124.390594,-5.087447
factory_6,reference,2.352941,131.260284,-3.411189
factory_6,reference,2.420168,138.509369,-2.797643
factory_6,reference,2.487395,146.158783,-6.678675
factory_6,reference,2.554622,154.230667,-14.117281
factory_6,reference,2.621849,162.748337,-16.946117
factory_6,reference,2.689076,171.736420,-12.192267
factory_6,reference,2.756303,181.220856,-9.285646
factory_6,reference,2.823529,191.229095,-7.713187
factory_6,reference,2.890756,201.790070,-7.039939
factory_6,reference,2.957983,212.934280,-6.937218
factory_6,reference,3.025210,224.693970,-7.999659
factory_6,reference,3.092437,237.103104,-10.536316
factory_6,reference,3.159664,250.197540,-13.924835
factory_6,reference,3.226891,264.015137,-9.591993
factory_6,reference,3.294118,278.595856,-7.403043
factory_6,reference,3.361345,293.981812,-3.258598
factory_6,reference,3.428571,310.217468,-1.563878
factory_6,reference,3.495798,327.349792,-1.625576
factory_6,reference,3.563025,345.428284,-1.929295
factory_6,reference,3.630252,364.505157,-2.644283
factory_6,reference,3.697479,384.635620,-4.404569
factory_6,reference,3.764706,405.877808,-10.816067
factory_6,reference,3.831933,428.293121,-13.469915
factory_6,reference,3.899160,451.946381,-8.144650
factory_6,reference,3.966387,476.905945,-4.648590
factory_6,reference,4.033614,503.244019,-2.446771
factory_6,reference,4.100841,531.036560,-1.432766
factory_6,reference,4.168067,560.364014,-1.070499
factory_6,reference,4.235294,591.311096,-0.934371
factory_6,reference,4.302521,623.967346,-0.924376
factory_6,reference,4.369748,658.427063,-1.114812
factory_6,reference,4.436975,694.789795,-1.659752
factory_6,reference,4.504202,733.160889,-2.463325
factory_6,reference,4.571429,773.651001,-4.434515
factory_6,reference,4.638656,816.377197,-9.877378
factory_6,reference,4.705883,861.463074,-12.506226
factory_6,reference,4.773109,909.038940,-10.684858
factory_6,reference,4.840336,959.242249,-8.891546
factory_6,reference,4.907563,1012.218079,-9.082315
factory_6,reference,4.974790,1068.119629,-10.836802
factory_6,reference,5.042017,1127.108398,-12.464696
factory_6,reference,5.109244,1189.355103,-9.190122
factory_6,reference,5.176471,1255.039307,-6.042181
factory_6,reference,5.243698,1324.351074,-2.794187
factory_6,reference,5.310925,1397.490845,-1.438530
factory_6,reference,5.378151,1474.669678,-1.369028
factory_6,reference,5.445378,1556.110962,-1.523573
factory_6,reference,5.512605,1642.050049,-1.686286
factory_6,reference,5.579832,1732.735107,-1.833586
factory_6,reference,5.647059,1828.428467,-1.961355
factory_6,reference,5.714286,1929.406738,-2.069058
factory_6,reference,5.781513,2035.961670,-2.126103
factory_6,reference,5.848740,2148.401367,-2.159753
factory_6,reference,5.915967,2267.050537,-2.498438
factory_6,reference,5.983193,2392.252441,-2.965860
factory_6,reference,6.050420,2524.368896,-3.083115
factory_6,reference,6.117647,2663.781738,-5.570805
factory_6,reference,6.184874,2810.893799,-8.994888
factory_6,reference,6.252101,2966.130371,-9.532939
factory_6,reference,6.319328,3129.940430,-7.804207
factory_6,reference,6.386555,3302.796875,-5.784531
factory_6,reference,6.453782,3485.199951,-4.059728
factory_6,reference,6.521008,3677.676025,-2.730193
factory_6,reference,6.588235,3880.782471,-3.212892
factory_6,reference,6.655462,4095.105469,-4.204867
factory_6,reference,6.722689,4321.265137,-4.862097
factory_6,reference,6.789916,4559.914551,-5.272108
factory_6,reference,6.857143,4811.744141,-5.562086
factory_6,reference,6.924370,5077.481445,-5.794060
factory_6,reference,6.991597,5357.894531,-5.992476
factory_6,reference,7.058824,5653.793457,-6.165822
factory_6,reference,7.126050,5966.034668,-6.293591
factory_6,reference,7.193277,6295.519531,-6.366410
factory_6,reference,7.260504,6643.200684,-6.336270
factory_6,reference,7.327731,7010.083008,-6.136096
factory_6,reference,7.394958,7397.227539,-5.754755
factory_6,reference,7.462185,7805.752441,-5.330484
factory_6,reference,7.529412,8236.839844,-4.874358
factory_6,reference,7.596639,8691.733398,-4.636384
factory_6,reference,7.663866,9171.750000,-4.848989
factory_6,reference,7.731092,9678.276367,-5.251479
factory_6,reference,7.798319,10212.776367,-5.711861
factory_6,reference,7.865546,10776.795898,-6.076703
factory_6,reference,7.932773,11371.962891,-6.260148
factory_6,reference,8.000000,12000.000000,-6.304085
factory_7,legacy,0.000000,20.000000,-7.522930
factory_7,legacy,0.067227,21.104536,-4.235041
factory_7,legacy,0.134454,22.270071,-4.249647
factory_7,legacy,0.201681,23.499975,-4.268482
factory_7,legacy,0.268908,24.797804,-4.039566
factory_7,legacy,0.336134,26.167307,-4.080620
factory_7,legacy,0.403361,27.612442,-3.912075
factory_7,legacy,0.470588,29.137390,-4.050095
factory_7,legacy,0.537815,30.746555,-3.981709
factory_7,legacy,0.605042,32.444588,-3.954325
factory_7,legacy,0.672269,34.236401,-3.894814
factory_7,legacy,0.739496,36.127167,-3.972462
factory_7,legacy,0.806723,38.122353,-4.005471
factory_7,legacy,0.873950,40.227730,-4.010433
factory_7,legacy,0.941177,42.449379,-4.119141
factory_7,legacy,1.008403,44.793720,-4.226243
factory_7,legacy,1.075630,47.267536,-4.390291
factory_7,legacy,1.142857,49.877968,-4.542874
factory_7,legacy,1.210084,52.632568,-4.788693
factory_7,legacy,1.277311,55.539299,-5.095260
factory_7,legacy,1.344538,58.606552,-5.415706
factory_7,legacy,1.411765,61.843204,-5.763776
factory_7,legacy,1.478992,65.258606,-6.071416
factory_7,legacy,1.546218,68.862625,-6.406029
factory_7,legacy,1.613445,72.665695,-6.617128
factory_7,legacy,1.680672,76.678787,-6.838233
factory_7,legacy,1.747899,80.913506,-6.967514
factory_7,legacy,1.815126,85.382095,-7.053959
factory_7,legacy,1.882353,90.097488,-7.095715
factory_7,legacy,1.949580,95.073273,-7.111356
factory_7,legacy,2.016807,100.323875,-7.114055
factory_7,legacy,2.084034,105.864441,-7.106058
factory_7,legacy,2.151261,111.710999,-7.101583
factory_7,legacy,2.218488,117.880432,-7.091207
factory_7,legacy,2.285714,124.390594,-7.081761
factory_7,legacy,2.352941,131.260284,-7.087088
factory_7,legacy,2.420168,138.509369,-7.088295
factory_7,legacy,2.487395,146.158783,-7.106457
factory_7,legacy,2.554622,154.230667,-7.120622
factory_7,legacy,2.621849,162.748337,-7.140244
factory_7,legacy,2.689076,171.736420,-7.154889
factory_7,legacy,2.756303,181.220856,-7.147441
factory_7,legacy,2.823529,191.229095,-7.111296
factory_7,legacy,2.890756,201.790070,-7.032962
factory_7,legacy,2.957983,212.934280,-6.862724
factory_7,legacy,3.025210,224.693970,-6.640258
factory_7,legacy,3.092437,237.103104,-6.346174
factory_7,legacy,3.159664,250.197540,-5.978494
factory_7,legacy,3.226891,264.015137,-5.581396
factory_7,legacy,3.294118,278.595856,-5.158220
factory_7,legacy,3.361345,293.981812,-4.766937
factory_7,legacy,3.428571,310.217468,-4.397289
factory_7,legacy,3.495798,327.349792,-4.121991
factory_7,legacy,3.563025,345.428284,-3.885169
factory_7,legacy,3.630252,364.505157,-3.726800
factory_7,legacy,3.697479,384.635620,-3.647660
factory_7,legacy,3.764706,405.877808,-3.593162
factory_7,legacy,3.831933,428.293121,-3.573555
factory_7,legacy,3.899160,451.946381,-3.583299
factory_7,legacy,3.966387,476.905945,-3.603240
factory_7,legacy,4.033614,503.244019,-3.642547
factory_7,legacy,4.100841,531.036560,-3.669535
factory_7,legacy,4.168067,560.364014,-3.684752
factory_7,legacy,4.235294,591.311096,-3.675039
factory_7,legacy,4.302521,623.967346,-3.644052
factory_7,legacy,4.369748,658.427063,-3.589122
factory_7,legacy,4.436975,694.789795,-3.490839
factory_7,legacy,4.504202,733.160889,-3.389359
factory_7,legacy,4.571429,773.651001,-3.273800
factory_7,legacy,4.638656,816.377197,-3.159800
factory_7,legacy,4.705883,861.463074,-3.058452
factory_7,legacy,4.773109,909.038940,-2.993328
factory_7,legacy,4.840336,959.242249,-2.981672
factory_7,legacy,4.907563,1012.218079,-3.036395
factory_7,legacy,4.974790,1068.119629,-3.169345
factory_7,legacy,5.042017,1127.108398,-3.378320
factory_7,legacy,5.109244,1189.355103,-3.668705
factory_7,legacy,5.176471,1255.039307,-3.999485
factory_7,legacy,5.243698,1324.351074,-4.365186
factory_7,legacy,5.310925,1397.490845,-4.720786
factory_7,legacy,5.378151,1474.669678,-5.034284
factory_7,legacy,5.445378,1556.110962,-5.290328
factory_7,legacy,5.512605,1642.050049,-5.488625
factory_7,legacy,5.579832,1732.735107,-5.624265
factory_7,legacy,5.647059,1828.428467,-5.708687
factory_7,legacy,5.714286,1929.406738,-5.761168
factory_7,legacy,5.781513,2035.961670,-5.789175
factory_7,legacy,5.848740,2148.401367,-5.816208
factory_7,legacy,5.915967,2267.050537,-5.855575
factory_7,legacy,5.983193,2392.252441,-5.905468
factory_7,legacy,6.050420,2524.368896,-5.982903
factory_7,legacy,6.117647,2663.781738,-6.091460
factory_7,legacy,6.184874,2810.893799,-6.223015
factory_7,legacy,6.252101,2966.130371,-6.368806
factory_7,legacy,6.319328,3129.940430,-6.517311
factory_7,legacy,6.386555,3302.796875,-6.642404
factory_7,legacy,6.453782,3485.199951,-6.710524
factory_7,legacy,6.521008,3677.676025,-6.697157
factory_7,legacy,6.588235,3880.782471,-6.585011
factory_7,legacy,6.655462,4095.105469,-6.373642
factory_7,legacy,6.722689,4321.265137,-6.083556
factory_7,legacy,6.789916,4559.914551,-5.746876
factory_7,legacy,6.857143,4811.744141,-5.401241
factory_7,legacy,6.924370,5077.481445,-5.077766
factory_7,legacy,6.991597,5357.894531,-4.795350
factory_7,legacy,7.058824,5653.793457,-4.561352
factory_7,legacy,7.126050,5966.034668,-4.380889
factory_7,legacy,7.193277,6295.519531,-4.246289
factory_7,legacy,7.260504,6643.200684,-4.152674
factory_7,legacy,7.327731,7010.083008,-4.095335
factory_7,legacy,7.394958,7397.227539,-4.071096
factory_7,legacy,7.462185,7805.752441,-4.065774
factory_7,legacy,7.529412,8236.839844,-4.082124
factory_7,legacy,7.596639,8691.733398,-4.114624
factory_7,legacy,7.663866,9171.750000,-4.160546
factory_7,legacy,7.731092,9678.276367,-4.216906
factory_7,legacy,7.798319,10212.776367,-4.281088
factory_7,legacy,7.865546,10776.795898,-4.349760
factory_7,legacy,7.932773,11371.962891,-4.421348
factory_7,legacy,8.000000,12000.000000,-4.482992
factory_7,reference,0.000000,20.000000,-6.968469
factory_7,reference,0.067227,21.104536,-6.120751
factory_7,reference,0.134454,22.270071,-6.068902
factory_7,reference,0.201681,23.499975,-5.956633
factory_7,reference,0.268908,24.797804,-5.090059
factory_7,reference,0.336134,26.167307,-5.332994
factory_7,reference,0.403361,27.612442,-4.600445
factory_7,reference,0.470588,29.137390,-4.978984
factory_7,reference,0.537815,30.746555,-4.736541
factory_7,reference,0.605042,32.444588,-4.566204
factory_7,reference,0.672269,34.236401,-4.160658
factory_7,reference,0.739496,36.127167,-4.327503
factory_7,reference,0.806723,38.122353,-4.143874
factory_7,reference,0.873950,40.227730,-3.579978
factory_7,reference,0.941177,42.449379,-3.612129
factory_7,reference,1.008403,44.793720,-3.293466
factory_7,reference,1.075630,47.267536,-3.039915
factory_7,reference,1.142857,49.877968,-3.205585
factory_7,reference,1.210084,52.632568,-3.074043
factory_7,reference,1.277311,55.539299,-3.108161
factory_7,reference,1.344538,58.606552,-3.225198
factory_7,reference,1.411765,61.843204,-3.497131
factory_7,reference,1.478992,65.258606,-3.800843
factory_7,reference,1.546218,68.862625,-4.229741
factory_7,reference,1.613445,72.665695,-4.522615
factory_7,reference,1.680672,76.678787,-4.993969
factory_7,reference,1.747899,80.913506,-5.278434
factory_7,reference,1.815126,85.382095,-5.654126
factory_7,reference,1.882353,90.097488,-5.959316
factory_7,reference,1.949580,95.073273,-6.060039
factory_7,reference,2.016807,100.323875,-6.229374
factory_7,reference,2.084034,105.864441,-6.298967
factory_7,reference,2.151261,111.710999,-6.319506
factory_7,reference,2.218488,117.880432,-6.278029
factory_7,reference,2.285714,124.390594,-6.220277
factory_7,reference,2.352941,131.260284,-6.246590
factory_7,reference,2.420168,138.509369,-6.207446
factory_7,reference,2.487395,146.158783,-6.237106
factory_7,reference,2.554622,154.230667,-6.242337
factory_7,reference,2.621849,162.748337,-6.383032
factory_7,reference,2.689076,171.736420,-6.570912
factory_7,reference,2.756303,181.220856,-6.819105
factory_7,reference,2.823529,191.229095,-7.042433
factory_7,reference,2.890756,201.790070,-7.282566
factory_7,reference,2.957983,212.934280,-7.476076
factory_7,reference,3.025210,224.693970,-7.518768
factory_7,reference,3.092437,237.103104,-7.403879
factory_7,reference,3.159664,250.197540,-7.115353
factory_7,reference,3.226891,264.015137,-6.716651
factory_7,reference,3.294118,278.595856,-6.250379
factory_7,reference,3.361345,293.981812,-5.798864
factory_7,reference,3.428571,310.217468,-5.373722
factory_7,reference,3.495798,327.349792,-5.045976
factory_7,reference,3.563025,345.428284,-4.759295
factory_7,reference,3.630252,364.505157,-4.557294
factory_7,reference,3.697479,384.635620,-4.436712
factory_7,reference,3.764706,405.877808,-4.340189
factory_7,reference,3.831933,428.293121,-4.293242
factory_7,reference,3.899160,451.946381,-4.289653
factory_7,reference,3.966387,476.905945,-4.305758
factory_7,reference,4.033614,503.244019,-4.366217
factory_7,reference,4.100841,531.036560,-4.429053
factory_7,reference,4.168067,560.364014,-4.497536
factory_7,reference,4.235294,591.311096,-4.547174
factory_7,reference,4.302521,623.967346,-4.572841
factory_7,reference,4.369748,658.427063,-4.560503
factory_7,reference,4.436975,694.789795,-4.472721
factory_7,reference,4.504202,733.160889,-4.352173
factory_7,reference,4.571429,773.651001,-4.175913
factory_7,reference,4.638656,816.377197,-3.967555
factory_7,reference,4.705883,861.463074,-3.737681
factory_7,reference,4.773109,909.038940,-3.506323
factory_7,reference,4.840336,959.242249,-3.300919
factory_7,reference,4.907563,1012.218079,-3.127129
factory_7,reference,4.974790,1068.119629,-2.994581
factory_7,reference,5.042017,1127.108398,-2.896804
factory_7,reference,5.109244,1189.355103,-2.829901
factory_7,reference,5.176471,1255.039307,-2.796314
factory_7,reference,5.243698,1324.351074,-2.777961
factory_7,reference,5.310925,1397.490845,-2.773602
factory_7,reference,5.378151,1474.669678,-2.779913
factory_7,reference,5.445378,1556.110962,-2.791914
factory_7,reference,5.512605,1642.050049,-2.808126
factory_7,reference,5.579832,1732.735107,-2.827133
factory_7,reference,5.647059,1828.428467,-2.848047
factory_7,reference,5.714286,1929.406738,-2.870074
factory_7,reference,5.781513,2035.961670,-2.892911
factory_7,reference,5.848740,2148.401367,-2.916895
factory_7,reference,5.915967,2267.050537,-2.944478
factory_7,reference,5.983193,2392.252441,-2.972102
factory_7,reference,6.050420,2524.368896,-3.002256
factory_7,reference,6.117647,2663.781738,-3.039924
factory_7,reference,6.184874,2810.893799,-3.083567
factory_7,reference,6.252101,2966.130371,-3.136534
factory_7,reference,6.319328,3129.940430,-3.203558
factory_7,reference,6.386555,3302.796875,-3.287121
factory_7,reference,6.453782,3485.199951,-3.383961
factory_7,reference,6.521008,3677.676025,-3.493533
factory_7,reference,6.588235,3880.782471,-3.616162
factory_7,reference,6.655462,4095.105469,-3.746569
factory_7,reference,6.722689,4321.265137,-3.880511
factory_7,reference,6.789916,4559.914551,-4.018277
factory_7,reference,6.857143,4811.744141,-4.153653
factory_7,reference,6.924370,5077.481445,-4.284813
factory_7,reference,6.991597,5357.894531,-4.408874
factory_7,reference,7.058824,5653.793457,-4.526270
factory_7,reference,7.126050,5966.034668,-4.632281
factory_7,reference,7.193277,6295.519531,-4.730300
factory_7,reference,7.260504,6643.200684,-4.816950
factory_7,reference,7.327731,7010.083008,-4.890911
factory_7,reference,7.394958,7397.227539,-4.951996
factory_7,reference,7.462185,7805.752441,-5.000915
factory_7,reference,7.529412,8236.839844,-5.036794
factory_7,reference,7.596639,8691.733398,-5.061284
factory_7,reference,7.663866,9171.750000,-5.074977
factory_7,reference,7.731092,9678.276367,-5.078102
factory_7,reference,7.798319,10212.776367,-5.073612
factory_7,reference,7.865546,10776.795898,-5.060408
factory_7,reference,7.932773,11371.962891,-5.041917
factory_7,reference,8.000000,12000.000000,-5.024189
factory_8,legacy,0.000000,20.000000,-7.569118
factory_8,legacy,0.067227,21.104536,-3.575715
factory_8,legacy,0.134454,22.270071,-3.530653
factory_8,legacy,0.201681,23.499975,-3.628575
factory_8,legacy,0.268908,24.797804,-3.436075
factory_8,legacy,0.336134,26.167307,-3.282104
factory_8,legacy,0.403361,27.612442,-3.263384
factory_8,legacy,0.470588,29.137390,-3.668193
factory_8,legacy,0.537815,30.746555,-3.175859
factory_8,legacy,0.605042,32.444588,-3.348721
factory_8,legacy,0.672269,34.236401,-3.912646
factory_8,legacy,0.739496,36.127167,-3.295456
factory_8,legacy,0.806723,38.122353,-3.319534
factory_8,legacy,0.873950,40.227730,-4.261322
factory_8,legacy,0.941177,42.449379,-3.701889
factory_8,legacy,1.008403,44.793720,-3.409808
factory_8,legacy,1.075630,47.267536,-4.584113
factory_8,legacy,1.142857,49.877968,-4.341636
factory_8,legacy,1.210084,52.632568,-3.654881
factory_8,legacy,1.277311,55.539299,-4.784760
factory_8,legacy,1.344538,58.606552,-5.334848
factory_8,legacy,1.411765,61.843204,-4.141810
factory_8,legacy,1.478992,65.258606,-4.983220
factory_8,legacy,1.546218,68.862625,-6.295328
factory_8,legacy,1.613445,72.665695,-4.770637
factory_8,legacy,1.680672,76.678787,-5.266386
factory_8,legacy,1.747899,80.913506,-6.878651
factory_8,legacy,1.815126,85.382095,-5.767009
factory_8,legacy,1.882353,90.097488,-5.675510
factory_8,legacy,1.949580,95.073273,-7.189883
factory_8,legacy,2.016807,100.323875,-6.770616
factory_8,legacy,2.084034,105.864441,-6.149943
factory_8,legacy,2.151261,111.710999,-7.306361
factory_8,legacy,2.218488,117.880432,-7.348074
factory_8,legacy,2.285714,124.390594,-6.678033
factory_8,legacy,2.352941,131.260284,-7.337695
factory_8,legacy,2.420168,138.509369,-7.136685
factory_8,legacy,2.487395,146.158783,-7.254362
factory_8,legacy,2.554622,154.230667,-7.396486
factory_8,legacy,2.621849,162.748337,-6.536791
factory_8,legacy,2.689076,171.736420,-7.416718
factory_8,legacy,2.756303,181.220856,-7.394865
factory_8,legacy,2.823529,191.229095,-5.933559
factory_8,legacy,2.890756,201.790070,-6.853435
factory_8,legacy,2.957983,212.934280,-7.291418
factory_8,legacy,3.025210,224.693970,-5.513605
factory_8,legacy,3.092437,237.103104,-5.591810
factory_8,legacy,3.159664,250.197540,-6.984952
factory_8,legacy,3.226891,264.015137,-5.315350
factory_8,legacy,3.294118,278.595856,-4.333464
factory_8,legacy,3.361345,293.981812,-6.339772
factory_8,legacy,3.428571,310.217468,-5.116575
factory_8,legacy,3.495798,327.349792,-3.423881
factory_8,legacy,3.563025,345.428284,-5.280345
factory_8,legacy,3.630252,364.505157,-4.893608
factory_8,legacy,3.697479,384.635620,-2.922429
factory_8,legacy,3.764706,405.877808,-4.061585
factory_8,legacy,3.831933,428.293121,-4.525771
factory_8,legacy,3.899160,451.946381,-2.662275
factory_8,legacy,3.966387,476.905945,-2.960408
factory_8,legacy,4.033614,503.244019,-3.983797
factory_8,legacy,4.100841,531.036560,-2.562989
factory_8,legacy,4.168067,560.364014,-2.315446
factory_8,legacy,4.235294,591.311096,-3.302615
factory_8,legacy,4.302521,623.967346,-2.490215
factory_8,legacy,4.369748,658.427063,-2.109372
factory_8,legacy,4.436975,694.789795,-2.615777
factory_8,legacy,4.504202,733.160889,-2.380081
factory_8,legacy,4.571429,773.651001,-2.202453
factory_8,legacy,4.638656,816.377197,-2.183750
factory_8,legacy,4.705883,861.463074,-2.226236
factory_8,legacy,4.773109,909.038940,-2.407743
factory_8,legacy,4.840336,959.242249,-2.230032
factory_8,legacy,4.907563,1012.218079,-2.099612
factory_8,legacy,4.974790,1068.119629,-2.621106
factory_8,legacy,5.042017,1127.108398,-2.840706
factory_8,legacy,5.109244,1189.355103,-2.122481
factory_8,legacy,5.176471,1255.039307,-2.801416
factory_8,legacy,5.243698,1324.351074,-3.863177
factory_8,legacy,5.310925,1397.490845,-2.467775
factory_8,legacy,5.378151,1474.669678,-3.033268
factory_8,legacy,5.445378,1556.110962,-4.946969
factory_8,legacy,5.512605,1642.050049,-3.329464
factory_8,legacy,5.579832,1732.735107,-3.416411
factory_8,legacy,5.647059,1828.428467,-5.805556
factory_8,legacy,5.714286,1929.406738,-4.781033
factory_8,legacy,5.781513,2035.961670,-4.063799
factory_8,legacy,5.848740,2148.401367,-6.372058
factory_8,legacy,5.915967,2267.050537,-6.448973
factory_8,legacy,5.983193,2392.252441,-5.057571
factory_8,legacy,6.050420,2524.368896,-6.773529
factory_8,legacy,6.117647,2663.781738,-7.452536
factory_8,legacy,6.184874,2810.893799,-6.296968
factory_8,legacy,6.252101,2966.130371,-7.068107
factory_8,legacy,6.319328,3129.940430,-7.268991
factory_8,legacy,6.386555,3302.796875,-7.175862
factory_8,legacy,6.453782,3485.199951,-7.166538
factory_8,legacy,6.521008,3677.676025,-6.454380
factory_8,legacy,6.588235,3880.782471,-6.775959
factory_8,legacy,6.655462,4095.105469,-6.811327
factory_8,legacy,6.722689,4321.265137,-5.564622
factory_8,legacy,6.789916,4559.914551,-5.458556
factory_8,legacy,6.857143,4811.744141,-5.912776
factory_8,legacy,6.924370,5077.481445,-4.767171
factory_8,legacy,6.991597,5357.894531,-4.257559
factory_8,legacy,7.058824,5653.793457,-4.771221
factory_8,legacy,7.126050,5966.034668,-4.117405
factory_8,legacy,7.193277,6295.519531,-3.568963
factory_8,legacy,7.260504,6643.200684,-3.859671
factory_8,legacy,7.327731,7010.083008,-3.660035
factory_8,legacy,7.394958,7397.227539,-3.333076
factory_8,legacy,7.462185,7805.752441,-3.441468
factory_8,legacy,7.529412,8236.839844,-3.471765
factory_8,legacy,7.596639,8691.733398,-3.404489
factory_8,legacy,7.663866,9171.750000,-3.478398
factory_8,legacy,7.731092,9678.276367,-3.561214
factory_8,legacy,7.798319,10212.776367,-3.654836
factory_8,legacy,7.865546,10776.795898,-3.762606
factory_8,legacy,7.932773,11371.962891,-3.828666
factory_8,legacy,8.000000,12000.000000,-3.928981
factory_8,reference,0.000000,20.000000,-7.065144
factory_8,reference,0.067227,21.104536,-6.395054
factory_8,reference,0.134454,22.270071,-6.631370
factory_8,reference,0.201681,23.499975,-6.462968
factory_8,reference,0.268908,24.797804,-5.215049
factory_8,reference,0.336134,26.167307,-6.391520
factory_8,reference,0.403361,27.612442,-5.069714
factory_8,reference,0.470588,29.137390,-4.262048
factory_8,reference,0.537815,30.746555,-5.270724
factory_8,reference,0.605042,32.444588,-4.609747
factory_8,reference,0.672269,34.236401,-2.946642
factory_8,reference,0.739496,36.127167,-3.856083
factory_8,reference,0.806723,38.122353,-3.888562
factory_8,reference,0.873950,40.227730,-2.419567
factory_8,reference,0.941177,42.449379,-2.699576
factory_8,reference,1.008403,44.793720,-2.863958
factory_8,reference,1.075630,47.267536,-2.221608
factory_8,reference,1.142857,49.877968,-2.481674
factory_8,reference,1.210084,52.632568,-2.476274
factory_8,reference,1.277311,55.539299,-2.351620
factory_8,reference,1.344538,58.606552,-2.687489
factory_8,reference,1.411765,61.843204,-2.192404
factory_8,reference,1.478992,65.258606,-2.349028
factory_8,reference,1.546218,68.862625,-3.365783
factory_8,reference,1.613445,72.665695,-2.523756
factory_8,reference,1.680672,76.678787,-2.531098
factory_8,reference,1.747899,80.913506,-3.929997
factory_8,reference,1.815126,85.382095,-3.369905
factory_8,reference,1.882353,90.097488,-2.881355
factory_8,reference,1.949580,95.073273,-4.566701
factory_8,reference,2.016807,100.323875,-4.817078
factory_8,reference,2.084034,105.864441,-3.421740
factory_8,reference,2.151261,111.710999,-5.172465
factory_8,reference,2.218488,117.880432,-6.360155
factory_8,reference,2.285714,124.390594,-4.239887
factory_8,reference,2.352941,131.260284,-5.610895
factory_8,reference,2.420168,138.509369,-7.546575
factory_8,reference,2.487395,146.158783,-5.611501
factory_8,reference,2.554622,154.230667,-6.042249
factory_8,reference,2.621849,162.748337,-7.996081
factory_8,reference,2.689076,171.736420,-7.108819
factory_8,reference,2.756303,181.220856,-6.694016
factory_8,reference,2.823529,191.229095,-7.950365
factory_8,reference,2.890756,201.790070,-7.856931
factory_8,reference,2.957983,212.934280,-7.348331
factory_8,reference,3.025210,224.693970,-7.748322
factory_8,reference,3.092437,237.103104,-7.210023
factory_8,reference,3.159664,250.197540,-7.925369
factory_8,reference,3.226891,264.015137,-7.582330
factory_8,reference,3.294118,278.595856,-6.064758
factory_8,reference,3.361345,293.981812,-7.907410
factory_8,reference,3.428571,310.217468,-7.380550
factory_8,reference,3.495798,327.349792,-5.162244
factory_8,reference,3.563025,345.428284,-6.849298
factory_8,reference,3.630252,364.505157,-7.121492
factory_8,reference,3.697479,384.635620,-4.630050
factory_8,reference,3.764706,405.877808,-5.315585
factory_8,reference,3.831933,428.293121,-6.652894
factory_8,reference,3.899160,451.946381,-4.276771
factory_8,reference,3.966387,476.905945,-3.959675
factory_8,reference,4.033614,503.244019,-5.900289
factory_8,reference,4.100841,531.036560,-4.083841
factory_8,reference,4.168067,560.364014,-3.117327
factory_8,reference,4.235294,591.311096,-4.855124
factory_8,reference,4.302521,623.967346,-3.903491
factory_8,reference,4.369748,658.427063,-2.630203
factory_8,reference,4.436975,694.789795,-3.719107
factory_8,reference,4.504202,733.160889,-3.650033
factory_8,reference,4.571429,773.651001,-2.367863
factory_8,reference,4.638656,816.377197,-2.815972
factory_8,reference,4.705883,861.463074,-3.300570
factory_8,reference,4.773109,909.038940,-2.220585
factory_8,reference,4.840336,959.242249,-2.227016
factory_8,reference,4.907563,1012.218079,-2.864437
factory_8,reference,4.974790,1068.119629,-2.146841
factory_8,reference,5.042017,1127.108398,-1.942545
factory_8,reference,5.109244,1189.355103,-2.409429
factory_8,reference,5.176471,1255.039307,-2.075484
factory_8,reference,5.243698,1324.351074,-1.830434
factory_8,reference,5.310925,1397.490845,-2.061308
factory_8,reference,5.378151,1474.669678,-1.998102
factory_8,reference,5.445378,1556.110962,-1.819987
factory_8,reference,5.512605,1642.050049,-1.884565
factory_8,reference,5.579832,1732.735107,-1.929028
factory_8,reference,5.647059,1828.428467,-1.860285
factory_8,reference,5.714286,1929.406738,-1.880499
factory_8,reference,5.781513,2035.961670,-1.901528
factory_8,reference,5.848740,2148.401367,-1.937639
factory_8,reference,5.915967,2267.050537,-2.002617
factory_8,reference,5.983193,2392.252441,-1.954602
factory_8,reference,6.050420,2524.368896,-2.054241
factory_8,reference,6.117647,2663.781738,-2.200687
factory_8,reference,6.184874,2810.893799,-2.124331
factory_8,reference,6.252101,2966.130371,-2.223796
factory_8,reference,6.319328,3129.940430,-2.452065
factory_8,reference,6.386555,3302.796875,-2.422009
factory_8,reference,6.453782,3485.199951,-2.471270
factory_8,reference,6.521008,3677.676025,-2.757936
factory_8,reference,6.588235,3880.782471,-2.827111
factory_8,reference,6.655462,4095.105469,-2.819387
factory_8,reference,6.722689,4321.265137,-3.123459
factory_8,reference,6.789916,4559.914551,-3.293200
factory_8,reference,6.857143,4811.744141,-3.261304
factory_8,reference,6.924370,5077.481445,-3.531240
factory_8,reference,6.991597,5357.894531,-3.765774
factory_8,reference,7.058824,5653.793457,-3.756140
factory_8,reference,7.126050,5966.034668,-3.943242
factory_8,reference,7.193277,6295.519531,-4.188609
factory_8,reference,7.260504,6643.200684,-4.217643
factory_8,reference,7.327731,7010.083008,-4.312322
factory_8,reference,7.394958,7397.227539,-4.508155
factory_8,reference,7.462185,7805.752441,-4.554821
factory_8,reference,7.529412,8236.839844,-4.573174
factory_8,reference,7.596639,8691.733398,-4.687989
factory_8,reference,7.663866,9171.750000,-4.719942
factory_8,reference,7.731092,9678.276367,-4.694302
factory_8,reference,7.798319,10212.776367,-4.728625
factory_8,reference,7.865546,10776.795898,-4.727170
factory_8,reference,7.932773,11371.962891,-4.683987
factory_8,reference,8.000000,12000.000000,-4.666800
factory_9,legacy,0.000000,20.000000,-7.925605
factory_9,legacy,0.067227,21.104536,-4.369308
factory_9,legacy,0.134454,22.270071,-4.342581
factory_9,legacy,0.201681,23.499975,-4.307729
factory_9,legacy,0.268908,24.797804,-4.069623
factory_9,legacy,0.336134,26.167307,-4.029624
factory_9,legacy,0.403361,27.612442,-3.844352
factory_9,legacy,0.470588,29.137390,-3.956214
factory_9,legacy,0.537815,30.746555,-3.884099
factory_9,legacy,0.605042,32.444588,-3.865098
factory_9,legacy,0.672269,34.236401,-3.831990
factory_9,legacy,0.739496,36.127167,-3.937217
factory_9,legacy,0.806723,38.122353,-4.017875
factory_9,legacy,0.873950,40.227730,-4.117903
factory_9,legacy,0.941177,42.449379,-4.322004
factory_9,legacy,1.008403,44.793720,-4.611730
factory_9,legacy,1.075630,47.267536,-5.020759
factory_9,legacy,1.142857,49.877968,-5.375637
factory_9,legacy,1.210084,52.632568,-5.851691
factory_9,legacy,1.277311,55.539299,-6.259577
factory_9,legacy,1.344538,58.606552,-6.553356
factory_9,legacy,1.411765,61.843204,-6.702255
factory_9,legacy,1.478992,65.258606,-6.717050
factory_9,legacy,1.546218,68.862625,-6.676399
factory_9,legacy,1.613445,72.665695,-6.504637
factory_9,legacy,1.680672,76.678787,-6.385055
factory_9,legacy,1.747899,80.913506,-6.176114
factory_9,legacy,1.815126,85.382095,-6.075471
factory_9,legacy,1.882353,90.097488,-6.024331
factory_9,legacy,1.949580,95.073273,-5.955115
factory_9,legacy,2.016807,100.323875,-6.047523
factory_9,legacy,2.084034,105.864441,-6.176723
factory_9,legacy,2.151261,111.710999,-6.349708
factory_9,legacy,2.218488,117.880432,-6.553722
factory_9,legacy,2.285714,124.390594,-6.793309
factory_9,legacy,2.352941,131.260284,-7.038663
factory_9,legacy,2.420168,138.509369,-7.165765
factory_9,legacy,2.487395,146.158783,-7.108775
factory_9,legacy,2.554622,154.230667,-6.926467
factory_9,legacy,2.621849,162.748337,-6.570351
factory_9,legacy,2.689076,171.736420,-6.186537
factory_9,legacy,2.756303,181.220856,-5.884109
factory_9,legacy,2.823529,191.229095,-5.751909
factory_9,legacy,2.890756,201.790070,-5.773514
factory_9,legacy,2.957983,212.934280,-5.840621
factory_9,legacy,3.025210,224.693970,-6.034259
factory_9,legacy,3.092437,237.103104,-6.233464
factory_9,legacy,3.159664,250.197540,-6.404547
factory_9,legacy,3.226891,264.015137,-6.525584
factory_9,legacy,3.294118,278.595856,-6.574034
factory_9,legacy,3.361345,293.981812,-6.569493
factory_9,legacy,3.428571,310.217468,-6.479387
factory_9,legacy,3.495798,327.349792,-6.342347
factory_9,legacy,3.563025,345.428284,-6.103277
factory_9,legacy,3.630252,364.505157,-5.781703
factory_9,legacy,3.697479,384.635620,-5.382431
factory_9,legacy,3.764706,405.877808,-4.865275
factory_9,legacy,3.831933,428.293121,-4.319300
factory_9,legacy,3.899160,451.946381,-3.819940
factory_9,legacy,3.966387,476.905945,-3.422974
factory_9,legacy,4.033614,503.244019,-3.169468
factory_9,legacy,4.100841,531.036560,-3.025942
factory_9,legacy,4.168067,560.364014,-2.969394
factory_9,legacy,4.235294,591.311096,-2.959937
factory_9,legacy,4.302521,623.967346,-2.974162
factory_9,legacy,4.369748,658.427063,-3.006674
factory_9,legacy,4.436975,694.789795,-3.050541
factory_9,legacy,4.504202,733.160889,-3.118283
factory_9,legacy,4.571429,773.651001,-3.186435
factory_9,legacy,4.638656,816.377197,-3.237179
factory_9,legacy,4.705883,861.463074,-3.250010
factory_9,legacy,4.773109,909.038940,-3.223681
factory_9,legacy,4.840336,959.242249,-3.168491
factory_9,legacy,4.907563,1012.218079,-3.097749
factory_9,legacy,4.974790,1068.119629,-3.037307
factory_9,legacy,5.042017,1127.108398,-3.012943
factory_9,legacy,5.109244,1189.355103,-3.073305
factory_9,legacy,5.176471,1255.039307,-3.252433
factory_9,legacy,5.243698,1324.351074,-3.585976
factory_9,legacy,5.310925,1397.490845,-4.050893
factory_9,legacy,5.378151,1474.669678,-4.587123
factory_9,legacy,5.445378,1556.110962,-5.100081
factory_9,legacy,5.512605,1642.050049,-5.516013
factory_9,legacy,5.579832,1732.735107,-5.780794
factory_9,legacy,5.647059,1828.428467,-5.877262
factory_9,legacy,5.714286,1929.406738,-5.854555
factory_9,legacy,5.781513,2035.961670,-5.750418
factory_9,legacy,5.848740,2148.401367,-5.614949
factory_9,legacy,5.915967,2267.050537,-5.491328
factory_9,legacy,5.983193,2392.252441,-5.404772
factory_9,legacy,6.050420,2524.368896,-5.391272
factory_9,legacy,6.117647,2663.781738,-5.465052
factory_9,legacy,6.184874,2810.893799,-5.621409
factory_9,legacy,6.252101,2966.130371,-5.846924
factory_9,legacy,6.319328,3129.940430,-6.116542
factory_9,legacy,6.386555,3302.796875,-6.383760
factory_9,legacy,6.453782,3485.199951,-6.577845
factory_9,legacy,6.521008,3677.676025,-6.614736
factory_9,legacy,6.588235,3880.782471,-6.451707
factory_9,legacy,6.655462,4095.105469,-6.128579
factory_9,legacy,6.722689,4321.265137,-5.739979
factory_9,legacy,6.789916,4559.914551,-5.368062
factory_9,legacy,6.857143,4811.744141,-5.057106
factory_9,legacy,6.924370,5077.481445,-4.818937
factory_9,legacy,6.991597,5357.894531,-4.648228
factory_9,legacy,7.058824,5653.793457,-4.532648
factory_9,legacy,7.126050,5966.034668,-4.456370
factory_9,legacy,7.193277,6295.519531,-4.402762
factory_9,legacy,7.260504,6643.200684,-4.362732
factory_9,legacy,7.327731,7010.083008,-4.328732
factory_9,legacy,7.394958,7397.227539,-4.297272
factory_9,legacy,7.462185,7805.752441,-4.261656
factory_9,legacy,7.529412,8236.839844,-4.231687
factory_9,legacy,7.596639,8691.733398,-4.213197
factory_9,legacy,7.663866,9171.750000,-4.213251
factory_9,legacy,7.731092,9678.276367,-4.235943
factory_9,legacy,7.798319,10212.776367,-4.280382
factory_9,legacy,7.865546,10776.795898,-4.342695
factory_9,legacy,7.932773,11371.962891,-4.417191
factory_9,legacy,8.000000,12000.000000,-4.484184
factory_9,reference,0.000000,20.000000,-7.176994
factory_9,reference,0.067227,21.104536,-5.511518
factory_9,reference,0.134454,22.270071,-5.546189
factory_9,reference,0.201681,23.499975,-5.539407
factory_9,reference,0.268908,24.797804,-4.794706
factory_9,reference,0.336134,26.167307,-5.264522
factory_9,reference,0.403361,27.612442,-4.668708
factory_9,reference,0.470588,29.137390,-5.222571
factory_9,reference,0.537815,30.746555,-5.095965
factory_9,reference,0.605042,32.444588,-5.037508
factory_9,reference,0.672269,34.236401,-4.661358
factory_9,reference,0.739496,36.127167,-4.750467
factory_9,reference,0.806723,38.122353,-4.378324
factory_9,reference,0.873950,40.227730,-3.584877
factory_9,reference,0.941177,42.449379,-3.475650
factory_9,reference,1.008403,44.793720,-3.102203
factory_9,reference,1.075630,47.267536,-2.925816
factory_9,reference,1.142857,49.877968,-3.135083
factory_9,reference,1.210084,52.632568,-3.277374
factory_9,reference,1.277311,55.539299,-3.609111
factory_9,reference,1.344538,58.606552,-3.949581
factory_9,reference,1.411765,61.843204,-4.265276
factory_9,reference,1.478992,65.258606,-4.419191
factory_9,reference,1.546218,68.862625,-4.520129
factory_9,reference,1.613445,72.665695,-4.338780
factory_9,reference,1.680672,76.678787,-4.253831
factory_9,reference,1.747899,80.913506,-3.968191
factory_9,reference,1.815126,85.382095,-3.789349
factory_9,reference,1.882353,90.097488,-3.636241
factory_9,reference,1.949580,95.073273,-3.464199
factory_9,reference,2.016807,100.323875,-3.434784
factory_9,reference,2.084034,105.864441,-3.496442
factory_9,reference,2.151261,111.710999,-3.692269
factory_9,reference,2.218488,117.880432,-4.020287
factory_9,reference,2.285714,124.390594,-4.554963
factory_9,reference,2.352941,131.260284,-5.353423
factory_9,reference,2.420168,138.509369,-6.191606
factory_9,reference,2.487395,146.158783,-6.973415
factory_9,reference,2.554622,154.230667,-7.443873
factory_9,reference,2.621849,162.748337,-7.586061
factory_9,reference,2.689076,171.736420,-7.450266
factory_9,reference,2.756303,181.220856,-7.204043
factory_9,reference,2.823529,191.229095,-7.015989
factory_9,reference,2.890756,201.790070,-6.949142
factory_9,reference,2.957983,212.934280,-6.966204
factory_9,reference,3.025210,224.693970,-7.118547
factory_9,reference,3.092437,237.103104,-7.302530
factory_9,reference,3.159664,250.197540,-7.464928
factory_9,reference,3.226891,264.015137,-7.535215
factory_9,reference,3.294118,278.595856,-7.513549
factory_9,reference,3.361345,293.981812,-7.461250
factory_9,reference,3.428571,310.217468,-7.453825
factory_9,reference,3.495798,327.349792,-7.497380
factory_9,reference,3.563025,345.428284,-7.532431
factory_9,reference,3.630252,364.505157,-7.416521
factory_9,reference,3.697479,384.635620,-7.035473
factory_9,reference,3.764706,405.877808,-6.355428
factory_9,reference,3.831933,428.293121,-5.548545
factory_9,reference,3.899160,451.946381,-4.811769
factory_9,reference,3.966387,476.905945,-4.230977
factory_9,reference,4.033614,503.244019,-3.841600
factory_9,reference,4.100841,531.036560,-3.578466
factory_9,reference,4.168067,560.364014,-3.421111
factory_9,reference,4.235294,591.311096,-3.342220
factory_9,reference,4.302521,623.967346,-3.340064
factory_9,reference,4.369748,658.427063,-3.397554
factory_9,reference,4.436975,694.789795,-3.491777
factory_9,reference,4.504202,733.160889,-3.666343
factory_9,reference,4.571429,773.651001,-3.895054
factory_9,reference,4.638656,816.377197,-4.148838
factory_9,reference,4.705883,861.463074,-4.365874
factory_9,reference,4.773109,909.038940,-4.480514
factory_9,reference,4.840336,959.242249,-4.447644
factory_9,reference,4.907563,1012.218079,-4.260464
factory_9,reference,4.974790,1068.119629,-3.977088
factory_9,reference,5.042017,1127.108398,-3.637588
factory_9,reference,5.109244,1189.355103,-3.309866
factory_9,reference,5.176471,1255.039307,-3.075379
factory_9,reference,5.243698,1324.351074,-2.926111
factory_9,reference,5.310925,1397.490845,-2.854456
factory_9,reference,5.378151,1474.669678,-2.833286
factory_9,reference,5.445378,1556.110962,-2.837805
factory_9,reference,5.512605,1642.050049,-2.854990
factory_9,reference,5.579832,1732.735107,-2.877715
factory_9,reference,5.647059,1828.428467,-2.901143
factory_9,reference,5.714286,1929.406738,-2.922010
factory_9,reference,5.781513,2035.961670,-2.939895
factory_9,reference,5.848740,2148.401367,-2.955009
factory_9,reference,5.915967,2267.050537,-2.969734
factory_9,reference,5.983193,2392.252441,-2.982162
factory_9,reference,6.050420,2524.368896,-2.995902
factory_9,reference,6.117647,2663.781738,-3.016771
factory_9,reference,6.184874,2810.893799,-3.044032
factory_9,reference,6.252101,2966.130371,-3.084334
factory_9,reference,6.319328,3129.940430,-3.144881
factory_9,reference,6.386555,3302.796875,-3.232386
factory_9,reference,6.453782,3485.199951,-3.349729
factory_9,reference,6.521008,3677.676025,-3.490342
factory_9,reference,6.588235,3880.782471,-3.642893
factory_9,reference,6.655462,4095.105469,-3.793753
factory_9,reference,6.722689,4321.265137,-3.935730
factory_9,reference,6.789916,4559.914551,-4.070875
factory_9,reference,6.857143,4811.744141,-4.196421
factory_9,reference,6.924370,5077.481445,-4.313563
factory_9,reference,6.991597,5357.894531,-4.420668
factory_9,reference,7.058824,5653.793457,-4.518608
factory_9,reference,7.126050,5966.034668,-4.603751
factory_9,reference,7.193277,6295.519531,-4.680352
factory_9,reference,7.260504,6643.200684,-4.745259
factory_9,reference,7.327731,7010.083008,-4.798056
factory_9,reference,7.394958,7397.227539,-4.841562
factory_9,reference,7.462185,7805.752441,-4.878766
factory_9,reference,7.529412,8236.839844,-4.913033
factory_9,reference,7.596639,8691.733398,-4.947176
factory_9,reference,7.663866,9171.750000,-4.978816
factory_9,reference,7.731092,9678.276367,-5.002789
factory_9,reference,7.798319,10212.776367,-5.018030
factory_9,reference,7.865546,10776.795898,-5.020551
factory_9,reference,7.932773,11371.962891,-5.012281
factory_9,reference,8.000000,12000.000000,-4.999393
