preset,file,row,column,before,after,delta
factory_0,summary.csv,average_tracked_notch_db,value,-7.63102,-7.63102,0.0
factory_0,summary.csv,deepest_tracked_notch_db,value,-12.189313,-12.189313,0.0
factory_0,summary.csv,guitar_broadband_hf_db,value,-80.918526,-80.918526,0.0
factory_0,summary.csv,guitar_lr_correlation,value,0.97738,0.97738,0.0
factory_0,summary.csv,guitar_mono_fold_db,value,-0.050946,-0.050946,0.0
factory_0,summary.csv,guitar_side_to_mid_db,value,-19.28121,-19.28121,0.0
factory_0,summary.csv,sweep_broadband_hf_db,value,-82.432701,-82.432701,0.0
factory_0,summary.csv,sweep_lr_correlation,value,0.990439,0.990439,0.0
factory_0,summary.csv,sweep_mono_fold_db,value,-0.020812,-0.020812,0.0
factory_0,summary.csv,sweep_side_to_mid_db,value,-23.184328,-23.184328,0.0
factory_0,summary.csv,tracked_notch_count,value,12.0,12.0,0.0
factory_0,summary.csv,tracked_notch_high_hz,value,5653.793457,5653.793457,0.0
factory_0,summary.csv,tracked_notch_low_hz,value,23.499975,23.499975,0.0
factory_0,summary.csv,tracked_notch_span_oct,value,7.910416,7.910416,0.0
factory_0,summary.csv,worst_thd_db,value,-17.554821,-17.554821,0.0
factory_0,frequency_response.csv,0,time_s,0.0,0.0,0.0
factory_0,frequency_response.csv,0,freq_hz,20.0,20.0,0.0
factory_0,frequency_response.csv,0,gain_db,-6.732175,-6.732175,0.0
factory_0,frequency_response.csv,1,time_s,0.067227,0.067227,0.0
factory_0,frequency_response.csv,1,freq_hz,21.104536,21.104536,0.0
factory_0,frequency_response.csv,1,gain_db,-4.32203,-4.32203,0.0
factory_0,frequency_response.csv,2,time_s,0.134454,0.134454,0.0
factory_0,frequency_response.csv,2,freq_hz,22.270071,22.270071,0.0
factory_0,frequency_response.csv,2,gain_db,-4.212873,-4.212873,0.0
factory_0,frequency_response.csv,3,time_s,0.201681,0.201681,0.0
factory_0,frequency_response.csv,3,freq_hz,23.499975,23.499975,0.0
factory_0,frequency_response.csv,3,gain_db,-4.402761,-4.402761,0.0
factory_0,frequency_response.csv,4,time_s,0.268908,0.268908,0.0
factory_0,frequency_response.csv,4,freq_hz,24.797804,24.797804,0.0
factory_0,frequency_response.csv,4,gain_db,-4.11178,-4.11178,0.0
factory_0,frequency_response.csv,5,time_s,0.336134,0.336134,0.0
factory_0,frequency_response.csv,5,freq_hz,26.167307,26.167307,0.0
factory_0,frequency_response.csv,5,gain_db,-6.154382,-6.154382,0.0
factory_0,frequency_response.csv,6,time_s,0.403361,0.403361,0.0
factory_0,frequency_response.csv,6,freq_hz,27.612442,27.612442,0.0
factory_0,frequency_response.csv,6,gain_db,-6.653628,-6.653628,0.0
factory_0,frequency_response.csv,7,time_s,0.470588,0.470588,0.0
factory_0,frequency_response.csv,7,freq_hz,29.13739,29.13739,0.0
factory_0,frequency_response.csv,7,gain_db,-8.425949,-8.425949,0.0
factory_0,frequency_response.csv,8,time_s,0.537815,0.537815,0.0
factory_0,frequency_response.csv,8,freq_hz,30.746555,30.746555,0.0
factory_0,frequency_response.csv,8,gain_db,-8.271026,-8.271026,0.0
factory_0,frequency_response.csv,9,time_s,0.605042,0.605042,0.0
factory_0,frequency_response.csv,9,freq_hz,32.444588,32.444588,0.0
factory_0,frequency_response.csv,9,gain_db,-7.790838,-7.790838,0.0
factory_0,frequency_response.csv,10,time_s,0.672269,0.672269,0.0
factory_0,frequency_response.csv,10,freq_hz,34.236401,34.236401,0.0
factory_0,frequency_response.csv,10,gain_db,-7.975075,-7.975075,0.0
factory_0,frequency_response.csv,11,time_s,0.739496,0.739496,0.0
factory_0,frequency_response.csv,11,freq_hz,36.127167,36.127167,0.0
factory_0,frequency_response.csv,11,gain_db,-8.704692,-8.704692,0.0
factory_0,frequency_response.csv,12,time_s,0.806723,0.806723,0.0
factory_0,frequency_response.csv,12,freq_hz,38.122353,38.122353,0.0
factory_0,frequency_response.csv,12,gain_db,-8.472898,-8.472898,0.0
factory_0,frequency_response.csv,13,time_s,0.87395,0.87395,0.0
factory_0,frequency_response.csv,13,freq_hz,40.22773,40.22773,0.0
factory_0,frequency_response.csv,13,gain_db,-5.579715,-5.579715,0.0
factory_0,frequency_response.csv,14,time_s,0.941177,0.941177,0.0
factory_0,frequency_response.csv,14,freq_hz,42.449379,42.449379,0.0
factory_0,frequency_response.csv,14,gain_db,-3.396403,-3.396403,0.0
factory_0,frequency_response.csv,15,time_s,1.008403,1.008403,0.0
factory_0,frequency_response.csv,15,freq_hz,44.79372,44.79372,0.0
factory_0,frequency_response.csv,15,gain_db,-1.457499,-1.457499,0.0
factory_0,frequency_response.csv,16,time_s,1.07563,1.07563,0.0
factory_0,frequency_response.csv,16,freq_hz,47.267536,47.267536,0.0
factory_0,frequency_response.csv,16,gain_db,-1.097043,-1.097043,0.0
factory_0,frequency_response.csv,17,time_s,1.142857,1.142857,0.0
factory_0,frequency_response.csv,17,freq_hz,49.877968,49.877968,0.0
factory_0,frequency_response.csv,17,gain_db,-1.498018,-1.498018,0.0
factory_0,frequency_response.csv,18,time_s,1.210084,1.210084,0.0
factory_0,frequency_response.csv,18,freq_hz,52.632568,52.632568,0.0
factory_0,frequency_response.csv,18,gain_db,-2.311326,-2.311326,0.0
factory_0,frequency_response.csv,19,time_s,1.277311,1.277311,0.0
factory_0,frequency_response.csv,19,freq_hz,55.539299,55.539299,0.0
factory_0,frequency_response.csv,19,gain_db,-3.291955,-3.291955,0.0
factory_0,frequency_response.csv,20,time_s,1.344538,1.344538,0.0
factory_0,frequency_response.csv,20,freq_hz,58.606552,58.606552,0.0
factory_0,frequency_response.csv,20,gain_db,-3.78064,-3.78064,0.0
factory_0,frequency_response.csv,21,time_s,1.411765,1.411765,0.0
factory_0,frequency_response.csv,21,freq_hz,61.843204,61.843204,0.0
factory_0,frequency_response.csv,21,gain_db,-4.06987,-4.06987,0.0
factory_0,frequency_response.csv,22,time_s,1.478992,1.478992,0.0
factory_0,frequency_response.csv,22,freq_hz,65.258606,65.258606,0.0
factory_0,frequency_response.csv,22,gain_db,-3.691966,-3.691966,0.0
factory_0,frequency_response.csv,23,time_s,1.546218,1.546218,0.0
factory_0,frequency_response.csv,23,freq_hz,68.862625,68.862625,0.0
factory_0,frequency_response.csv,23,gain_db,-3.004613,-3.004613,0.0
factory_0,frequency_response.csv,24,time_s,1.613445,1.613445,0.0
factory_0,frequency_response.csv,24,freq_hz,72.665695,72.665695,0.0
factory_0,frequency_response.csv,24,gain_db,-2.063531,-2.063531,0.0
factory_0,frequency_response.csv,25,time_s,1.680672,1.680672,0.0
factory_0,frequency_response.csv,25,freq_hz,76.678787,76.678787,0.0
factory_0,frequency_response.csv,25,gain_db,-1.651501,-1.651501,0.0
factory_0,frequency_response.csv,26,time_s,1.747899,1.747899,0.0
factory_0,frequency_response.csv,26,freq_hz,80.913506,80.913506,0.0
factory_0,frequency_response.csv,26,gain_db,-1.453246,-1.453246,0.0
factory_0,frequency_response.csv,27,time_s,1.815126,1.815126,0.0
factory_0,frequency_response.csv,27,freq_hz,85.382095,85.382095,0.0
factory_0,frequency_response.csv,27,gain_db,-1.893278,-1.893278,0.0
factory_0,frequency_response.csv,28,time_s,1.882353,1.882353,0.0
factory_0,frequency_response.csv,28,freq_hz,90.097488,90.097488,0.0
factory_0,frequency_response.csv,28,gain_db,-2.588576,-2.588576,0.0
factory_0,frequency_response.csv,29,time_s,1.94958,1.94958,0.0
factory_0,frequency_response.csv,29,freq_hz,95.073273,95.073273,0.0
factory_0,frequency_response.csv,29,gain_db,-2.642922,-2.642922,0.0
factory_0,frequency_response.csv,30,time_s,2.016807,2.016807,0.0
factory_0,frequency_response.csv,30,freq_hz,100.323875,100.323875,0.0
factory_0,frequency_response.csv,30,gain_db,-2.037144,-2.037144,0.0
factory_0,frequency_response.csv,31,time_s,2.084034,2.084034,0.0
factory_0,frequency_response.csv,31,freq_hz,105.864441,105.864441,0.0
factory_0,frequency_response.csv,31,gain_db,-1.416678,-1.416678,0.0
factory_0,frequency_response.csv,32,time_s,2.151261,2.151261,0.0
factory_0,frequency_response.csv,32,freq_hz,111.710999,111.710999,0.0
factory_0,frequency_response.csv,32,gain_db,-1.413669,-1.413669,0.0
factory_0,frequency_response.csv,33,time_s,2.218488,2.218488,0.0
factory_0,frequency_response.csv,33,freq_hz,117.880432,117.880432,0.0
factory_0,frequency_response.csv,33,gain_db,-2.227635,-2.227635,0.0
factory_0,frequency_response.csv,34,time_s,2.285714,2.285714,0.0
factory_0,frequency_response.csv,34,freq_hz,124.390594,124.390594,0.0
factory_0,frequency_response.csv,34,gain_db,-4.963086,-4.963086,0.0
factory_0,frequency_response.csv,35,time_s,2.352941,2.352941,0.0
factory_0,frequency_response.csv,35,freq_hz,131.260284,131.260284,0.0
factory_0,frequency_response.csv,35,gain_db,-9.07139,-9.07139,0.0
factory_0,frequency_response.csv,36,time_s,2.420168,2.420168,0.0
factory_0,frequency_response.csv,36,freq_hz,138.509369,138.509369,0.0
factory_0,frequency_response.csv,36,gain_db,-12.189313,-12.189313,0.0
factory_0,frequency_response.csv,37,time_s,2.487395,2.487395,0.0
factory_0,frequency_response.csv,37,freq_hz,146.158783,146.158783,0.0
factory_0,frequency_response.csv,37,gain_db,-11.371618,-11.371618,0.0
factory_0,frequency_response.csv,38,time_s,2.554622,2.554622,0.0
factory_0,frequency_response.csv,38,freq_hz,154.230667,154.230667,0.0
factory_0,frequency_response.csv,38,gain_db,-9.594982,-9.594982,0.0
factory_0,frequency_response.csv,39,time_s,2.621849,2.621849,0.0
factory_0,frequency_response.csv,39,freq_hz,162.748337,162.748337,0.0
factory_0,frequency_response.csv,39,gain_db,-8.619514,-8.619514,0.0
factory_0,frequency_response.csv,40,time_s,2.689076,2.689076,0.0
factory_0,frequency_response.csv,40,freq_hz,171.73642,171.73642,0.0
factory_0,frequency_response.csv,40,gain_db,-8.463431,-8.463431,0.0
factory_0,frequency_response.csv,41,time_s,2.756303,2.756303,0.0
factory_0,frequency_response.csv,41,freq_hz,181.220856,181.220856,0.0
factory_0,frequency_response.csv,41,gain_db,-9.43659,-9.43659,0.0
factory_0,frequency_response.csv,42,time_s,2.823529,2.823529,0.0
factory_0,frequency_response.csv,42,freq_hz,191.229095,191.229095,0.0
factory_0,frequency_response.csv,42,gain_db,-11.117085,-11.117085,0.0
factory_0,frequency_response.csv,43,time_s,2.890756,2.890756,0.0
factory_0,frequency_response.csv,43,freq_hz,201.79007,201.79007,0.0
factory_0,frequency_response.csv,43,gain_db,-10.605887,-10.605887,0.0
factory_0,frequency_response.csv,44,time_s,2.957983,2.957983,0.0
factory_0,frequency_response.csv,44,freq_hz,212.93428,212.93428,0.0
factory_0,frequency_response.csv,44,gain_db,-7.168632,-7.168632,0.0
factory_0,frequency_response.csv,45,time_s,3.02521,3.02521,0.0
factory_0,frequency_response.csv,45,freq_hz,224.69397,224.69397,0.0
factory_0,frequency_response.csv,45,gain_db,-4.188817,-4.188817,0.0
factory_0,frequency_response.csv,46,time_s,3.092437,3.092437,0.0
factory_0,frequency_response.csv,46,freq_hz,237.103104,237.103104,0.0
factory_0,frequency_response.csv,46,gain_db,-2.213647,-2.213647,0.0
factory_0,frequency_response.csv,47,time_s,3.159664,3.159664,0.0
factory_0,frequency_response.csv,47,freq_hz,250.19754,250.19754,0.0
factory_0,frequency_response.csv,47,gain_db,-1.372476,-1.372476,0.0
factory_0,frequency_response.csv,48,time_s,3.226891,3.226891,0.0
factory_0,frequency_response.csv,48,freq_hz,264.015137,264.015137,0.0
factory_0,frequency_response.csv,48,gain_db,-1.367839,-1.367839,0.0
factory_0,frequency_response.csv,49,time_s,3.294118,3.294118,0.0
factory_0,frequency_response.csv,49,freq_hz,278.595856,278.595856,0.0
factory_0,frequency_response.csv,49,gain_db,-1.993922,-1.993922,0.0
factory_0,frequency_response.csv,50,time_s,3.361345,3.361345,0.0
factory_0,frequency_response.csv,50,freq_hz,293.981812,293.981812,0.0
factory_0,frequency_response.csv,50,gain_db,-3.465088,-3.465088,0.0
factory_0,frequency_response.csv,51,time_s,3.428571,3.428571,0.0
factory_0,frequency_response.csv,51,freq_hz,310.217468,310.217468,0.0
factory_0,frequency_response.csv,51,gain_db,-6.750699,-6.750699,0.0
factory_0,frequency_response.csv,52,time_s,3.495798,3.495798,0.0
factory_0,frequency_response.csv,52,freq_hz,327.349792,327.349792,0.0
factory_0,frequency_response.csv,52,gain_db,-10.805183,-10.805183,0.0
factory_0,frequency_response.csv,53,time_s,3.563025,3.563025,0.0
factory_0,frequency_response.csv,53,freq_hz,345.428284,345.428284,0.0
factory_0,frequency_response.csv,53,gain_db,-8.786305,-8.786305,0.0
factory_0,frequency_response.csv,54,time_s,3.630252,3.630252,0.0
factory_0,frequency_response.csv,54,freq_hz,364.505157,364.505157,0.0
factory_0,frequency_response.csv,54,gain_db,-5.385311,-5.385311,0.0
factory_0,frequency_response.csv,55,time_s,3.697479,3.697479,0.0
factory_0,frequency_response.csv,55,freq_hz,384.63562,384.63562,0.0
factory_0,frequency_response.csv,55,gain_db,-3.313819,-3.313819,0.0
factory_0,frequency_response.csv,56,time_s,3.764706,3.764706,0.0
factory_0,frequency_response.csv,56,freq_hz,405.877808,405.877808,0.0
factory_0,frequency_response.csv,56,gain_db,-2.151266,-2.151266,0.0
factory_0,frequency_response.csv,57,time_s,3.831933,3.831933,0.0
factory_0,frequency_response.csv,57,freq_hz,428.293121,428.293121,0.0
factory_0,frequency_response.csv,57,gain_db,-1.576028,-1.576028,0.0
factory_0,frequency_response.csv,58,time_s,3.89916,3.89916,0.0
factory_0,frequency_response.csv,58,freq_hz,451.946381,451.946381,0.0
factory_0,frequency_response.csv,58,gain_db,-1.368536,-1.368536,0.0
factory_0,frequency_response.csv,59,time_s,3.966387,3.966387,0.0
factory_0,frequency_response.csv,59,freq_hz,476.905945,476.905945,0.0
factory_0,frequency_response.csv,59,gain_db,-1.393787,-1.393787,0.0
factory_0,frequency_response.csv,60,time_s,4.033614,4.033614,0.0
factory_0,frequency_response.csv,60,freq_hz,503.244019,503.244019,0.0
factory_0,frequency_response.csv,60,gain_db,-1.814972,-1.814972,0.0
factory_0,frequency_response.csv,61,time_s,4.100841,4.100841,0.0
factory_0,frequency_response.csv,61,freq_hz,531.03656,531.03656,0.0
factory_0,frequency_response.csv,61,gain_db,-2.69912,-2.69912,0.0
factory_0,frequency_response.csv,62,time_s,4.168067,4.168067,0.0
factory_0,frequency_response.csv,62,freq_hz,560.364014,560.364014,0.0
factory_0,frequency_response.csv,62,gain_db,-4.410431,-4.410431,0.0
factory_0,frequency_response.csv,63,time_s,4.235294,4.235294,0.0
factory_0,frequency_response.csv,63,freq_hz,591.311096,591.311096,0.0
factory_0,frequency_response.csv,63,gain_db,-7.312274,-7.312274,0.0
factory_0,frequency_response.csv,64,time_s,4.302521,4.302521,0.0
factory_0,frequency_response.csv,64,freq_hz,623.967346,623.967346,0.0
factory_0,frequency_response.csv,64,gain_db,-10.206453,-10.206453,0.0
factory_0,frequency_response.csv,65,time_s,4.369748,4.369748,0.0
factory_0,frequency_response.csv,65,freq_hz,658.427063,658.427063,0.0
factory_0,frequency_response.csv,65,gain_db,-10.020198,-10.020198,0.0
factory_0,frequency_response.csv,66,time_s,4.436975,4.436975,0.0
factory_0,frequency_response.csv,66,freq_hz,694.789795,694.789795,0.0
factory_0,frequency_response.csv,66,gain_db,-8.814428,-8.814428,0.0
factory_0,frequency_response.csv,67,time_s,4.504202,4.504202,0.0
factory_0,frequency_response.csv,67,freq_hz,733.160889,733.160889,0.0
factory_0,frequency_response.csv,67,gain_db,-8.777755,-8.777755,0.0
factory_0,frequency_response.csv,68,time_s,4.571429,4.571429,0.0
factory_0,frequency_response.csv,68,freq_hz,773.651001,773.651001,0.0
factory_0,frequency_response.csv,68,gain_db,-9.855969,-9.855969,0.0
factory_0,frequency_response.csv,69,time_s,4.638656,4.638656,0.0
factory_0,frequency_response.csv,69,freq_hz,816.377197,816.377197,0.0
factory_0,frequency_response.csv,69,gain_db,-10.320883,-10.320883,0.0
factory_0,frequency_response.csv,70,time_s,4.705883,4.705883,0.0
factory_0,frequency_response.csv,70,freq_hz,861.463074,861.463074,0.0
factory_0,frequency_response.csv,70,gain_db,-7.65847,-7.65847,0.0
factory_0,frequency_response.csv,71,time_s,4.773109,4.773109,0.0
factory_0,frequency_response.csv,71,freq_hz,909.03894,909.03894,0.0
factory_0,frequency_response.csv,71,gain_db,-4.29923,-4.29923,0.0
factory_0,frequency_response.csv,72,time_s,4.840336,4.840336,0.0
factory_0,frequency_response.csv,72,freq_hz,959.242249,959.242249,0.0
factory_0,frequency_response.csv,72,gain_db,-2.067738,-2.067738,0.0
factory_0,frequency_response.csv,73,time_s,4.907563,4.907563,0.0
factory_0,frequency_response.csv,73,freq_hz,1012.218079,1012.218079,0.0
factory_0,frequency_response.csv,73,gain_db,-0.934992,-0.934992,0.0
factory_0,frequency_response.csv,74,time_s,4.97479,4.97479,0.0
factory_0,frequency_response.csv,74,freq_hz,1068.119629,1068.119629,0.0
factory_0,frequency_response.csv,74,gain_db,-0.510456,-0.510456,0.0
factory_0,frequency_response.csv,75,time_s,5.042017,5.042017,0.0
factory_0,frequency_response.csv,75,freq_hz,1127.108398,1127.108398,0.0
factory_0,frequency_response.csv,75,gain_db,-0.367174,-0.367174,0.0
factory_0,frequency_response.csv,76,time_s,5.109244,5.109244,0.0
factory_0,frequency_response.csv,76,freq_hz,1189.355103,1189.355103,0.0
factory_0,frequency_response.csv,76,gain_db,-0.321844,-0.321844,0.0
factory_0,frequency_response.csv,77,time_s,5.176471,5.176471,0.0
factory_0,frequency_response.csv,77,freq_hz,1255.039307,1255.039307,0.0
factory_0,frequency_response.csv,77,gain_db,-0.32354,-0.32354,0.0
factory_0,frequency_response.csv,78,time_s,5.243698,5.243698,0.0
factory_0,frequency_response.csv,78,freq_hz,1324.351074,1324.351074,0.0
factory_0,frequency_response.csv,78,gain_db,-0.342959,-0.342959,0.0
factory_0,frequency_response.csv,79,time_s,5.310925,5.310925,0.0
factory_0,frequency_response.csv,79,freq_hz,1397.490845,1397.490845,0.0
factory_0,frequency_response.csv,79,gain_db,-0.403395,-0.403395,0.0
factory_0,frequency_response.csv,80,time_s,5.378151,5.378151,0.0
factory_0,frequency_response.csv,80,freq_hz,1474.669678,1474.669678,0.0
factory_0,frequency_response.csv,80,gain_db,-0.567947,-0.567947,0.0
factory_0,frequency_response.csv,81,time_s,5.445378,5.445378,0.0
factory_0,frequency_response.csv,81,freq_hz,1556.110962,1556.110962,0.0
factory_0,frequency_response.csv,81,gain_db,-0.979779,-0.979779,0.0
factory_0,frequency_response.csv,82,time_s,5.512605,5.512605,0.0
factory_0,frequency_response.csv,82,freq_hz,1642.050049,1642.050049,0.0
factory_0,frequency_response.csv,82,gain_db,-1.765033,-1.765033,0.0
factory_0,frequency_response.csv,83,time_s,5.579832,5.579832,0.0
factory_0,frequency_response.csv,83,freq_hz,1732.735107,1732.735107,0.0
factory_0,frequency_response.csv,83,gain_db,-3.238899,-3.238899,0.0
factory_0,frequency_response.csv,84,time_s,5.647059,5.647059,0.0
factory_0,frequency_response.csv,84,freq_hz,1828.428467,1828.428467,0.0
factory_0,frequency_response.csv,84,gain_db,-5.476201,-5.476201,0.0
factory_0,frequency_response.csv,85,time_s,5.714286,5.714286,0.0
factory_0,frequency_response.csv,85,freq_hz,1929.406738,1929.406738,0.0
factory_0,frequency_response.csv,85,gain_db,-7.05794,-7.05794,0.0
factory_0,frequency_response.csv,86,time_s,5.781513,5.781513,0.0
factory_0,frequency_response.csv,86,freq_hz,2035.96167,2035.96167,0.0
factory_0,frequency_response.csv,86,gain_db,-6.997446,-6.997446,0.0
factory_0,frequency_response.csv,87,time_s,5.84874,5.84874,0.0
factory_0,frequency_response.csv,87,freq_hz,2148.401367,2148.401367,0.0
factory_0,frequency_response.csv,87,gain_db,-5.559339,-5.559339,0.0
factory_0,frequency_response.csv,88,time_s,5.915967,5.915967,0.0
factory_0,frequency_response.csv,88,freq_hz,2267.050537,2267.050537,0.0
factory_0,frequency_response.csv,88,gain_db,-3.629012,-3.629012,0.0
factory_0,frequency_response.csv,89,time_s,5.983193,5.983193,0.0
factory_0,frequency_response.csv,89,freq_hz,2392.252441,2392.252441,0.0
factory_0,frequency_response.csv,89,gain_db,-2.007057,-2.007057,0.0
factory_0,frequency_response.csv,90,time_s,6.05042,6.05042,0.0
factory_0,frequency_response.csv,90,freq_hz,2524.368896,2524.368896,0.0
factory_0,frequency_response.csv,90,gain_db,-0.998469,-0.998469,0.0
factory_0,frequency_response.csv,91,time_s,6.117647,6.117647,0.0
factory_0,frequency_response.csv,91,freq_hz,2663.781738,2663.781738,0.0
factory_0,frequency_response.csv,91,gain_db,-0.667343,-0.667343,0.0
factory_0,frequency_response.csv,92,time_s,6.184874,6.184874,0.0
factory_0,frequency_response.csv,92,freq_hz,2810.893799,2810.893799,0.0
factory_0,frequency_response.csv,92,gain_db,-0.646145,-0.646145,0.0
factory_0,frequency_response.csv,93,time_s,6.252101,6.252101,0.0
factory_0,frequency_response.csv,93,freq_hz,2966.130371,2966.130371,0.0
factory_0,frequency_response.csv,93,gain_db,-0.699919,-0.699919,0.0
factory_0,frequency_response.csv,94,time_s,6.319328,6.319328,0.0
factory_0,frequency_response.csv,94,freq_hz,3129.94043,3129.94043,0.0
factory_0,frequency_response.csv,94,gain_db,-0.761197,-0.761197,0.0
factory_0,frequency_response.csv,95,time_s,6.386555,6.386555,0.0
factory_0,frequency_response.csv,95,freq_hz,3302.796875,3302.796875,0.0
factory_0,frequency_response.csv,95,gain_db,-0.819913,-0.819913,0.0
factory_0,frequency_response.csv,96,time_s,6.453782,6.453782,0.0
factory_0,frequency_response.csv,96,freq_hz,3485.199951,3485.199951,0.0
factory_0,frequency_response.csv,96,gain_db,-0.871324,-0.871324,0.0
factory_0,frequency_response.csv,97,time_s,6.521008,6.521008,0.0
factory_0,frequency_response.csv,97,freq_hz,3677.676025,3677.676025,0.0
factory_0,frequency_response.csv,97,gain_db,-0.917254,-0.917254,0.0
factory_0,frequency_response.csv,98,time_s,6.588235,6.588235,0.0
factory_0,frequency_response.csv,98,freq_hz,3880.782471,3880.782471,0.0
factory_0,frequency_response.csv,98,gain_db,-0.953284,-0.953284,0.0
factory_0,frequency_response.csv,99,time_s,6.655462,6.655462,0.0
factory_0,frequency_response.csv,99,freq_hz,4095.105469,4095.105469,0.0
factory_0,frequency_response.csv,99,gain_db,-0.977763,-0.977763,0.0
factory_0,frequency_response.csv,100,time_s,6.722689,6.722689,0.0
factory_0,frequency_response.csv,100,freq_hz,4321.265137,4321.265137,0.0
factory_0,frequency_response.csv,100,gain_db,-0.997311,-0.997311,0.0
factory_0,frequency_response.csv,101,time_s,6.789916,6.789916,0.0
factory_0,frequency_response.csv,101,freq_hz,4559.914551,4559.914551,0.0
factory_0,frequency_response.csv,101,gain_db,-1.055687,-1.055687,0.0
factory_0,frequency_response.csv,102,time_s,6.857143,6.857143,0.0
factory_0,frequency_response.csv,102,freq_hz,4811.744141,4811.744141,0.0
factory_0,frequency_response.csv,102,gain_db,-1.190113,-1.190113,0.0
factory_0,frequency_response.csv,103,time_s,6.92437,6.92437,0.0
factory_0,frequency_response.csv,103,freq_hz,5077.481445,5077.481445,0.0
factory_0,frequency_response.csv,103,gain_db,-1.374822,-1.374822,0.0
factory_0,frequency_response.csv,104,time_s,6.991597,6.991597,0.0
factory_0,frequency_response.csv,104,freq_hz,5357.894531,5357.894531,0.0
factory_0,frequency_response.csv,104,gain_db,-1.582501,-1.582501,0.0
factory_0,frequency_response.csv,105,time_s,7.058824,7.058824,0.0
factory_0,frequency_response.csv,105,freq_hz,5653.793457,5653.793457,0.0
factory_0,frequency_response.csv,105,gain_db,-1.629199,-1.629199,0.0
factory_0,frequency_response.csv,106,time_s,7.12605,7.12605,0.0
factory_0,frequency_response.csv,106,freq_hz,5966.034668,5966.034668,0.0
factory_0,frequency_response.csv,106,gain_db,-1.507859,-1.507859,0.0
factory_0,frequency_response.csv,107,time_s,7.193277,7.193277,0.0
factory_0,frequency_response.csv,107,freq_hz,6295.519531,6295.519531,0.0
factory_0,frequency_response.csv,107,gain_db,-1.396872,-1.396872,0.0
factory_0,frequency_response.csv,108,time_s,7.260504,7.260504,0.0
factory_0,frequency_response.csv,108,freq_hz,6643.200684,6643.200684,0.0
factory_0,frequency_response.csv,108,gain_db,-1.40335,-1.40335,0.0
factory_0,frequency_response.csv,109,time_s,7.327731,7.327731,0.0
factory_0,frequency_response.csv,109,freq_hz,7010.083008,7010.083008,0.0
factory_0,frequency_response.csv,109,gain_db,-1.540352,-1.540352,0.0
factory_0,frequency_response.csv,110,time_s,7.394958,7.394958,0.0
factory_0,frequency_response.csv,110,freq_hz,7397.227539,7397.227539,0.0
factory_0,frequency_response.csv,110,gain_db,-1.719756,-1.719756,0.0
factory_0,frequency_response.csv,111,time_s,7.462185,7.462185,0.0
factory_0,frequency_response.csv,111,freq_hz,7805.752441,7805.752441,0.0
factory_0,frequency_response.csv,111,gain_db,-1.830831,-1.830831,0.0
factory_0,frequency_response.csv,112,time_s,7.529412,7.529412,0.0
factory_0,frequency_response.csv,112,freq_hz,8236.839844,8236.839844,0.0
factory_0,frequency_response.csv,112,gain_db,-1.927829,-1.927829,0.0
factory_0,frequency_response.csv,113,time_s,7.596639,7.596639,0.0
factory_0,frequency_response.csv,113,freq_hz,8691.733398,8691.733398,0.0
factory_0,frequency_response.csv,113,gain_db,-2.016187,-2.016187,0.0
factory_0,frequency_response.csv,114,time_s,7.663866,7.663866,0.0
factory_0,frequency_response.csv,114,freq_hz,9171.75,9171.75,0.0
factory_0,frequency_response.csv,114,gain_db,-2.079055,-2.079055,0.0
factory_0,frequency_response.csv,115,time_s,7.731092,7.731092,0.0
factory_0,frequency_response.csv,115,freq_hz,9678.276367,9678.276367,0.0
factory_0,frequency_response.csv,115,gain_db,-2.144144,-2.144144,0.0
factory_0,frequency_response.csv,116,time_s,7.798319,7.798319,0.0
factory_0,frequency_response.csv,116,freq_hz,10212.776367,10212.776367,0.0
factory_0,frequency_response.csv,116,gain_db,-2.205453,-2.205453,0.0
factory_0,frequency_response.csv,117,time_s,7.865546,7.865546,0.0
factory_0,frequency_response.csv,117,freq_hz,10776.795898,10776.795898,0.0
factory_0,frequency_response.csv,117,gain_db,-2.254106,-2.254106,0.0
factory_0,frequency_response.csv,118,time_s,7.932773,7.932773,0.0
factory_0,frequency_response.csv,118,freq_hz,11371.962891,11371.962891,0.0
factory_0,frequency_response.csv,118,gain_db,-2.297767,-2.297767,0.0
factory_0,frequency_response.csv,119,time_s,8.0,8.0,0.0
factory_0,frequency_response.csv,119,freq_hz,12000.0,12000.0,0.0
factory_0,frequency_response.csv,119,gain_db,-2.32597,-2.32597,0.0
factory_0,notch_tracking.csv,0,time_s,0.201681,0.201681,0.0
factory_0,notch_tracking.csv,0,freq_hz,23.499975,23.499975,0.0
factory_0,notch_tracking.csv,0,notch_depth_db,-4.402761,-4.402761,0.0
factory_0,notch_tracking.csv,1,time_s,0.470588,0.470588,0.0
factory_0,notch_tracking.csv,1,freq_hz,29.13739,29.13739,0.0
factory_0,notch_tracking.csv,1,notch_depth_db,-8.425949,-8.425949,0.0
factory_0,notch_tracking.csv,2,time_s,0.739496,0.739496,0.0
factory_0,notch_tracking.csv,2,freq_hz,36.127167,36.127167,0.0
factory_0,notch_tracking.csv,2,notch_depth_db,-8.704692,-8.704692,0.0
factory_0,notch_tracking.csv,3,time_s,1.411765,1.411765,0.0
factory_0,notch_tracking.csv,3,freq_hz,61.843204,61.843204,0.0
factory_0,notch_tracking.csv,3,notch_depth_db,-4.06987,-4.06987,0.0
factory_0,notch_tracking.csv,4,time_s,1.94958,1.94958,0.0
factory_0,notch_tracking.csv,4,freq_hz,95.073273,95.073273,0.0
factory_0,notch_tracking.csv,4,notch_depth_db,-2.642922,-2.642922,0.0
factory_0,notch_tracking.csv,5,time_s,2.420168,2.420168,0.0
factory_0,notch_tracking.csv,5,freq_hz,138.509369,138.509369,0.0
factory_0,notch_tracking.csv,5,notch_depth_db,-12.189313,-12.189313,0.0
factory_0,notch_tracking.csv,6,time_s,2.823529,2.823529,0.0
factory_0,notch_tracking.csv,6,freq_hz,191.229095,191.229095,0.0
factory_0,notch_tracking.csv,6,notch_depth_db,-11.117085,-11.117085,0.0
factory_0,notch_tracking.csv,7,time_s,3.495798,3.495798,0.0
factory_0,notch_tracking.csv,7,freq_hz,327.349792,327.349792,0.0
factory_0,notch_tracking.csv,7,notch_depth_db,-10.805183,-10.805183,0.0
factory_0,notch_tracking.csv,8,time_s,4.302521,4.302521,0.0
factory_0,notch_tracking.csv,8,freq_hz,623.967346,623.967346,0.0
factory_0,notch_tracking.csv,8,notch_depth_db,-10.206453,-10.206453,0.0
factory_0,notch_tracking.csv,9,time_s,4.638656,4.638656,0.0
factory_0,notch_tracking.csv,9,freq_hz,816.377197,816.377197,0.0
factory_0,notch_tracking.csv,9,notch_depth_db,-10.320883,-10.320883,0.0
factory_0,notch_tracking.csv,10,time_s,5.714286,5.714286,0.0
factory_0,notch_tracking.csv,10,freq_hz,1929.406738,1929.406738,0.0
factory_0,notch_tracking.csv,10,notch_depth_db,-7.05794,-7.05794,0.0
factory_0,notch_tracking.csv,11,time_s,7.058824,7.058824,0.0
factory_0,notch_tracking.csv,11,freq_hz,5653.793457,5653.793457,0.0
factory_0,notch_tracking.csv,11,notch_depth_db,-1.629199,-1.629199,0.0
factory_0,thd_vs_drive.csv,0,sine_level_db,-24.0,-24.0,0.0
factory_0,thd_vs_drive.csv,0,thd_ratio,0.003506,0.003506,0.0
factory_0,thd_vs_drive.csv,0,thd_db,-49.104187,-49.104187,0.0
factory_0,thd_vs_drive.csv,0,broadband_hf_db,-82.683006,-82.683006,0.0
factory_0,thd_vs_drive.csv,1,sine_level_db,-18.0,-18.0,0.0
factory_0,thd_vs_drive.csv,1,thd_ratio,0.008532,0.008532,0.0
factory_0,thd_vs_drive.csv,1,thd_db,-41.378674,-41.378674,0.0
factory_0,thd_vs_drive.csv,1,broadband_hf_db,-82.684937,-82.684937,0.0
factory_0,thd_vs_drive.csv,2,sine_level_db,-12.0,-12.0,0.0
factory_0,thd_vs_drive.csv,2,thd_ratio,0.024015,0.024015,0.0
factory_0,thd_vs_drive.csv,2,thd_db,-32.390171,-32.390171,0.0
factory_0,thd_vs_drive.csv,2,broadband_hf_db,-82.683159,-82.683159,0.0
factory_0,thd_vs_drive.csv,3,sine_level_db,-6.0,-6.0,0.0
factory_0,thd_vs_drive.csv,3,thd_ratio,0.070442,0.070442,0.0
factory_0,thd_vs_drive.csv,3,thd_db,-23.043365,-23.043365,0.0
factory_0,thd_vs_drive.csv,3,broadband_hf_db,-82.531723,-82.531723,0.0
factory_0,thd_vs_drive.csv,4,sine_level_db,0.0,0.0,0.0
factory_0,thd_vs_drive.csv,4,thd_ratio,0.132513,0.132513,0.0
factory_0,thd_vs_drive.csv,4,thd_db,-17.554821,-17.554821,0.0
factory_0,thd_vs_drive.csv,4,broadband_hf_db,-81.922226,-81.922226,0.0
factory_1,summary.csv,average_tracked_notch_db,value,-8.451309,-8.451309,0.0
factory_1,summary.csv,deepest_tracked_notch_db,value,-14.646219,-14.646219,0.0
factory_1,summary.csv,guitar_broadband_hf_db,value,-81.158844,-81.158844,0.0
factory_1,summary.csv,guitar_lr_correlation,value,0.974029,0.974029,0.0
factory_1,summary.csv,guitar_mono_fold_db,value,-0.057668,-0.057668,0.0
factory_1,summary.csv,guitar_side_to_mid_db,value,-18.739603,-18.739603,0.0
factory_1,summary.csv,sweep_broadband_hf_db,value,-82.209991,-82.209991,0.0
factory_1,summary.csv,sweep_lr_correlation,value,0.990509,0.990509,0.0
factory_1,summary.csv,sweep_mono_fold_db,value,-0.020658,-0.020658,0.0
factory_1,summary.csv,sweep_side_to_mid_db,value,-23.216585,-23.216585,0.0
factory_1,summary.csv,tracked_notch_count,value,13.0,13.0,0.0
factory_1,summary.csv,tracked_notch_high_hz,value,5653.793457,5653.793457,0.0
factory_1,summary.csv,tracked_notch_low_hz,value,23.499975,23.499975,0.0
factory_1,summary.csv,tracked_notch_span_oct,value,7.910416,7.910416,0.0
factory_1,summary.csv,worst_thd_db,value,-16.306484,-16.306484,0.0
factory_1,frequency_response.csv,0,time_s,0.0,0.0,0.0
factory_1,frequency_response.csv,0,freq_hz,20.0,20.0,0.0
factory_1,frequency_response.csv,0,gain_db,-6.976384,-6.976384,0.0
factory_1,frequency_response.csv,1,time_s,0.067227,0.067227,0.0
factory_1,frequency_response.csv,1,freq_hz,21.104536,21.104536,0.0
factory_1,frequency_response.csv,1,gain_db,-4.633153,-4.633153,0.0
factory_1,frequency_response.csv,2,time_s,0.134454,0.134454,0.0
factory_1,frequency_response.csv,2,freq_hz,22.270071,22.270071,0.0
factory_1,frequency_response.csv,2,gain_db,-4.33059,-4.33059,0.0
factory_1,frequency_response.csv,3,time_s,0.201681,0.201681,0.0
factory_1,frequency_response.csv,3,freq_hz,23.499975,23.499975,0.0
factory_1,frequency_response.csv,3,gain_db,-4.363778,-4.363778,0.0
factory_1,frequency_response.csv,4,time_s,0.268908,0.268908,0.0
factory_1,frequency_response.csv,4,freq_hz,24.797804,24.797804,0.0
factory_1,frequency_response.csv,4,gain_db,-4.280785,-4.280785,0.0
factory_1,frequency_response.csv,5,time_s,0.336134,0.336134,0.0
factory_1,frequency_response.csv,5,freq_hz,26.167307,26.167307,0.0
factory_1,frequency_response.csv,5,gain_db,-7.472215,-7.472215,0.0
factory_1,frequency_response.csv,6,time_s,0.403361,0.403361,0.0
factory_1,frequency_response.csv,6,freq_hz,27.612442,27.612442,0.0
factory_1,frequency_response.csv,6,gain_db,-8.588708,-8.588708,0.0
factory_1,frequency_response.csv,7,time_s,0.470588,0.470588,0.0
factory_1,frequency_response.csv,7,freq_hz,29.13739,29.13739,0.0
factory_1,frequency_response.csv,7,gain_db,-8.874721,-8.874721,0.0
factory_1,frequency_response.csv,8,time_s,0.537815,0.537815,0.0
factory_1,frequency_response.csv,8,freq_hz,30.746555,30.746555,0.0
factory_1,frequency_response.csv,8,gain_db,-7.872305,-7.872305,0.0
factory_1,frequency_response.csv,9,time_s,0.605042,0.605042,0.0
factory_1,frequency_response.csv,9,freq_hz,32.444588,32.444588,0.0
factory_1,frequency_response.csv,9,gain_db,-7.897182,-7.897182,0.0
factory_1,frequency_response.csv,10,time_s,0.672269,0.672269,0.0
factory_1,frequency_response.csv,10,freq_hz,34.236401,34.236401,0.0
factory_1,frequency_response.csv,10,gain_db,-8.861011,-8.861011,0.0
factory_1,frequency_response.csv,11,time_s,0.739496,0.739496,0.0
factory_1,frequency_response.csv,11,freq_hz,36.127167,36.127167,0.0
factory_1,frequency_response.csv,11,gain_db,-9.465307,-9.465307,0.0
factory_1,frequency_response.csv,12,time_s,0.806723,0.806723,0.0
factory_1,frequency_response.csv,12,freq_hz,38.122353,38.122353,0.0
factory_1,frequency_response.csv,12,gain_db,-6.091366,-6.091366,0.0
factory_1,frequency_response.csv,13,time_s,0.87395,0.87395,0.0
factory_1,frequency_response.csv,13,freq_hz,40.22773,40.22773,0.0
factory_1,frequency_response.csv,13,gain_db,-2.151353,-2.151353,0.0
factory_1,frequency_response.csv,14,time_s,0.941177,0.941177,0.0
factory_1,frequency_response.csv,14,freq_hz,42.449379,42.449379,0.0
factory_1,frequency_response.csv,14,gain_db,-1.355895,-1.355895,0.0
factory_1,frequency_response.csv,15,time_s,1.008403,1.008403,0.0
factory_1,frequency_response.csv,15,freq_hz,44.79372,44.79372,0.0
factory_1,frequency_response.csv,15,gain_db,-1.257877,-1.257877,0.0
factory_1,frequency_response.csv,16,time_s,1.07563,1.07563,0.0
factory_1,frequency_response.csv,16,freq_hz,47.267536,47.267536,0.0
factory_1,frequency_response.csv,16,gain_db,-2.20626,-2.20626,0.0
factory_1,frequency_response.csv,17,time_s,1.142857,1.142857,0.0
factory_1,frequency_response.csv,17,freq_hz,49.877968,49.877968,0.0
factory_1,frequency_response.csv,17,gain_db,-2.593946,-2.593946,0.0
factory_1,frequency_response.csv,18,time_s,1.210084,1.210084,0.0
factory_1,frequency_response.csv,18,freq_hz,52.632568,52.632568,0.0
factory_1,frequency_response.csv,18,gain_db,-3.277873,-3.277873,0.0
factory_1,frequency_response.csv,19,time_s,1.277311,1.277311,0.0
factory_1,frequency_response.csv,19,freq_hz,55.539299,55.539299,0.0
factory_1,frequency_response.csv,19,gain_db,-3.681437,-3.681437,0.0
factory_1,frequency_response.csv,20,time_s,1.344538,1.344538,0.0
factory_1,frequency_response.csv,20,freq_hz,58.606552,58.606552,0.0
factory_1,frequency_response.csv,20,gain_db,-3.26561,-3.26561,0.0
factory_1,frequency_response.csv,21,time_s,1.411765,1.411765,0.0
factory_1,frequency_response.csv,21,freq_hz,61.843204,61.843204,0.0
factory_1,frequency_response.csv,21,gain_db,-2.396201,-2.396201,0.0
factory_1,frequency_response.csv,22,time_s,1.478992,1.478992,0.0
factory_1,frequency_response.csv,22,freq_hz,65.258606,65.258606,0.0
factory_1,frequency_response.csv,22,gain_db,-1.705527,-1.705527,0.0
factory_1,frequency_response.csv,23,time_s,1.546218,1.546218,0.0
factory_1,frequency_response.csv,23,freq_hz,68.862625,68.862625,0.0
factory_1,frequency_response.csv,23,gain_db,-1.508573,-1.508573,0.0
factory_1,frequency_response.csv,24,time_s,1.613445,1.613445,0.0
factory_1,frequency_response.csv,24,freq_hz,72.665695,72.665695,0.0
factory_1,frequency_response.csv,24,gain_db,-2.621011,-2.621011,0.0
factory_1,frequency_response.csv,25,time_s,1.680672,1.680672,0.0
factory_1,frequency_response.csv,25,freq_hz,76.678787,76.678787,0.0
factory_1,frequency_response.csv,25,gain_db,-4.062029,-4.062029,0.0
factory_1,frequency_response.csv,26,time_s,1.747899,1.747899,0.0
factory_1,frequency_response.csv,26,freq_hz,80.913506,80.913506,0.0
factory_1,frequency_response.csv,26,gain_db,-3.880058,-3.880058,0.0
factory_1,frequency_response.csv,27,time_s,1.815126,1.815126,0.0
factory_1,frequency_response.csv,27,freq_hz,85.382095,85.382095,0.0
factory_1,frequency_response.csv,27,gain_db,-2.565188,-2.565188,0.0
factory_1,frequency_response.csv,28,time_s,1.882353,1.882353,0.0
factory_1,frequency_response.csv,28,freq_hz,90.097488,90.097488,0.0
factory_1,frequency_response.csv,28,gain_db,-1.568548,-1.568548,0.0
factory_1,frequency_response.csv,29,time_s,1.94958,1.94958,0.0
factory_1,frequency_response.csv,29,freq_hz,95.073273,95.073273,0.0
factory_1,frequency_response.csv,29,gain_db,-1.451883,-1.451883,0.0
factory_1,frequency_response.csv,30,time_s,2.016807,2.016807,0.0
factory_1,frequency_response.csv,30,freq_hz,100.323875,100.323875,0.0
factory_1,frequency_response.csv,30,gain_db,-3.432424,-3.432424,0.0
factory_1,frequency_response.csv,31,time_s,2.084034,2.084034,0.0
factory_1,frequency_response.csv,31,freq_hz,105.864441,105.864441,0.0
factory_1,frequency_response.csv,31,gain_db,-7.467417,-7.467417,0.0
factory_1,frequency_response.csv,32,time_s,2.151261,2.151261,0.0
factory_1,frequency_response.csv,32,freq_hz,111.710999,111.710999,0.0
factory_1,frequency_response.csv,32,gain_db,-12.289796,-12.289796,0.0
factory_1,frequency_response.csv,33,time_s,2.218488,2.218488,0.0
factory_1,frequency_response.csv,33,freq_hz,117.880432,117.880432,0.0
factory_1,frequency_response.csv,33,gain_db,-14.646219,-14.646219,0.0
factory_1,frequency_response.csv,34,time_s,2.285714,2.285714,0.0
factory_1,frequency_response.csv,34,freq_hz,124.390594,124.390594,0.0
factory_1,frequency_response.csv,34,gain_db,-13.493792,-13.493792,0.0
factory_1,frequency_response.csv,35,time_s,2.352941,2.352941,0.0
factory_1,frequency_response.csv,35,freq_hz,131.260284,131.260284,0.0
factory_1,frequency_response.csv,35,gain_db,-12.18466,-12.18466,0.0
factory_1,frequency_response.csv,36,time_s,2.420168,2.420168,0.0
factory_1,frequency_response.csv,36,freq_hz,138.509369,138.509369,0.0
factory_1,frequency_response.csv,36,gain_db,-12.294298,-12.294298,0.0
factory_1,frequency_response.csv,37,time_s,2.487395,2.487395,0.0
factory_1,frequency_response.csv,37,freq_hz,146.158783,146.158783,0.0
factory_1,frequency_response.csv,37,gain_db,-13.483047,-13.483047,0.0
factory_1,frequency_response.csv,38,time_s,2.554622,2.554622,0.0
factory_1,frequency_response.csv,38,freq_hz,154.230667,154.230667,0.0
factory_1,frequency_response.csv,38,gain_db,-12.127637,-12.127637,0.0
factory_1,frequency_response.csv,39,time_s,2.621849,2.621849,0.0
factory_1,frequency_response.csv,39,freq_hz,162.748337,162.748337,0.0
factory_1,frequency_response.csv,39,gain_db,-7.087982,-7.087982,0.0
factory_1,frequency_response.csv,40,time_s,2.689076,2.689076,0.0
factory_1,frequency_response.csv,40,freq_hz,171.73642,171.73642,0.0
factory_1,frequency_response.csv,40,gain_db,-3.615191,-3.615191,0.0
factory_1,frequency_response.csv,41,time_s,2.756303,2.756303,0.0
factory_1,frequency_response.csv,41,freq_hz,181.220856,181.220856,0.0
factory_1,frequency_response.csv,41,gain_db,-1.491822,-1.491822,0.0
factory_1,frequency_response.csv,42,time_s,2.823529,2.823529,0.0
factory_1,frequency_response.csv,42,freq_hz,191.229095,191.229095,0.0
factory_1,frequency_response.csv,42,gain_db,-1.027642,-1.027642,0.0
factory_1,frequency_response.csv,43,time_s,2.890756,2.890756,0.0
factory_1,frequency_response.csv,43,freq_hz,201.79007,201.79007,0.0
factory_1,frequency_response.csv,43,gain_db,-1.035452,-1.035452,0.0
factory_1,frequency_response.csv,44,time_s,2.957983,2.957983,0.0
factory_1,frequency_response.csv,44,freq_hz,212.93428,212.93428,0.0
factory_1,frequency_response.csv,44,gain_db,-1.739979,-1.739979,0.0
factory_1,frequency_response.csv,45,time_s,3.02521,3.02521,0.0
factory_1,frequency_response.csv,45,freq_hz,224.69397,224.69397,0.0
factory_1,frequency_response.csv,45,gain_db,-3.916037,-3.916037,0.0
factory_1,frequency_response.csv,46,time_s,3.092437,3.092437,0.0
factory_1,frequency_response.csv,46,freq_hz,237.103104,237.103104,0.0
factory_1,frequency_response.csv,46,gain_db,-9.464083,-9.464083,0.0
factory_1,frequency_response.csv,47,time_s,3.159664,3.159664,0.0
factory_1,frequency_response.csv,47,freq_hz,250.19754,250.19754,0.0
factory_1,frequency_response.csv,47,gain_db,-12.406951,-12.406951,0.0
factory_1,frequency_response.csv,48,time_s,3.226891,3.226891,0.0
factory_1,frequency_response.csv,48,freq_hz,264.015137,264.015137,0.0
factory_1,frequency_response.csv,48,gain_db,-7.836818,-7.836818,0.0
factory_1,frequency_response.csv,49,time_s,3.294118,3.294118,0.0
factory_1,frequency_response.csv,49,freq_hz,278.595856,278.595856,0.0
factory_1,frequency_response.csv,49,gain_db,-4.785754,-4.785754,0.0
factory_1,frequency_response.csv,50,time_s,3.361345,3.361345,0.0
factory_1,frequency_response.csv,50,freq_hz,293.981812,293.981812,0.0
factory_1,frequency_response.csv,50,gain_db,-3.186604,-3.186604,0.0
factory_1,frequency_response.csv,51,time_s,3.428571,3.428571,0.0
factory_1,frequency_response.csv,51,freq_hz,310.217468,310.217468,0.0
factory_1,frequency_response.csv,51,gain_db,-2.467708,-2.467708,0.0
factory_1,frequency_response.csv,52,time_s,3.495798,3.495798,0.0
factory_1,frequency_response.csv,52,freq_hz,327.349792,327.349792,0.0
factory_1,frequency_response.csv,52,gain_db,-2.249968,-2.249968,0.0
factory_1,frequency_response.csv,53,time_s,3.563025,3.563025,0.0
factory_1,frequency_response.csv,53,freq_hz,345.428284,345.428284,0.0
factory_1,frequency_response.csv,53,gain_db,-2.571488,-2.571488,0.0
factory_1,frequency_response.csv,54,time_s,3.630252,3.630252,0.0
factory_1,frequency_response.csv,54,freq_hz,364.505157,364.505157,0.0
factory_1,frequency_response.csv,54,gain_db,-3.689016,-3.689016,0.0
factory_1,frequency_response.csv,55,time_s,3.697479,3.697479,0.0
factory_1,frequency_response.csv,55,freq_hz,384.63562,384.63562,0.0
factory_1,frequency_response.csv,55,gain_db,-6.165537,-6.165537,0.0
factory_1,frequency_response.csv,56,time_s,3.764706,3.764706,0.0
factory_1,frequency_response.csv,56,freq_hz,405.877808,405.877808,0.0
factory_1,frequency_response.csv,56,gain_db,-10.280231,-10.280231,0.0
factory_1,frequency_response.csv,57,time_s,3.831933,3.831933,0.0
factory_1,frequency_response.csv,57,freq_hz,428.293121,428.293121,0.0
factory_1,frequency_response.csv,57,gain_db,-11.141871,-11.141871,0.0
factory_1,frequency_response.csv,58,time_s,3.89916,3.89916,0.0
factory_1,frequency_response.csv,58,freq_hz,451.946381,451.946381,0.0
factory_1,frequency_response.csv,58,gain_db,-8.049148,-8.049148,0.0
factory_1,frequency_response.csv,59,time_s,3.966387,3.966387,0.0
factory_1,frequency_response.csv,59,freq_hz,476.905945,476.905945,0.0
factory_1,frequency_response.csv,59,gain_db,-6.581335,-6.581335,0.0
factory_1,frequency_response.csv,60,time_s,4.033614,4.033614,0.0
factory_1,frequency_response.csv,60,freq_hz,503.244019,503.244019,0.0
factory_1,frequency_response.csv,60,gain_db,-7.605934,-7.605934,0.0
factory_1,frequency_response.csv,61,time_s,4.100841,4.100841,0.0
factory_1,frequency_response.csv,61,freq_hz,531.03656,531.03656,0.0
factory_1,frequency_response.csv,61,gain_db,-10.328856,-10.328856,0.0
factory_1,frequency_response.csv,62,time_s,4.168067,4.168067,0.0
factory_1,frequency_response.csv,62,freq_hz,560.364014,560.364014,0.0
factory_1,frequency_response.csv,62,gain_db,-11.195941,-11.195941,0.0
factory_1,frequency_response.csv,63,time_s,4.235294,4.235294,0.0
factory_1,frequency_response.csv,63,freq_hz,591.311096,591.311096,0.0
factory_1,frequency_response.csv,63,gain_db,-6.890738,-6.890738,0.0
factory_1,frequency_response.csv,64,time_s,4.302521,4.302521,0.0
factory_1,frequency_response.csv,64,freq_hz,623.967346,623.967346,0.0
factory_1,frequency_response.csv,64,gain_db,-3.376947,-3.376947,0.0
factory_1,frequency_response.csv,65,time_s,4.369748,4.369748,0.0
factory_1,frequency_response.csv,65,freq_hz,658.427063,658.427063,0.0
factory_1,frequency_response.csv,65,gain_db,-1.467014,-1.467014,0.0
factory_1,frequency_response.csv,66,time_s,4.436975,4.436975,0.0
factory_1,frequency_response.csv,66,freq_hz,694.789795,694.789795,0.0
factory_1,frequency_response.csv,66,gain_db,-0.67682,-0.67682,0.0
factory_1,frequency_response.csv,67,time_s,4.504202,4.504202,0.0
factory_1,frequency_response.csv,67,freq_hz,733.160889,733.160889,0.0
factory_1,frequency_response.csv,67,gain_db,-0.436552,-0.436552,0.0
factory_1,frequency_response.csv,68,time_s,4.571429,4.571429,0.0
factory_1,frequency_response.csv,68,freq_hz,773.651001,773.651001,0.0
factory_1,frequency_response.csv,68,gain_db,-0.369619,-0.369619,0.0
factory_1,frequency_response.csv,69,time_s,4.638656,4.638656,0.0
factory_1,frequency_response.csv,69,freq_hz,816.377197,816.377197,0.0
factory_1,frequency_response.csv,69,gain_db,-0.37631,-0.37631,0.0
factory_1,frequency_response.csv,70,time_s,4.705883,4.705883,0.0
factory_1,frequency_response.csv,70,freq_hz,861.463074,861.463074,0.0
factory_1,frequency_response.csv,70,gain_db,-0.481538,-0.481538,0.0
factory_1,frequency_response.csv,71,time_s,4.773109,4.773109,0.0
factory_1,frequency_response.csv,71,freq_hz,909.03894,909.03894,0.0
factory_1,frequency_response.csv,71,gain_db,-0.835932,-0.835932,0.0
factory_1,frequency_response.csv,72,time_s,4.840336,4.840336,0.0
factory_1,frequency_response.csv,72,freq_hz,959.242249,959.242249,0.0
factory_1,frequency_response.csv,72,gain_db,-1.757533,-1.757533,0.0
factory_1,frequency_response.csv,73,time_s,4.907563,4.907563,0.0
factory_1,frequency_response.csv,73,freq_hz,1012.218079,1012.218079,0.0
factory_1,frequency_response.csv,73,gain_db,-3.810211,-3.810211,0.0
factory_1,frequency_response.csv,74,time_s,4.97479,4.97479,0.0
factory_1,frequency_response.csv,74,freq_hz,1068.119629,1068.119629,0.0
factory_1,frequency_response.csv,74,gain_db,-7.476769,-7.476769,0.0
factory_1,frequency_response.csv,75,time_s,5.042017,5.042017,0.0
factory_1,frequency_response.csv,75,freq_hz,1127.108398,1127.108398,0.0
factory_1,frequency_response.csv,75,gain_db,-9.879605,-9.879605,0.0
factory_1,frequency_response.csv,76,time_s,5.109244,5.109244,0.0
factory_1,frequency_response.csv,76,freq_hz,1189.355103,1189.355103,0.0
factory_1,frequency_response.csv,76,gain_db,-10.238747,-10.238747,0.0
factory_1,frequency_response.csv,77,time_s,5.176471,5.176471,0.0
factory_1,frequency_response.csv,77,freq_hz,1255.039307,1255.039307,0.0
factory_1,frequency_response.csv,77,gain_db,-9.492099,-9.492099,0.0
factory_1,frequency_response.csv,78,time_s,5.243698,5.243698,0.0
factory_1,frequency_response.csv,78,freq_hz,1324.351074,1324.351074,0.0
factory_1,frequency_response.csv,78,gain_db,-7.093734,-7.093734,0.0
factory_1,frequency_response.csv,79,time_s,5.310925,5.310925,0.0
factory_1,frequency_response.csv,79,freq_hz,1397.490845,1397.490845,0.0
factory_1,frequency_response.csv,79,gain_db,-3.930548,-3.930548,0.0
factory_1,frequency_response.csv,80,time_s,5.378151,5.378151,0.0
factory_1,frequency_response.csv,80,freq_hz,1474.669678,1474.669678,0.0
factory_1,frequency_response.csv,80,gain_db,-1.71156,-1.71156,0.0
factory_1,frequency_response.csv,81,time_s,5.445378,5.445378,0.0
factory_1,frequency_response.csv,81,freq_hz,1556.110962,1556.110962,0.0
factory_1,frequency_response.csv,81,gain_db,-0.800697,-0.800697,0.0
factory_1,frequency_response.csv,82,time_s,5.512605,5.512605,0.0
factory_1,frequency_response.csv,82,freq_hz,1642.050049,1642.050049,0.0
factory_1,frequency_response.csv,82,gain_db,-0.63357,-0.63357,0.0
factory_1,frequency_response.csv,83,time_s,5.579832,5.579832,0.0
factory_1,frequency_response.csv,83,freq_hz,1732.735107,1732.735107,0.0
factory_1,frequency_response.csv,83,gain_db,-0.650652,-0.650652,0.0
factory_1,frequency_response.csv,84,time_s,5.647059,5.647059,0.0
factory_1,frequency_response.csv,84,freq_hz,1828.428467,1828.428467,0.0
factory_1,frequency_response.csv,84,gain_db,-0.696405,-0.696405,0.0
factory_1,frequency_response.csv,85,time_s,5.714286,5.714286,0.0
factory_1,frequency_response.csv,85,freq_hz,1929.406738,1929.406738,0.0
factory_1,frequency_response.csv,85,gain_db,-0.74044,-0.74044,0.0
factory_1,frequency_response.csv,86,time_s,5.781513,5.781513,0.0
factory_1,frequency_response.csv,86,freq_hz,2035.96167,2035.96167,0.0
factory_1,frequency_response.csv,86,gain_db,-0.778693,-0.778693,0.0
factory_1,frequency_response.csv,87,time_s,5.84874,5.84874,0.0
factory_1,frequency_response.csv,87,freq_hz,2148.401367,2148.401367,0.0
factory_1,frequency_response.csv,87,gain_db,-0.80632,-0.80632,0.0
factory_1,frequency_response.csv,88,time_s,5.915967,5.915967,0.0
factory_1,frequency_response.csv,88,freq_hz,2267.050537,2267.050537,0.0
factory_1,frequency_response.csv,88,gain_db,-0.849061,-0.849061,0.0
factory_1,frequency_response.csv,89,time_s,5.983193,5.983193,0.0
factory_1,frequency_response.csv,89,freq_hz,2392.252441,2392.252441,0.0
factory_1,frequency_response.csv,89,gain_db,-1.019424,-1.019424,0.0
factory_1,frequency_response.csv,90,time_s,6.05042,6.05042,0.0
factory_1,frequency_response.csv,90,freq_hz,2524.368896,2524.368896,0.0
factory_1,frequency_response.csv,90,gain_db,-1.540612,-1.540612,0.0
factory_1,frequency_response.csv,91,time_s,6.117647,6.117647,0.0
factory_1,frequency_response.csv,91,freq_hz,2663.781738,2663.781738,0.0
factory_1,frequency_response.csv,91,gain_db,-2.594686,-2.594686,0.0
factory_1,frequency_response.csv,92,time_s,6.184874,6.184874,0.0
factory_1,frequency_response.csv,92,freq_hz,2810.893799,2810.893799,0.0
factory_1,frequency_response.csv,92,gain_db,-4.144993,-4.144993,0.0
factory_1,frequency_response.csv,93,time_s,6.252101,6.252101,0.0
factory_1,frequency_response.csv,93,freq_hz,2966.130371,2966.130371,0.0
factory_1,frequency_response.csv,93,gain_db,-4.450912,-4.450912,0.0
factory_1,frequency_response.csv,94,time_s,6.319328,6.319328,0.0
factory_1,frequency_response.csv,94,freq_hz,3129.94043,3129.94043,0.0
factory_1,frequency_response.csv,94,gain_db,-3.353666,-3.353666,0.0
factory_1,frequency_response.csv,95,time_s,6.386555,6.386555,0.0
factory_1,frequency_response.csv,95,freq_hz,3302.796875,3302.796875,0.0
factory_1,frequency_response.csv,95,gain_db,-2.106689,-2.106689,0.0
factory_1,frequency_response.csv,96,time_s,6.453782,6.453782,0.0
factory_1,frequency_response.csv,96,freq_hz,3485.199951,3485.199951,0.0
factory_1,frequency_response.csv,96,gain_db,-1.328488,-1.328488,0.0
factory_1,frequency_response.csv,97,time_s,6.521008,6.521008,0.0
factory_1,frequency_response.csv,97,freq_hz,3677.676025,3677.676025,0.0
factory_1,frequency_response.csv,97,gain_db,-1.195775,-1.195775,0.0
factory_1,frequency_response.csv,98,time_s,6.588235,6.588235,0.0
factory_1,frequency_response.csv,98,freq_hz,3880.782471,3880.782471,0.0
factory_1,frequency_response.csv,98,gain_db,-1.312337,-1.312337,0.0
factory_1,frequency_response.csv,99,time_s,6.655462,6.655462,0.0
factory_1,frequency_response.csv,99,freq_hz,4095.105469,4095.105469,0.0
factory_1,frequency_response.csv,99,gain_db,-1.434721,-1.434721,0.0
factory_1,frequency_response.csv,100,time_s,6.722689,6.722689,0.0
factory_1,frequency_response.csv,100,freq_hz,4321.265137,4321.265137,0.0
factory_1,frequency_response.csv,100,gain_db,-1.529621,-1.529621,0.0
factory_1,frequency_response.csv,101,time_s,6.789916,6.789916,0.0
factory_1,frequency_response.csv,101,freq_hz,4559.914551,4559.914551,0.0
factory_1,frequency_response.csv,101,gain_db,-1.614503,-1.614503,0.0
factory_1,frequency_response.csv,102,time_s,6.857143,6.857143,0.0
factory_1,frequency_response.csv,102,freq_hz,4811.744141,4811.744141,0.0
factory_1,frequency_response.csv,102,gain_db,-1.692456,-1.692456,0.0
factory_1,frequency_response.csv,103,time_s,6.92437,6.92437,0.0
factory_1,frequency_response.csv,103,freq_hz,5077.481445,5077.481445,0.0
factory_1,frequency_response.csv,103,gain_db,-1.763797,-1.763797,0.0
factory_1,frequency_response.csv,104,time_s,6.991597,6.991597,0.0
factory_1,frequency_response.csv,104,freq_hz,5357.894531,5357.894531,0.0
factory_1,frequency_response.csv,104,gain_db,-1.822716,-1.822716,0.0
factory_1,frequency_response.csv,105,time_s,7.058824,7.058824,0.0
factory_1,frequency_response.csv,105,freq_hz,5653.793457,5653.793457,0.0
factory_1,frequency_response.csv,105,gain_db,-1.856065,-1.856065,0.0
factory_1,frequency_response.csv,106,time_s,7.12605,7.12605,0.0
factory_1,frequency_response.csv,106,freq_hz,5966.034668,5966.034668,0.0
factory_1,frequency_response.csv,106,gain_db,-1.846037,-1.846037,0.0
factory_1,frequency_response.csv,107,time_s,7.193277,7.193277,0.0
factory_1,frequency_response.csv,107,freq_hz,6295.519531,6295.519531,0.0
factory_1,frequency_response.csv,107,gain_db,-1.824891,-1.824891,0.0
factory_1,frequency_response.csv,108,time_s,7.260504,7.260504,0.0
factory_1,frequency_response.csv,108,freq_hz,6643.200684,6643.200684,0.0
factory_1,frequency_response.csv,108,gain_db,-1.818324,-1.818324,0.0
factory_1,frequency_response.csv,109,time_s,7.327731,7.327731,0.0
factory_1,frequency_response.csv,109,freq_hz,7010.083008,7010.083008,0.0
factory_1,frequency_response.csv,109,gain_db,-1.858775,-1.858775,0.0
factory_1,frequency_response.csv,110,time_s,7.394958,7.394958,0.0
factory_1,frequency_response.csv,110,freq_hz,7397.227539,7397.227539,0.0
factory_1,frequency_response.csv,110,gain_db,-1.934061,-1.934061,0.0
factory_1,frequency_response.csv,111,time_s,7.462185,7.462185,0.0
factory_1,frequency_response.csv,111,freq_hz,7805.752441,7805.752441,0.0
factory_1,frequency_response.csv,111,gain_db,-1.972825,-1.972825,0.0
factory_1,frequency_response.csv,112,time_s,7.529412,7.529412,0.0
factory_1,frequency_response.csv,112,freq_hz,8236.839844,8236.839844,0.0
factory_1,frequency_response.csv,112,gain_db,-2.100229,-2.100229,0.0
factory_1,frequency_response.csv,113,time_s,7.596639,7.596639,0.0
factory_1,frequency_response.csv,113,freq_hz,8691.733398,8691.733398,0.0
factory_1,frequency_response.csv,113,gain_db,-2.316224,-2.316224,0.0
factory_1,frequency_response.csv,114,time_s,7.663866,7.663866,0.0
factory_1,frequency_response.csv,114,freq_hz,9171.75,9171.75,0.0
factory_1,frequency_response.csv,114,gain_db,-2.486471,-2.486471,0.0
factory_1,frequency_response.csv,115,time_s,7.731092,7.731092,0.0
factory_1,frequency_response.csv,115,freq_hz,9678.276367,9678.276367,0.0
factory_1,frequency_response.csv,115,gain_db,-2.604201,-2.604201,0.0
factory_1,frequency_response.csv,116,time_s,7.798319,7.798319,0.0
factory_1,frequency_response.csv,116,freq_hz,10212.776367,10212.776367,0.0
factory_1,frequency_response.csv,116,gain_db,-2.681144,-2.681144,0.0
factory_1,frequency_response.csv,117,time_s,7.865546,7.865546,0.0
factory_1,frequency_response.csv,117,freq_hz,10776.795898,10776.795898,0.0
factory_1,frequency_response.csv,117,gain_db,-2.730164,-2.730164,0.0
factory_1,frequency_response.csv,118,time_s,7.932773,7.932773,0.0
factory_1,frequency_response.csv,118,freq_hz,11371.962891,11371.962891,0.0
factory_1,frequency_response.csv,118,gain_db,-2.774138,-2.774138,0.0
factory_1,frequency_response.csv,119,time_s,8.0,8.0,0.0
factory_1,frequency_response.csv,119,freq_hz,12000.0,12000.0,0.0
factory_1,frequency_response.csv,119,gain_db,-2.809793,-2.809793,0.0
factory_1,notch_tracking.csv,0,time_s,0.201681,0.201681,0.0
factory_1,notch_tracking.csv,0,freq_hz,23.499975,23.499975,0.0
factory_1,notch_tracking.csv,0,notch_depth_db,-4.363778,-4.363778,0.0
factory_1,notch_tracking.csv,1,time_s,0.470588,0.470588,0.0
factory_1,notch_tracking.csv,1,freq_hz,29.13739,29.13739,0.0
factory_1,notch_tracking.csv,1,notch_depth_db,-8.874721,-8.874721,0.0
factory_1,notch_tracking.csv,2,time_s,0.739496,0.739496,0.0
factory_1,notch_tracking.csv,2,freq_hz,36.127167,36.127167,0.0
factory_1,notch_tracking.csv,2,notch_depth_db,-9.465307,-9.465307,0.0
factory_1,notch_tracking.csv,3,time_s,1.277311,1.277311,0.0
factory_1,notch_tracking.csv,3,freq_hz,55.539299,55.539299,0.0
factory_1,notch_tracking.csv,3,notch_depth_db,-3.681437,-3.681437,0.0
factory_1,notch_tracking.csv,4,time_s,1.680672,1.680672,0.0
factory_1,notch_tracking.csv,4,freq_hz,76.678787,76.678787,0.0
factory_1,notch_tracking.csv,4,notch_depth_db,-4.062029,-4.062029,0.0
factory_1,notch_tracking.csv,5,time_s,2.218488,2.218488,0.0
factory_1,notch_tracking.csv,5,freq_hz,117.880432,117.880432,0.0
factory_1,notch_tracking.csv,5,notch_depth_db,-14.646219,-14.646219,0.0
factory_1,notch_tracking.csv,6,time_s,2.487395,2.487395,0.0
factory_1,notch_tracking.csv,6,freq_hz,146.158783,146.158783,0.0
factory_1,notch_tracking.csv,6,notch_depth_db,-13.483047,-13.483047,0.0
factory_1,notch_tracking.csv,7,time_s,3.159664,3.159664,0.0
factory_1,notch_tracking.csv,7,freq_hz,250.19754,250.19754,0.0
factory_1,notch_tracking.csv,7,notch_depth_db,-12.406951,-12.406951,0.0
factory_1,notch_tracking.csv,8,time_s,3.831933,3.831933,0.0
factory_1,notch_tracking.csv,8,freq_hz,428.293121,428.293121,0.0
factory_1,notch_tracking.csv,8,notch_depth_db,-11.141871,-11.141871,0.0
factory_1,notch_tracking.csv,9,time_s,4.168067,4.168067,0.0
factory_1,notch_tracking.csv,9,freq_hz,560.364014,560.364014,0.0
factory_1,notch_tracking.csv,9,notch_depth_db,-11.195941,-11.195941,0.0
factory_1,notch_tracking.csv,10,time_s,5.109244,5.109244,0.0
factory_1,notch_tracking.csv,10,freq_hz,1189.355103,1189.355103,0.0
factory_1,notch_tracking.csv,10,notch_depth_db,-10.238747,-10.238747,0.0
factory_1,notch_tracking.csv,11,time_s,6.252101,6.252101,0.0
factory_1,notch_tracking.csv,11,freq_hz,2966.130371,2966.130371,0.0
factory_1,notch_tracking.csv,11,notch_depth_db,-4.450912,-4.450912,0.0
factory_1,notch_tracking.csv,12,time_s,7.058824,7.058824,0.0
factory_1,notch_tracking.csv,12,freq_hz,5653.793457,5653.793457,0.0
factory_1,notch_tracking.csv,12,notch_depth_db,-1.856065,-1.856065,0.0
factory_1,thd_vs_drive.csv,0,sine_level_db,-24.0,-24.0,0.0
factory_1,thd_vs_drive.csv,0,thd_ratio,0.00949,0.00949,0.0
factory_1,thd_vs_drive.csv,0,thd_db,-40.454639,-40.454639,0.0
factory_1,thd_vs_drive.csv,0,broadband_hf_db,-82.68515,-82.68515,0.0
factory_1,thd_vs_drive.csv,1,sine_level_db,-18.0,-18.0,0.0
factory_1,thd_vs_drive.csv,1,thd_ratio,0.020677,0.020677,0.0
factory_1,thd_vs_drive.csv,1,thd_db,-33.69038,-33.69038,0.0
factory_1,thd_vs_drive.csv,1,broadband_hf_db,-82.682938,-82.682938,0.0
factory_1,thd_vs_drive.csv,2,sine_level_db,-12.0,-12.0,0.0
factory_1,thd_vs_drive.csv,2,thd_ratio,0.04676,0.04676,0.0
factory_1,thd_vs_drive.csv,2,thd_db,-26.602543,-26.602543,0.0
factory_1,thd_vs_drive.csv,2,broadband_hf_db,-82.685623,-82.685623,0.0
factory_1,thd_vs_drive.csv,3,sine_level_db,-6.0,-6.0,0.0
factory_1,thd_vs_drive.csv,3,thd_ratio,0.099722,0.099722,0.0
factory_1,thd_vs_drive.csv,3,thd_db,-20.024214,-20.024214,0.0
factory_1,thd_vs_drive.csv,3,broadband_hf_db,-81.702385,-81.702385,0.0
factory_1,thd_vs_drive.csv,4,sine_level_db,0.0,0.0,0.0
factory_1,thd_vs_drive.csv,4,thd_ratio,0.152994,0.152994,0.0
factory_1,thd_vs_drive.csv,4,thd_db,-16.306484,-16.306484,0.0
factory_1,thd_vs_drive.csv,4,broadband_hf_db,-80.526512,-80.526512,0.0
factory_10,summary.csv,average_tracked_notch_db,value,-7.815689,-7.815689,0.0
factory_10,summary.csv,deepest_tracked_notch_db,value,-11.309589,-11.309589,0.0
factory_10,summary.csv,guitar_broadband_hf_db,value,-80.06572,-80.06572,0.0
factory_10,summary.csv,guitar_lr_correlation,value,0.988734,0.988734,0.0
factory_10,summary.csv,guitar_mono_fold_db,value,-0.024609,-0.024609,0.0
factory_10,summary.csv,guitar_side_to_mid_db,value,-22.454676,-22.454676,0.0
factory_10,summary.csv,sweep_broadband_hf_db,value,-82.506592,-82.506592,0.0
factory_10,summary.csv,sweep_lr_correlation,value,0.993455,0.993455,0.0
factory_10,summary.csv,sweep_mono_fold_db,value,-0.014237,-0.014237,0.0
factory_10,summary.csv,sweep_side_to_mid_db,value,-24.836531,-24.836531,0.0
factory_10,summary.csv,tracked_notch_count,value,6.0,6.0,0.0
factory_10,summary.csv,tracked_notch_high_hz,value,2392.252441,2392.252441,0.0
factory_10,summary.csv,tracked_notch_low_hz,value,26.167307,26.167307,0.0
factory_10,summary.csv,tracked_notch_span_oct,value,6.514461,6.514461,0.0
factory_10,summary.csv,worst_thd_db,value,-16.830074,-16.830074,0.0
factory_10,frequency_response.csv,0,time_s,0.0,0.0,0.0
factory_10,frequency_response.csv,0,freq_hz,20.0,20.0,0.0
factory_10,frequency_response.csv,0,gain_db,-7.335532,-7.335532,0.0
factory_10,frequency_response.csv,1,time_s,0.067227,0.067227,0.0
factory_10,frequency_response.csv,1,freq_hz,21.104536,21.104536,0.0
factory_10,frequency_response.csv,1,gain_db,-4.646696,-4.646696,0.0
factory_10,frequency_response.csv,2,time_s,0.134454,0.134454,0.0
factory_10,frequency_response.csv,2,freq_hz,22.270071,22.270071,0.0
factory_10,frequency_response.csv,2,gain_db,-4.352002,-4.352002,0.0
factory_10,frequency_response.csv,3,time_s,0.201681,0.201681,0.0
factory_10,frequency_response.csv,3,freq_hz,23.499975,23.499975,0.0
factory_10,frequency_response.csv,3,gain_db,-4.167615,-4.167615,0.0
factory_10,frequency_response.csv,4,time_s,0.268908,0.268908,0.0
factory_10,frequency_response.csv,4,freq_hz,24.797804,24.797804,0.0
factory_10,frequency_response.csv,4,gain_db,-3.248846,-3.248846,0.0
factory_10,frequency_response.csv,5,time_s,0.336134,0.336134,0.0
factory_10,frequency_response.csv,5,freq_hz,26.167307,26.167307,0.0
factory_10,frequency_response.csv,5,gain_db,-4.144893,-4.144893,0.0
factory_10,frequency_response.csv,6,time_s,0.403361,0.403361,0.0
factory_10,frequency_response.csv,6,freq_hz,27.612442,27.612442,0.0
factory_10,frequency_response.csv,6,gain_db,-3.423956,-3.423956,0.0
factory_10,frequency_response.csv,7,time_s,0.470588,0.470588,0.0
factory_10,frequency_response.csv,7,freq_hz,29.13739,29.13739,0.0
factory_10,frequency_response.csv,7,gain_db,-4.473757,-4.473757,0.0
factory_10,frequency_response.csv,8,time_s,0.537815,0.537815,0.0
factory_10,frequency_response.csv,8,freq_hz,30.746555,30.746555,0.0
factory_10,frequency_response.csv,8,gain_db,-5.145204,-5.145204,0.0
factory_10,frequency_response.csv,9,time_s,0.605042,0.605042,0.0
factory_10,frequency_response.csv,9,freq_hz,32.444588,32.444588,0.0
factory_10,frequency_response.csv,9,gain_db,-5.847006,-5.847006,0.0
factory_10,frequency_response.csv,10,time_s,0.672269,0.672269,0.0
factory_10,frequency_response.csv,10,freq_hz,34.236401,34.236401,0.0
factory_10,frequency_response.csv,10,gain_db,-6.389174,-6.389174,0.0
factory_10,frequency_response.csv,11,time_s,0.739496,0.739496,0.0
factory_10,frequency_response.csv,11,freq_hz,36.127167,36.127167,0.0
factory_10,frequency_response.csv,11,gain_db,-7.657065,-7.657065,0.0
factory_10,frequency_response.csv,12,time_s,0.806723,0.806723,0.0
factory_10,frequency_response.csv,12,freq_hz,38.122353,38.122353,0.0
factory_10,frequency_response.csv,12,gain_db,-8.199312,-8.199312,0.0
factory_10,frequency_response.csv,13,time_s,0.87395,0.87395,0.0
factory_10,frequency_response.csv,13,freq_hz,40.22773,40.22773,0.0
factory_10,frequency_response.csv,13,gain_db,-7.681396,-7.681396,0.0
factory_10,frequency_response.csv,14,time_s,0.941177,0.941177,0.0
factory_10,frequency_response.csv,14,freq_hz,42.449379,42.449379,0.0
factory_10,frequency_response.csv,14,gain_db,-7.154276,-7.154276,0.0
factory_10,frequency_response.csv,15,time_s,1.008403,1.008403,0.0
factory_10,frequency_response.csv,15,freq_hz,44.79372,44.79372,0.0
factory_10,frequency_response.csv,15,gain_db,-5.647827,-5.647827,0.0
factory_10,frequency_response.csv,16,time_s,1.07563,1.07563,0.0
factory_10,frequency_response.csv,16,freq_hz,47.267536,47.267536,0.0
factory_10,frequency_response.csv,16,gain_db,-4.057004,-4.057004,0.0
factory_10,frequency_response.csv,17,time_s,1.142857,1.142857,0.0
factory_10,frequency_response.csv,17,freq_hz,49.877968,49.877968,0.0
factory_10,frequency_response.csv,17,gain_db,-3.290744,-3.290744,0.0
factory_10,frequency_response.csv,18,time_s,1.210084,1.210084,0.0
factory_10,frequency_response.csv,18,freq_hz,52.632568,52.632568,0.0
factory_10,frequency_response.csv,18,gain_db,-2.109948,-2.109948,0.0
factory_10,frequency_response.csv,19,time_s,1.277311,1.277311,0.0
factory_10,frequency_response.csv,19,freq_hz,55.539299,55.539299,0.0
factory_10,frequency_response.csv,19,gain_db,-1.650131,-1.650131,0.0
factory_10,frequency_response.csv,20,time_s,1.344538,1.344538,0.0
factory_10,frequency_response.csv,20,freq_hz,58.606552,58.606552,0.0
factory_10,frequency_response.csv,20,gain_db,-1.664357,-1.664357,0.0
factory_10,frequency_response.csv,21,time_s,1.411765,1.411765,0.0
factory_10,frequency_response.csv,21,freq_hz,61.843204,61.843204,0.0
factory_10,frequency_response.csv,21,gain_db,-2.29764,-2.29764,0.0
factory_10,frequency_response.csv,22,time_s,1.478992,1.478992,0.0
factory_10,frequency_response.csv,22,freq_hz,65.258606,65.258606,0.0
factory_10,frequency_response.csv,22,gain_db,-3.218793,-3.218793,0.0
factory_10,frequency_response.csv,23,time_s,1.546218,1.546218,0.0
factory_10,frequency_response.csv,23,freq_hz,68.862625,68.862625,0.0
factory_10,frequency_response.csv,23,gain_db,-4.62171,-4.62171,0.0
factory_10,frequency_response.csv,24,time_s,1.613445,1.613445,0.0
factory_10,frequency_response.csv,24,freq_hz,72.665695,72.665695,0.0
factory_10,frequency_response.csv,24,gain_db,-5.598223,-5.598223,0.0
factory_10,frequency_response.csv,25,time_s,1.680672,1.680672,0.0
factory_10,frequency_response.csv,25,freq_hz,76.678787,76.678787,0.0
factory_10,frequency_response.csv,25,gain_db,-7.074199,-7.074199,0.0
factory_10,frequency_response.csv,26,time_s,1.747899,1.747899,0.0
factory_10,frequency_response.csv,26,freq_hz,80.913506,80.913506,0.0
factory_10,frequency_response.csv,26,gain_db,-8.027966,-8.027966,0.0
factory_10,frequency_response.csv,27,time_s,1.815126,1.815126,0.0
factory_10,frequency_response.csv,27,freq_hz,85.382095,85.382095,0.0
factory_10,frequency_response.csv,27,gain_db,-8.892776,-8.892776,0.0
factory_10,frequency_response.csv,28,time_s,1.882353,1.882353,0.0
factory_10,frequency_response.csv,28,freq_hz,90.097488,90.097488,0.0
factory_10,frequency_response.csv,28,gain_db,-9.481566,-9.481566,0.0
factory_10,frequency_response.csv,29,time_s,1.94958,1.94958,0.0
factory_10,frequency_response.csv,29,freq_hz,95.073273,95.073273,0.0
factory_10,frequency_response.csv,29,gain_db,-9.279029,-9.279029,0.0
factory_10,frequency_response.csv,30,time_s,2.016807,2.016807,0.0
factory_10,frequency_response.csv,30,freq_hz,100.323875,100.323875,0.0
factory_10,frequency_response.csv,30,gain_db,-8.763935,-8.763935,0.0
factory_10,frequency_response.csv,31,time_s,2.084034,2.084034,0.0
factory_10,frequency_response.csv,31,freq_hz,105.864441,105.864441,0.0
factory_10,frequency_response.csv,31,gain_db,-7.7741,-7.7741,0.0
factory_10,frequency_response.csv,32,time_s,2.151261,2.151261,0.0
factory_10,frequency_response.csv,32,freq_hz,111.710999,111.710999,0.0
factory_10,frequency_response.csv,32,gain_db,-6.586026,-6.586026,0.0
factory_10,frequency_response.csv,33,time_s,2.218488,2.218488,0.0
factory_10,frequency_response.csv,33,freq_hz,117.880432,117.880432,0.0
factory_10,frequency_response.csv,33,gain_db,-5.221901,-5.221901,0.0
factory_10,frequency_response.csv,34,time_s,2.285714,2.285714,0.0
factory_10,frequency_response.csv,34,freq_hz,124.390594,124.390594,0.0
factory_10,frequency_response.csv,34,gain_db,-4.000302,-4.000302,0.0
factory_10,frequency_response.csv,35,time_s,2.352941,2.352941,0.0
factory_10,frequency_response.csv,35,freq_hz,131.260284,131.260284,0.0
factory_10,frequency_response.csv,35,gain_db,-3.121359,-3.121359,0.0
factory_10,frequency_response.csv,36,time_s,2.420168,2.420168,0.0
factory_10,frequency_response.csv,36,freq_hz,138.509369,138.509369,0.0
factory_10,frequency_response.csv,36,gain_db,-2.244345,-2.244345,0.0
factory_10,frequency_response.csv,37,time_s,2.487395,2.487395,0.0
factory_10,frequency_response.csv,37,freq_hz,146.158783,146.158783,0.0
factory_10,frequency_response.csv,37,gain_db,-1.753908,-1.753908,0.0
factory_10,frequency_response.csv,38,time_s,2.554622,2.554622,0.0
factory_10,frequency_response.csv,38,freq_hz,154.230667,154.230667,0.0
factory_10,frequency_response.csv,38,gain_db,-1.569104,-1.569104,0.0
factory_10,frequency_response.csv,39,time_s,2.621849,2.621849,0.0
factory_10,frequency_response.csv,39,freq_hz,162.748337,162.748337,0.0
factory_10,frequency_response.csv,39,gain_db,-1.705147,-1.705147,0.0
factory_10,frequency_response.csv,40,time_s,2.689076,2.689076,0.0
factory_10,frequency_response.csv,40,freq_hz,171.73642,171.73642,0.0
factory_10,frequency_response.csv,40,gain_db,-2.125475,-2.125475,0.0
factory_10,frequency_response.csv,41,time_s,2.756303,2.756303,0.0
factory_10,frequency_response.csv,41,freq_hz,181.220856,181.220856,0.0
factory_10,frequency_response.csv,41,gain_db,-2.926826,-2.926826,0.0
factory_10,frequency_response.csv,42,time_s,2.823529,2.823529,0.0
factory_10,frequency_response.csv,42,freq_hz,191.229095,191.229095,0.0
factory_10,frequency_response.csv,42,gain_db,-4.126081,-4.126081,0.0
factory_10,frequency_response.csv,43,time_s,2.890756,2.890756,0.0
factory_10,frequency_response.csv,43,freq_hz,201.79007,201.79007,0.0
factory_10,frequency_response.csv,43,gain_db,-6.264896,-6.264896,0.0
factory_10,frequency_response.csv,44,time_s,2.957983,2.957983,0.0
factory_10,frequency_response.csv,44,freq_hz,212.93428,212.93428,0.0
factory_10,frequency_response.csv,44,gain_db,-9.268105,-9.268105,0.0
factory_10,frequency_response.csv,45,time_s,3.02521,3.02521,0.0
factory_10,frequency_response.csv,45,freq_hz,224.69397,224.69397,0.0
factory_10,frequency_response.csv,45,gain_db,-11.309589,-11.309589,0.0
factory_10,frequency_response.csv,46,time_s,3.092437,3.092437,0.0
factory_10,frequency_response.csv,46,freq_hz,237.103104,237.103104,0.0
factory_10,frequency_response.csv,46,gain_db,-10.417747,-10.417747,0.0
factory_10,frequency_response.csv,47,time_s,3.159664,3.159664,0.0
factory_10,frequency_response.csv,47,freq_hz,250.19754,250.19754,0.0
factory_10,frequency_response.csv,47,gain_db,-8.129462,-8.129462,0.0
factory_10,frequency_response.csv,48,time_s,3.226891,3.226891,0.0
factory_10,frequency_response.csv,48,freq_hz,264.015137,264.015137,0.0
factory_10,frequency_response.csv,48,gain_db,-6.220039,-6.220039,0.0
factory_10,frequency_response.csv,49,time_s,3.294118,3.294118,0.0
factory_10,frequency_response.csv,49,freq_hz,278.595856,278.595856,0.0
factory_10,frequency_response.csv,49,gain_db,-4.792761,-4.792761,0.0
factory_10,frequency_response.csv,50,time_s,3.361345,3.361345,0.0
factory_10,frequency_response.csv,50,freq_hz,293.981812,293.981812,0.0
factory_10,frequency_response.csv,50,gain_db,-3.836483,-3.836483,0.0
factory_10,frequency_response.csv,51,time_s,3.428571,3.428571,0.0
factory_10,frequency_response.csv,51,freq_hz,310.217468,310.217468,0.0
factory_10,frequency_response.csv,51,gain_db,-3.218701,-3.218701,0.0
factory_10,frequency_response.csv,52,time_s,3.495798,3.495798,0.0
factory_10,frequency_response.csv,52,freq_hz,327.349792,327.349792,0.0
factory_10,frequency_response.csv,52,gain_db,-2.890229,-2.890229,0.0
factory_10,frequency_response.csv,53,time_s,3.563025,3.563025,0.0
factory_10,frequency_response.csv,53,freq_hz,345.428284,345.428284,0.0
factory_10,frequency_response.csv,53,gain_db,-2.723666,-2.723666,0.0
factory_10,frequency_response.csv,54,time_s,3.630252,3.630252,0.0
factory_10,frequency_response.csv,54,freq_hz,364.505157,364.505157,0.0
factory_10,frequency_response.csv,54,gain_db,-2.77539,-2.77539,0.0
factory_10,frequency_response.csv,55,time_s,3.697479,3.697479,0.0
factory_10,frequency_response.csv,55,freq_hz,384.63562,384.63562,0.0
factory_10,frequency_response.csv,55,gain_db,-3.07651,-3.07651,0.0
factory_10,frequency_response.csv,56,time_s,3.764706,3.764706,0.0
factory_10,frequency_response.csv,56,freq_hz,405.877808,405.877808,0.0
factory_10,frequency_response.csv,56,gain_db,-3.557945,-3.557945,0.0
factory_10,frequency_response.csv,57,time_s,3.831933,3.831933,0.0
factory_10,frequency_response.csv,57,freq_hz,428.293121,428.293121,0.0
factory_10,frequency_response.csv,57,gain_db,-4.346037,-4.346037,0.0
factory_10,frequency_response.csv,58,time_s,3.89916,3.89916,0.0
factory_10,frequency_response.csv,58,freq_hz,451.946381,451.946381,0.0
factory_10,frequency_response.csv,58,gain_db,-5.511575,-5.511575,0.0
factory_10,frequency_response.csv,59,time_s,3.966387,3.966387,0.0
factory_10,frequency_response.csv,59,freq_hz,476.905945,476.905945,0.0
factory_10,frequency_response.csv,59,gain_db,-7.030588,-7.030588,0.0
factory_10,frequency_response.csv,60,time_s,4.033614,4.033614,0.0
factory_10,frequency_response.csv,60,freq_hz,503.244019,503.244019,0.0
factory_10,frequency_response.csv,60,gain_db,-8.784682,-8.784682,0.0
factory_10,frequency_response.csv,61,time_s,4.100841,4.100841,0.0
factory_10,frequency_response.csv,61,freq_hz,531.03656,531.03656,0.0
factory_10,frequency_response.csv,61,gain_db,-10.144526,-10.144526,0.0
factory_10,frequency_response.csv,62,time_s,4.168067,4.168067,0.0
factory_10,frequency_response.csv,62,freq_hz,560.364014,560.364014,0.0
factory_10,frequency_response.csv,62,gain_db,-10.757581,-10.757581,0.0
factory_10,frequency_response.csv,63,time_s,4.235294,4.235294,0.0
factory_10,frequency_response.csv,63,freq_hz,591.311096,591.311096,0.0
factory_10,frequency_response.csv,63,gain_db,-10.811094,-10.811094,0.0
factory_10,frequency_response.csv,64,time_s,4.302521,4.302521,0.0
factory_10,frequency_response.csv,64,freq_hz,623.967346,623.967346,0.0
factory_10,frequency_response.csv,64,gain_db,-10.752247,-10.752247,0.0
factory_10,frequency_response.csv,65,time_s,4.369748,4.369748,0.0
factory_10,frequency_response.csv,65,freq_hz,658.427063,658.427063,0.0
factory_10,frequency_response.csv,65,gain_db,-10.619692,-10.619692,0.0
factory_10,frequency_response.csv,66,time_s,4.436975,4.436975,0.0
factory_10,frequency_response.csv,66,freq_hz,694.789795,694.789795,0.0
factory_10,frequency_response.csv,66,gain_db,-10.041145,-10.041145,0.0
factory_10,frequency_response.csv,67,time_s,4.504202,4.504202,0.0
factory_10,frequency_response.csv,67,freq_hz,733.160889,733.160889,0.0
factory_10,frequency_response.csv,67,gain_db,-8.691833,-8.691833,0.0
factory_10,frequency_response.csv,68,time_s,4.571429,4.571429,0.0
factory_10,frequency_response.csv,68,freq_hz,773.651001,773.651001,0.0
factory_10,frequency_response.csv,68,gain_db,-6.770115,-6.770115,0.0
factory_10,frequency_response.csv,69,time_s,4.638656,4.638656,0.0
factory_10,frequency_response.csv,69,freq_hz,816.377197,816.377197,0.0
factory_10,frequency_response.csv,69,gain_db,-4.834047,-4.834047,0.0
factory_10,frequency_response.csv,70,time_s,4.705883,4.705883,0.0
factory_10,frequency_response.csv,70,freq_hz,861.463074,861.463074,0.0
factory_10,frequency_response.csv,70,gain_db,-3.238225,-3.238225,0.0
factory_10,frequency_response.csv,71,time_s,4.773109,4.773109,0.0
factory_10,frequency_response.csv,71,freq_hz,909.03894,909.03894,0.0
factory_10,frequency_response.csv,71,gain_db,-2.100817,-2.100817,0.0
factory_10,frequency_response.csv,72,time_s,4.840336,4.840336,0.0
factory_10,frequency_response.csv,72,freq_hz,959.242249,959.242249,0.0
factory_10,frequency_response.csv,72,gain_db,-1.42498,-1.42498,0.0
factory_10,frequency_response.csv,73,time_s,4.907563,4.907563,0.0
factory_10,frequency_response.csv,73,freq_hz,1012.218079,1012.218079,0.0
factory_10,frequency_response.csv,73,gain_db,-1.080965,-1.080965,0.0
factory_10,frequency_response.csv,74,time_s,4.97479,4.97479,0.0
factory_10,frequency_response.csv,74,freq_hz,1068.119629,1068.119629,0.0
factory_10,frequency_response.csv,74,gain_db,-0.927299,-0.927299,0.0
factory_10,frequency_response.csv,75,time_s,5.042017,5.042017,0.0
factory_10,frequency_response.csv,75,freq_hz,1127.108398,1127.108398,0.0
factory_10,frequency_response.csv,75,gain_db,-0.859849,-0.859849,0.0
factory_10,frequency_response.csv,76,time_s,5.109244,5.109244,0.0
factory_10,frequency_response.csv,76,freq_hz,1189.355103,1189.355103,0.0
factory_10,frequency_response.csv,76,gain_db,-0.83713,-0.83713,0.0
factory_10,frequency_response.csv,77,time_s,5.176471,5.176471,0.0
factory_10,frequency_response.csv,77,freq_hz,1255.039307,1255.039307,0.0
factory_10,frequency_response.csv,77,gain_db,-0.841063,-0.841063,0.0
factory_10,frequency_response.csv,78,time_s,5.243698,5.243698,0.0
factory_10,frequency_response.csv,78,freq_hz,1324.351074,1324.351074,0.0
factory_10,frequency_response.csv,78,gain_db,-0.853504,-0.853504,0.0
factory_10,frequency_response.csv,79,time_s,5.310925,5.310925,0.0
factory_10,frequency_response.csv,79,freq_hz,1397.490845,1397.490845,0.0
factory_10,frequency_response.csv,79,gain_db,-0.873952,-0.873952,0.0
factory_10,frequency_response.csv,80,time_s,5.378151,5.378151,0.0
factory_10,frequency_response.csv,80,freq_hz,1474.669678,1474.669678,0.0
factory_10,frequency_response.csv,80,gain_db,-0.90439,-0.90439,0.0
factory_10,frequency_response.csv,81,time_s,5.445378,5.445378,0.0
factory_10,frequency_response.csv,81,freq_hz,1556.110962,1556.110962,0.0
factory_10,frequency_response.csv,81,gain_db,-0.949625,-0.949625,0.0
factory_10,frequency_response.csv,82,time_s,5.512605,5.512605,0.0
factory_10,frequency_response.csv,82,freq_hz,1642.050049,1642.050049,0.0
factory_10,frequency_response.csv,82,gain_db,-1.021222,-1.021222,0.0
factory_10,frequency_response.csv,83,time_s,5.579832,5.579832,0.0
factory_10,frequency_response.csv,83,freq_hz,1732.735107,1732.735107,0.0
factory_10,frequency_response.csv,83,gain_db,-1.144021,-1.144021,0.0
factory_10,frequency_response.csv,84,time_s,5.647059,5.647059,0.0
factory_10,frequency_response.csv,84,freq_hz,1828.428467,1828.428467,0.0
factory_10,frequency_response.csv,84,gain_db,-1.342656,-1.342656,0.0
factory_10,frequency_response.csv,85,time_s,5.714286,5.714286,0.0
factory_10,frequency_response.csv,85,freq_hz,1929.406738,1929.406738,0.0
factory_10,frequency_response.csv,85,gain_db,-1.620547,-1.620547,0.0
factory_10,frequency_response.csv,86,time_s,5.781513,5.781513,0.0
factory_10,frequency_response.csv,86,freq_hz,2035.96167,2035.96167,0.0
factory_10,frequency_response.csv,86,gain_db,-1.995561,-1.995561,0.0
factory_10,frequency_response.csv,87,time_s,5.84874,5.84874,0.0
factory_10,frequency_response.csv,87,freq_hz,2148.401367,2148.401367,0.0
factory_10,frequency_response.csv,87,gain_db,-2.424944,-2.424944,0.0
factory_10,frequency_response.csv,88,time_s,5.915967,5.915967,0.0
factory_10,frequency_response.csv,88,freq_hz,2267.050537,2267.050537,0.0
factory_10,frequency_response.csv,88,gain_db,-2.797022,-2.797022,0.0
factory_10,frequency_response.csv,89,time_s,5.983193,5.983193,0.0
factory_10,frequency_response.csv,89,freq_hz,2392.252441,2392.252441,0.0
factory_10,frequency_response.csv,89,gain_db,-2.947676,-2.947676,0.0
factory_10,frequency_response.csv,90,time_s,6.05042,6.05042,0.0
factory_10,frequency_response.csv,90,freq_hz,2524.368896,2524.368896,0.0
factory_10,frequency_response.csv,90,gain_db,-2.740011,-2.740011,0.0
factory_10,frequency_response.csv,91,time_s,6.117647,6.117647,0.0
factory_10,frequency_response.csv,91,freq_hz,2663.781738,2663.781738,0.0
factory_10,frequency_response.csv,91,gain_db,-2.370713,-2.370713,0.0
factory_10,frequency_response.csv,92,time_s,6.184874,6.184874,0.0
factory_10,frequency_response.csv,92,freq_hz,2810.893799,2810.893799,0.0
factory_10,frequency_response.csv,92,gain_db,-1.979758,-1.979758,0.0
factory_10,frequency_response.csv,93,time_s,6.252101,6.252101,0.0
factory_10,frequency_response.csv,93,freq_hz,2966.130371,2966.130371,0.0
factory_10,frequency_response.csv,93,gain_db,-1.640146,-1.640146,0.0
factory_10,frequency_response.csv,94,time_s,6.319328,6.319328,0.0
factory_10,frequency_response.csv,94,freq_hz,3129.94043,3129.94043,0.0
factory_10,frequency_response.csv,94,gain_db,-1.419267,-1.419267,0.0
factory_10,frequency_response.csv,95,time_s,6.386555,6.386555,0.0
factory_10,frequency_response.csv,95,freq_hz,3302.796875,3302.796875,0.0
factory_10,frequency_response.csv,95,gain_db,-1.343655,-1.343655,0.0
factory_10,frequency_response.csv,96,time_s,6.453782,6.453782,0.0
factory_10,frequency_response.csv,96,freq_hz,3485.199951,3485.199951,0.0
factory_10,frequency_response.csv,96,gain_db,-1.369768,-1.369768,0.0
factory_10,frequency_response.csv,97,time_s,6.521008,6.521008,0.0
factory_10,frequency_response.csv,97,freq_hz,3677.676025,3677.676025,0.0
factory_10,frequency_response.csv,97,gain_db,-1.440608,-1.440608,0.0
factory_10,frequency_response.csv,98,time_s,6.588235,6.588235,0.0
factory_10,frequency_response.csv,98,freq_hz,3880.782471,3880.782471,0.0
factory_10,frequency_response.csv,98,gain_db,-1.523313,-1.523313,0.0
factory_10,frequency_response.csv,99,time_s,6.655462,6.655462,0.0
factory_10,frequency_response.csv,99,freq_hz,4095.105469,4095.105469,0.0
factory_10,frequency_response.csv,99,gain_db,-1.604049,-1.604049,0.0
factory_10,frequency_response.csv,100,time_s,6.722689,6.722689,0.0
factory_10,frequency_response.csv,100,freq_hz,4321.265137,4321.265137,0.0
factory_10,frequency_response.csv,100,gain_db,-1.677824,-1.677824,0.0
factory_10,frequency_response.csv,101,time_s,6.789916,6.789916,0.0
factory_10,frequency_response.csv,101,freq_hz,4559.914551,4559.914551,0.0
factory_10,frequency_response.csv,101,gain_db,-1.750261,-1.750261,0.0
factory_10,frequency_response.csv,102,time_s,6.857143,6.857143,0.0
factory_10,frequency_response.csv,102,freq_hz,4811.744141,4811.744141,0.0
factory_10,frequency_response.csv,102,gain_db,-1.820093,-1.820093,0.0
factory_10,frequency_response.csv,103,time_s,6.92437,6.92437,0.0
factory_10,frequency_response.csv,103,freq_hz,5077.481445,5077.481445,0.0
factory_10,frequency_response.csv,103,gain_db,-1.885423,-1.885423,0.0
factory_10,frequency_response.csv,104,time_s,6.991597,6.991597,0.0
factory_10,frequency_response.csv,104,freq_hz,5357.894531,5357.894531,0.0
factory_10,frequency_response.csv,104,gain_db,-1.949238,-1.949238,0.0
factory_10,frequency_response.csv,105,time_s,7.058824,7.058824,0.0
factory_10,frequency_response.csv,105,freq_hz,5653.793457,5653.793457,0.0
factory_10,frequency_response.csv,105,gain_db,-2.013201,-2.013201,0.0
factory_10,frequency_response.csv,106,time_s,7.12605,7.12605,0.0
factory_10,frequency_response.csv,106,freq_hz,5966.034668,5966.034668,0.0
factory_10,frequency_response.csv,106,gain_db,-2.072639,-2.072639,0.0
factory_10,frequency_response.csv,107,time_s,7.193277,7.193277,0.0
factory_10,frequency_response.csv,107,freq_hz,6295.519531,6295.519531,0.0
factory_10,frequency_response.csv,107,gain_db,-2.130026,-2.130026,0.0
factory_10,frequency_response.csv,108,time_s,7.260504,7.260504,0.0
factory_10,frequency_response.csv,108,freq_hz,6643.200684,6643.200684,0.0
factory_10,frequency_response.csv,108,gain_db,-2.177538,-2.177538,0.0
factory_10,frequency_response.csv,109,time_s,7.327731,7.327731,0.0
factory_10,frequency_response.csv,109,freq_hz,7010.083008,7010.083008,0.0
factory_10,frequency_response.csv,109,gain_db,-2.216053,-2.216053,0.0
factory_10,frequency_response.csv,110,time_s,7.394958,7.394958,0.0
factory_10,frequency_response.csv,110,freq_hz,7397.227539,7397.227539,0.0
factory_10,frequency_response.csv,110,gain_db,-2.2614,-2.2614,0.0
factory_10,frequency_response.csv,111,time_s,7.462185,7.462185,0.0
factory_10,frequency_response.csv,111,freq_hz,7805.752441,7805.752441,0.0
factory_10,frequency_response.csv,111,gain_db,-2.270752,-2.270752,0.0
factory_10,frequency_response.csv,112,time_s,7.529412,7.529412,0.0
factory_10,frequency_response.csv,112,freq_hz,8236.839844,8236.839844,0.0
factory_10,frequency_response.csv,112,gain_db,-2.295157,-2.295157,0.0
factory_10,frequency_response.csv,113,time_s,7.596639,7.596639,0.0
factory_10,frequency_response.csv,113,freq_hz,8691.733398,8691.733398,0.0
factory_10,frequency_response.csv,113,gain_db,-2.343437,-2.343437,0.0
factory_10,frequency_response.csv,114,time_s,7.663866,7.663866,0.0
factory_10,frequency_response.csv,114,freq_hz,9171.75,9171.75,0.0
factory_10,frequency_response.csv,114,gain_db,-2.378939,-2.378939,0.0
factory_10,frequency_response.csv,115,time_s,7.731092,7.731092,0.0
factory_10,frequency_response.csv,115,freq_hz,9678.276367,9678.276367,0.0
factory_10,frequency_response.csv,115,gain_db,-2.443245,-2.443245,0.0
factory_10,frequency_response.csv,116,time_s,7.798319,7.798319,0.0
factory_10,frequency_response.csv,116,freq_hz,10212.776367,10212.776367,0.0
factory_10,frequency_response.csv,116,gain_db,-2.531669,-2.531669,0.0
factory_10,frequency_response.csv,117,time_s,7.865546,7.865546,0.0
factory_10,frequency_response.csv,117,freq_hz,10776.795898,10776.795898,0.0
factory_10,frequency_response.csv,117,gain_db,-2.624661,-2.624661,0.0
factory_10,frequency_response.csv,118,time_s,7.932773,7.932773,0.0
factory_10,frequency_response.csv,118,freq_hz,11371.962891,11371.962891,0.0
factory_10,frequency_response.csv,118,gain_db,-2.717394,-2.717394,0.0
factory_10,frequency_response.csv,119,time_s,8.0,8.0,0.0
factory_10,frequency_response.csv,119,freq_hz,12000.0,12000.0,0.0
factory_10,frequency_response.csv,119,gain_db,-2.788648,-2.788648,0.0
factory_10,notch_tracking.csv,0,time_s,0.336134,0.336134,0.0
factory_10,notch_tracking.csv,0,freq_hz,26.167307,26.167307,0.0
factory_10,notch_tracking.csv,0,notch_depth_db,-4.144893,-4.144893,0.0
factory_10,notch_tracking.csv,1,time_s,0.806723,0.806723,0.0
factory_10,notch_tracking.csv,1,freq_hz,38.122353,38.122353,0.0
factory_10,notch_tracking.csv,1,notch_depth_db,-8.199312,-8.199312,0.0
factory_10,notch_tracking.csv,2,time_s,1.882353,1.882353,0.0
factory_10,notch_tracking.csv,2,freq_hz,90.097488,90.097488,0.0
factory_10,notch_tracking.csv,2,notch_depth_db,-9.481566,-9.481566,0.0
factory_10,notch_tracking.csv,3,time_s,3.02521,3.02521,0.0
factory_10,notch_tracking.csv,3,freq_hz,224.69397,224.69397,0.0
factory_10,notch_tracking.csv,3,notch_depth_db,-11.309589,-11.309589,0.0
factory_10,notch_tracking.csv,4,time_s,4.235294,4.235294,0.0
factory_10,notch_tracking.csv,4,freq_hz,591.311096,591.311096,0.0
factory_10,notch_tracking.csv,4,notch_depth_db,-10.811094,-10.811094,0.0
factory_10,notch_tracking.csv,5,time_s,5.983193,5.983193,0.0
factory_10,notch_tracking.csv,5,freq_hz,2392.252441,2392.252441,0.0
factory_10,notch_tracking.csv,5,notch_depth_db,-2.947676,-2.947676,0.0
factory_10,thd_vs_drive.csv,0,sine_level_db,-24.0,-24.0,0.0
factory_10,thd_vs_drive.csv,0,thd_ratio,0.008398,0.008398,0.0
factory_10,thd_vs_drive.csv,0,thd_db,-41.516132,-41.516132,0.0
factory_10,thd_vs_drive.csv,0,broadband_hf_db,-82.677361,-82.677361,0.0
factory_10,thd_vs_drive.csv,1,sine_level_db,-18.0,-18.0,0.0
factory_10,thd_vs_drive.csv,1,thd_ratio,0.017976,0.017976,0.0
factory_10,thd_vs_drive.csv,1,thd_db,-34.906261,-34.906261,0.0
factory_10,thd_vs_drive.csv,1,broadband_hf_db,-82.673897,-82.673897,0.0
factory_10,thd_vs_drive.csv,2,sine_level_db,-12.0,-12.0,0.0
factory_10,thd_vs_drive.csv,2,thd_ratio,0.03956,0.03956,0.0
factory_10,thd_vs_drive.csv,2,thd_db,-28.054808,-28.054808,0.0
factory_10,thd_vs_drive.csv,2,broadband_hf_db,-82.680428,-82.680428,0.0
factory_10,thd_vs_drive.csv,3,sine_level_db,-6.0,-6.0,0.0
factory_10,thd_vs_drive.csv,3,thd_ratio,0.082222,0.082222,0.0
factory_10,thd_vs_drive.csv,3,thd_db,-21.70019,-21.70019,0.0
factory_10,thd_vs_drive.csv,3,broadband_hf_db,-82.537102,-82.537102,0.0
factory_10,thd_vs_drive.csv,4,sine_level_db,0.0,0.0,0.0
factory_10,thd_vs_drive.csv,4,thd_ratio,0.144044,0.144044,0.0
factory_10,thd_vs_drive.csv,4,thd_db,-16.830074,-16.830074,0.0
factory_10,thd_vs_drive.csv,4,broadband_hf_db,-82.042854,-82.042854,0.0
factory_11,summary.csv,average_tracked_notch_db,value,-5.233921,-5.233921,0.0
factory_11,summary.csv,deepest_tracked_notch_db,value,-13.649694,-13.649694,0.0
factory_11,summary.csv,guitar_broadband_hf_db,value,-79.974991,-79.974991,0.0
factory_11,summary.csv,guitar_lr_correlation,value,0.997366,0.997366,0.0
factory_11,summary.csv,guitar_mono_fold_db,value,-0.007507,-0.007507,0.0
factory_11,summary.csv,guitar_side_to_mid_db,value,-27.619156,-27.619156,0.0
factory_11,summary.csv,sweep_broadband_hf_db,value,-82.145134,-82.145134,0.0
factory_11,summary.csv,sweep_lr_correlation,value,0.928058,0.928058,0.0
factory_11,summary.csv,sweep_mono_fold_db,value,-0.159102,-0.159102,0.0
factory_11,summary.csv,sweep_side_to_mid_db,value,-14.281286,-14.281286,0.0
factory_11,summary.csv,tracked_notch_count,value,5.0,5.0,0.0
factory_11,summary.csv,tracked_notch_high_hz,value,531.03656,531.03656,0.0
factory_11,summary.csv,tracked_notch_low_hz,value,26.167307,26.167307,0.0
factory_11,summary.csv,tracked_notch_span_oct,value,4.342974,4.342974,0.0
factory_11,summary.csv,worst_thd_db,value,-14.930276,-14.930276,0.0
factory_11,frequency_response.csv,0,time_s,0.0,0.0,0.0
factory_11,frequency_response.csv,0,freq_hz,20.0,20.0,0.0
factory_11,frequency_response.csv,0,gain_db,-8.340684,-8.340684,0.0
factory_11,frequency_response.csv,1,time_s,0.067227,0.067227,0.0
factory_11,frequency_response.csv,1,freq_hz,21.104536,21.104536,0.0
factory_11,frequency_response.csv,1,gain_db,-5.16986,-5.16986,0.0
factory_11,frequency_response.csv,2,time_s,0.134454,0.134454,0.0
factory_11,frequency_response.csv,2,freq_hz,22.270071,22.270071,0.0
factory_11,frequency_response.csv,2,gain_db,-4.590646,-4.590646,0.0
factory_11,frequency_response.csv,3,time_s,0.201681,0.201681,0.0
factory_11,frequency_response.csv,3,freq_hz,23.499975,23.499975,0.0
factory_11,frequency_response.csv,3,gain_db,-3.865808,-3.865808,0.0
factory_11,frequency_response.csv,4,time_s,0.268908,0.268908,0.0
factory_11,frequency_response.csv,4,freq_hz,24.797804,24.797804,0.0
factory_11,frequency_response.csv,4,gain_db,-2.311702,-2.311702,0.0
factory_11,frequency_response.csv,5,time_s,0.336134,0.336134,0.0
factory_11,frequency_response.csv,5,freq_hz,26.167307,26.167307,0.0
factory_11,frequency_response.csv,5,gain_db,-2.569515,-2.569515,0.0
factory_11,frequency_response.csv,6,time_s,0.403361,0.403361,0.0
factory_11,frequency_response.csv,6,freq_hz,27.612442,27.612442,0.0
factory_11,frequency_response.csv,6,gain_db,-1.426947,-1.426947,0.0
factory_11,frequency_response.csv,7,time_s,0.470588,0.470588,0.0
factory_11,frequency_response.csv,7,freq_hz,29.13739,29.13739,0.0
factory_11,frequency_response.csv,7,gain_db,-1.792955,-1.792955,0.0
factory_11,frequency_response.csv,8,time_s,0.537815,0.537815,0.0
factory_11,frequency_response.csv,8,freq_hz,30.746555,30.746555,0.0
factory_11,frequency_response.csv,8,gain_db,-1.573194,-1.573194,0.0
factory_11,frequency_response.csv,9,time_s,0.605042,0.605042,0.0
factory_11,frequency_response.csv,9,freq_hz,32.444588,32.444588,0.0
factory_11,frequency_response.csv,9,gain_db,-1.507778,-1.507778,0.0
factory_11,frequency_response.csv,10,time_s,0.672269,0.672269,0.0
factory_11,frequency_response.csv,10,freq_hz,34.236401,34.236401,0.0
factory_11,frequency_response.csv,10,gain_db,-1.519999,-1.519999,0.0
factory_11,frequency_response.csv,11,time_s,0.739496,0.739496,0.0
factory_11,frequency_response.csv,11,freq_hz,36.127167,36.127167,0.0
factory_11,frequency_response.csv,11,gain_db,-1.669906,-1.669906,0.0
factory_11,frequency_response.csv,12,time_s,0.806723,0.806723,0.0
factory_11,frequency_response.csv,12,freq_hz,38.122353,38.122353,0.0
factory_11,frequency_response.csv,12,gain_db,-1.769659,-1.769659,0.0
factory_11,frequency_response.csv,13,time_s,0.87395,0.87395,0.0
factory_11,frequency_response.csv,13,freq_hz,40.22773,40.22773,0.0
factory_11,frequency_response.csv,13,gain_db,-2.104018,-2.104018,0.0
factory_11,frequency_response.csv,14,time_s,0.941177,0.941177,0.0
factory_11,frequency_response.csv,14,freq_hz,42.449379,42.449379,0.0
factory_11,frequency_response.csv,14,gain_db,-2.321655,-2.321655,0.0
factory_11,frequency_response.csv,15,time_s,1.008403,1.008403,0.0
factory_11,frequency_response.csv,15,freq_hz,44.79372,44.79372,0.0
factory_11,frequency_response.csv,15,gain_db,-2.647446,-2.647446,0.0
factory_11,frequency_response.csv,16,time_s,1.07563,1.07563,0.0
factory_11,frequency_response.csv,16,freq_hz,47.267536,47.267536,0.0
factory_11,frequency_response.csv,16,gain_db,-3.160948,-3.160948,0.0
factory_11,frequency_response.csv,17,time_s,1.142857,1.142857,0.0
factory_11,frequency_response.csv,17,freq_hz,49.877968,49.877968,0.0
factory_11,frequency_response.csv,17,gain_db,-3.250591,-3.250591,0.0
factory_11,frequency_response.csv,18,time_s,1.210084,1.210084,0.0
factory_11,frequency_response.csv,18,freq_hz,52.632568,52.632568,0.0
factory_11,frequency_response.csv,18,gain_db,-3.786702,-3.786702,0.0
factory_11,frequency_response.csv,19,time_s,1.277311,1.277311,0.0
factory_11,frequency_response.csv,19,freq_hz,55.539299,55.539299,0.0
factory_11,frequency_response.csv,19,gain_db,-4.258291,-4.258291,0.0
factory_11,frequency_response.csv,20,time_s,1.344538,1.344538,0.0
factory_11,frequency_response.csv,20,freq_hz,58.606552,58.606552,0.0
factory_11,frequency_response.csv,20,gain_db,-4.470683,-4.470683,0.0
factory_11,frequency_response.csv,21,time_s,1.411765,1.411765,0.0
factory_11,frequency_response.csv,21,freq_hz,61.843204,61.843204,0.0
factory_11,frequency_response.csv,21,gain_db,-4.912931,-4.912931,0.0
factory_11,frequency_response.csv,22,time_s,1.478992,1.478992,0.0
factory_11,frequency_response.csv,22,freq_hz,65.258606,65.258606,0.0
factory_11,frequency_response.csv,22,gain_db,-5.248231,-5.248231,0.0
factory_11,frequency_response.csv,23,time_s,1.546218,1.546218,0.0
factory_11,frequency_response.csv,23,freq_hz,68.862625,68.862625,0.0
factory_11,frequency_response.csv,23,gain_db,-5.716372,-5.716372,0.0
factory_11,frequency_response.csv,24,time_s,1.613445,1.613445,0.0
factory_11,frequency_response.csv,24,freq_hz,72.665695,72.665695,0.0
factory_11,frequency_response.csv,24,gain_db,-5.735654,-5.735654,0.0
factory_11,frequency_response.csv,25,time_s,1.680672,1.680672,0.0
factory_11,frequency_response.csv,25,freq_hz,76.678787,76.678787,0.0
factory_11,frequency_response.csv,25,gain_db,-6.081493,-6.081493,0.0
factory_11,frequency_response.csv,26,time_s,1.747899,1.747899,0.0
factory_11,frequency_response.csv,26,freq_hz,80.913506,80.913506,0.0
factory_11,frequency_response.csv,26,gain_db,-5.918606,-5.918606,0.0
factory_11,frequency_response.csv,27,time_s,1.815126,1.815126,0.0
factory_11,frequency_response.csv,27,freq_hz,85.382095,85.382095,0.0
factory_11,frequency_response.csv,27,gain_db,-5.896994,-5.896994,0.0
factory_11,frequency_response.csv,28,time_s,1.882353,1.882353,0.0
factory_11,frequency_response.csv,28,freq_hz,90.097488,90.097488,0.0
factory_11,frequency_response.csv,28,gain_db,-5.726733,-5.726733,0.0
factory_11,frequency_response.csv,29,time_s,1.94958,1.94958,0.0
factory_11,frequency_response.csv,29,freq_hz,95.073273,95.073273,0.0
factory_11,frequency_response.csv,29,gain_db,-5.070562,-5.070562,0.0
factory_11,frequency_response.csv,30,time_s,2.016807,2.016807,0.0
factory_11,frequency_response.csv,30,freq_hz,100.323875,100.323875,0.0
factory_11,frequency_response.csv,30,gain_db,-4.724247,-4.724247,0.0
factory_11,frequency_response.csv,31,time_s,2.084034,2.084034,0.0
factory_11,frequency_response.csv,31,freq_hz,105.864441,105.864441,0.0
factory_11,frequency_response.csv,31,gain_db,-4.017214,-4.017214,0.0
factory_11,frequency_response.csv,32,time_s,2.151261,2.151261,0.0
factory_11,frequency_response.csv,32,freq_hz,111.710999,111.710999,0.0
factory_11,frequency_response.csv,32,gain_db,-3.379294,-3.379294,0.0
factory_11,frequency_response.csv,33,time_s,2.218488,2.218488,0.0
factory_11,frequency_response.csv,33,freq_hz,117.880432,117.880432,0.0
factory_11,frequency_response.csv,33,gain_db,-2.832525,-2.832525,0.0
factory_11,frequency_response.csv,34,time_s,2.285714,2.285714,0.0
factory_11,frequency_response.csv,34,freq_hz,124.390594,124.390594,0.0
factory_11,frequency_response.csv,34,gain_db,-2.446756,-2.446756,0.0
factory_11,frequency_response.csv,35,time_s,2.352941,2.352941,0.0
factory_11,frequency_response.csv,35,freq_hz,131.260284,131.260284,0.0
factory_11,frequency_response.csv,35,gain_db,-2.198215,-2.198215,0.0
factory_11,frequency_response.csv,36,time_s,2.420168,2.420168,0.0
factory_11,frequency_response.csv,36,freq_hz,138.509369,138.509369,0.0
factory_11,frequency_response.csv,36,gain_db,-2.057503,-2.057503,0.0
factory_11,frequency_response.csv,37,time_s,2.487395,2.487395,0.0
factory_11,frequency_response.csv,37,freq_hz,146.158783,146.158783,0.0
factory_11,frequency_response.csv,37,gain_db,-1.925818,-1.925818,0.0
factory_11,frequency_response.csv,38,time_s,2.554622,2.554622,0.0
factory_11,frequency_response.csv,38,freq_hz,154.230667,154.230667,0.0
factory_11,frequency_response.csv,38,gain_db,-2.002346,-2.002346,0.0
factory_11,frequency_response.csv,39,time_s,2.621849,2.621849,0.0
factory_11,frequency_response.csv,39,freq_hz,162.748337,162.748337,0.0
factory_11,frequency_response.csv,39,gain_db,-2.022321,-2.022321,0.0
factory_11,frequency_response.csv,40,time_s,2.689076,2.689076,0.0
factory_11,frequency_response.csv,40,freq_hz,171.73642,171.73642,0.0
factory_11,frequency_response.csv,40,gain_db,-2.031308,-2.031308,0.0
factory_11,frequency_response.csv,41,time_s,2.756303,2.756303,0.0
factory_11,frequency_response.csv,41,freq_hz,181.220856,181.220856,0.0
factory_11,frequency_response.csv,41,gain_db,-2.047058,-2.047058,0.0
factory_11,frequency_response.csv,42,time_s,2.823529,2.823529,0.0
factory_11,frequency_response.csv,42,freq_hz,191.229095,191.229095,0.0
factory_11,frequency_response.csv,42,gain_db,-2.075946,-2.075946,0.0
factory_11,frequency_response.csv,43,time_s,2.890756,2.890756,0.0
factory_11,frequency_response.csv,43,freq_hz,201.79007,201.79007,0.0
factory_11,frequency_response.csv,43,gain_db,-2.073999,-2.073999,0.0
factory_11,frequency_response.csv,44,time_s,2.957983,2.957983,0.0
factory_11,frequency_response.csv,44,freq_hz,212.93428,212.93428,0.0
factory_11,frequency_response.csv,44,gain_db,-1.975427,-1.975427,0.0
factory_11,frequency_response.csv,45,time_s,3.02521,3.02521,0.0
factory_11,frequency_response.csv,45,freq_hz,224.69397,224.69397,0.0
factory_11,frequency_response.csv,45,gain_db,-1.964891,-1.964891,0.0
factory_11,frequency_response.csv,46,time_s,3.092437,3.092437,0.0
factory_11,frequency_response.csv,46,freq_hz,237.103104,237.103104,0.0
factory_11,frequency_response.csv,46,gain_db,-1.950384,-1.950384,0.0
factory_11,frequency_response.csv,47,time_s,3.159664,3.159664,0.0
factory_11,frequency_response.csv,47,freq_hz,250.19754,250.19754,0.0
factory_11,frequency_response.csv,47,gain_db,-1.939388,-1.939388,0.0
factory_11,frequency_response.csv,48,time_s,3.226891,3.226891,0.0
factory_11,frequency_response.csv,48,freq_hz,264.015137,264.015137,0.0
factory_11,frequency_response.csv,48,gain_db,-1.954583,-1.954583,0.0
factory_11,frequency_response.csv,49,time_s,3.294118,3.294118,0.0
factory_11,frequency_response.csv,49,freq_hz,278.595856,278.595856,0.0
factory_11,frequency_response.csv,49,gain_db,-2.013394,-2.013394,0.0
factory_11,frequency_response.csv,50,time_s,3.361345,3.361345,0.0
factory_11,frequency_response.csv,50,freq_hz,293.981812,293.981812,0.0
factory_11,frequency_response.csv,50,gain_db,-2.131141,-2.131141,0.0
factory_11,frequency_response.csv,51,time_s,3.428571,3.428571,0.0
factory_11,frequency_response.csv,51,freq_hz,310.217468,310.217468,0.0
factory_11,frequency_response.csv,51,gain_db,-2.189312,-2.189312,0.0
factory_11,frequency_response.csv,52,time_s,3.495798,3.495798,0.0
factory_11,frequency_response.csv,52,freq_hz,327.349792,327.349792,0.0
factory_11,frequency_response.csv,52,gain_db,-2.198678,-2.198678,0.0
factory_11,frequency_response.csv,53,time_s,3.563025,3.563025,0.0
factory_11,frequency_response.csv,53,freq_hz,345.428284,345.428284,0.0
factory_11,frequency_response.csv,53,gain_db,-2.24615,-2.24615,0.0
factory_11,frequency_response.csv,54,time_s,3.630252,3.630252,0.0
factory_11,frequency_response.csv,54,freq_hz,364.505157,364.505157,0.0
factory_11,frequency_response.csv,54,gain_db,-2.438109,-2.438109,0.0
factory_11,frequency_response.csv,55,time_s,3.697479,3.697479,0.0
factory_11,frequency_response.csv,55,freq_hz,384.63562,384.63562,0.0
factory_11,frequency_response.csv,55,gain_db,-2.823432,-2.823432,0.0
factory_11,frequency_response.csv,56,time_s,3.764706,3.764706,0.0
factory_11,frequency_response.csv,56,freq_hz,405.877808,405.877808,0.0
factory_11,frequency_response.csv,56,gain_db,-3.552973,-3.552973,0.0
factory_11,frequency_response.csv,57,time_s,3.831933,3.831933,0.0
factory_11,frequency_response.csv,57,freq_hz,428.293121,428.293121,0.0
factory_11,frequency_response.csv,57,gain_db,-4.787381,-4.787381,0.0
factory_11,frequency_response.csv,58,time_s,3.89916,3.89916,0.0
factory_11,frequency_response.csv,58,freq_hz,451.946381,451.946381,0.0
factory_11,frequency_response.csv,58,gain_db,-6.755817,-6.755817,0.0
factory_11,frequency_response.csv,59,time_s,3.966387,3.966387,0.0
factory_11,frequency_response.csv,59,freq_hz,476.905945,476.905945,0.0
factory_11,frequency_response.csv,59,gain_db,-9.402235,-9.402235,0.0
factory_11,frequency_response.csv,60,time_s,4.033614,4.033614,0.0
factory_11,frequency_response.csv,60,freq_hz,503.244019,503.244019,0.0
factory_11,frequency_response.csv,60,gain_db,-12.085749,-12.085749,0.0
factory_11,frequency_response.csv,61,time_s,4.100841,4.100841,0.0
factory_11,frequency_response.csv,61,freq_hz,531.03656,531.03656,0.0
factory_11,frequency_response.csv,61,gain_db,-13.649694,-13.649694,0.0
factory_11,frequency_response.csv,62,time_s,4.168067,4.168067,0.0
factory_11,frequency_response.csv,62,freq_hz,560.364014,560.364014,0.0
factory_11,frequency_response.csv,62,gain_db,-13.187562,-13.187562,0.0
factory_11,frequency_response.csv,63,time_s,4.235294,4.235294,0.0
factory_11,frequency_response.csv,63,freq_hz,591.311096,591.311096,0.0
factory_11,frequency_response.csv,63,gain_db,-11.497623,-11.497623,0.0
factory_11,frequency_response.csv,64,time_s,4.302521,4.302521,0.0
factory_11,frequency_response.csv,64,freq_hz,623.967346,623.967346,0.0
factory_11,frequency_response.csv,64,gain_db,-9.739162,-9.739162,0.0
factory_11,frequency_response.csv,65,time_s,4.369748,4.369748,0.0
factory_11,frequency_response.csv,65,freq_hz,658.427063,658.427063,0.0
factory_11,frequency_response.csv,65,gain_db,-8.332611,-8.332611,0.0
factory_11,frequency_response.csv,66,time_s,4.436975,4.436975,0.0
factory_11,frequency_response.csv,66,freq_hz,694.789795,694.789795,0.0
factory_11,frequency_response.csv,66,gain_db,-7.19696,-7.19696,0.0
factory_11,frequency_response.csv,67,time_s,4.504202,4.504202,0.0
factory_11,frequency_response.csv,67,freq_hz,733.160889,733.160889,0.0
factory_11,frequency_response.csv,67,gain_db,-6.249285,-6.249285,0.0
factory_11,frequency_response.csv,68,time_s,4.571429,4.571429,0.0
factory_11,frequency_response.csv,68,freq_hz,773.651001,773.651001,0.0
factory_11,frequency_response.csv,68,gain_db,-5.296194,-5.296194,0.0
factory_11,frequency_response.csv,69,time_s,4.638656,4.638656,0.0
factory_11,frequency_response.csv,69,freq_hz,816.377197,816.377197,0.0
factory_11,frequency_response.csv,69,gain_db,-4.298017,-4.298017,0.0
factory_11,frequency_response.csv,70,time_s,4.705883,4.705883,0.0
factory_11,frequency_response.csv,70,freq_hz,861.463074,861.463074,0.0
factory_11,frequency_response.csv,70,gain_db,-3.234823,-3.234823,0.0
factory_11,frequency_response.csv,71,time_s,4.773109,4.773109,0.0
factory_11,frequency_response.csv,71,freq_hz,909.03894,909.03894,0.0
factory_11,frequency_response.csv,71,gain_db,-2.282245,-2.282245,0.0
factory_11,frequency_response.csv,72,time_s,4.840336,4.840336,0.0
factory_11,frequency_response.csv,72,freq_hz,959.242249,959.242249,0.0
factory_11,frequency_response.csv,72,gain_db,-1.622507,-1.622507,0.0
factory_11,frequency_response.csv,73,time_s,4.907563,4.907563,0.0
factory_11,frequency_response.csv,73,freq_hz,1012.218079,1012.218079,0.0
factory_11,frequency_response.csv,73,gain_db,-1.205911,-1.205911,0.0
factory_11,frequency_response.csv,74,time_s,4.97479,4.97479,0.0
factory_11,frequency_response.csv,74,freq_hz,1068.119629,1068.119629,0.0
factory_11,frequency_response.csv,74,gain_db,-0.959958,-0.959958,0.0
factory_11,frequency_response.csv,75,time_s,5.042017,5.042017,0.0
factory_11,frequency_response.csv,75,freq_hz,1127.108398,1127.108398,0.0
factory_11,frequency_response.csv,75,gain_db,-0.816282,-0.816282,0.0
factory_11,frequency_response.csv,76,time_s,5.109244,5.109244,0.0
factory_11,frequency_response.csv,76,freq_hz,1189.355103,1189.355103,0.0
factory_11,frequency_response.csv,76,gain_db,-0.739061,-0.739061,0.0
factory_11,frequency_response.csv,77,time_s,5.176471,5.176471,0.0
factory_11,frequency_response.csv,77,freq_hz,1255.039307,1255.039307,0.0
factory_11,frequency_response.csv,77,gain_db,-0.716064,-0.716064,0.0
factory_11,frequency_response.csv,78,time_s,5.243698,5.243698,0.0
factory_11,frequency_response.csv,78,freq_hz,1324.351074,1324.351074,0.0
factory_11,frequency_response.csv,78,gain_db,-0.716573,-0.716573,0.0
factory_11,frequency_response.csv,79,time_s,5.310925,5.310925,0.0
factory_11,frequency_response.csv,79,freq_hz,1397.490845,1397.490845,0.0
factory_11,frequency_response.csv,79,gain_db,-0.736838,-0.736838,0.0
factory_11,frequency_response.csv,80,time_s,5.378151,5.378151,0.0
factory_11,frequency_response.csv,80,freq_hz,1474.669678,1474.669678,0.0
factory_11,frequency_response.csv,80,gain_db,-0.771195,-0.771195,0.0
factory_11,frequency_response.csv,81,time_s,5.445378,5.445378,0.0
factory_11,frequency_response.csv,81,freq_hz,1556.110962,1556.110962,0.0
factory_11,frequency_response.csv,81,gain_db,-0.811514,-0.811514,0.0
factory_11,frequency_response.csv,82,time_s,5.512605,5.512605,0.0
factory_11,frequency_response.csv,82,freq_hz,1642.050049,1642.050049,0.0
factory_11,frequency_response.csv,82,gain_db,-0.856979,-0.856979,0.0
factory_11,frequency_response.csv,83,time_s,5.579832,5.579832,0.0
factory_11,frequency_response.csv,83,freq_hz,1732.735107,1732.735107,0.0
factory_11,frequency_response.csv,83,gain_db,-0.908173,-0.908173,0.0
factory_11,frequency_response.csv,84,time_s,5.647059,5.647059,0.0
factory_11,frequency_response.csv,84,freq_hz,1828.428467,1828.428467,0.0
factory_11,frequency_response.csv,84,gain_db,-0.96044,-0.96044,0.0
factory_11,frequency_response.csv,85,time_s,5.714286,5.714286,0.0
factory_11,frequency_response.csv,85,freq_hz,1929.406738,1929.406738,0.0
factory_11,frequency_response.csv,85,gain_db,-1.013903,-1.013903,0.0
factory_11,frequency_response.csv,86,time_s,5.781513,5.781513,0.0
factory_11,frequency_response.csv,86,freq_hz,2035.96167,2035.96167,0.0
factory_11,frequency_response.csv,86,gain_db,-1.068742,-1.068742,0.0
factory_11,frequency_response.csv,87,time_s,5.84874,5.84874,0.0
factory_11,frequency_response.csv,87,freq_hz,2148.401367,2148.401367,0.0
factory_11,frequency_response.csv,87,gain_db,-1.124048,-1.124048,0.0
factory_11,frequency_response.csv,88,time_s,5.915967,5.915967,0.0
factory_11,frequency_response.csv,88,freq_hz,2267.050537,2267.050537,0.0
factory_11,frequency_response.csv,88,gain_db,-1.187173,-1.187173,0.0
factory_11,frequency_response.csv,89,time_s,5.983193,5.983193,0.0
factory_11,frequency_response.csv,89,freq_hz,2392.252441,2392.252441,0.0
factory_11,frequency_response.csv,89,gain_db,-1.246425,-1.246425,0.0
factory_11,frequency_response.csv,90,time_s,6.05042,6.05042,0.0
factory_11,frequency_response.csv,90,freq_hz,2524.368896,2524.368896,0.0
factory_11,frequency_response.csv,90,gain_db,-1.304714,-1.304714,0.0
factory_11,frequency_response.csv,91,time_s,6.117647,6.117647,0.0
factory_11,frequency_response.csv,91,freq_hz,2663.781738,2663.781738,0.0
factory_11,frequency_response.csv,91,gain_db,-1.371438,-1.371438,0.0
factory_11,frequency_response.csv,92,time_s,6.184874,6.184874,0.0
factory_11,frequency_response.csv,92,freq_hz,2810.893799,2810.893799,0.0
factory_11,frequency_response.csv,92,gain_db,-1.435303,-1.435303,0.0
factory_11,frequency_response.csv,93,time_s,6.252101,6.252101,0.0
factory_11,frequency_response.csv,93,freq_hz,2966.130371,2966.130371,0.0
factory_11,frequency_response.csv,93,gain_db,-1.501126,-1.501126,0.0
factory_11,frequency_response.csv,94,time_s,6.319328,6.319328,0.0
factory_11,frequency_response.csv,94,freq_hz,3129.94043,3129.94043,0.0
factory_11,frequency_response.csv,94,gain_db,-1.571414,-1.571414,0.0
factory_11,frequency_response.csv,95,time_s,6.386555,6.386555,0.0
factory_11,frequency_response.csv,95,freq_hz,3302.796875,3302.796875,0.0
factory_11,frequency_response.csv,95,gain_db,-1.644128,-1.644128,0.0
factory_11,frequency_response.csv,96,time_s,6.453782,6.453782,0.0
factory_11,frequency_response.csv,96,freq_hz,3485.199951,3485.199951,0.0
factory_11,frequency_response.csv,96,gain_db,-1.718326,-1.718326,0.0
factory_11,frequency_response.csv,97,time_s,6.521008,6.521008,0.0
factory_11,frequency_response.csv,97,freq_hz,3677.676025,3677.676025,0.0
factory_11,frequency_response.csv,97,gain_db,-1.793908,-1.793908,0.0
factory_11,frequency_response.csv,98,time_s,6.588235,6.588235,0.0
factory_11,frequency_response.csv,98,freq_hz,3880.782471,3880.782471,0.0
factory_11,frequency_response.csv,98,gain_db,-1.876006,-1.876006,0.0
factory_11,frequency_response.csv,99,time_s,6.655462,6.655462,0.0
factory_11,frequency_response.csv,99,freq_hz,4095.105469,4095.105469,0.0
factory_11,frequency_response.csv,99,gain_db,-1.95891,-1.95891,0.0
factory_11,frequency_response.csv,100,time_s,6.722689,6.722689,0.0
factory_11,frequency_response.csv,100,freq_hz,4321.265137,4321.265137,0.0
factory_11,frequency_response.csv,100,gain_db,-2.039706,-2.039706,0.0
factory_11,frequency_response.csv,101,time_s,6.789916,6.789916,0.0
factory_11,frequency_response.csv,101,freq_hz,4559.914551,4559.914551,0.0
factory_11,frequency_response.csv,101,gain_db,-2.132706,-2.132706,0.0
factory_11,frequency_response.csv,102,time_s,6.857143,6.857143,0.0
factory_11,frequency_response.csv,102,freq_hz,4811.744141,4811.744141,0.0
factory_11,frequency_response.csv,102,gain_db,-2.227298,-2.227298,0.0
factory_11,frequency_response.csv,103,time_s,6.92437,6.92437,0.0
factory_11,frequency_response.csv,103,freq_hz,5077.481445,5077.481445,0.0
factory_11,frequency_response.csv,103,gain_db,-2.324617,-2.324617,0.0
factory_11,frequency_response.csv,104,time_s,6.991597,6.991597,0.0
factory_11,frequency_response.csv,104,freq_hz,5357.894531,5357.894531,0.0
factory_11,frequency_response.csv,104,gain_db,-2.421137,-2.421137,0.0
factory_11,frequency_response.csv,105,time_s,7.058824,7.058824,0.0
factory_11,frequency_response.csv,105,freq_hz,5653.793457,5653.793457,0.0
factory_11,frequency_response.csv,105,gain_db,-2.521482,-2.521482,0.0
factory_11,frequency_response.csv,106,time_s,7.12605,7.12605,0.0
factory_11,frequency_response.csv,106,freq_hz,5966.034668,5966.034668,0.0
factory_11,frequency_response.csv,106,gain_db,-2.617192,-2.617192,0.0
factory_11,frequency_response.csv,107,time_s,7.193277,7.193277,0.0
factory_11,frequency_response.csv,107,freq_hz,6295.519531,6295.519531,0.0
factory_11,frequency_response.csv,107,gain_db,-2.714652,-2.714652,0.0
factory_11,frequency_response.csv,108,time_s,7.260504,7.260504,0.0
factory_11,frequency_response.csv,108,freq_hz,6643.200684,6643.200684,0.0
factory_11,frequency_response.csv,108,gain_db,-2.815531,-2.815531,0.0
factory_11,frequency_response.csv,109,time_s,7.327731,7.327731,0.0
factory_11,frequency_response.csv,109,freq_hz,7010.083008,7010.083008,0.0
factory_11,frequency_response.csv,109,gain_db,-2.909124,-2.909124,0.0
factory_11,frequency_response.csv,110,time_s,7.394958,7.394958,0.0
factory_11,frequency_response.csv,110,freq_hz,7397.227539,7397.227539,0.0
factory_11,frequency_response.csv,110,gain_db,-3.002896,-3.002896,0.0
factory_11,frequency_response.csv,111,time_s,7.462185,7.462185,0.0
factory_11,frequency_response.csv,111,freq_hz,7805.752441,7805.752441,0.0
factory_11,frequency_response.csv,111,gain_db,-3.093147,-3.093147,0.0
factory_11,frequency_response.csv,112,time_s,7.529412,7.529412,0.0
factory_11,frequency_response.csv,112,freq_hz,8236.839844,8236.839844,0.0
factory_11,frequency_response.csv,112,gain_db,-3.176708,-3.176708,0.0
factory_11,frequency_response.csv,113,time_s,7.596639,7.596639,0.0
factory_11,frequency_response.csv,113,freq_hz,8691.733398,8691.733398,0.0
factory_11,frequency_response.csv,113,gain_db,-3.267567,-3.267567,0.0
factory_11,frequency_response.csv,114,time_s,7.663866,7.663866,0.0
factory_11,frequency_response.csv,114,freq_hz,9171.75,9171.75,0.0
factory_11,frequency_response.csv,114,gain_db,-3.336995,-3.336995,0.0
factory_11,frequency_response.csv,115,time_s,7.731092,7.731092,0.0
factory_11,frequency_response.csv,115,freq_hz,9678.276367,9678.276367,0.0
factory_11,frequency_response.csv,115,gain_db,-3.4066,-3.4066,0.0
factory_11,frequency_response.csv,116,time_s,7.798319,7.798319,0.0
factory_11,frequency_response.csv,116,freq_hz,10212.776367,10212.776367,0.0
factory_11,frequency_response.csv,116,gain_db,-3.479682,-3.479682,0.0
factory_11,frequency_response.csv,117,time_s,7.865546,7.865546,0.0
factory_11,frequency_response.csv,117,freq_hz,10776.795898,10776.795898,0.0
factory_11,frequency_response.csv,117,gain_db,-3.535174,-3.535174,0.0
factory_11,frequency_response.csv,118,time_s,7.932773,7.932773,0.0
factory_11,frequency_response.csv,118,freq_hz,11371.962891,11371.962891,0.0
factory_11,frequency_response.csv,118,gain_db,-3.593549,-3.593549,0.0
factory_11,frequency_response.csv,119,time_s,8.0,8.0,0.0
factory_11,frequency_response.csv,119,freq_hz,12000.0,12000.0,0.0
factory_11,frequency_response.csv,119,gain_db,-3.638025,-3.638025,0.0
factory_11,notch_tracking.csv,0,time_s,0.336134,0.336134,0.0
factory_11,notch_tracking.csv,0,freq_hz,26.167307,26.167307,0.0
factory_11,notch_tracking.csv,0,notch_depth_db,-2.569515,-2.569515,0.0
factory_11,notch_tracking.csv,1,time_s,0.470588,0.470588,0.0
factory_11,notch_tracking.csv,1,freq_hz,29.13739,29.13739,0.0
factory_11,notch_tracking.csv,1,notch_depth_db,-1.792955,-1.792955,0.0
factory_11,notch_tracking.csv,2,time_s,1.680672,1.680672,0.0
factory_11,notch_tracking.csv,2,freq_hz,76.678787,76.678787,0.0
factory_11,notch_tracking.csv,2,notch_depth_db,-6.081493,-6.081493,0.0
factory_11,notch_tracking.csv,3,time_s,2.823529,2.823529,0.0
factory_11,notch_tracking.csv,3,freq_hz,191.229095,191.229095,0.0
factory_11,notch_tracking.csv,3,notch_depth_db,-2.075946,-2.075946,0.0
factory_11,notch_tracking.csv,4,time_s,4.100841,4.100841,0.0
factory_11,notch_tracking.csv,4,freq_hz,531.03656,531.03656,0.0
factory_11,notch_tracking.csv,4,notch_depth_db,-13.649694,-13.649694,0.0
factory_11,thd_vs_drive.csv,0,sine_level_db,-24.0,-24.0,0.0
factory_11,thd_vs_drive.csv,0,thd_ratio,0.022695,0.022695,0.0
factory_11,thd_vs_drive.csv,0,thd_db,-32.881336,-32.881336,0.0
factory_11,thd_vs_drive.csv,0,broadband_hf_db,-82.682076,-82.682076,0.0
factory_11,thd_vs_drive.csv,1,sine_level_db,-18.0,-18.0,0.0
factory_11,thd_vs_drive.csv,1,thd_ratio,0.047932,0.047932,0.0
factory_11,thd_vs_drive.csv,1,thd_db,-26.387442,-26.387442,0.0
factory_11,thd_vs_drive.csv,1,broadband_hf_db,-82.683685,-82.683685,0.0
factory_11,thd_vs_drive.csv,2,sine_level_db,-12.0,-12.0,0.0
factory_11,thd_vs_drive.csv,2,thd_ratio,0.096268,0.096268,0.0
factory_11,thd_vs_drive.csv,2,thd_db,-20.330368,-20.330368,0.0
factory_11,thd_vs_drive.csv,2,broadband_hf_db,-82.68409,-82.68409,0.0
factory_11,thd_vs_drive.csv,3,sine_level_db,-6.0,-6.0,0.0
factory_11,thd_vs_drive.csv,3,thd_ratio,0.147546,0.147546,0.0
factory_11,thd_vs_drive.csv,3,thd_db,-16.621441,-16.621441,0.0
factory_11,thd_vs_drive.csv,3,broadband_hf_db,-80.731804,-80.731804,0.0
factory_11,thd_vs_drive.csv,4,sine_level_db,0.0,0.0,0.0
factory_11,thd_vs_drive.csv,4,thd_ratio,0.179261,0.179261,0.0
factory_11,thd_vs_drive.csv,4,thd_db,-14.930276,-14.930276,0.0
factory_11,thd_vs_drive.csv,4,broadband_hf_db,-66.346199,-66.346199,0.0
factory_2,summary.csv,average_tracked_notch_db,value,-7.296133,-7.296133,0.0
factory_2,summary.csv,deepest_tracked_notch_db,value,-11.890899,-11.890899,0.0
factory_2,summary.csv,guitar_broadband_hf_db,value,-81.026901,-81.026901,0.0
factory_2,summary.csv,guitar_lr_correlation,value,0.972586,0.972586,0.0
factory_2,summary.csv,guitar_mono_fold_db,value,-0.061052,-0.061052,0.0
factory_2,summary.csv,guitar_side_to_mid_db,value,-18.490299,-18.490299,0.0
factory_2,summary.csv,sweep_broadband_hf_db,value,-82.31517,-82.31517,0.0
factory_2,summary.csv,sweep_lr_correlation,value,0.992274,0.992274,0.0
factory_2,summary.csv,sweep_mono_fold_db,value,-0.01681,-0.01681,0.0
factory_2,summary.csv,sweep_side_to_mid_db,value,-24.113789,-24.113789,0.0
factory_2,summary.csv,tracked_notch_count,value,17.0,17.0,0.0
factory_2,summary.csv,tracked_notch_high_hz,value,9678.276367,9678.276367,0.0
factory_2,summary.csv,tracked_notch_low_hz,value,23.499975,23.499975,0.0
factory_2,summary.csv,tracked_notch_span_oct,value,8.685947,8.685947,0.0
factory_2,summary.csv,worst_thd_db,value,-17.11455,-17.11455,0.0
factory_2,frequency_response.csv,0,time_s,0.0,0.0,0.0
factory_2,frequency_response.csv,0,freq_hz,20.0,20.0,0.0
factory_2,frequency_response.csv,0,gain_db,-7.21878,-7.21878,0.0
factory_2,frequency_response.csv,1,time_s,0.067227,0.067227,0.0
factory_2,frequency_response.csv,1,freq_hz,21.104536,21.104536,0.0
factory_2,frequency_response.csv,1,gain_db,-5.206745,-5.206745,0.0
factory_2,frequency_response.csv,2,time_s,0.134454,0.134454,0.0
factory_2,frequency_response.csv,2,freq_hz,22.270071,22.270071,0.0
factory_2,frequency_response.csv,2,gain_db,-5.7333,-5.7333,0.0
factory_2,frequency_response.csv,3,time_s,0.201681,0.201681,0.0
factory_2,frequency_response.csv,3,freq_hz,23.499975,23.499975,0.0
factory_2,frequency_response.csv,3,gain_db,-7.608416,-7.608416,0.0
factory_2,frequency_response.csv,4,time_s,0.268908,0.268908,0.0
factory_2,frequency_response.csv,4,freq_hz,24.797804,24.797804,0.0
factory_2,frequency_response.csv,4,gain_db,-7.511256,-7.511256,0.0
factory_2,frequency_response.csv,5,time_s,0.336134,0.336134,0.0
factory_2,frequency_response.csv,5,freq_hz,26.167307,26.167307,0.0
factory_2,frequency_response.csv,5,gain_db,-6.217108,-6.217108,0.0
factory_2,frequency_response.csv,6,time_s,0.403361,0.403361,0.0
factory_2,frequency_response.csv,6,freq_hz,27.612442,27.612442,0.0
factory_2,frequency_response.csv,6,gain_db,-5.829666,-5.829666,0.0
factory_2,frequency_response.csv,7,time_s,0.470588,0.470588,0.0
factory_2,frequency_response.csv,7,freq_hz,29.13739,29.13739,0.0
factory_2,frequency_response.csv,7,gain_db,-6.508185,-6.508185,0.0
factory_2,frequency_response.csv,8,time_s,0.537815,0.537815,0.0
factory_2,frequency_response.csv,8,freq_hz,30.746555,30.746555,0.0
factory_2,frequency_response.csv,8,gain_db,-7.769332,-7.769332,0.0
factory_2,frequency_response.csv,9,time_s,0.605042,0.605042,0.0
factory_2,frequency_response.csv,9,freq_hz,32.444588,32.444588,0.0
factory_2,frequency_response.csv,9,gain_db,-5.619419,-5.619419,0.0
factory_2,frequency_response.csv,10,time_s,0.672269,0.672269,0.0
factory_2,frequency_response.csv,10,freq_hz,34.236401,34.236401,0.0
factory_2,frequency_response.csv,10,gain_db,-2.3198,-2.3198,0.0
factory_2,frequency_response.csv,11,time_s,0.739496,0.739496,0.0
factory_2,frequency_response.csv,11,freq_hz,36.127167,36.127167,0.0
factory_2,frequency_response.csv,11,gain_db,-1.541059,-1.541059,0.0
factory_2,frequency_response.csv,12,time_s,0.806723,0.806723,0.0
factory_2,frequency_response.csv,12,freq_hz,38.122353,38.122353,0.0
factory_2,frequency_response.csv,12,gain_db,-1.608953,-1.608953,0.0
factory_2,frequency_response.csv,13,time_s,0.87395,0.87395,0.0
factory_2,frequency_response.csv,13,freq_hz,40.22773,40.22773,0.0
factory_2,frequency_response.csv,13,gain_db,-1.611876,-1.611876,0.0
factory_2,frequency_response.csv,14,time_s,0.941177,0.941177,0.0
factory_2,frequency_response.csv,14,freq_hz,42.449379,42.449379,0.0
factory_2,frequency_response.csv,14,gain_db,-1.731082,-1.731082,0.0
factory_2,frequency_response.csv,15,time_s,1.008403,1.008403,0.0
factory_2,frequency_response.csv,15,freq_hz,44.79372,44.79372,0.0
factory_2,frequency_response.csv,15,gain_db,-2.729069,-2.729069,0.0
factory_2,frequency_response.csv,16,time_s,1.07563,1.07563,0.0
factory_2,frequency_response.csv,16,freq_hz,47.267536,47.267536,0.0
factory_2,frequency_response.csv,16,gain_db,-7.075431,-7.075431,0.0
factory_2,frequency_response.csv,17,time_s,1.142857,1.142857,0.0
factory_2,frequency_response.csv,17,freq_hz,49.877968,49.877968,0.0
factory_2,frequency_response.csv,17,gain_db,-9.078218,-9.078218,0.0
factory_2,frequency_response.csv,18,time_s,1.210084,1.210084,0.0
factory_2,frequency_response.csv,18,freq_hz,52.632568,52.632568,0.0
factory_2,frequency_response.csv,18,gain_db,-8.621393,-8.621393,0.0
factory_2,frequency_response.csv,19,time_s,1.277311,1.277311,0.0
factory_2,frequency_response.csv,19,freq_hz,55.539299,55.539299,0.0
factory_2,frequency_response.csv,19,gain_db,-4.87951,-4.87951,0.0
factory_2,frequency_response.csv,20,time_s,1.344538,1.344538,0.0
factory_2,frequency_response.csv,20,freq_hz,58.606552,58.606552,0.0
factory_2,frequency_response.csv,20,gain_db,-1.751664,-1.751664,0.0
factory_2,frequency_response.csv,21,time_s,1.411765,1.411765,0.0
factory_2,frequency_response.csv,21,freq_hz,61.843204,61.843204,0.0
factory_2,frequency_response.csv,21,gain_db,-2.044724,-2.044724,0.0
factory_2,frequency_response.csv,22,time_s,1.478992,1.478992,0.0
factory_2,frequency_response.csv,22,freq_hz,65.258606,65.258606,0.0
factory_2,frequency_response.csv,22,gain_db,-3.999922,-3.999922,0.0
factory_2,frequency_response.csv,23,time_s,1.546218,1.546218,0.0
factory_2,frequency_response.csv,23,freq_hz,68.862625,68.862625,0.0
factory_2,frequency_response.csv,23,gain_db,-5.814737,-5.814737,0.0
factory_2,frequency_response.csv,24,time_s,1.613445,1.613445,0.0
factory_2,frequency_response.csv,24,freq_hz,72.665695,72.665695,0.0
factory_2,frequency_response.csv,24,gain_db,-5.740466,-5.740466,0.0
factory_2,frequency_response.csv,25,time_s,1.680672,1.680672,0.0
factory_2,frequency_response.csv,25,freq_hz,76.678787,76.678787,0.0
factory_2,frequency_response.csv,25,gain_db,-4.299908,-4.299908,0.0
factory_2,frequency_response.csv,26,time_s,1.747899,1.747899,0.0
factory_2,frequency_response.csv,26,freq_hz,80.913506,80.913506,0.0
factory_2,frequency_response.csv,26,gain_db,-2.311101,-2.311101,0.0
factory_2,frequency_response.csv,27,time_s,1.815126,1.815126,0.0
factory_2,frequency_response.csv,27,freq_hz,85.382095,85.382095,0.0
factory_2,frequency_response.csv,27,gain_db,-1.926345,-1.926345,0.0
factory_2,frequency_response.csv,28,time_s,1.882353,1.882353,0.0
factory_2,frequency_response.csv,28,freq_hz,90.097488,90.097488,0.0
factory_2,frequency_response.csv,28,gain_db,-3.619283,-3.619283,0.0
factory_2,frequency_response.csv,29,time_s,1.94958,1.94958,0.0
factory_2,frequency_response.csv,29,freq_hz,95.073273,95.073273,0.0
factory_2,frequency_response.csv,29,gain_db,-3.398417,-3.398417,0.0
factory_2,frequency_response.csv,30,time_s,2.016807,2.016807,0.0
factory_2,frequency_response.csv,30,freq_hz,100.323875,100.323875,0.0
factory_2,frequency_response.csv,30,gain_db,-1.979965,-1.979965,0.0
factory_2,frequency_response.csv,31,time_s,2.084034,2.084034,0.0
factory_2,frequency_response.csv,31,freq_hz,105.864441,105.864441,0.0
factory_2,frequency_response.csv,31,gain_db,-2.078347,-2.078347,0.0
factory_2,frequency_response.csv,32,time_s,2.151261,2.151261,0.0
factory_2,frequency_response.csv,32,freq_hz,111.710999,111.710999,0.0
factory_2,frequency_response.csv,32,gain_db,-5.715054,-5.715054,0.0
factory_2,frequency_response.csv,33,time_s,2.218488,2.218488,0.0
factory_2,frequency_response.csv,33,freq_hz,117.880432,117.880432,0.0
factory_2,frequency_response.csv,33,gain_db,-10.163918,-10.163918,0.0
factory_2,frequency_response.csv,34,time_s,2.285714,2.285714,0.0
factory_2,frequency_response.csv,34,freq_hz,124.390594,124.390594,0.0
factory_2,frequency_response.csv,34,gain_db,-11.890899,-11.890899,0.0
factory_2,frequency_response.csv,35,time_s,2.352941,2.352941,0.0
factory_2,frequency_response.csv,35,freq_hz,131.260284,131.260284,0.0
factory_2,frequency_response.csv,35,gain_db,-11.747035,-11.747035,0.0
factory_2,frequency_response.csv,36,time_s,2.420168,2.420168,0.0
factory_2,frequency_response.csv,36,freq_hz,138.509369,138.509369,0.0
factory_2,frequency_response.csv,36,gain_db,-10.98723,-10.98723,0.0
factory_2,frequency_response.csv,37,time_s,2.487395,2.487395,0.0
factory_2,frequency_response.csv,37,freq_hz,146.158783,146.158783,0.0
factory_2,frequency_response.csv,37,gain_db,-6.778771,-6.778771,0.0
factory_2,frequency_response.csv,38,time_s,2.554622,2.554622,0.0
factory_2,frequency_response.csv,38,freq_hz,154.230667,154.230667,0.0
factory_2,frequency_response.csv,38,gain_db,-2.759706,-2.759706,0.0
factory_2,frequency_response.csv,39,time_s,2.621849,2.621849,0.0
factory_2,frequency_response.csv,39,freq_hz,162.748337,162.748337,0.0
factory_2,frequency_response.csv,39,gain_db,-1.246421,-1.246421,0.0
factory_2,frequency_response.csv,40,time_s,2.689076,2.689076,0.0
factory_2,frequency_response.csv,40,freq_hz,171.73642,171.73642,0.0
factory_2,frequency_response.csv,40,gain_db,-1.238745,-1.238745,0.0
factory_2,frequency_response.csv,41,time_s,2.756303,2.756303,0.0
factory_2,frequency_response.csv,41,freq_hz,181.220856,181.220856,0.0
factory_2,frequency_response.csv,41,gain_db,-1.671973,-1.671973,0.0
factory_2,frequency_response.csv,42,time_s,2.823529,2.823529,0.0
factory_2,frequency_response.csv,42,freq_hz,191.229095,191.229095,0.0
factory_2,frequency_response.csv,42,gain_db,-4.32147,-4.32147,0.0
factory_2,frequency_response.csv,43,time_s,2.890756,2.890756,0.0
factory_2,frequency_response.csv,43,freq_hz,201.79007,201.79007,0.0
factory_2,frequency_response.csv,43,gain_db,-10.425534,-10.425534,0.0
factory_2,frequency_response.csv,44,time_s,2.957983,2.957983,0.0
factory_2,frequency_response.csv,44,freq_hz,212.93428,212.93428,0.0
factory_2,frequency_response.csv,44,gain_db,-9.581794,-9.581794,0.0
factory_2,frequency_response.csv,45,time_s,3.02521,3.02521,0.0
factory_2,frequency_response.csv,45,freq_hz,224.69397,224.69397,0.0
factory_2,frequency_response.csv,45,gain_db,-6.692228,-6.692228,0.0
factory_2,frequency_response.csv,46,time_s,3.092437,3.092437,0.0
factory_2,frequency_response.csv,46,freq_hz,237.103104,237.103104,0.0
factory_2,frequency_response.csv,46,gain_db,-5.759458,-5.759458,0.0
factory_2,frequency_response.csv,47,time_s,3.159664,3.159664,0.0
factory_2,frequency_response.csv,47,freq_hz,250.19754,250.19754,0.0
factory_2,frequency_response.csv,47,gain_db,-6.951589,-6.951589,0.0
factory_2,frequency_response.csv,48,time_s,3.226891,3.226891,0.0
factory_2,frequency_response.csv,48,freq_hz,264.015137,264.015137,0.0
factory_2,frequency_response.csv,48,gain_db,-10.153336,-10.153336,0.0
factory_2,frequency_response.csv,49,time_s,3.294118,3.294118,0.0
factory_2,frequency_response.csv,49,freq_hz,278.595856,278.595856,0.0
factory_2,frequency_response.csv,49,gain_db,-7.558428,-7.558428,0.0
factory_2,frequency_response.csv,50,time_s,3.361345,3.361345,0.0
factory_2,frequency_response.csv,50,freq_hz,293.981812,293.981812,0.0
factory_2,frequency_response.csv,50,gain_db,-3.219274,-3.219274,0.0
factory_2,frequency_response.csv,51,time_s,3.428571,3.428571,0.0
factory_2,frequency_response.csv,51,freq_hz,310.217468,310.217468,0.0
factory_2,frequency_response.csv,51,gain_db,-2.200659,-2.200659,0.0
factory_2,frequency_response.csv,52,time_s,3.495798,3.495798,0.0
factory_2,frequency_response.csv,52,freq_hz,327.349792,327.349792,0.0
factory_2,frequency_response.csv,52,gain_db,-3.705996,-3.705996,0.0
factory_2,frequency_response.csv,53,time_s,3.563025,3.563025,0.0
factory_2,frequency_response.csv,53,freq_hz,345.428284,345.428284,0.0
factory_2,frequency_response.csv,53,gain_db,-8.401171,-8.401171,0.0
factory_2,frequency_response.csv,54,time_s,3.630252,3.630252,0.0
factory_2,frequency_response.csv,54,freq_hz,364.505157,364.505157,0.0
factory_2,frequency_response.csv,54,gain_db,-9.57597,-9.57597,0.0
factory_2,frequency_response.csv,55,time_s,3.697479,3.697479,0.0
factory_2,frequency_response.csv,55,freq_hz,384.63562,384.63562,0.0
factory_2,frequency_response.csv,55,gain_db,-5.303602,-5.303602,0.0
factory_2,frequency_response.csv,56,time_s,3.764706,3.764706,0.0
factory_2,frequency_response.csv,56,freq_hz,405.877808,405.877808,0.0
factory_2,frequency_response.csv,56,gain_db,-2.9212,-2.9212,0.0
factory_2,frequency_response.csv,57,time_s,3.831933,3.831933,0.0
factory_2,frequency_response.csv,57,freq_hz,428.293121,428.293121,0.0
factory_2,frequency_response.csv,57,gain_db,-2.152864,-2.152864,0.0
factory_2,frequency_response.csv,58,time_s,3.89916,3.89916,0.0
factory_2,frequency_response.csv,58,freq_hz,451.946381,451.946381,0.0
factory_2,frequency_response.csv,58,gain_db,-2.585189,-2.585189,0.0
factory_2,frequency_response.csv,59,time_s,3.966387,3.966387,0.0
factory_2,frequency_response.csv,59,freq_hz,476.905945,476.905945,0.0
factory_2,frequency_response.csv,59,gain_db,-4.84798,-4.84798,0.0
factory_2,frequency_response.csv,60,time_s,4.033614,4.033614,0.0
factory_2,frequency_response.csv,60,freq_hz,503.244019,503.244019,0.0
factory_2,frequency_response.csv,60,gain_db,-9.366338,-9.366338,0.0
factory_2,frequency_response.csv,61,time_s,4.100841,4.100841,0.0
factory_2,frequency_response.csv,61,freq_hz,531.03656,531.03656,0.0
factory_2,frequency_response.csv,61,gain_db,-8.618263,-8.618263,0.0
factory_2,frequency_response.csv,62,time_s,4.168067,4.168067,0.0
factory_2,frequency_response.csv,62,freq_hz,560.364014,560.364014,0.0
factory_2,frequency_response.csv,62,gain_db,-6.673235,-6.673235,0.0
factory_2,frequency_response.csv,63,time_s,4.235294,4.235294,0.0
factory_2,frequency_response.csv,63,freq_hz,591.311096,591.311096,0.0
factory_2,frequency_response.csv,63,gain_db,-7.97788,-7.97788,0.0
factory_2,frequency_response.csv,64,time_s,4.302521,4.302521,0.0
factory_2,frequency_response.csv,64,freq_hz,623.967346,623.967346,0.0
factory_2,frequency_response.csv,64,gain_db,-10.092241,-10.092241,0.0
factory_2,frequency_response.csv,65,time_s,4.369748,4.369748,0.0
factory_2,frequency_response.csv,65,freq_hz,658.427063,658.427063,0.0
factory_2,frequency_response.csv,65,gain_db,-6.455225,-6.455225,0.0
factory_2,frequency_response.csv,66,time_s,4.436975,4.436975,0.0
factory_2,frequency_response.csv,66,freq_hz,694.789795,694.789795,0.0
factory_2,frequency_response.csv,66,gain_db,-2.576497,-2.576497,0.0
factory_2,frequency_response.csv,67,time_s,4.504202,4.504202,0.0
factory_2,frequency_response.csv,67,freq_hz,733.160889,733.160889,0.0
factory_2,frequency_response.csv,67,gain_db,-1.139355,-1.139355,0.0
factory_2,frequency_response.csv,68,time_s,4.571429,4.571429,0.0
factory_2,frequency_response.csv,68,freq_hz,773.651001,773.651001,0.0
factory_2,frequency_response.csv,68,gain_db,-0.809046,-0.809046,0.0
factory_2,frequency_response.csv,69,time_s,4.638656,4.638656,0.0
factory_2,frequency_response.csv,69,freq_hz,816.377197,816.377197,0.0
factory_2,frequency_response.csv,69,gain_db,-0.864865,-0.864865,0.0
factory_2,frequency_response.csv,70,time_s,4.705883,4.705883,0.0
factory_2,frequency_response.csv,70,freq_hz,861.463074,861.463074,0.0
factory_2,frequency_response.csv,70,gain_db,-1.610062,-1.610062,0.0
factory_2,frequency_response.csv,71,time_s,4.773109,4.773109,0.0
factory_2,frequency_response.csv,71,freq_hz,909.03894,909.03894,0.0
factory_2,frequency_response.csv,71,gain_db,-4.254541,-4.254541,0.0
factory_2,frequency_response.csv,72,time_s,4.840336,4.840336,0.0
factory_2,frequency_response.csv,72,freq_hz,959.242249,959.242249,0.0
factory_2,frequency_response.csv,72,gain_db,-9.244392,-9.244392,0.0
factory_2,frequency_response.csv,73,time_s,4.907563,4.907563,0.0
factory_2,frequency_response.csv,73,freq_hz,1012.218079,1012.218079,0.0
factory_2,frequency_response.csv,73,gain_db,-9.907833,-9.907833,0.0
factory_2,frequency_response.csv,74,time_s,4.97479,4.97479,0.0
factory_2,frequency_response.csv,74,freq_hz,1068.119629,1068.119629,0.0
factory_2,frequency_response.csv,74,gain_db,-9.96937,-9.96937,0.0
factory_2,frequency_response.csv,75,time_s,5.042017,5.042017,0.0
factory_2,frequency_response.csv,75,freq_hz,1127.108398,1127.108398,0.0
factory_2,frequency_response.csv,75,gain_db,-8.52895,-8.52895,0.0
factory_2,frequency_response.csv,76,time_s,5.109244,5.109244,0.0
factory_2,frequency_response.csv,76,freq_hz,1189.355103,1189.355103,0.0
factory_2,frequency_response.csv,76,gain_db,-3.887263,-3.887263,0.0
factory_2,frequency_response.csv,77,time_s,5.176471,5.176471,0.0
factory_2,frequency_response.csv,77,freq_hz,1255.039307,1255.039307,0.0
factory_2,frequency_response.csv,77,gain_db,-1.267601,-1.267601,0.0
factory_2,frequency_response.csv,78,time_s,5.243698,5.243698,0.0
factory_2,frequency_response.csv,78,freq_hz,1324.351074,1324.351074,0.0
factory_2,frequency_response.csv,78,gain_db,-0.706975,-0.706975,0.0
factory_2,frequency_response.csv,79,time_s,5.310925,5.310925,0.0
factory_2,frequency_response.csv,79,freq_hz,1397.490845,1397.490845,0.0
factory_2,frequency_response.csv,79,gain_db,-0.637258,-0.637258,0.0
factory_2,frequency_response.csv,80,time_s,5.378151,5.378151,0.0
factory_2,frequency_response.csv,80,freq_hz,1474.669678,1474.669678,0.0
factory_2,frequency_response.csv,80,gain_db,-0.651138,-0.651138,0.0
factory_2,frequency_response.csv,81,time_s,5.445378,5.445378,0.0
factory_2,frequency_response.csv,81,freq_hz,1556.110962,1556.110962,0.0
factory_2,frequency_response.csv,81,gain_db,-0.766265,-0.766265,0.0
factory_2,frequency_response.csv,82,time_s,5.512605,5.512605,0.0
factory_2,frequency_response.csv,82,freq_hz,1642.050049,1642.050049,0.0
factory_2,frequency_response.csv,82,gain_db,-1.500354,-1.500354,0.0
factory_2,frequency_response.csv,83,time_s,5.579832,5.579832,0.0
factory_2,frequency_response.csv,83,freq_hz,1732.735107,1732.735107,0.0
factory_2,frequency_response.csv,83,gain_db,-4.099373,-4.099373,0.0
factory_2,frequency_response.csv,84,time_s,5.647059,5.647059,0.0
factory_2,frequency_response.csv,84,freq_hz,1828.428467,1828.428467,0.0
factory_2,frequency_response.csv,84,gain_db,-8.238016,-8.238016,0.0
factory_2,frequency_response.csv,85,time_s,5.714286,5.714286,0.0
factory_2,frequency_response.csv,85,freq_hz,1929.406738,1929.406738,0.0
factory_2,frequency_response.csv,85,gain_db,-8.424721,-8.424721,0.0
factory_2,frequency_response.csv,86,time_s,5.781513,5.781513,0.0
factory_2,frequency_response.csv,86,freq_hz,2035.96167,2035.96167,0.0
factory_2,frequency_response.csv,86,gain_db,-5.499789,-5.499789,0.0
factory_2,frequency_response.csv,87,time_s,5.84874,5.84874,0.0
factory_2,frequency_response.csv,87,freq_hz,2148.401367,2148.401367,0.0
factory_2,frequency_response.csv,87,gain_db,-2.159407,-2.159407,0.0
factory_2,frequency_response.csv,88,time_s,5.915967,5.915967,0.0
factory_2,frequency_response.csv,88,freq_hz,2267.050537,2267.050537,0.0
factory_2,frequency_response.csv,88,gain_db,-0.936898,-0.936898,0.0
factory_2,frequency_response.csv,89,time_s,5.983193,5.983193,0.0
factory_2,frequency_response.csv,89,freq_hz,2392.252441,2392.252441,0.0
factory_2,frequency_response.csv,89,gain_db,-0.855969,-0.855969,0.0
factory_2,frequency_response.csv,90,time_s,6.05042,6.05042,0.0
factory_2,frequency_response.csv,90,freq_hz,2524.368896,2524.368896,0.0
factory_2,frequency_response.csv,90,gain_db,-0.90548,-0.90548,0.0
factory_2,frequency_response.csv,91,time_s,6.117647,6.117647,0.0
factory_2,frequency_response.csv,91,freq_hz,2663.781738,2663.781738,0.0
factory_2,frequency_response.csv,91,gain_db,-0.954166,-0.954166,0.0
factory_2,frequency_response.csv,92,time_s,6.184874,6.184874,0.0
factory_2,frequency_response.csv,92,freq_hz,2810.893799,2810.893799,0.0
factory_2,frequency_response.csv,92,gain_db,-0.975766,-0.975766,0.0
factory_2,frequency_response.csv,93,time_s,6.252101,6.252101,0.0
factory_2,frequency_response.csv,93,freq_hz,2966.130371,2966.130371,0.0
factory_2,frequency_response.csv,93,gain_db,-1.031625,-1.031625,0.0
factory_2,frequency_response.csv,94,time_s,6.319328,6.319328,0.0
factory_2,frequency_response.csv,94,freq_hz,3129.94043,3129.94043,0.0
factory_2,frequency_response.csv,94,gain_db,-1.57107,-1.57107,0.0
factory_2,frequency_response.csv,95,time_s,6.386555,6.386555,0.0
factory_2,frequency_response.csv,95,freq_hz,3302.796875,3302.796875,0.0
factory_2,frequency_response.csv,95,gain_db,-3.19755,-3.19755,0.0
factory_2,frequency_response.csv,96,time_s,6.453782,6.453782,0.0
factory_2,frequency_response.csv,96,freq_hz,3485.199951,3485.199951,0.0
factory_2,frequency_response.csv,96,gain_db,-4.206867,-4.206867,0.0
factory_2,frequency_response.csv,97,time_s,6.521008,6.521008,0.0
factory_2,frequency_response.csv,97,freq_hz,3677.676025,3677.676025,0.0
factory_2,frequency_response.csv,97,gain_db,-2.78636,-2.78636,0.0
factory_2,frequency_response.csv,98,time_s,6.588235,6.588235,0.0
factory_2,frequency_response.csv,98,freq_hz,3880.782471,3880.782471,0.0
factory_2,frequency_response.csv,98,gain_db,-1.456435,-1.456435,0.0
factory_2,frequency_response.csv,99,time_s,6.655462,6.655462,0.0
factory_2,frequency_response.csv,99,freq_hz,4095.105469,4095.105469,0.0
factory_2,frequency_response.csv,99,gain_db,-1.231614,-1.231614,0.0
factory_2,frequency_response.csv,100,time_s,6.722689,6.722689,0.0
factory_2,frequency_response.csv,100,freq_hz,4321.265137,4321.265137,0.0
factory_2,frequency_response.csv,100,gain_db,-1.372243,-1.372243,0.0
factory_2,frequency_response.csv,101,time_s,6.789916,6.789916,0.0
factory_2,frequency_response.csv,101,freq_hz,4559.914551,4559.914551,0.0
factory_2,frequency_response.csv,101,gain_db,-1.485945,-1.485945,0.0
factory_2,frequency_response.csv,102,time_s,6.857143,6.857143,0.0
factory_2,frequency_response.csv,102,freq_hz,4811.744141,4811.744141,0.0
factory_2,frequency_response.csv,102,gain_db,-1.568684,-1.568684,0.0
factory_2,frequency_response.csv,103,time_s,6.92437,6.92437,0.0
factory_2,frequency_response.csv,103,freq_hz,5077.481445,5077.481445,0.0
factory_2,frequency_response.csv,103,gain_db,-1.626493,-1.626493,0.0
factory_2,frequency_response.csv,104,time_s,6.991597,6.991597,0.0
factory_2,frequency_response.csv,104,freq_hz,5357.894531,5357.894531,0.0
factory_2,frequency_response.csv,104,gain_db,-1.632927,-1.632927,0.0
factory_2,frequency_response.csv,105,time_s,7.058824,7.058824,0.0
factory_2,frequency_response.csv,105,freq_hz,5653.793457,5653.793457,0.0
factory_2,frequency_response.csv,105,gain_db,-1.590267,-1.590267,0.0
factory_2,frequency_response.csv,106,time_s,7.12605,7.12605,0.0
factory_2,frequency_response.csv,106,freq_hz,5966.034668,5966.034668,0.0
factory_2,frequency_response.csv,106,gain_db,-1.68732,-1.68732,0.0
factory_2,frequency_response.csv,107,time_s,7.193277,7.193277,0.0
factory_2,frequency_response.csv,107,freq_hz,6295.519531,6295.519531,0.0
factory_2,frequency_response.csv,107,gain_db,-1.919332,-1.919332,0.0
factory_2,frequency_response.csv,108,time_s,7.260504,7.260504,0.0
factory_2,frequency_response.csv,108,freq_hz,6643.200684,6643.200684,0.0
factory_2,frequency_response.csv,108,gain_db,-1.825304,-1.825304,0.0
factory_2,frequency_response.csv,109,time_s,7.327731,7.327731,0.0
factory_2,frequency_response.csv,109,freq_hz,7010.083008,7010.083008,0.0
factory_2,frequency_response.csv,109,gain_db,-1.764114,-1.764114,0.0
factory_2,frequency_response.csv,110,time_s,7.394958,7.394958,0.0
factory_2,frequency_response.csv,110,freq_hz,7397.227539,7397.227539,0.0
factory_2,frequency_response.csv,110,gain_db,-1.994125,-1.994125,0.0
factory_2,frequency_response.csv,111,time_s,7.462185,7.462185,0.0
factory_2,frequency_response.csv,111,freq_hz,7805.752441,7805.752441,0.0
factory_2,frequency_response.csv,111,gain_db,-2.175314,-2.175314,0.0
factory_2,frequency_response.csv,112,time_s,7.529412,7.529412,0.0
factory_2,frequency_response.csv,112,freq_hz,8236.839844,8236.839844,0.0
factory_2,frequency_response.csv,112,gain_db,-2.282902,-2.282902,0.0
factory_2,frequency_response.csv,113,time_s,7.596639,7.596639,0.0
factory_2,frequency_response.csv,113,freq_hz,8691.733398,8691.733398,0.0
factory_2,frequency_response.csv,113,gain_db,-2.372886,-2.372886,0.0
factory_2,frequency_response.csv,114,time_s,7.663866,7.663866,0.0
factory_2,frequency_response.csv,114,freq_hz,9171.75,9171.75,0.0
factory_2,frequency_response.csv,114,gain_db,-2.431221,-2.431221,0.0
factory_2,frequency_response.csv,115,time_s,7.731092,7.731092,0.0
factory_2,frequency_response.csv,115,freq_hz,9678.276367,9678.276367,0.0
factory_2,frequency_response.csv,115,gain_db,-2.486726,-2.486726,0.0
factory_2,frequency_response.csv,116,time_s,7.798319,7.798319,0.0
factory_2,frequency_response.csv,116,freq_hz,10212.776367,10212.776367,0.0
factory_2,frequency_response.csv,116,gain_db,-2.481504,-2.481504,0.0
factory_2,frequency_response.csv,117,time_s,7.865546,7.865546,0.0
factory_2,frequency_response.csv,117,freq_hz,10776.795898,10776.795898,0.0
factory_2,frequency_response.csv,117,gain_db,-2.378152,-2.378152,0.0
factory_2,frequency_response.csv,118,time_s,7.932773,7.932773,0.0
factory_2,frequency_response.csv,118,freq_hz,11371.962891,11371.962891,0.0
factory_2,frequency_response.csv,118,gain_db,-2.314315,-2.314315,0.0
factory_2,frequency_response.csv,119,time_s,8.0,8.0,0.0
factory_2,frequency_response.csv,119,freq_hz,12000.0,12000.0,0.0
factory_2,frequency_response.csv,119,gain_db,-2.408273,-2.408273,0.0
factory_2,notch_tracking.csv,0,time_s,0.201681,0.201681,0.0
factory_2,notch_tracking.csv,0,freq_hz,23.499975,23.499975,0.0
factory_2,notch_tracking.csv,0,notch_depth_db,-7.608416,-7.608416,0.0
factory_2,notch_tracking.csv,1,time_s,0.537815,0.537815,0.0
factory_2,notch_tracking.csv,1,freq_hz,30.746555,30.746555,0.0
factory_2,notch_tracking.csv,1,notch_depth_db,-7.769332,-7.769332,0.0
factory_2,notch_tracking.csv,2,time_s,1.142857,1.142857,0.0
factory_2,notch_tracking.csv,2,freq_hz,49.877968,49.877968,0.0
factory_2,notch_tracking.csv,2,notch_depth_db,-9.078218,-9.078218,0.0
factory_2,notch_tracking.csv,3,time_s,1.546218,1.546218,0.0
factory_2,notch_tracking.csv,3,freq_hz,68.862625,68.862625,0.0
factory_2,notch_tracking.csv,3,notch_depth_db,-5.814737,-5.814737,0.0
factory_2,notch_tracking.csv,4,time_s,1.882353,1.882353,0.0
factory_2,notch_tracking.csv,4,freq_hz,90.097488,90.097488,0.0
factory_2,notch_tracking.csv,4,notch_depth_db,-3.619283,-3.619283,0.0
factory_2,notch_tracking.csv,5,time_s,2.285714,2.285714,0.0
factory_2,notch_tracking.csv,5,freq_hz,124.390594,124.390594,0.0
factory_2,notch_tracking.csv,5,notch_depth_db,-11.890899,-11.890899,0.0
factory_2,notch_tracking.csv,6,time_s,2.890756,2.890756,0.0
factory_2,notch_tracking.csv,6,freq_hz,201.79007,201.79007,0.0
factory_2,notch_tracking.csv,6,notch_depth_db,-10.425534,-10.425534,0.0
factory_2,notch_tracking.csv,7,time_s,3.226891,3.226891,0.0
factory_2,notch_tracking.csv,7,freq_hz,264.015137,264.015137,0.0
factory_2,notch_tracking.csv,7,notch_depth_db,-10.153336,-10.153336,0.0
factory_2,notch_tracking.csv,8,time_s,3.630252,3.630252,0.0
factory_2,notch_tracking.csv,8,freq_hz,364.505157,364.505157,0.0
factory_2,notch_tracking.csv,8,notch_depth_db,-9.57597,-9.57597,0.0
factory_2,notch_tracking.csv,9,time_s,4.033614,4.033614,0.0
factory_2,notch_tracking.csv,9,freq_hz,503.244019,503.244019,0.0
factory_2,notch_tracking.csv,9,notch_depth_db,-9.366338,-9.366338,0.0
factory_2,notch_tracking.csv,10,time_s,4.302521,4.302521,0.0
factory_2,notch_tracking.csv,10,freq_hz,623.967346,623.967346,0.0
factory_2,notch_tracking.csv,10,notch_depth_db,-10.092241,-10.092241,0.0
factory_2,notch_tracking.csv,11,time_s,4.97479,4.97479,0.0
factory_2,notch_tracking.csv,11,freq_hz,1068.119629,1068.119629,0.0
factory_2,notch_tracking.csv,11,notch_depth_db,-9.96937,-9.96937,0.0
factory_2,notch_tracking.csv,12,time_s,5.714286,5.714286,0.0
factory_2,notch_tracking.csv,12,freq_hz,1929.406738,1929.406738,0.0
factory_2,notch_tracking.csv,12,notch_depth_db,-8.424721,-8.424721,0.0
factory_2,notch_tracking.csv,13,time_s,6.453782,6.453782,0.0
factory_2,notch_tracking.csv,13,freq_hz,3485.199951,3485.199951,0.0
factory_2,notch_tracking.csv,13,notch_depth_db,-4.206867,-4.206867,0.0
factory_2,notch_tracking.csv,14,time_s,6.991597,6.991597,0.0
factory_2,notch_tracking.csv,14,freq_hz,5357.894531,5357.894531,0.0
factory_2,notch_tracking.csv,14,notch_depth_db,-1.632927,-1.632927,0.0
factory_2,notch_tracking.csv,15,time_s,7.193277,7.193277,0.0
factory_2,notch_tracking.csv,15,freq_hz,6295.519531,6295.519531,0.0
factory_2,notch_tracking.csv,15,notch_depth_db,-1.919332,-1.919332,0.0
factory_2,notch_tracking.csv,16,time_s,7.731092,7.731092,0.0
factory_2,notch_tracking.csv,16,freq_hz,9678.276367,9678.276367,0.0
factory_2,notch_tracking.csv,16,notch_depth_db,-2.486726,-2.486726,0.0
factory_2,thd_vs_drive.csv,0,sine_level_db,-24.0,-24.0,0.0
factory_2,thd_vs_drive.csv,0,thd_ratio,0.012929,0.012929,0.0
factory_2,thd_vs_drive.csv,0,thd_db,-37.768932,-37.768932,0.0
factory_2,thd_vs_drive.csv,0,broadband_hf_db,-82.683388,-82.683388,0.0
factory_2,thd_vs_drive.csv,1,sine_level_db,-18.0,-18.0,0.0
factory_2,thd_vs_drive.csv,1,thd_ratio,0.027713,0.027713,0.0
factory_2,thd_vs_drive.csv,1,thd_db,-31.146486,-31.146486,0.0
factory_2,thd_vs_drive.csv,1,broadband_hf_db,-82.681732,-82.681732,0.0
factory_2,thd_vs_drive.csv,2,sine_level_db,-12.0,-12.0,0.0
factory_2,thd_vs_drive.csv,2,thd_ratio,0.058398,0.058398,0.0
factory_2,thd_vs_drive.csv,2,thd_db,-24.672049,-24.672049,0.0
factory_2,thd_vs_drive.csv,2,broadband_hf_db,-82.684685,-82.684685,0.0
factory_2,thd_vs_drive.csv,3,sine_level_db,-6.0,-6.0,0.0
factory_2,thd_vs_drive.csv,3,thd_ratio,0.106867,0.106867,0.0
factory_2,thd_vs_drive.csv,3,thd_db,-19.423128,-19.423128,0.0
factory_2,thd_vs_drive.csv,3,broadband_hf_db,-80.957184,-80.957184,0.0
factory_2,thd_vs_drive.csv,4,sine_level_db,0.0,0.0,0.0
factory_2,thd_vs_drive.csv,4,thd_ratio,0.139403,0.139403,0.0
factory_2,thd_vs_drive.csv,4,thd_db,-17.11455,-17.11455,0.0
factory_2,thd_vs_drive.csv,4,broadband_hf_db,-79.60096,-79.60096,0.0
factory_3,summary.csv,average_tracked_notch_db,value,-6.932433,-6.932433,0.0
factory_3,summary.csv,deepest_tracked_notch_db,value,-11.005899,-11.005899,0.0
factory_3,summary.csv,guitar_broadband_hf_db,value,-80.31443,-80.31443,0.0
factory_3,summary.csv,guitar_lr_correlation,value,0.565095,0.565095,0.0
factory_3,summary.csv,guitar_mono_fold_db,value,-1.296767,-1.296767,0.0
factory_3,summary.csv,guitar_side_to_mid_db,value,-4.58472,-4.58472,0.0
factory_3,summary.csv,sweep_broadband_hf_db,value,-82.367386,-82.367386,0.0
factory_3,summary.csv,sweep_lr_correlation,value,0.82681,0.82681,0.0
factory_3,summary.csv,sweep_mono_fold_db,value,-0.393699,-0.393699,0.0
factory_3,summary.csv,sweep_side_to_mid_db,value,-10.227861,-10.227861,0.0
factory_3,summary.csv,tracked_notch_count,value,8.0,8.0,0.0
factory_3,summary.csv,tracked_notch_high_hz,value,3677.676025,3677.676025,0.0
factory_3,summary.csv,tracked_notch_low_hz,value,26.167307,26.167307,0.0
factory_3,summary.csv,tracked_notch_span_oct,value,7.134885,7.134885,0.0
factory_3,summary.csv,worst_thd_db,value,-16.770384,-16.770384,0.0
factory_3,frequency_response.csv,0,time_s,0.0,0.0,0.0
factory_3,frequency_response.csv,0,freq_hz,20.0,20.0,0.0
factory_3,frequency_response.csv,0,gain_db,-6.81459,-6.81459,0.0
factory_3,frequency_response.csv,1,time_s,0.067227,0.067227,0.0
factory_3,frequency_response.csv,1,freq_hz,21.104536,21.104536,0.0
factory_3,frequency_response.csv,1,gain_db,-4.676404,-4.676404,0.0
factory_3,frequency_response.csv,2,time_s,0.134454,0.134454,0.0
factory_3,frequency_response.csv,2,freq_hz,22.270071,22.270071,0.0
factory_3,frequency_response.csv,2,gain_db,-4.365175,-4.365175,0.0
factory_3,frequency_response.csv,3,time_s,0.201681,0.201681,0.0
factory_3,frequency_response.csv,3,freq_hz,23.499975,23.499975,0.0
factory_3,frequency_response.csv,3,gain_db,-4.204831,-4.204831,0.0
factory_3,frequency_response.csv,4,time_s,0.268908,0.268908,0.0
factory_3,frequency_response.csv,4,freq_hz,24.797804,24.797804,0.0
factory_3,frequency_response.csv,4,gain_db,-3.221654,-3.221654,0.0
factory_3,frequency_response.csv,5,time_s,0.336134,0.336134,0.0
factory_3,frequency_response.csv,5,freq_hz,26.167307,26.167307,0.0
factory_3,frequency_response.csv,5,gain_db,-4.394777,-4.394777,0.0
factory_3,frequency_response.csv,6,time_s,0.403361,0.403361,0.0
factory_3,frequency_response.csv,6,freq_hz,27.612442,27.612442,0.0
factory_3,frequency_response.csv,6,gain_db,-3.677258,-3.677258,0.0
factory_3,frequency_response.csv,7,time_s,0.470588,0.470588,0.0
factory_3,frequency_response.csv,7,freq_hz,29.13739,29.13739,0.0
factory_3,frequency_response.csv,7,gain_db,-4.862856,-4.862856,0.0
factory_3,frequency_response.csv,8,time_s,0.537815,0.537815,0.0
factory_3,frequency_response.csv,8,freq_hz,30.746555,30.746555,0.0
factory_3,frequency_response.csv,8,gain_db,-5.250647,-5.250647,0.0
factory_3,frequency_response.csv,9,time_s,0.605042,0.605042,0.0
factory_3,frequency_response.csv,9,freq_hz,32.444588,32.444588,0.0
factory_3,frequency_response.csv,9,gain_db,-6.386383,-6.386383,0.0
factory_3,frequency_response.csv,10,time_s,0.672269,0.672269,0.0
factory_3,frequency_response.csv,10,freq_hz,34.236401,34.236401,0.0
factory_3,frequency_response.csv,10,gain_db,-7.067919,-7.067919,0.0
factory_3,frequency_response.csv,11,time_s,0.739496,0.739496,0.0
factory_3,frequency_response.csv,11,freq_hz,36.127167,36.127167,0.0
factory_3,frequency_response.csv,11,gain_db,-7.88418,-7.88418,0.0
factory_3,frequency_response.csv,12,time_s,0.806723,0.806723,0.0
factory_3,frequency_response.csv,12,freq_hz,38.122353,38.122353,0.0
factory_3,frequency_response.csv,12,gain_db,-7.782903,-7.782903,0.0
factory_3,frequency_response.csv,13,time_s,0.87395,0.87395,0.0
factory_3,frequency_response.csv,13,freq_hz,40.22773,40.22773,0.0
factory_3,frequency_response.csv,13,gain_db,-6.444619,-6.444619,0.0
factory_3,frequency_response.csv,14,time_s,0.941177,0.941177,0.0
factory_3,frequency_response.csv,14,freq_hz,42.449379,42.449379,0.0
factory_3,frequency_response.csv,14,gain_db,-5.397376,-5.397376,0.0
factory_3,frequency_response.csv,15,time_s,1.008403,1.008403,0.0
factory_3,frequency_response.csv,15,freq_hz,44.79372,44.79372,0.0
factory_3,frequency_response.csv,15,gain_db,-3.315793,-3.315793,0.0
factory_3,frequency_response.csv,16,time_s,1.07563,1.07563,0.0
factory_3,frequency_response.csv,16,freq_hz,47.267536,47.267536,0.0
factory_3,frequency_response.csv,16,gain_db,-1.651597,-1.651597,0.0
factory_3,frequency_response.csv,17,time_s,1.142857,1.142857,0.0
factory_3,frequency_response.csv,17,freq_hz,49.877968,49.877968,0.0
factory_3,frequency_response.csv,17,gain_db,-1.279958,-1.279958,0.0
factory_3,frequency_response.csv,18,time_s,1.210084,1.210084,0.0
factory_3,frequency_response.csv,18,freq_hz,52.632568,52.632568,0.0
factory_3,frequency_response.csv,18,gain_db,-0.999175,-0.999175,0.0
factory_3,frequency_response.csv,19,time_s,1.277311,1.277311,0.0
factory_3,frequency_response.csv,19,freq_hz,55.539299,55.539299,0.0
factory_3,frequency_response.csv,19,gain_db,-1.08545,-1.08545,0.0
factory_3,frequency_response.csv,20,time_s,1.344538,1.344538,0.0
factory_3,frequency_response.csv,20,freq_hz,58.606552,58.606552,0.0
factory_3,frequency_response.csv,20,gain_db,-1.647098,-1.647098,0.0
factory_3,frequency_response.csv,21,time_s,1.411765,1.411765,0.0
factory_3,frequency_response.csv,21,freq_hz,61.843204,61.843204,0.0
factory_3,frequency_response.csv,21,gain_db,-2.640219,-2.640219,0.0
factory_3,frequency_response.csv,22,time_s,1.478992,1.478992,0.0
factory_3,frequency_response.csv,22,freq_hz,65.258606,65.258606,0.0
factory_3,frequency_response.csv,22,gain_db,-3.470173,-3.470173,0.0
factory_3,frequency_response.csv,23,time_s,1.546218,1.546218,0.0
factory_3,frequency_response.csv,23,freq_hz,68.862625,68.862625,0.0
factory_3,frequency_response.csv,23,gain_db,-4.343237,-4.343237,0.0
factory_3,frequency_response.csv,24,time_s,1.613445,1.613445,0.0
factory_3,frequency_response.csv,24,freq_hz,72.665695,72.665695,0.0
factory_3,frequency_response.csv,24,gain_db,-4.79374,-4.79374,0.0
factory_3,frequency_response.csv,25,time_s,1.680672,1.680672,0.0
factory_3,frequency_response.csv,25,freq_hz,76.678787,76.678787,0.0
factory_3,frequency_response.csv,25,gain_db,-5.460489,-5.460489,0.0
factory_3,frequency_response.csv,26,time_s,1.747899,1.747899,0.0
factory_3,frequency_response.csv,26,freq_hz,80.913506,80.913506,0.0
factory_3,frequency_response.csv,26,gain_db,-5.309155,-5.309155,0.0
factory_3,frequency_response.csv,27,time_s,1.815126,1.815126,0.0
factory_3,frequency_response.csv,27,freq_hz,85.382095,85.382095,0.0
factory_3,frequency_response.csv,27,gain_db,-5.241364,-5.241364,0.0
factory_3,frequency_response.csv,28,time_s,1.882353,1.882353,0.0
factory_3,frequency_response.csv,28,freq_hz,90.097488,90.097488,0.0
factory_3,frequency_response.csv,28,gain_db,-5.047255,-5.047255,0.0
factory_3,frequency_response.csv,29,time_s,1.94958,1.94958,0.0
factory_3,frequency_response.csv,29,freq_hz,95.073273,95.073273,0.0
factory_3,frequency_response.csv,29,gain_db,-3.911759,-3.911759,0.0
factory_3,frequency_response.csv,30,time_s,2.016807,2.016807,0.0
factory_3,frequency_response.csv,30,freq_hz,100.323875,100.323875,0.0
factory_3,frequency_response.csv,30,gain_db,-2.905827,-2.905827,0.0
factory_3,frequency_response.csv,31,time_s,2.084034,2.084034,0.0
factory_3,frequency_response.csv,31,freq_hz,105.864441,105.864441,0.0
factory_3,frequency_response.csv,31,gain_db,-2.027039,-2.027039,0.0
factory_3,frequency_response.csv,32,time_s,2.151261,2.151261,0.0
factory_3,frequency_response.csv,32,freq_hz,111.710999,111.710999,0.0
factory_3,frequency_response.csv,32,gain_db,-1.33632,-1.33632,0.0
factory_3,frequency_response.csv,33,time_s,2.218488,2.218488,0.0
factory_3,frequency_response.csv,33,freq_hz,117.880432,117.880432,0.0
factory_3,frequency_response.csv,33,gain_db,-0.939527,-0.939527,0.0
factory_3,frequency_response.csv,34,time_s,2.285714,2.285714,0.0
factory_3,frequency_response.csv,34,freq_hz,124.390594,124.390594,0.0
factory_3,frequency_response.csv,34,gain_db,-0.926956,-0.926956,0.0
factory_3,frequency_response.csv,35,time_s,2.352941,2.352941,0.0
factory_3,frequency_response.csv,35,freq_hz,131.260284,131.260284,0.0
factory_3,frequency_response.csv,35,gain_db,-0.929195,-0.929195,0.0
factory_3,frequency_response.csv,36,time_s,2.420168,2.420168,0.0
factory_3,frequency_response.csv,36,freq_hz,138.509369,138.509369,0.0
factory_3,frequency_response.csv,36,gain_db,-0.939707,-0.939707,0.0
factory_3,frequency_response.csv,37,time_s,2.487395,2.487395,0.0
factory_3,frequency_response.csv,37,freq_hz,146.158783,146.158783,0.0
factory_3,frequency_response.csv,37,gain_db,-1.065268,-1.065268,0.0
factory_3,frequency_response.csv,38,time_s,2.554622,2.554622,0.0
factory_3,frequency_response.csv,38,freq_hz,154.230667,154.230667,0.0
factory_3,frequency_response.csv,38,gain_db,-1.646316,-1.646316,0.0
factory_3,frequency_response.csv,39,time_s,2.621849,2.621849,0.0
factory_3,frequency_response.csv,39,freq_hz,162.748337,162.748337,0.0
factory_3,frequency_response.csv,39,gain_db,-3.131999,-3.131999,0.0
factory_3,frequency_response.csv,40,time_s,2.689076,2.689076,0.0
factory_3,frequency_response.csv,40,freq_hz,171.73642,171.73642,0.0
factory_3,frequency_response.csv,40,gain_db,-5.556639,-5.556639,0.0
factory_3,frequency_response.csv,41,time_s,2.756303,2.756303,0.0
factory_3,frequency_response.csv,41,freq_hz,181.220856,181.220856,0.0
factory_3,frequency_response.csv,41,gain_db,-8.710588,-8.710588,0.0
factory_3,frequency_response.csv,42,time_s,2.823529,2.823529,0.0
factory_3,frequency_response.csv,42,freq_hz,191.229095,191.229095,0.0
factory_3,frequency_response.csv,42,gain_db,-11.005899,-11.005899,0.0
factory_3,frequency_response.csv,43,time_s,2.890756,2.890756,0.0
factory_3,frequency_response.csv,43,freq_hz,201.79007,201.79007,0.0
factory_3,frequency_response.csv,43,gain_db,-10.075635,-10.075635,0.0
factory_3,frequency_response.csv,44,time_s,2.957983,2.957983,0.0
factory_3,frequency_response.csv,44,freq_hz,212.93428,212.93428,0.0
factory_3,frequency_response.csv,44,gain_db,-7.794961,-7.794961,0.0
factory_3,frequency_response.csv,45,time_s,3.02521,3.02521,0.0
factory_3,frequency_response.csv,45,freq_hz,224.69397,224.69397,0.0
factory_3,frequency_response.csv,45,gain_db,-6.111345,-6.111345,0.0
factory_3,frequency_response.csv,46,time_s,3.092437,3.092437,0.0
factory_3,frequency_response.csv,46,freq_hz,237.103104,237.103104,0.0
factory_3,frequency_response.csv,46,gain_db,-5.03336,-5.03336,0.0
factory_3,frequency_response.csv,47,time_s,3.159664,3.159664,0.0
factory_3,frequency_response.csv,47,freq_hz,250.19754,250.19754,0.0
factory_3,frequency_response.csv,47,gain_db,-4.378878,-4.378878,0.0
factory_3,frequency_response.csv,48,time_s,3.226891,3.226891,0.0
factory_3,frequency_response.csv,48,freq_hz,264.015137,264.015137,0.0
factory_3,frequency_response.csv,48,gain_db,-4.112061,-4.112061,0.0
factory_3,frequency_response.csv,49,time_s,3.294118,3.294118,0.0
factory_3,frequency_response.csv,49,freq_hz,278.595856,278.595856,0.0
factory_3,frequency_response.csv,49,gain_db,-4.13399,-4.13399,0.0
factory_3,frequency_response.csv,50,time_s,3.361345,3.361345,0.0
factory_3,frequency_response.csv,50,freq_hz,293.981812,293.981812,0.0
factory_3,frequency_response.csv,50,gain_db,-4.447284,-4.447284,0.0
factory_3,frequency_response.csv,51,time_s,3.428571,3.428571,0.0
factory_3,frequency_response.csv,51,freq_hz,310.217468,310.217468,0.0
factory_3,frequency_response.csv,51,gain_db,-5.141527,-5.141527,0.0
factory_3,frequency_response.csv,52,time_s,3.495798,3.495798,0.0
factory_3,frequency_response.csv,52,freq_hz,327.349792,327.349792,0.0
factory_3,frequency_response.csv,52,gain_db,-6.338214,-6.338214,0.0
factory_3,frequency_response.csv,53,time_s,3.563025,3.563025,0.0
factory_3,frequency_response.csv,53,freq_hz,345.428284,345.428284,0.0
factory_3,frequency_response.csv,53,gain_db,-8.063156,-8.063156,0.0
factory_3,frequency_response.csv,54,time_s,3.630252,3.630252,0.0
factory_3,frequency_response.csv,54,freq_hz,364.505157,364.505157,0.0
factory_3,frequency_response.csv,54,gain_db,-10.013476,-10.013476,0.0
factory_3,frequency_response.csv,55,time_s,3.697479,3.697479,0.0
factory_3,frequency_response.csv,55,freq_hz,384.63562,384.63562,0.0
factory_3,frequency_response.csv,55,gain_db,-10.957945,-10.957945,0.0
factory_3,frequency_response.csv,56,time_s,3.764706,3.764706,0.0
factory_3,frequency_response.csv,56,freq_hz,405.877808,405.877808,0.0
factory_3,frequency_response.csv,56,gain_db,-9.981908,-9.981908,0.0
factory_3,frequency_response.csv,57,time_s,3.831933,3.831933,0.0
factory_3,frequency_response.csv,57,freq_hz,428.293121,428.293121,0.0
factory_3,frequency_response.csv,57,gain_db,-8.711912,-8.711912,0.0
factory_3,frequency_response.csv,58,time_s,3.89916,3.89916,0.0
factory_3,frequency_response.csv,58,freq_hz,451.946381,451.946381,0.0
factory_3,frequency_response.csv,58,gain_db,-8.298806,-8.298806,0.0
factory_3,frequency_response.csv,59,time_s,3.966387,3.966387,0.0
factory_3,frequency_response.csv,59,freq_hz,476.905945,476.905945,0.0
factory_3,frequency_response.csv,59,gain_db,-8.810015,-8.810015,0.0
factory_3,frequency_response.csv,60,time_s,4.033614,4.033614,0.0
factory_3,frequency_response.csv,60,freq_hz,503.244019,503.244019,0.0
factory_3,frequency_response.csv,60,gain_db,-9.899195,-9.899195,0.0
factory_3,frequency_response.csv,61,time_s,4.100841,4.100841,0.0
factory_3,frequency_response.csv,61,freq_hz,531.03656,531.03656,0.0
factory_3,frequency_response.csv,61,gain_db,-10.85623,-10.85623,0.0
factory_3,frequency_response.csv,62,time_s,4.168067,4.168067,0.0
factory_3,frequency_response.csv,62,freq_hz,560.364014,560.364014,0.0
factory_3,frequency_response.csv,62,gain_db,-9.442462,-9.442462,0.0
factory_3,frequency_response.csv,63,time_s,4.235294,4.235294,0.0
factory_3,frequency_response.csv,63,freq_hz,591.311096,591.311096,0.0
factory_3,frequency_response.csv,63,gain_db,-6.492972,-6.492972,0.0
factory_3,frequency_response.csv,64,time_s,4.302521,4.302521,0.0
factory_3,frequency_response.csv,64,freq_hz,623.967346,623.967346,0.0
factory_3,frequency_response.csv,64,gain_db,-4.073256,-4.073256,0.0
factory_3,frequency_response.csv,65,time_s,4.369748,4.369748,0.0
factory_3,frequency_response.csv,65,freq_hz,658.427063,658.427063,0.0
factory_3,frequency_response.csv,65,gain_db,-2.506748,-2.506748,0.0
factory_3,frequency_response.csv,66,time_s,4.436975,4.436975,0.0
factory_3,frequency_response.csv,66,freq_hz,694.789795,694.789795,0.0
factory_3,frequency_response.csv,66,gain_db,-1.561406,-1.561406,0.0
factory_3,frequency_response.csv,67,time_s,4.504202,4.504202,0.0
factory_3,frequency_response.csv,67,freq_hz,733.160889,733.160889,0.0
factory_3,frequency_response.csv,67,gain_db,-1.064927,-1.064927,0.0
factory_3,frequency_response.csv,68,time_s,4.571429,4.571429,0.0
factory_3,frequency_response.csv,68,freq_hz,773.651001,773.651001,0.0
factory_3,frequency_response.csv,68,gain_db,-0.790712,-0.790712,0.0
factory_3,frequency_response.csv,69,time_s,4.638656,4.638656,0.0
factory_3,frequency_response.csv,69,freq_hz,816.377197,816.377197,0.0
factory_3,frequency_response.csv,69,gain_db,-0.632801,-0.632801,0.0
factory_3,frequency_response.csv,70,time_s,4.705883,4.705883,0.0
factory_3,frequency_response.csv,70,freq_hz,861.463074,861.463074,0.0
factory_3,frequency_response.csv,70,gain_db,-0.533391,-0.533391,0.0
factory_3,frequency_response.csv,71,time_s,4.773109,4.773109,0.0
factory_3,frequency_response.csv,71,freq_hz,909.03894,909.03894,0.0
factory_3,frequency_response.csv,71,gain_db,-0.478729,-0.478729,0.0
factory_3,frequency_response.csv,72,time_s,4.840336,4.840336,0.0
factory_3,frequency_response.csv,72,freq_hz,959.242249,959.242249,0.0
factory_3,frequency_response.csv,72,gain_db,-0.476972,-0.476972,0.0
factory_3,frequency_response.csv,73,time_s,4.907563,4.907563,0.0
factory_3,frequency_response.csv,73,freq_hz,1012.218079,1012.218079,0.0
factory_3,frequency_response.csv,73,gain_db,-0.508335,-0.508335,0.0
factory_3,frequency_response.csv,74,time_s,4.97479,4.97479,0.0
factory_3,frequency_response.csv,74,freq_hz,1068.119629,1068.119629,0.0
factory_3,frequency_response.csv,74,gain_db,-0.588595,-0.588595,0.0
factory_3,frequency_response.csv,75,time_s,5.042017,5.042017,0.0
factory_3,frequency_response.csv,75,freq_hz,1127.108398,1127.108398,0.0
factory_3,frequency_response.csv,75,gain_db,-0.736546,-0.736546,0.0
factory_3,frequency_response.csv,76,time_s,5.109244,5.109244,0.0
factory_3,frequency_response.csv,76,freq_hz,1189.355103,1189.355103,0.0
factory_3,frequency_response.csv,76,gain_db,-0.994636,-0.994636,0.0
factory_3,frequency_response.csv,77,time_s,5.176471,5.176471,0.0
factory_3,frequency_response.csv,77,freq_hz,1255.039307,1255.039307,0.0
factory_3,frequency_response.csv,77,gain_db,-1.478201,-1.478201,0.0
factory_3,frequency_response.csv,78,time_s,5.243698,5.243698,0.0
factory_3,frequency_response.csv,78,freq_hz,1324.351074,1324.351074,0.0
factory_3,frequency_response.csv,78,gain_db,-2.205961,-2.205961,0.0
factory_3,frequency_response.csv,79,time_s,5.310925,5.310925,0.0
factory_3,frequency_response.csv,79,freq_hz,1397.490845,1397.490845,0.0
factory_3,frequency_response.csv,79,gain_db,-3.164759,-3.164759,0.0
factory_3,frequency_response.csv,80,time_s,5.378151,5.378151,0.0
factory_3,frequency_response.csv,80,freq_hz,1474.669678,1474.669678,0.0
factory_3,frequency_response.csv,80,gain_db,-4.047768,-4.047768,0.0
factory_3,frequency_response.csv,81,time_s,5.445378,5.445378,0.0
factory_3,frequency_response.csv,81,freq_hz,1556.110962,1556.110962,0.0
factory_3,frequency_response.csv,81,gain_db,-4.473078,-4.473078,0.0
factory_3,frequency_response.csv,82,time_s,5.512605,5.512605,0.0
factory_3,frequency_response.csv,82,freq_hz,1642.050049,1642.050049,0.0
factory_3,frequency_response.csv,82,gain_db,-4.2458,-4.2458,0.0
factory_3,frequency_response.csv,83,time_s,5.579832,5.579832,0.0
factory_3,frequency_response.csv,83,freq_hz,1732.735107,1732.735107,0.0
factory_3,frequency_response.csv,83,gain_db,-3.57542,-3.57542,0.0
factory_3,frequency_response.csv,84,time_s,5.647059,5.647059,0.0
factory_3,frequency_response.csv,84,freq_hz,1828.428467,1828.428467,0.0
factory_3,frequency_response.csv,84,gain_db,-2.593888,-2.593888,0.0
factory_3,frequency_response.csv,85,time_s,5.714286,5.714286,0.0
factory_3,frequency_response.csv,85,freq_hz,1929.406738,1929.406738,0.0
factory_3,frequency_response.csv,85,gain_db,-1.620129,-1.620129,0.0
factory_3,frequency_response.csv,86,time_s,5.781513,5.781513,0.0
factory_3,frequency_response.csv,86,freq_hz,2035.96167,2035.96167,0.0
factory_3,frequency_response.csv,86,gain_db,-0.950786,-0.950786,0.0
factory_3,frequency_response.csv,87,time_s,5.84874,5.84874,0.0
factory_3,frequency_response.csv,87,freq_hz,2148.401367,2148.401367,0.0
factory_3,frequency_response.csv,87,gain_db,-0.580209,-0.580209,0.0
factory_3,frequency_response.csv,88,time_s,5.915967,5.915967,0.0
factory_3,frequency_response.csv,88,freq_hz,2267.050537,2267.050537,0.0
factory_3,frequency_response.csv,88,gain_db,-0.407902,-0.407902,0.0
factory_3,frequency_response.csv,89,time_s,5.983193,5.983193,0.0
factory_3,frequency_response.csv,89,freq_hz,2392.252441,2392.252441,0.0
factory_3,frequency_response.csv,89,gain_db,-0.345649,-0.345649,0.0
factory_3,frequency_response.csv,90,time_s,6.05042,6.05042,0.0
factory_3,frequency_response.csv,90,freq_hz,2524.368896,2524.368896,0.0
factory_3,frequency_response.csv,90,gain_db,-0.35395,-0.35395,0.0
factory_3,frequency_response.csv,91,time_s,6.117647,6.117647,0.0
factory_3,frequency_response.csv,91,freq_hz,2663.781738,2663.781738,0.0
factory_3,frequency_response.csv,91,gain_db,-0.363706,-0.363706,0.0
factory_3,frequency_response.csv,92,time_s,6.184874,6.184874,0.0
factory_3,frequency_response.csv,92,freq_hz,2810.893799,2810.893799,0.0
factory_3,frequency_response.csv,92,gain_db,-0.373462,-0.373462,0.0
factory_3,frequency_response.csv,93,time_s,6.252101,6.252101,0.0
factory_3,frequency_response.csv,93,freq_hz,2966.130371,2966.130371,0.0
factory_3,frequency_response.csv,93,gain_db,-0.385771,-0.385771,0.0
factory_3,frequency_response.csv,94,time_s,6.319328,6.319328,0.0
factory_3,frequency_response.csv,94,freq_hz,3129.94043,3129.94043,0.0
factory_3,frequency_response.csv,94,gain_db,-0.392577,-0.392577,0.0
factory_3,frequency_response.csv,95,time_s,6.386555,6.386555,0.0
factory_3,frequency_response.csv,95,freq_hz,3302.796875,3302.796875,0.0
factory_3,frequency_response.csv,95,gain_db,-0.400202,-0.400202,0.0
factory_3,frequency_response.csv,96,time_s,6.453782,6.453782,0.0
factory_3,frequency_response.csv,96,freq_hz,3485.199951,3485.199951,0.0
factory_3,frequency_response.csv,96,gain_db,-0.407319,-0.407319,0.0
factory_3,frequency_response.csv,97,time_s,6.521008,6.521008,0.0
factory_3,frequency_response.csv,97,freq_hz,3677.676025,3677.676025,0.0
factory_3,frequency_response.csv,97,gain_db,-0.42686,-0.42686,0.0
factory_3,frequency_response.csv,98,time_s,6.588235,6.588235,0.0
factory_3,frequency_response.csv,98,freq_hz,3880.782471,3880.782471,0.0
factory_3,frequency_response.csv,98,gain_db,-0.426167,-0.426167,0.0
factory_3,frequency_response.csv,99,time_s,6.655462,6.655462,0.0
factory_3,frequency_response.csv,99,freq_hz,4095.105469,4095.105469,0.0
factory_3,frequency_response.csv,99,gain_db,-0.440081,-0.440081,0.0
factory_3,frequency_response.csv,100,time_s,6.722689,6.722689,0.0
factory_3,frequency_response.csv,100,freq_hz,4321.265137,4321.265137,0.0
factory_3,frequency_response.csv,100,gain_db,-0.457346,-0.457346,0.0
factory_3,frequency_response.csv,101,time_s,6.789916,6.789916,0.0
factory_3,frequency_response.csv,101,freq_hz,4559.914551,4559.914551,0.0
factory_3,frequency_response.csv,101,gain_db,-0.489045,-0.489045,0.0
factory_3,frequency_response.csv,102,time_s,6.857143,6.857143,0.0
factory_3,frequency_response.csv,102,freq_hz,4811.744141,4811.744141,0.0
factory_3,frequency_response.csv,102,gain_db,-0.537932,-0.537932,0.0
factory_3,frequency_response.csv,103,time_s,6.92437,6.92437,0.0
factory_3,frequency_response.csv,103,freq_hz,5077.481445,5077.481445,0.0
factory_3,frequency_response.csv,103,gain_db,-0.601485,-0.601485,0.0
factory_3,frequency_response.csv,104,time_s,6.991597,6.991597,0.0
factory_3,frequency_response.csv,104,freq_hz,5357.894531,5357.894531,0.0
factory_3,frequency_response.csv,104,gain_db,-0.654202,-0.654202,0.0
factory_3,frequency_response.csv,105,time_s,7.058824,7.058824,0.0
factory_3,frequency_response.csv,105,freq_hz,5653.793457,5653.793457,0.0
factory_3,frequency_response.csv,105,gain_db,-0.671584,-0.671584,0.0
factory_3,frequency_response.csv,106,time_s,7.12605,7.12605,0.0
factory_3,frequency_response.csv,106,freq_hz,5966.034668,5966.034668,0.0
factory_3,frequency_response.csv,106,gain_db,-0.677517,-0.677517,0.0
factory_3,frequency_response.csv,107,time_s,7.193277,7.193277,0.0
factory_3,frequency_response.csv,107,freq_hz,6295.519531,6295.519531,0.0
factory_3,frequency_response.csv,107,gain_db,-0.692718,-0.692718,0.0
factory_3,frequency_response.csv,108,time_s,7.260504,7.260504,0.0
factory_3,frequency_response.csv,108,freq_hz,6643.200684,6643.200684,0.0
factory_3,frequency_response.csv,108,gain_db,-0.743,-0.743,0.0
factory_3,frequency_response.csv,109,time_s,7.327731,7.327731,0.0
factory_3,frequency_response.csv,109,freq_hz,7010.083008,7010.083008,0.0
factory_3,frequency_response.csv,109,gain_db,-0.824545,-0.824545,0.0
factory_3,frequency_response.csv,110,time_s,7.394958,7.394958,0.0
factory_3,frequency_response.csv,110,freq_hz,7397.227539,7397.227539,0.0
factory_3,frequency_response.csv,110,gain_db,-0.941513,-0.941513,0.0
factory_3,frequency_response.csv,111,time_s,7.462185,7.462185,0.0
factory_3,frequency_response.csv,111,freq_hz,7805.752441,7805.752441,0.0
factory_3,frequency_response.csv,111,gain_db,-1.009256,-1.009256,0.0
factory_3,frequency_response.csv,112,time_s,7.529412,7.529412,0.0
factory_3,frequency_response.csv,112,freq_hz,8236.839844,8236.839844,0.0
factory_3,frequency_response.csv,112,gain_db,-1.091615,-1.091615,0.0
factory_3,frequency_response.csv,113,time_s,7.596639,7.596639,0.0
factory_3,frequency_response.csv,113,freq_hz,8691.733398,8691.733398,0.0
factory_3,frequency_response.csv,113,gain_db,-1.174104,-1.174104,0.0
factory_3,frequency_response.csv,114,time_s,7.663866,7.663866,0.0
factory_3,frequency_response.csv,114,freq_hz,9171.75,9171.75,0.0
factory_3,frequency_response.csv,114,gain_db,-1.239791,-1.239791,0.0
factory_3,frequency_response.csv,115,time_s,7.731092,7.731092,0.0
factory_3,frequency_response.csv,115,freq_hz,9678.276367,9678.276367,0.0
factory_3,frequency_response.csv,115,gain_db,-1.304702,-1.304702,0.0
factory_3,frequency_response.csv,116,time_s,7.798319,7.798319,0.0
factory_3,frequency_response.csv,116,freq_hz,10212.776367,10212.776367,0.0
factory_3,frequency_response.csv,116,gain_db,-1.368731,-1.368731,0.0
factory_3,frequency_response.csv,117,time_s,7.865546,7.865546,0.0
factory_3,frequency_response.csv,117,freq_hz,10776.795898,10776.795898,0.0
factory_3,frequency_response.csv,117,gain_db,-1.421162,-1.421162,0.0
factory_3,frequency_response.csv,118,time_s,7.932773,7.932773,0.0
factory_3,frequency_response.csv,118,freq_hz,11371.962891,11371.962891,0.0
factory_3,frequency_response.csv,118,gain_db,-1.473841,-1.473841,0.0
factory_3,frequency_response.csv,119,time_s,8.0,8.0,0.0
factory_3,frequency_response.csv,119,freq_hz,12000.0,12000.0,0.0
factory_3,frequency_response.csv,119,gain_db,-1.515494,-1.515494,0.0
factory_3,notch_tracking.csv,0,time_s,0.336134,0.336134,0.0
factory_3,notch_tracking.csv,0,freq_hz,26.167307,26.167307,0.0
factory_3,notch_tracking.csv,0,notch_depth_db,-4.394777,-4.394777,0.0
factory_3,notch_tracking.csv,1,time_s,0.739496,0.739496,0.0
factory_3,notch_tracking.csv,1,freq_hz,36.127167,36.127167,0.0
factory_3,notch_tracking.csv,1,notch_depth_db,-7.88418,-7.88418,0.0
factory_3,notch_tracking.csv,2,time_s,1.680672,1.680672,0.0
factory_3,notch_tracking.csv,2,freq_hz,76.678787,76.678787,0.0
factory_3,notch_tracking.csv,2,notch_depth_db,-5.460489,-5.460489,0.0
factory_3,notch_tracking.csv,3,time_s,2.823529,2.823529,0.0
factory_3,notch_tracking.csv,3,freq_hz,191.229095,191.229095,0.0
factory_3,notch_tracking.csv,3,notch_depth_db,-11.005899,-11.005899,0.0
factory_3,notch_tracking.csv,4,time_s,3.697479,3.697479,0.0
factory_3,notch_tracking.csv,4,freq_hz,384.63562,384.63562,0.0
factory_3,notch_tracking.csv,4,notch_depth_db,-10.957945,-10.957945,0.0
factory_3,notch_tracking.csv,5,time_s,4.100841,4.100841,0.0
factory_3,notch_tracking.csv,5,freq_hz,531.03656,531.03656,0.0
factory_3,notch_tracking.csv,5,notch_depth_db,-10.85623,-10.85623,0.0
factory_3,notch_tracking.csv,6,time_s,5.445378,5.445378,0.0
factory_3,notch_tracking.csv,6,freq_hz,1556.110962,1556.110962,0.0
factory_3,notch_tracking.csv,6,notch_depth_db,-4.473078,-4.473078,0.0
factory_3,notch_tracking.csv,7,time_s,6.521008,6.521008,0.0
factory_3,notch_tracking.csv,7,freq_hz,3677.676025,3677.676025,0.0
factory_3,notch_tracking.csv,7,notch_depth_db,-0.42686,-0.42686,0.0
factory_3,thd_vs_drive.csv,0,sine_level_db,-24.0,-24.0,0.0
factory_3,thd_vs_drive.csv,0,thd_ratio,0.001285,0.001285,0.0
factory_3,thd_vs_drive.csv,0,thd_db,-57.823643,-57.823643,0.0
factory_3,thd_vs_drive.csv,0,broadband_hf_db,-82.68203,-82.68203,0.0
factory_3,thd_vs_drive.csv,1,sine_level_db,-18.0,-18.0,0.0
factory_3,thd_vs_drive.csv,1,thd_ratio,0.00368,0.00368,0.0
factory_3,thd_vs_drive.csv,1,thd_db,-48.684116,-48.684116,0.0
factory_3,thd_vs_drive.csv,1,broadband_hf_db,-82.68232,-82.68232,0.0
factory_3,thd_vs_drive.csv,2,sine_level_db,-12.0,-12.0,0.0
factory_3,thd_vs_drive.csv,2,thd_ratio,0.013797,0.013797,0.0
factory_3,thd_vs_drive.csv,2,thd_db,-37.204128,-37.204128,0.0
factory_3,thd_vs_drive.csv,2,broadband_hf_db,-82.684715,-82.684715,0.0
factory_3,thd_vs_drive.csv,3,sine_level_db,-6.0,-6.0,0.0
factory_3,thd_vs_drive.csv,3,thd_ratio,0.054353,0.054353,0.0
factory_3,thd_vs_drive.csv,3,thd_db,-25.29549,-25.29549,0.0
factory_3,thd_vs_drive.csv,3,broadband_hf_db,-82.676544,-82.676544,0.0
factory_3,thd_vs_drive.csv,4,sine_level_db,0.0,0.0,0.0
factory_3,thd_vs_drive.csv,4,thd_ratio,0.145038,0.145038,0.0
factory_3,thd_vs_drive.csv,4,thd_db,-16.770384,-16.770384,0.0
factory_3,thd_vs_drive.csv,4,broadband_hf_db,-80.830055,-80.830055,0.0
factory_4,summary.csv,average_tracked_notch_db,value,-5.56311,-5.56311,0.0
factory_4,summary.csv,deepest_tracked_notch_db,value,-8.483835,-8.483835,0.0
factory_4,summary.csv,guitar_broadband_hf_db,value,-80.367111,-80.367111,0.0
factory_4,summary.csv,guitar_lr_correlation,value,0.956964,0.956964,0.0
factory_4,summary.csv,guitar_mono_fold_db,value,-0.114589,-0.114589,0.0
factory_4,summary.csv,guitar_side_to_mid_db,value,-15.728974,-15.728974,0.0
factory_4,summary.csv,sweep_broadband_hf_db,value,-82.543518,-82.543518,0.0
factory_4,summary.csv,sweep_lr_correlation,value,0.984316,0.984316,0.0
factory_4,summary.csv,sweep_mono_fold_db,value,-0.034194,-0.034194,0.0
factory_4,summary.csv,sweep_side_to_mid_db,value,-21.021257,-21.021257,0.0
factory_4,summary.csv,tracked_notch_count,value,13.0,13.0,0.0
factory_4,summary.csv,tracked_notch_high_hz,value,2392.252441,2392.252441,0.0
factory_4,summary.csv,tracked_notch_low_hz,value,23.499975,23.499975,0.0
factory_4,summary.csv,tracked_notch_span_oct,value,6.669567,6.669567,0.0
factory_4,summary.csv,worst_thd_db,value,-19.673586,-19.673586,0.0
factory_4,frequency_response.csv,0,time_s,0.0,0.0,0.0
factory_4,frequency_response.csv,0,freq_hz,20.0,20.0,0.0
factory_4,frequency_response.csv,0,gain_db,-7.093211,-7.093211,0.0
factory_4,frequency_response.csv,1,time_s,0.067227,0.067227,0.0
factory_4,frequency_response.csv,1,freq_hz,21.104536,21.104536,0.0
factory_4,frequency_response.csv,1,gain_db,-5.92363,-5.92363,0.0
factory_4,frequency_response.csv,2,time_s,0.134454,0.134454,0.0
factory_4,frequency_response.csv,2,freq_hz,22.270071,22.270071,0.0
factory_4,frequency_response.csv,2,gain_db,-6.108038,-6.108038,0.0
factory_4,frequency_response.csv,3,time_s,0.201681,0.201681,0.0
factory_4,frequency_response.csv,3,freq_hz,23.499975,23.499975,0.0
factory_4,frequency_response.csv,3,gain_db,-6.40043,-6.40043,0.0
factory_4,frequency_response.csv,4,time_s,0.268908,0.268908,0.0
factory_4,frequency_response.csv,4,freq_hz,24.797804,24.797804,0.0
factory_4,frequency_response.csv,4,gain_db,-6.091882,-6.091882,0.0
factory_4,frequency_response.csv,5,time_s,0.336134,0.336134,0.0
factory_4,frequency_response.csv,5,freq_hz,26.167307,26.167307,0.0
factory_4,frequency_response.csv,5,gain_db,-6.705231,-6.705231,0.0
factory_4,frequency_response.csv,6,time_s,0.403361,0.403361,0.0
factory_4,frequency_response.csv,6,freq_hz,27.612442,27.612442,0.0
factory_4,frequency_response.csv,6,gain_db,-6.425219,-6.425219,0.0
factory_4,frequency_response.csv,7,time_s,0.470588,0.470588,0.0
factory_4,frequency_response.csv,7,freq_hz,29.13739,29.13739,0.0
factory_4,frequency_response.csv,7,gain_db,-6.906125,-6.906125,0.0
factory_4,frequency_response.csv,8,time_s,0.537815,0.537815,0.0
factory_4,frequency_response.csv,8,freq_hz,30.746555,30.746555,0.0
factory_4,frequency_response.csv,8,gain_db,-6.45053,-6.45053,0.0
factory_4,frequency_response.csv,9,time_s,0.605042,0.605042,0.0
factory_4,frequency_response.csv,9,freq_hz,32.444588,32.444588,0.0
factory_4,frequency_response.csv,9,gain_db,-5.562973,-5.562973,0.0
factory_4,frequency_response.csv,10,time_s,0.672269,0.672269,0.0
factory_4,frequency_response.csv,10,freq_hz,34.236401,34.236401,0.0
factory_4,frequency_response.csv,10,gain_db,-4.204822,-4.204822,0.0
factory_4,frequency_response.csv,11,time_s,0.739496,0.739496,0.0
factory_4,frequency_response.csv,11,freq_hz,36.127167,36.127167,0.0
factory_4,frequency_response.csv,11,gain_db,-3.499132,-3.499132,0.0
factory_4,frequency_response.csv,12,time_s,0.806723,0.806723,0.0
factory_4,frequency_response.csv,12,freq_hz,38.122353,38.122353,0.0
factory_4,frequency_response.csv,12,gain_db,-2.749485,-2.749485,0.0
factory_4,frequency_response.csv,13,time_s,0.87395,0.87395,0.0
factory_4,frequency_response.csv,13,freq_hz,40.22773,40.22773,0.0
factory_4,frequency_response.csv,13,gain_db,-2.201534,-2.201534,0.0
factory_4,frequency_response.csv,14,time_s,0.941177,0.941177,0.0
factory_4,frequency_response.csv,14,freq_hz,42.449379,42.449379,0.0
factory_4,frequency_response.csv,14,gain_db,-2.33804,-2.33804,0.0
factory_4,frequency_response.csv,15,time_s,1.008403,1.008403,0.0
factory_4,frequency_response.csv,15,freq_hz,44.79372,44.79372,0.0
factory_4,frequency_response.csv,15,gain_db,-2.394463,-2.394463,0.0
factory_4,frequency_response.csv,16,time_s,1.07563,1.07563,0.0
factory_4,frequency_response.csv,16,freq_hz,47.267536,47.267536,0.0
factory_4,frequency_response.csv,16,gain_db,-2.337893,-2.337893,0.0
factory_4,frequency_response.csv,17,time_s,1.142857,1.142857,0.0
factory_4,frequency_response.csv,17,freq_hz,49.877968,49.877968,0.0
factory_4,frequency_response.csv,17,gain_db,-2.406143,-2.406143,0.0
factory_4,frequency_response.csv,18,time_s,1.210084,1.210084,0.0
factory_4,frequency_response.csv,18,freq_hz,52.632568,52.632568,0.0
factory_4,frequency_response.csv,18,gain_db,-2.30991,-2.30991,0.0
factory_4,frequency_response.csv,19,time_s,1.277311,1.277311,0.0
factory_4,frequency_response.csv,19,freq_hz,55.539299,55.539299,0.0
factory_4,frequency_response.csv,19,gain_db,-2.28925,-2.28925,0.0
factory_4,frequency_response.csv,20,time_s,1.344538,1.344538,0.0
factory_4,frequency_response.csv,20,freq_hz,58.606552,58.606552,0.0
factory_4,frequency_response.csv,20,gain_db,-2.256123,-2.256123,0.0
factory_4,frequency_response.csv,21,time_s,1.411765,1.411765,0.0
factory_4,frequency_response.csv,21,freq_hz,61.843204,61.843204,0.0
factory_4,frequency_response.csv,21,gain_db,-2.313497,-2.313497,0.0
factory_4,frequency_response.csv,22,time_s,1.478992,1.478992,0.0
factory_4,frequency_response.csv,22,freq_hz,65.258606,65.258606,0.0
factory_4,frequency_response.csv,22,gain_db,-2.264755,-2.264755,0.0
factory_4,frequency_response.csv,23,time_s,1.546218,1.546218,0.0
factory_4,frequency_response.csv,23,freq_hz,68.862625,68.862625,0.0
factory_4,frequency_response.csv,23,gain_db,-2.136446,-2.136446,0.0
factory_4,frequency_response.csv,24,time_s,1.613445,1.613445,0.0
factory_4,frequency_response.csv,24,freq_hz,72.665695,72.665695,0.0
factory_4,frequency_response.csv,24,gain_db,-2.402442,-2.402442,0.0
factory_4,frequency_response.csv,25,time_s,1.680672,1.680672,0.0
factory_4,frequency_response.csv,25,freq_hz,76.678787,76.678787,0.0
factory_4,frequency_response.csv,25,gain_db,-3.131423,-3.131423,0.0
factory_4,frequency_response.csv,26,time_s,1.747899,1.747899,0.0
factory_4,frequency_response.csv,26,freq_hz,80.913506,80.913506,0.0
factory_4,frequency_response.csv,26,gain_db,-4.083927,-4.083927,0.0
factory_4,frequency_response.csv,27,time_s,1.815126,1.815126,0.0
factory_4,frequency_response.csv,27,freq_hz,85.382095,85.382095,0.0
factory_4,frequency_response.csv,27,gain_db,-5.169399,-5.169399,0.0
factory_4,frequency_response.csv,28,time_s,1.882353,1.882353,0.0
factory_4,frequency_response.csv,28,freq_hz,90.097488,90.097488,0.0
factory_4,frequency_response.csv,28,gain_db,-5.919723,-5.919723,0.0
factory_4,frequency_response.csv,29,time_s,1.94958,1.94958,0.0
factory_4,frequency_response.csv,29,freq_hz,95.073273,95.073273,0.0
factory_4,frequency_response.csv,29,gain_db,-5.946544,-5.946544,0.0
factory_4,frequency_response.csv,30,time_s,2.016807,2.016807,0.0
factory_4,frequency_response.csv,30,freq_hz,100.323875,100.323875,0.0
factory_4,frequency_response.csv,30,gain_db,-5.644897,-5.644897,0.0
factory_4,frequency_response.csv,31,time_s,2.084034,2.084034,0.0
factory_4,frequency_response.csv,31,freq_hz,105.864441,105.864441,0.0
factory_4,frequency_response.csv,31,gain_db,-4.928655,-4.928655,0.0
factory_4,frequency_response.csv,32,time_s,2.151261,2.151261,0.0
factory_4,frequency_response.csv,32,freq_hz,111.710999,111.710999,0.0
factory_4,frequency_response.csv,32,gain_db,-4.072888,-4.072888,0.0
factory_4,frequency_response.csv,33,time_s,2.218488,2.218488,0.0
factory_4,frequency_response.csv,33,freq_hz,117.880432,117.880432,0.0
factory_4,frequency_response.csv,33,gain_db,-3.302492,-3.302492,0.0
factory_4,frequency_response.csv,34,time_s,2.285714,2.285714,0.0
factory_4,frequency_response.csv,34,freq_hz,124.390594,124.390594,0.0
factory_4,frequency_response.csv,34,gain_db,-2.895669,-2.895669,0.0
factory_4,frequency_response.csv,35,time_s,2.352941,2.352941,0.0
factory_4,frequency_response.csv,35,freq_hz,131.260284,131.260284,0.0
factory_4,frequency_response.csv,35,gain_db,-3.062112,-3.062112,0.0
factory_4,frequency_response.csv,36,time_s,2.420168,2.420168,0.0
factory_4,frequency_response.csv,36,freq_hz,138.509369,138.509369,0.0
factory_4,frequency_response.csv,36,gain_db,-3.580341,-3.580341,0.0
factory_4,frequency_response.csv,37,time_s,2.487395,2.487395,0.0
factory_4,frequency_response.csv,37,freq_hz,146.158783,146.158783,0.0
factory_4,frequency_response.csv,37,gain_db,-4.732051,-4.732051,0.0
factory_4,frequency_response.csv,38,time_s,2.554622,2.554622,0.0
factory_4,frequency_response.csv,38,freq_hz,154.230667,154.230667,0.0
factory_4,frequency_response.csv,38,gain_db,-6.329518,-6.329518,0.0
factory_4,frequency_response.csv,39,time_s,2.621849,2.621849,0.0
factory_4,frequency_response.csv,39,freq_hz,162.748337,162.748337,0.0
factory_4,frequency_response.csv,39,gain_db,-7.947747,-7.947747,0.0
factory_4,frequency_response.csv,40,time_s,2.689076,2.689076,0.0
factory_4,frequency_response.csv,40,freq_hz,171.73642,171.73642,0.0
factory_4,frequency_response.csv,40,gain_db,-8.483835,-8.483835,0.0
factory_4,frequency_response.csv,41,time_s,2.756303,2.756303,0.0
factory_4,frequency_response.csv,41,freq_hz,181.220856,181.220856,0.0
factory_4,frequency_response.csv,41,gain_db,-8.095845,-8.095845,0.0
factory_4,frequency_response.csv,42,time_s,2.823529,2.823529,0.0
factory_4,frequency_response.csv,42,freq_hz,191.229095,191.229095,0.0
factory_4,frequency_response.csv,42,gain_db,-7.640297,-7.640297,0.0
factory_4,frequency_response.csv,43,time_s,2.890756,2.890756,0.0
factory_4,frequency_response.csv,43,freq_hz,201.79007,201.79007,0.0
factory_4,frequency_response.csv,43,gain_db,-7.628686,-7.628686,0.0
factory_4,frequency_response.csv,44,time_s,2.957983,2.957983,0.0
factory_4,frequency_response.csv,44,freq_hz,212.93428,212.93428,0.0
factory_4,frequency_response.csv,44,gain_db,-7.941432,-7.941432,0.0
factory_4,frequency_response.csv,45,time_s,3.02521,3.02521,0.0
factory_4,frequency_response.csv,45,freq_hz,224.69397,224.69397,0.0
factory_4,frequency_response.csv,45,gain_db,-8.257342,-8.257342,0.0
factory_4,frequency_response.csv,46,time_s,3.092437,3.092437,0.0
factory_4,frequency_response.csv,46,freq_hz,237.103104,237.103104,0.0
factory_4,frequency_response.csv,46,gain_db,-8.026114,-8.026114,0.0
factory_4,frequency_response.csv,47,time_s,3.159664,3.159664,0.0
factory_4,frequency_response.csv,47,freq_hz,250.19754,250.19754,0.0
factory_4,frequency_response.csv,47,gain_db,-7.35369,-7.35369,0.0
factory_4,frequency_response.csv,48,time_s,3.226891,3.226891,0.0
factory_4,frequency_response.csv,48,freq_hz,264.015137,264.015137,0.0
factory_4,frequency_response.csv,48,gain_db,-6.868839,-6.868839,0.0
factory_4,frequency_response.csv,49,time_s,3.294118,3.294118,0.0
factory_4,frequency_response.csv,49,freq_hz,278.595856,278.595856,0.0
factory_4,frequency_response.csv,49,gain_db,-7.127921,-7.127921,0.0
factory_4,frequency_response.csv,50,time_s,3.361345,3.361345,0.0
factory_4,frequency_response.csv,50,freq_hz,293.981812,293.981812,0.0
factory_4,frequency_response.csv,50,gain_db,-7.806402,-7.806402,0.0
factory_4,frequency_response.csv,51,time_s,3.428571,3.428571,0.0
factory_4,frequency_response.csv,51,freq_hz,310.217468,310.217468,0.0
factory_4,frequency_response.csv,51,gain_db,-8.272488,-8.272488,0.0
factory_4,frequency_response.csv,52,time_s,3.495798,3.495798,0.0
factory_4,frequency_response.csv,52,freq_hz,327.349792,327.349792,0.0
factory_4,frequency_response.csv,52,gain_db,-7.479608,-7.479608,0.0
factory_4,frequency_response.csv,53,time_s,3.563025,3.563025,0.0
factory_4,frequency_response.csv,53,freq_hz,345.428284,345.428284,0.0
factory_4,frequency_response.csv,53,gain_db,-5.908823,-5.908823,0.0
factory_4,frequency_response.csv,54,time_s,3.630252,3.630252,0.0
factory_4,frequency_response.csv,54,freq_hz,364.505157,364.505157,0.0
factory_4,frequency_response.csv,54,gain_db,-4.698689,-4.698689,0.0
factory_4,frequency_response.csv,55,time_s,3.697479,3.697479,0.0
factory_4,frequency_response.csv,55,freq_hz,384.63562,384.63562,0.0
factory_4,frequency_response.csv,55,gain_db,-4.080576,-4.080576,0.0
factory_4,frequency_response.csv,56,time_s,3.764706,3.764706,0.0
factory_4,frequency_response.csv,56,freq_hz,405.877808,405.877808,0.0
factory_4,frequency_response.csv,56,gain_db,-3.825176,-3.825176,0.0
factory_4,frequency_response.csv,57,time_s,3.831933,3.831933,0.0
factory_4,frequency_response.csv,57,freq_hz,428.293121,428.293121,0.0
factory_4,frequency_response.csv,57,gain_db,-4.00887,-4.00887,0.0
factory_4,frequency_response.csv,58,time_s,3.89916,3.89916,0.0
factory_4,frequency_response.csv,58,freq_hz,451.946381,451.946381,0.0
factory_4,frequency_response.csv,58,gain_db,-4.568938,-4.568938,0.0
factory_4,frequency_response.csv,59,time_s,3.966387,3.966387,0.0
factory_4,frequency_response.csv,59,freq_hz,476.905945,476.905945,0.0
factory_4,frequency_response.csv,59,gain_db,-5.537517,-5.537517,0.0
factory_4,frequency_response.csv,60,time_s,4.033614,4.033614,0.0
factory_4,frequency_response.csv,60,freq_hz,503.244019,503.244019,0.0
factory_4,frequency_response.csv,60,gain_db,-6.825714,-6.825714,0.0
factory_4,frequency_response.csv,61,time_s,4.100841,4.100841,0.0
factory_4,frequency_response.csv,61,freq_hz,531.03656,531.03656,0.0
factory_4,frequency_response.csv,61,gain_db,-7.777741,-7.777741,0.0
factory_4,frequency_response.csv,62,time_s,4.168067,4.168067,0.0
factory_4,frequency_response.csv,62,freq_hz,560.364014,560.364014,0.0
factory_4,frequency_response.csv,62,gain_db,-7.985902,-7.985902,0.0
factory_4,frequency_response.csv,63,time_s,4.235294,4.235294,0.0
factory_4,frequency_response.csv,63,freq_hz,591.311096,591.311096,0.0
factory_4,frequency_response.csv,63,gain_db,-7.532802,-7.532802,0.0
factory_4,frequency_response.csv,64,time_s,4.302521,4.302521,0.0
factory_4,frequency_response.csv,64,freq_hz,623.967346,623.967346,0.0
factory_4,frequency_response.csv,64,gain_db,-6.538171,-6.538171,0.0
factory_4,frequency_response.csv,65,time_s,4.369748,4.369748,0.0
factory_4,frequency_response.csv,65,freq_hz,658.427063,658.427063,0.0
factory_4,frequency_response.csv,65,gain_db,-5.048886,-5.048886,0.0
factory_4,frequency_response.csv,66,time_s,4.436975,4.436975,0.0
factory_4,frequency_response.csv,66,freq_hz,694.789795,694.789795,0.0
factory_4,frequency_response.csv,66,gain_db,-3.633847,-3.633847,0.0
factory_4,frequency_response.csv,67,time_s,4.504202,4.504202,0.0
factory_4,frequency_response.csv,67,freq_hz,733.160889,733.160889,0.0
factory_4,frequency_response.csv,67,gain_db,-2.768722,-2.768722,0.0
factory_4,frequency_response.csv,68,time_s,4.571429,4.571429,0.0
factory_4,frequency_response.csv,68,freq_hz,773.651001,773.651001,0.0
factory_4,frequency_response.csv,68,gain_db,-2.339451,-2.339451,0.0
factory_4,frequency_response.csv,69,time_s,4.638656,4.638656,0.0
factory_4,frequency_response.csv,69,freq_hz,816.377197,816.377197,0.0
factory_4,frequency_response.csv,69,gain_db,-2.156731,-2.156731,0.0
factory_4,frequency_response.csv,70,time_s,4.705883,4.705883,0.0
factory_4,frequency_response.csv,70,freq_hz,861.463074,861.463074,0.0
factory_4,frequency_response.csv,70,gain_db,-2.119696,-2.119696,0.0
factory_4,frequency_response.csv,71,time_s,4.773109,4.773109,0.0
factory_4,frequency_response.csv,71,freq_hz,909.03894,909.03894,0.0
factory_4,frequency_response.csv,71,gain_db,-2.22501,-2.22501,0.0
factory_4,frequency_response.csv,72,time_s,4.840336,4.840336,0.0
factory_4,frequency_response.csv,72,freq_hz,959.242249,959.242249,0.0
factory_4,frequency_response.csv,72,gain_db,-2.46349,-2.46349,0.0
factory_4,frequency_response.csv,73,time_s,4.907563,4.907563,0.0
factory_4,frequency_response.csv,73,freq_hz,1012.218079,1012.218079,0.0
factory_4,frequency_response.csv,73,gain_db,-2.886708,-2.886708,0.0
factory_4,frequency_response.csv,74,time_s,4.97479,4.97479,0.0
factory_4,frequency_response.csv,74,freq_hz,1068.119629,1068.119629,0.0
factory_4,frequency_response.csv,74,gain_db,-3.534161,-3.534161,0.0
factory_4,frequency_response.csv,75,time_s,5.042017,5.042017,0.0
factory_4,frequency_response.csv,75,freq_hz,1127.108398,1127.108398,0.0
factory_4,frequency_response.csv,75,gain_db,-4.142707,-4.142707,0.0
factory_4,frequency_response.csv,76,time_s,5.109244,5.109244,0.0
factory_4,frequency_response.csv,76,freq_hz,1189.355103,1189.355103,0.0
factory_4,frequency_response.csv,76,gain_db,-4.202187,-4.202187,0.0
factory_4,frequency_response.csv,77,time_s,5.176471,5.176471,0.0
factory_4,frequency_response.csv,77,freq_hz,1255.039307,1255.039307,0.0
factory_4,frequency_response.csv,77,gain_db,-3.77661,-3.77661,0.0
factory_4,frequency_response.csv,78,time_s,5.243698,5.243698,0.0
factory_4,frequency_response.csv,78,freq_hz,1324.351074,1324.351074,0.0
factory_4,frequency_response.csv,78,gain_db,-3.031341,-3.031341,0.0
factory_4,frequency_response.csv,79,time_s,5.310925,5.310925,0.0
factory_4,frequency_response.csv,79,freq_hz,1397.490845,1397.490845,0.0
factory_4,frequency_response.csv,79,gain_db,-2.318133,-2.318133,0.0
factory_4,frequency_response.csv,80,time_s,5.378151,5.378151,0.0
factory_4,frequency_response.csv,80,freq_hz,1474.669678,1474.669678,0.0
factory_4,frequency_response.csv,80,gain_db,-1.882722,-1.882722,0.0
factory_4,frequency_response.csv,81,time_s,5.445378,5.445378,0.0
factory_4,frequency_response.csv,81,freq_hz,1556.110962,1556.110962,0.0
factory_4,frequency_response.csv,81,gain_db,-1.683463,-1.683463,0.0
factory_4,frequency_response.csv,82,time_s,5.512605,5.512605,0.0
factory_4,frequency_response.csv,82,freq_hz,1642.050049,1642.050049,0.0
factory_4,frequency_response.csv,82,gain_db,-1.600975,-1.600975,0.0
factory_4,frequency_response.csv,83,time_s,5.579832,5.579832,0.0
factory_4,frequency_response.csv,83,freq_hz,1732.735107,1732.735107,0.0
factory_4,frequency_response.csv,83,gain_db,-1.570889,-1.570889,0.0
factory_4,frequency_response.csv,84,time_s,5.647059,5.647059,0.0
factory_4,frequency_response.csv,84,freq_hz,1828.428467,1828.428467,0.0
factory_4,frequency_response.csv,84,gain_db,-1.576744,-1.576744,0.0
factory_4,frequency_response.csv,85,time_s,5.714286,5.714286,0.0
factory_4,frequency_response.csv,85,freq_hz,1929.406738,1929.406738,0.0
factory_4,frequency_response.csv,85,gain_db,-1.61057,-1.61057,0.0
factory_4,frequency_response.csv,86,time_s,5.781513,5.781513,0.0
factory_4,frequency_response.csv,86,freq_hz,2035.96167,2035.96167,0.0
factory_4,frequency_response.csv,86,gain_db,-1.674274,-1.674274,0.0
factory_4,frequency_response.csv,87,time_s,5.84874,5.84874,0.0
factory_4,frequency_response.csv,87,freq_hz,2148.401367,2148.401367,0.0
factory_4,frequency_response.csv,87,gain_db,-1.761649,-1.761649,0.0
factory_4,frequency_response.csv,88,time_s,5.915967,5.915967,0.0
factory_4,frequency_response.csv,88,freq_hz,2267.050537,2267.050537,0.0
factory_4,frequency_response.csv,88,gain_db,-1.902948,-1.902948,0.0
factory_4,frequency_response.csv,89,time_s,5.983193,5.983193,0.0
factory_4,frequency_response.csv,89,freq_hz,2392.252441,2392.252441,0.0
factory_4,frequency_response.csv,89,gain_db,-2.046245,-2.046245,0.0
factory_4,frequency_response.csv,90,time_s,6.05042,6.05042,0.0
factory_4,frequency_response.csv,90,freq_hz,2524.368896,2524.368896,0.0
factory_4,frequency_response.csv,90,gain_db,-2.033482,-2.033482,0.0
factory_4,frequency_response.csv,91,time_s,6.117647,6.117647,0.0
factory_4,frequency_response.csv,91,freq_hz,2663.781738,2663.781738,0.0
factory_4,frequency_response.csv,91,gain_db,-1.903679,-1.903679,0.0
factory_4,frequency_response.csv,92,time_s,6.184874,6.184874,0.0
factory_4,frequency_response.csv,92,freq_hz,2810.893799,2810.893799,0.0
factory_4,frequency_response.csv,92,gain_db,-1.734895,-1.734895,0.0
factory_4,frequency_response.csv,93,time_s,6.252101,6.252101,0.0
factory_4,frequency_response.csv,93,freq_hz,2966.130371,2966.130371,0.0
factory_4,frequency_response.csv,93,gain_db,-1.629768,-1.629768,0.0
factory_4,frequency_response.csv,94,time_s,6.319328,6.319328,0.0
factory_4,frequency_response.csv,94,freq_hz,3129.94043,3129.94043,0.0
factory_4,frequency_response.csv,94,gain_db,-1.597703,-1.597703,0.0
factory_4,frequency_response.csv,95,time_s,6.386555,6.386555,0.0
factory_4,frequency_response.csv,95,freq_hz,3302.796875,3302.796875,0.0
factory_4,frequency_response.csv,95,gain_db,-1.605629,-1.605629,0.0
factory_4,frequency_response.csv,96,time_s,6.453782,6.453782,0.0
factory_4,frequency_response.csv,96,freq_hz,3485.199951,3485.199951,0.0
factory_4,frequency_response.csv,96,gain_db,-1.62505,-1.62505,0.0
factory_4,frequency_response.csv,97,time_s,6.521008,6.521008,0.0
factory_4,frequency_response.csv,97,freq_hz,3677.676025,3677.676025,0.0
factory_4,frequency_response.csv,97,gain_db,-1.648136,-1.648136,0.0
factory_4,frequency_response.csv,98,time_s,6.588235,6.588235,0.0
factory_4,frequency_response.csv,98,freq_hz,3880.782471,3880.782471,0.0
factory_4,frequency_response.csv,98,gain_db,-1.668964,-1.668964,0.0
factory_4,frequency_response.csv,99,time_s,6.655462,6.655462,0.0
factory_4,frequency_response.csv,99,freq_hz,4095.105469,4095.105469,0.0
factory_4,frequency_response.csv,99,gain_db,-1.68969,-1.68969,0.0
factory_4,frequency_response.csv,100,time_s,6.722689,6.722689,0.0
factory_4,frequency_response.csv,100,freq_hz,4321.265137,4321.265137,0.0
factory_4,frequency_response.csv,100,gain_db,-1.707648,-1.707648,0.0
factory_4,frequency_response.csv,101,time_s,6.789916,6.789916,0.0
factory_4,frequency_response.csv,101,freq_hz,4559.914551,4559.914551,0.0
factory_4,frequency_response.csv,101,gain_db,-1.724187,-1.724187,0.0
factory_4,frequency_response.csv,102,time_s,6.857143,6.857143,0.0
factory_4,frequency_response.csv,102,freq_hz,4811.744141,4811.744141,0.0
factory_4,frequency_response.csv,102,gain_db,-1.747338,-1.747338,0.0
factory_4,frequency_response.csv,103,time_s,6.92437,6.92437,0.0
factory_4,frequency_response.csv,103,freq_hz,5077.481445,5077.481445,0.0
factory_4,frequency_response.csv,103,gain_db,-1.779573,-1.779573,0.0
factory_4,frequency_response.csv,104,time_s,6.991597,6.991597,0.0
factory_4,frequency_response.csv,104,freq_hz,5357.894531,5357.894531,0.0
factory_4,frequency_response.csv,104,gain_db,-1.809242,-1.809242,0.0
factory_4,frequency_response.csv,105,time_s,7.058824,7.058824,0.0
factory_4,frequency_response.csv,105,freq_hz,5653.793457,5653.793457,0.0
factory_4,frequency_response.csv,105,gain_db,-1.840453,-1.840453,0.0
factory_4,frequency_response.csv,106,time_s,7.12605,7.12605,0.0
factory_4,frequency_response.csv,106,freq_hz,5966.034668,5966.034668,0.0
factory_4,frequency_response.csv,106,gain_db,-1.887493,-1.887493,0.0
factory_4,frequency_response.csv,107,time_s,7.193277,7.193277,0.0
factory_4,frequency_response.csv,107,freq_hz,6295.519531,6295.519531,0.0
factory_4,frequency_response.csv,107,gain_db,-1.950425,-1.950425,0.0
factory_4,frequency_response.csv,108,time_s,7.260504,7.260504,0.0
factory_4,frequency_response.csv,108,freq_hz,6643.200684,6643.200684,0.0
factory_4,frequency_response.csv,108,gain_db,-2.018789,-2.018789,0.0
factory_4,frequency_response.csv,109,time_s,7.327731,7.327731,0.0
factory_4,frequency_response.csv,109,freq_hz,7010.083008,7010.083008,0.0
factory_4,frequency_response.csv,109,gain_db,-2.081749,-2.081749,0.0
factory_4,frequency_response.csv,110,time_s,7.394958,7.394958,0.0
factory_4,frequency_response.csv,110,freq_hz,7397.227539,7397.227539,0.0
factory_4,frequency_response.csv,110,gain_db,-2.152972,-2.152972,0.0
factory_4,frequency_response.csv,111,time_s,7.462185,7.462185,0.0
factory_4,frequency_response.csv,111,freq_hz,7805.752441,7805.752441,0.0
factory_4,frequency_response.csv,111,gain_db,-2.191344,-2.191344,0.0
factory_4,frequency_response.csv,112,time_s,7.529412,7.529412,0.0
factory_4,frequency_response.csv,112,freq_hz,8236.839844,8236.839844,0.0
factory_4,frequency_response.csv,112,gain_db,-2.237975,-2.237975,0.0
factory_4,frequency_response.csv,113,time_s,7.596639,7.596639,0.0
factory_4,frequency_response.csv,113,freq_hz,8691.733398,8691.733398,0.0
factory_4,frequency_response.csv,113,gain_db,-2.282831,-2.282831,0.0
factory_4,frequency_response.csv,114,time_s,7.663866,7.663866,0.0
factory_4,frequency_response.csv,114,freq_hz,9171.75,9171.75,0.0
factory_4,frequency_response.csv,114,gain_db,-2.320979,-2.320979,0.0
factory_4,frequency_response.csv,115,time_s,7.731092,7.731092,0.0
factory_4,frequency_response.csv,115,freq_hz,9678.276367,9678.276367,0.0
factory_4,frequency_response.csv,115,gain_db,-2.354848,-2.354848,0.0
factory_4,frequency_response.csv,116,time_s,7.798319,7.798319,0.0
factory_4,frequency_response.csv,116,freq_hz,10212.776367,10212.776367,0.0
factory_4,frequency_response.csv,116,gain_db,-2.391197,-2.391197,0.0
factory_4,frequency_response.csv,117,time_s,7.865546,7.865546,0.0
factory_4,frequency_response.csv,117,freq_hz,10776.795898,10776.795898,0.0
factory_4,frequency_response.csv,117,gain_db,-2.431252,-2.431252,0.0
factory_4,frequency_response.csv,118,time_s,7.932773,7.932773,0.0
factory_4,frequency_response.csv,118,freq_hz,11371.962891,11371.962891,0.0
factory_4,frequency_response.csv,118,gain_db,-2.481645,-2.481645,0.0
factory_4,frequency_response.csv,119,time_s,8.0,8.0,0.0
factory_4,frequency_response.csv,119,freq_hz,12000.0,12000.0,0.0
factory_4,frequency_response.csv,119,gain_db,-2.529396,-2.529396,0.0
factory_4,notch_tracking.csv,0,time_s,0.201681,0.201681,0.0
factory_4,notch_tracking.csv,0,freq_hz,23.499975,23.499975,0.0
factory_4,notch_tracking.csv,0,notch_depth_db,-6.40043,-6.40043,0.0
factory_4,notch_tracking.csv,1,time_s,0.336134,0.336134,0.0
factory_4,notch_tracking.csv,1,freq_hz,26.167307,26.167307,0.0
factory_4,notch_tracking.csv,1,notch_depth_db,-6.705231,-6.705231,0.0
factory_4,notch_tracking.csv,2,time_s,0.470588,0.470588,0.0
factory_4,notch_tracking.csv,2,freq_hz,29.13739,29.13739,0.0
factory_4,notch_tracking.csv,2,notch_depth_db,-6.906125,-6.906125,0.0
factory_4,notch_tracking.csv,3,time_s,1.008403,1.008403,0.0
factory_4,notch_tracking.csv,3,freq_hz,44.79372,44.79372,0.0
factory_4,notch_tracking.csv,3,notch_depth_db,-2.394463,-2.394463,0.0
factory_4,notch_tracking.csv,4,time_s,1.142857,1.142857,0.0
factory_4,notch_tracking.csv,4,freq_hz,49.877968,49.877968,0.0
factory_4,notch_tracking.csv,4,notch_depth_db,-2.406143,-2.406143,0.0
factory_4,notch_tracking.csv,5,time_s,1.411765,1.411765,0.0
factory_4,notch_tracking.csv,5,freq_hz,61.843204,61.843204,0.0
factory_4,notch_tracking.csv,5,notch_depth_db,-2.313497,-2.313497,0.0
factory_4,notch_tracking.csv,6,time_s,1.94958,1.94958,0.0
factory_4,notch_tracking.csv,6,freq_hz,95.073273,95.073273,0.0
factory_4,notch_tracking.csv,6,notch_depth_db,-5.946544,-5.946544,0.0
factory_4,notch_tracking.csv,7,time_s,2.689076,2.689076,0.0
factory_4,notch_tracking.csv,7,freq_hz,171.73642,171.73642,0.0
factory_4,notch_tracking.csv,7,notch_depth_db,-8.483835,-8.483835,0.0
factory_4,notch_tracking.csv,8,time_s,3.02521,3.02521,0.0
factory_4,notch_tracking.csv,8,freq_hz,224.69397,224.69397,0.0
factory_4,notch_tracking.csv,8,notch_depth_db,-8.257342,-8.257342,0.0
factory_4,notch_tracking.csv,9,time_s,3.428571,3.428571,0.0
factory_4,notch_tracking.csv,9,freq_hz,310.217468,310.217468,0.0
factory_4,notch_tracking.csv,9,notch_depth_db,-8.272488,-8.272488,0.0
factory_4,notch_tracking.csv,10,time_s,4.168067,4.168067,0.0
factory_4,notch_tracking.csv,10,freq_hz,560.364014,560.364014,0.0
factory_4,notch_tracking.csv,10,notch_depth_db,-7.985902,-7.985902,0.0
factory_4,notch_tracking.csv,11,time_s,5.109244,5.109244,0.0
factory_4,notch_tracking.csv,11,freq_hz,1189.355103,1189.355103,0.0
factory_4,notch_tracking.csv,11,notch_depth_db,-4.202187,-4.202187,0.0
factory_4,notch_tracking.csv,12,time_s,5.983193,5.983193,0.0
factory_4,notch_tracking.csv,12,freq_hz,2392.252441,2392.252441,0.0
factory_4,notch_tracking.csv,12,notch_depth_db,-2.046245,-2.046245,0.0
factory_4,thd_vs_drive.csv,0,sine_level_db,-24.0,-24.0,0.0
factory_4,thd_vs_drive.csv,0,thd_ratio,0.000372,0.000372,0.0
factory_4,thd_vs_drive.csv,0,thd_db,-68.58429,-68.58429,0.0
factory_4,thd_vs_drive.csv,0,broadband_hf_db,-82.690025,-82.690025,0.0
factory_4,thd_vs_drive.csv,1,sine_level_db,-18.0,-18.0,0.0
factory_4,thd_vs_drive.csv,1,thd_ratio,0.001496,0.001496,0.0
factory_4,thd_vs_drive.csv,1,thd_db,-56.499817,-56.499817,0.0
factory_4,thd_vs_drive.csv,1,broadband_hf_db,-82.679184,-82.679184,0.0
factory_4,thd_vs_drive.csv,2,sine_level_db,-12.0,-12.0,0.0
factory_4,thd_vs_drive.csv,2,thd_ratio,0.006956,0.006956,0.0
factory_4,thd_vs_drive.csv,2,thd_db,-43.152237,-43.152237,0.0
factory_4,thd_vs_drive.csv,2,broadband_hf_db,-82.682526,-82.682526,0.0
factory_4,thd_vs_drive.csv,3,sine_level_db,-6.0,-6.0,0.0
factory_4,thd_vs_drive.csv,3,thd_ratio,0.031855,0.031855,0.0
factory_4,thd_vs_drive.csv,3,thd_db,-29.936337,-29.936337,0.0
factory_4,thd_vs_drive.csv,3,broadband_hf_db,-82.683891,-82.683891,0.0
factory_4,thd_vs_drive.csv,4,sine_level_db,0.0,0.0,0.0
factory_4,thd_vs_drive.csv,4,thd_ratio,0.103829,0.103829,0.0
factory_4,thd_vs_drive.csv,4,thd_db,-19.673586,-19.673586,0.0
factory_4,thd_vs_drive.csv,4,broadband_hf_db,-81.797737,-81.797737,0.0
factory_5,summary.csv,average_tracked_notch_db,value,-4.650293,-4.650293,0.0
factory_5,summary.csv,deepest_tracked_notch_db,value,-8.059864,-8.059864,0.0
factory_5,summary.csv,guitar_broadband_hf_db,value,-82.384102,-82.384102,0.0
factory_5,summary.csv,guitar_lr_correlation,value,0.9947,0.9947,0.0
factory_5,summary.csv,guitar_mono_fold_db,value,-0.011526,-0.011526,0.0
factory_5,summary.csv,guitar_side_to_mid_db,value,-25.755476,-25.755476,0.0
factory_5,summary.csv,sweep_broadband_hf_db,value,-81.887123,-81.887123,0.0
factory_5,summary.csv,sweep_lr_correlation,value,0.994412,0.994412,0.0
factory_5,summary.csv,sweep_mono_fold_db,value,-0.012152,-0.012152,0.0
factory_5,summary.csv,sweep_side_to_mid_db,value,-25.525255,-25.525255,0.0
factory_5,summary.csv,tracked_notch_count,value,13.0,13.0,0.0
factory_5,summary.csv,tracked_notch_high_hz,value,2966.130371,2966.130371,0.0
factory_5,summary.csv,tracked_notch_low_hz,value,26.167307,26.167307,0.0
factory_5,summary.csv,tracked_notch_span_oct,value,6.824673,6.824673,0.0
factory_5,summary.csv,worst_thd_db,value,-16.246847,-16.246847,0.0
factory_5,frequency_response.csv,0,time_s,0.0,0.0,0.0
factory_5,frequency_response.csv,0,freq_hz,20.0,20.0,0.0
factory_5,frequency_response.csv,0,gain_db,-19.928978,-19.928978,0.0
factory_5,frequency_response.csv,1,time_s,0.067227,0.067227,0.0
factory_5,frequency_response.csv,1,freq_hz,21.104536,21.104536,0.0
factory_5,frequency_response.csv,1,gain_db,-8.567225,-8.567225,0.0
factory_5,frequency_response.csv,2,time_s,0.134454,0.134454,0.0
factory_5,frequency_response.csv,2,freq_hz,22.270071,22.270071,0.0
factory_5,frequency_response.csv,2,gain_db,-7.972112,-7.972112,0.0
factory_5,frequency_response.csv,3,time_s,0.201681,0.201681,0.0
factory_5,frequency_response.csv,3,freq_hz,23.499975,23.499975,0.0
factory_5,frequency_response.csv,3,gain_db,-7.597007,-7.597007,0.0
factory_5,frequency_response.csv,4,time_s,0.268908,0.268908,0.0
factory_5,frequency_response.csv,4,freq_hz,24.797804,24.797804,0.0
factory_5,frequency_response.csv,4,gain_db,-7.549379,-7.549379,0.0
factory_5,frequency_response.csv,5,time_s,0.336134,0.336134,0.0
factory_5,frequency_response.csv,5,freq_hz,26.167307,26.167307,0.0
factory_5,frequency_response.csv,5,gain_db,-8.059864,-8.059864,0.0
factory_5,frequency_response.csv,6,time_s,0.403361,0.403361,0.0
factory_5,frequency_response.csv,6,freq_hz,27.612442,27.612442,0.0
factory_5,frequency_response.csv,6,gain_db,-7.659598,-7.659598,0.0
factory_5,frequency_response.csv,7,time_s,0.470588,0.470588,0.0
factory_5,frequency_response.csv,7,freq_hz,29.13739,29.13739,0.0
factory_5,frequency_response.csv,7,gain_db,-7.636371,-7.636371,0.0
factory_5,frequency_response.csv,8,time_s,0.537815,0.537815,0.0
factory_5,frequency_response.csv,8,freq_hz,30.746555,30.746555,0.0
factory_5,frequency_response.csv,8,gain_db,-7.324645,-7.324645,0.0
factory_5,frequency_response.csv,9,time_s,0.605042,0.605042,0.0
factory_5,frequency_response.csv,9,freq_hz,32.444588,32.444588,0.0
factory_5,frequency_response.csv,9,gain_db,-7.013733,-7.013733,0.0
factory_5,frequency_response.csv,10,time_s,0.672269,0.672269,0.0
factory_5,frequency_response.csv,10,freq_hz,34.236401,34.236401,0.0
factory_5,frequency_response.csv,10,gain_db,-6.254975,-6.254975,0.0
factory_5,frequency_response.csv,11,time_s,0.739496,0.739496,0.0
factory_5,frequency_response.csv,11,freq_hz,36.127167,36.127167,0.0
factory_5,frequency_response.csv,11,gain_db,-5.460659,-5.460659,0.0
factory_5,frequency_response.csv,12,time_s,0.806723,0.806723,0.0
factory_5,frequency_response.csv,12,freq_hz,38.122353,38.122353,0.0
factory_5,frequency_response.csv,12,gain_db,-5.393048,-5.393048,0.0
factory_5,frequency_response.csv,13,time_s,0.87395,0.87395,0.0
factory_5,frequency_response.csv,13,freq_hz,40.22773,40.22773,0.0
factory_5,frequency_response.csv,13,gain_db,-4.569527,-4.569527,0.0
factory_5,frequency_response.csv,14,time_s,0.941177,0.941177,0.0
factory_5,frequency_response.csv,14,freq_hz,42.449379,42.449379,0.0
factory_5,frequency_response.csv,14,gain_db,-4.306355,-4.306355,0.0
factory_5,frequency_response.csv,15,time_s,1.008403,1.008403,0.0
factory_5,frequency_response.csv,15,freq_hz,44.79372,44.79372,0.0
factory_5,frequency_response.csv,15,gain_db,-4.194753,-4.194753,0.0
factory_5,frequency_response.csv,16,time_s,1.07563,1.07563,0.0
factory_5,frequency_response.csv,16,freq_hz,47.267536,47.267536,0.0
factory_5,frequency_response.csv,16,gain_db,-4.523592,-4.523592,0.0
factory_5,frequency_response.csv,17,time_s,1.142857,1.142857,0.0
factory_5,frequency_response.csv,17,freq_hz,49.877968,49.877968,0.0
factory_5,frequency_response.csv,17,gain_db,-4.252393,-4.252393,0.0
factory_5,frequency_response.csv,18,time_s,1.210084,1.210084,0.0
factory_5,frequency_response.csv,18,freq_hz,52.632568,52.632568,0.0
factory_5,frequency_response.csv,18,gain_db,-4.553988,-4.553988,0.0
factory_5,frequency_response.csv,19,time_s,1.277311,1.277311,0.0
factory_5,frequency_response.csv,19,freq_hz,55.539299,55.539299,0.0
factory_5,frequency_response.csv,19,gain_db,-4.65282,-4.65282,0.0
factory_5,frequency_response.csv,20,time_s,1.344538,1.344538,0.0
factory_5,frequency_response.csv,20,freq_hz,58.606552,58.606552,0.0
factory_5,frequency_response.csv,20,gain_db,-4.503872,-4.503872,0.0
factory_5,frequency_response.csv,21,time_s,1.411765,1.411765,0.0
factory_5,frequency_response.csv,21,freq_hz,61.843204,61.843204,0.0
factory_5,frequency_response.csv,21,gain_db,-4.509171,-4.509171,0.0
factory_5,frequency_response.csv,22,time_s,1.478992,1.478992,0.0
factory_5,frequency_response.csv,22,freq_hz,65.258606,65.258606,0.0
factory_5,frequency_response.csv,22,gain_db,-4.629413,-4.629413,0.0
factory_5,frequency_response.csv,23,time_s,1.546218,1.546218,0.0
factory_5,frequency_response.csv,23,freq_hz,68.862625,68.862625,0.0
factory_5,frequency_response.csv,23,gain_db,-4.330198,-4.330198,0.0
factory_5,frequency_response.csv,24,time_s,1.613445,1.613445,0.0
factory_5,frequency_response.csv,24,freq_hz,72.665695,72.665695,0.0
factory_5,frequency_response.csv,24,gain_db,-4.345651,-4.345651,0.0
factory_5,frequency_response.csv,25,time_s,1.680672,1.680672,0.0
factory_5,frequency_response.csv,25,freq_hz,76.678787,76.678787,0.0
factory_5,frequency_response.csv,25,gain_db,-3.946509,-3.946509,0.0
factory_5,frequency_response.csv,26,time_s,1.747899,1.747899,0.0
factory_5,frequency_response.csv,26,freq_hz,80.913506,80.913506,0.0
factory_5,frequency_response.csv,26,gain_db,-3.769701,-3.769701,0.0
factory_5,frequency_response.csv,27,time_s,1.815126,1.815126,0.0
factory_5,frequency_response.csv,27,freq_hz,85.382095,85.382095,0.0
factory_5,frequency_response.csv,27,gain_db,-4.06342,-4.06342,0.0
factory_5,frequency_response.csv,28,time_s,1.882353,1.882353,0.0
factory_5,frequency_response.csv,28,freq_hz,90.097488,90.097488,0.0
factory_5,frequency_response.csv,28,gain_db,-4.188176,-4.188176,0.0
factory_5,frequency_response.csv,29,time_s,1.94958,1.94958,0.0
factory_5,frequency_response.csv,29,freq_hz,95.073273,95.073273,0.0
factory_5,frequency_response.csv,29,gain_db,-4.163891,-4.163891,0.0
factory_5,frequency_response.csv,30,time_s,2.016807,2.016807,0.0
factory_5,frequency_response.csv,30,freq_hz,100.323875,100.323875,0.0
factory_5,frequency_response.csv,30,gain_db,-4.1803,-4.1803,0.0
factory_5,frequency_response.csv,31,time_s,2.084034,2.084034,0.0
factory_5,frequency_response.csv,31,freq_hz,105.864441,105.864441,0.0
factory_5,frequency_response.csv,31,gain_db,-4.219386,-4.219386,0.0
factory_5,frequency_response.csv,32,time_s,2.151261,2.151261,0.0
factory_5,frequency_response.csv,32,freq_hz,111.710999,111.710999,0.0
factory_5,frequency_response.csv,32,gain_db,-4.484423,-4.484423,0.0
factory_5,frequency_response.csv,33,time_s,2.218488,2.218488,0.0
factory_5,frequency_response.csv,33,freq_hz,117.880432,117.880432,0.0
factory_5,frequency_response.csv,33,gain_db,-4.280066,-4.280066,0.0
factory_5,frequency_response.csv,34,time_s,2.285714,2.285714,0.0
factory_5,frequency_response.csv,34,freq_hz,124.390594,124.390594,0.0
factory_5,frequency_response.csv,34,gain_db,-4.028489,-4.028489,0.0
factory_5,frequency_response.csv,35,time_s,2.352941,2.352941,0.0
factory_5,frequency_response.csv,35,freq_hz,131.260284,131.260284,0.0
factory_5,frequency_response.csv,35,gain_db,-3.682491,-3.682491,0.0
factory_5,frequency_response.csv,36,time_s,2.420168,2.420168,0.0
factory_5,frequency_response.csv,36,freq_hz,138.509369,138.509369,0.0
factory_5,frequency_response.csv,36,gain_db,-3.606278,-3.606278,0.0
factory_5,frequency_response.csv,37,time_s,2.487395,2.487395,0.0
factory_5,frequency_response.csv,37,freq_hz,146.158783,146.158783,0.0
factory_5,frequency_response.csv,37,gain_db,-3.614923,-3.614923,0.0
factory_5,frequency_response.csv,38,time_s,2.554622,2.554622,0.0
factory_5,frequency_response.csv,38,freq_hz,154.230667,154.230667,0.0
factory_5,frequency_response.csv,38,gain_db,-4.035366,-4.035366,0.0
factory_5,frequency_response.csv,39,time_s,2.621849,2.621849,0.0
factory_5,frequency_response.csv,39,freq_hz,162.748337,162.748337,0.0
factory_5,frequency_response.csv,39,gain_db,-4.261307,-4.261307,0.0
factory_5,frequency_response.csv,40,time_s,2.689076,2.689076,0.0
factory_5,frequency_response.csv,40,freq_hz,171.73642,171.73642,0.0
factory_5,frequency_response.csv,40,gain_db,-4.097427,-4.097427,0.0
factory_5,frequency_response.csv,41,time_s,2.756303,2.756303,0.0
factory_5,frequency_response.csv,41,freq_hz,181.220856,181.220856,0.0
factory_5,frequency_response.csv,41,gain_db,-3.769817,-3.769817,0.0
factory_5,frequency_response.csv,42,time_s,2.823529,2.823529,0.0
factory_5,frequency_response.csv,42,freq_hz,191.229095,191.229095,0.0
factory_5,frequency_response.csv,42,gain_db,-3.433723,-3.433723,0.0
factory_5,frequency_response.csv,43,time_s,2.890756,2.890756,0.0
factory_5,frequency_response.csv,43,freq_hz,201.79007,201.79007,0.0
factory_5,frequency_response.csv,43,gain_db,-3.293237,-3.293237,0.0
factory_5,frequency_response.csv,44,time_s,2.957983,2.957983,0.0
factory_5,frequency_response.csv,44,freq_hz,212.93428,212.93428,0.0
factory_5,frequency_response.csv,44,gain_db,-3.358399,-3.358399,0.0
factory_5,frequency_response.csv,45,time_s,3.02521,3.02521,0.0
factory_5,frequency_response.csv,45,freq_hz,224.69397,224.69397,0.0
factory_5,frequency_response.csv,45,gain_db,-3.508624,-3.508624,0.0
factory_5,frequency_response.csv,46,time_s,3.092437,3.092437,0.0
factory_5,frequency_response.csv,46,freq_hz,237.103104,237.103104,0.0
factory_5,frequency_response.csv,46,gain_db,-3.859775,-3.859775,0.0
factory_5,frequency_response.csv,47,time_s,3.159664,3.159664,0.0
factory_5,frequency_response.csv,47,freq_hz,250.19754,250.19754,0.0
factory_5,frequency_response.csv,47,gain_db,-4.191894,-4.191894,0.0
factory_5,frequency_response.csv,48,time_s,3.226891,3.226891,0.0
factory_5,frequency_response.csv,48,freq_hz,264.015137,264.015137,0.0
factory_5,frequency_response.csv,48,gain_db,-4.36971,-4.36971,0.0
factory_5,frequency_response.csv,49,time_s,3.294118,3.294118,0.0
factory_5,frequency_response.csv,49,freq_hz,278.595856,278.595856,0.0
factory_5,frequency_response.csv,49,gain_db,-4.22395,-4.22395,0.0
factory_5,frequency_response.csv,50,time_s,3.361345,3.361345,0.0
factory_5,frequency_response.csv,50,freq_hz,293.981812,293.981812,0.0
factory_5,frequency_response.csv,50,gain_db,-4.171803,-4.171803,0.0
factory_5,frequency_response.csv,51,time_s,3.428571,3.428571,0.0
factory_5,frequency_response.csv,51,freq_hz,310.217468,310.217468,0.0
factory_5,frequency_response.csv,51,gain_db,-4.257289,-4.257289,0.0
factory_5,frequency_response.csv,52,time_s,3.495798,3.495798,0.0
factory_5,frequency_response.csv,52,freq_hz,327.349792,327.349792,0.0
factory_5,frequency_response.csv,52,gain_db,-4.291299,-4.291299,0.0
factory_5,frequency_response.csv,53,time_s,3.563025,3.563025,0.0
factory_5,frequency_response.csv,53,freq_hz,345.428284,345.428284,0.0
factory_5,frequency_response.csv,53,gain_db,-4.005944,-4.005944,0.0
factory_5,frequency_response.csv,54,time_s,3.630252,3.630252,0.0
factory_5,frequency_response.csv,54,freq_hz,364.505157,364.505157,0.0
factory_5,frequency_response.csv,54,gain_db,-3.687992,-3.687992,0.0
factory_5,frequency_response.csv,55,time_s,3.697479,3.697479,0.0
factory_5,frequency_response.csv,55,freq_hz,384.63562,384.63562,0.0
factory_5,frequency_response.csv,55,gain_db,-3.426341,-3.426341,0.0
factory_5,frequency_response.csv,56,time_s,3.764706,3.764706,0.0
factory_5,frequency_response.csv,56,freq_hz,405.877808,405.877808,0.0
factory_5,frequency_response.csv,56,gain_db,-3.230682,-3.230682,0.0
factory_5,frequency_response.csv,57,time_s,3.831933,3.831933,0.0
factory_5,frequency_response.csv,57,freq_hz,428.293121,428.293121,0.0
factory_5,frequency_response.csv,57,gain_db,-3.124789,-3.124789,0.0
factory_5,frequency_response.csv,58,time_s,3.89916,3.89916,0.0
factory_5,frequency_response.csv,58,freq_hz,451.946381,451.946381,0.0
factory_5,frequency_response.csv,58,gain_db,-3.140366,-3.140366,0.0
factory_5,frequency_response.csv,59,time_s,3.966387,3.966387,0.0
factory_5,frequency_response.csv,59,freq_hz,476.905945,476.905945,0.0
factory_5,frequency_response.csv,59,gain_db,-3.23209,-3.23209,0.0
factory_5,frequency_response.csv,60,time_s,4.033614,4.033614,0.0
factory_5,frequency_response.csv,60,freq_hz,503.244019,503.244019,0.0
factory_5,frequency_response.csv,60,gain_db,-3.513949,-3.513949,0.0
factory_5,frequency_response.csv,61,time_s,4.100841,4.100841,0.0
factory_5,frequency_response.csv,61,freq_hz,531.03656,531.03656,0.0
factory_5,frequency_response.csv,61,gain_db,-3.764496,-3.764496,0.0
factory_5,frequency_response.csv,62,time_s,4.168067,4.168067,0.0
factory_5,frequency_response.csv,62,freq_hz,560.364014,560.364014,0.0
factory_5,frequency_response.csv,62,gain_db,-4.05538,-4.05538,0.0
factory_5,frequency_response.csv,63,time_s,4.235294,4.235294,0.0
factory_5,frequency_response.csv,63,freq_hz,591.311096,591.311096,0.0
factory_5,frequency_response.csv,63,gain_db,-4.239128,-4.239128,0.0
factory_5,frequency_response.csv,64,time_s,4.302521,4.302521,0.0
factory_5,frequency_response.csv,64,freq_hz,623.967346,623.967346,0.0
factory_5,frequency_response.csv,64,gain_db,-4.29039,-4.29039,0.0
factory_5,frequency_response.csv,65,time_s,4.369748,4.369748,0.0
factory_5,frequency_response.csv,65,freq_hz,658.427063,658.427063,0.0
factory_5,frequency_response.csv,65,gain_db,-4.218735,-4.218735,0.0
factory_5,frequency_response.csv,66,time_s,4.436975,4.436975,0.0
factory_5,frequency_response.csv,66,freq_hz,694.789795,694.789795,0.0
factory_5,frequency_response.csv,66,gain_db,-4.023873,-4.023873,0.0
factory_5,frequency_response.csv,67,time_s,4.504202,4.504202,0.0
factory_5,frequency_response.csv,67,freq_hz,733.160889,733.160889,0.0
factory_5,frequency_response.csv,67,gain_db,-3.807696,-3.807696,0.0
factory_5,frequency_response.csv,68,time_s,4.571429,4.571429,0.0
factory_5,frequency_response.csv,68,freq_hz,773.651001,773.651001,0.0
factory_5,frequency_response.csv,68,gain_db,-3.539959,-3.539959,0.0
factory_5,frequency_response.csv,69,time_s,4.638656,4.638656,0.0
factory_5,frequency_response.csv,69,freq_hz,816.377197,816.377197,0.0
factory_5,frequency_response.csv,69,gain_db,-3.208286,-3.208286,0.0
factory_5,frequency_response.csv,70,time_s,4.705883,4.705883,0.0
factory_5,frequency_response.csv,70,freq_hz,861.463074,861.463074,0.0
factory_5,frequency_response.csv,70,gain_db,-2.945512,-2.945512,0.0
factory_5,frequency_response.csv,71,time_s,4.773109,4.773109,0.0
factory_5,frequency_response.csv,71,freq_hz,909.03894,909.03894,0.0
factory_5,frequency_response.csv,71,gain_db,-2.822943,-2.822943,0.0
factory_5,frequency_response.csv,72,time_s,4.840336,4.840336,0.0
factory_5,frequency_response.csv,72,freq_hz,959.242249,959.242249,0.0
factory_5,frequency_response.csv,72,gain_db,-2.824658,-2.824658,0.0
factory_5,frequency_response.csv,73,time_s,4.907563,4.907563,0.0
factory_5,frequency_response.csv,73,freq_hz,1012.218079,1012.218079,0.0
factory_5,frequency_response.csv,73,gain_db,-2.946608,-2.946608,0.0
factory_5,frequency_response.csv,74,time_s,4.97479,4.97479,0.0
factory_5,frequency_response.csv,74,freq_hz,1068.119629,1068.119629,0.0
factory_5,frequency_response.csv,74,gain_db,-3.238698,-3.238698,0.0
factory_5,frequency_response.csv,75,time_s,5.042017,5.042017,0.0
factory_5,frequency_response.csv,75,freq_hz,1127.108398,1127.108398,0.0
factory_5,frequency_response.csv,75,gain_db,-3.660818,-3.660818,0.0
factory_5,frequency_response.csv,76,time_s,5.109244,5.109244,0.0
factory_5,frequency_response.csv,76,freq_hz,1189.355103,1189.355103,0.0
factory_5,frequency_response.csv,76,gain_db,-3.953356,-3.953356,0.0
factory_5,frequency_response.csv,77,time_s,5.176471,5.176471,0.0
factory_5,frequency_response.csv,77,freq_hz,1255.039307,1255.039307,0.0
factory_5,frequency_response.csv,77,gain_db,-4.039327,-4.039327,0.0
factory_5,frequency_response.csv,78,time_s,5.243698,5.243698,0.0
factory_5,frequency_response.csv,78,freq_hz,1324.351074,1324.351074,0.0
factory_5,frequency_response.csv,78,gain_db,-4.066667,-4.066667,0.0
factory_5,frequency_response.csv,79,time_s,5.310925,5.310925,0.0
factory_5,frequency_response.csv,79,freq_hz,1397.490845,1397.490845,0.0
factory_5,frequency_response.csv,79,gain_db,-4.068607,-4.068607,0.0
factory_5,frequency_response.csv,80,time_s,5.378151,5.378151,0.0
factory_5,frequency_response.csv,80,freq_hz,1474.669678,1474.669678,0.0
factory_5,frequency_response.csv,80,gain_db,-4.013516,-4.013516,0.0
factory_5,frequency_response.csv,81,time_s,5.445378,5.445378,0.0
factory_5,frequency_response.csv,81,freq_hz,1556.110962,1556.110962,0.0
factory_5,frequency_response.csv,81,gain_db,-3.777682,-3.777682,0.0
factory_5,frequency_response.csv,82,time_s,5.512605,5.512605,0.0
factory_5,frequency_response.csv,82,freq_hz,1642.050049,1642.050049,0.0
factory_5,frequency_response.csv,82,gain_db,-3.429535,-3.429535,0.0
factory_5,frequency_response.csv,83,time_s,5.579832,5.579832,0.0
factory_5,frequency_response.csv,83,freq_hz,1732.735107,1732.735107,0.0
factory_5,frequency_response.csv,83,gain_db,-3.242314,-3.242314,0.0
factory_5,frequency_response.csv,84,time_s,5.647059,5.647059,0.0
factory_5,frequency_response.csv,84,freq_hz,1828.428467,1828.428467,0.0
factory_5,frequency_response.csv,84,gain_db,-3.211774,-3.211774,0.0
factory_5,frequency_response.csv,85,time_s,5.714286,5.714286,0.0
factory_5,frequency_response.csv,85,freq_hz,1929.406738,1929.406738,0.0
factory_5,frequency_response.csv,85,gain_db,-3.244559,-3.244559,0.0
factory_5,frequency_response.csv,86,time_s,5.781513,5.781513,0.0
factory_5,frequency_response.csv,86,freq_hz,2035.96167,2035.96167,0.0
factory_5,frequency_response.csv,86,gain_db,-3.301501,-3.301501,0.0
factory_5,frequency_response.csv,87,time_s,5.84874,5.84874,0.0
factory_5,frequency_response.csv,87,freq_hz,2148.401367,2148.401367,0.0
factory_5,frequency_response.csv,87,gain_db,-3.369188,-3.369188,0.0
factory_5,frequency_response.csv,88,time_s,5.915967,5.915967,0.0
factory_5,frequency_response.csv,88,freq_hz,2267.050537,2267.050537,0.0
factory_5,frequency_response.csv,88,gain_db,-3.474321,-3.474321,0.0
factory_5,frequency_response.csv,89,time_s,5.983193,5.983193,0.0
factory_5,frequency_response.csv,89,freq_hz,2392.252441,2392.252441,0.0
factory_5,frequency_response.csv,89,gain_db,-3.660613,-3.660613,0.0
factory_5,frequency_response.csv,90,time_s,6.05042,6.05042,0.0
factory_5,frequency_response.csv,90,freq_hz,2524.368896,2524.368896,0.0
factory_5,frequency_response.csv,90,gain_db,-3.932816,-3.932816,0.0
factory_5,frequency_response.csv,91,time_s,6.117647,6.117647,0.0
factory_5,frequency_response.csv,91,freq_hz,2663.781738,2663.781738,0.0
factory_5,frequency_response.csv,91,gain_db,-4.149197,-4.149197,0.0
factory_5,frequency_response.csv,92,time_s,6.184874,6.184874,0.0
factory_5,frequency_response.csv,92,freq_hz,2810.893799,2810.893799,0.0
factory_5,frequency_response.csv,92,gain_db,-4.258564,-4.258564,0.0
factory_5,frequency_response.csv,93,time_s,6.252101,6.252101,0.0
factory_5,frequency_response.csv,93,freq_hz,2966.130371,2966.130371,0.0
factory_5,frequency_response.csv,93,gain_db,-4.288564,-4.288564,0.0
factory_5,frequency_response.csv,94,time_s,6.319328,6.319328,0.0
factory_5,frequency_response.csv,94,freq_hz,3129.94043,3129.94043,0.0
factory_5,frequency_response.csv,94,gain_db,-4.231903,-4.231903,0.0
factory_5,frequency_response.csv,95,time_s,6.386555,6.386555,0.0
factory_5,frequency_response.csv,95,freq_hz,3302.796875,3302.796875,0.0
factory_5,frequency_response.csv,95,gain_db,-4.154315,-4.154315,0.0
factory_5,frequency_response.csv,96,time_s,6.453782,6.453782,0.0
factory_5,frequency_response.csv,96,freq_hz,3485.199951,3485.199951,0.0
factory_5,frequency_response.csv,96,gain_db,-4.175546,-4.175546,0.0
factory_5,frequency_response.csv,97,time_s,6.521008,6.521008,0.0
factory_5,frequency_response.csv,97,freq_hz,3677.676025,3677.676025,0.0
factory_5,frequency_response.csv,97,gain_db,-4.287955,-4.287955,0.0
factory_5,frequency_response.csv,98,time_s,6.588235,6.588235,0.0
factory_5,frequency_response.csv,98,freq_hz,3880.782471,3880.782471,0.0
factory_5,frequency_response.csv,98,gain_db,-4.431788,-4.431788,0.0
factory_5,frequency_response.csv,99,time_s,6.655462,6.655462,0.0
factory_5,frequency_response.csv,99,freq_hz,4095.105469,4095.105469,0.0
factory_5,frequency_response.csv,99,gain_db,-4.583879,-4.583879,0.0
factory_5,frequency_response.csv,100,time_s,6.722689,6.722689,0.0
factory_5,frequency_response.csv,100,freq_hz,4321.265137,4321.265137,0.0
factory_5,frequency_response.csv,100,gain_db,-4.730671,-4.730671,0.0
factory_5,frequency_response.csv,101,time_s,6.789916,6.789916,0.0
factory_5,frequency_response.csv,101,freq_hz,4559.914551,4559.914551,0.0
factory_5,frequency_response.csv,101,gain_db,-4.886383,-4.886383,0.0
factory_5,frequency_response.csv,102,time_s,6.857143,6.857143,0.0
factory_5,frequency_response.csv,102,freq_hz,4811.744141,4811.744141,0.0
factory_5,frequency_response.csv,102,gain_db,-5.048451,-5.048451,0.0
factory_5,frequency_response.csv,103,time_s,6.92437,6.92437,0.0
factory_5,frequency_response.csv,103,freq_hz,5077.481445,5077.481445,0.0
factory_5,frequency_response.csv,103,gain_db,-5.217643,-5.217643,0.0
factory_5,frequency_response.csv,104,time_s,6.991597,6.991597,0.0
factory_5,frequency_response.csv,104,freq_hz,5357.894531,5357.894531,0.0
factory_5,frequency_response.csv,104,gain_db,-5.402005,-5.402005,0.0
factory_5,frequency_response.csv,105,time_s,7.058824,7.058824,0.0
factory_5,frequency_response.csv,105,freq_hz,5653.793457,5653.793457,0.0
factory_5,frequency_response.csv,105,gain_db,-5.594041,-5.594041,0.0
factory_5,frequency_response.csv,106,time_s,7.12605,7.12605,0.0
factory_5,frequency_response.csv,106,freq_hz,5966.034668,5966.034668,0.0
factory_5,frequency_response.csv,106,gain_db,-5.797979,-5.797979,0.0
factory_5,frequency_response.csv,107,time_s,7.193277,7.193277,0.0
factory_5,frequency_response.csv,107,freq_hz,6295.519531,6295.519531,0.0
factory_5,frequency_response.csv,107,gain_db,-6.026976,-6.026976,0.0
factory_5,frequency_response.csv,108,time_s,7.260504,7.260504,0.0
factory_5,frequency_response.csv,108,freq_hz,6643.200684,6643.200684,0.0
factory_5,frequency_response.csv,108,gain_db,-6.275032,-6.275032,0.0
factory_5,frequency_response.csv,109,time_s,7.327731,7.327731,0.0
factory_5,frequency_response.csv,109,freq_hz,7010.083008,7010.083008,0.0
factory_5,frequency_response.csv,109,gain_db,-6.553319,-6.553319,0.0
factory_5,frequency_response.csv,110,time_s,7.394958,7.394958,0.0
factory_5,frequency_response.csv,110,freq_hz,7397.227539,7397.227539,0.0
factory_5,frequency_response.csv,110,gain_db,-6.886828,-6.886828,0.0
factory_5,frequency_response.csv,111,time_s,7.462185,7.462185,0.0
factory_5,frequency_response.csv,111,freq_hz,7805.752441,7805.752441,0.0
factory_5,frequency_response.csv,111,gain_db,-7.158442,-7.158442,0.0
factory_5,frequency_response.csv,112,time_s,7.529412,7.529412,0.0
factory_5,frequency_response.csv,112,freq_hz,8236.839844,8236.839844,0.0
factory_5,frequency_response.csv,112,gain_db,-7.455739,-7.455739,0.0
factory_5,frequency_response.csv,113,time_s,7.596639,7.596639,0.0
factory_5,frequency_response.csv,113,freq_hz,8691.733398,8691.733398,0.0
factory_5,frequency_response.csv,113,gain_db,-7.768519,-7.768519,0.0
factory_5,frequency_response.csv,114,time_s,7.663866,7.663866,0.0
factory_5,frequency_response.csv,114,freq_hz,9171.75,9171.75,0.0
factory_5,frequency_response.csv,114,gain_db,-8.054427,-8.054427,0.0
factory_5,frequency_response.csv,115,time_s,7.731092,7.731092,0.0
factory_5,frequency_response.csv,115,freq_hz,9678.276367,9678.276367,0.0
factory_5,frequency_response.csv,115,gain_db,-8.350355,-8.350355,0.0
factory_5,frequency_response.csv,116,time_s,7.798319,7.798319,0.0
factory_5,frequency_response.csv,116,freq_hz,10212.776367,10212.776367,0.0
factory_5,frequency_response.csv,116,gain_db,-8.649196,-8.649196,0.0
factory_5,frequency_response.csv,117,time_s,7.865546,7.865546,0.0
factory_5,frequency_response.csv,117,freq_hz,10776.795898,10776.795898,0.0
factory_5,frequency_response.csv,117,gain_db,-8.933056,-8.933056,0.0
factory_5,frequency_response.csv,118,time_s,7.932773,7.932773,0.0
factory_5,frequency_response.csv,118,freq_hz,11371.962891,11371.962891,0.0
factory_5,frequency_response.csv,118,gain_db,-9.207733,-9.207733,0.0
factory_5,frequency_response.csv,119,time_s,8.0,8.0,0.0
factory_5,frequency_response.csv,119,freq_hz,12000.0,12000.0,0.0
factory_5,frequency_response.csv,119,gain_db,-9.426224,-9.426224,0.0
factory_5,notch_tracking.csv,0,time_s,0.336134,0.336134,0.0
factory_5,notch_tracking.csv,0,freq_hz,26.167307,26.167307,0.0
factory_5,notch_tracking.csv,0,notch_depth_db,-8.059864,-8.059864,0.0
factory_5,notch_tracking.csv,1,time_s,1.07563,1.07563,0.0
factory_5,notch_tracking.csv,1,freq_hz,47.267536,47.267536,0.0
factory_5,notch_tracking.csv,1,notch_depth_db,-4.523592,-4.523592,0.0
factory_5,notch_tracking.csv,2,time_s,1.277311,1.277311,0.0
factory_5,notch_tracking.csv,2,freq_hz,55.539299,55.539299,0.0
factory_5,notch_tracking.csv,2,notch_depth_db,-4.65282,-4.65282,0.0
factory_5,notch_tracking.csv,3,time_s,1.478992,1.478992,0.0
factory_5,notch_tracking.csv,3,freq_hz,65.258606,65.258606,0.0
factory_5,notch_tracking.csv,3,notch_depth_db,-4.629413,-4.629413,0.0
factory_5,notch_tracking.csv,4,time_s,1.613445,1.613445,0.0
factory_5,notch_tracking.csv,4,freq_hz,72.665695,72.665695,0.0
factory_5,notch_tracking.csv,4,notch_depth_db,-4.345651,-4.345651,0.0
factory_5,notch_tracking.csv,5,time_s,1.882353,1.882353,0.0
factory_5,notch_tracking.csv,5,freq_hz,90.097488,90.097488,0.0
factory_5,notch_tracking.csv,5,notch_depth_db,-4.188176,-4.188176,0.0
factory_5,notch_tracking.csv,6,time_s,2.151261,2.151261,0.0
factory_5,notch_tracking.csv,6,freq_hz,111.710999,111.710999,0.0
factory_5,notch_tracking.csv,6,notch_depth_db,-4.484423,-4.484423,0.0
factory_5,notch_tracking.csv,7,time_s,2.621849,2.621849,0.0
factory_5,notch_tracking.csv,7,freq_hz,162.748337,162.748337,0.0
factory_5,notch_tracking.csv,7,notch_depth_db,-4.261307,-4.261307,0.0
factory_5,notch_tracking.csv,8,time_s,3.226891,3.226891,0.0
factory_5,notch_tracking.csv,8,freq_hz,264.015137,264.015137,0.0
factory_5,notch_tracking.csv,8,notch_depth_db,-4.36971,-4.36971,0.0
factory_5,notch_tracking.csv,9,time_s,3.495798,3.495798,0.0
factory_5,notch_tracking.csv,9,freq_hz,327.349792,327.349792,0.0
factory_5,notch_tracking.csv,9,notch_depth_db,-4.291299,-4.291299,0.0
factory_5,notch_tracking.csv,10,time_s,4.302521,4.302521,0.0
factory_5,notch_tracking.csv,10,freq_hz,623.967346,623.967346,0.0
factory_5,notch_tracking.csv,10,notch_depth_db,-4.29039,-4.29039,0.0
factory_5,notch_tracking.csv,11,time_s,5.310925,5.310925,0.0
factory_5,notch_tracking.csv,11,freq_hz,1397.490845,1397.490845,0.0
factory_5,notch_tracking.csv,11,notch_depth_db,-4.068607,-4.068607,0.0
factory_5,notch_tracking.csv,12,time_s,6.252101,6.252101,0.0
factory_5,notch_tracking.csv,12,freq_hz,2966.130371,2966.130371,0.0
factory_5,notch_tracking.csv,12,notch_depth_db,-4.288564,-4.288564,0.0
factory_5,thd_vs_drive.csv,0,sine_level_db,-24.0,-24.0,0.0
factory_5,thd_vs_drive.csv,0,thd_ratio,0.003159,0.003159,0.0
factory_5,thd_vs_drive.csv,0,thd_db,-50.008171,-50.008171,0.0
factory_5,thd_vs_drive.csv,0,broadband_hf_db,-82.682274,-82.682274,0.0
factory_5,thd_vs_drive.csv,1,sine_level_db,-18.0,-18.0,0.0
factory_5,thd_vs_drive.csv,1,thd_ratio,0.006517,0.006517,0.0
factory_5,thd_vs_drive.csv,1,thd_db,-43.71891,-43.71891,0.0
factory_5,thd_vs_drive.csv,1,broadband_hf_db,-82.685371,-82.685371,0.0
factory_5,thd_vs_drive.csv,2,sine_level_db,-12.0,-12.0,0.0
factory_5,thd_vs_drive.csv,2,thd_ratio,0.015782,0.015782,0.0
factory_5,thd_vs_drive.csv,2,thd_db,-36.036613,-36.036613,0.0
factory_5,thd_vs_drive.csv,2,broadband_hf_db,-82.687614,-82.687614,0.0
factory_5,thd_vs_drive.csv,3,sine_level_db,-6.0,-6.0,0.0
factory_5,thd_vs_drive.csv,3,thd_ratio,0.047433,0.047433,0.0
factory_5,thd_vs_drive.csv,3,thd_db,-26.478298,-26.478298,0.0
factory_5,thd_vs_drive.csv,3,broadband_hf_db,-82.314735,-82.314735,0.0
factory_5,thd_vs_drive.csv,4,sine_level_db,0.0,0.0,0.0
factory_5,thd_vs_drive.csv,4,thd_ratio,0.154049,0.154049,0.0
factory_5,thd_vs_drive.csv,4,thd_db,-16.246847,-16.246847,0.0
factory_5,thd_vs_drive.csv,4,broadband_hf_db,-81.558044,-81.558044,0.0
factory_6,summary.csv,average_tracked_notch_db,value,-11.565845,-11.565845,0.0
factory_6,summary.csv,deepest_tracked_notch_db,value,-17.278484,-17.278484,0.0
factory_6,summary.csv,guitar_broadband_hf_db,value,-80.594025,-80.594025,0.0
factory_6,summary.csv,guitar_lr_correlation,value,0.909186,0.909186,0.0
factory_6,summary.csv,guitar_mono_fold_db,value,-0.202117,-0.202117,0.0
factory_6,summary.csv,guitar_side_to_mid_db,value,-13.220364,-13.220364,0.0
factory_6,summary.csv,sweep_broadband_hf_db,value,-82.494377,-82.494377,0.0
factory_6,summary.csv,sweep_lr_correlation,value,0.948316,0.948316,0.0
factory_6,summary.csv,sweep_mono_fold_db,value,-0.113707,-0.113707,0.0
factory_6,summary.csv,sweep_side_to_mid_db,value,-15.763,-15.763,0.0
factory_6,summary.csv,tracked_notch_count,value,11.0,11.0,0.0
factory_6,summary.csv,tracked_notch_high_hz,value,8691.733398,8691.733398,0.0
factory_6,summary.csv,tracked_notch_low_hz,value,29.13739,29.13739,0.0
factory_6,summary.csv,tracked_notch_span_oct,value,8.220629,8.220629,0.0
factory_6,summary.csv,worst_thd_db,value,-17.315395,-17.315395,0.0
factory_6,frequency_response.csv,0,time_s,0.0,0.0,0.0
factory_6,frequency_response.csv,0,freq_hz,20.0,20.0,0.0
factory_6,frequency_response.csv,0,gain_db,-8.35991,-8.35991,0.0
factory_6,frequency_response.csv,1,time_s,0.067227,0.067227,0.0
factory_6,frequency_response.csv,1,freq_hz,21.104536,21.104536,0.0
factory_6,frequency_response.csv,1,gain_db,-5.513742,-5.513742,0.0
factory_6,frequency_response.csv,2,time_s,0.134454,0.134454,0.0
factory_6,frequency_response.csv,2,freq_hz,22.270071,22.270071,0.0
factory_6,frequency_response.csv,2,gain_db,-5.070107,-5.070107,0.0
factory_6,frequency_response.csv,3,time_s,0.201681,0.201681,0.0
factory_6,frequency_response.csv,3,freq_hz,23.499975,23.499975,0.0
factory_6,frequency_response.csv,3,gain_db,-4.699108,-4.699108,0.0
factory_6,frequency_response.csv,4,time_s,0.268908,0.268908,0.0
factory_6,frequency_response.csv,4,freq_hz,24.797804,24.797804,0.0
factory_6,frequency_response.csv,4,gain_db,-3.752661,-3.752661,0.0
factory_6,frequency_response.csv,5,time_s,0.336134,0.336134,0.0
factory_6,frequency_response.csv,5,freq_hz,26.167307,26.167307,0.0
factory_6,frequency_response.csv,5,gain_db,-5.302944,-5.302944,0.0
factory_6,frequency_response.csv,6,time_s,0.403361,0.403361,0.0
factory_6,frequency_response.csv,6,freq_hz,27.612442,27.612442,0.0
factory_6,frequency_response.csv,6,gain_db,-6.668581,-6.668581,0.0
factory_6,frequency_response.csv,7,time_s,0.470588,0.470588,0.0
factory_6,frequency_response.csv,7,freq_hz,29.13739,29.13739,0.0
factory_6,frequency_response.csv,7,gain_db,-11.326922,-11.326922,0.0
factory_6,frequency_response.csv,8,time_s,0.537815,0.537815,0.0
factory_6,frequency_response.csv,8,freq_hz,30.746555,30.746555,0.0
factory_6,frequency_response.csv,8,gain_db,-10.558721,-10.558721,0.0
factory_6,frequency_response.csv,9,time_s,0.605042,0.605042,0.0
factory_6,frequency_response.csv,9,freq_hz,32.444588,32.444588,0.0
factory_6,frequency_response.csv,9,gain_db,-8.365614,-8.365614,0.0
factory_6,frequency_response.csv,10,time_s,0.672269,0.672269,0.0
factory_6,frequency_response.csv,10,freq_hz,34.236401,34.236401,0.0
factory_6,frequency_response.csv,10,gain_db,-7.765475,-7.765475,0.0
factory_6,frequency_response.csv,11,time_s,0.739496,0.739496,0.0
factory_6,frequency_response.csv,11,freq_hz,36.127167,36.127167,0.0
factory_6,frequency_response.csv,11,gain_db,-7.326415,-7.326415,0.0
factory_6,frequency_response.csv,12,time_s,0.806723,0.806723,0.0
factory_6,frequency_response.csv,12,freq_hz,38.122353,38.122353,0.0
factory_6,frequency_response.csv,12,gain_db,-8.009112,-8.009112,0.0
factory_6,frequency_response.csv,13,time_s,0.87395,0.87395,0.0
factory_6,frequency_response.csv,13,freq_hz,40.22773,40.22773,0.0
factory_6,frequency_response.csv,13,gain_db,-10.231873,-10.231873,0.0
factory_6,frequency_response.csv,14,time_s,0.941177,0.941177,0.0
factory_6,frequency_response.csv,14,freq_hz,42.449379,42.449379,0.0
factory_6,frequency_response.csv,14,gain_db,-11.297569,-11.297569,0.0
factory_6,frequency_response.csv,15,time_s,1.008403,1.008403,0.0
factory_6,frequency_response.csv,15,freq_hz,44.79372,44.79372,0.0
factory_6,frequency_response.csv,15,gain_db,-8.246713,-8.246713,0.0
factory_6,frequency_response.csv,16,time_s,1.07563,1.07563,0.0
factory_6,frequency_response.csv,16,freq_hz,47.267536,47.267536,0.0
factory_6,frequency_response.csv,16,gain_db,-4.798467,-4.798467,0.0
factory_6,frequency_response.csv,17,time_s,1.142857,1.142857,0.0
factory_6,frequency_response.csv,17,freq_hz,49.877968,49.877968,0.0
factory_6,frequency_response.csv,17,gain_db,-2.44715,-2.44715,0.0
factory_6,frequency_response.csv,18,time_s,1.210084,1.210084,0.0
factory_6,frequency_response.csv,18,freq_hz,52.632568,52.632568,0.0
factory_6,frequency_response.csv,18,gain_db,-2.076188,-2.076188,0.0
factory_6,frequency_response.csv,19,time_s,1.277311,1.277311,0.0
factory_6,frequency_response.csv,19,freq_hz,55.539299,55.539299,0.0
factory_6,frequency_response.csv,19,gain_db,-3.604841,-3.604841,0.0
factory_6,frequency_response.csv,20,time_s,1.344538,1.344538,0.0
factory_6,frequency_response.csv,20,freq_hz,58.606552,58.606552,0.0
factory_6,frequency_response.csv,20,gain_db,-5.259857,-5.259857,0.0
factory_6,frequency_response.csv,21,time_s,1.411765,1.411765,0.0
factory_6,frequency_response.csv,21,freq_hz,61.843204,61.843204,0.0
factory_6,frequency_response.csv,21,gain_db,-6.646781,-6.646781,0.0
factory_6,frequency_response.csv,22,time_s,1.478992,1.478992,0.0
factory_6,frequency_response.csv,22,freq_hz,65.258606,65.258606,0.0
factory_6,frequency_response.csv,22,gain_db,-7.674428,-7.674428,0.0
factory_6,frequency_response.csv,23,time_s,1.546218,1.546218,0.0
factory_6,frequency_response.csv,23,freq_hz,68.862625,68.862625,0.0
factory_6,frequency_response.csv,23,gain_db,-8.610855,-8.610855,0.0
factory_6,frequency_response.csv,24,time_s,1.613445,1.613445,0.0
factory_6,frequency_response.csv,24,freq_hz,72.665695,72.665695,0.0
factory_6,frequency_response.csv,24,gain_db,-8.01458,-8.01458,0.0
factory_6,frequency_response.csv,25,time_s,1.680672,1.680672,0.0
factory_6,frequency_response.csv,25,freq_hz,76.678787,76.678787,0.0
factory_6,frequency_response.csv,25,gain_db,-7.09591,-7.09591,0.0
factory_6,frequency_response.csv,26,time_s,1.747899,1.747899,0.0
factory_6,frequency_response.csv,26,freq_hz,80.913506,80.913506,0.0
factory_6,frequency_response.csv,26,gain_db,-5.623723,-5.623723,0.0
factory_6,frequency_response.csv,27,time_s,1.815126,1.815126,0.0
factory_6,frequency_response.csv,27,freq_hz,85.382095,85.382095,0.0
factory_6,frequency_response.csv,27,gain_db,-5.413458,-5.413458,0.0
factory_6,frequency_response.csv,28,time_s,1.882353,1.882353,0.0
factory_6,frequency_response.csv,28,freq_hz,90.097488,90.097488,0.0
factory_6,frequency_response.csv,28,gain_db,-3.193766,-3.193766,0.0
factory_6,frequency_response.csv,29,time_s,1.94958,1.94958,0.0
factory_6,frequency_response.csv,29,freq_hz,95.073273,95.073273,0.0
factory_6,frequency_response.csv,29,gain_db,-3.454325,-3.454325,0.0
factory_6,frequency_response.csv,30,time_s,2.016807,2.016807,0.0
factory_6,frequency_response.csv,30,freq_hz,100.323875,100.323875,0.0
factory_6,frequency_response.csv,30,gain_db,-7.614704,-7.614704,0.0
factory_6,frequency_response.csv,31,time_s,2.084034,2.084034,0.0
factory_6,frequency_response.csv,31,freq_hz,105.864441,105.864441,0.0
factory_6,frequency_response.csv,31,gain_db,-10.250406,-10.250406,0.0
factory_6,frequency_response.csv,32,time_s,2.151261,2.151261,0.0
factory_6,frequency_response.csv,32,freq_hz,111.710999,111.710999,0.0
factory_6,frequency_response.csv,32,gain_db,-9.509953,-9.509953,0.0
factory_6,frequency_response.csv,33,time_s,2.218488,2.218488,0.0
factory_6,frequency_response.csv,33,freq_hz,117.880432,117.880432,0.0
factory_6,frequency_response.csv,33,gain_db,-6.788183,-6.788183,0.0
factory_6,frequency_response.csv,34,time_s,2.285714,2.285714,0.0
factory_6,frequency_response.csv,34,freq_hz,124.390594,124.390594,0.0
factory_6,frequency_response.csv,34,gain_db,-5.177164,-5.177164,0.0
factory_6,frequency_response.csv,35,time_s,2.352941,2.352941,0.0
factory_6,frequency_response.csv,35,freq_hz,131.260284,131.260284,0.0
factory_6,frequency_response.csv,35,gain_db,-3.462425,-3.462425,0.0
factory_6,frequency_response.csv,36,time_s,2.420168,2.420168,0.0
factory_6,frequency_response.csv,36,freq_hz,138.509369,138.509369,0.0
factory_6,frequency_response.csv,36,gain_db,-2.751692,-2.751692,0.0
factory_6,frequency_response.csv,37,time_s,2.487395,2.487395,0.0
factory_6,frequency_response.csv,37,freq_hz,146.158783,146.158783,0.0
factory_6,frequency_response.csv,37,gain_db,-6.482398,-6.482398,0.0
factory_6,frequency_response.csv,38,time_s,2.554622,2.554622,0.0
factory_6,frequency_response.csv,38,freq_hz,154.230667,154.230667,0.0
factory_6,frequency_response.csv,38,gain_db,-13.816935,-13.816935,0.0
factory_6,frequency_response.csv,39,time_s,2.621849,2.621849,0.0
factory_6,frequency_response.csv,39,freq_hz,162.748337,162.748337,0.0
factory_6,frequency_response.csv,39,gain_db,-17.278484,-17.278484,0.0
factory_6,frequency_response.csv,40,time_s,2.689076,2.689076,0.0
factory_6,frequency_response.csv,40,freq_hz,171.73642,171.73642,0.0
factory_6,frequency_response.csv,40,gain_db,-12.59766,-12.59766,0.0
factory_6,frequency_response.csv,41,time_s,2.756303,2.756303,0.0
factory_6,frequency_response.csv,41,freq_hz,181.220856,181.220856,0.0
factory_6,frequency_response.csv,41,gain_db,-9.638319,-9.638319,0.0
factory_6,frequency_response.csv,42,time_s,2.823529,2.823529,0.0
factory_6,frequency_response.csv,42,freq_hz,191.229095,191.229095,0.0
factory_6,frequency_response.csv,42,gain_db,-8.052122,-8.052122,0.0
factory_6,frequency_response.csv,43,time_s,2.890756,2.890756,0.0
factory_6,frequency_response.csv,43,freq_hz,201.79007,201.79007,0.0
factory_6,frequency_response.csv,43,gain_db,-7.388409,-7.388409,0.0
factory_6,frequency_response.csv,44,time_s,2.957983,2.957983,0.0
factory_6,frequency_response.csv,44,freq_hz,212.93428,212.93428,0.0
factory_6,frequency_response.csv,44,gain_db,-7.307118,-7.307118,0.0
factory_6,frequency_response.csv,45,time_s,3.02521,3.02521,0.0
factory_6,frequency_response.csv,45,freq_hz,224.69397,224.69397,0.0
factory_6,frequency_response.csv,45,gain_db,-8.417381,-8.417381,0.0
factory_6,frequency_response.csv,46,time_s,3.092437,3.092437,0.0
factory_6,frequency_response.csv,46,freq_hz,237.103104,237.103104,0.0
factory_6,frequency_response.csv,46,gain_db,-11.013317,-11.013317,0.0
factory_6,frequency_response.csv,47,time_s,3.159664,3.159664,0.0
factory_6,frequency_response.csv,47,freq_hz,250.19754,250.19754,0.0
factory_6,frequency_response.csv,47,gain_db,-14.037618,-14.037618,0.0
factory_6,frequency_response.csv,48,time_s,3.226891,3.226891,0.0
factory_6,frequency_response.csv,48,freq_hz,264.015137,264.015137,0.0
factory_6,frequency_response.csv,48,gain_db,-9.420711,-9.420711,0.0
factory_6,frequency_response.csv,49,time_s,3.294118,3.294118,0.0
factory_6,frequency_response.csv,49,freq_hz,278.595856,278.595856,0.0
factory_6,frequency_response.csv,49,gain_db,-7.338964,-7.338964,0.0
factory_6,frequency_response.csv,50,time_s,3.361345,3.361345,0.0
factory_6,frequency_response.csv,50,freq_hz,293.981812,293.981812,0.0
factory_6,frequency_response.csv,50,gain_db,-3.133622,-3.133622,0.0
factory_6,frequency_response.csv,51,time_s,3.428571,3.428571,0.0
factory_6,frequency_response.csv,51,freq_hz,310.217468,310.217468,0.0
factory_6,frequency_response.csv,51,gain_db,-1.543909,-1.543909,0.0
factory_6,frequency_response.csv,52,time_s,3.495798,3.495798,0.0
factory_6,frequency_response.csv,52,freq_hz,327.349792,327.349792,0.0
factory_6,frequency_response.csv,52,gain_db,-1.647122,-1.647122,0.0
factory_6,frequency_response.csv,53,time_s,3.563025,3.563025,0.0
factory_6,frequency_response.csv,53,freq_hz,345.428284,345.428284,0.0
factory_6,frequency_response.csv,53,gain_db,-1.909148,-1.909148,0.0
factory_6,frequency_response.csv,54,time_s,3.630252,3.630252,0.0
factory_6,frequency_response.csv,54,freq_hz,364.505157,364.505157,0.0
factory_6,frequency_response.csv,54,gain_db,-2.550994,-2.550994,0.0
factory_6,frequency_response.csv,55,time_s,3.697479,3.697479,0.0
factory_6,frequency_response.csv,55,freq_hz,384.63562,384.63562,0.0
factory_6,frequency_response.csv,55,gain_db,-4.081359,-4.081359,0.0
factory_6,frequency_response.csv,56,time_s,3.764706,3.764706,0.0
factory_6,frequency_response.csv,56,freq_hz,405.877808,405.877808,0.0
factory_6,frequency_response.csv,56,gain_db,-10.129395,-10.129395,0.0
factory_6,frequency_response.csv,57,time_s,3.831933,3.831933,0.0
factory_6,frequency_response.csv,57,freq_hz,428.293121,428.293121,0.0
factory_6,frequency_response.csv,57,gain_db,-14.1284,-14.1284,0.0
factory_6,frequency_response.csv,58,time_s,3.89916,3.89916,0.0
factory_6,frequency_response.csv,58,freq_hz,451.946381,451.946381,0.0
factory_6,frequency_response.csv,58,gain_db,-8.904511,-8.904511,0.0
factory_6,frequency_response.csv,59,time_s,3.966387,3.966387,0.0
factory_6,frequency_response.csv,59,freq_hz,476.905945,476.905945,0.0
factory_6,frequency_response.csv,59,gain_db,-5.268204,-5.268204,0.0
factory_6,frequency_response.csv,60,time_s,4.033614,4.033614,0.0
factory_6,frequency_response.csv,60,freq_hz,503.244019,503.244019,0.0
factory_6,frequency_response.csv,60,gain_db,-2.977138,-2.977138,0.0
factory_6,frequency_response.csv,61,time_s,4.100841,4.100841,0.0
factory_6,frequency_response.csv,61,freq_hz,531.03656,531.03656,0.0
factory_6,frequency_response.csv,61,gain_db,-1.765659,-1.765659,0.0
factory_6,frequency_response.csv,62,time_s,4.168067,4.168067,0.0
factory_6,frequency_response.csv,62,freq_hz,560.364014,560.364014,0.0
factory_6,frequency_response.csv,62,gain_db,-1.292953,-1.292953,0.0
factory_6,frequency_response.csv,63,time_s,4.235294,4.235294,0.0
factory_6,frequency_response.csv,63,freq_hz,591.311096,591.311096,0.0
factory_6,frequency_response.csv,63,gain_db,-1.098753,-1.098753,0.0
factory_6,frequency_response.csv,64,time_s,4.302521,4.302521,0.0
factory_6,frequency_response.csv,64,freq_hz,623.967346,623.967346,0.0
factory_6,frequency_response.csv,64,gain_db,-1.072119,-1.072119,0.0
factory_6,frequency_response.csv,65,time_s,4.369748,4.369748,0.0
factory_6,frequency_response.csv,65,freq_hz,658.427063,658.427063,0.0
factory_6,frequency_response.csv,65,gain_db,-1.30829,-1.30829,0.0
factory_6,frequency_response.csv,66,time_s,4.436975,4.436975,0.0
factory_6,frequency_response.csv,66,freq_hz,694.789795,694.789795,0.0
factory_6,frequency_response.csv,66,gain_db,-1.922407,-1.922407,0.0
factory_6,frequency_response.csv,67,time_s,4.504202,4.504202,0.0
factory_6,frequency_response.csv,67,freq_hz,733.160889,733.160889,0.0
factory_6,frequency_response.csv,67,gain_db,-2.926855,-2.926855,0.0
factory_6,frequency_response.csv,68,time_s,4.571429,4.571429,0.0
factory_6,frequency_response.csv,68,freq_hz,773.651001,773.651001,0.0
factory_6,frequency_response.csv,68,gain_db,-5.648158,-5.648158,0.0
factory_6,frequency_response.csv,69,time_s,4.638656,4.638656,0.0
factory_6,frequency_response.csv,69,freq_hz,816.377197,816.377197,0.0
factory_6,frequency_response.csv,69,gain_db,-11.12571,-11.12571,0.0
factory_6,frequency_response.csv,70,time_s,4.705883,4.705883,0.0
factory_6,frequency_response.csv,70,freq_hz,861.463074,861.463074,0.0
factory_6,frequency_response.csv,70,gain_db,-12.010836,-12.010836,0.0
factory_6,frequency_response.csv,71,time_s,4.773109,4.773109,0.0
factory_6,frequency_response.csv,71,freq_hz,909.03894,909.03894,0.0
factory_6,frequency_response.csv,71,gain_db,-9.684044,-9.684044,0.0
factory_6,frequency_response.csv,72,time_s,4.840336,4.840336,0.0
factory_6,frequency_response.csv,72,freq_hz,959.242249,959.242249,0.0
factory_6,frequency_response.csv,72,gain_db,-7.691295,-7.691295,0.0
factory_6,frequency_response.csv,73,time_s,4.907563,4.907563,0.0
factory_6,frequency_response.csv,73,freq_hz,1012.218079,1012.218079,0.0
factory_6,frequency_response.csv,73,gain_db,-7.835871,-7.835871,0.0
factory_6,frequency_response.csv,74,time_s,4.97479,4.97479,0.0
factory_6,frequency_response.csv,74,freq_hz,1068.119629,1068.119629,0.0
factory_6,frequency_response.csv,74,gain_db,-9.751063,-9.751063,0.0
factory_6,frequency_response.csv,75,time_s,5.042017,5.042017,0.0
factory_6,frequency_response.csv,75,freq_hz,1127.108398,1127.108398,0.0
factory_6,frequency_response.csv,75,gain_db,-12.342293,-12.342293,0.0
factory_6,frequency_response.csv,76,time_s,5.109244,5.109244,0.0
factory_6,frequency_response.csv,76,freq_hz,1189.355103,1189.355103,0.0
factory_6,frequency_response.csv,76,gain_db,-10.795311,-10.795311,0.0
factory_6,frequency_response.csv,77,time_s,5.176471,5.176471,0.0
factory_6,frequency_response.csv,77,freq_hz,1255.039307,1255.039307,0.0
factory_6,frequency_response.csv,77,gain_db,-6.922527,-6.922527,0.0
factory_6,frequency_response.csv,78,time_s,5.243698,5.243698,0.0
factory_6,frequency_response.csv,78,freq_hz,1324.351074,1324.351074,0.0
factory_6,frequency_response.csv,78,gain_db,-3.72897,-3.72897,0.0
factory_6,frequency_response.csv,79,time_s,5.310925,5.310925,0.0
factory_6,frequency_response.csv,79,freq_hz,1397.490845,1397.490845,0.0
factory_6,frequency_response.csv,79,gain_db,-1.592477,-1.592477,0.0
factory_6,frequency_response.csv,80,time_s,5.378151,5.378151,0.0
factory_6,frequency_response.csv,80,freq_hz,1474.669678,1474.669678,0.0
factory_6,frequency_response.csv,80,gain_db,-1.103533,-1.103533,0.0
factory_6,frequency_response.csv,81,time_s,5.445378,5.445378,0.0
factory_6,frequency_response.csv,81,freq_hz,1556.110962,1556.110962,0.0
factory_6,frequency_response.csv,81,gain_db,-1.051831,-1.051831,0.0
factory_6,frequency_response.csv,82,time_s,5.512605,5.512605,0.0
factory_6,frequency_response.csv,82,freq_hz,1642.050049,1642.050049,0.0
factory_6,frequency_response.csv,82,gain_db,-1.087486,-1.087486,0.0
factory_6,frequency_response.csv,83,time_s,5.579832,5.579832,0.0
factory_6,frequency_response.csv,83,freq_hz,1732.735107,1732.735107,0.0
factory_6,frequency_response.csv,83,gain_db,-1.139045,-1.139045,0.0
factory_6,frequency_response.csv,84,time_s,5.647059,5.647059,0.0
factory_6,frequency_response.csv,84,freq_hz,1828.428467,1828.428467,0.0
factory_6,frequency_response.csv,84,gain_db,-1.188313,-1.188313,0.0
factory_6,frequency_response.csv,85,time_s,5.714286,5.714286,0.0
factory_6,frequency_response.csv,85,freq_hz,1929.406738,1929.406738,0.0
factory_6,frequency_response.csv,85,gain_db,-1.233778,-1.233778,0.0
factory_6,frequency_response.csv,86,time_s,5.781513,5.781513,0.0
factory_6,frequency_response.csv,86,freq_hz,2035.96167,2035.96167,0.0
factory_6,frequency_response.csv,86,gain_db,-1.285395,-1.285395,0.0
factory_6,frequency_response.csv,87,time_s,5.84874,5.84874,0.0
factory_6,frequency_response.csv,87,freq_hz,2148.401367,2148.401367,0.0
factory_6,frequency_response.csv,87,gain_db,-1.448678,-1.448678,0.0
factory_6,frequency_response.csv,88,time_s,5.915967,5.915967,0.0
factory_6,frequency_response.csv,88,freq_hz,2267.050537,2267.050537,0.0
factory_6,frequency_response.csv,88,gain_db,-2.059143,-2.059143,0.0
factory_6,frequency_response.csv,89,time_s,5.983193,5.983193,0.0
factory_6,frequency_response.csv,89,freq_hz,2392.252441,2392.252441,0.0
factory_6,frequency_response.csv,89,gain_db,-2.632155,-2.632155,0.0
factory_6,frequency_response.csv,90,time_s,6.05042,6.05042,0.0
factory_6,frequency_response.csv,90,freq_hz,2524.368896,2524.368896,0.0
factory_6,frequency_response.csv,90,gain_db,-4.215103,-4.215103,0.0
factory_6,frequency_response.csv,91,time_s,6.117647,6.117647,0.0
factory_6,frequency_response.csv,91,freq_hz,2663.781738,2663.781738,0.0
factory_6,frequency_response.csv,91,gain_db,-9.090059,-9.090059,0.0
factory_6,frequency_response.csv,92,time_s,6.184874,6.184874,0.0
factory_6,frequency_response.csv,92,freq_hz,2810.893799,2810.893799,0.0
factory_6,frequency_response.csv,92,gain_db,-11.411409,-11.411409,0.0
factory_6,frequency_response.csv,93,time_s,6.252101,6.252101,0.0
factory_6,frequency_response.csv,93,freq_hz,2966.130371,2966.130371,0.0
factory_6,frequency_response.csv,93,gain_db,-11.51168,-11.51168,0.0
factory_6,frequency_response.csv,94,time_s,6.319328,6.319328,0.0
factory_6,frequency_response.csv,94,freq_hz,3129.94043,3129.94043,0.0
factory_6,frequency_response.csv,94,gain_db,-10.882563,-10.882563,0.0
factory_6,frequency_response.csv,95,time_s,6.386555,6.386555,0.0
factory_6,frequency_response.csv,95,freq_hz,3302.796875,3302.796875,0.0
factory_6,frequency_response.csv,95,gain_db,-8.333317,-8.333317,0.0
factory_6,frequency_response.csv,96,time_s,6.453782,6.453782,0.0
factory_6,frequency_response.csv,96,freq_hz,3485.199951,3485.199951,0.0
factory_6,frequency_response.csv,96,gain_db,-6.112802,-6.112802,0.0
factory_6,frequency_response.csv,97,time_s,6.521008,6.521008,0.0
factory_6,frequency_response.csv,97,freq_hz,3677.676025,3677.676025,0.0
factory_6,frequency_response.csv,97,gain_db,-3.365941,-3.365941,0.0
factory_6,frequency_response.csv,98,time_s,6.588235,6.588235,0.0
factory_6,frequency_response.csv,98,freq_hz,3880.782471,3880.782471,0.0
factory_6,frequency_response.csv,98,gain_db,-1.954562,-1.954562,0.0
factory_6,frequency_response.csv,99,time_s,6.655462,6.655462,0.0
factory_6,frequency_response.csv,99,freq_hz,4095.105469,4095.105469,0.0
factory_6,frequency_response.csv,99,gain_db,-1.915993,-1.915993,0.0
factory_6,frequency_response.csv,100,time_s,6.722689,6.722689,0.0
factory_6,frequency_response.csv,100,freq_hz,4321.265137,4321.265137,0.0
factory_6,frequency_response.csv,100,gain_db,-2.106136,-2.106136,0.0
factory_6,frequency_response.csv,101,time_s,6.789916,6.789916,0.0
factory_6,frequency_response.csv,101,freq_hz,4559.914551,4559.914551,0.0
factory_6,frequency_response.csv,101,gain_db,-2.266325,-2.266325,0.0
factory_6,frequency_response.csv,102,time_s,6.857143,6.857143,0.0
factory_6,frequency_response.csv,102,freq_hz,4811.744141,4811.744141,0.0
factory_6,frequency_response.csv,102,gain_db,-2.393311,-2.393311,0.0
factory_6,frequency_response.csv,103,time_s,6.92437,6.92437,0.0
factory_6,frequency_response.csv,103,freq_hz,5077.481445,5077.481445,0.0
factory_6,frequency_response.csv,103,gain_db,-2.502255,-2.502255,0.0
factory_6,frequency_response.csv,104,time_s,6.991597,6.991597,0.0
factory_6,frequency_response.csv,104,freq_hz,5357.894531,5357.894531,0.0
factory_6,frequency_response.csv,104,gain_db,-2.604534,-2.604534,0.0
factory_6,frequency_response.csv,105,time_s,7.058824,7.058824,0.0
factory_6,frequency_response.csv,105,freq_hz,5653.793457,5653.793457,0.0
factory_6,frequency_response.csv,105,gain_db,-2.708905,-2.708905,0.0
factory_6,frequency_response.csv,106,time_s,7.12605,7.12605,0.0
factory_6,frequency_response.csv,106,freq_hz,5966.034668,5966.034668,0.0
factory_6,frequency_response.csv,106,gain_db,-2.803266,-2.803266,0.0
factory_6,frequency_response.csv,107,time_s,7.193277,7.193277,0.0
factory_6,frequency_response.csv,107,freq_hz,6295.519531,6295.519531,0.0
factory_6,frequency_response.csv,107,gain_db,-2.879839,-2.879839,0.0
factory_6,frequency_response.csv,108,time_s,7.260504,7.260504,0.0
factory_6,frequency_response.csv,108,freq_hz,6643.200684,6643.200684,0.0
factory_6,frequency_response.csv,108,gain_db,-2.915497,-2.915497,0.0
factory_6,frequency_response.csv,109,time_s,7.327731,7.327731,0.0
factory_6,frequency_response.csv,109,freq_hz,7010.083008,7010.083008,0.0
factory_6,frequency_response.csv,109,gain_db,-2.946432,-2.946432,0.0
factory_6,frequency_response.csv,110,time_s,7.394958,7.394958,0.0
factory_6,frequency_response.csv,110,freq_hz,7397.227539,7397.227539,0.0
factory_6,frequency_response.csv,110,gain_db,-3.21541,-3.21541,0.0
factory_6,frequency_response.csv,111,time_s,7.462185,7.462185,0.0
factory_6,frequency_response.csv,111,freq_hz,7805.752441,7805.752441,0.0
factory_6,frequency_response.csv,111,gain_db,-3.369583,-3.369583,0.0
factory_6,frequency_response.csv,112,time_s,7.529412,7.529412,0.0
factory_6,frequency_response.csv,112,freq_hz,8236.839844,8236.839844,0.0
factory_6,frequency_response.csv,112,gain_db,-3.572057,-3.572057,0.0
factory_6,frequency_response.csv,113,time_s,7.596639,7.596639,0.0
factory_6,frequency_response.csv,113,freq_hz,8691.733398,8691.733398,0.0
factory_6,frequency_response.csv,113,gain_db,-4.429237,-4.429237,0.0
factory_6,frequency_response.csv,114,time_s,7.663866,7.663866,0.0
factory_6,frequency_response.csv,114,freq_hz,9171.75,9171.75,0.0
factory_6,frequency_response.csv,114,gain_db,-4.392185,-4.392185,0.0
factory_6,frequency_response.csv,115,time_s,7.731092,7.731092,0.0
factory_6,frequency_response.csv,115,freq_hz,9678.276367,9678.276367,0.0
factory_6,frequency_response.csv,115,gain_db,-3.863309,-3.863309,0.0
factory_6,frequency_response.csv,116,time_s,7.798319,7.798319,0.0
factory_6,frequency_response.csv,116,freq_hz,10212.776367,10212.776367,0.0
factory_6,frequency_response.csv,116,gain_db,-3.271481,-3.271481,0.0
factory_6,frequency_response.csv,117,time_s,7.865546,7.865546,0.0
factory_6,frequency_response.csv,117,freq_hz,10776.795898,10776.795898,0.0
factory_6,frequency_response.csv,117,gain_db,-3.221943,-3.221943,0.0
factory_6,frequency_response.csv,118,time_s,7.932773,7.932773,0.0
factory_6,frequency_response.csv,118,freq_hz,11371.962891,11371.962891,0.0
factory_6,frequency_response.csv,118,gain_db,-3.540351,-3.540351,0.0
factory_6,frequency_response.csv,119,time_s,8.0,8.0,0.0
factory_6,frequency_response.csv,119,freq_hz,12000.0,12000.0,0.0
factory_6,frequency_response.csv,119,gain_db,-3.72102,-3.72102,0.0
factory_6,notch_tracking.csv,0,time_s,0.470588,0.470588,0.0
factory_6,notch_tracking.csv,0,freq_hz,29.13739,29.13739,0.0
factory_6,notch_tracking.csv,0,notch_depth_db,-11.326922,-11.326922,0.0
factory_6,notch_tracking.csv,1,time_s,0.941177,0.941177,0.0
factory_6,notch_tracking.csv,1,freq_hz,42.449379,42.449379,0.0
factory_6,notch_tracking.csv,1,notch_depth_db,-11.297569,-11.297569,0.0
factory_6,notch_tracking.csv,2,time_s,1.546218,1.546218,0.0
factory_6,notch_tracking.csv,2,freq_hz,68.862625,68.862625,0.0
factory_6,notch_tracking.csv,2,notch_depth_db,-8.610855,-8.610855,0.0
factory_6,notch_tracking.csv,3,time_s,2.084034,2.084034,0.0
factory_6,notch_tracking.csv,3,freq_hz,105.864441,105.864441,0.0
factory_6,notch_tracking.csv,3,notch_depth_db,-10.250406,-10.250406,0.0
factory_6,notch_tracking.csv,4,time_s,2.621849,2.621849,0.0
factory_6,notch_tracking.csv,4,freq_hz,162.748337,162.748337,0.0
factory_6,notch_tracking.csv,4,notch_depth_db,-17.278484,-17.278484,0.0
factory_6,notch_tracking.csv,5,time_s,3.159664,3.159664,0.0
factory_6,notch_tracking.csv,5,freq_hz,250.19754,250.19754,0.0
factory_6,notch_tracking.csv,5,notch_depth_db,-14.037618,-14.037618,0.0
factory_6,notch_tracking.csv,6,time_s,3.831933,3.831933,0.0
factory_6,notch_tracking.csv,6,freq_hz,428.293121,428.293121,0.0
factory_6,notch_tracking.csv,6,notch_depth_db,-14.1284,-14.1284,0.0
factory_6,notch_tracking.csv,7,time_s,4.705883,4.705883,0.0
factory_6,notch_tracking.csv,7,freq_hz,861.463074,861.463074,0.0
factory_6,notch_tracking.csv,7,notch_depth_db,-12.010836,-12.010836,0.0
factory_6,notch_tracking.csv,8,time_s,5.042017,5.042017,0.0
factory_6,notch_tracking.csv,8,freq_hz,1127.108398,1127.108398,0.0
factory_6,notch_tracking.csv,8,notch_depth_db,-12.342293,-12.342293,0.0
factory_6,notch_tracking.csv,9,time_s,6.252101,6.252101,0.0
factory_6,notch_tracking.csv,9,freq_hz,2966.130371,2966.130371,0.0
factory_6,notch_tracking.csv,9,notch_depth_db,-11.51168,-11.51168,0.0
factory_6,notch_tracking.csv,10,time_s,7.596639,7.596639,0.0
factory_6,notch_tracking.csv,10,freq_hz,8691.733398,8691.733398,0.0
factory_6,notch_tracking.csv,10,notch_depth_db,-4.429237,-4.429237,0.0
factory_6,thd_vs_drive.csv,0,sine_level_db,-24.0,-24.0,0.0
factory_6,thd_vs_drive.csv,0,thd_ratio,0.030613,0.030613,0.0
factory_6,thd_vs_drive.csv,0,thd_db,-30.281818,-30.281818,0.0
factory_6,thd_vs_drive.csv,0,broadband_hf_db,-82.681564,-82.681564,0.0
factory_6,thd_vs_drive.csv,1,sine_level_db,-18.0,-18.0,0.0
factory_6,thd_vs_drive.csv,1,thd_ratio,0.059614,0.059614,0.0
factory_6,thd_vs_drive.csv,1,thd_db,-24.493034,-24.493034,0.0
factory_6,thd_vs_drive.csv,1,broadband_hf_db,-82.684929,-82.684929,0.0
factory_6,thd_vs_drive.csv,2,sine_level_db,-12.0,-12.0,0.0
factory_6,thd_vs_drive.csv,2,thd_ratio,0.104824,0.104824,0.0
factory_6,thd_vs_drive.csv,2,thd_db,-19.590752,-19.590752,0.0
factory_6,thd_vs_drive.csv,2,broadband_hf_db,-82.492004,-82.492004,0.0
factory_6,thd_vs_drive.csv,3,sine_level_db,-6.0,-6.0,0.0
factory_6,thd_vs_drive.csv,3,thd_ratio,0.136217,0.136217,0.0
factory_6,thd_vs_drive.csv,3,thd_db,-17.315395,-17.315395,0.0
factory_6,thd_vs_drive.csv,3,broadband_hf_db,-82.126053,-82.126053,0.0
factory_6,thd_vs_drive.csv,4,sine_level_db,0.0,0.0,0.0
factory_6,thd_vs_drive.csv,4,thd_ratio,0.129939,0.129939,0.0
factory_6,thd_vs_drive.csv,4,thd_db,-17.725187,-17.725187,0.0
factory_6,thd_vs_drive.csv,4,broadband_hf_db,-80.069839,-80.069839,0.0
factory_7,summary.csv,average_tracked_notch_db,value,-5.15274,-5.15274,0.0
factory_7,summary.csv,deepest_tracked_notch_db,value,-7.528574,-7.528574,0.0
factory_7,summary.csv,guitar_broadband_hf_db,value,-79.870644,-79.870644,0.0
factory_7,summary.csv,guitar_lr_correlation,value,0.999571,0.999571,0.0
factory_7,summary.csv,guitar_mono_fold_db,value,-0.001009,-0.001009,0.0
factory_7,summary.csv,guitar_side_to_mid_db,value,-36.336834,-36.336834,0.0
factory_7,summary.csv,sweep_broadband_hf_db,value,-82.431953,-82.431953,0.0
factory_7,summary.csv,sweep_lr_correlation,value,0.999801,0.999801,0.0
factory_7,summary.csv,sweep_mono_fold_db,value,-0.000433,-0.000433,0.0
factory_7,summary.csv,sweep_side_to_mid_db,value,-40.011181,-40.011181,0.0
factory_7,summary.csv,tracked_notch_count,value,9.0,9.0,0.0
factory_7,summary.csv,tracked_notch_high_hz,value,658.427063,658.427063,0.0
factory_7,summary.csv,tracked_notch_low_hz,value,26.167307,26.167307,0.0
factory_7,summary.csv,tracked_notch_span_oct,value,4.653186,4.653186,0.0
factory_7,summary.csv,worst_thd_db,value,-22.039558,-22.039558,0.0
factory_7,frequency_response.csv,0,time_s,0.0,0.0,0.0
factory_7,frequency_response.csv,0,freq_hz,20.0,20.0,0.0
factory_7,frequency_response.csv,0,gain_db,-6.967737,-6.967737,0.0
factory_7,frequency_response.csv,1,time_s,0.067227,0.067227,0.0
factory_7,frequency_response.csv,1,freq_hz,21.104536,21.104536,0.0
factory_7,frequency_response.csv,1,gain_db,-6.128541,-6.128541,0.0
factory_7,frequency_response.csv,2,time_s,0.134454,0.134454,0.0
factory_7,frequency_response.csv,2,freq_hz,22.270071,22.270071,0.0
factory_7,frequency_response.csv,2,gain_db,-6.077552,-6.077552,0.0
factory_7,frequency_response.csv,3,time_s,0.201681,0.201681,0.0
factory_7,frequency_response.csv,3,freq_hz,23.499975,23.499975,0.0
factory_7,frequency_response.csv,3,gain_db,-5.966117,-5.966117,0.0
factory_7,frequency_response.csv,4,time_s,0.268908,0.268908,0.0
factory_7,frequency_response.csv,4,freq_hz,24.797804,24.797804,0.0
factory_7,frequency_response.csv,4,gain_db,-5.100309,-5.100309,0.0
factory_7,frequency_response.csv,5,time_s,0.336134,0.336134,0.0
factory_7,frequency_response.csv,5,freq_hz,26.167307,26.167307,0.0
factory_7,frequency_response.csv,5,gain_db,-5.343963,-5.343963,0.0
factory_7,frequency_response.csv,6,time_s,0.403361,0.403361,0.0
factory_7,frequency_response.csv,6,freq_hz,27.612442,27.612442,0.0
factory_7,frequency_response.csv,6,gain_db,-4.611684,-4.611684,0.0
factory_7,frequency_response.csv,7,time_s,0.470588,0.470588,0.0
factory_7,frequency_response.csv,7,freq_hz,29.13739,29.13739,0.0
factory_7,frequency_response.csv,7,gain_db,-4.990419,-4.990419,0.0
factory_7,frequency_response.csv,8,time_s,0.537815,0.537815,0.0
factory_7,frequency_response.csv,8,freq_hz,30.746555,30.746555,0.0
factory_7,frequency_response.csv,8,gain_db,-4.748602,-4.748602,0.0
factory_7,frequency_response.csv,9,time_s,0.605042,0.605042,0.0
factory_7,frequency_response.csv,9,freq_hz,32.444588,32.444588,0.0
factory_7,frequency_response.csv,9,gain_db,-4.57887,-4.57887,0.0
factory_7,frequency_response.csv,10,time_s,0.672269,0.672269,0.0
factory_7,frequency_response.csv,10,freq_hz,34.236401,34.236401,0.0
factory_7,frequency_response.csv,10,gain_db,-4.17308,-4.17308,0.0
factory_7,frequency_response.csv,11,time_s,0.739496,0.739496,0.0
factory_7,frequency_response.csv,11,freq_hz,36.127167,36.127167,0.0
factory_7,frequency_response.csv,11,gain_db,-4.340128,-4.340128,0.0
factory_7,frequency_response.csv,12,time_s,0.806723,0.806723,0.0
factory_7,frequency_response.csv,12,freq_hz,38.122353,38.122353,0.0
factory_7,frequency_response.csv,12,gain_db,-4.155983,-4.155983,0.0
factory_7,frequency_response.csv,13,time_s,0.87395,0.87395,0.0
factory_7,frequency_response.csv,13,freq_hz,40.22773,40.22773,0.0
factory_7,frequency_response.csv,13,gain_db,-3.590678,-3.590678,0.0
factory_7,frequency_response.csv,14,time_s,0.941177,0.941177,0.0
factory_7,frequency_response.csv,14,freq_hz,42.449379,42.449379,0.0
factory_7,frequency_response.csv,14,gain_db,-3.622416,-3.622416,0.0
factory_7,frequency_response.csv,15,time_s,1.008403,1.008403,0.0
factory_7,frequency_response.csv,15,freq_hz,44.79372,44.79372,0.0
factory_7,frequency_response.csv,15,gain_db,-3.300851,-3.300851,0.0
factory_7,frequency_response.csv,16,time_s,1.07563,1.07563,0.0
factory_7,frequency_response.csv,16,freq_hz,47.267536,47.267536,0.0
factory_7,frequency_response.csv,16,gain_db,-3.044106,-3.044106,0.0
factory_7,frequency_response.csv,17,time_s,1.142857,1.142857,0.0
factory_7,frequency_response.csv,17,freq_hz,49.877968,49.877968,0.0
factory_7,frequency_response.csv,17,gain_db,-3.208995,-3.208995,0.0
factory_7,frequency_response.csv,18,time_s,1.210084,1.210084,0.0
factory_7,frequency_response.csv,18,freq_hz,52.632568,52.632568,0.0
factory_7,frequency_response.csv,18,gain_db,-3.073057,-3.073057,0.0
factory_7,frequency_response.csv,19,time_s,1.277311,1.277311,0.0
factory_7,frequency_response.csv,19,freq_hz,55.539299,55.539299,0.0
factory_7,frequency_response.csv,19,gain_db,-3.101737,-3.101737,0.0
factory_7,frequency_response.csv,20,time_s,1.344538,1.344538,0.0
factory_7,frequency_response.csv,20,freq_hz,58.606552,58.606552,0.0
factory_7,frequency_response.csv,20,gain_db,-3.212368,-3.212368,0.0
factory_7,frequency_response.csv,21,time_s,1.411765,1.411765,0.0
factory_7,frequency_response.csv,21,freq_hz,61.843204,61.843204,0.0
factory_7,frequency_response.csv,21,gain_db,-3.478828,-3.478828,0.0
factory_7,frequency_response.csv,22,time_s,1.478992,1.478992,0.0
factory_7,frequency_response.csv,22,freq_hz,65.258606,65.258606,0.0
factory_7,frequency_response.csv,22,gain_db,-3.777459,-3.777459,0.0
factory_7,frequency_response.csv,23,time_s,1.546218,1.546218,0.0
factory_7,frequency_response.csv,23,freq_hz,68.862625,68.862625,0.0
factory_7,frequency_response.csv,23,gain_db,-4.199611,-4.199611,0.0
factory_7,frequency_response.csv,24,time_s,1.613445,1.613445,0.0
factory_7,frequency_response.csv,24,freq_hz,72.665695,72.665695,0.0
factory_7,frequency_response.csv,24,gain_db,-4.488605,-4.488605,0.0
factory_7,frequency_response.csv,25,time_s,1.680672,1.680672,0.0
factory_7,frequency_response.csv,25,freq_hz,76.678787,76.678787,0.0
factory_7,frequency_response.csv,25,gain_db,-4.953875,-4.953875,0.0
factory_7,frequency_response.csv,26,time_s,1.747899,1.747899,0.0
factory_7,frequency_response.csv,26,freq_hz,80.913506,80.913506,0.0
factory_7,frequency_response.csv,26,gain_db,-5.234303,-5.234303,0.0
factory_7,frequency_response.csv,27,time_s,1.815126,1.815126,0.0
factory_7,frequency_response.csv,27,freq_hz,85.382095,85.382095,0.0
factory_7,frequency_response.csv,27,gain_db,-5.606341,-5.606341,0.0
factory_7,frequency_response.csv,28,time_s,1.882353,1.882353,0.0
factory_7,frequency_response.csv,28,freq_hz,90.097488,90.097488,0.0
factory_7,frequency_response.csv,28,gain_db,-5.90893,-5.90893,0.0
factory_7,frequency_response.csv,29,time_s,1.94958,1.94958,0.0
factory_7,frequency_response.csv,29,freq_hz,95.073273,95.073273,0.0
factory_7,frequency_response.csv,29,gain_db,-6.00703,-6.00703,0.0
factory_7,frequency_response.csv,30,time_s,2.016807,2.016807,0.0
factory_7,frequency_response.csv,30,freq_hz,100.323875,100.323875,0.0
factory_7,frequency_response.csv,30,gain_db,-6.174402,-6.174402,0.0
factory_7,frequency_response.csv,31,time_s,2.084034,2.084034,0.0
factory_7,frequency_response.csv,31,freq_hz,105.864441,105.864441,0.0
factory_7,frequency_response.csv,31,gain_db,-6.241605,-6.241605,0.0
factory_7,frequency_response.csv,32,time_s,2.151261,2.151261,0.0
factory_7,frequency_response.csv,32,freq_hz,111.710999,111.710999,0.0
factory_7,frequency_response.csv,32,gain_db,-6.259276,-6.259276,0.0
factory_7,frequency_response.csv,33,time_s,2.218488,2.218488,0.0
factory_7,frequency_response.csv,33,freq_hz,117.880432,117.880432,0.0
factory_7,frequency_response.csv,33,gain_db,-6.21419,-6.21419,0.0
factory_7,frequency_response.csv,34,time_s,2.285714,2.285714,0.0
factory_7,frequency_response.csv,34,freq_hz,124.390594,124.390594,0.0
factory_7,frequency_response.csv,34,gain_db,-6.152378,-6.152378,0.0
factory_7,frequency_response.csv,35,time_s,2.352941,2.352941,0.0
factory_7,frequency_response.csv,35,freq_hz,131.260284,131.260284,0.0
factory_7,frequency_response.csv,35,gain_db,-6.174888,-6.174888,0.0
factory_7,frequency_response.csv,36,time_s,2.420168,2.420168,0.0
factory_7,frequency_response.csv,36,freq_hz,138.509369,138.509369,0.0
factory_7,frequency_response.csv,36,gain_db,-6.131433,-6.131433,0.0
factory_7,frequency_response.csv,37,time_s,2.487395,2.487395,0.0
factory_7,frequency_response.csv,37,freq_hz,146.158783,146.158783,0.0
factory_7,frequency_response.csv,37,gain_db,-6.156151,-6.156151,0.0
factory_7,frequency_response.csv,38,time_s,2.554622,2.554622,0.0
factory_7,frequency_response.csv,38,freq_hz,154.230667,154.230667,0.0
factory_7,frequency_response.csv,38,gain_db,-6.156671,-6.156671,0.0
factory_7,frequency_response.csv,39,time_s,2.621849,2.621849,0.0
factory_7,frequency_response.csv,39,freq_hz,162.748337,162.748337,0.0
factory_7,frequency_response.csv,39,gain_db,-6.294546,-6.294546,0.0
factory_7,frequency_response.csv,40,time_s,2.689076,2.689076,0.0
factory_7,frequency_response.csv,40,freq_hz,171.73642,171.73642,0.0
factory_7,frequency_response.csv,40,gain_db,-6.480894,-6.480894,0.0
factory_7,frequency_response.csv,41,time_s,2.756303,2.756303,0.0
factory_7,frequency_response.csv,41,freq_hz,181.220856,181.220856,0.0
factory_7,frequency_response.csv,41,gain_db,-6.73181,-6.73181,0.0
factory_7,frequency_response.csv,42,time_s,2.823529,2.823529,0.0
factory_7,frequency_response.csv,42,freq_hz,191.229095,191.229095,0.0
factory_7,frequency_response.csv,42,gain_db,-6.96241,-6.96241,0.0
factory_7,frequency_response.csv,43,time_s,2.890756,2.890756,0.0
factory_7,frequency_response.csv,43,freq_hz,201.79007,201.79007,0.0
factory_7,frequency_response.csv,43,gain_db,-7.219178,-7.219178,0.0
factory_7,frequency_response.csv,44,time_s,2.957983,2.957983,0.0
factory_7,frequency_response.csv,44,freq_hz,212.93428,212.93428,0.0
factory_7,frequency_response.csv,44,gain_db,-7.444911,-7.444911,0.0
factory_7,frequency_response.csv,45,time_s,3.02521,3.02521,0.0
factory_7,frequency_response.csv,45,freq_hz,224.69397,224.69397,0.0
factory_7,frequency_response.csv,45,gain_db,-7.528574,-7.528574,0.0
factory_7,frequency_response.csv,46,time_s,3.092437,3.092437,0.0
factory_7,frequency_response.csv,46,freq_hz,237.103104,237.103104,0.0
factory_7,frequency_response.csv,46,gain_db,-7.461062,-7.461062,0.0
factory_7,frequency_response.csv,47,time_s,3.159664,3.159664,0.0
factory_7,frequency_response.csv,47,freq_hz,250.19754,250.19754,0.0
factory_7,frequency_response.csv,47,gain_db,-7.218032,-7.218032,0.0
factory_7,frequency_response.csv,48,time_s,3.226891,3.226891,0.0
factory_7,frequency_response.csv,48,freq_hz,264.015137,264.015137,0.0
factory_7,frequency_response.csv,48,gain_db,-6.854487,-6.854487,0.0
factory_7,frequency_response.csv,49,time_s,3.294118,3.294118,0.0
factory_7,frequency_response.csv,49,freq_hz,278.595856,278.595856,0.0
factory_7,frequency_response.csv,49,gain_db,-6.413295,-6.413295,0.0
factory_7,frequency_response.csv,50,time_s,3.361345,3.361345,0.0
factory_7,frequency_response.csv,50,freq_hz,293.981812,293.981812,0.0
factory_7,frequency_response.csv,50,gain_db,-5.975565,-5.975565,0.0
factory_7,frequency_response.csv,51,time_s,3.428571,3.428571,0.0
factory_7,frequency_response.csv,51,freq_hz,310.217468,310.217468,0.0
factory_7,frequency_response.csv,51,gain_db,-5.557928,-5.557928,0.0
factory_7,frequency_response.csv,52,time_s,3.495798,3.495798,0.0
factory_7,frequency_response.csv,52,freq_hz,327.349792,327.349792,0.0
factory_7,frequency_response.csv,52,gain_db,-5.232935,-5.232935,0.0
factory_7,frequency_response.csv,53,time_s,3.563025,3.563025,0.0
factory_7,frequency_response.csv,53,freq_hz,345.428284,345.428284,0.0
factory_7,frequency_response.csv,53,gain_db,-4.948695,-4.948695,0.0
factory_7,frequency_response.csv,54,time_s,3.630252,3.630252,0.0
factory_7,frequency_response.csv,54,freq_hz,364.505157,364.505157,0.0
factory_7,frequency_response.csv,54,gain_db,-4.749177,-4.749177,0.0
factory_7,frequency_response.csv,55,time_s,3.697479,3.697479,0.0
factory_7,frequency_response.csv,55,freq_hz,384.63562,384.63562,0.0
factory_7,frequency_response.csv,55,gain_db,-4.63208,-4.63208,0.0
factory_7,frequency_response.csv,56,time_s,3.764706,3.764706,0.0
factory_7,frequency_response.csv,56,freq_hz,405.877808,405.877808,0.0
factory_7,frequency_response.csv,56,gain_db,-4.541646,-4.541646,0.0
factory_7,frequency_response.csv,57,time_s,3.831933,3.831933,0.0
factory_7,frequency_response.csv,57,freq_hz,428.293121,428.293121,0.0
factory_7,frequency_response.csv,57,gain_db,-4.503438,-4.503438,0.0
factory_7,frequency_response.csv,58,time_s,3.89916,3.89916,0.0
factory_7,frequency_response.csv,58,freq_hz,451.946381,451.946381,0.0
factory_7,frequency_response.csv,58,gain_db,-4.510966,-4.510966,0.0
factory_7,frequency_response.csv,59,time_s,3.966387,3.966387,0.0
factory_7,frequency_response.csv,59,freq_hz,476.905945,476.905945,0.0
factory_7,frequency_response.csv,59,gain_db,-4.540123,-4.540123,0.0
factory_7,frequency_response.csv,60,time_s,4.033614,4.033614,0.0
factory_7,frequency_response.csv,60,freq_hz,503.244019,503.244019,0.0
factory_7,frequency_response.csv,60,gain_db,-4.616727,-4.616727,0.0
factory_7,frequency_response.csv,61,time_s,4.100841,4.100841,0.0
factory_7,frequency_response.csv,61,freq_hz,531.03656,531.03656,0.0
factory_7,frequency_response.csv,61,gain_db,-4.697415,-4.697415,0.0
factory_7,frequency_response.csv,62,time_s,4.168067,4.168067,0.0
factory_7,frequency_response.csv,62,freq_hz,560.364014,560.364014,0.0
factory_7,frequency_response.csv,62,gain_db,-4.785741,-4.785741,0.0
factory_7,frequency_response.csv,63,time_s,4.235294,4.235294,0.0
factory_7,frequency_response.csv,63,freq_hz,591.311096,591.311096,0.0
factory_7,frequency_response.csv,63,gain_db,-4.855522,-4.855522,0.0
factory_7,frequency_response.csv,64,time_s,4.302521,4.302521,0.0
factory_7,frequency_response.csv,64,freq_hz,623.967346,623.967346,0.0
factory_7,frequency_response.csv,64,gain_db,-4.900767,-4.900767,0.0
factory_7,frequency_response.csv,65,time_s,4.369748,4.369748,0.0
factory_7,frequency_response.csv,65,freq_hz,658.427063,658.427063,0.0
factory_7,frequency_response.csv,65,gain_db,-4.906004,-4.906004,0.0
factory_7,frequency_response.csv,66,time_s,4.436975,4.436975,0.0
factory_7,frequency_response.csv,66,freq_hz,694.789795,694.789795,0.0
factory_7,frequency_response.csv,66,gain_db,-4.833031,-4.833031,0.0
factory_7,frequency_response.csv,67,time_s,4.504202,4.504202,0.0
factory_7,frequency_response.csv,67,freq_hz,733.160889,733.160889,0.0
factory_7,frequency_response.csv,67,gain_db,-4.721326,-4.721326,0.0
factory_7,frequency_response.csv,68,time_s,4.571429,4.571429,0.0
factory_7,frequency_response.csv,68,freq_hz,773.651001,773.651001,0.0
factory_7,frequency_response.csv,68,gain_db,-4.547137,-4.547137,0.0
factory_7,frequency_response.csv,69,time_s,4.638656,4.638656,0.0
factory_7,frequency_response.csv,69,freq_hz,816.377197,816.377197,0.0
factory_7,frequency_response.csv,69,gain_db,-4.333155,-4.333155,0.0
factory_7,frequency_response.csv,70,time_s,4.705883,4.705883,0.0
factory_7,frequency_response.csv,70,freq_hz,861.463074,861.463074,0.0
factory_7,frequency_response.csv,70,gain_db,-4.089243,-4.089243,0.0
factory_7,frequency_response.csv,71,time_s,4.773109,4.773109,0.0
factory_7,frequency_response.csv,71,freq_hz,909.03894,909.03894,0.0
factory_7,frequency_response.csv,71,gain_db,-3.834083,-3.834083,0.0
factory_7,frequency_response.csv,72,time_s,4.840336,4.840336,0.0
factory_7,frequency_response.csv,72,freq_hz,959.242249,959.242249,0.0
factory_7,frequency_response.csv,72,gain_db,-3.598429,-3.598429,0.0
factory_7,frequency_response.csv,73,time_s,4.907563,4.907563,0.0
factory_7,frequency_response.csv,73,freq_hz,1012.218079,1012.218079,0.0
factory_7,frequency_response.csv,73,gain_db,-3.38898,-3.38898,0.0
factory_7,frequency_response.csv,74,time_s,4.97479,4.97479,0.0
factory_7,frequency_response.csv,74,freq_hz,1068.119629,1068.119629,0.0
factory_7,frequency_response.csv,74,gain_db,-3.218248,-3.218248,0.0
factory_7,frequency_response.csv,75,time_s,5.042017,5.042017,0.0
factory_7,frequency_response.csv,75,freq_hz,1127.108398,1127.108398,0.0
factory_7,frequency_response.csv,75,gain_db,-3.082144,-3.082144,0.0
factory_7,frequency_response.csv,76,time_s,5.109244,5.109244,0.0
factory_7,frequency_response.csv,76,freq_hz,1189.355103,1189.355103,0.0
factory_7,frequency_response.csv,76,gain_db,-2.975118,-2.975118,0.0
factory_7,frequency_response.csv,77,time_s,5.176471,5.176471,0.0
factory_7,frequency_response.csv,77,freq_hz,1255.039307,1255.039307,0.0
factory_7,frequency_response.csv,77,gain_db,-2.907982,-2.907982,0.0
factory_7,frequency_response.csv,78,time_s,5.243698,5.243698,0.0
factory_7,frequency_response.csv,78,freq_hz,1324.351074,1324.351074,0.0
factory_7,frequency_response.csv,78,gain_db,-2.855239,-2.855239,0.0
factory_7,frequency_response.csv,79,time_s,5.310925,5.310925,0.0
factory_7,frequency_response.csv,79,freq_hz,1397.490845,1397.490845,0.0
factory_7,frequency_response.csv,79,gain_db,-2.820318,-2.820318,0.0
factory_7,frequency_response.csv,80,time_s,5.378151,5.378151,0.0
factory_7,frequency_response.csv,80,freq_hz,1474.669678,1474.669678,0.0
factory_7,frequency_response.csv,80,gain_db,-2.798671,-2.798671,0.0
factory_7,frequency_response.csv,81,time_s,5.445378,5.445378,0.0
factory_7,frequency_response.csv,81,freq_hz,1556.110962,1556.110962,0.0
factory_7,frequency_response.csv,81,gain_db,-2.786296,-2.786296,0.0
factory_7,frequency_response.csv,82,time_s,5.512605,5.512605,0.0
factory_7,frequency_response.csv,82,freq_hz,1642.050049,1642.050049,0.0
factory_7,frequency_response.csv,82,gain_db,-2.778688,-2.778688,0.0
factory_7,frequency_response.csv,83,time_s,5.579832,5.579832,0.0
factory_7,frequency_response.csv,83,freq_hz,1732.735107,1732.735107,0.0
factory_7,frequency_response.csv,83,gain_db,-2.775366,-2.775366,0.0
factory_7,frequency_response.csv,84,time_s,5.647059,5.647059,0.0
factory_7,frequency_response.csv,84,freq_hz,1828.428467,1828.428467,0.0
factory_7,frequency_response.csv,84,gain_db,-2.777384,-2.777384,0.0
factory_7,frequency_response.csv,85,time_s,5.714286,5.714286,0.0
factory_7,frequency_response.csv,85,freq_hz,1929.406738,1929.406738,0.0
factory_7,frequency_response.csv,85,gain_db,-2.780415,-2.780415,0.0
factory_7,frequency_response.csv,86,time_s,5.781513,5.781513,0.0
factory_7,frequency_response.csv,86,freq_hz,2035.96167,2035.96167,0.0
factory_7,frequency_response.csv,86,gain_db,-2.788899,-2.788899,0.0
factory_7,frequency_response.csv,87,time_s,5.84874,5.84874,0.0
factory_7,frequency_response.csv,87,freq_hz,2148.401367,2148.401367,0.0
factory_7,frequency_response.csv,87,gain_db,-2.796537,-2.796537,0.0
factory_7,frequency_response.csv,88,time_s,5.915967,5.915967,0.0
factory_7,frequency_response.csv,88,freq_hz,2267.050537,2267.050537,0.0
factory_7,frequency_response.csv,88,gain_db,-2.807064,-2.807064,0.0
factory_7,frequency_response.csv,89,time_s,5.983193,5.983193,0.0
factory_7,frequency_response.csv,89,freq_hz,2392.252441,2392.252441,0.0
factory_7,frequency_response.csv,89,gain_db,-2.81875,-2.81875,0.0
factory_7,frequency_response.csv,90,time_s,6.05042,6.05042,0.0
factory_7,frequency_response.csv,90,freq_hz,2524.368896,2524.368896,0.0
factory_7,frequency_response.csv,90,gain_db,-2.826086,-2.826086,0.0
factory_7,frequency_response.csv,91,time_s,6.117647,6.117647,0.0
factory_7,frequency_response.csv,91,freq_hz,2663.781738,2663.781738,0.0
factory_7,frequency_response.csv,91,gain_db,-2.834585,-2.834585,0.0
factory_7,frequency_response.csv,92,time_s,6.184874,6.184874,0.0
factory_7,frequency_response.csv,92,freq_hz,2810.893799,2810.893799,0.0
factory_7,frequency_response.csv,92,gain_db,-2.840869,-2.840869,0.0
factory_7,frequency_response.csv,93,time_s,6.252101,6.252101,0.0
factory_7,frequency_response.csv,93,freq_hz,2966.130371,2966.130371,0.0
factory_7,frequency_response.csv,93,gain_db,-2.84652,-2.84652,0.0
factory_7,frequency_response.csv,94,time_s,6.319328,6.319328,0.0
factory_7,frequency_response.csv,94,freq_hz,3129.94043,3129.94043,0.0
factory_7,frequency_response.csv,94,gain_db,-2.848382,-2.848382,0.0
factory_7,frequency_response.csv,95,time_s,6.386555,6.386555,0.0
factory_7,frequency_response.csv,95,freq_hz,3302.796875,3302.796875,0.0
factory_7,frequency_response.csv,95,gain_db,-2.85151,-2.85151,0.0
factory_7,frequency_response.csv,96,time_s,6.453782,6.453782,0.0
factory_7,frequency_response.csv,96,freq_hz,3485.199951,3485.199951,0.0
factory_7,frequency_response.csv,96,gain_db,-2.856549,-2.856549,0.0
factory_7,frequency_response.csv,97,time_s,6.521008,6.521008,0.0
factory_7,frequency_response.csv,97,freq_hz,3677.676025,3677.676025,0.0
factory_7,frequency_response.csv,97,gain_db,-2.866177,-2.866177,0.0
factory_7,frequency_response.csv,98,time_s,6.588235,6.588235,0.0
factory_7,frequency_response.csv,98,freq_hz,3880.782471,3880.782471,0.0
factory_7,frequency_response.csv,98,gain_db,-2.878201,-2.878201,0.0
factory_7,frequency_response.csv,99,time_s,6.655462,6.655462,0.0
factory_7,frequency_response.csv,99,freq_hz,4095.105469,4095.105469,0.0
factory_7,frequency_response.csv,99,gain_db,-2.896251,-2.896251,0.0
factory_7,frequency_response.csv,100,time_s,6.722689,6.722689,0.0
factory_7,frequency_response.csv,100,freq_hz,4321.265137,4321.265137,0.0
factory_7,frequency_response.csv,100,gain_db,-2.918279,-2.918279,0.0
factory_7,frequency_response.csv,101,time_s,6.789916,6.789916,0.0
factory_7,frequency_response.csv,101,freq_hz,4559.914551,4559.914551,0.0
factory_7,frequency_response.csv,101,gain_db,-2.944607,-2.944607,0.0
factory_7,frequency_response.csv,102,time_s,6.857143,6.857143,0.0
factory_7,frequency_response.csv,102,freq_hz,4811.744141,4811.744141,0.0
factory_7,frequency_response.csv,102,gain_db,-2.973603,-2.973603,0.0
factory_7,frequency_response.csv,103,time_s,6.92437,6.92437,0.0
factory_7,frequency_response.csv,103,freq_hz,5077.481445,5077.481445,0.0
factory_7,frequency_response.csv,103,gain_db,-3.004961,-3.004961,0.0
factory_7,frequency_response.csv,104,time_s,6.991597,6.991597,0.0
factory_7,frequency_response.csv,104,freq_hz,5357.894531,5357.894531,0.0
factory_7,frequency_response.csv,104,gain_db,-3.038925,-3.038925,0.0
factory_7,frequency_response.csv,105,time_s,7.058824,7.058824,0.0
factory_7,frequency_response.csv,105,freq_hz,5653.793457,5653.793457,0.0
factory_7,frequency_response.csv,105,gain_db,-3.073753,-3.073753,0.0
factory_7,frequency_response.csv,106,time_s,7.12605,7.12605,0.0
factory_7,frequency_response.csv,106,freq_hz,5966.034668,5966.034668,0.0
factory_7,frequency_response.csv,106,gain_db,-3.108849,-3.108849,0.0
factory_7,frequency_response.csv,107,time_s,7.193277,7.193277,0.0
factory_7,frequency_response.csv,107,freq_hz,6295.519531,6295.519531,0.0
factory_7,frequency_response.csv,107,gain_db,-3.144954,-3.144954,0.0
factory_7,frequency_response.csv,108,time_s,7.260504,7.260504,0.0
factory_7,frequency_response.csv,108,freq_hz,6643.200684,6643.200684,0.0
factory_7,frequency_response.csv,108,gain_db,-3.180781,-3.180781,0.0
factory_7,frequency_response.csv,109,time_s,7.327731,7.327731,0.0
factory_7,frequency_response.csv,109,freq_hz,7010.083008,7010.083008,0.0
factory_7,frequency_response.csv,109,gain_db,-3.216524,-3.216524,0.0
factory_7,frequency_response.csv,110,time_s,7.394958,7.394958,0.0
factory_7,frequency_response.csv,110,freq_hz,7397.227539,7397.227539,0.0
factory_7,frequency_response.csv,110,gain_db,-3.260135,-3.260135,0.0
factory_7,frequency_response.csv,111,time_s,7.462185,7.462185,0.0
factory_7,frequency_response.csv,111,freq_hz,7805.752441,7805.752441,0.0
factory_7,frequency_response.csv,111,gain_db,-3.287145,-3.287145,0.0
factory_7,frequency_response.csv,112,time_s,7.529412,7.529412,0.0
factory_7,frequency_response.csv,112,freq_hz,8236.839844,8236.839844,0.0
factory_7,frequency_response.csv,112,gain_db,-3.321444,-3.321444,0.0
factory_7,frequency_response.csv,113,time_s,7.596639,7.596639,0.0
factory_7,frequency_response.csv,113,freq_hz,8691.733398,8691.733398,0.0
factory_7,frequency_response.csv,113,gain_db,-3.356232,-3.356232,0.0
factory_7,frequency_response.csv,114,time_s,7.663866,7.663866,0.0
factory_7,frequency_response.csv,114,freq_hz,9171.75,9171.75,0.0
factory_7,frequency_response.csv,114,gain_db,-3.389544,-3.389544,0.0
factory_7,frequency_response.csv,115,time_s,7.731092,7.731092,0.0
factory_7,frequency_response.csv,115,freq_hz,9678.276367,9678.276367,0.0
factory_7,frequency_response.csv,115,gain_db,-3.422015,-3.422015,0.0
factory_7,frequency_response.csv,116,time_s,7.798319,7.798319,0.0
factory_7,frequency_response.csv,116,freq_hz,10212.776367,10212.776367,0.0
factory_7,frequency_response.csv,116,gain_db,-3.454948,-3.454948,0.0
factory_7,frequency_response.csv,117,time_s,7.865546,7.865546,0.0
factory_7,frequency_response.csv,117,freq_hz,10776.795898,10776.795898,0.0
factory_7,frequency_response.csv,117,gain_db,-3.484526,-3.484526,0.0
factory_7,frequency_response.csv,118,time_s,7.932773,7.932773,0.0
factory_7,frequency_response.csv,118,freq_hz,11371.962891,11371.962891,0.0
factory_7,frequency_response.csv,118,gain_db,-3.512949,-3.512949,0.0
factory_7,frequency_response.csv,119,time_s,8.0,8.0,0.0
factory_7,frequency_response.csv,119,freq_hz,12000.0,12000.0,0.0
factory_7,frequency_response.csv,119,gain_db,-3.538391,-3.538391,0.0
factory_7,notch_tracking.csv,0,time_s,0.336134,0.336134,0.0
factory_7,notch_tracking.csv,0,freq_hz,26.167307,26.167307,0.0
factory_7,notch_tracking.csv,0,notch_depth_db,-5.343963,-5.343963,0.0
factory_7,notch_tracking.csv,1,time_s,0.470588,0.470588,0.0
factory_7,notch_tracking.csv,1,freq_hz,29.13739,29.13739,0.0
factory_7,notch_tracking.csv,1,notch_depth_db,-4.990419,-4.990419,0.0
factory_7,notch_tracking.csv,2,time_s,0.739496,0.739496,0.0
factory_7,notch_tracking.csv,2,freq_hz,36.127167,36.127167,0.0
factory_7,notch_tracking.csv,2,notch_depth_db,-4.340128,-4.340128,0.0
factory_7,notch_tracking.csv,3,time_s,0.941177,0.941177,0.0
factory_7,notch_tracking.csv,3,freq_hz,42.449379,42.449379,0.0
factory_7,notch_tracking.csv,3,notch_depth_db,-3.622416,-3.622416,0.0
factory_7,notch_tracking.csv,4,time_s,1.142857,1.142857,0.0
factory_7,notch_tracking.csv,4,freq_hz,49.877968,49.877968,0.0
factory_7,notch_tracking.csv,4,notch_depth_db,-3.208995,-3.208995,0.0
factory_7,notch_tracking.csv,5,time_s,2.151261,2.151261,0.0
factory_7,notch_tracking.csv,5,freq_hz,111.710999,111.710999,0.0
factory_7,notch_tracking.csv,5,notch_depth_db,-6.259276,-6.259276,0.0
factory_7,notch_tracking.csv,6,time_s,2.352941,2.352941,0.0
factory_7,notch_tracking.csv,6,freq_hz,131.260284,131.260284,0.0
factory_7,notch_tracking.csv,6,notch_depth_db,-6.174888,-6.174888,0.0
factory_7,notch_tracking.csv,7,time_s,3.02521,3.02521,0.0
factory_7,notch_tracking.csv,7,freq_hz,224.69397,224.69397,0.0
factory_7,notch_tracking.csv,7,notch_depth_db,-7.528574,-7.528574,0.0
factory_7,notch_tracking.csv,8,time_s,4.369748,4.369748,0.0
factory_7,notch_tracking.csv,8,freq_hz,658.427063,658.427063,0.0
factory_7,notch_tracking.csv,8,notch_depth_db,-4.906004,-4.906004,0.0
factory_7,thd_vs_drive.csv,0,sine_level_db,-24.0,-24.0,0.0
factory_7,thd_vs_drive.csv,0,thd_ratio,0.000261,0.000261,0.0
factory_7,thd_vs_drive.csv,0,thd_db,-71.659279,-71.659279,0.0
factory_7,thd_vs_drive.csv,0,broadband_hf_db,-82.684601,-82.684601,0.0
factory_7,thd_vs_drive.csv,1,sine_level_db,-18.0,-18.0,0.0
factory_7,thd_vs_drive.csv,1,thd_ratio,0.001106,0.001106,0.0
factory_7,thd_vs_drive.csv,1,thd_db,-59.123974,-59.123974,0.0
factory_7,thd_vs_drive.csv,1,broadband_hf_db,-82.685394,-82.685394,0.0
factory_7,thd_vs_drive.csv,2,sine_level_db,-12.0,-12.0,0.0
factory_7,thd_vs_drive.csv,2,thd_ratio,0.005077,0.005077,0.0
factory_7,thd_vs_drive.csv,2,thd_db,-45.888016,-45.888016,0.0
factory_7,thd_vs_drive.csv,2,broadband_hf_db,-82.685631,-82.685631,0.0
factory_7,thd_vs_drive.csv,3,sine_level_db,-6.0,-6.0,0.0
factory_7,thd_vs_drive.csv,3,thd_ratio,0.022928,0.022928,0.0
factory_7,thd_vs_drive.csv,3,thd_db,-32.792831,-32.792831,0.0
factory_7,thd_vs_drive.csv,3,broadband_hf_db,-82.684097,-82.684097,0.0
factory_7,thd_vs_drive.csv,4,sine_level_db,0.0,0.0,0.0
factory_7,thd_vs_drive.csv,4,thd_ratio,0.079072,0.079072,0.0
factory_7,thd_vs_drive.csv,4,thd_db,-22.039558,-22.039558,0.0
factory_7,thd_vs_drive.csv,4,broadband_hf_db,-82.576584,-82.576584,0.0
factory_8,summary.csv,average_tracked_notch_db,value,-4.867899,-4.867899,0.0
factory_8,summary.csv,deepest_tracked_notch_db,value,-7.985163,-7.985163,0.0
factory_8,summary.csv,guitar_broadband_hf_db,value,-80.117561,-80.117561,0.0
factory_8,summary.csv,guitar_lr_correlation,value,0.994106,0.994106,0.0
factory_8,summary.csv,guitar_mono_fold_db,value,-0.013023,-0.013023,0.0
factory_8,summary.csv,guitar_side_to_mid_db,value,-25.224365,-25.224365,0.0
factory_8,summary.csv,sweep_broadband_hf_db,value,-82.523193,-82.523193,0.0
factory_8,summary.csv,sweep_lr_correlation,value,0.998147,0.998147,0.0
factory_8,summary.csv,sweep_mono_fold_db,value,-0.004025,-0.004025,0.0
factory_8,summary.csv,sweep_side_to_mid_db,value,-30.327955,-30.327955,0.0
factory_8,summary.csv,tracked_notch_count,value,30.0,30.0,0.0
factory_8,summary.csv,tracked_notch_high_hz,value,2810.893799,2810.893799,0.0
factory_8,summary.csv,tracked_notch_low_hz,value,22.270071,22.270071,0.0
factory_8,summary.csv,tracked_notch_span_oct,value,6.979779,6.979779,0.0
factory_8,summary.csv,worst_thd_db,value,-19.818424,-19.818424,0.0
factory_8,frequency_response.csv,0,time_s,0.0,0.0,0.0
factory_8,frequency_response.csv,0,freq_hz,20.0,20.0,0.0
factory_8,frequency_response.csv,0,gain_db,-7.064986,-7.064986,0.0
factory_8,frequency_response.csv,1,time_s,0.067227,0.067227,0.0
factory_8,frequency_response.csv,1,freq_hz,21.104536,21.104536,0.0
factory_8,frequency_response.csv,1,gain_db,-6.397473,-6.397473,0.0
factory_8,frequency_response.csv,2,time_s,0.134454,0.134454,0.0
factory_8,frequency_response.csv,2,freq_hz,22.270071,22.270071,0.0
factory_8,frequency_response.csv,2,gain_db,-6.630867,-6.630867,0.0
factory_8,frequency_response.csv,3,time_s,0.201681,0.201681,0.0
factory_8,frequency_response.csv,3,freq_hz,23.499975,23.499975,0.0
factory_8,frequency_response.csv,3,gain_db,-6.469651,-6.469651,0.0
factory_8,frequency_response.csv,4,time_s,0.268908,0.268908,0.0
factory_8,frequency_response.csv,4,freq_hz,24.797804,24.797804,0.0
factory_8,frequency_response.csv,4,gain_db,-5.226319,-5.226319,0.0
factory_8,frequency_response.csv,5,time_s,0.336134,0.336134,0.0
factory_8,frequency_response.csv,5,freq_hz,26.167307,26.167307,0.0
factory_8,frequency_response.csv,5,gain_db,-6.398611,-6.398611,0.0
factory_8,frequency_response.csv,6,time_s,0.403361,0.403361,0.0
factory_8,frequency_response.csv,6,freq_hz,27.612442,27.612442,0.0
factory_8,frequency_response.csv,6,gain_db,-5.083601,-5.083601,0.0
factory_8,frequency_response.csv,7,time_s,0.470588,0.470588,0.0
factory_8,frequency_response.csv,7,freq_hz,29.13739,29.13739,0.0
factory_8,frequency_response.csv,7,gain_db,-4.274423,-4.274423,0.0
factory_8,frequency_response.csv,8,time_s,0.537815,0.537815,0.0
factory_8,frequency_response.csv,8,freq_hz,30.746555,30.746555,0.0
factory_8,frequency_response.csv,8,gain_db,-5.287251,-5.287251,0.0
factory_8,frequency_response.csv,9,time_s,0.605042,0.605042,0.0
factory_8,frequency_response.csv,9,freq_hz,32.444588,32.444588,0.0
factory_8,frequency_response.csv,9,gain_db,-4.626558,-4.626558,0.0
factory_8,frequency_response.csv,10,time_s,0.672269,0.672269,0.0
factory_8,frequency_response.csv,10,freq_hz,34.236401,34.236401,0.0
factory_8,frequency_response.csv,10,gain_db,-2.956011,-2.956011,0.0
factory_8,frequency_response.csv,11,time_s,0.739496,0.739496,0.0
factory_8,frequency_response.csv,11,freq_hz,36.127167,36.127167,0.0
factory_8,frequency_response.csv,11,gain_db,-3.870323,-3.870323,0.0
factory_8,frequency_response.csv,12,time_s,0.806723,0.806723,0.0
factory_8,frequency_response.csv,12,freq_hz,38.122353,38.122353,0.0
factory_8,frequency_response.csv,12,gain_db,-3.904904,-3.904904,0.0
factory_8,frequency_response.csv,13,time_s,0.87395,0.87395,0.0
factory_8,frequency_response.csv,13,freq_hz,40.22773,40.22773,0.0
factory_8,frequency_response.csv,13,gain_db,-2.423574,-2.423574,0.0
factory_8,frequency_response.csv,14,time_s,0.941177,0.941177,0.0
factory_8,frequency_response.csv,14,freq_hz,42.449379,42.449379,0.0
factory_8,frequency_response.csv,14,gain_db,-2.705762,-2.705762,0.0
factory_8,frequency_response.csv,15,time_s,1.008403,1.008403,0.0
factory_8,frequency_response.csv,15,freq_hz,44.79372,44.79372,0.0
factory_8,frequency_response.csv,15,gain_db,-2.876614,-2.876614,0.0
factory_8,frequency_response.csv,16,time_s,1.07563,1.07563,0.0
factory_8,frequency_response.csv,16,freq_hz,47.267536,47.267536,0.0
factory_8,frequency_response.csv,16,gain_db,-2.220894,-2.220894,0.0
factory_8,frequency_response.csv,17,time_s,1.142857,1.142857,0.0
factory_8,frequency_response.csv,17,freq_hz,49.877968,49.877968,0.0
factory_8,frequency_response.csv,17,gain_db,-2.478798,-2.478798,0.0
factory_8,frequency_response.csv,18,time_s,1.210084,1.210084,0.0
factory_8,frequency_response.csv,18,freq_hz,52.632568,52.632568,0.0
factory_8,frequency_response.csv,18,gain_db,-2.483642,-2.483642,0.0
factory_8,frequency_response.csv,19,time_s,1.277311,1.277311,0.0
factory_8,frequency_response.csv,19,freq_hz,55.539299,55.539299,0.0
factory_8,frequency_response.csv,19,gain_db,-2.346856,-2.346856,0.0
factory_8,frequency_response.csv,20,time_s,1.344538,1.344538,0.0
factory_8,frequency_response.csv,20,freq_hz,58.606552,58.606552,0.0
factory_8,frequency_response.csv,20,gain_db,-2.66997,-2.66997,0.0
factory_8,frequency_response.csv,21,time_s,1.411765,1.411765,0.0
factory_8,frequency_response.csv,21,freq_hz,61.843204,61.843204,0.0
factory_8,frequency_response.csv,21,gain_db,-2.188152,-2.188152,0.0
factory_8,frequency_response.csv,22,time_s,1.478992,1.478992,0.0
factory_8,frequency_response.csv,22,freq_hz,65.258606,65.258606,0.0
factory_8,frequency_response.csv,22,gain_db,-2.337687,-2.337687,0.0
factory_8,frequency_response.csv,23,time_s,1.546218,1.546218,0.0
factory_8,frequency_response.csv,23,freq_hz,68.862625,68.862625,0.0
factory_8,frequency_response.csv,23,gain_db,-3.333979,-3.333979,0.0
factory_8,frequency_response.csv,24,time_s,1.613445,1.613445,0.0
factory_8,frequency_response.csv,24,freq_hz,72.665695,72.665695,0.0
factory_8,frequency_response.csv,24,gain_db,-2.507181,-2.507181,0.0
factory_8,frequency_response.csv,25,time_s,1.680672,1.680672,0.0
factory_8,frequency_response.csv,25,freq_hz,76.678787,76.678787,0.0
factory_8,frequency_response.csv,25,gain_db,-2.510341,-2.510341,0.0
factory_8,frequency_response.csv,26,time_s,1.747899,1.747899,0.0
factory_8,frequency_response.csv,26,freq_hz,80.913506,80.913506,0.0
factory_8,frequency_response.csv,26,gain_db,-3.8848,-3.8848,0.0
factory_8,frequency_response.csv,27,time_s,1.815126,1.815126,0.0
factory_8,frequency_response.csv,27,freq_hz,85.382095,85.382095,0.0
factory_8,frequency_response.csv,27,gain_db,-3.331717,-3.331717,0.0
factory_8,frequency_response.csv,28,time_s,1.882353,1.882353,0.0
factory_8,frequency_response.csv,28,freq_hz,90.097488,90.097488,0.0
factory_8,frequency_response.csv,28,gain_db,-2.846942,-2.846942,0.0
factory_8,frequency_response.csv,29,time_s,1.94958,1.94958,0.0
factory_8,frequency_response.csv,29,freq_hz,95.073273,95.073273,0.0
factory_8,frequency_response.csv,29,gain_db,-4.50569,-4.50569,0.0
factory_8,frequency_response.csv,30,time_s,2.016807,2.016807,0.0
factory_8,frequency_response.csv,30,freq_hz,100.323875,100.323875,0.0
factory_8,frequency_response.csv,30,gain_db,-4.753853,-4.753853,0.0
factory_8,frequency_response.csv,31,time_s,2.084034,2.084034,0.0
factory_8,frequency_response.csv,31,freq_hz,105.864441,105.864441,0.0
factory_8,frequency_response.csv,31,gain_db,-3.369846,-3.369846,0.0
factory_8,frequency_response.csv,32,time_s,2.151261,2.151261,0.0
factory_8,frequency_response.csv,32,freq_hz,111.710999,111.710999,0.0
factory_8,frequency_response.csv,32,gain_db,-5.094894,-5.094894,0.0
factory_8,frequency_response.csv,33,time_s,2.218488,2.218488,0.0
factory_8,frequency_response.csv,33,freq_hz,117.880432,117.880432,0.0
factory_8,frequency_response.csv,33,gain_db,-6.277628,-6.277628,0.0
factory_8,frequency_response.csv,34,time_s,2.285714,2.285714,0.0
factory_8,frequency_response.csv,34,freq_hz,124.390594,124.390594,0.0
factory_8,frequency_response.csv,34,gain_db,-4.163839,-4.163839,0.0
factory_8,frequency_response.csv,35,time_s,2.352941,2.352941,0.0
factory_8,frequency_response.csv,35,freq_hz,131.260284,131.260284,0.0
factory_8,frequency_response.csv,35,gain_db,-5.516372,-5.516372,0.0
factory_8,frequency_response.csv,36,time_s,2.420168,2.420168,0.0
factory_8,frequency_response.csv,36,freq_hz,138.509369,138.509369,0.0
factory_8,frequency_response.csv,36,gain_db,-7.477885,-7.477885,0.0
factory_8,frequency_response.csv,37,time_s,2.487395,2.487395,0.0
factory_8,frequency_response.csv,37,freq_hz,146.158783,146.158783,0.0
factory_8,frequency_response.csv,37,gain_db,-5.506169,-5.506169,0.0
factory_8,frequency_response.csv,38,time_s,2.554622,2.554622,0.0
factory_8,frequency_response.csv,38,freq_hz,154.230667,154.230667,0.0
factory_8,frequency_response.csv,38,gain_db,-5.929088,-5.929088,0.0
factory_8,frequency_response.csv,39,time_s,2.621849,2.621849,0.0
factory_8,frequency_response.csv,39,freq_hz,162.748337,162.748337,0.0
factory_8,frequency_response.csv,39,gain_db,-7.97437,-7.97437,0.0
factory_8,frequency_response.csv,40,time_s,2.689076,2.689076,0.0
factory_8,frequency_response.csv,40,freq_hz,171.73642,171.73642,0.0
factory_8,frequency_response.csv,40,gain_db,-7.006948,-7.006948,0.0
factory_8,frequency_response.csv,41,time_s,2.756303,2.756303,0.0
factory_8,frequency_response.csv,41,freq_hz,181.220856,181.220856,0.0
factory_8,frequency_response.csv,41,gain_db,-6.566311,-6.566311,0.0
factory_8,frequency_response.csv,42,time_s,2.823529,2.823529,0.0
factory_8,frequency_response.csv,42,freq_hz,191.229095,191.229095,0.0
factory_8,frequency_response.csv,42,gain_db,-7.985163,-7.985163,0.0
factory_8,frequency_response.csv,43,time_s,2.890756,2.890756,0.0
factory_8,frequency_response.csv,43,freq_hz,201.79007,201.79007,0.0
factory_8,frequency_response.csv,43,gain_db,-7.857427,-7.857427,0.0
factory_8,frequency_response.csv,44,time_s,2.957983,2.957983,0.0
factory_8,frequency_response.csv,44,freq_hz,212.93428,212.93428,0.0
factory_8,frequency_response.csv,44,gain_db,-7.222179,-7.222179,0.0
factory_8,frequency_response.csv,45,time_s,3.02521,3.02521,0.0
factory_8,frequency_response.csv,45,freq_hz,224.69397,224.69397,0.0
factory_8,frequency_response.csv,45,gain_db,-7.832335,-7.832335,0.0
factory_8,frequency_response.csv,46,time_s,3.092437,3.092437,0.0
factory_8,frequency_response.csv,46,freq_hz,237.103104,237.103104,0.0
factory_8,frequency_response.csv,46,gain_db,-7.359334,-7.359334,0.0
factory_8,frequency_response.csv,47,time_s,3.159664,3.159664,0.0
factory_8,frequency_response.csv,47,freq_hz,250.19754,250.19754,0.0
factory_8,frequency_response.csv,47,gain_db,-7.854841,-7.854841,0.0
factory_8,frequency_response.csv,48,time_s,3.226891,3.226891,0.0
factory_8,frequency_response.csv,48,freq_hz,264.015137,264.015137,0.0
factory_8,frequency_response.csv,48,gain_db,-7.706275,-7.706275,0.0
factory_8,frequency_response.csv,49,time_s,3.294118,3.294118,0.0
factory_8,frequency_response.csv,49,freq_hz,278.595856,278.595856,0.0
factory_8,frequency_response.csv,49,gain_db,-6.288257,-6.288257,0.0
factory_8,frequency_response.csv,50,time_s,3.361345,3.361345,0.0
factory_8,frequency_response.csv,50,freq_hz,293.981812,293.981812,0.0
factory_8,frequency_response.csv,50,gain_db,-7.98301,-7.98301,0.0
factory_8,frequency_response.csv,51,time_s,3.428571,3.428571,0.0
factory_8,frequency_response.csv,51,freq_hz,310.217468,310.217468,0.0
factory_8,frequency_response.csv,51,gain_db,-7.5587,-7.5587,0.0
factory_8,frequency_response.csv,52,time_s,3.495798,3.495798,0.0
factory_8,frequency_response.csv,52,freq_hz,327.349792,327.349792,0.0
factory_8,frequency_response.csv,52,gain_db,-5.417142,-5.417142,0.0
factory_8,frequency_response.csv,53,time_s,3.563025,3.563025,0.0
factory_8,frequency_response.csv,53,freq_hz,345.428284,345.428284,0.0
factory_8,frequency_response.csv,53,gain_db,-7.091083,-7.091083,0.0
factory_8,frequency_response.csv,54,time_s,3.630252,3.630252,0.0
factory_8,frequency_response.csv,54,freq_hz,364.505157,364.505157,0.0
factory_8,frequency_response.csv,54,gain_db,-7.366759,-7.366759,0.0
factory_8,frequency_response.csv,55,time_s,3.697479,3.697479,0.0
factory_8,frequency_response.csv,55,freq_hz,384.63562,384.63562,0.0
factory_8,frequency_response.csv,55,gain_db,-4.908004,-4.908004,0.0
factory_8,frequency_response.csv,56,time_s,3.764706,3.764706,0.0
factory_8,frequency_response.csv,56,freq_hz,405.877808,405.877808,0.0
factory_8,frequency_response.csv,56,gain_db,-5.622179,-5.622179,0.0
factory_8,frequency_response.csv,57,time_s,3.831933,3.831933,0.0
factory_8,frequency_response.csv,57,freq_hz,428.293121,428.293121,0.0
factory_8,frequency_response.csv,57,gain_db,-6.980502,-6.980502,0.0
factory_8,frequency_response.csv,58,time_s,3.89916,3.89916,0.0
factory_8,frequency_response.csv,58,freq_hz,451.946381,451.946381,0.0
factory_8,frequency_response.csv,58,gain_db,-4.585663,-4.585663,0.0
factory_8,frequency_response.csv,59,time_s,3.966387,3.966387,0.0
factory_8,frequency_response.csv,59,freq_hz,476.905945,476.905945,0.0
factory_8,frequency_response.csv,59,gain_db,-4.261848,-4.261848,0.0
factory_8,frequency_response.csv,60,time_s,4.033614,4.033614,0.0
factory_8,frequency_response.csv,60,freq_hz,503.244019,503.244019,0.0
factory_8,frequency_response.csv,60,gain_db,-6.306601,-6.306601,0.0
factory_8,frequency_response.csv,61,time_s,4.100841,4.100841,0.0
factory_8,frequency_response.csv,61,freq_hz,531.03656,531.03656,0.0
factory_8,frequency_response.csv,61,gain_db,-4.432994,-4.432994,0.0
factory_8,frequency_response.csv,62,time_s,4.168067,4.168067,0.0
factory_8,frequency_response.csv,62,freq_hz,560.364014,560.364014,0.0
factory_8,frequency_response.csv,62,gain_db,-3.399969,-3.399969,0.0
factory_8,frequency_response.csv,63,time_s,4.235294,4.235294,0.0
factory_8,frequency_response.csv,63,freq_hz,591.311096,591.311096,0.0
factory_8,frequency_response.csv,63,gain_db,-5.302131,-5.302131,0.0
factory_8,frequency_response.csv,64,time_s,4.302521,4.302521,0.0
factory_8,frequency_response.csv,64,freq_hz,623.967346,623.967346,0.0
factory_8,frequency_response.csv,64,gain_db,-4.301923,-4.301923,0.0
factory_8,frequency_response.csv,65,time_s,4.369748,4.369748,0.0
factory_8,frequency_response.csv,65,freq_hz,658.427063,658.427063,0.0
factory_8,frequency_response.csv,65,gain_db,-2.897197,-2.897197,0.0
factory_8,frequency_response.csv,66,time_s,4.436975,4.436975,0.0
factory_8,frequency_response.csv,66,freq_hz,694.789795,694.789795,0.0
factory_8,frequency_response.csv,66,gain_db,-4.148892,-4.148892,0.0
factory_8,frequency_response.csv,67,time_s,4.504202,4.504202,0.0
factory_8,frequency_response.csv,67,freq_hz,733.160889,733.160889,0.0
factory_8,frequency_response.csv,67,gain_db,-4.096336,-4.096336,0.0
factory_8,frequency_response.csv,68,time_s,4.571429,4.571429,0.0
factory_8,frequency_response.csv,68,freq_hz,773.651001,773.651001,0.0
factory_8,frequency_response.csv,68,gain_db,-2.629296,-2.629296,0.0
factory_8,frequency_response.csv,69,time_s,4.638656,4.638656,0.0
factory_8,frequency_response.csv,69,freq_hz,816.377197,816.377197,0.0
factory_8,frequency_response.csv,69,gain_db,-3.180233,-3.180233,0.0
factory_8,frequency_response.csv,70,time_s,4.705883,4.705883,0.0
factory_8,frequency_response.csv,70,freq_hz,861.463074,861.463074,0.0
factory_8,frequency_response.csv,70,gain_db,-3.78273,-3.78273,0.0
factory_8,frequency_response.csv,71,time_s,4.773109,4.773109,0.0
factory_8,frequency_response.csv,71,freq_hz,909.03894,909.03894,0.0
factory_8,frequency_response.csv,71,gain_db,-2.485158,-2.485158,0.0
factory_8,frequency_response.csv,72,time_s,4.840336,4.840336,0.0
factory_8,frequency_response.csv,72,freq_hz,959.242249,959.242249,0.0
factory_8,frequency_response.csv,72,gain_db,-2.502114,-2.502114,0.0
factory_8,frequency_response.csv,73,time_s,4.907563,4.907563,0.0
factory_8,frequency_response.csv,73,freq_hz,1012.218079,1012.218079,0.0
factory_8,frequency_response.csv,73,gain_db,-3.349826,-3.349826,0.0
factory_8,frequency_response.csv,74,time_s,4.97479,4.97479,0.0
factory_8,frequency_response.csv,74,freq_hz,1068.119629,1068.119629,0.0
factory_8,frequency_response.csv,74,gain_db,-2.423596,-2.423596,0.0
factory_8,frequency_response.csv,75,time_s,5.042017,5.042017,0.0
factory_8,frequency_response.csv,75,freq_hz,1127.108398,1127.108398,0.0
factory_8,frequency_response.csv,75,gain_db,-2.132029,-2.132029,0.0
factory_8,frequency_response.csv,76,time_s,5.109244,5.109244,0.0
factory_8,frequency_response.csv,76,freq_hz,1189.355103,1189.355103,0.0
factory_8,frequency_response.csv,76,gain_db,-2.842155,-2.842155,0.0
factory_8,frequency_response.csv,77,time_s,5.176471,5.176471,0.0
factory_8,frequency_response.csv,77,freq_hz,1255.039307,1255.039307,0.0
factory_8,frequency_response.csv,77,gain_db,-2.362561,-2.362561,0.0
factory_8,frequency_response.csv,78,time_s,5.243698,5.243698,0.0
factory_8,frequency_response.csv,78,freq_hz,1324.351074,1324.351074,0.0
factory_8,frequency_response.csv,78,gain_db,-1.938915,-1.938915,0.0
factory_8,frequency_response.csv,79,time_s,5.310925,5.310925,0.0
factory_8,frequency_response.csv,79,freq_hz,1397.490845,1397.490845,0.0
factory_8,frequency_response.csv,79,gain_db,-2.380106,-2.380106,0.0
factory_8,frequency_response.csv,80,time_s,5.378151,5.378151,0.0
factory_8,frequency_response.csv,80,freq_hz,1474.669678,1474.669678,0.0
factory_8,frequency_response.csv,80,gain_db,-2.274284,-2.274284,0.0
factory_8,frequency_response.csv,81,time_s,5.445378,5.445378,0.0
factory_8,frequency_response.csv,81,freq_hz,1556.110962,1556.110962,0.0
factory_8,frequency_response.csv,81,gain_db,-1.857476,-1.857476,0.0
factory_8,frequency_response.csv,82,time_s,5.512605,5.512605,0.0
factory_8,frequency_response.csv,82,freq_hz,1642.050049,1642.050049,0.0
factory_8,frequency_response.csv,82,gain_db,-2.043081,-2.043081,0.0
factory_8,frequency_response.csv,83,time_s,5.579832,5.579832,0.0
factory_8,frequency_response.csv,83,freq_hz,1732.735107,1732.735107,0.0
factory_8,frequency_response.csv,83,gain_db,-2.160887,-2.160887,0.0
factory_8,frequency_response.csv,84,time_s,5.647059,5.647059,0.0
factory_8,frequency_response.csv,84,freq_hz,1828.428467,1828.428467,0.0
factory_8,frequency_response.csv,84,gain_db,-1.823321,-1.823321,0.0
factory_8,frequency_response.csv,85,time_s,5.714286,5.714286,0.0
factory_8,frequency_response.csv,85,freq_hz,1929.406738,1929.406738,0.0
factory_8,frequency_response.csv,85,gain_db,-1.852207,-1.852207,0.0
factory_8,frequency_response.csv,86,time_s,5.781513,5.781513,0.0
factory_8,frequency_response.csv,86,freq_hz,2035.96167,2035.96167,0.0
factory_8,frequency_response.csv,86,gain_db,-2.03704,-2.03704,0.0
factory_8,frequency_response.csv,87,time_s,5.84874,5.84874,0.0
factory_8,frequency_response.csv,87,freq_hz,2148.401367,2148.401367,0.0
factory_8,frequency_response.csv,87,gain_db,-1.815789,-1.815789,0.0
factory_8,frequency_response.csv,88,time_s,5.915967,5.915967,0.0
factory_8,frequency_response.csv,88,freq_hz,2267.050537,2267.050537,0.0
factory_8,frequency_response.csv,88,gain_db,-1.781058,-1.781058,0.0
factory_8,frequency_response.csv,89,time_s,5.983193,5.983193,0.0
factory_8,frequency_response.csv,89,freq_hz,2392.252441,2392.252441,0.0
factory_8,frequency_response.csv,89,gain_db,-1.922522,-1.922522,0.0
factory_8,frequency_response.csv,90,time_s,6.05042,6.05042,0.0
factory_8,frequency_response.csv,90,freq_hz,2524.368896,2524.368896,0.0
factory_8,frequency_response.csv,90,gain_db,-1.820486,-1.820486,0.0
factory_8,frequency_response.csv,91,time_s,6.117647,6.117647,0.0
factory_8,frequency_response.csv,91,freq_hz,2663.781738,2663.781738,0.0
factory_8,frequency_response.csv,91,gain_db,-1.775108,-1.775108,0.0
factory_8,frequency_response.csv,92,time_s,6.184874,6.184874,0.0
factory_8,frequency_response.csv,92,freq_hz,2810.893799,2810.893799,0.0
factory_8,frequency_response.csv,92,gain_db,-1.847092,-1.847092,0.0
factory_8,frequency_response.csv,93,time_s,6.252101,6.252101,0.0
factory_8,frequency_response.csv,93,freq_hz,2966.130371,2966.130371,0.0
factory_8,frequency_response.csv,93,gain_db,-1.835279,-1.835279,0.0
factory_8,frequency_response.csv,94,time_s,6.319328,6.319328,0.0
factory_8,frequency_response.csv,94,freq_hz,3129.94043,3129.94043,0.0
factory_8,frequency_response.csv,94,gain_db,-1.806122,-1.806122,0.0
factory_8,frequency_response.csv,95,time_s,6.386555,6.386555,0.0
factory_8,frequency_response.csv,95,freq_hz,3302.796875,3302.796875,0.0
factory_8,frequency_response.csv,95,gain_db,-1.833553,-1.833553,0.0
factory_8,frequency_response.csv,96,time_s,6.453782,6.453782,0.0
factory_8,frequency_response.csv,96,freq_hz,3485.199951,3485.199951,0.0
factory_8,frequency_response.csv,96,gain_db,-1.856384,-1.856384,0.0
factory_8,frequency_response.csv,97,time_s,6.521008,6.521008,0.0
factory_8,frequency_response.csv,97,freq_hz,3677.676025,3677.676025,0.0
factory_8,frequency_response.csv,97,gain_db,-1.859625,-1.859625,0.0
factory_8,frequency_response.csv,98,time_s,6.588235,6.588235,0.0
factory_8,frequency_response.csv,98,freq_hz,3880.782471,3880.782471,0.0
factory_8,frequency_response.csv,98,gain_db,-1.875566,-1.875566,0.0
factory_8,frequency_response.csv,99,time_s,6.655462,6.655462,0.0
factory_8,frequency_response.csv,99,freq_hz,4095.105469,4095.105469,0.0
factory_8,frequency_response.csv,99,gain_db,-1.897514,-1.897514,0.0
factory_8,frequency_response.csv,100,time_s,6.722689,6.722689,0.0
factory_8,frequency_response.csv,100,freq_hz,4321.265137,4321.265137,0.0
factory_8,frequency_response.csv,100,gain_db,-1.927288,-1.927288,0.0
factory_8,frequency_response.csv,101,time_s,6.789916,6.789916,0.0
factory_8,frequency_response.csv,101,freq_hz,4559.914551,4559.914551,0.0
factory_8,frequency_response.csv,101,gain_db,-1.957056,-1.957056,0.0
factory_8,frequency_response.csv,102,time_s,6.857143,6.857143,0.0
factory_8,frequency_response.csv,102,freq_hz,4811.744141,4811.744141,0.0
factory_8,frequency_response.csv,102,gain_db,-1.964281,-1.964281,0.0
factory_8,frequency_response.csv,103,time_s,6.92437,6.92437,0.0
factory_8,frequency_response.csv,103,freq_hz,5077.481445,5077.481445,0.0
factory_8,frequency_response.csv,103,gain_db,-2.011128,-2.011128,0.0
factory_8,frequency_response.csv,104,time_s,6.991597,6.991597,0.0
factory_8,frequency_response.csv,104,freq_hz,5357.894531,5357.894531,0.0
factory_8,frequency_response.csv,104,gain_db,-2.061486,-2.061486,0.0
factory_8,frequency_response.csv,105,time_s,7.058824,7.058824,0.0
factory_8,frequency_response.csv,105,freq_hz,5653.793457,5653.793457,0.0
factory_8,frequency_response.csv,105,gain_db,-2.063156,-2.063156,0.0
factory_8,frequency_response.csv,106,time_s,7.12605,7.12605,0.0
factory_8,frequency_response.csv,106,freq_hz,5966.034668,5966.034668,0.0
factory_8,frequency_response.csv,106,gain_db,-2.110798,-2.110798,0.0
factory_8,frequency_response.csv,107,time_s,7.193277,7.193277,0.0
factory_8,frequency_response.csv,107,freq_hz,6295.519531,6295.519531,0.0
factory_8,frequency_response.csv,107,gain_db,-2.179267,-2.179267,0.0
factory_8,frequency_response.csv,108,time_s,7.260504,7.260504,0.0
factory_8,frequency_response.csv,108,freq_hz,6643.200684,6643.200684,0.0
factory_8,frequency_response.csv,108,gain_db,-2.191677,-2.191677,0.0
factory_8,frequency_response.csv,109,time_s,7.327731,7.327731,0.0
factory_8,frequency_response.csv,109,freq_hz,7010.083008,7010.083008,0.0
factory_8,frequency_response.csv,109,gain_db,-2.231697,-2.231697,0.0
factory_8,frequency_response.csv,110,time_s,7.394958,7.394958,0.0
factory_8,frequency_response.csv,110,freq_hz,7397.227539,7397.227539,0.0
factory_8,frequency_response.csv,110,gain_db,-2.323285,-2.323285,0.0
factory_8,frequency_response.csv,111,time_s,7.462185,7.462185,0.0
factory_8,frequency_response.csv,111,freq_hz,7805.752441,7805.752441,0.0
factory_8,frequency_response.csv,111,gain_db,-2.343372,-2.343372,0.0
factory_8,frequency_response.csv,112,time_s,7.529412,7.529412,0.0
factory_8,frequency_response.csv,112,freq_hz,8236.839844,8236.839844,0.0
factory_8,frequency_response.csv,112,gain_db,-2.370088,-2.370088,0.0
factory_8,frequency_response.csv,113,time_s,7.596639,7.596639,0.0
factory_8,frequency_response.csv,113,freq_hz,8691.733398,8691.733398,0.0
factory_8,frequency_response.csv,113,gain_db,-2.448368,-2.448368,0.0
factory_8,frequency_response.csv,114,time_s,7.663866,7.663866,0.0
factory_8,frequency_response.csv,114,freq_hz,9171.75,9171.75,0.0
factory_8,frequency_response.csv,114,gain_db,-2.493932,-2.493932,0.0
factory_8,frequency_response.csv,115,time_s,7.731092,7.731092,0.0
factory_8,frequency_response.csv,115,freq_hz,9678.276367,9678.276367,0.0
factory_8,frequency_response.csv,115,gain_db,-2.513716,-2.513716,0.0
factory_8,frequency_response.csv,116,time_s,7.798319,7.798319,0.0
factory_8,frequency_response.csv,116,freq_hz,10212.776367,10212.776367,0.0
factory_8,frequency_response.csv,116,gain_db,-2.578039,-2.578039,0.0
factory_8,frequency_response.csv,117,time_s,7.865546,7.865546,0.0
factory_8,frequency_response.csv,117,freq_hz,10776.795898,10776.795898,0.0
factory_8,frequency_response.csv,117,gain_db,-2.62797,-2.62797,0.0
factory_8,frequency_response.csv,118,time_s,7.932773,7.932773,0.0
factory_8,frequency_response.csv,118,freq_hz,11371.962891,11371.962891,0.0
factory_8,frequency_response.csv,118,gain_db,-2.646767,-2.646767,0.0
factory_8,frequency_response.csv,119,time_s,8.0,8.0,0.0
factory_8,frequency_response.csv,119,freq_hz,12000.0,12000.0,0.0
factory_8,frequency_response.csv,119,gain_db,-2.683536,-2.683536,0.0
factory_8,notch_tracking.csv,0,time_s,0.134454,0.134454,0.0
factory_8,notch_tracking.csv,0,freq_hz,22.270071,22.270071,0.0
factory_8,notch_tracking.csv,0,notch_depth_db,-6.630867,-6.630867,0.0
factory_8,notch_tracking.csv,1,time_s,0.336134,0.336134,0.0
factory_8,notch_tracking.csv,1,freq_hz,26.167307,26.167307,0.0
factory_8,notch_tracking.csv,1,notch_depth_db,-6.398611,-6.398611,0.0
factory_8,notch_tracking.csv,2,time_s,0.537815,0.537815,0.0
factory_8,notch_tracking.csv,2,freq_hz,30.746555,30.746555,0.0
factory_8,notch_tracking.csv,2,notch_depth_db,-5.287251,-5.287251,0.0
factory_8,notch_tracking.csv,3,time_s,0.806723,0.806723,0.0
factory_8,notch_tracking.csv,3,freq_hz,38.122353,38.122353,0.0
factory_8,notch_tracking.csv,3,notch_depth_db,-3.904904,-3.904904,0.0
factory_8,notch_tracking.csv,4,time_s,1.008403,1.008403,0.0
factory_8,notch_tracking.csv,4,freq_hz,44.79372,44.79372,0.0
factory_8,notch_tracking.csv,4,notch_depth_db,-2.876614,-2.876614,0.0
factory_8,notch_tracking.csv,5,time_s,1.210084,1.210084,0.0
factory_8,notch_tracking.csv,5,freq_hz,52.632568,52.632568,0.0
factory_8,notch_tracking.csv,5,notch_depth_db,-2.483642,-2.483642,0.0
factory_8,notch_tracking.csv,6,time_s,1.344538,1.344538,0.0
factory_8,notch_tracking.csv,6,freq_hz,58.606552,58.606552,0.0
factory_8,notch_tracking.csv,6,notch_depth_db,-2.66997,-2.66997,0.0
factory_8,notch_tracking.csv,7,time_s,1.546218,1.546218,0.0
factory_8,notch_tracking.csv,7,freq_hz,68.862625,68.862625,0.0
factory_8,notch_tracking.csv,7,notch_depth_db,-3.333979,-3.333979,0.0
factory_8,notch_tracking.csv,8,time_s,1.747899,1.747899,0.0
factory_8,notch_tracking.csv,8,freq_hz,80.913506,80.913506,0.0
factory_8,notch_tracking.csv,8,notch_depth_db,-3.8848,-3.8848,0.0
factory_8,notch_tracking.csv,9,time_s,2.016807,2.016807,0.0
factory_8,notch_tracking.csv,9,freq_hz,100.323875,100.323875,0.0
factory_8,notch_tracking.csv,9,notch_depth_db,-4.753853,-4.753853,0.0
factory_8,notch_tracking.csv,10,time_s,2.218488,2.218488,0.0
factory_8,notch_tracking.csv,10,freq_hz,117.880432,117.880432,0.0
factory_8,notch_tracking.csv,10,notch_depth_db,-6.277628,-6.277628,0.0
factory_8,notch_tracking.csv,11,time_s,2.420168,2.420168,0.0
factory_8,notch_tracking.csv,11,freq_hz,138.509369,138.509369,0.0
factory_8,notch_tracking.csv,11,notch_depth_db,-7.477885,-7.477885,0.0
factory_8,notch_tracking.csv,12,time_s,2.621849,2.621849,0.0
factory_8,notch_tracking.csv,12,freq_hz,162.748337,162.748337,0.0
factory_8,notch_tracking.csv,12,notch_depth_db,-7.97437,-7.97437,0.0
factory_8,notch_tracking.csv,13,time_s,2.823529,2.823529,0.0
factory_8,notch_tracking.csv,13,freq_hz,191.229095,191.229095,0.0
factory_8,notch_tracking.csv,13,notch_depth_db,-7.985163,-7.985163,0.0
factory_8,notch_tracking.csv,14,time_s,3.02521,3.02521,0.0
factory_8,notch_tracking.csv,14,freq_hz,224.69397,224.69397,0.0
factory_8,notch_tracking.csv,14,notch_depth_db,-7.832335,-7.832335,0.0
factory_8,notch_tracking.csv,15,time_s,3.159664,3.159664,0.0
factory_8,notch_tracking.csv,15,freq_hz,250.19754,250.19754,0.0
factory_8,notch_tracking.csv,15,notch_depth_db,-7.854841,-7.854841,0.0
factory_8,notch_tracking.csv,16,time_s,3.361345,3.361345,0.0
factory_8,notch_tracking.csv,16,freq_hz,293.981812,293.981812,0.0
factory_8,notch_tracking.csv,16,notch_depth_db,-7.98301,-7.98301,0.0
factory_8,notch_tracking.csv,17,time_s,3.630252,3.630252,0.0
factory_8,notch_tracking.csv,17,freq_hz,364.505157,364.505157,0.0
factory_8,notch_tracking.csv,17,notch_depth_db,-7.366759,-7.366759,0.0
factory_8,notch_tracking.csv,18,time_s,3.831933,3.831933,0.0
factory_8,notch_tracking.csv,18,freq_hz,428.293121,428.293121,0.0
factory_8,notch_tracking.csv,18,notch_depth_db,-6.980502,-6.980502,0.0
factory_8,notch_tracking.csv,19,time_s,4.033614,4.033614,0.0
factory_8,notch_tracking.csv,19,freq_hz,503.244019,503.244019,0.0
factory_8,notch_tracking.csv,19,notch_depth_db,-6.306601,-6.306601,0.0
factory_8,notch_tracking.csv,20,time_s,4.235294,4.235294,0.0
factory_8,notch_tracking.csv,20,freq_hz,591.311096,591.311096,0.0
factory_8,notch_tracking.csv,20,notch_depth_db,-5.302131,-5.302131,0.0
factory_8,notch_tracking.csv,21,time_s,4.436975,4.436975,0.0
factory_8,notch_tracking.csv,21,freq_hz,694.789795,694.789795,0.0
factory_8,notch_tracking.csv,21,notch_depth_db,-4.148892,-4.148892,0.0
factory_8,notch_tracking.csv,22,time_s,4.705883,4.705883,0.0
factory_8,notch_tracking.csv,22,freq_hz,861.463074,861.463074,0.0
factory_8,notch_tracking.csv,22,notch_depth_db,-3.78273,-3.78273,0.0
factory_8,notch_tracking.csv,23,time_s,4.907563,4.907563,0.0
factory_8,notch_tracking.csv,23,freq_hz,1012.218079,1012.218079,0.0
factory_8,notch_tracking.csv,23,notch_depth_db,-3.349826,-3.349826,0.0
factory_8,notch_tracking.csv,24,time_s,5.109244,5.109244,0.0
factory_8,notch_tracking.csv,24,freq_hz,1189.355103,1189.355103,0.0
factory_8,notch_tracking.csv,24,notch_depth_db,-2.842155,-2.842155,0.0
factory_8,notch_tracking.csv,25,time_s,5.310925,5.310925,0.0
factory_8,notch_tracking.csv,25,freq_hz,1397.490845,1397.490845,0.0
factory_8,notch_tracking.csv,25,notch_depth_db,-2.380106,-2.380106,0.0
factory_8,notch_tracking.csv,26,time_s,5.579832,5.579832,0.0
factory_8,notch_tracking.csv,26,freq_hz,1732.735107,1732.735107,0.0
factory_8,notch_tracking.csv,26,notch_depth_db,-2.160887,-2.160887,0.0
factory_8,notch_tracking.csv,27,time_s,5.781513,5.781513,0.0
factory_8,notch_tracking.csv,27,freq_hz,2035.96167,2035.96167,0.0
factory_8,notch_tracking.csv,27,notch_depth_db,-2.03704,-2.03704,0.0
factory_8,notch_tracking.csv,28,time_s,5.983193,5.983193,0.0
factory_8,notch_tracking.csv,28,freq_hz,2392.252441,2392.252441,0.0
factory_8,notch_tracking.csv,28,notch_depth_db,-1.922522,-1.922522,0.0
factory_8,notch_tracking.csv,29,time_s,6.184874,6.184874,0.0
factory_8,notch_tracking.csv,29,freq_hz,2810.893799,2810.893799,0.0
factory_8,notch_tracking.csv,29,notch_depth_db,-1.847092,-1.847092,0.0
factory_8,thd_vs_drive.csv,0,sine_level_db,-24.0,-24.0,0.0
factory_8,thd_vs_drive.csv,0,thd_ratio,0.00053,0.00053,0.0
factory_8,thd_vs_drive.csv,0,thd_db,-65.509117,-65.509117,0.0
factory_8,thd_vs_drive.csv,0,broadband_hf_db,-82.685333,-82.685333,0.0
factory_8,thd_vs_drive.csv,1,sine_level_db,-18.0,-18.0,0.0
factory_8,thd_vs_drive.csv,1,thd_ratio,0.001722,0.001722,0.0
factory_8,thd_vs_drive.csv,1,thd_db,-55.278038,-55.278038,0.0
factory_8,thd_vs_drive.csv,1,broadband_hf_db,-82.686684,-82.686684,0.0
factory_8,thd_vs_drive.csv,2,sine_level_db,-12.0,-12.0,0.0
factory_8,thd_vs_drive.csv,2,thd_ratio,0.007309,0.007309,0.0
factory_8,thd_vs_drive.csv,2,thd_db,-42.72303,-42.72303,0.0
factory_8,thd_vs_drive.csv,2,broadband_hf_db,-82.675598,-82.675598,0.0
factory_8,thd_vs_drive.csv,3,sine_level_db,-6.0,-6.0,0.0
factory_8,thd_vs_drive.csv,3,thd_ratio,0.032127,0.032127,0.0
factory_8,thd_vs_drive.csv,3,thd_db,-29.862541,-29.862541,0.0
factory_8,thd_vs_drive.csv,3,broadband_hf_db,-82.681412,-82.681412,0.0
factory_8,thd_vs_drive.csv,4,sine_level_db,0.0,0.0,0.0
factory_8,thd_vs_drive.csv,4,thd_ratio,0.102112,0.102112,0.0
factory_8,thd_vs_drive.csv,4,thd_db,-19.818424,-19.818424,0.0
factory_8,thd_vs_drive.csv,4,broadband_hf_db,-82.194786,-82.194786,0.0
factory_9,summary.csv,average_tracked_notch_db,value,-5.596341,-5.596341,0.0
factory_9,summary.csv,deepest_tracked_notch_db,value,-7.593218,-7.593218,0.0
factory_9,summary.csv,guitar_broadband_hf_db,value,-80.159851,-80.159851,0.0
factory_9,summary.csv,guitar_lr_correlation,value,0.999816,0.999816,0.0
factory_9,summary.csv,guitar_mono_fold_db,value,-0.000443,-0.000443,0.0
factory_9,summary.csv,guitar_side_to_mid_db,value,-39.917267,-39.917267,0.0
factory_9,summary.csv,sweep_broadband_hf_db,value,-82.421623,-82.421623,0.0
factory_9,summary.csv,sweep_lr_correlation,value,0.999902,0.999902,0.0
factory_9,summary.csv,sweep_mono_fold_db,value,-0.000213,-0.000213,0.0
factory_9,summary.csv,sweep_side_to_mid_db,value,-43.092209,-43.092209,0.0
factory_9,summary.csv,tracked_notch_count,value,10.0,10.0,0.0
factory_9,summary.csv,tracked_notch_high_hz,value,2810.893799,2810.893799,0.0
factory_9,summary.csv,tracked_notch_low_hz,value,22.270071,22.270071,0.0
factory_9,summary.csv,tracked_notch_span_oct,value,6.979779,6.979779,0.0
factory_9,summary.csv,worst_thd_db,value,-22.404308,-22.404308,0.0
factory_9,frequency_response.csv,0,time_s,0.0,0.0,0.0
factory_9,frequency_response.csv,0,freq_hz,20.0,20.0,0.0
factory_9,frequency_response.csv,0,gain_db,-7.175975,-7.175975,0.0
factory_9,frequency_response.csv,1,time_s,0.067227,0.067227,0.0
factory_9,frequency_response.csv,1,freq_hz,21.104536,21.104536,0.0
factory_9,frequency_response.csv,1,gain_db,-5.520675,-5.520675,0.0
factory_9,frequency_response.csv,2,time_s,0.134454,0.134454,0.0
factory_9,frequency_response.csv,2,freq_hz,22.270071,22.270071,0.0
factory_9,frequency_response.csv,2,gain_db,-5.55617,-5.55617,0.0
factory_9,frequency_response.csv,3,time_s,0.201681,0.201681,0.0
factory_9,frequency_response.csv,3,freq_hz,23.499975,23.499975,0.0
factory_9,frequency_response.csv,3,gain_db,-5.549676,-5.549676,0.0
factory_9,frequency_response.csv,4,time_s,0.268908,0.268908,0.0
factory_9,frequency_response.csv,4,freq_hz,24.797804,24.797804,0.0
factory_9,frequency_response.csv,4,gain_db,-4.805069,-4.805069,0.0
factory_9,frequency_response.csv,5,time_s,0.336134,0.336134,0.0
factory_9,frequency_response.csv,5,freq_hz,26.167307,26.167307,0.0
factory_9,frequency_response.csv,5,gain_db,-5.276599,-5.276599,0.0
factory_9,frequency_response.csv,6,time_s,0.403361,0.403361,0.0
factory_9,frequency_response.csv,6,freq_hz,27.612442,27.612442,0.0
factory_9,frequency_response.csv,6,gain_db,-4.680807,-4.680807,0.0
factory_9,frequency_response.csv,7,time_s,0.470588,0.470588,0.0
factory_9,frequency_response.csv,7,freq_hz,29.13739,29.13739,0.0
factory_9,frequency_response.csv,7,gain_db,-5.23533,-5.23533,0.0
factory_9,frequency_response.csv,8,time_s,0.537815,0.537815,0.0
factory_9,frequency_response.csv,8,freq_hz,30.746555,30.746555,0.0
factory_9,frequency_response.csv,8,gain_db,-5.109756,-5.109756,0.0
factory_9,frequency_response.csv,9,time_s,0.605042,0.605042,0.0
factory_9,frequency_response.csv,9,freq_hz,32.444588,32.444588,0.0
factory_9,frequency_response.csv,9,gain_db,-5.052332,-5.052332,0.0
factory_9,frequency_response.csv,10,time_s,0.672269,0.672269,0.0
factory_9,frequency_response.csv,10,freq_hz,34.236401,34.236401,0.0
factory_9,frequency_response.csv,10,gain_db,-4.67661,-4.67661,0.0
factory_9,frequency_response.csv,11,time_s,0.739496,0.739496,0.0
factory_9,frequency_response.csv,11,freq_hz,36.127167,36.127167,0.0
factory_9,frequency_response.csv,11,gain_db,-4.765679,-4.765679,0.0
factory_9,frequency_response.csv,12,time_s,0.806723,0.806723,0.0
factory_9,frequency_response.csv,12,freq_hz,38.122353,38.122353,0.0
factory_9,frequency_response.csv,12,gain_db,-4.392227,-4.392227,0.0
factory_9,frequency_response.csv,13,time_s,0.87395,0.87395,0.0
factory_9,frequency_response.csv,13,freq_hz,40.22773,40.22773,0.0
factory_9,frequency_response.csv,13,gain_db,-3.596014,-3.596014,0.0
factory_9,frequency_response.csv,14,time_s,0.941177,0.941177,0.0
factory_9,frequency_response.csv,14,freq_hz,42.449379,42.449379,0.0
factory_9,frequency_response.csv,14,gain_db,-3.484824,-3.484824,0.0
factory_9,frequency_response.csv,15,time_s,1.008403,1.008403,0.0
factory_9,frequency_response.csv,15,freq_hz,44.79372,44.79372,0.0
factory_9,frequency_response.csv,15,gain_db,-3.106402,-3.106402,0.0
factory_9,frequency_response.csv,16,time_s,1.07563,1.07563,0.0
factory_9,frequency_response.csv,16,freq_hz,47.267536,47.267536,0.0
factory_9,frequency_response.csv,16,gain_db,-2.923947,-2.923947,0.0
factory_9,frequency_response.csv,17,time_s,1.142857,1.142857,0.0
factory_9,frequency_response.csv,17,freq_hz,49.877968,49.877968,0.0
factory_9,frequency_response.csv,17,gain_db,-3.13093,-3.13093,0.0
factory_9,frequency_response.csv,18,time_s,1.210084,1.210084,0.0
factory_9,frequency_response.csv,18,freq_hz,52.632568,52.632568,0.0
factory_9,frequency_response.csv,18,gain_db,-3.266348,-3.266348,0.0
factory_9,frequency_response.csv,19,time_s,1.277311,1.277311,0.0
factory_9,frequency_response.csv,19,freq_hz,55.539299,55.539299,0.0
factory_9,frequency_response.csv,19,gain_db,-3.591582,-3.591582,0.0
factory_9,frequency_response.csv,20,time_s,1.344538,1.344538,0.0
factory_9,frequency_response.csv,20,freq_hz,58.606552,58.606552,0.0
factory_9,frequency_response.csv,20,gain_db,-3.926394,-3.926394,0.0
factory_9,frequency_response.csv,21,time_s,1.411765,1.411765,0.0
factory_9,frequency_response.csv,21,freq_hz,61.843204,61.843204,0.0
factory_9,frequency_response.csv,21,gain_db,-4.237447,-4.237447,0.0
factory_9,frequency_response.csv,22,time_s,1.478992,1.478992,0.0
factory_9,frequency_response.csv,22,freq_hz,65.258606,65.258606,0.0
factory_9,frequency_response.csv,22,gain_db,-4.388854,-4.388854,0.0
factory_9,frequency_response.csv,23,time_s,1.546218,1.546218,0.0
factory_9,frequency_response.csv,23,freq_hz,68.862625,68.862625,0.0
factory_9,frequency_response.csv,23,gain_db,-4.486948,-4.486948,0.0
factory_9,frequency_response.csv,24,time_s,1.613445,1.613445,0.0
factory_9,frequency_response.csv,24,freq_hz,72.665695,72.665695,0.0
factory_9,frequency_response.csv,24,gain_db,-4.306229,-4.306229,0.0
factory_9,frequency_response.csv,25,time_s,1.680672,1.680672,0.0
factory_9,frequency_response.csv,25,freq_hz,76.678787,76.678787,0.0
factory_9,frequency_response.csv,25,gain_db,-4.219821,-4.219821,0.0
factory_9,frequency_response.csv,26,time_s,1.747899,1.747899,0.0
factory_9,frequency_response.csv,26,freq_hz,80.913506,80.913506,0.0
factory_9,frequency_response.csv,26,gain_db,-3.936556,-3.936556,0.0
factory_9,frequency_response.csv,27,time_s,1.815126,1.815126,0.0
factory_9,frequency_response.csv,27,freq_hz,85.382095,85.382095,0.0
factory_9,frequency_response.csv,27,gain_db,-3.758141,-3.758141,0.0
factory_9,frequency_response.csv,28,time_s,1.882353,1.882353,0.0
factory_9,frequency_response.csv,28,freq_hz,90.097488,90.097488,0.0
factory_9,frequency_response.csv,28,gain_db,-3.605589,-3.605589,0.0
factory_9,frequency_response.csv,29,time_s,1.94958,1.94958,0.0
factory_9,frequency_response.csv,29,freq_hz,95.073273,95.073273,0.0
factory_9,frequency_response.csv,29,gain_db,-3.436459,-3.436459,0.0
factory_9,frequency_response.csv,30,time_s,2.016807,2.016807,0.0
factory_9,frequency_response.csv,30,freq_hz,100.323875,100.323875,0.0
factory_9,frequency_response.csv,30,gain_db,-3.405358,-3.405358,0.0
factory_9,frequency_response.csv,31,time_s,2.084034,2.084034,0.0
factory_9,frequency_response.csv,31,freq_hz,105.864441,105.864441,0.0
factory_9,frequency_response.csv,31,gain_db,-3.463304,-3.463304,0.0
factory_9,frequency_response.csv,32,time_s,2.151261,2.151261,0.0
factory_9,frequency_response.csv,32,freq_hz,111.710999,111.710999,0.0
factory_9,frequency_response.csv,32,gain_db,-3.652406,-3.652406,0.0
factory_9,frequency_response.csv,33,time_s,2.218488,2.218488,0.0
factory_9,frequency_response.csv,33,freq_hz,117.880432,117.880432,0.0
factory_9,frequency_response.csv,33,gain_db,-3.971403,-3.971403,0.0
factory_9,frequency_response.csv,34,time_s,2.285714,2.285714,0.0
factory_9,frequency_response.csv,34,freq_hz,124.390594,124.390594,0.0
factory_9,frequency_response.csv,34,gain_db,-4.493689,-4.493689,0.0
factory_9,frequency_response.csv,35,time_s,2.352941,2.352941,0.0
factory_9,frequency_response.csv,35,freq_hz,131.260284,131.260284,0.0
factory_9,frequency_response.csv,35,gain_db,-5.279325,-5.279325,0.0
factory_9,frequency_response.csv,36,time_s,2.420168,2.420168,0.0
factory_9,frequency_response.csv,36,freq_hz,138.509369,138.509369,0.0
factory_9,frequency_response.csv,36,gain_db,-6.112594,-6.112594,0.0
factory_9,frequency_response.csv,37,time_s,2.487395,2.487395,0.0
factory_9,frequency_response.csv,37,freq_hz,146.158783,146.158783,0.0
factory_9,frequency_response.csv,37,gain_db,-6.9064,-6.9064,0.0
factory_9,frequency_response.csv,38,time_s,2.554622,2.554622,0.0
factory_9,frequency_response.csv,38,freq_hz,154.230667,154.230667,0.0
factory_9,frequency_response.csv,38,gain_db,-7.406471,-7.406471,0.0
factory_9,frequency_response.csv,39,time_s,2.621849,2.621849,0.0
factory_9,frequency_response.csv,39,freq_hz,162.748337,162.748337,0.0
factory_9,frequency_response.csv,39,gain_db,-7.593218,-7.593218,0.0
factory_9,frequency_response.csv,40,time_s,2.689076,2.689076,0.0
factory_9,frequency_response.csv,40,freq_hz,171.73642,171.73642,0.0
factory_9,frequency_response.csv,40,gain_db,-7.499018,-7.499018,0.0
factory_9,frequency_response.csv,41,time_s,2.756303,2.756303,0.0
factory_9,frequency_response.csv,41,freq_hz,181.220856,181.220856,0.0
factory_9,frequency_response.csv,41,gain_db,-7.282042,-7.282042,0.0
factory_9,frequency_response.csv,42,time_s,2.823529,2.823529,0.0
factory_9,frequency_response.csv,42,freq_hz,191.229095,191.229095,0.0
factory_9,frequency_response.csv,42,gain_db,-7.110652,-7.110652,0.0
factory_9,frequency_response.csv,43,time_s,2.890756,2.890756,0.0
factory_9,frequency_response.csv,43,freq_hz,201.79007,201.79007,0.0
factory_9,frequency_response.csv,43,gain_db,-7.051229,-7.051229,0.0
factory_9,frequency_response.csv,44,time_s,2.957983,2.957983,0.0
factory_9,frequency_response.csv,44,freq_hz,212.93428,212.93428,0.0
factory_9,frequency_response.csv,44,gain_db,-7.073156,-7.073156,0.0
factory_9,frequency_response.csv,45,time_s,3.02521,3.02521,0.0
factory_9,frequency_response.csv,45,freq_hz,224.69397,224.69397,0.0
factory_9,frequency_response.csv,45,gain_db,-7.218446,-7.218446,0.0
factory_9,frequency_response.csv,46,time_s,3.092437,3.092437,0.0
factory_9,frequency_response.csv,46,freq_hz,237.103104,237.103104,0.0
factory_9,frequency_response.csv,46,gain_db,-7.384067,-7.384067,0.0
factory_9,frequency_response.csv,47,time_s,3.159664,3.159664,0.0
factory_9,frequency_response.csv,47,freq_hz,250.19754,250.19754,0.0
factory_9,frequency_response.csv,47,gain_db,-7.515757,-7.515757,0.0
factory_9,frequency_response.csv,48,time_s,3.226891,3.226891,0.0
factory_9,frequency_response.csv,48,freq_hz,264.015137,264.015137,0.0
factory_9,frequency_response.csv,48,gain_db,-7.545788,-7.545788,0.0
factory_9,frequency_response.csv,49,time_s,3.294118,3.294118,0.0
factory_9,frequency_response.csv,49,freq_hz,278.595856,278.595856,0.0
factory_9,frequency_response.csv,49,gain_db,-7.48557,-7.48557,0.0
factory_9,frequency_response.csv,50,time_s,3.361345,3.361345,0.0
factory_9,frequency_response.csv,50,freq_hz,293.981812,293.981812,0.0
factory_9,frequency_response.csv,50,gain_db,-7.404136,-7.404136,0.0
factory_9,frequency_response.csv,51,time_s,3.428571,3.428571,0.0
factory_9,frequency_response.csv,51,freq_hz,310.217468,310.217468,0.0
factory_9,frequency_response.csv,51,gain_db,-7.389798,-7.389798,0.0
factory_9,frequency_response.csv,52,time_s,3.495798,3.495798,0.0
factory_9,frequency_response.csv,52,freq_hz,327.349792,327.349792,0.0
factory_9,frequency_response.csv,52,gain_db,-7.449635,-7.449635,0.0
factory_9,frequency_response.csv,53,time_s,3.563025,3.563025,0.0
factory_9,frequency_response.csv,53,freq_hz,345.428284,345.428284,0.0
factory_9,frequency_response.csv,53,gain_db,-7.534637,-7.534637,0.0
factory_9,frequency_response.csv,54,time_s,3.630252,3.630252,0.0
factory_9,frequency_response.csv,54,freq_hz,364.505157,364.505157,0.0
factory_9,frequency_response.csv,54,gain_db,-7.496198,-7.496198,0.0
factory_9,frequency_response.csv,55,time_s,3.697479,3.697479,0.0
factory_9,frequency_response.csv,55,freq_hz,384.63562,384.63562,0.0
factory_9,frequency_response.csv,55,gain_db,-7.201046,-7.201046,0.0
factory_9,frequency_response.csv,56,time_s,3.764706,3.764706,0.0
factory_9,frequency_response.csv,56,freq_hz,405.877808,405.877808,0.0
factory_9,frequency_response.csv,56,gain_db,-6.586449,-6.586449,0.0
factory_9,frequency_response.csv,57,time_s,3.831933,3.831933,0.0
factory_9,frequency_response.csv,57,freq_hz,428.293121,428.293121,0.0
factory_9,frequency_response.csv,57,gain_db,-5.802543,-5.802543,0.0
factory_9,frequency_response.csv,58,time_s,3.89916,3.89916,0.0
factory_9,frequency_response.csv,58,freq_hz,451.946381,451.946381,0.0
factory_9,frequency_response.csv,58,gain_db,-5.058277,-5.058277,0.0
factory_9,frequency_response.csv,59,time_s,3.966387,3.966387,0.0
factory_9,frequency_response.csv,59,freq_hz,476.905945,476.905945,0.0
factory_9,frequency_response.csv,59,gain_db,-4.457986,-4.457986,0.0
factory_9,frequency_response.csv,60,time_s,4.033614,4.033614,0.0
factory_9,frequency_response.csv,60,freq_hz,503.244019,503.244019,0.0
factory_9,frequency_response.csv,60,gain_db,-4.049248,-4.049248,0.0
factory_9,frequency_response.csv,61,time_s,4.100841,4.100841,0.0
factory_9,frequency_response.csv,61,freq_hz,531.03656,531.03656,0.0
factory_9,frequency_response.csv,61,gain_db,-3.770884,-3.770884,0.0
factory_9,frequency_response.csv,62,time_s,4.168067,4.168067,0.0
factory_9,frequency_response.csv,62,freq_hz,560.364014,560.364014,0.0
factory_9,frequency_response.csv,62,gain_db,-3.605084,-3.605084,0.0
factory_9,frequency_response.csv,63,time_s,4.235294,4.235294,0.0
factory_9,frequency_response.csv,63,freq_hz,591.311096,591.311096,0.0
factory_9,frequency_response.csv,63,gain_db,-3.524947,-3.524947,0.0
factory_9,frequency_response.csv,64,time_s,4.302521,4.302521,0.0
factory_9,frequency_response.csv,64,freq_hz,623.967346,623.967346,0.0
factory_9,frequency_response.csv,64,gain_db,-3.531921,-3.531921,0.0
factory_9,frequency_response.csv,65,time_s,4.369748,4.369748,0.0
factory_9,frequency_response.csv,65,freq_hz,658.427063,658.427063,0.0
factory_9,frequency_response.csv,65,gain_db,-3.608041,-3.608041,0.0
factory_9,frequency_response.csv,66,time_s,4.436975,4.436975,0.0
factory_9,frequency_response.csv,66,freq_hz,694.789795,694.789795,0.0
factory_9,frequency_response.csv,66,gain_db,-3.729329,-3.729329,0.0
factory_9,frequency_response.csv,67,time_s,4.504202,4.504202,0.0
factory_9,frequency_response.csv,67,freq_hz,733.160889,733.160889,0.0
factory_9,frequency_response.csv,67,gain_db,-3.942457,-3.942457,0.0
factory_9,frequency_response.csv,68,time_s,4.571429,4.571429,0.0
factory_9,frequency_response.csv,68,freq_hz,773.651001,773.651001,0.0
factory_9,frequency_response.csv,68,gain_db,-4.219038,-4.219038,0.0
factory_9,frequency_response.csv,69,time_s,4.638656,4.638656,0.0
factory_9,frequency_response.csv,69,freq_hz,816.377197,816.377197,0.0
factory_9,frequency_response.csv,69,gain_db,-4.524261,-4.524261,0.0
factory_9,frequency_response.csv,70,time_s,4.705883,4.705883,0.0
factory_9,frequency_response.csv,70,freq_hz,861.463074,861.463074,0.0
factory_9,frequency_response.csv,70,gain_db,-4.789774,-4.789774,0.0
factory_9,frequency_response.csv,71,time_s,4.773109,4.773109,0.0
factory_9,frequency_response.csv,71,freq_hz,909.03894,909.03894,0.0
factory_9,frequency_response.csv,71,gain_db,-4.94275,-4.94275,0.0
factory_9,frequency_response.csv,72,time_s,4.840336,4.840336,0.0
factory_9,frequency_response.csv,72,freq_hz,959.242249,959.242249,0.0
factory_9,frequency_response.csv,72,gain_db,-4.931966,-4.931966,0.0
factory_9,frequency_response.csv,73,time_s,4.907563,4.907563,0.0
factory_9,frequency_response.csv,73,freq_hz,1012.218079,1012.218079,0.0
factory_9,frequency_response.csv,73,gain_db,-4.746331,-4.746331,0.0
factory_9,frequency_response.csv,74,time_s,4.97479,4.97479,0.0
factory_9,frequency_response.csv,74,freq_hz,1068.119629,1068.119629,0.0
factory_9,frequency_response.csv,74,gain_db,-4.441689,-4.441689,0.0
factory_9,frequency_response.csv,75,time_s,5.042017,5.042017,0.0
factory_9,frequency_response.csv,75,freq_hz,1127.108398,1127.108398,0.0
factory_9,frequency_response.csv,75,gain_db,-4.054214,-4.054214,0.0
factory_9,frequency_response.csv,76,time_s,5.109244,5.109244,0.0
factory_9,frequency_response.csv,76,freq_hz,1189.355103,1189.355103,0.0
factory_9,frequency_response.csv,76,gain_db,-3.653898,-3.653898,0.0
factory_9,frequency_response.csv,77,time_s,5.176471,5.176471,0.0
factory_9,frequency_response.csv,77,freq_hz,1255.039307,1255.039307,0.0
factory_9,frequency_response.csv,77,gain_db,-3.33997,-3.33997,0.0
factory_9,frequency_response.csv,78,time_s,5.243698,5.243698,0.0
factory_9,frequency_response.csv,78,freq_hz,1324.351074,1324.351074,0.0
factory_9,frequency_response.csv,78,gain_db,-3.110101,-3.110101,0.0
factory_9,frequency_response.csv,79,time_s,5.310925,5.310925,0.0
factory_9,frequency_response.csv,79,freq_hz,1397.490845,1397.490845,0.0
factory_9,frequency_response.csv,79,gain_db,-2.968589,-2.968589,0.0
factory_9,frequency_response.csv,80,time_s,5.378151,5.378151,0.0
factory_9,frequency_response.csv,80,freq_hz,1474.669678,1474.669678,0.0
factory_9,frequency_response.csv,80,gain_db,-2.888812,-2.888812,0.0
factory_9,frequency_response.csv,81,time_s,5.445378,5.445378,0.0
factory_9,frequency_response.csv,81,freq_hz,1556.110962,1556.110962,0.0
factory_9,frequency_response.csv,81,gain_db,-2.846655,-2.846655,0.0
factory_9,frequency_response.csv,82,time_s,5.512605,5.512605,0.0
factory_9,frequency_response.csv,82,freq_hz,1642.050049,1642.050049,0.0
factory_9,frequency_response.csv,82,gain_db,-2.8247,-2.8247,0.0
factory_9,frequency_response.csv,83,time_s,5.579832,5.579832,0.0
factory_9,frequency_response.csv,83,freq_hz,1732.735107,1732.735107,0.0
factory_9,frequency_response.csv,83,gain_db,-2.814949,-2.814949,0.0
factory_9,frequency_response.csv,84,time_s,5.647059,5.647059,0.0
factory_9,frequency_response.csv,84,freq_hz,1828.428467,1828.428467,0.0
factory_9,frequency_response.csv,84,gain_db,-2.815731,-2.815731,0.0
factory_9,frequency_response.csv,85,time_s,5.714286,5.714286,0.0
factory_9,frequency_response.csv,85,freq_hz,1929.406738,1929.406738,0.0
factory_9,frequency_response.csv,85,gain_db,-2.821784,-2.821784,0.0
factory_9,frequency_response.csv,86,time_s,5.781513,5.781513,0.0
factory_9,frequency_response.csv,86,freq_hz,2035.96167,2035.96167,0.0
factory_9,frequency_response.csv,86,gain_db,-2.836457,-2.836457,0.0
factory_9,frequency_response.csv,87,time_s,5.84874,5.84874,0.0
factory_9,frequency_response.csv,87,freq_hz,2148.401367,2148.401367,0.0
factory_9,frequency_response.csv,87,gain_db,-2.855816,-2.855816,0.0
factory_9,frequency_response.csv,88,time_s,5.915967,5.915967,0.0
factory_9,frequency_response.csv,88,freq_hz,2267.050537,2267.050537,0.0
factory_9,frequency_response.csv,88,gain_db,-2.885687,-2.885687,0.0
factory_9,frequency_response.csv,89,time_s,5.983193,5.983193,0.0
factory_9,frequency_response.csv,89,freq_hz,2392.252441,2392.252441,0.0
factory_9,frequency_response.csv,89,gain_db,-2.926076,-2.926076,0.0
factory_9,frequency_response.csv,90,time_s,6.05042,6.05042,0.0
factory_9,frequency_response.csv,90,freq_hz,2524.368896,2524.368896,0.0
factory_9,frequency_response.csv,90,gain_db,-2.967794,-2.967794,0.0
factory_9,frequency_response.csv,91,time_s,6.117647,6.117647,0.0
factory_9,frequency_response.csv,91,freq_hz,2663.781738,2663.781738,0.0
factory_9,frequency_response.csv,91,gain_db,-3.006745,-3.006745,0.0
factory_9,frequency_response.csv,92,time_s,6.184874,6.184874,0.0
factory_9,frequency_response.csv,92,freq_hz,2810.893799,2810.893799,0.0
factory_9,frequency_response.csv,92,gain_db,-3.026294,-3.026294,0.0
factory_9,frequency_response.csv,93,time_s,6.252101,6.252101,0.0
factory_9,frequency_response.csv,93,freq_hz,2966.130371,2966.130371,0.0
factory_9,frequency_response.csv,93,gain_db,-3.021179,-3.021179,0.0
factory_9,frequency_response.csv,94,time_s,6.319328,6.319328,0.0
factory_9,frequency_response.csv,94,freq_hz,3129.94043,3129.94043,0.0
factory_9,frequency_response.csv,94,gain_db,-2.993173,-2.993173,0.0
factory_9,frequency_response.csv,95,time_s,6.386555,6.386555,0.0
factory_9,frequency_response.csv,95,freq_hz,3302.796875,3302.796875,0.0
factory_9,frequency_response.csv,95,gain_db,-2.961275,-2.961275,0.0
factory_9,frequency_response.csv,96,time_s,6.453782,6.453782,0.0
factory_9,frequency_response.csv,96,freq_hz,3485.199951,3485.199951,0.0
factory_9,frequency_response.csv,96,gain_db,-2.935578,-2.935578,0.0
factory_9,frequency_response.csv,97,time_s,6.521008,6.521008,0.0
factory_9,frequency_response.csv,97,freq_hz,3677.676025,3677.676025,0.0
factory_9,frequency_response.csv,97,gain_db,-2.926468,-2.926468,0.0
factory_9,frequency_response.csv,98,time_s,6.588235,6.588235,0.0
factory_9,frequency_response.csv,98,freq_hz,3880.782471,3880.782471,0.0
factory_9,frequency_response.csv,98,gain_db,-2.933688,-2.933688,0.0
factory_9,frequency_response.csv,99,time_s,6.655462,6.655462,0.0
factory_9,frequency_response.csv,99,freq_hz,4095.105469,4095.105469,0.0
factory_9,frequency_response.csv,99,gain_db,-2.953786,-2.953786,0.0
factory_9,frequency_response.csv,100,time_s,6.722689,6.722689,0.0
factory_9,frequency_response.csv,100,freq_hz,4321.265137,4321.265137,0.0
factory_9,frequency_response.csv,100,gain_db,-2.979421,-2.979421,0.0
factory_9,frequency_response.csv,101,time_s,6.789916,6.789916,0.0
factory_9,frequency_response.csv,101,freq_hz,4559.914551,4559.914551,0.0
factory_9,frequency_response.csv,101,gain_db,-3.008271,-3.008271,0.0
factory_9,frequency_response.csv,102,time_s,6.857143,6.857143,0.0
factory_9,frequency_response.csv,102,freq_hz,4811.744141,4811.744141,0.0
factory_9,frequency_response.csv,102,gain_db,-3.037752,-3.037752,0.0
factory_9,frequency_response.csv,103,time_s,6.92437,6.92437,0.0
factory_9,frequency_response.csv,103,freq_hz,5077.481445,5077.481445,0.0
factory_9,frequency_response.csv,103,gain_db,-3.067547,-3.067547,0.0
factory_9,frequency_response.csv,104,time_s,6.991597,6.991597,0.0
factory_9,frequency_response.csv,104,freq_hz,5357.894531,5357.894531,0.0
factory_9,frequency_response.csv,104,gain_db,-3.096871,-3.096871,0.0
factory_9,frequency_response.csv,105,time_s,7.058824,7.058824,0.0
factory_9,frequency_response.csv,105,freq_hz,5653.793457,5653.793457,0.0
factory_9,frequency_response.csv,105,gain_db,-3.125442,-3.125442,0.0
factory_9,frequency_response.csv,106,time_s,7.12605,7.12605,0.0
factory_9,frequency_response.csv,106,freq_hz,5966.034668,5966.034668,0.0
factory_9,frequency_response.csv,106,gain_db,-3.153088,-3.153088,0.0
factory_9,frequency_response.csv,107,time_s,7.193277,7.193277,0.0
factory_9,frequency_response.csv,107,freq_hz,6295.519531,6295.519531,0.0
factory_9,frequency_response.csv,107,gain_db,-3.180879,-3.180879,0.0
factory_9,frequency_response.csv,108,time_s,7.260504,7.260504,0.0
factory_9,frequency_response.csv,108,freq_hz,6643.200684,6643.200684,0.0
factory_9,frequency_response.csv,108,gain_db,-3.207647,-3.207647,0.0
factory_9,frequency_response.csv,109,time_s,7.327731,7.327731,0.0
factory_9,frequency_response.csv,109,freq_hz,7010.083008,7010.083008,0.0
factory_9,frequency_response.csv,109,gain_db,-3.233954,-3.233954,0.0
factory_9,frequency_response.csv,110,time_s,7.394958,7.394958,0.0
factory_9,frequency_response.csv,110,freq_hz,7397.227539,7397.227539,0.0
factory_9,frequency_response.csv,110,gain_db,-3.268082,-3.268082,0.0
factory_9,frequency_response.csv,111,time_s,7.462185,7.462185,0.0
factory_9,frequency_response.csv,111,freq_hz,7805.752441,7805.752441,0.0
factory_9,frequency_response.csv,111,gain_db,-3.288089,-3.288089,0.0
factory_9,frequency_response.csv,112,time_s,7.529412,7.529412,0.0
factory_9,frequency_response.csv,112,freq_hz,8236.839844,8236.839844,0.0
factory_9,frequency_response.csv,112,gain_db,-3.3175,-3.3175,0.0
factory_9,frequency_response.csv,113,time_s,7.596639,7.596639,0.0
factory_9,frequency_response.csv,113,freq_hz,8691.733398,8691.733398,0.0
factory_9,frequency_response.csv,113,gain_db,-3.350818,-3.350818,0.0
factory_9,frequency_response.csv,114,time_s,7.663866,7.663866,0.0
factory_9,frequency_response.csv,114,freq_hz,9171.75,9171.75,0.0
factory_9,frequency_response.csv,114,gain_db,-3.385935,-3.385935,0.0
factory_9,frequency_response.csv,115,time_s,7.731092,7.731092,0.0
factory_9,frequency_response.csv,115,freq_hz,9678.276367,9678.276367,0.0
factory_9,frequency_response.csv,115,gain_db,-3.422765,-3.422765,0.0
factory_9,frequency_response.csv,116,time_s,7.798319,7.798319,0.0
factory_9,frequency_response.csv,116,freq_hz,10212.776367,10212.776367,0.0
factory_9,frequency_response.csv,116,gain_db,-3.461845,-3.461845,0.0
factory_9,frequency_response.csv,117,time_s,7.865546,7.865546,0.0
factory_9,frequency_response.csv,117,freq_hz,10776.795898,10776.795898,0.0
factory_9,frequency_response.csv,117,gain_db,-3.49855,-3.49855,0.0
factory_9,frequency_response.csv,118,time_s,7.932773,7.932773,0.0
factory_9,frequency_response.csv,118,freq_hz,11371.962891,11371.962891,0.0
factory_9,frequency_response.csv,118,gain_db,-3.532698,-3.532698,0.0
factory_9,frequency_response.csv,119,time_s,8.0,8.0,0.0
factory_9,frequency_response.csv,119,freq_hz,12000.0,12000.0,0.0
factory_9,frequency_response.csv,119,gain_db,-3.561248,-3.561248,0.0
factory_9,notch_tracking.csv,0,time_s,0.134454,0.134454,0.0
factory_9,notch_tracking.csv,0,freq_hz,22.270071,22.270071,0.0
factory_9,notch_tracking.csv,0,notch_depth_db,-5.55617,-5.55617,0.0
factory_9,notch_tracking.csv,1,time_s,0.336134,0.336134,0.0
factory_9,notch_tracking.csv,1,freq_hz,26.167307,26.167307,0.0
factory_9,notch_tracking.csv,1,notch_depth_db,-5.276599,-5.276599,0.0
factory_9,notch_tracking.csv,2,time_s,0.470588,0.470588,0.0
factory_9,notch_tracking.csv,2,freq_hz,29.13739,29.13739,0.0
factory_9,notch_tracking.csv,2,notch_depth_db,-5.23533,-5.23533,0.0
factory_9,notch_tracking.csv,3,time_s,0.739496,0.739496,0.0
factory_9,notch_tracking.csv,3,freq_hz,36.127167,36.127167,0.0
factory_9,notch_tracking.csv,3,notch_depth_db,-4.765679,-4.765679,0.0
factory_9,notch_tracking.csv,4,time_s,1.546218,1.546218,0.0
factory_9,notch_tracking.csv,4,freq_hz,68.862625,68.862625,0.0
factory_9,notch_tracking.csv,4,notch_depth_db,-4.486948,-4.486948,0.0
factory_9,notch_tracking.csv,5,time_s,2.621849,2.621849,0.0
factory_9,notch_tracking.csv,5,freq_hz,162.748337,162.748337,0.0
factory_9,notch_tracking.csv,5,notch_depth_db,-7.593218,-7.593218,0.0
factory_9,notch_tracking.csv,6,time_s,3.226891,3.226891,0.0
factory_9,notch_tracking.csv,6,freq_hz,264.015137,264.015137,0.0
factory_9,notch_tracking.csv,6,notch_depth_db,-7.545788,-7.545788,0.0
factory_9,notch_tracking.csv,7,time_s,3.563025,3.563025,0.0
factory_9,notch_tracking.csv,7,freq_hz,345.428284,345.428284,0.0
factory_9,notch_tracking.csv,7,notch_depth_db,-7.534637,-7.534637,0.0
factory_9,notch_tracking.csv,8,time_s,4.773109,4.773109,0.0
factory_9,notch_tracking.csv,8,freq_hz,909.03894,909.03894,0.0
factory_9,notch_tracking.csv,8,notch_depth_db,-4.94275,-4.94275,0.0
factory_9,notch_tracking.csv,9,time_s,6.184874,6.184874,0.0
factory_9,notch_tracking.csv,9,freq_hz,2810.893799,2810.893799,0.0
factory_9,notch_tracking.csv,9,notch_depth_db,-3.026294,-3.026294,0.0
factory_9,thd_vs_drive.csv,0,sine_level_db,-24.0,-24.0,0.0
factory_9,thd_vs_drive.csv,0,thd_ratio,0.000239,0.000239,0.0
factory_9,thd_vs_drive.csv,0,thd_db,-72.446304,-72.446304,0.0
factory_9,thd_vs_drive.csv,0,broadband_hf_db,-82.680328,-82.680328,0.0
factory_9,thd_vs_drive.csv,1,sine_level_db,-18.0,-18.0,0.0
factory_9,thd_vs_drive.csv,1,thd_ratio,0.001031,0.001031,0.0
factory_9,thd_vs_drive.csv,1,thd_db,-59.735775,-59.735775,0.0
factory_9,thd_vs_drive.csv,1,broadband_hf_db,-82.67794,-82.67794,0.0
factory_9,thd_vs_drive.csv,2,sine_level_db,-12.0,-12.0,0.0
factory_9,thd_vs_drive.csv,2,thd_ratio,0.004758,0.004758,0.0
factory_9,thd_vs_drive.csv,2,thd_db,-46.451378,-46.451378,0.0
factory_9,thd_vs_drive.csv,2,broadband_hf_db,-82.683395,-82.683395,0.0
factory_9,thd_vs_drive.csv,3,sine_level_db,-6.0,-6.0,0.0
factory_9,thd_vs_drive.csv,3,thd_ratio,0.021739,0.021739,0.0
factory_9,thd_vs_drive.csv,3,thd_db,-33.255165,-33.255165,0.0
factory_9,thd_vs_drive.csv,3,broadband_hf_db,-82.683243,-82.683243,0.0
factory_9,thd_vs_drive.csv,4,sine_level_db,0.0,0.0,0.0
factory_9,thd_vs_drive.csv,4,thd_ratio,0.07582,0.07582,0.0
factory_9,thd_vs_drive.csv,4,thd_db,-22.404308,-22.404308,0.0
factory_9,thd_vs_drive.csv,4,broadband_hf_db,-82.795685,-82.795685,0.0
