preset,time_s,phase,branch,frequency_hz,depth_db,corner1_hz,corner2_hz,corner3_hz,corner4_hz
0,0,0.0010289,1,103.946,-16.8078,20,20,203.395,20.3956
0,0.00943311,0.00838667,1,103.014,-16.8118,20,20,200.153,20.0067
0,0.0188662,0.0157444,1,102.09,-16.8061,20,20,197.432,20
0,0.0282993,0.0231022,1,102.09,-16.8052,20,20,195.073,20
0,0.0377324,0.0304601,1,101.175,-16.8032,20,20,192.992,20
0,0.0471655,0.0378178,1,101.175,-16.8008,20,20,191.189,20
0,0.0565986,0.0451756,1,100.268,-16.7986,20,20,189.665,20
0,0.0660317,0.0525334,1,100.268,-16.799,20,20,188.425,20
0,0.0754649,0.0598912,1,100.268,-16.7969,20,20,187.473,20
0,0.084898,0.0672489,1,100.268,-16.7936,20,20,186.801,20
0,0.0943311,0.0746067,1,99.3686,-16.7928,20,20,186.411,20
0,0.103764,0.0819645,1,99.3686,-16.7924,20,20,186.55,20
0,0.113197,0.0893223,1,100.268,-16.7972,20,20,187.63,20
0,0.12263,0.0966801,1,100.268,-16.7987,20,20,189.359,20
0,0.132063,0.104038,1,101.175,-16.8022,20,20,191.617,20
0,0.141497,0.111396,1,102.09,-16.8021,20,20,194.337,20
0,0.15093,0.118753,1,102.09,-16.8064,20,20,197.471,20
0,0.160363,0.126111,1,103.014,-16.8068,20,20,201.199,20.1317
0,0.169796,0.133469,1,104.886,-16.808,20,20,205.57,20.6562
0,0.179229,0.140827,1,106.792,-16.8056,20,20,210.322,21.2256
0,0.188662,0.148185,1,108.733,-16.8026,20,20,215.571,21.8542
0,0.198095,0.155542,1,110.71,-16.8007,20,20,221.725,22.5949
0,0.207528,0.1629,1,112.722,-16.7973,20,20,228.273,23.3827
0,0.216961,0.170258,1,115.809,-16.796,20,20,235.677,24.276
0,0.226395,0.177616,1,117.914,-16.7914,20,20,243.848,25.2634
0,0.235828,0.184973,1,121.143,-16.7922,20,20,252.762,26.3413
0,0.245261,0.192331,1,125.587,-16.79,20,20,262.817,27.5617
0,0.254694,0.199689,1,129.026,-16.7935,20,20,273.676,28.881
0,0.264127,0.207047,1,132.56,-16.7931,20,20,285.91,30.3737
0,0.27356,0.214405,1,137.422,-16.7967,20,20,299.228,31.9999
0,0.282993,0.221762,1,142.463,-16.7995,20,20,313.976,33.8055
0,0.292426,0.22912,1,147.689,-16.8009,20,20,330.348,35.816
0,0.301859,0.236478,1,154.492,-16.8076,20,20,348.042,37.9923
0,0.311293,0.243836,1,161.608,-16.8118,20,20,368.155,40.4765
0,0.320726,0.251194,1,169.051,-16.8188,20,20,390.079,43.1905
0,0.330159,0.258551,1,176.838,-16.8278,20,20,413.955,46.1515
0,0.339592,0.265909,1,184.983,-16.8338,20,20,440.897,49.5055
0,0.349025,0.273267,1,195.254,-16.8455,20,20,470.493,53.1992
0,0.358458,0.280625,1,206.095,-16.8559,20,20,502.9,57.2532
0,0.367891,0.287982,1,219.506,-16.8654,20,20,538.314,61.6928
0,0.377324,0.29534,1,231.694,-16.881,20,20,578.24,66.7163
0,0.386757,0.302698,1,246.771,-16.8942,20,20,622.014,72.2349
0,0.39619,0.310056,1,262.829,-16.9079,20,20,669.909,78.2856
0,0.405624,0.317414,1,279.933,-16.9217,20,20,722.181,84.9025
0,0.415057,0.324771,1,298.149,-16.9339,20,20,779.408,92.1614
0,0.42449,0.332129,1,320.423,-16.9478,20.3264,20,843.2,100.27
0,0.433923,0.339487,1,347.477,-16.9512,21.7925,20,912.564,109.101
0,0.443356,0.346845,1,373.436,-16.9586,23.3756,20,987.771,118.69
0,0.452789,0.354203,1,401.335,-16.9621,25.0825,20,1069.18,129.079
0,0.462222,0.36156,1,435.22,-16.969,26.9111,20,1156.73,140.261
0,0.471655,0.368918,1,467.735,-16.9736,28.9024,20,1252.44,152.5
0,0.481088,0.376276,1,507.227,-16.98,31.0392,20,1355.52,165.689
0,0.490522,0.383634,1,545.121,-16.9851,33.3011,20,1464.93,179.687
0,0.499955,0.390991,1,585.846,-16.989,35.6734,20,1579.95,194.405
0,0.509388,0.398349,1,20.7336,-20.9449,38.1846,20,1702.05,210.027
0,0.509388,0.398349,2,629.614,-16.9932,38.1846,20,1702.05,210.027
0,0.518821,0.405707,1,21.4942,-21.2684,40.8459,20,1831.83,226.629
0,0.518821,0.405707,2,676.652,-16.9981,40.8459,20,1831.83,226.629
0,0.528254,0.413065,1,22.2826,-21.585,43.5816,20,1965.35,243.696
0,0.528254,0.413065,2,727.203,-17.0041,43.5816,20,1965.35,243.696
0,0.537687,0.420423,1,23.1,-21.891,46.3566,20,2101,261.025
0,0.537687,0.420423,2,774.525,-17.0069,46.3566,20,2101,261.025
0,0.54712,0.42778,1,23.9473,-22.1882,49.2881,20,2244.66,279.361
0,0.54712,0.42778,2,832.388,-17.0094,49.2881,20,2244.66,279.361
0,0.556553,0.435138,1,24.6032,-22.4868,52.1762,20,2386.25,297.415
0,0.556553,0.435138,2,878.606,-17.0145,52.1762,20,2386.25,297.415
0,0.565986,0.442496,1,25.277,-22.7618,55.0984,20,2529.59,315.673
0,0.565986,0.442496,2,935.779,-17.0166,55.0984,20,2529.59,315.673
0,0.57542,0.449854,1,25.9692,-23.0233,57.9762,20,2670.93,333.654
0,0.57542,0.449854,2,987.737,-17.019,57.9762,20,2670.93,333.654
0,0.584853,0.457211,1,26.6804,-23.2684,60.7762,20,2808.44,351.13
0,0.584853,0.457211,2,1033.23,-17.0233,60.7762,20,2808.44,351.13
0,0.594286,0.464569,1,27.4111,-23.4809,63.4584,20,2940.17,367.848
0,0.594286,0.464569,2,1080.82,-17.0254,63.4584,20,2940.17,367.848
0,0.603719,0.471927,1,27.9093,-23.6952,66.0072,20,3065.46,383.733
0,0.603719,0.471927,2,1130.61,-17.0268,66.0072,20,3065.46,383.733
0,0.613152,0.479285,1,28.4166,-23.8707,68.2668,20,3176.38,397.78
0,0.613152,0.479285,2,1172.08,-17.0278,68.2668,20,3176.38,397.78
0,0.622585,0.486643,1,28.9331,-24.0259,70.4092,20,3281.71,411.105
0,0.622585,0.486643,2,1204.18,-17.0299,70.4092,20,3281.71,411.105
0,0.632018,0.494,1,29.1949,-24.165,72.2311,20,3371.22,422.417
0,0.632018,0.494,2,1237.16,-17.0312,72.2311,20,3371.22,422.417
0,0.641451,0.501358,1,29.459,-24.2656,73.6889,20,3442.82,431.459
0,0.641451,0.501358,2,1271.04,-17.0304,73.6889,20,3442.82,431.459
0,0.650884,0.508716,1,29.7255,-24.3471,74.7814,20,3496.43,438.227
0,0.650884,0.508716,2,1282.54,-17.0325,74.7814,20,3496.43,438.227
0,0.660317,0.516074,1,29.9944,-24.3943,75.5112,20,3532.17,442.739
0,0.660317,0.516074,2,1294.14,-17.0321,75.5112,20,3532.17,442.739
0,0.669751,0.523432,1,29.9944,-24.4257,75.882,20,3550.39,445.036
0,0.669751,0.523432,2,1305.85,-17.0339,75.882,20,3550.39,445.036
0,0.679184,0.530789,1,29.9944,-24.4281,75.9252,20,3552.51,445.304
0,0.679184,0.530789,2,1305.85,-17.0339,75.9252,20,3552.51,445.304
0,0.688617,0.538147,1,29.9944,-24.4225,75.8478,20,3548.68,444.82
0,0.688617,0.538147,2,1305.85,-17.0338,75.8478,20,3548.68,444.82
0,0.69805,0.545505,1,29.9944,-24.4074,75.6482,20,3538.92,443.59
0,0.69805,0.545505,2,1305.85,-17.032,75.6482,20,3538.92,443.59
0,0.707483,0.552863,1,29.9944,-24.3726,75.3124,20,3522.41,441.507
0,0.707483,0.552863,2,1294.14,-17.0335,75.3124,20,3522.41,441.507
0,0.716916,0.56022,1,29.7255,-24.3483,74.8034,20,3497.5,438.362
0,0.716916,0.56022,2,1282.54,-17.0323,74.8034,20,3497.5,438.362
0,0.726349,0.567578,1,29.7255,-24.2942,74.1062,20,3463.28,434.043
0,0.726349,0.567578,2,1271.04,-17.0324,74.1062,20,3463.28,434.043
0,0.735782,0.574936,1,29.459,-24.2357,73.2032,20,3418.95,428.446
0,0.735782,0.574936,2,1259.64,-17.0318,73.2032,20,3418.95,428.446
0,0.745215,0.582294,1,29.1949,-24.1573,72.0806,20,3363.83,421.483
0,0.745215,0.582294,2,1237.16,-17.0317,72.0806,20,3363.83,421.483
0,0.754649,0.589652,1,28.9331,-24.0567,70.7274,20,3297.38,413.084
0,0.754649,0.589652,2,1215.07,-17.0302,70.7274,20,3297.38,413.084
0,0.764082,0.597009,1,28.6737,-23.9281,69.1362,20,3219.12,403.189
0,0.764082,0.597009,2,1182.68,-17.0295,69.1362,20,3219.12,403.189
0,0.773515,0.604367,1,28.1618,-23.8069,67.4377,20,3135.67,392.627
0,0.773515,0.604367,2,1151.16,-17.028,67.4377,20,3135.67,392.627
0,0.782948,0.611725,1,27.6591,-23.6499,65.5824,20,3044.6,381.089
0,0.782948,0.611725,2,1120.47,-17.0272,65.5824,20,3044.6,381.089
0,0.792381,0.619083,1,27.4111,-23.487,63.5082,20,2942.64,368.161
0,0.792381,0.619083,2,1080.82,-17.025,63.5082,20,2942.64,368.161
0,0.801814,0.626441,1,26.9218,-23.3013,61.3092,20,2834.59,354.45
0,0.801814,0.626441,2,1042.58,-17.0237,61.3092,20,2834.59,354.45
0,0.811247,0.633798,1,26.2042,-23.1162,59.0573,20,2724.07,340.41
0,0.811247,0.633798,2,1005.69,-17.0212,59.0573,20,2724.07,340.41
0,0.82068,0.641156,1,25.7364,-22.901,56.6168,20,2604.1,325.155
0,0.82068,0.641156,2,961.407,-17.0192,56.6168,20,2604.1,325.155
0,0.830113,0.648514,1,25.0503,-22.6811,54.2353,20,2487.27,310.285
0,0.830113,0.648514,2,919.075,-17.0167,54.2353,20,2487.27,310.285
0,0.839546,0.655872,1,24.3826,-22.4323,51.716,20,2363.61,294.53
0,0.839546,0.655872,2,870.728,-17.0142,51.716,20,2363.61,294.53
0,0.84898,0.663229,1,23.9473,-22.1848,49.2616,20,2243.39,279.2
0,0.84898,0.663229,2,824.925,-17.0092,49.2616,20,2243.39,279.2
0,0.858413,0.670587,1,23.1,-21.9255,46.7263,20,2119.09,263.334
0,0.858413,0.670587,2,781.532,-17.0078,46.7263,20,2119.09,263.334
0,0.867846,0.677945,1,22.4842,-21.6685,44.3161,20,2001.32,248.294
0,0.867846,0.677945,2,740.421,-17.0052,44.3161,20,2001.32,248.294
0,0.877279,0.685303,1,21.8848,-21.3875,41.8681,20,1881.64,232.996
0,0.877279,0.685303,2,695.183,-17.0004,41.8681,20,1881.64,232.996
0,0.886712,0.692661,1,21.1105,-21.1099,39.537,20,1767.98,218.461
0,0.886712,0.692661,2,658.614,-16.9954,39.537,20,1767.98,218.461
0,0.896145,0.700018,1,20.5477,-20.8228,37.263,20,1657.27,204.299
0,0.896145,0.700018,2,618.375,-16.9912,37.263,20,1657.27,204.299
0,0.905578,0.707376,1,575.388,-16.9887,35.0344,20,1548.87,190.426
0,0.915011,0.714734,1,540.233,-16.9847,32.9644,20,1448.61,177.599
0,0.924444,0.722092,1,507.227,-16.9778,30.9665,20,1352,165.237
0,0.933878,0.729449,1,471.967,-16.9752,29.0482,20,1259.46,153.397
0,0.943311,0.736807,1,439.158,-16.9687,27.2664,20,1173.79,142.445
0,0.952744,0.744165,1,412.326,-16.9652,25.5926,20,1093.62,132.201
0,0.962177,0.751523,1,383.663,-16.9603,24.0065,20,1017.84,122.526
0,0.97161,0.758881,1,356.993,-16.9533,22.5118,20,946.642,113.441
0,0.981043,0.766238,1,335.182,-16.9513,21.1564,20,882.436,105.265
0,0.990476,0.773596,1,314.703,-16.9443,20,20,822.295,97.6128
0,0.999909,0.780954,1,295.476,-16.9322,20,20,766.187,90.484
0,1.00934,0.788312,1,277.423,-16.9197,20,20,714.428,83.9195
0,1.01878,0.79567,1,262.829,-16.9056,20,20,667.769,78.0149
0,1.02821,0.803027,1,246.771,-16.8939,20,20,624.39,72.5341
0,1.03764,0.810385,1,233.79,-16.8828,20,20,584.168,67.4609
0,1.04707,0.817743,1,221.492,-16.8713,20,20,547.798,62.8864
0,1.05651,0.825101,1,209.841,-16.859,20,20,514.628,58.7241
0,1.06594,0.832458,1,200.601,-16.8503,20,20,483.837,54.8669
0,1.07537,0.839816,1,190.049,-16.8392,20,20,455.797,51.3628
0,1.08481,0.847174,1,181.681,-16.8316,20,20,430.523,48.2139
0,1.09424,0.854532,1,173.681,-16.8234,20,20,406.951,45.282
0,1.10367,0.86189,1,167.536,-16.8176,20,20,385.715,42.6488
0,1.11311,0.869247,1,160.159,-16.8123,20,20,366.35,40.2531
0,1.12254,0.876605,1,154.492,-16.8078,20,20,348.261,38.0193
0,1.13197,0.883963,1,149.025,-16.8037,20,20,332.362,36.0641
0,1.14141,0.891321,1,143.752,-16.8004,20,20,317.293,34.2116
0,1.15084,0.898678,1,138.666,-16.795,20,20,304.004,32.5845
0,1.16027,0.906036,1,134.969,-16.7961,20,20,291.474,31.0514
0,1.16971,0.913394,1,131.371,-16.7939,20,20,280.391,29.6998
0,1.17914,0.920752,1,127.869,-16.7924,20,20,269.894,28.4206
0,1.18857,0.92811,1,124.461,-16.7938,20,20,260.739,27.3101
0,1.198,0.935467,1,121.143,-16.7944,20,20,252.002,26.2489
0,1.20744,0.942825,1,118.981,-16.7935,20,20,244.362,25.3247
0,1.21687,0.950183,1,115.809,-16.7948,20,20,237.265,24.467
0,1.2263,0.957541,1,113.742,-16.7978,20,20,230.668,23.6703
0,1.23574,0.964899,1,111.711,-16.7993,20,20,224.981,22.9861
0,1.24517,0.972256,1,109.717,-16.8003,20,20,219.639,22.344
0,1.2546,0.979614,1,107.758,-16.7997,20,20,214.663,21.7455
0,1.26404,0.986972,1,106.792,-16.8055,20,20,210.493,21.2457
0,1.27347,0.99433,1,105.835,-16.8039,20,20,206.638,20.7833
0,1.2829,0.00168747,1,103.946,-16.8091,20,20,203.091,20.3587
0,1.29234,0.00904524,1,103.014,-16.8115,20,20,199.879,20
0,1.30177,0.016403,1,102.09,-16.8069,20,20,197.208,20
0,1.3112,0.0237608,1,102.09,-16.8046,20,20,194.875,20
0,1.32063,0.0311186,1,101.175,-16.8032,20,20,192.82,20
0,1.33007,0.0384764,1,101.175,-16.8004,20,20,191.042,20
0,1.3395,0.0458342,1,100.268,-16.7987,20,20,189.542,20
0,1.34893,0.053192,1,100.268,-16.799,20,20,188.329,20
0,1.35837,0.0605497,1,100.268,-16.7963,20,20,187.401,20
0,1.3678,0.0679075,1,100.268,-16.7933,20,20,186.755,20
0,1.37723,0.0752653,1,99.3686,-16.7927,20,20,186.39,20
0,1.38667,0.0826231,1,100.268,-16.7925,20,20,186.615,20
0,1.3961,0.0899809,1,100.268,-16.7977,20,20,187.761,20
0,1.40553,0.0973387,1,100.268,-16.7986,20,20,189.541,20
0,1.41497,0.104696,1,101.175,-16.8025,20,20,191.843,20
0,1.4244,0.112054,1,102.09,-16.8034,20,20,194.6,20
0,1.43383,0.119412,1,102.09,-16.8052,20,20,197.77,20
0,1.44327,0.12677,1,103.946,-16.8084,20,20,201.573,20.1762
0,1.4527,0.134128,1,104.886,-16.8065,20,20,205.98,20.7053
0,1.46213,0.141485,1,106.792,-16.8052,20,20,210.764,21.278
0,1.47156,0.148843,1,108.733,-16.803,20,20,216.105,21.9184
0,1.481,0.156201,1,110.71,-16.8001,20,20,222.295,22.6629
0,1.49043,0.163559,1,112.722,-16.7943,20,20,228.885,23.4558
0,1.49986,0.170916,1,115.809,-16.7968,20,20,236.392,24.3621
0,1.5093,0.178274,1,118.981,-16.7941,20,20,244.606,25.3545
0,1.51873,0.185632,1,122.239,-16.7922,20,20,253.644,26.4488
0,1.52816,0.19299,1,125.587,-16.7933,20,20,263.746,27.6747
0,1.5376,0.200348,1,129.026,-16.7943,20,20,274.75,29.0116
0,1.54703,0.207705,1,133.759,-16.794,20,20,287.038,30.5106
0,1.55646,0.215063,1,137.422,-16.7938,20,20,300.52,32.1575
0,1.5659,0.222421,1,142.463,-16.7963,20,20,315.327,33.9712
0,1.57533,0.229779,1,149.025,-16.803,20,20,331.896,36.0065
0,1.58476,0.237137,1,154.492,-16.8073,20,20,349.815,38.2115
0,1.5942,0.244494,1,161.608,-16.814,20,20,369.995,40.7033
0,1.60363,0.251852,1,169.051,-16.8207,20,20,392.167,43.4494
0,1.61306,0.25921,1,176.838,-16.8266,20,20,416.338,46.4484
0,1.62249,0.266568,1,186.656,-16.8373,20,20,443.349,49.8105
0,1.63193,0.273925,1,197.02,-16.8469,20,20,473.268,53.5465
0,1.64136,0.281283,1,207.96,-16.8579,20,20,506.037,57.6463
0,1.65079,0.288641,1,219.506,-16.8695,20,20,541.838,62.1364
0,1.66023,0.295999,1,233.79,-16.8811,20,20,581.856,67.1711
0,1.66966,0.303357,1,249.004,-16.8927,20,20,626.063,72.7454
0,1.67909,0.310714,1,265.207,-16.9069,20,20,674.468,78.8622
0,1.68853,0.318072,1,282.465,-16.9224,20,20,727.304,85.5534
0,1.69796,0.32543,1,300.846,-16.9372,20,20,784.902,92.8595
0,1.70739,0.332788,1,323.322,-16.9488,20.4468,20,848.916,100.998
0,1.71683,0.340146,1,347.477,-16.9527,21.9264,20,918.943,109.914
0,1.72626,0.347503,1,376.815,-16.9582,23.5242,20,994.854,119.593
0,1.73569,0.354861,1,404.966,-16.9641,25.245,20,1076.98,130.075
0,1.74512,0.362219,1,439.158,-16.9681,27.0909,20,1165.36,141.366
0,1.75456,0.369577,1,471.967,-16.9753,29.0797,20,1260.96,153.589
0,1.76399,0.376934,1,511.816,-16.9787,31.2321,20,1364.82,166.877
0,1.77342,0.384292,1,550.053,-16.9859,33.5117,20,1475.12,180.991
0,1.78286,0.39165,1,591.146,-16.9908,35.9014,20,1591.03,195.824
0,1.79229,0.399008,1,20.7336,-20.9659,38.405,20,1712.76,211.398
0,1.79229,0.399008,2,635.31,-16.9955,38.405,20,1712.76,211.398
0,1.80172,0.406366,1,21.6886,-21.289,41.0841,20,1843.41,228.109
0,1.80172,0.406366,2,682.773,-17.0002,41.0841,20,1843.41,228.109
0,1.81116,0.413723,1,22.2826,-21.6048,43.8345,20,1977.74,245.28
0,1.81116,0.413723,2,733.782,-17.0037,43.8345,20,1977.74,245.28
0,1.82059,0.421081,1,23.1,-21.9178,46.6097,20,2113.39,262.606
0,1.82059,0.421081,2,781.532,-17.0083,46.6097,20,2113.39,262.606
0,1.83002,0.428439,1,23.9473,-22.2227,49.5438,20,2257.18,280.957
0,1.83002,0.428439,2,832.388,-17.0118,49.5438,20,2257.18,280.957
0,1.83946,0.435797,1,24.6032,-22.5092,52.4472,20,2399.5,299.105
0,1.83946,0.435797,2,886.554,-17.0151,52.4472,20,2399.5,299.105
0,1.84889,0.443155,1,25.277,-22.7771,55.3488,20,2541.91,317.242
0,1.84889,0.443155,2,935.779,-17.0182,55.3488,20,2541.91,317.242
0,1.85832,0.450512,1,25.9692,-23.0378,58.2368,20,2683.74,335.284
0,1.85832,0.450512,2,987.737,-17.021,58.2368,20,2683.74,335.284
0,1.86776,0.45787,1,26.6804,-23.286,61.0147,20,2820.14,352.616
0,1.86776,0.45787,2,1042.58,-17.0214,61.0147,20,2820.14,352.616
0,1.87719,0.465228,1,27.4111,-23.5086,63.6977,20,2951.98,369.347
0,1.87719,0.465228,2,1090.6,-17.0238,63.6977,20,2951.98,369.347
0,1.88662,0.472586,1,27.9093,-23.7131,66.2218,20,3076,385.068
0,1.88662,0.472586,2,1130.61,-17.0275,66.2218,20,3076,385.068
0,1.89605,0.479943,1,28.4166,-23.8861,68.4544,20,3185.56,398.944
0,1.89605,0.479943,2,1172.08,-17.0293,68.4544,20,3185.56,398.944
0,1.90549,0.487301,1,28.9331,-24.0446,70.5871,20,3290.45,412.21
0,1.90549,0.487301,2,1215.07,-17.0284,70.5871,20,3290.45,412.21
0,1.91492,0.494659,1,29.1949,-24.1747,72.3756,20,3378.36,423.319
0,1.91492,0.494659,2,1237.16,-17.0295,72.3756,20,3378.36,423.319
0,1.92435,0.502017,1,29.459,-24.2708,73.8027,20,3448.35,432.158
0,1.92435,0.502017,2,1271.04,-17.0319,73.8027,20,3448.35,432.158
0,1.93379,0.509375,1,29.7255,-24.3516,74.8617,20,3500.36,438.724
0,1.93379,0.509375,2,1282.54,-17.0317,74.8617,20,3500.36,438.724
0,1.94322,0.516732,1,29.9944,-24.3987,75.5585,20,3534.48,443.03
0,1.94322,0.516732,2,1294.14,-17.0314,75.5585,20,3534.48,443.03
0,1.95265,0.52409,1,29.9944,-24.427,75.8973,20,3551.13,445.13
0,1.95265,0.52409,2,1305.85,-17.0339,75.8973,20,3551.13,445.13
0,1.96209,0.531448,1,29.9944,-24.4285,75.9226,20,3552.37,445.285
0,1.96209,0.531448,2,1305.85,-17.0339,75.9226,20,3552.37,445.285
0,1.97152,0.538806,1,29.9944,-24.4213,75.8342,20,3548.04,444.74
0,1.97152,0.538806,2,1305.85,-17.0338,75.8342,20,3548.04,444.74
0,1.98095,0.546163,1,29.9944,-24.4051,75.6254,20,3537.76,443.444
0,1.98095,0.546163,2,1305.85,-17.0317,75.6254,20,3537.76,443.444
0,1.99039,0.553521,1,29.9944,-24.3708,75.2735,20,3520.53,441.27
0,1.99039,0.553521,2,1294.14,-17.0336,75.2735,20,3520.53,441.27
0,1.99982,0.560879,1,29.7255,-24.3453,74.7497,20,3494.82,438.025
0,1.99982,0.560879,2,1282.54,-17.0328,74.7497,20,3494.82,438.025
0,2.00925,0.568237,1,29.7255,-24.2846,74.0339,20,3459.73,433.595
0,2.00925,0.568237,2,1271.04,-17.0327,74.0339,20,3459.73,433.595
0,2.01868,0.575595,1,29.459,-24.2296,73.1115,20,3414.46,427.878
0,2.01868,0.575595,2,1259.64,-17.0308,73.1115,20,3414.46,427.878
0,2.02812,0.582952,1,29.1949,-24.1474,71.9686,20,3358.35,420.791
0,2.02812,0.582952,2,1237.16,-17.0312,71.9686,20,3358.35,420.791
0,2.03755,0.59031,1,28.9331,-24.0444,70.5951,20,3290.85,412.26
0,2.03755,0.59031,2,1215.07,-17.0286,70.5951,20,3290.85,412.26
0,2.04698,0.597668,1,28.4166,-23.9158,68.982,20,3211.52,402.228
0,2.04698,0.597668,2,1182.68,-17.0295,68.982,20,3211.52,402.228
0,2.05642,0.605026,1,28.1618,-23.7976,67.2797,20,3127.95,391.649
0,2.05642,0.605026,2,1151.16,-17.0284,67.2797,20,3127.95,391.649
0,2.06585,0.612383,1,27.6591,-23.6441,65.4055,20,3035.92,379.989
0,2.06585,0.612383,2,1120.47,-17.0259,65.4055,20,3035.92,379.989
0,2.07528,0.619741,1,27.1654,-23.4724,63.3111,20,2932.97,366.935
0,2.07528,0.619741,2,1080.82,-17.0253,63.3111,20,2932.97,366.935
0,2.08472,0.627099,1,26.6804,-23.2934,61.1151,20,2825.08,353.243
0,2.08472,0.627099,2,1042.58,-17.0229,61.1151,20,2825.08,353.243
0,2.09415,0.634457,1,26.2042,-23.1014,58.8472,20,2713.72,339.094
0,2.09415,0.634457,2,996.673,-17.0205,58.8472,20,2713.72,339.094
0,2.10358,0.641815,1,25.7364,-22.8742,56.3891,20,2592.89,323.729
0,2.10358,0.641815,2,952.788,-17.0182,56.3891,20,2592.89,323.729
0,2.11302,0.649172,1,25.0503,-22.6623,54.0161,20,2476.52,308.916
0,2.11302,0.649172,2,910.834,-17.0161,54.0161,20,2476.52,308.916
0,2.12245,0.65653,1,24.3826,-22.4177,51.4821,20,2352.16,293.07
0,2.12245,0.65653,2,870.728,-17.013,51.4821,20,2352.16,293.07
0,2.13188,0.663888,1,23.7326,-22.1709,49.0404,20,2232.54,277.815
0,2.13188,0.663888,2,824.925,-17.0114,49.0404,20,2232.54,277.815
0,2.14132,0.671246,1,23.1,-21.907,46.4943,20,2107.74,261.884
0,2.14132,0.671246,2,781.532,-17.007,46.4943,20,2107.74,261.884
0,2.15075,0.678604,1,22.4842,-21.643,44.0972,20,1990.6,246.923
0,2.15075,0.678604,2,733.782,-17.0027,44.0972,20,1990.6,246.923
0,2.16018,0.685961,1,21.6886,-21.3598,41.6631,20,1871.65,231.719
0,2.16018,0.685961,2,695.183,-17.0004,41.6631,20,1871.65,231.719
0,2.16961,0.693319,1,21.1105,-21.0864,39.3245,20,1757.58,217.131
0,2.16961,0.693319,2,652.709,-16.9972,39.3245,20,1757.58,217.131
0,2.17905,0.700677,1,20.3635,-20.8,37.0654,20,1647.66,203.07
0,2.17905,0.700677,2,612.83,-16.9931,37.0654,20,1647.66,203.07
0,2.18848,0.708035,1,575.388,-16.9869,34.8506,20,1539.99,189.291
0,2.19791,0.715392,1,535.39,-16.9832,32.777,20,1439.51,176.434
0,2.20735,0.72275,1,502.679,-16.9796,30.7934,20,1343.66,164.171
0,2.21678,0.730108,1,467.735,-16.9739,28.8898,20,1251.85,152.425
0,2.22621,0.737466,1,439.158,-16.9687,27.106,20,1166.07,141.456
0,2.23565,0.744824,1,408.63,-16.9649,25.4457,20,1086.6,131.305
0,2.24508,0.752181,1,380.224,-16.9573,23.8734,20,1011.49,121.715
0,2.25451,0.759539,1,356.993,-16.9549,22.3897,20,940.902,112.71
0,2.26395,0.766897,1,332.177,-16.9496,21.0343,20,876.673,104.531
0,2.27338,0.774255,1,311.881,-16.9449,20,20,817.121,96.9554
0,2.28281,0.781613,1,292.826,-16.9313,20,20,761.543,89.895
0,2.29224,0.78897,1,274.935,-16.9162,20,20,709.911,83.3463
0,2.30168,0.796328,1,260.473,-16.906,20,20,663.642,77.4929
0,2.31111,0.803686,1,246.771,-16.8929,20,20,620.708,72.0696
0,2.32054,0.811044,1,233.79,-16.8793,20,20,580.894,67.0491
0,2.32998,0.818401,1,221.492,-16.8682,20,20,544.571,62.4804
0,2.33941,0.825759,1,209.841,-16.8598,20,20,511.762,58.3642
0,2.34884,0.833117,1,198.803,-16.8487,20,20,481.305,54.5507
0,2.35828,0.840475,1,190.049,-16.8407,20,20,453.317,51.0535
0,2.36771,0.847833,1,181.681,-16.8324,20,20,428.334,47.9414
0,2.37714,0.85519,1,173.681,-16.8248,20,20,405.029,45.0441
0,2.38658,0.862548,1,166.033,-16.8174,20,20,383.841,42.4165
0,2.39601,0.869906,1,160.159,-16.8122,20,20,364.709,40.0511
0,2.40544,0.877264,1,154.492,-16.8041,20,20,346.722,37.8296
0,2.41488,0.884622,1,149.025,-16.8007,20,20,330.973,35.8929
0,2.42431,0.891979,1,143.752,-16.7988,20,20,316.083,34.0632
0,2.43374,0.899337,1,138.666,-16.7973,20,20,302.836,32.442
0,2.44317,0.906695,1,134.969,-16.7942,20,20,290.461,30.9279
0,2.45261,0.914053,1,130.194,-16.7908,20,20,279.421,29.5821
0,2.46204,0.92141,1,126.723,-16.7916,20,20,269.056,28.3194
0,2.47147,0.928768,1,124.461,-16.7914,20,20,259.939,27.2127
0,2.48091,0.936126,1,121.143,-16.7945,20,20,251.243,26.1569
0,2.49034,0.943484,1,117.914,-16.792,20,20,243.711,25.2466
0,2.49977,0.950842,1,115.809,-16.7964,20,20,236.646,24.3927
0,2.50921,0.958199,1,113.742,-16.798,20,20,230.145,23.6086
0,2.51864,0.965557,1,111.711,-16.7995,20,20,224.489,22.9269
0,2.52807,0.972915,1,109.717,-16.8018,20,20,219.177,22.2881
0,2.53751,0.980273,1,107.758,-16.8019,20,20,214.277,21.6989
0,2.54694,0.98763,1,106.792,-16.8051,20,20,210.135,21.2025
0,2.55637,0.994988,1,104.886,-16.8048,20,20,206.307,20.7435
1,0,0.00113934,1,97.5947,-16.7865,20,20,177.572,20
1,0.00870748,0.00880194,1,96.7197,-16.7826,20,20,174.369,20
1,0.017415,0.0164646,1,95.8525,-16.778,20,20,171.567,20
1,0.0261224,0.0241272,1,95.8525,-16.7719,20,20,169.164,20
1,0.0348299,0.0317898,1,94.9932,-16.7735,20,20,167.02,20
1,0.0435374,0.0394524,1,94.1415,-16.7692,20,20,165.119,20
1,0.0522449,0.0471151,1,94.1415,-16.7684,20,20,163.46,20
1,0.0609524,0.0547777,1,93.2974,-16.7645,20,20,162.035,20
1,0.0696599,0.0624403,1,93.2974,-16.7661,20,20,160.903,20
1,0.0783673,0.0701029,1,93.2974,-16.7632,20,20,160.044,20
1,0.0870748,0.0777656,1,93.2974,-16.7594,20,20,159.403,20
1,0.0957823,0.0854282,1,92.4609,-16.7595,20,20,158.979,20
1,0.10449,0.0930908,1,92.4609,-16.7602,20,20,158.802,20
1,0.113197,0.100753,1,93.2974,-16.7585,20,20,159.309,20
1,0.121905,0.108416,1,93.2974,-16.7649,20,20,160.455,20
1,0.130612,0.116079,1,93.2974,-16.7641,20,20,162.13,20
1,0.13932,0.123741,1,94.1415,-16.7702,20,20,164.356,20
1,0.148027,0.131404,1,94.9932,-16.7733,20,20,166.986,20
1,0.156735,0.139067,1,95.8525,-16.7768,20,20,170.047,20
1,0.165442,0.146729,1,96.7197,-16.7812,20,20,173.546,20
1,0.17415,0.154392,1,97.5947,-16.7866,20,20,177.724,20
1,0.182857,0.162054,1,98.4777,-16.7902,20,20,182.33,20
1,0.191565,0.169717,1,100.268,-16.7967,20,20,187.488,20
1,0.200272,0.17738,1,101.175,-16.8024,20,20,193.434,20
1,0.20898,0.185042,1,103.014,-16.8116,20,20,199.815,20
1,0.217687,0.192705,1,105.835,-16.8064,20,20,207.312,20.8643
1,0.226395,0.200368,1,108.733,-16.8019,20,20,215.306,21.8232
1,0.235102,0.20803,1,111.711,-16.7998,20,20,224.585,22.9387
1,0.24381,0.215693,1,114.771,-16.7936,20,20,234.677,24.1547
1,0.252517,0.223355,1,118.981,-16.7942,20,20,246.033,25.5275
1,0.261224,0.231018,1,123.345,-16.7932,20,20,258.743,27.0674
1,0.269932,0.238681,1,127.869,-16.7906,20,20,272.674,28.7592
1,0.278639,0.246343,1,133.759,-16.7954,20,20,288.525,30.6917
1,0.287347,0.254006,1,139.92,-16.7983,20,20,306.164,32.8484
1,0.296054,0.261669,1,146.365,-16.8016,20,20,325.69,35.2437
1,0.304762,0.269331,1,154.492,-16.8059,20,20,347.334,37.9053
1,0.313469,0.276994,1,163.07,-16.8118,20,20,372.004,40.952
1,0.322177,0.284656,1,172.124,-16.8222,20,20,399.431,44.3498
1,0.330884,0.292319,1,181.681,-16.8324,20,20,429.952,48.1427
1,0.339592,0.299982,1,193.503,-16.8443,20,20,463.957,52.3823
1,0.348299,0.307644,1,206.095,-16.8566,20,20,501.838,57.1195
1,0.357007,0.315307,1,219.506,-16.8675,20,20,543.998,62.4086
1,0.365714,0.32297,1,235.905,-16.8846,20,20,590.882,68.3061
1,0.374422,0.330632,1,253.53,-16.9002,20,20,643.415,74.934
1,0.383129,0.338295,1,272.47,-16.9149,20,20,701.776,82.3168
1,0.391837,0.345957,1,295.476,-16.9325,20,20,766.43,90.5158
1,0.400544,0.35362,1,320.423,-16.9455,20.2127,20,837.846,99.5897
1,0.409252,0.361283,1,347.477,-16.9536,21.8739,20,916.441,109.595
1,0.417959,0.368945,1,380.224,-16.9573,23.6866,20,1002.62,120.583
1,0.426667,0.376608,1,412.326,-16.9656,25.6577,20,1096.72,132.596
1,0.435374,0.384271,1,451.185,-16.9705,27.7902,20,1199.02,145.671
1,0.444082,0.391933,1,489.279,-16.9777,30.0842,20,1309.42,159.789
1,0.452789,0.399596,1,530.59,-16.9818,32.5307,20,1427.6,174.909
1,0.461497,0.407258,1,580.594,-16.9867,35.121,20,1553.1,190.967
1,0.470204,0.414921,1,20.7336,-20.9058,37.9086,20,1688.62,208.31
1,0.470204,0.414921,2,629.614,-16.9927,37.9086,20,1688.62,208.31
1,0.478912,0.422584,1,21.4942,-21.2645,40.814,20,1830.23,226.424
1,0.478912,0.422584,2,676.652,-16.9988,40.814,20,1830.23,226.424
1,0.487619,0.430246,1,22.2826,-21.6036,43.8093,20,1976.52,245.124
1,0.487619,0.430246,2,733.782,-17.0032,43.8093,20,1976.52,245.124
1,0.496327,0.437909,1,23.1,-21.9339,46.8434,20,2124.86,264.071
1,0.496327,0.437909,2,788.602,-17.0065,46.8434,20,2124.86,264.071
1,0.505034,0.445572,1,23.9473,-22.2622,49.9854,20,2278.81,283.717
1,0.505034,0.445572,2,839.919,-17.0122,49.9854,20,2278.81,283.717
1,0.513741,0.453234,1,24.8257,-22.5776,53.1174,20,2432.44,303.301
1,0.513741,0.453234,2,894.575,-17.0149,53.1174,20,2432.44,303.301
1,0.522449,0.460897,1,25.5056,-22.8536,56.1285,20,2580.1,322.101
1,0.522449,0.460897,2,952.788,-17.0187,56.1285,20,2580.1,322.101
1,0.531156,0.468559,1,26.2042,-23.1207,59.1636,20,2729.26,341.07
1,0.531156,0.468559,2,1005.69,-17.022,59.1636,20,2729.26,341.07
1,0.539864,0.476222,1,26.9218,-23.364,61.9152,20,2864.33,358.226
1,0.539864,0.476222,2,1052.01,-17.0236,61.9152,20,2864.33,358.226
1,0.548571,0.483885,1,27.6591,-23.5742,64.5906,20,2995.87,374.912
1,0.548571,0.483885,2,1100.47,-17.026,64.5906,20,2995.87,374.912
1,0.557279,0.491547,1,28.1618,-23.7626,66.9207,20,3110.3,389.413
1,0.557279,0.491547,2,1140.84,-17.027,66.9207,20,3110.3,389.413
1,0.565986,0.49921,1,28.4166,-23.9124,68.8996,20,3207.44,401.712
1,0.565986,0.49921,2,1182.68,-17.0287,68.8996,20,3207.44,401.712
1,0.574694,0.506873,1,28.9331,-24.0474,70.6281,20,3292.47,412.465
1,0.574694,0.506873,2,1215.07,-17.0291,70.6281,20,3292.47,412.465
1,0.583401,0.514535,1,29.1949,-24.1418,71.9031,20,3355.11,420.382
1,0.583401,0.514535,2,1237.16,-17.0305,71.9031,20,3355.11,420.382
1,0.592109,0.522198,1,29.459,-24.1888,72.7201,20,3395.24,425.451
1,0.592109,0.522198,2,1248.35,-17.032,72.7201,20,3395.24,425.451
1,0.600816,0.52986,1,29.459,-24.2273,73.0781,20,3412.8,427.67
1,0.600816,0.52986,2,1259.64,-17.0303,73.0781,20,3412.8,427.67
1,0.609524,0.537523,1,29.459,-24.2277,73.0912,20,3413.47,427.753
1,0.609524,0.537523,2,1259.64,-17.0305,73.0912,20,3413.47,427.753
1,0.618231,0.545186,1,29.459,-24.2173,72.9898,20,3408.47,427.122
1,0.618231,0.545186,2,1248.35,-17.0301,72.9898,20,3408.47,427.122
1,0.626939,0.552848,1,29.459,-24.1911,72.7437,20,3396.38,425.595
1,0.626939,0.552848,2,1248.35,-17.032,72.7437,20,3396.38,425.595
1,0.635646,0.560511,1,29.1949,-24.1709,72.3173,20,3375.47,422.954
1,0.635646,0.560511,2,1237.16,-17.0303,72.3173,20,3375.47,422.954
1,0.644354,0.568174,1,29.1949,-24.1217,71.6863,20,3344.46,419.035
1,0.644354,0.568174,2,1226.07,-17.0301,71.6863,20,3344.46,419.035
1,0.653061,0.575836,1,28.9331,-24.0649,70.828,20,3302.3,413.708
1,0.653061,0.575836,2,1215.07,-17.0308,70.828,20,3302.3,413.708
1,0.661769,0.583499,1,28.6737,-23.9828,69.7264,20,3248.14,406.86
1,0.661769,0.583499,2,1193.38,-17.03,69.7264,20,3248.14,406.86
1,0.670476,0.591161,1,28.4166,-23.8813,68.3902,20,3182.43,398.547
1,0.670476,0.591161,2,1172.08,-17.029,68.3902,20,3182.43,398.547
1,0.679184,0.598824,1,28.1618,-23.7643,66.9372,20,3111.16,389.522
1,0.679184,0.598824,2,1140.84,-17.0267,66.9372,20,3111.16,389.522
1,0.687891,0.606487,1,27.6591,-23.6351,65.2451,20,3028.04,378.99
1,0.687891,0.606487,2,1110.42,-17.0254,65.2451,20,3028.04,378.99
1,0.696599,0.614149,1,27.1654,-23.4713,63.3026,20,2932.57,366.885
1,0.696599,0.614149,2,1080.82,-17.0252,63.3026,20,2932.57,366.885
1,0.705306,0.621812,1,26.6804,-23.2966,61.2159,20,2830.03,353.872
1,0.705306,0.621812,2,1042.58,-17.0237,61.2159,20,2830.03,353.872
1,0.714014,0.629475,1,26.2042,-23.1135,59.0261,20,2722.49,340.21
1,0.714014,0.629475,2,1005.69,-17.0208,59.0261,20,2722.49,340.21
1,0.722721,0.637137,1,25.7364,-22.9015,56.6122,20,2603.88,325.128
1,0.722721,0.637137,2,961.407,-17.0191,56.6122,20,2603.88,325.128
1,0.731429,0.6448,1,25.0503,-22.6796,54.2265,20,2486.84,310.229
1,0.731429,0.6448,2,919.075,-17.0166,54.2265,20,2486.84,310.229
1,0.740136,0.652462,1,24.3826,-22.4302,51.6717,20,2361.45,294.254
1,0.740136,0.652462,2,870.728,-17.0144,51.6717,20,2361.45,294.254
1,0.748844,0.660125,1,23.7326,-22.1784,49.1621,20,2238.49,278.576
1,0.748844,0.660125,2,824.925,-17.011,49.1621,20,2238.49,278.576
1,0.757551,0.667788,1,23.1,-21.9105,46.5385,20,2109.91,262.161
1,0.757551,0.667788,2,781.532,-17.0077,46.5385,20,2109.91,262.161
1,0.766259,0.67545,1,22.4842,-21.6373,44.0438,20,1988,246.591
1,0.766259,0.67545,2,733.782,-17.0038,44.0438,20,1988,246.591
1,0.774966,0.683113,1,21.6886,-21.3459,41.51,20,1864.15,230.761
1,0.774966,0.683113,2,688.95,-16.9999,41.51,20,1864.15,230.761
1,0.783673,0.690776,1,20.9212,-21.0431,39.0406,20,1743.74,215.36
1,0.783673,0.690776,2,646.857,-16.9968,39.0406,20,1743.74,215.36
1,0.792381,0.698438,1,20.3635,-20.7489,36.6776,20,1628.78,200.655
1,0.792381,0.698438,2,607.336,-16.9912,36.6776,20,1628.78,200.655
1,0.801088,0.706101,1,565.117,-16.9878,34.3638,20,1516.41,186.275
1,0.809796,0.713763,1,525.833,-16.9828,32.1373,20,1408.54,172.469
1,0.818503,0.721426,1,489.279,-16.9778,30.0691,20,1308.7,159.698
1,0.827211,0.729089,1,455.267,-16.9727,28.0913,20,1213.48,147.519
1,0.835918,0.736751,1,423.619,-16.9662,26.2174,20,1123.5,136.018
1,0.844626,0.744414,1,390.637,-16.9606,24.4511,20,1039.01,125.225
1,0.853333,0.752077,1,363.482,-16.9566,22.8283,20,961.705,115.363
1,0.862041,0.759739,1,338.214,-16.9517,21.3183,20,890.118,106.242
1,0.870748,0.767402,1,314.703,-16.9457,20,20,823.648,97.785
1,0.879456,0.775064,1,292.826,-16.9311,20,20,762.192,89.9776
1,0.888163,0.782727,1,274.935,-16.9173,20,20,705.582,82.7989
1,0.896871,0.79039,1,258.138,-16.9024,20,20,654.276,76.3079
1,0.905578,0.798052,1,242.366,-16.8891,20,20,607.631,70.4198
1,0.914286,0.805715,1,227.558,-16.8769,20,20,564.837,65.0301
1,0.922993,0.813377,1,213.655,-16.8631,20,20,525.656,60.1066
1,0.931701,0.82104,1,202.416,-16.8527,20,20,489.805,55.6119
1,0.940408,0.828703,1,191.768,-16.8417,20,20,457.752,51.6073
1,0.949116,0.836365,1,181.681,-16.8325,20,20,428.619,47.9776
1,0.957823,0.844028,1,172.124,-16.8228,20,20,401.941,44.6614
1,0.966531,0.851691,1,164.545,-16.8159,20,20,377.477,41.6274
1,0.975238,0.859353,1,157.3,-16.8091,20,20,355.874,38.9598
1,0.983946,0.867016,1,150.373,-16.8044,20,20,336.063,36.5187
1,0.992653,0.874678,1,143.752,-16.8003,20,20,317.792,34.2726
1,1.00136,0.882341,1,138.666,-16.7968,20,20,301.662,32.2974
1,1.01007,0.890004,1,133.759,-16.7934,20,20,286.844,30.4863
1,1.01878,0.897666,1,129.026,-16.7925,20,20,273.255,28.8302
1,1.02748,0.905329,1,124.461,-16.794,20,20,261.236,27.3697
1,1.03619,0.912992,1,120.057,-16.791,20,20,249.944,25.9999
1,1.0449,0.920654,1,116.857,-16.7947,20,20,240.12,24.813
1,1.05361,0.928317,1,113.742,-16.7975,20,20,230.831,23.69
1,1.06231,0.935979,1,110.71,-16.7981,20,20,222.739,22.7166
1,1.07102,0.943642,1,108.733,-16.8009,20,20,215.063,21.7934
1,1.07973,0.951305,1,105.835,-16.806,20,20,208.435,20.9994
1,1.08844,0.958967,1,103.946,-16.8102,20,20,202.213,20.253
1,1.09714,0.96663,1,102.09,-16.8077,20,20,196.635,20
1,1.10585,0.974293,1,101.175,-16.802,20,20,191.651,20
1,1.11456,0.981955,1,100.268,-16.7945,20,20,187.004,20
1,1.12327,0.989618,1,98.4777,-16.7881,20,20,182.927,20
1,1.13197,0.99728,1,97.5947,-16.7841,20,20,179.289,20
1,1.14068,0.00494307,1,97.5947,-16.7803,20,20,175.948,20
1,1.14939,0.0126057,1,96.7197,-16.7782,20,20,172.879,20
1,1.1581,0.0202683,1,95.8525,-16.7775,20,20,170.34,20
1,1.1668,0.027931,1,94.9932,-16.7739,20,20,168.068,20
1,1.17551,0.0355936,1,94.9932,-16.7693,20,20,166.047,20
1,1.18422,0.0432562,1,94.1415,-16.7703,20,20,164.266,20
1,1.19293,0.0509188,1,94.1415,-16.7645,20,20,162.722,20
1,1.20163,0.0585815,1,93.2974,-16.766,20,20,161.416,20
1,1.21034,0.0662441,1,93.2974,-16.7648,20,20,160.45,20
1,1.21905,0.0739067,1,93.2974,-16.7613,20,20,159.698,20
1,1.22776,0.0815693,1,92.4609,-16.7585,20,20,159.165,20
1,1.23646,0.089232,1,92.4609,-16.7601,20,20,158.852,20
1,1.24517,0.0968946,1,92.4609,-16.7599,20,20,158.945,20
1,1.25388,0.104557,1,93.2974,-16.7624,20,20,159.816,20
1,1.26259,0.11222,1,93.2974,-16.7662,20,20,161.199,20
1,1.27129,0.119882,1,94.1415,-16.7672,20,20,163.183,20
1,1.28,0.127545,1,94.1415,-16.7674,20,20,165.614,20
1,1.28871,0.135208,1,94.9932,-16.7731,20,20,168.454,20
1,1.29741,0.14287,1,95.8525,-16.7778,20,20,171.707,20
1,1.30612,0.150533,1,96.7197,-16.7806,20,20,175.565,20
1,1.31483,0.158196,1,98.4777,-16.7871,20,20,179.964,20
1,1.32354,0.165858,1,99.3686,-16.7947,20,20,184.745,20
1,1.33224,0.173521,1,101.175,-16.7972,20,20,190.389,20
1,1.34095,0.181183,1,102.09,-16.8076,20,20,196.526,20
1,1.34966,0.188846,1,103.946,-16.8071,20,20,203.485,20.4057
1,1.35837,0.196509,1,106.792,-16.8044,20,20,211.18,21.3271
1,1.36707,0.204171,1,109.717,-16.7993,20,20,219.861,22.37
1,1.37578,0.211834,1,113.742,-16.7964,20,20,229.384,23.5162
1,1.38449,0.219497,1,116.857,-16.7945,20,20,240.24,24.8272
1,1.3932,0.227159,1,121.143,-16.7943,20,20,252.052,26.2552
1,1.4019,0.234822,1,125.587,-16.7923,20,20,265.506,27.8889
1,1.41061,0.242484,1,131.371,-16.7939,20,20,280.444,29.7065
1,1.41932,0.250147,1,136.19,-16.7933,20,20,296.918,31.7166
1,1.42803,0.25781,1,143.752,-16.7966,20,20,315.484,33.9901
1,1.43673,0.265472,1,150.373,-16.8047,20,20,336.335,36.5523
1,1.44544,0.273135,1,158.723,-16.8086,20,20,359.465,39.4032
1,1.45415,0.280798,1,167.536,-16.8162,20,20,385.191,42.584
1,1.46286,0.28846,1,176.838,-16.8275,20,20,413.809,46.1334
1,1.47156,0.296123,1,186.656,-16.835,20,20,446.099,50.1535
1,1.48027,0.303785,1,198.803,-16.8473,20,20,482.203,54.6628
1,1.48898,0.311448,1,213.655,-16.8628,20,20,522.394,59.6978
1,1.49769,0.319111,1,227.558,-16.8763,20,20,567.136,65.3185
1,1.50639,0.326773,1,244.559,-16.8924,20,20,616.91,71.5908
1,1.5151,0.334436,1,262.829,-16.9076,20,20,672.166,78.5712
1,1.52381,0.342099,1,285.021,-16.9224,20,20,733.381,86.3236
1,1.53252,0.349761,1,306.314,-16.9411,20,20,801.036,94.9105
1,1.54122,0.357424,1,332.177,-16.9502,21.012,20,875.604,104.394
1,1.54993,0.365086,1,363.482,-16.9553,22.7401,20,957.547,114.832
1,1.55864,0.372749,1,394.171,-16.9622,24.6219,20,1047.17,126.268
1,1.56735,0.380412,1,431.318,-16.968,26.673,20,1145.3,138.802
1,1.57605,0.388074,1,467.735,-16.9738,28.8949,20,1252.09,152.455
1,1.58476,0.395737,1,511.816,-16.9802,31.2825,20,1367.25,167.188
1,1.59347,0.4034,1,555.029,-16.9866,33.8295,20,1490.51,182.962
1,1.60218,0.411062,1,20.1809,-20.7293,36.5182,20,1621.02,199.662
1,1.60218,0.411062,2,601.891,-16.9919,36.5182,20,1621.02,199.662
1,1.61088,0.418725,1,21.1105,-21.0862,39.33,20,1757.87,217.168
1,1.61088,0.418725,2,652.709,-16.9972,39.33,20,1757.87,217.168
1,1.61959,0.426387,1,21.8848,-21.4305,42.2435,20,1899.92,235.333
1,1.61959,0.426387,2,701.472,-17.0006,42.2435,20,1899.92,235.333
1,1.6283,0.43405,1,22.6876,-21.7675,45.3178,20,2050.26,254.545
1,1.6283,0.43405,2,760.698,-17.0053,45.3178,20,2050.26,254.545
1,1.63701,0.441713,1,23.5198,-22.0993,48.4313,20,2202.7,274.007
1,1.63701,0.441713,2,810.199,-17.0082,48.4313,20,2202.7,274.007
1,1.64571,0.449375,1,24.3826,-22.418,51.4989,20,2352.97,293.174
1,1.64571,0.449375,2,870.728,-17.0133,51.4989,20,2352.97,293.174
1,1.65442,0.457038,1,25.277,-22.7171,54.6468,20,2507.47,312.856
1,1.65442,0.457038,2,927.389,-17.0164,54.6468,20,2507.47,312.856
1,1.66313,0.464701,1,25.9692,-22.9953,57.656,20,2655.19,331.654
1,1.66313,0.464701,2,978.882,-17.0206,57.656,20,2655.19,331.654
1,1.67184,0.472363,1,26.6804,-23.2496,60.5712,20,2798.36,349.849
1,1.67184,0.472363,2,1033.23,-17.0222,60.5712,20,2798.36,349.849
1,1.68054,0.480026,1,27.1654,-23.469,63.2777,20,2931.29,366.723
1,1.68054,0.480026,2,1080.82,-17.025,63.2777,20,2931.29,366.723
1,1.68925,0.487688,1,27.9093,-23.6741,65.7923,20,3054.93,382.399
1,1.68925,0.487688,2,1120.47,-17.026,65.7923,20,3054.93,382.399
1,1.69796,0.495351,1,28.4166,-23.8361,67.9356,20,3160.12,395.722
1,1.69796,0.495351,2,1161.57,-17.0288,67.9356,20,3160.12,395.722
1,1.70667,0.503014,1,28.6737,-23.9885,69.8139,20,3252.44,407.403
1,1.70667,0.503014,2,1193.38,-17.0294,69.8139,20,3252.44,407.403
1,1.71537,0.510676,1,28.9331,-24.0908,71.3178,20,3326.38,416.751
1,1.71537,0.510676,2,1226.07,-17.0305,71.3178,20,3326.38,416.751
1,1.72408,0.518339,1,29.1949,-24.1723,72.3655,20,3377.85,423.254
1,1.72408,0.518339,2,1237.16,-17.0297,72.3655,20,3377.85,423.254
1,1.73279,0.526002,1,29.459,-24.2155,72.9547,20,3406.78,426.909
1,1.73279,0.526002,2,1248.35,-17.0305,72.9547,20,3406.78,426.909
1,1.7415,0.533664,1,29.459,-24.2285,73.1026,20,3414.03,427.824
1,1.7415,0.533664,2,1259.64,-17.0307,73.1026,20,3414.03,427.824
1,1.7502,0.541327,1,29.459,-24.2239,73.0565,20,3411.74,427.535
1,1.7502,0.541327,2,1259.64,-17.03,73.0565,20,3411.74,427.535
1,1.75891,0.548989,1,29.459,-24.2069,72.8875,20,3403.47,426.491
1,1.75891,0.548989,2,1248.35,-17.0313,72.8875,20,3403.47,426.491
1,1.76762,0.556652,1,29.1949,-24.181,72.5561,20,3387.19,424.433
1,1.76762,0.556652,2,1248.35,-17.0313,72.5561,20,3387.19,424.433
1,1.77633,0.564315,1,29.1949,-24.1534,72.0303,20,3361.41,421.176
1,1.77633,0.564315,2,1237.16,-17.0315,72.0303,20,3361.41,421.176
1,1.78503,0.571977,1,28.9331,-24.0899,71.289,20,3324.98,416.574
1,1.78503,0.571977,2,1226.07,-17.0301,71.289,20,3324.98,416.574
1,1.79374,0.57964,1,28.9331,-24.0142,70.3125,20,3276.96,410.504
1,1.79374,0.57964,2,1204.18,-17.0304,70.3125,20,3276.96,410.504
1,1.80245,0.587303,1,28.6737,-23.9209,69.0847,20,3216.57,402.867
1,1.80245,0.587303,2,1182.68,-17.0297,69.0847,20,3216.57,402.867
1,1.81116,0.594965,1,28.1618,-23.8222,67.6991,20,3148.51,394.253
1,1.81116,0.594965,2,1161.57,-17.0276,67.6991,20,3148.51,394.253
1,1.81986,0.602628,1,27.9093,-23.7072,66.128,20,3071.41,384.486
1,1.81986,0.602628,2,1130.61,-17.0276,66.128,20,3071.41,384.486
1,1.82857,0.61029,1,27.4111,-23.5558,64.3128,20,2982.21,373.181
1,1.82857,0.61029,2,1100.47,-17.0253,64.3128,20,2982.21,373.181
1,1.83728,0.617953,1,26.9218,-23.3824,62.2453,20,2880.48,360.277
1,1.83728,0.617953,2,1061.53,-17.0245,62.2453,20,2880.48,360.277
1,1.84599,0.625616,1,26.4412,-23.2072,60.1564,20,2778.01,347.264
1,1.84599,0.625616,2,1023.97,-17.0228,60.1564,20,2778.01,347.264
1,1.85469,0.633278,1,25.9692,-23.014,57.856,20,2665.03,332.904
1,1.85469,0.633278,2,978.882,-17.0196,57.856,20,2665.03,332.904
1,1.8634,0.640941,1,25.5056,-22.7859,55.4403,20,2546.39,317.812
1,1.8634,0.640941,2,935.779,-17.0172,55.4403,20,2546.39,317.812
1,1.87211,0.648603,1,24.8257,-22.5635,52.9817,20,2425.77,302.451
1,1.87211,0.648603,2,894.575,-17.016,52.9817,20,2425.77,302.451
1,1.88082,0.656266,1,24.164,-22.3124,50.4206,20,2300.16,286.44
1,1.88082,0.656266,2,847.517,-17.0126,50.4206,20,2300.16,286.44
1,1.88952,0.663929,1,23.5198,-22.0529,47.8786,20,2175.63,270.553
1,1.88952,0.663929,2,802.935,-17.0098,47.8786,20,2175.63,270.553
1,1.89823,0.671591,1,22.6876,-21.7682,45.3169,20,2050.2,254.537
1,1.89823,0.671591,2,760.698,-17.0053,45.3169,20,2050.2,254.537
1,1.90694,0.679254,1,22.0828,-21.493,42.7557,20,1924.98,238.536
1,1.90694,0.679254,2,714.222,-17.0024,42.7557,20,1924.98,238.536
1,1.91565,0.686917,1,21.3015,-21.1986,40.2981,20,1805.1,223.21
1,1.91565,0.686917,2,670.585,-16.9985,40.2981,20,1805.1,223.21
1,1.92435,0.694579,1,20.7336,-20.8953,37.8518,20,1685.88,207.959
1,1.92435,0.694579,2,623.969,-16.9929,37.8518,20,1685.88,207.959
1,1.93306,0.702242,1,585.846,-16.9896,35.4973,20,1571.38,193.308
1,1.94177,0.709904,1,545.121,-16.9854,33.2671,20,1463.3,179.479
1,1.95048,0.717567,1,507.227,-16.9803,31.1136,20,1359.09,166.144
1,1.95918,0.72523,1,471.967,-16.9752,29.0545,20,1259.75,153.434
1,1.96789,0.732892,1,439.158,-16.9695,27.1337,20,1167.44,141.631
1,1.9766,0.740555,1,408.63,-16.9631,25.3382,20,1081.44,130.645
1,1.98531,0.748218,1,376.815,-16.958,23.648,20,1000.77,120.347
1,1.99401,0.75588,1,350.62,-16.9542,22.0653,20,925.481,110.747
1,2.00272,0.763543,1,326.247,-16.9485,20.5895,20,855.584,101.844
1,2.01143,0.771205,1,303.568,-16.939,20,20,792.082,93.7722
1,2.02014,0.778868,1,285.021,-16.9231,20,20,733.813,86.3787
1,2.02884,0.786531,1,265.207,-16.909,20,20,680.089,79.5742
1,2.03755,0.794193,1,249.004,-16.8961,20,20,630.726,73.3334
1,2.04626,0.801856,1,233.79,-16.8823,20,20,585.47,67.6248
1,2.05497,0.809519,1,221.492,-16.8683,20,20,544.626,62.4875
1,2.06367,0.817181,1,207.96,-16.8584,20,20,507.663,57.85
1,2.07238,0.824844,1,197.02,-16.8474,20,20,473.821,53.6152
1,2.08109,0.832506,1,186.656,-16.837,20,20,442.858,49.7499
1,2.0898,0.840169,1,176.838,-16.8282,20,20,414.745,46.2492
1,2.0985,0.847832,1,169.051,-16.8177,20,20,389.683,43.1413
1,2.10721,0.855494,1,160.159,-16.8117,20,20,366.688,40.2951
1,2.11592,0.863157,1,153.106,-16.8066,20,20,345.552,37.6857
1,2.12463,0.87082,1,147.689,-16.7989,20,20,326.839,35.3846
1,2.13333,0.878482,1,141.186,-16.7989,20,20,309.723,33.2843
1,2.14204,0.886145,1,136.19,-16.7942,20,20,293.873,31.3443
1,2.15075,0.893807,1,131.371,-16.7928,20,20,280.031,29.6557
1,2.15946,0.90147,1,126.723,-16.7935,20,20,267.13,28.0859
1,2.16816,0.909133,1,122.239,-16.7936,20,20,255.543,26.6793
1,2.17687,0.916795,1,118.981,-16.7949,20,20,245.017,25.4041
1,2.18558,0.924458,1,115.809,-16.7953,20,20,235.408,24.2428
1,2.19429,0.932121,1,112.722,-16.7981,20,20,226.768,23.2014
1,2.20299,0.939783,1,109.717,-16.802,20,20,218.876,22.2525
1,2.2117,0.947446,1,106.792,-16.8019,20,20,211.712,21.3913
1,2.22041,0.955108,1,104.886,-16.8086,20,20,205.298,20.6231
1,2.22912,0.962771,1,103.014,-16.8104,20,20,199.266,20
1,2.23782,0.970434,1,102.09,-16.801,20,20,194.118,20
1,2.24653,0.978096,1,100.268,-16.7989,20,20,189.304,20
1,2.25524,0.985759,1,99.3686,-16.7952,20,20,184.869,20
1,2.26395,0.993422,1,98.4777,-16.7907,20,20,181.082,20
1,2.27265,0.00108421,1,97.5947,-16.7864,20,20,177.595,20
2,0,0.0017584,1,110.71,-16.8002,20,20,221.119,22.5223
2,0.00580499,0.00942099,1,108.733,-16.8029,20,20,215.864,21.8895
2,0.01161,0.0170836,1,106.792,-16.8038,20,20,211.33,21.3456
2,0.017415,0.0247462,1,105.835,-16.8061,20,20,207.237,20.8555
2,0.02322,0.0324088,1,103.946,-16.8071,20,20,203.485,20.4061
2,0.0290249,0.0400714,1,103.014,-16.8117,20,20,200.074,20
2,0.0348299,0.047734,1,102.09,-16.8068,20,20,197.215,20
2,0.0406349,0.0553966,1,102.09,-16.804,20,20,194.723,20
2,0.0464399,0.0630592,1,101.175,-16.8034,20,20,192.527,20
2,0.0522449,0.0707217,1,101.175,-16.7984,20,20,190.629,20
2,0.0580499,0.0783843,1,100.268,-16.7992,20,20,189.037,20
2,0.0638549,0.0860469,1,100.268,-16.7975,20,20,187.744,20
2,0.0696599,0.0937095,1,100.268,-16.7932,20,20,186.75,20
2,0.0754649,0.101372,1,99.3686,-16.7941,20,20,186.056,20
2,0.0812698,0.109035,1,99.3686,-16.7944,20,20,185.73,20
2,0.0870748,0.116697,1,99.3686,-16.7934,20,20,186.313,20
2,0.0928798,0.12436,1,100.268,-16.7983,20,20,187.975,20
2,0.0986848,0.132023,1,101.175,-16.7972,20,20,190.376,20
2,0.10449,0.139685,1,101.175,-16.8026,20,20,193.384,20
2,0.110295,0.147348,1,102.09,-16.8073,20,20,196.935,20
2,0.1161,0.15501,1,103.014,-16.8067,20,20,201.201,20.1326
2,0.121905,0.162673,1,104.886,-16.8051,20,20,206.287,20.7414
2,0.12771,0.170335,1,106.792,-16.8011,20,20,211.869,21.4106
2,0.133515,0.177998,1,109.717,-16.8013,20,20,218.349,22.1887
2,0.13932,0.185661,1,111.711,-16.797,20,20,225.637,23.0658
2,0.145125,0.193323,1,114.771,-16.7972,20,20,233.69,24.0355
2,0.15093,0.200986,1,117.914,-16.7948,20,20,242.917,25.1505
2,0.156735,0.208648,1,121.143,-16.7913,20,20,252.997,26.3698
2,0.16254,0.216311,1,125.587,-16.794,20,20,264.449,27.7603
2,0.168345,0.223974,1,130.194,-16.794,20,20,277.089,29.2977
2,0.17415,0.231636,1,134.969,-16.7956,20,20,291.096,31.0048
2,0.179955,0.239299,1,139.92,-16.7976,20,20,306.961,32.9464
2,0.18576,0.246961,1,146.365,-16.8015,20,20,324.319,35.0747
2,0.191565,0.254624,1,153.106,-16.806,20,20,343.731,37.4624
2,0.19737,0.262287,1,160.159,-16.8128,20,20,365.603,40.1613
2,0.203175,0.269949,1,169.051,-16.8178,20,20,389.715,43.145
2,0.20898,0.277612,1,176.838,-16.8266,20,20,416.373,46.453
2,0.214785,0.285274,1,188.345,-16.8353,20,20,446.277,50.1746
2,0.22059,0.292937,1,198.803,-16.8495,20,20,479.817,54.3635
2,0.226395,0.3006,1,211.739,-16.8611,20,20,516.979,59.0189
2,0.2322,0.308262,1,225.518,-16.8746,20,20,558.189,64.1933
2,0.238005,0.315925,1,240.193,-16.8885,20,20,603.877,69.9461
2,0.24381,0.323587,1,258.138,-16.9026,20,20,654.454,76.3303
2,0.249615,0.33125,1,277.423,-16.916,20,20,710.433,83.4127
2,0.25542,0.338913,1,298.149,-16.933,20,20,773.083,91.3595
2,0.261224,0.346575,1,320.423,-16.9482,20.3054,20,842.234,100.148
2,0.267029,0.354238,1,347.477,-16.953,21.9142,20,918.337,109.837
2,0.272834,0.3619,1,376.815,-16.957,23.6694,20,1001.8,120.479
2,0.278639,0.369563,1,412.326,-16.9648,25.5796,20,1093.02,132.124
2,0.284444,0.377226,1,447.14,-16.9715,27.6524,20,1192.36,144.819
2,0.290249,0.384888,1,484.892,-16.9762,29.888,20,1299.94,158.576
2,0.296054,0.392551,1,530.59,-16.9804,32.2827,20,1415.59,173.372
2,0.301859,0.400213,1,575.388,-16.9874,34.8632,20,1540.58,189.366
2,0.307664,0.407876,1,20.5477,-20.8738,37.6298,20,1675.09,206.579
2,0.307664,0.407876,2,623.969,-16.9933,37.6298,20,1675.09,206.579
2,0.313469,0.415538,1,21.4942,-21.2318,40.5396,20,1816.9,224.719
2,0.313469,0.415538,2,676.652,-16.9967,40.5396,20,1816.9,224.719
2,0.319274,0.423201,1,22.2826,-21.5848,43.5736,20,1964.96,243.647
2,0.319274,0.423201,2,727.203,-17.0041,43.5736,20,1964.96,243.647
2,0.325079,0.430864,1,23.1,-21.9238,46.6909,20,2117.37,263.115
2,0.325079,0.430864,2,781.532,-17.0082,46.6909,20,2117.37,263.115
2,0.330884,0.438526,1,23.9473,-22.263,49.9757,20,2278.36,283.659
2,0.330884,0.438526,2,839.919,-17.0123,49.9757,20,2278.36,283.659
2,0.336689,0.446189,1,24.8257,-22.5931,53.3062,20,2441.7,304.481
2,0.336689,0.446189,2,902.668,-17.0156,53.3062,20,2441.7,304.481
2,0.342494,0.453851,1,25.7364,-22.8957,56.5721,20,2601.87,324.872
2,0.342494,0.453851,2,961.407,-17.0187,56.5721,20,2601.87,324.872
2,0.348299,0.461514,1,26.4412,-23.195,59.945,20,2767.64,345.946
2,0.348299,0.461514,2,1014.79,-17.0201,59.945,20,2767.64,345.946
2,0.354104,0.469177,1,27.1654,-23.462,63.1452,20,2924.78,365.897
2,0.354104,0.469177,2,1080.82,-17.0232,63.1452,20,2924.78,365.897
2,0.359909,0.476839,1,27.9093,-23.718,66.283,20,3078.99,385.447
2,0.359909,0.476839,2,1130.61,-17.0272,66.283,20,3078.99,385.447
2,0.365714,0.484502,1,28.6737,-23.9296,69.1531,20,3219.94,403.293
2,0.365714,0.484502,2,1182.68,-17.0295,69.1531,20,3219.94,403.293
2,0.371519,0.492164,1,29.1949,-24.1422,71.9048,20,3355.19,420.392
2,0.371519,0.492164,2,1237.16,-17.0305,71.9048,20,3355.19,420.392
2,0.377324,0.499827,1,29.7255,-24.3077,74.2512,20,3470.4,434.943
2,0.377324,0.499827,2,1271.04,-17.0309,74.2512,20,3470.4,434.943
2,0.383129,0.50749,1,29.9944,-24.4462,76.2546,20,3568.67,447.341
2,0.383129,0.50749,2,1317.66,-17.0317,76.2546,20,3568.67,447.341
2,0.388934,0.515152,1,30.5396,-24.557,77.9709,20,3653.03,457.97
2,0.388934,0.515152,2,1341.61,-17.035,77.9709,20,3653.03,457.97
2,0.394739,0.522815,1,30.8159,-24.6349,79.2125,20,3713.96,465.644
2,0.394739,0.522815,2,1366,-17.0357,79.2125,20,3713.96,465.644
2,0.400544,0.530477,1,30.8159,-24.6993,79.9745,20,3751.34,470.349
2,0.400544,0.530477,2,1378.36,-17.0361,79.9745,20,3751.34,470.349
2,0.406349,0.53814,1,30.8159,-24.7147,80.2622,20,3765.45,472.125
2,0.406349,0.53814,2,1378.36,-17.0338,80.2622,20,3765.45,472.125
2,0.412154,0.545803,1,30.8159,-24.7156,80.2571,20,3765.24,472.098
2,0.412154,0.545803,2,1378.36,-17.0339,80.2571,20,3765.24,472.098
2,0.417959,0.553465,1,30.8159,-24.7104,80.148,20,3759.89,471.425
2,0.417959,0.553465,2,1378.36,-17.0352,80.148,20,3759.89,471.425
2,0.423764,0.561128,1,30.8159,-24.6969,79.9034,20,3747.91,469.917
2,0.423764,0.561128,2,1378.36,-17.0361,79.9034,20,3747.91,469.917
2,0.429569,0.56879,1,30.8159,-24.664,79.4926,20,3727.73,467.378
2,0.429569,0.56879,2,1366,-17.0345,79.4926,20,3727.73,467.378
2,0.435374,0.576453,1,30.5396,-24.6255,78.888,20,3698.08,463.644
2,0.435374,0.576453,2,1353.75,-17.0331,78.888,20,3698.08,463.644
2,0.441179,0.584116,1,30.5396,-24.5671,78.0703,20,3657.91,458.585
2,0.441179,0.584116,2,1341.61,-17.0344,78.0703,20,3657.91,458.585
2,0.446984,0.591778,1,30.2658,-24.5022,77.0209,20,3606.35,452.09
2,0.446984,0.591778,2,1329.58,-17.0335,77.0209,20,3606.35,452.09
2,0.452789,0.599441,1,29.9944,-24.4143,75.7302,20,3542.92,444.095
2,0.452789,0.599441,2,1305.85,-17.033,75.7302,20,3542.92,444.095
2,0.458594,0.607103,1,29.7255,-24.3172,74.3522,20,3475.36,435.567
2,0.458594,0.607103,2,1282.54,-17.0312,74.3522,20,3475.36,435.567
2,0.464399,0.614766,1,29.459,-24.1909,72.7391,20,3396.18,425.57
2,0.464399,0.614766,2,1248.35,-17.032,72.7391,20,3396.18,425.57
2,0.470204,0.622429,1,28.9331,-24.0691,70.8821,20,3304.96,414.044
2,0.470204,0.622429,2,1215.07,-17.0309,70.8821,20,3304.96,414.044
2,0.476009,0.630091,1,28.4166,-23.9062,68.7771,20,3201.44,400.953
2,0.476009,0.630091,2,1182.68,-17.0269,68.7771,20,3201.44,400.953
2,0.481814,0.637754,1,27.9093,-23.7378,66.6576,20,3097.44,387.784
2,0.481814,0.637754,2,1140.84,-17.0278,66.6576,20,3097.44,387.784
2,0.487619,0.645416,1,27.4111,-23.557,64.3382,20,2983.46,373.339
2,0.487619,0.645416,2,1100.47,-17.0256,64.3382,20,2983.46,373.339
2,0.493424,0.653079,1,26.9218,-23.3578,61.8321,20,2860.24,357.708
2,0.493424,0.653079,2,1052.01,-17.0241,61.8321,20,2860.24,357.708
2,0.499229,0.660742,1,26.4412,-23.1391,59.3666,20,2739.22,342.336
2,0.499229,0.660742,2,1005.69,-17.0208,59.3666,20,2739.22,342.336
2,0.505034,0.668404,1,25.7364,-22.9102,56.7075,20,2608.57,325.724
2,0.505034,0.668404,2,961.407,-17.0198,56.7075,20,2608.57,325.724
2,0.510839,0.676067,1,25.0503,-22.6721,54.1274,20,2481.96,309.608
2,0.510839,0.676067,2,919.075,-17.0148,54.1274,20,2481.96,309.608
2,0.516644,0.683729,1,24.3826,-22.4121,51.4206,20,2349.1,292.68
2,0.516644,0.683729,2,870.728,-17.0116,51.4206,20,2349.1,292.68
2,0.522449,0.691392,1,23.7326,-22.1518,48.8314,20,2222.29,276.507
2,0.522449,0.691392,2,817.529,-17.009,48.8314,20,2222.29,276.507
2,0.528254,0.699054,1,23.1,-21.8656,46.1751,20,2092.13,259.891
2,0.528254,0.699054,2,774.525,-17.0076,46.1751,20,2092.13,259.891
2,0.534059,0.706717,1,22.2826,-21.5923,43.6451,20,1968.51,244.101
2,0.534059,0.706717,2,727.203,-17.0036,43.6451,20,1968.51,244.101
2,0.539864,0.71438,1,21.6886,-21.3003,41.1451,20,1846.43,228.494
2,0.539864,0.71438,2,682.773,-16.9996,41.1451,20,1846.43,228.494
2,0.545669,0.722042,1,20.9212,-21.0095,38.6952,20,1726.89,213.204
2,0.545669,0.722042,2,641.058,-16.9962,38.6952,20,1726.89,213.204
2,0.551474,0.729705,1,20.1809,-20.7177,36.4055,20,1615.58,198.965
2,0.551474,0.729705,2,601.891,-16.9914,36.4055,20,1615.58,198.965
2,0.557279,0.737367,1,560.05,-16.9865,34.1759,20,1507.3,185.109
2,0.563084,0.74503,1,525.833,-16.9803,32.0255,20,1403.1,171.773
2,0.568889,0.752693,1,489.279,-16.9778,30.0476,20,1307.68,159.566
2,0.574694,0.760355,1,455.267,-16.9722,28.1606,20,1216.79,147.943
2,0.580499,0.768018,1,423.619,-16.9661,26.369,20,1130.76,136.945
2,0.586304,0.77568,1,397.737,-16.9603,24.6941,20,1050.61,126.705
2,0.592109,0.783343,1,370.088,-16.9575,23.1561,20,977.348,117.359
2,0.597914,0.791006,1,344.361,-16.9529,21.7111,20,908.738,108.614
2,0.603719,0.798668,1,320.423,-16.9464,20.3604,20,844.789,100.473
2,0.609524,0.806331,1,300.846,-16.937,20,20,785.798,92.9731
2,0.615329,0.813993,1,282.465,-16.922,20,20,732.485,86.2102
2,0.621134,0.821656,1,267.607,-16.9108,20,20,683.024,79.9453
2,0.626939,0.829319,1,251.257,-16.8982,20,20,637.214,74.1523
2,0.632744,0.836981,1,238.04,-16.886,20,20,595.4,68.8764
2,0.638549,0.844644,1,225.518,-16.8741,20,20,557.716,64.1338
2,0.644354,0.852306,1,213.655,-16.8632,20,20,522.817,59.7501
2,0.650159,0.859969,1,202.416,-16.8531,20,20,490.549,55.7051
2,0.655964,0.867632,1,193.503,-16.8415,20,20,461.871,52.1227
2,0.661769,0.875294,1,183.324,-16.8333,20,20,435.399,48.8213
2,0.667574,0.882957,1,175.252,-16.8261,20,20,410.839,45.7637
2,0.673379,0.890619,1,167.536,-16.8172,20,20,389.094,43.0684
2,0.679184,0.898282,1,161.608,-16.8135,20,20,368.936,40.5728
2,0.684989,0.905945,1,154.492,-16.8061,20,20,350.421,38.2872
2,0.690794,0.913607,1,149.025,-16.8028,20,20,333.908,36.2537
2,0.696599,0.92127,1,143.752,-16.7994,20,20,318.364,34.3432
2,0.702404,0.928932,1,139.92,-16.7958,20,20,304.731,32.6727
2,0.708209,0.936595,1,134.969,-16.7959,20,20,291.857,31.0985
2,0.714014,0.944257,1,131.371,-16.7942,20,20,280.485,29.7115
2,0.719819,0.95192,1,127.869,-16.7918,20,20,269.757,28.4038
2,0.725624,0.959583,1,124.461,-16.7929,20,20,260.36,27.2643
2,0.731429,0.967245,1,121.143,-16.7944,20,20,251.428,26.18
2,0.737234,0.974908,1,117.914,-16.7924,20,20,243.652,25.2395
2,0.743039,0.98257,1,115.809,-16.7968,20,20,236.386,24.3616
2,0.748844,0.990233,1,113.742,-16.7974,20,20,229.744,23.5599
2,0.754649,0.997896,1,111.711,-16.7991,20,20,223.914,22.8589
2,0.760454,0.00555825,1,109.717,-16.8017,20,20,218.466,22.2025
2,0.766259,0.0132208,1,107.758,-16.8039,20,20,213.517,21.6079
2,0.772063,0.0208834,1,106.792,-16.8018,20,20,209.26,21.0976
2,0.777868,0.028546,1,104.886,-16.8086,20,20,205.333,20.6277
2,0.783673,0.0362086,1,103.946,-16.8093,20,20,201.752,20.1976
2,0.789478,0.0438712,1,103.014,-16.8085,20,20,198.582,20
2,0.795283,0.0515338,1,102.09,-16.8073,20,20,195.942,20
2,0.801088,0.0591964,1,101.175,-16.802,20,20,193.598,20
2,0.806893,0.066859,1,101.175,-16.8019,20,20,191.547,20
2,0.812698,0.0745216,1,100.268,-16.798,20,20,189.801,20
2,0.818503,0.0821842,1,100.268,-16.7987,20,20,188.358,20
2,0.824308,0.0898468,1,100.268,-16.7956,20,20,187.215,20
2,0.830113,0.0975094,1,99.3686,-16.7932,20,20,186.368,20
2,0.835918,0.105172,1,99.3686,-16.7946,20,20,185.837,20
2,0.841723,0.112835,1,99.3686,-16.7945,20,20,185.838,20
2,0.847528,0.120497,1,100.268,-16.7949,20,20,187.032,20
2,0.853333,0.12816,1,100.268,-16.799,20,20,189.083,20
2,0.859138,0.135822,1,101.175,-16.8025,20,20,191.796,20
2,0.864943,0.143485,1,102.09,-16.8053,20,20,195.081,20
2,0.870748,0.151148,1,103.014,-16.8096,20,20,198.889,20
2,0.876553,0.15881,1,103.946,-16.8062,20,20,203.658,20.4271
2,0.882358,0.166473,1,105.835,-16.8032,20,20,208.992,21.0657
2,0.888163,0.174135,1,108.733,-16.7999,20,20,214.864,21.7694
2,0.893968,0.181798,1,110.71,-16.8008,20,20,221.901,22.6163
2,0.899773,0.189461,1,113.742,-16.7964,20,20,229.466,23.5263
2,0.905578,0.197123,1,116.857,-16.7941,20,20,238.197,24.5808
2,0.911383,0.204786,1,120.057,-16.7938,20,20,247.726,25.732
2,0.917188,0.212448,1,123.345,-16.7935,20,20,258.588,27.0489
2,0.922993,0.220111,1,127.869,-16.7936,20,20,270.369,28.479
2,0.928798,0.227773,1,132.56,-16.7945,20,20,283.947,30.1342
2,0.934603,0.235436,1,137.422,-16.797,20,20,298.72,31.9364
2,0.940408,0.243099,1,142.463,-16.7964,20,20,315.255,33.9619
2,0.946213,0.250761,1,149.025,-16.8029,20,20,333.849,36.2466
2,0.952018,0.258424,1,155.889,-16.8076,20,20,354.279,38.7621
2,0.957823,0.266086,1,164.545,-16.8149,20,20,376.924,41.5588
2,0.963628,0.273749,1,172.124,-16.8214,20,20,402.656,44.7498
2,0.969433,0.281412,1,181.681,-16.8306,20,20,431.092,48.2851
2,0.975238,0.289074,1,193.503,-16.8429,20,20,462.577,52.2099
2,0.981043,0.296737,1,204.247,-16.8543,20,20,497.481,56.5742
2,0.986848,0.304399,1,217.538,-16.8675,20,20,536.388,61.4518
2,0.992653,0.312062,1,231.694,-16.8794,20,20,580.085,66.9481
2,0.998458,0.319725,1,249.004,-16.8959,20,20,628.505,73.0532
2,1.00426,0.327387,1,267.607,-16.9096,20,20,682.144,79.8332
2,1.01007,0.33505,1,287.599,-16.9249,20,20,741.464,87.3486
2,1.01587,0.342712,1,309.085,-16.942,20,20,806.911,95.6577
2,1.02168,0.350375,1,335.182,-16.9491,21.0829,20,878.961,104.821
2,1.02748,0.358038,1,363.482,-16.9557,22.7515,20,958.088,114.902
2,1.03329,0.3657,1,394.171,-16.9623,24.5711,20,1044.73,125.955
2,1.03909,0.373363,1,427.451,-16.9675,26.5697,20,1140.35,138.169
2,1.0449,0.381025,1,467.735,-16.9729,28.7352,20,1244.4,151.473
2,1.0507,0.388688,1,507.227,-16.9803,31.0695,20,1356.97,165.874
2,1.05651,0.396351,1,550.053,-16.9858,33.5714,20,1478.04,181.366
2,1.06231,0.404013,1,20.1809,-20.695,36.231,20,1607.05,197.874
2,1.06231,0.404013,2,596.494,-16.9911,36.231,20,1607.05,197.874
2,1.06812,0.411676,1,20.9212,-21.0426,39.0338,20,1743.39,215.316
2,1.06812,0.411676,2,646.857,-16.9968,39.0338,20,1743.39,215.316
2,1.07392,0.419338,1,21.8848,-21.4039,41.9952,20,1887.84,233.789
2,1.07392,0.419338,2,701.472,-17.0005,41.9952,20,1887.84,233.789
2,1.07973,0.427001,1,22.6876,-21.7559,45.1262,20,2040.91,253.35
2,1.07973,0.427001,2,753.878,-17.0061,45.1262,20,2040.91,253.35
2,1.08553,0.434664,1,23.5198,-22.0943,48.3441,20,2198.39,273.458
2,1.08553,0.434664,2,810.199,-17.0098,48.3441,20,2198.39,273.458
2,1.09134,0.442326,1,24.3826,-22.4247,51.5824,20,2357.07,293.696
2,1.09134,0.442326,2,870.728,-17.0143,51.5824,20,2357.07,293.696
2,1.09714,0.449989,1,25.277,-22.7498,54.9453,20,2522.09,314.718
2,1.09714,0.449989,2,927.389,-17.0171,54.9453,20,2522.09,314.718
2,1.10295,0.457651,1,26.2042,-23.04,58.2773,20,2685.72,335.536
2,1.10295,0.457651,2,987.737,-17.0208,58.2773,20,2685.72,335.536
2,1.10875,0.465314,1,26.9218,-23.3274,61.5156,20,2844.73,355.738
2,1.10875,0.465314,2,1052.01,-17.0213,61.5156,20,2844.73,355.738
2,1.11456,0.472977,1,27.6591,-23.5919,64.7401,20,3003.19,375.84
2,1.11456,0.472977,2,1100.47,-17.0241,64.7401,20,3003.19,375.84
2,1.12036,0.480639,1,28.1618,-23.8229,67.7185,20,3149.5,394.378
2,1.12036,0.480639,2,1161.57,-17.0279,67.7185,20,3149.5,394.378
2,1.12617,0.488302,1,28.9331,-24.0425,70.5677,20,3289.5,412.089
2,1.12617,0.488302,2,1215.07,-17.0281,70.5677,20,3289.5,412.089
2,1.13197,0.495964,1,29.459,-24.228,73.1187,20,3414.82,427.924
2,1.13197,0.495964,2,1259.64,-17.031,73.1187,20,3414.82,427.924
2,1.13778,0.503627,1,29.9944,-24.3697,75.268,20,3520.26,441.235
2,1.13778,0.503627,2,1294.14,-17.0336,75.268,20,3520.26,441.235
2,1.14358,0.511289,1,30.2658,-24.5132,77.1647,20,3613.41,452.979
2,1.14358,0.511289,2,1329.58,-17.0346,77.1647,20,3613.41,452.979
2,1.14939,0.518952,1,30.5396,-24.6121,78.6456,20,3686.18,462.145
2,1.14939,0.518952,2,1353.75,-17.0353,78.6456,20,3686.18,462.145
2,1.15519,0.526615,1,30.8159,-24.676,79.6496,20,3735.44,468.348
2,1.15519,0.526615,2,1378.36,-17.0342,79.6496,20,3735.44,468.348
2,1.161,0.534277,1,30.8159,-24.7114,80.1734,20,3761.12,471.581
2,1.161,0.534277,2,1378.36,-17.0349,80.1734,20,3761.12,471.581
2,1.1668,0.54194,1,30.8159,-24.7159,80.2732,20,3766.03,472.198
2,1.1668,0.54194,2,1378.36,-17.0337,80.2732,20,3766.03,472.198
2,1.17261,0.549602,1,30.8159,-24.7132,80.2178,20,3763.3,471.854
2,1.17261,0.549602,2,1378.36,-17.0344,80.2178,20,3763.3,471.854
2,1.17841,0.557265,1,30.8159,-24.7047,80.0464,20,3754.88,470.795
2,1.17841,0.557265,2,1378.36,-17.0359,80.0464,20,3754.88,470.795
2,1.18422,0.564928,1,30.8159,-24.6841,79.7227,20,3739.01,468.797
2,1.18422,0.564928,2,1378.36,-17.035,79.7227,20,3739.01,468.797
2,1.19002,0.57259,1,30.8159,-24.6365,79.2184,20,3714.27,465.683
2,1.19002,0.57259,2,1366,-17.0357,79.2184,20,3714.27,465.683
2,1.19583,0.580253,1,30.5396,-24.6037,78.5102,20,3679.53,461.308
2,1.19583,0.580253,2,1353.75,-17.0353,78.5102,20,3679.53,461.308
2,1.20163,0.587915,1,30.2658,-24.5357,77.5792,20,3633.82,455.549
2,1.20163,0.587915,2,1341.61,-17.0325,77.5792,20,3633.82,455.549
2,1.20744,0.595578,1,29.9944,-24.4508,76.4115,20,3576.38,448.312
2,1.20744,0.595578,2,1317.66,-17.0336,76.4115,20,3576.38,448.312
2,1.21324,0.603241,1,29.7255,-24.3604,75.0761,20,3510.84,440.046
2,1.21324,0.603241,2,1294.14,-17.0326,75.0761,20,3510.84,440.046
2,1.21905,0.610903,1,29.459,-24.2619,73.5816,20,3437.57,430.797
2,1.21905,0.610903,2,1259.64,-17.031,73.5816,20,3437.57,430.797
2,1.22485,0.618566,1,29.1949,-24.1375,71.849,20,3352.47,420.047
2,1.22485,0.618566,2,1237.16,-17.0298,71.849,20,3352.47,420.047
2,1.23066,0.626228,1,28.6737,-23.9921,69.8684,20,3255.15,407.746
2,1.23066,0.626228,2,1193.38,-17.0288,69.8684,20,3255.15,407.746
2,1.23646,0.633891,1,28.1618,-23.8235,67.7435,20,3150.69,394.528
2,1.23646,0.633891,2,1161.57,-17.0281,67.7435,20,3150.69,394.528
2,1.24227,0.641554,1,27.6591,-23.6488,65.536,20,3042.3,380.798
2,1.24227,0.641554,2,1120.47,-17.0271,65.536,20,3042.3,380.798
2,1.24807,0.649216,1,27.1654,-23.4596,63.1042,20,2922.78,365.644
2,1.24807,0.649216,2,1071.13,-17.0227,63.1042,20,2922.78,365.644
2,1.25388,0.656879,1,26.6804,-23.2562,60.6332,20,2801.42,350.238
2,1.25388,0.656879,2,1033.23,-17.0229,60.6332,20,2801.42,350.238
2,1.25968,0.664541,1,25.9692,-23.0295,58.0719,20,2675.64,334.253
2,1.25968,0.664541,2,987.737,-17.0205,58.0719,20,2675.64,334.253
2,1.26549,0.672204,1,25.5056,-22.7848,55.4293,20,2545.87,317.745
2,1.26549,0.672204,2,935.779,-17.0174,55.4293,20,2545.87,317.745
2,1.27129,0.679867,1,24.8257,-22.5423,52.8046,20,2417.08,301.344
2,1.27129,0.679867,2,894.575,-17.0143,52.8046,20,2417.08,301.344
2,1.2771,0.687529,1,24.164,-22.2763,50.14,20,2286.39,284.684
2,1.2771,0.687529,2,847.517,-17.0106,50.14,20,2286.39,284.684
2,1.2829,0.695192,1,23.309,-22.0103,47.5105,20,2157.59,268.25
2,1.2829,0.695192,2,795.736,-17.009,47.5105,20,2157.59,268.25
2,1.28871,0.702854,1,22.6876,-21.7366,44.9342,20,2031.49,252.148
2,1.28871,0.702854,2,753.878,-17.0048,44.9342,20,2031.49,252.148
2,1.29451,0.710517,1,21.8848,-21.4397,42.3525,20,1905.25,236.014
2,1.29451,0.710517,2,707.818,-17.0011,42.3525,20,1905.25,236.014
2,1.30032,0.71818,1,21.3015,-21.1585,39.9409,20,1787.66,220.979
2,1.30032,0.71818,2,664.573,-16.9977,39.9409,20,1787.66,220.979
2,1.30612,0.725842,1,20.5477,-20.8672,37.5604,20,1671.71,206.147
2,1.30612,0.725842,2,618.375,-16.9916,37.5604,20,1671.71,206.147
2,1.31193,0.733505,1,580.594,-16.9896,35.2534,20,1559.56,191.795
2,1.31773,0.741167,1,545.121,-16.9826,33.1136,20,1455.86,178.526
2,1.32354,0.74883,1,507.227,-16.9801,31.0497,20,1356.03,165.753
2,1.32934,0.756492,1,471.967,-16.9753,29.0768,20,1260.85,153.574
2,1.33515,0.764155,1,439.158,-16.9692,27.2517,20,1173.11,142.357
2,1.34095,0.771818,1,412.326,-16.9632,25.541,20,1091.12,131.882
2,1.34676,0.77948,1,383.663,-16.9597,23.9247,20,1013.97,122.031
2,1.35256,0.787143,1,356.993,-16.9553,22.4086,20,941.788,112.823
2,1.35837,0.794805,1,332.177,-16.9499,21.0242,20,876.195,104.47
2,1.36417,0.802468,1,311.881,-16.9441,20,20,815.518,96.7518
2,1.36998,0.810131,1,292.826,-16.931,20,20,759.12,89.5887
2,1.37578,0.817793,1,274.935,-16.9178,20,20,706.819,82.956
2,1.38159,0.825456,1,258.138,-16.9022,20,20,659.684,76.9922
2,1.38739,0.833118,1,244.559,-16.8924,20,20,616.429,71.5303
2,1.3932,0.840781,1,231.694,-16.8801,20,20,576.386,66.4819
2,1.399,0.848444,1,219.506,-16.8679,20,20,539.467,61.8384
2,1.40481,0.856106,1,207.96,-16.8582,20,20,506.662,57.7248
2,1.41061,0.863769,1,197.02,-16.8466,20,20,476.251,53.9179
2,1.41642,0.871431,1,188.345,-16.8388,20,20,448.093,50.4008
2,1.42222,0.879094,1,180.052,-16.8302,20,20,423.067,47.286
2,1.42803,0.886757,1,172.124,-16.8231,20,20,399.977,44.4176
2,1.43383,0.894419,1,164.545,-16.8166,20,20,378.537,41.7591
2,1.43964,0.902082,1,158.723,-16.8093,20,20,359.68,39.4301
2,1.44544,0.909744,1,151.734,-16.8046,20,20,342.01,37.25
2,1.45125,0.917407,1,146.365,-16.8008,20,20,326.083,35.2917
2,1.45705,0.92507,1,141.186,-16.7957,20,20,311.538,33.5071
2,1.46286,0.932732,1,137.422,-16.7966,20,20,298.171,31.87
2,1.46866,0.940395,1,132.56,-16.7922,20,20,286.157,30.4022
2,1.47447,0.948057,1,129.026,-16.7939,20,20,275.034,29.0465
2,1.48027,0.95572,1,125.587,-16.7933,20,20,265.042,27.8317
2,1.48608,0.963383,1,122.239,-16.7924,20,20,255.873,26.7188
2,1.49188,0.971045,1,120.057,-16.7932,20,20,247.473,25.7014
2,1.49769,0.978708,1,116.857,-16.7953,20,20,239.995,24.7978
2,1.50349,0.98637,1,114.771,-16.7971,20,20,232.942,23.9448
2,1.5093,0.994033,1,112.722,-16.7981,20,20,226.807,23.2065
2,1.5151,0.00169551,1,110.71,-16.8003,20,20,221.164,22.5274
3,0,0.000682235,1,113.742,-24.0982,20,20,211.474,21.4258
3,0.01161,0.00811267,1,112.722,-24.1048,20,20,210.081,21.2587
3,0.02322,0.0155431,1,112.722,-24.1041,20,20,208.954,21.1228
3,0.0348299,0.0229735,1,111.711,-24.0909,20,20,208.089,21.0187
3,0.0464399,0.030404,1,111.711,-24.1043,20,20,207.487,20.9474
3,0.0580499,0.0378344,1,111.711,-24.1083,20,20,207.15,20.9063
3,0.0696599,0.0452648,1,111.711,-24.1069,20,20,207.304,20.9247
3,0.0812698,0.0526953,1,111.711,-24.0876,20,20,208.201,21.0322
3,0.0928798,0.0601257,1,112.722,-24.1076,20,20,209.532,21.1924
3,0.10449,0.0675561,1,113.742,-24.0925,20,20,211.215,21.3943
3,0.1161,0.0749866,1,113.742,-24.0961,20,20,213.268,21.6402
3,0.12771,0.082417,1,114.771,-24.0984,20,20,215.835,21.9499
3,0.13932,0.0898474,1,115.809,-24.0958,20,20,218.707,22.2965
3,0.15093,0.0972779,1,116.857,-24.0886,20,20,221.875,22.6776
3,0.16254,0.104708,1,118.981,-24.0842,20,20,225.331,23.0948
3,0.17415,0.112139,1,120.057,-24.0961,20,20,229.129,23.5519
3,0.18576,0.119569,1,121.143,-24.0844,20,20,233.587,24.0909
3,0.19737,0.127,1,123.345,-24.0939,20,20,238.426,24.6761
3,0.20898,0.13443,1,125.587,-24.0836,20,20,243.589,25.3021
3,0.22059,0.14186,1,126.723,-24.0737,20,20,249.205,25.9818
3,0.2322,0.149291,1,130.194,-24.0701,20,20,255.663,26.7663
3,0.24381,0.156721,1,132.56,-24.0761,20,20,262.465,27.5936
3,0.25542,0.164152,1,134.969,-24.0853,20,20,269.755,28.4794
3,0.267029,0.171582,1,137.422,-24.0833,20,20,278.072,29.4952
3,0.278639,0.179013,1,141.186,-24.0835,20,20,286.805,30.5619
3,0.290249,0.186443,1,143.752,-24.0734,20,20,296.374,31.7322
3,0.301859,0.193874,1,147.689,-24.082,20,20,306.832,33.0144
3,0.313469,0.201304,1,151.734,-24.0862,20,20,317.859,34.3684
3,0.325079,0.208734,1,155.889,-24.0778,20,20,330.299,35.9001
3,0.336689,0.216165,1,161.608,-24.0858,20,20,343.239,37.4939
3,0.348299,0.223595,1,166.033,-24.0939,20,20,357.785,39.2926
3,0.359909,0.231026,1,172.124,-24.0949,20,20,372.971,41.1704
3,0.371519,0.238456,1,178.438,-24.0903,20,20,389.908,43.2726
3,0.383129,0.245887,1,183.324,-24.0968,20,20,407.581,45.4676
3,0.394739,0.253317,1,191.768,-24.1,20,20,427.328,47.9287
3,0.406349,0.260747,1,198.803,-24.1122,20,20,447.836,50.4859
3,0.417959,0.268178,1,206.095,-24.124,20,20,470.728,53.3509
3,0.429569,0.275608,1,215.588,-24.1207,20,20,494.696,56.352
3,0.441179,0.283039,1,223.496,-24.1353,20,20,520.784,59.6281
3,0.452789,0.290469,1,233.79,-24.1463,20,20,548.641,63.1317
3,0.464399,0.2979,1,244.559,-24.1518,20,20,578.099,66.8426
3,0.476009,0.30533,1,255.823,-24.1609,20,20,610.246,70.9023
3,0.487619,0.31276,1,267.607,-24.1673,20,20,643.286,75.0769
3,0.499229,0.320191,1,279.933,-24.1802,20,20,679.978,79.7266
3,0.510839,0.327621,1,292.826,-24.1887,20,20,717.703,84.5109
3,0.522449,0.335052,1,306.314,-24.1927,20,20,758.084,89.6404
3,0.534059,0.342482,1,323.322,-24.1972,20,20,800.579,95.0458
3,0.545669,0.349913,1,338.214,-24.2135,20.2299,20,844.522,100.64
3,0.557279,0.357343,1,356.993,-24.2065,21.2206,20,891.618,106.645
3,0.568889,0.364774,1,373.436,-24.2209,22.2113,20,938.844,112.669
3,0.580499,0.372204,1,394.171,-24.2148,23.2807,20,990.03,119.208
3,0.592109,0.379634,1,412.326,-24.226,24.3369,20,1040.6,125.669
3,0.603719,0.387065,1,431.318,-24.2278,25.4557,20,1094.41,132.555
3,0.615329,0.394495,1,451.185,-24.2309,26.5487,20,1147.02,139.284
3,0.626939,0.401926,1,471.967,-24.2326,27.7003,20,1202.67,146.411
3,0.638549,0.409356,1,493.706,-24.2382,28.7991,20,1255.71,153.202
3,0.650159,0.416787,1,516.446,-24.2294,29.9472,20,1311.42,160.341
3,0.661769,0.424217,1,535.39,-24.2412,31.0363,20,1364.3,167.114
3,0.673379,0.431647,1,20.3635,-26.4018,32.102,20,1416.08,173.75
3,0.673379,0.431647,2,555.029,-24.2436,32.102,20,1416.08,173.75
3,0.684989,0.439078,1,20.7336,-26.5526,33.1569,20,1467.43,180.332
3,0.684989,0.439078,2,575.388,-24.2397,33.1569,20,1467.43,180.332
3,0.696599,0.446508,1,21.1105,-26.7114,34.1204,20,1514.37,186.347
3,0.696599,0.446508,2,591.146,-24.251,34.1204,20,1514.37,186.347
3,0.708209,0.453939,1,21.4942,-26.8332,35.0276,20,1558.59,192.013
3,0.708209,0.453939,2,607.336,-24.2526,35.0276,20,1558.59,192.013
3,0.719819,0.461369,1,21.6886,-26.9421,35.8946,20,1600.98,197.447
3,0.719819,0.461369,2,623.969,-24.2545,35.8946,20,1600.98,197.447
3,0.731429,0.4688,1,22.0828,-27.0394,36.6557,20,1638.21,202.217
3,0.731429,0.4688,2,635.31,-24.2456,36.6557,20,1638.21,202.217
3,0.743039,0.47623,1,22.2826,-27.1362,37.3051,20,1669.94,206.282
3,0.743039,0.47623,2,652.709,-24.2446,37.3051,20,1669.94,206.282
3,0.754649,0.48366,1,22.4842,-27.1893,37.8401,20,1696.07,209.629
3,0.754649,0.48366,2,658.614,-24.2561,37.8401,20,1696.07,209.629
3,0.766259,0.491091,1,22.4842,-27.2636,38.2859,20,1717.85,212.42
3,0.766259,0.491091,2,670.585,-24.2492,38.2859,20,1717.85,212.42
3,0.777868,0.498521,1,22.6876,-27.3189,38.6212,20,1734.35,214.535
3,0.777868,0.498521,2,676.652,-24.2512,38.6212,20,1734.35,214.535
3,0.789478,0.505952,1,22.6876,-27.3478,38.826,20,1744.4,215.823
3,0.789478,0.505952,2,676.652,-24.257,38.826,20,1744.4,215.823
3,0.801088,0.513382,1,22.6876,-27.3502,38.9001,20,1748,216.283
3,0.801088,0.513382,2,676.652,-24.249,38.9001,20,1748,216.283
3,0.812698,0.520813,1,22.6876,-27.349,38.8921,20,1747.62,216.234
3,0.812698,0.520813,2,676.652,-24.2502,38.8921,20,1747.62,216.234
3,0.824308,0.528243,1,22.6876,-27.3487,38.845,20,1745.31,215.938
3,0.824308,0.528243,2,676.652,-24.2554,38.845,20,1745.31,215.938
3,0.835918,0.535673,1,22.6876,-27.3401,38.7398,20,1740.16,215.278
3,0.835918,0.535673,2,676.652,-24.2595,38.7398,20,1740.16,215.278
3,0.847528,0.543104,1,22.6876,-27.3014,38.5623,20,1731.46,214.163
3,0.847528,0.543104,2,670.585,-24.2498,38.5623,20,1731.46,214.163
3,0.859138,0.550534,1,22.4842,-27.2652,38.3019,20,1718.68,212.526
3,0.859138,0.550534,2,670.585,-24.2513,38.3019,20,1718.68,212.526
3,0.870748,0.557965,1,22.4842,-27.2238,37.9591,20,1701.85,210.369
3,0.870748,0.557965,2,664.573,-24.2481,37.9591,20,1701.85,210.369
3,0.882358,0.565395,1,22.2826,-27.1873,37.5545,20,1682.14,207.845
3,0.882358,0.565395,2,652.709,-24.2528,37.5545,20,1682.14,207.845
3,0.893968,0.572826,1,22.0828,-27.1035,37.0599,20,1657.95,204.746
3,0.893968,0.572826,2,646.857,-24.253,37.0599,20,1657.95,204.746
3,0.905578,0.580256,1,21.8848,-27.027,36.4699,20,1629.12,201.053
3,0.905578,0.580256,2,635.31,-24.2543,36.4699,20,1629.12,201.053
3,0.917188,0.587687,1,21.6886,-26.943,35.7849,20,1595.64,196.762
3,0.917188,0.587687,2,623.969,-24.246,35.7849,20,1595.64,196.762
3,0.928798,0.595117,1,21.4942,-26.8291,35.0074,20,1557.62,191.888
3,0.928798,0.595117,2,607.336,-24.2528,35.0074,20,1557.62,191.888
3,0.940408,0.602547,1,21.1105,-26.7088,34.1893,20,1517.73,186.777
3,0.940408,0.602547,2,591.146,-24.249,34.1893,20,1517.73,186.777
3,0.952018,0.609978,1,20.9212,-26.5857,33.3209,20,1475.42,181.355
3,0.952018,0.609978,2,575.388,-24.2478,33.3209,20,1475.42,181.355
3,0.963628,0.617408,1,20.5477,-26.4595,32.3672,20,1428.99,175.405
3,0.963628,0.617408,2,560.05,-24.2435,32.3672,20,1428.99,175.405
3,0.975238,0.624839,1,20.1809,-26.3137,31.3678,20,1380.37,169.174
3,0.975238,0.624839,2,540.233,-24.2452,31.3678,20,1380.37,169.174
3,0.986848,0.632269,1,521.118,-24.2409,30.3728,20,1332.08,162.988
3,0.998458,0.6397,1,502.679,-24.2403,29.3082,20,1280.44,156.371
3,1.01007,0.64713,1,484.892,-24.2301,28.2568,20,1229.55,149.852
3,1.02168,0.65456,1,463.542,-24.2349,27.1908,20,1178.04,143.258
3,1.03329,0.661991,1,443.131,-24.2291,26.1112,20,1125.93,136.586
3,1.0449,0.669421,1,423.619,-24.2217,25.0644,20,1075.6,130.148
3,1.05651,0.676852,1,404.966,-24.2237,24.0027,20,1024.57,123.622
3,1.06812,0.684282,1,387.134,-24.2228,22.9928,20,976.247,117.448
3,1.07973,0.691713,1,370.088,-24.2165,21.9805,20,927.85,111.267
3,1.09134,0.699143,1,350.62,-24.2074,21.0208,20,882.167,105.44
3,1.10295,0.706573,1,335.182,-24.2144,20.0793,20,837.351,99.7272
3,1.11456,0.714004,1,320.423,-24.2052,20,20,794.786,94.308
3,1.12617,0.721434,1,306.314,-24.1955,20,20,754.076,89.1311
3,1.13778,0.728865,1,292.826,-24.184,20,20,714.916,84.1574
3,1.14939,0.736295,1,279.933,-24.1766,20,20,678.519,79.5417
3,1.161,0.743726,1,267.607,-24.1655,20,20,642.916,75.0296
3,1.17261,0.751156,1,255.823,-24.1623,20,20,610.787,70.97
3,1.18422,0.758587,1,244.559,-24.1547,20,20,579.43,67.0102
3,1.19583,0.766017,1,233.79,-24.14,20,20,550.718,63.3929
3,1.20744,0.773447,1,225.518,-24.1335,20,20,523.395,59.9555
3,1.21905,0.780878,1,215.588,-24.1306,20,20,497.903,56.7547
3,1.23066,0.788308,1,207.96,-24.1231,20,20,474.246,53.7901
3,1.24227,0.795739,1,198.803,-24.1051,20,20,451.826,50.9844
3,1.25388,0.803169,1,191.768,-24.1038,20,20,431.436,48.441
3,1.26549,0.8106,1,184.983,-24.1017,20,20,411.897,46.0045
3,1.2771,0.81803,1,180.052,-24.0907,20,20,394.361,43.8257
3,1.28871,0.82546,1,173.681,-24.0969,20,20,377.478,41.7288
3,1.30032,0.832891,1,167.536,-24.0923,20,20,362.39,39.8618
3,1.31193,0.840321,1,163.07,-24.092,20,20,347.93,38.0731
3,1.32354,0.847752,1,158.723,-24.0806,20,20,334.905,36.4669
3,1.33515,0.855182,1,153.106,-24.0746,20,20,322.629,34.9553
3,1.34676,0.862613,1,150.373,-24.0709,20,20,311.319,33.5647
3,1.35837,0.870043,1,146.365,-24.0823,20,20,300.988,32.2978
3,1.36998,0.877473,1,142.463,-24.088,20,20,291.092,31.085
3,1.38159,0.884904,1,139.92,-24.0704,20,20,282.466,30.0317
3,1.3932,0.892334,1,136.19,-24.0869,20,20,274.222,29.0247
3,1.40481,0.899765,1,133.759,-24.0868,20,20,266.586,28.0947
3,1.41642,0.907195,1,131.371,-24.0855,20,20,259.823,27.2727
3,1.42803,0.914626,1,129.026,-24.0871,20,20,253.412,26.4929
3,1.43964,0.922056,1,126.723,-24.0908,20,20,247.439,25.7677
3,1.45125,0.929487,1,124.461,-24.0882,20,20,242.282,25.1429
3,1.46286,0.936917,1,123.345,-24.0852,20,20,237.457,24.5594
3,1.47447,0.944347,1,121.143,-24.0937,20,20,232.945,24.0132
3,1.48608,0.951778,1,120.057,-24.0936,20,20,228.851,23.5183
3,1.49769,0.959208,1,118.981,-24.0847,20,20,225.367,23.0986
3,1.5093,0.966639,1,116.857,-24.0806,20,20,222.185,22.715
3,1.52091,0.974069,1,115.809,-24.0833,20,20,219.293,22.3662
3,1.53252,0.9815,1,115.809,-24.086,20,20,216.687,22.0527
3,1.54413,0.98893,1,114.771,-24.0987,20,20,214.371,21.7741
3,1.55574,0.99636,1,113.742,-24.106,20,20,212.41,21.5382
3,1.56735,0.00379086,1,112.722,-24.0884,20,20,210.859,21.3511
3,1.57896,0.0112213,1,112.722,-24.1081,20,20,209.577,21.1975
3,1.59057,0.0186517,1,112.722,-24.0964,20,20,208.559,21.075
3,1.60218,0.0260822,1,111.711,-24.0986,20,20,207.805,20.9852
3,1.61379,0.0335126,1,111.711,-24.1069,20,20,207.313,20.926
3,1.6254,0.040943,1,111.711,-24.1087,20,20,207.105,20.9008
3,1.63701,0.0483735,1,111.711,-24.1024,20,20,207.616,20.9629
3,1.64862,0.0558039,1,112.722,-24.0992,20,20,208.711,21.0934
3,1.66023,0.0632343,1,112.722,-24.1034,20,20,210.196,21.2726
3,1.67184,0.0706648,1,113.742,-24.1052,20,20,212.025,21.4916
3,1.68345,0.0780952,1,114.771,-24.0977,20,20,214.304,21.7661
3,1.69506,0.0855256,1,115.809,-24.0938,20,20,217,22.0909
3,1.70667,0.0929561,1,116.857,-24.0951,20,20,219.997,22.4518
3,1.71828,0.100387,1,117.914,-24.0986,20,20,223.286,22.8484
3,1.72989,0.107817,1,118.981,-24.0973,20,20,226.876,23.2803
3,1.7415,0.115247,1,120.057,-24.0778,20,20,230.912,23.7672
3,1.75311,0.122678,1,122.239,-24.0951,20,20,235.574,24.3314
3,1.76472,0.130108,1,124.461,-24.0845,20,20,240.541,24.9322
3,1.77633,0.137539,1,125.587,-24.0789,20,20,245.871,25.5775
3,1.78794,0.144969,1,127.869,-24.0827,20,20,251.868,26.3052
3,1.79955,0.1524,1,130.194,-24.079,20,20,258.459,27.1064
3,1.81116,0.15983,1,133.759,-24.0693,20,20,265.444,27.9561
3,1.82277,0.16726,1,136.19,-24.0853,20,20,273.194,28.8995
3,1.83438,0.174691,1,138.666,-24.0813,20,20,281.66,29.9338
3,1.84599,0.182121,1,142.463,-24.0859,20,20,290.583,31.0228
3,1.8576,0.189552,1,146.365,-24.0784,20,20,300.692,32.2621
3,1.86921,0.196982,1,150.373,-24.0717,20,20,311.359,33.5697
3,1.88082,0.204413,1,154.492,-24.077,20,20,323.019,35.0037
3,1.89243,0.211843,1,158.723,-24.089,20,20,335.665,36.5603
3,1.90404,0.219273,1,163.07,-24.0937,20,20,349.207,38.2317
3,1.91565,0.226704,1,169.051,-24.0903,20,20,364.084,40.0713
3,1.92726,0.234134,1,173.681,-24.0943,20,20,379.884,42.0272
3,1.93887,0.241565,1,180.052,-24.1034,20,20,397.247,44.184
3,1.95048,0.248995,1,186.656,-24.1089,20,20,415.715,46.4808
3,1.96209,0.256426,1,193.503,-24.1102,20,20,435.814,48.9861
3,1.9737,0.263856,1,202.416,-24.1091,20,20,457.385,51.6802
3,1.98531,0.271286,1,209.841,-24.1274,20,20,480.459,54.5671
3,1.99692,0.278717,1,219.506,-24.1218,20,20,505.578,57.7189
3,2.00853,0.286147,1,227.558,-24.1403,20,20,531.835,61.0151
3,2.02014,0.293578,1,238.04,-24.1498,20,20,560.933,64.6797
3,2.03175,0.301008,1,249.004,-24.1562,20,20,591.068,68.4789
3,2.04336,0.308439,1,260.473,-24.1658,20,20,624.002,72.6402
3,2.05497,0.315869,1,272.47,-24.1753,20,20,658.669,77.0273
3,2.06658,0.3233,1,285.021,-24.1837,20,20,695.221,81.6583
3,2.07819,0.33073,1,298.149,-24.1874,20,20,734.666,86.6654
3,2.0898,0.33816,1,311.881,-24.1925,20,20,774.794,91.763
3,2.10141,0.345591,1,329.198,-24.2085,20,20,819.071,97.4003
3,2.11302,0.353021,1,344.361,-24.2139,20.6344,20,863.716,103.086
3,2.12463,0.360452,1,363.482,-24.2183,21.6381,20,911.527,109.185
3,2.13624,0.367882,1,380.224,-24.2147,22.6608,20,960.357,115.418
3,2.14785,0.375313,1,401.335,-24.2236,23.7223,20,1011.17,121.908
3,2.15946,0.382743,1,419.821,-24.2273,24.81,20,1063.36,128.582
3,2.17107,0.390173,1,439.158,-24.2254,25.9142,20,1116.46,135.374
3,2.18268,0.397604,1,459.386,-24.2267,27.0376,20,1170.63,142.309
3,2.19429,0.405034,1,480.545,-24.2345,28.1652,20,1225.12,149.286
3,2.2059,0.412465,1,502.679,-24.239,29.2797,20,1279.05,156.192
3,2.21751,0.419895,1,521.118,-24.2367,30.4115,20,1333.98,163.23
3,2.22912,0.427326,1,20.1809,-26.3286,31.4704,20,1385.34,169.81
3,2.22912,0.427326,2,540.233,-24.2371,31.4704,20,1385.34,169.81
3,2.24073,0.434756,1,20.5477,-26.4829,32.5542,20,1438.09,176.571
3,2.24073,0.434756,2,560.05,-24.2388,32.5542,20,1438.09,176.571
3,2.25234,0.442186,1,20.9212,-26.6318,33.571,20,1487.62,182.919
3,2.25234,0.442186,2,580.594,-24.2498,33.571,20,1487.62,182.919
3,2.26395,0.449617,1,21.3015,-26.765,34.4958,20,1532.66,188.689
3,2.26395,0.449617,2,596.494,-24.2481,34.4958,20,1532.66,188.689
3,2.27556,0.457047,1,21.4942,-26.8593,35.4014,20,1576.89,194.359
3,2.27556,0.457047,2,612.83,-24.2479,35.4014,20,1576.89,194.359
3,2.28717,0.464478,1,21.8848,-27.0055,36.2264,20,1617.22,199.527
3,2.28717,0.464478,2,629.614,-24.255,36.2264,20,1617.22,199.527
3,2.29878,0.471908,1,22.0828,-27.1029,36.9413,20,1652.16,204.005
3,2.29878,0.471908,2,641.058,-24.2496,36.9413,20,1652.16,204.005
3,2.31039,0.479339,1,22.2826,-27.1856,37.5423,20,1681.55,207.77
3,2.31039,0.479339,2,652.709,-24.2539,37.5423,20,1681.55,207.77
3,2.322,0.486769,1,22.4842,-27.2455,38.0293,20,1705.32,210.814
3,2.322,0.486769,2,664.573,-24.2558,38.0293,20,1705.32,210.814
3,2.33361,0.4942,1,22.6876,-27.2591,38.442,20,1725.54,213.405
3,2.33361,0.4942,2,670.585,-24.2589,38.442,20,1725.54,213.405
3,2.34522,0.50163,1,22.6876,-27.3357,38.7238,20,1739.35,215.174
3,2.34522,0.50163,2,676.652,-24.2592,38.7238,20,1739.35,215.174
3,2.35683,0.50906,1,22.6876,-27.3499,38.8732,20,1746.69,216.115
3,2.35683,0.50906,2,676.652,-24.2525,38.8732,20,1746.69,216.115
3,2.36844,0.516491,1,22.6876,-27.35,38.9001,20,1748.02,216.285
3,2.36844,0.516491,2,676.652,-24.249,38.9001,20,1748.02,216.285
3,2.38005,0.523921,1,22.6876,-27.35,38.8782,20,1746.95,216.148
3,2.38005,0.523921,2,676.652,-24.2519,38.8782,20,1746.95,216.148
3,2.39166,0.531352,1,22.6876,-27.3439,38.8092,20,1743.55,215.713
3,2.39166,0.531352,2,676.652,-24.258,38.8092,20,1743.55,215.713
3,2.40327,0.538782,1,22.6876,-27.331,38.6754,20,1736.99,214.872
3,2.40327,0.538782,2,676.652,-24.2566,38.6754,20,1736.99,214.872
3,2.41488,0.546213,1,22.6876,-27.2678,38.4643,20,1726.64,213.546
3,2.41488,0.546213,2,670.585,-24.2584,38.4643,20,1726.64,213.546
3,2.42649,0.553643,1,22.4842,-27.2642,38.1665,20,1712.03,211.673
3,2.42649,0.553643,2,664.573,-24.2564,38.1665,20,1712.03,211.673
3,2.4381,0.561073,1,22.2826,-27.172,37.801,20,1694.14,209.382
3,2.4381,0.561073,2,658.614,-24.2578,37.801,20,1694.14,209.382
3,2.44971,0.568504,1,22.2826,-27.154,37.3585,20,1672.58,206.62
3,2.44971,0.568504,2,652.709,-24.2519,37.3585,20,1672.58,206.62
3,2.46132,0.575934,1,22.0828,-27.0857,36.8248,20,1646.46,203.275
3,2.46132,0.575934,2,641.058,-24.2562,36.8248,20,1646.46,203.275
3,2.47293,0.583365,1,21.8848,-26.9973,36.1944,20,1615.67,199.329
3,2.47293,0.583365,2,629.614,-24.2549,36.1944,20,1615.67,199.329
3,2.48454,0.590795,1,21.6886,-26.8714,35.4708,20,1580.29,194.795
3,2.48454,0.590795,2,618.375,-24.2434,35.4708,20,1580.29,194.795
3,2.49615,0.598226,1,21.3015,-26.788,34.656,20,1540.43,189.685
3,2.49615,0.598226,2,601.891,-24.2501,34.656,20,1540.43,189.685
3,2.50776,0.605656,1,21.1105,-26.6538,33.8362,20,1500.54,184.575
3,2.50776,0.605656,2,585.846,-24.2504,33.8362,20,1500.54,184.575
3,2.51937,0.613086,1,20.7336,-26.5417,32.9321,20,1456.48,178.929
3,2.51937,0.613086,2,570.229,-24.2459,32.9321,20,1456.48,178.929
3,2.53098,0.620517,1,20.3635,-26.3997,31.9452,20,1408.44,172.771
3,2.53098,0.620517,2,550.053,-24.2449,31.9452,20,1408.44,172.771
3,2.54259,0.627947,1,530.59,-24.2329,30.9602,20,1360.58,166.639
3,2.5542,0.635378,1,511.816,-24.2298,29.9359,20,1310.88,160.271
3,2.5658,0.642808,1,493.706,-24.2389,28.852,20,1258.3,153.533
3,2.57741,0.650239,1,476.237,-24.2336,27.817,20,1208.32,147.135
3,2.58902,0.657669,1,455.267,-24.2338,26.7289,20,1155.72,140.398
3,2.60063,0.6651,1,435.22,-24.2275,25.6783,20,1105.11,133.923
3,2.61224,0.67253,1,416.057,-24.2255,24.6148,20,1053.96,127.379
3,2.62385,0.67996,1,397.737,-24.2242,23.5838,20,1004.52,121.06
3,2.63546,0.687391,1,380.224,-24.2207,22.5626,20,955.617,114.812
3,2.64707,0.694821,1,363.482,-24.2083,21.5814,20,908.84,108.842
3,2.65868,0.702252,1,344.361,-24.2156,20.6147,20,862.788,102.967
3,2.67029,0.709682,1,329.198,-24.21,20,20,819.602,97.4677
3,2.6819,0.717113,1,314.703,-24.196,20,20,776.821,92.0207
3,2.69351,0.724543,1,300.846,-24.189,20,20,737.714,87.0529
3,2.70512,0.731973,1,287.599,-24.1757,20,20,699.163,82.1581
3,2.71673,0.739404,1,274.935,-24.1698,20,20,663.616,77.6528
3,2.72834,0.746834,1,262.829,-24.163,20,20,629.45,73.3292
3,2.73995,0.754265,1,251.257,-24.1578,20,20,597.354,69.2727
3,2.75156,0.761695,1,240.193,-24.151,20,20,567.411,65.4959
3,2.76317,0.769126,1,229.617,-24.1373,20,20,538.74,61.8836
3,2.77478,0.776556,1,221.492,-24.1344,20,20,512.711,58.6144
3,2.78639,0.783986,1,211.739,-24.1258,20,20,487.411,55.4374
3,2.798,0.791417,1,204.247,-24.1232,20,20,464.837,52.6128
3,2.80961,0.798847,1,197.02,-24.112,20,20,442.953,49.8767
3,2.82122,0.806278,1,190.049,-24.1062,20,20,423.225,47.417
3,2.83283,0.813708,1,183.324,-24.1021,20,20,404.349,45.0664
3,2.84444,0.821139,1,176.838,-24.1028,20,20,387.256,42.9426
3,2.85605,0.828569,1,170.581,-24.0939,20,20,370.979,40.9242
3,2.86766,0.835999,1,166.033,-24.094,20,20,356.296,39.1075
3,2.87927,0.84343,1,160.159,-24.0812,20,20,342.232,37.3694
3,2.89088,0.85086,1,155.889,-24.0854,20,20,329.722,35.829
3,2.90249,0.858291,1,151.734,-24.0881,20,20,317.603,34.3365
3,2.9141,0.865721,1,147.689,-24.0806,20,20,306.948,33.0292
3,2.92571,0.873152,1,145.053,-24.0732,20,20,296.778,31.7822
3,2.93732,0.880582,1,141.186,-24.0878,20,20,287.433,30.638
3,2.94893,0.888013,1,138.666,-24.0696,20,20,278.973,29.6061
3,2.96054,0.895443,1,134.969,-24.087,20,20,270.878,28.6164
3,2.97215,0.902873,1,132.56,-24.0887,20,20,263.713,27.7452
3,2.98376,0.910304,1,130.194,-24.0894,20,20,257.1,26.9414
3,2.99537,0.917734,1,127.869,-24.0911,20,20,250.829,26.1788
3,3.00698,0.925165,1,125.587,-24.0887,20,20,245.239,25.5011
3,3.01859,0.932595,1,124.461,-24.0785,20,20,240.224,24.8944
3,3.0302,0.940026,1,122.239,-24.0954,20,20,235.532,24.3264
3,3.04181,0.947456,1,121.143,-24.0804,20,20,231.149,23.7958
3,3.05342,0.954886,1,118.981,-24.0925,20,20,227.355,23.3387
3,3.06503,0.962317,1,117.914,-24.0983,20,20,224,22.9336
3,3.07664,0.969747,1,116.857,-24.1013,20,20,220.94,22.5655
3,3.08825,0.977178,1,115.809,-24.1022,20,20,218.167,22.2311
3,3.09986,0.984608,1,114.771,-24.1009,20,20,215.683,21.9314
3,3.11147,0.992039,1,113.742,-24.0909,20,20,213.487,21.667
3,3.12308,0.999469,1,113.742,-24.102,20,20,211.727,21.456
4,0,0.00141013,1,129.026,-24.082,20,20,255.08,26.6953
4,0.00653061,0.0084632,1,129.026,-24.0799,20,20,252.891,26.4299
4,0.0130612,0.0155163,1,127.869,-24.0909,20,20,250.944,26.1935
4,0.0195918,0.0225693,1,126.723,-24.0726,20,20,249.242,25.9865
4,0.0261224,0.0296224,1,126.723,-24.0909,20,20,247.848,25.8168
4,0.0326531,0.0366755,1,126.723,-24.0839,20,20,246.753,25.6846
4,0.0391837,0.0437285,1,125.587,-24.079,20,20,245.884,25.5792
4,0.0457143,0.0507816,1,125.587,-24.0887,20,20,245.239,25.5011
4,0.0522449,0.0578347,1,125.587,-24.0921,20,20,244.828,25.4511
4,0.0587755,0.0648878,1,125.587,-24.0921,20,20,244.773,25.4452
4,0.0653061,0.0719408,1,125.587,-24.0848,20,20,245.547,25.5385
4,0.0718367,0.0789939,1,126.723,-24.0852,20,20,246.865,25.698
4,0.0783673,0.0860469,1,126.723,-24.0856,20,20,248.581,25.9058
4,0.084898,0.0931,1,127.869,-24.0908,20,20,250.825,26.1788
4,0.0914286,0.100153,1,129.026,-24.0868,20,20,253.391,26.4899
4,0.0979592,0.107206,1,130.194,-24.0818,20,20,256.25,26.8381
4,0.10449,0.114259,1,131.371,-24.0798,20,20,259.383,27.219
4,0.11102,0.121312,1,132.56,-24.0817,20,20,262.809,27.6348
4,0.117551,0.128365,1,133.759,-24.0866,20,20,266.517,28.0859
4,0.124082,0.135418,1,134.969,-24.0883,20,20,270.623,28.5865
4,0.130612,0.142471,1,136.19,-24.0743,20,20,275.248,29.1507
4,0.137143,0.149525,1,138.666,-24.086,20,20,280.121,29.746
4,0.143673,0.156578,1,139.92,-24.0794,20,20,285.298,30.3779
4,0.150204,0.163631,1,142.463,-24.0867,20,20,290.739,31.0418
4,0.156735,0.170684,1,145.053,-24.0758,20,20,296.909,31.7977
4,0.163265,0.177737,1,146.365,-24.0783,20,20,303.423,32.5975
4,0.169796,0.18479,1,149.025,-24.0855,20,20,310.256,33.4348
4,0.176327,0.191843,1,151.734,-24.089,20,20,317.4,34.3112
4,0.182857,0.198896,1,154.492,-24.0878,20,20,325.475,35.3055
4,0.189388,0.205949,1,157.3,-24.0846,20,20,333.829,36.3345
4,0.195918,0.213002,1,160.159,-24.0776,20,20,342.471,37.3989
4,0.202449,0.220055,1,164.545,-24.0932,20,20,352.049,38.5833
4,0.20898,0.227108,1,167.536,-24.0947,20,20,362.091,39.8248
4,0.21551,0.234161,1,172.124,-24.0894,20,20,372.426,41.1035
4,0.222041,0.241215,1,175.252,-24.0998,20,20,383.779,42.5116
4,0.228571,0.248268,1,180.052,-24.103,20,20,395.649,43.9853
4,0.235102,0.255321,1,183.324,-24.0941,20,20,407.782,45.4921
4,0.241633,0.262374,1,188.345,-24.1059,20,20,421.238,47.1689
4,0.248163,0.269427,1,193.503,-24.1142,20,20,435.034,48.8892
4,0.254694,0.27648,1,198.803,-24.1192,20,20,449.283,50.6663
4,0.261224,0.283533,1,204.247,-24.1232,20,20,464.877,52.6179
4,0.267755,0.290586,1,209.841,-24.1275,20,20,480.638,54.5895
4,0.274286,0.297639,1,215.588,-24.132,20,20,497.387,56.6889
4,0.280816,0.304692,1,221.492,-24.1345,20,20,514.946,58.8949
4,0.287347,0.311745,1,227.558,-24.1371,20,20,532.612,61.113
4,0.293878,0.318798,1,235.905,-24.1346,20,20,551.969,63.5517
4,0.300408,0.325851,1,242.366,-24.1477,20,20,571.389,65.9971
4,0.306939,0.332904,1,249.004,-24.1571,20,20,591.366,68.5165
4,0.313469,0.339957,1,255.823,-24.1612,20,20,612.693,71.2108
4,0.32,0.347011,1,262.829,-24.1622,20,20,633.718,73.8682
4,0.326531,0.354064,1,272.47,-24.1636,20,20,655.923,76.6788
4,0.333061,0.361117,1,279.933,-24.1774,20,20,678.662,79.5603
4,0.339592,0.36817,1,287.599,-24.1837,20,20,700.88,82.3757
4,0.346122,0.375223,1,295.476,-24.1908,20,20,724.667,85.3958
4,0.352653,0.382276,1,303.568,-24.1956,20,20,748.3,88.3978
4,0.359184,0.389329,1,311.881,-24.2011,20,20,771.156,91.301
4,0.365714,0.396382,1,320.423,-24.206,20,20,795.351,94.3801
4,0.372245,0.403435,1,329.198,-24.2088,20,20,819.17,97.4126
4,0.378776,0.410488,1,338.214,-24.2022,20.1758,20,841.946,100.311
4,0.385306,0.417541,1,344.361,-24.2101,20.657,20,864.807,103.225
4,0.391837,0.424594,1,353.792,-24.2172,21.1396,20,887.786,106.157
4,0.398367,0.431647,1,363.482,-24.2117,21.5953,20,909.519,108.928
4,0.404898,0.4387,1,370.088,-24.2201,22.0225,20,929.836,111.519
4,0.411429,0.445754,1,376.815,-24.2194,22.4388,20,949.735,114.06
4,0.417959,0.452807,1,383.663,-24.2171,22.8426,20,969.037,116.526
4,0.42449,0.45986,1,390.637,-24.2211,23.2102,20,986.672,118.78
4,0.43102,0.466913,1,397.737,-24.2246,23.5443,20,1002.62,120.818
4,0.437551,0.473966,1,401.335,-24.2169,23.8394,20,1016.73,122.62
4,0.444082,0.481019,1,408.63,-24.2206,24.0951,20,1028.96,124.181
4,0.450612,0.488072,1,412.326,-24.2243,24.3184,20,1039.71,125.556
4,0.457143,0.495125,1,416.057,-24.2234,24.5124,20,1049.04,126.75
4,0.463673,0.502178,1,416.057,-24.2175,24.6606,20,1056.19,127.665
4,0.470204,0.509231,1,419.821,-24.2282,24.7643,20,1061.14,128.297
4,0.476735,0.516284,1,419.821,-24.2262,24.8205,20,1063.86,128.646
4,0.483265,0.523337,1,419.821,-24.2246,24.8339,20,1064.51,128.729
4,0.489796,0.53039,1,419.821,-24.2251,24.8297,20,1064.28,128.7
4,0.496327,0.537443,1,419.821,-24.2269,24.8134,20,1063.49,128.599
4,0.502857,0.544496,1,419.821,-24.2285,24.7798,20,1061.9,128.395
4,0.509388,0.55155,1,419.821,-24.2251,24.726,20,1059.34,128.067
4,0.515918,0.558603,1,416.057,-24.2199,24.6492,20,1055.65,127.595
4,0.522449,0.565656,1,416.057,-24.227,24.5472,20,1050.71,126.964
4,0.52898,0.572709,1,412.326,-24.2238,24.4162,20,1044.42,126.159
4,0.53551,0.579762,1,408.63,-24.2151,24.2559,20,1036.7,125.17
4,0.542041,0.586815,1,408.63,-24.2179,24.0808,20,1028.3,124.097
4,0.548571,0.593868,1,404.966,-24.2171,23.8785,20,1018.62,122.861
4,0.555102,0.600921,1,397.737,-24.2147,23.6459,20,1007.51,121.442
4,0.561633,0.607974,1,394.171,-24.2237,23.3844,20,994.953,119.838
4,0.568163,0.615027,1,390.637,-24.2156,23.0927,20,980.991,118.054
4,0.574694,0.62208,1,383.663,-24.2224,22.7704,20,965.594,116.087
4,0.581224,0.629133,1,376.815,-24.2212,22.4182,20,948.748,113.934
4,0.587755,0.636186,1,370.088,-24.2195,22.0556,20,931.379,111.717
4,0.594286,0.643239,1,363.482,-24.2186,21.6834,20,913.678,109.46
4,0.600816,0.650293,1,356.993,-24.2178,21.2852,20,894.759,107.047
4,0.607347,0.657346,1,350.62,-24.2046,20.8643,20,874.69,104.486
4,0.613878,0.664399,1,341.274,-24.2154,20.4191,20,853.472,101.779
4,0.620408,0.671452,1,332.177,-24.203,20,20,833.362,99.2193
4,0.626939,0.678505,1,326.247,-24.2099,20,20,812.324,96.5414
4,0.633469,0.685558,1,317.55,-24.1989,20,20,790.435,93.7544
4,0.64,0.692611,1,311.881,-24.1927,20,20,768.48,90.9607
4,0.646531,0.699664,1,303.568,-24.1958,20,20,747.318,88.2728
4,0.653061,0.706717,1,295.476,-24.1902,20,20,725.497,85.5008
4,0.659592,0.71377,1,287.599,-24.1843,20,20,703.335,82.6859
4,0.666122,0.720823,1,279.933,-24.1743,20,20,682.696,80.071
4,0.672653,0.727876,1,272.47,-24.1672,20,20,661.586,77.3961
4,0.679184,0.734929,1,265.207,-24.1649,20,20,640.349,74.7057
4,0.685714,0.741982,1,258.138,-24.156,20,20,620.728,72.2264
4,0.692245,0.749036,1,251.257,-24.1524,20,20,600.818,69.7108
4,0.698776,0.756089,1,244.559,-24.1497,20,20,581.216,67.2349
4,0.705306,0.763142,1,238.04,-24.1427,20,20,562.98,64.9381
4,0.711837,0.770195,1,231.694,-24.1396,20,20,544.611,62.6239
4,0.718367,0.777248,1,225.518,-24.1344,20,20,527.018,60.4112
4,0.724898,0.784301,1,219.506,-24.1254,20,20,510.412,58.3258
4,0.731429,0.791354,1,213.655,-24.1203,20,20,493.783,56.2377
4,0.737959,0.798407,1,209.841,-24.1148,20,20,478.329,54.3015
4,0.74449,0.80546,1,204.247,-24.1187,20,20,463.483,52.4438
4,0.75102,0.812513,1,198.803,-24.1178,20,20,448.718,50.5963
4,0.757551,0.819566,1,193.503,-24.113,20,20,435.348,48.9283
4,0.764082,0.826619,1,190.049,-24.0962,20,20,422.314,47.3033
4,0.770612,0.833672,1,184.983,-24.1057,20,20,409.425,45.6967
4,0.777143,0.840725,1,180.052,-24.0979,20,20,397.96,44.2728
4,0.783673,0.847778,1,176.838,-24.1011,20,20,386.713,42.8757
4,0.790204,0.854832,1,172.124,-24.0918,20,20,375.654,41.5024
4,0.796735,0.861885,1,169.051,-24.0975,20,20,365.846,40.2888
4,0.803265,0.868938,1,166.033,-24.0941,20,20,356.308,39.1091
4,0.809796,0.875991,1,163.07,-24.0821,20,20,346.988,37.9566
4,0.816327,0.883044,1,160.159,-24.0756,20,20,338.554,36.9165
4,0.822857,0.890097,1,157.3,-24.0744,20,20,330.611,35.9379
4,0.829388,0.89715,1,154.492,-24.0749,20,20,322.905,34.9889
4,0.835918,0.904203,1,151.734,-24.0791,20,20,315.566,34.0855
4,0.842449,0.911256,1,149.025,-24.0884,20,20,309.071,33.2893
4,0.84898,0.918309,1,146.365,-24.085,20,20,302.828,32.524
4,0.85551,0.925362,1,145.053,-24.0744,20,20,296.831,31.7881
4,0.862041,0.932415,1,142.463,-24.0881,20,20,291.138,31.0905
4,0.868571,0.939468,1,141.186,-24.0745,20,20,286.183,30.4859
4,0.875102,0.946521,1,138.666,-24.0836,20,20,281.485,29.9119
4,0.881633,0.953575,1,137.422,-24.0879,20,20,277.034,29.3687
4,0.888163,0.960628,1,136.19,-24.0817,20,20,272.83,28.8554
4,0.894694,0.967681,1,134.969,-24.0719,20,20,268.883,28.374
4,0.901224,0.974734,1,133.759,-24.071,20,20,265.533,27.9666
4,0.907755,0.981787,1,132.56,-24.0754,20,20,262.432,27.589
4,0.914286,0.98884,1,131.371,-24.0828,20,20,259.576,27.2425
4,0.920816,0.995893,1,130.194,-24.089,20,20,256.958,26.9233
4,0.927347,0.00294602,1,129.026,-24.088,20,20,254.582,26.6357
4,0.933878,0.0099991,1,127.869,-24.0709,20,20,252.447,26.3757
4,0.940408,0.0170522,1,127.869,-24.09,20,20,250.553,26.1452
4,0.946939,0.0241053,1,126.723,-24.08,20,20,248.903,25.9449
4,0.953469,0.0311583,1,126.723,-24.0911,20,20,247.59,25.7849
4,0.96,0.0382113,1,126.723,-24.0801,20,20,246.545,25.6594
4,0.966531,0.0452644,1,125.587,-24.0819,20,20,245.724,25.559
4,0.973061,0.0523175,1,125.587,-24.09,20,20,245.13,25.4881
4,0.979592,0.0593706,1,125.587,-24.092,20,20,244.776,25.4452
4,0.986122,0.0664237,1,125.587,-24.0916,20,20,244.877,25.4574
4,0.992653,0.0734767,1,125.587,-24.0805,20,20,245.797,25.5678
4,0.999184,0.0805298,1,126.723,-24.0891,20,20,247.205,25.7392
4,1.00571,0.0875829,1,126.723,-24.0776,20,20,249.04,25.9617
4,1.01224,0.0946359,1,127.869,-24.089,20,20,251.358,26.243
4,1.01878,0.101689,1,129.026,-24.0901,20,20,253.99,26.5634
4,1.02531,0.108742,1,130.194,-24.0884,20,20,256.91,26.9179
4,1.03184,0.115795,1,131.371,-24.0879,20,20,260.101,27.3063
4,1.03837,0.122848,1,132.56,-24.088,20,20,263.594,27.7314
4,1.0449,0.129901,1,133.759,-24.0879,20,20,267.356,28.1875
4,1.05143,0.136954,1,134.969,-24.0788,20,20,271.609,28.7058
4,1.05796,0.144007,1,137.422,-24.0824,20,20,276.288,29.2776
4,1.06449,0.15106,1,138.666,-24.0859,20,20,281.221,29.88
4,1.07102,0.158114,1,141.186,-24.0795,20,20,286.462,30.5199
4,1.07755,0.165167,1,142.463,-24.0843,20,20,291.983,31.1934
4,1.08408,0.17222,1,145.053,-24.0882,20,20,298.307,31.9696
4,1.09061,0.179273,1,147.689,-24.0848,20,20,304.885,32.7765
4,1.09714,0.186326,1,150.373,-24.079,20,20,311.779,33.6218
4,1.10367,0.193379,1,153.106,-24.0762,20,20,319.138,34.5256
4,1.1102,0.200432,1,155.889,-24.0827,20,20,327.262,35.5263
4,1.11673,0.207485,1,158.723,-24.0893,20,20,335.691,36.5632
4,1.12327,0.214538,1,161.608,-24.0933,20,20,344.381,37.6348
4,1.1298,0.221591,1,164.545,-24.0882,20,20,354.208,38.8496
4,1.13633,0.228644,1,169.051,-24.0929,20,20,364.322,40.1003
4,1.14286,0.235697,1,172.124,-24.0988,20,20,374.701,41.385
4,1.14939,0.24275,1,176.838,-24.0988,20,20,386.337,42.8285
4,1.15592,0.249803,1,180.052,-24.0946,20,20,398.275,44.3111
4,1.16245,0.256857,1,184.983,-24.1088,20,20,410.59,45.8416
4,1.16898,0.26391,1,190.049,-24.1117,20,20,424.215,47.5404
4,1.17551,0.270963,1,195.254,-24.1115,20,20,438.072,49.2679
4,1.18204,0.278016,1,200.601,-24.1117,20,20,452.675,51.091
4,1.18857,0.285069,1,206.095,-24.1173,20,20,468.285,53.0445
4,1.1951,0.292122,1,211.739,-24.1202,20,20,484.091,55.022
4,1.20163,0.299175,1,217.538,-24.13,20,20,501.211,57.1701
4,1.20816,0.306228,1,223.496,-24.1372,20,20,518.785,59.3767
4,1.21469,0.313281,1,229.617,-24.1434,20,20,536.678,61.624
4,1.22122,0.320334,1,235.905,-24.1447,20,20,556.209,64.0853
4,1.22776,0.327387,1,242.366,-24.1439,20,20,575.622,66.5305
4,1.23429,0.33444,1,251.257,-24.1507,20,20,596.036,69.1058
4,1.24082,0.341493,1,258.138,-24.164,20,20,617.294,71.7928
4,1.24735,0.348546,1,265.207,-24.1699,20,20,638.28,74.4444
4,1.25388,0.3556,1,272.47,-24.1709,20,20,660.917,77.3119
4,1.26041,0.362653,1,279.933,-24.1689,20,20,683.544,80.1784
4,1.26694,0.369706,1,287.599,-24.1731,20,20,705.707,82.9865
4,1.27347,0.376759,1,298.149,-24.1866,20,20,729.875,86.0569
4,1.28,0.383812,1,306.314,-24.1928,20,20,753.346,89.0383
4,1.28653,0.390865,1,314.703,-24.1921,20,20,776.105,91.9295
4,1.29306,0.397918,1,323.322,-24.1974,20,20,800.622,95.0509
4,1.29959,0.404971,1,329.198,-24.2043,20,20,824.222,98.0561
4,1.30612,0.412024,1,338.214,-24.2142,20.2777,20,846.758,100.924
4,1.31265,0.419077,1,347.477,-24.2163,20.7632,20,869.895,103.874
4,1.31918,0.42613,1,356.993,-24.2118,21.242,20,892.634,106.776
4,1.32571,0.433183,1,363.482,-24.2179,21.691,20,914.066,109.509
4,1.33224,0.440236,1,370.088,-24.2099,22.1115,20,934.066,112.059
4,1.33878,0.447289,1,380.224,-24.2162,22.5303,20,954.086,114.617
4,1.34531,0.454342,1,387.134,-24.2198,22.9252,20,973.011,117.034
4,1.35184,0.461396,1,394.171,-24.2161,23.2866,20,990.296,119.244
4,1.35837,0.468449,1,397.737,-24.2212,23.6119,20,1005.85,121.23
4,1.3649,0.475502,1,404.966,-24.2209,23.8974,20,1019.56,122.981
4,1.37143,0.482555,1,408.63,-24.2263,24.1446,20,1031.37,124.49
4,1.37796,0.489608,1,412.326,-24.2272,24.365,20,1041.93,125.84
4,1.38449,0.496661,1,416.057,-24.2272,24.5489,20,1050.79,126.974
4,1.39102,0.503714,1,419.821,-24.2181,24.6874,20,1057.46,127.827
4,1.39755,0.510767,1,419.821,-24.2285,24.7802,20,1061.92,128.398
4,1.40408,0.51782,1,419.821,-24.2255,24.8268,20,1064.16,128.684
4,1.41061,0.524873,1,419.821,-24.2246,24.8339,20,1064.49,128.728
4,1.41714,0.531926,1,419.821,-24.2255,24.8268,20,1064.17,128.686
4,1.42367,0.538979,1,419.821,-24.2274,24.8071,20,1063.22,128.563
4,1.4302,0.546032,1,419.821,-24.2283,24.7697,20,1061.43,128.334
4,1.43673,0.553085,1,419.821,-24.2229,24.7114,20,1058.63,127.977
4,1.44327,0.560139,1,416.057,-24.2233,24.6291,20,1054.68,127.472
4,1.4498,0.567192,1,416.057,-24.2246,24.5216,20,1049.46,126.803
4,1.45633,0.574245,1,412.326,-24.2269,24.3839,20,1042.87,125.96
4,1.46286,0.581298,1,408.63,-24.2224,24.2185,20,1034.89,124.939
4,1.46939,0.588351,1,404.966,-24.2176,24.0388,20,1026.31,123.844
4,1.47592,0.595404,1,401.335,-24.2185,23.8306,20,1016.32,122.568
4,1.48245,0.602457,1,397.737,-24.2236,23.5918,20,1004.89,121.108
4,1.48898,0.60951,1,394.171,-24.2221,23.3227,20,992.033,119.465
4,1.49551,0.616563,1,387.134,-24.2195,23.0243,20,977.761,117.641
4,1.50204,0.623616,1,383.663,-24.2115,22.6961,20,962.047,115.634
4,1.50857,0.630669,1,376.815,-24.2148,22.3385,20,944.886,113.44
4,1.5151,0.637722,1,370.088,-24.2157,21.9767,20,927.633,111.239
4,1.52163,0.644775,1,363.482,-24.2125,21.5982,20,909.656,108.946
4,1.52816,0.651828,1,353.792,-24.2085,21.1966,20,890.486,106.502
4,1.53469,0.658881,1,347.477,-24.2165,20.7695,20,870.169,103.909
4,1.54122,0.665935,1,338.214,-24.2057,20.3281,20,849.147,101.229
4,1.54776,0.672988,1,332.177,-24.213,20,20,828.861,98.6461
4,1.55429,0.680041,1,323.322,-24.1993,20,20,807.631,95.9443
4,1.56082,0.687094,1,317.55,-24.2005,20,20,785.558,93.1329
4,1.56735,0.694147,1,309.085,-24.1994,20,20,763.935,90.3836
4,1.57388,0.7012,1,300.846,-24.188,20,20,742.614,87.6756
4,1.58041,0.708253,1,292.826,-24.1765,20,20,720.67,84.8873
4,1.58694,0.715306,1,287.599,-24.1739,20,20,698.884,82.1221
4,1.59347,0.722359,1,279.933,-24.175,20,20,678.135,79.4934
4,1.6,0.729412,1,272.47,-24.1699,20,20,656.942,76.8078
4,1.60653,0.736465,1,265.207,-24.1639,20,20,636.103,74.1692
4,1.61306,0.743518,1,258.138,-24.1609,20,20,616.414,71.6816
4,1.61959,0.750571,1,251.257,-24.1533,20,20,596.456,69.1594
4,1.62612,0.757625,1,244.559,-24.1473,20,20,577.258,66.737
4,1.63265,0.764678,1,238.04,-24.1437,20,20,558.987,64.4353
4,1.63918,0.771731,1,231.694,-24.1361,20,20,540.605,62.1195
4,1.64571,0.778784,1,225.518,-24.1334,20,20,523.405,59.9568
4,1.65224,0.785837,1,219.506,-24.1313,20,20,506.79,57.8707
4,1.65878,0.79289,1,213.655,-24.1265,20,20,490.172,55.784
4,1.66531,0.799943,1,207.96,-24.126,20,20,475.091,53.8964
4,1.67184,0.806996,1,202.416,-24.121,20,20,460.259,52.0401
4,1.67837,0.814049,1,197.02,-24.1138,20,20,445.638,50.2112
4,1.6849,0.821102,1,193.503,-24.1045,20,20,432.498,48.5732
4,1.69143,0.828155,1,188.345,-24.1104,20,20,419.492,46.9516
4,1.69796,0.835208,1,183.324,-24.1031,20,20,406.888,45.3809
4,1.70449,0.842261,1,180.052,-24.1021,20,20,395.495,43.9667
4,1.71102,0.849314,1,175.252,-24.0961,20,20,384.288,42.5743
4,1.71755,0.856367,1,172.124,-24.098,20,20,373.462,41.231
4,1.72408,0.863421,1,169.051,-24.0862,20,20,363.75,40.0297
4,1.73061,0.870474,1,164.545,-24.0875,20,20,354.261,38.8563
4,1.73714,0.877527,1,161.608,-24.093,20,20,344.988,37.7093
4,1.74367,0.88458,1,158.723,-24.0921,20,20,336.804,36.7012
4,1.7502,0.891633,1,155.889,-24.0908,20,20,328.913,35.7294
4,1.75673,0.898686,1,153.106,-24.0893,20,20,321.258,34.7863
4,1.76327,0.905739,1,150.373,-24.0853,20,20,314.13,33.9094
4,1.7698,0.912792,1,149.025,-24.0727,20,20,307.69,33.1199
4,1.77633,0.919845,1,146.365,-24.0869,20,20,301.501,32.3613
4,1.78286,0.926898,1,143.752,-24.0848,20,20,295.558,31.6322
4,1.78939,0.933951,1,142.463,-24.08,20,20,290.037,30.9565
4,1.79592,0.941004,1,139.92,-24.0819,20,20,285.14,30.3585
4,1.80245,0.948057,1,138.666,-24.0876,20,20,280.496,29.7918
4,1.80898,0.95511,1,137.422,-24.0795,20,20,276.098,29.254
4,1.81551,0.962164,1,134.969,-24.0729,20,20,271.946,28.7474
4,1.82204,0.969217,1,133.759,-24.0809,20,20,268.133,28.282
4,1.82857,0.97627,1,132.56,-24.0808,20,20,264.837,27.8821
4,1.8351,0.983323,1,131.371,-24.0768,20,20,261.789,27.5113
4,1.84163,0.990376,1,131.371,-24.0721,20,20,258.985,27.1703
4,1.84816,0.997429,1,130.194,-24.0842,20,20,256.421,26.8586
5,0,0.00113666,1,122.239,-16.7944,20,20,254.812,26.5903
5,0.00725624,0.00875568,1,121.143,-16.7919,20,20,250.378,26.0516
5,0.0145125,0.0163748,1,118.981,-16.7922,20,20,246.667,25.6031
5,0.0217687,0.0239938,1,117.914,-16.7939,20,20,243.258,25.1912
5,0.0290249,0.0316128,1,116.857,-16.7948,20,20,240.143,24.8155
5,0.0362812,0.0392318,1,115.809,-16.7947,20,20,237.322,24.4746
5,0.0435374,0.0468509,1,114.771,-16.793,20,20,234.795,24.1685
5,0.0507937,0.0544699,1,114.771,-16.7962,20,20,232.563,23.899
5,0.0580499,0.062089,1,113.742,-16.7978,20,20,230.728,23.6778
5,0.0653061,0.069708,1,113.742,-16.7958,20,20,229.257,23.5011
5,0.0725624,0.0773271,1,112.722,-16.7979,20,20,228.067,23.358
5,0.0798186,0.0849461,1,112.722,-16.7987,20,20,227.156,23.2484
5,0.0870748,0.0925651,1,112.722,-16.7973,20,20,226.521,23.1712
5,0.0943311,0.100184,1,112.722,-16.7958,20,20,226.192,23.133
5,0.101587,0.107803,1,112.722,-16.7976,20,20,226.604,23.1813
5,0.108844,0.115422,1,112.722,-16.7981,20,20,227.98,23.3475
5,0.1161,0.123041,1,113.742,-16.7979,20,20,230.025,23.5935
5,0.123356,0.13066,1,114.771,-16.7968,20,20,232.725,23.9188
5,0.130612,0.138279,1,115.809,-16.7966,20,20,236.14,24.3318
5,0.137868,0.145898,1,116.857,-16.795,20,20,240.046,24.8037
5,0.145125,0.153517,1,118.981,-16.7936,20,20,244.413,25.331
5,0.152381,0.161136,1,120.057,-16.7937,20,20,249.269,25.918
5,0.159637,0.168756,1,122.239,-16.7944,20,20,254.966,26.6088
5,0.166893,0.176375,1,124.461,-16.794,20,20,261.186,27.3634
5,0.17415,0.183994,1,126.723,-16.7942,20,20,267.874,28.1766
5,0.181406,0.191613,1,129.026,-16.7932,20,20,275.367,29.0873
5,0.188662,0.199232,1,132.56,-16.7937,20,20,283.592,30.0905
5,0.195918,0.206851,1,134.969,-16.7954,20,20,292.29,31.151
5,0.203175,0.21447,1,138.666,-16.7974,20,20,302.126,32.3546
5,0.210431,0.222089,1,142.463,-16.7987,20,20,312.586,33.6353
5,0.217687,0.229708,1,146.365,-16.801,20,20,323.902,35.0238
5,0.224943,0.237327,1,150.373,-16.8049,20,20,336.333,36.5523
5,0.2322,0.244946,1,154.492,-16.8079,20,20,349.425,38.1631
5,0.239456,0.252565,1,160.159,-16.811,20,20,364.053,39.9699
5,0.246712,0.260184,1,164.545,-16.8162,20,20,379.25,41.8466
5,0.253968,0.267803,1,170.581,-16.822,20,20,396.302,43.9617
5,0.261224,0.275422,1,176.838,-16.8277,20,20,413.959,46.1519
5,0.268481,0.283041,1,183.324,-16.8343,20,20,433.652,48.604
5,0.275737,0.29066,1,190.049,-16.841,20,20,454.137,51.1555
5,0.282993,0.298279,1,197.02,-16.8458,20,20,476.664,53.9702
5,0.290249,0.305898,1,206.095,-16.8559,20,20,500.339,56.9319
5,0.297506,0.313517,1,213.655,-16.8628,20,20,525.875,60.1332
5,0.304762,0.321136,1,223.496,-16.8733,20,20,553.068,63.55
5,0.312018,0.328755,1,233.79,-16.8808,20,20,581.694,67.15
5,0.319274,0.336374,1,244.559,-16.8885,20,20,612.665,71.0549
5,0.326531,0.343993,1,253.53,-16.8999,20,20,644.437,75.0634
5,0.333787,0.351612,1,265.207,-16.9096,20,20,679.343,79.479
5,0.341043,0.359231,1,277.423,-16.9197,20,20,714.58,83.9385
5,0.348299,0.36685,1,290.201,-16.9294,20,20,753.031,88.8164
5,0.355556,0.37447,1,303.568,-16.939,20,20,791.875,93.7459
5,0.362812,0.382089,1,317.55,-16.9477,20.1162,20,833.307,99.0131
5,0.370068,0.389708,1,332.177,-16.9504,21.0045,20,875.275,104.352
5,0.377324,0.397327,1,347.477,-16.9525,21.9331,20,919.266,109.955
5,0.38458,0.404946,1,363.482,-16.9557,22.8669,20,963.546,115.598
5,0.391837,0.412565,1,380.224,-16.9591,23.8294,20,1009.4,121.449
5,0.399093,0.420184,1,397.737,-16.963,24.7785,20,1054.65,127.223
5,0.406349,0.427803,1,416.057,-16.964,25.7572,20,1101.5,133.207
5,0.413605,0.435422,1,431.318,-16.9684,26.6915,20,1146.2,138.916
5,0.420862,0.443041,1,447.14,-16.9714,27.6574,20,1192.61,144.851
5,0.428118,0.45066,1,463.542,-16.974,28.5702,20,1236.47,150.458
5,0.435374,0.458279,1,480.545,-16.9735,29.4351,20,1278.1,155.781
5,0.44263,0.465898,1,493.706,-16.9785,30.3052,20,1320.1,161.156
5,0.449887,0.473517,1,507.227,-16.9803,31.0934,20,1358.14,166.023
5,0.457143,0.481136,1,521.118,-16.981,31.7973,20,1392.09,170.365
5,0.464399,0.488755,1,530.59,-16.9834,32.4592,20,1424.1,174.461
5,0.471655,0.496374,1,540.233,-16.9838,33.0531,20,1452.94,178.153
5,0.478912,0.503993,1,550.053,-16.986,33.5474,20,1476.88,181.217
5,0.486168,0.511612,1,555.029,-16.9845,33.9392,20,1495.85,183.644
5,0.493424,0.519231,1,560.05,-16.9851,34.2272,20,1509.79,185.428
5,0.50068,0.52685,1,565.117,-16.9878,34.4096,20,1518.67,186.563
5,0.507937,0.534469,1,565.117,-16.9866,34.4886,20,1522.45,187.048
5,0.515193,0.542088,1,565.117,-16.9865,34.4916,20,1522.59,187.065
5,0.522449,0.549707,1,565.117,-16.987,34.4689,20,1521.52,186.929
5,0.529705,0.557326,1,565.117,-16.9878,34.4159,20,1518.95,186.6
5,0.536961,0.564946,1,565.117,-16.9873,34.3247,20,1514.53,186.034
5,0.544218,0.572565,1,560.05,-16.9862,34.1893,20,1507.97,185.195
5,0.551474,0.580184,1,560.05,-16.9859,34.0052,20,1499.05,184.053
5,0.55873,0.587803,1,555.029,-16.9863,33.7685,20,1487.58,182.586
5,0.565986,0.595422,1,550.053,-16.9855,33.4764,20,1473.4,180.772
5,0.573243,0.603041,1,545.121,-16.983,33.125,20,1456.4,178.596
5,0.580499,0.61066,1,535.39,-16.9841,32.7135,20,1436.48,176.046
5,0.587755,0.618279,1,525.833,-16.9816,32.2432,20,1413.64,173.122
5,0.595011,0.625898,1,521.118,-16.9792,31.7456,20,1389.6,170.047
5,0.602268,0.633517,1,507.227,-16.978,31.2103,20,1363.79,166.744
5,0.609524,0.641136,1,498.172,-16.9787,30.6178,20,1335.2,163.087
5,0.61678,0.648755,1,489.279,-16.9763,29.9686,20,1303.82,159.073
5,0.624036,0.656374,1,476.237,-16.9754,29.2658,20,1269.91,154.733
5,0.631293,0.663993,1,463.542,-16.974,28.5836,20,1237.09,150.538
5,0.638549,0.671612,1,451.185,-16.972,27.8506,20,1201.92,146.042
5,0.645805,0.679231,1,439.158,-16.9672,27.0711,20,1164.41,141.243
5,0.653061,0.68685,1,423.619,-16.9675,26.301,20,1127.52,136.53
5,0.660317,0.694469,1,408.63,-16.9627,25.5196,20,1090.13,131.755
5,0.667574,0.702088,1,397.737,-16.9605,24.6992,20,1050.87,126.739
5,0.67483,0.709707,1,383.663,-16.9592,23.9129,20,1013.4,121.959
5,0.682086,0.717326,1,370.088,-16.956,23.1133,20,975.28,117.095
5,0.689342,0.724945,1,353.792,-16.9537,22.3062,20,936.884,112.199
5,0.696599,0.732564,1,341.274,-16.9523,21.5349,20,900.347,107.546
5,0.703855,0.740183,1,329.198,-16.9483,20.7414,20,862.789,102.761
5,0.711111,0.747802,1,314.703,-16.9464,20.0017,20,827.898,98.3259
5,0.718367,0.755421,1,303.568,-16.9392,20,20,792.634,93.8425
5,0.725624,0.76304,1,292.826,-16.931,20,20,759.195,89.598
5,0.73288,0.77066,1,282.465,-16.9214,20,20,726.44,85.4428
5,0.740136,0.778279,1,270.028,-16.9123,20,20,695.051,81.4666
5,0.747392,0.785898,1,260.473,-16.9057,20,20,664.935,77.6562
5,0.754649,0.793517,1,251.257,-16.8982,20,20,635.917,73.9882
5,0.761905,0.801136,1,242.366,-16.89,20,20,608.509,70.5313
5,0.769161,0.808755,1,233.79,-16.8812,20,20,581.997,67.1876
5,0.776417,0.816374,1,225.518,-16.8734,20,20,557.294,64.0806
5,0.783673,0.823993,1,217.538,-16.8654,20,20,533.285,61.0632
5,0.79093,0.831612,1,209.841,-16.8592,20,20,511.22,58.2963
5,0.798186,0.839231,1,202.416,-16.8526,20,20,489.598,55.5862
5,0.805442,0.84685,1,195.254,-16.8459,20,20,470.051,53.1435
5,0.812698,0.854469,1,188.345,-16.8377,20,20,450.717,50.7286
5,0.819955,0.862088,1,183.324,-16.8341,20,20,433.491,48.5838
5,0.827211,0.869707,1,176.838,-16.8262,20,20,416.567,46.477
5,0.834467,0.877326,1,172.124,-16.8234,20,20,401.179,44.5658
5,0.841723,0.884945,1,167.536,-16.8188,20,20,386.493,42.7456
5,0.84898,0.892564,1,163.07,-16.8137,20,20,372.719,41.0399
5,0.856236,0.900183,1,158.723,-16.8105,20,20,360.086,39.4806
5,0.863492,0.907802,1,154.492,-16.807,20,20,347.768,37.9591
5,0.870748,0.915421,1,150.373,-16.8049,20,20,336.927,36.625
5,0.878005,0.92304,1,146.365,-16.8001,20,20,326.469,35.3388
5,0.885261,0.930659,1,143.752,-16.8001,20,20,316.628,34.1301
5,0.892517,0.938278,1,139.92,-16.795,20,20,307.828,33.0527
5,0.899773,0.945897,1,137.422,-16.7965,20,20,299.355,32.015
5,0.907029,0.953516,1,134.969,-16.7959,20,20,291.482,31.0518
5,0.914286,0.961136,1,132.56,-16.7952,20,20,284.465,30.1968
5,0.921542,0.968755,1,130.194,-16.7947,20,20,277.771,29.3813
5,0.928798,0.976374,1,127.869,-16.794,20,20,271.394,28.6029
5,0.936054,0.983993,1,125.587,-16.7907,20,20,265.919,27.9388
5,0.943311,0.991612,1,124.461,-16.7939,20,20,260.791,27.3164
5,0.950567,0.999231,1,122.239,-16.7918,20,20,255.97,26.7306
5,0.957823,0.00684971,1,121.143,-16.7945,20,20,251.456,26.1834
5,0.965079,0.0144687,1,120.057,-16.7935,20,20,247.567,25.7123
5,0.972336,0.0220878,1,118.981,-16.7923,20,20,244.082,25.292
5,0.979592,0.0297068,1,117.914,-16.792,20,20,240.895,24.9062
5,0.986848,0.0373259,1,116.857,-16.7932,20,20,238,24.5569
5,0.994104,0.0449449,1,115.809,-16.7955,20,20,235.399,24.2424
5,1.00136,0.052564,1,114.771,-16.7974,20,20,233.094,23.9633
5,1.00862,0.060183,1,113.742,-16.7968,20,20,231.14,23.7274
5,1.01587,0.067802,1,113.742,-16.797,20,20,229.598,23.5427
5,1.02313,0.075421,1,112.722,-16.7971,20,20,228.339,23.3903
5,1.03039,0.0830401,1,112.722,-16.7987,20,20,227.358,23.2724
5,1.03764,0.0906591,1,112.722,-16.7978,20,20,226.654,23.188
5,1.0449,0.0982782,1,112.722,-16.7961,20,20,226.237,23.1376
5,1.05215,0.105897,1,112.722,-16.7968,20,20,226.384,23.1548
5,1.05941,0.113516,1,112.722,-16.7988,20,20,227.568,23.2984
5,1.06667,0.121135,1,113.742,-16.7967,20,20,229.458,23.525
5,1.07392,0.128754,1,114.771,-16.7938,20,20,231.954,23.826
5,1.08118,0.136373,1,115.809,-16.7948,20,20,235.237,24.2223
5,1.08844,0.143992,1,116.857,-16.7961,20,20,239.025,24.6803
5,1.09569,0.151611,1,117.914,-16.7938,20,20,243.274,25.1933
5,1.10295,0.15923,1,120.057,-16.7945,20,20,248.014,25.7669
5,1.1102,0.166849,1,122.239,-16.7918,20,20,253.472,26.4282
5,1.11746,0.174469,1,124.461,-16.79,20,20,259.593,27.1707
5,1.12472,0.182088,1,126.723,-16.7901,20,20,266.159,27.9678
5,1.13197,0.189707,1,129.026,-16.7929,20,20,273.37,28.844
5,1.13923,0.197326,1,131.371,-16.7949,20,20,281.49,29.8334
5,1.14649,0.204945,1,134.969,-16.7927,20,20,290.078,30.8808
5,1.15374,0.212564,1,137.422,-16.7963,20,20,299.588,32.044
5,1.161,0.220183,1,141.186,-16.799,20,20,309.923,33.3091
5,1.16825,0.227802,1,145.053,-16.8012,20,20,320.861,34.6492
5,1.17551,0.235421,1,149.025,-16.8039,20,20,333.171,36.1633
5,1.18277,0.24304,1,153.106,-16.8058,20,20,345.957,37.7353
5,1.19002,0.250659,1,158.723,-16.8108,20,20,360.343,39.5113
5,1.19728,0.258278,1,163.07,-16.8141,20,20,375.335,41.3631
5,1.20454,0.265897,1,169.051,-16.8207,20,20,391.988,43.4266
5,1.21179,0.273516,1,175.252,-16.8262,20,20,409.395,45.5851
5,1.21905,0.281135,1,181.681,-16.8326,20,20,428.681,47.9848
5,1.2263,0.288754,1,188.345,-16.8392,20,20,448.7,50.4767
5,1.23356,0.296373,1,195.254,-16.8449,20,20,470.988,53.2603
5,1.24082,0.303992,1,204.247,-16.8528,20,20,493.976,56.134
5,1.24807,0.311611,1,211.739,-16.8617,20,20,519.45,59.3286
5,1.25533,0.31923,1,221.492,-16.8705,20,20,545.913,62.6492
5,1.26259,0.326849,1,231.694,-16.877,20,20,574.506,66.2458
5,1.26984,0.334468,1,240.193,-16.888,20,20,604.695,70.0492
5,1.2771,0.342087,1,251.257,-16.8983,20,20,636.477,74.0588
5,1.28435,0.349706,1,262.829,-16.908,20,20,670.564,78.369
5,1.29161,0.357325,1,274.935,-16.9172,20,20,705.492,82.7875
5,1.29887,0.364945,1,287.599,-16.927,20,20,743.474,87.6044
5,1.30612,0.372564,1,300.846,-16.9352,20,20,781.396,92.414
5,1.31338,0.380183,1,314.703,-16.9452,20,20,823.032,97.707
5,1.32063,0.387802,1,329.198,-16.9494,20.7699,20,864.128,102.932
5,1.32789,0.395421,1,344.361,-16.953,21.704,20,908.38,108.569
5,1.33515,0.40304,1,360.223,-16.9561,22.6214,20,951.845,114.105
5,1.3424,0.410659,1,376.815,-16.9592,23.5918,20,998.067,120.003
5,1.34966,0.418278,1,394.171,-16.9614,24.5283,20,1042.67,125.692
5,1.35692,0.425897,1,408.63,-16.9628,25.5175,20,1089.99,131.738
5,1.36417,0.433516,1,427.451,-16.9676,26.4626,20,1135.24,137.517
5,1.37143,0.441135,1,443.131,-16.9707,27.4185,20,1181.13,143.383
5,1.37868,0.448754,1,459.386,-16.9734,28.3479,20,1225.79,149.094
5,1.38594,0.456373,1,476.237,-16.9739,29.2137,20,1267.44,154.417
5,1.3932,0.463992,1,489.279,-16.9776,30.0955,20,1309.96,159.858
5,1.40045,0.471611,1,502.679,-16.9788,30.9043,20,1349,164.854
5,1.40771,0.47923,1,516.446,-16.9817,31.6292,20,1383.99,169.329
5,1.41497,0.486849,1,530.59,-16.9809,32.2945,20,1416.14,173.442
5,1.42222,0.494468,1,540.233,-16.9842,32.914,20,1446.18,177.287
5,1.42948,0.502087,1,550.053,-16.9846,33.4339,20,1471.36,180.51
5,1.43673,0.509706,1,555.029,-16.9865,33.8513,20,1491.58,183.098
5,1.44399,0.517325,1,560.05,-16.9867,34.1645,20,1506.78,185.042
5,1.45125,0.524944,1,565.117,-16.9878,34.3747,20,1516.92,186.34
5,1.4585,0.532563,1,565.117,-16.9868,34.4786,20,1521.98,186.987
5,1.46576,0.540182,1,565.117,-16.9865,34.4933,20,1522.68,187.077
5,1.47302,0.547801,1,565.117,-16.9869,34.4769,20,1521.91,186.978
5,1.48027,0.55542,1,565.117,-16.9876,34.4327,20,1519.76,186.703
5,1.48753,0.563039,1,565.117,-16.9876,34.3516,20,1515.82,186.199
5,1.49478,0.570659,1,560.05,-16.9851,34.2272,20,1509.82,185.431
5,1.50204,0.578278,1,560.05,-16.9869,34.0552,20,1501.51,184.368
5,1.5093,0.585897,1,555.029,-16.9866,33.8328,20,1490.69,182.984
5,1.51655,0.593516,1,550.053,-16.9859,33.5542,20,1477.21,181.258
5,1.52381,0.601135,1,545.121,-16.9852,33.2183,20,1460.93,179.175
5,1.53107,0.608754,1,535.39,-16.9818,32.8219,20,1441.73,176.719
5,1.53832,0.616373,1,530.59,-16.983,32.3668,20,1419.63,173.889
5,1.54558,0.623992,1,521.118,-16.9822,31.8704,20,1395.63,170.817
5,1.55283,0.631611,1,511.816,-16.981,31.3498,20,1370.5,167.604
5,1.56009,0.63923,1,502.679,-16.9791,30.7724,20,1342.61,164.035
5,1.56735,0.646849,1,489.279,-16.9769,30.1363,20,1311.93,160.11
5,1.5746,0.654468,1,480.545,-16.9739,29.4443,20,1278.52,155.834
5,1.58186,0.662087,1,467.735,-16.9737,28.7588,20,1245.52,151.616
5,1.58912,0.669706,1,455.267,-16.9717,28.0388,20,1210.94,147.195
5,1.59637,0.677325,1,439.158,-16.9686,27.2711,20,1174.01,142.472
5,1.60363,0.684944,1,427.451,-16.9682,26.4899,20,1136.58,137.687
5,1.61088,0.692563,1,412.326,-16.964,25.7186,20,1099.65,132.972
5,1.61814,0.700182,1,401.335,-16.9613,24.9083,20,1060.86,128.016
5,1.6254,0.707801,1,387.134,-16.9597,24.1089,20,1022.72,123.147
5,1.63265,0.71542,1,373.436,-16.9571,23.3156,20,984.95,118.33
5,1.63991,0.723039,1,356.993,-16.9541,22.4955,20,945.868,113.343
5,1.64717,0.730658,1,344.361,-16.9526,21.7291,20,909.582,108.721
5,1.65442,0.738277,1,332.177,-16.9499,20.9424,20,872.281,103.971
5,1.66168,0.745896,1,317.55,-16.9461,20.1859,20,836.614,99.4331
5,1.66893,0.753515,1,306.314,-16.9411,20,20,801.521,94.972
5,1.67619,0.761135,1,295.476,-16.933,20,20,767.329,90.6298
5,1.68345,0.768754,1,285.021,-16.9241,20,20,734.672,86.4871
5,1.6907,0.776373,1,272.47,-16.9141,20,20,702.546,82.415
5,1.69796,0.783992,1,262.829,-16.9075,20,20,672.485,78.6122
5,1.70522,0.791611,1,253.53,-16.9002,20,20,642.753,74.8511
5,1.71247,0.79923,1,244.559,-16.8922,20,20,615.367,71.3959
5,1.71973,0.806849,1,235.905,-16.883,20,20,588.173,67.9652
5,1.72698,0.814468,1,227.558,-16.8755,20,20,563.47,64.8579
5,1.73424,0.822087,1,219.506,-16.8666,20,20,538.838,61.7595
5,1.7415,0.829706,1,211.739,-16.8609,20,20,516.733,58.9873
5,1.74875,0.837325,1,204.247,-16.854,20,20,494.775,56.2343
5,1.75601,0.844944,1,197.02,-16.8478,20,20,474.925,53.7526
5,1.76327,0.852563,1,190.049,-16.8397,20,20,455.524,51.3287
5,1.77052,0.860182,1,184.983,-16.8351,20,20,437.765,49.1154
5,1.77778,0.867801,1,178.438,-16.8289,20,20,420.772,47.0009
5,1.78503,0.87542,1,173.681,-16.8249,20,20,404.897,45.0277
5,1.79229,0.883039,1,169.051,-16.8189,20,20,390.142,43.1985
5,1.79955,0.890658,1,163.07,-16.8126,20,20,375.929,41.4363
5,1.8068,0.898277,1,158.723,-16.8086,20,20,363.217,39.8668
5,1.81406,0.905896,1,155.889,-16.8051,20,20,350.817,38.3351
5,1.82132,0.913515,1,151.734,-16.8044,20,20,339.593,36.9531
5,1.82857,0.921134,1,147.689,-16.8028,20,20,329.055,35.6566
5,1.83583,0.928753,1,143.752,-16.798,20,20,318.883,34.4058
5,1.84308,0.936372,1,141.186,-16.7991,20,20,309.998,33.3188
5,1.85034,0.943991,1,138.666,-16.7965,20,20,301.445,32.2714
5,1.8576,0.95161,1,134.969,-16.793,20,20,293.29,31.2724
5,1.86485,0.959229,1,132.56,-16.7922,20,20,286.19,30.4069
5,1.87211,0.966849,1,130.194,-16.7909,20,20,279.415,29.5813
5,1.87937,0.974468,1,129.026,-16.7913,20,20,272.959,28.7945
5,1.88662,0.982087,1,126.723,-16.7935,20,20,267.251,28.1001
5,1.89388,0.989706,1,124.461,-16.7929,20,20,262.044,27.4684
5,1.90113,0.997325,1,123.345,-16.7931,20,20,257.147,26.8738
6,0,0.000887692,1,98.4777,-16.7857,20,20,179.686,20
6,0.0101587,0.00820196,1,96.7197,-16.7814,20,20,175.306,20
6,0.0203175,0.0155163,1,95.8525,-16.7783,20,20,171.368,20
6,0.0304762,0.0228305,1,94.9932,-16.7743,20,20,167.95,20
6,0.0406349,0.0301449,1,94.1415,-16.7698,20,20,164.8,20
6,0.0507937,0.0374591,1,93.2974,-16.765,20,20,161.898,20
6,0.0609524,0.0447735,1,93.2974,-16.7596,20,20,159.47,20
6,0.0711111,0.0520877,1,92.4609,-16.761,20,20,157.326,20
6,0.0812698,0.059402,1,91.632,-16.7568,20,20,155.404,20
6,0.0914286,0.0667163,1,91.632,-16.7546,20,20,153.696,20
6,0.101587,0.0740306,1,90.8104,-16.753,20,20,152.208,20
6,0.111746,0.0813449,1,90.8104,-16.7521,20,20,150.968,20
6,0.121905,0.0886592,1,90.8104,-16.7464,20,20,150.033,20
6,0.132063,0.0959735,1,89.9962,-16.7487,20,20,149.294,20
6,0.142222,0.103288,1,89.9962,-16.7493,20,20,148.75,20
6,0.152381,0.110602,1,89.9962,-16.7489,20,20,148.398,20
6,0.16254,0.117916,1,89.9962,-16.7486,20,20,148.286,20
6,0.172698,0.125231,1,89.9962,-16.7493,20,20,148.864,20
6,0.182857,0.132545,1,90.8104,-16.7459,20,20,150.008,20
6,0.193016,0.139859,1,90.8104,-16.7535,20,20,151.693,20
6,0.203175,0.147174,1,91.632,-16.7562,20,20,154.022,20
6,0.213333,0.154488,1,92.4609,-16.7586,20,20,156.799,20
6,0.223492,0.161802,1,93.2974,-16.7631,20,20,160.024,20
6,0.233651,0.169116,1,94.1415,-16.7698,20,20,163.952,20
6,0.24381,0.176431,1,94.9932,-16.7733,20,20,168.476,20
6,0.253968,0.183745,1,96.7197,-16.7814,20,20,173.566,20
6,0.264127,0.191059,1,98.4777,-16.7852,20,20,179.611,20
6,0.274286,0.198374,1,99.3686,-16.7934,20,20,186.24,20
6,0.284444,0.205688,1,102.09,-16.8008,20,20,194.072,20
6,0.294603,0.213002,1,103.946,-16.8098,20,20,202.771,20.3201
6,0.304762,0.220317,1,107.758,-16.8035,20,20,212.635,21.5021
6,0.314921,0.227631,1,111.711,-16.7993,20,20,224.025,22.8724
6,0.325079,0.234945,1,115.809,-16.7963,20,20,236.807,24.4116
6,0.335238,0.242259,1,121.143,-16.7942,20,20,251.204,26.1523
6,0.345397,0.249574,1,126.723,-16.7942,20,20,267.848,28.1732
6,0.355556,0.256888,1,133.759,-16.7931,20,20,286.8,30.4812
6,0.365714,0.264202,1,141.186,-16.7964,20,20,308.356,33.117
6,0.375873,0.271517,1,149.025,-16.804,20,20,332.942,36.1351
6,0.386032,0.278831,1,158.723,-16.8115,20,20,361.046,39.5988
6,0.39619,0.286145,1,169.051,-16.8192,20,20,393.229,43.5807
6,0.406349,0.293459,1,181.681,-16.8322,20,20,430.132,48.165
6,0.416508,0.300774,1,197.02,-16.8454,20,20,472.484,53.4483
6,0.426667,0.308088,1,213.655,-16.8601,20,20,521.108,59.5353
6,0.436825,0.315402,1,231.694,-16.8806,20,20,576.931,66.5512
6,0.446984,0.322717,1,253.53,-16.899,20,20,640.994,74.6292
6,0.457143,0.330031,1,277.423,-16.9198,20,20,714.852,83.9732
6,0.467302,0.337345,1,306.314,-16.941,20,20,800.518,94.8448
6,0.47746,0.34466,1,341.274,-16.9524,21.5013,20,898.764,107.344
6,0.487619,0.351974,1,380.224,-16.9577,23.8663,20,1011.16,121.673
6,0.497778,0.359288,1,427.451,-16.9679,26.5504,20,1139.44,138.054
6,0.507937,0.366602,1,480.545,-16.9759,29.6216,20,1287.09,156.931
6,0.518095,0.373917,1,545.121,-16.9831,33.1267,20,1456.46,178.603
6,0.528254,0.381231,1,20.3635,-20.8026,37.0759,20,1648.18,203.138
6,0.528254,0.381231,2,612.83,-16.9932,37.0759,20,1648.18,203.138
6,0.538413,0.388545,1,21.6886,-21.3462,41.5116,20,1864.24,230.771
6,0.538413,0.388545,2,688.95,-16.9999,41.5116,20,1864.24,230.771
6,0.548571,0.39586,1,23.1,-21.9036,46.469,20,2106.51,261.727
6,0.548571,0.39586,2,781.532,-17.0065,46.469,20,2106.51,261.727
6,0.55873,0.403174,1,24.6032,-22.4755,52.0809,20,2381.54,296.814
6,0.55873,0.403174,2,878.606,-17.015,52.0809,20,2381.54,296.814
6,0.568889,0.410488,1,26.2042,-23.0418,58.2955,20,2686.6,335.647
6,0.568889,0.410488,2,987.737,-17.0207,58.2955,20,2686.6,335.647
6,0.579048,0.417802,1,27.6591,-23.626,65.1285,20,3022.27,378.26
6,0.579048,0.417802,2,1110.42,-17.0266,65.1285,20,3022.27,378.26
6,0.589206,0.425117,1,29.1949,-24.1814,72.5882,20,3388.75,424.631
6,0.589206,0.425117,2,1248.35,-17.0315,72.5882,20,3388.75,424.631
6,0.599365,0.432431,1,31.0947,-24.7337,80.6638,20,3785.2,474.61
6,0.599365,0.432431,2,1390.83,-17.0365,80.6638,20,3785.2,474.61
6,0.609524,0.439745,1,32.5269,-25.267,89.3163,20,4209.24,527.852
6,0.609524,0.439745,2,1549.56,-17.0404,89.3163,20,4209.24,527.852
6,0.619683,0.44706,1,34.3329,-25.7903,98.4799,20,4657.22,583.856
6,0.619683,0.44706,2,1710.93,-17.0438,98.4799,20,4657.22,583.856
6,0.629841,0.454374,1,35.9143,-26.2616,108.066,20,5124.35,641.989
6,0.629841,0.454374,2,1889.11,-17.0474,108.066,20,5124.35,641.989
6,0.64,0.461688,1,37.5685,-26.7136,117.918,20,5602.59,701.239
6,0.64,0.461688,2,2067.15,-17.0502,117.918,20,5602.59,701.239
6,0.650159,0.469003,1,39.2989,-27.1378,127.814,20,6080.65,760.216
6,0.650159,0.469003,2,2241.68,-17.051,127.814,20,6080.65,760.216
6,0.660317,0.476317,1,40.7405,-27.5113,137.723,20,6556.94,818.729
6,0.660317,0.476317,2,2430.95,-17.0549,137.723,20,6556.94,818.729
6,0.670476,0.483631,1,43.3916,-27.5604,147.485,21.2076,7023.72,875.837
6,0.670476,0.483631,2,2612.56,-17.0558,147.485,21.2076,7023.72,875.837
6,0.680635,0.490945,1,46.2152,-27.5751,156.522,22.4501,7453.19,928.234
6,0.680635,0.490945,2,2782.57,-17.0566,156.522,22.4501,7453.19,928.234
6,0.690794,0.49826,1,48.7813,-27.5739,165.078,23.617,7857.6,977.406
6,0.690794,0.49826,2,2937.07,-17.0555,165.078,23.617,7857.6,977.406
6,0.700952,0.505574,1,50.5706,-27.6002,172.347,24.6026,8199.2,1018.88
6,0.700952,0.505574,2,3100.15,-17.0564,172.347,24.6026,8199.2,1018.88
6,0.711111,0.512888,1,52.4256,-27.6114,178.89,25.4826,8505.2,1055.93
6,0.711111,0.512888,2,3213.86,-17.0589,178.89,25.4826,8505.2,1055.93
6,0.72127,0.520203,1,53.8614,-27.6192,183.837,26.1452,8735.51,1083.8
6,0.72127,0.520203,2,3301.88,-17.0586,183.837,26.1452,8735.51,1083.8
6,0.731429,0.527517,1,54.8404,-27.626,187.189,26.5932,8891.01,1102.61
6,0.731429,0.527517,2,3361.89,-17.0576,187.189,26.5932,8891.01,1102.61
6,0.741587,0.534831,1,55.3365,-27.6286,188.948,26.828,8972.47,1112.46
6,0.741587,0.534831,2,3423,-17.0581,188.948,26.828,8972.47,1112.46
6,0.751746,0.542145,1,55.3365,-27.6232,189.255,26.8683,8986.61,1114.17
6,0.751746,0.542145,2,3423,-17.0594,189.255,26.8683,8986.61,1114.17
6,0.761905,0.54946,1,55.3365,-27.6283,189.031,26.8381,8976.24,1112.92
6,0.761905,0.54946,2,3423,-17.0585,189.031,26.8381,8976.24,1112.92
6,0.772063,0.556774,1,55.3365,-27.6237,188.365,26.749,8945.43,1109.19
6,0.772063,0.556774,2,3392.31,-17.0594,188.365,26.749,8945.43,1109.19
6,0.782222,0.564088,1,54.8404,-27.6261,187.14,26.5865,8888.77,1102.34
6,0.782222,0.564088,2,3361.89,-17.0579,187.14,26.5865,8888.77,1102.34
6,0.792381,0.571403,1,54.3487,-27.6237,185.28,26.3375,8802.49,1091.9
6,0.792381,0.571403,2,3331.75,-17.0591,185.28,26.3375,8802.49,1091.9
6,0.80254,0.578717,1,53.3785,-27.5996,182.72,25.9961,8683.58,1077.51
6,0.80254,0.578717,2,3301.88,-17.0572,182.72,25.9961,8683.58,1077.51
6,0.812698,0.586031,1,52.8999,-27.5944,179.409,25.5519,8529.38,1058.85
6,0.812698,0.586031,2,3213.86,-17.0576,179.409,25.5519,8529.38,1058.85
6,0.822857,0.593346,1,51.4898,-27.6077,175.302,25.0002,8337.54,1035.63
6,0.822857,0.593346,2,3156.49,-17.0569,175.302,25.0002,8337.54,1035.63
6,0.833016,0.60066,1,50.1172,-27.6005,170.498,24.352,8112.44,1008.36
6,0.833016,0.60066,2,3044.8,-17.0573,170.498,24.352,8112.44,1008.36
6,0.843175,0.607974,1,48.7813,-27.5867,165.382,23.6577,7871.94,979.149
6,0.843175,0.607974,2,2963.64,-17.0565,165.382,23.6577,7871.94,979.149
6,0.853333,0.615288,1,47.0552,-27.5795,159.476,22.8539,7593.13,945.256
6,0.853333,0.615288,2,2833.14,-17.0558,159.476,22.8539,7593.13,945.256
6,0.863492,0.622603,1,44.9833,-27.5688,152.964,21.9621,7284.35,907.662
6,0.863492,0.622603,2,2708.39,-17.0545,152.964,21.9621,7284.35,907.662
6,0.873651,0.629917,1,43.0025,-27.5511,146.296,21.0431,6967.03,868.909
6,0.873651,0.629917,2,2589.14,-17.0556,146.296,21.0431,6967.03,868.909
6,0.88381,0.637231,1,41.109,-27.551,138.948,20.026,6615.67,825.934
6,0.88381,0.637231,2,2452.94,-17.0551,138.948,20.026,6615.67,825.934
6,0.893968,0.644546,1,40.0132,-27.2829,131.723,20,6268.95,783.365
6,0.893968,0.644546,2,2323.91,-17.0536,131.723,20,6268.95,783.365
6,0.904127,0.65186,1,38.5974,-26.9784,124.067,20,5899.86,737.947
6,0.904127,0.65186,2,2181.92,-17.0518,124.067,20,5899.86,737.947
6,0.914286,0.659174,1,37.5685,-26.6552,116.499,20,5533.8,692.736
6,0.914286,0.659174,2,2048.61,-17.0486,116.499,20,5533.8,692.736
6,0.924444,0.666488,1,36.2392,-26.3154,108.944,20,5167.09,647.296
6,0.924444,0.666488,2,1906.2,-17.0475,108.944,20,5167.09,647.296
6,0.934603,0.673803,1,34.9569,-25.9369,101.368,20,4798.07,601.419
6,0.934603,0.673803,2,1773.69,-17.0429,101.368,20,4798.07,601.419
6,0.944762,0.681117,1,33.4177,-25.5385,94.0871,20,4442.58,557.057
6,0.944762,0.681117,2,1635.6,-17.0424,94.0871,20,4442.58,557.057
6,0.954921,0.688431,1,32.2353,-25.1475,87.0801,20,4099.72,514.122
6,0.954921,0.688431,2,1508.25,-17.0396,87.0801,20,4099.72,514.122
6,0.965079,0.695746,1,30.8159,-24.7174,80.3075,20,3767.71,472.409
6,0.965079,0.695746,2,1390.83,-17.0341,80.3075,20,3767.71,472.409
6,0.975238,0.70306,1,29.459,-24.2724,73.8462,20,3450.52,432.432
6,0.975238,0.70306,2,1271.04,-17.0323,73.8462,20,3450.52,432.432
6,0.985397,0.710374,1,28.1618,-23.824,67.738,20,3150.44,394.496
6,0.985397,0.710374,2,1161.57,-17.0281,67.738,20,3150.44,394.496
6,0.995556,0.717689,1,26.9218,-23.3707,62.0123,20,2869.09,358.832
6,0.995556,0.717689,2,1052.01,-17.0223,62.0123,20,2869.09,358.832
6,1.00571,0.725003,1,25.7364,-22.9132,56.7231,20,2609.34,325.822
6,1.00571,0.725003,2,961.407,-17.0197,56.7231,20,2609.34,325.822
6,1.01587,0.732317,1,24.6032,-22.4428,51.8281,20,2369.13,295.234
6,1.01587,0.732317,2,870.728,-17.0125,51.8281,20,2369.13,295.234
6,1.02603,0.739631,1,23.309,-21.9937,47.3096,20,2147.71,266.989
6,1.02603,0.739631,2,795.736,-17.0084,47.3096,20,2147.71,266.989
6,1.03619,0.746946,1,22.2826,-21.5292,43.1606,20,1944.8,241.07
6,1.03619,0.746946,2,720.683,-17.0034,43.1606,20,1944.8,241.07
6,1.04635,0.75426,1,21.1105,-21.092,39.3696,20,1759.82,217.418
6,1.04635,0.75426,2,652.709,-16.9973,39.3696,20,1759.82,217.418
6,1.05651,0.761574,1,591.146,-16.9906,35.919,20,1591.92,195.937
6,1.06667,0.768889,1,535.39,-16.983,32.7883,20,1440.06,176.504
6,1.07683,0.776203,1,489.279,-16.9757,29.9552,20,1303.17,158.989
6,1.08698,0.783517,1,443.131,-16.9707,27.3979,20,1180.12,143.253
6,1.09714,0.790832,1,401.335,-16.9615,25.0938,20,1069.75,129.152
6,1.1073,0.798146,1,366.77,-16.9571,23.0226,20,970.964,116.545
6,1.11746,0.80546,1,335.182,-16.9512,21.1618,20,882.696,105.297
6,1.12762,0.812774,1,306.314,-16.9397,20,20,803.908,95.2752
6,1.13778,0.820089,1,285.021,-16.9228,20,20,733.618,86.3533
6,1.14794,0.827403,1,262.829,-16.9081,20,20,670.939,78.4159
6,1.1581,0.834717,1,244.559,-16.8921,20,20,615.058,71.3571
6,1.16825,0.842032,1,227.558,-16.877,20,20,565.224,65.0783
6,1.17841,0.849346,1,211.739,-16.8599,20,20,520.764,59.4927
6,1.18857,0.85666,1,198.803,-16.8489,20,20,481.062,54.5195
6,1.19873,0.863974,1,186.656,-16.836,20,20,445.553,50.0844
6,1.20889,0.871289,1,176.838,-16.8277,20,20,413.9,46.1447
6,1.21905,0.878603,1,167.536,-16.818,20,20,385.972,42.6808
6,1.22921,0.885917,1,158.723,-16.8114,20,20,360.882,39.5786
6,1.23937,0.893232,1,150.373,-16.8026,20,20,338.279,36.7912
6,1.24952,0.900546,1,143.752,-16.8003,20,20,317.849,34.2793
6,1.25968,0.90786,1,137.422,-16.7956,20,20,299.907,32.0827
6,1.26984,0.915174,1,132.56,-16.7941,20,20,283.729,30.1073
6,1.28,0.922489,1,126.723,-16.7921,20,20,268.949,28.3059
6,1.29016,0.929803,1,122.239,-16.7921,20,20,255.924,26.7255
6,1.30032,0.937117,1,118.981,-16.7925,20,20,244.13,25.2974
6,1.31048,0.944432,1,114.771,-16.7975,20,20,233.357,23.9952
6,1.32063,0.951746,1,111.711,-16.7988,20,20,223.904,22.8572
6,1.33079,0.95906,1,108.733,-16.801,20,20,215.068,21.7946
6,1.34095,0.966375,1,105.835,-16.8067,20,20,207.434,20.879
6,1.35111,0.973689,1,103.014,-16.8114,20,20,200.25,20.0185
6,1.36127,0.981003,1,101.175,-16.8008,20,20,194.01,20
6,1.37143,0.988317,1,100.268,-16.7987,20,20,188.224,20
6,1.38159,0.995632,1,99.3686,-16.7884,20,20,183.031,20
6,1.39175,0.00294602,1,97.5947,-16.7862,20,20,178.423,20
6,1.4019,0.0102603,1,96.7197,-16.7822,20,20,174.126,20
6,1.41206,0.0175746,1,95.8525,-16.7777,20,20,170.377,20
6,1.42222,0.0248889,1,94.9932,-16.7737,20,20,167.037,20
6,1.43238,0.0322032,1,94.1415,-16.7699,20,20,163.958,20
6,1.44254,0.0395175,1,93.2974,-16.7662,20,20,161.156,20
6,1.4527,0.0468318,1,92.4609,-16.76,20,20,158.844,20
6,1.46286,0.0541461,1,92.4609,-16.7584,20,20,156.763,20
6,1.47302,0.0614604,1,91.632,-16.7577,20,20,154.901,20
6,1.48317,0.0687747,1,91.632,-16.7518,20,20,153.255,20
6,1.49333,0.076089,1,90.8104,-16.7534,20,20,151.83,20
6,1.50349,0.0834033,1,90.8104,-16.7507,20,20,150.685,20
6,1.51365,0.0907176,1,89.9962,-16.7468,20,20,149.805,20
6,1.52381,0.0980319,1,89.9962,-16.7489,20,20,149.12,20
6,1.53397,0.105346,1,89.9962,-16.7495,20,20,148.631,20
6,1.54413,0.11266,1,89.9962,-16.749,20,20,148.336,20
6,1.55429,0.119975,1,89.9962,-16.7491,20,20,148.374,20
6,1.56444,0.127289,1,89.9962,-16.7491,20,20,149.136,20
6,1.5746,0.134603,1,90.8104,-16.7492,20,20,150.416,20
6,1.58476,0.141918,1,90.8104,-16.7527,20,20,152.3,20
6,1.59492,0.149232,1,91.632,-16.7576,20,20,154.76,20
6,1.60508,0.156546,1,92.4609,-16.7615,20,20,157.657,20
6,1.61524,0.16386,1,93.2974,-16.766,20,20,161.02,20
6,1.6254,0.171175,1,94.1415,-16.7692,20,20,165.175,20
6,1.63556,0.178489,1,95.8525,-16.7757,20,20,169.845,20
6,1.64571,0.185803,1,96.7197,-16.7816,20,20,175.206,20
6,1.65587,0.193118,1,98.4777,-16.7909,20,20,181.411,20
6,1.66603,0.200432,1,100.268,-16.7989,20,20,188.385,20
6,1.67619,0.207746,1,102.09,-16.8074,20,20,196.364,20
6,1.68635,0.215061,1,104.886,-16.8082,20,20,205.493,20.6466
6,1.69651,0.222375,1,108.733,-16.8026,20,20,215.627,21.8609
6,1.70667,0.229689,1,112.722,-16.7988,20,20,227.406,23.2786
6,1.71683,0.237003,1,116.857,-16.7923,20,20,240.746,24.8881
6,1.72698,0.244318,1,122.239,-16.7926,20,20,255.802,26.7104
6,1.73714,0.251632,1,129.026,-16.7909,20,20,272.852,28.781
6,1.7473,0.258946,1,134.969,-16.7953,20,20,292.403,31.1645
6,1.75746,0.266261,1,142.463,-16.798,20,20,314.825,33.9094
6,1.76762,0.273575,1,151.734,-16.8057,20,20,340.389,37.0502
6,1.77778,0.280889,1,161.608,-16.814,20,20,369.6,40.6553
6,1.78794,0.288204,1,173.681,-16.8212,20,20,403.031,44.7965
6,1.7981,0.295518,1,186.656,-16.8339,20,20,441.337,49.5607
6,1.80825,0.302832,1,200.601,-16.8513,20,20,485.265,55.0444
6,1.81841,0.310146,1,217.538,-16.8676,20,20,535.65,61.3598
6,1.82857,0.317461,1,238.04,-16.8837,20,20,593.8,68.6736
6,1.83873,0.324775,1,260.473,-16.9041,20,20,661.058,77.166
6,1.84889,0.332089,1,285.021,-16.9255,20,20,738.334,86.9517
6,1.85905,0.339404,1,314.703,-16.9468,20,20,826.975,98.2084
6,1.86921,0.346718,1,350.62,-16.9526,22.1282,20,928.484,111.129
6,1.87937,0.354032,1,394.171,-16.9623,24.5674,20,1044.55,125.932
6,1.88952,0.361346,1,443.131,-16.9706,27.3861,20,1179.56,143.183
6,1.89968,0.368661,1,498.172,-16.9791,30.5795,20,1333.31,162.846
6,1.90984,0.375975,1,560.05,-16.9863,34.1855,20,1507.77,185.169
6,1.92,0.383289,1,20.7336,-20.9504,38.2439,20,1704.93,210.395
6,1.92,0.383289,2,635.31,-16.9937,38.2439,20,1704.93,210.395
6,1.93016,0.390604,1,22.0828,-21.5039,42.85,20,1929.59,239.125
6,1.93016,0.390604,2,714.222,-17.003,42.85,20,1929.59,239.125
6,1.94032,0.397918,1,23.5198,-22.0707,48.0315,20,2183.13,271.51
6,1.94032,0.397918,2,810.199,-17.0075,48.0315,20,2183.13,271.51
6,1.95048,0.405232,1,25.0503,-22.6396,53.7914,20,2465.5,307.513
6,1.95048,0.405232,2,910.834,-17.0164,53.7914,20,2465.5,307.513
6,1.96063,0.412547,1,26.4412,-23.2081,60.1534,20,2777.88,347.248
6,1.96063,0.412547,2,1023.97,-17.0227,60.1534,20,2777.88,347.248
6,1.97079,0.419861,1,28.1618,-23.7843,67.1365,20,3120.94,390.761
6,1.97079,0.419861,2,1151.16,-17.0274,67.1365,20,3120.94,390.761
6,1.98095,0.427175,1,29.7255,-24.3445,74.745,20,3494.59,437.995
6,1.98095,0.427175,2,1282.54,-17.0328,74.745,20,3494.59,437.995
6,1.99111,0.434489,1,31.376,-24.8918,82.9657,20,3898.02,488.802
6,1.99111,0.434489,2,1428.92,-17.0365,82.9657,20,3898.02,488.802
6,2.00127,0.441804,1,33.1181,-25.4229,91.7681,20,4329.12,542.868
6,2.00127,0.441804,2,1592,-17.0416,91.7681,20,4329.12,542.868
6,2.01143,0.449118,1,34.9569,-25.9138,101.07,20,4783.55,599.608
6,2.01143,0.449118,2,1757.79,-17.0447,101.07,20,4783.55,599.608
6,2.02159,0.456432,1,36.5671,-26.401,110.768,20,5255.7,658.293
6,2.02159,0.456432,2,1940.85,-17.0478,110.768,20,5255.7,658.293
6,2.03175,0.463747,1,38.2513,-26.8398,120.73,20,5738.65,718.049
6,2.03175,0.463747,2,2123.76,-17.0505,120.73,20,5738.65,718.049
6,2.0419,0.471061,1,39.6545,-27.2457,130.705,20,6219.94,777.343
6,2.0419,0.471061,2,2303.07,-17.0534,130.705,20,6219.94,777.343
6,2.05206,0.478375,1,41.481,-27.5571,140.439,20.2329,6687.07,834.677
6,2.05206,0.478375,2,2475.13,-17.0539,140.439,20.2329,6687.07,834.677
6,2.06222,0.485689,1,44.1803,-27.5664,150.086,21.5663,7147.6,890.967
6,2.06222,0.485689,2,2660.05,-17.0559,150.086,21.5663,7147.6,890.967
6,2.07238,0.493004,1,47.0552,-27.562,159.072,22.7985,7573.98,942.928
6,2.07238,0.493004,2,2833.14,-17.057,159.072,22.7985,7573.98,942.928
6,2.08254,0.500318,1,49.2226,-27.5952,167.233,23.9091,7959.02,989.73
6,2.08254,0.500318,2,2990.45,-17.0578,167.233,23.9091,7959.02,989.73
6,2.0927,0.507632,1,51.0281,-27.5912,174.349,24.8713,8292.97,1030.24
6,2.0927,0.507632,2,3128.19,-17.0585,174.349,24.8713,8292.97,1030.24
6,2.10286,0.514947,1,52.8999,-27.6146,180.444,25.6904,8577.62,1064.69
6,2.10286,0.514947,2,3242.94,-17.0591,180.444,25.6904,8577.62,1064.69
6,2.11302,0.522261,1,54.3487,-27.6197,184.942,26.2922,8786.8,1090
6,2.11302,0.522261,2,3331.75,-17.0595,184.942,26.2922,8786.8,1090
6,2.12317,0.529575,1,54.8404,-27.6089,187.845,26.681,8921.4,1106.28
6,2.12317,0.529575,2,3392.31,-17.0597,187.845,26.681,8921.4,1106.28
6,2.13333,0.53689,1,55.3365,-27.6254,189.157,26.8553,8982.11,1113.63
6,2.13333,0.53689,2,3423,-17.0591,189.157,26.8553,8982.11,1113.63
6,2.14349,0.544204,1,55.3365,-27.6238,189.227,26.8649,8985.34,1114.02
6,2.14349,0.544204,2,3423,-17.0593,189.227,26.8649,8985.34,1114.02
6,2.15365,0.551518,1,55.3365,-27.6286,188.893,26.82,8969.91,1112.15
6,2.15365,0.551518,2,3423,-17.0578,188.893,26.82,8969.91,1112.15
6,2.16381,0.558832,1,55.3365,-27.6145,188.08,26.7117,8932.27,1107.6
6,2.16381,0.558832,2,3392.31,-17.0599,188.08,26.7117,8932.27,1107.6
6,2.17397,0.566147,1,54.8404,-27.6224,186.684,26.5248,8867.62,1099.78
6,2.17397,0.566147,2,3361.89,-17.0595,186.684,26.5248,8867.62,1099.78
6,2.18413,0.573461,1,54.3487,-27.6099,184.632,26.2506,8772.43,1088.26
6,2.18413,0.573461,2,3331.75,-17.0591,184.632,26.2506,8772.43,1088.26
6,2.19429,0.580775,1,53.3785,-27.619,181.867,25.8807,8643.84,1072.7
6,2.19429,0.580775,2,3272.28,-17.0592,181.867,25.8807,8643.84,1072.7
6,2.20444,0.58809,1,52.4256,-27.6112,178.335,25.407,8479.28,1052.79
6,2.20444,0.58809,2,3213.86,-17.0576,178.335,25.407,8479.28,1052.79
6,2.2146,0.595404,1,51.0281,-27.6014,174,24.8251,8276.58,1028.25
6,2.2146,0.595404,2,3128.19,-17.0576,174,24.8251,8276.58,1028.25
6,2.22476,0.602718,1,49.6679,-27.5967,169.137,24.1669,8048.5,1000.6
6,2.22476,0.602718,2,3017.5,-17.0568,169.137,24.1669,8048.5,1000.6
6,2.23492,0.610032,1,48.3439,-27.5807,163.802,23.4423,7797.41,970.092
6,2.23492,0.610032,2,2937.07,-17.0552,163.802,23.4423,7797.41,970.092
6,2.24508,0.617347,1,46.6333,-27.5628,157.668,22.6067,7507.49,934.841
6,2.24508,0.617347,2,2807.74,-17.0569,157.668,22.6067,7507.49,934.841
6,2.25524,0.624661,1,44.5799,-27.5719,151.159,21.714,7198.64,897.199
6,2.25524,0.624661,2,2684.11,-17.0563,151.159,21.714,7198.64,897.199
6,2.2654,0.631975,1,42.617,-27.5615,144.287,20.7661,6871.15,857.192
6,2.2654,0.631975,2,2565.92,-17.0536,144.287,20.7661,6871.15,857.192
6,2.27556,0.63929,1,40.7405,-27.488,136.979,20,6521.31,814.357
6,2.27556,0.63929,2,2409.15,-17.0526,136.979,20,6521.31,814.357
6,2.28571,0.646604,1,39.6545,-27.2028,129.575,20,6165.52,770.653
6,2.28571,0.646604,2,2282.42,-17.0532,129.575,20,6165.52,770.653
6,2.29587,0.653918,1,38.2513,-26.8909,121.994,20,5799.78,725.595
6,2.29587,0.653918,2,2142.97,-17.0513,121.994,20,5799.78,725.595
6,2.30603,0.661233,1,37.2317,-26.5505,114.27,20,5425.61,679.356
6,2.30603,0.661233,2,1994,-17.0474,114.27,20,5425.61,679.356
6,2.31619,0.668547,1,35.9143,-26.2095,106.821,20,5063.82,634.471
6,2.31619,0.668547,2,1872.18,-17.0453,106.821,20,5063.82,634.471
6,2.32635,0.675861,1,34.6435,-25.826,99.3614,20,4700.26,589.223
6,2.32635,0.675861,2,1726.41,-17.044,99.3614,20,4700.26,589.223
6,2.33651,0.683175,1,33.1181,-25.4352,92.0325,20,4342.01,544.482
6,2.33651,0.683175,2,1592,-17.0404,92.0325,20,4342.01,544.482
6,2.34667,0.69049,1,31.9462,-25.0176,85.0922,20,4002.26,501.894
6,2.34667,0.69049,2,1468.05,-17.038,85.0922,20,4002.26,501.894
6,2.35683,0.697804,1,30.5396,-24.6003,78.4531,20,3676.71,460.952
6,2.35683,0.697804,2,1353.75,-17.035,78.4531,20,3676.71,460.952
6,2.36698,0.705118,1,29.1949,-24.1581,72.1207,20,3365.82,421.735
6,2.36698,0.705118,2,1237.16,-17.0316,72.1207,20,3365.82,421.735
6,2.37714,0.712433,1,27.9093,-23.7075,66.1419,20,3072.09,384.573
6,2.37714,0.712433,2,1130.61,-17.0276,66.1419,20,3072.09,384.573
6,2.3873,0.719747,1,26.6804,-23.2457,60.5399,20,2796.85,349.658
6,2.3873,0.719747,2,1033.23,-17.0218,60.5399,20,2796.85,349.658
6,2.39746,0.727061,1,25.277,-22.7762,55.3303,20,2541.01,317.127
6,2.39746,0.727061,2,935.779,-17.0183,55.3303,20,2541.01,317.127
6,2.40762,0.734375,1,24.164,-22.3221,50.5167,20,2304.82,287.035
6,2.40762,0.734375,2,847.517,-17.0112,50.5167,20,2304.82,287.035
6,2.41778,0.74169,1,23.1,-21.8528,46.09,20,2087.97,259.36
6,2.41778,0.74169,2,774.525,-17.0062,46.09,20,2087.97,259.36
6,2.42794,0.749004,1,21.8848,-21.4102,42.0368,20,1889.84,234.044
6,2.42794,0.749004,2,701.472,-17.0013,42.0368,20,1889.84,234.044
6,2.4381,0.756318,1,20.7336,-20.9606,38.3406,20,1709.63,210.996
6,2.4381,0.756318,2,635.31,-16.9955,38.3406,20,1709.63,210.996
6,2.44825,0.763633,1,575.388,-16.9891,34.9818,20,1546.33,190.103
6,2.45841,0.770947,1,521.118,-16.9818,31.9381,20,1398.91,171.237
6,2.46857,0.778261,1,476.237,-16.9728,29.1881,20,1266.16,154.254
6,2.47873,0.785576,1,431.318,-16.9686,26.7066,20,1146.92,139.008
6,2.48889,0.79289,1,390.637,-16.9597,24.4716,20,1039.99,125.35
6,2.49905,0.800204,1,356.993,-16.9551,22.4619,20,944.289,113.142
6,2.50921,0.807518,1,326.247,-16.9493,20.6566,20,858.763,102.249
6,2.51937,0.814833,1,300.846,-16.9363,20,20,782.504,92.5539
6,2.52952,0.822147,1,277.423,-16.9198,20,20,714.616,83.9436
6,2.53968,0.829461,1,258.138,-16.902,20,20,654.106,76.2859
6,2.54984,0.836776,1,240.193,-16.8855,20,20,600.165,69.4776
6,2.56,0.84409,1,223.496,-16.8725,20,20,552.068,63.4233
6,2.57016,0.851404,1,207.96,-16.8568,20,20,509.153,58.0365
6,2.58032,0.858719,1,195.254,-16.8451,20,20,470.828,53.2413
6,2.59048,0.866033,1,184.983,-16.8327,20,20,436.559,48.9658
6,2.60063,0.873347,1,173.681,-16.825,20,20,405.854,45.1464
6,2.61079,0.880661,1,164.545,-16.8165,20,20,378.309,41.7305
6,2.62095,0.887976,1,155.889,-16.808,20,20,354.169,38.7495
6,2.63111,0.89529,1,149.025,-16.8037,20,20,332.413,36.0704
6,2.64127,0.902604,1,142.463,-16.7989,20,20,312.738,33.6538
6,2.65143,0.909919,1,136.19,-16.7963,20,20,294.982,31.4796
6,2.66159,0.917233,1,130.194,-16.7909,20,20,279.439,29.5842
6,2.67175,0.924547,1,125.587,-16.7932,20,20,265.23,27.8553
6,2.6819,0.931861,1,121.143,-16.7936,20,20,252.363,26.2926
6,2.69206,0.939176,1,117.914,-16.7929,20,20,241.046,24.9246
6,2.70222,0.94649,1,113.742,-16.7977,20,20,230.536,23.6547
6,2.71238,0.953804,1,110.71,-16.8006,20,20,221.367,22.5521
6,2.72254,0.961119,1,107.758,-16.8039,20,20,212.855,21.5286
6,2.7327,0.968433,1,104.886,-16.8084,20,20,205.369,20.6314
6,2.74286,0.975747,1,103.014,-16.8077,20,20,198.396,20
6,2.75302,0.983061,1,101.175,-16.8032,20,20,192.343,20
6,2.76317,0.990376,1,100.268,-16.7925,20,20,186.66,20
6,2.77333,0.99769,1,98.4777,-16.7909,20,20,181.7,20
7,0,0.000602067,1,138.666,-24.0713,20,20,282.28,30.0086
7,0.0137868,0.00818479,1,138.666,-24.0842,20,20,281.416,29.9035
7,0.0275737,0.0157675,1,138.666,-24.0877,20,20,280.762,29.8233
7,0.0413605,0.0233502,1,138.666,-24.0869,20,20,280.317,29.7699
7,0.0551474,0.0309329,1,138.666,-24.0859,20,20,280.081,29.7409
7,0.0689342,0.0385156,1,138.666,-24.0868,20,20,280.248,29.7615
7,0.0827211,0.0460984,1,138.666,-24.087,20,20,280.932,29.8447
7,0.0965079,0.0536811,1,138.666,-24.078,20,20,281.921,29.9657
7,0.110295,0.0612638,1,139.92,-24.0822,20,20,283.177,30.1191
7,0.124082,0.0688465,1,139.92,-24.0864,20,20,284.663,30.3001
7,0.137868,0.0764292,1,141.186,-24.0778,20,20,286.362,30.5077
7,0.151655,0.0840119,1,141.186,-24.0856,20,20,288.265,30.7405
7,0.165442,0.0915946,1,142.463,-24.0839,20,20,290.37,30.9964
7,0.179229,0.0991774,1,142.463,-24.0731,20,20,292.772,31.2909
7,0.193016,0.10676,1,143.752,-24.0846,20,20,295.524,31.6284
7,0.206803,0.114343,1,145.053,-24.0878,20,20,298.482,31.9906
7,0.22059,0.121926,1,146.365,-24.0874,20,20,301.64,32.3785
7,0.234376,0.129508,1,147.689,-24.0859,20,20,304.994,32.79
7,0.248163,0.137091,1,149.025,-24.0852,20,20,308.593,33.2305
7,0.26195,0.144674,1,150.373,-24.0856,20,20,312.382,33.6958
7,0.275737,0.152256,1,151.734,-24.0879,20,20,316.347,34.1822
7,0.289524,0.159839,1,153.106,-24.0903,20,20,320.878,34.7396
7,0.303311,0.167422,1,154.492,-24.0867,20,20,325.631,35.3253
7,0.317098,0.175005,1,155.889,-24.0736,20,20,330.556,35.9308
7,0.330884,0.182587,1,158.723,-24.0893,20,20,335.715,36.5666
7,0.344671,0.19017,1,160.159,-24.0922,20,20,341.04,37.2227
7,0.358458,0.197753,1,163.07,-24.078,20,20,346.72,37.9238
7,0.372245,0.205335,1,164.545,-24.0954,20,20,352.914,38.6902
7,0.386032,0.212918,1,167.536,-24.0813,20,20,359.238,39.4722
7,0.399819,0.220501,1,169.051,-24.0977,20,20,365.77,40.2796
7,0.413605,0.228084,1,172.124,-24.0892,20,20,372.428,41.1039
7,0.427392,0.235666,1,173.681,-24.0967,20,20,379.608,41.9935
7,0.441179,0.243249,1,176.838,-24.1027,20,20,387.168,42.9329
7,0.454966,0.250832,1,180.052,-24.0964,20,20,394.822,43.8834
7,0.468753,0.258414,1,181.681,-24.0986,20,20,402.625,44.8517
7,0.48254,0.265997,1,184.983,-24.1085,20,20,410.615,45.8445
7,0.496327,0.27358,1,188.345,-24.11,20,20,419.327,46.9306
7,0.510113,0.281163,1,191.768,-24.107,20,20,428.021,48.0143
7,0.5239,0.288745,1,193.503,-24.1005,20,20,436.791,49.1082
7,0.537687,0.296328,1,197.02,-24.1145,20,20,445.561,50.2015
7,0.551474,0.303911,1,200.601,-24.1196,20,20,455.103,51.3949
7,0.565261,0.311493,1,204.247,-24.1231,20,20,464.671,52.5922
7,0.579048,0.319076,1,207.96,-24.1224,20,20,474.145,53.7779
7,0.592834,0.326659,1,211.739,-24.1154,20,20,483.595,54.9605
7,0.606621,0.334242,1,213.655,-24.1237,20,20,493.38,56.1867
7,0.620408,0.341824,1,217.538,-24.132,20,20,503.477,57.4544
7,0.634195,0.349407,1,221.492,-24.1364,20,20,513.335,58.6924
7,0.647982,0.35699,1,225.518,-24.1303,20,20,522.98,59.9041
7,0.661769,0.364572,1,227.558,-24.1383,20,20,532.432,61.0906
7,0.675556,0.372155,1,231.694,-24.1443,20,20,542.363,62.3407
7,0.689342,0.379738,1,235.905,-24.1361,20,20,552.145,63.5732
7,0.703129,0.387321,1,238.04,-24.1489,20,20,561.526,64.7553
7,0.716916,0.394903,1,242.366,-24.1412,20,20,570.487,65.8839
7,0.730703,0.402486,1,244.559,-24.1544,20,20,579.068,66.965
7,0.74449,0.410069,1,246.771,-24.1523,20,20,587.412,68.0163
7,0.758277,0.417651,1,251.257,-24.1502,20,20,595.93,69.0931
7,0.772063,0.425234,1,253.53,-24.1596,20,20,603.873,70.097
7,0.78585,0.432817,1,255.823,-24.1629,20,20,611.225,71.0257
7,0.799637,0.4404,1,258.138,-24.1649,20,20,617.961,71.8765
7,0.813424,0.447982,1,260.473,-24.166,20,20,624.063,72.6482
7,0.827211,0.455565,1,262.829,-24.163,20,20,629.516,73.3368
7,0.840998,0.463148,1,262.829,-24.1585,20,20,634.306,73.9422
7,0.854785,0.47073,1,265.207,-24.1699,20,20,638.459,74.4668
7,0.868571,0.478313,1,267.607,-24.1589,20,20,641.936,74.9061
7,0.882358,0.485896,1,267.607,-24.1717,20,20,644.967,75.2905
7,0.896145,0.493479,1,267.607,-24.1662,20,20,647.252,75.5797
7,0.909932,0.501061,1,270.028,-24.16,20,20,648.737,75.7679
7,0.923719,0.508644,1,270.028,-24.1651,20,20,649.42,75.8545
7,0.937506,0.516227,1,270.028,-24.1651,20,20,649.454,75.8592
7,0.951293,0.523809,1,270.028,-24.1636,20,20,649.228,75.8304
7,0.965079,0.531392,1,270.028,-24.1592,20,20,648.641,75.7556
7,0.978866,0.538975,1,267.607,-24.1643,20,20,647.59,75.6224
7,0.992653,0.546558,1,267.607,-24.1709,20,20,645.998,75.4207
7,1.00644,0.55414,1,267.607,-24.1697,20,20,643.811,75.1433
7,1.02023,0.561723,1,265.207,-24.16,20,20,641.125,74.8034
7,1.03401,0.569306,1,265.207,-24.1696,20,20,637.991,74.4081
7,1.0478,0.576889,1,262.829,-24.1587,20,20,634.274,73.9384
7,1.06159,0.584471,1,262.829,-24.1651,20,20,629.96,73.393
7,1.07537,0.592054,1,260.473,-24.1665,20,20,625.037,72.7704
7,1.08916,0.599637,1,258.138,-24.1625,20,20,619.5,72.0713
7,1.10295,0.607219,1,255.823,-24.1584,20,20,613.356,71.2945
7,1.11673,0.614802,1,253.53,-24.1577,20,20,606.615,70.4434
7,1.13052,0.622385,1,251.257,-24.159,20,20,599.29,69.5177
7,1.14431,0.629968,1,249.004,-24.1572,20,20,591.394,68.5198
7,1.1581,0.63755,1,246.771,-24.1465,20,20,583.213,67.4871
7,1.17188,0.645133,1,242.366,-24.147,20,20,575.162,66.4735
7,1.18567,0.652716,1,240.193,-24.1512,20,20,566.717,65.4089
7,1.19946,0.660298,1,238.04,-24.1347,20,20,557.858,64.2934
7,1.21324,0.667881,1,233.79,-24.1463,20,20,548.596,63.1262
7,1.22703,0.675464,1,229.617,-24.1358,20,20,538.948,61.9102
7,1.24082,0.683047,1,227.558,-24.1368,20,20,529.486,60.7201
7,1.2546,0.690629,1,223.496,-24.1372,20,20,520.211,59.5556
7,1.26839,0.698212,1,219.506,-24.1224,20,20,510.726,58.3647
7,1.28218,0.705795,1,217.538,-24.1287,20,20,501.004,57.1444
7,1.29596,0.713377,1,213.655,-24.1302,20,20,491.059,55.8949
7,1.30975,0.72096,1,209.841,-24.1259,20,20,481.645,54.7164
7,1.32354,0.728543,1,206.095,-24.113,20,20,472.384,53.5575
7,1.33732,0.736126,1,204.247,-24.1154,20,20,463.058,52.3903
7,1.35111,0.743708,1,200.601,-24.1184,20,20,453.635,51.2115
7,1.3649,0.751291,1,197.02,-24.1179,20,20,444.379,50.0536
7,1.37868,0.758874,1,193.503,-24.1106,20,20,435.753,48.978
7,1.39247,0.766456,1,191.768,-24.0977,20,20,427.155,47.9068
7,1.40626,0.774039,1,188.345,-24.106,20,20,418.57,46.8366
7,1.42005,0.781622,1,184.983,-24.1079,20,20,409.997,45.7674
7,1.43383,0.789205,1,181.681,-24.1022,20,20,402.199,44.799
7,1.44762,0.796787,1,180.052,-24.0932,20,20,394.553,43.8497
7,1.46141,0.80437,1,176.838,-24.1026,20,20,387.022,42.9144
7,1.47519,0.811953,1,173.681,-24.0971,20,20,379.579,41.9897
7,1.48898,0.819535,1,172.124,-24.0904,20,20,372.51,41.114
7,1.50277,0.827118,1,169.051,-24.0975,20,20,365.962,40.3036
7,1.51655,0.834701,1,167.536,-24.086,20,20,359.563,39.5118
7,1.53034,0.842284,1,164.545,-24.0947,20,20,353.325,38.7411
7,1.54413,0.849866,1,163.07,-24.0852,20,20,347.227,37.9856
7,1.55791,0.857449,1,160.159,-24.0889,20,20,341.588,37.2899
7,1.5717,0.865032,1,158.723,-24.0924,20,20,336.352,36.6457
7,1.58549,0.872614,1,157.3,-24.0843,20,20,331.292,36.0229
7,1.59927,0.880197,1,154.492,-24.0766,20,20,326.434,35.4237
7,1.61306,0.88778,1,153.106,-24.086,20,20,321.754,34.8473
7,1.62685,0.895363,1,151.734,-24.0895,20,20,317.255,34.2932
7,1.64063,0.902945,1,150.373,-24.0892,20,20,313.31,33.8093
7,1.65442,0.910528,1,149.025,-24.0887,20,20,309.586,33.3528
7,1.66821,0.918111,1,147.689,-24.0878,20,20,306.055,32.9195
7,1.682,0.925694,1,146.365,-24.0857,20,20,302.746,32.5139
7,1.69578,0.933276,1,145.053,-24.0791,20,20,299.639,32.1323
7,1.70957,0.940859,1,145.053,-24.0725,20,20,296.733,31.7763
7,1.72336,0.948442,1,143.752,-24.0849,20,20,294.031,31.4447
7,1.73714,0.956024,1,142.463,-24.087,20,20,291.551,31.1418
7,1.75093,0.963607,1,142.463,-24.0704,20,20,289.487,30.8892
7,1.76472,0.97119,1,141.186,-24.0877,20,20,287.618,30.6611
7,1.7785,0.978773,1,141.186,-24.0702,20,20,285.949,30.4573
7,1.79229,0.986355,1,139.92,-24.0873,20,20,284.481,30.2779
7,1.80608,0.993938,1,139.92,-24.0826,20,20,283.217,30.1233
7,1.81986,0.00152063,1,138.666,-24.0734,20,20,282.163,29.9955
7,1.83365,0.00910336,1,138.666,-24.0847,20,20,281.326,29.893
7,1.84744,0.0166861,1,138.666,-24.0877,20,20,280.697,29.8157
7,1.86122,0.0242688,1,138.666,-24.0869,20,20,280.277,29.7649
7,1.87501,0.0318515,1,138.666,-24.0857,20,20,280.068,29.7393
7,1.8888,0.0394343,1,138.666,-24.0872,20,20,280.312,29.7695
7,1.90259,0.047017,1,138.666,-24.0872,20,20,281.038,29.8569
7,1.91637,0.0545996,1,138.666,-24.0754,20,20,282.06,29.9825
7,1.93016,0.0621824,1,139.92,-24.0842,20,20,283.346,30.1396
7,1.94395,0.0697651,1,139.92,-24.0847,20,20,284.857,30.3237
7,1.95773,0.0773478,1,141.186,-24.0809,20,20,286.581,30.5346
7,1.97152,0.0849305,1,141.186,-24.0833,20,20,288.51,30.7703
7,1.98531,0.0925133,1,142.463,-24.0862,20,20,290.637,31.0296
7,1.99909,0.100096,1,143.752,-24.0714,20,20,293.094,31.3309
7,2.01288,0.107679,1,143.752,-24.0811,20,20,295.872,31.6708
7,2.02667,0.115261,1,145.053,-24.087,20,20,298.855,32.0369
7,2.04045,0.122844,1,146.365,-24.0885,20,20,302.035,32.4273
7,2.05424,0.130427,1,147.689,-24.0885,20,20,305.418,32.8413
7,2.06803,0.13801,1,149.025,-24.0883,20,20,309.042,33.286
7,2.08181,0.145592,1,150.373,-24.0885,20,20,312.853,33.7534
7,2.0956,0.153175,1,151.734,-24.0896,20,20,316.847,34.2427
7,2.10939,0.160758,1,153.106,-24.0883,20,20,321.444,34.8094
7,2.12317,0.16834,1,154.492,-24.0796,20,20,326.219,35.3976
7,2.13696,0.175923,1,157.3,-24.0829,20,20,331.168,36.0069
7,2.15075,0.183506,1,158.723,-24.0923,20,20,336.353,36.6457
7,2.16454,0.191089,1,160.159,-24.0878,20,20,341.695,37.3034
7,2.17832,0.198671,1,163.07,-24.0881,20,20,347.463,38.0155
7,2.19211,0.206254,1,164.545,-24.0926,20,20,353.673,38.7836
7,2.2059,0.213837,1,167.536,-24.091,20,20,360.016,39.5677
7,2.21968,0.221419,1,169.051,-24.0939,20,20,366.572,40.3793
7,2.23347,0.229002,1,172.124,-24.0971,20,20,373.242,41.204
7,2.24726,0.236585,1,173.681,-24.0868,20,20,380.519,42.1063
7,2.26104,0.244168,1,176.838,-24.1013,20,20,388.087,43.0466
7,2.27483,0.25175,1,180.052,-24.1034,20,20,395.76,44
7,2.28862,0.259333,1,183.324,-24.0934,20,20,403.574,44.9691
7,2.3024,0.266916,1,184.983,-24.1038,20,20,411.67,45.9767
7,2.31619,0.274498,1,188.345,-24.1103,20,20,420.383,47.0624
7,2.32998,0.282081,1,191.768,-24.113,20,20,429.073,48.1452
7,2.34376,0.289664,1,195.254,-24.1099,20,20,437.857,49.2409
7,2.35755,0.297247,1,197.02,-24.1054,20,20,446.622,50.3338
7,2.37134,0.304829,1,200.601,-24.1132,20,20,456.267,51.5407
7,2.38512,0.312412,1,204.247,-24.1211,20,20,465.823,52.7363
7,2.39891,0.319995,1,207.96,-24.1261,20,20,475.296,53.9213
7,2.4127,0.327577,1,211.739,-24.1247,20,20,484.729,55.1017
7,2.42649,0.33516,1,215.588,-24.1198,20,20,494.615,56.3419
7,2.44027,0.342743,1,217.538,-24.1249,20,20,504.683,57.6067
7,2.45406,0.350326,1,221.492,-24.1359,20,20,514.514,58.8405
7,2.46785,0.357908,1,225.518,-24.1375,20,20,524.139,60.0492
7,2.48163,0.365491,1,227.558,-24.1303,20,20,533.558,61.2311
7,2.49542,0.373074,1,231.694,-24.1438,20,20,543.57,62.4926
7,2.50921,0.380656,1,235.905,-24.1443,20,20,553.303,63.7193
7,2.52299,0.388239,1,238.04,-24.1448,20,20,562.636,64.895
7,2.53678,0.395822,1,242.366,-24.1487,20,20,571.543,66.017
7,2.55057,0.403405,1,244.559,-24.1541,20,20,580.083,67.093
7,2.56435,0.410987,1,246.771,-24.1451,20,20,588.473,68.1498
7,2.57814,0.41857,1,251.257,-24.1561,20,20,596.924,69.2182
7,2.59193,0.426153,1,253.53,-24.1611,20,20,604.798,70.2132
7,2.60571,0.433735,1,255.823,-24.1626,20,20,612.075,71.1331
7,2.6195,0.441318,1,258.138,-24.1645,20,20,618.733,71.9741
7,2.63329,0.448901,1,260.473,-24.1666,20,20,624.758,72.7357
7,2.64707,0.456484,1,262.829,-24.1656,20,20,630.132,73.4142
7,2.66086,0.464066,1,265.207,-24.1549,20,20,634.842,74.0102
7,2.67465,0.471649,1,265.207,-24.1696,20,20,638.918,74.5256
7,2.68844,0.479232,1,267.607,-24.1617,20,20,642.308,74.9535
7,2.70222,0.486814,1,267.607,-24.1718,20,20,645.285,75.3302
7,2.71601,0.494397,1,267.607,-24.165,20,20,647.475,75.6084
7,2.7298,0.50198,1,270.028,-24.1609,20,20,648.864,75.7843
7,2.74358,0.509563,1,270.028,-24.1652,20,20,649.448,75.8579
7,2.75737,0.517145,1,270.028,-24.1651,20,20,649.441,75.8579
7,2.77116,0.524728,1,270.028,-24.1634,20,20,649.179,75.8241
7,2.78494,0.532311,1,270.028,-24.1583,20,20,648.54,75.7425
7,2.79873,0.539894,1,267.607,-24.1652,20,20,647.426,75.6017
7,2.81252,0.547476,1,267.607,-24.1713,20,20,645.765,75.3915
7,2.8263,0.555059,1,267.607,-24.1682,20,20,643.502,75.1044
7,2.84009,0.562642,1,265.207,-24.1625,20,20,640.778,74.7602
7,2.85388,0.570224,1,265.207,-24.1693,20,20,637.572,74.3552
7,2.86766,0.577807,1,262.829,-24.1617,20,20,633.784,73.8766
7,2.88145,0.58539,1,262.829,-24.1625,20,20,629.397,73.3224
7,2.89524,0.592973,1,260.473,-24.1664,20,20,624.398,72.6896
7,2.90902,0.600555,1,258.138,-24.1645,20,20,618.787,71.9817
7,2.92281,0.608138,1,255.823,-24.1616,20,20,612.571,71.196
7,2.9366,0.615721,1,253.53,-24.1605,20,20,605.758,70.3353
7,2.95039,0.623303,1,251.257,-24.1597,20,20,598.363,69.4003
7,2.96417,0.630886,1,249.004,-24.1537,20,20,590.399,68.3944
7,2.97796,0.638469,1,244.559,-24.1426,20,20,582.259,67.3663
7,2.99175,0.646052,1,242.366,-24.1516,20,20,574.161,66.3463
7,3.00553,0.653634,1,240.193,-24.1484,20,20,565.666,65.2767
7,3.01932,0.661217,1,235.905,-24.1416,20,20,556.758,64.1541
7,3.03311,0.6688,1,233.79,-24.1433,20,20,547.447,62.9814
7,3.04689,0.676382,1,229.617,-24.1419,20,20,537.753,61.7599
7,3.06068,0.683965,1,227.558,-24.1281,20,20,528.371,60.5804
7,3.07447,0.691548,1,223.496,-24.138,20,20,519.075,59.4138
7,3.08825,0.699131,1,219.506,-24.1316,20,20,509.559,58.2191
7,3.10204,0.706713,1,217.538,-24.118,20,20,499.811,56.9943
7,3.11583,0.714296,1,213.655,-24.1242,20,20,489.84,55.7418
7,3.12961,0.721879,1,209.841,-24.1275,20,20,480.525,54.5755
7,3.1434,0.729461,1,206.095,-24.1217,20,20,471.261,53.4167
7,3.15719,0.737044,1,202.416,-24.1099,20,20,461.923,52.2478
7,3.17098,0.744627,1,200.601,-24.1101,20,20,452.488,51.0683
7,3.18476,0.75221,1,197.02,-24.1149,20,20,443.334,49.9243
7,3.19855,0.759792,1,193.503,-24.1146,20,20,434.708,48.8483
7,3.21234,0.767375,1,190.049,-24.1065,20,20,426.115,47.7767
7,3.22612,0.774958,1,188.345,-24.095,20,20,417.528,46.7065
7,3.23991,0.78254,1,184.983,-24.1026,20,20,408.977,45.6403
7,3.2537,0.790123,1,181.681,-24.106,20,20,401.267,44.6833
7,3.26748,0.797706,1,178.438,-24.0945,20,20,393.636,43.736
7,3.28127,0.805289,1,176.838,-24.0972,20,20,386.116,42.8016
7,3.29506,0.812871,1,173.681,-24.1006,20,20,378.682,41.8782
7,3.30884,0.820454,1,170.581,-24.0856,20,20,371.712,41.0147
7,3.32263,0.828037,1,169.051,-24.0977,20,20,365.177,40.2068
7,3.33642,0.83562,1,166.033,-24.0842,20,20,358.8,39.4179
7,3.3502,0.843202,1,164.545,-24.095,20,20,352.579,38.6481
7,3.36399,0.850785,1,161.608,-24.0789,20,20,346.499,37.896
7,3.37778,0.858368,1,160.159,-24.0928,20,20,340.946,37.2109
7,3.39156,0.86595,1,158.723,-24.0896,20,20,335.727,36.5683
7,3.40535,0.873533,1,157.3,-24.0758,20,20,330.694,35.948
7,3.41914,0.881116,1,154.492,-24.0843,20,20,325.857,35.3526
7,3.43293,0.888699,1,153.106,-24.0895,20,20,321.2,34.7792
7,3.44671,0.896281,1,151.734,-24.0896,20,20,316.727,34.2276
7,3.4605,0.903864,1,150.373,-24.0884,20,20,312.85,33.7526
7,3.47429,0.911447,1,149.025,-24.0887,20,20,309.148,33.299
7,3.48807,0.919029,1,147.689,-24.0886,20,20,305.644,32.869
7,3.50186,0.926612,1,146.365,-24.0879,20,20,302.358,32.4664
7,3.51565,0.934195,1,145.053,-24.0837,20,20,299.276,32.089
7,3.52943,0.941778,1,143.752,-24.0727,20,20,296.395,31.7343
7,3.54322,0.94936,1,143.752,-24.0814,20,20,293.717,31.4065
7,3.55701,0.956943,1,142.463,-24.0883,20,20,291.292,31.1098
7,3.57079,0.964526,1,141.186,-24.0726,20,20,289.25,30.8602
7,3.58458,0.972108,1,141.186,-24.0876,20,20,287.406,30.6346
7,3.59837,0.979691,1,139.92,-24.0718,20,20,285.76,30.4338
7,3.61215,0.987274,1,139.92,-24.0878,20,20,284.316,30.2577
7,3.62594,0.994857,1,139.92,-24.0805,20,20,283.078,30.1065
8,0,0.80542,1,233.79,-24.1465,20,20,548.827,63.1553
8,0.00145125,0.812096,1,231.694,-24.1377,20,20,540.82,62.1465
8,0.00290249,0.818772,1,227.558,-24.1358,20,20,532.821,61.1391
8,0.00435374,0.825447,1,225.518,-24.1399,20,20,525.317,60.1969
8,0.00580499,0.832123,1,223.496,-24.1319,20,20,517.69,59.2392
8,0.00725624,0.838799,1,219.506,-24.1289,20,20,509.949,58.2672
8,0.00870748,0.845475,1,217.538,-24.1331,20,20,502.101,57.2819
8,0.0101587,0.85215,1,213.655,-24.1167,20,20,494.157,56.2841
8,0.01161,0.858826,1,211.739,-24.129,20,20,486.343,55.3041
8,0.0130612,0.865502,1,209.841,-24.1213,20,20,479.047,54.3913
8,0.0145125,0.872178,1,206.095,-24.1188,20,20,471.704,53.4715
8,0.0159637,0.878853,1,204.247,-24.1225,20,20,464.322,52.5484
8,0.017415,0.885529,1,200.601,-24.1071,20,20,456.907,51.6207
8,0.0188662,0.892205,1,198.803,-24.1192,20,20,449.471,50.6903
8,0.0203175,0.89888,1,197.02,-24.1081,20,20,442.484,49.8177
8,0.0217687,0.905556,1,193.503,-24.1103,20,20,435.778,48.9814
8,0.02322,0.912232,1,191.768,-24.113,20,20,429.089,48.1478
8,0.0246712,0.918908,1,190.049,-24.0974,20,20,422.421,47.3168
8,0.0261224,0.925583,1,186.656,-24.1086,20,20,415.786,46.4901
8,0.0275737,0.932259,1,184.983,-24.1041,20,20,409.188,45.6668
8,0.0290249,0.938935,1,181.681,-24.0912,20,20,403.273,44.9325
8,0.0304762,0.945611,1,180.052,-24.1023,20,20,397.425,44.2058
8,0.0319274,0.952286,1,178.438,-24.1035,20,20,391.643,43.4877
8,0.0333787,0.958962,1,176.838,-24.0956,20,20,385.932,42.7789
8,0.0348299,0.965638,1,173.681,-24.0898,20,20,380.299,42.0794
8,0.0362812,0.972314,1,172.124,-24.0984,20,20,374.792,41.3955
8,0.0377324,0.978989,1,170.581,-24.0991,20,20,369.865,40.7862
8,0.0391837,0.985665,1,169.051,-24.0974,20,20,365.031,40.1883
8,0.0406349,0.992341,1,167.536,-24.0937,20,20,360.298,39.603
8,0.0420862,0.999017,1,166.033,-24.0888,20,20,355.671,39.0309
8,0.0435374,0.00569224,1,164.545,-24.0836,20,20,351.156,38.4723
8,0.0449887,0.012368,1,163.07,-24.0785,20,20,346.756,37.928
8,0.0464399,0.0190437,1,161.608,-24.0778,20,20,342.674,37.4237
8,0.0478912,0.0257195,1,160.159,-24.0812,20,20,338.921,36.9619
8,0.0493424,0.0323952,1,158.723,-24.0853,20,20,335.287,36.5149
8,0.0507937,0.0390709,1,157.3,-24.0888,20,20,331.776,36.0813
8,0.0522449,0.0457467,1,155.889,-24.0909,20,20,328.395,35.665
8,0.0536961,0.0524224,1,154.492,-24.0899,20,20,325.148,35.2652
8,0.0551474,0.0590981,1,153.106,-24.0832,20,20,322.041,34.8834
8,0.0565986,0.0657738,1,153.106,-24.0747,20,20,319.073,34.5172
8,0.0580499,0.0724496,1,151.734,-24.0876,20,20,316.301,34.1759
8,0.0595011,0.0791253,1,150.373,-24.0867,20,20,313.882,33.8799
8,0.0609524,0.0858011,1,150.373,-24.076,20,20,311.6,33.6
8,0.0624036,0.0924768,1,149.025,-24.0892,20,20,309.458,33.3373
8,0.0638549,0.0991526,1,147.689,-24.0727,20,20,307.456,33.0914
8,0.0653061,0.105828,1,147.689,-24.0883,20,20,305.597,32.8636
8,0.0667574,0.112504,1,147.689,-24.0701,20,20,303.883,32.653
8,0.0682086,0.11918,1,146.365,-24.0881,20,20,302.319,32.4613
8,0.0696599,0.125856,1,146.365,-24.0816,20,20,300.903,32.2878
8,0.0711111,0.132531,1,145.053,-24.0792,20,20,299.64,32.1327
8,0.0725624,0.139207,1,145.053,-24.0882,20,20,298.549,31.999
8,0.0740136,0.145883,1,145.053,-24.085,20,20,297.662,31.8906
8,0.0754649,0.152558,1,145.053,-24.0774,20,20,297.005,31.8095
8,0.0769161,0.159234,1,145.053,-24.0699,20,20,296.597,31.7595
8,0.0783673,0.16591,1,143.752,-24.0718,20,20,296.451,31.7418
8,0.0798186,0.172586,1,145.053,-24.0756,20,20,296.9,31.7973
8,0.0812698,0.179261,1,145.053,-24.0875,20,20,298.157,31.9511
8,0.0827211,0.185937,1,145.053,-24.0731,20,20,300.026,32.1806
8,0.0841723,0.192613,1,146.365,-24.0877,20,20,302.381,32.4685
8,0.0856236,0.199289,1,147.689,-24.0866,20,20,305.149,32.8089
8,0.0870748,0.205964,1,149.025,-24.0818,20,20,308.264,33.1897
8,0.0885261,0.21264,1,150.373,-24.0772,20,20,311.675,33.6088
8,0.0899773,0.219316,1,151.734,-24.0759,20,20,315.35,34.0594
8,0.0914286,0.225991,1,153.106,-24.0816,20,20,319.523,34.5723
8,0.0928798,0.232667,1,154.492,-24.0889,20,20,324.086,35.1344
8,0.0943311,0.239343,1,155.889,-24.0907,20,20,328.892,35.7273
8,0.0957823,0.246019,1,157.3,-24.0835,20,20,333.913,36.345
8,0.0972336,0.252694,1,160.159,-24.0842,20,20,339.125,36.9871
8,0.0986848,0.25937,1,161.608,-24.0938,20,20,344.51,37.6504
8,0.100136,0.266046,1,163.07,-24.0792,20,20,350.642,38.4092
8,0.101587,0.272722,1,166.033,-24.0966,20,20,356.96,39.1908
8,0.103039,0.279397,1,169.051,-24.0819,20,20,363.439,39.991
8,0.10449,0.286073,1,170.581,-24.0989,20,20,370.053,40.8093
8,0.105941,0.292749,1,173.681,-24.0923,20,20,376.953,41.664
8,0.107392,0.299425,1,175.252,-24.0937,20,20,384.526,42.6042
8,0.108844,0.3061,1,178.438,-24.1035,20,20,392.224,43.5601
8,0.110295,0.312776,1,181.681,-24.1029,20,20,400.016,44.5279
8,0.111746,0.319452,1,183.324,-24.093,20,20,407.871,45.5026
8,0.113197,0.326128,1,186.656,-24.1041,20,20,416.494,46.5776
8,0.114649,0.332803,1,190.049,-24.1111,20,20,425.319,47.6781
8,0.1161,0.339479,1,193.503,-24.1147,20,20,434.182,48.7826
8,0.117551,0.346155,1,197.02,-24.1128,20,20,443.049,49.8885
8,0.119002,0.35283,1,200.601,-24.1098,20,20,452.458,51.0636
8,0.120454,0.359506,1,204.247,-24.1068,20,20,462.24,52.2883
8,0.121905,0.366182,1,206.095,-24.1167,20,20,471.995,53.5081
8,0.123356,0.372858,1,209.841,-24.1258,20,20,481.677,54.7197
8,0.124807,0.379533,1,213.655,-24.1306,20,20,491.577,55.9598
8,0.126259,0.386209,1,217.538,-24.133,20,20,502.064,57.2773
8,0.12771,0.392885,1,221.492,-24.1329,20,20,512.424,58.5785
8,0.129161,0.399561,1,225.518,-24.1269,20,20,522.628,59.8589
8,0.130612,0.406236,1,227.558,-24.1372,20,20,532.635,61.1151
8,0.132063,0.412912,1,231.694,-24.1444,20,20,543.293,62.4571
8,0.133515,0.419588,1,235.905,-24.1465,20,20,553.868,63.7898
8,0.134966,0.426264,1,240.193,-24.1382,20,20,564.169,65.088
8,0.136417,0.432939,1,242.366,-24.1514,20,20,574.177,66.3485
8,0.137868,0.439615,1,246.771,-24.1508,20,20,583.851,67.5673
8,0.13932,0.446291,1,249.004,-24.153,20,20,594,68.8489
8,0.140771,0.452967,1,253.53,-24.1598,20,20,603.908,70.1016
8,0.142222,0.459642,1,255.823,-24.1586,20,20,613.357,71.2954
8,0.143673,0.466318,1,260.473,-24.1586,20,20,622.332,72.4293
8,0.145125,0.472994,1,262.829,-24.1677,20,20,630.839,73.5042
8,0.146576,0.479669,1,265.207,-24.1696,20,20,638.846,74.5159
8,0.148027,0.486345,1,267.607,-24.1684,20,20,646.766,75.5179
8,0.149478,0.493021,1,270.028,-24.1663,20,20,654.468,76.494
8,0.15093,0.499697,1,272.47,-24.1677,20,20,661.532,77.3893
8,0.152381,0.506372,1,274.935,-24.1728,20,20,667.945,78.2019
8,0.153832,0.513048,1,277.423,-24.1784,20,20,673.689,78.9303
8,0.155283,0.519724,1,279.933,-24.1775,20,20,678.752,79.5713
8,0.156735,0.5264,1,279.933,-24.1716,20,20,683.121,80.1247
8,0.158186,0.533075,1,282.465,-24.1816,20,20,686.79,80.5897
8,0.159637,0.539751,1,282.465,-24.1768,20,20,689.747,80.9647
8,0.161088,0.546427,1,285.021,-24.175,20,20,691.989,81.2486
8,0.16254,0.553103,1,285.021,-24.1819,20,20,693.513,81.442
8,0.163991,0.559778,1,285.021,-24.1836,20,20,694.409,81.5554
8,0.165442,0.566454,1,285.021,-24.1838,20,20,694.814,81.6066
8,0.166893,0.57313,1,285.021,-24.1838,20,20,694.847,81.6105
8,0.168345,0.579805,1,285.021,-24.1838,20,20,694.737,81.5965
8,0.169796,0.586481,1,285.021,-24.1837,20,20,694.497,81.5669
8,0.171247,0.593157,1,285.021,-24.1833,20,20,694.104,81.5165
8,0.172698,0.599833,1,285.021,-24.1819,20,20,693.538,81.4446
8,0.17415,0.606508,1,285.021,-24.1791,20,20,692.779,81.3485
8,0.175601,0.613184,1,285.021,-24.1738,20,20,691.807,81.2253
8,0.177052,0.61986,1,282.465,-24.1721,20,20,690.607,81.0738
8,0.178503,0.626536,1,282.465,-24.1793,20,20,689.159,80.8898
8,0.179955,0.633211,1,282.465,-24.1822,20,20,687.45,80.6735
8,0.181406,0.639887,1,282.465,-24.1772,20,20,685.465,80.4217
8,0.182857,0.646563,1,279.933,-24.1712,20,20,683.193,80.134
8,0.184308,0.653239,1,279.933,-24.1802,20,20,680.619,79.8086
8,0.18576,0.659914,1,279.933,-24.1728,20,20,677.736,79.4427
8,0.187211,0.66659,1,277.423,-24.1766,20,20,674.533,79.0369
8,0.188662,0.673266,1,277.423,-24.1732,20,20,671.001,78.5889
8,0.190113,0.679941,1,274.935,-24.1755,20,20,667.136,78.0999
8,0.191565,0.686617,1,274.935,-24.1654,20,20,662.936,77.5682
8,0.193016,0.693293,1,272.47,-24.1748,20,20,658.404,76.9934
8,0.194467,0.699969,1,270.028,-24.1708,20,20,653.534,76.376
8,0.195918,0.706644,1,267.607,-24.1592,20,20,648.323,75.7158
8,0.19737,0.71332,1,267.607,-24.1646,20,20,642.771,75.0118
8,0.198821,0.719996,1,265.207,-24.1691,20,20,637.429,74.3366
8,0.200272,0.726672,1,262.829,-24.1682,20,20,631.821,73.6285
8,0.201723,0.733347,1,260.473,-24.1649,20,20,625.907,72.8807
8,0.203175,0.740023,1,258.138,-24.1615,20,20,619.696,72.0962
8,0.204626,0.746699,1,255.823,-24.1592,20,20,613.199,71.2759
8,0.206077,0.753375,1,253.53,-24.1587,20,20,606.422,70.4194
8,0.207528,0.76005,1,251.257,-24.1586,20,20,599.369,69.527
8,0.20898,0.766726,1,249.004,-24.158,20,20,592.045,68.6018
8,0.210431,0.773402,1,246.771,-24.1541,20,20,584.571,67.6581
8,0.211882,0.780078,1,244.559,-24.1488,20,20,577.508,66.7678
8,0.213333,0.786753,1,242.366,-24.1392,20,20,570.23,65.8518
8,0.214785,0.793429,1,238.04,-24.144,20,20,562.75,64.909
8,0.216236,0.800105,1,235.905,-24.1478,20,20,555.074,63.9417
8,0.217687,0.80678,1,233.79,-24.1421,20,20,547.21,62.951
8,0.219138,0.813456,1,229.617,-24.1341,20,20,539.168,61.9384
8,0.22059,0.820132,1,227.558,-24.1415,20,20,531.304,60.9484
8,0.222041,0.826808,1,225.518,-24.1359,20,20,523.774,60.0032
8,0.223492,0.833483,1,221.492,-24.1268,20,20,516.122,59.0421
8,0.224943,0.840159,1,219.506,-24.1352,20,20,508.359,58.0677
8,0.226395,0.846835,1,217.538,-24.1247,20,20,500.491,57.0795
8,0.227846,0.853511,1,213.655,-24.1286,20,20,492.528,56.0796
8,0.229297,0.860186,1,211.739,-24.1255,20,20,484.861,55.1178
8,0.230748,0.866862,1,207.96,-24.1157,20,20,477.555,54.2045
8,0.2322,0.873538,1,206.095,-24.1247,20,20,470.203,53.2839
8,0.233651,0.880214,1,204.247,-24.1131,20,20,462.813,52.3595
8,0.235102,0.886889,1,200.601,-24.1186,20,20,455.394,51.4319
8,0.236553,0.893565,1,198.803,-24.1133,20,20,447.954,50.5003
8,0.238005,0.900241,1,195.254,-24.1088,20,20,441.117,49.6475
8,0.239456,0.906916,1,193.503,-24.115,20,20,434.414,48.8116
8,0.240907,0.913592,1,191.768,-24.1045,20,20,427.729,47.9784
8,0.242358,0.920268,1,188.345,-24.107,20,20,421.068,47.1475
8,0.24381,0.926944,1,186.656,-24.1084,20,20,414.438,46.3212
8,0.245261,0.933619,1,183.324,-24.0919,20,20,407.973,45.5161
8,0.246712,0.940295,1,181.681,-24.1033,20,20,402.078,44.7839
8,0.248163,0.946971,1,180.052,-24.1049,20,20,396.242,44.0585
8,0.249615,0.953647,1,178.438,-24.097,20,20,390.473,43.3429
8,0.251066,0.960322,1,175.252,-24.0905,20,20,384.778,42.6353
8,0.252517,0.966998,1,173.681,-24.0996,20,20,379.163,41.9384
8,0.253968,0.973674,1,172.124,-24.0995,20,20,373.782,41.2705
8,0.25542,0.98035,1,170.581,-24.0957,20,20,368.873,40.6637
8,0.256871,0.987025,1,169.051,-24.0902,20,20,364.058,40.0679
8,0.258322,0.993701,1,167.536,-24.0829,20,20,359.347,39.4857
8,0.259773,0.000376761,1,164.545,-24.081,20,20,354.742,38.9156
8,0.261224,0.00705254,1,163.07,-24.0846,20,20,350.25,38.3604
8,0.262676,0.0137283,1,161.608,-24.0871,20,20,345.875,37.819
8,0.264127,0.020404,1,160.159,-24.0855,20,20,341.9,37.3286
8,0.265578,0.0270797,1,158.723,-24.0806,20,20,338.172,36.8702
8,0.267029,0.0337555,1,158.723,-24.0749,20,20,334.562,36.4245
8,0.268481,0.0404312,1,157.3,-24.0822,20,20,331.077,35.996
8,0.269932,0.0471069,1,155.889,-24.0874,20,20,327.723,35.5826
8,0.271383,0.0537826,1,154.492,-24.0908,20,20,324.504,35.1866
8,0.272834,0.0604584,1,153.106,-24.0888,20,20,321.425,34.8065
8,0.274286,0.0671341,1,151.734,-24.0788,20,20,318.486,34.4449
8,0.275737,0.0738099,1,151.734,-24.0822,20,20,315.797,34.1141
8,0.277188,0.0804856,1,150.373,-24.0891,20,20,313.407,33.8211
8,0.278639,0.0871614,1,149.025,-24.0738,20,20,311.153,33.5445
8,0.280091,0.0938371,1,149.025,-24.0881,20,20,309.038,33.2856
8,0.281542,0.100513,1,147.689,-24.0787,20,20,307.064,33.043
8,0.282993,0.107189,1,147.689,-24.0874,20,20,305.236,32.8194
8,0.284444,0.113864,1,146.365,-24.0758,20,20,303.553,32.6131
8,0.285896,0.12054,1,146.365,-24.0884,20,20,302.018,32.4252
8,0.287347,0.127216,1,146.365,-24.0776,20,20,300.633,32.255
8,0.288798,0.133891,1,145.053,-24.0824,20,20,299.403,32.1037
8,0.290249,0.140567,1,145.053,-24.0884,20,20,298.352,31.9751
8,0.291701,0.147243,1,145.053,-24.0836,20,20,297.509,31.8717
8,0.293152,0.153919,1,145.053,-24.0755,20,20,296.902,31.7973
8,0.294603,0.160594,1,143.752,-24.0696,20,20,296.545,31.7536
8,0.296054,0.16727,1,143.752,-24.0714,20,20,296.465,31.7435
8,0.297506,0.173946,1,145.053,-24.0788,20,20,297.099,31.8213
8,0.298957,0.180622,1,145.053,-24.0881,20,20,298.495,31.9923
8,0.300408,0.187297,1,146.365,-24.075,20,20,300.469,32.2348
8,0.301859,0.193973,1,146.365,-24.0844,20,20,302.914,32.5345
8,0.303311,0.200649,1,147.689,-24.0886,20,20,305.758,32.8833
8,0.304762,0.207325,1,149.025,-24.0877,20,20,308.936,33.2734
8,0.306213,0.214,1,150.373,-24.0862,20,20,312.405,33.6988
8,0.307664,0.220676,1,151.734,-24.0861,20,20,316.128,34.1553
8,0.309116,0.227352,1,153.106,-24.0896,20,20,320.434,34.685
8,0.310567,0.234028,1,154.492,-24.0905,20,20,325.047,35.253
8,0.312018,0.240703,1,155.889,-24.0834,20,20,329.898,35.8509
8,0.313469,0.247379,1,158.723,-24.0812,20,20,334.96,36.4737
8,0.314921,0.254055,1,160.159,-24.0928,20,20,340.21,37.1209
8,0.316372,0.26073,1,161.608,-24.0885,20,20,345.745,37.8035
8,0.317823,0.267406,1,164.545,-24.0918,20,20,351.915,38.5665
8,0.319274,0.274082,1,166.033,-24.09,20,20,358.268,39.3519
8,0.320726,0.280758,1,169.051,-24.0961,20,20,364.777,40.1567
8,0.322177,0.287433,1,170.581,-24.0894,20,20,371.415,40.9776
8,0.323628,0.294109,1,173.681,-24.1008,20,20,378.484,41.8534
8,0.325079,0.300785,1,176.838,-24.0974,20,20,386.086,42.7986
8,0.326531,0.307461,1,178.438,-24.0925,20,20,393.806,43.7558
8,0.327982,0.314136,1,181.681,-24.1054,20,20,401.611,44.7258
8,0.329433,0.320812,1,184.983,-24.1061,20,20,409.516,45.7077
8,0.330884,0.327488,1,188.345,-24.1037,20,20,418.287,46.8013
8,0.332336,0.334164,1,191.768,-24.0971,20,20,427.124,47.9026
8,0.333787,0.340839,1,193.503,-24.1087,20,20,435.99,49.0084
8,0.335238,0.347515,1,197.02,-24.1173,20,20,444.854,50.113
8,0.336689,0.354191,1,200.601,-24.1207,20,20,454.452,51.3135
8,0.338141,0.360866,1,204.247,-24.1225,20,20,464.233,52.5378
8,0.339592,0.367542,1,207.96,-24.1215,20,20,473.974,53.756
8,0.341043,0.374218,1,211.739,-24.1157,20,20,483.637,54.966
8,0.342494,0.380894,1,213.655,-24.1209,20,20,493.726,56.2305
8,0.343946,0.387569,1,217.538,-24.1283,20,20,504.185,57.5438
8,0.345397,0.394245,1,221.492,-24.1359,20,20,514.517,58.8409
8,0.346848,0.400921,1,225.518,-24.1394,20,20,524.684,60.118
8,0.348299,0.407597,1,229.617,-24.1341,20,20,534.667,61.3717
8,0.349751,0.414272,1,231.694,-24.1327,20,20,545.471,62.7315
8,0.351202,0.420948,1,235.905,-24.1457,20,20,555.988,64.057
8,0.352653,0.427624,1,240.193,-24.1502,20,20,566.234,65.3477
8,0.354104,0.4343,1,242.366,-24.1391,20,20,576.176,66.6006
8,0.355556,0.440975,1,246.771,-24.1563,20,20,585.798,67.8119
8,0.357007,0.447651,1,251.257,-24.1509,20,20,596.056,69.1087
8,0.358458,0.454327,1,253.53,-24.1603,20,20,605.872,70.3496
8,0.359909,0.461003,1,258.138,-24.1534,20,20,615.225,71.532
8,0.361361,0.467678,1,260.473,-24.1659,20,20,624.105,72.6533
8,0.362812,0.474354,1,262.829,-24.167,20,20,632.512,73.716
8,0.364263,0.48103,1,265.207,-24.1645,20,20,640.414,74.7133
8,0.365714,0.487705,1,267.607,-24.1587,20,20,648.386,75.7235
8,0.367166,0.494381,1,272.47,-24.1638,20,20,655.959,76.683
8,0.368617,0.501057,1,274.935,-24.1651,20,20,662.893,77.5619
8,0.370068,0.507733,1,274.935,-24.1657,20,20,669.17,78.3575
8,0.371519,0.514408,1,277.423,-24.1757,20,20,674.777,79.0678
8,0.372971,0.521084,1,279.933,-24.1799,20,20,679.7,79.691
8,0.374422,0.52776,1,282.465,-24.1676,20,20,683.927,80.2267
8,0.375873,0.534436,1,282.465,-24.1821,20,20,687.451,80.6735
8,0.377324,0.541111,1,282.465,-24.1741,20,20,690.263,81.0298
8,0.378776,0.547787,1,285.021,-24.1773,20,20,692.357,81.296
8,0.380227,0.554463,1,285.021,-24.1825,20,20,693.742,81.4704
8,0.381678,0.561139,1,285.021,-24.1837,20,20,694.528,81.5707
8,0.383129,0.567814,1,285.021,-24.1839,20,20,694.845,81.6105
8,0.38458,0.57449,1,285.021,-24.1837,20,20,694.833,81.6088
8,0.386032,0.581166,1,285.021,-24.1838,20,20,694.699,81.5918
8,0.387483,0.587841,1,285.021,-24.1836,20,20,694.43,81.5576
8,0.388934,0.594517,1,285.021,-24.1831,20,20,694.004,81.5038
8,0.390385,0.601193,1,285.021,-24.1816,20,20,693.399,81.4272
8,0.391837,0.607869,1,285.021,-24.1784,20,20,692.599,81.3261
8,0.393288,0.614544,1,285.021,-24.1725,20,20,691.582,81.1974
8,0.394739,0.62122,1,282.465,-24.1737,20,20,690.331,81.0383
8,0.39619,0.627896,1,282.465,-24.1803,20,20,688.832,80.8491
8,0.397642,0.634572,1,282.465,-24.1817,20,20,687.068,80.6253
8,0.399093,0.641247,1,282.465,-24.1751,20,20,685.026,80.3659
8,0.400544,0.647923,1,279.933,-24.1741,20,20,682.692,80.071
8,0.401995,0.654599,1,279.933,-24.1803,20,20,680.058,79.7367
8,0.403447,0.661275,1,279.933,-24.1688,20,20,677.109,79.3635
8,0.404898,0.66795,1,277.423,-24.1781,20,20,673.839,78.9485
8,0.406349,0.674626,1,277.423,-24.1689,20,20,670.24,78.4929
8,0.4078,0.681302,1,274.935,-24.1769,20,20,666.306,77.9946
8,0.409252,0.687977,1,272.47,-24.1644,20,20,662.04,77.454
8,0.410703,0.694653,1,272.47,-24.1721,20,20,657.439,76.8708
8,0.412154,0.701329,1,270.028,-24.1733,20,20,652.5,76.2449
8,0.413605,0.708005,1,267.607,-24.1664,20,20,647.219,75.575
8,0.415057,0.71468,1,267.607,-24.1567,20,20,641.675,74.8731
8,0.416508,0.721356,1,265.207,-24.165,20,20,636.311,74.1958
8,0.417959,0.728032,1,262.829,-24.1672,20,20,630.64,73.4797
8,0.41941,0.734708,1,260.473,-24.1665,20,20,624.664,72.7239
8,0.420862,0.741383,1,258.138,-24.1649,20,20,618.395,71.9322
8,0.422313,0.748059,1,255.823,-24.1628,20,20,611.841,71.1039
8,0.423764,0.754735,1,253.53,-24.1614,20,20,605.007,70.2402
8,0.425215,0.761411,1,251.257,-24.159,20,20,597.897,69.342
8,0.426667,0.768086,1,249.004,-24.1541,20,20,590.519,68.4087
8,0.428118,0.774762,1,246.771,-24.146,20,20,583.15,67.4791
8,0.429569,0.781438,1,242.366,-24.1404,20,20,576.042,66.5837
8,0.43102,0.788114,1,240.193,-24.1468,20,20,568.722,65.6622
8,0.432472,0.794789,1,238.04,-24.1496,20,20,561.202,64.7143
8,0.433923,0.801465,1,235.905,-24.1452,20,20,553.487,63.7429
9,0,0.000887692,1,142.463,-24.0823,20,20,292.155,31.2149
9,0.0101587,0.00820196,1,142.463,-24.085,20,20,290.525,31.0157
9,0.0203175,0.0155163,1,141.186,-24.0735,20,20,289.199,30.8539
9,0.0304762,0.0228305,1,141.186,-24.0865,20,20,288.134,30.7237
9,0.0406349,0.0301449,1,141.186,-24.0872,20,20,287.329,30.6249
9,0.0507937,0.0374591,1,141.186,-24.0833,20,20,286.787,30.5598
9,0.0609524,0.0447735,1,141.186,-24.0799,20,20,286.524,30.5279
9,0.0711111,0.0520877,1,141.186,-24.0851,20,20,286.934,30.5779
9,0.0812698,0.059402,1,141.186,-24.0872,20,20,288.032,30.7115
9,0.0914286,0.0667163,1,142.463,-24.0719,20,20,289.554,30.8976
9,0.101587,0.0740306,1,142.463,-24.0876,20,20,291.428,31.1266
9,0.111746,0.0813449,1,143.752,-24.0827,20,20,293.816,31.4183
9,0.121905,0.0886592,1,143.752,-24.0698,20,20,296.546,31.7536
9,0.132063,0.0959735,1,145.053,-24.08,20,20,299.573,32.1243
9,0.142222,0.103288,1,146.365,-24.0844,20,20,302.883,32.5307
9,0.152381,0.110602,1,147.689,-24.0853,20,20,306.494,32.9741
9,0.16254,0.117916,1,149.025,-24.0841,20,20,310.413,33.4545
9,0.172698,0.125231,1,150.373,-24.0797,20,20,314.597,33.9669
9,0.182857,0.132545,1,153.106,-24.0783,20,20,319.278,34.5425
9,0.193016,0.139859,1,154.492,-24.0909,20,20,324.462,35.1815
9,0.203175,0.147174,1,155.889,-24.0833,20,20,329.912,35.8526
9,0.213333,0.154488,1,158.723,-24.0895,20,20,335.696,36.5645
9,0.223492,0.161802,1,160.159,-24.0871,20,20,341.752,37.3106
9,0.233651,0.169116,1,163.07,-24.0946,20,20,348.43,38.1353
9,0.24381,0.176431,1,166.033,-24.0885,20,20,355.653,39.0288
9,0.253968,0.183745,1,167.536,-24.0831,20,20,363.167,39.9573
9,0.264127,0.191059,1,170.581,-24.094,20,20,370.987,40.925
9,0.274286,0.198374,1,173.681,-24.0979,20,20,379.444,41.9729
9,0.284444,0.205688,1,176.838,-24.0984,20,20,388.573,43.1063
9,0.294603,0.213002,1,180.052,-24.0978,20,20,397.986,44.2762
9,0.304762,0.220317,1,183.324,-24.0958,20,20,407.667,45.4773
9,0.314921,0.227631,1,188.345,-24.1051,20,20,418.433,46.8194
9,0.325079,0.234945,1,191.768,-24.1135,20,20,429.534,48.2038
9,0.335238,0.242259,1,195.254,-24.1101,20,20,440.93,49.6243
9,0.345397,0.249574,1,200.601,-24.1156,20,20,453.109,51.1454
9,0.355556,0.256888,1,204.247,-24.1202,20,20,466.034,52.7625
9,0.365714,0.264202,1,209.841,-24.1218,20,20,479.141,54.4031
9,0.375873,0.271517,1,213.655,-24.1271,20,20,492.875,56.1238
9,0.386032,0.278831,1,219.506,-24.1347,20,20,507.624,57.9757
9,0.39619,0.286145,1,225.518,-24.1249,20,20,522.416,59.8328
9,0.406349,0.293459,1,229.617,-24.1422,20,20,537.692,61.7527
9,0.416508,0.300774,1,235.905,-24.1476,20,20,554.249,63.8383
9,0.426667,0.308088,1,242.366,-24.1431,20,20,570.705,65.9114
9,0.436825,0.315402,1,246.771,-24.1524,20,20,587.37,68.0113
9,0.446984,0.322717,1,253.53,-24.1607,20,20,605.551,70.3087
9,0.457143,0.330031,1,260.473,-24.1643,20,20,623.483,72.5747
9,0.467302,0.337345,1,265.207,-24.1595,20,20,641.216,74.8152
9,0.47746,0.34466,1,272.47,-24.1722,20,20,660.604,77.2713
9,0.487619,0.351974,1,279.933,-24.18,20,20,679.714,79.6927
9,0.497778,0.359288,1,285.021,-24.1707,20,20,698.359,82.0557
9,0.507937,0.366602,1,292.826,-24.1884,20,20,717.926,84.5388
9,0.518095,0.373917,1,300.846,-24.1894,20,20,737.761,87.0593
9,0.528254,0.381231,1,306.314,-24.1964,20,20,756.925,89.4929
9,0.538413,0.388545,1,311.881,-24.189,20,20,775.379,91.8371
9,0.548571,0.39586,1,320.423,-24.206,20,20,795.198,94.361
9,0.55873,0.403174,1,326.247,-24.208,20,20,814.234,96.7845
9,0.568889,0.410488,1,332.177,-24.2082,20,20,832.315,99.0857
9,0.579048,0.417802,1,338.214,-24.2042,20.3331,20,849.391,101.259
9,0.589206,0.425117,1,347.477,-24.2066,20.7003,20,866.832,103.484
9,0.599365,0.432431,1,353.792,-24.208,21.0506,20,883.564,105.618
9,0.609524,0.439745,1,356.993,-24.2082,21.3779,20,899.154,107.607
9,0.619683,0.44706,1,363.482,-24.2188,21.6784,20,913.439,109.429
9,0.629841,0.454374,1,370.088,-24.21,21.9499,20,926.378,111.079
9,0.64,0.461688,1,373.436,-24.2201,22.1925,20,937.94,112.553
9,0.650159,0.469003,1,376.815,-24.2207,22.4254,20,949.083,113.977
9,0.660317,0.476317,1,380.224,-24.22,22.6285,20,958.804,115.219
9,0.670476,0.483631,1,383.663,-24.2222,22.7981,20,966.899,116.254
9,0.680635,0.490945,1,387.134,-24.2208,22.932,20,973.351,117.079
9,0.690794,0.49826,1,387.134,-24.218,23.0327,20,978.143,117.69
9,0.700952,0.505574,1,390.637,-24.2169,23.0982,20,981.262,118.089
9,0.711111,0.512888,1,390.637,-24.2216,23.1284,20,982.708,118.273
9,0.72127,0.520203,1,390.637,-24.2218,23.1301,20,982.797,118.285
9,0.731429,0.527517,1,390.637,-24.2209,23.1217,20,982.404,118.235
9,0.741587,0.534831,1,390.637,-24.2173,23.1003,20,981.386,118.104
9,0.751746,0.542145,1,387.134,-24.2117,23.0625,20,979.557,117.871
9,0.761905,0.54946,1,387.134,-24.2219,23.0041,20,976.772,117.515
9,0.772063,0.556774,1,387.134,-24.2196,22.9236,20,972.916,117.023
9,0.782222,0.564088,1,383.663,-24.2205,22.8186,20,967.9,116.381
9,0.792381,0.571403,1,383.663,-24.2094,22.6877,20,961.653,115.584
9,0.80254,0.578717,1,380.224,-24.2164,22.5307,20,954.124,114.621
9,0.812698,0.586031,1,376.815,-24.2164,22.3469,20,945.275,113.49
9,0.822857,0.593346,1,373.436,-24.2122,22.1421,20,935.531,112.246
9,0.833016,0.60066,1,366.77,-24.2099,21.9247,20,925.167,110.925
9,0.843175,0.607974,1,363.482,-24.2187,21.6809,20,913.58,109.447
9,0.853333,0.615288,1,360.223,-24.2105,21.4123,20,900.776,107.814
9,0.863492,0.622603,1,353.792,-24.2175,21.1182,20,886.783,106.029
9,0.873651,0.629917,1,347.477,-24.215,20.8018,20,871.701,104.105
9,0.88381,0.637231,1,341.274,-24.2134,20.4619,20,855.513,102.039
9,0.893968,0.644546,1,335.182,-24.2113,20.1296,20,839.741,100.031
9,0.904127,0.65186,1,329.198,-24.2082,20,20,823.253,97.9322
9,0.914286,0.659174,1,323.322,-24.2064,20,20,805.823,95.7132
9,0.924444,0.666488,1,317.55,-24.2047,20,20,787.579,93.3902
9,0.934603,0.673803,1,311.881,-24.1964,20,20,769.254,91.059
9,0.944762,0.681117,1,303.568,-24.1838,20,20,751.481,88.8015
9,0.954921,0.688431,1,298.149,-24.1921,20,20,733.033,86.4579
9,0.965079,0.695746,1,292.826,-24.179,20,20,713.992,84.0388
9,0.975238,0.70306,1,285.021,-24.1834,20,20,695.578,81.7031
9,0.985397,0.710374,1,279.933,-24.1719,20,20,677.59,79.424
9,0.995556,0.717689,1,272.47,-24.1754,20,20,659.171,77.0907
9,1.00571,0.725003,1,265.207,-24.1633,20,20,640.615,74.7395
9,1.01587,0.732317,1,260.473,-24.1644,20,20,623.527,72.5802
9,1.02603,0.739631,1,253.53,-24.1593,20,20,606.196,70.3902
9,1.03619,0.746946,1,246.771,-24.1438,20,20,588.641,68.1718
9,1.04635,0.75426,1,242.366,-24.152,20,20,572.468,66.1331
9,1.05651,0.761574,1,235.905,-24.1431,20,20,556.521,64.1237
9,1.06667,0.768889,1,231.694,-24.135,20,20,540.486,62.1043
9,1.07683,0.776203,1,225.518,-24.1398,20,20,525.439,60.2125
9,1.08698,0.783517,1,221.492,-24.122,20,20,511.062,58.4077
9,1.09714,0.790832,1,215.588,-24.1318,20,20,496.713,56.605
9,1.1073,0.798146,1,209.841,-24.1167,20,20,483.004,54.8863
9,1.11746,0.80546,1,206.095,-24.1248,20,20,470.272,53.2927
9,1.12762,0.812774,1,202.416,-24.112,20,20,457.671,51.716
9,1.13778,0.820089,1,197.02,-24.1156,20,20,445.344,50.1741
9,1.14794,0.827403,1,193.503,-24.1149,20,20,434.263,48.7927
9,1.1581,0.834717,1,190.049,-24.1074,20,20,423.395,47.4376
9,1.16825,0.842032,1,186.656,-24.093,20,20,412.718,46.1073
9,1.17841,0.849346,1,181.681,-24.0958,20,20,402.907,44.887
9,1.18857,0.85666,1,178.438,-24.0939,20,20,393.694,43.7428
9,1.19873,0.863974,1,175.252,-24.0912,20,20,384.726,42.6294
9,1.20889,0.871289,1,172.124,-24.0876,20,20,375.991,41.5436
9,1.21905,0.878603,1,170.581,-24.0896,20,20,368.24,40.5846
9,1.22921,0.885917,1,167.536,-24.0966,20,20,360.84,39.6695
9,1.23937,0.893232,1,164.545,-24.0922,20,20,353.712,38.7878
9,1.24952,0.900546,1,163.07,-24.08,20,20,346.844,37.9393
9,1.25968,0.90786,1,160.159,-24.0932,20,20,340.65,37.1747
9,1.26984,0.915174,1,158.723,-24.0814,20,20,334.935,36.4711
9,1.28,0.922489,1,155.889,-24.087,20,20,329.511,35.8025
9,1.29016,0.929803,1,154.492,-24.0904,20,20,324.368,35.1697
9,1.30032,0.937117,1,153.106,-24.0812,20,20,319.497,34.5698
9,1.31048,0.944432,1,150.373,-24.072,20,20,315.081,34.0271
9,1.32063,0.951746,1,149.025,-24.0734,20,20,311.18,33.5478
9,1.33079,0.95906,1,147.689,-24.0711,20,20,307.543,33.1019
9,1.34095,0.966375,1,147.689,-24.0759,20,20,304.196,32.6912
9,1.35111,0.973689,1,146.365,-24.0838,20,20,301.13,32.3159
9,1.36127,0.981003,1,145.053,-24.088,20,20,298.34,31.9734
9,1.37143,0.988317,1,143.752,-24.0818,20,20,295.826,31.6654
9,1.38159,0.995632,1,143.752,-24.0801,20,20,293.589,31.3909
9,1.39175,0.00294602,1,142.463,-24.0869,20,20,291.638,31.1523
9,1.4019,0.0102603,1,142.463,-24.0807,20,20,290.126,30.9678
9,1.41206,0.0175746,1,141.186,-24.0786,20,20,288.872,30.8136
9,1.42222,0.0248889,1,141.186,-24.0878,20,20,287.881,30.693
9,1.43238,0.0322032,1,141.186,-24.0866,20,20,287.149,30.6031
9,1.44254,0.0395175,1,141.186,-24.0819,20,20,286.682,30.5468
9,1.4527,0.0468318,1,141.186,-24.08,20,20,286.529,30.5279
9,1.46286,0.0541461,1,141.186,-24.0867,20,20,287.193,30.609
9,1.47302,0.0614604,1,141.186,-24.0843,20,20,288.421,30.759
9,1.48317,0.0687747,1,142.463,-24.0802,20,20,290.048,30.9581
9,1.49333,0.076089,1,142.463,-24.0837,20,20,292.047,31.2019
9,1.50349,0.0834033,1,143.752,-24.0879,20,20,294.554,31.5099
9,1.51365,0.0907176,1,145.053,-24.0825,20,20,297.369,31.8549
9,1.52381,0.0980319,1,146.365,-24.075,20,20,300.477,32.2361
9,1.53397,0.105346,1,146.365,-24.0699,20,20,303.865,32.6509
9,1.54413,0.11266,1,147.689,-24.0703,20,20,307.57,33.1052
9,1.55429,0.119975,1,150.373,-24.0752,20,20,311.564,33.5949
9,1.56444,0.127289,1,151.734,-24.0827,20,20,315.82,34.117
9,1.5746,0.134603,1,153.106,-24.0902,20,20,320.709,34.7195
9,1.58476,0.141918,1,154.492,-24.0832,20,20,325.969,35.3669
9,1.59492,0.149232,1,157.3,-24.0868,20,20,331.505,36.0485
9,1.60508,0.156546,1,158.723,-24.0891,20,20,337.376,36.771
9,1.61524,0.16386,1,161.608,-24.0884,20,20,343.501,37.5255
9,1.6254,0.171175,1,163.07,-24.0824,20,20,350.438,38.3831
9,1.63556,0.178489,1,166.033,-24.0944,20,20,357.731,39.285
9,1.64571,0.185803,1,169.051,-24.0978,20,20,365.344,40.227
9,1.65587,0.193118,1,172.124,-24.0971,20,20,373.229,41.2023
9,1.66603,0.200432,1,175.252,-24.0986,20,20,381.991,42.2894
9,1.67619,0.207746,1,178.438,-24.1021,20,20,391.18,43.4309
9,1.68635,0.215061,1,181.681,-24.1056,20,20,400.69,44.6113
9,1.69651,0.222375,1,184.983,-24.1087,20,20,410.565,45.839
9,1.70667,0.229689,1,188.345,-24.1032,20,20,421.538,47.2064
9,1.71683,0.237003,1,193.503,-24.1066,20,20,432.717,48.6006
9,1.72698,0.244318,1,197.02,-24.1176,20,20,444.169,50.0279
9,1.73714,0.251632,1,200.601,-24.1088,20,20,456.736,51.5988
9,1.7473,0.258946,1,206.095,-24.1242,20,20,469.688,53.2202
9,1.75746,0.266261,1,209.841,-24.1179,20,20,482.872,54.8703
9,1.76762,0.273575,1,215.588,-24.1322,20,20,497.027,56.6447
9,1.77778,0.280889,1,221.492,-24.1285,20,20,511.773,58.4967
9,1.78794,0.288204,1,225.518,-24.1364,20,20,526.619,60.3606
9,1.7981,0.295518,1,231.694,-24.1443,20,20,542.365,62.3411
9,1.80825,0.302832,1,238.04,-24.1432,20,20,558.895,64.4234
9,1.81841,0.310146,1,242.366,-24.146,20,20,575.342,66.495
9,1.82857,0.317461,1,249.004,-24.1579,20,20,592.511,68.6609
9,1.83873,0.324775,1,255.823,-24.1619,20,20,610.622,70.9501
9,1.84889,0.332089,1,262.829,-24.1563,20,20,628.48,73.2058
9,1.85905,0.339404,1,267.607,-24.1692,20,20,646.616,75.4989
9,1.86921,0.346718,1,274.935,-24.1769,20,20,666.026,77.9586
9,1.87937,0.354032,1,282.465,-24.1748,20,20,685.009,80.3638
9,1.88952,0.361346,1,287.599,-24.1837,20,20,703.533,82.7113
9,1.89968,0.368661,1,295.476,-24.1896,20,20,723.572,85.2569
9,1.90984,0.375975,1,300.846,-24.1849,20,20,743.225,87.7527
9,1.92,0.383289,1,309.085,-24.1976,20,20,762.191,90.1615
9,1.93016,0.390604,1,314.703,-24.2015,20,20,781.008,92.5534
9,1.94032,0.397918,1,323.322,-24.1976,20,20,800.647,95.0543
9,1.95048,0.405232,1,329.198,-24.2095,20,20,819.42,97.4448
9,1.96063,0.412547,1,335.182,-24.2141,20.0759,20,837.223,99.7106
9,1.97079,0.419861,1,341.274,-24.2155,20.433,20,854.118,101.861
9,1.98095,0.427175,1,347.477,-24.2152,20.8001,20,871.64,104.097
9,1.99111,0.434489,1,353.792,-24.2168,21.1454,20,888.08,106.194
9,2.00127,0.441804,1,360.223,-24.2184,21.4652,20,903.308,108.137
9,2.01143,0.449118,1,366.77,-24.2071,21.7577,20,917.217,109.91
9,2.02159,0.456432,1,370.088,-24.2202,22.0216,20,929.772,111.512
9,2.03175,0.463747,1,373.436,-24.218,22.2596,20,941.11,112.958
9,2.0419,0.471061,1,376.815,-24.2108,22.4858,20,951.982,114.348
9,2.05206,0.478375,1,380.224,-24.2102,22.6793,20,961.247,115.532
9,2.06222,0.485689,1,383.663,-24.2177,22.8392,20,968.883,116.507
9,2.07238,0.493004,1,387.134,-24.2231,22.9639,20,974.868,117.272
9,2.08254,0.500318,1,387.134,-24.2135,23.0545,20,979.191,117.825
9,2.0927,0.507632,1,390.637,-24.219,23.1099,20,981.837,118.162
9,2.10286,0.514947,1,390.637,-24.2218,23.1305,20,982.817,118.288
9,2.11302,0.522261,1,390.637,-24.2217,23.1288,20,982.739,118.278
9,2.12317,0.529575,1,390.637,-24.2202,23.1179,20,982.19,118.207
9,2.13333,0.53689,1,390.637,-24.2155,23.0914,20,980.96,118.05
9,2.14349,0.544204,1,387.134,-24.2153,23.0478,20,978.876,117.785
9,2.15365,0.551518,1,387.134,-24.2232,22.984,20,975.801,117.391
9,2.16381,0.558832,1,387.134,-24.2144,22.8963,20,971.626,116.857
9,2.17397,0.566147,1,383.663,-24.2226,22.7851,20,966.27,116.173
9,2.18413,0.573461,1,380.224,-24.2175,22.6461,20,959.667,115.33
9,2.19429,0.580775,1,376.815,-24.2119,22.482,20,951.769,114.32
9,2.20444,0.58809,1,373.436,-24.2125,22.2894,20,942.543,113.141
9,2.2146,0.595404,1,370.088,-24.2158,22.0842,20,932.738,111.889
9,2.22476,0.602718,1,366.77,-24.2196,21.858,20,922.031,110.524
9,2.23492,0.610032,1,363.482,-24.2144,21.6079,20,910.101,109.003
9,2.24508,0.617347,1,356.993,-24.2166,21.3322,20,896.956,107.326
9,2.25524,0.624661,1,350.62,-24.2047,21.0313,20,882.651,105.502
9,2.2654,0.631975,1,347.477,-24.2088,20.7086,20,867.258,103.538
9,2.27556,0.63929,1,341.274,-24.2085,20.3671,20,850.994,101.464
9,2.28571,0.646604,1,335.182,-24.2088,20.0336,20,835.199,99.4535
9,2.29587,0.653918,1,329.198,-24.2062,20,20,818.441,97.3197
9,2.30603,0.661233,1,323.322,-24.1982,20,20,800.763,95.0695
9,2.31619,0.668547,1,314.703,-24.1971,20,20,782.307,92.7196
9,2.32635,0.675861,1,309.085,-24.1991,20,20,764.323,90.4323
9,2.33651,0.683175,1,303.568,-24.1939,20,20,746.356,88.1513
9,2.34667,0.69049,1,295.476,-24.182,20,20,727.725,85.7837
9,2.35683,0.697804,1,290.201,-24.186,20,20,708.55,83.3475
9,2.36698,0.705118,1,282.465,-24.1724,20,20,690.562,81.0683
9,2.37714,0.712433,1,277.423,-24.1781,20,20,672.45,78.773
9,2.3873,0.719747,1,270.028,-24.1692,20,20,653.915,76.4242
9,2.39746,0.727061,1,265.207,-24.1621,20,20,635.832,74.1349
9,2.40762,0.734375,1,258.138,-24.1645,20,20,618.673,71.9669
9,2.41778,0.74169,1,251.257,-24.1491,20,20,601.275,69.7687
9,2.42794,0.749004,1,246.771,-24.1511,20,20,583.877,67.5707
9,2.4381,0.756318,1,240.193,-24.1499,20,20,567.989,65.5698
9,2.44825,0.763633,1,235.905,-24.135,20,20,552.018,63.5572
9,2.45841,0.770947,1,229.617,-24.1415,20,20,535.96,61.5337
9,2.46857,0.778261,1,223.496,-24.1317,20,20,521.391,59.7045
9,2.47873,0.785576,1,219.506,-24.1325,20,20,507.024,57.8998
9,2.48889,0.79289,1,213.655,-24.1281,20,20,492.684,56.099
9,2.49905,0.800204,1,209.841,-24.1235,20,20,479.406,54.436
9,2.50921,0.807518,1,204.247,-24.1155,20,20,466.713,52.8476
9,2.51937,0.814833,1,200.601,-24.1203,20,20,454.148,51.2756
9,2.52952,0.822147,1,197.02,-24.105,20,20,442.201,49.7831
9,2.53968,0.829461,1,191.768,-24.1063,20,20,431.185,48.4094
9,2.54984,0.836776,1,188.345,-24.1102,20,20,420.372,47.0607
9,2.56,0.84409,1,184.983,-24.1076,20,20,409.748,45.7363
9,2.57016,0.851404,1,181.681,-24.1041,20,20,400.287,44.5607
9,2.58032,0.858719,1,178.438,-24.1016,20,20,391.146,43.4262
9,2.59048,0.866033,1,175.252,-24.1002,20,20,382.245,42.3205
9,2.60063,0.873347,1,172.124,-24.0993,20,20,373.731,41.2638
9,2.61079,0.880661,1,169.051,-24.0966,20,20,366.128,40.3238
9,2.62095,0.887976,1,166.033,-24.084,20,20,358.807,39.4184
9,2.63111,0.89529,1,164.545,-24.0905,20,20,351.754,38.5463
9,2.64127,0.902604,1,161.608,-24.0931,20,20,344.958,37.7051
9,2.65143,0.909919,1,160.159,-24.083,20,20,339.015,36.9737
9,2.66159,0.917233,1,157.3,-24.0887,20,20,333.378,36.279
9,2.67175,0.924547,1,155.889,-24.0899,20,20,328.036,35.6213
9,2.6819,0.931861,1,154.492,-24.0764,20,20,322.97,34.9974
9,2.69206,0.939176,1,151.734,-24.0828,20,20,318.176,34.4063
9,2.70222,0.94649,1,150.373,-24.0863,20,20,313.958,33.8879
9,2.71238,0.953804,1,149.025,-24.0867,20,20,310.128,33.4192
9,2.72254,0.961119,1,147.689,-24.0847,20,20,306.572,32.9833
9,2.7327,0.968433,1,146.365,-24.0798,20,20,303.306,32.5828
9,2.74286,0.975747,1,146.365,-24.0722,20,20,300.317,32.2163
9,2.75302,0.983061,1,145.053,-24.0847,20,20,297.605,31.8835
9,2.76317,0.990376,1,143.752,-24.0872,20,20,295.168,31.5847
9,2.77333,0.99769,1,143.752,-24.0699,20,20,293.01,31.3199
10,0,0.000669718,1,103.014,-16.8086,20,20,200.92,20.099
10,0.0130612,0.00824523,1,103.014,-16.8069,20,20,198.278,20
10,0.0261224,0.0158207,1,102.09,-16.8074,20,20,196.051,20
10,0.0391837,0.0233963,1,102.09,-16.8006,20,20,194.08,20
10,0.0522449,0.0309717,1,101.175,-16.8035,20,20,192.364,20
10,0.0653061,0.0385472,1,101.175,-16.7996,20,20,190.902,20
10,0.0783673,0.0461227,1,100.268,-16.7983,20,20,189.698,20
10,0.0914286,0.0536982,1,100.268,-16.7993,20,20,188.752,20
10,0.10449,0.0612737,1,100.268,-16.7984,20,20,188.069,20
10,0.117551,0.0688492,1,100.268,-16.7974,20,20,187.65,20
10,0.130612,0.0764247,1,100.268,-16.7969,20,20,187.544,20
10,0.143673,0.0840002,1,100.268,-16.7987,20,20,188.257,20
10,0.156735,0.0915757,1,100.268,-16.7986,20,20,189.598,20
10,0.169796,0.0991512,1,101.175,-16.8017,20,20,191.444,20
10,0.182857,0.106727,1,101.175,-16.8015,20,20,193.729,20
10,0.195918,0.114302,1,102.09,-16.8075,20,20,196.402,20
10,0.20898,0.121878,1,103.014,-16.8109,20,20,199.445,20
10,0.222041,0.129453,1,103.946,-16.8085,20,20,203.23,20.3755
10,0.235102,0.137029,1,105.835,-16.8066,20,20,207.369,20.871
10,0.248163,0.144604,1,106.792,-16.8012,20,20,211.833,21.406
10,0.261224,0.15218,1,108.733,-16.8012,20,20,216.897,22.0137
10,0.274286,0.159755,1,110.71,-16.7987,20,20,222.625,22.7028
10,0.287347,0.167331,1,112.722,-16.7955,20,20,228.697,23.4335
10,0.300408,0.174906,1,115.809,-16.7958,20,20,235.559,24.2613
10,0.313469,0.182482,1,117.914,-16.7943,20,20,243.073,25.1694
10,0.326531,0.190057,1,121.143,-16.7943,20,20,251.109,26.1406
10,0.339592,0.197633,1,124.461,-16.7928,20,20,260.296,27.2564
10,0.352653,0.205208,1,127.869,-16.7926,20,20,269.947,28.4273
10,0.365714,0.212784,1,131.371,-16.7947,20,20,280.915,29.7645
10,0.378776,0.220359,1,134.969,-16.7951,20,20,292.5,31.1762
10,0.391837,0.227935,1,139.92,-16.798,20,20,305.58,32.7774
10,0.404898,0.23551,1,145.053,-16.7979,20,20,319.368,34.4655
10,0.417959,0.243086,1,150.373,-16.8021,20,20,335.032,36.3921
10,0.43102,0.250661,1,155.889,-16.8079,20,20,351.669,38.4411
10,0.444082,0.258237,1,161.608,-16.814,20,20,370.058,40.7113
10,0.457143,0.265812,1,169.051,-16.8188,20,20,390.076,43.1901
10,0.470204,0.273388,1,175.252,-16.8252,20,20,411.472,45.8428
10,0.483265,0.280963,1,183.324,-16.8332,20,20,435.499,48.8336
10,0.496327,0.288539,1,191.768,-16.8403,20,20,461.201,52.0375
10,0.509388,0.296114,1,202.416,-16.8514,20,20,488.869,55.4951
10,0.522449,0.30369,1,211.739,-16.8616,20,20,519.531,59.3379
10,0.53551,0.311265,1,223.496,-16.8726,20,20,552.291,63.4516
10,0.548571,0.318841,1,235.905,-16.8815,20,20,587.334,67.8596
10,0.561633,0.326416,1,249.004,-16.8929,20,20,626.141,72.7556
10,0.574694,0.333992,1,262.829,-16.9048,20,20,667.333,77.9591
10,0.587755,0.341567,1,277.423,-16.9164,20,20,710.701,83.4466
10,0.600816,0.349143,1,292.826,-16.9308,20,20,758.819,89.551
10,0.613878,0.356718,1,309.085,-16.943,20,20,809.257,95.9558
10,0.626939,0.364294,1,329.198,-16.9471,20.7212,20,861.854,102.642
10,0.64,0.371869,1,347.477,-16.9525,21.9348,20,919.321,109.962
10,0.653061,0.379445,1,370.088,-16.958,23.1867,20,978.824,117.548
10,0.666122,0.38702,1,390.637,-16.9595,24.4763,20,1040.2,125.376
10,0.679184,0.394596,1,416.057,-16.9663,25.8534,20,1106.09,133.794
10,0.692245,0.402171,1,439.158,-16.9694,27.2433,20,1172.71,142.306
10,0.705306,0.409747,1,463.542,-16.9725,28.6764,20,1241.59,151.113
10,0.718367,0.417322,1,489.279,-16.9768,30.1396,20,1312.07,160.128
10,0.731429,0.424898,1,516.446,-16.9815,31.5914,20,1382.16,169.095
10,0.74449,0.432473,1,540.233,-16.9834,33.0695,20,1453.71,178.251
10,0.757551,0.440049,1,565.117,-16.9861,34.505,20,1523.25,187.15
10,0.770612,0.447624,1,591.146,-16.9906,35.9152,20,1591.74,195.914
10,0.783673,0.4552,1,20.5477,-20.8275,37.2866,20,1658.42,204.446
10,0.783673,0.4552,2,618.375,-16.9919,37.2866,20,1658.42,204.446
10,0.796735,0.462775,1,20.9212,-20.982,38.5316,20,1718.91,212.183
10,0.796735,0.462775,2,635.31,-16.9932,38.5316,20,1718.91,212.183
10,0.809796,0.470351,1,21.3015,-21.1325,39.7713,20,1779.38,219.921
10,0.809796,0.470351,2,658.614,-16.9974,39.7713,20,1779.38,219.921
10,0.822857,0.477926,1,21.4942,-21.2699,40.8653,20,1832.75,226.745
10,0.822857,0.477926,2,676.652,-16.9976,40.8653,20,1832.75,226.745
10,0.835918,0.485502,1,21.8848,-21.3773,41.81,20,1878.81,232.634
10,0.835918,0.485502,2,695.183,-17.0012,41.81,20,1878.81,232.634
10,0.84898,0.493077,1,22.0828,-21.4755,42.6299,20,1918.8,237.747
10,0.84898,0.493077,2,707.818,-17.0005,42.6299,20,1918.8,237.747
10,0.862041,0.500653,1,22.2826,-21.5545,43.3273,20,1952.91,242.106
10,0.862041,0.500653,2,720.683,-17.0023,43.3273,20,1952.91,242.106
10,0.875102,0.508228,1,22.2826,-21.6062,43.8425,20,1978.12,245.329
10,0.875102,0.508228,2,733.782,-17.0039,43.8425,20,1978.12,245.329
10,0.888163,0.515804,1,22.4842,-21.6523,44.1739,20,1994.37,247.405
10,0.888163,0.515804,2,740.421,-17.0036,44.1739,20,1994.37,247.405
10,0.901224,0.523379,1,22.4842,-21.6679,44.3225,20,2001.61,248.33
10,0.901224,0.523379,2,740.421,-17.0052,44.3225,20,2001.61,248.33
10,0.914286,0.530955,1,22.4842,-21.6686,44.3267,20,2001.83,248.358
10,0.914286,0.530955,2,740.421,-17.0052,44.3267,20,2001.83,248.358
10,0.927347,0.53853,1,22.4842,-21.6634,44.2799,20,1999.51,248.062
10,0.927347,0.53853,2,740.421,-17.0051,44.2799,20,1999.51,248.062
10,0.940408,0.546106,1,22.4842,-21.6512,44.165,20,1993.92,247.347
10,0.940408,0.546106,2,740.421,-17.0034,44.165,20,1993.92,247.347
10,0.953469,0.553681,1,22.4842,-21.625,43.9697,20,1984.34,246.124
10,0.953469,0.553681,2,733.782,-17.0046,43.9697,20,1984.34,246.124
10,0.966531,0.561257,1,22.2826,-21.5931,43.6822,20,1970.28,244.326
10,0.966531,0.561257,2,727.203,-17.0031,43.6822,20,1970.28,244.326
10,0.979592,0.568832,1,22.2826,-21.5515,43.2941,20,1951.3,241.9
10,0.979592,0.568832,2,720.683,-17.0028,43.2941,20,1951.3,241.9
10,0.992653,0.576407,1,22.0828,-21.4974,42.7991,20,1927.06,238.802
10,0.992653,0.576407,2,714.222,-17.0028,42.7991,20,1927.06,238.802
10,1.00571,0.583983,1,21.8848,-21.4267,42.2018,20,1897.9,235.074
10,1.00571,0.583983,2,701.472,-17.0013,42.2018,20,1897.9,235.074
10,1.01878,0.591559,1,21.6886,-21.3514,41.5499,20,1866.14,231.015
10,1.01878,0.591559,2,688.95,-16.999,41.5499,20,1866.14,231.015
10,1.03184,0.599134,1,21.4942,-21.263,40.7908,20,1829.1,226.279
10,1.03184,0.599134,2,676.652,-16.9991,40.7908,20,1829.1,226.279
10,1.0449,0.606709,1,21.3015,-21.1567,39.9245,20,1786.87,220.879
10,1.0449,0.606709,2,664.573,-16.9974,39.9245,20,1786.87,220.879
10,1.05796,0.614285,1,20.9212,-21.0364,38.9493,20,1739.29,214.792
10,1.05796,0.614285,2,646.857,-16.9961,38.9493,20,1739.29,214.792
10,1.07102,0.621861,1,20.7336,-20.9103,37.9305,20,1689.69,208.447
10,1.07102,0.621861,2,629.614,-16.9933,37.9305,20,1689.69,208.447
10,1.08408,0.629436,1,20.3635,-20.7747,36.8538,20,1637.36,201.753
10,1.08408,0.629436,2,607.336,-16.9922,36.8538,20,1637.36,201.753
10,1.09714,0.637011,1,585.846,-16.9887,35.6831,20,1580.42,194.466
10,1.1102,0.644587,1,565.117,-16.9865,34.4899,20,1522.52,187.056
10,1.12327,0.652162,1,545.121,-16.9853,33.2675,20,1463.32,179.481
10,1.13633,0.659738,1,521.118,-16.9809,31.9768,20,1400.74,171.471
10,1.14939,0.667313,1,502.679,-16.9783,30.7392,20,1341.03,163.834
10,1.16245,0.674889,1,480.545,-16.9733,29.433,20,1277.99,155.767
10,1.17551,0.682464,1,455.267,-16.9714,28.1913,20,1218.27,148.132
10,1.18857,0.69004,1,435.22,-16.9689,26.909,20,1156.62,140.248
10,1.20163,0.697615,1,412.326,-16.9646,25.7018,20,1098.82,132.865
10,1.21469,0.705191,1,390.637,-16.9597,24.4716,20,1040.01,125.352
10,1.22776,0.712766,1,373.436,-16.9574,23.3252,20,985.377,118.384
10,1.24082,0.720342,1,353.792,-16.9537,22.1841,20,931.125,111.465
10,1.25388,0.727917,1,335.182,-16.9499,21.0997,20,879.779,104.926
10,1.26694,0.735493,1,317.55,-16.9461,20.0625,20,830.76,98.6903
10,1.28,0.743068,1,300.846,-16.9368,20,20,783.146,92.6361
10,1.29306,0.750644,1,285.021,-16.9245,20,20,739.654,87.1194
10,1.30612,0.758219,1,272.47,-16.9146,20,20,697.528,81.7802
10,1.31918,0.765795,1,258.138,-16.9039,20,20,658.042,76.7845
10,1.33224,0.77337,1,246.771,-16.8937,20,20,621.404,72.1579
10,1.34531,0.780946,1,233.79,-16.8815,20,20,586.246,67.7228
10,1.35837,0.788521,1,223.496,-16.873,20,20,554.328,63.7074
10,1.37143,0.796097,1,213.655,-16.8639,20,20,524.193,59.9231
10,1.38449,0.803672,1,204.247,-16.8549,20,20,495.81,56.3646
10,1.39755,0.811248,1,195.254,-16.8458,20,20,470.147,53.1553
10,1.41061,0.818823,1,186.656,-16.836,20,20,445.626,50.0941
10,1.42367,0.826399,1,180.052,-16.8307,20,20,423.439,47.3319
10,1.43673,0.833974,1,172.124,-16.8216,20,20,402.653,44.7494
10,1.4498,0.84155,1,166.033,-16.8178,20,20,383.362,42.3571
10,1.46286,0.849125,1,160.159,-16.8126,20,20,365.803,40.1862
10,1.47592,0.856701,1,154.492,-16.8082,20,20,349.172,38.1324
10,1.48898,0.864276,1,149.025,-16.8016,20,20,334.352,36.3088
10,1.50204,0.871852,1,145.053,-16.8002,20,20,320.139,34.561
10,1.5151,0.879427,1,139.92,-16.7957,20,20,307.605,33.0245
10,1.52816,0.887003,1,136.19,-16.7962,20,20,295.567,31.5511
10,1.54122,0.894578,1,132.56,-16.7951,20,20,284.909,30.251
10,1.55429,0.902154,1,129.026,-16.7942,20,20,274.81,29.0192
10,1.56735,0.909729,1,125.587,-16.7919,20,20,265.669,27.9086
10,1.58041,0.917305,1,123.345,-16.7935,20,20,257.278,26.8901
10,1.59347,0.92488,1,120.057,-16.7935,20,20,249.346,25.9277
10,1.60653,0.932456,1,117.914,-16.7957,20,20,242.442,25.0926
10,1.61959,0.940031,1,115.809,-16.7964,20,20,235.878,24.2999
10,1.63265,0.947607,1,113.742,-16.7976,20,20,229.844,23.5716
10,1.64571,0.955182,1,111.711,-16.7999,20,20,224.555,22.9353
10,1.65878,0.962758,1,109.717,-16.8006,20,20,219.574,22.3368
10,1.67184,0.970333,1,108.733,-16.8001,20,20,214.903,21.7745
10,1.6849,0.977909,1,106.792,-16.805,20,20,210.968,21.302
10,1.69796,0.985484,1,105.835,-16.8066,20,20,207.343,20.8685
10,1.71102,0.99306,1,104.886,-16.8057,20,20,203.996,20.467
10,1.72408,0.000635326,1,103.014,-16.8085,20,20,200.933,20.1007
10,1.73714,0.00821084,1,103.014,-16.8071,20,20,198.288,20
10,1.7502,0.0157863,1,102.09,-16.8074,20,20,196.061,20
10,1.76327,0.0233619,1,102.09,-16.8008,20,20,194.088,20
10,1.77633,0.0309373,1,101.175,-16.8033,20,20,192.37,20
10,1.78939,0.0385128,1,101.175,-16.7997,20,20,190.908,20
10,1.80245,0.0460883,1,100.268,-16.7982,20,20,189.703,20
10,1.81551,0.0536638,1,100.268,-16.7992,20,20,188.756,20
10,1.82857,0.0612393,1,100.268,-16.7983,20,20,188.072,20
10,1.84163,0.0688148,1,100.268,-16.7974,20,20,187.651,20
10,1.85469,0.0763903,1,100.268,-16.7969,20,20,187.543,20
10,1.86776,0.0839658,1,100.268,-16.7986,20,20,188.252,20
10,1.88082,0.0915413,1,100.268,-16.7985,20,20,189.591,20
10,1.89388,0.0991168,1,101.175,-16.8016,20,20,191.434,20
10,1.90694,0.106692,1,101.175,-16.8017,20,20,193.717,20
10,1.92,0.114268,1,102.09,-16.8073,20,20,196.389,20
10,1.93306,0.121843,1,103.014,-16.811,20,20,199.429,20
10,1.94612,0.129419,1,103.946,-16.8086,20,20,203.212,20.3734
10,1.95918,0.136994,1,105.835,-16.8064,20,20,207.349,20.8689
10,1.97224,0.14457,1,106.792,-16.8012,20,20,211.811,21.4031
10,1.98531,0.152145,1,108.733,-16.8013,20,20,216.872,22.0107
10,1.99837,0.159721,1,110.71,-16.7987,20,20,222.598,22.6994
10,2.01143,0.167296,1,112.722,-16.7954,20,20,228.668,23.4302
10,2.02449,0.174872,1,115.809,-16.7958,20,20,235.526,24.2575
10,2.03755,0.182447,1,117.914,-16.7945,20,20,243.038,25.1648
10,2.05061,0.190023,1,121.143,-16.7942,20,20,251.067,26.1355
10,2.06367,0.197598,1,124.461,-16.7925,20,20,260.254,27.2513
10,2.07673,0.205174,1,127.869,-16.7923,20,20,269.902,28.4219
10,2.0898,0.212749,1,131.371,-16.7948,20,20,280.865,29.7582
10,2.10286,0.220325,1,134.969,-16.7955,20,20,292.447,31.1695
10,2.11592,0.2279,1,139.92,-16.7978,20,20,305.519,32.7702
10,2.12898,0.235476,1,145.053,-16.7976,20,20,319.298,34.4567
10,2.14204,0.243051,1,150.373,-16.8017,20,20,334.959,36.3832
10,2.1551,0.250627,1,155.889,-16.8075,20,20,351.587,38.4302
10,2.16816,0.258202,1,161.608,-16.814,20,20,369.973,40.7003
10,2.18122,0.265778,1,169.051,-16.8184,20,20,389.98,43.1783
10,2.19429,0.273353,1,175.252,-16.8254,20,20,411.374,45.831
10,2.20735,0.280929,1,183.324,-16.8333,20,20,435.387,48.8197
10,2.22041,0.288504,1,191.768,-16.8406,20,20,461.076,52.0219
10,2.23347,0.29608,1,202.416,-16.8513,20,20,488.742,55.4795
10,2.24653,0.303655,1,211.739,-16.8617,20,20,519.389,59.3206
10,2.25959,0.311231,1,223.496,-16.8726,20,20,552.133,63.4314
10,2.27265,0.318806,1,235.905,-16.8811,20,20,587.173,67.8389
10,2.28571,0.326382,1,249.004,-16.8926,20,20,625.964,72.7332
10,2.29878,0.333957,1,262.829,-16.9045,20,20,667.136,77.9345
10,2.31184,0.341533,1,277.423,-16.9161,20,20,710.504,83.4212
10,2.3249,0.349108,1,292.826,-16.9306,20,20,758.602,89.5226
10,2.33796,0.356684,1,309.085,-16.9431,20,20,809.019,95.9261
10,2.35102,0.364259,1,326.247,-16.9469,20.717,20,861.592,102.609
10,2.36408,0.371835,1,347.477,-16.9527,21.9293,20,919.063,109.929
10,2.37714,0.37941,1,370.088,-16.9579,23.1813,20,978.541,117.512
10,2.3902,0.386986,1,390.637,-16.9598,24.47,20,1039.92,125.341
10,2.40327,0.394561,1,416.057,-16.9663,25.8471,20,1105.8,133.757
10,2.41633,0.402137,1,439.158,-16.9696,27.2366,20,1172.39,142.264
10,2.42939,0.409712,1,463.542,-16.9727,28.6701,20,1241.28,151.073
10,2.44245,0.417288,1,489.279,-16.977,30.1329,20,1311.75,160.087
10,2.45551,0.424863,1,516.446,-16.9815,31.5851,20,1381.86,169.056
10,2.46857,0.432439,1,540.233,-16.9836,33.0628,20,1453.38,178.21
10,2.48163,0.440014,1,565.117,-16.9863,34.4987,20,1522.95,187.111
10,2.49469,0.44759,1,591.146,-16.9907,35.9089,20,1591.43,195.874
10,2.50776,0.455165,1,20.5477,-20.826,37.2811,20,1658.13,204.409
10,2.50776,0.455165,2,618.375,-16.9918,37.2811,20,1658.13,204.409
10,2.52082,0.462741,1,20.9212,-20.9822,38.5261,20,1718.63,212.148
10,2.52082,0.462741,2,635.31,-16.9933,38.5261,20,1718.63,212.148
10,2.53388,0.470316,1,21.3015,-21.133,39.7654,20,1779.13,219.888
10,2.53388,0.470316,2,658.614,-16.9975,39.7654,20,1779.13,219.888
10,2.54694,0.477892,1,21.4942,-21.2691,40.8607,20,1832.53,226.717
10,2.54694,0.477892,2,676.652,-16.9977,40.8607,20,1832.53,226.717
10,2.56,0.485467,1,21.8848,-21.3767,41.8066,20,1878.61,232.609
10,2.56,0.485467,2,695.183,-17.0012,41.8066,20,1878.61,232.609
10,2.57306,0.493043,1,22.0828,-21.475,42.6265,20,1918.63,237.724
10,2.57306,0.493043,2,707.818,-17.0006,42.6265,20,1918.63,237.724
10,2.58612,0.500618,1,22.2826,-21.5538,43.3244,20,1952.77,242.089
10,2.58612,0.500618,2,720.683,-17.0024,43.3244,20,1952.77,242.089
10,2.59918,0.508194,1,22.2826,-21.6045,43.84,20,1978.02,245.316
10,2.59918,0.508194,2,733.782,-17.0038,43.84,20,1978.02,245.316
10,2.61224,0.515769,1,22.4842,-21.6527,44.1726,20,1994.31,247.397
10,2.61224,0.515769,2,740.421,-17.0036,44.1726,20,1994.31,247.397
10,2.62531,0.523345,1,22.4842,-21.6686,44.3216,20,2001.59,248.328
10,2.62531,0.523345,2,740.421,-17.0052,44.3216,20,2001.59,248.328
10,2.63837,0.53092,1,22.4842,-21.6686,44.3267,20,2001.83,248.358
10,2.63837,0.53092,2,740.421,-17.0052,44.3267,20,2001.83,248.358
10,2.65143,0.538496,1,22.4842,-21.6635,44.2799,20,1999.52,248.063
10,2.65143,0.538496,2,740.421,-17.0051,44.2799,20,1999.52,248.063
10,2.66449,0.546071,1,22.4842,-21.6512,44.1654,20,1993.95,247.351
10,2.66449,0.546071,2,740.421,-17.0034,44.1654,20,1993.95,247.351
10,2.67755,0.553647,1,22.4842,-21.6265,43.9701,20,1984.4,246.13
10,2.67755,0.553647,2,733.782,-17.0046,43.9701,20,1984.4,246.13
10,2.69061,0.561222,1,22.2826,-21.5936,43.6834,20,1970.36,244.336
10,2.69061,0.561222,2,727.203,-17.0031,43.6834,20,1970.36,244.336
10,2.70367,0.568798,1,22.2826,-21.5515,43.2957,20,1951.4,241.914
10,2.70367,0.568798,2,720.683,-17.0029,43.2957,20,1951.4,241.914
10,2.71673,0.576373,1,22.0828,-21.4967,42.8012,20,1927.19,238.818
10,2.71673,0.576373,2,714.222,-17.0029,42.8012,20,1927.19,238.818
10,2.7298,0.583949,1,21.8848,-21.4266,42.2048,20,1898.03,235.09
10,2.7298,0.583949,2,701.472,-17.0013,42.2048,20,1898.03,235.09
10,2.74286,0.591524,1,21.6886,-21.3509,41.5533,20,1866.3,231.035
10,2.74286,0.591524,2,688.95,-16.999,41.5533,20,1866.3,231.035
10,2.75592,0.5991,1,21.4942,-21.2634,40.7942,20,1829.28,226.302
10,2.75592,0.5991,2,676.652,-16.9991,40.7942,20,1829.28,226.302
10,2.76898,0.606675,1,21.3015,-21.1572,39.9291,20,1787.08,220.905
10,2.76898,0.606675,2,664.573,-16.9974,39.9291,20,1787.08,220.905
10,2.78204,0.614251,1,20.9212,-21.0377,38.9535,20,1739.52,214.821
10,2.78204,0.614251,2,646.857,-16.9962,38.9535,20,1739.52,214.821
10,2.7951,0.621826,1,20.7336,-20.9102,37.9355,20,1689.92,208.476
10,2.7951,0.621826,2,629.614,-16.9935,37.9355,20,1689.92,208.476
10,2.80816,0.629402,1,20.3635,-20.7769,36.8589,20,1637.61,201.785
10,2.80816,0.629402,2,607.336,-16.9922,36.8589,20,1637.61,201.785
10,2.82122,0.636977,1,585.846,-16.9886,35.6886,20,1580.7,194.5
10,2.83429,0.644553,1,565.117,-16.9864,34.4954,20,1522.78,187.09
10,2.84735,0.652128,1,545.121,-16.9853,33.2738,20,1463.6,179.518
10,2.86041,0.659704,1,521.118,-16.9807,31.9818,20,1401.01,171.505
10,2.87347,0.667279,1,502.679,-16.9785,30.7451,20,1341.31,163.87
10,2.88653,0.674855,1,480.545,-16.9737,29.4393,20,1278.28,155.805
10,2.89959,0.68243,1,455.267,-16.9712,28.1963,20,1218.55,148.167
10,2.91265,0.690006,1,435.22,-16.969,26.9145,20,1156.91,140.285
10,2.92571,0.697581,1,412.326,-16.9644,25.7068,20,1099.08,132.899
10,2.93878,0.705157,1,390.637,-16.9594,24.4771,20,1040.25,125.382
10,2.95184,0.712732,1,373.436,-16.9577,23.3303,20,985.627,118.415
10,2.9649,0.720308,1,353.792,-16.9539,22.1887,20,931.355,111.494
10,2.97796,0.727883,1,335.182,-16.9501,21.1047,20,880.012,104.955
10,2.99102,0.735459,1,317.55,-16.9463,20.0671,20,830.974,98.7166
10,3.00408,0.743034,1,300.846,-16.9369,20,20,783.361,92.6636
10,3.01714,0.75061,1,285.021,-16.9243,20,20,739.851,87.144
10,3.0302,0.758185,1,272.47,-16.9149,20,20,697.706,81.803
10,3.04327,0.765761,1,258.138,-16.9037,20,20,658.222,76.8061
10,3.05633,0.773336,1,246.771,-16.8938,20,20,621.565,72.1782
10,3.06939,0.780912,1,233.79,-16.8813,20,20,586.391,67.7405
10,3.08245,0.788487,1,223.496,-16.8729,20,20,554.472,63.726
10,3.09551,0.796063,1,213.655,-16.8639,20,20,524.323,59.9387
10,3.10857,0.803638,1,204.247,-16.8548,20,20,495.938,56.3794
10,3.12163,0.811214,1,195.254,-16.8457,20,20,470.261,53.1701
10,3.13469,0.818789,1,186.656,-16.8357,20,20,445.726,50.1063
10,3.14776,0.826365,1,180.052,-16.8307,20,20,423.538,47.345
10,3.16082,0.83394,1,172.124,-16.8213,20,20,402.741,44.7599
10,3.17388,0.841516,1,166.033,-16.8178,20,20,383.448,42.3685
10,3.18694,0.849091,1,160.159,-16.8127,20,20,365.879,40.1954
10,3.2,0.856667,1,154.492,-16.8082,20,20,349.247,38.1412
10,3.21306,0.864242,1,149.025,-16.8014,20,20,334.417,36.3164
10,3.22612,0.871818,1,145.053,-16.8003,20,20,320.202,34.5689
10,3.23918,0.879393,1,139.92,-16.7957,20,20,307.66,33.0321
10,3.25224,0.886968,1,136.19,-16.7963,20,20,295.621,31.5569
10,3.26531,0.894544,1,132.56,-16.7951,20,20,284.956,30.2564
10,3.27837,0.90212,1,129.026,-16.7942,20,20,274.854,29.0247
10,3.29143,0.909695,1,125.587,-16.7915,20,20,265.707,27.9128
10,3.30449,0.91727,1,123.345,-16.7937,20,20,257.314,26.8948
10,3.31755,0.924846,1,120.057,-16.7932,20,20,249.378,25.9315
10,3.33061,0.932422,1,117.914,-16.7957,20,20,242.473,25.0968
10,3.34367,0.939997,1,115.809,-16.7967,20,20,235.908,24.3033
10,3.35673,0.947572,1,113.742,-16.7978,20,20,229.869,23.575
10,3.3698,0.955148,1,111.711,-16.7998,20,20,224.578,22.9382
10,3.38286,0.962723,1,109.717,-16.8006,20,20,219.597,22.3389
10,3.39592,0.970299,1,108.733,-16.8003,20,20,214.924,21.7766
10,3.40898,0.977874,1,106.792,-16.8047,20,20,210.985,21.3041
10,3.42204,0.98545,1,105.835,-16.8063,20,20,207.359,20.8702
10,3.4351,0.993025,1,104.886,-16.8057,20,20,204.01,20.4687
10,3.44816,0.000600934,1,103.014,-16.8084,20,20,200.946,20.1015
11,0,0.000298023,1,83.7401,-16.7156,20,20,127.169,20
11,0.0486168,0.00807691,1,83.7401,-16.7178,20,20,126.367,20
11,0.0972336,0.0158557,1,83.7401,-16.7161,20,20,125.766,20
11,0.14585,0.0236346,1,83.7401,-16.713,20,20,125.333,20
11,0.194467,0.0314135,1,83.7401,-16.7101,20,20,125.04,20
11,0.243084,0.0391923,1,82.9893,-16.7099,20,20,124.886,20
11,0.291701,0.0469712,1,82.9893,-16.7098,20,20,124.923,20
11,0.340317,0.05475,1,83.7401,-16.7127,20,20,125.306,20
11,0.388934,0.0625289,1,83.7401,-16.7165,20,20,125.95,20
11,0.437551,0.0703078,1,83.7401,-16.7168,20,20,126.895,20
11,0.486168,0.0780866,1,84.4977,-16.7184,20,20,128.083,20
11,0.534785,0.0858655,1,84.4977,-16.721,20,20,129.495,20
11,0.583401,0.0936444,1,85.2621,-16.7239,20,20,131.092,20
11,0.632018,0.101423,1,86.0335,-16.7216,20,20,132.887,20
11,0.680635,0.109202,1,86.0335,-16.728,20,20,135.087,20
11,0.729252,0.116981,1,86.8118,-16.7327,20,20,137.574,20
11,0.777868,0.12476,1,87.5972,-16.737,20,20,140.351,20
11,0.826485,0.132539,1,88.3897,-16.74,20,20,143.536,20
11,0.875102,0.140317,1,89.9962,-16.7436,20,20,147.234,20
11,0.923719,0.148096,1,90.8104,-16.7528,20,20,151.225,20
11,0.972336,0.155875,1,91.632,-16.7542,20,20,156.069,20
11,1.02095,0.163654,1,93.2974,-16.7661,20,20,161.273,20
11,1.06957,0.171433,1,94.9932,-16.7743,20,20,167.447,20
11,1.11819,0.179212,1,96.7197,-16.7826,20,20,174.283,20
11,1.1668,0.186991,1,98.4777,-16.7906,20,20,182.191,20
11,1.21542,0.19477,1,101.175,-16.8007,20,20,191.172,20
11,1.26404,0.202548,1,103.946,-16.8069,20,20,201.274,20.1414
11,1.31265,0.210327,1,107.758,-16.804,20,20,212.91,21.5353
11,1.36127,0.218106,1,112.722,-16.7965,20,20,226.357,23.1515
11,1.40989,0.225885,1,117.914,-16.7949,20,20,241.696,25.0036
11,1.4585,0.233664,1,123.345,-16.7913,20,20,259.264,27.1304
11,1.50712,0.241443,1,130.194,-16.7908,20,20,279.452,29.5859
11,1.55574,0.249222,1,138.666,-16.7974,20,20,302.712,32.426
11,1.60435,0.257,1,147.689,-16.8026,20,20,329.567,35.7205
11,1.65297,0.264779,1,158.723,-16.8111,20,20,360.611,39.545
11,1.70159,0.272558,1,170.581,-16.822,20,20,396.545,43.992
11,1.7502,0.280337,1,184.983,-16.8357,20,20,438.16,49.1647
11,1.79882,0.288116,1,200.601,-16.8509,20,20,486.317,55.1764
11,1.84744,0.295895,1,219.506,-16.8694,20,20,542.355,62.2014
11,1.89605,0.303674,1,242.366,-16.8898,20,20,608.115,70.4806
11,1.94467,0.311452,1,267.607,-16.9116,20,20,684.105,80.0815
11,1.99329,0.319231,1,295.476,-16.9314,20,20,771.78,91.1934
11,2.0419,0.32701,1,332.177,-16.9506,20.9814,20,874.124,104.205
11,2.09052,0.334789,1,376.815,-16.957,23.4948,20,993.487,119.419
11,2.13914,0.342568,1,423.619,-16.9663,26.3644,20,1130.54,136.916
11,2.18776,0.350347,1,480.545,-16.9749,29.6586,20,1288.86,157.159
11,2.23637,0.358126,1,550.053,-16.9849,33.4491,20,1472.09,180.604
11,2.28499,0.365904,1,20.5477,-20.8841,37.7282,20,1679.88,207.192
11,2.28499,0.365904,2,623.969,-16.9945,37.7282,20,1679.88,207.192
11,2.33361,0.373683,1,22.0828,-21.4663,42.5608,20,1915.46,237.319
11,2.33361,0.373683,2,707.818,-17.0019,42.5608,20,1915.46,237.319
11,2.38222,0.381462,1,23.5198,-22.0732,48.0644,20,2184.71,271.712
11,2.38222,0.381462,2,810.199,-17.0084,48.0644,20,2184.71,271.712
11,2.43084,0.389241,1,25.0503,-22.6752,54.1759,20,2484.39,309.917
11,2.43084,0.389241,2,919.075,-17.0158,54.1759,20,2484.39,309.917
11,2.47946,0.39702,1,26.6804,-23.2796,60.9138,20,2815.2,351.987
11,2.47946,0.39702,2,1033.23,-17.0221,60.9138,20,2815.2,351.987
11,2.52807,0.404799,1,28.4166,-23.8717,68.2795,20,3177.01,397.861
11,2.52807,0.404799,2,1172.08,-17.028,68.2795,20,3177.01,397.861
11,2.57669,0.412578,1,29.9944,-24.4474,76.3201,20,3571.93,447.752
11,2.57669,0.412578,2,1317.66,-17.0326,76.3201,20,3571.93,447.752
11,2.62531,0.420357,1,31.9462,-25.0038,84.9385,20,3994.75,500.952
11,2.62531,0.420357,2,1468.05,-17.0386,84.9385,20,3994.75,500.952
11,2.67392,0.428135,1,33.4177,-25.5366,94.0244,20,4439.48,556.67
11,2.67392,0.428135,2,1635.6,-17.0422,94.0244,20,4439.48,556.67
11,2.72254,0.435914,1,35.2732,-26.0443,103.414,20,4897.79,613.835
11,2.72254,0.435914,2,1805.93,-17.0457,103.414,20,4897.79,613.835
11,2.77116,0.443693,1,36.8979,-26.5034,112.961,20,5362.12,671.492
11,2.77116,0.443693,2,1976.13,-17.0488,112.961,20,5362.12,671.492
11,2.81977,0.451472,1,38.5974,-26.9152,122.635,20,5830.73,729.416
11,2.81977,0.451472,2,2162.36,-17.0498,122.635,20,5830.73,729.416
11,2.86839,0.459251,1,40.0132,-27.2975,131.976,20,6281.09,784.858
11,2.86839,0.459251,2,2323.91,-17.0535,131.976,20,6281.09,784.858
11,2.91701,0.46703,1,41.481,-27.5558,140.621,20.258,6695.81,835.746
11,2.91701,0.46703,2,2497.52,-17.053,140.621,20.258,6695.81,835.746
11,2.96562,0.474809,1,43.7841,-27.5649,148.744,21.3813,7083.71,883.166
11,2.96562,0.474809,2,2636.2,-17.0559,148.744,21.3813,7083.71,883.166
11,3.01424,0.482587,1,45.8009,-27.5779,155.565,22.3196,7407.81,922.713
11,3.01424,0.482587,2,2757.62,-17.0549,155.565,22.3196,7407.81,922.713
11,3.06286,0.490366,1,47.4809,-27.5841,161.449,23.1233,7686.38,956.596
11,3.06286,0.490366,2,2884.64,-17.0569,161.449,23.1233,7686.38,956.596
11,3.11147,0.498145,1,48.7813,-27.5919,165.65,23.6938,7884.53,980.68
11,3.11147,0.498145,2,2963.64,-17.0575,165.65,23.6938,7884.53,980.68
11,3.16009,0.505924,1,49.6679,-27.5791,168.169,24.0367,8003.07,995.08
11,3.16009,0.505924,2,3017.5,-17.0566,168.169,24.0367,8003.07,995.08
11,3.20871,0.513703,1,49.6679,-27.5974,169.007,24.1497,8042.39,999.858
11,3.20871,0.513703,2,3017.5,-17.0574,169.007,24.1497,8042.39,999.858
11,3.25732,0.521482,1,49.6679,-27.5965,168.796,24.1219,8032.46,998.651
11,3.25732,0.521482,2,3017.5,-17.0579,168.796,24.1219,8032.46,998.651
11,3.30594,0.529261,1,49.2226,-27.5847,167.907,24.001,7990.73,993.582
11,3.30594,0.529261,2,2990.45,-17.0556,167.907,24.001,7990.73,993.582
11,3.35456,0.537039,1,48.7813,-27.5877,166.16,23.7639,7908.53,983.595
11,3.35456,0.537039,2,2963.64,-17.0572,166.16,23.7639,7908.53,983.595
11,3.40317,0.544818,1,47.9105,-27.5738,163.418,23.3903,7779.32,967.893
11,3.40317,0.544818,2,2910.73,-17.0568,163.418,23.3903,7779.32,967.893
11,3.45179,0.552597,1,47.0552,-27.5825,159.566,22.8661,7597.39,945.774
11,3.45179,0.552597,2,2833.14,-17.0552,159.566,22.8661,7597.39,945.774
11,3.50041,0.560376,1,45.3902,-27.5653,154.522,22.1761,7358.29,916.685
11,3.50041,0.560376,2,2757.62,-17.0552,154.522,22.1761,7358.29,916.685
11,3.54902,0.568155,1,43.7841,-27.558,148.919,21.4056,7092.02,884.18
11,3.54902,0.568155,2,2636.2,-17.0554,148.919,21.4056,7092.02,884.18
11,3.59764,0.575934,1,41.8562,-27.5508,142.186,20.4749,6770.69,844.907
11,3.59764,0.575934,2,2520.12,-17.0552,142.186,20.4749,6770.69,844.907
11,3.64626,0.583713,1,40.3752,-27.4092,134.828,20,6418.15,801.693
11,3.64626,0.583713,2,2387.55,-17.0528,134.828,20,6418.15,801.693
11,3.69488,0.591491,1,38.9466,-27.0742,126.71,20,6027.4,753.665
11,3.69488,0.591491,2,2221.58,-17.0508,126.71,20,6027.4,753.665
11,3.74349,0.59927,1,37.9084,-26.7393,118.458,20,5628.76,704.474
11,3.74349,0.59927,2,2085.85,-17.0485,118.458,20,5628.76,704.474
11,3.79211,0.607049,1,36.2392,-26.3507,109.818,20,5209.56,652.569
11,3.79211,0.607049,2,1923.45,-17.0475,109.818,20,5209.56,652.569
11,3.84073,0.614828,1,34.9569,-25.9141,101.091,20,4784.54,599.733
11,3.84073,0.614828,2,1757.79,-17.0446,101.091,20,4784.54,599.733
11,3.88934,0.622607,1,33.1181,-25.4479,92.4843,20,4364.08,547.244
11,3.88934,0.622607,2,1606.4,-17.0418,92.4843,20,4364.08,547.244
11,3.93796,0.630386,1,31.6598,-24.9703,84.1976,20,3958.34,496.381
11,3.93796,0.630386,2,1454.89,-17.0383,84.1976,20,3958.34,496.381
11,3.98658,0.638165,1,29.9944,-24.4457,76.255,20,3568.72,447.347
11,3.98658,0.638165,2,1317.66,-17.0317,76.255,20,3568.72,447.347
11,4.03519,0.645943,1,28.4166,-23.9055,68.7463,20,3199.92,400.761
11,4.03519,0.645943,2,1172.08,-17.0271,68.7463,20,3199.92,400.761
11,4.08381,0.653722,1,26.9218,-23.3508,61.7713,20,2857.23,357.324
11,4.08381,0.653722,2,1052.01,-17.0242,61.7713,20,2857.23,357.324
11,4.13243,0.661501,1,25.277,-22.7763,55.3543,20,2542.17,317.275
11,4.13243,0.661501,2,935.779,-17.0181,55.3543,20,2542.17,317.275
11,4.18104,0.66928,1,23.9473,-22.217,49.4853,20,2254.34,280.597
11,4.18104,0.66928,2,832.388,-17.012,49.4853,20,2254.34,280.597
11,4.22966,0.677059,1,22.4842,-21.6497,44.1574,20,1993.51,247.295
11,4.22966,0.677059,2,740.421,-17.0032,44.1574,20,1993.51,247.295
11,4.27828,0.684838,1,21.1105,-21.0897,39.3523,20,1758.96,217.307
11,4.27828,0.684838,2,652.709,-16.9973,39.3523,20,1758.96,217.307
11,4.32689,0.692617,1,575.388,-16.9883,35.0516,20,1549.72,190.535
11,4.37551,0.700395,1,511.816,-16.9803,31.2872,20,1367.46,167.214
11,4.42413,0.708174,1,451.185,-16.9712,27.9409,20,1206.24,146.594
11,4.47274,0.715953,1,401.335,-16.9636,24.9805,20,1064.3,128.455
11,4.52136,0.723732,1,356.993,-16.9546,22.3813,20,940.477,112.656
11,4.56998,0.731511,1,317.55,-16.9477,20.1301,20,833.945,99.095
11,4.61859,0.73929,1,287.599,-16.9238,20,20,740.75,87.2584
11,4.66721,0.747069,1,258.138,-16.9022,20,20,659.67,76.9905
11,4.71583,0.754848,1,235.905,-16.8843,20,20,589.305,68.1071
11,4.76444,0.762626,1,215.588,-16.8656,20,20,529.292,60.5619
11,4.81306,0.770405,1,198.803,-16.8456,20,20,477.106,54.025
11,4.86168,0.778184,1,183.324,-16.8314,20,20,431.785,48.3706
11,4.91029,0.785963,1,169.051,-16.8204,20,20,392.45,43.4843
11,4.95891,0.793742,1,157.3,-16.8093,20,20,358.309,39.2606
11,5.00753,0.801521,1,147.689,-16.8029,20,20,328.658,35.6079
11,5.05615,0.8093,1,138.666,-16.7974,20,20,302.881,32.4475
11,5.10476,0.817078,1,131.371,-16.7943,20,20,280.433,29.7048
11,5.15338,0.824857,1,124.461,-16.794,20,20,260.839,27.3223
11,5.202,0.832636,1,117.914,-16.7918,20,20,243.689,25.2437
11,5.25061,0.840415,1,112.722,-16.7958,20,20,228.627,23.4251
11,5.29923,0.848194,1,108.733,-16.8022,20,20,215.419,21.8357
11,5.34785,0.855973,1,104.886,-16.8056,20,20,204.044,20.4724
11,5.39646,0.863752,1,101.175,-16.8011,20,20,193.934,20
11,5.44508,0.87153,1,99.3686,-16.7949,20,20,184.883,20
11,5.4937,0.879309,1,97.5947,-16.7857,20,20,177.143,20
11,5.54231,0.887088,1,95.8525,-16.777,20,20,170.194,20
11,5.59093,0.894867,1,94.1415,-16.7703,20,20,164.097,20
11,5.63955,0.902646,1,92.4609,-16.7607,20,20,158.693,20
11,5.68816,0.910425,1,91.632,-16.7558,20,20,153.947,20
11,5.73678,0.918204,1,89.9962,-16.7473,20,20,149.7,20
11,5.7854,0.925982,1,89.1893,-16.7452,20,20,146.046,20
11,5.83401,0.933761,1,88.3897,-16.7413,20,20,142.692,20
11,5.88263,0.94154,1,87.5972,-16.7373,20,20,139.854,20
11,5.93125,0.949319,1,86.8118,-16.733,20,20,137.341,20
11,5.97986,0.957098,1,86.0335,-16.7277,20,20,135.086,20
11,6.02848,0.964877,1,86.0335,-16.7234,20,20,133.086,20
11,6.0771,0.972656,1,85.2621,-16.7251,20,20,131.467,20
11,6.12571,0.980434,1,84.4977,-16.7182,20,20,130.039,20
11,6.17433,0.988213,1,84.4977,-16.7211,20,20,128.779,20
11,6.22295,0.995992,1,84.4977,-16.7145,20,20,127.687,20
11,6.27156,0.00377107,1,83.7401,-16.7173,20,20,126.792,20
11,6.32018,0.0115499,1,83.7401,-16.7172,20,20,126.065,20
11,6.3688,0.0193288,1,83.7401,-16.7147,20,20,125.556,20
11,6.41741,0.0271077,1,83.7401,-16.7115,20,20,125.185,20
11,6.46603,0.0348865,1,82.9893,-16.7096,20,20,124.954,20
11,6.51465,0.0426654,1,82.9893,-16.7103,20,20,124.862,20
11,6.56327,0.0504442,1,83.7401,-16.7102,20,20,125.056,20
11,6.61188,0.0582231,1,83.7401,-16.7148,20,20,125.565,20
11,6.6605,0.066002,1,83.7401,-16.7179,20,20,126.335,20
11,6.70912,0.0737808,1,83.7401,-16.7144,20,20,127.392,20
11,6.75773,0.0815597,1,84.4977,-16.721,20,20,128.69,20
11,6.80635,0.0893385,1,85.2621,-16.7173,20,20,130.185,20
11,6.85497,0.0971174,1,85.2621,-16.7253,20,20,131.864,20
11,6.90358,0.104896,1,86.0335,-16.7278,20,20,133.799,20
11,6.9522,0.112675,1,86.8118,-16.7301,20,20,136.171,20
11,7.00082,0.120454,1,87.5972,-16.7328,20,20,138.776,20
11,7.04943,0.128233,1,88.3897,-16.7371,20,20,141.67,20
11,7.09805,0.136012,1,89.1893,-16.7442,20,20,145.142,20
11,7.14667,0.143791,1,89.9962,-16.7493,20,20,148.979,20
11,7.19528,0.151569,1,91.632,-16.7525,20,20,153.35,20
11,7.2439,0.159348,1,92.4609,-16.7613,20,20,158.326,20
11,7.29252,0.167127,1,94.1415,-16.7699,20,20,163.98,20
11,7.34113,0.174906,1,95.8525,-16.7775,20,20,170.391,20
11,7.38975,0.182685,1,97.5947,-16.7865,20,20,177.725,20
11,7.43837,0.190464,1,99.3686,-16.7943,20,20,185.927,20
11,7.48698,0.198243,1,102.09,-16.8066,20,20,195.534,20
11,7.5356,0.206021,1,104.886,-16.8041,20,20,206.412,20.7565
11,7.58422,0.2138,1,109.717,-16.8019,20,20,218.747,22.2361
11,7.63283,0.221579,1,114.771,-16.7971,20,20,232.812,23.9293
11,7.68145,0.229358,1,120.057,-16.794,20,20,249.065,25.8937
11,7.73007,0.237137,1,126.723,-16.7939,20,20,267.81,28.1686
11,7.77868,0.244916,1,133.759,-16.7939,20,20,289.345,30.7913
11,7.8273,0.252695,1,142.463,-16.7993,20,20,314.14,33.8257
11,7.87592,0.260473,1,153.106,-16.8032,20,20,342.739,37.3404
11,7.92454,0.268252,1,163.07,-16.813,20,20,375.758,41.4149
11,7.97315,0.276031,1,176.838,-16.8277,20,20,414.071,46.1658
11,8.02177,0.28381,1,191.768,-16.8425,20,20,458.806,51.7392
11,8.07039,0.291589,1,209.841,-16.8585,20,20,510.684,58.2293
11,8.119,0.299368,1,229.617,-16.8787,20,20,570.745,65.7725
11,8.16762,0.307147,1,253.53,-16.8978,20,20,640.104,74.5176
11,8.21624,0.314925,1,279.933,-16.9216,20,20,721.423,84.8064
11,8.26485,0.322704,1,311.881,-16.9445,20,20,816.095,96.8247
11,8.31347,0.330483,1,350.62,-16.9543,22.0636,20,925.402,110.736
11,8.36209,0.338262,1,397.737,-16.9612,24.7147,20,1051.61,126.834
11,8.4107,0.346041,1,451.185,-16.9706,27.7948,20,1199.22,145.696
11,8.45932,0.35382,1,511.816,-16.9804,31.2922,20,1367.71,167.246
11,8.50794,0.361599,1,580.594,-16.9896,35.2597,20,1559.86,191.833
11,8.55655,0.369377,1,21.3015,-21.1449,39.8315,20,1782.35,220.301
11,8.55655,0.369377,2,658.614,-16.9961,39.8315,20,1782.35,220.301
11,8.60517,0.377156,1,22.6876,-21.7398,44.9557,20,2032.59,252.287
11,8.60517,0.377156,2,753.878,-17.0052,44.9557,20,2032.59,252.287
11,8.65379,0.384935,1,24.164,-22.3361,50.6688,20,2312.29,287.988
11,8.65379,0.384935,2,855.185,-17.0129,50.6688,20,2312.29,287.988
11,8.7024,0.392714,1,25.7364,-22.9409,57.0681,20,2626.29,327.978
11,8.7024,0.392714,2,970.105,-17.0193,57.0681,20,2626.29,327.978
11,8.75102,0.400493,1,27.4111,-23.5473,64.1608,20,2974.73,372.231
11,8.75102,0.400493,2,1090.6,-17.0242,64.1608,20,2974.73,372.231
11,8.79964,0.408272,1,29.1949,-24.1399,71.8748,20,3353.77,420.211
11,8.79964,0.408272,2,1237.16,-17.0302,71.8748,20,3353.77,420.211
11,8.84825,0.416051,1,30.8159,-24.7105,80.1818,20,3761.51,471.63
11,8.84825,0.416051,2,1378.36,-17.0349,80.1818,20,3761.51,471.63
11,8.89687,0.423829,1,32.5269,-25.2577,89.0091,20,4194.18,525.963
11,8.89687,0.423829,2,1535.67,-17.038,89.0091,20,4194.18,525.963
11,8.94549,0.431608,1,34.3329,-25.7781,98.2542,20,4646.2,582.48
11,8.94549,0.431608,2,1710.93,-17.044,98.2542,20,4646.2,582.48
11,8.9941,0.439387,1,35.9143,-26.257,107.792,20,5111.05,640.338
11,8.9941,0.439387,2,1889.11,-17.046,107.792,20,5111.05,640.338
11,9.04272,0.447166,1,37.5685,-26.7003,117.381,20,5576.53,698.019
11,9.04272,0.447166,2,2067.15,-17.0477,117.381,20,5576.53,698.019
11,9.09134,0.454945,1,38.9466,-27.0749,126.73,20,6028.38,753.786
11,9.09134,0.454945,2,2221.58,-17.0507,126.73,20,6028.38,753.786
11,9.13995,0.462724,1,40.3752,-27.4311,135.933,20,6471.17,808.202
11,9.13995,0.462724,2,2409.15,-17.0526,135.933,20,6471.17,808.202
11,9.18857,0.470503,1,42.617,-27.5613,144.428,20.785,6877.86,858.011
11,9.18857,0.470503,2,2565.92,-17.0545,144.428,20.785,6877.86,858.011
11,9.23719,0.478282,1,44.9833,-27.553,151.923,21.8198,7234.93,901.629
11,9.23719,0.478282,2,2708.39,-17.0549,151.923,21.8198,7234.93,901.629
11,9.2858,0.48606,1,46.6333,-27.5816,158.398,22.7061,7542.14,939.054
11,9.2858,0.48606,2,2833.14,-17.0549,158.398,22.7061,7542.14,939.054
11,9.33442,0.493839,1,48.3439,-27.57,163.531,23.4058,7784.69,968.546
11,9.33442,0.493839,2,2910.73,-17.0563,163.531,23.4058,7784.69,968.546
11,9.38304,0.501618,1,49.2226,-27.5892,166.984,23.876,7947.28,988.303
11,9.38304,0.501618,2,2990.45,-17.0574,166.984,23.876,7947.28,988.303
11,9.43166,0.509397,1,49.6679,-27.5981,168.751,24.1157,8030.4,998.4
11,9.43166,0.509397,2,3017.5,-17.0579,168.751,24.1157,8030.4,998.4
11,9.48027,0.517176,1,49.6679,-27.5989,168.975,24.145,8040.91,999.677
11,9.48027,0.517176,2,3017.5,-17.0575,168.975,24.145,8040.91,999.677
11,9.52889,0.524955,1,49.6679,-27.5919,168.491,24.0804,8018.2,996.919
11,9.52889,0.524955,2,3017.5,-17.0578,168.491,24.0804,8018.2,996.919
11,9.57751,0.532734,1,49.2226,-27.5955,167.241,23.9104,7959.47,989.784
11,9.57751,0.532734,2,2990.45,-17.0578,167.241,23.9104,7959.47,989.784
11,9.62612,0.540512,1,48.7813,-27.5725,165.066,23.6153,7857.05,977.34
11,9.62612,0.540512,2,2937.07,-17.0556,165.066,23.6153,7857.05,977.34
11,9.67474,0.548291,1,47.4809,-27.5751,161.842,23.1762,7704.95,958.853
11,9.67474,0.548291,2,2884.64,-17.0572,161.842,23.1762,7704.95,958.853
11,9.72336,0.55607,1,46.2152,-27.5678,157.465,22.5794,7497.9,933.673
11,9.72336,0.55607,2,2807.74,-17.0567,157.465,22.5794,7497.9,933.673
11,9.77197,0.563849,1,44.9833,-27.5652,152.161,21.8513,7246.25,903.012
11,9.77197,0.563849,2,2708.39,-17.056,152.161,21.8513,7246.25,903.012
11,9.82059,0.571628,1,43.0025,-27.5608,146.057,21.0108,6955.66,867.521
11,9.82059,0.571628,2,2589.14,-17.0559,146.057,21.0108,6955.66,867.521
11,9.86921,0.579407,1,41.109,-27.5483,138.861,20.0139,6611.51,825.424
11,9.86921,0.579407,2,2452.94,-17.0552,138.861,20.0139,6611.51,825.424
11,9.91782,0.587186,1,40.0132,-27.2569,131.331,20,6250.08,781.047
11,9.91782,0.587186,2,2323.91,-17.0515,131.331,20,6250.08,781.047
11,9.96644,0.594964,1,38.5974,-26.9441,123.087,20,5852.59,732.114
11,9.96644,0.594964,2,2162.36,-17.0516,123.087,20,5852.59,732.114
11,10.0151,0.602743,1,37.2317,-26.5679,114.507,20,5437.09,680.776
11,10.0151,0.602743,2,2012.04,-17.048,114.507,20,5437.09,680.776
11,10.0637,0.610522,1,35.5923,-26.1671,105.95,20,5021.39,629.199
11,10.0637,0.610522,2,1855.39,-17.0455,105.95,20,5021.39,629.199
11,10.1123,0.618301,1,34.0251,-25.7185,97.3218,20,4600.7,576.802
11,10.1123,0.618301,2,1695.59,-17.0434,97.3218,20,4600.7,576.802
11,10.1609,0.62608,1,32.5269,-25.2514,88.8549,20,4186.65,525.02
11,10.1609,0.62608,2,1535.67,-17.0396,88.8549,20,4186.65,525.02
11,10.2095,0.633859,1,31.0947,-24.7352,80.6875,20,3786.35,474.756
11,10.2095,0.633859,2,1390.83,-17.0364,80.6875,20,3786.35,474.756
11,10.2581,0.641638,1,29.459,-24.2103,72.9225,20,3405.16,426.704
11,10.2581,0.641638,2,1248.35,-17.0309,72.9225,20,3405.16,426.704
11,10.3068,0.649417,1,27.9093,-23.6557,65.639,20,3047.39,381.442
11,10.3068,0.649417,2,1120.47,-17.0272,65.639,20,3047.39,381.442
11,10.3554,0.657195,1,26.2042,-23.1031,58.8797,20,2715.33,339.3
11,10.3554,0.657195,2,996.673,-17.0201,58.8797,20,2715.33,339.3
11,10.404,0.664974,1,24.8257,-22.5233,52.6685,20,2410.39,300.491
11,10.404,0.664974,2,886.554,-17.0144,52.6685,20,2410.39,300.491
11,10.4526,0.672753,1,23.309,-21.9568,47.0038,20,2132.69,265.07
11,10.4526,0.672753,2,788.602,-17.0089,47.0038,20,2132.69,265.07
11,10.5012,0.680532,1,21.8848,-21.3955,41.9186,20,1884.11,233.31
11,10.5012,0.680532,2,695.183,-16.9992,41.9186,20,1884.11,233.31
11,10.5498,0.688311,1,20.5477,-20.8437,37.3888,20,1663.4,205.083
11,10.5498,0.688311,2,618.375,-16.9937,37.3888,20,1663.4,205.083
11,10.5985,0.69609,1,545.121,-16.9844,33.3373,20,1466.65,179.908
11,10.6471,0.703869,1,484.892,-16.9759,29.7283,20,1292.24,157.591
11,10.6957,0.711647,1,427.451,-16.9678,26.555,20,1139.68,138.084
11,10.7443,0.719426,1,380.224,-16.9599,23.7874,20,1007.4,121.193
11,10.7929,0.727205,1,338.214,-16.9518,21.3456,20,891.429,106.41
11,10.8415,0.734984,1,303.568,-16.9378,20,20,790.147,93.5263
11,10.8902,0.742763,1,272.47,-16.914,20,20,702.754,82.4413
11,10.9388,0.750542,1,249.004,-16.895,20,20,627.423,72.9175
11,10.9874,0.758321,1,225.518,-16.8733,20,20,561.96,64.6683
11,11.036,0.766099,1,207.96,-16.8565,20,20,505.131,57.5324
11,11.0846,0.773878,1,190.049,-16.8391,20,20,455.848,51.3696
11,11.1332,0.781657,1,176.838,-16.8264,20,20,413.126,46.0483
11,11.1819,0.789436,1,164.545,-16.8129,20,20,376.308,41.4834
11,11.2305,0.797215,1,153.106,-16.8068,20,20,344.351,37.5377
11,11.2791,0.804994,1,143.752,-16.8,20,20,316.53,34.1183
11,11.3277,0.812773,1,134.969,-16.7957,20,20,292.276,31.1493
11,11.3763,0.820551,1,127.869,-16.7943,20,20,271.095,28.5668
11,11.4249,0.82833,1,121.143,-16.7921,20,20,252.774,26.343
11,11.4736,0.836109,1,115.809,-16.7962,20,20,236.745,24.4045
11,11.5222,0.843888,1,110.71,-16.7987,20,20,222.661,22.7074
11,11.5708,0.851667,1,106.792,-16.8054,20,20,210.23,21.2138
11,11.6194,0.859446,1,103.014,-16.8103,20,20,199.199,20
11,11.668,0.867225,1,100.268,-16.798,20,20,189.783,20
11,11.7166,0.875003,1,98.4777,-16.7908,20,20,181.373,20
11,11.7653,0.882782,1,96.7197,-16.7819,20,20,173.867,20
11,11.8139,0.890561,1,94.9932,-16.7741,20,20,167.408,20
11,11.8625,0.89834,1,93.2974,-16.766,20,20,161.504,20
11,11.9111,0.906119,1,92.4609,-16.7574,20,20,156.536,20
11,11.9597,0.913898,1,90.8104,-16.7535,20,20,151.924,20
11,12.0083,0.921677,1,89.9962,-16.7483,20,20,148.037,20
11,12.057,0.929455,1,89.1893,-16.7407,20,20,144.499,20
11,12.1056,0.937234,1,88.3897,-16.7348,20,20,141.353,20
11,12.1542,0.945013,1,87.5972,-16.7321,20,20,138.693,20
11,12.2028,0.952792,1,86.8118,-16.7307,20,20,136.309,20
11,12.2514,0.960571,1,86.0335,-16.7291,20,20,134.144,20
11,12.3,0.96835,1,85.2621,-16.7243,20,20,132.333,20
11,12.3487,0.976129,1,85.2621,-16.7225,20,20,130.809,20
11,12.3973,0.983907,1,84.4977,-16.7209,20,20,129.456,20
11,12.4459,0.991686,1,84.4977,-16.7194,20,20,128.271,20
11,12.4945,0.999465,1,83.7401,-16.7154,20,20,127.265,20
