preset,file,row,column,before,after,delta
factory_0,summary.csv,average_tracked_notch_db,value,-6.375142,-6.375142,0.0
factory_0,summary.csv,deepest_tracked_notch_db,value,-9.234644,-9.234644,0.0
factory_0,summary.csv,guitar_broadband_hf_db,value,-79.53994,-79.53994,0.0
factory_0,summary.csv,guitar_lr_correlation,value,0.987251,0.987251,0.0
factory_0,summary.csv,guitar_mono_fold_db,value,-0.029687,-0.029687,0.0
factory_0,summary.csv,guitar_side_to_mid_db,value,-21.637377,-21.637377,0.0
factory_0,summary.csv,sweep_broadband_hf_db,value,-82.543144,-82.543144,0.0
factory_0,summary.csv,sweep_lr_correlation,value,0.99584,0.99584,0.0
factory_0,summary.csv,sweep_mono_fold_db,value,-0.009043,-0.009043,0.0
factory_0,summary.csv,sweep_side_to_mid_db,value,-26.809963,-26.809963,0.0
factory_0,summary.csv,tracked_notch_count,value,11.0,11.0,0.0
factory_0,summary.csv,tracked_notch_high_hz,value,4321.265137,4321.265137,0.0
factory_0,summary.csv,tracked_notch_low_hz,value,26.167307,26.167307,0.0
factory_0,summary.csv,tracked_notch_span_oct,value,7.367545,7.367545,0.0
factory_0,summary.csv,worst_thd_db,value,-21.845646,-21.845646,0.0
factory_0,frequency_response.csv,0,time_s,0.0,0.0,0.0
factory_0,frequency_response.csv,0,freq_hz,20.0,20.0,0.0
factory_0,frequency_response.csv,0,gain_db,-7.960393,-7.960393,0.0
factory_0,frequency_response.csv,1,time_s,0.067227,0.067227,0.0
factory_0,frequency_response.csv,1,freq_hz,21.104536,21.104536,0.0
factory_0,frequency_response.csv,1,gain_db,-3.592832,-3.592832,0.0
factory_0,frequency_response.csv,2,time_s,0.134454,0.134454,0.0
factory_0,frequency_response.csv,2,freq_hz,22.270071,22.270071,0.0
factory_0,frequency_response.csv,2,gain_db,-3.227802,-3.227802,0.0
factory_0,frequency_response.csv,3,time_s,0.201681,0.201681,0.0
factory_0,frequency_response.csv,3,freq_hz,23.499975,23.499975,0.0
factory_0,frequency_response.csv,3,gain_db,-2.983535,-2.983535,0.0
factory_0,frequency_response.csv,4,time_s,0.268908,0.268908,0.0
factory_0,frequency_response.csv,4,freq_hz,24.797804,24.797804,0.0
factory_0,frequency_response.csv,4,gain_db,-2.58749,-2.58749,0.0
factory_0,frequency_response.csv,5,time_s,0.336134,0.336134,0.0
factory_0,frequency_response.csv,5,freq_hz,26.167307,26.167307,0.0
factory_0,frequency_response.csv,5,gain_db,-2.63134,-2.63134,0.0
factory_0,frequency_response.csv,6,time_s,0.403361,0.403361,0.0
factory_0,frequency_response.csv,6,freq_hz,27.612442,27.612442,0.0
factory_0,frequency_response.csv,6,gain_db,-2.295835,-2.295835,0.0
factory_0,frequency_response.csv,7,time_s,0.470588,0.470588,0.0
factory_0,frequency_response.csv,7,freq_hz,29.13739,29.13739,0.0
factory_0,frequency_response.csv,7,gain_db,-2.504008,-2.504008,0.0
factory_0,frequency_response.csv,8,time_s,0.537815,0.537815,0.0
factory_0,frequency_response.csv,8,freq_hz,30.746555,30.746555,0.0
factory_0,frequency_response.csv,8,gain_db,-2.431809,-2.431809,0.0
factory_0,frequency_response.csv,9,time_s,0.605042,0.605042,0.0
factory_0,frequency_response.csv,9,freq_hz,32.444588,32.444588,0.0
factory_0,frequency_response.csv,9,gain_db,-2.433278,-2.433278,0.0
factory_0,frequency_response.csv,10,time_s,0.672269,0.672269,0.0
factory_0,frequency_response.csv,10,freq_hz,34.236401,34.236401,0.0
factory_0,frequency_response.csv,10,gain_db,-2.363546,-2.363546,0.0
factory_0,frequency_response.csv,11,time_s,0.739496,0.739496,0.0
factory_0,frequency_response.csv,11,freq_hz,36.127167,36.127167,0.0
factory_0,frequency_response.csv,11,gain_db,-2.452346,-2.452346,0.0
factory_0,frequency_response.csv,12,time_s,0.806723,0.806723,0.0
factory_0,frequency_response.csv,12,freq_hz,38.122353,38.122353,0.0
factory_0,frequency_response.csv,12,gain_db,-2.505633,-2.505633,0.0
factory_0,frequency_response.csv,13,time_s,0.87395,0.87395,0.0
factory_0,frequency_response.csv,13,freq_hz,40.22773,40.22773,0.0
factory_0,frequency_response.csv,13,gain_db,-2.629272,-2.629272,0.0
factory_0,frequency_response.csv,14,time_s,0.941177,0.941177,0.0
factory_0,frequency_response.csv,14,freq_hz,42.449379,42.449379,0.0
factory_0,frequency_response.csv,14,gain_db,-3.003683,-3.003683,0.0
factory_0,frequency_response.csv,15,time_s,1.008403,1.008403,0.0
factory_0,frequency_response.csv,15,freq_hz,44.79372,44.79372,0.0
factory_0,frequency_response.csv,15,gain_db,-3.6515,-3.6515,0.0
factory_0,frequency_response.csv,16,time_s,1.07563,1.07563,0.0
factory_0,frequency_response.csv,16,freq_hz,47.267536,47.267536,0.0
factory_0,frequency_response.csv,16,gain_db,-4.765264,-4.765264,0.0
factory_0,frequency_response.csv,17,time_s,1.142857,1.142857,0.0
factory_0,frequency_response.csv,17,freq_hz,49.877968,49.877968,0.0
factory_0,frequency_response.csv,17,gain_db,-5.820805,-5.820805,0.0
factory_0,frequency_response.csv,18,time_s,1.210084,1.210084,0.0
factory_0,frequency_response.csv,18,freq_hz,52.632568,52.632568,0.0
factory_0,frequency_response.csv,18,gain_db,-7.273083,-7.273083,0.0
factory_0,frequency_response.csv,19,time_s,1.277311,1.277311,0.0
factory_0,frequency_response.csv,19,freq_hz,55.539299,55.539299,0.0
factory_0,frequency_response.csv,19,gain_db,-8.047134,-8.047134,0.0
factory_0,frequency_response.csv,20,time_s,1.344538,1.344538,0.0
factory_0,frequency_response.csv,20,freq_hz,58.606552,58.606552,0.0
factory_0,frequency_response.csv,20,gain_db,-8.012284,-8.012284,0.0
factory_0,frequency_response.csv,21,time_s,1.411765,1.411765,0.0
factory_0,frequency_response.csv,21,freq_hz,61.843204,61.843204,0.0
factory_0,frequency_response.csv,21,gain_db,-7.012787,-7.012787,0.0
factory_0,frequency_response.csv,22,time_s,1.478992,1.478992,0.0
factory_0,frequency_response.csv,22,freq_hz,65.258606,65.258606,0.0
factory_0,frequency_response.csv,22,gain_db,-5.707357,-5.707357,0.0
factory_0,frequency_response.csv,23,time_s,1.546218,1.546218,0.0
factory_0,frequency_response.csv,23,freq_hz,68.862625,68.862625,0.0
factory_0,frequency_response.csv,23,gain_db,-4.718652,-4.718652,0.0
factory_0,frequency_response.csv,24,time_s,1.613445,1.613445,0.0
factory_0,frequency_response.csv,24,freq_hz,72.665695,72.665695,0.0
factory_0,frequency_response.csv,24,gain_db,-3.951479,-3.951479,0.0
factory_0,frequency_response.csv,25,time_s,1.680672,1.680672,0.0
factory_0,frequency_response.csv,25,freq_hz,76.678787,76.678787,0.0
factory_0,frequency_response.csv,25,gain_db,-3.875558,-3.875558,0.0
factory_0,frequency_response.csv,26,time_s,1.747899,1.747899,0.0
factory_0,frequency_response.csv,26,freq_hz,80.913506,80.913506,0.0
factory_0,frequency_response.csv,26,gain_db,-3.943522,-3.943522,0.0
factory_0,frequency_response.csv,27,time_s,1.815126,1.815126,0.0
factory_0,frequency_response.csv,27,freq_hz,85.382095,85.382095,0.0
factory_0,frequency_response.csv,27,gain_db,-4.250178,-4.250178,0.0
factory_0,frequency_response.csv,28,time_s,1.882353,1.882353,0.0
factory_0,frequency_response.csv,28,freq_hz,90.097488,90.097488,0.0
factory_0,frequency_response.csv,28,gain_db,-4.581584,-4.581584,0.0
factory_0,frequency_response.csv,29,time_s,1.94958,1.94958,0.0
factory_0,frequency_response.csv,29,freq_hz,95.073273,95.073273,0.0
factory_0,frequency_response.csv,29,gain_db,-4.697722,-4.697722,0.0
factory_0,frequency_response.csv,30,time_s,2.016807,2.016807,0.0
factory_0,frequency_response.csv,30,freq_hz,100.323875,100.323875,0.0
factory_0,frequency_response.csv,30,gain_db,-5.135046,-5.135046,0.0
factory_0,frequency_response.csv,31,time_s,2.084034,2.084034,0.0
factory_0,frequency_response.csv,31,freq_hz,105.864441,105.864441,0.0
factory_0,frequency_response.csv,31,gain_db,-5.676054,-5.676054,0.0
factory_0,frequency_response.csv,32,time_s,2.151261,2.151261,0.0
factory_0,frequency_response.csv,32,freq_hz,111.710999,111.710999,0.0
factory_0,frequency_response.csv,32,gain_db,-6.589195,-6.589195,0.0
factory_0,frequency_response.csv,33,time_s,2.218488,2.218488,0.0
factory_0,frequency_response.csv,33,freq_hz,117.880432,117.880432,0.0
factory_0,frequency_response.csv,33,gain_db,-7.919497,-7.919497,0.0
factory_0,frequency_response.csv,34,time_s,2.285714,2.285714,0.0
factory_0,frequency_response.csv,34,freq_hz,124.390594,124.390594,0.0
factory_0,frequency_response.csv,34,gain_db,-9.085868,-9.085868,0.0
factory_0,frequency_response.csv,35,time_s,2.352941,2.352941,0.0
factory_0,frequency_response.csv,35,freq_hz,131.260284,131.260284,0.0
factory_0,frequency_response.csv,35,gain_db,-8.873242,-8.873242,0.0
factory_0,frequency_response.csv,36,time_s,2.420168,2.420168,0.0
factory_0,frequency_response.csv,36,freq_hz,138.509369,138.509369,0.0
factory_0,frequency_response.csv,36,gain_db,-7.349034,-7.349034,0.0
factory_0,frequency_response.csv,37,time_s,2.487395,2.487395,0.0
factory_0,frequency_response.csv,37,freq_hz,146.158783,146.158783,0.0
factory_0,frequency_response.csv,37,gain_db,-5.499148,-5.499148,0.0
factory_0,frequency_response.csv,38,time_s,2.554622,2.554622,0.0
factory_0,frequency_response.csv,38,freq_hz,154.230667,154.230667,0.0
factory_0,frequency_response.csv,38,gain_db,-4.811928,-4.811928,0.0
factory_0,frequency_response.csv,39,time_s,2.621849,2.621849,0.0
factory_0,frequency_response.csv,39,freq_hz,162.748337,162.748337,0.0
factory_0,frequency_response.csv,39,gain_db,-4.807702,-4.807702,0.0
factory_0,frequency_response.csv,40,time_s,2.689076,2.689076,0.0
factory_0,frequency_response.csv,40,freq_hz,171.73642,171.73642,0.0
factory_0,frequency_response.csv,40,gain_db,-6.069726,-6.069726,0.0
factory_0,frequency_response.csv,41,time_s,2.756303,2.756303,0.0
factory_0,frequency_response.csv,41,freq_hz,181.220856,181.220856,0.0
factory_0,frequency_response.csv,41,gain_db,-7.882804,-7.882804,0.0
factory_0,frequency_response.csv,42,time_s,2.823529,2.823529,0.0
factory_0,frequency_response.csv,42,freq_hz,191.229095,191.229095,0.0
factory_0,frequency_response.csv,42,gain_db,-9.061817,-9.061817,0.0
factory_0,frequency_response.csv,43,time_s,2.890756,2.890756,0.0
factory_0,frequency_response.csv,43,freq_hz,201.79007,201.79007,0.0
factory_0,frequency_response.csv,43,gain_db,-9.225139,-9.225139,0.0
factory_0,frequency_response.csv,44,time_s,2.957983,2.957983,0.0
factory_0,frequency_response.csv,44,freq_hz,212.93428,212.93428,0.0
factory_0,frequency_response.csv,44,gain_db,-9.148533,-9.148533,0.0
factory_0,frequency_response.csv,45,time_s,3.02521,3.02521,0.0
factory_0,frequency_response.csv,45,freq_hz,224.69397,224.69397,0.0
factory_0,frequency_response.csv,45,gain_db,-9.204752,-9.204752,0.0
factory_0,frequency_response.csv,46,time_s,3.092437,3.092437,0.0
factory_0,frequency_response.csv,46,freq_hz,237.103104,237.103104,0.0
factory_0,frequency_response.csv,46,gain_db,-9.234644,-9.234644,0.0
factory_0,frequency_response.csv,47,time_s,3.159664,3.159664,0.0
factory_0,frequency_response.csv,47,freq_hz,250.19754,250.19754,0.0
factory_0,frequency_response.csv,47,gain_db,-9.214862,-9.214862,0.0
factory_0,frequency_response.csv,48,time_s,3.226891,3.226891,0.0
factory_0,frequency_response.csv,48,freq_hz,264.015137,264.015137,0.0
factory_0,frequency_response.csv,48,gain_db,-9.148067,-9.148067,0.0
factory_0,frequency_response.csv,49,time_s,3.294118,3.294118,0.0
factory_0,frequency_response.csv,49,freq_hz,278.595856,278.595856,0.0
factory_0,frequency_response.csv,49,gain_db,-8.956262,-8.956262,0.0
factory_0,frequency_response.csv,50,time_s,3.361345,3.361345,0.0
factory_0,frequency_response.csv,50,freq_hz,293.981812,293.981812,0.0
factory_0,frequency_response.csv,50,gain_db,-8.468915,-8.468915,0.0
factory_0,frequency_response.csv,51,time_s,3.428571,3.428571,0.0
factory_0,frequency_response.csv,51,freq_hz,310.217468,310.217468,0.0
factory_0,frequency_response.csv,51,gain_db,-7.322889,-7.322889,0.0
factory_0,frequency_response.csv,52,time_s,3.495798,3.495798,0.0
factory_0,frequency_response.csv,52,freq_hz,327.349792,327.349792,0.0
factory_0,frequency_response.csv,52,gain_db,-5.607971,-5.607971,0.0
factory_0,frequency_response.csv,53,time_s,3.563025,3.563025,0.0
factory_0,frequency_response.csv,53,freq_hz,345.428284,345.428284,0.0
factory_0,frequency_response.csv,53,gain_db,-3.76331,-3.76331,0.0
factory_0,frequency_response.csv,54,time_s,3.630252,3.630252,0.0
factory_0,frequency_response.csv,54,freq_hz,364.505157,364.505157,0.0
factory_0,frequency_response.csv,54,gain_db,-2.297812,-2.297812,0.0
factory_0,frequency_response.csv,55,time_s,3.697479,3.697479,0.0
factory_0,frequency_response.csv,55,freq_hz,384.63562,384.63562,0.0
factory_0,frequency_response.csv,55,gain_db,-1.421415,-1.421415,0.0
factory_0,frequency_response.csv,56,time_s,3.764706,3.764706,0.0
factory_0,frequency_response.csv,56,freq_hz,405.877808,405.877808,0.0
factory_0,frequency_response.csv,56,gain_db,-1.014646,-1.014646,0.0
factory_0,frequency_response.csv,57,time_s,3.831933,3.831933,0.0
factory_0,frequency_response.csv,57,freq_hz,428.293121,428.293121,0.0
factory_0,frequency_response.csv,57,gain_db,-0.965298,-0.965298,0.0
factory_0,frequency_response.csv,58,time_s,3.89916,3.89916,0.0
factory_0,frequency_response.csv,58,freq_hz,451.946381,451.946381,0.0
factory_0,frequency_response.csv,58,gain_db,-1.130207,-1.130207,0.0
factory_0,frequency_response.csv,59,time_s,3.966387,3.966387,0.0
factory_0,frequency_response.csv,59,freq_hz,476.905945,476.905945,0.0
factory_0,frequency_response.csv,59,gain_db,-1.347756,-1.347756,0.0
factory_0,frequency_response.csv,60,time_s,4.033614,4.033614,0.0
factory_0,frequency_response.csv,60,freq_hz,503.244019,503.244019,0.0
factory_0,frequency_response.csv,60,gain_db,-1.845699,-1.845699,0.0
factory_0,frequency_response.csv,61,time_s,4.100841,4.100841,0.0
factory_0,frequency_response.csv,61,freq_hz,531.03656,531.03656,0.0
factory_0,frequency_response.csv,61,gain_db,-2.845744,-2.845744,0.0
factory_0,frequency_response.csv,62,time_s,4.168067,4.168067,0.0
factory_0,frequency_response.csv,62,freq_hz,560.364014,560.364014,0.0
factory_0,frequency_response.csv,62,gain_db,-3.896672,-3.896672,0.0
factory_0,frequency_response.csv,63,time_s,4.235294,4.235294,0.0
factory_0,frequency_response.csv,63,freq_hz,591.311096,591.311096,0.0
factory_0,frequency_response.csv,63,gain_db,-4.42926,-4.42926,0.0
factory_0,frequency_response.csv,64,time_s,4.302521,4.302521,0.0
factory_0,frequency_response.csv,64,freq_hz,623.967346,623.967346,0.0
factory_0,frequency_response.csv,64,gain_db,-4.220021,-4.220021,0.0
factory_0,frequency_response.csv,65,time_s,4.369748,4.369748,0.0
factory_0,frequency_response.csv,65,freq_hz,658.427063,658.427063,0.0
factory_0,frequency_response.csv,65,gain_db,-3.871854,-3.871854,0.0
factory_0,frequency_response.csv,66,time_s,4.436975,4.436975,0.0
factory_0,frequency_response.csv,66,freq_hz,694.789795,694.789795,0.0
factory_0,frequency_response.csv,66,gain_db,-3.483626,-3.483626,0.0
factory_0,frequency_response.csv,67,time_s,4.504202,4.504202,0.0
factory_0,frequency_response.csv,67,freq_hz,733.160889,733.160889,0.0
factory_0,frequency_response.csv,67,gain_db,-3.137332,-3.137332,0.0
factory_0,frequency_response.csv,68,time_s,4.571429,4.571429,0.0
factory_0,frequency_response.csv,68,freq_hz,773.651001,773.651001,0.0
factory_0,frequency_response.csv,68,gain_db,-2.685267,-2.685267,0.0
factory_0,frequency_response.csv,69,time_s,4.638656,4.638656,0.0
factory_0,frequency_response.csv,69,freq_hz,816.377197,816.377197,0.0
factory_0,frequency_response.csv,69,gain_db,-2.151311,-2.151311,0.0
factory_0,frequency_response.csv,70,time_s,4.705883,4.705883,0.0
factory_0,frequency_response.csv,70,freq_hz,861.463074,861.463074,0.0
factory_0,frequency_response.csv,70,gain_db,-1.579479,-1.579479,0.0
factory_0,frequency_response.csv,71,time_s,4.773109,4.773109,0.0
factory_0,frequency_response.csv,71,freq_hz,909.03894,909.03894,0.0
factory_0,frequency_response.csv,71,gain_db,-1.299212,-1.299212,0.0
factory_0,frequency_response.csv,72,time_s,4.840336,4.840336,0.0
factory_0,frequency_response.csv,72,freq_hz,959.242249,959.242249,0.0
factory_0,frequency_response.csv,72,gain_db,-1.473759,-1.473759,0.0
factory_0,frequency_response.csv,73,time_s,4.907563,4.907563,0.0
factory_0,frequency_response.csv,73,freq_hz,1012.218079,1012.218079,0.0
factory_0,frequency_response.csv,73,gain_db,-2.24742,-2.24742,0.0
factory_0,frequency_response.csv,74,time_s,4.97479,4.97479,0.0
factory_0,frequency_response.csv,74,freq_hz,1068.119629,1068.119629,0.0
factory_0,frequency_response.csv,74,gain_db,-3.615691,-3.615691,0.0
factory_0,frequency_response.csv,75,time_s,5.042017,5.042017,0.0
factory_0,frequency_response.csv,75,freq_hz,1127.108398,1127.108398,0.0
factory_0,frequency_response.csv,75,gain_db,-5.265388,-5.265388,0.0
factory_0,frequency_response.csv,76,time_s,5.109244,5.109244,0.0
factory_0,frequency_response.csv,76,freq_hz,1189.355103,1189.355103,0.0
factory_0,frequency_response.csv,76,gain_db,-6.234739,-6.234739,0.0
factory_0,frequency_response.csv,77,time_s,5.176471,5.176471,0.0
factory_0,frequency_response.csv,77,freq_hz,1255.039307,1255.039307,0.0
factory_0,frequency_response.csv,77,gain_db,-5.978164,-5.978164,0.0
factory_0,frequency_response.csv,78,time_s,5.243698,5.243698,0.0
factory_0,frequency_response.csv,78,freq_hz,1324.351074,1324.351074,0.0
factory_0,frequency_response.csv,78,gain_db,-4.604304,-4.604304,0.0
factory_0,frequency_response.csv,79,time_s,5.310925,5.310925,0.0
factory_0,frequency_response.csv,79,freq_hz,1397.490845,1397.490845,0.0
factory_0,frequency_response.csv,79,gain_db,-3.249418,-3.249418,0.0
factory_0,frequency_response.csv,80,time_s,5.378151,5.378151,0.0
factory_0,frequency_response.csv,80,freq_hz,1474.669678,1474.669678,0.0
factory_0,frequency_response.csv,80,gain_db,-2.248378,-2.248378,0.0
factory_0,frequency_response.csv,81,time_s,5.445378,5.445378,0.0
factory_0,frequency_response.csv,81,freq_hz,1556.110962,1556.110962,0.0
factory_0,frequency_response.csv,81,gain_db,-1.673599,-1.673599,0.0
factory_0,frequency_response.csv,82,time_s,5.512605,5.512605,0.0
factory_0,frequency_response.csv,82,freq_hz,1642.050049,1642.050049,0.0
factory_0,frequency_response.csv,82,gain_db,-1.51189,-1.51189,0.0
factory_0,frequency_response.csv,83,time_s,5.579832,5.579832,0.0
factory_0,frequency_response.csv,83,freq_hz,1732.735107,1732.735107,0.0
factory_0,frequency_response.csv,83,gain_db,-1.646763,-1.646763,0.0
factory_0,frequency_response.csv,84,time_s,5.647059,5.647059,0.0
factory_0,frequency_response.csv,84,freq_hz,1828.428467,1828.428467,0.0
factory_0,frequency_response.csv,84,gain_db,-1.862402,-1.862402,0.0
factory_0,frequency_response.csv,85,time_s,5.714286,5.714286,0.0
factory_0,frequency_response.csv,85,freq_hz,1929.406738,1929.406738,0.0
factory_0,frequency_response.csv,85,gain_db,-2.129183,-2.129183,0.0
factory_0,frequency_response.csv,86,time_s,5.781513,5.781513,0.0
factory_0,frequency_response.csv,86,freq_hz,2035.96167,2035.96167,0.0
factory_0,frequency_response.csv,86,gain_db,-2.451915,-2.451915,0.0
factory_0,frequency_response.csv,87,time_s,5.84874,5.84874,0.0
factory_0,frequency_response.csv,87,freq_hz,2148.401367,2148.401367,0.0
factory_0,frequency_response.csv,87,gain_db,-2.933781,-2.933781,0.0
factory_0,frequency_response.csv,88,time_s,5.915967,5.915967,0.0
factory_0,frequency_response.csv,88,freq_hz,2267.050537,2267.050537,0.0
factory_0,frequency_response.csv,88,gain_db,-3.683918,-3.683918,0.0
factory_0,frequency_response.csv,89,time_s,5.983193,5.983193,0.0
factory_0,frequency_response.csv,89,freq_hz,2392.252441,2392.252441,0.0
factory_0,frequency_response.csv,89,gain_db,-4.94118,-4.94118,0.0
factory_0,frequency_response.csv,90,time_s,6.05042,6.05042,0.0
factory_0,frequency_response.csv,90,freq_hz,2524.368896,2524.368896,0.0
factory_0,frequency_response.csv,90,gain_db,-6.609456,-6.609456,0.0
factory_0,frequency_response.csv,91,time_s,6.117647,6.117647,0.0
factory_0,frequency_response.csv,91,freq_hz,2663.781738,2663.781738,0.0
factory_0,frequency_response.csv,91,gain_db,-8.177774,-8.177774,0.0
factory_0,frequency_response.csv,92,time_s,6.184874,6.184874,0.0
factory_0,frequency_response.csv,92,freq_hz,2810.893799,2810.893799,0.0
factory_0,frequency_response.csv,92,gain_db,-8.790168,-8.790168,0.0
factory_0,frequency_response.csv,93,time_s,6.252101,6.252101,0.0
factory_0,frequency_response.csv,93,freq_hz,2966.130371,2966.130371,0.0
factory_0,frequency_response.csv,93,gain_db,-8.115662,-8.115662,0.0
factory_0,frequency_response.csv,94,time_s,6.319328,6.319328,0.0
factory_0,frequency_response.csv,94,freq_hz,3129.94043,3129.94043,0.0
factory_0,frequency_response.csv,94,gain_db,-6.798144,-6.798144,0.0
factory_0,frequency_response.csv,95,time_s,6.386555,6.386555,0.0
factory_0,frequency_response.csv,95,freq_hz,3302.796875,3302.796875,0.0
factory_0,frequency_response.csv,95,gain_db,-5.917859,-5.917859,0.0
factory_0,frequency_response.csv,96,time_s,6.453782,6.453782,0.0
factory_0,frequency_response.csv,96,freq_hz,3485.199951,3485.199951,0.0
factory_0,frequency_response.csv,96,gain_db,-5.697674,-5.697674,0.0
factory_0,frequency_response.csv,97,time_s,6.521008,6.521008,0.0
factory_0,frequency_response.csv,97,freq_hz,3677.676025,3677.676025,0.0
factory_0,frequency_response.csv,97,gain_db,-6.462328,-6.462328,0.0
factory_0,frequency_response.csv,98,time_s,6.588235,6.588235,0.0
factory_0,frequency_response.csv,98,freq_hz,3880.782471,3880.782471,0.0
factory_0,frequency_response.csv,98,gain_db,-7.15009,-7.15009,0.0
factory_0,frequency_response.csv,99,time_s,6.655462,6.655462,0.0
factory_0,frequency_response.csv,99,freq_hz,4095.105469,4095.105469,0.0
factory_0,frequency_response.csv,99,gain_db,-7.461004,-7.461004,0.0
factory_0,frequency_response.csv,100,time_s,6.722689,6.722689,0.0
factory_0,frequency_response.csv,100,freq_hz,4321.265137,4321.265137,0.0
factory_0,frequency_response.csv,100,gain_db,-7.510982,-7.510982,0.0
factory_0,frequency_response.csv,101,time_s,6.789916,6.789916,0.0
factory_0,frequency_response.csv,101,freq_hz,4559.914551,4559.914551,0.0
factory_0,frequency_response.csv,101,gain_db,-7.364253,-7.364253,0.0
factory_0,frequency_response.csv,102,time_s,6.857143,6.857143,0.0
factory_0,frequency_response.csv,102,freq_hz,4811.744141,4811.744141,0.0
factory_0,frequency_response.csv,102,gain_db,-7.071275,-7.071275,0.0
factory_0,frequency_response.csv,103,time_s,6.92437,6.92437,0.0
factory_0,frequency_response.csv,103,freq_hz,5077.481445,5077.481445,0.0
factory_0,frequency_response.csv,103,gain_db,-6.674231,-6.674231,0.0
factory_0,frequency_response.csv,104,time_s,6.991597,6.991597,0.0
factory_0,frequency_response.csv,104,freq_hz,5357.894531,5357.894531,0.0
factory_0,frequency_response.csv,104,gain_db,-6.206197,-6.206197,0.0
factory_0,frequency_response.csv,105,time_s,7.058824,7.058824,0.0
factory_0,frequency_response.csv,105,freq_hz,5653.793457,5653.793457,0.0
factory_0,frequency_response.csv,105,gain_db,-5.689499,-5.689499,0.0
factory_0,frequency_response.csv,106,time_s,7.12605,7.12605,0.0
factory_0,frequency_response.csv,106,freq_hz,5966.034668,5966.034668,0.0
factory_0,frequency_response.csv,106,gain_db,-5.108161,-5.108161,0.0
factory_0,frequency_response.csv,107,time_s,7.193277,7.193277,0.0
factory_0,frequency_response.csv,107,freq_hz,6295.519531,6295.519531,0.0
factory_0,frequency_response.csv,107,gain_db,-4.457343,-4.457343,0.0
factory_0,frequency_response.csv,108,time_s,7.260504,7.260504,0.0
factory_0,frequency_response.csv,108,freq_hz,6643.200684,6643.200684,0.0
factory_0,frequency_response.csv,108,gain_db,-3.756321,-3.756321,0.0
factory_0,frequency_response.csv,109,time_s,7.327731,7.327731,0.0
factory_0,frequency_response.csv,109,freq_hz,7010.083008,7010.083008,0.0
factory_0,frequency_response.csv,109,gain_db,-3.18803,-3.18803,0.0
factory_0,frequency_response.csv,110,time_s,7.394958,7.394958,0.0
factory_0,frequency_response.csv,110,freq_hz,7397.227539,7397.227539,0.0
factory_0,frequency_response.csv,110,gain_db,-2.874341,-2.874341,0.0
factory_0,frequency_response.csv,111,time_s,7.462185,7.462185,0.0
factory_0,frequency_response.csv,111,freq_hz,7805.752441,7805.752441,0.0
factory_0,frequency_response.csv,111,gain_db,-2.767097,-2.767097,0.0
factory_0,frequency_response.csv,112,time_s,7.529412,7.529412,0.0
factory_0,frequency_response.csv,112,freq_hz,8236.839844,8236.839844,0.0
factory_0,frequency_response.csv,112,gain_db,-2.847273,-2.847273,0.0
factory_0,frequency_response.csv,113,time_s,7.596639,7.596639,0.0
factory_0,frequency_response.csv,113,freq_hz,8691.733398,8691.733398,0.0
factory_0,frequency_response.csv,113,gain_db,-3.030455,-3.030455,0.0
factory_0,frequency_response.csv,114,time_s,7.663866,7.663866,0.0
factory_0,frequency_response.csv,114,freq_hz,9171.75,9171.75,0.0
factory_0,frequency_response.csv,114,gain_db,-3.256347,-3.256347,0.0
factory_0,frequency_response.csv,115,time_s,7.731092,7.731092,0.0
factory_0,frequency_response.csv,115,freq_hz,9678.276367,9678.276367,0.0
factory_0,frequency_response.csv,115,gain_db,-3.40962,-3.40962,0.0
factory_0,frequency_response.csv,116,time_s,7.798319,7.798319,0.0
factory_0,frequency_response.csv,116,freq_hz,10212.776367,10212.776367,0.0
factory_0,frequency_response.csv,116,gain_db,-3.428679,-3.428679,0.0
factory_0,frequency_response.csv,117,time_s,7.865546,7.865546,0.0
factory_0,frequency_response.csv,117,freq_hz,10776.795898,10776.795898,0.0
factory_0,frequency_response.csv,117,gain_db,-3.469079,-3.469079,0.0
factory_0,frequency_response.csv,118,time_s,7.932773,7.932773,0.0
factory_0,frequency_response.csv,118,freq_hz,11371.962891,11371.962891,0.0
factory_0,frequency_response.csv,118,gain_db,-3.565231,-3.565231,0.0
factory_0,frequency_response.csv,119,time_s,8.0,8.0,0.0
factory_0,frequency_response.csv,119,freq_hz,12000.0,12000.0,0.0
factory_0,frequency_response.csv,119,gain_db,-3.646474,-3.646474,0.0
factory_0,notch_tracking.csv,0,time_s,0.336134,0.336134,0.0
factory_0,notch_tracking.csv,0,freq_hz,26.167307,26.167307,0.0
factory_0,notch_tracking.csv,0,notch_depth_db,-2.63134,-2.63134,0.0
factory_0,notch_tracking.csv,1,time_s,0.470588,0.470588,0.0
factory_0,notch_tracking.csv,1,freq_hz,29.13739,29.13739,0.0
factory_0,notch_tracking.csv,1,notch_depth_db,-2.504008,-2.504008,0.0
factory_0,notch_tracking.csv,2,time_s,0.605042,0.605042,0.0
factory_0,notch_tracking.csv,2,freq_hz,32.444588,32.444588,0.0
factory_0,notch_tracking.csv,2,notch_depth_db,-2.433278,-2.433278,0.0
factory_0,notch_tracking.csv,3,time_s,1.277311,1.277311,0.0
factory_0,notch_tracking.csv,3,freq_hz,55.539299,55.539299,0.0
factory_0,notch_tracking.csv,3,notch_depth_db,-8.047134,-8.047134,0.0
factory_0,notch_tracking.csv,4,time_s,2.285714,2.285714,0.0
factory_0,notch_tracking.csv,4,freq_hz,124.390594,124.390594,0.0
factory_0,notch_tracking.csv,4,notch_depth_db,-9.085868,-9.085868,0.0
factory_0,notch_tracking.csv,5,time_s,2.890756,2.890756,0.0
factory_0,notch_tracking.csv,5,freq_hz,201.79007,201.79007,0.0
factory_0,notch_tracking.csv,5,notch_depth_db,-9.225139,-9.225139,0.0
factory_0,notch_tracking.csv,6,time_s,3.092437,3.092437,0.0
factory_0,notch_tracking.csv,6,freq_hz,237.103104,237.103104,0.0
factory_0,notch_tracking.csv,6,notch_depth_db,-9.234644,-9.234644,0.0
factory_0,notch_tracking.csv,7,time_s,4.235294,4.235294,0.0
factory_0,notch_tracking.csv,7,freq_hz,591.311096,591.311096,0.0
factory_0,notch_tracking.csv,7,notch_depth_db,-4.42926,-4.42926,0.0
factory_0,notch_tracking.csv,8,time_s,5.109244,5.109244,0.0
factory_0,notch_tracking.csv,8,freq_hz,1189.355103,1189.355103,0.0
factory_0,notch_tracking.csv,8,notch_depth_db,-6.234739,-6.234739,0.0
factory_0,notch_tracking.csv,9,time_s,6.184874,6.184874,0.0
factory_0,notch_tracking.csv,9,freq_hz,2810.893799,2810.893799,0.0
factory_0,notch_tracking.csv,9,notch_depth_db,-8.790168,-8.790168,0.0
factory_0,notch_tracking.csv,10,time_s,6.722689,6.722689,0.0
factory_0,notch_tracking.csv,10,freq_hz,4321.265137,4321.265137,0.0
factory_0,notch_tracking.csv,10,notch_depth_db,-7.510982,-7.510982,0.0
factory_0,thd_vs_drive.csv,0,sine_level_db,-24.0,-24.0,0.0
factory_0,thd_vs_drive.csv,0,thd_ratio,0.000809,0.000809,0.0
factory_0,thd_vs_drive.csv,0,thd_db,-61.840988,-61.840988,0.0
factory_0,thd_vs_drive.csv,0,broadband_hf_db,-82.677536,-82.677536,0.0
factory_0,thd_vs_drive.csv,1,sine_level_db,-18.0,-18.0,0.0
factory_0,thd_vs_drive.csv,1,thd_ratio,0.00239,0.00239,0.0
factory_0,thd_vs_drive.csv,1,thd_db,-52.43124,-52.43124,0.0
factory_0,thd_vs_drive.csv,1,broadband_hf_db,-82.683037,-82.683037,0.0
factory_0,thd_vs_drive.csv,2,sine_level_db,-12.0,-12.0,0.0
factory_0,thd_vs_drive.csv,2,thd_ratio,0.008143,0.008143,0.0
factory_0,thd_vs_drive.csv,2,thd_db,-41.784088,-41.784088,0.0
factory_0,thd_vs_drive.csv,2,broadband_hf_db,-82.684555,-82.684555,0.0
factory_0,thd_vs_drive.csv,3,sine_level_db,-6.0,-6.0,0.0
factory_0,thd_vs_drive.csv,3,thd_ratio,0.0295,0.0295,0.0
factory_0,thd_vs_drive.csv,3,thd_db,-30.603523,-30.603523,0.0
factory_0,thd_vs_drive.csv,3,broadband_hf_db,-82.663574,-82.663574,0.0
factory_0,thd_vs_drive.csv,4,sine_level_db,0.0,0.0,0.0
factory_0,thd_vs_drive.csv,4,thd_ratio,0.080857,0.080857,0.0
factory_0,thd_vs_drive.csv,4,thd_db,-21.845646,-21.845646,0.0
factory_0,thd_vs_drive.csv,4,broadband_hf_db,-82.41803,-82.41803,0.0
factory_1,summary.csv,average_tracked_notch_db,value,-6.485431,-6.485431,0.0
factory_1,summary.csv,deepest_tracked_notch_db,value,-10.446177,-10.446177,0.0
factory_1,summary.csv,guitar_broadband_hf_db,value,-79.24958,-79.24958,0.0
factory_1,summary.csv,guitar_lr_correlation,value,0.983252,0.983252,0.0
factory_1,summary.csv,guitar_mono_fold_db,value,-0.040053,-0.040053,0.0
factory_1,summary.csv,guitar_side_to_mid_db,value,-20.331453,-20.331453,0.0
factory_1,summary.csv,sweep_broadband_hf_db,value,-82.54277,-82.54277,0.0
factory_1,summary.csv,sweep_lr_correlation,value,0.993996,0.993996,0.0
factory_1,summary.csv,sweep_mono_fold_db,value,-0.013058,-0.013058,0.0
factory_1,summary.csv,sweep_side_to_mid_db,value,-25.212505,-25.212505,0.0
factory_1,summary.csv,tracked_notch_count,value,14.0,14.0,0.0
factory_1,summary.csv,tracked_notch_high_hz,value,11371.962891,11371.962891,0.0
factory_1,summary.csv,tracked_notch_low_hz,value,26.167307,26.167307,0.0
factory_1,summary.csv,tracked_notch_span_oct,value,8.7635,8.7635,0.0
factory_1,summary.csv,worst_thd_db,value,-22.846401,-22.846401,0.0
factory_1,frequency_response.csv,0,time_s,0.0,0.0,0.0
factory_1,frequency_response.csv,0,freq_hz,20.0,20.0,0.0
factory_1,frequency_response.csv,0,gain_db,-8.365343,-8.365343,0.0
factory_1,frequency_response.csv,1,time_s,0.067227,0.067227,0.0
factory_1,frequency_response.csv,1,freq_hz,21.104536,21.104536,0.0
factory_1,frequency_response.csv,1,gain_db,-4.270026,-4.270026,0.0
factory_1,frequency_response.csv,2,time_s,0.134454,0.134454,0.0
factory_1,frequency_response.csv,2,freq_hz,22.270071,22.270071,0.0
factory_1,frequency_response.csv,2,gain_db,-3.643161,-3.643161,0.0
factory_1,frequency_response.csv,3,time_s,0.201681,0.201681,0.0
factory_1,frequency_response.csv,3,freq_hz,23.499975,23.499975,0.0
factory_1,frequency_response.csv,3,gain_db,-3.141362,-3.141362,0.0
factory_1,frequency_response.csv,4,time_s,0.268908,0.268908,0.0
factory_1,frequency_response.csv,4,freq_hz,24.797804,24.797804,0.0
factory_1,frequency_response.csv,4,gain_db,-2.651586,-2.651586,0.0
factory_1,frequency_response.csv,5,time_s,0.336134,0.336134,0.0
factory_1,frequency_response.csv,5,freq_hz,26.167307,26.167307,0.0
factory_1,frequency_response.csv,5,gain_db,-2.701208,-2.701208,0.0
factory_1,frequency_response.csv,6,time_s,0.403361,0.403361,0.0
factory_1,frequency_response.csv,6,freq_hz,27.612442,27.612442,0.0
factory_1,frequency_response.csv,6,gain_db,-2.340803,-2.340803,0.0
factory_1,frequency_response.csv,7,time_s,0.470588,0.470588,0.0
factory_1,frequency_response.csv,7,freq_hz,29.13739,29.13739,0.0
factory_1,frequency_response.csv,7,gain_db,-2.543169,-2.543169,0.0
factory_1,frequency_response.csv,8,time_s,0.537815,0.537815,0.0
factory_1,frequency_response.csv,8,freq_hz,30.746555,30.746555,0.0
factory_1,frequency_response.csv,8,gain_db,-2.466631,-2.466631,0.0
factory_1,frequency_response.csv,9,time_s,0.605042,0.605042,0.0
factory_1,frequency_response.csv,9,freq_hz,32.444588,32.444588,0.0
factory_1,frequency_response.csv,9,gain_db,-2.476609,-2.476609,0.0
factory_1,frequency_response.csv,10,time_s,0.672269,0.672269,0.0
factory_1,frequency_response.csv,10,freq_hz,34.236401,34.236401,0.0
factory_1,frequency_response.csv,10,gain_db,-2.431827,-2.431827,0.0
factory_1,frequency_response.csv,11,time_s,0.739496,0.739496,0.0
factory_1,frequency_response.csv,11,freq_hz,36.127167,36.127167,0.0
factory_1,frequency_response.csv,11,gain_db,-2.55931,-2.55931,0.0
factory_1,frequency_response.csv,12,time_s,0.806723,0.806723,0.0
factory_1,frequency_response.csv,12,freq_hz,38.122353,38.122353,0.0
factory_1,frequency_response.csv,12,gain_db,-2.797826,-2.797826,0.0
factory_1,frequency_response.csv,13,time_s,0.87395,0.87395,0.0
factory_1,frequency_response.csv,13,freq_hz,40.22773,40.22773,0.0
factory_1,frequency_response.csv,13,gain_db,-3.525833,-3.525833,0.0
factory_1,frequency_response.csv,14,time_s,0.941177,0.941177,0.0
factory_1,frequency_response.csv,14,freq_hz,42.449379,42.449379,0.0
factory_1,frequency_response.csv,14,gain_db,-4.660529,-4.660529,0.0
factory_1,frequency_response.csv,15,time_s,1.008403,1.008403,0.0
factory_1,frequency_response.csv,15,freq_hz,44.79372,44.79372,0.0
factory_1,frequency_response.csv,15,gain_db,-6.513655,-6.513655,0.0
factory_1,frequency_response.csv,16,time_s,1.07563,1.07563,0.0
factory_1,frequency_response.csv,16,freq_hz,47.267536,47.267536,0.0
factory_1,frequency_response.csv,16,gain_db,-8.522951,-8.522951,0.0
factory_1,frequency_response.csv,17,time_s,1.142857,1.142857,0.0
factory_1,frequency_response.csv,17,freq_hz,49.877968,49.877968,0.0
factory_1,frequency_response.csv,17,gain_db,-9.38295,-9.38295,0.0
factory_1,frequency_response.csv,18,time_s,1.210084,1.210084,0.0
factory_1,frequency_response.csv,18,freq_hz,52.632568,52.632568,0.0
factory_1,frequency_response.csv,18,gain_db,-9.002324,-9.002324,0.0
factory_1,frequency_response.csv,19,time_s,1.277311,1.277311,0.0
factory_1,frequency_response.csv,19,freq_hz,55.539299,55.539299,0.0
factory_1,frequency_response.csv,19,gain_db,-7.140201,-7.140201,0.0
factory_1,frequency_response.csv,20,time_s,1.344538,1.344538,0.0
factory_1,frequency_response.csv,20,freq_hz,58.606552,58.606552,0.0
factory_1,frequency_response.csv,20,gain_db,-5.170089,-5.170089,0.0
factory_1,frequency_response.csv,21,time_s,1.411765,1.411765,0.0
factory_1,frequency_response.csv,21,freq_hz,61.843204,61.843204,0.0
factory_1,frequency_response.csv,21,gain_db,-4.016079,-4.016079,0.0
factory_1,frequency_response.csv,22,time_s,1.478992,1.478992,0.0
factory_1,frequency_response.csv,22,freq_hz,65.258606,65.258606,0.0
factory_1,frequency_response.csv,22,gain_db,-3.545234,-3.545234,0.0
factory_1,frequency_response.csv,23,time_s,1.546218,1.546218,0.0
factory_1,frequency_response.csv,23,freq_hz,68.862625,68.862625,0.0
factory_1,frequency_response.csv,23,gain_db,-3.750901,-3.750901,0.0
factory_1,frequency_response.csv,24,time_s,1.613445,1.613445,0.0
factory_1,frequency_response.csv,24,freq_hz,72.665695,72.665695,0.0
factory_1,frequency_response.csv,24,gain_db,-3.765364,-3.765364,0.0
factory_1,frequency_response.csv,25,time_s,1.680672,1.680672,0.0
factory_1,frequency_response.csv,25,freq_hz,76.678787,76.678787,0.0
factory_1,frequency_response.csv,25,gain_db,-4.112351,-4.112351,0.0
factory_1,frequency_response.csv,26,time_s,1.747899,1.747899,0.0
factory_1,frequency_response.csv,26,freq_hz,80.913506,80.913506,0.0
factory_1,frequency_response.csv,26,gain_db,-4.220508,-4.220508,0.0
factory_1,frequency_response.csv,27,time_s,1.815126,1.815126,0.0
factory_1,frequency_response.csv,27,freq_hz,85.382095,85.382095,0.0
factory_1,frequency_response.csv,27,gain_db,-4.694835,-4.694835,0.0
factory_1,frequency_response.csv,28,time_s,1.882353,1.882353,0.0
factory_1,frequency_response.csv,28,freq_hz,90.097488,90.097488,0.0
factory_1,frequency_response.csv,28,gain_db,-5.549333,-5.549333,0.0
factory_1,frequency_response.csv,29,time_s,1.94958,1.94958,0.0
factory_1,frequency_response.csv,29,freq_hz,95.073273,95.073273,0.0
factory_1,frequency_response.csv,29,gain_db,-6.991822,-6.991822,0.0
factory_1,frequency_response.csv,30,time_s,2.016807,2.016807,0.0
factory_1,frequency_response.csv,30,freq_hz,100.323875,100.323875,0.0
factory_1,frequency_response.csv,30,gain_db,-9.315451,-9.315451,0.0
factory_1,frequency_response.csv,31,time_s,2.084034,2.084034,0.0
factory_1,frequency_response.csv,31,freq_hz,105.864441,105.864441,0.0
factory_1,frequency_response.csv,31,gain_db,-10.446177,-10.446177,0.0
factory_1,frequency_response.csv,32,time_s,2.151261,2.151261,0.0
factory_1,frequency_response.csv,32,freq_hz,111.710999,111.710999,0.0
factory_1,frequency_response.csv,32,gain_db,-8.350579,-8.350579,0.0
factory_1,frequency_response.csv,33,time_s,2.218488,2.218488,0.0
factory_1,frequency_response.csv,33,freq_hz,117.880432,117.880432,0.0
factory_1,frequency_response.csv,33,gain_db,-5.779073,-5.779073,0.0
factory_1,frequency_response.csv,34,time_s,2.285714,2.285714,0.0
factory_1,frequency_response.csv,34,freq_hz,124.390594,124.390594,0.0
factory_1,frequency_response.csv,34,gain_db,-4.989937,-4.989937,0.0
factory_1,frequency_response.csv,35,time_s,2.352941,2.352941,0.0
factory_1,frequency_response.csv,35,freq_hz,131.260284,131.260284,0.0
factory_1,frequency_response.csv,35,gain_db,-5.636051,-5.636051,0.0
factory_1,frequency_response.csv,36,time_s,2.420168,2.420168,0.0
factory_1,frequency_response.csv,36,freq_hz,138.509369,138.509369,0.0
factory_1,frequency_response.csv,36,gain_db,-8.568712,-8.568712,0.0
factory_1,frequency_response.csv,37,time_s,2.487395,2.487395,0.0
factory_1,frequency_response.csv,37,freq_hz,146.158783,146.158783,0.0
factory_1,frequency_response.csv,37,gain_db,-10.330549,-10.330549,0.0
factory_1,frequency_response.csv,38,time_s,2.554622,2.554622,0.0
factory_1,frequency_response.csv,38,freq_hz,154.230667,154.230667,0.0
factory_1,frequency_response.csv,38,gain_db,-9.589786,-9.589786,0.0
factory_1,frequency_response.csv,39,time_s,2.621849,2.621849,0.0
factory_1,frequency_response.csv,39,freq_hz,162.748337,162.748337,0.0
factory_1,frequency_response.csv,39,gain_db,-9.040751,-9.040751,0.0
factory_1,frequency_response.csv,40,time_s,2.689076,2.689076,0.0
factory_1,frequency_response.csv,40,freq_hz,171.73642,171.73642,0.0
factory_1,frequency_response.csv,40,gain_db,-9.331491,-9.331491,0.0
factory_1,frequency_response.csv,41,time_s,2.756303,2.756303,0.0
factory_1,frequency_response.csv,41,freq_hz,181.220856,181.220856,0.0
factory_1,frequency_response.csv,41,gain_db,-9.680079,-9.680079,0.0
factory_1,frequency_response.csv,42,time_s,2.823529,2.823529,0.0
factory_1,frequency_response.csv,42,freq_hz,191.229095,191.229095,0.0
factory_1,frequency_response.csv,42,gain_db,-9.901651,-9.901651,0.0
factory_1,frequency_response.csv,43,time_s,2.890756,2.890756,0.0
factory_1,frequency_response.csv,43,freq_hz,201.79007,201.79007,0.0
factory_1,frequency_response.csv,43,gain_db,-10.149528,-10.149528,0.0
factory_1,frequency_response.csv,44,time_s,2.957983,2.957983,0.0
factory_1,frequency_response.csv,44,freq_hz,212.93428,212.93428,0.0
factory_1,frequency_response.csv,44,gain_db,-10.392057,-10.392057,0.0
factory_1,frequency_response.csv,45,time_s,3.02521,3.02521,0.0
factory_1,frequency_response.csv,45,freq_hz,224.69397,224.69397,0.0
factory_1,frequency_response.csv,45,gain_db,-10.134932,-10.134932,0.0
factory_1,frequency_response.csv,46,time_s,3.092437,3.092437,0.0
factory_1,frequency_response.csv,46,freq_hz,237.103104,237.103104,0.0
factory_1,frequency_response.csv,46,gain_db,-8.407311,-8.407311,0.0
factory_1,frequency_response.csv,47,time_s,3.159664,3.159664,0.0
factory_1,frequency_response.csv,47,freq_hz,250.19754,250.19754,0.0
factory_1,frequency_response.csv,47,gain_db,-5.50557,-5.50557,0.0
factory_1,frequency_response.csv,48,time_s,3.226891,3.226891,0.0
factory_1,frequency_response.csv,48,freq_hz,264.015137,264.015137,0.0
factory_1,frequency_response.csv,48,gain_db,-3.020458,-3.020458,0.0
factory_1,frequency_response.csv,49,time_s,3.294118,3.294118,0.0
factory_1,frequency_response.csv,49,freq_hz,278.595856,278.595856,0.0
factory_1,frequency_response.csv,49,gain_db,-1.491727,-1.491727,0.0
factory_1,frequency_response.csv,50,time_s,3.361345,3.361345,0.0
factory_1,frequency_response.csv,50,freq_hz,293.981812,293.981812,0.0
factory_1,frequency_response.csv,50,gain_db,-1.050035,-1.050035,0.0
factory_1,frequency_response.csv,51,time_s,3.428571,3.428571,0.0
factory_1,frequency_response.csv,51,freq_hz,310.217468,310.217468,0.0
factory_1,frequency_response.csv,51,gain_db,-1.049655,-1.049655,0.0
factory_1,frequency_response.csv,52,time_s,3.495798,3.495798,0.0
factory_1,frequency_response.csv,52,freq_hz,327.349792,327.349792,0.0
factory_1,frequency_response.csv,52,gain_db,-1.441248,-1.441248,0.0
factory_1,frequency_response.csv,53,time_s,3.563025,3.563025,0.0
factory_1,frequency_response.csv,53,freq_hz,345.428284,345.428284,0.0
factory_1,frequency_response.csv,53,gain_db,-2.378811,-2.378811,0.0
factory_1,frequency_response.csv,54,time_s,3.630252,3.630252,0.0
factory_1,frequency_response.csv,54,freq_hz,364.505157,364.505157,0.0
factory_1,frequency_response.csv,54,gain_db,-4.740402,-4.740402,0.0
factory_1,frequency_response.csv,55,time_s,3.697479,3.697479,0.0
factory_1,frequency_response.csv,55,freq_hz,384.63562,384.63562,0.0
factory_1,frequency_response.csv,55,gain_db,-6.929729,-6.929729,0.0
factory_1,frequency_response.csv,56,time_s,3.764706,3.764706,0.0
factory_1,frequency_response.csv,56,freq_hz,405.877808,405.877808,0.0
factory_1,frequency_response.csv,56,gain_db,-7.609478,-7.609478,0.0
factory_1,frequency_response.csv,57,time_s,3.831933,3.831933,0.0
factory_1,frequency_response.csv,57,freq_hz,428.293121,428.293121,0.0
factory_1,frequency_response.csv,57,gain_db,-7.280125,-7.280125,0.0
factory_1,frequency_response.csv,58,time_s,3.89916,3.89916,0.0
factory_1,frequency_response.csv,58,freq_hz,451.946381,451.946381,0.0
factory_1,frequency_response.csv,58,gain_db,-6.891055,-6.891055,0.0
factory_1,frequency_response.csv,59,time_s,3.966387,3.966387,0.0
factory_1,frequency_response.csv,59,freq_hz,476.905945,476.905945,0.0
factory_1,frequency_response.csv,59,gain_db,-6.46679,-6.46679,0.0
factory_1,frequency_response.csv,60,time_s,4.033614,4.033614,0.0
factory_1,frequency_response.csv,60,freq_hz,503.244019,503.244019,0.0
factory_1,frequency_response.csv,60,gain_db,-5.955798,-5.955798,0.0
factory_1,frequency_response.csv,61,time_s,4.100841,4.100841,0.0
factory_1,frequency_response.csv,61,freq_hz,531.03656,531.03656,0.0
factory_1,frequency_response.csv,61,gain_db,-4.992153,-4.992153,0.0
factory_1,frequency_response.csv,62,time_s,4.168067,4.168067,0.0
factory_1,frequency_response.csv,62,freq_hz,560.364014,560.364014,0.0
factory_1,frequency_response.csv,62,gain_db,-3.400655,-3.400655,0.0
factory_1,frequency_response.csv,63,time_s,4.235294,4.235294,0.0
factory_1,frequency_response.csv,63,freq_hz,591.311096,591.311096,0.0
factory_1,frequency_response.csv,63,gain_db,-2.007886,-2.007886,0.0
factory_1,frequency_response.csv,64,time_s,4.302521,4.302521,0.0
factory_1,frequency_response.csv,64,freq_hz,623.967346,623.967346,0.0
factory_1,frequency_response.csv,64,gain_db,-1.396847,-1.396847,0.0
factory_1,frequency_response.csv,65,time_s,4.369748,4.369748,0.0
factory_1,frequency_response.csv,65,freq_hz,658.427063,658.427063,0.0
factory_1,frequency_response.csv,65,gain_db,-1.826676,-1.826676,0.0
factory_1,frequency_response.csv,66,time_s,4.436975,4.436975,0.0
factory_1,frequency_response.csv,66,freq_hz,694.789795,694.789795,0.0
factory_1,frequency_response.csv,66,gain_db,-3.418679,-3.418679,0.0
factory_1,frequency_response.csv,67,time_s,4.504202,4.504202,0.0
factory_1,frequency_response.csv,67,freq_hz,733.160889,733.160889,0.0
factory_1,frequency_response.csv,67,gain_db,-5.34418,-5.34418,0.0
factory_1,frequency_response.csv,68,time_s,4.571429,4.571429,0.0
factory_1,frequency_response.csv,68,freq_hz,773.651001,773.651001,0.0
factory_1,frequency_response.csv,68,gain_db,-5.485369,-5.485369,0.0
factory_1,frequency_response.csv,69,time_s,4.638656,4.638656,0.0
factory_1,frequency_response.csv,69,freq_hz,816.377197,816.377197,0.0
factory_1,frequency_response.csv,69,gain_db,-3.823316,-3.823316,0.0
factory_1,frequency_response.csv,70,time_s,4.705883,4.705883,0.0
factory_1,frequency_response.csv,70,freq_hz,861.463074,861.463074,0.0
factory_1,frequency_response.csv,70,gain_db,-2.216103,-2.216103,0.0
factory_1,frequency_response.csv,71,time_s,4.773109,4.773109,0.0
factory_1,frequency_response.csv,71,freq_hz,909.03894,909.03894,0.0
factory_1,frequency_response.csv,71,gain_db,-1.520011,-1.520011,0.0
factory_1,frequency_response.csv,72,time_s,4.840336,4.840336,0.0
factory_1,frequency_response.csv,72,freq_hz,959.242249,959.242249,0.0
factory_1,frequency_response.csv,72,gain_db,-1.593138,-1.593138,0.0
factory_1,frequency_response.csv,73,time_s,4.907563,4.907563,0.0
factory_1,frequency_response.csv,73,freq_hz,1012.218079,1012.218079,0.0
factory_1,frequency_response.csv,73,gain_db,-1.74769,-1.74769,0.0
factory_1,frequency_response.csv,74,time_s,4.97479,4.97479,0.0
factory_1,frequency_response.csv,74,freq_hz,1068.119629,1068.119629,0.0
factory_1,frequency_response.csv,74,gain_db,-1.625386,-1.625386,0.0
factory_1,frequency_response.csv,75,time_s,5.042017,5.042017,0.0
factory_1,frequency_response.csv,75,freq_hz,1127.108398,1127.108398,0.0
factory_1,frequency_response.csv,75,gain_db,-1.522823,-1.522823,0.0
factory_1,frequency_response.csv,76,time_s,5.109244,5.109244,0.0
factory_1,frequency_response.csv,76,freq_hz,1189.355103,1189.355103,0.0
factory_1,frequency_response.csv,76,gain_db,-1.451807,-1.451807,0.0
factory_1,frequency_response.csv,77,time_s,5.176471,5.176471,0.0
factory_1,frequency_response.csv,77,freq_hz,1255.039307,1255.039307,0.0
factory_1,frequency_response.csv,77,gain_db,-1.427356,-1.427356,0.0
factory_1,frequency_response.csv,78,time_s,5.243698,5.243698,0.0
factory_1,frequency_response.csv,78,freq_hz,1324.351074,1324.351074,0.0
factory_1,frequency_response.csv,78,gain_db,-1.582889,-1.582889,0.0
factory_1,frequency_response.csv,79,time_s,5.310925,5.310925,0.0
factory_1,frequency_response.csv,79,freq_hz,1397.490845,1397.490845,0.0
factory_1,frequency_response.csv,79,gain_db,-2.22245,-2.22245,0.0
factory_1,frequency_response.csv,80,time_s,5.378151,5.378151,0.0
factory_1,frequency_response.csv,80,freq_hz,1474.669678,1474.669678,0.0
factory_1,frequency_response.csv,80,gain_db,-3.785108,-3.785108,0.0
factory_1,frequency_response.csv,81,time_s,5.445378,5.445378,0.0
factory_1,frequency_response.csv,81,freq_hz,1556.110962,1556.110962,0.0
factory_1,frequency_response.csv,81,gain_db,-6.382122,-6.382122,0.0
factory_1,frequency_response.csv,82,time_s,5.512605,5.512605,0.0
factory_1,frequency_response.csv,82,freq_hz,1642.050049,1642.050049,0.0
factory_1,frequency_response.csv,82,gain_db,-8.83525,-8.83525,0.0
factory_1,frequency_response.csv,83,time_s,5.579832,5.579832,0.0
factory_1,frequency_response.csv,83,freq_hz,1732.735107,1732.735107,0.0
factory_1,frequency_response.csv,83,gain_db,-9.767125,-9.767125,0.0
factory_1,frequency_response.csv,84,time_s,5.647059,5.647059,0.0
factory_1,frequency_response.csv,84,freq_hz,1828.428467,1828.428467,0.0
factory_1,frequency_response.csv,84,gain_db,-9.411366,-9.411366,0.0
factory_1,frequency_response.csv,85,time_s,5.714286,5.714286,0.0
factory_1,frequency_response.csv,85,freq_hz,1929.406738,1929.406738,0.0
factory_1,frequency_response.csv,85,gain_db,-9.198097,-9.198097,0.0
factory_1,frequency_response.csv,86,time_s,5.781513,5.781513,0.0
factory_1,frequency_response.csv,86,freq_hz,2035.96167,2035.96167,0.0
factory_1,frequency_response.csv,86,gain_db,-9.042043,-9.042043,0.0
factory_1,frequency_response.csv,87,time_s,5.84874,5.84874,0.0
factory_1,frequency_response.csv,87,freq_hz,2148.401367,2148.401367,0.0
factory_1,frequency_response.csv,87,gain_db,-7.553957,-7.553957,0.0
factory_1,frequency_response.csv,88,time_s,5.915967,5.915967,0.0
factory_1,frequency_response.csv,88,freq_hz,2267.050537,2267.050537,0.0
factory_1,frequency_response.csv,88,gain_db,-5.915418,-5.915418,0.0
factory_1,frequency_response.csv,89,time_s,5.983193,5.983193,0.0
factory_1,frequency_response.csv,89,freq_hz,2392.252441,2392.252441,0.0
factory_1,frequency_response.csv,89,gain_db,-5.008011,-5.008011,0.0
factory_1,frequency_response.csv,90,time_s,6.05042,6.05042,0.0
factory_1,frequency_response.csv,90,freq_hz,2524.368896,2524.368896,0.0
factory_1,frequency_response.csv,90,gain_db,-5.060106,-5.060106,0.0
factory_1,frequency_response.csv,91,time_s,6.117647,6.117647,0.0
factory_1,frequency_response.csv,91,freq_hz,2663.781738,2663.781738,0.0
factory_1,frequency_response.csv,91,gain_db,-5.552816,-5.552816,0.0
factory_1,frequency_response.csv,92,time_s,6.184874,6.184874,0.0
factory_1,frequency_response.csv,92,freq_hz,2810.893799,2810.893799,0.0
factory_1,frequency_response.csv,92,gain_db,-6.010422,-6.010422,0.0
factory_1,frequency_response.csv,93,time_s,6.252101,6.252101,0.0
factory_1,frequency_response.csv,93,freq_hz,2966.130371,2966.130371,0.0
factory_1,frequency_response.csv,93,gain_db,-6.427159,-6.427159,0.0
factory_1,frequency_response.csv,94,time_s,6.319328,6.319328,0.0
factory_1,frequency_response.csv,94,freq_hz,3129.94043,3129.94043,0.0
factory_1,frequency_response.csv,94,gain_db,-6.913939,-6.913939,0.0
factory_1,frequency_response.csv,95,time_s,6.386555,6.386555,0.0
factory_1,frequency_response.csv,95,freq_hz,3302.796875,3302.796875,0.0
factory_1,frequency_response.csv,95,gain_db,-7.506233,-7.506233,0.0
factory_1,frequency_response.csv,96,time_s,6.453782,6.453782,0.0
factory_1,frequency_response.csv,96,freq_hz,3485.199951,3485.199951,0.0
factory_1,frequency_response.csv,96,gain_db,-8.037772,-8.037772,0.0
factory_1,frequency_response.csv,97,time_s,6.521008,6.521008,0.0
factory_1,frequency_response.csv,97,freq_hz,3677.676025,3677.676025,0.0
factory_1,frequency_response.csv,97,gain_db,-7.73837,-7.73837,0.0
factory_1,frequency_response.csv,98,time_s,6.588235,6.588235,0.0
factory_1,frequency_response.csv,98,freq_hz,3880.782471,3880.782471,0.0
factory_1,frequency_response.csv,98,gain_db,-6.342489,-6.342489,0.0
factory_1,frequency_response.csv,99,time_s,6.655462,6.655462,0.0
factory_1,frequency_response.csv,99,freq_hz,4095.105469,4095.105469,0.0
factory_1,frequency_response.csv,99,gain_db,-4.610137,-4.610137,0.0
factory_1,frequency_response.csv,100,time_s,6.722689,6.722689,0.0
factory_1,frequency_response.csv,100,freq_hz,4321.265137,4321.265137,0.0
factory_1,frequency_response.csv,100,gain_db,-3.120127,-3.120127,0.0
factory_1,frequency_response.csv,101,time_s,6.789916,6.789916,0.0
factory_1,frequency_response.csv,101,freq_hz,4559.914551,4559.914551,0.0
factory_1,frequency_response.csv,101,gain_db,-2.57639,-2.57639,0.0
factory_1,frequency_response.csv,102,time_s,6.857143,6.857143,0.0
factory_1,frequency_response.csv,102,freq_hz,4811.744141,4811.744141,0.0
factory_1,frequency_response.csv,102,gain_db,-2.863471,-2.863471,0.0
factory_1,frequency_response.csv,103,time_s,6.92437,6.92437,0.0
factory_1,frequency_response.csv,103,freq_hz,5077.481445,5077.481445,0.0
factory_1,frequency_response.csv,103,gain_db,-3.69004,-3.69004,0.0
factory_1,frequency_response.csv,104,time_s,6.991597,6.991597,0.0
factory_1,frequency_response.csv,104,freq_hz,5357.894531,5357.894531,0.0
factory_1,frequency_response.csv,104,gain_db,-4.737019,-4.737019,0.0
factory_1,frequency_response.csv,105,time_s,7.058824,7.058824,0.0
factory_1,frequency_response.csv,105,freq_hz,5653.793457,5653.793457,0.0
factory_1,frequency_response.csv,105,gain_db,-5.264857,-5.264857,0.0
factory_1,frequency_response.csv,106,time_s,7.12605,7.12605,0.0
factory_1,frequency_response.csv,106,freq_hz,5966.034668,5966.034668,0.0
factory_1,frequency_response.csv,106,gain_db,-5.438266,-5.438266,0.0
factory_1,frequency_response.csv,107,time_s,7.193277,7.193277,0.0
factory_1,frequency_response.csv,107,freq_hz,6295.519531,6295.519531,0.0
factory_1,frequency_response.csv,107,gain_db,-5.072206,-5.072206,0.0
factory_1,frequency_response.csv,108,time_s,7.260504,7.260504,0.0
factory_1,frequency_response.csv,108,freq_hz,6643.200684,6643.200684,0.0
factory_1,frequency_response.csv,108,gain_db,-4.614837,-4.614837,0.0
factory_1,frequency_response.csv,109,time_s,7.327731,7.327731,0.0
factory_1,frequency_response.csv,109,freq_hz,7010.083008,7010.083008,0.0
factory_1,frequency_response.csv,109,gain_db,-4.213597,-4.213597,0.0
factory_1,frequency_response.csv,110,time_s,7.394958,7.394958,0.0
factory_1,frequency_response.csv,110,freq_hz,7397.227539,7397.227539,0.0
factory_1,frequency_response.csv,110,gain_db,-3.887945,-3.887945,0.0
factory_1,frequency_response.csv,111,time_s,7.462185,7.462185,0.0
factory_1,frequency_response.csv,111,freq_hz,7805.752441,7805.752441,0.0
factory_1,frequency_response.csv,111,gain_db,-3.607233,-3.607233,0.0
factory_1,frequency_response.csv,112,time_s,7.529412,7.529412,0.0
factory_1,frequency_response.csv,112,freq_hz,8236.839844,8236.839844,0.0
factory_1,frequency_response.csv,112,gain_db,-3.40393,-3.40393,0.0
factory_1,frequency_response.csv,113,time_s,7.596639,7.596639,0.0
factory_1,frequency_response.csv,113,freq_hz,8691.733398,8691.733398,0.0
factory_1,frequency_response.csv,113,gain_db,-3.313707,-3.313707,0.0
factory_1,frequency_response.csv,114,time_s,7.663866,7.663866,0.0
factory_1,frequency_response.csv,114,freq_hz,9171.75,9171.75,0.0
factory_1,frequency_response.csv,114,gain_db,-3.399403,-3.399403,0.0
factory_1,frequency_response.csv,115,time_s,7.731092,7.731092,0.0
factory_1,frequency_response.csv,115,freq_hz,9678.276367,9678.276367,0.0
factory_1,frequency_response.csv,115,gain_db,-3.638549,-3.638549,0.0
factory_1,frequency_response.csv,116,time_s,7.798319,7.798319,0.0
factory_1,frequency_response.csv,116,freq_hz,10212.776367,10212.776367,0.0
factory_1,frequency_response.csv,116,gain_db,-3.966357,-3.966357,0.0
factory_1,frequency_response.csv,117,time_s,7.865546,7.865546,0.0
factory_1,frequency_response.csv,117,freq_hz,10776.795898,10776.795898,0.0
factory_1,frequency_response.csv,117,gain_db,-4.300605,-4.300605,0.0
factory_1,frequency_response.csv,118,time_s,7.932773,7.932773,0.0
factory_1,frequency_response.csv,118,freq_hz,11371.962891,11371.962891,0.0
factory_1,frequency_response.csv,118,gain_db,-4.437614,-4.437614,0.0
factory_1,frequency_response.csv,119,time_s,8.0,8.0,0.0
factory_1,frequency_response.csv,119,freq_hz,12000.0,12000.0,0.0
factory_1,frequency_response.csv,119,gain_db,-4.413962,-4.413962,0.0
factory_1,notch_tracking.csv,0,time_s,0.336134,0.336134,0.0
factory_1,notch_tracking.csv,0,freq_hz,26.167307,26.167307,0.0
factory_1,notch_tracking.csv,0,notch_depth_db,-2.701208,-2.701208,0.0
factory_1,notch_tracking.csv,1,time_s,0.470588,0.470588,0.0
factory_1,notch_tracking.csv,1,freq_hz,29.13739,29.13739,0.0
factory_1,notch_tracking.csv,1,notch_depth_db,-2.543169,-2.543169,0.0
factory_1,notch_tracking.csv,2,time_s,0.605042,0.605042,0.0
factory_1,notch_tracking.csv,2,freq_hz,32.444588,32.444588,0.0
factory_1,notch_tracking.csv,2,notch_depth_db,-2.476609,-2.476609,0.0
factory_1,notch_tracking.csv,3,time_s,1.142857,1.142857,0.0
factory_1,notch_tracking.csv,3,freq_hz,49.877968,49.877968,0.0
factory_1,notch_tracking.csv,3,notch_depth_db,-9.38295,-9.38295,0.0
factory_1,notch_tracking.csv,4,time_s,2.084034,2.084034,0.0
factory_1,notch_tracking.csv,4,freq_hz,105.864441,105.864441,0.0
factory_1,notch_tracking.csv,4,notch_depth_db,-10.446177,-10.446177,0.0
factory_1,notch_tracking.csv,5,time_s,2.487395,2.487395,0.0
factory_1,notch_tracking.csv,5,freq_hz,146.158783,146.158783,0.0
factory_1,notch_tracking.csv,5,notch_depth_db,-10.330549,-10.330549,0.0
factory_1,notch_tracking.csv,6,time_s,2.957983,2.957983,0.0
factory_1,notch_tracking.csv,6,freq_hz,212.93428,212.93428,0.0
factory_1,notch_tracking.csv,6,notch_depth_db,-10.392057,-10.392057,0.0
factory_1,notch_tracking.csv,7,time_s,3.764706,3.764706,0.0
factory_1,notch_tracking.csv,7,freq_hz,405.877808,405.877808,0.0
factory_1,notch_tracking.csv,7,notch_depth_db,-7.609478,-7.609478,0.0
factory_1,notch_tracking.csv,8,time_s,4.571429,4.571429,0.0
factory_1,notch_tracking.csv,8,freq_hz,773.651001,773.651001,0.0
factory_1,notch_tracking.csv,8,notch_depth_db,-5.485369,-5.485369,0.0
factory_1,notch_tracking.csv,9,time_s,4.907563,4.907563,0.0
factory_1,notch_tracking.csv,9,freq_hz,1012.218079,1012.218079,0.0
factory_1,notch_tracking.csv,9,notch_depth_db,-1.74769,-1.74769,0.0
factory_1,notch_tracking.csv,10,time_s,5.579832,5.579832,0.0
factory_1,notch_tracking.csv,10,freq_hz,1732.735107,1732.735107,0.0
factory_1,notch_tracking.csv,10,notch_depth_db,-9.767125,-9.767125,0.0
factory_1,notch_tracking.csv,11,time_s,6.453782,6.453782,0.0
factory_1,notch_tracking.csv,11,freq_hz,3485.199951,3485.199951,0.0
factory_1,notch_tracking.csv,11,notch_depth_db,-8.037772,-8.037772,0.0
factory_1,notch_tracking.csv,12,time_s,7.12605,7.12605,0.0
factory_1,notch_tracking.csv,12,freq_hz,5966.034668,5966.034668,0.0
factory_1,notch_tracking.csv,12,notch_depth_db,-5.438266,-5.438266,0.0
factory_1,notch_tracking.csv,13,time_s,7.932773,7.932773,0.0
factory_1,notch_tracking.csv,13,freq_hz,11371.962891,11371.962891,0.0
factory_1,notch_tracking.csv,13,notch_depth_db,-4.437614,-4.437614,0.0
factory_1,thd_vs_drive.csv,0,sine_level_db,-24.0,-24.0,0.0
factory_1,thd_vs_drive.csv,0,thd_ratio,0.000492,0.000492,0.0
factory_1,thd_vs_drive.csv,0,thd_db,-66.160095,-66.160095,0.0
factory_1,thd_vs_drive.csv,0,broadband_hf_db,-82.683609,-82.683609,0.0
factory_1,thd_vs_drive.csv,1,sine_level_db,-18.0,-18.0,0.0
factory_1,thd_vs_drive.csv,1,thd_ratio,0.001151,0.001151,0.0
factory_1,thd_vs_drive.csv,1,thd_db,-58.777771,-58.777771,0.0
factory_1,thd_vs_drive.csv,1,broadband_hf_db,-82.686592,-82.686592,0.0
factory_1,thd_vs_drive.csv,2,sine_level_db,-12.0,-12.0,0.0
factory_1,thd_vs_drive.csv,2,thd_ratio,0.004932,0.004932,0.0
factory_1,thd_vs_drive.csv,2,thd_db,-46.139793,-46.139793,0.0
factory_1,thd_vs_drive.csv,2,broadband_hf_db,-82.688431,-82.688431,0.0
factory_1,thd_vs_drive.csv,3,sine_level_db,-6.0,-6.0,0.0
factory_1,thd_vs_drive.csv,3,thd_ratio,0.023299,0.023299,0.0
factory_1,thd_vs_drive.csv,3,thd_db,-32.653168,-32.653168,0.0
factory_1,thd_vs_drive.csv,3,broadband_hf_db,-82.526581,-82.526581,0.0
factory_1,thd_vs_drive.csv,4,sine_level_db,0.0,0.0,0.0
factory_1,thd_vs_drive.csv,4,thd_ratio,0.072058,0.072058,0.0
factory_1,thd_vs_drive.csv,4,thd_db,-22.846401,-22.846401,0.0
factory_1,thd_vs_drive.csv,4,broadband_hf_db,-82.2117,-82.2117,0.0
factory_10,summary.csv,average_tracked_notch_db,value,-6.167174,-6.167174,0.0
factory_10,summary.csv,deepest_tracked_notch_db,value,-9.395081,-9.395081,0.0
factory_10,summary.csv,guitar_broadband_hf_db,value,-79.483917,-79.483917,0.0
factory_10,summary.csv,guitar_lr_correlation,value,0.987449,0.987449,0.0
factory_10,summary.csv,guitar_mono_fold_db,value,-0.030751,-0.030751,0.0
factory_10,summary.csv,guitar_side_to_mid_db,value,-21.483807,-21.483807,0.0
factory_10,summary.csv,sweep_broadband_hf_db,value,-82.543289,-82.543289,0.0
factory_10,summary.csv,sweep_lr_correlation,value,0.995542,0.995542,0.0
factory_10,summary.csv,sweep_mono_fold_db,value,-0.009691,-0.009691,0.0
factory_10,summary.csv,sweep_side_to_mid_db,value,-26.509363,-26.509363,0.0
factory_10,summary.csv,tracked_notch_count,value,10.0,10.0,0.0
factory_10,summary.csv,tracked_notch_high_hz,value,6643.200684,6643.200684,0.0
factory_10,summary.csv,tracked_notch_low_hz,value,29.13739,29.13739,0.0
factory_10,summary.csv,tracked_notch_span_oct,value,7.832863,7.832863,0.0
factory_10,summary.csv,worst_thd_db,value,-23.869867,-23.869867,0.0
factory_10,frequency_response.csv,0,time_s,0.0,0.0,0.0
factory_10,frequency_response.csv,0,freq_hz,20.0,20.0,0.0
factory_10,frequency_response.csv,0,gain_db,-8.384513,-8.384513,0.0
factory_10,frequency_response.csv,1,time_s,0.067227,0.067227,0.0
factory_10,frequency_response.csv,1,freq_hz,21.104536,21.104536,0.0
factory_10,frequency_response.csv,1,gain_db,-4.362396,-4.362396,0.0
factory_10,frequency_response.csv,2,time_s,0.134454,0.134454,0.0
factory_10,frequency_response.csv,2,freq_hz,22.270071,22.270071,0.0
factory_10,frequency_response.csv,2,gain_db,-3.95707,-3.95707,0.0
factory_10,frequency_response.csv,3,time_s,0.201681,0.201681,0.0
factory_10,frequency_response.csv,3,freq_hz,23.499975,23.499975,0.0
factory_10,frequency_response.csv,3,gain_db,-3.712511,-3.712511,0.0
factory_10,frequency_response.csv,4,time_s,0.268908,0.268908,0.0
factory_10,frequency_response.csv,4,freq_hz,24.797804,24.797804,0.0
factory_10,frequency_response.csv,4,gain_db,-3.400561,-3.400561,0.0
factory_10,frequency_response.csv,5,time_s,0.336134,0.336134,0.0
factory_10,frequency_response.csv,5,freq_hz,26.167307,26.167307,0.0
factory_10,frequency_response.csv,5,gain_db,-3.257156,-3.257156,0.0
factory_10,frequency_response.csv,6,time_s,0.403361,0.403361,0.0
factory_10,frequency_response.csv,6,freq_hz,27.612442,27.612442,0.0
factory_10,frequency_response.csv,6,gain_db,-2.874839,-2.874839,0.0
factory_10,frequency_response.csv,7,time_s,0.470588,0.470588,0.0
factory_10,frequency_response.csv,7,freq_hz,29.13739,29.13739,0.0
factory_10,frequency_response.csv,7,gain_db,-2.956832,-2.956832,0.0
factory_10,frequency_response.csv,8,time_s,0.537815,0.537815,0.0
factory_10,frequency_response.csv,8,freq_hz,30.746555,30.746555,0.0
factory_10,frequency_response.csv,8,gain_db,-2.848938,-2.848938,0.0
factory_10,frequency_response.csv,9,time_s,0.605042,0.605042,0.0
factory_10,frequency_response.csv,9,freq_hz,32.444588,32.444588,0.0
factory_10,frequency_response.csv,9,gain_db,-2.851723,-2.851723,0.0
factory_10,frequency_response.csv,10,time_s,0.672269,0.672269,0.0
factory_10,frequency_response.csv,10,freq_hz,34.236401,34.236401,0.0
factory_10,frequency_response.csv,10,gain_db,-2.804976,-2.804976,0.0
factory_10,frequency_response.csv,11,time_s,0.739496,0.739496,0.0
factory_10,frequency_response.csv,11,freq_hz,36.127167,36.127167,0.0
factory_10,frequency_response.csv,11,gain_db,-2.875679,-2.875679,0.0
factory_10,frequency_response.csv,12,time_s,0.806723,0.806723,0.0
factory_10,frequency_response.csv,12,freq_hz,38.122353,38.122353,0.0
factory_10,frequency_response.csv,12,gain_db,-2.881919,-2.881919,0.0
factory_10,frequency_response.csv,13,time_s,0.87395,0.87395,0.0
factory_10,frequency_response.csv,13,freq_hz,40.22773,40.22773,0.0
factory_10,frequency_response.csv,13,gain_db,-2.840553,-2.840553,0.0
factory_10,frequency_response.csv,14,time_s,0.941177,0.941177,0.0
factory_10,frequency_response.csv,14,freq_hz,42.449379,42.449379,0.0
factory_10,frequency_response.csv,14,gain_db,-2.983535,-2.983535,0.0
factory_10,frequency_response.csv,15,time_s,1.008403,1.008403,0.0
factory_10,frequency_response.csv,15,freq_hz,44.79372,44.79372,0.0
factory_10,frequency_response.csv,15,gain_db,-3.077377,-3.077377,0.0
factory_10,frequency_response.csv,16,time_s,1.07563,1.07563,0.0
factory_10,frequency_response.csv,16,freq_hz,47.267536,47.267536,0.0
factory_10,frequency_response.csv,16,gain_db,-3.303178,-3.303178,0.0
factory_10,frequency_response.csv,17,time_s,1.142857,1.142857,0.0
factory_10,frequency_response.csv,17,freq_hz,49.877968,49.877968,0.0
factory_10,frequency_response.csv,17,gain_db,-3.577984,-3.577984,0.0
factory_10,frequency_response.csv,18,time_s,1.210084,1.210084,0.0
factory_10,frequency_response.csv,18,freq_hz,52.632568,52.632568,0.0
factory_10,frequency_response.csv,18,gain_db,-4.069069,-4.069069,0.0
factory_10,frequency_response.csv,19,time_s,1.277311,1.277311,0.0
factory_10,frequency_response.csv,19,freq_hz,55.539299,55.539299,0.0
factory_10,frequency_response.csv,19,gain_db,-4.830441,-4.830441,0.0
factory_10,frequency_response.csv,20,time_s,1.344538,1.344538,0.0
factory_10,frequency_response.csv,20,freq_hz,58.606552,58.606552,0.0
factory_10,frequency_response.csv,20,gain_db,-5.70077,-5.70077,0.0
factory_10,frequency_response.csv,21,time_s,1.411765,1.411765,0.0
factory_10,frequency_response.csv,21,freq_hz,61.843204,61.843204,0.0
factory_10,frequency_response.csv,21,gain_db,-6.864548,-6.864548,0.0
factory_10,frequency_response.csv,22,time_s,1.478992,1.478992,0.0
factory_10,frequency_response.csv,22,freq_hz,65.258606,65.258606,0.0
factory_10,frequency_response.csv,22,gain_db,-8.019998,-8.019998,0.0
factory_10,frequency_response.csv,23,time_s,1.546218,1.546218,0.0
factory_10,frequency_response.csv,23,freq_hz,68.862625,68.862625,0.0
factory_10,frequency_response.csv,23,gain_db,-9.022439,-9.022439,0.0
factory_10,frequency_response.csv,24,time_s,1.613445,1.613445,0.0
factory_10,frequency_response.csv,24,freq_hz,72.665695,72.665695,0.0
factory_10,frequency_response.csv,24,gain_db,-9.395081,-9.395081,0.0
factory_10,frequency_response.csv,25,time_s,1.680672,1.680672,0.0
factory_10,frequency_response.csv,25,freq_hz,76.678787,76.678787,0.0
factory_10,frequency_response.csv,25,gain_db,-9.364128,-9.364128,0.0
factory_10,frequency_response.csv,26,time_s,1.747899,1.747899,0.0
factory_10,frequency_response.csv,26,freq_hz,80.913506,80.913506,0.0
factory_10,frequency_response.csv,26,gain_db,-9.242796,-9.242796,0.0
factory_10,frequency_response.csv,27,time_s,1.815126,1.815126,0.0
factory_10,frequency_response.csv,27,freq_hz,85.382095,85.382095,0.0
factory_10,frequency_response.csv,27,gain_db,-9.089717,-9.089717,0.0
factory_10,frequency_response.csv,28,time_s,1.882353,1.882353,0.0
factory_10,frequency_response.csv,28,freq_hz,90.097488,90.097488,0.0
factory_10,frequency_response.csv,28,gain_db,-9.202726,-9.202726,0.0
factory_10,frequency_response.csv,29,time_s,1.94958,1.94958,0.0
factory_10,frequency_response.csv,29,freq_hz,95.073273,95.073273,0.0
factory_10,frequency_response.csv,29,gain_db,-9.151443,-9.151443,0.0
factory_10,frequency_response.csv,30,time_s,2.016807,2.016807,0.0
factory_10,frequency_response.csv,30,freq_hz,100.323875,100.323875,0.0
factory_10,frequency_response.csv,30,gain_db,-8.632556,-8.632556,0.0
factory_10,frequency_response.csv,31,time_s,2.084034,2.084034,0.0
factory_10,frequency_response.csv,31,freq_hz,105.864441,105.864441,0.0
factory_10,frequency_response.csv,31,gain_db,-8.004836,-8.004836,0.0
factory_10,frequency_response.csv,32,time_s,2.151261,2.151261,0.0
factory_10,frequency_response.csv,32,freq_hz,111.710999,111.710999,0.0
factory_10,frequency_response.csv,32,gain_db,-7.399264,-7.399264,0.0
factory_10,frequency_response.csv,33,time_s,2.218488,2.218488,0.0
factory_10,frequency_response.csv,33,freq_hz,117.880432,117.880432,0.0
factory_10,frequency_response.csv,33,gain_db,-7.024024,-7.024024,0.0
factory_10,frequency_response.csv,34,time_s,2.285714,2.285714,0.0
factory_10,frequency_response.csv,34,freq_hz,124.390594,124.390594,0.0
factory_10,frequency_response.csv,34,gain_db,-6.791846,-6.791846,0.0
factory_10,frequency_response.csv,35,time_s,2.352941,2.352941,0.0
factory_10,frequency_response.csv,35,freq_hz,131.260284,131.260284,0.0
factory_10,frequency_response.csv,35,gain_db,-6.966691,-6.966691,0.0
factory_10,frequency_response.csv,36,time_s,2.420168,2.420168,0.0
factory_10,frequency_response.csv,36,freq_hz,138.509369,138.509369,0.0
factory_10,frequency_response.csv,36,gain_db,-7.204809,-7.204809,0.0
factory_10,frequency_response.csv,37,time_s,2.487395,2.487395,0.0
factory_10,frequency_response.csv,37,freq_hz,146.158783,146.158783,0.0
factory_10,frequency_response.csv,37,gain_db,-7.579415,-7.579415,0.0
factory_10,frequency_response.csv,38,time_s,2.554622,2.554622,0.0
factory_10,frequency_response.csv,38,freq_hz,154.230667,154.230667,0.0
factory_10,frequency_response.csv,38,gain_db,-7.825978,-7.825978,0.0
factory_10,frequency_response.csv,39,time_s,2.621849,2.621849,0.0
factory_10,frequency_response.csv,39,freq_hz,162.748337,162.748337,0.0
factory_10,frequency_response.csv,39,gain_db,-8.256034,-8.256034,0.0
factory_10,frequency_response.csv,40,time_s,2.689076,2.689076,0.0
factory_10,frequency_response.csv,40,freq_hz,171.73642,171.73642,0.0
factory_10,frequency_response.csv,40,gain_db,-8.658145,-8.658145,0.0
factory_10,frequency_response.csv,41,time_s,2.756303,2.756303,0.0
factory_10,frequency_response.csv,41,freq_hz,181.220856,181.220856,0.0
factory_10,frequency_response.csv,41,gain_db,-9.066942,-9.066942,0.0
factory_10,frequency_response.csv,42,time_s,2.823529,2.823529,0.0
factory_10,frequency_response.csv,42,freq_hz,191.229095,191.229095,0.0
factory_10,frequency_response.csv,42,gain_db,-9.2089,-9.2089,0.0
factory_10,frequency_response.csv,43,time_s,2.890756,2.890756,0.0
factory_10,frequency_response.csv,43,freq_hz,201.79007,201.79007,0.0
factory_10,frequency_response.csv,43,gain_db,-8.923903,-8.923903,0.0
factory_10,frequency_response.csv,44,time_s,2.957983,2.957983,0.0
factory_10,frequency_response.csv,44,freq_hz,212.93428,212.93428,0.0
factory_10,frequency_response.csv,44,gain_db,-7.960834,-7.960834,0.0
factory_10,frequency_response.csv,45,time_s,3.02521,3.02521,0.0
factory_10,frequency_response.csv,45,freq_hz,224.69397,224.69397,0.0
factory_10,frequency_response.csv,45,gain_db,-6.618143,-6.618143,0.0
factory_10,frequency_response.csv,46,time_s,3.092437,3.092437,0.0
factory_10,frequency_response.csv,46,freq_hz,237.103104,237.103104,0.0
factory_10,frequency_response.csv,46,gain_db,-5.150306,-5.150306,0.0
factory_10,frequency_response.csv,47,time_s,3.159664,3.159664,0.0
factory_10,frequency_response.csv,47,freq_hz,250.19754,250.19754,0.0
factory_10,frequency_response.csv,47,gain_db,-3.821501,-3.821501,0.0
factory_10,frequency_response.csv,48,time_s,3.226891,3.226891,0.0
factory_10,frequency_response.csv,48,freq_hz,264.015137,264.015137,0.0
factory_10,frequency_response.csv,48,gain_db,-2.79859,-2.79859,0.0
factory_10,frequency_response.csv,49,time_s,3.294118,3.294118,0.0
factory_10,frequency_response.csv,49,freq_hz,278.595856,278.595856,0.0
factory_10,frequency_response.csv,49,gain_db,-2.042995,-2.042995,0.0
factory_10,frequency_response.csv,50,time_s,3.361345,3.361345,0.0
factory_10,frequency_response.csv,50,freq_hz,293.981812,293.981812,0.0
factory_10,frequency_response.csv,50,gain_db,-1.626469,-1.626469,0.0
factory_10,frequency_response.csv,51,time_s,3.428571,3.428571,0.0
factory_10,frequency_response.csv,51,freq_hz,310.217468,310.217468,0.0
factory_10,frequency_response.csv,51,gain_db,-1.453733,-1.453733,0.0
factory_10,frequency_response.csv,52,time_s,3.495798,3.495798,0.0
factory_10,frequency_response.csv,52,freq_hz,327.349792,327.349792,0.0
factory_10,frequency_response.csv,52,gain_db,-1.524137,-1.524137,0.0
factory_10,frequency_response.csv,53,time_s,3.563025,3.563025,0.0
factory_10,frequency_response.csv,53,freq_hz,345.428284,345.428284,0.0
factory_10,frequency_response.csv,53,gain_db,-1.710333,-1.710333,0.0
factory_10,frequency_response.csv,54,time_s,3.630252,3.630252,0.0
factory_10,frequency_response.csv,54,freq_hz,364.505157,364.505157,0.0
factory_10,frequency_response.csv,54,gain_db,-2.02475,-2.02475,0.0
factory_10,frequency_response.csv,55,time_s,3.697479,3.697479,0.0
factory_10,frequency_response.csv,55,freq_hz,384.63562,384.63562,0.0
factory_10,frequency_response.csv,55,gain_db,-2.566179,-2.566179,0.0
factory_10,frequency_response.csv,56,time_s,3.764706,3.764706,0.0
factory_10,frequency_response.csv,56,freq_hz,405.877808,405.877808,0.0
factory_10,frequency_response.csv,56,gain_db,-3.292923,-3.292923,0.0
factory_10,frequency_response.csv,57,time_s,3.831933,3.831933,0.0
factory_10,frequency_response.csv,57,freq_hz,428.293121,428.293121,0.0
factory_10,frequency_response.csv,57,gain_db,-4.148492,-4.148492,0.0
factory_10,frequency_response.csv,58,time_s,3.89916,3.89916,0.0
factory_10,frequency_response.csv,58,freq_hz,451.946381,451.946381,0.0
factory_10,frequency_response.csv,58,gain_db,-4.891604,-4.891604,0.0
factory_10,frequency_response.csv,59,time_s,3.966387,3.966387,0.0
factory_10,frequency_response.csv,59,freq_hz,476.905945,476.905945,0.0
factory_10,frequency_response.csv,59,gain_db,-5.327615,-5.327615,0.0
factory_10,frequency_response.csv,60,time_s,4.033614,4.033614,0.0
factory_10,frequency_response.csv,60,freq_hz,503.244019,503.244019,0.0
factory_10,frequency_response.csv,60,gain_db,-5.52186,-5.52186,0.0
factory_10,frequency_response.csv,61,time_s,4.100841,4.100841,0.0
factory_10,frequency_response.csv,61,freq_hz,531.03656,531.03656,0.0
factory_10,frequency_response.csv,61,gain_db,-5.383745,-5.383745,0.0
factory_10,frequency_response.csv,62,time_s,4.168067,4.168067,0.0
factory_10,frequency_response.csv,62,freq_hz,560.364014,560.364014,0.0
factory_10,frequency_response.csv,62,gain_db,-5.087749,-5.087749,0.0
factory_10,frequency_response.csv,63,time_s,4.235294,4.235294,0.0
factory_10,frequency_response.csv,63,freq_hz,591.311096,591.311096,0.0
factory_10,frequency_response.csv,63,gain_db,-4.676783,-4.676783,0.0
factory_10,frequency_response.csv,64,time_s,4.302521,4.302521,0.0
factory_10,frequency_response.csv,64,freq_hz,623.967346,623.967346,0.0
factory_10,frequency_response.csv,64,gain_db,-4.185678,-4.185678,0.0
factory_10,frequency_response.csv,65,time_s,4.369748,4.369748,0.0
factory_10,frequency_response.csv,65,freq_hz,658.427063,658.427063,0.0
factory_10,frequency_response.csv,65,gain_db,-3.638004,-3.638004,0.0
factory_10,frequency_response.csv,66,time_s,4.436975,4.436975,0.0
factory_10,frequency_response.csv,66,freq_hz,694.789795,694.789795,0.0
factory_10,frequency_response.csv,66,gain_db,-3.010934,-3.010934,0.0
factory_10,frequency_response.csv,67,time_s,4.504202,4.504202,0.0
factory_10,frequency_response.csv,67,freq_hz,733.160889,733.160889,0.0
factory_10,frequency_response.csv,67,gain_db,-2.437414,-2.437414,0.0
factory_10,frequency_response.csv,68,time_s,4.571429,4.571429,0.0
factory_10,frequency_response.csv,68,freq_hz,773.651001,773.651001,0.0
factory_10,frequency_response.csv,68,gain_db,-1.992218,-1.992218,0.0
factory_10,frequency_response.csv,69,time_s,4.638656,4.638656,0.0
factory_10,frequency_response.csv,69,freq_hz,816.377197,816.377197,0.0
factory_10,frequency_response.csv,69,gain_db,-1.742141,-1.742141,0.0
factory_10,frequency_response.csv,70,time_s,4.705883,4.705883,0.0
factory_10,frequency_response.csv,70,freq_hz,861.463074,861.463074,0.0
factory_10,frequency_response.csv,70,gain_db,-1.745091,-1.745091,0.0
factory_10,frequency_response.csv,71,time_s,4.773109,4.773109,0.0
factory_10,frequency_response.csv,71,freq_hz,909.03894,909.03894,0.0
factory_10,frequency_response.csv,71,gain_db,-2.073809,-2.073809,0.0
factory_10,frequency_response.csv,72,time_s,4.840336,4.840336,0.0
factory_10,frequency_response.csv,72,freq_hz,959.242249,959.242249,0.0
factory_10,frequency_response.csv,72,gain_db,-2.782901,-2.782901,0.0
factory_10,frequency_response.csv,73,time_s,4.907563,4.907563,0.0
factory_10,frequency_response.csv,73,freq_hz,1012.218079,1012.218079,0.0
factory_10,frequency_response.csv,73,gain_db,-3.828974,-3.828974,0.0
factory_10,frequency_response.csv,74,time_s,4.97479,4.97479,0.0
factory_10,frequency_response.csv,74,freq_hz,1068.119629,1068.119629,0.0
factory_10,frequency_response.csv,74,gain_db,-5.152607,-5.152607,0.0
factory_10,frequency_response.csv,75,time_s,5.042017,5.042017,0.0
factory_10,frequency_response.csv,75,freq_hz,1127.108398,1127.108398,0.0
factory_10,frequency_response.csv,75,gain_db,-6.461265,-6.461265,0.0
factory_10,frequency_response.csv,76,time_s,5.109244,5.109244,0.0
factory_10,frequency_response.csv,76,freq_hz,1189.355103,1189.355103,0.0
factory_10,frequency_response.csv,76,gain_db,-7.359188,-7.359188,0.0
factory_10,frequency_response.csv,77,time_s,5.176471,5.176471,0.0
factory_10,frequency_response.csv,77,freq_hz,1255.039307,1255.039307,0.0
factory_10,frequency_response.csv,77,gain_db,-7.674679,-7.674679,0.0
factory_10,frequency_response.csv,78,time_s,5.243698,5.243698,0.0
factory_10,frequency_response.csv,78,freq_hz,1324.351074,1324.351074,0.0
factory_10,frequency_response.csv,78,gain_db,-7.376327,-7.376327,0.0
factory_10,frequency_response.csv,79,time_s,5.310925,5.310925,0.0
factory_10,frequency_response.csv,79,freq_hz,1397.490845,1397.490845,0.0
factory_10,frequency_response.csv,79,gain_db,-6.558616,-6.558616,0.0
factory_10,frequency_response.csv,80,time_s,5.378151,5.378151,0.0
factory_10,frequency_response.csv,80,freq_hz,1474.669678,1474.669678,0.0
factory_10,frequency_response.csv,80,gain_db,-5.535004,-5.535004,0.0
factory_10,frequency_response.csv,81,time_s,5.445378,5.445378,0.0
factory_10,frequency_response.csv,81,freq_hz,1556.110962,1556.110962,0.0
factory_10,frequency_response.csv,81,gain_db,-4.651132,-4.651132,0.0
factory_10,frequency_response.csv,82,time_s,5.512605,5.512605,0.0
factory_10,frequency_response.csv,82,freq_hz,1642.050049,1642.050049,0.0
factory_10,frequency_response.csv,82,gain_db,-3.924433,-3.924433,0.0
factory_10,frequency_response.csv,83,time_s,5.579832,5.579832,0.0
factory_10,frequency_response.csv,83,freq_hz,1732.735107,1732.735107,0.0
factory_10,frequency_response.csv,83,gain_db,-3.391173,-3.391173,0.0
factory_10,frequency_response.csv,84,time_s,5.647059,5.647059,0.0
factory_10,frequency_response.csv,84,freq_hz,1828.428467,1828.428467,0.0
factory_10,frequency_response.csv,84,gain_db,-3.089365,-3.089365,0.0
factory_10,frequency_response.csv,85,time_s,5.714286,5.714286,0.0
factory_10,frequency_response.csv,85,freq_hz,1929.406738,1929.406738,0.0
factory_10,frequency_response.csv,85,gain_db,-2.994132,-2.994132,0.0
factory_10,frequency_response.csv,86,time_s,5.781513,5.781513,0.0
factory_10,frequency_response.csv,86,freq_hz,2035.96167,2035.96167,0.0
factory_10,frequency_response.csv,86,gain_db,-3.106034,-3.106034,0.0
factory_10,frequency_response.csv,87,time_s,5.84874,5.84874,0.0
factory_10,frequency_response.csv,87,freq_hz,2148.401367,2148.401367,0.0
factory_10,frequency_response.csv,87,gain_db,-3.405854,-3.405854,0.0
factory_10,frequency_response.csv,88,time_s,5.915967,5.915967,0.0
factory_10,frequency_response.csv,88,freq_hz,2267.050537,2267.050537,0.0
factory_10,frequency_response.csv,88,gain_db,-3.819937,-3.819937,0.0
factory_10,frequency_response.csv,89,time_s,5.983193,5.983193,0.0
factory_10,frequency_response.csv,89,freq_hz,2392.252441,2392.252441,0.0
factory_10,frequency_response.csv,89,gain_db,-4.321107,-4.321107,0.0
factory_10,frequency_response.csv,90,time_s,6.05042,6.05042,0.0
factory_10,frequency_response.csv,90,freq_hz,2524.368896,2524.368896,0.0
factory_10,frequency_response.csv,90,gain_db,-4.921268,-4.921268,0.0
factory_10,frequency_response.csv,91,time_s,6.117647,6.117647,0.0
factory_10,frequency_response.csv,91,freq_hz,2663.781738,2663.781738,0.0
factory_10,frequency_response.csv,91,gain_db,-5.608373,-5.608373,0.0
factory_10,frequency_response.csv,92,time_s,6.184874,6.184874,0.0
factory_10,frequency_response.csv,92,freq_hz,2810.893799,2810.893799,0.0
factory_10,frequency_response.csv,92,gain_db,-6.449471,-6.449471,0.0
factory_10,frequency_response.csv,93,time_s,6.252101,6.252101,0.0
factory_10,frequency_response.csv,93,freq_hz,2966.130371,2966.130371,0.0
factory_10,frequency_response.csv,93,gain_db,-7.269737,-7.269737,0.0
factory_10,frequency_response.csv,94,time_s,6.319328,6.319328,0.0
factory_10,frequency_response.csv,94,freq_hz,3129.94043,3129.94043,0.0
factory_10,frequency_response.csv,94,gain_db,-7.886024,-7.886024,0.0
factory_10,frequency_response.csv,95,time_s,6.386555,6.386555,0.0
factory_10,frequency_response.csv,95,freq_hz,3302.796875,3302.796875,0.0
factory_10,frequency_response.csv,95,gain_db,-8.069693,-8.069693,0.0
factory_10,frequency_response.csv,96,time_s,6.453782,6.453782,0.0
factory_10,frequency_response.csv,96,freq_hz,3485.199951,3485.199951,0.0
factory_10,frequency_response.csv,96,gain_db,-7.721775,-7.721775,0.0
factory_10,frequency_response.csv,97,time_s,6.521008,6.521008,0.0
factory_10,frequency_response.csv,97,freq_hz,3677.676025,3677.676025,0.0
factory_10,frequency_response.csv,97,gain_db,-6.892321,-6.892321,0.0
factory_10,frequency_response.csv,98,time_s,6.588235,6.588235,0.0
factory_10,frequency_response.csv,98,freq_hz,3880.782471,3880.782471,0.0
factory_10,frequency_response.csv,98,gain_db,-5.909681,-5.909681,0.0
factory_10,frequency_response.csv,99,time_s,6.655462,6.655462,0.0
factory_10,frequency_response.csv,99,freq_hz,4095.105469,4095.105469,0.0
factory_10,frequency_response.csv,99,gain_db,-4.939244,-4.939244,0.0
factory_10,frequency_response.csv,100,time_s,6.722689,6.722689,0.0
factory_10,frequency_response.csv,100,freq_hz,4321.265137,4321.265137,0.0
factory_10,frequency_response.csv,100,gain_db,-4.005322,-4.005322,0.0
factory_10,frequency_response.csv,101,time_s,6.789916,6.789916,0.0
factory_10,frequency_response.csv,101,freq_hz,4559.914551,4559.914551,0.0
factory_10,frequency_response.csv,101,gain_db,-3.401649,-3.401649,0.0
factory_10,frequency_response.csv,102,time_s,6.857143,6.857143,0.0
factory_10,frequency_response.csv,102,freq_hz,4811.744141,4811.744141,0.0
factory_10,frequency_response.csv,102,gain_db,-3.131226,-3.131226,0.0
factory_10,frequency_response.csv,103,time_s,6.92437,6.92437,0.0
factory_10,frequency_response.csv,103,freq_hz,5077.481445,5077.481445,0.0
factory_10,frequency_response.csv,103,gain_db,-3.11997,-3.11997,0.0
factory_10,frequency_response.csv,104,time_s,6.991597,6.991597,0.0
factory_10,frequency_response.csv,104,freq_hz,5357.894531,5357.894531,0.0
factory_10,frequency_response.csv,104,gain_db,-3.266155,-3.266155,0.0
factory_10,frequency_response.csv,105,time_s,7.058824,7.058824,0.0
factory_10,frequency_response.csv,105,freq_hz,5653.793457,5653.793457,0.0
factory_10,frequency_response.csv,105,gain_db,-3.560464,-3.560464,0.0
factory_10,frequency_response.csv,106,time_s,7.12605,7.12605,0.0
factory_10,frequency_response.csv,106,freq_hz,5966.034668,5966.034668,0.0
factory_10,frequency_response.csv,106,gain_db,-3.807564,-3.807564,0.0
factory_10,frequency_response.csv,107,time_s,7.193277,7.193277,0.0
factory_10,frequency_response.csv,107,freq_hz,6295.519531,6295.519531,0.0
factory_10,frequency_response.csv,107,gain_db,-3.867034,-3.867034,0.0
factory_10,frequency_response.csv,108,time_s,7.260504,7.260504,0.0
factory_10,frequency_response.csv,108,freq_hz,6643.200684,6643.200684,0.0
factory_10,frequency_response.csv,108,gain_db,-3.90833,-3.90833,0.0
factory_10,frequency_response.csv,109,time_s,7.327731,7.327731,0.0
factory_10,frequency_response.csv,109,freq_hz,7010.083008,7010.083008,0.0
factory_10,frequency_response.csv,109,gain_db,-3.897902,-3.897902,0.0
factory_10,frequency_response.csv,110,time_s,7.394958,7.394958,0.0
factory_10,frequency_response.csv,110,freq_hz,7397.227539,7397.227539,0.0
factory_10,frequency_response.csv,110,gain_db,-3.837058,-3.837058,0.0
factory_10,frequency_response.csv,111,time_s,7.462185,7.462185,0.0
factory_10,frequency_response.csv,111,freq_hz,7805.752441,7805.752441,0.0
factory_10,frequency_response.csv,111,gain_db,-3.746799,-3.746799,0.0
factory_10,frequency_response.csv,112,time_s,7.529412,7.529412,0.0
factory_10,frequency_response.csv,112,freq_hz,8236.839844,8236.839844,0.0
factory_10,frequency_response.csv,112,gain_db,-3.6394,-3.6394,0.0
factory_10,frequency_response.csv,113,time_s,7.596639,7.596639,0.0
factory_10,frequency_response.csv,113,freq_hz,8691.733398,8691.733398,0.0
factory_10,frequency_response.csv,113,gain_db,-3.584311,-3.584311,0.0
factory_10,frequency_response.csv,114,time_s,7.663866,7.663866,0.0
factory_10,frequency_response.csv,114,freq_hz,9171.75,9171.75,0.0
factory_10,frequency_response.csv,114,gain_db,-3.58542,-3.58542,0.0
factory_10,frequency_response.csv,115,time_s,7.731092,7.731092,0.0
factory_10,frequency_response.csv,115,freq_hz,9678.276367,9678.276367,0.0
factory_10,frequency_response.csv,115,gain_db,-3.636249,-3.636249,0.0
factory_10,frequency_response.csv,116,time_s,7.798319,7.798319,0.0
factory_10,frequency_response.csv,116,freq_hz,10212.776367,10212.776367,0.0
factory_10,frequency_response.csv,116,gain_db,-3.725902,-3.725902,0.0
factory_10,frequency_response.csv,117,time_s,7.865546,7.865546,0.0
factory_10,frequency_response.csv,117,freq_hz,10776.795898,10776.795898,0.0
factory_10,frequency_response.csv,117,gain_db,-3.842054,-3.842054,0.0
factory_10,frequency_response.csv,118,time_s,7.932773,7.932773,0.0
factory_10,frequency_response.csv,118,freq_hz,11371.962891,11371.962891,0.0
factory_10,frequency_response.csv,118,gain_db,-3.973645,-3.973645,0.0
factory_10,frequency_response.csv,119,time_s,8.0,8.0,0.0
factory_10,frequency_response.csv,119,freq_hz,12000.0,12000.0,0.0
factory_10,frequency_response.csv,119,gain_db,-4.085536,-4.085536,0.0
factory_10,notch_tracking.csv,0,time_s,0.470588,0.470588,0.0
factory_10,notch_tracking.csv,0,freq_hz,29.13739,29.13739,0.0
factory_10,notch_tracking.csv,0,notch_depth_db,-2.956832,-2.956832,0.0
factory_10,notch_tracking.csv,1,time_s,0.605042,0.605042,0.0
factory_10,notch_tracking.csv,1,freq_hz,32.444588,32.444588,0.0
factory_10,notch_tracking.csv,1,notch_depth_db,-2.851723,-2.851723,0.0
factory_10,notch_tracking.csv,2,time_s,0.806723,0.806723,0.0
factory_10,notch_tracking.csv,2,freq_hz,38.122353,38.122353,0.0
factory_10,notch_tracking.csv,2,notch_depth_db,-2.881919,-2.881919,0.0
factory_10,notch_tracking.csv,3,time_s,1.613445,1.613445,0.0
factory_10,notch_tracking.csv,3,freq_hz,72.665695,72.665695,0.0
factory_10,notch_tracking.csv,3,notch_depth_db,-9.395081,-9.395081,0.0
factory_10,notch_tracking.csv,4,time_s,1.882353,1.882353,0.0
factory_10,notch_tracking.csv,4,freq_hz,90.097488,90.097488,0.0
factory_10,notch_tracking.csv,4,notch_depth_db,-9.202726,-9.202726,0.0
factory_10,notch_tracking.csv,5,time_s,2.823529,2.823529,0.0
factory_10,notch_tracking.csv,5,freq_hz,191.229095,191.229095,0.0
factory_10,notch_tracking.csv,5,notch_depth_db,-9.2089,-9.2089,0.0
factory_10,notch_tracking.csv,6,time_s,4.033614,4.033614,0.0
factory_10,notch_tracking.csv,6,freq_hz,503.244019,503.244019,0.0
factory_10,notch_tracking.csv,6,notch_depth_db,-5.52186,-5.52186,0.0
factory_10,notch_tracking.csv,7,time_s,5.176471,5.176471,0.0
factory_10,notch_tracking.csv,7,freq_hz,1255.039307,1255.039307,0.0
factory_10,notch_tracking.csv,7,notch_depth_db,-7.674679,-7.674679,0.0
factory_10,notch_tracking.csv,8,time_s,6.386555,6.386555,0.0
factory_10,notch_tracking.csv,8,freq_hz,3302.796875,3302.796875,0.0
factory_10,notch_tracking.csv,8,notch_depth_db,-8.069693,-8.069693,0.0
factory_10,notch_tracking.csv,9,time_s,7.260504,7.260504,0.0
factory_10,notch_tracking.csv,9,freq_hz,6643.200684,6643.200684,0.0
factory_10,notch_tracking.csv,9,notch_depth_db,-3.90833,-3.90833,0.0
factory_10,thd_vs_drive.csv,0,sine_level_db,-24.0,-24.0,0.0
factory_10,thd_vs_drive.csv,0,thd_ratio,0.002281,0.002281,0.0
factory_10,thd_vs_drive.csv,0,thd_db,-52.836678,-52.836678,0.0
factory_10,thd_vs_drive.csv,0,broadband_hf_db,-82.680061,-82.680061,0.0
factory_10,thd_vs_drive.csv,1,sine_level_db,-18.0,-18.0,0.0
factory_10,thd_vs_drive.csv,1,thd_ratio,0.005123,0.005123,0.0
factory_10,thd_vs_drive.csv,1,thd_db,-45.809517,-45.809517,0.0
factory_10,thd_vs_drive.csv,1,broadband_hf_db,-82.68399,-82.68399,0.0
factory_10,thd_vs_drive.csv,2,sine_level_db,-12.0,-12.0,0.0
factory_10,thd_vs_drive.csv,2,thd_ratio,0.011754,0.011754,0.0
factory_10,thd_vs_drive.csv,2,thd_db,-38.596333,-38.596333,0.0
factory_10,thd_vs_drive.csv,2,broadband_hf_db,-82.674225,-82.674225,0.0
factory_10,thd_vs_drive.csv,3,sine_level_db,-6.0,-6.0,0.0
factory_10,thd_vs_drive.csv,3,thd_ratio,0.026973,0.026973,0.0
factory_10,thd_vs_drive.csv,3,thd_db,-31.38151,-31.38151,0.0
factory_10,thd_vs_drive.csv,3,broadband_hf_db,-82.67717,-82.67717,0.0
factory_10,thd_vs_drive.csv,4,sine_level_db,0.0,0.0,0.0
factory_10,thd_vs_drive.csv,4,thd_ratio,0.064048,0.064048,0.0
factory_10,thd_vs_drive.csv,4,thd_db,-23.869867,-23.869867,0.0
factory_10,thd_vs_drive.csv,4,broadband_hf_db,-82.529327,-82.529327,0.0
factory_11,summary.csv,average_tracked_notch_db,value,-7.346179,-7.346179,0.0
factory_11,summary.csv,deepest_tracked_notch_db,value,-12.892931,-12.892931,0.0
factory_11,summary.csv,guitar_broadband_hf_db,value,-81.292946,-81.292946,0.0
factory_11,summary.csv,guitar_lr_correlation,value,0.849992,0.849992,0.0
factory_11,summary.csv,guitar_mono_fold_db,value,-0.372897,-0.372897,0.0
factory_11,summary.csv,guitar_side_to_mid_db,value,-10.474171,-10.474171,0.0
factory_11,summary.csv,sweep_broadband_hf_db,value,-82.543343,-82.543343,0.0
factory_11,summary.csv,sweep_lr_correlation,value,0.948208,0.948208,0.0
factory_11,summary.csv,sweep_mono_fold_db,value,-0.114574,-0.114574,0.0
factory_11,summary.csv,sweep_side_to_mid_db,value,-15.729574,-15.729574,0.0
factory_11,summary.csv,tracked_notch_count,value,9.0,9.0,0.0
factory_11,summary.csv,tracked_notch_high_hz,value,6643.200684,6643.200684,0.0
factory_11,summary.csv,tracked_notch_low_hz,value,27.612442,27.612442,0.0
factory_11,summary.csv,tracked_notch_span_oct,value,7.910416,7.910416,0.0
factory_11,summary.csv,worst_thd_db,value,-23.114031,-23.114031,0.0
factory_11,frequency_response.csv,0,time_s,0.0,0.0,0.0
factory_11,frequency_response.csv,0,freq_hz,20.0,20.0,0.0
factory_11,frequency_response.csv,0,gain_db,-9.236052,-9.236052,0.0
factory_11,frequency_response.csv,1,time_s,0.067227,0.067227,0.0
factory_11,frequency_response.csv,1,freq_hz,21.104536,21.104536,0.0
factory_11,frequency_response.csv,1,gain_db,-7.135085,-7.135085,0.0
factory_11,frequency_response.csv,2,time_s,0.134454,0.134454,0.0
factory_11,frequency_response.csv,2,freq_hz,22.270071,22.270071,0.0
factory_11,frequency_response.csv,2,gain_db,-6.263547,-6.263547,0.0
factory_11,frequency_response.csv,3,time_s,0.201681,0.201681,0.0
factory_11,frequency_response.csv,3,freq_hz,23.499975,23.499975,0.0
factory_11,frequency_response.csv,3,gain_db,-6.146535,-6.146535,0.0
factory_11,frequency_response.csv,4,time_s,0.268908,0.268908,0.0
factory_11,frequency_response.csv,4,freq_hz,24.797804,24.797804,0.0
factory_11,frequency_response.csv,4,gain_db,-6.27809,-6.27809,0.0
factory_11,frequency_response.csv,5,time_s,0.336134,0.336134,0.0
factory_11,frequency_response.csv,5,freq_hz,26.167307,26.167307,0.0
factory_11,frequency_response.csv,5,gain_db,-6.427169,-6.427169,0.0
factory_11,frequency_response.csv,6,time_s,0.403361,0.403361,0.0
factory_11,frequency_response.csv,6,freq_hz,27.612442,27.612442,0.0
factory_11,frequency_response.csv,6,gain_db,-6.44038,-6.44038,0.0
factory_11,frequency_response.csv,7,time_s,0.470588,0.470588,0.0
factory_11,frequency_response.csv,7,freq_hz,29.13739,29.13739,0.0
factory_11,frequency_response.csv,7,gain_db,-6.430755,-6.430755,0.0
factory_11,frequency_response.csv,8,time_s,0.537815,0.537815,0.0
factory_11,frequency_response.csv,8,freq_hz,30.746555,30.746555,0.0
factory_11,frequency_response.csv,8,gain_db,-6.563239,-6.563239,0.0
factory_11,frequency_response.csv,9,time_s,0.605042,0.605042,0.0
factory_11,frequency_response.csv,9,freq_hz,32.444588,32.444588,0.0
factory_11,frequency_response.csv,9,gain_db,-6.667441,-6.667441,0.0
factory_11,frequency_response.csv,10,time_s,0.672269,0.672269,0.0
factory_11,frequency_response.csv,10,freq_hz,34.236401,34.236401,0.0
factory_11,frequency_response.csv,10,gain_db,-6.84279,-6.84279,0.0
factory_11,frequency_response.csv,11,time_s,0.739496,0.739496,0.0
factory_11,frequency_response.csv,11,freq_hz,36.127167,36.127167,0.0
factory_11,frequency_response.csv,11,gain_db,-6.626651,-6.626651,0.0
factory_11,frequency_response.csv,12,time_s,0.806723,0.806723,0.0
factory_11,frequency_response.csv,12,freq_hz,38.122353,38.122353,0.0
factory_11,frequency_response.csv,12,gain_db,-6.422901,-6.422901,0.0
factory_11,frequency_response.csv,13,time_s,0.87395,0.87395,0.0
factory_11,frequency_response.csv,13,freq_hz,40.22773,40.22773,0.0
factory_11,frequency_response.csv,13,gain_db,-6.478567,-6.478567,0.0
factory_11,frequency_response.csv,14,time_s,0.941177,0.941177,0.0
factory_11,frequency_response.csv,14,freq_hz,42.449379,42.449379,0.0
factory_11,frequency_response.csv,14,gain_db,-6.239396,-6.239396,0.0
factory_11,frequency_response.csv,15,time_s,1.008403,1.008403,0.0
factory_11,frequency_response.csv,15,freq_hz,44.79372,44.79372,0.0
factory_11,frequency_response.csv,15,gain_db,-6.052296,-6.052296,0.0
factory_11,frequency_response.csv,16,time_s,1.07563,1.07563,0.0
factory_11,frequency_response.csv,16,freq_hz,47.267536,47.267536,0.0
factory_11,frequency_response.csv,16,gain_db,-6.052652,-6.052652,0.0
factory_11,frequency_response.csv,17,time_s,1.142857,1.142857,0.0
factory_11,frequency_response.csv,17,freq_hz,49.877968,49.877968,0.0
factory_11,frequency_response.csv,17,gain_db,-5.59989,-5.59989,0.0
factory_11,frequency_response.csv,18,time_s,1.210084,1.210084,0.0
factory_11,frequency_response.csv,18,freq_hz,52.632568,52.632568,0.0
factory_11,frequency_response.csv,18,gain_db,-5.575296,-5.575296,0.0
factory_11,frequency_response.csv,19,time_s,1.277311,1.277311,0.0
factory_11,frequency_response.csv,19,freq_hz,55.539299,55.539299,0.0
factory_11,frequency_response.csv,19,gain_db,-5.553281,-5.553281,0.0
factory_11,frequency_response.csv,20,time_s,1.344538,1.344538,0.0
factory_11,frequency_response.csv,20,freq_hz,58.606552,58.606552,0.0
factory_11,frequency_response.csv,20,gain_db,-5.388157,-5.388157,0.0
factory_11,frequency_response.csv,21,time_s,1.411765,1.411765,0.0
factory_11,frequency_response.csv,21,freq_hz,61.843204,61.843204,0.0
factory_11,frequency_response.csv,21,gain_db,-5.380457,-5.380457,0.0
factory_11,frequency_response.csv,22,time_s,1.478992,1.478992,0.0
factory_11,frequency_response.csv,22,freq_hz,65.258606,65.258606,0.0
factory_11,frequency_response.csv,22,gain_db,-5.305949,-5.305949,0.0
factory_11,frequency_response.csv,23,time_s,1.546218,1.546218,0.0
factory_11,frequency_response.csv,23,freq_hz,68.862625,68.862625,0.0
factory_11,frequency_response.csv,23,gain_db,-5.425151,-5.425151,0.0
factory_11,frequency_response.csv,24,time_s,1.613445,1.613445,0.0
factory_11,frequency_response.csv,24,freq_hz,72.665695,72.665695,0.0
factory_11,frequency_response.csv,24,gain_db,-5.189987,-5.189987,0.0
factory_11,frequency_response.csv,25,time_s,1.680672,1.680672,0.0
factory_11,frequency_response.csv,25,freq_hz,76.678787,76.678787,0.0
factory_11,frequency_response.csv,25,gain_db,-5.429697,-5.429697,0.0
factory_11,frequency_response.csv,26,time_s,1.747899,1.747899,0.0
factory_11,frequency_response.csv,26,freq_hz,80.913506,80.913506,0.0
factory_11,frequency_response.csv,26,gain_db,-5.418493,-5.418493,0.0
factory_11,frequency_response.csv,27,time_s,1.815126,1.815126,0.0
factory_11,frequency_response.csv,27,freq_hz,85.382095,85.382095,0.0
factory_11,frequency_response.csv,27,gain_db,-5.838216,-5.838216,0.0
factory_11,frequency_response.csv,28,time_s,1.882353,1.882353,0.0
factory_11,frequency_response.csv,28,freq_hz,90.097488,90.097488,0.0
factory_11,frequency_response.csv,28,gain_db,-6.32948,-6.32948,0.0
factory_11,frequency_response.csv,29,time_s,1.94958,1.94958,0.0
factory_11,frequency_response.csv,29,freq_hz,95.073273,95.073273,0.0
factory_11,frequency_response.csv,29,gain_db,-6.489184,-6.489184,0.0
factory_11,frequency_response.csv,30,time_s,2.016807,2.016807,0.0
factory_11,frequency_response.csv,30,freq_hz,100.323875,100.323875,0.0
factory_11,frequency_response.csv,30,gain_db,-7.054651,-7.054651,0.0
factory_11,frequency_response.csv,31,time_s,2.084034,2.084034,0.0
factory_11,frequency_response.csv,31,freq_hz,105.864441,105.864441,0.0
factory_11,frequency_response.csv,31,gain_db,-7.458341,-7.458341,0.0
factory_11,frequency_response.csv,32,time_s,2.151261,2.151261,0.0
factory_11,frequency_response.csv,32,freq_hz,111.710999,111.710999,0.0
factory_11,frequency_response.csv,32,gain_db,-7.924472,-7.924472,0.0
factory_11,frequency_response.csv,33,time_s,2.218488,2.218488,0.0
factory_11,frequency_response.csv,33,freq_hz,117.880432,117.880432,0.0
factory_11,frequency_response.csv,33,gain_db,-8.295647,-8.295647,0.0
factory_11,frequency_response.csv,34,time_s,2.285714,2.285714,0.0
factory_11,frequency_response.csv,34,freq_hz,124.390594,124.390594,0.0
factory_11,frequency_response.csv,34,gain_db,-8.735401,-8.735401,0.0
factory_11,frequency_response.csv,35,time_s,2.352941,2.352941,0.0
factory_11,frequency_response.csv,35,freq_hz,131.260284,131.260284,0.0
factory_11,frequency_response.csv,35,gain_db,-9.353033,-9.353033,0.0
factory_11,frequency_response.csv,36,time_s,2.420168,2.420168,0.0
factory_11,frequency_response.csv,36,freq_hz,138.509369,138.509369,0.0
factory_11,frequency_response.csv,36,gain_db,-9.79913,-9.79913,0.0
factory_11,frequency_response.csv,37,time_s,2.487395,2.487395,0.0
factory_11,frequency_response.csv,37,freq_hz,146.158783,146.158783,0.0
factory_11,frequency_response.csv,37,gain_db,-10.338505,-10.338505,0.0
factory_11,frequency_response.csv,38,time_s,2.554622,2.554622,0.0
factory_11,frequency_response.csv,38,freq_hz,154.230667,154.230667,0.0
factory_11,frequency_response.csv,38,gain_db,-10.709888,-10.709888,0.0
factory_11,frequency_response.csv,39,time_s,2.621849,2.621849,0.0
factory_11,frequency_response.csv,39,freq_hz,162.748337,162.748337,0.0
factory_11,frequency_response.csv,39,gain_db,-11.228934,-11.228934,0.0
factory_11,frequency_response.csv,40,time_s,2.689076,2.689076,0.0
factory_11,frequency_response.csv,40,freq_hz,171.73642,171.73642,0.0
factory_11,frequency_response.csv,40,gain_db,-11.683818,-11.683818,0.0
factory_11,frequency_response.csv,41,time_s,2.756303,2.756303,0.0
factory_11,frequency_response.csv,41,freq_hz,181.220856,181.220856,0.0
factory_11,frequency_response.csv,41,gain_db,-12.103978,-12.103978,0.0
factory_11,frequency_response.csv,42,time_s,2.823529,2.823529,0.0
factory_11,frequency_response.csv,42,freq_hz,191.229095,191.229095,0.0
factory_11,frequency_response.csv,42,gain_db,-12.369166,-12.369166,0.0
factory_11,frequency_response.csv,43,time_s,2.890756,2.890756,0.0
factory_11,frequency_response.csv,43,freq_hz,201.79007,201.79007,0.0
factory_11,frequency_response.csv,43,gain_db,-12.632505,-12.632505,0.0
factory_11,frequency_response.csv,44,time_s,2.957983,2.957983,0.0
factory_11,frequency_response.csv,44,freq_hz,212.93428,212.93428,0.0
factory_11,frequency_response.csv,44,gain_db,-12.831427,-12.831427,0.0
factory_11,frequency_response.csv,45,time_s,3.02521,3.02521,0.0
factory_11,frequency_response.csv,45,freq_hz,224.69397,224.69397,0.0
factory_11,frequency_response.csv,45,gain_db,-12.892931,-12.892931,0.0
factory_11,frequency_response.csv,46,time_s,3.092437,3.092437,0.0
factory_11,frequency_response.csv,46,freq_hz,237.103104,237.103104,0.0
factory_11,frequency_response.csv,46,gain_db,-12.865507,-12.865507,0.0
factory_11,frequency_response.csv,47,time_s,3.159664,3.159664,0.0
factory_11,frequency_response.csv,47,freq_hz,250.19754,250.19754,0.0
factory_11,frequency_response.csv,47,gain_db,-12.750938,-12.750938,0.0
factory_11,frequency_response.csv,48,time_s,3.226891,3.226891,0.0
factory_11,frequency_response.csv,48,freq_hz,264.015137,264.015137,0.0
factory_11,frequency_response.csv,48,gain_db,-12.583628,-12.583628,0.0
factory_11,frequency_response.csv,49,time_s,3.294118,3.294118,0.0
factory_11,frequency_response.csv,49,freq_hz,278.595856,278.595856,0.0
factory_11,frequency_response.csv,49,gain_db,-12.336082,-12.336082,0.0
factory_11,frequency_response.csv,50,time_s,3.361345,3.361345,0.0
factory_11,frequency_response.csv,50,freq_hz,293.981812,293.981812,0.0
factory_11,frequency_response.csv,50,gain_db,-12.020943,-12.020943,0.0
factory_11,frequency_response.csv,51,time_s,3.428571,3.428571,0.0
factory_11,frequency_response.csv,51,freq_hz,310.217468,310.217468,0.0
factory_11,frequency_response.csv,51,gain_db,-11.632404,-11.632404,0.0
factory_11,frequency_response.csv,52,time_s,3.495798,3.495798,0.0
factory_11,frequency_response.csv,52,freq_hz,327.349792,327.349792,0.0
factory_11,frequency_response.csv,52,gain_db,-11.193303,-11.193303,0.0
factory_11,frequency_response.csv,53,time_s,3.563025,3.563025,0.0
factory_11,frequency_response.csv,53,freq_hz,345.428284,345.428284,0.0
factory_11,frequency_response.csv,53,gain_db,-10.691152,-10.691152,0.0
factory_11,frequency_response.csv,54,time_s,3.630252,3.630252,0.0
factory_11,frequency_response.csv,54,freq_hz,364.505157,364.505157,0.0
factory_11,frequency_response.csv,54,gain_db,-10.164265,-10.164265,0.0
factory_11,frequency_response.csv,55,time_s,3.697479,3.697479,0.0
factory_11,frequency_response.csv,55,freq_hz,384.63562,384.63562,0.0
factory_11,frequency_response.csv,55,gain_db,-9.613316,-9.613316,0.0
factory_11,frequency_response.csv,56,time_s,3.764706,3.764706,0.0
factory_11,frequency_response.csv,56,freq_hz,405.877808,405.877808,0.0
factory_11,frequency_response.csv,56,gain_db,-8.951127,-8.951127,0.0
factory_11,frequency_response.csv,57,time_s,3.831933,3.831933,0.0
factory_11,frequency_response.csv,57,freq_hz,428.293121,428.293121,0.0
factory_11,frequency_response.csv,57,gain_db,-8.248316,-8.248316,0.0
factory_11,frequency_response.csv,58,time_s,3.89916,3.89916,0.0
factory_11,frequency_response.csv,58,freq_hz,451.946381,451.946381,0.0
factory_11,frequency_response.csv,58,gain_db,-7.51157,-7.51157,0.0
factory_11,frequency_response.csv,59,time_s,3.966387,3.966387,0.0
factory_11,frequency_response.csv,59,freq_hz,476.905945,476.905945,0.0
factory_11,frequency_response.csv,59,gain_db,-6.687384,-6.687384,0.0
factory_11,frequency_response.csv,60,time_s,4.033614,4.033614,0.0
factory_11,frequency_response.csv,60,freq_hz,503.244019,503.244019,0.0
factory_11,frequency_response.csv,60,gain_db,-6.016298,-6.016298,0.0
factory_11,frequency_response.csv,61,time_s,4.100841,4.100841,0.0
factory_11,frequency_response.csv,61,freq_hz,531.03656,531.03656,0.0
factory_11,frequency_response.csv,61,gain_db,-5.422428,-5.422428,0.0
factory_11,frequency_response.csv,62,time_s,4.168067,4.168067,0.0
factory_11,frequency_response.csv,62,freq_hz,560.364014,560.364014,0.0
factory_11,frequency_response.csv,62,gain_db,-4.916425,-4.916425,0.0
factory_11,frequency_response.csv,63,time_s,4.235294,4.235294,0.0
factory_11,frequency_response.csv,63,freq_hz,591.311096,591.311096,0.0
factory_11,frequency_response.csv,63,gain_db,-4.453341,-4.453341,0.0
factory_11,frequency_response.csv,64,time_s,4.302521,4.302521,0.0
factory_11,frequency_response.csv,64,freq_hz,623.967346,623.967346,0.0
factory_11,frequency_response.csv,64,gain_db,-3.98267,-3.98267,0.0
factory_11,frequency_response.csv,65,time_s,4.369748,4.369748,0.0
factory_11,frequency_response.csv,65,freq_hz,658.427063,658.427063,0.0
factory_11,frequency_response.csv,65,gain_db,-3.5212,-3.5212,0.0
factory_11,frequency_response.csv,66,time_s,4.436975,4.436975,0.0
factory_11,frequency_response.csv,66,freq_hz,694.789795,694.789795,0.0
factory_11,frequency_response.csv,66,gain_db,-3.076539,-3.076539,0.0
factory_11,frequency_response.csv,67,time_s,4.504202,4.504202,0.0
factory_11,frequency_response.csv,67,freq_hz,733.160889,733.160889,0.0
factory_11,frequency_response.csv,67,gain_db,-2.743541,-2.743541,0.0
factory_11,frequency_response.csv,68,time_s,4.571429,4.571429,0.0
factory_11,frequency_response.csv,68,freq_hz,773.651001,773.651001,0.0
factory_11,frequency_response.csv,68,gain_db,-2.524591,-2.524591,0.0
factory_11,frequency_response.csv,69,time_s,4.638656,4.638656,0.0
factory_11,frequency_response.csv,69,freq_hz,816.377197,816.377197,0.0
factory_11,frequency_response.csv,69,gain_db,-2.46069,-2.46069,0.0
factory_11,frequency_response.csv,70,time_s,4.705883,4.705883,0.0
factory_11,frequency_response.csv,70,freq_hz,861.463074,861.463074,0.0
factory_11,frequency_response.csv,70,gain_db,-2.614642,-2.614642,0.0
factory_11,frequency_response.csv,71,time_s,4.773109,4.773109,0.0
factory_11,frequency_response.csv,71,freq_hz,909.03894,909.03894,0.0
factory_11,frequency_response.csv,71,gain_db,-3.030373,-3.030373,0.0
factory_11,frequency_response.csv,72,time_s,4.840336,4.840336,0.0
factory_11,frequency_response.csv,72,freq_hz,959.242249,959.242249,0.0
factory_11,frequency_response.csv,72,gain_db,-3.745556,-3.745556,0.0
factory_11,frequency_response.csv,73,time_s,4.907563,4.907563,0.0
factory_11,frequency_response.csv,73,freq_hz,1012.218079,1012.218079,0.0
factory_11,frequency_response.csv,73,gain_db,-4.791823,-4.791823,0.0
factory_11,frequency_response.csv,74,time_s,4.97479,4.97479,0.0
factory_11,frequency_response.csv,74,freq_hz,1068.119629,1068.119629,0.0
factory_11,frequency_response.csv,74,gain_db,-6.159214,-6.159214,0.0
factory_11,frequency_response.csv,75,time_s,5.042017,5.042017,0.0
factory_11,frequency_response.csv,75,freq_hz,1127.108398,1127.108398,0.0
factory_11,frequency_response.csv,75,gain_db,-7.711189,-7.711189,0.0
factory_11,frequency_response.csv,76,time_s,5.109244,5.109244,0.0
factory_11,frequency_response.csv,76,freq_hz,1189.355103,1189.355103,0.0
factory_11,frequency_response.csv,76,gain_db,-9.2957,-9.2957,0.0
factory_11,frequency_response.csv,77,time_s,5.176471,5.176471,0.0
factory_11,frequency_response.csv,77,freq_hz,1255.039307,1255.039307,0.0
factory_11,frequency_response.csv,77,gain_db,-10.614296,-10.614296,0.0
factory_11,frequency_response.csv,78,time_s,5.243698,5.243698,0.0
factory_11,frequency_response.csv,78,freq_hz,1324.351074,1324.351074,0.0
factory_11,frequency_response.csv,78,gain_db,-11.616119,-11.616119,0.0
factory_11,frequency_response.csv,79,time_s,5.310925,5.310925,0.0
factory_11,frequency_response.csv,79,freq_hz,1397.490845,1397.490845,0.0
factory_11,frequency_response.csv,79,gain_db,-12.231836,-12.231836,0.0
factory_11,frequency_response.csv,80,time_s,5.378151,5.378151,0.0
factory_11,frequency_response.csv,80,freq_hz,1474.669678,1474.669678,0.0
factory_11,frequency_response.csv,80,gain_db,-12.440463,-12.440463,0.0
factory_11,frequency_response.csv,81,time_s,5.445378,5.445378,0.0
factory_11,frequency_response.csv,81,freq_hz,1556.110962,1556.110962,0.0
factory_11,frequency_response.csv,81,gain_db,-12.29113,-12.29113,0.0
factory_11,frequency_response.csv,82,time_s,5.512605,5.512605,0.0
factory_11,frequency_response.csv,82,freq_hz,1642.050049,1642.050049,0.0
factory_11,frequency_response.csv,82,gain_db,-11.848429,-11.848429,0.0
factory_11,frequency_response.csv,83,time_s,5.579832,5.579832,0.0
factory_11,frequency_response.csv,83,freq_hz,1732.735107,1732.735107,0.0
factory_11,frequency_response.csv,83,gain_db,-11.191455,-11.191455,0.0
factory_11,frequency_response.csv,84,time_s,5.647059,5.647059,0.0
factory_11,frequency_response.csv,84,freq_hz,1828.428467,1828.428467,0.0
factory_11,frequency_response.csv,84,gain_db,-10.413579,-10.413579,0.0
factory_11,frequency_response.csv,85,time_s,5.714286,5.714286,0.0
factory_11,frequency_response.csv,85,freq_hz,1929.406738,1929.406738,0.0
factory_11,frequency_response.csv,85,gain_db,-9.574116,-9.574116,0.0
factory_11,frequency_response.csv,86,time_s,5.781513,5.781513,0.0
factory_11,frequency_response.csv,86,freq_hz,2035.96167,2035.96167,0.0
factory_11,frequency_response.csv,86,gain_db,-8.73729,-8.73729,0.0
factory_11,frequency_response.csv,87,time_s,5.84874,5.84874,0.0
factory_11,frequency_response.csv,87,freq_hz,2148.401367,2148.401367,0.0
factory_11,frequency_response.csv,87,gain_db,-7.862975,-7.862975,0.0
factory_11,frequency_response.csv,88,time_s,5.915967,5.915967,0.0
factory_11,frequency_response.csv,88,freq_hz,2267.050537,2267.050537,0.0
factory_11,frequency_response.csv,88,gain_db,-6.99693,-6.99693,0.0
factory_11,frequency_response.csv,89,time_s,5.983193,5.983193,0.0
factory_11,frequency_response.csv,89,freq_hz,2392.252441,2392.252441,0.0
factory_11,frequency_response.csv,89,gain_db,-6.165068,-6.165068,0.0
factory_11,frequency_response.csv,90,time_s,6.05042,6.05042,0.0
factory_11,frequency_response.csv,90,freq_hz,2524.368896,2524.368896,0.0
factory_11,frequency_response.csv,90,gain_db,-5.381278,-5.381278,0.0
factory_11,frequency_response.csv,91,time_s,6.117647,6.117647,0.0
factory_11,frequency_response.csv,91,freq_hz,2663.781738,2663.781738,0.0
factory_11,frequency_response.csv,91,gain_db,-4.732681,-4.732681,0.0
factory_11,frequency_response.csv,92,time_s,6.184874,6.184874,0.0
factory_11,frequency_response.csv,92,freq_hz,2810.893799,2810.893799,0.0
factory_11,frequency_response.csv,92,gain_db,-4.212235,-4.212235,0.0
factory_11,frequency_response.csv,93,time_s,6.252101,6.252101,0.0
factory_11,frequency_response.csv,93,freq_hz,2966.130371,2966.130371,0.0
factory_11,frequency_response.csv,93,gain_db,-3.819977,-3.819977,0.0
factory_11,frequency_response.csv,94,time_s,6.319328,6.319328,0.0
factory_11,frequency_response.csv,94,freq_hz,3129.94043,3129.94043,0.0
factory_11,frequency_response.csv,94,gain_db,-3.525693,-3.525693,0.0
factory_11,frequency_response.csv,95,time_s,6.386555,6.386555,0.0
factory_11,frequency_response.csv,95,freq_hz,3302.796875,3302.796875,0.0
factory_11,frequency_response.csv,95,gain_db,-3.336878,-3.336878,0.0
factory_11,frequency_response.csv,96,time_s,6.453782,6.453782,0.0
factory_11,frequency_response.csv,96,freq_hz,3485.199951,3485.199951,0.0
factory_11,frequency_response.csv,96,gain_db,-3.255678,-3.255678,0.0
factory_11,frequency_response.csv,97,time_s,6.521008,6.521008,0.0
factory_11,frequency_response.csv,97,freq_hz,3677.676025,3677.676025,0.0
factory_11,frequency_response.csv,97,gain_db,-3.236185,-3.236185,0.0
factory_11,frequency_response.csv,98,time_s,6.588235,6.588235,0.0
factory_11,frequency_response.csv,98,freq_hz,3880.782471,3880.782471,0.0
factory_11,frequency_response.csv,98,gain_db,-3.237208,-3.237208,0.0
factory_11,frequency_response.csv,99,time_s,6.655462,6.655462,0.0
factory_11,frequency_response.csv,99,freq_hz,4095.105469,4095.105469,0.0
factory_11,frequency_response.csv,99,gain_db,-3.257591,-3.257591,0.0
factory_11,frequency_response.csv,100,time_s,6.722689,6.722689,0.0
factory_11,frequency_response.csv,100,freq_hz,4321.265137,4321.265137,0.0
factory_11,frequency_response.csv,100,gain_db,-3.301791,-3.301791,0.0
factory_11,frequency_response.csv,101,time_s,6.789916,6.789916,0.0
factory_11,frequency_response.csv,101,freq_hz,4559.914551,4559.914551,0.0
factory_11,frequency_response.csv,101,gain_db,-3.362855,-3.362855,0.0
factory_11,frequency_response.csv,102,time_s,6.857143,6.857143,0.0
factory_11,frequency_response.csv,102,freq_hz,4811.744141,4811.744141,0.0
factory_11,frequency_response.csv,102,gain_db,-3.4389,-3.4389,0.0
factory_11,frequency_response.csv,103,time_s,6.92437,6.92437,0.0
factory_11,frequency_response.csv,103,freq_hz,5077.481445,5077.481445,0.0
factory_11,frequency_response.csv,103,gain_db,-3.52784,-3.52784,0.0
factory_11,frequency_response.csv,104,time_s,6.991597,6.991597,0.0
factory_11,frequency_response.csv,104,freq_hz,5357.894531,5357.894531,0.0
factory_11,frequency_response.csv,104,gain_db,-3.62857,-3.62857,0.0
factory_11,frequency_response.csv,105,time_s,7.058824,7.058824,0.0
factory_11,frequency_response.csv,105,freq_hz,5653.793457,5653.793457,0.0
factory_11,frequency_response.csv,105,gain_db,-3.738285,-3.738285,0.0
factory_11,frequency_response.csv,106,time_s,7.12605,7.12605,0.0
factory_11,frequency_response.csv,106,freq_hz,5966.034668,5966.034668,0.0
factory_11,frequency_response.csv,106,gain_db,-3.860987,-3.860987,0.0
factory_11,frequency_response.csv,107,time_s,7.193277,7.193277,0.0
factory_11,frequency_response.csv,107,freq_hz,6295.519531,6295.519531,0.0
factory_11,frequency_response.csv,107,gain_db,-3.989958,-3.989958,0.0
factory_11,frequency_response.csv,108,time_s,7.260504,7.260504,0.0
factory_11,frequency_response.csv,108,freq_hz,6643.200684,6643.200684,0.0
factory_11,frequency_response.csv,108,gain_db,-4.112979,-4.112979,0.0
factory_11,frequency_response.csv,109,time_s,7.327731,7.327731,0.0
factory_11,frequency_response.csv,109,freq_hz,7010.083008,7010.083008,0.0
factory_11,frequency_response.csv,109,gain_db,-4.045368,-4.045368,0.0
factory_11,frequency_response.csv,110,time_s,7.394958,7.394958,0.0
factory_11,frequency_response.csv,110,freq_hz,7397.227539,7397.227539,0.0
factory_11,frequency_response.csv,110,gain_db,-3.980052,-3.980052,0.0
factory_11,frequency_response.csv,111,time_s,7.462185,7.462185,0.0
factory_11,frequency_response.csv,111,freq_hz,7805.752441,7805.752441,0.0
factory_11,frequency_response.csv,111,gain_db,-3.95212,-3.95212,0.0
factory_11,frequency_response.csv,112,time_s,7.529412,7.529412,0.0
factory_11,frequency_response.csv,112,freq_hz,8236.839844,8236.839844,0.0
factory_11,frequency_response.csv,112,gain_db,-3.970239,-3.970239,0.0
factory_11,frequency_response.csv,113,time_s,7.596639,7.596639,0.0
factory_11,frequency_response.csv,113,freq_hz,8691.733398,8691.733398,0.0
factory_11,frequency_response.csv,113,gain_db,-4.032727,-4.032727,0.0
factory_11,frequency_response.csv,114,time_s,7.663866,7.663866,0.0
factory_11,frequency_response.csv,114,freq_hz,9171.75,9171.75,0.0
factory_11,frequency_response.csv,114,gain_db,-4.13743,-4.13743,0.0
factory_11,frequency_response.csv,115,time_s,7.731092,7.731092,0.0
factory_11,frequency_response.csv,115,freq_hz,9678.276367,9678.276367,0.0
factory_11,frequency_response.csv,115,gain_db,-4.274336,-4.274336,0.0
factory_11,frequency_response.csv,116,time_s,7.798319,7.798319,0.0
factory_11,frequency_response.csv,116,freq_hz,10212.776367,10212.776367,0.0
factory_11,frequency_response.csv,116,gain_db,-4.431509,-4.431509,0.0
factory_11,frequency_response.csv,117,time_s,7.865546,7.865546,0.0
factory_11,frequency_response.csv,117,freq_hz,10776.795898,10776.795898,0.0
factory_11,frequency_response.csv,117,gain_db,-4.598212,-4.598212,0.0
factory_11,frequency_response.csv,118,time_s,7.932773,7.932773,0.0
factory_11,frequency_response.csv,118,freq_hz,11371.962891,11371.962891,0.0
factory_11,frequency_response.csv,118,gain_db,-4.766484,-4.766484,0.0
factory_11,frequency_response.csv,119,time_s,8.0,8.0,0.0
factory_11,frequency_response.csv,119,freq_hz,12000.0,12000.0,0.0
factory_11,frequency_response.csv,119,gain_db,-4.90463,-4.90463,0.0
factory_11,notch_tracking.csv,0,time_s,0.403361,0.403361,0.0
factory_11,notch_tracking.csv,0,freq_hz,27.612442,27.612442,0.0
factory_11,notch_tracking.csv,0,notch_depth_db,-6.44038,-6.44038,0.0
factory_11,notch_tracking.csv,1,time_s,0.672269,0.672269,0.0
factory_11,notch_tracking.csv,1,freq_hz,34.236401,34.236401,0.0
factory_11,notch_tracking.csv,1,notch_depth_db,-6.84279,-6.84279,0.0
factory_11,notch_tracking.csv,2,time_s,0.87395,0.87395,0.0
factory_11,notch_tracking.csv,2,freq_hz,40.22773,40.22773,0.0
factory_11,notch_tracking.csv,2,notch_depth_db,-6.478567,-6.478567,0.0
factory_11,notch_tracking.csv,3,time_s,1.07563,1.07563,0.0
factory_11,notch_tracking.csv,3,freq_hz,47.267536,47.267536,0.0
factory_11,notch_tracking.csv,3,notch_depth_db,-6.052652,-6.052652,0.0
factory_11,notch_tracking.csv,4,time_s,1.546218,1.546218,0.0
factory_11,notch_tracking.csv,4,freq_hz,68.862625,68.862625,0.0
factory_11,notch_tracking.csv,4,notch_depth_db,-5.425151,-5.425151,0.0
factory_11,notch_tracking.csv,5,time_s,1.680672,1.680672,0.0
factory_11,notch_tracking.csv,5,freq_hz,76.678787,76.678787,0.0
factory_11,notch_tracking.csv,5,notch_depth_db,-5.429697,-5.429697,0.0
factory_11,notch_tracking.csv,6,time_s,3.02521,3.02521,0.0
factory_11,notch_tracking.csv,6,freq_hz,224.69397,224.69397,0.0
factory_11,notch_tracking.csv,6,notch_depth_db,-12.892931,-12.892931,0.0
factory_11,notch_tracking.csv,7,time_s,5.378151,5.378151,0.0
factory_11,notch_tracking.csv,7,freq_hz,1474.669678,1474.669678,0.0
factory_11,notch_tracking.csv,7,notch_depth_db,-12.440463,-12.440463,0.0
factory_11,notch_tracking.csv,8,time_s,7.260504,7.260504,0.0
factory_11,notch_tracking.csv,8,freq_hz,6643.200684,6643.200684,0.0
factory_11,notch_tracking.csv,8,notch_depth_db,-4.112979,-4.112979,0.0
factory_11,thd_vs_drive.csv,0,sine_level_db,-24.0,-24.0,0.0
factory_11,thd_vs_drive.csv,0,thd_ratio,0.000579,0.000579,0.0
factory_11,thd_vs_drive.csv,0,thd_db,-64.74826,-64.74826,0.0
factory_11,thd_vs_drive.csv,0,broadband_hf_db,-82.684303,-82.684303,0.0
factory_11,thd_vs_drive.csv,1,sine_level_db,-18.0,-18.0,0.0
factory_11,thd_vs_drive.csv,1,thd_ratio,0.003263,0.003263,0.0
factory_11,thd_vs_drive.csv,1,thd_db,-49.728043,-49.728043,0.0
factory_11,thd_vs_drive.csv,1,broadband_hf_db,-82.684753,-82.684753,0.0
factory_11,thd_vs_drive.csv,2,sine_level_db,-12.0,-12.0,0.0
factory_11,thd_vs_drive.csv,2,thd_ratio,0.015142,0.015142,0.0
factory_11,thd_vs_drive.csv,2,thd_db,-36.396332,-36.396332,0.0
factory_11,thd_vs_drive.csv,2,broadband_hf_db,-82.6838,-82.6838,0.0
factory_11,thd_vs_drive.csv,3,sine_level_db,-6.0,-6.0,0.0
factory_11,thd_vs_drive.csv,3,thd_ratio,0.040752,0.040752,0.0
factory_11,thd_vs_drive.csv,3,thd_db,-27.797043,-27.797043,0.0
factory_11,thd_vs_drive.csv,3,broadband_hf_db,-82.685783,-82.685783,0.0
factory_11,thd_vs_drive.csv,4,sine_level_db,0.0,0.0,0.0
factory_11,thd_vs_drive.csv,4,thd_ratio,0.069871,0.069871,0.0
factory_11,thd_vs_drive.csv,4,thd_db,-23.114031,-23.114031,0.0
factory_11,thd_vs_drive.csv,4,broadband_hf_db,-82.589256,-82.589256,0.0
factory_2,summary.csv,average_tracked_notch_db,value,-6.855252,-6.855252,0.0
factory_2,summary.csv,deepest_tracked_notch_db,value,-9.143465,-9.143465,0.0
factory_2,summary.csv,guitar_broadband_hf_db,value,-79.802216,-79.802216,0.0
factory_2,summary.csv,guitar_lr_correlation,value,0.99039,0.99039,0.0
factory_2,summary.csv,guitar_mono_fold_db,value,-0.021829,-0.021829,0.0
factory_2,summary.csv,guitar_side_to_mid_db,value,-22.976606,-22.976606,0.0
factory_2,summary.csv,sweep_broadband_hf_db,value,-82.543922,-82.543922,0.0
factory_2,summary.csv,sweep_lr_correlation,value,0.996127,0.996127,0.0
factory_2,summary.csv,sweep_mono_fold_db,value,-0.008419,-0.008419,0.0
factory_2,summary.csv,sweep_side_to_mid_db,value,-27.121126,-27.121126,0.0
factory_2,summary.csv,tracked_notch_count,value,16.0,16.0,0.0
factory_2,summary.csv,tracked_notch_high_hz,value,8691.733398,8691.733398,0.0
factory_2,summary.csv,tracked_notch_low_hz,value,26.167307,26.167307,0.0
factory_2,summary.csv,tracked_notch_span_oct,value,8.375734,8.375734,0.0
factory_2,summary.csv,worst_thd_db,value,-21.89925,-21.89925,0.0
factory_2,frequency_response.csv,0,time_s,0.0,0.0,0.0
factory_2,frequency_response.csv,0,freq_hz,20.0,20.0,0.0
factory_2,frequency_response.csv,0,gain_db,-8.263915,-8.263915,0.0
factory_2,frequency_response.csv,1,time_s,0.067227,0.067227,0.0
factory_2,frequency_response.csv,1,freq_hz,21.104536,21.104536,0.0
factory_2,frequency_response.csv,1,gain_db,-3.990844,-3.990844,0.0
factory_2,frequency_response.csv,2,time_s,0.134454,0.134454,0.0
factory_2,frequency_response.csv,2,freq_hz,22.270071,22.270071,0.0
factory_2,frequency_response.csv,2,gain_db,-3.417183,-3.417183,0.0
factory_2,frequency_response.csv,3,time_s,0.201681,0.201681,0.0
factory_2,frequency_response.csv,3,freq_hz,23.499975,23.499975,0.0
factory_2,frequency_response.csv,3,gain_db,-3.262772,-3.262772,0.0
factory_2,frequency_response.csv,4,time_s,0.268908,0.268908,0.0
factory_2,frequency_response.csv,4,freq_hz,24.797804,24.797804,0.0
factory_2,frequency_response.csv,4,gain_db,-2.841064,-2.841064,0.0
factory_2,frequency_response.csv,5,time_s,0.336134,0.336134,0.0
factory_2,frequency_response.csv,5,freq_hz,26.167307,26.167307,0.0
factory_2,frequency_response.csv,5,gain_db,-3.009407,-3.009407,0.0
factory_2,frequency_response.csv,6,time_s,0.403361,0.403361,0.0
factory_2,frequency_response.csv,6,freq_hz,27.612442,27.612442,0.0
factory_2,frequency_response.csv,6,gain_db,-2.64495,-2.64495,0.0
factory_2,frequency_response.csv,7,time_s,0.470588,0.470588,0.0
factory_2,frequency_response.csv,7,freq_hz,29.13739,29.13739,0.0
factory_2,frequency_response.csv,7,gain_db,-2.859654,-2.859654,0.0
factory_2,frequency_response.csv,8,time_s,0.537815,0.537815,0.0
factory_2,frequency_response.csv,8,freq_hz,30.746555,30.746555,0.0
factory_2,frequency_response.csv,8,gain_db,-2.872458,-2.872458,0.0
factory_2,frequency_response.csv,9,time_s,0.605042,0.605042,0.0
factory_2,frequency_response.csv,9,freq_hz,32.444588,32.444588,0.0
factory_2,frequency_response.csv,9,gain_db,-3.257116,-3.257116,0.0
factory_2,frequency_response.csv,10,time_s,0.672269,0.672269,0.0
factory_2,frequency_response.csv,10,freq_hz,34.236401,34.236401,0.0
factory_2,frequency_response.csv,10,gain_db,-4.149221,-4.149221,0.0
factory_2,frequency_response.csv,11,time_s,0.739496,0.739496,0.0
factory_2,frequency_response.csv,11,freq_hz,36.127167,36.127167,0.0
factory_2,frequency_response.csv,11,gain_db,-5.275343,-5.275343,0.0
factory_2,frequency_response.csv,12,time_s,0.806723,0.806723,0.0
factory_2,frequency_response.csv,12,freq_hz,38.122353,38.122353,0.0
factory_2,frequency_response.csv,12,gain_db,-5.371505,-5.371505,0.0
factory_2,frequency_response.csv,13,time_s,0.87395,0.87395,0.0
factory_2,frequency_response.csv,13,freq_hz,40.22773,40.22773,0.0
factory_2,frequency_response.csv,13,gain_db,-4.159027,-4.159027,0.0
factory_2,frequency_response.csv,14,time_s,0.941177,0.941177,0.0
factory_2,frequency_response.csv,14,freq_hz,42.449379,42.449379,0.0
factory_2,frequency_response.csv,14,gain_db,-3.161275,-3.161275,0.0
factory_2,frequency_response.csv,15,time_s,1.008403,1.008403,0.0
factory_2,frequency_response.csv,15,freq_hz,44.79372,44.79372,0.0
factory_2,frequency_response.csv,15,gain_db,-2.840999,-2.840999,0.0
factory_2,frequency_response.csv,16,time_s,1.07563,1.07563,0.0
factory_2,frequency_response.csv,16,freq_hz,47.267536,47.267536,0.0
factory_2,frequency_response.csv,16,gain_db,-2.875111,-2.875111,0.0
factory_2,frequency_response.csv,17,time_s,1.142857,1.142857,0.0
factory_2,frequency_response.csv,17,freq_hz,49.877968,49.877968,0.0
factory_2,frequency_response.csv,17,gain_db,-2.966976,-2.966976,0.0
factory_2,frequency_response.csv,18,time_s,1.210084,1.210084,0.0
factory_2,frequency_response.csv,18,freq_hz,52.632568,52.632568,0.0
factory_2,frequency_response.csv,18,gain_db,-3.049874,-3.049874,0.0
factory_2,frequency_response.csv,19,time_s,1.277311,1.277311,0.0
factory_2,frequency_response.csv,19,freq_hz,55.539299,55.539299,0.0
factory_2,frequency_response.csv,19,gain_db,-3.507948,-3.507948,0.0
factory_2,frequency_response.csv,20,time_s,1.344538,1.344538,0.0
factory_2,frequency_response.csv,20,freq_hz,58.606552,58.606552,0.0
factory_2,frequency_response.csv,20,gain_db,-4.592196,-4.592196,0.0
factory_2,frequency_response.csv,21,time_s,1.411765,1.411765,0.0
factory_2,frequency_response.csv,21,freq_hz,61.843204,61.843204,0.0
factory_2,frequency_response.csv,21,gain_db,-6.619402,-6.619402,0.0
factory_2,frequency_response.csv,22,time_s,1.478992,1.478992,0.0
factory_2,frequency_response.csv,22,freq_hz,65.258606,65.258606,0.0
factory_2,frequency_response.csv,22,gain_db,-8.566175,-8.566175,0.0
factory_2,frequency_response.csv,23,time_s,1.546218,1.546218,0.0
factory_2,frequency_response.csv,23,freq_hz,68.862625,68.862625,0.0
factory_2,frequency_response.csv,23,gain_db,-9.040731,-9.040731,0.0
factory_2,frequency_response.csv,24,time_s,1.613445,1.613445,0.0
factory_2,frequency_response.csv,24,freq_hz,72.665695,72.665695,0.0
factory_2,frequency_response.csv,24,gain_db,-7.487304,-7.487304,0.0
factory_2,frequency_response.csv,25,time_s,1.680672,1.680672,0.0
factory_2,frequency_response.csv,25,freq_hz,76.678787,76.678787,0.0
factory_2,frequency_response.csv,25,gain_db,-5.417672,-5.417672,0.0
factory_2,frequency_response.csv,26,time_s,1.747899,1.747899,0.0
factory_2,frequency_response.csv,26,freq_hz,80.913506,80.913506,0.0
factory_2,frequency_response.csv,26,gain_db,-4.298347,-4.298347,0.0
factory_2,frequency_response.csv,27,time_s,1.815126,1.815126,0.0
factory_2,frequency_response.csv,27,freq_hz,85.382095,85.382095,0.0
factory_2,frequency_response.csv,27,gain_db,-4.477022,-4.477022,0.0
factory_2,frequency_response.csv,28,time_s,1.882353,1.882353,0.0
factory_2,frequency_response.csv,28,freq_hz,90.097488,90.097488,0.0
factory_2,frequency_response.csv,28,gain_db,-4.804899,-4.804899,0.0
factory_2,frequency_response.csv,29,time_s,1.94958,1.94958,0.0
factory_2,frequency_response.csv,29,freq_hz,95.073273,95.073273,0.0
factory_2,frequency_response.csv,29,gain_db,-4.946462,-4.946462,0.0
factory_2,frequency_response.csv,30,time_s,2.016807,2.016807,0.0
factory_2,frequency_response.csv,30,freq_hz,100.323875,100.323875,0.0
factory_2,frequency_response.csv,30,gain_db,-5.71319,-5.71319,0.0
factory_2,frequency_response.csv,31,time_s,2.084034,2.084034,0.0
factory_2,frequency_response.csv,31,freq_hz,105.864441,105.864441,0.0
factory_2,frequency_response.csv,31,gain_db,-7.430577,-7.430577,0.0
factory_2,frequency_response.csv,32,time_s,2.151261,2.151261,0.0
factory_2,frequency_response.csv,32,freq_hz,111.710999,111.710999,0.0
factory_2,frequency_response.csv,32,gain_db,-9.052135,-9.052135,0.0
factory_2,frequency_response.csv,33,time_s,2.218488,2.218488,0.0
factory_2,frequency_response.csv,33,freq_hz,117.880432,117.880432,0.0
factory_2,frequency_response.csv,33,gain_db,-8.054103,-8.054103,0.0
factory_2,frequency_response.csv,34,time_s,2.285714,2.285714,0.0
factory_2,frequency_response.csv,34,freq_hz,124.390594,124.390594,0.0
factory_2,frequency_response.csv,34,gain_db,-6.776281,-6.776281,0.0
factory_2,frequency_response.csv,35,time_s,2.352941,2.352941,0.0
factory_2,frequency_response.csv,35,freq_hz,131.260284,131.260284,0.0
factory_2,frequency_response.csv,35,gain_db,-7.952732,-7.952732,0.0
factory_2,frequency_response.csv,36,time_s,2.420168,2.420168,0.0
factory_2,frequency_response.csv,36,freq_hz,138.509369,138.509369,0.0
factory_2,frequency_response.csv,36,gain_db,-8.750463,-8.750463,0.0
factory_2,frequency_response.csv,37,time_s,2.487395,2.487395,0.0
factory_2,frequency_response.csv,37,freq_hz,146.158783,146.158783,0.0
factory_2,frequency_response.csv,37,gain_db,-7.735121,-7.735121,0.0
factory_2,frequency_response.csv,38,time_s,2.554622,2.554622,0.0
factory_2,frequency_response.csv,38,freq_hz,154.230667,154.230667,0.0
factory_2,frequency_response.csv,38,gain_db,-7.577849,-7.577849,0.0
factory_2,frequency_response.csv,39,time_s,2.621849,2.621849,0.0
factory_2,frequency_response.csv,39,freq_hz,162.748337,162.748337,0.0
factory_2,frequency_response.csv,39,gain_db,-7.888004,-7.888004,0.0
factory_2,frequency_response.csv,40,time_s,2.689076,2.689076,0.0
factory_2,frequency_response.csv,40,freq_hz,171.73642,171.73642,0.0
factory_2,frequency_response.csv,40,gain_db,-8.177628,-8.177628,0.0
factory_2,frequency_response.csv,41,time_s,2.756303,2.756303,0.0
factory_2,frequency_response.csv,41,freq_hz,181.220856,181.220856,0.0
factory_2,frequency_response.csv,41,gain_db,-8.655571,-8.655571,0.0
factory_2,frequency_response.csv,42,time_s,2.823529,2.823529,0.0
factory_2,frequency_response.csv,42,freq_hz,191.229095,191.229095,0.0
factory_2,frequency_response.csv,42,gain_db,-8.99399,-8.99399,0.0
factory_2,frequency_response.csv,43,time_s,2.890756,2.890756,0.0
factory_2,frequency_response.csv,43,freq_hz,201.79007,201.79007,0.0
factory_2,frequency_response.csv,43,gain_db,-7.202252,-7.202252,0.0
factory_2,frequency_response.csv,44,time_s,2.957983,2.957983,0.0
factory_2,frequency_response.csv,44,freq_hz,212.93428,212.93428,0.0
factory_2,frequency_response.csv,44,gain_db,-3.994843,-3.994843,0.0
factory_2,frequency_response.csv,45,time_s,3.02521,3.02521,0.0
factory_2,frequency_response.csv,45,freq_hz,224.69397,224.69397,0.0
factory_2,frequency_response.csv,45,gain_db,-2.369388,-2.369388,0.0
factory_2,frequency_response.csv,46,time_s,3.092437,3.092437,0.0
factory_2,frequency_response.csv,46,freq_hz,237.103104,237.103104,0.0
factory_2,frequency_response.csv,46,gain_db,-3.038467,-3.038467,0.0
factory_2,frequency_response.csv,47,time_s,3.159664,3.159664,0.0
factory_2,frequency_response.csv,47,freq_hz,250.19754,250.19754,0.0
factory_2,frequency_response.csv,47,gain_db,-6.445394,-6.445394,0.0
factory_2,frequency_response.csv,48,time_s,3.226891,3.226891,0.0
factory_2,frequency_response.csv,48,freq_hz,264.015137,264.015137,0.0
factory_2,frequency_response.csv,48,gain_db,-8.744256,-8.744256,0.0
factory_2,frequency_response.csv,49,time_s,3.294118,3.294118,0.0
factory_2,frequency_response.csv,49,freq_hz,278.595856,278.595856,0.0
factory_2,frequency_response.csv,49,gain_db,-8.977781,-8.977781,0.0
factory_2,frequency_response.csv,50,time_s,3.361345,3.361345,0.0
factory_2,frequency_response.csv,50,freq_hz,293.981812,293.981812,0.0
factory_2,frequency_response.csv,50,gain_db,-8.880208,-8.880208,0.0
factory_2,frequency_response.csv,51,time_s,3.428571,3.428571,0.0
factory_2,frequency_response.csv,51,freq_hz,310.217468,310.217468,0.0
factory_2,frequency_response.csv,51,gain_db,-8.738247,-8.738247,0.0
factory_2,frequency_response.csv,52,time_s,3.495798,3.495798,0.0
factory_2,frequency_response.csv,52,freq_hz,327.349792,327.349792,0.0
factory_2,frequency_response.csv,52,gain_db,-8.346561,-8.346561,0.0
factory_2,frequency_response.csv,53,time_s,3.563025,3.563025,0.0
factory_2,frequency_response.csv,53,freq_hz,345.428284,345.428284,0.0
factory_2,frequency_response.csv,53,gain_db,-6.756405,-6.756405,0.0
factory_2,frequency_response.csv,54,time_s,3.630252,3.630252,0.0
factory_2,frequency_response.csv,54,freq_hz,364.505157,364.505157,0.0
factory_2,frequency_response.csv,54,gain_db,-3.868289,-3.868289,0.0
factory_2,frequency_response.csv,55,time_s,3.697479,3.697479,0.0
factory_2,frequency_response.csv,55,freq_hz,384.63562,384.63562,0.0
factory_2,frequency_response.csv,55,gain_db,-1.839134,-1.839134,0.0
factory_2,frequency_response.csv,56,time_s,3.764706,3.764706,0.0
factory_2,frequency_response.csv,56,freq_hz,405.877808,405.877808,0.0
factory_2,frequency_response.csv,56,gain_db,-1.305631,-1.305631,0.0
factory_2,frequency_response.csv,57,time_s,3.831933,3.831933,0.0
factory_2,frequency_response.csv,57,freq_hz,428.293121,428.293121,0.0
factory_2,frequency_response.csv,57,gain_db,-1.53137,-1.53137,0.0
factory_2,frequency_response.csv,58,time_s,3.89916,3.89916,0.0
factory_2,frequency_response.csv,58,freq_hz,451.946381,451.946381,0.0
factory_2,frequency_response.csv,58,gain_db,-2.29756,-2.29756,0.0
factory_2,frequency_response.csv,59,time_s,3.966387,3.966387,0.0
factory_2,frequency_response.csv,59,freq_hz,476.905945,476.905945,0.0
factory_2,frequency_response.csv,59,gain_db,-4.889046,-4.889046,0.0
factory_2,frequency_response.csv,60,time_s,4.033614,4.033614,0.0
factory_2,frequency_response.csv,60,freq_hz,503.244019,503.244019,0.0
factory_2,frequency_response.csv,60,gain_db,-6.350972,-6.350972,0.0
factory_2,frequency_response.csv,61,time_s,4.100841,4.100841,0.0
factory_2,frequency_response.csv,61,freq_hz,531.03656,531.03656,0.0
factory_2,frequency_response.csv,61,gain_db,-6.081359,-6.081359,0.0
factory_2,frequency_response.csv,62,time_s,4.168067,4.168067,0.0
factory_2,frequency_response.csv,62,freq_hz,560.364014,560.364014,0.0
factory_2,frequency_response.csv,62,gain_db,-5.726704,-5.726704,0.0
factory_2,frequency_response.csv,63,time_s,4.235294,4.235294,0.0
factory_2,frequency_response.csv,63,freq_hz,591.311096,591.311096,0.0
factory_2,frequency_response.csv,63,gain_db,-5.058164,-5.058164,0.0
factory_2,frequency_response.csv,64,time_s,4.302521,4.302521,0.0
factory_2,frequency_response.csv,64,freq_hz,623.967346,623.967346,0.0
factory_2,frequency_response.csv,64,gain_db,-3.408812,-3.408812,0.0
factory_2,frequency_response.csv,65,time_s,4.369748,4.369748,0.0
factory_2,frequency_response.csv,65,freq_hz,658.427063,658.427063,0.0
factory_2,frequency_response.csv,65,gain_db,-1.875196,-1.875196,0.0
factory_2,frequency_response.csv,66,time_s,4.436975,4.436975,0.0
factory_2,frequency_response.csv,66,freq_hz,694.789795,694.789795,0.0
factory_2,frequency_response.csv,66,gain_db,-1.796526,-1.796526,0.0
factory_2,frequency_response.csv,67,time_s,4.504202,4.504202,0.0
factory_2,frequency_response.csv,67,freq_hz,733.160889,733.160889,0.0
factory_2,frequency_response.csv,67,gain_db,-3.257555,-3.257555,0.0
factory_2,frequency_response.csv,68,time_s,4.571429,4.571429,0.0
factory_2,frequency_response.csv,68,freq_hz,773.651001,773.651001,0.0
factory_2,frequency_response.csv,68,gain_db,-3.876695,-3.876695,0.0
factory_2,frequency_response.csv,69,time_s,4.638656,4.638656,0.0
factory_2,frequency_response.csv,69,freq_hz,816.377197,816.377197,0.0
factory_2,frequency_response.csv,69,gain_db,-2.340137,-2.340137,0.0
factory_2,frequency_response.csv,70,time_s,4.705883,4.705883,0.0
factory_2,frequency_response.csv,70,freq_hz,861.463074,861.463074,0.0
factory_2,frequency_response.csv,70,gain_db,-1.7675,-1.7675,0.0
factory_2,frequency_response.csv,71,time_s,4.773109,4.773109,0.0
factory_2,frequency_response.csv,71,freq_hz,909.03894,909.03894,0.0
factory_2,frequency_response.csv,71,gain_db,-2.329368,-2.329368,0.0
factory_2,frequency_response.csv,72,time_s,4.840336,4.840336,0.0
factory_2,frequency_response.csv,72,freq_hz,959.242249,959.242249,0.0
factory_2,frequency_response.csv,72,gain_db,-2.267924,-2.267924,0.0
factory_2,frequency_response.csv,73,time_s,4.907563,4.907563,0.0
factory_2,frequency_response.csv,73,freq_hz,1012.218079,1012.218079,0.0
factory_2,frequency_response.csv,73,gain_db,-2.064674,-2.064674,0.0
factory_2,frequency_response.csv,74,time_s,4.97479,4.97479,0.0
factory_2,frequency_response.csv,74,freq_hz,1068.119629,1068.119629,0.0
factory_2,frequency_response.csv,74,gain_db,-1.849447,-1.849447,0.0
factory_2,frequency_response.csv,75,time_s,5.042017,5.042017,0.0
factory_2,frequency_response.csv,75,freq_hz,1127.108398,1127.108398,0.0
factory_2,frequency_response.csv,75,gain_db,-1.643266,-1.643266,0.0
factory_2,frequency_response.csv,76,time_s,5.109244,5.109244,0.0
factory_2,frequency_response.csv,76,freq_hz,1189.355103,1189.355103,0.0
factory_2,frequency_response.csv,76,gain_db,-2.127542,-2.127542,0.0
factory_2,frequency_response.csv,77,time_s,5.176471,5.176471,0.0
factory_2,frequency_response.csv,77,freq_hz,1255.039307,1255.039307,0.0
factory_2,frequency_response.csv,77,gain_db,-4.249785,-4.249785,0.0
factory_2,frequency_response.csv,78,time_s,5.243698,5.243698,0.0
factory_2,frequency_response.csv,78,freq_hz,1324.351074,1324.351074,0.0
factory_2,frequency_response.csv,78,gain_db,-7.335031,-7.335031,0.0
factory_2,frequency_response.csv,79,time_s,5.310925,5.310925,0.0
factory_2,frequency_response.csv,79,freq_hz,1397.490845,1397.490845,0.0
factory_2,frequency_response.csv,79,gain_db,-8.568145,-8.568145,0.0
factory_2,frequency_response.csv,80,time_s,5.378151,5.378151,0.0
factory_2,frequency_response.csv,80,freq_hz,1474.669678,1474.669678,0.0
factory_2,frequency_response.csv,80,gain_db,-6.475779,-6.475779,0.0
factory_2,frequency_response.csv,81,time_s,5.445378,5.445378,0.0
factory_2,frequency_response.csv,81,freq_hz,1556.110962,1556.110962,0.0
factory_2,frequency_response.csv,81,gain_db,-3.519051,-3.519051,0.0
factory_2,frequency_response.csv,82,time_s,5.512605,5.512605,0.0
factory_2,frequency_response.csv,82,freq_hz,1642.050049,1642.050049,0.0
factory_2,frequency_response.csv,82,gain_db,-2.04055,-2.04055,0.0
factory_2,frequency_response.csv,83,time_s,5.579832,5.579832,0.0
factory_2,frequency_response.csv,83,freq_hz,1732.735107,1732.735107,0.0
factory_2,frequency_response.csv,83,gain_db,-1.98449,-1.98449,0.0
factory_2,frequency_response.csv,84,time_s,5.647059,5.647059,0.0
factory_2,frequency_response.csv,84,freq_hz,1828.428467,1828.428467,0.0
factory_2,frequency_response.csv,84,gain_db,-2.217638,-2.217638,0.0
factory_2,frequency_response.csv,85,time_s,5.714286,5.714286,0.0
factory_2,frequency_response.csv,85,freq_hz,1929.406738,1929.406738,0.0
factory_2,frequency_response.csv,85,gain_db,-2.541999,-2.541999,0.0
factory_2,frequency_response.csv,86,time_s,5.781513,5.781513,0.0
factory_2,frequency_response.csv,86,freq_hz,2035.96167,2035.96167,0.0
factory_2,frequency_response.csv,86,gain_db,-3.370236,-3.370236,0.0
factory_2,frequency_response.csv,87,time_s,5.84874,5.84874,0.0
factory_2,frequency_response.csv,87,freq_hz,2148.401367,2148.401367,0.0
factory_2,frequency_response.csv,87,gain_db,-5.483847,-5.483847,0.0
factory_2,frequency_response.csv,88,time_s,5.915967,5.915967,0.0
factory_2,frequency_response.csv,88,freq_hz,2267.050537,2267.050537,0.0
factory_2,frequency_response.csv,88,gain_db,-8.062155,-8.062155,0.0
factory_2,frequency_response.csv,89,time_s,5.983193,5.983193,0.0
factory_2,frequency_response.csv,89,freq_hz,2392.252441,2392.252441,0.0
factory_2,frequency_response.csv,89,gain_db,-9.143465,-9.143465,0.0
factory_2,frequency_response.csv,90,time_s,6.05042,6.05042,0.0
factory_2,frequency_response.csv,90,freq_hz,2524.368896,2524.368896,0.0
factory_2,frequency_response.csv,90,gain_db,-8.45437,-8.45437,0.0
factory_2,frequency_response.csv,91,time_s,6.117647,6.117647,0.0
factory_2,frequency_response.csv,91,freq_hz,2663.781738,2663.781738,0.0
factory_2,frequency_response.csv,91,gain_db,-8.604058,-8.604058,0.0
factory_2,frequency_response.csv,92,time_s,6.184874,6.184874,0.0
factory_2,frequency_response.csv,92,freq_hz,2810.893799,2810.893799,0.0
factory_2,frequency_response.csv,92,gain_db,-8.262308,-8.262308,0.0
factory_2,frequency_response.csv,93,time_s,6.252101,6.252101,0.0
factory_2,frequency_response.csv,93,freq_hz,2966.130371,2966.130371,0.0
factory_2,frequency_response.csv,93,gain_db,-6.874172,-6.874172,0.0
factory_2,frequency_response.csv,94,time_s,6.319328,6.319328,0.0
factory_2,frequency_response.csv,94,freq_hz,3129.94043,3129.94043,0.0
factory_2,frequency_response.csv,94,gain_db,-6.543561,-6.543561,0.0
factory_2,frequency_response.csv,95,time_s,6.386555,6.386555,0.0
factory_2,frequency_response.csv,95,freq_hz,3302.796875,3302.796875,0.0
factory_2,frequency_response.csv,95,gain_db,-6.917953,-6.917953,0.0
factory_2,frequency_response.csv,96,time_s,6.453782,6.453782,0.0
factory_2,frequency_response.csv,96,freq_hz,3485.199951,3485.199951,0.0
factory_2,frequency_response.csv,96,gain_db,-7.241158,-7.241158,0.0
factory_2,frequency_response.csv,97,time_s,6.521008,6.521008,0.0
factory_2,frequency_response.csv,97,freq_hz,3677.676025,3677.676025,0.0
factory_2,frequency_response.csv,97,gain_db,-7.635449,-7.635449,0.0
factory_2,frequency_response.csv,98,time_s,6.588235,6.588235,0.0
factory_2,frequency_response.csv,98,freq_hz,3880.782471,3880.782471,0.0
factory_2,frequency_response.csv,98,gain_db,-7.990877,-7.990877,0.0
factory_2,frequency_response.csv,99,time_s,6.655462,6.655462,0.0
factory_2,frequency_response.csv,99,freq_hz,4095.105469,4095.105469,0.0
factory_2,frequency_response.csv,99,gain_db,-7.156367,-7.156367,0.0
factory_2,frequency_response.csv,100,time_s,6.722689,6.722689,0.0
factory_2,frequency_response.csv,100,freq_hz,4321.265137,4321.265137,0.0
factory_2,frequency_response.csv,100,gain_db,-5.116688,-5.116688,0.0
factory_2,frequency_response.csv,101,time_s,6.789916,6.789916,0.0
factory_2,frequency_response.csv,101,freq_hz,4559.914551,4559.914551,0.0
factory_2,frequency_response.csv,101,gain_db,-3.310075,-3.310075,0.0
factory_2,frequency_response.csv,102,time_s,6.857143,6.857143,0.0
factory_2,frequency_response.csv,102,freq_hz,4811.744141,4811.744141,0.0
factory_2,frequency_response.csv,102,gain_db,-3.307116,-3.307116,0.0
factory_2,frequency_response.csv,103,time_s,6.92437,6.92437,0.0
factory_2,frequency_response.csv,103,freq_hz,5077.481445,5077.481445,0.0
factory_2,frequency_response.csv,103,gain_db,-4.868804,-4.868804,0.0
factory_2,frequency_response.csv,104,time_s,6.991597,6.991597,0.0
factory_2,frequency_response.csv,104,freq_hz,5357.894531,5357.894531,0.0
factory_2,frequency_response.csv,104,gain_db,-5.939202,-5.939202,0.0
factory_2,frequency_response.csv,105,time_s,7.058824,7.058824,0.0
factory_2,frequency_response.csv,105,freq_hz,5653.793457,5653.793457,0.0
factory_2,frequency_response.csv,105,gain_db,-6.160719,-6.160719,0.0
factory_2,frequency_response.csv,106,time_s,7.12605,7.12605,0.0
factory_2,frequency_response.csv,106,freq_hz,5966.034668,5966.034668,0.0
factory_2,frequency_response.csv,106,gain_db,-5.668807,-5.668807,0.0
factory_2,frequency_response.csv,107,time_s,7.193277,7.193277,0.0
factory_2,frequency_response.csv,107,freq_hz,6295.519531,6295.519531,0.0
factory_2,frequency_response.csv,107,gain_db,-5.145209,-5.145209,0.0
factory_2,frequency_response.csv,108,time_s,7.260504,7.260504,0.0
factory_2,frequency_response.csv,108,freq_hz,6643.200684,6643.200684,0.0
factory_2,frequency_response.csv,108,gain_db,-4.575566,-4.575566,0.0
factory_2,frequency_response.csv,109,time_s,7.327731,7.327731,0.0
factory_2,frequency_response.csv,109,freq_hz,7010.083008,7010.083008,0.0
factory_2,frequency_response.csv,109,gain_db,-3.825024,-3.825024,0.0
factory_2,frequency_response.csv,110,time_s,7.394958,7.394958,0.0
factory_2,frequency_response.csv,110,freq_hz,7397.227539,7397.227539,0.0
factory_2,frequency_response.csv,110,gain_db,-3.193508,-3.193508,0.0
factory_2,frequency_response.csv,111,time_s,7.462185,7.462185,0.0
factory_2,frequency_response.csv,111,freq_hz,7805.752441,7805.752441,0.0
factory_2,frequency_response.csv,111,gain_db,-3.009929,-3.009929,0.0
factory_2,frequency_response.csv,112,time_s,7.529412,7.529412,0.0
factory_2,frequency_response.csv,112,freq_hz,8236.839844,8236.839844,0.0
factory_2,frequency_response.csv,112,gain_db,-3.203556,-3.203556,0.0
factory_2,frequency_response.csv,113,time_s,7.596639,7.596639,0.0
factory_2,frequency_response.csv,113,freq_hz,8691.733398,8691.733398,0.0
factory_2,frequency_response.csv,113,gain_db,-3.463726,-3.463726,0.0
factory_2,frequency_response.csv,114,time_s,7.663866,7.663866,0.0
factory_2,frequency_response.csv,114,freq_hz,9171.75,9171.75,0.0
factory_2,frequency_response.csv,114,gain_db,-3.381099,-3.381099,0.0
factory_2,frequency_response.csv,115,time_s,7.731092,7.731092,0.0
factory_2,frequency_response.csv,115,freq_hz,9678.276367,9678.276367,0.0
factory_2,frequency_response.csv,115,gain_db,-3.427819,-3.427819,0.0
factory_2,frequency_response.csv,116,time_s,7.798319,7.798319,0.0
factory_2,frequency_response.csv,116,freq_hz,10212.776367,10212.776367,0.0
factory_2,frequency_response.csv,116,gain_db,-3.527744,-3.527744,0.0
factory_2,frequency_response.csv,117,time_s,7.865546,7.865546,0.0
factory_2,frequency_response.csv,117,freq_hz,10776.795898,10776.795898,0.0
factory_2,frequency_response.csv,117,gain_db,-3.651133,-3.651133,0.0
factory_2,frequency_response.csv,118,time_s,7.932773,7.932773,0.0
factory_2,frequency_response.csv,118,freq_hz,11371.962891,11371.962891,0.0
factory_2,frequency_response.csv,118,gain_db,-3.785768,-3.785768,0.0
factory_2,frequency_response.csv,119,time_s,8.0,8.0,0.0
factory_2,frequency_response.csv,119,freq_hz,12000.0,12000.0,0.0
factory_2,frequency_response.csv,119,gain_db,-3.900161,-3.900161,0.0
factory_2,notch_tracking.csv,0,time_s,0.336134,0.336134,0.0
factory_2,notch_tracking.csv,0,freq_hz,26.167307,26.167307,0.0
factory_2,notch_tracking.csv,0,notch_depth_db,-3.009407,-3.009407,0.0
factory_2,notch_tracking.csv,1,time_s,0.806723,0.806723,0.0
factory_2,notch_tracking.csv,1,freq_hz,38.122353,38.122353,0.0
factory_2,notch_tracking.csv,1,notch_depth_db,-5.371505,-5.371505,0.0
factory_2,notch_tracking.csv,2,time_s,1.546218,1.546218,0.0
factory_2,notch_tracking.csv,2,freq_hz,68.862625,68.862625,0.0
factory_2,notch_tracking.csv,2,notch_depth_db,-9.040731,-9.040731,0.0
factory_2,notch_tracking.csv,3,time_s,2.151261,2.151261,0.0
factory_2,notch_tracking.csv,3,freq_hz,111.710999,111.710999,0.0
factory_2,notch_tracking.csv,3,notch_depth_db,-9.052135,-9.052135,0.0
factory_2,notch_tracking.csv,4,time_s,2.420168,2.420168,0.0
factory_2,notch_tracking.csv,4,freq_hz,138.509369,138.509369,0.0
factory_2,notch_tracking.csv,4,notch_depth_db,-8.750463,-8.750463,0.0
factory_2,notch_tracking.csv,5,time_s,2.823529,2.823529,0.0
factory_2,notch_tracking.csv,5,freq_hz,191.229095,191.229095,0.0
factory_2,notch_tracking.csv,5,notch_depth_db,-8.99399,-8.99399,0.0
factory_2,notch_tracking.csv,6,time_s,3.294118,3.294118,0.0
factory_2,notch_tracking.csv,6,freq_hz,278.595856,278.595856,0.0
factory_2,notch_tracking.csv,6,notch_depth_db,-8.977781,-8.977781,0.0
factory_2,notch_tracking.csv,7,time_s,4.033614,4.033614,0.0
factory_2,notch_tracking.csv,7,freq_hz,503.244019,503.244019,0.0
factory_2,notch_tracking.csv,7,notch_depth_db,-6.350972,-6.350972,0.0
factory_2,notch_tracking.csv,8,time_s,4.571429,4.571429,0.0
factory_2,notch_tracking.csv,8,freq_hz,773.651001,773.651001,0.0
factory_2,notch_tracking.csv,8,notch_depth_db,-3.876695,-3.876695,0.0
factory_2,notch_tracking.csv,9,time_s,4.773109,4.773109,0.0
factory_2,notch_tracking.csv,9,freq_hz,909.03894,909.03894,0.0
factory_2,notch_tracking.csv,9,notch_depth_db,-2.329368,-2.329368,0.0
factory_2,notch_tracking.csv,10,time_s,5.310925,5.310925,0.0
factory_2,notch_tracking.csv,10,freq_hz,1397.490845,1397.490845,0.0
factory_2,notch_tracking.csv,10,notch_depth_db,-8.568145,-8.568145,0.0
factory_2,notch_tracking.csv,11,time_s,5.983193,5.983193,0.0
factory_2,notch_tracking.csv,11,freq_hz,2392.252441,2392.252441,0.0
factory_2,notch_tracking.csv,11,notch_depth_db,-9.143465,-9.143465,0.0
factory_2,notch_tracking.csv,12,time_s,6.117647,6.117647,0.0
factory_2,notch_tracking.csv,12,freq_hz,2663.781738,2663.781738,0.0
factory_2,notch_tracking.csv,12,notch_depth_db,-8.604058,-8.604058,0.0
factory_2,notch_tracking.csv,13,time_s,6.588235,6.588235,0.0
factory_2,notch_tracking.csv,13,freq_hz,3880.782471,3880.782471,0.0
factory_2,notch_tracking.csv,13,notch_depth_db,-7.990877,-7.990877,0.0
factory_2,notch_tracking.csv,14,time_s,7.058824,7.058824,0.0
factory_2,notch_tracking.csv,14,freq_hz,5653.793457,5653.793457,0.0
factory_2,notch_tracking.csv,14,notch_depth_db,-6.160719,-6.160719,0.0
factory_2,notch_tracking.csv,15,time_s,7.596639,7.596639,0.0
factory_2,notch_tracking.csv,15,freq_hz,8691.733398,8691.733398,0.0
factory_2,notch_tracking.csv,15,notch_depth_db,-3.463726,-3.463726,0.0
factory_2,thd_vs_drive.csv,0,sine_level_db,-24.0,-24.0,0.0
factory_2,thd_vs_drive.csv,0,thd_ratio,0.000935,0.000935,0.0
factory_2,thd_vs_drive.csv,0,thd_db,-60.584839,-60.584839,0.0
factory_2,thd_vs_drive.csv,0,broadband_hf_db,-82.681999,-82.681999,0.0
factory_2,thd_vs_drive.csv,1,sine_level_db,-18.0,-18.0,0.0
factory_2,thd_vs_drive.csv,1,thd_ratio,0.002233,0.002233,0.0
factory_2,thd_vs_drive.csv,1,thd_db,-53.022957,-53.022957,0.0
factory_2,thd_vs_drive.csv,1,broadband_hf_db,-82.684364,-82.684364,0.0
factory_2,thd_vs_drive.csv,2,sine_level_db,-12.0,-12.0,0.0
factory_2,thd_vs_drive.csv,2,thd_ratio,0.00593,0.00593,0.0
factory_2,thd_vs_drive.csv,2,thd_db,-44.538666,-44.538666,0.0
factory_2,thd_vs_drive.csv,2,broadband_hf_db,-82.678482,-82.678482,0.0
factory_2,thd_vs_drive.csv,3,sine_level_db,-6.0,-6.0,0.0
factory_2,thd_vs_drive.csv,3,thd_ratio,0.02718,0.02718,0.0
factory_2,thd_vs_drive.csv,3,thd_db,-31.315153,-31.315153,0.0
factory_2,thd_vs_drive.csv,3,broadband_hf_db,-82.337631,-82.337631,0.0
factory_2,thd_vs_drive.csv,4,sine_level_db,0.0,0.0,0.0
factory_2,thd_vs_drive.csv,4,thd_ratio,0.08036,0.08036,0.0
factory_2,thd_vs_drive.csv,4,thd_db,-21.89925,-21.89925,0.0
factory_2,thd_vs_drive.csv,4,broadband_hf_db,-82.160011,-82.160011,0.0
factory_3,summary.csv,average_tracked_notch_db,value,-6.682346,-6.682346,0.0
factory_3,summary.csv,deepest_tracked_notch_db,value,-9.659728,-9.659728,0.0
factory_3,summary.csv,guitar_broadband_hf_db,value,-79.526566,-79.526566,0.0
factory_3,summary.csv,guitar_lr_correlation,value,0.640929,0.640929,0.0
factory_3,summary.csv,guitar_mono_fold_db,value,-0.860553,-0.860553,0.0
factory_3,summary.csv,guitar_side_to_mid_db,value,-6.592686,-6.592686,0.0
factory_3,summary.csv,sweep_broadband_hf_db,value,-82.544128,-82.544128,0.0
factory_3,summary.csv,sweep_lr_correlation,value,0.851972,0.851972,0.0
factory_3,summary.csv,sweep_mono_fold_db,value,-0.333967,-0.333967,0.0
factory_3,summary.csv,sweep_side_to_mid_db,value,-10.972754,-10.972754,0.0
factory_3,summary.csv,tracked_notch_count,value,7.0,7.0,0.0
factory_3,summary.csv,tracked_notch_high_hz,value,4095.105469,4095.105469,0.0
factory_3,summary.csv,tracked_notch_low_hz,value,76.678787,76.678787,0.0
factory_3,summary.csv,tracked_notch_span_oct,value,5.738929,5.738929,0.0
factory_3,summary.csv,worst_thd_db,value,-22.315901,-22.315901,0.0
factory_3,frequency_response.csv,0,time_s,0.0,0.0,0.0
factory_3,frequency_response.csv,0,freq_hz,20.0,20.0,0.0
factory_3,frequency_response.csv,0,gain_db,-7.899848,-7.899848,0.0
factory_3,frequency_response.csv,1,time_s,0.067227,0.067227,0.0
factory_3,frequency_response.csv,1,freq_hz,21.104536,21.104536,0.0
factory_3,frequency_response.csv,1,gain_db,-2.848819,-2.848819,0.0
factory_3,frequency_response.csv,2,time_s,0.134454,0.134454,0.0
factory_3,frequency_response.csv,2,freq_hz,22.270071,22.270071,0.0
factory_3,frequency_response.csv,2,gain_db,-2.768983,-2.768983,0.0
factory_3,frequency_response.csv,3,time_s,0.201681,0.201681,0.0
factory_3,frequency_response.csv,3,freq_hz,23.499975,23.499975,0.0
factory_3,frequency_response.csv,3,gain_db,-2.565885,-2.565885,0.0
factory_3,frequency_response.csv,4,time_s,0.268908,0.268908,0.0
factory_3,frequency_response.csv,4,freq_hz,24.797804,24.797804,0.0
factory_3,frequency_response.csv,4,gain_db,-2.317437,-2.317437,0.0
factory_3,frequency_response.csv,5,time_s,0.336134,0.336134,0.0
factory_3,frequency_response.csv,5,freq_hz,26.167307,26.167307,0.0
factory_3,frequency_response.csv,5,gain_db,-2.16073,-2.16073,0.0
factory_3,frequency_response.csv,6,time_s,0.403361,0.403361,0.0
factory_3,frequency_response.csv,6,freq_hz,27.612442,27.612442,0.0
factory_3,frequency_response.csv,6,gain_db,-1.779073,-1.779073,0.0
factory_3,frequency_response.csv,7,time_s,0.470588,0.470588,0.0
factory_3,frequency_response.csv,7,freq_hz,29.13739,29.13739,0.0
factory_3,frequency_response.csv,7,gain_db,-1.773851,-1.773851,0.0
factory_3,frequency_response.csv,8,time_s,0.537815,0.537815,0.0
factory_3,frequency_response.csv,8,freq_hz,30.746555,30.746555,0.0
factory_3,frequency_response.csv,8,gain_db,-1.659802,-1.659802,0.0
factory_3,frequency_response.csv,9,time_s,0.605042,0.605042,0.0
factory_3,frequency_response.csv,9,freq_hz,32.444588,32.444588,0.0
factory_3,frequency_response.csv,9,gain_db,-1.624992,-1.624992,0.0
factory_3,frequency_response.csv,10,time_s,0.672269,0.672269,0.0
factory_3,frequency_response.csv,10,freq_hz,34.236401,34.236401,0.0
factory_3,frequency_response.csv,10,gain_db,-1.541872,-1.541872,0.0
factory_3,frequency_response.csv,11,time_s,0.739496,0.739496,0.0
factory_3,frequency_response.csv,11,freq_hz,36.127167,36.127167,0.0
factory_3,frequency_response.csv,11,gain_db,-1.577548,-1.577548,0.0
factory_3,frequency_response.csv,12,time_s,0.806723,0.806723,0.0
factory_3,frequency_response.csv,12,freq_hz,38.122353,38.122353,0.0
factory_3,frequency_response.csv,12,gain_db,-1.601713,-1.601713,0.0
factory_3,frequency_response.csv,13,time_s,0.87395,0.87395,0.0
factory_3,frequency_response.csv,13,freq_hz,40.22773,40.22773,0.0
factory_3,frequency_response.csv,13,gain_db,-1.609959,-1.609959,0.0
factory_3,frequency_response.csv,14,time_s,0.941177,0.941177,0.0
factory_3,frequency_response.csv,14,freq_hz,42.449379,42.449379,0.0
factory_3,frequency_response.csv,14,gain_db,-1.738709,-1.738709,0.0
factory_3,frequency_response.csv,15,time_s,1.008403,1.008403,0.0
factory_3,frequency_response.csv,15,freq_hz,44.79372,44.79372,0.0
factory_3,frequency_response.csv,15,gain_db,-1.879295,-1.879295,0.0
factory_3,frequency_response.csv,16,time_s,1.07563,1.07563,0.0
factory_3,frequency_response.csv,16,freq_hz,47.267536,47.267536,0.0
factory_3,frequency_response.csv,16,gain_db,-2.205629,-2.205629,0.0
factory_3,frequency_response.csv,17,time_s,1.142857,1.142857,0.0
factory_3,frequency_response.csv,17,freq_hz,49.877968,49.877968,0.0
factory_3,frequency_response.csv,17,gain_db,-2.464542,-2.464542,0.0
factory_3,frequency_response.csv,18,time_s,1.210084,1.210084,0.0
factory_3,frequency_response.csv,18,freq_hz,52.632568,52.632568,0.0
factory_3,frequency_response.csv,18,gain_db,-3.204334,-3.204334,0.0
factory_3,frequency_response.csv,19,time_s,1.277311,1.277311,0.0
factory_3,frequency_response.csv,19,freq_hz,55.539299,55.539299,0.0
factory_3,frequency_response.csv,19,gain_db,-4.307719,-4.307719,0.0
factory_3,frequency_response.csv,20,time_s,1.344538,1.344538,0.0
factory_3,frequency_response.csv,20,freq_hz,58.606552,58.606552,0.0
factory_3,frequency_response.csv,20,gain_db,-5.606804,-5.606804,0.0
factory_3,frequency_response.csv,21,time_s,1.411765,1.411765,0.0
factory_3,frequency_response.csv,21,freq_hz,61.843204,61.843204,0.0
factory_3,frequency_response.csv,21,gain_db,-7.117218,-7.117218,0.0
factory_3,frequency_response.csv,22,time_s,1.478992,1.478992,0.0
factory_3,frequency_response.csv,22,freq_hz,65.258606,65.258606,0.0
factory_3,frequency_response.csv,22,gain_db,-8.34514,-8.34514,0.0
factory_3,frequency_response.csv,23,time_s,1.546218,1.546218,0.0
factory_3,frequency_response.csv,23,freq_hz,68.862625,68.862625,0.0
factory_3,frequency_response.csv,23,gain_db,-9.184823,-9.184823,0.0
factory_3,frequency_response.csv,24,time_s,1.613445,1.613445,0.0
factory_3,frequency_response.csv,24,freq_hz,72.665695,72.665695,0.0
factory_3,frequency_response.csv,24,gain_db,-9.397724,-9.397724,0.0
factory_3,frequency_response.csv,25,time_s,1.680672,1.680672,0.0
factory_3,frequency_response.csv,25,freq_hz,76.678787,76.678787,0.0
factory_3,frequency_response.csv,25,gain_db,-9.457094,-9.457094,0.0
factory_3,frequency_response.csv,26,time_s,1.747899,1.747899,0.0
factory_3,frequency_response.csv,26,freq_hz,80.913506,80.913506,0.0
factory_3,frequency_response.csv,26,gain_db,-9.247482,-9.247482,0.0
factory_3,frequency_response.csv,27,time_s,1.815126,1.815126,0.0
factory_3,frequency_response.csv,27,freq_hz,85.382095,85.382095,0.0
factory_3,frequency_response.csv,27,gain_db,-8.815877,-8.815877,0.0
factory_3,frequency_response.csv,28,time_s,1.882353,1.882353,0.0
factory_3,frequency_response.csv,28,freq_hz,90.097488,90.097488,0.0
factory_3,frequency_response.csv,28,gain_db,-8.153373,-8.153373,0.0
factory_3,frequency_response.csv,29,time_s,1.94958,1.94958,0.0
factory_3,frequency_response.csv,29,freq_hz,95.073273,95.073273,0.0
factory_3,frequency_response.csv,29,gain_db,-7.20866,-7.20866,0.0
factory_3,frequency_response.csv,30,time_s,2.016807,2.016807,0.0
factory_3,frequency_response.csv,30,freq_hz,100.323875,100.323875,0.0
factory_3,frequency_response.csv,30,gain_db,-6.592904,-6.592904,0.0
factory_3,frequency_response.csv,31,time_s,2.084034,2.084034,0.0
factory_3,frequency_response.csv,31,freq_hz,105.864441,105.864441,0.0
factory_3,frequency_response.csv,31,gain_db,-6.059113,-6.059113,0.0
factory_3,frequency_response.csv,32,time_s,2.151261,2.151261,0.0
factory_3,frequency_response.csv,32,freq_hz,111.710999,111.710999,0.0
factory_3,frequency_response.csv,32,gain_db,-5.781146,-5.781146,0.0
factory_3,frequency_response.csv,33,time_s,2.218488,2.218488,0.0
factory_3,frequency_response.csv,33,freq_hz,117.880432,117.880432,0.0
factory_3,frequency_response.csv,33,gain_db,-5.609962,-5.609962,0.0
factory_3,frequency_response.csv,34,time_s,2.285714,2.285714,0.0
factory_3,frequency_response.csv,34,freq_hz,124.390594,124.390594,0.0
factory_3,frequency_response.csv,34,gain_db,-5.666689,-5.666689,0.0
factory_3,frequency_response.csv,35,time_s,2.352941,2.352941,0.0
factory_3,frequency_response.csv,35,freq_hz,131.260284,131.260284,0.0
factory_3,frequency_response.csv,35,gain_db,-6.043133,-6.043133,0.0
factory_3,frequency_response.csv,36,time_s,2.420168,2.420168,0.0
factory_3,frequency_response.csv,36,freq_hz,138.509369,138.509369,0.0
factory_3,frequency_response.csv,36,gain_db,-6.421413,-6.421413,0.0
factory_3,frequency_response.csv,37,time_s,2.487395,2.487395,0.0
factory_3,frequency_response.csv,37,freq_hz,146.158783,146.158783,0.0
factory_3,frequency_response.csv,37,gain_db,-7.013321,-7.013321,0.0
factory_3,frequency_response.csv,38,time_s,2.554622,2.554622,0.0
factory_3,frequency_response.csv,38,freq_hz,154.230667,154.230667,0.0
factory_3,frequency_response.csv,38,gain_db,-7.700495,-7.700495,0.0
factory_3,frequency_response.csv,39,time_s,2.621849,2.621849,0.0
factory_3,frequency_response.csv,39,freq_hz,162.748337,162.748337,0.0
factory_3,frequency_response.csv,39,gain_db,-8.658959,-8.658959,0.0
factory_3,frequency_response.csv,40,time_s,2.689076,2.689076,0.0
factory_3,frequency_response.csv,40,freq_hz,171.73642,171.73642,0.0
factory_3,frequency_response.csv,40,gain_db,-9.490052,-9.490052,0.0
factory_3,frequency_response.csv,41,time_s,2.756303,2.756303,0.0
factory_3,frequency_response.csv,41,freq_hz,181.220856,181.220856,0.0
factory_3,frequency_response.csv,41,gain_db,-9.571331,-9.571331,0.0
factory_3,frequency_response.csv,42,time_s,2.823529,2.823529,0.0
factory_3,frequency_response.csv,42,freq_hz,191.229095,191.229095,0.0
factory_3,frequency_response.csv,42,gain_db,-8.431559,-8.431559,0.0
factory_3,frequency_response.csv,43,time_s,2.890756,2.890756,0.0
factory_3,frequency_response.csv,43,freq_hz,201.79007,201.79007,0.0
factory_3,frequency_response.csv,43,gain_db,-6.635981,-6.635981,0.0
factory_3,frequency_response.csv,44,time_s,2.957983,2.957983,0.0
factory_3,frequency_response.csv,44,freq_hz,212.93428,212.93428,0.0
factory_3,frequency_response.csv,44,gain_db,-4.775392,-4.775392,0.0
factory_3,frequency_response.csv,45,time_s,3.02521,3.02521,0.0
factory_3,frequency_response.csv,45,freq_hz,224.69397,224.69397,0.0
factory_3,frequency_response.csv,45,gain_db,-3.432934,-3.432934,0.0
factory_3,frequency_response.csv,46,time_s,3.092437,3.092437,0.0
factory_3,frequency_response.csv,46,freq_hz,237.103104,237.103104,0.0
factory_3,frequency_response.csv,46,gain_db,-2.59842,-2.59842,0.0
factory_3,frequency_response.csv,47,time_s,3.159664,3.159664,0.0
factory_3,frequency_response.csv,47,freq_hz,250.19754,250.19754,0.0
factory_3,frequency_response.csv,47,gain_db,-2.170452,-2.170452,0.0
factory_3,frequency_response.csv,48,time_s,3.226891,3.226891,0.0
factory_3,frequency_response.csv,48,freq_hz,264.015137,264.015137,0.0
factory_3,frequency_response.csv,48,gain_db,-2.15992,-2.15992,0.0
factory_3,frequency_response.csv,49,time_s,3.294118,3.294118,0.0
factory_3,frequency_response.csv,49,freq_hz,278.595856,278.595856,0.0
factory_3,frequency_response.csv,49,gain_db,-2.41652,-2.41652,0.0
factory_3,frequency_response.csv,50,time_s,3.361345,3.361345,0.0
factory_3,frequency_response.csv,50,freq_hz,293.981812,293.981812,0.0
factory_3,frequency_response.csv,50,gain_db,-2.951931,-2.951931,0.0
factory_3,frequency_response.csv,51,time_s,3.428571,3.428571,0.0
factory_3,frequency_response.csv,51,freq_hz,310.217468,310.217468,0.0
factory_3,frequency_response.csv,51,gain_db,-3.70741,-3.70741,0.0
factory_3,frequency_response.csv,52,time_s,3.495798,3.495798,0.0
factory_3,frequency_response.csv,52,freq_hz,327.349792,327.349792,0.0
factory_3,frequency_response.csv,52,gain_db,-4.639449,-4.639449,0.0
factory_3,frequency_response.csv,53,time_s,3.563025,3.563025,0.0
factory_3,frequency_response.csv,53,freq_hz,345.428284,345.428284,0.0
factory_3,frequency_response.csv,53,gain_db,-5.502625,-5.502625,0.0
factory_3,frequency_response.csv,54,time_s,3.630252,3.630252,0.0
factory_3,frequency_response.csv,54,freq_hz,364.505157,364.505157,0.0
factory_3,frequency_response.csv,54,gain_db,-6.215063,-6.215063,0.0
factory_3,frequency_response.csv,55,time_s,3.697479,3.697479,0.0
factory_3,frequency_response.csv,55,freq_hz,384.63562,384.63562,0.0
factory_3,frequency_response.csv,55,gain_db,-6.695662,-6.695662,0.0
factory_3,frequency_response.csv,56,time_s,3.764706,3.764706,0.0
factory_3,frequency_response.csv,56,freq_hz,405.877808,405.877808,0.0
factory_3,frequency_response.csv,56,gain_db,-6.843217,-6.843217,0.0
factory_3,frequency_response.csv,57,time_s,3.831933,3.831933,0.0
factory_3,frequency_response.csv,57,freq_hz,428.293121,428.293121,0.0
factory_3,frequency_response.csv,57,gain_db,-6.777455,-6.777455,0.0
factory_3,frequency_response.csv,58,time_s,3.89916,3.89916,0.0
factory_3,frequency_response.csv,58,freq_hz,451.946381,451.946381,0.0
factory_3,frequency_response.csv,58,gain_db,-6.571151,-6.571151,0.0
factory_3,frequency_response.csv,59,time_s,3.966387,3.966387,0.0
factory_3,frequency_response.csv,59,freq_hz,476.905945,476.905945,0.0
factory_3,frequency_response.csv,59,gain_db,-6.379041,-6.379041,0.0
factory_3,frequency_response.csv,60,time_s,4.033614,4.033614,0.0
factory_3,frequency_response.csv,60,freq_hz,503.244019,503.244019,0.0
factory_3,frequency_response.csv,60,gain_db,-5.85823,-5.85823,0.0
factory_3,frequency_response.csv,61,time_s,4.100841,4.100841,0.0
factory_3,frequency_response.csv,61,freq_hz,531.03656,531.03656,0.0
factory_3,frequency_response.csv,61,gain_db,-5.062869,-5.062869,0.0
factory_3,frequency_response.csv,62,time_s,4.168067,4.168067,0.0
factory_3,frequency_response.csv,62,freq_hz,560.364014,560.364014,0.0
factory_3,frequency_response.csv,62,gain_db,-4.145852,-4.145852,0.0
factory_3,frequency_response.csv,63,time_s,4.235294,4.235294,0.0
factory_3,frequency_response.csv,63,freq_hz,591.311096,591.311096,0.0
factory_3,frequency_response.csv,63,gain_db,-3.099872,-3.099872,0.0
factory_3,frequency_response.csv,64,time_s,4.302521,4.302521,0.0
factory_3,frequency_response.csv,64,freq_hz,623.967346,623.967346,0.0
factory_3,frequency_response.csv,64,gain_db,-2.057527,-2.057527,0.0
factory_3,frequency_response.csv,65,time_s,4.369748,4.369748,0.0
factory_3,frequency_response.csv,65,freq_hz,658.427063,658.427063,0.0
factory_3,frequency_response.csv,65,gain_db,-1.17124,-1.17124,0.0
factory_3,frequency_response.csv,66,time_s,4.436975,4.436975,0.0
factory_3,frequency_response.csv,66,freq_hz,694.789795,694.789795,0.0
factory_3,frequency_response.csv,66,gain_db,-0.938058,-0.938058,0.0
factory_3,frequency_response.csv,67,time_s,4.504202,4.504202,0.0
factory_3,frequency_response.csv,67,freq_hz,733.160889,733.160889,0.0
factory_3,frequency_response.csv,67,gain_db,-0.960368,-0.960368,0.0
factory_3,frequency_response.csv,68,time_s,4.571429,4.571429,0.0
factory_3,frequency_response.csv,68,freq_hz,773.651001,773.651001,0.0
factory_3,frequency_response.csv,68,gain_db,-1.122118,-1.122118,0.0
factory_3,frequency_response.csv,69,time_s,4.638656,4.638656,0.0
factory_3,frequency_response.csv,69,freq_hz,816.377197,816.377197,0.0
factory_3,frequency_response.csv,69,gain_db,-1.630079,-1.630079,0.0
factory_3,frequency_response.csv,70,time_s,4.705883,4.705883,0.0
factory_3,frequency_response.csv,70,freq_hz,861.463074,861.463074,0.0
factory_3,frequency_response.csv,70,gain_db,-2.116997,-2.116997,0.0
factory_3,frequency_response.csv,71,time_s,4.773109,4.773109,0.0
factory_3,frequency_response.csv,71,freq_hz,909.03894,909.03894,0.0
factory_3,frequency_response.csv,71,gain_db,-2.260009,-2.260009,0.0
factory_3,frequency_response.csv,72,time_s,4.840336,4.840336,0.0
factory_3,frequency_response.csv,72,freq_hz,959.242249,959.242249,0.0
factory_3,frequency_response.csv,72,gain_db,-2.054193,-2.054193,0.0
factory_3,frequency_response.csv,73,time_s,4.907563,4.907563,0.0
factory_3,frequency_response.csv,73,freq_hz,1012.218079,1012.218079,0.0
factory_3,frequency_response.csv,73,gain_db,-1.673388,-1.673388,0.0
factory_3,frequency_response.csv,74,time_s,4.97479,4.97479,0.0
factory_3,frequency_response.csv,74,freq_hz,1068.119629,1068.119629,0.0
factory_3,frequency_response.csv,74,gain_db,-1.307986,-1.307986,0.0
factory_3,frequency_response.csv,75,time_s,5.042017,5.042017,0.0
factory_3,frequency_response.csv,75,freq_hz,1127.108398,1127.108398,0.0
factory_3,frequency_response.csv,75,gain_db,-1.143344,-1.143344,0.0
factory_3,frequency_response.csv,76,time_s,5.109244,5.109244,0.0
factory_3,frequency_response.csv,76,freq_hz,1189.355103,1189.355103,0.0
factory_3,frequency_response.csv,76,gain_db,-1.083322,-1.083322,0.0
factory_3,frequency_response.csv,77,time_s,5.176471,5.176471,0.0
factory_3,frequency_response.csv,77,freq_hz,1255.039307,1255.039307,0.0
factory_3,frequency_response.csv,77,gain_db,-0.944666,-0.944666,0.0
factory_3,frequency_response.csv,78,time_s,5.243698,5.243698,0.0
factory_3,frequency_response.csv,78,freq_hz,1324.351074,1324.351074,0.0
factory_3,frequency_response.csv,78,gain_db,-0.954984,-0.954984,0.0
factory_3,frequency_response.csv,79,time_s,5.310925,5.310925,0.0
factory_3,frequency_response.csv,79,freq_hz,1397.490845,1397.490845,0.0
factory_3,frequency_response.csv,79,gain_db,-0.952937,-0.952937,0.0
factory_3,frequency_response.csv,80,time_s,5.378151,5.378151,0.0
factory_3,frequency_response.csv,80,freq_hz,1474.669678,1474.669678,0.0
factory_3,frequency_response.csv,80,gain_db,-0.937355,-0.937355,0.0
factory_3,frequency_response.csv,81,time_s,5.445378,5.445378,0.0
factory_3,frequency_response.csv,81,freq_hz,1556.110962,1556.110962,0.0
factory_3,frequency_response.csv,81,gain_db,-0.916338,-0.916338,0.0
factory_3,frequency_response.csv,82,time_s,5.512605,5.512605,0.0
factory_3,frequency_response.csv,82,freq_hz,1642.050049,1642.050049,0.0
factory_3,frequency_response.csv,82,gain_db,-0.900656,-0.900656,0.0
factory_3,frequency_response.csv,83,time_s,5.579832,5.579832,0.0
factory_3,frequency_response.csv,83,freq_hz,1732.735107,1732.735107,0.0
factory_3,frequency_response.csv,83,gain_db,-0.957018,-0.957018,0.0
factory_3,frequency_response.csv,84,time_s,5.647059,5.647059,0.0
factory_3,frequency_response.csv,84,freq_hz,1828.428467,1828.428467,0.0
factory_3,frequency_response.csv,84,gain_db,-1.193316,-1.193316,0.0
factory_3,frequency_response.csv,85,time_s,5.714286,5.714286,0.0
factory_3,frequency_response.csv,85,freq_hz,1929.406738,1929.406738,0.0
factory_3,frequency_response.csv,85,gain_db,-1.645985,-1.645985,0.0
factory_3,frequency_response.csv,86,time_s,5.781513,5.781513,0.0
factory_3,frequency_response.csv,86,freq_hz,2035.96167,2035.96167,0.0
factory_3,frequency_response.csv,86,gain_db,-2.428495,-2.428495,0.0
factory_3,frequency_response.csv,87,time_s,5.84874,5.84874,0.0
factory_3,frequency_response.csv,87,freq_hz,2148.401367,2148.401367,0.0
factory_3,frequency_response.csv,87,gain_db,-3.681028,-3.681028,0.0
factory_3,frequency_response.csv,88,time_s,5.915967,5.915967,0.0
factory_3,frequency_response.csv,88,freq_hz,2267.050537,2267.050537,0.0
factory_3,frequency_response.csv,88,gain_db,-5.437312,-5.437312,0.0
factory_3,frequency_response.csv,89,time_s,5.983193,5.983193,0.0
factory_3,frequency_response.csv,89,freq_hz,2392.252441,2392.252441,0.0
factory_3,frequency_response.csv,89,gain_db,-7.452554,-7.452554,0.0
factory_3,frequency_response.csv,90,time_s,6.05042,6.05042,0.0
factory_3,frequency_response.csv,90,freq_hz,2524.368896,2524.368896,0.0
factory_3,frequency_response.csv,90,gain_db,-9.104613,-9.104613,0.0
factory_3,frequency_response.csv,91,time_s,6.117647,6.117647,0.0
factory_3,frequency_response.csv,91,freq_hz,2663.781738,2663.781738,0.0
factory_3,frequency_response.csv,91,gain_db,-9.659728,-9.659728,0.0
factory_3,frequency_response.csv,92,time_s,6.184874,6.184874,0.0
factory_3,frequency_response.csv,92,freq_hz,2810.893799,2810.893799,0.0
factory_3,frequency_response.csv,92,gain_db,-8.970843,-8.970843,0.0
factory_3,frequency_response.csv,93,time_s,6.252101,6.252101,0.0
factory_3,frequency_response.csv,93,freq_hz,2966.130371,2966.130371,0.0
factory_3,frequency_response.csv,93,gain_db,-7.982299,-7.982299,0.0
factory_3,frequency_response.csv,94,time_s,6.319328,6.319328,0.0
factory_3,frequency_response.csv,94,freq_hz,3129.94043,3129.94043,0.0
factory_3,frequency_response.csv,94,gain_db,-7.439633,-7.439633,0.0
factory_3,frequency_response.csv,95,time_s,6.386555,6.386555,0.0
factory_3,frequency_response.csv,95,freq_hz,3302.796875,3302.796875,0.0
factory_3,frequency_response.csv,95,gain_db,-7.479101,-7.479101,0.0
factory_3,frequency_response.csv,96,time_s,6.453782,6.453782,0.0
factory_3,frequency_response.csv,96,freq_hz,3485.199951,3485.199951,0.0
factory_3,frequency_response.csv,96,gain_db,-7.792192,-7.792192,0.0
factory_3,frequency_response.csv,97,time_s,6.521008,6.521008,0.0
factory_3,frequency_response.csv,97,freq_hz,3677.676025,3677.676025,0.0
factory_3,frequency_response.csv,97,gain_db,-7.867777,-7.867777,0.0
factory_3,frequency_response.csv,98,time_s,6.588235,6.588235,0.0
factory_3,frequency_response.csv,98,freq_hz,3880.782471,3880.782471,0.0
factory_3,frequency_response.csv,98,gain_db,-7.971276,-7.971276,0.0
factory_3,frequency_response.csv,99,time_s,6.655462,6.655462,0.0
factory_3,frequency_response.csv,99,freq_hz,4095.105469,4095.105469,0.0
factory_3,frequency_response.csv,99,gain_db,-8.030061,-8.030061,0.0
factory_3,frequency_response.csv,100,time_s,6.722689,6.722689,0.0
factory_3,frequency_response.csv,100,freq_hz,4321.265137,4321.265137,0.0
factory_3,frequency_response.csv,100,gain_db,-7.976342,-7.976342,0.0
factory_3,frequency_response.csv,101,time_s,6.789916,6.789916,0.0
factory_3,frequency_response.csv,101,freq_hz,4559.914551,4559.914551,0.0
factory_3,frequency_response.csv,101,gain_db,-7.81077,-7.81077,0.0
factory_3,frequency_response.csv,102,time_s,6.857143,6.857143,0.0
factory_3,frequency_response.csv,102,freq_hz,4811.744141,4811.744141,0.0
factory_3,frequency_response.csv,102,gain_db,-7.551599,-7.551599,0.0
factory_3,frequency_response.csv,103,time_s,6.92437,6.92437,0.0
factory_3,frequency_response.csv,103,freq_hz,5077.481445,5077.481445,0.0
factory_3,frequency_response.csv,103,gain_db,-7.188997,-7.188997,0.0
factory_3,frequency_response.csv,104,time_s,6.991597,6.991597,0.0
factory_3,frequency_response.csv,104,freq_hz,5357.894531,5357.894531,0.0
factory_3,frequency_response.csv,104,gain_db,-6.695936,-6.695936,0.0
factory_3,frequency_response.csv,105,time_s,7.058824,7.058824,0.0
factory_3,frequency_response.csv,105,freq_hz,5653.793457,5653.793457,0.0
factory_3,frequency_response.csv,105,gain_db,-6.05599,-6.05599,0.0
factory_3,frequency_response.csv,106,time_s,7.12605,7.12605,0.0
factory_3,frequency_response.csv,106,freq_hz,5966.034668,5966.034668,0.0
factory_3,frequency_response.csv,106,gain_db,-5.328258,-5.328258,0.0
factory_3,frequency_response.csv,107,time_s,7.193277,7.193277,0.0
factory_3,frequency_response.csv,107,freq_hz,6295.519531,6295.519531,0.0
factory_3,frequency_response.csv,107,gain_db,-4.546243,-4.546243,0.0
factory_3,frequency_response.csv,108,time_s,7.260504,7.260504,0.0
factory_3,frequency_response.csv,108,freq_hz,6643.200684,6643.200684,0.0
factory_3,frequency_response.csv,108,gain_db,-3.789817,-3.789817,0.0
factory_3,frequency_response.csv,109,time_s,7.327731,7.327731,0.0
factory_3,frequency_response.csv,109,freq_hz,7010.083008,7010.083008,0.0
factory_3,frequency_response.csv,109,gain_db,-3.149475,-3.149475,0.0
factory_3,frequency_response.csv,110,time_s,7.394958,7.394958,0.0
factory_3,frequency_response.csv,110,freq_hz,7397.227539,7397.227539,0.0
factory_3,frequency_response.csv,110,gain_db,-2.692196,-2.692196,0.0
factory_3,frequency_response.csv,111,time_s,7.462185,7.462185,0.0
factory_3,frequency_response.csv,111,freq_hz,7805.752441,7805.752441,0.0
factory_3,frequency_response.csv,111,gain_db,-2.431087,-2.431087,0.0
factory_3,frequency_response.csv,112,time_s,7.529412,7.529412,0.0
factory_3,frequency_response.csv,112,freq_hz,8236.839844,8236.839844,0.0
factory_3,frequency_response.csv,112,gain_db,-2.343756,-2.343756,0.0
factory_3,frequency_response.csv,113,time_s,7.596639,7.596639,0.0
factory_3,frequency_response.csv,113,freq_hz,8691.733398,8691.733398,0.0
factory_3,frequency_response.csv,113,gain_db,-2.37931,-2.37931,0.0
factory_3,frequency_response.csv,114,time_s,7.663866,7.663866,0.0
factory_3,frequency_response.csv,114,freq_hz,9171.75,9171.75,0.0
factory_3,frequency_response.csv,114,gain_db,-2.493658,-2.493658,0.0
factory_3,frequency_response.csv,115,time_s,7.731092,7.731092,0.0
factory_3,frequency_response.csv,115,freq_hz,9678.276367,9678.276367,0.0
factory_3,frequency_response.csv,115,gain_db,-2.70523,-2.70523,0.0
factory_3,frequency_response.csv,116,time_s,7.798319,7.798319,0.0
factory_3,frequency_response.csv,116,freq_hz,10212.776367,10212.776367,0.0
factory_3,frequency_response.csv,116,gain_db,-2.944502,-2.944502,0.0
factory_3,frequency_response.csv,117,time_s,7.865546,7.865546,0.0
factory_3,frequency_response.csv,117,freq_hz,10776.795898,10776.795898,0.0
factory_3,frequency_response.csv,117,gain_db,-3.12293,-3.12293,0.0
factory_3,frequency_response.csv,118,time_s,7.932773,7.932773,0.0
factory_3,frequency_response.csv,118,freq_hz,11371.962891,11371.962891,0.0
factory_3,frequency_response.csv,118,gain_db,-3.216873,-3.216873,0.0
factory_3,frequency_response.csv,119,time_s,8.0,8.0,0.0
factory_3,frequency_response.csv,119,freq_hz,12000.0,12000.0,0.0
factory_3,frequency_response.csv,119,gain_db,-3.250722,-3.250722,0.0
factory_3,notch_tracking.csv,0,time_s,1.680672,1.680672,0.0
factory_3,notch_tracking.csv,0,freq_hz,76.678787,76.678787,0.0
factory_3,notch_tracking.csv,0,notch_depth_db,-9.457094,-9.457094,0.0
factory_3,notch_tracking.csv,1,time_s,2.756303,2.756303,0.0
factory_3,notch_tracking.csv,1,freq_hz,181.220856,181.220856,0.0
factory_3,notch_tracking.csv,1,notch_depth_db,-9.571331,-9.571331,0.0
factory_3,notch_tracking.csv,2,time_s,3.764706,3.764706,0.0
factory_3,notch_tracking.csv,2,freq_hz,405.877808,405.877808,0.0
factory_3,notch_tracking.csv,2,notch_depth_db,-6.843217,-6.843217,0.0
factory_3,notch_tracking.csv,3,time_s,4.773109,4.773109,0.0
factory_3,notch_tracking.csv,3,freq_hz,909.03894,909.03894,0.0
factory_3,notch_tracking.csv,3,notch_depth_db,-2.260009,-2.260009,0.0
factory_3,notch_tracking.csv,4,time_s,5.243698,5.243698,0.0
factory_3,notch_tracking.csv,4,freq_hz,1324.351074,1324.351074,0.0
factory_3,notch_tracking.csv,4,notch_depth_db,-0.954984,-0.954984,0.0
factory_3,notch_tracking.csv,5,time_s,6.117647,6.117647,0.0
factory_3,notch_tracking.csv,5,freq_hz,2663.781738,2663.781738,0.0
factory_3,notch_tracking.csv,5,notch_depth_db,-9.659728,-9.659728,0.0
factory_3,notch_tracking.csv,6,time_s,6.655462,6.655462,0.0
factory_3,notch_tracking.csv,6,freq_hz,4095.105469,4095.105469,0.0
factory_3,notch_tracking.csv,6,notch_depth_db,-8.030061,-8.030061,0.0
factory_3,thd_vs_drive.csv,0,sine_level_db,-24.0,-24.0,0.0
factory_3,thd_vs_drive.csv,0,thd_ratio,0.000659,0.000659,0.0
factory_3,thd_vs_drive.csv,0,thd_db,-63.626194,-63.626194,0.0
factory_3,thd_vs_drive.csv,0,broadband_hf_db,-82.684212,-82.684212,0.0
factory_3,thd_vs_drive.csv,1,sine_level_db,-18.0,-18.0,0.0
factory_3,thd_vs_drive.csv,1,thd_ratio,0.002191,0.002191,0.0
factory_3,thd_vs_drive.csv,1,thd_db,-53.186676,-53.186676,0.0
factory_3,thd_vs_drive.csv,1,broadband_hf_db,-82.686981,-82.686981,0.0
factory_3,thd_vs_drive.csv,2,sine_level_db,-12.0,-12.0,0.0
factory_3,thd_vs_drive.csv,2,thd_ratio,0.008141,0.008141,0.0
factory_3,thd_vs_drive.csv,2,thd_db,-41.785999,-41.785999,0.0
factory_3,thd_vs_drive.csv,2,broadband_hf_db,-82.6912,-82.6912,0.0
factory_3,thd_vs_drive.csv,3,sine_level_db,-6.0,-6.0,0.0
factory_3,thd_vs_drive.csv,3,thd_ratio,0.030189,0.030189,0.0
factory_3,thd_vs_drive.csv,3,thd_db,-30.403133,-30.403133,0.0
factory_3,thd_vs_drive.csv,3,broadband_hf_db,-82.684029,-82.684029,0.0
factory_3,thd_vs_drive.csv,4,sine_level_db,0.0,0.0,0.0
factory_3,thd_vs_drive.csv,4,thd_ratio,0.076596,0.076596,0.0
factory_3,thd_vs_drive.csv,4,thd_db,-22.315901,-22.315901,0.0
factory_3,thd_vs_drive.csv,4,broadband_hf_db,-82.288902,-82.288902,0.0
factory_4,summary.csv,average_tracked_notch_db,value,-5.353136,-5.353136,0.0
factory_4,summary.csv,deepest_tracked_notch_db,value,-7.944771,-7.944771,0.0
factory_4,summary.csv,guitar_broadband_hf_db,value,-79.829399,-79.829399,0.0
factory_4,summary.csv,guitar_lr_correlation,value,0.970025,0.970025,0.0
factory_4,summary.csv,guitar_mono_fold_db,value,-0.065694,-0.065694,0.0
factory_4,summary.csv,guitar_side_to_mid_db,value,-18.169683,-18.169683,0.0
factory_4,summary.csv,sweep_broadband_hf_db,value,-82.542747,-82.542747,0.0
factory_4,summary.csv,sweep_lr_correlation,value,0.985195,0.985195,0.0
factory_4,summary.csv,sweep_mono_fold_db,value,-0.032268,-0.032268,0.0
factory_4,summary.csv,sweep_side_to_mid_db,value,-21.273996,-21.273996,0.0
factory_4,summary.csv,tracked_notch_count,value,12.0,12.0,0.0
factory_4,summary.csv,tracked_notch_high_hz,value,4559.914551,4559.914551,0.0
factory_4,summary.csv,tracked_notch_low_hz,value,26.167307,26.167307,0.0
factory_4,summary.csv,tracked_notch_span_oct,value,7.445097,7.445097,0.0
factory_4,summary.csv,worst_thd_db,value,-22.732674,-22.732674,0.0
factory_4,frequency_response.csv,0,time_s,0.0,0.0,0.0
factory_4,frequency_response.csv,0,freq_hz,20.0,20.0,0.0
factory_4,frequency_response.csv,0,gain_db,-7.744313,-7.744313,0.0
factory_4,frequency_response.csv,1,time_s,0.067227,0.067227,0.0
factory_4,frequency_response.csv,1,freq_hz,21.104536,21.104536,0.0
factory_4,frequency_response.csv,1,gain_db,-3.682243,-3.682243,0.0
factory_4,frequency_response.csv,2,time_s,0.134454,0.134454,0.0
factory_4,frequency_response.csv,2,freq_hz,22.270071,22.270071,0.0
factory_4,frequency_response.csv,2,gain_db,-3.59937,-3.59937,0.0
factory_4,frequency_response.csv,3,time_s,0.201681,0.201681,0.0
factory_4,frequency_response.csv,3,freq_hz,23.499975,23.499975,0.0
factory_4,frequency_response.csv,3,gain_db,-3.512512,-3.512512,0.0
factory_4,frequency_response.csv,4,time_s,0.268908,0.268908,0.0
factory_4,frequency_response.csv,4,freq_hz,24.797804,24.797804,0.0
factory_4,frequency_response.csv,4,gain_db,-3.123542,-3.123542,0.0
factory_4,frequency_response.csv,5,time_s,0.336134,0.336134,0.0
factory_4,frequency_response.csv,5,freq_hz,26.167307,26.167307,0.0
factory_4,frequency_response.csv,5,gain_db,-3.169479,-3.169479,0.0
factory_4,frequency_response.csv,6,time_s,0.403361,0.403361,0.0
factory_4,frequency_response.csv,6,freq_hz,27.612442,27.612442,0.0
factory_4,frequency_response.csv,6,gain_db,-2.885175,-2.885175,0.0
factory_4,frequency_response.csv,7,time_s,0.470588,0.470588,0.0
factory_4,frequency_response.csv,7,freq_hz,29.13739,29.13739,0.0
factory_4,frequency_response.csv,7,gain_db,-3.09554,-3.09554,0.0
factory_4,frequency_response.csv,8,time_s,0.537815,0.537815,0.0
factory_4,frequency_response.csv,8,freq_hz,30.746555,30.746555,0.0
factory_4,frequency_response.csv,8,gain_db,-3.039624,-3.039624,0.0
factory_4,frequency_response.csv,9,time_s,0.605042,0.605042,0.0
factory_4,frequency_response.csv,9,freq_hz,32.444588,32.444588,0.0
factory_4,frequency_response.csv,9,gain_db,-3.078283,-3.078283,0.0
factory_4,frequency_response.csv,10,time_s,0.672269,0.672269,0.0
factory_4,frequency_response.csv,10,freq_hz,34.236401,34.236401,0.0
factory_4,frequency_response.csv,10,gain_db,-3.136531,-3.136531,0.0
factory_4,frequency_response.csv,11,time_s,0.739496,0.739496,0.0
factory_4,frequency_response.csv,11,freq_hz,36.127167,36.127167,0.0
factory_4,frequency_response.csv,11,gain_db,-3.456052,-3.456052,0.0
factory_4,frequency_response.csv,12,time_s,0.806723,0.806723,0.0
factory_4,frequency_response.csv,12,freq_hz,38.122353,38.122353,0.0
factory_4,frequency_response.csv,12,gain_db,-3.893627,-3.893627,0.0
factory_4,frequency_response.csv,13,time_s,0.87395,0.87395,0.0
factory_4,frequency_response.csv,13,freq_hz,40.22773,40.22773,0.0
factory_4,frequency_response.csv,13,gain_db,-4.496105,-4.496105,0.0
factory_4,frequency_response.csv,14,time_s,0.941177,0.941177,0.0
factory_4,frequency_response.csv,14,freq_hz,42.449379,42.449379,0.0
factory_4,frequency_response.csv,14,gain_db,-4.864835,-4.864835,0.0
factory_4,frequency_response.csv,15,time_s,1.008403,1.008403,0.0
factory_4,frequency_response.csv,15,freq_hz,44.79372,44.79372,0.0
factory_4,frequency_response.csv,15,gain_db,-4.907244,-4.907244,0.0
factory_4,frequency_response.csv,16,time_s,1.07563,1.07563,0.0
factory_4,frequency_response.csv,16,freq_hz,47.267536,47.267536,0.0
factory_4,frequency_response.csv,16,gain_db,-4.668806,-4.668806,0.0
factory_4,frequency_response.csv,17,time_s,1.142857,1.142857,0.0
factory_4,frequency_response.csv,17,freq_hz,49.877968,49.877968,0.0
factory_4,frequency_response.csv,17,gain_db,-4.132676,-4.132676,0.0
factory_4,frequency_response.csv,18,time_s,1.210084,1.210084,0.0
factory_4,frequency_response.csv,18,freq_hz,52.632568,52.632568,0.0
factory_4,frequency_response.csv,18,gain_db,-3.81848,-3.81848,0.0
factory_4,frequency_response.csv,19,time_s,1.277311,1.277311,0.0
factory_4,frequency_response.csv,19,freq_hz,55.539299,55.539299,0.0
factory_4,frequency_response.csv,19,gain_db,-3.644015,-3.644015,0.0
factory_4,frequency_response.csv,20,time_s,1.344538,1.344538,0.0
factory_4,frequency_response.csv,20,freq_hz,58.606552,58.606552,0.0
factory_4,frequency_response.csv,20,gain_db,-3.585015,-3.585015,0.0
factory_4,frequency_response.csv,21,time_s,1.411765,1.411765,0.0
factory_4,frequency_response.csv,21,freq_hz,61.843204,61.843204,0.0
factory_4,frequency_response.csv,21,gain_db,-3.716685,-3.716685,0.0
factory_4,frequency_response.csv,22,time_s,1.478992,1.478992,0.0
factory_4,frequency_response.csv,22,freq_hz,65.258606,65.258606,0.0
factory_4,frequency_response.csv,22,gain_db,-3.942621,-3.942621,0.0
factory_4,frequency_response.csv,23,time_s,1.546218,1.546218,0.0
factory_4,frequency_response.csv,23,freq_hz,68.862625,68.862625,0.0
factory_4,frequency_response.csv,23,gain_db,-4.44361,-4.44361,0.0
factory_4,frequency_response.csv,24,time_s,1.613445,1.613445,0.0
factory_4,frequency_response.csv,24,freq_hz,72.665695,72.665695,0.0
factory_4,frequency_response.csv,24,gain_db,-5.015905,-5.015905,0.0
factory_4,frequency_response.csv,25,time_s,1.680672,1.680672,0.0
factory_4,frequency_response.csv,25,freq_hz,76.678787,76.678787,0.0
factory_4,frequency_response.csv,25,gain_db,-6.037378,-6.037378,0.0
factory_4,frequency_response.csv,26,time_s,1.747899,1.747899,0.0
factory_4,frequency_response.csv,26,freq_hz,80.913506,80.913506,0.0
factory_4,frequency_response.csv,26,gain_db,-6.919965,-6.919965,0.0
factory_4,frequency_response.csv,27,time_s,1.815126,1.815126,0.0
factory_4,frequency_response.csv,27,freq_hz,85.382095,85.382095,0.0
factory_4,frequency_response.csv,27,gain_db,-7.497507,-7.497507,0.0
factory_4,frequency_response.csv,28,time_s,1.882353,1.882353,0.0
factory_4,frequency_response.csv,28,freq_hz,90.097488,90.097488,0.0
factory_4,frequency_response.csv,28,gain_db,-7.631934,-7.631934,0.0
factory_4,frequency_response.csv,29,time_s,1.94958,1.94958,0.0
factory_4,frequency_response.csv,29,freq_hz,95.073273,95.073273,0.0
factory_4,frequency_response.csv,29,gain_db,-7.554502,-7.554502,0.0
factory_4,frequency_response.csv,30,time_s,2.016807,2.016807,0.0
factory_4,frequency_response.csv,30,freq_hz,100.323875,100.323875,0.0
factory_4,frequency_response.csv,30,gain_db,-7.333806,-7.333806,0.0
factory_4,frequency_response.csv,31,time_s,2.084034,2.084034,0.0
factory_4,frequency_response.csv,31,freq_hz,105.864441,105.864441,0.0
factory_4,frequency_response.csv,31,gain_db,-6.938398,-6.938398,0.0
factory_4,frequency_response.csv,32,time_s,2.151261,2.151261,0.0
factory_4,frequency_response.csv,32,freq_hz,111.710999,111.710999,0.0
factory_4,frequency_response.csv,32,gain_db,-6.525098,-6.525098,0.0
factory_4,frequency_response.csv,33,time_s,2.218488,2.218488,0.0
factory_4,frequency_response.csv,33,freq_hz,117.880432,117.880432,0.0
factory_4,frequency_response.csv,33,gain_db,-6.236539,-6.236539,0.0
factory_4,frequency_response.csv,34,time_s,2.285714,2.285714,0.0
factory_4,frequency_response.csv,34,freq_hz,124.390594,124.390594,0.0
factory_4,frequency_response.csv,34,gain_db,-6.194201,-6.194201,0.0
factory_4,frequency_response.csv,35,time_s,2.352941,2.352941,0.0
factory_4,frequency_response.csv,35,freq_hz,131.260284,131.260284,0.0
factory_4,frequency_response.csv,35,gain_db,-6.481537,-6.481537,0.0
factory_4,frequency_response.csv,36,time_s,2.420168,2.420168,0.0
factory_4,frequency_response.csv,36,freq_hz,138.509369,138.509369,0.0
factory_4,frequency_response.csv,36,gain_db,-6.854009,-6.854009,0.0
factory_4,frequency_response.csv,37,time_s,2.487395,2.487395,0.0
factory_4,frequency_response.csv,37,freq_hz,146.158783,146.158783,0.0
factory_4,frequency_response.csv,37,gain_db,-7.349719,-7.349719,0.0
factory_4,frequency_response.csv,38,time_s,2.554622,2.554622,0.0
factory_4,frequency_response.csv,38,freq_hz,154.230667,154.230667,0.0
factory_4,frequency_response.csv,38,gain_db,-7.688324,-7.688324,0.0
factory_4,frequency_response.csv,39,time_s,2.621849,2.621849,0.0
factory_4,frequency_response.csv,39,freq_hz,162.748337,162.748337,0.0
factory_4,frequency_response.csv,39,gain_db,-7.518938,-7.518938,0.0
factory_4,frequency_response.csv,40,time_s,2.689076,2.689076,0.0
factory_4,frequency_response.csv,40,freq_hz,171.73642,171.73642,0.0
factory_4,frequency_response.csv,40,gain_db,-6.780921,-6.780921,0.0
factory_4,frequency_response.csv,41,time_s,2.756303,2.756303,0.0
factory_4,frequency_response.csv,41,freq_hz,181.220856,181.220856,0.0
factory_4,frequency_response.csv,41,gain_db,-5.965967,-5.965967,0.0
factory_4,frequency_response.csv,42,time_s,2.823529,2.823529,0.0
factory_4,frequency_response.csv,42,freq_hz,191.229095,191.229095,0.0
factory_4,frequency_response.csv,42,gain_db,-5.605409,-5.605409,0.0
factory_4,frequency_response.csv,43,time_s,2.890756,2.890756,0.0
factory_4,frequency_response.csv,43,freq_hz,201.79007,201.79007,0.0
factory_4,frequency_response.csv,43,gain_db,-5.937338,-5.937338,0.0
factory_4,frequency_response.csv,44,time_s,2.957983,2.957983,0.0
factory_4,frequency_response.csv,44,freq_hz,212.93428,212.93428,0.0
factory_4,frequency_response.csv,44,gain_db,-6.548431,-6.548431,0.0
factory_4,frequency_response.csv,45,time_s,3.02521,3.02521,0.0
factory_4,frequency_response.csv,45,freq_hz,224.69397,224.69397,0.0
factory_4,frequency_response.csv,45,gain_db,-7.205687,-7.205687,0.0
factory_4,frequency_response.csv,46,time_s,3.092437,3.092437,0.0
factory_4,frequency_response.csv,46,freq_hz,237.103104,237.103104,0.0
factory_4,frequency_response.csv,46,gain_db,-7.57184,-7.57184,0.0
factory_4,frequency_response.csv,47,time_s,3.159664,3.159664,0.0
factory_4,frequency_response.csv,47,freq_hz,250.19754,250.19754,0.0
factory_4,frequency_response.csv,47,gain_db,-7.702206,-7.702206,0.0
factory_4,frequency_response.csv,48,time_s,3.226891,3.226891,0.0
factory_4,frequency_response.csv,48,freq_hz,264.015137,264.015137,0.0
factory_4,frequency_response.csv,48,gain_db,-7.679999,-7.679999,0.0
factory_4,frequency_response.csv,49,time_s,3.294118,3.294118,0.0
factory_4,frequency_response.csv,49,freq_hz,278.595856,278.595856,0.0
factory_4,frequency_response.csv,49,gain_db,-7.503933,-7.503933,0.0
factory_4,frequency_response.csv,50,time_s,3.361345,3.361345,0.0
factory_4,frequency_response.csv,50,freq_hz,293.981812,293.981812,0.0
factory_4,frequency_response.csv,50,gain_db,-7.100059,-7.100059,0.0
factory_4,frequency_response.csv,51,time_s,3.428571,3.428571,0.0
factory_4,frequency_response.csv,51,freq_hz,310.217468,310.217468,0.0
factory_4,frequency_response.csv,51,gain_db,-6.328608,-6.328608,0.0
factory_4,frequency_response.csv,52,time_s,3.495798,3.495798,0.0
factory_4,frequency_response.csv,52,freq_hz,327.349792,327.349792,0.0
factory_4,frequency_response.csv,52,gain_db,-5.262349,-5.262349,0.0
factory_4,frequency_response.csv,53,time_s,3.563025,3.563025,0.0
factory_4,frequency_response.csv,53,freq_hz,345.428284,345.428284,0.0
factory_4,frequency_response.csv,53,gain_db,-4.039156,-4.039156,0.0
factory_4,frequency_response.csv,54,time_s,3.630252,3.630252,0.0
factory_4,frequency_response.csv,54,freq_hz,364.505157,364.505157,0.0
factory_4,frequency_response.csv,54,gain_db,-3.101865,-3.101865,0.0
factory_4,frequency_response.csv,55,time_s,3.697479,3.697479,0.0
factory_4,frequency_response.csv,55,freq_hz,384.63562,384.63562,0.0
factory_4,frequency_response.csv,55,gain_db,-2.658384,-2.658384,0.0
factory_4,frequency_response.csv,56,time_s,3.764706,3.764706,0.0
factory_4,frequency_response.csv,56,freq_hz,405.877808,405.877808,0.0
factory_4,frequency_response.csv,56,gain_db,-2.56513,-2.56513,0.0
factory_4,frequency_response.csv,57,time_s,3.831933,3.831933,0.0
factory_4,frequency_response.csv,57,freq_hz,428.293121,428.293121,0.0
factory_4,frequency_response.csv,57,gain_db,-2.803836,-2.803836,0.0
factory_4,frequency_response.csv,58,time_s,3.89916,3.89916,0.0
factory_4,frequency_response.csv,58,freq_hz,451.946381,451.946381,0.0
factory_4,frequency_response.csv,58,gain_db,-3.315337,-3.315337,0.0
factory_4,frequency_response.csv,59,time_s,3.966387,3.966387,0.0
factory_4,frequency_response.csv,59,freq_hz,476.905945,476.905945,0.0
factory_4,frequency_response.csv,59,gain_db,-3.965003,-3.965003,0.0
factory_4,frequency_response.csv,60,time_s,4.033614,4.033614,0.0
factory_4,frequency_response.csv,60,freq_hz,503.244019,503.244019,0.0
factory_4,frequency_response.csv,60,gain_db,-4.527206,-4.527206,0.0
factory_4,frequency_response.csv,61,time_s,4.100841,4.100841,0.0
factory_4,frequency_response.csv,61,freq_hz,531.03656,531.03656,0.0
factory_4,frequency_response.csv,61,gain_db,-4.756835,-4.756835,0.0
factory_4,frequency_response.csv,62,time_s,4.168067,4.168067,0.0
factory_4,frequency_response.csv,62,freq_hz,560.364014,560.364014,0.0
factory_4,frequency_response.csv,62,gain_db,-4.626311,-4.626311,0.0
factory_4,frequency_response.csv,63,time_s,4.235294,4.235294,0.0
factory_4,frequency_response.csv,63,freq_hz,591.311096,591.311096,0.0
factory_4,frequency_response.csv,63,gain_db,-4.207357,-4.207357,0.0
factory_4,frequency_response.csv,64,time_s,4.302521,4.302521,0.0
factory_4,frequency_response.csv,64,freq_hz,623.967346,623.967346,0.0
factory_4,frequency_response.csv,64,gain_db,-3.615327,-3.615327,0.0
factory_4,frequency_response.csv,65,time_s,4.369748,4.369748,0.0
factory_4,frequency_response.csv,65,freq_hz,658.427063,658.427063,0.0
factory_4,frequency_response.csv,65,gain_db,-2.908967,-2.908967,0.0
factory_4,frequency_response.csv,66,time_s,4.436975,4.436975,0.0
factory_4,frequency_response.csv,66,freq_hz,694.789795,694.789795,0.0
factory_4,frequency_response.csv,66,gain_db,-2.254035,-2.254035,0.0
factory_4,frequency_response.csv,67,time_s,4.504202,4.504202,0.0
factory_4,frequency_response.csv,67,freq_hz,733.160889,733.160889,0.0
factory_4,frequency_response.csv,67,gain_db,-1.945716,-1.945716,0.0
factory_4,frequency_response.csv,68,time_s,4.571429,4.571429,0.0
factory_4,frequency_response.csv,68,freq_hz,773.651001,773.651001,0.0
factory_4,frequency_response.csv,68,gain_db,-2.030957,-2.030957,0.0
factory_4,frequency_response.csv,69,time_s,4.638656,4.638656,0.0
factory_4,frequency_response.csv,69,freq_hz,816.377197,816.377197,0.0
factory_4,frequency_response.csv,69,gain_db,-2.291254,-2.291254,0.0
factory_4,frequency_response.csv,70,time_s,4.705883,4.705883,0.0
factory_4,frequency_response.csv,70,freq_hz,861.463074,861.463074,0.0
factory_4,frequency_response.csv,70,gain_db,-2.364822,-2.364822,0.0
factory_4,frequency_response.csv,71,time_s,4.773109,4.773109,0.0
factory_4,frequency_response.csv,71,freq_hz,909.03894,909.03894,0.0
factory_4,frequency_response.csv,71,gain_db,-2.194011,-2.194011,0.0
factory_4,frequency_response.csv,72,time_s,4.840336,4.840336,0.0
factory_4,frequency_response.csv,72,freq_hz,959.242249,959.242249,0.0
factory_4,frequency_response.csv,72,gain_db,-2.0075,-2.0075,0.0
factory_4,frequency_response.csv,73,time_s,4.907563,4.907563,0.0
factory_4,frequency_response.csv,73,freq_hz,1012.218079,1012.218079,0.0
factory_4,frequency_response.csv,73,gain_db,-1.94368,-1.94368,0.0
factory_4,frequency_response.csv,74,time_s,4.97479,4.97479,0.0
factory_4,frequency_response.csv,74,freq_hz,1068.119629,1068.119629,0.0
factory_4,frequency_response.csv,74,gain_db,-1.976869,-1.976869,0.0
factory_4,frequency_response.csv,75,time_s,5.042017,5.042017,0.0
factory_4,frequency_response.csv,75,freq_hz,1127.108398,1127.108398,0.0
factory_4,frequency_response.csv,75,gain_db,-1.997947,-1.997947,0.0
factory_4,frequency_response.csv,76,time_s,5.109244,5.109244,0.0
factory_4,frequency_response.csv,76,freq_hz,1189.355103,1189.355103,0.0
factory_4,frequency_response.csv,76,gain_db,-1.975276,-1.975276,0.0
factory_4,frequency_response.csv,77,time_s,5.176471,5.176471,0.0
factory_4,frequency_response.csv,77,freq_hz,1255.039307,1255.039307,0.0
factory_4,frequency_response.csv,77,gain_db,-1.976298,-1.976298,0.0
factory_4,frequency_response.csv,78,time_s,5.243698,5.243698,0.0
factory_4,frequency_response.csv,78,freq_hz,1324.351074,1324.351074,0.0
factory_4,frequency_response.csv,78,gain_db,-2.071548,-2.071548,0.0
factory_4,frequency_response.csv,79,time_s,5.310925,5.310925,0.0
factory_4,frequency_response.csv,79,freq_hz,1397.490845,1397.490845,0.0
factory_4,frequency_response.csv,79,gain_db,-2.419341,-2.419341,0.0
factory_4,frequency_response.csv,80,time_s,5.378151,5.378151,0.0
factory_4,frequency_response.csv,80,freq_hz,1474.669678,1474.669678,0.0
factory_4,frequency_response.csv,80,gain_db,-3.216977,-3.216977,0.0
factory_4,frequency_response.csv,81,time_s,5.445378,5.445378,0.0
factory_4,frequency_response.csv,81,freq_hz,1556.110962,1556.110962,0.0
factory_4,frequency_response.csv,81,gain_db,-4.38204,-4.38204,0.0
factory_4,frequency_response.csv,82,time_s,5.512605,5.512605,0.0
factory_4,frequency_response.csv,82,freq_hz,1642.050049,1642.050049,0.0
factory_4,frequency_response.csv,82,gain_db,-5.490666,-5.490666,0.0
factory_4,frequency_response.csv,83,time_s,5.579832,5.579832,0.0
factory_4,frequency_response.csv,83,freq_hz,1732.735107,1732.735107,0.0
factory_4,frequency_response.csv,83,gain_db,-6.180434,-6.180434,0.0
factory_4,frequency_response.csv,84,time_s,5.647059,5.647059,0.0
factory_4,frequency_response.csv,84,freq_hz,1828.428467,1828.428467,0.0
factory_4,frequency_response.csv,84,gain_db,-6.050593,-6.050593,0.0
factory_4,frequency_response.csv,85,time_s,5.714286,5.714286,0.0
factory_4,frequency_response.csv,85,freq_hz,1929.406738,1929.406738,0.0
factory_4,frequency_response.csv,85,gain_db,-5.534306,-5.534306,0.0
factory_4,frequency_response.csv,86,time_s,5.781513,5.781513,0.0
factory_4,frequency_response.csv,86,freq_hz,2035.96167,2035.96167,0.0
factory_4,frequency_response.csv,86,gain_db,-4.838131,-4.838131,0.0
factory_4,frequency_response.csv,87,time_s,5.84874,5.84874,0.0
factory_4,frequency_response.csv,87,freq_hz,2148.401367,2148.401367,0.0
factory_4,frequency_response.csv,87,gain_db,-4.255399,-4.255399,0.0
factory_4,frequency_response.csv,88,time_s,5.915967,5.915967,0.0
factory_4,frequency_response.csv,88,freq_hz,2267.050537,2267.050537,0.0
factory_4,frequency_response.csv,88,gain_db,-3.975805,-3.975805,0.0
factory_4,frequency_response.csv,89,time_s,5.983193,5.983193,0.0
factory_4,frequency_response.csv,89,freq_hz,2392.252441,2392.252441,0.0
factory_4,frequency_response.csv,89,gain_db,-4.02856,-4.02856,0.0
factory_4,frequency_response.csv,90,time_s,6.05042,6.05042,0.0
factory_4,frequency_response.csv,90,freq_hz,2524.368896,2524.368896,0.0
factory_4,frequency_response.csv,90,gain_db,-4.417952,-4.417952,0.0
factory_4,frequency_response.csv,91,time_s,6.117647,6.117647,0.0
factory_4,frequency_response.csv,91,freq_hz,2663.781738,2663.781738,0.0
factory_4,frequency_response.csv,91,gain_db,-5.098609,-5.098609,0.0
factory_4,frequency_response.csv,92,time_s,6.184874,6.184874,0.0
factory_4,frequency_response.csv,92,freq_hz,2810.893799,2810.893799,0.0
factory_4,frequency_response.csv,92,gain_db,-6.105899,-6.105899,0.0
factory_4,frequency_response.csv,93,time_s,6.252101,6.252101,0.0
factory_4,frequency_response.csv,93,freq_hz,2966.130371,2966.130371,0.0
factory_4,frequency_response.csv,93,gain_db,-7.26974,-7.26974,0.0
factory_4,frequency_response.csv,94,time_s,6.319328,6.319328,0.0
factory_4,frequency_response.csv,94,freq_hz,3129.94043,3129.94043,0.0
factory_4,frequency_response.csv,94,gain_db,-7.944771,-7.944771,0.0
factory_4,frequency_response.csv,95,time_s,6.386555,6.386555,0.0
factory_4,frequency_response.csv,95,freq_hz,3302.796875,3302.796875,0.0
factory_4,frequency_response.csv,95,gain_db,-7.729668,-7.729668,0.0
factory_4,frequency_response.csv,96,time_s,6.453782,6.453782,0.0
factory_4,frequency_response.csv,96,freq_hz,3485.199951,3485.199951,0.0
factory_4,frequency_response.csv,96,gain_db,-7.108954,-7.108954,0.0
factory_4,frequency_response.csv,97,time_s,6.521008,6.521008,0.0
factory_4,frequency_response.csv,97,freq_hz,3677.676025,3677.676025,0.0
factory_4,frequency_response.csv,97,gain_db,-6.560864,-6.560864,0.0
factory_4,frequency_response.csv,98,time_s,6.588235,6.588235,0.0
factory_4,frequency_response.csv,98,freq_hz,3880.782471,3880.782471,0.0
factory_4,frequency_response.csv,98,gain_db,-6.543009,-6.543009,0.0
factory_4,frequency_response.csv,99,time_s,6.655462,6.655462,0.0
factory_4,frequency_response.csv,99,freq_hz,4095.105469,4095.105469,0.0
factory_4,frequency_response.csv,99,gain_db,-6.60303,-6.60303,0.0
factory_4,frequency_response.csv,100,time_s,6.722689,6.722689,0.0
factory_4,frequency_response.csv,100,freq_hz,4321.265137,4321.265137,0.0
factory_4,frequency_response.csv,100,gain_db,-6.739003,-6.739003,0.0
factory_4,frequency_response.csv,101,time_s,6.789916,6.789916,0.0
factory_4,frequency_response.csv,101,freq_hz,4559.914551,4559.914551,0.0
factory_4,frequency_response.csv,101,gain_db,-6.798091,-6.798091,0.0
factory_4,frequency_response.csv,102,time_s,6.857143,6.857143,0.0
factory_4,frequency_response.csv,102,freq_hz,4811.744141,4811.744141,0.0
factory_4,frequency_response.csv,102,gain_db,-6.69663,-6.69663,0.0
factory_4,frequency_response.csv,103,time_s,6.92437,6.92437,0.0
factory_4,frequency_response.csv,103,freq_hz,5077.481445,5077.481445,0.0
factory_4,frequency_response.csv,103,gain_db,-6.406912,-6.406912,0.0
factory_4,frequency_response.csv,104,time_s,6.991597,6.991597,0.0
factory_4,frequency_response.csv,104,freq_hz,5357.894531,5357.894531,0.0
factory_4,frequency_response.csv,104,gain_db,-5.92701,-5.92701,0.0
factory_4,frequency_response.csv,105,time_s,7.058824,7.058824,0.0
factory_4,frequency_response.csv,105,freq_hz,5653.793457,5653.793457,0.0
factory_4,frequency_response.csv,105,gain_db,-5.30612,-5.30612,0.0
factory_4,frequency_response.csv,106,time_s,7.12605,7.12605,0.0
factory_4,frequency_response.csv,106,freq_hz,5966.034668,5966.034668,0.0
factory_4,frequency_response.csv,106,gain_db,-4.612456,-4.612456,0.0
factory_4,frequency_response.csv,107,time_s,7.193277,7.193277,0.0
factory_4,frequency_response.csv,107,freq_hz,6295.519531,6295.519531,0.0
factory_4,frequency_response.csv,107,gain_db,-3.975569,-3.975569,0.0
factory_4,frequency_response.csv,108,time_s,7.260504,7.260504,0.0
factory_4,frequency_response.csv,108,freq_hz,6643.200684,6643.200684,0.0
factory_4,frequency_response.csv,108,gain_db,-3.536545,-3.536545,0.0
factory_4,frequency_response.csv,109,time_s,7.327731,7.327731,0.0
factory_4,frequency_response.csv,109,freq_hz,7010.083008,7010.083008,0.0
factory_4,frequency_response.csv,109,gain_db,-3.315804,-3.315804,0.0
factory_4,frequency_response.csv,110,time_s,7.394958,7.394958,0.0
factory_4,frequency_response.csv,110,freq_hz,7397.227539,7397.227539,0.0
factory_4,frequency_response.csv,110,gain_db,-3.211727,-3.211727,0.0
factory_4,frequency_response.csv,111,time_s,7.462185,7.462185,0.0
factory_4,frequency_response.csv,111,freq_hz,7805.752441,7805.752441,0.0
factory_4,frequency_response.csv,111,gain_db,-3.214469,-3.214469,0.0
factory_4,frequency_response.csv,112,time_s,7.529412,7.529412,0.0
factory_4,frequency_response.csv,112,freq_hz,8236.839844,8236.839844,0.0
factory_4,frequency_response.csv,112,gain_db,-3.295648,-3.295648,0.0
factory_4,frequency_response.csv,113,time_s,7.596639,7.596639,0.0
factory_4,frequency_response.csv,113,freq_hz,8691.733398,8691.733398,0.0
factory_4,frequency_response.csv,113,gain_db,-3.366539,-3.366539,0.0
factory_4,frequency_response.csv,114,time_s,7.663866,7.663866,0.0
factory_4,frequency_response.csv,114,freq_hz,9171.75,9171.75,0.0
factory_4,frequency_response.csv,114,gain_db,-3.444716,-3.444716,0.0
factory_4,frequency_response.csv,115,time_s,7.731092,7.731092,0.0
factory_4,frequency_response.csv,115,freq_hz,9678.276367,9678.276367,0.0
factory_4,frequency_response.csv,115,gain_db,-3.525164,-3.525164,0.0
factory_4,frequency_response.csv,116,time_s,7.798319,7.798319,0.0
factory_4,frequency_response.csv,116,freq_hz,10212.776367,10212.776367,0.0
factory_4,frequency_response.csv,116,gain_db,-3.608022,-3.608022,0.0
factory_4,frequency_response.csv,117,time_s,7.865546,7.865546,0.0
factory_4,frequency_response.csv,117,freq_hz,10776.795898,10776.795898,0.0
factory_4,frequency_response.csv,117,gain_db,-3.699407,-3.699407,0.0
factory_4,frequency_response.csv,118,time_s,7.932773,7.932773,0.0
factory_4,frequency_response.csv,118,freq_hz,11371.962891,11371.962891,0.0
factory_4,frequency_response.csv,118,gain_db,-3.805503,-3.805503,0.0
factory_4,frequency_response.csv,119,time_s,8.0,8.0,0.0
factory_4,frequency_response.csv,119,freq_hz,12000.0,12000.0,0.0
factory_4,frequency_response.csv,119,gain_db,-3.905947,-3.905947,0.0
factory_4,notch_tracking.csv,0,time_s,0.336134,0.336134,0.0
factory_4,notch_tracking.csv,0,freq_hz,26.167307,26.167307,0.0
factory_4,notch_tracking.csv,0,notch_depth_db,-3.169479,-3.169479,0.0
factory_4,notch_tracking.csv,1,time_s,0.470588,0.470588,0.0
factory_4,notch_tracking.csv,1,freq_hz,29.13739,29.13739,0.0
factory_4,notch_tracking.csv,1,notch_depth_db,-3.09554,-3.09554,0.0
factory_4,notch_tracking.csv,2,time_s,1.008403,1.008403,0.0
factory_4,notch_tracking.csv,2,freq_hz,44.79372,44.79372,0.0
factory_4,notch_tracking.csv,2,notch_depth_db,-4.907244,-4.907244,0.0
factory_4,notch_tracking.csv,3,time_s,1.882353,1.882353,0.0
factory_4,notch_tracking.csv,3,freq_hz,90.097488,90.097488,0.0
factory_4,notch_tracking.csv,3,notch_depth_db,-7.631934,-7.631934,0.0
factory_4,notch_tracking.csv,4,time_s,2.554622,2.554622,0.0
factory_4,notch_tracking.csv,4,freq_hz,154.230667,154.230667,0.0
factory_4,notch_tracking.csv,4,notch_depth_db,-7.688324,-7.688324,0.0
factory_4,notch_tracking.csv,5,time_s,3.159664,3.159664,0.0
factory_4,notch_tracking.csv,5,freq_hz,250.19754,250.19754,0.0
factory_4,notch_tracking.csv,5,notch_depth_db,-7.702206,-7.702206,0.0
factory_4,notch_tracking.csv,6,time_s,4.100841,4.100841,0.0
factory_4,notch_tracking.csv,6,freq_hz,531.03656,531.03656,0.0
factory_4,notch_tracking.csv,6,notch_depth_db,-4.756835,-4.756835,0.0
factory_4,notch_tracking.csv,7,time_s,4.705883,4.705883,0.0
factory_4,notch_tracking.csv,7,freq_hz,861.463074,861.463074,0.0
factory_4,notch_tracking.csv,7,notch_depth_db,-2.364822,-2.364822,0.0
factory_4,notch_tracking.csv,8,time_s,5.042017,5.042017,0.0
factory_4,notch_tracking.csv,8,freq_hz,1127.108398,1127.108398,0.0
factory_4,notch_tracking.csv,8,notch_depth_db,-1.997947,-1.997947,0.0
factory_4,notch_tracking.csv,9,time_s,5.579832,5.579832,0.0
factory_4,notch_tracking.csv,9,freq_hz,1732.735107,1732.735107,0.0
factory_4,notch_tracking.csv,9,notch_depth_db,-6.180434,-6.180434,0.0
factory_4,notch_tracking.csv,10,time_s,6.319328,6.319328,0.0
factory_4,notch_tracking.csv,10,freq_hz,3129.94043,3129.94043,0.0
factory_4,notch_tracking.csv,10,notch_depth_db,-7.944771,-7.944771,0.0
factory_4,notch_tracking.csv,11,time_s,6.789916,6.789916,0.0
factory_4,notch_tracking.csv,11,freq_hz,4559.914551,4559.914551,0.0
factory_4,notch_tracking.csv,11,notch_depth_db,-6.798091,-6.798091,0.0
factory_4,thd_vs_drive.csv,0,sine_level_db,-24.0,-24.0,0.0
factory_4,thd_vs_drive.csv,0,thd_ratio,0.000344,0.000344,0.0
factory_4,thd_vs_drive.csv,0,thd_db,-69.281174,-69.281174,0.0
factory_4,thd_vs_drive.csv,0,broadband_hf_db,-82.685921,-82.685921,0.0
factory_4,thd_vs_drive.csv,1,sine_level_db,-18.0,-18.0,0.0
factory_4,thd_vs_drive.csv,1,thd_ratio,0.001335,0.001335,0.0
factory_4,thd_vs_drive.csv,1,thd_db,-57.492378,-57.492378,0.0
factory_4,thd_vs_drive.csv,1,broadband_hf_db,-82.680702,-82.680702,0.0
factory_4,thd_vs_drive.csv,2,sine_level_db,-12.0,-12.0,0.0
factory_4,thd_vs_drive.csv,2,thd_ratio,0.005386,0.005386,0.0
factory_4,thd_vs_drive.csv,2,thd_db,-45.375099,-45.375099,0.0
factory_4,thd_vs_drive.csv,2,broadband_hf_db,-82.685112,-82.685112,0.0
factory_4,thd_vs_drive.csv,3,sine_level_db,-6.0,-6.0,0.0
factory_4,thd_vs_drive.csv,3,thd_ratio,0.022009,0.022009,0.0
factory_4,thd_vs_drive.csv,3,thd_db,-33.147865,-33.147865,0.0
factory_4,thd_vs_drive.csv,3,broadband_hf_db,-82.674484,-82.674484,0.0
factory_4,thd_vs_drive.csv,4,sine_level_db,0.0,0.0,0.0
factory_4,thd_vs_drive.csv,4,thd_ratio,0.073007,0.073007,0.0
factory_4,thd_vs_drive.csv,4,thd_db,-22.732674,-22.732674,0.0
factory_4,thd_vs_drive.csv,4,broadband_hf_db,-82.151962,-82.151962,0.0
factory_5,summary.csv,average_tracked_notch_db,value,-7.62388,-7.62388,0.0
factory_5,summary.csv,deepest_tracked_notch_db,value,-11.121008,-11.121008,0.0
factory_5,summary.csv,guitar_broadband_hf_db,value,-82.59462,-82.59462,0.0
factory_5,summary.csv,guitar_lr_correlation,value,0.994022,0.994022,0.0
factory_5,summary.csv,guitar_mono_fold_db,value,-0.01307,-0.01307,0.0
factory_5,summary.csv,guitar_side_to_mid_db,value,-25.208591,-25.208591,0.0
factory_5,summary.csv,sweep_broadband_hf_db,value,-82.544205,-82.544205,0.0
factory_5,summary.csv,sweep_lr_correlation,value,0.994753,0.994753,0.0
factory_5,summary.csv,sweep_mono_fold_db,value,-0.011409,-0.011409,0.0
factory_5,summary.csv,sweep_side_to_mid_db,value,-25.799677,-25.799677,0.0
factory_5,summary.csv,tracked_notch_count,value,8.0,8.0,0.0
factory_5,summary.csv,tracked_notch_high_hz,value,3302.796875,3302.796875,0.0
factory_5,summary.csv,tracked_notch_low_hz,value,23.499975,23.499975,0.0
factory_5,summary.csv,tracked_notch_span_oct,value,7.134885,7.134885,0.0
factory_5,summary.csv,worst_thd_db,value,-15.573548,-15.573548,0.0
factory_5,frequency_response.csv,0,time_s,0.0,0.0,0.0
factory_5,frequency_response.csv,0,freq_hz,20.0,20.0,0.0
factory_5,frequency_response.csv,0,gain_db,-17.451004,-17.451004,0.0
factory_5,frequency_response.csv,1,time_s,0.067227,0.067227,0.0
factory_5,frequency_response.csv,1,freq_hz,21.104536,21.104536,0.0
factory_5,frequency_response.csv,1,gain_db,-11.022983,-11.022983,0.0
factory_5,frequency_response.csv,2,time_s,0.134454,0.134454,0.0
factory_5,frequency_response.csv,2,freq_hz,22.270071,22.270071,0.0
factory_5,frequency_response.csv,2,gain_db,-11.077577,-11.077577,0.0
factory_5,frequency_response.csv,3,time_s,0.201681,0.201681,0.0
factory_5,frequency_response.csv,3,freq_hz,23.499975,23.499975,0.0
factory_5,frequency_response.csv,3,gain_db,-11.121008,-11.121008,0.0
factory_5,frequency_response.csv,4,time_s,0.268908,0.268908,0.0
factory_5,frequency_response.csv,4,freq_hz,24.797804,24.797804,0.0
factory_5,frequency_response.csv,4,gain_db,-11.06825,-11.06825,0.0
factory_5,frequency_response.csv,5,time_s,0.336134,0.336134,0.0
factory_5,frequency_response.csv,5,freq_hz,26.167307,26.167307,0.0
factory_5,frequency_response.csv,5,gain_db,-11.041738,-11.041738,0.0
factory_5,frequency_response.csv,6,time_s,0.403361,0.403361,0.0
factory_5,frequency_response.csv,6,freq_hz,27.612442,27.612442,0.0
factory_5,frequency_response.csv,6,gain_db,-10.534545,-10.534545,0.0
factory_5,frequency_response.csv,7,time_s,0.470588,0.470588,0.0
factory_5,frequency_response.csv,7,freq_hz,29.13739,29.13739,0.0
factory_5,frequency_response.csv,7,gain_db,-10.426861,-10.426861,0.0
factory_5,frequency_response.csv,8,time_s,0.537815,0.537815,0.0
factory_5,frequency_response.csv,8,freq_hz,30.746555,30.746555,0.0
factory_5,frequency_response.csv,8,gain_db,-10.157682,-10.157682,0.0
factory_5,frequency_response.csv,9,time_s,0.605042,0.605042,0.0
factory_5,frequency_response.csv,9,freq_hz,32.444588,32.444588,0.0
factory_5,frequency_response.csv,9,gain_db,-9.966788,-9.966788,0.0
factory_5,frequency_response.csv,10,time_s,0.672269,0.672269,0.0
factory_5,frequency_response.csv,10,freq_hz,34.236401,34.236401,0.0
factory_5,frequency_response.csv,10,gain_db,-9.556462,-9.556462,0.0
factory_5,frequency_response.csv,11,time_s,0.739496,0.739496,0.0
factory_5,frequency_response.csv,11,freq_hz,36.127167,36.127167,0.0
factory_5,frequency_response.csv,11,gain_db,-8.493988,-8.493988,0.0
factory_5,frequency_response.csv,12,time_s,0.806723,0.806723,0.0
factory_5,frequency_response.csv,12,freq_hz,38.122353,38.122353,0.0
factory_5,frequency_response.csv,12,gain_db,-7.910178,-7.910178,0.0
factory_5,frequency_response.csv,13,time_s,0.87395,0.87395,0.0
factory_5,frequency_response.csv,13,freq_hz,40.22773,40.22773,0.0
factory_5,frequency_response.csv,13,gain_db,-7.408719,-7.408719,0.0
factory_5,frequency_response.csv,14,time_s,0.941177,0.941177,0.0
factory_5,frequency_response.csv,14,freq_hz,42.449379,42.449379,0.0
factory_5,frequency_response.csv,14,gain_db,-7.616952,-7.616952,0.0
factory_5,frequency_response.csv,15,time_s,1.008403,1.008403,0.0
factory_5,frequency_response.csv,15,freq_hz,44.79372,44.79372,0.0
factory_5,frequency_response.csv,15,gain_db,-7.068749,-7.068749,0.0
factory_5,frequency_response.csv,16,time_s,1.07563,1.07563,0.0
factory_5,frequency_response.csv,16,freq_hz,47.267536,47.267536,0.0
factory_5,frequency_response.csv,16,gain_db,-7.53492,-7.53492,0.0
factory_5,frequency_response.csv,17,time_s,1.142857,1.142857,0.0
factory_5,frequency_response.csv,17,freq_hz,49.877968,49.877968,0.0
factory_5,frequency_response.csv,17,gain_db,-8.069848,-8.069848,0.0
factory_5,frequency_response.csv,18,time_s,1.210084,1.210084,0.0
factory_5,frequency_response.csv,18,freq_hz,52.632568,52.632568,0.0
factory_5,frequency_response.csv,18,gain_db,-8.317878,-8.317878,0.0
factory_5,frequency_response.csv,19,time_s,1.277311,1.277311,0.0
factory_5,frequency_response.csv,19,freq_hz,55.539299,55.539299,0.0
factory_5,frequency_response.csv,19,gain_db,-8.575903,-8.575903,0.0
factory_5,frequency_response.csv,20,time_s,1.344538,1.344538,0.0
factory_5,frequency_response.csv,20,freq_hz,58.606552,58.606552,0.0
factory_5,frequency_response.csv,20,gain_db,-7.995754,-7.995754,0.0
factory_5,frequency_response.csv,21,time_s,1.411765,1.411765,0.0
factory_5,frequency_response.csv,21,freq_hz,61.843204,61.843204,0.0
factory_5,frequency_response.csv,21,gain_db,-8.083752,-8.083752,0.0
factory_5,frequency_response.csv,22,time_s,1.478992,1.478992,0.0
factory_5,frequency_response.csv,22,freq_hz,65.258606,65.258606,0.0
factory_5,frequency_response.csv,22,gain_db,-7.965322,-7.965322,0.0
factory_5,frequency_response.csv,23,time_s,1.546218,1.546218,0.0
factory_5,frequency_response.csv,23,freq_hz,68.862625,68.862625,0.0
factory_5,frequency_response.csv,23,gain_db,-7.672413,-7.672413,0.0
factory_5,frequency_response.csv,24,time_s,1.613445,1.613445,0.0
factory_5,frequency_response.csv,24,freq_hz,72.665695,72.665695,0.0
factory_5,frequency_response.csv,24,gain_db,-7.459871,-7.459871,0.0
factory_5,frequency_response.csv,25,time_s,1.680672,1.680672,0.0
factory_5,frequency_response.csv,25,freq_hz,76.678787,76.678787,0.0
factory_5,frequency_response.csv,25,gain_db,-6.986908,-6.986908,0.0
factory_5,frequency_response.csv,26,time_s,1.747899,1.747899,0.0
factory_5,frequency_response.csv,26,freq_hz,80.913506,80.913506,0.0
factory_5,frequency_response.csv,26,gain_db,-6.539831,-6.539831,0.0
factory_5,frequency_response.csv,27,time_s,1.815126,1.815126,0.0
factory_5,frequency_response.csv,27,freq_hz,85.382095,85.382095,0.0
factory_5,frequency_response.csv,27,gain_db,-6.13182,-6.13182,0.0
factory_5,frequency_response.csv,28,time_s,1.882353,1.882353,0.0
factory_5,frequency_response.csv,28,freq_hz,90.097488,90.097488,0.0
factory_5,frequency_response.csv,28,gain_db,-5.820395,-5.820395,0.0
factory_5,frequency_response.csv,29,time_s,1.94958,1.94958,0.0
factory_5,frequency_response.csv,29,freq_hz,95.073273,95.073273,0.0
factory_5,frequency_response.csv,29,gain_db,-5.767592,-5.767592,0.0
factory_5,frequency_response.csv,30,time_s,2.016807,2.016807,0.0
factory_5,frequency_response.csv,30,freq_hz,100.323875,100.323875,0.0
factory_5,frequency_response.csv,30,gain_db,-6.100535,-6.100535,0.0
factory_5,frequency_response.csv,31,time_s,2.084034,2.084034,0.0
factory_5,frequency_response.csv,31,freq_hz,105.864441,105.864441,0.0
factory_5,frequency_response.csv,31,gain_db,-6.419324,-6.419324,0.0
factory_5,frequency_response.csv,32,time_s,2.151261,2.151261,0.0
factory_5,frequency_response.csv,32,freq_hz,111.710999,111.710999,0.0
factory_5,frequency_response.csv,32,gain_db,-6.734072,-6.734072,0.0
factory_5,frequency_response.csv,33,time_s,2.218488,2.218488,0.0
factory_5,frequency_response.csv,33,freq_hz,117.880432,117.880432,0.0
factory_5,frequency_response.csv,33,gain_db,-6.767486,-6.767486,0.0
factory_5,frequency_response.csv,34,time_s,2.285714,2.285714,0.0
factory_5,frequency_response.csv,34,freq_hz,124.390594,124.390594,0.0
factory_5,frequency_response.csv,34,gain_db,-6.963551,-6.963551,0.0
factory_5,frequency_response.csv,35,time_s,2.352941,2.352941,0.0
factory_5,frequency_response.csv,35,freq_hz,131.260284,131.260284,0.0
factory_5,frequency_response.csv,35,gain_db,-6.68306,-6.68306,0.0
factory_5,frequency_response.csv,36,time_s,2.420168,2.420168,0.0
factory_5,frequency_response.csv,36,freq_hz,138.509369,138.509369,0.0
factory_5,frequency_response.csv,36,gain_db,-6.604209,-6.604209,0.0
factory_5,frequency_response.csv,37,time_s,2.487395,2.487395,0.0
factory_5,frequency_response.csv,37,freq_hz,146.158783,146.158783,0.0
factory_5,frequency_response.csv,37,gain_db,-6.303344,-6.303344,0.0
factory_5,frequency_response.csv,38,time_s,2.554622,2.554622,0.0
factory_5,frequency_response.csv,38,freq_hz,154.230667,154.230667,0.0
factory_5,frequency_response.csv,38,gain_db,-6.208356,-6.208356,0.0
factory_5,frequency_response.csv,39,time_s,2.621849,2.621849,0.0
factory_5,frequency_response.csv,39,freq_hz,162.748337,162.748337,0.0
factory_5,frequency_response.csv,39,gain_db,-5.92044,-5.92044,0.0
factory_5,frequency_response.csv,40,time_s,2.689076,2.689076,0.0
factory_5,frequency_response.csv,40,freq_hz,171.73642,171.73642,0.0
factory_5,frequency_response.csv,40,gain_db,-5.586866,-5.586866,0.0
factory_5,frequency_response.csv,41,time_s,2.756303,2.756303,0.0
factory_5,frequency_response.csv,41,freq_hz,181.220856,181.220856,0.0
factory_5,frequency_response.csv,41,gain_db,-5.263682,-5.263682,0.0
factory_5,frequency_response.csv,42,time_s,2.823529,2.823529,0.0
factory_5,frequency_response.csv,42,freq_hz,191.229095,191.229095,0.0
factory_5,frequency_response.csv,42,gain_db,-4.817005,-4.817005,0.0
factory_5,frequency_response.csv,43,time_s,2.890756,2.890756,0.0
factory_5,frequency_response.csv,43,freq_hz,201.79007,201.79007,0.0
factory_5,frequency_response.csv,43,gain_db,-4.829971,-4.829971,0.0
factory_5,frequency_response.csv,44,time_s,2.957983,2.957983,0.0
factory_5,frequency_response.csv,44,freq_hz,212.93428,212.93428,0.0
factory_5,frequency_response.csv,44,gain_db,-5.138843,-5.138843,0.0
factory_5,frequency_response.csv,45,time_s,3.02521,3.02521,0.0
factory_5,frequency_response.csv,45,freq_hz,224.69397,224.69397,0.0
factory_5,frequency_response.csv,45,gain_db,-5.484298,-5.484298,0.0
factory_5,frequency_response.csv,46,time_s,3.092437,3.092437,0.0
factory_5,frequency_response.csv,46,freq_hz,237.103104,237.103104,0.0
factory_5,frequency_response.csv,46,gain_db,-5.788508,-5.788508,0.0
factory_5,frequency_response.csv,47,time_s,3.159664,3.159664,0.0
factory_5,frequency_response.csv,47,freq_hz,250.19754,250.19754,0.0
factory_5,frequency_response.csv,47,gain_db,-5.932933,-5.932933,0.0
factory_5,frequency_response.csv,48,time_s,3.226891,3.226891,0.0
factory_5,frequency_response.csv,48,freq_hz,264.015137,264.015137,0.0
factory_5,frequency_response.csv,48,gain_db,-5.972629,-5.972629,0.0
factory_5,frequency_response.csv,49,time_s,3.294118,3.294118,0.0
factory_5,frequency_response.csv,49,freq_hz,278.595856,278.595856,0.0
factory_5,frequency_response.csv,49,gain_db,-5.933194,-5.933194,0.0
factory_5,frequency_response.csv,50,time_s,3.361345,3.361345,0.0
factory_5,frequency_response.csv,50,freq_hz,293.981812,293.981812,0.0
factory_5,frequency_response.csv,50,gain_db,-5.829383,-5.829383,0.0
factory_5,frequency_response.csv,51,time_s,3.428571,3.428571,0.0
factory_5,frequency_response.csv,51,freq_hz,310.217468,310.217468,0.0
factory_5,frequency_response.csv,51,gain_db,-5.704238,-5.704238,0.0
factory_5,frequency_response.csv,52,time_s,3.495798,3.495798,0.0
factory_5,frequency_response.csv,52,freq_hz,327.349792,327.349792,0.0
factory_5,frequency_response.csv,52,gain_db,-5.441538,-5.441538,0.0
factory_5,frequency_response.csv,53,time_s,3.563025,3.563025,0.0
factory_5,frequency_response.csv,53,freq_hz,345.428284,345.428284,0.0
factory_5,frequency_response.csv,53,gain_db,-5.210722,-5.210722,0.0
factory_5,frequency_response.csv,54,time_s,3.630252,3.630252,0.0
factory_5,frequency_response.csv,54,freq_hz,364.505157,364.505157,0.0
factory_5,frequency_response.csv,54,gain_db,-4.961364,-4.961364,0.0
factory_5,frequency_response.csv,55,time_s,3.697479,3.697479,0.0
factory_5,frequency_response.csv,55,freq_hz,384.63562,384.63562,0.0
factory_5,frequency_response.csv,55,gain_db,-4.766359,-4.766359,0.0
factory_5,frequency_response.csv,56,time_s,3.764706,3.764706,0.0
factory_5,frequency_response.csv,56,freq_hz,405.877808,405.877808,0.0
factory_5,frequency_response.csv,56,gain_db,-4.448664,-4.448664,0.0
factory_5,frequency_response.csv,57,time_s,3.831933,3.831933,0.0
factory_5,frequency_response.csv,57,freq_hz,428.293121,428.293121,0.0
factory_5,frequency_response.csv,57,gain_db,-4.32719,-4.32719,0.0
factory_5,frequency_response.csv,58,time_s,3.89916,3.89916,0.0
factory_5,frequency_response.csv,58,freq_hz,451.946381,451.946381,0.0
factory_5,frequency_response.csv,58,gain_db,-4.700223,-4.700223,0.0
factory_5,frequency_response.csv,59,time_s,3.966387,3.966387,0.0
factory_5,frequency_response.csv,59,freq_hz,476.905945,476.905945,0.0
factory_5,frequency_response.csv,59,gain_db,-4.945026,-4.945026,0.0
factory_5,frequency_response.csv,60,time_s,4.033614,4.033614,0.0
factory_5,frequency_response.csv,60,freq_hz,503.244019,503.244019,0.0
factory_5,frequency_response.csv,60,gain_db,-5.060573,-5.060573,0.0
factory_5,frequency_response.csv,61,time_s,4.100841,4.100841,0.0
factory_5,frequency_response.csv,61,freq_hz,531.03656,531.03656,0.0
factory_5,frequency_response.csv,61,gain_db,-5.183429,-5.183429,0.0
factory_5,frequency_response.csv,62,time_s,4.168067,4.168067,0.0
factory_5,frequency_response.csv,62,freq_hz,560.364014,560.364014,0.0
factory_5,frequency_response.csv,62,gain_db,-5.294903,-5.294903,0.0
factory_5,frequency_response.csv,63,time_s,4.235294,4.235294,0.0
factory_5,frequency_response.csv,63,freq_hz,591.311096,591.311096,0.0
factory_5,frequency_response.csv,63,gain_db,-5.27122,-5.27122,0.0
factory_5,frequency_response.csv,64,time_s,4.302521,4.302521,0.0
factory_5,frequency_response.csv,64,freq_hz,623.967346,623.967346,0.0
factory_5,frequency_response.csv,64,gain_db,-5.195667,-5.195667,0.0
factory_5,frequency_response.csv,65,time_s,4.369748,4.369748,0.0
factory_5,frequency_response.csv,65,freq_hz,658.427063,658.427063,0.0
factory_5,frequency_response.csv,65,gain_db,-5.098639,-5.098639,0.0
factory_5,frequency_response.csv,66,time_s,4.436975,4.436975,0.0
factory_5,frequency_response.csv,66,freq_hz,694.789795,694.789795,0.0
factory_5,frequency_response.csv,66,gain_db,-4.979939,-4.979939,0.0
factory_5,frequency_response.csv,67,time_s,4.504202,4.504202,0.0
factory_5,frequency_response.csv,67,freq_hz,733.160889,733.160889,0.0
factory_5,frequency_response.csv,67,gain_db,-4.913426,-4.913426,0.0
factory_5,frequency_response.csv,68,time_s,4.571429,4.571429,0.0
factory_5,frequency_response.csv,68,freq_hz,773.651001,773.651001,0.0
factory_5,frequency_response.csv,68,gain_db,-4.672282,-4.672282,0.0
factory_5,frequency_response.csv,69,time_s,4.638656,4.638656,0.0
factory_5,frequency_response.csv,69,freq_hz,816.377197,816.377197,0.0
factory_5,frequency_response.csv,69,gain_db,-4.386386,-4.386386,0.0
factory_5,frequency_response.csv,70,time_s,4.705883,4.705883,0.0
factory_5,frequency_response.csv,70,freq_hz,861.463074,861.463074,0.0
factory_5,frequency_response.csv,70,gain_db,-4.345487,-4.345487,0.0
factory_5,frequency_response.csv,71,time_s,4.773109,4.773109,0.0
factory_5,frequency_response.csv,71,freq_hz,909.03894,909.03894,0.0
factory_5,frequency_response.csv,71,gain_db,-4.418593,-4.418593,0.0
factory_5,frequency_response.csv,72,time_s,4.840336,4.840336,0.0
factory_5,frequency_response.csv,72,freq_hz,959.242249,959.242249,0.0
factory_5,frequency_response.csv,72,gain_db,-4.649551,-4.649551,0.0
factory_5,frequency_response.csv,73,time_s,4.907563,4.907563,0.0
factory_5,frequency_response.csv,73,freq_hz,1012.218079,1012.218079,0.0
factory_5,frequency_response.csv,73,gain_db,-4.831055,-4.831055,0.0
factory_5,frequency_response.csv,74,time_s,4.97479,4.97479,0.0
factory_5,frequency_response.csv,74,freq_hz,1068.119629,1068.119629,0.0
factory_5,frequency_response.csv,74,gain_db,-4.997201,-4.997201,0.0
factory_5,frequency_response.csv,75,time_s,5.042017,5.042017,0.0
factory_5,frequency_response.csv,75,freq_hz,1127.108398,1127.108398,0.0
factory_5,frequency_response.csv,75,gain_db,-5.077185,-5.077185,0.0
factory_5,frequency_response.csv,76,time_s,5.109244,5.109244,0.0
factory_5,frequency_response.csv,76,freq_hz,1189.355103,1189.355103,0.0
factory_5,frequency_response.csv,76,gain_db,-5.109234,-5.109234,0.0
factory_5,frequency_response.csv,77,time_s,5.176471,5.176471,0.0
factory_5,frequency_response.csv,77,freq_hz,1255.039307,1255.039307,0.0
factory_5,frequency_response.csv,77,gain_db,-5.149343,-5.149343,0.0
factory_5,frequency_response.csv,78,time_s,5.243698,5.243698,0.0
factory_5,frequency_response.csv,78,freq_hz,1324.351074,1324.351074,0.0
factory_5,frequency_response.csv,78,gain_db,-5.171818,-5.171818,0.0
factory_5,frequency_response.csv,79,time_s,5.310925,5.310925,0.0
factory_5,frequency_response.csv,79,freq_hz,1397.490845,1397.490845,0.0
factory_5,frequency_response.csv,79,gain_db,-5.178324,-5.178324,0.0
factory_5,frequency_response.csv,80,time_s,5.378151,5.378151,0.0
factory_5,frequency_response.csv,80,freq_hz,1474.669678,1474.669678,0.0
factory_5,frequency_response.csv,80,gain_db,-5.192564,-5.192564,0.0
factory_5,frequency_response.csv,81,time_s,5.445378,5.445378,0.0
factory_5,frequency_response.csv,81,freq_hz,1556.110962,1556.110962,0.0
factory_5,frequency_response.csv,81,gain_db,-5.294216,-5.294216,0.0
factory_5,frequency_response.csv,82,time_s,5.512605,5.512605,0.0
factory_5,frequency_response.csv,82,freq_hz,1642.050049,1642.050049,0.0
factory_5,frequency_response.csv,82,gain_db,-5.509658,-5.509658,0.0
factory_5,frequency_response.csv,83,time_s,5.579832,5.579832,0.0
factory_5,frequency_response.csv,83,freq_hz,1732.735107,1732.735107,0.0
factory_5,frequency_response.csv,83,gain_db,-5.705405,-5.705405,0.0
factory_5,frequency_response.csv,84,time_s,5.647059,5.647059,0.0
factory_5,frequency_response.csv,84,freq_hz,1828.428467,1828.428467,0.0
factory_5,frequency_response.csv,84,gain_db,-5.803473,-5.803473,0.0
factory_5,frequency_response.csv,85,time_s,5.714286,5.714286,0.0
factory_5,frequency_response.csv,85,freq_hz,1929.406738,1929.406738,0.0
factory_5,frequency_response.csv,85,gain_db,-5.844655,-5.844655,0.0
factory_5,frequency_response.csv,86,time_s,5.781513,5.781513,0.0
factory_5,frequency_response.csv,86,freq_hz,2035.96167,2035.96167,0.0
factory_5,frequency_response.csv,86,gain_db,-6.073306,-6.073306,0.0
factory_5,frequency_response.csv,87,time_s,5.84874,5.84874,0.0
factory_5,frequency_response.csv,87,freq_hz,2148.401367,2148.401367,0.0
factory_5,frequency_response.csv,87,gain_db,-6.254481,-6.254481,0.0
factory_5,frequency_response.csv,88,time_s,5.915967,5.915967,0.0
factory_5,frequency_response.csv,88,freq_hz,2267.050537,2267.050537,0.0
factory_5,frequency_response.csv,88,gain_db,-6.318977,-6.318977,0.0
factory_5,frequency_response.csv,89,time_s,5.983193,5.983193,0.0
factory_5,frequency_response.csv,89,freq_hz,2392.252441,2392.252441,0.0
factory_5,frequency_response.csv,89,gain_db,-6.342304,-6.342304,0.0
factory_5,frequency_response.csv,90,time_s,6.05042,6.05042,0.0
factory_5,frequency_response.csv,90,freq_hz,2524.368896,2524.368896,0.0
factory_5,frequency_response.csv,90,gain_db,-6.410012,-6.410012,0.0
factory_5,frequency_response.csv,91,time_s,6.117647,6.117647,0.0
factory_5,frequency_response.csv,91,freq_hz,2663.781738,2663.781738,0.0
factory_5,frequency_response.csv,91,gain_db,-6.603369,-6.603369,0.0
factory_5,frequency_response.csv,92,time_s,6.184874,6.184874,0.0
factory_5,frequency_response.csv,92,freq_hz,2810.893799,2810.893799,0.0
factory_5,frequency_response.csv,92,gain_db,-6.829691,-6.829691,0.0
factory_5,frequency_response.csv,93,time_s,6.252101,6.252101,0.0
factory_5,frequency_response.csv,93,freq_hz,2966.130371,2966.130371,0.0
factory_5,frequency_response.csv,93,gain_db,-7.072298,-7.072298,0.0
factory_5,frequency_response.csv,94,time_s,6.319328,6.319328,0.0
factory_5,frequency_response.csv,94,freq_hz,3129.94043,3129.94043,0.0
factory_5,frequency_response.csv,94,gain_db,-7.267357,-7.267357,0.0
factory_5,frequency_response.csv,95,time_s,6.386555,6.386555,0.0
factory_5,frequency_response.csv,95,freq_hz,3302.796875,3302.796875,0.0
factory_5,frequency_response.csv,95,gain_db,-7.362343,-7.362343,0.0
factory_5,frequency_response.csv,96,time_s,6.453782,6.453782,0.0
factory_5,frequency_response.csv,96,freq_hz,3485.199951,3485.199951,0.0
factory_5,frequency_response.csv,96,gain_db,-7.339378,-7.339378,0.0
factory_5,frequency_response.csv,97,time_s,6.521008,6.521008,0.0
factory_5,frequency_response.csv,97,freq_hz,3677.676025,3677.676025,0.0
factory_5,frequency_response.csv,97,gain_db,-7.270777,-7.270777,0.0
factory_5,frequency_response.csv,98,time_s,6.588235,6.588235,0.0
factory_5,frequency_response.csv,98,freq_hz,3880.782471,3880.782471,0.0
factory_5,frequency_response.csv,98,gain_db,-7.268711,-7.268711,0.0
factory_5,frequency_response.csv,99,time_s,6.655462,6.655462,0.0
factory_5,frequency_response.csv,99,freq_hz,4095.105469,4095.105469,0.0
factory_5,frequency_response.csv,99,gain_db,-7.301357,-7.301357,0.0
factory_5,frequency_response.csv,100,time_s,6.722689,6.722689,0.0
factory_5,frequency_response.csv,100,freq_hz,4321.265137,4321.265137,0.0
factory_5,frequency_response.csv,100,gain_db,-7.695708,-7.695708,0.0
factory_5,frequency_response.csv,101,time_s,6.789916,6.789916,0.0
factory_5,frequency_response.csv,101,freq_hz,4559.914551,4559.914551,0.0
factory_5,frequency_response.csv,101,gain_db,-8.198021,-8.198021,0.0
factory_5,frequency_response.csv,102,time_s,6.857143,6.857143,0.0
factory_5,frequency_response.csv,102,freq_hz,4811.744141,4811.744141,0.0
factory_5,frequency_response.csv,102,gain_db,-8.736772,-8.736772,0.0
factory_5,frequency_response.csv,103,time_s,6.92437,6.92437,0.0
factory_5,frequency_response.csv,103,freq_hz,5077.481445,5077.481445,0.0
factory_5,frequency_response.csv,103,gain_db,-9.243488,-9.243488,0.0
factory_5,frequency_response.csv,104,time_s,6.991597,6.991597,0.0
factory_5,frequency_response.csv,104,freq_hz,5357.894531,5357.894531,0.0
factory_5,frequency_response.csv,104,gain_db,-9.673841,-9.673841,0.0
factory_5,frequency_response.csv,105,time_s,7.058824,7.058824,0.0
factory_5,frequency_response.csv,105,freq_hz,5653.793457,5653.793457,0.0
factory_5,frequency_response.csv,105,gain_db,-10.053092,-10.053092,0.0
factory_5,frequency_response.csv,106,time_s,7.12605,7.12605,0.0
factory_5,frequency_response.csv,106,freq_hz,5966.034668,5966.034668,0.0
factory_5,frequency_response.csv,106,gain_db,-10.409287,-10.409287,0.0
factory_5,frequency_response.csv,107,time_s,7.193277,7.193277,0.0
factory_5,frequency_response.csv,107,freq_hz,6295.519531,6295.519531,0.0
factory_5,frequency_response.csv,107,gain_db,-10.788198,-10.788198,0.0
factory_5,frequency_response.csv,108,time_s,7.260504,7.260504,0.0
factory_5,frequency_response.csv,108,freq_hz,6643.200684,6643.200684,0.0
factory_5,frequency_response.csv,108,gain_db,-11.199699,-11.199699,0.0
factory_5,frequency_response.csv,109,time_s,7.327731,7.327731,0.0
factory_5,frequency_response.csv,109,freq_hz,7010.083008,7010.083008,0.0
factory_5,frequency_response.csv,109,gain_db,-11.692108,-11.692108,0.0
factory_5,frequency_response.csv,110,time_s,7.394958,7.394958,0.0
factory_5,frequency_response.csv,110,freq_hz,7397.227539,7397.227539,0.0
factory_5,frequency_response.csv,110,gain_db,-12.322344,-12.322344,0.0
factory_5,frequency_response.csv,111,time_s,7.462185,7.462185,0.0
factory_5,frequency_response.csv,111,freq_hz,7805.752441,7805.752441,0.0
factory_5,frequency_response.csv,111,gain_db,-13.040636,-13.040636,0.0
factory_5,frequency_response.csv,112,time_s,7.529412,7.529412,0.0
factory_5,frequency_response.csv,112,freq_hz,8236.839844,8236.839844,0.0
factory_5,frequency_response.csv,112,gain_db,-13.925647,-13.925647,0.0
factory_5,frequency_response.csv,113,time_s,7.596639,7.596639,0.0
factory_5,frequency_response.csv,113,freq_hz,8691.733398,8691.733398,0.0
factory_5,frequency_response.csv,113,gain_db,-14.755796,-14.755796,0.0
factory_5,frequency_response.csv,114,time_s,7.663866,7.663866,0.0
factory_5,frequency_response.csv,114,freq_hz,9171.75,9171.75,0.0
factory_5,frequency_response.csv,114,gain_db,-15.842775,-15.842775,0.0
factory_5,frequency_response.csv,115,time_s,7.731092,7.731092,0.0
factory_5,frequency_response.csv,115,freq_hz,9678.276367,9678.276367,0.0
factory_5,frequency_response.csv,115,gain_db,-16.841848,-16.841848,0.0
factory_5,frequency_response.csv,116,time_s,7.798319,7.798319,0.0
factory_5,frequency_response.csv,116,freq_hz,10212.776367,10212.776367,0.0
factory_5,frequency_response.csv,116,gain_db,-17.965033,-17.965033,0.0
factory_5,frequency_response.csv,117,time_s,7.865546,7.865546,0.0
factory_5,frequency_response.csv,117,freq_hz,10776.795898,10776.795898,0.0
factory_5,frequency_response.csv,117,gain_db,-19.159817,-19.159817,0.0
factory_5,frequency_response.csv,118,time_s,7.932773,7.932773,0.0
factory_5,frequency_response.csv,118,freq_hz,11371.962891,11371.962891,0.0
factory_5,frequency_response.csv,118,gain_db,-20.439106,-20.439106,0.0
factory_5,frequency_response.csv,119,time_s,8.0,8.0,0.0
factory_5,frequency_response.csv,119,freq_hz,12000.0,12000.0,0.0
factory_5,frequency_response.csv,119,gain_db,-21.57155,-21.57155,0.0
factory_5,notch_tracking.csv,0,time_s,0.201681,0.201681,0.0
factory_5,notch_tracking.csv,0,freq_hz,23.499975,23.499975,0.0
factory_5,notch_tracking.csv,0,notch_depth_db,-11.121008,-11.121008,0.0
factory_5,notch_tracking.csv,1,time_s,0.941177,0.941177,0.0
factory_5,notch_tracking.csv,1,freq_hz,42.449379,42.449379,0.0
factory_5,notch_tracking.csv,1,notch_depth_db,-7.616952,-7.616952,0.0
factory_5,notch_tracking.csv,2,time_s,1.277311,1.277311,0.0
factory_5,notch_tracking.csv,2,freq_hz,55.539299,55.539299,0.0
factory_5,notch_tracking.csv,2,notch_depth_db,-8.575903,-8.575903,0.0
factory_5,notch_tracking.csv,3,time_s,1.411765,1.411765,0.0
factory_5,notch_tracking.csv,3,freq_hz,61.843204,61.843204,0.0
factory_5,notch_tracking.csv,3,notch_depth_db,-8.083752,-8.083752,0.0
factory_5,notch_tracking.csv,4,time_s,2.285714,2.285714,0.0
factory_5,notch_tracking.csv,4,freq_hz,124.390594,124.390594,0.0
factory_5,notch_tracking.csv,4,notch_depth_db,-6.963551,-6.963551,0.0
factory_5,notch_tracking.csv,5,time_s,3.226891,3.226891,0.0
factory_5,notch_tracking.csv,5,freq_hz,264.015137,264.015137,0.0
factory_5,notch_tracking.csv,5,notch_depth_db,-5.972629,-5.972629,0.0
factory_5,notch_tracking.csv,6,time_s,4.168067,4.168067,0.0
factory_5,notch_tracking.csv,6,freq_hz,560.364014,560.364014,0.0
factory_5,notch_tracking.csv,6,notch_depth_db,-5.294903,-5.294903,0.0
factory_5,notch_tracking.csv,7,time_s,6.386555,6.386555,0.0
factory_5,notch_tracking.csv,7,freq_hz,3302.796875,3302.796875,0.0
factory_5,notch_tracking.csv,7,notch_depth_db,-7.362343,-7.362343,0.0
factory_5,thd_vs_drive.csv,0,sine_level_db,-24.0,-24.0,0.0
factory_5,thd_vs_drive.csv,0,thd_ratio,0.002262,0.002262,0.0
factory_5,thd_vs_drive.csv,0,thd_db,-52.911209,-52.911209,0.0
factory_5,thd_vs_drive.csv,0,broadband_hf_db,-82.680603,-82.680603,0.0
factory_5,thd_vs_drive.csv,1,sine_level_db,-18.0,-18.0,0.0
factory_5,thd_vs_drive.csv,1,thd_ratio,0.005268,0.005268,0.0
factory_5,thd_vs_drive.csv,1,thd_db,-45.567799,-45.567799,0.0
factory_5,thd_vs_drive.csv,1,broadband_hf_db,-82.683403,-82.683403,0.0
factory_5,thd_vs_drive.csv,2,sine_level_db,-12.0,-12.0,0.0
factory_5,thd_vs_drive.csv,2,thd_ratio,0.014955,0.014955,0.0
factory_5,thd_vs_drive.csv,2,thd_db,-36.504196,-36.504196,0.0
factory_5,thd_vs_drive.csv,2,broadband_hf_db,-82.683197,-82.683197,0.0
factory_5,thd_vs_drive.csv,3,sine_level_db,-6.0,-6.0,0.0
factory_5,thd_vs_drive.csv,3,thd_ratio,0.052648,0.052648,0.0
factory_5,thd_vs_drive.csv,3,thd_db,-25.572359,-25.572359,0.0
factory_5,thd_vs_drive.csv,3,broadband_hf_db,-82.683441,-82.683441,0.0
factory_5,thd_vs_drive.csv,4,sine_level_db,0.0,0.0,0.0
factory_5,thd_vs_drive.csv,4,thd_ratio,0.166465,0.166465,0.0
factory_5,thd_vs_drive.csv,4,thd_db,-15.573548,-15.573548,0.0
factory_5,thd_vs_drive.csv,4,broadband_hf_db,-81.304459,-81.304459,0.0
factory_6,summary.csv,average_tracked_notch_db,value,-8.427267,-8.427267,0.0
factory_6,summary.csv,deepest_tracked_notch_db,value,-13.555879,-13.555879,0.0
factory_6,summary.csv,guitar_broadband_hf_db,value,-78.737175,-78.737175,0.0
factory_6,summary.csv,guitar_lr_correlation,value,0.915028,0.915028,0.0
factory_6,summary.csv,guitar_mono_fold_db,value,-0.210841,-0.210841,0.0
factory_6,summary.csv,guitar_side_to_mid_db,value,-13.032439,-13.032439,0.0
factory_6,summary.csv,sweep_broadband_hf_db,value,-82.542587,-82.542587,0.0
factory_6,summary.csv,sweep_lr_correlation,value,0.972649,0.972649,0.0
factory_6,summary.csv,sweep_mono_fold_db,value,-0.059803,-0.059803,0.0
factory_6,summary.csv,sweep_side_to_mid_db,value,-18.580696,-18.580696,0.0
factory_6,summary.csv,tracked_notch_count,value,10.0,10.0,0.0
factory_6,summary.csv,tracked_notch_high_hz,value,6643.200684,6643.200684,0.0
factory_6,summary.csv,tracked_notch_low_hz,value,29.13739,29.13739,0.0
factory_6,summary.csv,tracked_notch_span_oct,value,7.832863,7.832863,0.0
factory_6,summary.csv,worst_thd_db,value,-21.625042,-21.625042,0.0
factory_6,frequency_response.csv,0,time_s,0.0,0.0,0.0
factory_6,frequency_response.csv,0,freq_hz,20.0,20.0,0.0
factory_6,frequency_response.csv,0,gain_db,-9.577628,-9.577628,0.0
factory_6,frequency_response.csv,1,time_s,0.067227,0.067227,0.0
factory_6,frequency_response.csv,1,freq_hz,21.104536,21.104536,0.0
factory_6,frequency_response.csv,1,gain_db,-6.228645,-6.228645,0.0
factory_6,frequency_response.csv,2,time_s,0.134454,0.134454,0.0
factory_6,frequency_response.csv,2,freq_hz,22.270071,22.270071,0.0
factory_6,frequency_response.csv,2,gain_db,-5.479081,-5.479081,0.0
factory_6,frequency_response.csv,3,time_s,0.201681,0.201681,0.0
factory_6,frequency_response.csv,3,freq_hz,23.499975,23.499975,0.0
factory_6,frequency_response.csv,3,gain_db,-4.731737,-4.731737,0.0
factory_6,frequency_response.csv,4,time_s,0.268908,0.268908,0.0
factory_6,frequency_response.csv,4,freq_hz,24.797804,24.797804,0.0
factory_6,frequency_response.csv,4,gain_db,-3.901412,-3.901412,0.0
factory_6,frequency_response.csv,5,time_s,0.336134,0.336134,0.0
factory_6,frequency_response.csv,5,freq_hz,26.167307,26.167307,0.0
factory_6,frequency_response.csv,5,gain_db,-3.519686,-3.519686,0.0
factory_6,frequency_response.csv,6,time_s,0.403361,0.403361,0.0
factory_6,frequency_response.csv,6,freq_hz,27.612442,27.612442,0.0
factory_6,frequency_response.csv,6,gain_db,-3.095308,-3.095308,0.0
factory_6,frequency_response.csv,7,time_s,0.470588,0.470588,0.0
factory_6,frequency_response.csv,7,freq_hz,29.13739,29.13739,0.0
factory_6,frequency_response.csv,7,gain_db,-3.294566,-3.294566,0.0
factory_6,frequency_response.csv,8,time_s,0.537815,0.537815,0.0
factory_6,frequency_response.csv,8,freq_hz,30.746555,30.746555,0.0
factory_6,frequency_response.csv,8,gain_db,-3.23013,-3.23013,0.0
factory_6,frequency_response.csv,9,time_s,0.605042,0.605042,0.0
factory_6,frequency_response.csv,9,freq_hz,32.444588,32.444588,0.0
factory_6,frequency_response.csv,9,gain_db,-3.257562,-3.257562,0.0
factory_6,frequency_response.csv,10,time_s,0.672269,0.672269,0.0
factory_6,frequency_response.csv,10,freq_hz,34.236401,34.236401,0.0
factory_6,frequency_response.csv,10,gain_db,-3.254679,-3.254679,0.0
factory_6,frequency_response.csv,11,time_s,0.739496,0.739496,0.0
factory_6,frequency_response.csv,11,freq_hz,36.127167,36.127167,0.0
factory_6,frequency_response.csv,11,gain_db,-3.302567,-3.302567,0.0
factory_6,frequency_response.csv,12,time_s,0.806723,0.806723,0.0
factory_6,frequency_response.csv,12,freq_hz,38.122353,38.122353,0.0
factory_6,frequency_response.csv,12,gain_db,-3.328095,-3.328095,0.0
factory_6,frequency_response.csv,13,time_s,0.87395,0.87395,0.0
factory_6,frequency_response.csv,13,freq_hz,40.22773,40.22773,0.0
factory_6,frequency_response.csv,13,gain_db,-3.400804,-3.400804,0.0
factory_6,frequency_response.csv,14,time_s,0.941177,0.941177,0.0
factory_6,frequency_response.csv,14,freq_hz,42.449379,42.449379,0.0
factory_6,frequency_response.csv,14,gain_db,-3.646325,-3.646325,0.0
factory_6,frequency_response.csv,15,time_s,1.008403,1.008403,0.0
factory_6,frequency_response.csv,15,freq_hz,44.79372,44.79372,0.0
factory_6,frequency_response.csv,15,gain_db,-4.112583,-4.112583,0.0
factory_6,frequency_response.csv,16,time_s,1.07563,1.07563,0.0
factory_6,frequency_response.csv,16,freq_hz,47.267536,47.267536,0.0
factory_6,frequency_response.csv,16,gain_db,-5.217453,-5.217453,0.0
factory_6,frequency_response.csv,17,time_s,1.142857,1.142857,0.0
factory_6,frequency_response.csv,17,freq_hz,49.877968,49.877968,0.0
factory_6,frequency_response.csv,17,gain_db,-6.583734,-6.583734,0.0
factory_6,frequency_response.csv,18,time_s,1.210084,1.210084,0.0
factory_6,frequency_response.csv,18,freq_hz,52.632568,52.632568,0.0
factory_6,frequency_response.csv,18,gain_db,-9.188558,-9.188558,0.0
factory_6,frequency_response.csv,19,time_s,1.277311,1.277311,0.0
factory_6,frequency_response.csv,19,freq_hz,55.539299,55.539299,0.0
factory_6,frequency_response.csv,19,gain_db,-11.887573,-11.887573,0.0
factory_6,frequency_response.csv,20,time_s,1.344538,1.344538,0.0
factory_6,frequency_response.csv,20,freq_hz,58.606552,58.606552,0.0
factory_6,frequency_response.csv,20,gain_db,-13.555879,-13.555879,0.0
factory_6,frequency_response.csv,21,time_s,1.411765,1.411765,0.0
factory_6,frequency_response.csv,21,freq_hz,61.843204,61.843204,0.0
factory_6,frequency_response.csv,21,gain_db,-13.437981,-13.437981,0.0
factory_6,frequency_response.csv,22,time_s,1.478992,1.478992,0.0
factory_6,frequency_response.csv,22,freq_hz,65.258606,65.258606,0.0
factory_6,frequency_response.csv,22,gain_db,-13.040109,-13.040109,0.0
factory_6,frequency_response.csv,23,time_s,1.546218,1.546218,0.0
factory_6,frequency_response.csv,23,freq_hz,68.862625,68.862625,0.0
factory_6,frequency_response.csv,23,gain_db,-12.135164,-12.135164,0.0
factory_6,frequency_response.csv,24,time_s,1.613445,1.613445,0.0
factory_6,frequency_response.csv,24,freq_hz,72.665695,72.665695,0.0
factory_6,frequency_response.csv,24,gain_db,-9.469768,-9.469768,0.0
factory_6,frequency_response.csv,25,time_s,1.680672,1.680672,0.0
factory_6,frequency_response.csv,25,freq_hz,76.678787,76.678787,0.0
factory_6,frequency_response.csv,25,gain_db,-7.601653,-7.601653,0.0
factory_6,frequency_response.csv,26,time_s,1.747899,1.747899,0.0
factory_6,frequency_response.csv,26,freq_hz,80.913506,80.913506,0.0
factory_6,frequency_response.csv,26,gain_db,-6.085011,-6.085011,0.0
factory_6,frequency_response.csv,27,time_s,1.815126,1.815126,0.0
factory_6,frequency_response.csv,27,freq_hz,85.382095,85.382095,0.0
factory_6,frequency_response.csv,27,gain_db,-6.003529,-6.003529,0.0
factory_6,frequency_response.csv,28,time_s,1.882353,1.882353,0.0
factory_6,frequency_response.csv,28,freq_hz,90.097488,90.097488,0.0
factory_6,frequency_response.csv,28,gain_db,-6.494629,-6.494629,0.0
factory_6,frequency_response.csv,29,time_s,1.94958,1.94958,0.0
factory_6,frequency_response.csv,29,freq_hz,95.073273,95.073273,0.0
factory_6,frequency_response.csv,29,gain_db,-6.65102,-6.65102,0.0
factory_6,frequency_response.csv,30,time_s,2.016807,2.016807,0.0
factory_6,frequency_response.csv,30,freq_hz,100.323875,100.323875,0.0
factory_6,frequency_response.csv,30,gain_db,-7.202938,-7.202938,0.0
factory_6,frequency_response.csv,31,time_s,2.084034,2.084034,0.0
factory_6,frequency_response.csv,31,freq_hz,105.864441,105.864441,0.0
factory_6,frequency_response.csv,31,gain_db,-7.599011,-7.599011,0.0
factory_6,frequency_response.csv,32,time_s,2.151261,2.151261,0.0
factory_6,frequency_response.csv,32,freq_hz,111.710999,111.710999,0.0
factory_6,frequency_response.csv,32,gain_db,-8.051021,-8.051021,0.0
factory_6,frequency_response.csv,33,time_s,2.218488,2.218488,0.0
factory_6,frequency_response.csv,33,freq_hz,117.880432,117.880432,0.0
factory_6,frequency_response.csv,33,gain_db,-8.478551,-8.478551,0.0
factory_6,frequency_response.csv,34,time_s,2.285714,2.285714,0.0
factory_6,frequency_response.csv,34,freq_hz,124.390594,124.390594,0.0
factory_6,frequency_response.csv,34,gain_db,-9.26133,-9.26133,0.0
factory_6,frequency_response.csv,35,time_s,2.352941,2.352941,0.0
factory_6,frequency_response.csv,35,freq_hz,131.260284,131.260284,0.0
factory_6,frequency_response.csv,35,gain_db,-10.414545,-10.414545,0.0
factory_6,frequency_response.csv,36,time_s,2.420168,2.420168,0.0
factory_6,frequency_response.csv,36,freq_hz,138.509369,138.509369,0.0
factory_6,frequency_response.csv,36,gain_db,-12.232718,-12.232718,0.0
factory_6,frequency_response.csv,37,time_s,2.487395,2.487395,0.0
factory_6,frequency_response.csv,37,freq_hz,146.158783,146.158783,0.0
factory_6,frequency_response.csv,37,gain_db,-12.436461,-12.436461,0.0
factory_6,frequency_response.csv,38,time_s,2.554622,2.554622,0.0
factory_6,frequency_response.csv,38,freq_hz,154.230667,154.230667,0.0
factory_6,frequency_response.csv,38,gain_db,-9.261353,-9.261353,0.0
factory_6,frequency_response.csv,39,time_s,2.621849,2.621849,0.0
factory_6,frequency_response.csv,39,freq_hz,162.748337,162.748337,0.0
factory_6,frequency_response.csv,39,gain_db,-5.956862,-5.956862,0.0
factory_6,frequency_response.csv,40,time_s,2.689076,2.689076,0.0
factory_6,frequency_response.csv,40,freq_hz,171.73642,171.73642,0.0
factory_6,frequency_response.csv,40,gain_db,-3.373442,-3.373442,0.0
factory_6,frequency_response.csv,41,time_s,2.756303,2.756303,0.0
factory_6,frequency_response.csv,41,freq_hz,181.220856,181.220856,0.0
factory_6,frequency_response.csv,41,gain_db,-2.182397,-2.182397,0.0
factory_6,frequency_response.csv,42,time_s,2.823529,2.823529,0.0
factory_6,frequency_response.csv,42,freq_hz,191.229095,191.229095,0.0
factory_6,frequency_response.csv,42,gain_db,-2.308995,-2.308995,0.0
factory_6,frequency_response.csv,43,time_s,2.890756,2.890756,0.0
factory_6,frequency_response.csv,43,freq_hz,201.79007,201.79007,0.0
factory_6,frequency_response.csv,43,gain_db,-2.863012,-2.863012,0.0
factory_6,frequency_response.csv,44,time_s,2.957983,2.957983,0.0
factory_6,frequency_response.csv,44,freq_hz,212.93428,212.93428,0.0
factory_6,frequency_response.csv,44,gain_db,-4.761107,-4.761107,0.0
factory_6,frequency_response.csv,45,time_s,3.02521,3.02521,0.0
factory_6,frequency_response.csv,45,freq_hz,224.69397,224.69397,0.0
factory_6,frequency_response.csv,45,gain_db,-9.165064,-9.165064,0.0
factory_6,frequency_response.csv,46,time_s,3.092437,3.092437,0.0
factory_6,frequency_response.csv,46,freq_hz,237.103104,237.103104,0.0
factory_6,frequency_response.csv,46,gain_db,-12.050705,-12.050705,0.0
factory_6,frequency_response.csv,47,time_s,3.159664,3.159664,0.0
factory_6,frequency_response.csv,47,freq_hz,250.19754,250.19754,0.0
factory_6,frequency_response.csv,47,gain_db,-12.786626,-12.786626,0.0
factory_6,frequency_response.csv,48,time_s,3.226891,3.226891,0.0
factory_6,frequency_response.csv,48,freq_hz,264.015137,264.015137,0.0
factory_6,frequency_response.csv,48,gain_db,-12.720183,-12.720183,0.0
factory_6,frequency_response.csv,49,time_s,3.294118,3.294118,0.0
factory_6,frequency_response.csv,49,freq_hz,278.595856,278.595856,0.0
factory_6,frequency_response.csv,49,gain_db,-12.508191,-12.508191,0.0
factory_6,frequency_response.csv,50,time_s,3.361345,3.361345,0.0
factory_6,frequency_response.csv,50,freq_hz,293.981812,293.981812,0.0
factory_6,frequency_response.csv,50,gain_db,-12.241501,-12.241501,0.0
factory_6,frequency_response.csv,51,time_s,3.428571,3.428571,0.0
factory_6,frequency_response.csv,51,freq_hz,310.217468,310.217468,0.0
factory_6,frequency_response.csv,51,gain_db,-11.934775,-11.934775,0.0
factory_6,frequency_response.csv,52,time_s,3.495798,3.495798,0.0
factory_6,frequency_response.csv,52,freq_hz,327.349792,327.349792,0.0
factory_6,frequency_response.csv,52,gain_db,-11.593675,-11.593675,0.0
factory_6,frequency_response.csv,53,time_s,3.563025,3.563025,0.0
factory_6,frequency_response.csv,53,freq_hz,345.428284,345.428284,0.0
factory_6,frequency_response.csv,53,gain_db,-11.198779,-11.198779,0.0
factory_6,frequency_response.csv,54,time_s,3.630252,3.630252,0.0
factory_6,frequency_response.csv,54,freq_hz,364.505157,364.505157,0.0
factory_6,frequency_response.csv,54,gain_db,-10.546837,-10.546837,0.0
factory_6,frequency_response.csv,55,time_s,3.697479,3.697479,0.0
factory_6,frequency_response.csv,55,freq_hz,384.63562,384.63562,0.0
factory_6,frequency_response.csv,55,gain_db,-9.443123,-9.443123,0.0
factory_6,frequency_response.csv,56,time_s,3.764706,3.764706,0.0
factory_6,frequency_response.csv,56,freq_hz,405.877808,405.877808,0.0
factory_6,frequency_response.csv,56,gain_db,-7.177436,-7.177436,0.0
factory_6,frequency_response.csv,57,time_s,3.831933,3.831933,0.0
factory_6,frequency_response.csv,57,freq_hz,428.293121,428.293121,0.0
factory_6,frequency_response.csv,57,gain_db,-5.022104,-5.022104,0.0
factory_6,frequency_response.csv,58,time_s,3.89916,3.89916,0.0
factory_6,frequency_response.csv,58,freq_hz,451.946381,451.946381,0.0
factory_6,frequency_response.csv,58,gain_db,-3.349422,-3.349422,0.0
factory_6,frequency_response.csv,59,time_s,3.966387,3.966387,0.0
factory_6,frequency_response.csv,59,freq_hz,476.905945,476.905945,0.0
factory_6,frequency_response.csv,59,gain_db,-2.299604,-2.299604,0.0
factory_6,frequency_response.csv,60,time_s,4.033614,4.033614,0.0
factory_6,frequency_response.csv,60,freq_hz,503.244019,503.244019,0.0
factory_6,frequency_response.csv,60,gain_db,-2.753099,-2.753099,0.0
factory_6,frequency_response.csv,61,time_s,4.100841,4.100841,0.0
factory_6,frequency_response.csv,61,freq_hz,531.03656,531.03656,0.0
factory_6,frequency_response.csv,61,gain_db,-4.566344,-4.566344,0.0
factory_6,frequency_response.csv,62,time_s,4.168067,4.168067,0.0
factory_6,frequency_response.csv,62,freq_hz,560.364014,560.364014,0.0
factory_6,frequency_response.csv,62,gain_db,-5.975461,-5.975461,0.0
factory_6,frequency_response.csv,63,time_s,4.235294,4.235294,0.0
factory_6,frequency_response.csv,63,freq_hz,591.311096,591.311096,0.0
factory_6,frequency_response.csv,63,gain_db,-6.20809,-6.20809,0.0
factory_6,frequency_response.csv,64,time_s,4.302521,4.302521,0.0
factory_6,frequency_response.csv,64,freq_hz,623.967346,623.967346,0.0
factory_6,frequency_response.csv,64,gain_db,-5.573655,-5.573655,0.0
factory_6,frequency_response.csv,65,time_s,4.369748,4.369748,0.0
factory_6,frequency_response.csv,65,freq_hz,658.427063,658.427063,0.0
factory_6,frequency_response.csv,65,gain_db,-3.316674,-3.316674,0.0
factory_6,frequency_response.csv,66,time_s,4.436975,4.436975,0.0
factory_6,frequency_response.csv,66,freq_hz,694.789795,694.789795,0.0
factory_6,frequency_response.csv,66,gain_db,-2.547184,-2.547184,0.0
factory_6,frequency_response.csv,67,time_s,4.504202,4.504202,0.0
factory_6,frequency_response.csv,67,freq_hz,733.160889,733.160889,0.0
factory_6,frequency_response.csv,67,gain_db,-3.514384,-3.514384,0.0
factory_6,frequency_response.csv,68,time_s,4.571429,4.571429,0.0
factory_6,frequency_response.csv,68,freq_hz,773.651001,773.651001,0.0
factory_6,frequency_response.csv,68,gain_db,-4.260249,-4.260249,0.0
factory_6,frequency_response.csv,69,time_s,4.638656,4.638656,0.0
factory_6,frequency_response.csv,69,freq_hz,816.377197,816.377197,0.0
factory_6,frequency_response.csv,69,gain_db,-3.860523,-3.860523,0.0
factory_6,frequency_response.csv,70,time_s,4.705883,4.705883,0.0
factory_6,frequency_response.csv,70,freq_hz,861.463074,861.463074,0.0
factory_6,frequency_response.csv,70,gain_db,-3.457775,-3.457775,0.0
factory_6,frequency_response.csv,71,time_s,4.773109,4.773109,0.0
factory_6,frequency_response.csv,71,freq_hz,909.03894,909.03894,0.0
factory_6,frequency_response.csv,71,gain_db,-3.099186,-3.099186,0.0
factory_6,frequency_response.csv,72,time_s,4.840336,4.840336,0.0
factory_6,frequency_response.csv,72,freq_hz,959.242249,959.242249,0.0
factory_6,frequency_response.csv,72,gain_db,-2.807575,-2.807575,0.0
factory_6,frequency_response.csv,73,time_s,4.907563,4.907563,0.0
factory_6,frequency_response.csv,73,freq_hz,1012.218079,1012.218079,0.0
factory_6,frequency_response.csv,73,gain_db,-2.564014,-2.564014,0.0
factory_6,frequency_response.csv,74,time_s,4.97479,4.97479,0.0
factory_6,frequency_response.csv,74,freq_hz,1068.119629,1068.119629,0.0
factory_6,frequency_response.csv,74,gain_db,-2.331024,-2.331024,0.0
factory_6,frequency_response.csv,75,time_s,5.042017,5.042017,0.0
factory_6,frequency_response.csv,75,freq_hz,1127.108398,1127.108398,0.0
factory_6,frequency_response.csv,75,gain_db,-2.226661,-2.226661,0.0
factory_6,frequency_response.csv,76,time_s,5.109244,5.109244,0.0
factory_6,frequency_response.csv,76,freq_hz,1189.355103,1189.355103,0.0
factory_6,frequency_response.csv,76,gain_db,-2.470788,-2.470788,0.0
factory_6,frequency_response.csv,77,time_s,5.176471,5.176471,0.0
factory_6,frequency_response.csv,77,freq_hz,1255.039307,1255.039307,0.0
factory_6,frequency_response.csv,77,gain_db,-3.019773,-3.019773,0.0
factory_6,frequency_response.csv,78,time_s,5.243698,5.243698,0.0
factory_6,frequency_response.csv,78,freq_hz,1324.351074,1324.351074,0.0
factory_6,frequency_response.csv,78,gain_db,-4.724784,-4.724784,0.0
factory_6,frequency_response.csv,79,time_s,5.310925,5.310925,0.0
factory_6,frequency_response.csv,79,freq_hz,1397.490845,1397.490845,0.0
factory_6,frequency_response.csv,79,gain_db,-8.141808,-8.141808,0.0
factory_6,frequency_response.csv,80,time_s,5.378151,5.378151,0.0
factory_6,frequency_response.csv,80,freq_hz,1474.669678,1474.669678,0.0
factory_6,frequency_response.csv,80,gain_db,-11.424636,-11.424636,0.0
factory_6,frequency_response.csv,81,time_s,5.445378,5.445378,0.0
factory_6,frequency_response.csv,81,freq_hz,1556.110962,1556.110962,0.0
factory_6,frequency_response.csv,81,gain_db,-12.719836,-12.719836,0.0
factory_6,frequency_response.csv,82,time_s,5.512605,5.512605,0.0
factory_6,frequency_response.csv,82,freq_hz,1642.050049,1642.050049,0.0
factory_6,frequency_response.csv,82,gain_db,-12.34589,-12.34589,0.0
factory_6,frequency_response.csv,83,time_s,5.579832,5.579832,0.0
factory_6,frequency_response.csv,83,freq_hz,1732.735107,1732.735107,0.0
factory_6,frequency_response.csv,83,gain_db,-11.836782,-11.836782,0.0
factory_6,frequency_response.csv,84,time_s,5.647059,5.647059,0.0
factory_6,frequency_response.csv,84,freq_hz,1828.428467,1828.428467,0.0
factory_6,frequency_response.csv,84,gain_db,-11.805135,-11.805135,0.0
factory_6,frequency_response.csv,85,time_s,5.714286,5.714286,0.0
factory_6,frequency_response.csv,85,freq_hz,1929.406738,1929.406738,0.0
factory_6,frequency_response.csv,85,gain_db,-10.724161,-10.724161,0.0
factory_6,frequency_response.csv,86,time_s,5.781513,5.781513,0.0
factory_6,frequency_response.csv,86,freq_hz,2035.96167,2035.96167,0.0
factory_6,frequency_response.csv,86,gain_db,-8.471318,-8.471318,0.0
factory_6,frequency_response.csv,87,time_s,5.84874,5.84874,0.0
factory_6,frequency_response.csv,87,freq_hz,2148.401367,2148.401367,0.0
factory_6,frequency_response.csv,87,gain_db,-6.984621,-6.984621,0.0
factory_6,frequency_response.csv,88,time_s,5.915967,5.915967,0.0
factory_6,frequency_response.csv,88,freq_hz,2267.050537,2267.050537,0.0
factory_6,frequency_response.csv,88,gain_db,-5.750444,-5.750444,0.0
factory_6,frequency_response.csv,89,time_s,5.983193,5.983193,0.0
factory_6,frequency_response.csv,89,freq_hz,2392.252441,2392.252441,0.0
factory_6,frequency_response.csv,89,gain_db,-6.05001,-6.05001,0.0
factory_6,frequency_response.csv,90,time_s,6.05042,6.05042,0.0
factory_6,frequency_response.csv,90,freq_hz,2524.368896,2524.368896,0.0
factory_6,frequency_response.csv,90,gain_db,-6.692966,-6.692966,0.0
factory_6,frequency_response.csv,91,time_s,6.117647,6.117647,0.0
factory_6,frequency_response.csv,91,freq_hz,2663.781738,2663.781738,0.0
factory_6,frequency_response.csv,91,gain_db,-7.305528,-7.305528,0.0
factory_6,frequency_response.csv,92,time_s,6.184874,6.184874,0.0
factory_6,frequency_response.csv,92,freq_hz,2810.893799,2810.893799,0.0
factory_6,frequency_response.csv,92,gain_db,-7.856245,-7.856245,0.0
factory_6,frequency_response.csv,93,time_s,6.252101,6.252101,0.0
factory_6,frequency_response.csv,93,freq_hz,2966.130371,2966.130371,0.0
factory_6,frequency_response.csv,93,gain_db,-8.338657,-8.338657,0.0
factory_6,frequency_response.csv,94,time_s,6.319328,6.319328,0.0
factory_6,frequency_response.csv,94,freq_hz,3129.94043,3129.94043,0.0
factory_6,frequency_response.csv,94,gain_db,-8.768724,-8.768724,0.0
factory_6,frequency_response.csv,95,time_s,6.386555,6.386555,0.0
factory_6,frequency_response.csv,95,freq_hz,3302.796875,3302.796875,0.0
factory_6,frequency_response.csv,95,gain_db,-9.264575,-9.264575,0.0
factory_6,frequency_response.csv,96,time_s,6.453782,6.453782,0.0
factory_6,frequency_response.csv,96,freq_hz,3485.199951,3485.199951,0.0
factory_6,frequency_response.csv,96,gain_db,-9.708613,-9.708613,0.0
factory_6,frequency_response.csv,97,time_s,6.521008,6.521008,0.0
factory_6,frequency_response.csv,97,freq_hz,3677.676025,3677.676025,0.0
factory_6,frequency_response.csv,97,gain_db,-10.133461,-10.133461,0.0
factory_6,frequency_response.csv,98,time_s,6.588235,6.588235,0.0
factory_6,frequency_response.csv,98,freq_hz,3880.782471,3880.782471,0.0
factory_6,frequency_response.csv,98,gain_db,-9.905968,-9.905968,0.0
factory_6,frequency_response.csv,99,time_s,6.655462,6.655462,0.0
factory_6,frequency_response.csv,99,freq_hz,4095.105469,4095.105469,0.0
factory_6,frequency_response.csv,99,gain_db,-8.114783,-8.114783,0.0
factory_6,frequency_response.csv,100,time_s,6.722689,6.722689,0.0
factory_6,frequency_response.csv,100,freq_hz,4321.265137,4321.265137,0.0
factory_6,frequency_response.csv,100,gain_db,-6.150152,-6.150152,0.0
factory_6,frequency_response.csv,101,time_s,6.789916,6.789916,0.0
factory_6,frequency_response.csv,101,freq_hz,4559.914551,4559.914551,0.0
factory_6,frequency_response.csv,101,gain_db,-4.096811,-4.096811,0.0
factory_6,frequency_response.csv,102,time_s,6.857143,6.857143,0.0
factory_6,frequency_response.csv,102,freq_hz,4811.744141,4811.744141,0.0
factory_6,frequency_response.csv,102,gain_db,-2.996244,-2.996244,0.0
factory_6,frequency_response.csv,103,time_s,6.92437,6.92437,0.0
factory_6,frequency_response.csv,103,freq_hz,5077.481445,5077.481445,0.0
factory_6,frequency_response.csv,103,gain_db,-2.907576,-2.907576,0.0
factory_6,frequency_response.csv,104,time_s,6.991597,6.991597,0.0
factory_6,frequency_response.csv,104,freq_hz,5357.894531,5357.894531,0.0
factory_6,frequency_response.csv,104,gain_db,-3.46505,-3.46505,0.0
factory_6,frequency_response.csv,105,time_s,7.058824,7.058824,0.0
factory_6,frequency_response.csv,105,freq_hz,5653.793457,5653.793457,0.0
factory_6,frequency_response.csv,105,gain_db,-3.721183,-3.721183,0.0
factory_6,frequency_response.csv,106,time_s,7.12605,7.12605,0.0
factory_6,frequency_response.csv,106,freq_hz,5966.034668,5966.034668,0.0
factory_6,frequency_response.csv,106,gain_db,-4.617793,-4.617793,0.0
factory_6,frequency_response.csv,107,time_s,7.193277,7.193277,0.0
factory_6,frequency_response.csv,107,freq_hz,6295.519531,6295.519531,0.0
factory_6,frequency_response.csv,107,gain_db,-5.263959,-5.263959,0.0
factory_6,frequency_response.csv,108,time_s,7.260504,7.260504,0.0
factory_6,frequency_response.csv,108,freq_hz,6643.200684,6643.200684,0.0
factory_6,frequency_response.csv,108,gain_db,-5.619936,-5.619936,0.0
factory_6,frequency_response.csv,109,time_s,7.327731,7.327731,0.0
factory_6,frequency_response.csv,109,freq_hz,7010.083008,7010.083008,0.0
factory_6,frequency_response.csv,109,gain_db,-5.516932,-5.516932,0.0
factory_6,frequency_response.csv,110,time_s,7.394958,7.394958,0.0
factory_6,frequency_response.csv,110,freq_hz,7397.227539,7397.227539,0.0
factory_6,frequency_response.csv,110,gain_db,-5.059488,-5.059488,0.0
factory_6,frequency_response.csv,111,time_s,7.462185,7.462185,0.0
factory_6,frequency_response.csv,111,freq_hz,7805.752441,7805.752441,0.0
factory_6,frequency_response.csv,111,gain_db,-4.718392,-4.718392,0.0
factory_6,frequency_response.csv,112,time_s,7.529412,7.529412,0.0
factory_6,frequency_response.csv,112,freq_hz,8236.839844,8236.839844,0.0
factory_6,frequency_response.csv,112,gain_db,-4.504654,-4.504654,0.0
factory_6,frequency_response.csv,113,time_s,7.596639,7.596639,0.0
factory_6,frequency_response.csv,113,freq_hz,8691.733398,8691.733398,0.0
factory_6,frequency_response.csv,113,gain_db,-4.405907,-4.405907,0.0
factory_6,frequency_response.csv,114,time_s,7.663866,7.663866,0.0
factory_6,frequency_response.csv,114,freq_hz,9171.75,9171.75,0.0
factory_6,frequency_response.csv,114,gain_db,-4.406035,-4.406035,0.0
factory_6,frequency_response.csv,115,time_s,7.731092,7.731092,0.0
factory_6,frequency_response.csv,115,freq_hz,9678.276367,9678.276367,0.0
factory_6,frequency_response.csv,115,gain_db,-4.484268,-4.484268,0.0
factory_6,frequency_response.csv,116,time_s,7.798319,7.798319,0.0
factory_6,frequency_response.csv,116,freq_hz,10212.776367,10212.776367,0.0
factory_6,frequency_response.csv,116,gain_db,-4.626114,-4.626114,0.0
factory_6,frequency_response.csv,117,time_s,7.865546,7.865546,0.0
factory_6,frequency_response.csv,117,freq_hz,10776.795898,10776.795898,0.0
factory_6,frequency_response.csv,117,gain_db,-4.813935,-4.813935,0.0
factory_6,frequency_response.csv,118,time_s,7.932773,7.932773,0.0
factory_6,frequency_response.csv,118,freq_hz,11371.962891,11371.962891,0.0
factory_6,frequency_response.csv,118,gain_db,-5.035775,-5.035775,0.0
factory_6,frequency_response.csv,119,time_s,8.0,8.0,0.0
factory_6,frequency_response.csv,119,freq_hz,12000.0,12000.0,0.0
factory_6,frequency_response.csv,119,gain_db,-5.250256,-5.250256,0.0
factory_6,notch_tracking.csv,0,time_s,0.470588,0.470588,0.0
factory_6,notch_tracking.csv,0,freq_hz,29.13739,29.13739,0.0
factory_6,notch_tracking.csv,0,notch_depth_db,-3.294566,-3.294566,0.0
factory_6,notch_tracking.csv,1,time_s,0.605042,0.605042,0.0
factory_6,notch_tracking.csv,1,freq_hz,32.444588,32.444588,0.0
factory_6,notch_tracking.csv,1,notch_depth_db,-3.257562,-3.257562,0.0
factory_6,notch_tracking.csv,2,time_s,1.344538,1.344538,0.0
factory_6,notch_tracking.csv,2,freq_hz,58.606552,58.606552,0.0
factory_6,notch_tracking.csv,2,notch_depth_db,-13.555879,-13.555879,0.0
factory_6,notch_tracking.csv,3,time_s,2.487395,2.487395,0.0
factory_6,notch_tracking.csv,3,freq_hz,146.158783,146.158783,0.0
factory_6,notch_tracking.csv,3,notch_depth_db,-12.436461,-12.436461,0.0
factory_6,notch_tracking.csv,4,time_s,3.159664,3.159664,0.0
factory_6,notch_tracking.csv,4,freq_hz,250.19754,250.19754,0.0
factory_6,notch_tracking.csv,4,notch_depth_db,-12.786626,-12.786626,0.0
factory_6,notch_tracking.csv,5,time_s,4.235294,4.235294,0.0
factory_6,notch_tracking.csv,5,freq_hz,591.311096,591.311096,0.0
factory_6,notch_tracking.csv,5,notch_depth_db,-6.20809,-6.20809,0.0
factory_6,notch_tracking.csv,6,time_s,4.571429,4.571429,0.0
factory_6,notch_tracking.csv,6,freq_hz,773.651001,773.651001,0.0
factory_6,notch_tracking.csv,6,notch_depth_db,-4.260249,-4.260249,0.0
factory_6,notch_tracking.csv,7,time_s,5.445378,5.445378,0.0
factory_6,notch_tracking.csv,7,freq_hz,1556.110962,1556.110962,0.0
factory_6,notch_tracking.csv,7,notch_depth_db,-12.719836,-12.719836,0.0
factory_6,notch_tracking.csv,8,time_s,6.521008,6.521008,0.0
factory_6,notch_tracking.csv,8,freq_hz,3677.676025,3677.676025,0.0
factory_6,notch_tracking.csv,8,notch_depth_db,-10.133461,-10.133461,0.0
factory_6,notch_tracking.csv,9,time_s,7.260504,7.260504,0.0
factory_6,notch_tracking.csv,9,freq_hz,6643.200684,6643.200684,0.0
factory_6,notch_tracking.csv,9,notch_depth_db,-5.619936,-5.619936,0.0
factory_6,thd_vs_drive.csv,0,sine_level_db,-24.0,-24.0,0.0
factory_6,thd_vs_drive.csv,0,thd_ratio,0.002205,0.002205,0.0
factory_6,thd_vs_drive.csv,0,thd_db,-53.131233,-53.131233,0.0
factory_6,thd_vs_drive.csv,0,broadband_hf_db,-82.686523,-82.686523,0.0
factory_6,thd_vs_drive.csv,1,sine_level_db,-18.0,-18.0,0.0
factory_6,thd_vs_drive.csv,1,thd_ratio,0.005341,0.005341,0.0
factory_6,thd_vs_drive.csv,1,thd_db,-45.447845,-45.447845,0.0
factory_6,thd_vs_drive.csv,1,broadband_hf_db,-82.683907,-82.683907,0.0
factory_6,thd_vs_drive.csv,2,sine_level_db,-12.0,-12.0,0.0
factory_6,thd_vs_drive.csv,2,thd_ratio,0.019123,0.019123,0.0
factory_6,thd_vs_drive.csv,2,thd_db,-34.368725,-34.368725,0.0
factory_6,thd_vs_drive.csv,2,broadband_hf_db,-82.68232,-82.68232,0.0
factory_6,thd_vs_drive.csv,3,sine_level_db,-6.0,-6.0,0.0
factory_6,thd_vs_drive.csv,3,thd_ratio,0.050531,0.050531,0.0
factory_6,thd_vs_drive.csv,3,thd_db,-25.928913,-25.928913,0.0
factory_6,thd_vs_drive.csv,3,broadband_hf_db,-82.679008,-82.679008,0.0
factory_6,thd_vs_drive.csv,4,sine_level_db,0.0,0.0,0.0
factory_6,thd_vs_drive.csv,4,thd_ratio,0.082937,0.082937,0.0
factory_6,thd_vs_drive.csv,4,thd_db,-21.625042,-21.625042,0.0
factory_6,thd_vs_drive.csv,4,broadband_hf_db,-82.626419,-82.626419,0.0
factory_7,summary.csv,average_tracked_notch_db,value,-5.294774,-5.294774,0.0
factory_7,summary.csv,deepest_tracked_notch_db,value,-7.154889,-7.154889,0.0
factory_7,summary.csv,guitar_broadband_hf_db,value,-79.883194,-79.883194,0.0
factory_7,summary.csv,guitar_lr_correlation,value,0.999694,0.999694,0.0
factory_7,summary.csv,guitar_mono_fold_db,value,-0.000697,-0.000697,0.0
factory_7,summary.csv,guitar_side_to_mid_db,value,-37.948204,-37.948204,0.0
factory_7,summary.csv,sweep_broadband_hf_db,value,-82.542877,-82.542877,0.0
factory_7,summary.csv,sweep_lr_correlation,value,0.999789,0.999789,0.0
factory_7,summary.csv,sweep_mono_fold_db,value,-0.000458,-0.000458,0.0
factory_7,summary.csv,sweep_side_to_mid_db,value,-39.765896,-39.765896,0.0
factory_7,summary.csv,tracked_notch_count,value,7.0,7.0,0.0
factory_7,summary.csv,tracked_notch_high_hz,value,3485.199951,3485.199951,0.0
factory_7,summary.csv,tracked_notch_low_hz,value,23.499975,23.499975,0.0
factory_7,summary.csv,tracked_notch_span_oct,value,7.212439,7.212439,0.0
factory_7,summary.csv,worst_thd_db,value,-24.865231,-24.865231,0.0
factory_7,frequency_response.csv,0,time_s,0.0,0.0,0.0
factory_7,frequency_response.csv,0,freq_hz,20.0,20.0,0.0
factory_7,frequency_response.csv,0,gain_db,-7.52293,-7.52293,0.0
factory_7,frequency_response.csv,1,time_s,0.067227,0.067227,0.0
factory_7,frequency_response.csv,1,freq_hz,21.104536,21.104536,0.0
factory_7,frequency_response.csv,1,gain_db,-4.235041,-4.235041,0.0
factory_7,frequency_response.csv,2,time_s,0.134454,0.134454,0.0
factory_7,frequency_response.csv,2,freq_hz,22.270071,22.270071,0.0
factory_7,frequency_response.csv,2,gain_db,-4.249647,-4.249647,0.0
factory_7,frequency_response.csv,3,time_s,0.201681,0.201681,0.0
factory_7,frequency_response.csv,3,freq_hz,23.499975,23.499975,0.0
factory_7,frequency_response.csv,3,gain_db,-4.268482,-4.268482,0.0
factory_7,frequency_response.csv,4,time_s,0.268908,0.268908,0.0
factory_7,frequency_response.csv,4,freq_hz,24.797804,24.797804,0.0
factory_7,frequency_response.csv,4,gain_db,-4.039566,-4.039566,0.0
factory_7,frequency_response.csv,5,time_s,0.336134,0.336134,0.0
factory_7,frequency_response.csv,5,freq_hz,26.167307,26.167307,0.0
factory_7,frequency_response.csv,5,gain_db,-4.08062,-4.08062,0.0
factory_7,frequency_response.csv,6,time_s,0.403361,0.403361,0.0
factory_7,frequency_response.csv,6,freq_hz,27.612442,27.612442,0.0
factory_7,frequency_response.csv,6,gain_db,-3.912075,-3.912075,0.0
factory_7,frequency_response.csv,7,time_s,0.470588,0.470588,0.0
factory_7,frequency_response.csv,7,freq_hz,29.13739,29.13739,0.0
factory_7,frequency_response.csv,7,gain_db,-4.050095,-4.050095,0.0
factory_7,frequency_response.csv,8,time_s,0.537815,0.537815,0.0
factory_7,frequency_response.csv,8,freq_hz,30.746555,30.746555,0.0
factory_7,frequency_response.csv,8,gain_db,-3.981709,-3.981709,0.0
factory_7,frequency_response.csv,9,time_s,0.605042,0.605042,0.0
factory_7,frequency_response.csv,9,freq_hz,32.444588,32.444588,0.0
factory_7,frequency_response.csv,9,gain_db,-3.954325,-3.954325,0.0
factory_7,frequency_response.csv,10,time_s,0.672269,0.672269,0.0
factory_7,frequency_response.csv,10,freq_hz,34.236401,34.236401,0.0
factory_7,frequency_response.csv,10,gain_db,-3.894814,-3.894814,0.0
factory_7,frequency_response.csv,11,time_s,0.739496,0.739496,0.0
factory_7,frequency_response.csv,11,freq_hz,36.127167,36.127167,0.0
factory_7,frequency_response.csv,11,gain_db,-3.972462,-3.972462,0.0
factory_7,frequency_response.csv,12,time_s,0.806723,0.806723,0.0
factory_7,frequency_response.csv,12,freq_hz,38.122353,38.122353,0.0
factory_7,frequency_response.csv,12,gain_db,-4.005471,-4.005471,0.0
factory_7,frequency_response.csv,13,time_s,0.87395,0.87395,0.0
factory_7,frequency_response.csv,13,freq_hz,40.22773,40.22773,0.0
factory_7,frequency_response.csv,13,gain_db,-4.010433,-4.010433,0.0
factory_7,frequency_response.csv,14,time_s,0.941177,0.941177,0.0
factory_7,frequency_response.csv,14,freq_hz,42.449379,42.449379,0.0
factory_7,frequency_response.csv,14,gain_db,-4.119141,-4.119141,0.0
factory_7,frequency_response.csv,15,time_s,1.008403,1.008403,0.0
factory_7,frequency_response.csv,15,freq_hz,44.79372,44.79372,0.0
factory_7,frequency_response.csv,15,gain_db,-4.226243,-4.226243,0.0
factory_7,frequency_response.csv,16,time_s,1.07563,1.07563,0.0
factory_7,frequency_response.csv,16,freq_hz,47.267536,47.267536,0.0
factory_7,frequency_response.csv,16,gain_db,-4.390291,-4.390291,0.0
factory_7,frequency_response.csv,17,time_s,1.142857,1.142857,0.0
factory_7,frequency_response.csv,17,freq_hz,49.877968,49.877968,0.0
factory_7,frequency_response.csv,17,gain_db,-4.542874,-4.542874,0.0
factory_7,frequency_response.csv,18,time_s,1.210084,1.210084,0.0
factory_7,frequency_response.csv,18,freq_hz,52.632568,52.632568,0.0
factory_7,frequency_response.csv,18,gain_db,-4.788693,-4.788693,0.0
factory_7,frequency_response.csv,19,time_s,1.277311,1.277311,0.0
factory_7,frequency_response.csv,19,freq_hz,55.539299,55.539299,0.0
factory_7,frequency_response.csv,19,gain_db,-5.09526,-5.09526,0.0
factory_7,frequency_response.csv,20,time_s,1.344538,1.344538,0.0
factory_7,frequency_response.csv,20,freq_hz,58.606552,58.606552,0.0
factory_7,frequency_response.csv,20,gain_db,-5.415706,-5.415706,0.0
factory_7,frequency_response.csv,21,time_s,1.411765,1.411765,0.0
factory_7,frequency_response.csv,21,freq_hz,61.843204,61.843204,0.0
factory_7,frequency_response.csv,21,gain_db,-5.763776,-5.763776,0.0
factory_7,frequency_response.csv,22,time_s,1.478992,1.478992,0.0
factory_7,frequency_response.csv,22,freq_hz,65.258606,65.258606,0.0
factory_7,frequency_response.csv,22,gain_db,-6.071416,-6.071416,0.0
factory_7,frequency_response.csv,23,time_s,1.546218,1.546218,0.0
factory_7,frequency_response.csv,23,freq_hz,68.862625,68.862625,0.0
factory_7,frequency_response.csv,23,gain_db,-6.406029,-6.406029,0.0
factory_7,frequency_response.csv,24,time_s,1.613445,1.613445,0.0
factory_7,frequency_response.csv,24,freq_hz,72.665695,72.665695,0.0
factory_7,frequency_response.csv,24,gain_db,-6.617128,-6.617128,0.0
factory_7,frequency_response.csv,25,time_s,1.680672,1.680672,0.0
factory_7,frequency_response.csv,25,freq_hz,76.678787,76.678787,0.0
factory_7,frequency_response.csv,25,gain_db,-6.838233,-6.838233,0.0
factory_7,frequency_response.csv,26,time_s,1.747899,1.747899,0.0
factory_7,frequency_response.csv,26,freq_hz,80.913506,80.913506,0.0
factory_7,frequency_response.csv,26,gain_db,-6.967514,-6.967514,0.0
factory_7,frequency_response.csv,27,time_s,1.815126,1.815126,0.0
factory_7,frequency_response.csv,27,freq_hz,85.382095,85.382095,0.0
factory_7,frequency_response.csv,27,gain_db,-7.053959,-7.053959,0.0
factory_7,frequency_response.csv,28,time_s,1.882353,1.882353,0.0
factory_7,frequency_response.csv,28,freq_hz,90.097488,90.097488,0.0
factory_7,frequency_response.csv,28,gain_db,-7.095715,-7.095715,0.0
factory_7,frequency_response.csv,29,time_s,1.94958,1.94958,0.0
factory_7,frequency_response.csv,29,freq_hz,95.073273,95.073273,0.0
factory_7,frequency_response.csv,29,gain_db,-7.111356,-7.111356,0.0
factory_7,frequency_response.csv,30,time_s,2.016807,2.016807,0.0
factory_7,frequency_response.csv,30,freq_hz,100.323875,100.323875,0.0
factory_7,frequency_response.csv,30,gain_db,-7.114055,-7.114055,0.0
factory_7,frequency_response.csv,31,time_s,2.084034,2.084034,0.0
factory_7,frequency_response.csv,31,freq_hz,105.864441,105.864441,0.0
factory_7,frequency_response.csv,31,gain_db,-7.106058,-7.106058,0.0
factory_7,frequency_response.csv,32,time_s,2.151261,2.151261,0.0
factory_7,frequency_response.csv,32,freq_hz,111.710999,111.710999,0.0
factory_7,frequency_response.csv,32,gain_db,-7.101583,-7.101583,0.0
factory_7,frequency_response.csv,33,time_s,2.218488,2.218488,0.0
factory_7,frequency_response.csv,33,freq_hz,117.880432,117.880432,0.0
factory_7,frequency_response.csv,33,gain_db,-7.091207,-7.091207,0.0
factory_7,frequency_response.csv,34,time_s,2.285714,2.285714,0.0
factory_7,frequency_response.csv,34,freq_hz,124.390594,124.390594,0.0
factory_7,frequency_response.csv,34,gain_db,-7.081761,-7.081761,0.0
factory_7,frequency_response.csv,35,time_s,2.352941,2.352941,0.0
factory_7,frequency_response.csv,35,freq_hz,131.260284,131.260284,0.0
factory_7,frequency_response.csv,35,gain_db,-7.087088,-7.087088,0.0
factory_7,frequency_response.csv,36,time_s,2.420168,2.420168,0.0
factory_7,frequency_response.csv,36,freq_hz,138.509369,138.509369,0.0
factory_7,frequency_response.csv,36,gain_db,-7.088295,-7.088295,0.0
factory_7,frequency_response.csv,37,time_s,2.487395,2.487395,0.0
factory_7,frequency_response.csv,37,freq_hz,146.158783,146.158783,0.0
factory_7,frequency_response.csv,37,gain_db,-7.106457,-7.106457,0.0
factory_7,frequency_response.csv,38,time_s,2.554622,2.554622,0.0
factory_7,frequency_response.csv,38,freq_hz,154.230667,154.230667,0.0
factory_7,frequency_response.csv,38,gain_db,-7.120622,-7.120622,0.0
factory_7,frequency_response.csv,39,time_s,2.621849,2.621849,0.0
factory_7,frequency_response.csv,39,freq_hz,162.748337,162.748337,0.0
factory_7,frequency_response.csv,39,gain_db,-7.140244,-7.140244,0.0
factory_7,frequency_response.csv,40,time_s,2.689076,2.689076,0.0
factory_7,frequency_response.csv,40,freq_hz,171.73642,171.73642,0.0
factory_7,frequency_response.csv,40,gain_db,-7.154889,-7.154889,0.0
factory_7,frequency_response.csv,41,time_s,2.756303,2.756303,0.0
factory_7,frequency_response.csv,41,freq_hz,181.220856,181.220856,0.0
factory_7,frequency_response.csv,41,gain_db,-7.147441,-7.147441,0.0
factory_7,frequency_response.csv,42,time_s,2.823529,2.823529,0.0
factory_7,frequency_response.csv,42,freq_hz,191.229095,191.229095,0.0
factory_7,frequency_response.csv,42,gain_db,-7.111296,-7.111296,0.0
factory_7,frequency_response.csv,43,time_s,2.890756,2.890756,0.0
factory_7,frequency_response.csv,43,freq_hz,201.79007,201.79007,0.0
factory_7,frequency_response.csv,43,gain_db,-7.032962,-7.032962,0.0
factory_7,frequency_response.csv,44,time_s,2.957983,2.957983,0.0
factory_7,frequency_response.csv,44,freq_hz,212.93428,212.93428,0.0
factory_7,frequency_response.csv,44,gain_db,-6.862724,-6.862724,0.0
factory_7,frequency_response.csv,45,time_s,3.02521,3.02521,0.0
factory_7,frequency_response.csv,45,freq_hz,224.69397,224.69397,0.0
factory_7,frequency_response.csv,45,gain_db,-6.640258,-6.640258,0.0
factory_7,frequency_response.csv,46,time_s,3.092437,3.092437,0.0
factory_7,frequency_response.csv,46,freq_hz,237.103104,237.103104,0.0
factory_7,frequency_response.csv,46,gain_db,-6.346174,-6.346174,0.0
factory_7,frequency_response.csv,47,time_s,3.159664,3.159664,0.0
factory_7,frequency_response.csv,47,freq_hz,250.19754,250.19754,0.0
factory_7,frequency_response.csv,47,gain_db,-5.978494,-5.978494,0.0
factory_7,frequency_response.csv,48,time_s,3.226891,3.226891,0.0
factory_7,frequency_response.csv,48,freq_hz,264.015137,264.015137,0.0
factory_7,frequency_response.csv,48,gain_db,-5.581396,-5.581396,0.0
factory_7,frequency_response.csv,49,time_s,3.294118,3.294118,0.0
factory_7,frequency_response.csv,49,freq_hz,278.595856,278.595856,0.0
factory_7,frequency_response.csv,49,gain_db,-5.15822,-5.15822,0.0
factory_7,frequency_response.csv,50,time_s,3.361345,3.361345,0.0
factory_7,frequency_response.csv,50,freq_hz,293.981812,293.981812,0.0
factory_7,frequency_response.csv,50,gain_db,-4.766937,-4.766937,0.0
factory_7,frequency_response.csv,51,time_s,3.428571,3.428571,0.0
factory_7,frequency_response.csv,51,freq_hz,310.217468,310.217468,0.0
factory_7,frequency_response.csv,51,gain_db,-4.397289,-4.397289,0.0
factory_7,frequency_response.csv,52,time_s,3.495798,3.495798,0.0
factory_7,frequency_response.csv,52,freq_hz,327.349792,327.349792,0.0
factory_7,frequency_response.csv,52,gain_db,-4.121991,-4.121991,0.0
factory_7,frequency_response.csv,53,time_s,3.563025,3.563025,0.0
factory_7,frequency_response.csv,53,freq_hz,345.428284,345.428284,0.0
factory_7,frequency_response.csv,53,gain_db,-3.885169,-3.885169,0.0
factory_7,frequency_response.csv,54,time_s,3.630252,3.630252,0.0
factory_7,frequency_response.csv,54,freq_hz,364.505157,364.505157,0.0
factory_7,frequency_response.csv,54,gain_db,-3.7268,-3.7268,0.0
factory_7,frequency_response.csv,55,time_s,3.697479,3.697479,0.0
factory_7,frequency_response.csv,55,freq_hz,384.63562,384.63562,0.0
factory_7,frequency_response.csv,55,gain_db,-3.64766,-3.64766,0.0
factory_7,frequency_response.csv,56,time_s,3.764706,3.764706,0.0
factory_7,frequency_response.csv,56,freq_hz,405.877808,405.877808,0.0
factory_7,frequency_response.csv,56,gain_db,-3.593162,-3.593162,0.0
factory_7,frequency_response.csv,57,time_s,3.831933,3.831933,0.0
factory_7,frequency_response.csv,57,freq_hz,428.293121,428.293121,0.0
factory_7,frequency_response.csv,57,gain_db,-3.573555,-3.573555,0.0
factory_7,frequency_response.csv,58,time_s,3.89916,3.89916,0.0
factory_7,frequency_response.csv,58,freq_hz,451.946381,451.946381,0.0
factory_7,frequency_response.csv,58,gain_db,-3.583299,-3.583299,0.0
factory_7,frequency_response.csv,59,time_s,3.966387,3.966387,0.0
factory_7,frequency_response.csv,59,freq_hz,476.905945,476.905945,0.0
factory_7,frequency_response.csv,59,gain_db,-3.60324,-3.60324,0.0
factory_7,frequency_response.csv,60,time_s,4.033614,4.033614,0.0
factory_7,frequency_response.csv,60,freq_hz,503.244019,503.244019,0.0
factory_7,frequency_response.csv,60,gain_db,-3.642547,-3.642547,0.0
factory_7,frequency_response.csv,61,time_s,4.100841,4.100841,0.0
factory_7,frequency_response.csv,61,freq_hz,531.03656,531.03656,0.0
factory_7,frequency_response.csv,61,gain_db,-3.669535,-3.669535,0.0
factory_7,frequency_response.csv,62,time_s,4.168067,4.168067,0.0
factory_7,frequency_response.csv,62,freq_hz,560.364014,560.364014,0.0
factory_7,frequency_response.csv,62,gain_db,-3.684752,-3.684752,0.0
factory_7,frequency_response.csv,63,time_s,4.235294,4.235294,0.0
factory_7,frequency_response.csv,63,freq_hz,591.311096,591.311096,0.0
factory_7,frequency_response.csv,63,gain_db,-3.675039,-3.675039,0.0
factory_7,frequency_response.csv,64,time_s,4.302521,4.302521,0.0
factory_7,frequency_response.csv,64,freq_hz,623.967346,623.967346,0.0
factory_7,frequency_response.csv,64,gain_db,-3.644052,-3.644052,0.0
factory_7,frequency_response.csv,65,time_s,4.369748,4.369748,0.0
factory_7,frequency_response.csv,65,freq_hz,658.427063,658.427063,0.0
factory_7,frequency_response.csv,65,gain_db,-3.589122,-3.589122,0.0
factory_7,frequency_response.csv,66,time_s,4.436975,4.436975,0.0
factory_7,frequency_response.csv,66,freq_hz,694.789795,694.789795,0.0
factory_7,frequency_response.csv,66,gain_db,-3.490839,-3.490839,0.0
factory_7,frequency_response.csv,67,time_s,4.504202,4.504202,0.0
factory_7,frequency_response.csv,67,freq_hz,733.160889,733.160889,0.0
factory_7,frequency_response.csv,67,gain_db,-3.389359,-3.389359,0.0
factory_7,frequency_response.csv,68,time_s,4.571429,4.571429,0.0
factory_7,frequency_response.csv,68,freq_hz,773.651001,773.651001,0.0
factory_7,frequency_response.csv,68,gain_db,-3.2738,-3.2738,0.0
factory_7,frequency_response.csv,69,time_s,4.638656,4.638656,0.0
factory_7,frequency_response.csv,69,freq_hz,816.377197,816.377197,0.0
factory_7,frequency_response.csv,69,gain_db,-3.1598,-3.1598,0.0
factory_7,frequency_response.csv,70,time_s,4.705883,4.705883,0.0
factory_7,frequency_response.csv,70,freq_hz,861.463074,861.463074,0.0
factory_7,frequency_response.csv,70,gain_db,-3.058452,-3.058452,0.0
factory_7,frequency_response.csv,71,time_s,4.773109,4.773109,0.0
factory_7,frequency_response.csv,71,freq_hz,909.03894,909.03894,0.0
factory_7,frequency_response.csv,71,gain_db,-2.993328,-2.993328,0.0
factory_7,frequency_response.csv,72,time_s,4.840336,4.840336,0.0
factory_7,frequency_response.csv,72,freq_hz,959.242249,959.242249,0.0
factory_7,frequency_response.csv,72,gain_db,-2.981672,-2.981672,0.0
factory_7,frequency_response.csv,73,time_s,4.907563,4.907563,0.0
factory_7,frequency_response.csv,73,freq_hz,1012.218079,1012.218079,0.0
factory_7,frequency_response.csv,73,gain_db,-3.036395,-3.036395,0.0
factory_7,frequency_response.csv,74,time_s,4.97479,4.97479,0.0
factory_7,frequency_response.csv,74,freq_hz,1068.119629,1068.119629,0.0
factory_7,frequency_response.csv,74,gain_db,-3.169345,-3.169345,0.0
factory_7,frequency_response.csv,75,time_s,5.042017,5.042017,0.0
factory_7,frequency_response.csv,75,freq_hz,1127.108398,1127.108398,0.0
factory_7,frequency_response.csv,75,gain_db,-3.37832,-3.37832,0.0
factory_7,frequency_response.csv,76,time_s,5.109244,5.109244,0.0
factory_7,frequency_response.csv,76,freq_hz,1189.355103,1189.355103,0.0
factory_7,frequency_response.csv,76,gain_db,-3.668705,-3.668705,0.0
factory_7,frequency_response.csv,77,time_s,5.176471,5.176471,0.0
factory_7,frequency_response.csv,77,freq_hz,1255.039307,1255.039307,0.0
factory_7,frequency_response.csv,77,gain_db,-3.999485,-3.999485,0.0
factory_7,frequency_response.csv,78,time_s,5.243698,5.243698,0.0
factory_7,frequency_response.csv,78,freq_hz,1324.351074,1324.351074,0.0
factory_7,frequency_response.csv,78,gain_db,-4.365186,-4.365186,0.0
factory_7,frequency_response.csv,79,time_s,5.310925,5.310925,0.0
factory_7,frequency_response.csv,79,freq_hz,1397.490845,1397.490845,0.0
factory_7,frequency_response.csv,79,gain_db,-4.720786,-4.720786,0.0
factory_7,frequency_response.csv,80,time_s,5.378151,5.378151,0.0
factory_7,frequency_response.csv,80,freq_hz,1474.669678,1474.669678,0.0
factory_7,frequency_response.csv,80,gain_db,-5.034284,-5.034284,0.0
factory_7,frequency_response.csv,81,time_s,5.445378,5.445378,0.0
factory_7,frequency_response.csv,81,freq_hz,1556.110962,1556.110962,0.0
factory_7,frequency_response.csv,81,gain_db,-5.290328,-5.290328,0.0
factory_7,frequency_response.csv,82,time_s,5.512605,5.512605,0.0
factory_7,frequency_response.csv,82,freq_hz,1642.050049,1642.050049,0.0
factory_7,frequency_response.csv,82,gain_db,-5.488625,-5.488625,0.0
factory_7,frequency_response.csv,83,time_s,5.579832,5.579832,0.0
factory_7,frequency_response.csv,83,freq_hz,1732.735107,1732.735107,0.0
factory_7,frequency_response.csv,83,gain_db,-5.624265,-5.624265,0.0
factory_7,frequency_response.csv,84,time_s,5.647059,5.647059,0.0
factory_7,frequency_response.csv,84,freq_hz,1828.428467,1828.428467,0.0
factory_7,frequency_response.csv,84,gain_db,-5.708687,-5.708687,0.0
factory_7,frequency_response.csv,85,time_s,5.714286,5.714286,0.0
factory_7,frequency_response.csv,85,freq_hz,1929.406738,1929.406738,0.0
factory_7,frequency_response.csv,85,gain_db,-5.761168,-5.761168,0.0
factory_7,frequency_response.csv,86,time_s,5.781513,5.781513,0.0
factory_7,frequency_response.csv,86,freq_hz,2035.96167,2035.96167,0.0
factory_7,frequency_response.csv,86,gain_db,-5.789175,-5.789175,0.0
factory_7,frequency_response.csv,87,time_s,5.84874,5.84874,0.0
factory_7,frequency_response.csv,87,freq_hz,2148.401367,2148.401367,0.0
factory_7,frequency_response.csv,87,gain_db,-5.816208,-5.816208,0.0
factory_7,frequency_response.csv,88,time_s,5.915967,5.915967,0.0
factory_7,frequency_response.csv,88,freq_hz,2267.050537,2267.050537,0.0
factory_7,frequency_response.csv,88,gain_db,-5.855575,-5.855575,0.0
factory_7,frequency_response.csv,89,time_s,5.983193,5.983193,0.0
factory_7,frequency_response.csv,89,freq_hz,2392.252441,2392.252441,0.0
factory_7,frequency_response.csv,89,gain_db,-5.905468,-5.905468,0.0
factory_7,frequency_response.csv,90,time_s,6.05042,6.05042,0.0
factory_7,frequency_response.csv,90,freq_hz,2524.368896,2524.368896,0.0
factory_7,frequency_response.csv,90,gain_db,-5.982903,-5.982903,0.0
factory_7,frequency_response.csv,91,time_s,6.117647,6.117647,0.0
factory_7,frequency_response.csv,91,freq_hz,2663.781738,2663.781738,0.0
factory_7,frequency_response.csv,91,gain_db,-6.09146,-6.09146,0.0
factory_7,frequency_response.csv,92,time_s,6.184874,6.184874,0.0
factory_7,frequency_response.csv,92,freq_hz,2810.893799,2810.893799,0.0
factory_7,frequency_response.csv,92,gain_db,-6.223015,-6.223015,0.0
factory_7,frequency_response.csv,93,time_s,6.252101,6.252101,0.0
factory_7,frequency_response.csv,93,freq_hz,2966.130371,2966.130371,0.0
factory_7,frequency_response.csv,93,gain_db,-6.368806,-6.368806,0.0
factory_7,frequency_response.csv,94,time_s,6.319328,6.319328,0.0
factory_7,frequency_response.csv,94,freq_hz,3129.94043,3129.94043,0.0
factory_7,frequency_response.csv,94,gain_db,-6.517311,-6.517311,0.0
factory_7,frequency_response.csv,95,time_s,6.386555,6.386555,0.0
factory_7,frequency_response.csv,95,freq_hz,3302.796875,3302.796875,0.0
factory_7,frequency_response.csv,95,gain_db,-6.642404,-6.642404,0.0
factory_7,frequency_response.csv,96,time_s,6.453782,6.453782,0.0
factory_7,frequency_response.csv,96,freq_hz,3485.199951,3485.199951,0.0
factory_7,frequency_response.csv,96,gain_db,-6.710524,-6.710524,0.0
factory_7,frequency_response.csv,97,time_s,6.521008,6.521008,0.0
factory_7,frequency_response.csv,97,freq_hz,3677.676025,3677.676025,0.0
factory_7,frequency_response.csv,97,gain_db,-6.697157,-6.697157,0.0
factory_7,frequency_response.csv,98,time_s,6.588235,6.588235,0.0
factory_7,frequency_response.csv,98,freq_hz,3880.782471,3880.782471,0.0
factory_7,frequency_response.csv,98,gain_db,-6.585011,-6.585011,0.0
factory_7,frequency_response.csv,99,time_s,6.655462,6.655462,0.0
factory_7,frequency_response.csv,99,freq_hz,4095.105469,4095.105469,0.0
factory_7,frequency_response.csv,99,gain_db,-6.373642,-6.373642,0.0
factory_7,frequency_response.csv,100,time_s,6.722689,6.722689,0.0
factory_7,frequency_response.csv,100,freq_hz,4321.265137,4321.265137,0.0
factory_7,frequency_response.csv,100,gain_db,-6.083556,-6.083556,0.0
factory_7,frequency_response.csv,101,time_s,6.789916,6.789916,0.0
factory_7,frequency_response.csv,101,freq_hz,4559.914551,4559.914551,0.0
factory_7,frequency_response.csv,101,gain_db,-5.746876,-5.746876,0.0
factory_7,frequency_response.csv,102,time_s,6.857143,6.857143,0.0
factory_7,frequency_response.csv,102,freq_hz,4811.744141,4811.744141,0.0
factory_7,frequency_response.csv,102,gain_db,-5.401241,-5.401241,0.0
factory_7,frequency_response.csv,103,time_s,6.92437,6.92437,0.0
factory_7,frequency_response.csv,103,freq_hz,5077.481445,5077.481445,0.0
factory_7,frequency_response.csv,103,gain_db,-5.077766,-5.077766,0.0
factory_7,frequency_response.csv,104,time_s,6.991597,6.991597,0.0
factory_7,frequency_response.csv,104,freq_hz,5357.894531,5357.894531,0.0
factory_7,frequency_response.csv,104,gain_db,-4.79535,-4.79535,0.0
factory_7,frequency_response.csv,105,time_s,7.058824,7.058824,0.0
factory_7,frequency_response.csv,105,freq_hz,5653.793457,5653.793457,0.0
factory_7,frequency_response.csv,105,gain_db,-4.561352,-4.561352,0.0
factory_7,frequency_response.csv,106,time_s,7.12605,7.12605,0.0
factory_7,frequency_response.csv,106,freq_hz,5966.034668,5966.034668,0.0
factory_7,frequency_response.csv,106,gain_db,-4.380889,-4.380889,0.0
factory_7,frequency_response.csv,107,time_s,7.193277,7.193277,0.0
factory_7,frequency_response.csv,107,freq_hz,6295.519531,6295.519531,0.0
factory_7,frequency_response.csv,107,gain_db,-4.246289,-4.246289,0.0
factory_7,frequency_response.csv,108,time_s,7.260504,7.260504,0.0
factory_7,frequency_response.csv,108,freq_hz,6643.200684,6643.200684,0.0
factory_7,frequency_response.csv,108,gain_db,-4.152674,-4.152674,0.0
factory_7,frequency_response.csv,109,time_s,7.327731,7.327731,0.0
factory_7,frequency_response.csv,109,freq_hz,7010.083008,7010.083008,0.0
factory_7,frequency_response.csv,109,gain_db,-4.095335,-4.095335,0.0
factory_7,frequency_response.csv,110,time_s,7.394958,7.394958,0.0
factory_7,frequency_response.csv,110,freq_hz,7397.227539,7397.227539,0.0
factory_7,frequency_response.csv,110,gain_db,-4.071096,-4.071096,0.0
factory_7,frequency_response.csv,111,time_s,7.462185,7.462185,0.0
factory_7,frequency_response.csv,111,freq_hz,7805.752441,7805.752441,0.0
factory_7,frequency_response.csv,111,gain_db,-4.065774,-4.065774,0.0
factory_7,frequency_response.csv,112,time_s,7.529412,7.529412,0.0
factory_7,frequency_response.csv,112,freq_hz,8236.839844,8236.839844,0.0
factory_7,frequency_response.csv,112,gain_db,-4.082124,-4.082124,0.0
factory_7,frequency_response.csv,113,time_s,7.596639,7.596639,0.0
factory_7,frequency_response.csv,113,freq_hz,8691.733398,8691.733398,0.0
factory_7,frequency_response.csv,113,gain_db,-4.114624,-4.114624,0.0
factory_7,frequency_response.csv,114,time_s,7.663866,7.663866,0.0
factory_7,frequency_response.csv,114,freq_hz,9171.75,9171.75,0.0
factory_7,frequency_response.csv,114,gain_db,-4.160546,-4.160546,0.0
factory_7,frequency_response.csv,115,time_s,7.731092,7.731092,0.0
factory_7,frequency_response.csv,115,freq_hz,9678.276367,9678.276367,0.0
factory_7,frequency_response.csv,115,gain_db,-4.216906,-4.216906,0.0
factory_7,frequency_response.csv,116,time_s,7.798319,7.798319,0.0
factory_7,frequency_response.csv,116,freq_hz,10212.776367,10212.776367,0.0
factory_7,frequency_response.csv,116,gain_db,-4.281088,-4.281088,0.0
factory_7,frequency_response.csv,117,time_s,7.865546,7.865546,0.0
factory_7,frequency_response.csv,117,freq_hz,10776.795898,10776.795898,0.0
factory_7,frequency_response.csv,117,gain_db,-4.34976,-4.34976,0.0
factory_7,frequency_response.csv,118,time_s,7.932773,7.932773,0.0
factory_7,frequency_response.csv,118,freq_hz,11371.962891,11371.962891,0.0
factory_7,frequency_response.csv,118,gain_db,-4.421348,-4.421348,0.0
factory_7,frequency_response.csv,119,time_s,8.0,8.0,0.0
factory_7,frequency_response.csv,119,freq_hz,12000.0,12000.0,0.0
factory_7,frequency_response.csv,119,gain_db,-4.482992,-4.482992,0.0
factory_7,notch_tracking.csv,0,time_s,0.201681,0.201681,0.0
factory_7,notch_tracking.csv,0,freq_hz,23.499975,23.499975,0.0
factory_7,notch_tracking.csv,0,notch_depth_db,-4.268482,-4.268482,0.0
factory_7,notch_tracking.csv,1,time_s,0.336134,0.336134,0.0
factory_7,notch_tracking.csv,1,freq_hz,26.167307,26.167307,0.0
factory_7,notch_tracking.csv,1,notch_depth_db,-4.08062,-4.08062,0.0
factory_7,notch_tracking.csv,2,time_s,0.470588,0.470588,0.0
factory_7,notch_tracking.csv,2,freq_hz,29.13739,29.13739,0.0
factory_7,notch_tracking.csv,2,notch_depth_db,-4.050095,-4.050095,0.0
factory_7,notch_tracking.csv,3,time_s,2.016807,2.016807,0.0
factory_7,notch_tracking.csv,3,freq_hz,100.323875,100.323875,0.0
factory_7,notch_tracking.csv,3,notch_depth_db,-7.114055,-7.114055,0.0
factory_7,notch_tracking.csv,4,time_s,2.689076,2.689076,0.0
factory_7,notch_tracking.csv,4,freq_hz,171.73642,171.73642,0.0
factory_7,notch_tracking.csv,4,notch_depth_db,-7.154889,-7.154889,0.0
factory_7,notch_tracking.csv,5,time_s,4.168067,4.168067,0.0
factory_7,notch_tracking.csv,5,freq_hz,560.364014,560.364014,0.0
factory_7,notch_tracking.csv,5,notch_depth_db,-3.684752,-3.684752,0.0
factory_7,notch_tracking.csv,6,time_s,6.453782,6.453782,0.0
factory_7,notch_tracking.csv,6,freq_hz,3485.199951,3485.199951,0.0
factory_7,notch_tracking.csv,6,notch_depth_db,-6.710524,-6.710524,0.0
factory_7,thd_vs_drive.csv,0,sine_level_db,-24.0,-24.0,0.0
factory_7,thd_vs_drive.csv,0,thd_ratio,0.000281,0.000281,0.0
factory_7,thd_vs_drive.csv,0,thd_db,-71.032806,-71.032806,0.0
factory_7,thd_vs_drive.csv,0,broadband_hf_db,-82.682564,-82.682564,0.0
factory_7,thd_vs_drive.csv,1,sine_level_db,-18.0,-18.0,0.0
factory_7,thd_vs_drive.csv,1,thd_ratio,0.001059,0.001059,0.0
factory_7,thd_vs_drive.csv,1,thd_db,-59.50584,-59.50584,0.0
factory_7,thd_vs_drive.csv,1,broadband_hf_db,-82.67939,-82.67939,0.0
factory_7,thd_vs_drive.csv,2,sine_level_db,-12.0,-12.0,0.0
factory_7,thd_vs_drive.csv,2,thd_ratio,0.004156,0.004156,0.0
factory_7,thd_vs_drive.csv,2,thd_db,-47.62711,-47.62711,0.0
factory_7,thd_vs_drive.csv,2,broadband_hf_db,-82.685638,-82.685638,0.0
factory_7,thd_vs_drive.csv,3,sine_level_db,-6.0,-6.0,0.0
factory_7,thd_vs_drive.csv,3,thd_ratio,0.016599,0.016599,0.0
factory_7,thd_vs_drive.csv,3,thd_db,-35.598625,-35.598625,0.0
factory_7,thd_vs_drive.csv,3,broadband_hf_db,-82.680969,-82.680969,0.0
factory_7,thd_vs_drive.csv,4,sine_level_db,0.0,0.0,0.0
factory_7,thd_vs_drive.csv,4,thd_ratio,0.057113,0.057113,0.0
factory_7,thd_vs_drive.csv,4,thd_db,-24.865231,-24.865231,0.0
factory_7,thd_vs_drive.csv,4,broadband_hf_db,-82.448677,-82.448677,0.0
factory_8,summary.csv,average_tracked_notch_db,value,-5.336423,-5.336423,0.0
factory_8,summary.csv,deepest_tracked_notch_db,value,-7.452536,-7.452536,0.0
factory_8,summary.csv,guitar_broadband_hf_db,value,-79.949272,-79.949272,0.0
factory_8,summary.csv,guitar_lr_correlation,value,0.995127,0.995127,0.0
factory_8,summary.csv,guitar_mono_fold_db,value,-0.010598,-0.010598,0.0
factory_8,summary.csv,guitar_side_to_mid_db,value,-26.120335,-26.120335,0.0
factory_8,summary.csv,sweep_broadband_hf_db,value,-82.543205,-82.543205,0.0
factory_8,summary.csv,sweep_lr_correlation,value,0.9972,0.9972,0.0
factory_8,summary.csv,sweep_mono_fold_db,value,-0.006085,-0.006085,0.0
factory_8,summary.csv,sweep_side_to_mid_db,value,-28.532331,-28.532331,0.0
factory_8,summary.csv,tracked_notch_count,value,34.0,34.0,0.0
factory_8,summary.csv,tracked_notch_high_hz,value,8236.839844,8236.839844,0.0
factory_8,summary.csv,tracked_notch_low_hz,value,23.499975,23.499975,0.0
factory_8,summary.csv,tracked_notch_span_oct,value,8.453288,8.453288,0.0
factory_8,summary.csv,worst_thd_db,value,-23.132862,-23.132862,0.0
factory_8,frequency_response.csv,0,time_s,0.0,0.0,0.0
factory_8,frequency_response.csv,0,freq_hz,20.0,20.0,0.0
factory_8,frequency_response.csv,0,gain_db,-7.569118,-7.569118,0.0
factory_8,frequency_response.csv,1,time_s,0.067227,0.067227,0.0
factory_8,frequency_response.csv,1,freq_hz,21.104536,21.104536,0.0
factory_8,frequency_response.csv,1,gain_db,-3.575715,-3.575715,0.0
factory_8,frequency_response.csv,2,time_s,0.134454,0.134454,0.0
factory_8,frequency_response.csv,2,freq_hz,22.270071,22.270071,0.0
factory_8,frequency_response.csv,2,gain_db,-3.530653,-3.530653,0.0
factory_8,frequency_response.csv,3,time_s,0.201681,0.201681,0.0
factory_8,frequency_response.csv,3,freq_hz,23.499975,23.499975,0.0
factory_8,frequency_response.csv,3,gain_db,-3.628575,-3.628575,0.0
factory_8,frequency_response.csv,4,time_s,0.268908,0.268908,0.0
factory_8,frequency_response.csv,4,freq_hz,24.797804,24.797804,0.0
factory_8,frequency_response.csv,4,gain_db,-3.436075,-3.436075,0.0
factory_8,frequency_response.csv,5,time_s,0.336134,0.336134,0.0
factory_8,frequency_response.csv,5,freq_hz,26.167307,26.167307,0.0
factory_8,frequency_response.csv,5,gain_db,-3.282104,-3.282104,0.0
factory_8,frequency_response.csv,6,time_s,0.403361,0.403361,0.0
factory_8,frequency_response.csv,6,freq_hz,27.612442,27.612442,0.0
factory_8,frequency_response.csv,6,gain_db,-3.263384,-3.263384,0.0
factory_8,frequency_response.csv,7,time_s,0.470588,0.470588,0.0
factory_8,frequency_response.csv,7,freq_hz,29.13739,29.13739,0.0
factory_8,frequency_response.csv,7,gain_db,-3.668193,-3.668193,0.0
factory_8,frequency_response.csv,8,time_s,0.537815,0.537815,0.0
factory_8,frequency_response.csv,8,freq_hz,30.746555,30.746555,0.0
factory_8,frequency_response.csv,8,gain_db,-3.175859,-3.175859,0.0
factory_8,frequency_response.csv,9,time_s,0.605042,0.605042,0.0
factory_8,frequency_response.csv,9,freq_hz,32.444588,32.444588,0.0
factory_8,frequency_response.csv,9,gain_db,-3.348721,-3.348721,0.0
factory_8,frequency_response.csv,10,time_s,0.672269,0.672269,0.0
factory_8,frequency_response.csv,10,freq_hz,34.236401,34.236401,0.0
factory_8,frequency_response.csv,10,gain_db,-3.912646,-3.912646,0.0
factory_8,frequency_response.csv,11,time_s,0.739496,0.739496,0.0
factory_8,frequency_response.csv,11,freq_hz,36.127167,36.127167,0.0
factory_8,frequency_response.csv,11,gain_db,-3.295456,-3.295456,0.0
factory_8,frequency_response.csv,12,time_s,0.806723,0.806723,0.0
factory_8,frequency_response.csv,12,freq_hz,38.122353,38.122353,0.0
factory_8,frequency_response.csv,12,gain_db,-3.319534,-3.319534,0.0
factory_8,frequency_response.csv,13,time_s,0.87395,0.87395,0.0
factory_8,frequency_response.csv,13,freq_hz,40.22773,40.22773,0.0
factory_8,frequency_response.csv,13,gain_db,-4.261322,-4.261322,0.0
factory_8,frequency_response.csv,14,time_s,0.941177,0.941177,0.0
factory_8,frequency_response.csv,14,freq_hz,42.449379,42.449379,0.0
factory_8,frequency_response.csv,14,gain_db,-3.701889,-3.701889,0.0
factory_8,frequency_response.csv,15,time_s,1.008403,1.008403,0.0
factory_8,frequency_response.csv,15,freq_hz,44.79372,44.79372,0.0
factory_8,frequency_response.csv,15,gain_db,-3.409808,-3.409808,0.0
factory_8,frequency_response.csv,16,time_s,1.07563,1.07563,0.0
factory_8,frequency_response.csv,16,freq_hz,47.267536,47.267536,0.0
factory_8,frequency_response.csv,16,gain_db,-4.584113,-4.584113,0.0
factory_8,frequency_response.csv,17,time_s,1.142857,1.142857,0.0
factory_8,frequency_response.csv,17,freq_hz,49.877968,49.877968,0.0
factory_8,frequency_response.csv,17,gain_db,-4.341636,-4.341636,0.0
factory_8,frequency_response.csv,18,time_s,1.210084,1.210084,0.0
factory_8,frequency_response.csv,18,freq_hz,52.632568,52.632568,0.0
factory_8,frequency_response.csv,18,gain_db,-3.654881,-3.654881,0.0
factory_8,frequency_response.csv,19,time_s,1.277311,1.277311,0.0
factory_8,frequency_response.csv,19,freq_hz,55.539299,55.539299,0.0
factory_8,frequency_response.csv,19,gain_db,-4.78476,-4.78476,0.0
factory_8,frequency_response.csv,20,time_s,1.344538,1.344538,0.0
factory_8,frequency_response.csv,20,freq_hz,58.606552,58.606552,0.0
factory_8,frequency_response.csv,20,gain_db,-5.334848,-5.334848,0.0
factory_8,frequency_response.csv,21,time_s,1.411765,1.411765,0.0
factory_8,frequency_response.csv,21,freq_hz,61.843204,61.843204,0.0
factory_8,frequency_response.csv,21,gain_db,-4.14181,-4.14181,0.0
factory_8,frequency_response.csv,22,time_s,1.478992,1.478992,0.0
factory_8,frequency_response.csv,22,freq_hz,65.258606,65.258606,0.0
factory_8,frequency_response.csv,22,gain_db,-4.98322,-4.98322,0.0
factory_8,frequency_response.csv,23,time_s,1.546218,1.546218,0.0
factory_8,frequency_response.csv,23,freq_hz,68.862625,68.862625,0.0
factory_8,frequency_response.csv,23,gain_db,-6.295328,-6.295328,0.0
factory_8,frequency_response.csv,24,time_s,1.613445,1.613445,0.0
factory_8,frequency_response.csv,24,freq_hz,72.665695,72.665695,0.0
factory_8,frequency_response.csv,24,gain_db,-4.770637,-4.770637,0.0
factory_8,frequency_response.csv,25,time_s,1.680672,1.680672,0.0
factory_8,frequency_response.csv,25,freq_hz,76.678787,76.678787,0.0
factory_8,frequency_response.csv,25,gain_db,-5.266386,-5.266386,0.0
factory_8,frequency_response.csv,26,time_s,1.747899,1.747899,0.0
factory_8,frequency_response.csv,26,freq_hz,80.913506,80.913506,0.0
factory_8,frequency_response.csv,26,gain_db,-6.878651,-6.878651,0.0
factory_8,frequency_response.csv,27,time_s,1.815126,1.815126,0.0
factory_8,frequency_response.csv,27,freq_hz,85.382095,85.382095,0.0
factory_8,frequency_response.csv,27,gain_db,-5.767009,-5.767009,0.0
factory_8,frequency_response.csv,28,time_s,1.882353,1.882353,0.0
factory_8,frequency_response.csv,28,freq_hz,90.097488,90.097488,0.0
factory_8,frequency_response.csv,28,gain_db,-5.67551,-5.67551,0.0
factory_8,frequency_response.csv,29,time_s,1.94958,1.94958,0.0
factory_8,frequency_response.csv,29,freq_hz,95.073273,95.073273,0.0
factory_8,frequency_response.csv,29,gain_db,-7.189883,-7.189883,0.0
factory_8,frequency_response.csv,30,time_s,2.016807,2.016807,0.0
factory_8,frequency_response.csv,30,freq_hz,100.323875,100.323875,0.0
factory_8,frequency_response.csv,30,gain_db,-6.770616,-6.770616,0.0
factory_8,frequency_response.csv,31,time_s,2.084034,2.084034,0.0
factory_8,frequency_response.csv,31,freq_hz,105.864441,105.864441,0.0
factory_8,frequency_response.csv,31,gain_db,-6.149943,-6.149943,0.0
factory_8,frequency_response.csv,32,time_s,2.151261,2.151261,0.0
factory_8,frequency_response.csv,32,freq_hz,111.710999,111.710999,0.0
factory_8,frequency_response.csv,32,gain_db,-7.306361,-7.306361,0.0
factory_8,frequency_response.csv,33,time_s,2.218488,2.218488,0.0
factory_8,frequency_response.csv,33,freq_hz,117.880432,117.880432,0.0
factory_8,frequency_response.csv,33,gain_db,-7.348074,-7.348074,0.0
factory_8,frequency_response.csv,34,time_s,2.285714,2.285714,0.0
factory_8,frequency_response.csv,34,freq_hz,124.390594,124.390594,0.0
factory_8,frequency_response.csv,34,gain_db,-6.678033,-6.678033,0.0
factory_8,frequency_response.csv,35,time_s,2.352941,2.352941,0.0
factory_8,frequency_response.csv,35,freq_hz,131.260284,131.260284,0.0
factory_8,frequency_response.csv,35,gain_db,-7.337695,-7.337695,0.0
factory_8,frequency_response.csv,36,time_s,2.420168,2.420168,0.0
factory_8,frequency_response.csv,36,freq_hz,138.509369,138.509369,0.0
factory_8,frequency_response.csv,36,gain_db,-7.136685,-7.136685,0.0
factory_8,frequency_response.csv,37,time_s,2.487395,2.487395,0.0
factory_8,frequency_response.csv,37,freq_hz,146.158783,146.158783,0.0
factory_8,frequency_response.csv,37,gain_db,-7.254362,-7.254362,0.0
factory_8,frequency_response.csv,38,time_s,2.554622,2.554622,0.0
factory_8,frequency_response.csv,38,freq_hz,154.230667,154.230667,0.0
factory_8,frequency_response.csv,38,gain_db,-7.396486,-7.396486,0.0
factory_8,frequency_response.csv,39,time_s,2.621849,2.621849,0.0
factory_8,frequency_response.csv,39,freq_hz,162.748337,162.748337,0.0
factory_8,frequency_response.csv,39,gain_db,-6.536791,-6.536791,0.0
factory_8,frequency_response.csv,40,time_s,2.689076,2.689076,0.0
factory_8,frequency_response.csv,40,freq_hz,171.73642,171.73642,0.0
factory_8,frequency_response.csv,40,gain_db,-7.416718,-7.416718,0.0
factory_8,frequency_response.csv,41,time_s,2.756303,2.756303,0.0
factory_8,frequency_response.csv,41,freq_hz,181.220856,181.220856,0.0
factory_8,frequency_response.csv,41,gain_db,-7.394865,-7.394865,0.0
factory_8,frequency_response.csv,42,time_s,2.823529,2.823529,0.0
factory_8,frequency_response.csv,42,freq_hz,191.229095,191.229095,0.0
factory_8,frequency_response.csv,42,gain_db,-5.933559,-5.933559,0.0
factory_8,frequency_response.csv,43,time_s,2.890756,2.890756,0.0
factory_8,frequency_response.csv,43,freq_hz,201.79007,201.79007,0.0
factory_8,frequency_response.csv,43,gain_db,-6.853435,-6.853435,0.0
factory_8,frequency_response.csv,44,time_s,2.957983,2.957983,0.0
factory_8,frequency_response.csv,44,freq_hz,212.93428,212.93428,0.0
factory_8,frequency_response.csv,44,gain_db,-7.291418,-7.291418,0.0
factory_8,frequency_response.csv,45,time_s,3.02521,3.02521,0.0
factory_8,frequency_response.csv,45,freq_hz,224.69397,224.69397,0.0
factory_8,frequency_response.csv,45,gain_db,-5.513605,-5.513605,0.0
factory_8,frequency_response.csv,46,time_s,3.092437,3.092437,0.0
factory_8,frequency_response.csv,46,freq_hz,237.103104,237.103104,0.0
factory_8,frequency_response.csv,46,gain_db,-5.59181,-5.59181,0.0
factory_8,frequency_response.csv,47,time_s,3.159664,3.159664,0.0
factory_8,frequency_response.csv,47,freq_hz,250.19754,250.19754,0.0
factory_8,frequency_response.csv,47,gain_db,-6.984952,-6.984952,0.0
factory_8,frequency_response.csv,48,time_s,3.226891,3.226891,0.0
factory_8,frequency_response.csv,48,freq_hz,264.015137,264.015137,0.0
factory_8,frequency_response.csv,48,gain_db,-5.31535,-5.31535,0.0
factory_8,frequency_response.csv,49,time_s,3.294118,3.294118,0.0
factory_8,frequency_response.csv,49,freq_hz,278.595856,278.595856,0.0
factory_8,frequency_response.csv,49,gain_db,-4.333464,-4.333464,0.0
factory_8,frequency_response.csv,50,time_s,3.361345,3.361345,0.0
factory_8,frequency_response.csv,50,freq_hz,293.981812,293.981812,0.0
factory_8,frequency_response.csv,50,gain_db,-6.339772,-6.339772,0.0
factory_8,frequency_response.csv,51,time_s,3.428571,3.428571,0.0
factory_8,frequency_response.csv,51,freq_hz,310.217468,310.217468,0.0
factory_8,frequency_response.csv,51,gain_db,-5.116575,-5.116575,0.0
factory_8,frequency_response.csv,52,time_s,3.495798,3.495798,0.0
factory_8,frequency_response.csv,52,freq_hz,327.349792,327.349792,0.0
factory_8,frequency_response.csv,52,gain_db,-3.423881,-3.423881,0.0
factory_8,frequency_response.csv,53,time_s,3.563025,3.563025,0.0
factory_8,frequency_response.csv,53,freq_hz,345.428284,345.428284,0.0
factory_8,frequency_response.csv,53,gain_db,-5.280345,-5.280345,0.0
factory_8,frequency_response.csv,54,time_s,3.630252,3.630252,0.0
factory_8,frequency_response.csv,54,freq_hz,364.505157,364.505157,0.0
factory_8,frequency_response.csv,54,gain_db,-4.893608,-4.893608,0.0
factory_8,frequency_response.csv,55,time_s,3.697479,3.697479,0.0
factory_8,frequency_response.csv,55,freq_hz,384.63562,384.63562,0.0
factory_8,frequency_response.csv,55,gain_db,-2.922429,-2.922429,0.0
factory_8,frequency_response.csv,56,time_s,3.764706,3.764706,0.0
factory_8,frequency_response.csv,56,freq_hz,405.877808,405.877808,0.0
factory_8,frequency_response.csv,56,gain_db,-4.061585,-4.061585,0.0
factory_8,frequency_response.csv,57,time_s,3.831933,3.831933,0.0
factory_8,frequency_response.csv,57,freq_hz,428.293121,428.293121,0.0
factory_8,frequency_response.csv,57,gain_db,-4.525771,-4.525771,0.0
factory_8,frequency_response.csv,58,time_s,3.89916,3.89916,0.0
factory_8,frequency_response.csv,58,freq_hz,451.946381,451.946381,0.0
factory_8,frequency_response.csv,58,gain_db,-2.662275,-2.662275,0.0
factory_8,frequency_response.csv,59,time_s,3.966387,3.966387,0.0
factory_8,frequency_response.csv,59,freq_hz,476.905945,476.905945,0.0
factory_8,frequency_response.csv,59,gain_db,-2.960408,-2.960408,0.0
factory_8,frequency_response.csv,60,time_s,4.033614,4.033614,0.0
factory_8,frequency_response.csv,60,freq_hz,503.244019,503.244019,0.0
factory_8,frequency_response.csv,60,gain_db,-3.983797,-3.983797,0.0
factory_8,frequency_response.csv,61,time_s,4.100841,4.100841,0.0
factory_8,frequency_response.csv,61,freq_hz,531.03656,531.03656,0.0
factory_8,frequency_response.csv,61,gain_db,-2.562989,-2.562989,0.0
factory_8,frequency_response.csv,62,time_s,4.168067,4.168067,0.0
factory_8,frequency_response.csv,62,freq_hz,560.364014,560.364014,0.0
factory_8,frequency_response.csv,62,gain_db,-2.315446,-2.315446,0.0
factory_8,frequency_response.csv,63,time_s,4.235294,4.235294,0.0
factory_8,frequency_response.csv,63,freq_hz,591.311096,591.311096,0.0
factory_8,frequency_response.csv,63,gain_db,-3.302615,-3.302615,0.0
factory_8,frequency_response.csv,64,time_s,4.302521,4.302521,0.0
factory_8,frequency_response.csv,64,freq_hz,623.967346,623.967346,0.0
factory_8,frequency_response.csv,64,gain_db,-2.490215,-2.490215,0.0
factory_8,frequency_response.csv,65,time_s,4.369748,4.369748,0.0
factory_8,frequency_response.csv,65,freq_hz,658.427063,658.427063,0.0
factory_8,frequency_response.csv,65,gain_db,-2.109372,-2.109372,0.0
factory_8,frequency_response.csv,66,time_s,4.436975,4.436975,0.0
factory_8,frequency_response.csv,66,freq_hz,694.789795,694.789795,0.0
factory_8,frequency_response.csv,66,gain_db,-2.615777,-2.615777,0.0
factory_8,frequency_response.csv,67,time_s,4.504202,4.504202,0.0
factory_8,frequency_response.csv,67,freq_hz,733.160889,733.160889,0.0
factory_8,frequency_response.csv,67,gain_db,-2.380081,-2.380081,0.0
factory_8,frequency_response.csv,68,time_s,4.571429,4.571429,0.0
factory_8,frequency_response.csv,68,freq_hz,773.651001,773.651001,0.0
factory_8,frequency_response.csv,68,gain_db,-2.202453,-2.202453,0.0
factory_8,frequency_response.csv,69,time_s,4.638656,4.638656,0.0
factory_8,frequency_response.csv,69,freq_hz,816.377197,816.377197,0.0
factory_8,frequency_response.csv,69,gain_db,-2.18375,-2.18375,0.0
factory_8,frequency_response.csv,70,time_s,4.705883,4.705883,0.0
factory_8,frequency_response.csv,70,freq_hz,861.463074,861.463074,0.0
factory_8,frequency_response.csv,70,gain_db,-2.226236,-2.226236,0.0
factory_8,frequency_response.csv,71,time_s,4.773109,4.773109,0.0
factory_8,frequency_response.csv,71,freq_hz,909.03894,909.03894,0.0
factory_8,frequency_response.csv,71,gain_db,-2.407743,-2.407743,0.0
factory_8,frequency_response.csv,72,time_s,4.840336,4.840336,0.0
factory_8,frequency_response.csv,72,freq_hz,959.242249,959.242249,0.0
factory_8,frequency_response.csv,72,gain_db,-2.230032,-2.230032,0.0
factory_8,frequency_response.csv,73,time_s,4.907563,4.907563,0.0
factory_8,frequency_response.csv,73,freq_hz,1012.218079,1012.218079,0.0
factory_8,frequency_response.csv,73,gain_db,-2.099612,-2.099612,0.0
factory_8,frequency_response.csv,74,time_s,4.97479,4.97479,0.0
factory_8,frequency_response.csv,74,freq_hz,1068.119629,1068.119629,0.0
factory_8,frequency_response.csv,74,gain_db,-2.621106,-2.621106,0.0
factory_8,frequency_response.csv,75,time_s,5.042017,5.042017,0.0
factory_8,frequency_response.csv,75,freq_hz,1127.108398,1127.108398,0.0
factory_8,frequency_response.csv,75,gain_db,-2.840706,-2.840706,0.0
factory_8,frequency_response.csv,76,time_s,5.109244,5.109244,0.0
factory_8,frequency_response.csv,76,freq_hz,1189.355103,1189.355103,0.0
factory_8,frequency_response.csv,76,gain_db,-2.122481,-2.122481,0.0
factory_8,frequency_response.csv,77,time_s,5.176471,5.176471,0.0
factory_8,frequency_response.csv,77,freq_hz,1255.039307,1255.039307,0.0
factory_8,frequency_response.csv,77,gain_db,-2.801416,-2.801416,0.0
factory_8,frequency_response.csv,78,time_s,5.243698,5.243698,0.0
factory_8,frequency_response.csv,78,freq_hz,1324.351074,1324.351074,0.0
factory_8,frequency_response.csv,78,gain_db,-3.863177,-3.863177,0.0
factory_8,frequency_response.csv,79,time_s,5.310925,5.310925,0.0
factory_8,frequency_response.csv,79,freq_hz,1397.490845,1397.490845,0.0
factory_8,frequency_response.csv,79,gain_db,-2.467775,-2.467775,0.0
factory_8,frequency_response.csv,80,time_s,5.378151,5.378151,0.0
factory_8,frequency_response.csv,80,freq_hz,1474.669678,1474.669678,0.0
factory_8,frequency_response.csv,80,gain_db,-3.033268,-3.033268,0.0
factory_8,frequency_response.csv,81,time_s,5.445378,5.445378,0.0
factory_8,frequency_response.csv,81,freq_hz,1556.110962,1556.110962,0.0
factory_8,frequency_response.csv,81,gain_db,-4.946969,-4.946969,0.0
factory_8,frequency_response.csv,82,time_s,5.512605,5.512605,0.0
factory_8,frequency_response.csv,82,freq_hz,1642.050049,1642.050049,0.0
factory_8,frequency_response.csv,82,gain_db,-3.329464,-3.329464,0.0
factory_8,frequency_response.csv,83,time_s,5.579832,5.579832,0.0
factory_8,frequency_response.csv,83,freq_hz,1732.735107,1732.735107,0.0
factory_8,frequency_response.csv,83,gain_db,-3.416411,-3.416411,0.0
factory_8,frequency_response.csv,84,time_s,5.647059,5.647059,0.0
factory_8,frequency_response.csv,84,freq_hz,1828.428467,1828.428467,0.0
factory_8,frequency_response.csv,84,gain_db,-5.805556,-5.805556,0.0
factory_8,frequency_response.csv,85,time_s,5.714286,5.714286,0.0
factory_8,frequency_response.csv,85,freq_hz,1929.406738,1929.406738,0.0
factory_8,frequency_response.csv,85,gain_db,-4.781033,-4.781033,0.0
factory_8,frequency_response.csv,86,time_s,5.781513,5.781513,0.0
factory_8,frequency_response.csv,86,freq_hz,2035.96167,2035.96167,0.0
factory_8,frequency_response.csv,86,gain_db,-4.063799,-4.063799,0.0
factory_8,frequency_response.csv,87,time_s,5.84874,5.84874,0.0
factory_8,frequency_response.csv,87,freq_hz,2148.401367,2148.401367,0.0
factory_8,frequency_response.csv,87,gain_db,-6.372058,-6.372058,0.0
factory_8,frequency_response.csv,88,time_s,5.915967,5.915967,0.0
factory_8,frequency_response.csv,88,freq_hz,2267.050537,2267.050537,0.0
factory_8,frequency_response.csv,88,gain_db,-6.448973,-6.448973,0.0
factory_8,frequency_response.csv,89,time_s,5.983193,5.983193,0.0
factory_8,frequency_response.csv,89,freq_hz,2392.252441,2392.252441,0.0
factory_8,frequency_response.csv,89,gain_db,-5.057571,-5.057571,0.0
factory_8,frequency_response.csv,90,time_s,6.05042,6.05042,0.0
factory_8,frequency_response.csv,90,freq_hz,2524.368896,2524.368896,0.0
factory_8,frequency_response.csv,90,gain_db,-6.773529,-6.773529,0.0
factory_8,frequency_response.csv,91,time_s,6.117647,6.117647,0.0
factory_8,frequency_response.csv,91,freq_hz,2663.781738,2663.781738,0.0
factory_8,frequency_response.csv,91,gain_db,-7.452536,-7.452536,0.0
factory_8,frequency_response.csv,92,time_s,6.184874,6.184874,0.0
factory_8,frequency_response.csv,92,freq_hz,2810.893799,2810.893799,0.0
factory_8,frequency_response.csv,92,gain_db,-6.296968,-6.296968,0.0
factory_8,frequency_response.csv,93,time_s,6.252101,6.252101,0.0
factory_8,frequency_response.csv,93,freq_hz,2966.130371,2966.130371,0.0
factory_8,frequency_response.csv,93,gain_db,-7.068107,-7.068107,0.0
factory_8,frequency_response.csv,94,time_s,6.319328,6.319328,0.0
factory_8,frequency_response.csv,94,freq_hz,3129.94043,3129.94043,0.0
factory_8,frequency_response.csv,94,gain_db,-7.268991,-7.268991,0.0
factory_8,frequency_response.csv,95,time_s,6.386555,6.386555,0.0
factory_8,frequency_response.csv,95,freq_hz,3302.796875,3302.796875,0.0
factory_8,frequency_response.csv,95,gain_db,-7.175862,-7.175862,0.0
factory_8,frequency_response.csv,96,time_s,6.453782,6.453782,0.0
factory_8,frequency_response.csv,96,freq_hz,3485.199951,3485.199951,0.0
factory_8,frequency_response.csv,96,gain_db,-7.166538,-7.166538,0.0
factory_8,frequency_response.csv,97,time_s,6.521008,6.521008,0.0
factory_8,frequency_response.csv,97,freq_hz,3677.676025,3677.676025,0.0
factory_8,frequency_response.csv,97,gain_db,-6.45438,-6.45438,0.0
factory_8,frequency_response.csv,98,time_s,6.588235,6.588235,0.0
factory_8,frequency_response.csv,98,freq_hz,3880.782471,3880.782471,0.0
factory_8,frequency_response.csv,98,gain_db,-6.775959,-6.775959,0.0
factory_8,frequency_response.csv,99,time_s,6.655462,6.655462,0.0
factory_8,frequency_response.csv,99,freq_hz,4095.105469,4095.105469,0.0
factory_8,frequency_response.csv,99,gain_db,-6.811327,-6.811327,0.0
factory_8,frequency_response.csv,100,time_s,6.722689,6.722689,0.0
factory_8,frequency_response.csv,100,freq_hz,4321.265137,4321.265137,0.0
factory_8,frequency_response.csv,100,gain_db,-5.564622,-5.564622,0.0
factory_8,frequency_response.csv,101,time_s,6.789916,6.789916,0.0
factory_8,frequency_response.csv,101,freq_hz,4559.914551,4559.914551,0.0
factory_8,frequency_response.csv,101,gain_db,-5.458556,-5.458556,0.0
factory_8,frequency_response.csv,102,time_s,6.857143,6.857143,0.0
factory_8,frequency_response.csv,102,freq_hz,4811.744141,4811.744141,0.0
factory_8,frequency_response.csv,102,gain_db,-5.912776,-5.912776,0.0
factory_8,frequency_response.csv,103,time_s,6.92437,6.92437,0.0
factory_8,frequency_response.csv,103,freq_hz,5077.481445,5077.481445,0.0
factory_8,frequency_response.csv,103,gain_db,-4.767171,-4.767171,0.0
factory_8,frequency_response.csv,104,time_s,6.991597,6.991597,0.0
factory_8,frequency_response.csv,104,freq_hz,5357.894531,5357.894531,0.0
factory_8,frequency_response.csv,104,gain_db,-4.257559,-4.257559,0.0
factory_8,frequency_response.csv,105,time_s,7.058824,7.058824,0.0
factory_8,frequency_response.csv,105,freq_hz,5653.793457,5653.793457,0.0
factory_8,frequency_response.csv,105,gain_db,-4.771221,-4.771221,0.0
factory_8,frequency_response.csv,106,time_s,7.12605,7.12605,0.0
factory_8,frequency_response.csv,106,freq_hz,5966.034668,5966.034668,0.0
factory_8,frequency_response.csv,106,gain_db,-4.117405,-4.117405,0.0
factory_8,frequency_response.csv,107,time_s,7.193277,7.193277,0.0
factory_8,frequency_response.csv,107,freq_hz,6295.519531,6295.519531,0.0
factory_8,frequency_response.csv,107,gain_db,-3.568963,-3.568963,0.0
factory_8,frequency_response.csv,108,time_s,7.260504,7.260504,0.0
factory_8,frequency_response.csv,108,freq_hz,6643.200684,6643.200684,0.0
factory_8,frequency_response.csv,108,gain_db,-3.859671,-3.859671,0.0
factory_8,frequency_response.csv,109,time_s,7.327731,7.327731,0.0
factory_8,frequency_response.csv,109,freq_hz,7010.083008,7010.083008,0.0
factory_8,frequency_response.csv,109,gain_db,-3.660035,-3.660035,0.0
factory_8,frequency_response.csv,110,time_s,7.394958,7.394958,0.0
factory_8,frequency_response.csv,110,freq_hz,7397.227539,7397.227539,0.0
factory_8,frequency_response.csv,110,gain_db,-3.333076,-3.333076,0.0
factory_8,frequency_response.csv,111,time_s,7.462185,7.462185,0.0
factory_8,frequency_response.csv,111,freq_hz,7805.752441,7805.752441,0.0
factory_8,frequency_response.csv,111,gain_db,-3.441468,-3.441468,0.0
factory_8,frequency_response.csv,112,time_s,7.529412,7.529412,0.0
factory_8,frequency_response.csv,112,freq_hz,8236.839844,8236.839844,0.0
factory_8,frequency_response.csv,112,gain_db,-3.471765,-3.471765,0.0
factory_8,frequency_response.csv,113,time_s,7.596639,7.596639,0.0
factory_8,frequency_response.csv,113,freq_hz,8691.733398,8691.733398,0.0
factory_8,frequency_response.csv,113,gain_db,-3.404489,-3.404489,0.0
factory_8,frequency_response.csv,114,time_s,7.663866,7.663866,0.0
factory_8,frequency_response.csv,114,freq_hz,9171.75,9171.75,0.0
factory_8,frequency_response.csv,114,gain_db,-3.478398,-3.478398,0.0
factory_8,frequency_response.csv,115,time_s,7.731092,7.731092,0.0
factory_8,frequency_response.csv,115,freq_hz,9678.276367,9678.276367,0.0
factory_8,frequency_response.csv,115,gain_db,-3.561214,-3.561214,0.0
factory_8,frequency_response.csv,116,time_s,7.798319,7.798319,0.0
factory_8,frequency_response.csv,116,freq_hz,10212.776367,10212.776367,0.0
factory_8,frequency_response.csv,116,gain_db,-3.654836,-3.654836,0.0
factory_8,frequency_response.csv,117,time_s,7.865546,7.865546,0.0
factory_8,frequency_response.csv,117,freq_hz,10776.795898,10776.795898,0.0
factory_8,frequency_response.csv,117,gain_db,-3.762606,-3.762606,0.0
factory_8,frequency_response.csv,118,time_s,7.932773,7.932773,0.0
factory_8,frequency_response.csv,118,freq_hz,11371.962891,11371.962891,0.0
factory_8,frequency_response.csv,118,gain_db,-3.828666,-3.828666,0.0
factory_8,frequency_response.csv,119,time_s,8.0,8.0,0.0
factory_8,frequency_response.csv,119,freq_hz,12000.0,12000.0,0.0
factory_8,frequency_response.csv,119,gain_db,-3.928981,-3.928981,0.0
factory_8,notch_tracking.csv,0,time_s,0.201681,0.201681,0.0
factory_8,notch_tracking.csv,0,freq_hz,23.499975,23.499975,0.0
factory_8,notch_tracking.csv,0,notch_depth_db,-3.628575,-3.628575,0.0
factory_8,notch_tracking.csv,1,time_s,0.470588,0.470588,0.0
factory_8,notch_tracking.csv,1,freq_hz,29.13739,29.13739,0.0
factory_8,notch_tracking.csv,1,notch_depth_db,-3.668193,-3.668193,0.0
factory_8,notch_tracking.csv,2,time_s,0.672269,0.672269,0.0
factory_8,notch_tracking.csv,2,freq_hz,34.236401,34.236401,0.0
factory_8,notch_tracking.csv,2,notch_depth_db,-3.912646,-3.912646,0.0
factory_8,notch_tracking.csv,3,time_s,0.87395,0.87395,0.0
factory_8,notch_tracking.csv,3,freq_hz,40.22773,40.22773,0.0
factory_8,notch_tracking.csv,3,notch_depth_db,-4.261322,-4.261322,0.0
factory_8,notch_tracking.csv,4,time_s,1.07563,1.07563,0.0
factory_8,notch_tracking.csv,4,freq_hz,47.267536,47.267536,0.0
factory_8,notch_tracking.csv,4,notch_depth_db,-4.584113,-4.584113,0.0
factory_8,notch_tracking.csv,5,time_s,1.344538,1.344538,0.0
factory_8,notch_tracking.csv,5,freq_hz,58.606552,58.606552,0.0
factory_8,notch_tracking.csv,5,notch_depth_db,-5.334848,-5.334848,0.0
factory_8,notch_tracking.csv,6,time_s,1.546218,1.546218,0.0
factory_8,notch_tracking.csv,6,freq_hz,68.862625,68.862625,0.0
factory_8,notch_tracking.csv,6,notch_depth_db,-6.295328,-6.295328,0.0
factory_8,notch_tracking.csv,7,time_s,1.747899,1.747899,0.0
factory_8,notch_tracking.csv,7,freq_hz,80.913506,80.913506,0.0
factory_8,notch_tracking.csv,7,notch_depth_db,-6.878651,-6.878651,0.0
factory_8,notch_tracking.csv,8,time_s,1.94958,1.94958,0.0
factory_8,notch_tracking.csv,8,freq_hz,95.073273,95.073273,0.0
factory_8,notch_tracking.csv,8,notch_depth_db,-7.189883,-7.189883,0.0
factory_8,notch_tracking.csv,9,time_s,2.218488,2.218488,0.0
factory_8,notch_tracking.csv,9,freq_hz,117.880432,117.880432,0.0
factory_8,notch_tracking.csv,9,notch_depth_db,-7.348074,-7.348074,0.0
factory_8,notch_tracking.csv,10,time_s,2.352941,2.352941,0.0
factory_8,notch_tracking.csv,10,freq_hz,131.260284,131.260284,0.0
factory_8,notch_tracking.csv,10,notch_depth_db,-7.337695,-7.337695,0.0
factory_8,notch_tracking.csv,11,time_s,2.554622,2.554622,0.0
factory_8,notch_tracking.csv,11,freq_hz,154.230667,154.230667,0.0
factory_8,notch_tracking.csv,11,notch_depth_db,-7.396486,-7.396486,0.0
factory_8,notch_tracking.csv,12,time_s,2.689076,2.689076,0.0
factory_8,notch_tracking.csv,12,freq_hz,171.73642,171.73642,0.0
factory_8,notch_tracking.csv,12,notch_depth_db,-7.416718,-7.416718,0.0
factory_8,notch_tracking.csv,13,time_s,2.957983,2.957983,0.0
factory_8,notch_tracking.csv,13,freq_hz,212.93428,212.93428,0.0
factory_8,notch_tracking.csv,13,notch_depth_db,-7.291418,-7.291418,0.0
factory_8,notch_tracking.csv,14,time_s,3.159664,3.159664,0.0
factory_8,notch_tracking.csv,14,freq_hz,250.19754,250.19754,0.0
factory_8,notch_tracking.csv,14,notch_depth_db,-6.984952,-6.984952,0.0
factory_8,notch_tracking.csv,15,time_s,3.361345,3.361345,0.0
factory_8,notch_tracking.csv,15,freq_hz,293.981812,293.981812,0.0
factory_8,notch_tracking.csv,15,notch_depth_db,-6.339772,-6.339772,0.0
factory_8,notch_tracking.csv,16,time_s,3.563025,3.563025,0.0
factory_8,notch_tracking.csv,16,freq_hz,345.428284,345.428284,0.0
factory_8,notch_tracking.csv,16,notch_depth_db,-5.280345,-5.280345,0.0
factory_8,notch_tracking.csv,17,time_s,3.831933,3.831933,0.0
factory_8,notch_tracking.csv,17,freq_hz,428.293121,428.293121,0.0
factory_8,notch_tracking.csv,17,notch_depth_db,-4.525771,-4.525771,0.0
factory_8,notch_tracking.csv,18,time_s,4.033614,4.033614,0.0
factory_8,notch_tracking.csv,18,freq_hz,503.244019,503.244019,0.0
factory_8,notch_tracking.csv,18,notch_depth_db,-3.983797,-3.983797,0.0
factory_8,notch_tracking.csv,19,time_s,4.235294,4.235294,0.0
factory_8,notch_tracking.csv,19,freq_hz,591.311096,591.311096,0.0
factory_8,notch_tracking.csv,19,notch_depth_db,-3.302615,-3.302615,0.0
factory_8,notch_tracking.csv,20,time_s,4.436975,4.436975,0.0
factory_8,notch_tracking.csv,20,freq_hz,694.789795,694.789795,0.0
factory_8,notch_tracking.csv,20,notch_depth_db,-2.615777,-2.615777,0.0
factory_8,notch_tracking.csv,21,time_s,4.773109,4.773109,0.0
factory_8,notch_tracking.csv,21,freq_hz,909.03894,909.03894,0.0
factory_8,notch_tracking.csv,21,notch_depth_db,-2.407743,-2.407743,0.0
factory_8,notch_tracking.csv,22,time_s,5.042017,5.042017,0.0
factory_8,notch_tracking.csv,22,freq_hz,1127.108398,1127.108398,0.0
factory_8,notch_tracking.csv,22,notch_depth_db,-2.840706,-2.840706,0.0
factory_8,notch_tracking.csv,23,time_s,5.243698,5.243698,0.0
factory_8,notch_tracking.csv,23,freq_hz,1324.351074,1324.351074,0.0
factory_8,notch_tracking.csv,23,notch_depth_db,-3.863177,-3.863177,0.0
factory_8,notch_tracking.csv,24,time_s,5.445378,5.445378,0.0
factory_8,notch_tracking.csv,24,freq_hz,1556.110962,1556.110962,0.0
factory_8,notch_tracking.csv,24,notch_depth_db,-4.946969,-4.946969,0.0
factory_8,notch_tracking.csv,25,time_s,5.647059,5.647059,0.0
factory_8,notch_tracking.csv,25,freq_hz,1828.428467,1828.428467,0.0
factory_8,notch_tracking.csv,25,notch_depth_db,-5.805556,-5.805556,0.0
factory_8,notch_tracking.csv,26,time_s,5.915967,5.915967,0.0
factory_8,notch_tracking.csv,26,freq_hz,2267.050537,2267.050537,0.0
factory_8,notch_tracking.csv,26,notch_depth_db,-6.448973,-6.448973,0.0
factory_8,notch_tracking.csv,27,time_s,6.117647,6.117647,0.0
factory_8,notch_tracking.csv,27,freq_hz,2663.781738,2663.781738,0.0
factory_8,notch_tracking.csv,27,notch_depth_db,-7.452536,-7.452536,0.0
factory_8,notch_tracking.csv,28,time_s,6.319328,6.319328,0.0
factory_8,notch_tracking.csv,28,freq_hz,3129.94043,3129.94043,0.0
factory_8,notch_tracking.csv,28,notch_depth_db,-7.268991,-7.268991,0.0
factory_8,notch_tracking.csv,29,time_s,6.655462,6.655462,0.0
factory_8,notch_tracking.csv,29,freq_hz,4095.105469,4095.105469,0.0
factory_8,notch_tracking.csv,29,notch_depth_db,-6.811327,-6.811327,0.0
factory_8,notch_tracking.csv,30,time_s,6.857143,6.857143,0.0
factory_8,notch_tracking.csv,30,freq_hz,4811.744141,4811.744141,0.0
factory_8,notch_tracking.csv,30,notch_depth_db,-5.912776,-5.912776,0.0
factory_8,notch_tracking.csv,31,time_s,7.058824,7.058824,0.0
factory_8,notch_tracking.csv,31,freq_hz,5653.793457,5653.793457,0.0
factory_8,notch_tracking.csv,31,notch_depth_db,-4.771221,-4.771221,0.0
factory_8,notch_tracking.csv,32,time_s,7.260504,7.260504,0.0
factory_8,notch_tracking.csv,32,freq_hz,6643.200684,6643.200684,0.0
factory_8,notch_tracking.csv,32,notch_depth_db,-3.859671,-3.859671,0.0
factory_8,notch_tracking.csv,33,time_s,7.529412,7.529412,0.0
factory_8,notch_tracking.csv,33,freq_hz,8236.839844,8236.839844,0.0
factory_8,notch_tracking.csv,33,notch_depth_db,-3.471765,-3.471765,0.0
factory_8,thd_vs_drive.csv,0,sine_level_db,-24.0,-24.0,0.0
factory_8,thd_vs_drive.csv,0,thd_ratio,0.00041,0.00041,0.0
factory_8,thd_vs_drive.csv,0,thd_db,-67.752075,-67.752075,0.0
factory_8,thd_vs_drive.csv,0,broadband_hf_db,-82.683365,-82.683365,0.0
factory_8,thd_vs_drive.csv,1,sine_level_db,-18.0,-18.0,0.0
factory_8,thd_vs_drive.csv,1,thd_ratio,0.001436,0.001436,0.0
factory_8,thd_vs_drive.csv,1,thd_db,-56.858757,-56.858757,0.0
factory_8,thd_vs_drive.csv,1,broadband_hf_db,-82.685059,-82.685059,0.0
factory_8,thd_vs_drive.csv,2,sine_level_db,-12.0,-12.0,0.0
factory_8,thd_vs_drive.csv,2,thd_ratio,0.005486,0.005486,0.0
factory_8,thd_vs_drive.csv,2,thd_db,-45.214424,-45.214424,0.0
factory_8,thd_vs_drive.csv,2,broadband_hf_db,-82.682571,-82.682571,0.0
factory_8,thd_vs_drive.csv,3,sine_level_db,-6.0,-6.0,0.0
factory_8,thd_vs_drive.csv,3,thd_ratio,0.021644,0.021644,0.0
factory_8,thd_vs_drive.csv,3,thd_db,-33.293221,-33.293221,0.0
factory_8,thd_vs_drive.csv,3,broadband_hf_db,-82.682205,-82.682205,0.0
factory_8,thd_vs_drive.csv,4,sine_level_db,0.0,0.0,0.0
factory_8,thd_vs_drive.csv,4,thd_ratio,0.06972,0.06972,0.0
factory_8,thd_vs_drive.csv,4,thd_db,-23.132862,-23.132862,0.0
factory_8,thd_vs_drive.csv,4,broadband_hf_db,-82.26783,-82.26783,0.0
factory_9,summary.csv,average_tracked_notch_db,value,-5.736438,-5.736438,0.0
factory_9,summary.csv,deepest_tracked_notch_db,value,-7.165765,-7.165765,0.0
factory_9,summary.csv,guitar_broadband_hf_db,value,-79.827263,-79.827263,0.0
factory_9,summary.csv,guitar_lr_correlation,value,0.999906,0.999906,0.0
factory_9,summary.csv,guitar_mono_fold_db,value,-0.000212,-0.000212,0.0
factory_9,summary.csv,guitar_side_to_mid_db,value,-43.105217,-43.105217,0.0
factory_9,summary.csv,sweep_broadband_hf_db,value,-82.542145,-82.542145,0.0
factory_9,summary.csv,sweep_lr_correlation,value,0.999929,0.999929,0.0
factory_9,summary.csv,sweep_mono_fold_db,value,-0.000154,-0.000154,0.0
factory_9,summary.csv,sweep_side_to_mid_db,value,-44.515896,-44.515896,0.0
factory_9,summary.csv,tracked_notch_count,value,7.0,7.0,0.0
factory_9,summary.csv,tracked_notch_high_hz,value,3677.676025,3677.676025,0.0
factory_9,summary.csv,tracked_notch_low_hz,value,29.13739,29.13739,0.0
factory_9,summary.csv,tracked_notch_span_oct,value,6.979779,6.979779,0.0
factory_9,summary.csv,worst_thd_db,value,-24.886692,-24.886692,0.0
factory_9,frequency_response.csv,0,time_s,0.0,0.0,0.0
factory_9,frequency_response.csv,0,freq_hz,20.0,20.0,0.0
factory_9,frequency_response.csv,0,gain_db,-7.925605,-7.925605,0.0
factory_9,frequency_response.csv,1,time_s,0.067227,0.067227,0.0
factory_9,frequency_response.csv,1,freq_hz,21.104536,21.104536,0.0
factory_9,frequency_response.csv,1,gain_db,-4.369308,-4.369308,0.0
factory_9,frequency_response.csv,2,time_s,0.134454,0.134454,0.0
factory_9,frequency_response.csv,2,freq_hz,22.270071,22.270071,0.0
factory_9,frequency_response.csv,2,gain_db,-4.342581,-4.342581,0.0
factory_9,frequency_response.csv,3,time_s,0.201681,0.201681,0.0
factory_9,frequency_response.csv,3,freq_hz,23.499975,23.499975,0.0
factory_9,frequency_response.csv,3,gain_db,-4.307729,-4.307729,0.0
factory_9,frequency_response.csv,4,time_s,0.268908,0.268908,0.0
factory_9,frequency_response.csv,4,freq_hz,24.797804,24.797804,0.0
factory_9,frequency_response.csv,4,gain_db,-4.069623,-4.069623,0.0
factory_9,frequency_response.csv,5,time_s,0.336134,0.336134,0.0
factory_9,frequency_response.csv,5,freq_hz,26.167307,26.167307,0.0
factory_9,frequency_response.csv,5,gain_db,-4.029624,-4.029624,0.0
factory_9,frequency_response.csv,6,time_s,0.403361,0.403361,0.0
factory_9,frequency_response.csv,6,freq_hz,27.612442,27.612442,0.0
factory_9,frequency_response.csv,6,gain_db,-3.844352,-3.844352,0.0
factory_9,frequency_response.csv,7,time_s,0.470588,0.470588,0.0
factory_9,frequency_response.csv,7,freq_hz,29.13739,29.13739,0.0
factory_9,frequency_response.csv,7,gain_db,-3.956214,-3.956214,0.0
factory_9,frequency_response.csv,8,time_s,0.537815,0.537815,0.0
factory_9,frequency_response.csv,8,freq_hz,30.746555,30.746555,0.0
factory_9,frequency_response.csv,8,gain_db,-3.884099,-3.884099,0.0
factory_9,frequency_response.csv,9,time_s,0.605042,0.605042,0.0
factory_9,frequency_response.csv,9,freq_hz,32.444588,32.444588,0.0
factory_9,frequency_response.csv,9,gain_db,-3.865098,-3.865098,0.0
factory_9,frequency_response.csv,10,time_s,0.672269,0.672269,0.0
factory_9,frequency_response.csv,10,freq_hz,34.236401,34.236401,0.0
factory_9,frequency_response.csv,10,gain_db,-3.83199,-3.83199,0.0
factory_9,frequency_response.csv,11,time_s,0.739496,0.739496,0.0
factory_9,frequency_response.csv,11,freq_hz,36.127167,36.127167,0.0
factory_9,frequency_response.csv,11,gain_db,-3.937217,-3.937217,0.0
factory_9,frequency_response.csv,12,time_s,0.806723,0.806723,0.0
factory_9,frequency_response.csv,12,freq_hz,38.122353,38.122353,0.0
factory_9,frequency_response.csv,12,gain_db,-4.017875,-4.017875,0.0
factory_9,frequency_response.csv,13,time_s,0.87395,0.87395,0.0
factory_9,frequency_response.csv,13,freq_hz,40.22773,40.22773,0.0
factory_9,frequency_response.csv,13,gain_db,-4.117903,-4.117903,0.0
factory_9,frequency_response.csv,14,time_s,0.941177,0.941177,0.0
factory_9,frequency_response.csv,14,freq_hz,42.449379,42.449379,0.0
factory_9,frequency_response.csv,14,gain_db,-4.322004,-4.322004,0.0
factory_9,frequency_response.csv,15,time_s,1.008403,1.008403,0.0
factory_9,frequency_response.csv,15,freq_hz,44.79372,44.79372,0.0
factory_9,frequency_response.csv,15,gain_db,-4.61173,-4.61173,0.0
factory_9,frequency_response.csv,16,time_s,1.07563,1.07563,0.0
factory_9,frequency_response.csv,16,freq_hz,47.267536,47.267536,0.0
factory_9,frequency_response.csv,16,gain_db,-5.020759,-5.020759,0.0
factory_9,frequency_response.csv,17,time_s,1.142857,1.142857,0.0
factory_9,frequency_response.csv,17,freq_hz,49.877968,49.877968,0.0
factory_9,frequency_response.csv,17,gain_db,-5.375637,-5.375637,0.0
factory_9,frequency_response.csv,18,time_s,1.210084,1.210084,0.0
factory_9,frequency_response.csv,18,freq_hz,52.632568,52.632568,0.0
factory_9,frequency_response.csv,18,gain_db,-5.851691,-5.851691,0.0
factory_9,frequency_response.csv,19,time_s,1.277311,1.277311,0.0
factory_9,frequency_response.csv,19,freq_hz,55.539299,55.539299,0.0
factory_9,frequency_response.csv,19,gain_db,-6.259577,-6.259577,0.0
factory_9,frequency_response.csv,20,time_s,1.344538,1.344538,0.0
factory_9,frequency_response.csv,20,freq_hz,58.606552,58.606552,0.0
factory_9,frequency_response.csv,20,gain_db,-6.553356,-6.553356,0.0
factory_9,frequency_response.csv,21,time_s,1.411765,1.411765,0.0
factory_9,frequency_response.csv,21,freq_hz,61.843204,61.843204,0.0
factory_9,frequency_response.csv,21,gain_db,-6.702255,-6.702255,0.0
factory_9,frequency_response.csv,22,time_s,1.478992,1.478992,0.0
factory_9,frequency_response.csv,22,freq_hz,65.258606,65.258606,0.0
factory_9,frequency_response.csv,22,gain_db,-6.71705,-6.71705,0.0
factory_9,frequency_response.csv,23,time_s,1.546218,1.546218,0.0
factory_9,frequency_response.csv,23,freq_hz,68.862625,68.862625,0.0
factory_9,frequency_response.csv,23,gain_db,-6.676399,-6.676399,0.0
factory_9,frequency_response.csv,24,time_s,1.613445,1.613445,0.0
factory_9,frequency_response.csv,24,freq_hz,72.665695,72.665695,0.0
factory_9,frequency_response.csv,24,gain_db,-6.504637,-6.504637,0.0
factory_9,frequency_response.csv,25,time_s,1.680672,1.680672,0.0
factory_9,frequency_response.csv,25,freq_hz,76.678787,76.678787,0.0
factory_9,frequency_response.csv,25,gain_db,-6.385055,-6.385055,0.0
factory_9,frequency_response.csv,26,time_s,1.747899,1.747899,0.0
factory_9,frequency_response.csv,26,freq_hz,80.913506,80.913506,0.0
factory_9,frequency_response.csv,26,gain_db,-6.176114,-6.176114,0.0
factory_9,frequency_response.csv,27,time_s,1.815126,1.815126,0.0
factory_9,frequency_response.csv,27,freq_hz,85.382095,85.382095,0.0
factory_9,frequency_response.csv,27,gain_db,-6.075471,-6.075471,0.0
factory_9,frequency_response.csv,28,time_s,1.882353,1.882353,0.0
factory_9,frequency_response.csv,28,freq_hz,90.097488,90.097488,0.0
factory_9,frequency_response.csv,28,gain_db,-6.024331,-6.024331,0.0
factory_9,frequency_response.csv,29,time_s,1.94958,1.94958,0.0
factory_9,frequency_response.csv,29,freq_hz,95.073273,95.073273,0.0
factory_9,frequency_response.csv,29,gain_db,-5.955115,-5.955115,0.0
factory_9,frequency_response.csv,30,time_s,2.016807,2.016807,0.0
factory_9,frequency_response.csv,30,freq_hz,100.323875,100.323875,0.0
factory_9,frequency_response.csv,30,gain_db,-6.047523,-6.047523,0.0
factory_9,frequency_response.csv,31,time_s,2.084034,2.084034,0.0
factory_9,frequency_response.csv,31,freq_hz,105.864441,105.864441,0.0
factory_9,frequency_response.csv,31,gain_db,-6.176723,-6.176723,0.0
factory_9,frequency_response.csv,32,time_s,2.151261,2.151261,0.0
factory_9,frequency_response.csv,32,freq_hz,111.710999,111.710999,0.0
factory_9,frequency_response.csv,32,gain_db,-6.349708,-6.349708,0.0
factory_9,frequency_response.csv,33,time_s,2.218488,2.218488,0.0
factory_9,frequency_response.csv,33,freq_hz,117.880432,117.880432,0.0
factory_9,frequency_response.csv,33,gain_db,-6.553722,-6.553722,0.0
factory_9,frequency_response.csv,34,time_s,2.285714,2.285714,0.0
factory_9,frequency_response.csv,34,freq_hz,124.390594,124.390594,0.0
factory_9,frequency_response.csv,34,gain_db,-6.793309,-6.793309,0.0
factory_9,frequency_response.csv,35,time_s,2.352941,2.352941,0.0
factory_9,frequency_response.csv,35,freq_hz,131.260284,131.260284,0.0
factory_9,frequency_response.csv,35,gain_db,-7.038663,-7.038663,0.0
factory_9,frequency_response.csv,36,time_s,2.420168,2.420168,0.0
factory_9,frequency_response.csv,36,freq_hz,138.509369,138.509369,0.0
factory_9,frequency_response.csv,36,gain_db,-7.165765,-7.165765,0.0
factory_9,frequency_response.csv,37,time_s,2.487395,2.487395,0.0
factory_9,frequency_response.csv,37,freq_hz,146.158783,146.158783,0.0
factory_9,frequency_response.csv,37,gain_db,-7.108775,-7.108775,0.0
factory_9,frequency_response.csv,38,time_s,2.554622,2.554622,0.0
factory_9,frequency_response.csv,38,freq_hz,154.230667,154.230667,0.0
factory_9,frequency_response.csv,38,gain_db,-6.926467,-6.926467,0.0
factory_9,frequency_response.csv,39,time_s,2.621849,2.621849,0.0
factory_9,frequency_response.csv,39,freq_hz,162.748337,162.748337,0.0
factory_9,frequency_response.csv,39,gain_db,-6.570351,-6.570351,0.0
factory_9,frequency_response.csv,40,time_s,2.689076,2.689076,0.0
factory_9,frequency_response.csv,40,freq_hz,171.73642,171.73642,0.0
factory_9,frequency_response.csv,40,gain_db,-6.186537,-6.186537,0.0
factory_9,frequency_response.csv,41,time_s,2.756303,2.756303,0.0
factory_9,frequency_response.csv,41,freq_hz,181.220856,181.220856,0.0
factory_9,frequency_response.csv,41,gain_db,-5.884109,-5.884109,0.0
factory_9,frequency_response.csv,42,time_s,2.823529,2.823529,0.0
factory_9,frequency_response.csv,42,freq_hz,191.229095,191.229095,0.0
factory_9,frequency_response.csv,42,gain_db,-5.751909,-5.751909,0.0
factory_9,frequency_response.csv,43,time_s,2.890756,2.890756,0.0
factory_9,frequency_response.csv,43,freq_hz,201.79007,201.79007,0.0
factory_9,frequency_response.csv,43,gain_db,-5.773514,-5.773514,0.0
factory_9,frequency_response.csv,44,time_s,2.957983,2.957983,0.0
factory_9,frequency_response.csv,44,freq_hz,212.93428,212.93428,0.0
factory_9,frequency_response.csv,44,gain_db,-5.840621,-5.840621,0.0
factory_9,frequency_response.csv,45,time_s,3.02521,3.02521,0.0
factory_9,frequency_response.csv,45,freq_hz,224.69397,224.69397,0.0
factory_9,frequency_response.csv,45,gain_db,-6.034259,-6.034259,0.0
factory_9,frequency_response.csv,46,time_s,3.092437,3.092437,0.0
factory_9,frequency_response.csv,46,freq_hz,237.103104,237.103104,0.0
factory_9,frequency_response.csv,46,gain_db,-6.233464,-6.233464,0.0
factory_9,frequency_response.csv,47,time_s,3.159664,3.159664,0.0
factory_9,frequency_response.csv,47,freq_hz,250.19754,250.19754,0.0
factory_9,frequency_response.csv,47,gain_db,-6.404547,-6.404547,0.0
factory_9,frequency_response.csv,48,time_s,3.226891,3.226891,0.0
factory_9,frequency_response.csv,48,freq_hz,264.015137,264.015137,0.0
factory_9,frequency_response.csv,48,gain_db,-6.525584,-6.525584,0.0
factory_9,frequency_response.csv,49,time_s,3.294118,3.294118,0.0
factory_9,frequency_response.csv,49,freq_hz,278.595856,278.595856,0.0
factory_9,frequency_response.csv,49,gain_db,-6.574034,-6.574034,0.0
factory_9,frequency_response.csv,50,time_s,3.361345,3.361345,0.0
factory_9,frequency_response.csv,50,freq_hz,293.981812,293.981812,0.0
factory_9,frequency_response.csv,50,gain_db,-6.569493,-6.569493,0.0
factory_9,frequency_response.csv,51,time_s,3.428571,3.428571,0.0
factory_9,frequency_response.csv,51,freq_hz,310.217468,310.217468,0.0
factory_9,frequency_response.csv,51,gain_db,-6.479387,-6.479387,0.0
factory_9,frequency_response.csv,52,time_s,3.495798,3.495798,0.0
factory_9,frequency_response.csv,52,freq_hz,327.349792,327.349792,0.0
factory_9,frequency_response.csv,52,gain_db,-6.342347,-6.342347,0.0
factory_9,frequency_response.csv,53,time_s,3.563025,3.563025,0.0
factory_9,frequency_response.csv,53,freq_hz,345.428284,345.428284,0.0
factory_9,frequency_response.csv,53,gain_db,-6.103277,-6.103277,0.0
factory_9,frequency_response.csv,54,time_s,3.630252,3.630252,0.0
factory_9,frequency_response.csv,54,freq_hz,364.505157,364.505157,0.0
factory_9,frequency_response.csv,54,gain_db,-5.781703,-5.781703,0.0
factory_9,frequency_response.csv,55,time_s,3.697479,3.697479,0.0
factory_9,frequency_response.csv,55,freq_hz,384.63562,384.63562,0.0
factory_9,frequency_response.csv,55,gain_db,-5.382431,-5.382431,0.0
factory_9,frequency_response.csv,56,time_s,3.764706,3.764706,0.0
factory_9,frequency_response.csv,56,freq_hz,405.877808,405.877808,0.0
factory_9,frequency_response.csv,56,gain_db,-4.865275,-4.865275,0.0
factory_9,frequency_response.csv,57,time_s,3.831933,3.831933,0.0
factory_9,frequency_response.csv,57,freq_hz,428.293121,428.293121,0.0
factory_9,frequency_response.csv,57,gain_db,-4.3193,-4.3193,0.0
factory_9,frequency_response.csv,58,time_s,3.89916,3.89916,0.0
factory_9,frequency_response.csv,58,freq_hz,451.946381,451.946381,0.0
factory_9,frequency_response.csv,58,gain_db,-3.81994,-3.81994,0.0
factory_9,frequency_response.csv,59,time_s,3.966387,3.966387,0.0
factory_9,frequency_response.csv,59,freq_hz,476.905945,476.905945,0.0
factory_9,frequency_response.csv,59,gain_db,-3.422974,-3.422974,0.0
factory_9,frequency_response.csv,60,time_s,4.033614,4.033614,0.0
factory_9,frequency_response.csv,60,freq_hz,503.244019,503.244019,0.0
factory_9,frequency_response.csv,60,gain_db,-3.169468,-3.169468,0.0
factory_9,frequency_response.csv,61,time_s,4.100841,4.100841,0.0
factory_9,frequency_response.csv,61,freq_hz,531.03656,531.03656,0.0
factory_9,frequency_response.csv,61,gain_db,-3.025942,-3.025942,0.0
factory_9,frequency_response.csv,62,time_s,4.168067,4.168067,0.0
factory_9,frequency_response.csv,62,freq_hz,560.364014,560.364014,0.0
factory_9,frequency_response.csv,62,gain_db,-2.969394,-2.969394,0.0
factory_9,frequency_response.csv,63,time_s,4.235294,4.235294,0.0
factory_9,frequency_response.csv,63,freq_hz,591.311096,591.311096,0.0
factory_9,frequency_response.csv,63,gain_db,-2.959937,-2.959937,0.0
factory_9,frequency_response.csv,64,time_s,4.302521,4.302521,0.0
factory_9,frequency_response.csv,64,freq_hz,623.967346,623.967346,0.0
factory_9,frequency_response.csv,64,gain_db,-2.974162,-2.974162,0.0
factory_9,frequency_response.csv,65,time_s,4.369748,4.369748,0.0
factory_9,frequency_response.csv,65,freq_hz,658.427063,658.427063,0.0
factory_9,frequency_response.csv,65,gain_db,-3.006674,-3.006674,0.0
factory_9,frequency_response.csv,66,time_s,4.436975,4.436975,0.0
factory_9,frequency_response.csv,66,freq_hz,694.789795,694.789795,0.0
factory_9,frequency_response.csv,66,gain_db,-3.050541,-3.050541,0.0
factory_9,frequency_response.csv,67,time_s,4.504202,4.504202,0.0
factory_9,frequency_response.csv,67,freq_hz,733.160889,733.160889,0.0
factory_9,frequency_response.csv,67,gain_db,-3.118283,-3.118283,0.0
factory_9,frequency_response.csv,68,time_s,4.571429,4.571429,0.0
factory_9,frequency_response.csv,68,freq_hz,773.651001,773.651001,0.0
factory_9,frequency_response.csv,68,gain_db,-3.186435,-3.186435,0.0
factory_9,frequency_response.csv,69,time_s,4.638656,4.638656,0.0
factory_9,frequency_response.csv,69,freq_hz,816.377197,816.377197,0.0
factory_9,frequency_response.csv,69,gain_db,-3.237179,-3.237179,0.0
factory_9,frequency_response.csv,70,time_s,4.705883,4.705883,0.0
factory_9,frequency_response.csv,70,freq_hz,861.463074,861.463074,0.0
factory_9,frequency_response.csv,70,gain_db,-3.25001,-3.25001,0.0
factory_9,frequency_response.csv,71,time_s,4.773109,4.773109,0.0
factory_9,frequency_response.csv,71,freq_hz,909.03894,909.03894,0.0
factory_9,frequency_response.csv,71,gain_db,-3.223681,-3.223681,0.0
factory_9,frequency_response.csv,72,time_s,4.840336,4.840336,0.0
factory_9,frequency_response.csv,72,freq_hz,959.242249,959.242249,0.0
factory_9,frequency_response.csv,72,gain_db,-3.168491,-3.168491,0.0
factory_9,frequency_response.csv,73,time_s,4.907563,4.907563,0.0
factory_9,frequency_response.csv,73,freq_hz,1012.218079,1012.218079,0.0
factory_9,frequency_response.csv,73,gain_db,-3.097749,-3.097749,0.0
factory_9,frequency_response.csv,74,time_s,4.97479,4.97479,0.0
factory_9,frequency_response.csv,74,freq_hz,1068.119629,1068.119629,0.0
factory_9,frequency_response.csv,74,gain_db,-3.037307,-3.037307,0.0
factory_9,frequency_response.csv,75,time_s,5.042017,5.042017,0.0
factory_9,frequency_response.csv,75,freq_hz,1127.108398,1127.108398,0.0
factory_9,frequency_response.csv,75,gain_db,-3.012943,-3.012943,0.0
factory_9,frequency_response.csv,76,time_s,5.109244,5.109244,0.0
factory_9,frequency_response.csv,76,freq_hz,1189.355103,1189.355103,0.0
factory_9,frequency_response.csv,76,gain_db,-3.073305,-3.073305,0.0
factory_9,frequency_response.csv,77,time_s,5.176471,5.176471,0.0
factory_9,frequency_response.csv,77,freq_hz,1255.039307,1255.039307,0.0
factory_9,frequency_response.csv,77,gain_db,-3.252433,-3.252433,0.0
factory_9,frequency_response.csv,78,time_s,5.243698,5.243698,0.0
factory_9,frequency_response.csv,78,freq_hz,1324.351074,1324.351074,0.0
factory_9,frequency_response.csv,78,gain_db,-3.585976,-3.585976,0.0
factory_9,frequency_response.csv,79,time_s,5.310925,5.310925,0.0
factory_9,frequency_response.csv,79,freq_hz,1397.490845,1397.490845,0.0
factory_9,frequency_response.csv,79,gain_db,-4.050893,-4.050893,0.0
factory_9,frequency_response.csv,80,time_s,5.378151,5.378151,0.0
factory_9,frequency_response.csv,80,freq_hz,1474.669678,1474.669678,0.0
factory_9,frequency_response.csv,80,gain_db,-4.587123,-4.587123,0.0
factory_9,frequency_response.csv,81,time_s,5.445378,5.445378,0.0
factory_9,frequency_response.csv,81,freq_hz,1556.110962,1556.110962,0.0
factory_9,frequency_response.csv,81,gain_db,-5.100081,-5.100081,0.0
factory_9,frequency_response.csv,82,time_s,5.512605,5.512605,0.0
factory_9,frequency_response.csv,82,freq_hz,1642.050049,1642.050049,0.0
factory_9,frequency_response.csv,82,gain_db,-5.516013,-5.516013,0.0
factory_9,frequency_response.csv,83,time_s,5.579832,5.579832,0.0
factory_9,frequency_response.csv,83,freq_hz,1732.735107,1732.735107,0.0
factory_9,frequency_response.csv,83,gain_db,-5.780794,-5.780794,0.0
factory_9,frequency_response.csv,84,time_s,5.647059,5.647059,0.0
factory_9,frequency_response.csv,84,freq_hz,1828.428467,1828.428467,0.0
factory_9,frequency_response.csv,84,gain_db,-5.877262,-5.877262,0.0
factory_9,frequency_response.csv,85,time_s,5.714286,5.714286,0.0
factory_9,frequency_response.csv,85,freq_hz,1929.406738,1929.406738,0.0
factory_9,frequency_response.csv,85,gain_db,-5.854555,-5.854555,0.0
factory_9,frequency_response.csv,86,time_s,5.781513,5.781513,0.0
factory_9,frequency_response.csv,86,freq_hz,2035.96167,2035.96167,0.0
factory_9,frequency_response.csv,86,gain_db,-5.750418,-5.750418,0.0
factory_9,frequency_response.csv,87,time_s,5.84874,5.84874,0.0
factory_9,frequency_response.csv,87,freq_hz,2148.401367,2148.401367,0.0
factory_9,frequency_response.csv,87,gain_db,-5.614949,-5.614949,0.0
factory_9,frequency_response.csv,88,time_s,5.915967,5.915967,0.0
factory_9,frequency_response.csv,88,freq_hz,2267.050537,2267.050537,0.0
factory_9,frequency_response.csv,88,gain_db,-5.491328,-5.491328,0.0
factory_9,frequency_response.csv,89,time_s,5.983193,5.983193,0.0
factory_9,frequency_response.csv,89,freq_hz,2392.252441,2392.252441,0.0
factory_9,frequency_response.csv,89,gain_db,-5.404772,-5.404772,0.0
factory_9,frequency_response.csv,90,time_s,6.05042,6.05042,0.0
factory_9,frequency_response.csv,90,freq_hz,2524.368896,2524.368896,0.0
factory_9,frequency_response.csv,90,gain_db,-5.391272,-5.391272,0.0
factory_9,frequency_response.csv,91,time_s,6.117647,6.117647,0.0
factory_9,frequency_response.csv,91,freq_hz,2663.781738,2663.781738,0.0
factory_9,frequency_response.csv,91,gain_db,-5.465052,-5.465052,0.0
factory_9,frequency_response.csv,92,time_s,6.184874,6.184874,0.0
factory_9,frequency_response.csv,92,freq_hz,2810.893799,2810.893799,0.0
factory_9,frequency_response.csv,92,gain_db,-5.621409,-5.621409,0.0
factory_9,frequency_response.csv,93,time_s,6.252101,6.252101,0.0
factory_9,frequency_response.csv,93,freq_hz,2966.130371,2966.130371,0.0
factory_9,frequency_response.csv,93,gain_db,-5.846924,-5.846924,0.0
factory_9,frequency_response.csv,94,time_s,6.319328,6.319328,0.0
factory_9,frequency_response.csv,94,freq_hz,3129.94043,3129.94043,0.0
factory_9,frequency_response.csv,94,gain_db,-6.116542,-6.116542,0.0
factory_9,frequency_response.csv,95,time_s,6.386555,6.386555,0.0
factory_9,frequency_response.csv,95,freq_hz,3302.796875,3302.796875,0.0
factory_9,frequency_response.csv,95,gain_db,-6.38376,-6.38376,0.0
factory_9,frequency_response.csv,96,time_s,6.453782,6.453782,0.0
factory_9,frequency_response.csv,96,freq_hz,3485.199951,3485.199951,0.0
factory_9,frequency_response.csv,96,gain_db,-6.577845,-6.577845,0.0
factory_9,frequency_response.csv,97,time_s,6.521008,6.521008,0.0
factory_9,frequency_response.csv,97,freq_hz,3677.676025,3677.676025,0.0
factory_9,frequency_response.csv,97,gain_db,-6.614736,-6.614736,0.0
factory_9,frequency_response.csv,98,time_s,6.588235,6.588235,0.0
factory_9,frequency_response.csv,98,freq_hz,3880.782471,3880.782471,0.0
factory_9,frequency_response.csv,98,gain_db,-6.451707,-6.451707,0.0
factory_9,frequency_response.csv,99,time_s,6.655462,6.655462,0.0
factory_9,frequency_response.csv,99,freq_hz,4095.105469,4095.105469,0.0
factory_9,frequency_response.csv,99,gain_db,-6.128579,-6.128579,0.0
factory_9,frequency_response.csv,100,time_s,6.722689,6.722689,0.0
factory_9,frequency_response.csv,100,freq_hz,4321.265137,4321.265137,0.0
factory_9,frequency_response.csv,100,gain_db,-5.739979,-5.739979,0.0
factory_9,frequency_response.csv,101,time_s,6.789916,6.789916,0.0
factory_9,frequency_response.csv,101,freq_hz,4559.914551,4559.914551,0.0
factory_9,frequency_response.csv,101,gain_db,-5.368062,-5.368062,0.0
factory_9,frequency_response.csv,102,time_s,6.857143,6.857143,0.0
factory_9,frequency_response.csv,102,freq_hz,4811.744141,4811.744141,0.0
factory_9,frequency_response.csv,102,gain_db,-5.057106,-5.057106,0.0
factory_9,frequency_response.csv,103,time_s,6.92437,6.92437,0.0
factory_9,frequency_response.csv,103,freq_hz,5077.481445,5077.481445,0.0
factory_9,frequency_response.csv,103,gain_db,-4.818937,-4.818937,0.0
factory_9,frequency_response.csv,104,time_s,6.991597,6.991597,0.0
factory_9,frequency_response.csv,104,freq_hz,5357.894531,5357.894531,0.0
factory_9,frequency_response.csv,104,gain_db,-4.648228,-4.648228,0.0
factory_9,frequency_response.csv,105,time_s,7.058824,7.058824,0.0
factory_9,frequency_response.csv,105,freq_hz,5653.793457,5653.793457,0.0
factory_9,frequency_response.csv,105,gain_db,-4.532648,-4.532648,0.0
factory_9,frequency_response.csv,106,time_s,7.12605,7.12605,0.0
factory_9,frequency_response.csv,106,freq_hz,5966.034668,5966.034668,0.0
factory_9,frequency_response.csv,106,gain_db,-4.45637,-4.45637,0.0
factory_9,frequency_response.csv,107,time_s,7.193277,7.193277,0.0
factory_9,frequency_response.csv,107,freq_hz,6295.519531,6295.519531,0.0
factory_9,frequency_response.csv,107,gain_db,-4.402762,-4.402762,0.0
factory_9,frequency_response.csv,108,time_s,7.260504,7.260504,0.0
factory_9,frequency_response.csv,108,freq_hz,6643.200684,6643.200684,0.0
factory_9,frequency_response.csv,108,gain_db,-4.362732,-4.362732,0.0
factory_9,frequency_response.csv,109,time_s,7.327731,7.327731,0.0
factory_9,frequency_response.csv,109,freq_hz,7010.083008,7010.083008,0.0
factory_9,frequency_response.csv,109,gain_db,-4.328732,-4.328732,0.0
factory_9,frequency_response.csv,110,time_s,7.394958,7.394958,0.0
factory_9,frequency_response.csv,110,freq_hz,7397.227539,7397.227539,0.0
factory_9,frequency_response.csv,110,gain_db,-4.297272,-4.297272,0.0
factory_9,frequency_response.csv,111,time_s,7.462185,7.462185,0.0
factory_9,frequency_response.csv,111,freq_hz,7805.752441,7805.752441,0.0
factory_9,frequency_response.csv,111,gain_db,-4.261656,-4.261656,0.0
factory_9,frequency_response.csv,112,time_s,7.529412,7.529412,0.0
factory_9,frequency_response.csv,112,freq_hz,8236.839844,8236.839844,0.0
factory_9,frequency_response.csv,112,gain_db,-4.231687,-4.231687,0.0
factory_9,frequency_response.csv,113,time_s,7.596639,7.596639,0.0
factory_9,frequency_response.csv,113,freq_hz,8691.733398,8691.733398,0.0
factory_9,frequency_response.csv,113,gain_db,-4.213197,-4.213197,0.0
factory_9,frequency_response.csv,114,time_s,7.663866,7.663866,0.0
factory_9,frequency_response.csv,114,freq_hz,9171.75,9171.75,0.0
factory_9,frequency_response.csv,114,gain_db,-4.213251,-4.213251,0.0
factory_9,frequency_response.csv,115,time_s,7.731092,7.731092,0.0
factory_9,frequency_response.csv,115,freq_hz,9678.276367,9678.276367,0.0
factory_9,frequency_response.csv,115,gain_db,-4.235943,-4.235943,0.0
factory_9,frequency_response.csv,116,time_s,7.798319,7.798319,0.0
factory_9,frequency_response.csv,116,freq_hz,10212.776367,10212.776367,0.0
factory_9,frequency_response.csv,116,gain_db,-4.280382,-4.280382,0.0
factory_9,frequency_response.csv,117,time_s,7.865546,7.865546,0.0
factory_9,frequency_response.csv,117,freq_hz,10776.795898,10776.795898,0.0
factory_9,frequency_response.csv,117,gain_db,-4.342695,-4.342695,0.0
factory_9,frequency_response.csv,118,time_s,7.932773,7.932773,0.0
factory_9,frequency_response.csv,118,freq_hz,11371.962891,11371.962891,0.0
factory_9,frequency_response.csv,118,gain_db,-4.417191,-4.417191,0.0
factory_9,frequency_response.csv,119,time_s,8.0,8.0,0.0
factory_9,frequency_response.csv,119,freq_hz,12000.0,12000.0,0.0
factory_9,frequency_response.csv,119,gain_db,-4.484184,-4.484184,0.0
factory_9,notch_tracking.csv,0,time_s,0.470588,0.470588,0.0
factory_9,notch_tracking.csv,0,freq_hz,29.13739,29.13739,0.0
factory_9,notch_tracking.csv,0,notch_depth_db,-3.956214,-3.956214,0.0
factory_9,notch_tracking.csv,1,time_s,1.478992,1.478992,0.0
factory_9,notch_tracking.csv,1,freq_hz,65.258606,65.258606,0.0
factory_9,notch_tracking.csv,1,notch_depth_db,-6.71705,-6.71705,0.0
factory_9,notch_tracking.csv,2,time_s,2.420168,2.420168,0.0
factory_9,notch_tracking.csv,2,freq_hz,138.509369,138.509369,0.0
factory_9,notch_tracking.csv,2,notch_depth_db,-7.165765,-7.165765,0.0
factory_9,notch_tracking.csv,3,time_s,3.294118,3.294118,0.0
factory_9,notch_tracking.csv,3,freq_hz,278.595856,278.595856,0.0
factory_9,notch_tracking.csv,3,notch_depth_db,-6.574034,-6.574034,0.0
factory_9,notch_tracking.csv,4,time_s,4.705883,4.705883,0.0
factory_9,notch_tracking.csv,4,freq_hz,861.463074,861.463074,0.0
factory_9,notch_tracking.csv,4,notch_depth_db,-3.25001,-3.25001,0.0
factory_9,notch_tracking.csv,5,time_s,5.647059,5.647059,0.0
factory_9,notch_tracking.csv,5,freq_hz,1828.428467,1828.428467,0.0
factory_9,notch_tracking.csv,5,notch_depth_db,-5.877262,-5.877262,0.0
factory_9,notch_tracking.csv,6,time_s,6.521008,6.521008,0.0
factory_9,notch_tracking.csv,6,freq_hz,3677.676025,3677.676025,0.0
factory_9,notch_tracking.csv,6,notch_depth_db,-6.614736,-6.614736,0.0
factory_9,thd_vs_drive.csv,0,sine_level_db,-24.0,-24.0,0.0
factory_9,thd_vs_drive.csv,0,thd_ratio,0.00027,0.00027,0.0
factory_9,thd_vs_drive.csv,0,thd_db,-71.376503,-71.376503,0.0
factory_9,thd_vs_drive.csv,0,broadband_hf_db,-82.676476,-82.676476,0.0
factory_9,thd_vs_drive.csv,1,sine_level_db,-18.0,-18.0,0.0
factory_9,thd_vs_drive.csv,1,thd_ratio,0.001025,0.001025,0.0
factory_9,thd_vs_drive.csv,1,thd_db,-59.784592,-59.784592,0.0
factory_9,thd_vs_drive.csv,1,broadband_hf_db,-82.680916,-82.680916,0.0
factory_9,thd_vs_drive.csv,2,sine_level_db,-12.0,-12.0,0.0
factory_9,thd_vs_drive.csv,2,thd_ratio,0.004066,0.004066,0.0
factory_9,thd_vs_drive.csv,2,thd_db,-47.815823,-47.815823,0.0
factory_9,thd_vs_drive.csv,2,broadband_hf_db,-82.681778,-82.681778,0.0
factory_9,thd_vs_drive.csv,3,sine_level_db,-6.0,-6.0,0.0
factory_9,thd_vs_drive.csv,3,thd_ratio,0.016378,0.016378,0.0
factory_9,thd_vs_drive.csv,3,thd_db,-35.714565,-35.714565,0.0
factory_9,thd_vs_drive.csv,3,broadband_hf_db,-82.6884,-82.6884,0.0
factory_9,thd_vs_drive.csv,4,sine_level_db,0.0,0.0,0.0
factory_9,thd_vs_drive.csv,4,thd_ratio,0.056973,0.056973,0.0
factory_9,thd_vs_drive.csv,4,thd_db,-24.886692,-24.886692,0.0
factory_9,thd_vs_drive.csv,4,broadband_hf_db,-82.49707,-82.49707,0.0
