preset,file,row,column,before,after,delta
factory_0,summary.csv,average_tracked_notch_db,value,-7.329598,-7.329598,0.0
factory_0,summary.csv,deepest_tracked_notch_db,value,-12.223014,-12.223014,0.0
factory_0,summary.csv,guitar_broadband_hf_db,value,-81.277725,-81.277725,0.0
factory_0,summary.csv,guitar_lr_correlation,value,0.977882,0.977882,0.0
factory_0,summary.csv,guitar_mono_fold_db,value,-0.049503,-0.049503,0.0
factory_0,summary.csv,guitar_side_to_mid_db,value,-19.406771,-19.406771,0.0
factory_0,summary.csv,sweep_broadband_hf_db,value,-82.433273,-82.433273,0.0
factory_0,summary.csv,sweep_lr_correlation,value,0.98964,0.98964,0.0
factory_0,summary.csv,sweep_mono_fold_db,value,-0.022556,-0.022556,0.0
factory_0,summary.csv,sweep_side_to_mid_db,value,-22.834023,-22.834023,0.0
factory_0,summary.csv,tracked_notch_count,value,13.0,13.0,0.0
factory_0,summary.csv,tracked_notch_high_hz,value,9171.75,9171.75,0.0
factory_0,summary.csv,tracked_notch_low_hz,value,23.499975,23.499975,0.0
factory_0,summary.csv,tracked_notch_span_oct,value,8.608394,8.608394,0.0
factory_0,summary.csv,worst_thd_db,value,-17.839655,-17.839655,0.0
factory_0,frequency_response.csv,0,time_s,0.0,0.0,0.0
factory_0,frequency_response.csv,0,freq_hz,20.0,20.0,0.0
factory_0,frequency_response.csv,0,gain_db,-6.734633,-6.734633,0.0
factory_0,frequency_response.csv,1,time_s,0.067227,0.067227,0.0
factory_0,frequency_response.csv,1,freq_hz,21.104536,21.104536,0.0
factory_0,frequency_response.csv,1,gain_db,-4.306918,-4.306918,0.0
factory_0,frequency_response.csv,2,time_s,0.134454,0.134454,0.0
factory_0,frequency_response.csv,2,freq_hz,22.270071,22.270071,0.0
factory_0,frequency_response.csv,2,gain_db,-4.197054,-4.197054,0.0
factory_0,frequency_response.csv,3,time_s,0.201681,0.201681,0.0
factory_0,frequency_response.csv,3,freq_hz,23.499975,23.499975,0.0
factory_0,frequency_response.csv,3,gain_db,-4.386594,-4.386594,0.0
factory_0,frequency_response.csv,4,time_s,0.268908,0.268908,0.0
factory_0,frequency_response.csv,4,freq_hz,24.797804,24.797804,0.0
factory_0,frequency_response.csv,4,gain_db,-4.093109,-4.093109,0.0
factory_0,frequency_response.csv,5,time_s,0.336134,0.336134,0.0
factory_0,frequency_response.csv,5,freq_hz,26.167307,26.167307,0.0
factory_0,frequency_response.csv,5,gain_db,-6.132222,-6.132222,0.0
factory_0,frequency_response.csv,6,time_s,0.403361,0.403361,0.0
factory_0,frequency_response.csv,6,freq_hz,27.612442,27.612442,0.0
factory_0,frequency_response.csv,6,gain_db,-6.628993,-6.628993,0.0
factory_0,frequency_response.csv,7,time_s,0.470588,0.470588,0.0
factory_0,frequency_response.csv,7,freq_hz,29.13739,29.13739,0.0
factory_0,frequency_response.csv,7,gain_db,-8.419875,-8.419875,0.0
factory_0,frequency_response.csv,8,time_s,0.537815,0.537815,0.0
factory_0,frequency_response.csv,8,freq_hz,30.746555,30.746555,0.0
factory_0,frequency_response.csv,8,gain_db,-8.285794,-8.285794,0.0
factory_0,frequency_response.csv,9,time_s,0.605042,0.605042,0.0
factory_0,frequency_response.csv,9,freq_hz,32.444588,32.444588,0.0
factory_0,frequency_response.csv,9,gain_db,-7.810793,-7.810793,0.0
factory_0,frequency_response.csv,10,time_s,0.672269,0.672269,0.0
factory_0,frequency_response.csv,10,freq_hz,34.236401,34.236401,0.0
factory_0,frequency_response.csv,10,gain_db,-7.993876,-7.993876,0.0
factory_0,frequency_response.csv,11,time_s,0.739496,0.739496,0.0
factory_0,frequency_response.csv,11,freq_hz,36.127167,36.127167,0.0
factory_0,frequency_response.csv,11,gain_db,-8.717329,-8.717329,0.0
factory_0,frequency_response.csv,12,time_s,0.806723,0.806723,0.0
factory_0,frequency_response.csv,12,freq_hz,38.122353,38.122353,0.0
factory_0,frequency_response.csv,12,gain_db,-8.454619,-8.454619,0.0
factory_0,frequency_response.csv,13,time_s,0.87395,0.87395,0.0
factory_0,frequency_response.csv,13,freq_hz,40.22773,40.22773,0.0
factory_0,frequency_response.csv,13,gain_db,-5.542467,-5.542467,0.0
factory_0,frequency_response.csv,14,time_s,0.941177,0.941177,0.0
factory_0,frequency_response.csv,14,freq_hz,42.449379,42.449379,0.0
factory_0,frequency_response.csv,14,gain_db,-3.372795,-3.372795,0.0
factory_0,frequency_response.csv,15,time_s,1.008403,1.008403,0.0
factory_0,frequency_response.csv,15,freq_hz,44.79372,44.79372,0.0
factory_0,frequency_response.csv,15,gain_db,-1.45075,-1.45075,0.0
factory_0,frequency_response.csv,16,time_s,1.07563,1.07563,0.0
factory_0,frequency_response.csv,16,freq_hz,47.267536,47.267536,0.0
factory_0,frequency_response.csv,16,gain_db,-1.105298,-1.105298,0.0
factory_0,frequency_response.csv,17,time_s,1.142857,1.142857,0.0
factory_0,frequency_response.csv,17,freq_hz,49.877968,49.877968,0.0
factory_0,frequency_response.csv,17,gain_db,-1.514371,-1.514371,0.0
factory_0,frequency_response.csv,18,time_s,1.210084,1.210084,0.0
factory_0,frequency_response.csv,18,freq_hz,52.632568,52.632568,0.0
factory_0,frequency_response.csv,18,gain_db,-2.34282,-2.34282,0.0
factory_0,frequency_response.csv,19,time_s,1.277311,1.277311,0.0
factory_0,frequency_response.csv,19,freq_hz,55.539299,55.539299,0.0
factory_0,frequency_response.csv,19,gain_db,-3.333969,-3.333969,0.0
factory_0,frequency_response.csv,20,time_s,1.344538,1.344538,0.0
factory_0,frequency_response.csv,20,freq_hz,58.606552,58.606552,0.0
factory_0,frequency_response.csv,20,gain_db,-3.830132,-3.830132,0.0
factory_0,frequency_response.csv,21,time_s,1.411765,1.411765,0.0
factory_0,frequency_response.csv,21,freq_hz,61.843204,61.843204,0.0
factory_0,frequency_response.csv,21,gain_db,-4.12474,-4.12474,0.0
factory_0,frequency_response.csv,22,time_s,1.478992,1.478992,0.0
factory_0,frequency_response.csv,22,freq_hz,65.258606,65.258606,0.0
factory_0,frequency_response.csv,22,gain_db,-3.74396,-3.74396,0.0
factory_0,frequency_response.csv,23,time_s,1.546218,1.546218,0.0
factory_0,frequency_response.csv,23,freq_hz,68.862625,68.862625,0.0
factory_0,frequency_response.csv,23,gain_db,-3.049088,-3.049088,0.0
factory_0,frequency_response.csv,24,time_s,1.613445,1.613445,0.0
factory_0,frequency_response.csv,24,freq_hz,72.665695,72.665695,0.0
factory_0,frequency_response.csv,24,gain_db,-2.091602,-2.091602,0.0
factory_0,frequency_response.csv,25,time_s,1.680672,1.680672,0.0
factory_0,frequency_response.csv,25,freq_hz,76.678787,76.678787,0.0
factory_0,frequency_response.csv,25,gain_db,-1.667839,-1.667839,0.0
factory_0,frequency_response.csv,26,time_s,1.747899,1.747899,0.0
factory_0,frequency_response.csv,26,freq_hz,80.913506,80.913506,0.0
factory_0,frequency_response.csv,26,gain_db,-1.450554,-1.450554,0.0
factory_0,frequency_response.csv,27,time_s,1.815126,1.815126,0.0
factory_0,frequency_response.csv,27,freq_hz,85.382095,85.382095,0.0
factory_0,frequency_response.csv,27,gain_db,-1.861668,-1.861668,0.0
factory_0,frequency_response.csv,28,time_s,1.882353,1.882353,0.0
factory_0,frequency_response.csv,28,freq_hz,90.097488,90.097488,0.0
factory_0,frequency_response.csv,28,gain_db,-2.530708,-2.530708,0.0
factory_0,frequency_response.csv,29,time_s,1.94958,1.94958,0.0
factory_0,frequency_response.csv,29,freq_hz,95.073273,95.073273,0.0
factory_0,frequency_response.csv,29,gain_db,-2.58505,-2.58505,0.0
factory_0,frequency_response.csv,30,time_s,2.016807,2.016807,0.0
factory_0,frequency_response.csv,30,freq_hz,100.323875,100.323875,0.0
factory_0,frequency_response.csv,30,gain_db,-1.994972,-1.994972,0.0
factory_0,frequency_response.csv,31,time_s,2.084034,2.084034,0.0
factory_0,frequency_response.csv,31,freq_hz,105.864441,105.864441,0.0
factory_0,frequency_response.csv,31,gain_db,-1.4022,-1.4022,0.0
factory_0,frequency_response.csv,32,time_s,2.151261,2.151261,0.0
factory_0,frequency_response.csv,32,freq_hz,111.710999,111.710999,0.0
factory_0,frequency_response.csv,32,gain_db,-1.427886,-1.427886,0.0
factory_0,frequency_response.csv,33,time_s,2.218488,2.218488,0.0
factory_0,frequency_response.csv,33,freq_hz,117.880432,117.880432,0.0
factory_0,frequency_response.csv,33,gain_db,-2.28839,-2.28839,0.0
factory_0,frequency_response.csv,34,time_s,2.285714,2.285714,0.0
factory_0,frequency_response.csv,34,freq_hz,124.390594,124.390594,0.0
factory_0,frequency_response.csv,34,gain_db,-5.09783,-5.09783,0.0
factory_0,frequency_response.csv,35,time_s,2.352941,2.352941,0.0
factory_0,frequency_response.csv,35,freq_hz,131.260284,131.260284,0.0
factory_0,frequency_response.csv,35,gain_db,-9.263073,-9.263073,0.0
factory_0,frequency_response.csv,36,time_s,2.420168,2.420168,0.0
factory_0,frequency_response.csv,36,freq_hz,138.509369,138.509369,0.0
factory_0,frequency_response.csv,36,gain_db,-12.223014,-12.223014,0.0
factory_0,frequency_response.csv,37,time_s,2.487395,2.487395,0.0
factory_0,frequency_response.csv,37,freq_hz,146.158783,146.158783,0.0
factory_0,frequency_response.csv,37,gain_db,-11.129098,-11.129098,0.0
factory_0,frequency_response.csv,38,time_s,2.554622,2.554622,0.0
factory_0,frequency_response.csv,38,freq_hz,154.230667,154.230667,0.0
factory_0,frequency_response.csv,38,gain_db,-9.318074,-9.318074,0.0
factory_0,frequency_response.csv,39,time_s,2.621849,2.621849,0.0
factory_0,frequency_response.csv,39,freq_hz,162.748337,162.748337,0.0
factory_0,frequency_response.csv,39,gain_db,-8.340936,-8.340936,0.0
factory_0,frequency_response.csv,40,time_s,2.689076,2.689076,0.0
factory_0,frequency_response.csv,40,freq_hz,171.73642,171.73642,0.0
factory_0,frequency_response.csv,40,gain_db,-8.174781,-8.174781,0.0
factory_0,frequency_response.csv,41,time_s,2.756303,2.756303,0.0
factory_0,frequency_response.csv,41,freq_hz,181.220856,181.220856,0.0
factory_0,frequency_response.csv,41,gain_db,-9.133898,-9.133898,0.0
factory_0,frequency_response.csv,42,time_s,2.823529,2.823529,0.0
factory_0,frequency_response.csv,42,freq_hz,191.229095,191.229095,0.0
factory_0,frequency_response.csv,42,gain_db,-10.892367,-10.892367,0.0
factory_0,frequency_response.csv,43,time_s,2.890756,2.890756,0.0
factory_0,frequency_response.csv,43,freq_hz,201.79007,201.79007,0.0
factory_0,frequency_response.csv,43,gain_db,-10.743551,-10.743551,0.0
factory_0,frequency_response.csv,44,time_s,2.957983,2.957983,0.0
factory_0,frequency_response.csv,44,freq_hz,212.93428,212.93428,0.0
factory_0,frequency_response.csv,44,gain_db,-7.410556,-7.410556,0.0
factory_0,frequency_response.csv,45,time_s,3.02521,3.02521,0.0
factory_0,frequency_response.csv,45,freq_hz,224.69397,224.69397,0.0
factory_0,frequency_response.csv,45,gain_db,-4.371926,-4.371926,0.0
factory_0,frequency_response.csv,46,time_s,3.092437,3.092437,0.0
factory_0,frequency_response.csv,46,freq_hz,237.103104,237.103104,0.0
factory_0,frequency_response.csv,46,gain_db,-2.351357,-2.351357,0.0
factory_0,frequency_response.csv,47,time_s,3.159664,3.159664,0.0
factory_0,frequency_response.csv,47,freq_hz,250.19754,250.19754,0.0
factory_0,frequency_response.csv,47,gain_db,-1.484924,-1.484924,0.0
factory_0,frequency_response.csv,48,time_s,3.226891,3.226891,0.0
factory_0,frequency_response.csv,48,freq_hz,264.015137,264.015137,0.0
factory_0,frequency_response.csv,48,gain_db,-1.485229,-1.485229,0.0
factory_0,frequency_response.csv,49,time_s,3.294118,3.294118,0.0
factory_0,frequency_response.csv,49,freq_hz,278.595856,278.595856,0.0
factory_0,frequency_response.csv,49,gain_db,-2.154806,-2.154806,0.0
factory_0,frequency_response.csv,50,time_s,3.361345,3.361345,0.0
factory_0,frequency_response.csv,50,freq_hz,293.981812,293.981812,0.0
factory_0,frequency_response.csv,50,gain_db,-3.715072,-3.715072,0.0
factory_0,frequency_response.csv,51,time_s,3.428571,3.428571,0.0
factory_0,frequency_response.csv,51,freq_hz,310.217468,310.217468,0.0
factory_0,frequency_response.csv,51,gain_db,-7.135262,-7.135262,0.0
factory_0,frequency_response.csv,52,time_s,3.495798,3.495798,0.0
factory_0,frequency_response.csv,52,freq_hz,327.349792,327.349792,0.0
factory_0,frequency_response.csv,52,gain_db,-10.85642,-10.85642,0.0
factory_0,frequency_response.csv,53,time_s,3.563025,3.563025,0.0
factory_0,frequency_response.csv,53,freq_hz,345.428284,345.428284,0.0
factory_0,frequency_response.csv,53,gain_db,-8.280695,-8.280695,0.0
factory_0,frequency_response.csv,54,time_s,3.630252,3.630252,0.0
factory_0,frequency_response.csv,54,freq_hz,364.505157,364.505157,0.0
factory_0,frequency_response.csv,54,gain_db,-4.951537,-4.951537,0.0
factory_0,frequency_response.csv,55,time_s,3.697479,3.697479,0.0
factory_0,frequency_response.csv,55,freq_hz,384.63562,384.63562,0.0
factory_0,frequency_response.csv,55,gain_db,-2.972144,-2.972144,0.0
factory_0,frequency_response.csv,56,time_s,3.764706,3.764706,0.0
factory_0,frequency_response.csv,56,freq_hz,405.877808,405.877808,0.0
factory_0,frequency_response.csv,56,gain_db,-1.872047,-1.872047,0.0
factory_0,frequency_response.csv,57,time_s,3.831933,3.831933,0.0
factory_0,frequency_response.csv,57,freq_hz,428.293121,428.293121,0.0
factory_0,frequency_response.csv,57,gain_db,-1.336823,-1.336823,0.0
factory_0,frequency_response.csv,58,time_s,3.89916,3.89916,0.0
factory_0,frequency_response.csv,58,freq_hz,451.946381,451.946381,0.0
factory_0,frequency_response.csv,58,gain_db,-1.141885,-1.141885,0.0
factory_0,frequency_response.csv,59,time_s,3.966387,3.966387,0.0
factory_0,frequency_response.csv,59,freq_hz,476.905945,476.905945,0.0
factory_0,frequency_response.csv,59,gain_db,-1.157325,-1.157325,0.0
factory_0,frequency_response.csv,60,time_s,4.033614,4.033614,0.0
factory_0,frequency_response.csv,60,freq_hz,503.244019,503.244019,0.0
factory_0,frequency_response.csv,60,gain_db,-1.521592,-1.521592,0.0
factory_0,frequency_response.csv,61,time_s,4.100841,4.100841,0.0
factory_0,frequency_response.csv,61,freq_hz,531.03656,531.03656,0.0
factory_0,frequency_response.csv,61,gain_db,-2.302084,-2.302084,0.0
factory_0,frequency_response.csv,62,time_s,4.168067,4.168067,0.0
factory_0,frequency_response.csv,62,freq_hz,560.364014,560.364014,0.0
factory_0,frequency_response.csv,62,gain_db,-3.828475,-3.828475,0.0
factory_0,frequency_response.csv,63,time_s,4.235294,4.235294,0.0
factory_0,frequency_response.csv,63,freq_hz,591.311096,591.311096,0.0
factory_0,frequency_response.csv,63,gain_db,-6.538932,-6.538932,0.0
factory_0,frequency_response.csv,64,time_s,4.302521,4.302521,0.0
factory_0,frequency_response.csv,64,freq_hz,623.967346,623.967346,0.0
factory_0,frequency_response.csv,64,gain_db,-9.731905,-9.731905,0.0
factory_0,frequency_response.csv,65,time_s,4.369748,4.369748,0.0
factory_0,frequency_response.csv,65,freq_hz,658.427063,658.427063,0.0
factory_0,frequency_response.csv,65,gain_db,-10.392677,-10.392677,0.0
factory_0,frequency_response.csv,66,time_s,4.436975,4.436975,0.0
factory_0,frequency_response.csv,66,freq_hz,694.789795,694.789795,0.0
factory_0,frequency_response.csv,66,gain_db,-9.507147,-9.507147,0.0
factory_0,frequency_response.csv,67,time_s,4.504202,4.504202,0.0
factory_0,frequency_response.csv,67,freq_hz,733.160889,733.160889,0.0
factory_0,frequency_response.csv,67,gain_db,-9.495305,-9.495305,0.0
factory_0,frequency_response.csv,68,time_s,4.571429,4.571429,0.0
factory_0,frequency_response.csv,68,freq_hz,773.651001,773.651001,0.0
factory_0,frequency_response.csv,68,gain_db,-10.300237,-10.300237,0.0
factory_0,frequency_response.csv,69,time_s,4.638656,4.638656,0.0
factory_0,frequency_response.csv,69,freq_hz,816.377197,816.377197,0.0
factory_0,frequency_response.csv,69,gain_db,-9.798985,-9.798985,0.0
factory_0,frequency_response.csv,70,time_s,4.705883,4.705883,0.0
factory_0,frequency_response.csv,70,freq_hz,861.463074,861.463074,0.0
factory_0,frequency_response.csv,70,gain_db,-6.592667,-6.592667,0.0
factory_0,frequency_response.csv,71,time_s,4.773109,4.773109,0.0
factory_0,frequency_response.csv,71,freq_hz,909.03894,909.03894,0.0
factory_0,frequency_response.csv,71,gain_db,-3.50065,-3.50065,0.0
factory_0,frequency_response.csv,72,time_s,4.840336,4.840336,0.0
factory_0,frequency_response.csv,72,freq_hz,959.242249,959.242249,0.0
factory_0,frequency_response.csv,72,gain_db,-1.577118,-1.577118,0.0
factory_0,frequency_response.csv,73,time_s,4.907563,4.907563,0.0
factory_0,frequency_response.csv,73,freq_hz,1012.218079,1012.218079,0.0
factory_0,frequency_response.csv,73,gain_db,-0.718161,-0.718161,0.0
factory_0,frequency_response.csv,74,time_s,4.97479,4.97479,0.0
factory_0,frequency_response.csv,74,freq_hz,1068.119629,1068.119629,0.0
factory_0,frequency_response.csv,74,gain_db,-0.528179,-0.528179,0.0
factory_0,frequency_response.csv,75,time_s,5.042017,5.042017,0.0
factory_0,frequency_response.csv,75,freq_hz,1127.108398,1127.108398,0.0
factory_0,frequency_response.csv,75,gain_db,-0.485725,-0.485725,0.0
factory_0,frequency_response.csv,76,time_s,5.109244,5.109244,0.0
factory_0,frequency_response.csv,76,freq_hz,1189.355103,1189.355103,0.0
factory_0,frequency_response.csv,76,gain_db,-0.48412,-0.48412,0.0
factory_0,frequency_response.csv,77,time_s,5.176471,5.176471,0.0
factory_0,frequency_response.csv,77,freq_hz,1255.039307,1255.039307,0.0
factory_0,frequency_response.csv,77,gain_db,-0.50076,-0.50076,0.0
factory_0,frequency_response.csv,78,time_s,5.243698,5.243698,0.0
factory_0,frequency_response.csv,78,freq_hz,1324.351074,1324.351074,0.0
factory_0,frequency_response.csv,78,gain_db,-0.531556,-0.531556,0.0
factory_0,frequency_response.csv,79,time_s,5.310925,5.310925,0.0
factory_0,frequency_response.csv,79,freq_hz,1397.490845,1397.490845,0.0
factory_0,frequency_response.csv,79,gain_db,-0.570348,-0.570348,0.0
factory_0,frequency_response.csv,80,time_s,5.378151,5.378151,0.0
factory_0,frequency_response.csv,80,freq_hz,1474.669678,1474.669678,0.0
factory_0,frequency_response.csv,80,gain_db,-0.627703,-0.627703,0.0
factory_0,frequency_response.csv,81,time_s,5.445378,5.445378,0.0
factory_0,frequency_response.csv,81,freq_hz,1556.110962,1556.110962,0.0
factory_0,frequency_response.csv,81,gain_db,-0.846815,-0.846815,0.0
factory_0,frequency_response.csv,82,time_s,5.512605,5.512605,0.0
factory_0,frequency_response.csv,82,freq_hz,1642.050049,1642.050049,0.0
factory_0,frequency_response.csv,82,gain_db,-1.308705,-1.308705,0.0
factory_0,frequency_response.csv,83,time_s,5.579832,5.579832,0.0
factory_0,frequency_response.csv,83,freq_hz,1732.735107,1732.735107,0.0
factory_0,frequency_response.csv,83,gain_db,-2.143221,-2.143221,0.0
factory_0,frequency_response.csv,84,time_s,5.647059,5.647059,0.0
factory_0,frequency_response.csv,84,freq_hz,1828.428467,1828.428467,0.0
factory_0,frequency_response.csv,84,gain_db,-3.594207,-3.594207,0.0
factory_0,frequency_response.csv,85,time_s,5.714286,5.714286,0.0
factory_0,frequency_response.csv,85,freq_hz,1929.406738,1929.406738,0.0
factory_0,frequency_response.csv,85,gain_db,-4.779624,-4.779624,0.0
factory_0,frequency_response.csv,86,time_s,5.781513,5.781513,0.0
factory_0,frequency_response.csv,86,freq_hz,2035.96167,2035.96167,0.0
factory_0,frequency_response.csv,86,gain_db,-4.637951,-4.637951,0.0
factory_0,frequency_response.csv,87,time_s,5.84874,5.84874,0.0
factory_0,frequency_response.csv,87,freq_hz,2148.401367,2148.401367,0.0
factory_0,frequency_response.csv,87,gain_db,-3.462532,-3.462532,0.0
factory_0,frequency_response.csv,88,time_s,5.915967,5.915967,0.0
factory_0,frequency_response.csv,88,freq_hz,2267.050537,2267.050537,0.0
factory_0,frequency_response.csv,88,gain_db,-2.212554,-2.212554,0.0
factory_0,frequency_response.csv,89,time_s,5.983193,5.983193,0.0
factory_0,frequency_response.csv,89,freq_hz,2392.252441,2392.252441,0.0
factory_0,frequency_response.csv,89,gain_db,-1.320156,-1.320156,0.0
factory_0,frequency_response.csv,90,time_s,6.05042,6.05042,0.0
factory_0,frequency_response.csv,90,freq_hz,2524.368896,2524.368896,0.0
factory_0,frequency_response.csv,90,gain_db,-1.001281,-1.001281,0.0
factory_0,frequency_response.csv,91,time_s,6.117647,6.117647,0.0
factory_0,frequency_response.csv,91,freq_hz,2663.781738,2663.781738,0.0
factory_0,frequency_response.csv,91,gain_db,-1.176889,-1.176889,0.0
factory_0,frequency_response.csv,92,time_s,6.184874,6.184874,0.0
factory_0,frequency_response.csv,92,freq_hz,2810.893799,2810.893799,0.0
factory_0,frequency_response.csv,92,gain_db,-1.474557,-1.474557,0.0
factory_0,frequency_response.csv,93,time_s,6.252101,6.252101,0.0
factory_0,frequency_response.csv,93,freq_hz,2966.130371,2966.130371,0.0
factory_0,frequency_response.csv,93,gain_db,-1.737091,-1.737091,0.0
factory_0,frequency_response.csv,94,time_s,6.319328,6.319328,0.0
factory_0,frequency_response.csv,94,freq_hz,3129.94043,3129.94043,0.0
factory_0,frequency_response.csv,94,gain_db,-1.960653,-1.960653,0.0
factory_0,frequency_response.csv,95,time_s,6.386555,6.386555,0.0
factory_0,frequency_response.csv,95,freq_hz,3302.796875,3302.796875,0.0
factory_0,frequency_response.csv,95,gain_db,-2.160788,-2.160788,0.0
factory_0,frequency_response.csv,96,time_s,6.453782,6.453782,0.0
factory_0,frequency_response.csv,96,freq_hz,3485.199951,3485.199951,0.0
factory_0,frequency_response.csv,96,gain_db,-2.347326,-2.347326,0.0
factory_0,frequency_response.csv,97,time_s,6.521008,6.521008,0.0
factory_0,frequency_response.csv,97,freq_hz,3677.676025,3677.676025,0.0
factory_0,frequency_response.csv,97,gain_db,-2.522025,-2.522025,0.0
factory_0,frequency_response.csv,98,time_s,6.588235,6.588235,0.0
factory_0,frequency_response.csv,98,freq_hz,3880.782471,3880.782471,0.0
factory_0,frequency_response.csv,98,gain_db,-2.671518,-2.671518,0.0
factory_0,frequency_response.csv,99,time_s,6.655462,6.655462,0.0
factory_0,frequency_response.csv,99,freq_hz,4095.105469,4095.105469,0.0
factory_0,frequency_response.csv,99,gain_db,-2.766181,-2.766181,0.0
factory_0,frequency_response.csv,100,time_s,6.722689,6.722689,0.0
factory_0,frequency_response.csv,100,freq_hz,4321.265137,4321.265137,0.0
factory_0,frequency_response.csv,100,gain_db,-2.762091,-2.762091,0.0
factory_0,frequency_response.csv,101,time_s,6.789916,6.789916,0.0
factory_0,frequency_response.csv,101,freq_hz,4559.914551,4559.914551,0.0
factory_0,frequency_response.csv,101,gain_db,-2.644797,-2.644797,0.0
factory_0,frequency_response.csv,102,time_s,6.857143,6.857143,0.0
factory_0,frequency_response.csv,102,freq_hz,4811.744141,4811.744141,0.0
factory_0,frequency_response.csv,102,gain_db,-2.440828,-2.440828,0.0
factory_0,frequency_response.csv,103,time_s,6.92437,6.92437,0.0
factory_0,frequency_response.csv,103,freq_hz,5077.481445,5077.481445,0.0
factory_0,frequency_response.csv,103,gain_db,-2.222974,-2.222974,0.0
factory_0,frequency_response.csv,104,time_s,6.991597,6.991597,0.0
factory_0,frequency_response.csv,104,freq_hz,5357.894531,5357.894531,0.0
factory_0,frequency_response.csv,104,gain_db,-2.133649,-2.133649,0.0
factory_0,frequency_response.csv,105,time_s,7.058824,7.058824,0.0
factory_0,frequency_response.csv,105,freq_hz,5653.793457,5653.793457,0.0
factory_0,frequency_response.csv,105,gain_db,-2.297554,-2.297554,0.0
factory_0,frequency_response.csv,106,time_s,7.12605,7.12605,0.0
factory_0,frequency_response.csv,106,freq_hz,5966.034668,5966.034668,0.0
factory_0,frequency_response.csv,106,gain_db,-2.679673,-2.679673,0.0
factory_0,frequency_response.csv,107,time_s,7.193277,7.193277,0.0
factory_0,frequency_response.csv,107,freq_hz,6295.519531,6295.519531,0.0
factory_0,frequency_response.csv,107,gain_db,-3.21602,-3.21602,0.0
factory_0,frequency_response.csv,108,time_s,7.260504,7.260504,0.0
factory_0,frequency_response.csv,108,freq_hz,6643.200684,6643.200684,0.0
factory_0,frequency_response.csv,108,gain_db,-3.803755,-3.803755,0.0
factory_0,frequency_response.csv,109,time_s,7.327731,7.327731,0.0
factory_0,frequency_response.csv,109,freq_hz,7010.083008,7010.083008,0.0
factory_0,frequency_response.csv,109,gain_db,-4.272222,-4.272222,0.0
factory_0,frequency_response.csv,110,time_s,7.394958,7.394958,0.0
factory_0,frequency_response.csv,110,freq_hz,7397.227539,7397.227539,0.0
factory_0,frequency_response.csv,110,gain_db,-4.56155,-4.56155,0.0
factory_0,frequency_response.csv,111,time_s,7.462185,7.462185,0.0
factory_0,frequency_response.csv,111,freq_hz,7805.752441,7805.752441,0.0
factory_0,frequency_response.csv,111,gain_db,-4.720546,-4.720546,0.0
factory_0,frequency_response.csv,112,time_s,7.529412,7.529412,0.0
factory_0,frequency_response.csv,112,freq_hz,8236.839844,8236.839844,0.0
factory_0,frequency_response.csv,112,gain_db,-4.800319,-4.800319,0.0
factory_0,frequency_response.csv,113,time_s,7.596639,7.596639,0.0
factory_0,frequency_response.csv,113,freq_hz,8691.733398,8691.733398,0.0
factory_0,frequency_response.csv,113,gain_db,-4.835005,-4.835005,0.0
factory_0,frequency_response.csv,114,time_s,7.663866,7.663866,0.0
factory_0,frequency_response.csv,114,freq_hz,9171.75,9171.75,0.0
factory_0,frequency_response.csv,114,gain_db,-4.840667,-4.840667,0.0
factory_0,frequency_response.csv,115,time_s,7.731092,7.731092,0.0
factory_0,frequency_response.csv,115,freq_hz,9678.276367,9678.276367,0.0
factory_0,frequency_response.csv,115,gain_db,-4.822645,-4.822645,0.0
factory_0,frequency_response.csv,116,time_s,7.798319,7.798319,0.0
factory_0,frequency_response.csv,116,freq_hz,10212.776367,10212.776367,0.0
factory_0,frequency_response.csv,116,gain_db,-4.789389,-4.789389,0.0
factory_0,frequency_response.csv,117,time_s,7.865546,7.865546,0.0
factory_0,frequency_response.csv,117,freq_hz,10776.795898,10776.795898,0.0
factory_0,frequency_response.csv,117,gain_db,-4.740424,-4.740424,0.0
factory_0,frequency_response.csv,118,time_s,7.932773,7.932773,0.0
factory_0,frequency_response.csv,118,freq_hz,11371.962891,11371.962891,0.0
factory_0,frequency_response.csv,118,gain_db,-4.682884,-4.682884,0.0
factory_0,frequency_response.csv,119,time_s,8.0,8.0,0.0
factory_0,frequency_response.csv,119,freq_hz,12000.0,12000.0,0.0
factory_0,frequency_response.csv,119,gain_db,-4.630407,-4.630407,0.0
factory_0,notch_tracking.csv,0,time_s,0.201681,0.201681,0.0
factory_0,notch_tracking.csv,0,freq_hz,23.499975,23.499975,0.0
factory_0,notch_tracking.csv,0,notch_depth_db,-4.386594,-4.386594,0.0
factory_0,notch_tracking.csv,1,time_s,0.470588,0.470588,0.0
factory_0,notch_tracking.csv,1,freq_hz,29.13739,29.13739,0.0
factory_0,notch_tracking.csv,1,notch_depth_db,-8.419875,-8.419875,0.0
factory_0,notch_tracking.csv,2,time_s,0.739496,0.739496,0.0
factory_0,notch_tracking.csv,2,freq_hz,36.127167,36.127167,0.0
factory_0,notch_tracking.csv,2,notch_depth_db,-8.717329,-8.717329,0.0
factory_0,notch_tracking.csv,3,time_s,1.411765,1.411765,0.0
factory_0,notch_tracking.csv,3,freq_hz,61.843204,61.843204,0.0
factory_0,notch_tracking.csv,3,notch_depth_db,-4.12474,-4.12474,0.0
factory_0,notch_tracking.csv,4,time_s,1.94958,1.94958,0.0
factory_0,notch_tracking.csv,4,freq_hz,95.073273,95.073273,0.0
factory_0,notch_tracking.csv,4,notch_depth_db,-2.58505,-2.58505,0.0
factory_0,notch_tracking.csv,5,time_s,2.420168,2.420168,0.0
factory_0,notch_tracking.csv,5,freq_hz,138.509369,138.509369,0.0
factory_0,notch_tracking.csv,5,notch_depth_db,-12.223014,-12.223014,0.0
factory_0,notch_tracking.csv,6,time_s,2.823529,2.823529,0.0
factory_0,notch_tracking.csv,6,freq_hz,191.229095,191.229095,0.0
factory_0,notch_tracking.csv,6,notch_depth_db,-10.892367,-10.892367,0.0
factory_0,notch_tracking.csv,7,time_s,3.495798,3.495798,0.0
factory_0,notch_tracking.csv,7,freq_hz,327.349792,327.349792,0.0
factory_0,notch_tracking.csv,7,notch_depth_db,-10.85642,-10.85642,0.0
factory_0,notch_tracking.csv,8,time_s,4.369748,4.369748,0.0
factory_0,notch_tracking.csv,8,freq_hz,658.427063,658.427063,0.0
factory_0,notch_tracking.csv,8,notch_depth_db,-10.392677,-10.392677,0.0
factory_0,notch_tracking.csv,9,time_s,4.571429,4.571429,0.0
factory_0,notch_tracking.csv,9,freq_hz,773.651001,773.651001,0.0
factory_0,notch_tracking.csv,9,notch_depth_db,-10.300237,-10.300237,0.0
factory_0,notch_tracking.csv,10,time_s,5.714286,5.714286,0.0
factory_0,notch_tracking.csv,10,freq_hz,1929.406738,1929.406738,0.0
factory_0,notch_tracking.csv,10,notch_depth_db,-4.779624,-4.779624,0.0
factory_0,notch_tracking.csv,11,time_s,6.655462,6.655462,0.0
factory_0,notch_tracking.csv,11,freq_hz,4095.105469,4095.105469,0.0
factory_0,notch_tracking.csv,11,notch_depth_db,-2.766181,-2.766181,0.0
factory_0,notch_tracking.csv,12,time_s,7.663866,7.663866,0.0
factory_0,notch_tracking.csv,12,freq_hz,9171.75,9171.75,0.0
factory_0,notch_tracking.csv,12,notch_depth_db,-4.840667,-4.840667,0.0
factory_0,thd_vs_drive.csv,0,sine_level_db,-24.0,-24.0,0.0
factory_0,thd_vs_drive.csv,0,thd_ratio,0.003464,0.003464,0.0
factory_0,thd_vs_drive.csv,0,thd_db,-49.209648,-49.209648,0.0
factory_0,thd_vs_drive.csv,0,broadband_hf_db,-82.683609,-82.683609,0.0
factory_0,thd_vs_drive.csv,1,sine_level_db,-18.0,-18.0,0.0
factory_0,thd_vs_drive.csv,1,thd_ratio,0.008426,0.008426,0.0
factory_0,thd_vs_drive.csv,1,thd_db,-41.487503,-41.487503,0.0
factory_0,thd_vs_drive.csv,1,broadband_hf_db,-82.684921,-82.684921,0.0
factory_0,thd_vs_drive.csv,2,sine_level_db,-12.0,-12.0,0.0
factory_0,thd_vs_drive.csv,2,thd_ratio,0.023437,0.023437,0.0
factory_0,thd_vs_drive.csv,2,thd_db,-32.602036,-32.602036,0.0
factory_0,thd_vs_drive.csv,2,broadband_hf_db,-82.686142,-82.686142,0.0
factory_0,thd_vs_drive.csv,3,sine_level_db,-6.0,-6.0,0.0
factory_0,thd_vs_drive.csv,3,thd_ratio,0.067333,0.067333,0.0
factory_0,thd_vs_drive.csv,3,thd_db,-23.435482,-23.435482,0.0
factory_0,thd_vs_drive.csv,3,broadband_hf_db,-82.48999,-82.48999,0.0
factory_0,thd_vs_drive.csv,4,sine_level_db,0.0,0.0,0.0
factory_0,thd_vs_drive.csv,4,thd_ratio,0.128238,0.128238,0.0
factory_0,thd_vs_drive.csv,4,thd_db,-17.839655,-17.839655,0.0
factory_0,thd_vs_drive.csv,4,broadband_hf_db,-81.995285,-81.995285,0.0
factory_1,summary.csv,average_tracked_notch_db,value,-7.698712,-7.698712,0.0
factory_1,summary.csv,deepest_tracked_notch_db,value,-14.568068,-14.568068,0.0
factory_1,summary.csv,guitar_broadband_hf_db,value,-81.443535,-81.443535,0.0
factory_1,summary.csv,guitar_lr_correlation,value,0.9749,0.9749,0.0
factory_1,summary.csv,guitar_mono_fold_db,value,-0.055484,-0.055484,0.0
factory_1,summary.csv,guitar_side_to_mid_db,value,-18.908403,-18.908403,0.0
factory_1,summary.csv,sweep_broadband_hf_db,value,-82.210648,-82.210648,0.0
factory_1,summary.csv,sweep_lr_correlation,value,0.989565,0.989565,0.0
factory_1,summary.csv,sweep_mono_fold_db,value,-0.022719,-0.022719,0.0
factory_1,summary.csv,sweep_side_to_mid_db,value,-22.802679,-22.802679,0.0
factory_1,summary.csv,tracked_notch_count,value,15.0,15.0,0.0
factory_1,summary.csv,tracked_notch_high_hz,value,9678.276367,9678.276367,0.0
factory_1,summary.csv,tracked_notch_low_hz,value,23.499975,23.499975,0.0
factory_1,summary.csv,tracked_notch_span_oct,value,8.685947,8.685947,0.0
factory_1,summary.csv,worst_thd_db,value,-16.791296,-16.791296,0.0
factory_1,frequency_response.csv,0,time_s,0.0,0.0,0.0
factory_1,frequency_response.csv,0,freq_hz,20.0,20.0,0.0
factory_1,frequency_response.csv,0,gain_db,-6.979381,-6.979381,0.0
factory_1,frequency_response.csv,1,time_s,0.067227,0.067227,0.0
factory_1,frequency_response.csv,1,freq_hz,21.104536,21.104536,0.0
factory_1,frequency_response.csv,1,gain_db,-4.614196,-4.614196,0.0
factory_1,frequency_response.csv,2,time_s,0.134454,0.134454,0.0
factory_1,frequency_response.csv,2,freq_hz,22.270071,22.270071,0.0
factory_1,frequency_response.csv,2,gain_db,-4.311296,-4.311296,0.0
factory_1,frequency_response.csv,3,time_s,0.201681,0.201681,0.0
factory_1,frequency_response.csv,3,freq_hz,23.499975,23.499975,0.0
factory_1,frequency_response.csv,3,gain_db,-4.344434,-4.344434,0.0
factory_1,frequency_response.csv,4,time_s,0.268908,0.268908,0.0
factory_1,frequency_response.csv,4,freq_hz,24.797804,24.797804,0.0
factory_1,frequency_response.csv,4,gain_db,-4.258607,-4.258607,0.0
factory_1,frequency_response.csv,5,time_s,0.336134,0.336134,0.0
factory_1,frequency_response.csv,5,freq_hz,26.167307,26.167307,0.0
factory_1,frequency_response.csv,5,gain_db,-7.446076,-7.446076,0.0
factory_1,frequency_response.csv,6,time_s,0.403361,0.403361,0.0
factory_1,frequency_response.csv,6,freq_hz,27.612442,27.612442,0.0
factory_1,frequency_response.csv,6,gain_db,-8.571939,-8.571939,0.0
factory_1,frequency_response.csv,7,time_s,0.470588,0.470588,0.0
factory_1,frequency_response.csv,7,freq_hz,29.13739,29.13739,0.0
factory_1,frequency_response.csv,7,gain_db,-8.893215,-8.893215,0.0
factory_1,frequency_response.csv,8,time_s,0.537815,0.537815,0.0
factory_1,frequency_response.csv,8,freq_hz,30.746555,30.746555,0.0
factory_1,frequency_response.csv,8,gain_db,-7.894566,-7.894566,0.0
factory_1,frequency_response.csv,9,time_s,0.605042,0.605042,0.0
factory_1,frequency_response.csv,9,freq_hz,32.444588,32.444588,0.0
factory_1,frequency_response.csv,9,gain_db,-7.920498,-7.920498,0.0
factory_1,frequency_response.csv,10,time_s,0.672269,0.672269,0.0
factory_1,frequency_response.csv,10,freq_hz,34.236401,34.236401,0.0
factory_1,frequency_response.csv,10,gain_db,-8.879358,-8.879358,0.0
factory_1,frequency_response.csv,11,time_s,0.739496,0.739496,0.0
factory_1,frequency_response.csv,11,freq_hz,36.127167,36.127167,0.0
factory_1,frequency_response.csv,11,gain_db,-9.447097,-9.447097,0.0
factory_1,frequency_response.csv,12,time_s,0.806723,0.806723,0.0
factory_1,frequency_response.csv,12,freq_hz,38.122353,38.122353,0.0
factory_1,frequency_response.csv,12,gain_db,-6.05432,-6.05432,0.0
factory_1,frequency_response.csv,13,time_s,0.87395,0.87395,0.0
factory_1,frequency_response.csv,13,freq_hz,40.22773,40.22773,0.0
factory_1,frequency_response.csv,13,gain_db,-2.133369,-2.133369,0.0
factory_1,frequency_response.csv,14,time_s,0.941177,0.941177,0.0
factory_1,frequency_response.csv,14,freq_hz,42.449379,42.449379,0.0
factory_1,frequency_response.csv,14,gain_db,-1.353053,-1.353053,0.0
factory_1,frequency_response.csv,15,time_s,1.008403,1.008403,0.0
factory_1,frequency_response.csv,15,freq_hz,44.79372,44.79372,0.0
factory_1,frequency_response.csv,15,gain_db,-1.272146,-1.272146,0.0
factory_1,frequency_response.csv,16,time_s,1.07563,1.07563,0.0
factory_1,frequency_response.csv,16,freq_hz,47.267536,47.267536,0.0
factory_1,frequency_response.csv,16,gain_db,-2.23481,-2.23481,0.0
factory_1,frequency_response.csv,17,time_s,1.142857,1.142857,0.0
factory_1,frequency_response.csv,17,freq_hz,49.877968,49.877968,0.0
factory_1,frequency_response.csv,17,gain_db,-2.625987,-2.625987,0.0
factory_1,frequency_response.csv,18,time_s,1.210084,1.210084,0.0
factory_1,frequency_response.csv,18,freq_hz,52.632568,52.632568,0.0
factory_1,frequency_response.csv,18,gain_db,-3.31892,-3.31892,0.0
factory_1,frequency_response.csv,19,time_s,1.277311,1.277311,0.0
factory_1,frequency_response.csv,19,freq_hz,55.539299,55.539299,0.0
factory_1,frequency_response.csv,19,gain_db,-3.726591,-3.726591,0.0
factory_1,frequency_response.csv,20,time_s,1.344538,1.344538,0.0
factory_1,frequency_response.csv,20,freq_hz,58.606552,58.606552,0.0
factory_1,frequency_response.csv,20,gain_db,-3.308296,-3.308296,0.0
factory_1,frequency_response.csv,21,time_s,1.411765,1.411765,0.0
factory_1,frequency_response.csv,21,freq_hz,61.843204,61.843204,0.0
factory_1,frequency_response.csv,21,gain_db,-2.428608,-2.428608,0.0
factory_1,frequency_response.csv,22,time_s,1.478992,1.478992,0.0
factory_1,frequency_response.csv,22,freq_hz,65.258606,65.258606,0.0
factory_1,frequency_response.csv,22,gain_db,-1.723116,-1.723116,0.0
factory_1,frequency_response.csv,23,time_s,1.546218,1.546218,0.0
factory_1,frequency_response.csv,23,freq_hz,68.862625,68.862625,0.0
factory_1,frequency_response.csv,23,gain_db,-1.508549,-1.508549,0.0
factory_1,frequency_response.csv,24,time_s,1.613445,1.613445,0.0
factory_1,frequency_response.csv,24,freq_hz,72.665695,72.665695,0.0
factory_1,frequency_response.csv,24,gain_db,-2.581811,-2.581811,0.0
factory_1,frequency_response.csv,25,time_s,1.680672,1.680672,0.0
factory_1,frequency_response.csv,25,freq_hz,76.678787,76.678787,0.0
factory_1,frequency_response.csv,25,gain_db,-3.980514,-3.980514,0.0
factory_1,frequency_response.csv,26,time_s,1.747899,1.747899,0.0
factory_1,frequency_response.csv,26,freq_hz,80.913506,80.913506,0.0
factory_1,frequency_response.csv,26,gain_db,-3.800583,-3.800583,0.0
factory_1,frequency_response.csv,27,time_s,1.815126,1.815126,0.0
factory_1,frequency_response.csv,27,freq_hz,85.382095,85.382095,0.0
factory_1,frequency_response.csv,27,gain_db,-2.514252,-2.514252,0.0
factory_1,frequency_response.csv,28,time_s,1.882353,1.882353,0.0
factory_1,frequency_response.csv,28,freq_hz,90.097488,90.097488,0.0
factory_1,frequency_response.csv,28,gain_db,-1.552467,-1.552467,0.0
factory_1,frequency_response.csv,29,time_s,1.94958,1.94958,0.0
factory_1,frequency_response.csv,29,freq_hz,95.073273,95.073273,0.0
factory_1,frequency_response.csv,29,gain_db,-1.473419,-1.473419,0.0
factory_1,frequency_response.csv,30,time_s,2.016807,2.016807,0.0
factory_1,frequency_response.csv,30,freq_hz,100.323875,100.323875,0.0
factory_1,frequency_response.csv,30,gain_db,-3.516391,-3.516391,0.0
factory_1,frequency_response.csv,31,time_s,2.084034,2.084034,0.0
factory_1,frequency_response.csv,31,freq_hz,105.864441,105.864441,0.0
factory_1,frequency_response.csv,31,gain_db,-7.620871,-7.620871,0.0
factory_1,frequency_response.csv,32,time_s,2.151261,2.151261,0.0
factory_1,frequency_response.csv,32,freq_hz,111.710999,111.710999,0.0
factory_1,frequency_response.csv,32,gain_db,-12.472749,-12.472749,0.0
factory_1,frequency_response.csv,33,time_s,2.218488,2.218488,0.0
factory_1,frequency_response.csv,33,freq_hz,117.880432,117.880432,0.0
factory_1,frequency_response.csv,33,gain_db,-14.568068,-14.568068,0.0
factory_1,frequency_response.csv,34,time_s,2.285714,2.285714,0.0
factory_1,frequency_response.csv,34,freq_hz,124.390594,124.390594,0.0
factory_1,frequency_response.csv,34,gain_db,-13.242826,-13.242826,0.0
factory_1,frequency_response.csv,35,time_s,2.352941,2.352941,0.0
factory_1,frequency_response.csv,35,freq_hz,131.260284,131.260284,0.0
factory_1,frequency_response.csv,35,gain_db,-11.895123,-11.895123,0.0
factory_1,frequency_response.csv,36,time_s,2.420168,2.420168,0.0
factory_1,frequency_response.csv,36,freq_hz,138.509369,138.509369,0.0
factory_1,frequency_response.csv,36,gain_db,-12.010118,-12.010118,0.0
factory_1,frequency_response.csv,37,time_s,2.487395,2.487395,0.0
factory_1,frequency_response.csv,37,freq_hz,146.158783,146.158783,0.0
factory_1,frequency_response.csv,37,gain_db,-13.266114,-13.266114,0.0
factory_1,frequency_response.csv,38,time_s,2.554622,2.554622,0.0
factory_1,frequency_response.csv,38,freq_hz,154.230667,154.230667,0.0
factory_1,frequency_response.csv,38,gain_db,-12.305354,-12.305354,0.0
factory_1,frequency_response.csv,39,time_s,2.621849,2.621849,0.0
factory_1,frequency_response.csv,39,freq_hz,162.748337,162.748337,0.0
factory_1,frequency_response.csv,39,gain_db,-7.286754,-7.286754,0.0
factory_1,frequency_response.csv,40,time_s,2.689076,2.689076,0.0
factory_1,frequency_response.csv,40,freq_hz,171.73642,171.73642,0.0
factory_1,frequency_response.csv,40,gain_db,-3.733142,-3.733142,0.0
factory_1,frequency_response.csv,41,time_s,2.756303,2.756303,0.0
factory_1,frequency_response.csv,41,freq_hz,181.220856,181.220856,0.0
factory_1,frequency_response.csv,41,gain_db,-1.560454,-1.560454,0.0
factory_1,frequency_response.csv,42,time_s,2.823529,2.823529,0.0
factory_1,frequency_response.csv,42,freq_hz,191.229095,191.229095,0.0
factory_1,frequency_response.csv,42,gain_db,-1.061681,-1.061681,0.0
factory_1,frequency_response.csv,43,time_s,2.890756,2.890756,0.0
factory_1,frequency_response.csv,43,freq_hz,201.79007,201.79007,0.0
factory_1,frequency_response.csv,43,gain_db,-1.075497,-1.075497,0.0
factory_1,frequency_response.csv,44,time_s,2.957983,2.957983,0.0
factory_1,frequency_response.csv,44,freq_hz,212.93428,212.93428,0.0
factory_1,frequency_response.csv,44,gain_db,-1.842421,-1.842421,0.0
factory_1,frequency_response.csv,45,time_s,3.02521,3.02521,0.0
factory_1,frequency_response.csv,45,freq_hz,224.69397,224.69397,0.0
factory_1,frequency_response.csv,45,gain_db,-4.128593,-4.128593,0.0
factory_1,frequency_response.csv,46,time_s,3.092437,3.092437,0.0
factory_1,frequency_response.csv,46,freq_hz,237.103104,237.103104,0.0
factory_1,frequency_response.csv,46,gain_db,-9.822489,-9.822489,0.0
factory_1,frequency_response.csv,47,time_s,3.159664,3.159664,0.0
factory_1,frequency_response.csv,47,freq_hz,250.19754,250.19754,0.0
factory_1,frequency_response.csv,47,gain_db,-12.072832,-12.072832,0.0
factory_1,frequency_response.csv,48,time_s,3.226891,3.226891,0.0
factory_1,frequency_response.csv,48,freq_hz,264.015137,264.015137,0.0
factory_1,frequency_response.csv,48,gain_db,-7.427291,-7.427291,0.0
factory_1,frequency_response.csv,49,time_s,3.294118,3.294118,0.0
factory_1,frequency_response.csv,49,freq_hz,278.595856,278.595856,0.0
factory_1,frequency_response.csv,49,gain_db,-4.443633,-4.443633,0.0
factory_1,frequency_response.csv,50,time_s,3.361345,3.361345,0.0
factory_1,frequency_response.csv,50,freq_hz,293.981812,293.981812,0.0
factory_1,frequency_response.csv,50,gain_db,-2.888247,-2.888247,0.0
factory_1,frequency_response.csv,51,time_s,3.428571,3.428571,0.0
factory_1,frequency_response.csv,51,freq_hz,310.217468,310.217468,0.0
factory_1,frequency_response.csv,51,gain_db,-2.186824,-2.186824,0.0
factory_1,frequency_response.csv,52,time_s,3.495798,3.495798,0.0
factory_1,frequency_response.csv,52,freq_hz,327.349792,327.349792,0.0
factory_1,frequency_response.csv,52,gain_db,-1.970258,-1.970258,0.0
factory_1,frequency_response.csv,53,time_s,3.563025,3.563025,0.0
factory_1,frequency_response.csv,53,freq_hz,345.428284,345.428284,0.0
factory_1,frequency_response.csv,53,gain_db,-2.255075,-2.255075,0.0
factory_1,frequency_response.csv,54,time_s,3.630252,3.630252,0.0
factory_1,frequency_response.csv,54,freq_hz,364.505157,364.505157,0.0
factory_1,frequency_response.csv,54,gain_db,-3.293618,-3.293618,0.0
factory_1,frequency_response.csv,55,time_s,3.697479,3.697479,0.0
factory_1,frequency_response.csv,55,freq_hz,384.63562,384.63562,0.0
factory_1,frequency_response.csv,55,gain_db,-5.644799,-5.644799,0.0
factory_1,frequency_response.csv,56,time_s,3.764706,3.764706,0.0
factory_1,frequency_response.csv,56,freq_hz,405.877808,405.877808,0.0
factory_1,frequency_response.csv,56,gain_db,-9.732147,-9.732147,0.0
factory_1,frequency_response.csv,57,time_s,3.831933,3.831933,0.0
factory_1,frequency_response.csv,57,freq_hz,428.293121,428.293121,0.0
factory_1,frequency_response.csv,57,gain_db,-11.423038,-11.423038,0.0
factory_1,frequency_response.csv,58,time_s,3.89916,3.89916,0.0
factory_1,frequency_response.csv,58,freq_hz,451.946381,451.946381,0.0
factory_1,frequency_response.csv,58,gain_db,-8.646839,-8.646839,0.0
factory_1,frequency_response.csv,59,time_s,3.966387,3.966387,0.0
factory_1,frequency_response.csv,59,freq_hz,476.905945,476.905945,0.0
factory_1,frequency_response.csv,59,gain_db,-7.21256,-7.21256,0.0
factory_1,frequency_response.csv,60,time_s,4.033614,4.033614,0.0
factory_1,frequency_response.csv,60,freq_hz,503.244019,503.244019,0.0
factory_1,frequency_response.csv,60,gain_db,-8.26739,-8.26739,0.0
factory_1,frequency_response.csv,61,time_s,4.100841,4.100841,0.0
factory_1,frequency_response.csv,61,freq_hz,531.03656,531.03656,0.0
factory_1,frequency_response.csv,61,gain_db,-10.834967,-10.834967,0.0
factory_1,frequency_response.csv,62,time_s,4.168067,4.168067,0.0
factory_1,frequency_response.csv,62,freq_hz,560.364014,560.364014,0.0
factory_1,frequency_response.csv,62,gain_db,-10.657235,-10.657235,0.0
factory_1,frequency_response.csv,63,time_s,4.235294,4.235294,0.0
factory_1,frequency_response.csv,63,freq_hz,591.311096,591.311096,0.0
factory_1,frequency_response.csv,63,gain_db,-6.123269,-6.123269,0.0
factory_1,frequency_response.csv,64,time_s,4.302521,4.302521,0.0
factory_1,frequency_response.csv,64,freq_hz,623.967346,623.967346,0.0
factory_1,frequency_response.csv,64,gain_db,-2.825825,-2.825825,0.0
factory_1,frequency_response.csv,65,time_s,4.369748,4.369748,0.0
factory_1,frequency_response.csv,65,freq_hz,658.427063,658.427063,0.0
factory_1,frequency_response.csv,65,gain_db,-1.137689,-1.137689,0.0
factory_1,frequency_response.csv,66,time_s,4.436975,4.436975,0.0
factory_1,frequency_response.csv,66,freq_hz,694.789795,694.789795,0.0
factory_1,frequency_response.csv,66,gain_db,-0.5339,-0.5339,0.0
factory_1,frequency_response.csv,67,time_s,4.504202,4.504202,0.0
factory_1,frequency_response.csv,67,freq_hz,733.160889,733.160889,0.0
factory_1,frequency_response.csv,67,gain_db,-0.396292,-0.396292,0.0
factory_1,frequency_response.csv,68,time_s,4.571429,4.571429,0.0
factory_1,frequency_response.csv,68,freq_hz,773.651001,773.651001,0.0
factory_1,frequency_response.csv,68,gain_db,-0.378044,-0.378044,0.0
factory_1,frequency_response.csv,69,time_s,4.638656,4.638656,0.0
factory_1,frequency_response.csv,69,freq_hz,816.377197,816.377197,0.0
factory_1,frequency_response.csv,69,gain_db,-0.39299,-0.39299,0.0
factory_1,frequency_response.csv,70,time_s,4.705883,4.705883,0.0
factory_1,frequency_response.csv,70,freq_hz,861.463074,861.463074,0.0
factory_1,frequency_response.csv,70,gain_db,-0.463888,-0.463888,0.0
factory_1,frequency_response.csv,71,time_s,4.773109,4.773109,0.0
factory_1,frequency_response.csv,71,freq_hz,909.03894,909.03894,0.0
factory_1,frequency_response.csv,71,gain_db,-0.704212,-0.704212,0.0
factory_1,frequency_response.csv,72,time_s,4.840336,4.840336,0.0
factory_1,frequency_response.csv,72,freq_hz,959.242249,959.242249,0.0
factory_1,frequency_response.csv,72,gain_db,-1.396209,-1.396209,0.0
factory_1,frequency_response.csv,73,time_s,4.907563,4.907563,0.0
factory_1,frequency_response.csv,73,freq_hz,1012.218079,1012.218079,0.0
factory_1,frequency_response.csv,73,gain_db,-2.904363,-2.904363,0.0
factory_1,frequency_response.csv,74,time_s,4.97479,4.97479,0.0
factory_1,frequency_response.csv,74,freq_hz,1068.119629,1068.119629,0.0
factory_1,frequency_response.csv,74,gain_db,-6.182817,-6.182817,0.0
factory_1,frequency_response.csv,75,time_s,5.042017,5.042017,0.0
factory_1,frequency_response.csv,75,freq_hz,1127.108398,1127.108398,0.0
factory_1,frequency_response.csv,75,gain_db,-8.9075,-8.9075,0.0
factory_1,frequency_response.csv,76,time_s,5.109244,5.109244,0.0
factory_1,frequency_response.csv,76,freq_hz,1189.355103,1189.355103,0.0
factory_1,frequency_response.csv,76,gain_db,-9.420962,-9.420962,0.0
factory_1,frequency_response.csv,77,time_s,5.176471,5.176471,0.0
factory_1,frequency_response.csv,77,freq_hz,1255.039307,1255.039307,0.0
factory_1,frequency_response.csv,77,gain_db,-8.323049,-8.323049,0.0
factory_1,frequency_response.csv,78,time_s,5.243698,5.243698,0.0
factory_1,frequency_response.csv,78,freq_hz,1324.351074,1324.351074,0.0
factory_1,frequency_response.csv,78,gain_db,-5.61816,-5.61816,0.0
factory_1,frequency_response.csv,79,time_s,5.310925,5.310925,0.0
factory_1,frequency_response.csv,79,freq_hz,1397.490845,1397.490845,0.0
factory_1,frequency_response.csv,79,gain_db,-2.921281,-2.921281,0.0
factory_1,frequency_response.csv,80,time_s,5.378151,5.378151,0.0
factory_1,frequency_response.csv,80,freq_hz,1474.669678,1474.669678,0.0
factory_1,frequency_response.csv,80,gain_db,-1.278794,-1.278794,0.0
factory_1,frequency_response.csv,81,time_s,5.445378,5.445378,0.0
factory_1,frequency_response.csv,81,freq_hz,1556.110962,1556.110962,0.0
factory_1,frequency_response.csv,81,gain_db,-0.880986,-0.880986,0.0
factory_1,frequency_response.csv,82,time_s,5.512605,5.512605,0.0
factory_1,frequency_response.csv,82,freq_hz,1642.050049,1642.050049,0.0
factory_1,frequency_response.csv,82,gain_db,-0.982237,-0.982237,0.0
factory_1,frequency_response.csv,83,time_s,5.579832,5.579832,0.0
factory_1,frequency_response.csv,83,freq_hz,1732.735107,1732.735107,0.0
factory_1,frequency_response.csv,83,gain_db,-1.147937,-1.147937,0.0
factory_1,frequency_response.csv,84,time_s,5.647059,5.647059,0.0
factory_1,frequency_response.csv,84,freq_hz,1828.428467,1828.428467,0.0
factory_1,frequency_response.csv,84,gain_db,-1.287011,-1.287011,0.0
factory_1,frequency_response.csv,85,time_s,5.714286,5.714286,0.0
factory_1,frequency_response.csv,85,freq_hz,1929.406738,1929.406738,0.0
factory_1,frequency_response.csv,85,gain_db,-1.403684,-1.403684,0.0
factory_1,frequency_response.csv,86,time_s,5.781513,5.781513,0.0
factory_1,frequency_response.csv,86,freq_hz,2035.96167,2035.96167,0.0
factory_1,frequency_response.csv,86,gain_db,-1.496098,-1.496098,0.0
factory_1,frequency_response.csv,87,time_s,5.84874,5.84874,0.0
factory_1,frequency_response.csv,87,freq_hz,2148.401367,2148.401367,0.0
factory_1,frequency_response.csv,87,gain_db,-1.548236,-1.548236,0.0
factory_1,frequency_response.csv,88,time_s,5.915967,5.915967,0.0
factory_1,frequency_response.csv,88,freq_hz,2267.050537,2267.050537,0.0
factory_1,frequency_response.csv,88,gain_db,-1.534475,-1.534475,0.0
factory_1,frequency_response.csv,89,time_s,5.983193,5.983193,0.0
factory_1,frequency_response.csv,89,freq_hz,2392.252441,2392.252441,0.0
factory_1,frequency_response.csv,89,gain_db,-1.461649,-1.461649,0.0
factory_1,frequency_response.csv,90,time_s,6.05042,6.05042,0.0
factory_1,frequency_response.csv,90,freq_hz,2524.368896,2524.368896,0.0
factory_1,frequency_response.csv,90,gain_db,-1.50299,-1.50299,0.0
factory_1,frequency_response.csv,91,time_s,6.117647,6.117647,0.0
factory_1,frequency_response.csv,91,freq_hz,2663.781738,2663.781738,0.0
factory_1,frequency_response.csv,91,gain_db,-1.706578,-1.706578,0.0
factory_1,frequency_response.csv,92,time_s,6.184874,6.184874,0.0
factory_1,frequency_response.csv,92,freq_hz,2810.893799,2810.893799,0.0
factory_1,frequency_response.csv,92,gain_db,-2.160342,-2.160342,0.0
factory_1,frequency_response.csv,93,time_s,6.252101,6.252101,0.0
factory_1,frequency_response.csv,93,freq_hz,2966.130371,2966.130371,0.0
factory_1,frequency_response.csv,93,gain_db,-2.26702,-2.26702,0.0
factory_1,frequency_response.csv,94,time_s,6.319328,6.319328,0.0
factory_1,frequency_response.csv,94,freq_hz,3129.94043,3129.94043,0.0
factory_1,frequency_response.csv,94,gain_db,-1.880082,-1.880082,0.0
factory_1,frequency_response.csv,95,time_s,6.386555,6.386555,0.0
factory_1,frequency_response.csv,95,freq_hz,3302.796875,3302.796875,0.0
factory_1,frequency_response.csv,95,gain_db,-1.662487,-1.662487,0.0
factory_1,frequency_response.csv,96,time_s,6.453782,6.453782,0.0
factory_1,frequency_response.csv,96,freq_hz,3485.199951,3485.199951,0.0
factory_1,frequency_response.csv,96,gain_db,-1.929404,-1.929404,0.0
factory_1,frequency_response.csv,97,time_s,6.521008,6.521008,0.0
factory_1,frequency_response.csv,97,freq_hz,3677.676025,3677.676025,0.0
factory_1,frequency_response.csv,97,gain_db,-2.591181,-2.591181,0.0
factory_1,frequency_response.csv,98,time_s,6.588235,6.588235,0.0
factory_1,frequency_response.csv,98,freq_hz,3880.782471,3880.782471,0.0
factory_1,frequency_response.csv,98,gain_db,-3.169699,-3.169699,0.0
factory_1,frequency_response.csv,99,time_s,6.655462,6.655462,0.0
factory_1,frequency_response.csv,99,freq_hz,4095.105469,4095.105469,0.0
factory_1,frequency_response.csv,99,gain_db,-3.550897,-3.550897,0.0
factory_1,frequency_response.csv,100,time_s,6.722689,6.722689,0.0
factory_1,frequency_response.csv,100,freq_hz,4321.265137,4321.265137,0.0
factory_1,frequency_response.csv,100,gain_db,-3.816823,-3.816823,0.0
factory_1,frequency_response.csv,101,time_s,6.789916,6.789916,0.0
factory_1,frequency_response.csv,101,freq_hz,4559.914551,4559.914551,0.0
factory_1,frequency_response.csv,101,gain_db,-4.037853,-4.037853,0.0
factory_1,frequency_response.csv,102,time_s,6.857143,6.857143,0.0
factory_1,frequency_response.csv,102,freq_hz,4811.744141,4811.744141,0.0
factory_1,frequency_response.csv,102,gain_db,-4.232733,-4.232733,0.0
factory_1,frequency_response.csv,103,time_s,6.92437,6.92437,0.0
factory_1,frequency_response.csv,103,freq_hz,5077.481445,5077.481445,0.0
factory_1,frequency_response.csv,103,gain_db,-4.405689,-4.405689,0.0
factory_1,frequency_response.csv,104,time_s,6.991597,6.991597,0.0
factory_1,frequency_response.csv,104,freq_hz,5357.894531,5357.894531,0.0
factory_1,frequency_response.csv,104,gain_db,-4.536543,-4.536543,0.0
factory_1,frequency_response.csv,105,time_s,7.058824,7.058824,0.0
factory_1,frequency_response.csv,105,freq_hz,5653.793457,5653.793457,0.0
factory_1,frequency_response.csv,105,gain_db,-4.59859,-4.59859,0.0
factory_1,frequency_response.csv,106,time_s,7.12605,7.12605,0.0
factory_1,frequency_response.csv,106,freq_hz,5966.034668,5966.034668,0.0
factory_1,frequency_response.csv,106,gain_db,-4.536529,-4.536529,0.0
factory_1,frequency_response.csv,107,time_s,7.193277,7.193277,0.0
factory_1,frequency_response.csv,107,freq_hz,6295.519531,6295.519531,0.0
factory_1,frequency_response.csv,107,gain_db,-4.328224,-4.328224,0.0
factory_1,frequency_response.csv,108,time_s,7.260504,7.260504,0.0
factory_1,frequency_response.csv,108,freq_hz,6643.200684,6643.200684,0.0
factory_1,frequency_response.csv,108,gain_db,-4.052545,-4.052545,0.0
factory_1,frequency_response.csv,109,time_s,7.327731,7.327731,0.0
factory_1,frequency_response.csv,109,freq_hz,7010.083008,7010.083008,0.0
factory_1,frequency_response.csv,109,gain_db,-3.899949,-3.899949,0.0
factory_1,frequency_response.csv,110,time_s,7.394958,7.394958,0.0
factory_1,frequency_response.csv,110,freq_hz,7397.227539,7397.227539,0.0
factory_1,frequency_response.csv,110,gain_db,-4.026118,-4.026118,0.0
factory_1,frequency_response.csv,111,time_s,7.462185,7.462185,0.0
factory_1,frequency_response.csv,111,freq_hz,7805.752441,7805.752441,0.0
factory_1,frequency_response.csv,111,gain_db,-4.342409,-4.342409,0.0
factory_1,frequency_response.csv,112,time_s,7.529412,7.529412,0.0
factory_1,frequency_response.csv,112,freq_hz,8236.839844,8236.839844,0.0
factory_1,frequency_response.csv,112,gain_db,-4.687259,-4.687259,0.0
factory_1,frequency_response.csv,113,time_s,7.596639,7.596639,0.0
factory_1,frequency_response.csv,113,freq_hz,8691.733398,8691.733398,0.0
factory_1,frequency_response.csv,113,gain_db,-4.938123,-4.938123,0.0
factory_1,frequency_response.csv,114,time_s,7.663866,7.663866,0.0
factory_1,frequency_response.csv,114,freq_hz,9171.75,9171.75,0.0
factory_1,frequency_response.csv,114,gain_db,-5.058036,-5.058036,0.0
factory_1,frequency_response.csv,115,time_s,7.731092,7.731092,0.0
factory_1,frequency_response.csv,115,freq_hz,9678.276367,9678.276367,0.0
factory_1,frequency_response.csv,115,gain_db,-5.089015,-5.089015,0.0
factory_1,frequency_response.csv,116,time_s,7.798319,7.798319,0.0
factory_1,frequency_response.csv,116,freq_hz,10212.776367,10212.776367,0.0
factory_1,frequency_response.csv,116,gain_db,-5.077946,-5.077946,0.0
factory_1,frequency_response.csv,117,time_s,7.865546,7.865546,0.0
factory_1,frequency_response.csv,117,freq_hz,10776.795898,10776.795898,0.0
factory_1,frequency_response.csv,117,gain_db,-5.042999,-5.042999,0.0
factory_1,frequency_response.csv,118,time_s,7.932773,7.932773,0.0
factory_1,frequency_response.csv,118,freq_hz,11371.962891,11371.962891,0.0
factory_1,frequency_response.csv,118,gain_db,-4.996912,-4.996912,0.0
factory_1,frequency_response.csv,119,time_s,8.0,8.0,0.0
factory_1,frequency_response.csv,119,freq_hz,12000.0,12000.0,0.0
factory_1,frequency_response.csv,119,gain_db,-4.954068,-4.954068,0.0
factory_1,notch_tracking.csv,0,time_s,0.201681,0.201681,0.0
factory_1,notch_tracking.csv,0,freq_hz,23.499975,23.499975,0.0
factory_1,notch_tracking.csv,0,notch_depth_db,-4.344434,-4.344434,0.0
factory_1,notch_tracking.csv,1,time_s,0.470588,0.470588,0.0
factory_1,notch_tracking.csv,1,freq_hz,29.13739,29.13739,0.0
factory_1,notch_tracking.csv,1,notch_depth_db,-8.893215,-8.893215,0.0
factory_1,notch_tracking.csv,2,time_s,0.739496,0.739496,0.0
factory_1,notch_tracking.csv,2,freq_hz,36.127167,36.127167,0.0
factory_1,notch_tracking.csv,2,notch_depth_db,-9.447097,-9.447097,0.0
factory_1,notch_tracking.csv,3,time_s,1.277311,1.277311,0.0
factory_1,notch_tracking.csv,3,freq_hz,55.539299,55.539299,0.0
factory_1,notch_tracking.csv,3,notch_depth_db,-3.726591,-3.726591,0.0
factory_1,notch_tracking.csv,4,time_s,1.680672,1.680672,0.0
factory_1,notch_tracking.csv,4,freq_hz,76.678787,76.678787,0.0
factory_1,notch_tracking.csv,4,notch_depth_db,-3.980514,-3.980514,0.0
factory_1,notch_tracking.csv,5,time_s,2.218488,2.218488,0.0
factory_1,notch_tracking.csv,5,freq_hz,117.880432,117.880432,0.0
factory_1,notch_tracking.csv,5,notch_depth_db,-14.568068,-14.568068,0.0
factory_1,notch_tracking.csv,6,time_s,2.487395,2.487395,0.0
factory_1,notch_tracking.csv,6,freq_hz,146.158783,146.158783,0.0
factory_1,notch_tracking.csv,6,notch_depth_db,-13.266114,-13.266114,0.0
factory_1,notch_tracking.csv,7,time_s,3.159664,3.159664,0.0
factory_1,notch_tracking.csv,7,freq_hz,250.19754,250.19754,0.0
factory_1,notch_tracking.csv,7,notch_depth_db,-12.072832,-12.072832,0.0
factory_1,notch_tracking.csv,8,time_s,3.831933,3.831933,0.0
factory_1,notch_tracking.csv,8,freq_hz,428.293121,428.293121,0.0
factory_1,notch_tracking.csv,8,notch_depth_db,-11.423038,-11.423038,0.0
factory_1,notch_tracking.csv,9,time_s,4.100841,4.100841,0.0
factory_1,notch_tracking.csv,9,freq_hz,531.03656,531.03656,0.0
factory_1,notch_tracking.csv,9,notch_depth_db,-10.834967,-10.834967,0.0
factory_1,notch_tracking.csv,10,time_s,5.109244,5.109244,0.0
factory_1,notch_tracking.csv,10,freq_hz,1189.355103,1189.355103,0.0
factory_1,notch_tracking.csv,10,notch_depth_db,-9.420962,-9.420962,0.0
factory_1,notch_tracking.csv,11,time_s,5.84874,5.84874,0.0
factory_1,notch_tracking.csv,11,freq_hz,2148.401367,2148.401367,0.0
factory_1,notch_tracking.csv,11,notch_depth_db,-1.548236,-1.548236,0.0
factory_1,notch_tracking.csv,12,time_s,6.252101,6.252101,0.0
factory_1,notch_tracking.csv,12,freq_hz,2966.130371,2966.130371,0.0
factory_1,notch_tracking.csv,12,notch_depth_db,-2.26702,-2.26702,0.0
factory_1,notch_tracking.csv,13,time_s,7.058824,7.058824,0.0
factory_1,notch_tracking.csv,13,freq_hz,5653.793457,5653.793457,0.0
factory_1,notch_tracking.csv,13,notch_depth_db,-4.59859,-4.59859,0.0
factory_1,notch_tracking.csv,14,time_s,7.731092,7.731092,0.0
factory_1,notch_tracking.csv,14,freq_hz,9678.276367,9678.276367,0.0
factory_1,notch_tracking.csv,14,notch_depth_db,-5.089015,-5.089015,0.0
factory_1,thd_vs_drive.csv,0,sine_level_db,-24.0,-24.0,0.0
factory_1,thd_vs_drive.csv,0,thd_ratio,0.009822,0.009822,0.0
factory_1,thd_vs_drive.csv,0,thd_db,-40.15567,-40.15567,0.0
factory_1,thd_vs_drive.csv,0,broadband_hf_db,-82.679733,-82.679733,0.0
factory_1,thd_vs_drive.csv,1,sine_level_db,-18.0,-18.0,0.0
factory_1,thd_vs_drive.csv,1,thd_ratio,0.021347,0.021347,0.0
factory_1,thd_vs_drive.csv,1,thd_db,-33.413414,-33.413414,0.0
factory_1,thd_vs_drive.csv,1,broadband_hf_db,-82.687248,-82.687248,0.0
factory_1,thd_vs_drive.csv,2,sine_level_db,-12.0,-12.0,0.0
factory_1,thd_vs_drive.csv,2,thd_ratio,0.046488,0.046488,0.0
factory_1,thd_vs_drive.csv,2,thd_db,-26.653202,-26.653202,0.0
factory_1,thd_vs_drive.csv,2,broadband_hf_db,-82.680885,-82.680885,0.0
factory_1,thd_vs_drive.csv,3,sine_level_db,-6.0,-6.0,0.0
factory_1,thd_vs_drive.csv,3,thd_ratio,0.093721,0.093721,0.0
factory_1,thd_vs_drive.csv,3,thd_db,-20.563236,-20.563236,0.0
factory_1,thd_vs_drive.csv,3,broadband_hf_db,-81.664787,-81.664787,0.0
factory_1,thd_vs_drive.csv,4,sine_level_db,0.0,0.0,0.0
factory_1,thd_vs_drive.csv,4,thd_ratio,0.144689,0.144689,0.0
factory_1,thd_vs_drive.csv,4,thd_db,-16.791296,-16.791296,0.0
factory_1,thd_vs_drive.csv,4,broadband_hf_db,-81.325745,-81.325745,0.0
factory_10,summary.csv,average_tracked_notch_db,value,-6.94356,-6.94356,0.0
factory_10,summary.csv,deepest_tracked_notch_db,value,-11.320744,-11.320744,0.0
factory_10,summary.csv,guitar_broadband_hf_db,value,-80.560692,-80.560692,0.0
factory_10,summary.csv,guitar_lr_correlation,value,0.989034,0.989034,0.0
factory_10,summary.csv,guitar_mono_fold_db,value,-0.023906,-0.023906,0.0
factory_10,summary.csv,guitar_side_to_mid_db,value,-22.580879,-22.580879,0.0
factory_10,summary.csv,sweep_broadband_hf_db,value,-82.506653,-82.506653,0.0
factory_10,summary.csv,sweep_lr_correlation,value,0.992792,0.992792,0.0
factory_10,summary.csv,sweep_mono_fold_db,value,-0.015683,-0.015683,0.0
factory_10,summary.csv,sweep_side_to_mid_db,value,-24.415792,-24.415792,0.0
factory_10,summary.csv,tracked_notch_count,value,8.0,8.0,0.0
factory_10,summary.csv,tracked_notch_high_hz,value,11371.962891,11371.962891,0.0
factory_10,summary.csv,tracked_notch_low_hz,value,26.167307,26.167307,0.0
factory_10,summary.csv,tracked_notch_span_oct,value,8.7635,8.7635,0.0
factory_10,summary.csv,worst_thd_db,value,-17.268242,-17.268242,0.0
factory_10,frequency_response.csv,0,time_s,0.0,0.0,0.0
factory_10,frequency_response.csv,0,freq_hz,20.0,20.0,0.0
factory_10,frequency_response.csv,0,gain_db,-7.337517,-7.337517,0.0
factory_10,frequency_response.csv,1,time_s,0.067227,0.067227,0.0
factory_10,frequency_response.csv,1,freq_hz,21.104536,21.104536,0.0
factory_10,frequency_response.csv,1,gain_db,-4.63251,-4.63251,0.0
factory_10,frequency_response.csv,2,time_s,0.134454,0.134454,0.0
factory_10,frequency_response.csv,2,freq_hz,22.270071,22.270071,0.0
factory_10,frequency_response.csv,2,gain_db,-4.337487,-4.337487,0.0
factory_10,frequency_response.csv,3,time_s,0.201681,0.201681,0.0
factory_10,frequency_response.csv,3,freq_hz,23.499975,23.499975,0.0
factory_10,frequency_response.csv,3,gain_db,-4.153366,-4.153366,0.0
factory_10,frequency_response.csv,4,time_s,0.268908,0.268908,0.0
factory_10,frequency_response.csv,4,freq_hz,24.797804,24.797804,0.0
factory_10,frequency_response.csv,4,gain_db,-3.236348,-3.236348,0.0
factory_10,frequency_response.csv,5,time_s,0.336134,0.336134,0.0
factory_10,frequency_response.csv,5,freq_hz,26.167307,26.167307,0.0
factory_10,frequency_response.csv,5,gain_db,-4.127681,-4.127681,0.0
factory_10,frequency_response.csv,6,time_s,0.403361,0.403361,0.0
factory_10,frequency_response.csv,6,freq_hz,27.612442,27.612442,0.0
factory_10,frequency_response.csv,6,gain_db,-3.405939,-3.405939,0.0
factory_10,frequency_response.csv,7,time_s,0.470588,0.470588,0.0
factory_10,frequency_response.csv,7,freq_hz,29.13739,29.13739,0.0
factory_10,frequency_response.csv,7,gain_db,-4.451492,-4.451492,0.0
factory_10,frequency_response.csv,8,time_s,0.537815,0.537815,0.0
factory_10,frequency_response.csv,8,freq_hz,30.746555,30.746555,0.0
factory_10,frequency_response.csv,8,gain_db,-5.117504,-5.117504,0.0
factory_10,frequency_response.csv,9,time_s,0.605042,0.605042,0.0
factory_10,frequency_response.csv,9,freq_hz,32.444588,32.444588,0.0
factory_10,frequency_response.csv,9,gain_db,-5.817234,-5.817234,0.0
factory_10,frequency_response.csv,10,time_s,0.672269,0.672269,0.0
factory_10,frequency_response.csv,10,freq_hz,34.236401,34.236401,0.0
factory_10,frequency_response.csv,10,gain_db,-6.356866,-6.356866,0.0
factory_10,frequency_response.csv,11,time_s,0.739496,0.739496,0.0
factory_10,frequency_response.csv,11,freq_hz,36.127167,36.127167,0.0
factory_10,frequency_response.csv,11,gain_db,-7.621605,-7.621605,0.0
factory_10,frequency_response.csv,12,time_s,0.806723,0.806723,0.0
factory_10,frequency_response.csv,12,freq_hz,38.122353,38.122353,0.0
factory_10,frequency_response.csv,12,gain_db,-8.166996,-8.166996,0.0
factory_10,frequency_response.csv,13,time_s,0.87395,0.87395,0.0
factory_10,frequency_response.csv,13,freq_hz,40.22773,40.22773,0.0
factory_10,frequency_response.csv,13,gain_db,-7.639814,-7.639814,0.0
factory_10,frequency_response.csv,14,time_s,0.941177,0.941177,0.0
factory_10,frequency_response.csv,14,freq_hz,42.449379,42.449379,0.0
factory_10,frequency_response.csv,14,gain_db,-7.111389,-7.111389,0.0
factory_10,frequency_response.csv,15,time_s,1.008403,1.008403,0.0
factory_10,frequency_response.csv,15,freq_hz,44.79372,44.79372,0.0
factory_10,frequency_response.csv,15,gain_db,-5.602303,-5.602303,0.0
factory_10,frequency_response.csv,16,time_s,1.07563,1.07563,0.0
factory_10,frequency_response.csv,16,freq_hz,47.267536,47.267536,0.0
factory_10,frequency_response.csv,16,gain_db,-4.018999,-4.018999,0.0
factory_10,frequency_response.csv,17,time_s,1.142857,1.142857,0.0
factory_10,frequency_response.csv,17,freq_hz,49.877968,49.877968,0.0
factory_10,frequency_response.csv,17,gain_db,-3.266332,-3.266332,0.0
factory_10,frequency_response.csv,18,time_s,1.210084,1.210084,0.0
factory_10,frequency_response.csv,18,freq_hz,52.632568,52.632568,0.0
factory_10,frequency_response.csv,18,gain_db,-2.096975,-2.096975,0.0
factory_10,frequency_response.csv,19,time_s,1.277311,1.277311,0.0
factory_10,frequency_response.csv,19,freq_hz,55.539299,55.539299,0.0
factory_10,frequency_response.csv,19,gain_db,-1.651792,-1.651792,0.0
factory_10,frequency_response.csv,20,time_s,1.344538,1.344538,0.0
factory_10,frequency_response.csv,20,freq_hz,58.606552,58.606552,0.0
factory_10,frequency_response.csv,20,gain_db,-1.679465,-1.679465,0.0
factory_10,frequency_response.csv,21,time_s,1.411765,1.411765,0.0
factory_10,frequency_response.csv,21,freq_hz,61.843204,61.843204,0.0
factory_10,frequency_response.csv,21,gain_db,-2.32726,-2.32726,0.0
factory_10,frequency_response.csv,22,time_s,1.478992,1.478992,0.0
factory_10,frequency_response.csv,22,freq_hz,65.258606,65.258606,0.0
factory_10,frequency_response.csv,22,gain_db,-3.263556,-3.263556,0.0
factory_10,frequency_response.csv,23,time_s,1.546218,1.546218,0.0
factory_10,frequency_response.csv,23,freq_hz,68.862625,68.862625,0.0
factory_10,frequency_response.csv,23,gain_db,-4.683707,-4.683707,0.0
factory_10,frequency_response.csv,24,time_s,1.613445,1.613445,0.0
factory_10,frequency_response.csv,24,freq_hz,72.665695,72.665695,0.0
factory_10,frequency_response.csv,24,gain_db,-5.675066,-5.675066,0.0
factory_10,frequency_response.csv,25,time_s,1.680672,1.680672,0.0
factory_10,frequency_response.csv,25,freq_hz,76.678787,76.678787,0.0
factory_10,frequency_response.csv,25,gain_db,-7.167658,-7.167658,0.0
factory_10,frequency_response.csv,26,time_s,1.747899,1.747899,0.0
factory_10,frequency_response.csv,26,freq_hz,80.913506,80.913506,0.0
factory_10,frequency_response.csv,26,gain_db,-8.137715,-8.137715,0.0
factory_10,frequency_response.csv,27,time_s,1.815126,1.815126,0.0
factory_10,frequency_response.csv,27,freq_hz,85.382095,85.382095,0.0
factory_10,frequency_response.csv,27,gain_db,-9.010921,-9.010921,0.0
factory_10,frequency_response.csv,28,time_s,1.882353,1.882353,0.0
factory_10,frequency_response.csv,28,freq_hz,90.097488,90.097488,0.0
factory_10,frequency_response.csv,28,gain_db,-9.602429,-9.602429,0.0
factory_10,frequency_response.csv,29,time_s,1.94958,1.94958,0.0
factory_10,frequency_response.csv,29,freq_hz,95.073273,95.073273,0.0
factory_10,frequency_response.csv,29,gain_db,-9.409624,-9.409624,0.0
factory_10,frequency_response.csv,30,time_s,2.016807,2.016807,0.0
factory_10,frequency_response.csv,30,freq_hz,100.323875,100.323875,0.0
factory_10,frequency_response.csv,30,gain_db,-8.892124,-8.892124,0.0
factory_10,frequency_response.csv,31,time_s,2.084034,2.084034,0.0
factory_10,frequency_response.csv,31,freq_hz,105.864441,105.864441,0.0
factory_10,frequency_response.csv,31,gain_db,-7.905422,-7.905422,0.0
factory_10,frequency_response.csv,32,time_s,2.151261,2.151261,0.0
factory_10,frequency_response.csv,32,freq_hz,111.710999,111.710999,0.0
factory_10,frequency_response.csv,32,gain_db,-6.710709,-6.710709,0.0
factory_10,frequency_response.csv,33,time_s,2.218488,2.218488,0.0
factory_10,frequency_response.csv,33,freq_hz,117.880432,117.880432,0.0
factory_10,frequency_response.csv,33,gain_db,-5.333433,-5.333433,0.0
factory_10,frequency_response.csv,34,time_s,2.285714,2.285714,0.0
factory_10,frequency_response.csv,34,freq_hz,124.390594,124.390594,0.0
factory_10,frequency_response.csv,34,gain_db,-4.09298,-4.09298,0.0
factory_10,frequency_response.csv,35,time_s,2.352941,2.352941,0.0
factory_10,frequency_response.csv,35,freq_hz,131.260284,131.260284,0.0
factory_10,frequency_response.csv,35,gain_db,-3.202584,-3.202584,0.0
factory_10,frequency_response.csv,36,time_s,2.420168,2.420168,0.0
factory_10,frequency_response.csv,36,freq_hz,138.509369,138.509369,0.0
factory_10,frequency_response.csv,36,gain_db,-2.310996,-2.310996,0.0
factory_10,frequency_response.csv,37,time_s,2.487395,2.487395,0.0
factory_10,frequency_response.csv,37,freq_hz,146.158783,146.158783,0.0
factory_10,frequency_response.csv,37,gain_db,-1.815355,-1.815355,0.0
factory_10,frequency_response.csv,38,time_s,2.554622,2.554622,0.0
factory_10,frequency_response.csv,38,freq_hz,154.230667,154.230667,0.0
factory_10,frequency_response.csv,38,gain_db,-1.624439,-1.624439,0.0
factory_10,frequency_response.csv,39,time_s,2.621849,2.621849,0.0
factory_10,frequency_response.csv,39,freq_hz,162.748337,162.748337,0.0
factory_10,frequency_response.csv,39,gain_db,-1.770877,-1.770877,0.0
factory_10,frequency_response.csv,40,time_s,2.689076,2.689076,0.0
factory_10,frequency_response.csv,40,freq_hz,171.73642,171.73642,0.0
factory_10,frequency_response.csv,40,gain_db,-2.212522,-2.212522,0.0
factory_10,frequency_response.csv,41,time_s,2.756303,2.756303,0.0
factory_10,frequency_response.csv,41,freq_hz,181.220856,181.220856,0.0
factory_10,frequency_response.csv,41,gain_db,-3.047786,-3.047786,0.0
factory_10,frequency_response.csv,42,time_s,2.823529,2.823529,0.0
factory_10,frequency_response.csv,42,freq_hz,191.229095,191.229095,0.0
factory_10,frequency_response.csv,42,gain_db,-4.294314,-4.294314,0.0
factory_10,frequency_response.csv,43,time_s,2.890756,2.890756,0.0
factory_10,frequency_response.csv,43,freq_hz,201.79007,201.79007,0.0
factory_10,frequency_response.csv,43,gain_db,-6.500039,-6.500039,0.0
factory_10,frequency_response.csv,44,time_s,2.957983,2.957983,0.0
factory_10,frequency_response.csv,44,freq_hz,212.93428,212.93428,0.0
factory_10,frequency_response.csv,44,gain_db,-9.5198,-9.5198,0.0
factory_10,frequency_response.csv,45,time_s,3.02521,3.02521,0.0
factory_10,frequency_response.csv,45,freq_hz,224.69397,224.69397,0.0
factory_10,frequency_response.csv,45,gain_db,-11.320744,-11.320744,0.0
factory_10,frequency_response.csv,46,time_s,3.092437,3.092437,0.0
factory_10,frequency_response.csv,46,freq_hz,237.103104,237.103104,0.0
factory_10,frequency_response.csv,46,gain_db,-10.116985,-10.116985,0.0
factory_10,frequency_response.csv,47,time_s,3.159664,3.159664,0.0
factory_10,frequency_response.csv,47,freq_hz,250.19754,250.19754,0.0
factory_10,frequency_response.csv,47,gain_db,-7.779082,-7.779082,0.0
factory_10,frequency_response.csv,48,time_s,3.226891,3.226891,0.0
factory_10,frequency_response.csv,48,freq_hz,264.015137,264.015137,0.0
factory_10,frequency_response.csv,48,gain_db,-5.895084,-5.895084,0.0
factory_10,frequency_response.csv,49,time_s,3.294118,3.294118,0.0
factory_10,frequency_response.csv,49,freq_hz,278.595856,278.595856,0.0
factory_10,frequency_response.csv,49,gain_db,-4.495451,-4.495451,0.0
factory_10,frequency_response.csv,50,time_s,3.361345,3.361345,0.0
factory_10,frequency_response.csv,50,freq_hz,293.981812,293.981812,0.0
factory_10,frequency_response.csv,50,gain_db,-3.564715,-3.564715,0.0
factory_10,frequency_response.csv,51,time_s,3.428571,3.428571,0.0
factory_10,frequency_response.csv,51,freq_hz,310.217468,310.217468,0.0
factory_10,frequency_response.csv,51,gain_db,-2.958765,-2.958765,0.0
factory_10,frequency_response.csv,52,time_s,3.495798,3.495798,0.0
factory_10,frequency_response.csv,52,freq_hz,327.349792,327.349792,0.0
factory_10,frequency_response.csv,52,gain_db,-2.637279,-2.637279,0.0
factory_10,frequency_response.csv,53,time_s,3.563025,3.563025,0.0
factory_10,frequency_response.csv,53,freq_hz,345.428284,345.428284,0.0
factory_10,frequency_response.csv,53,gain_db,-2.467338,-2.467338,0.0
factory_10,frequency_response.csv,54,time_s,3.630252,3.630252,0.0
factory_10,frequency_response.csv,54,freq_hz,364.505157,364.505157,0.0
factory_10,frequency_response.csv,54,gain_db,-2.50495,-2.50495,0.0
factory_10,frequency_response.csv,55,time_s,3.697479,3.697479,0.0
factory_10,frequency_response.csv,55,freq_hz,384.63562,384.63562,0.0
factory_10,frequency_response.csv,55,gain_db,-2.776742,-2.776742,0.0
factory_10,frequency_response.csv,56,time_s,3.764706,3.764706,0.0
factory_10,frequency_response.csv,56,freq_hz,405.877808,405.877808,0.0
factory_10,frequency_response.csv,56,gain_db,-3.20997,-3.20997,0.0
factory_10,frequency_response.csv,57,time_s,3.831933,3.831933,0.0
factory_10,frequency_response.csv,57,freq_hz,428.293121,428.293121,0.0
factory_10,frequency_response.csv,57,gain_db,-3.93067,-3.93067,0.0
factory_10,frequency_response.csv,58,time_s,3.89916,3.89916,0.0
factory_10,frequency_response.csv,58,freq_hz,451.946381,451.946381,0.0
factory_10,frequency_response.csv,58,gain_db,-5.012207,-5.012207,0.0
factory_10,frequency_response.csv,59,time_s,3.966387,3.966387,0.0
factory_10,frequency_response.csv,59,freq_hz,476.905945,476.905945,0.0
factory_10,frequency_response.csv,59,gain_db,-6.450457,-6.450457,0.0
factory_10,frequency_response.csv,60,time_s,4.033614,4.033614,0.0
factory_10,frequency_response.csv,60,freq_hz,503.244019,503.244019,0.0
factory_10,frequency_response.csv,60,gain_db,-8.18237,-8.18237,0.0
factory_10,frequency_response.csv,61,time_s,4.100841,4.100841,0.0
factory_10,frequency_response.csv,61,freq_hz,531.03656,531.03656,0.0
factory_10,frequency_response.csv,61,gain_db,-9.661757,-9.661757,0.0
factory_10,frequency_response.csv,62,time_s,4.168067,4.168067,0.0
factory_10,frequency_response.csv,62,freq_hz,560.364014,560.364014,0.0
factory_10,frequency_response.csv,62,gain_db,-10.491942,-10.491942,0.0
factory_10,frequency_response.csv,63,time_s,4.235294,4.235294,0.0
factory_10,frequency_response.csv,63,freq_hz,591.311096,591.311096,0.0
factory_10,frequency_response.csv,63,gain_db,-10.708674,-10.708674,0.0
factory_10,frequency_response.csv,64,time_s,4.302521,4.302521,0.0
factory_10,frequency_response.csv,64,freq_hz,623.967346,623.967346,0.0
factory_10,frequency_response.csv,64,gain_db,-10.643429,-10.643429,0.0
factory_10,frequency_response.csv,65,time_s,4.369748,4.369748,0.0
factory_10,frequency_response.csv,65,freq_hz,658.427063,658.427063,0.0
factory_10,frequency_response.csv,65,gain_db,-10.30768,-10.30768,0.0
factory_10,frequency_response.csv,66,time_s,4.436975,4.436975,0.0
factory_10,frequency_response.csv,66,freq_hz,694.789795,694.789795,0.0
factory_10,frequency_response.csv,66,gain_db,-9.434584,-9.434584,0.0
factory_10,frequency_response.csv,67,time_s,4.504202,4.504202,0.0
factory_10,frequency_response.csv,67,freq_hz,733.160889,733.160889,0.0
factory_10,frequency_response.csv,67,gain_db,-7.865515,-7.865515,0.0
factory_10,frequency_response.csv,68,time_s,4.571429,4.571429,0.0
factory_10,frequency_response.csv,68,freq_hz,773.651001,773.651001,0.0
factory_10,frequency_response.csv,68,gain_db,-5.910829,-5.910829,0.0
factory_10,frequency_response.csv,69,time_s,4.638656,4.638656,0.0
factory_10,frequency_response.csv,69,freq_hz,816.377197,816.377197,0.0
factory_10,frequency_response.csv,69,gain_db,-4.091646,-4.091646,0.0
factory_10,frequency_response.csv,70,time_s,4.705883,4.705883,0.0
factory_10,frequency_response.csv,70,freq_hz,861.463074,861.463074,0.0
factory_10,frequency_response.csv,70,gain_db,-2.65596,-2.65596,0.0
factory_10,frequency_response.csv,71,time_s,4.773109,4.773109,0.0
factory_10,frequency_response.csv,71,freq_hz,909.03894,909.03894,0.0
factory_10,frequency_response.csv,71,gain_db,-1.695609,-1.695609,0.0
factory_10,frequency_response.csv,72,time_s,4.840336,4.840336,0.0
factory_10,frequency_response.csv,72,freq_hz,959.242249,959.242249,0.0
factory_10,frequency_response.csv,72,gain_db,-1.186318,-1.186318,0.0
factory_10,frequency_response.csv,73,time_s,4.907563,4.907563,0.0
factory_10,frequency_response.csv,73,freq_hz,1012.218079,1012.218079,0.0
factory_10,frequency_response.csv,73,gain_db,-0.973713,-0.973713,0.0
factory_10,frequency_response.csv,74,time_s,4.97479,4.97479,0.0
factory_10,frequency_response.csv,74,freq_hz,1068.119629,1068.119629,0.0
factory_10,frequency_response.csv,74,gain_db,-0.915884,-0.915884,0.0
factory_10,frequency_response.csv,75,time_s,5.042017,5.042017,0.0
factory_10,frequency_response.csv,75,freq_hz,1127.108398,1127.108398,0.0
factory_10,frequency_response.csv,75,gain_db,-0.916483,-0.916483,0.0
factory_10,frequency_response.csv,76,time_s,5.109244,5.109244,0.0
factory_10,frequency_response.csv,76,freq_hz,1189.355103,1189.355103,0.0
factory_10,frequency_response.csv,76,gain_db,-0.952734,-0.952734,0.0
factory_10,frequency_response.csv,77,time_s,5.176471,5.176471,0.0
factory_10,frequency_response.csv,77,freq_hz,1255.039307,1255.039307,0.0
factory_10,frequency_response.csv,77,gain_db,-0.995929,-0.995929,0.0
factory_10,frequency_response.csv,78,time_s,5.243698,5.243698,0.0
factory_10,frequency_response.csv,78,freq_hz,1324.351074,1324.351074,0.0
factory_10,frequency_response.csv,78,gain_db,-1.043447,-1.043447,0.0
factory_10,frequency_response.csv,79,time_s,5.310925,5.310925,0.0
factory_10,frequency_response.csv,79,freq_hz,1397.490845,1397.490845,0.0
factory_10,frequency_response.csv,79,gain_db,-1.09006,-1.09006,0.0
factory_10,frequency_response.csv,80,time_s,5.378151,5.378151,0.0
factory_10,frequency_response.csv,80,freq_hz,1474.669678,1474.669678,0.0
factory_10,frequency_response.csv,80,gain_db,-1.130904,-1.130904,0.0
factory_10,frequency_response.csv,81,time_s,5.445378,5.445378,0.0
factory_10,frequency_response.csv,81,freq_hz,1556.110962,1556.110962,0.0
factory_10,frequency_response.csv,81,gain_db,-1.163833,-1.163833,0.0
factory_10,frequency_response.csv,82,time_s,5.512605,5.512605,0.0
factory_10,frequency_response.csv,82,freq_hz,1642.050049,1642.050049,0.0
factory_10,frequency_response.csv,82,gain_db,-1.198291,-1.198291,0.0
factory_10,frequency_response.csv,83,time_s,5.579832,5.579832,0.0
factory_10,frequency_response.csv,83,freq_hz,1732.735107,1732.735107,0.0
factory_10,frequency_response.csv,83,gain_db,-1.248514,-1.248514,0.0
factory_10,frequency_response.csv,84,time_s,5.647059,5.647059,0.0
factory_10,frequency_response.csv,84,freq_hz,1828.428467,1828.428467,0.0
factory_10,frequency_response.csv,84,gain_db,-1.324264,-1.324264,0.0
factory_10,frequency_response.csv,85,time_s,5.714286,5.714286,0.0
factory_10,frequency_response.csv,85,freq_hz,1929.406738,1929.406738,0.0
factory_10,frequency_response.csv,85,gain_db,-1.427375,-1.427375,0.0
factory_10,frequency_response.csv,86,time_s,5.781513,5.781513,0.0
factory_10,frequency_response.csv,86,freq_hz,2035.96167,2035.96167,0.0
factory_10,frequency_response.csv,86,gain_db,-1.554976,-1.554976,0.0
factory_10,frequency_response.csv,87,time_s,5.84874,5.84874,0.0
factory_10,frequency_response.csv,87,freq_hz,2148.401367,2148.401367,0.0
factory_10,frequency_response.csv,87,gain_db,-1.693465,-1.693465,0.0
factory_10,frequency_response.csv,88,time_s,5.915967,5.915967,0.0
factory_10,frequency_response.csv,88,freq_hz,2267.050537,2267.050537,0.0
factory_10,frequency_response.csv,88,gain_db,-1.816094,-1.816094,0.0
factory_10,frequency_response.csv,89,time_s,5.983193,5.983193,0.0
factory_10,frequency_response.csv,89,freq_hz,2392.252441,2392.252441,0.0
factory_10,frequency_response.csv,89,gain_db,-1.86403,-1.86403,0.0
factory_10,frequency_response.csv,90,time_s,6.05042,6.05042,0.0
factory_10,frequency_response.csv,90,freq_hz,2524.368896,2524.368896,0.0
factory_10,frequency_response.csv,90,gain_db,-1.773084,-1.773084,0.0
factory_10,frequency_response.csv,91,time_s,6.117647,6.117647,0.0
factory_10,frequency_response.csv,91,freq_hz,2663.781738,2663.781738,0.0
factory_10,frequency_response.csv,91,gain_db,-1.663435,-1.663435,0.0
factory_10,frequency_response.csv,92,time_s,6.184874,6.184874,0.0
factory_10,frequency_response.csv,92,freq_hz,2810.893799,2810.893799,0.0
factory_10,frequency_response.csv,92,gain_db,-1.614187,-1.614187,0.0
factory_10,frequency_response.csv,93,time_s,6.252101,6.252101,0.0
factory_10,frequency_response.csv,93,freq_hz,2966.130371,2966.130371,0.0
factory_10,frequency_response.csv,93,gain_db,-1.671832,-1.671832,0.0
factory_10,frequency_response.csv,94,time_s,6.319328,6.319328,0.0
factory_10,frequency_response.csv,94,freq_hz,3129.94043,3129.94043,0.0
factory_10,frequency_response.csv,94,gain_db,-1.869863,-1.869863,0.0
factory_10,frequency_response.csv,95,time_s,6.386555,6.386555,0.0
factory_10,frequency_response.csv,95,freq_hz,3302.796875,3302.796875,0.0
factory_10,frequency_response.csv,95,gain_db,-2.181418,-2.181418,0.0
factory_10,frequency_response.csv,96,time_s,6.453782,6.453782,0.0
factory_10,frequency_response.csv,96,freq_hz,3485.199951,3485.199951,0.0
factory_10,frequency_response.csv,96,gain_db,-2.527864,-2.527864,0.0
factory_10,frequency_response.csv,97,time_s,6.521008,6.521008,0.0
factory_10,frequency_response.csv,97,freq_hz,3677.676025,3677.676025,0.0
factory_10,frequency_response.csv,97,gain_db,-2.858355,-2.858355,0.0
factory_10,frequency_response.csv,98,time_s,6.588235,6.588235,0.0
factory_10,frequency_response.csv,98,freq_hz,3880.782471,3880.782471,0.0
factory_10,frequency_response.csv,98,gain_db,-3.154892,-3.154892,0.0
factory_10,frequency_response.csv,99,time_s,6.655462,6.655462,0.0
factory_10,frequency_response.csv,99,freq_hz,4095.105469,4095.105469,0.0
factory_10,frequency_response.csv,99,gain_db,-3.414297,-3.414297,0.0
factory_10,frequency_response.csv,100,time_s,6.722689,6.722689,0.0
factory_10,frequency_response.csv,100,freq_hz,4321.265137,4321.265137,0.0
factory_10,frequency_response.csv,100,gain_db,-3.642746,-3.642746,0.0
factory_10,frequency_response.csv,101,time_s,6.789916,6.789916,0.0
factory_10,frequency_response.csv,101,freq_hz,4559.914551,4559.914551,0.0
factory_10,frequency_response.csv,101,gain_db,-3.857627,-3.857627,0.0
factory_10,frequency_response.csv,102,time_s,6.857143,6.857143,0.0
factory_10,frequency_response.csv,102,freq_hz,4811.744141,4811.744141,0.0
factory_10,frequency_response.csv,102,gain_db,-4.05506,-4.05506,0.0
factory_10,frequency_response.csv,103,time_s,6.92437,6.92437,0.0
factory_10,frequency_response.csv,103,freq_hz,5077.481445,5077.481445,0.0
factory_10,frequency_response.csv,103,gain_db,-4.237813,-4.237813,0.0
factory_10,frequency_response.csv,104,time_s,6.991597,6.991597,0.0
factory_10,frequency_response.csv,104,freq_hz,5357.894531,5357.894531,0.0
factory_10,frequency_response.csv,104,gain_db,-4.402096,-4.402096,0.0
factory_10,frequency_response.csv,105,time_s,7.058824,7.058824,0.0
factory_10,frequency_response.csv,105,freq_hz,5653.793457,5653.793457,0.0
factory_10,frequency_response.csv,105,gain_db,-4.547421,-4.547421,0.0
factory_10,frequency_response.csv,106,time_s,7.12605,7.12605,0.0
factory_10,frequency_response.csv,106,freq_hz,5966.034668,5966.034668,0.0
factory_10,frequency_response.csv,106,gain_db,-4.663965,-4.663965,0.0
factory_10,frequency_response.csv,107,time_s,7.193277,7.193277,0.0
factory_10,frequency_response.csv,107,freq_hz,6295.519531,6295.519531,0.0
factory_10,frequency_response.csv,107,gain_db,-4.757369,-4.757369,0.0
factory_10,frequency_response.csv,108,time_s,7.260504,7.260504,0.0
factory_10,frequency_response.csv,108,freq_hz,6643.200684,6643.200684,0.0
factory_10,frequency_response.csv,108,gain_db,-4.820244,-4.820244,0.0
factory_10,frequency_response.csv,109,time_s,7.327731,7.327731,0.0
factory_10,frequency_response.csv,109,freq_hz,7010.083008,7010.083008,0.0
factory_10,frequency_response.csv,109,gain_db,-4.851002,-4.851002,0.0
factory_10,frequency_response.csv,110,time_s,7.394958,7.394958,0.0
factory_10,frequency_response.csv,110,freq_hz,7397.227539,7397.227539,0.0
factory_10,frequency_response.csv,110,gain_db,-4.853814,-4.853814,0.0
factory_10,frequency_response.csv,111,time_s,7.462185,7.462185,0.0
factory_10,frequency_response.csv,111,freq_hz,7805.752441,7805.752441,0.0
factory_10,frequency_response.csv,111,gain_db,-4.841188,-4.841188,0.0
factory_10,frequency_response.csv,112,time_s,7.529412,7.529412,0.0
factory_10,frequency_response.csv,112,freq_hz,8236.839844,8236.839844,0.0
factory_10,frequency_response.csv,112,gain_db,-4.821976,-4.821976,0.0
factory_10,frequency_response.csv,113,time_s,7.596639,7.596639,0.0
factory_10,frequency_response.csv,113,freq_hz,8691.733398,8691.733398,0.0
factory_10,frequency_response.csv,113,gain_db,-4.812955,-4.812955,0.0
factory_10,frequency_response.csv,114,time_s,7.663866,7.663866,0.0
factory_10,frequency_response.csv,114,freq_hz,9171.75,9171.75,0.0
factory_10,frequency_response.csv,114,gain_db,-4.819963,-4.819963,0.0
factory_10,frequency_response.csv,115,time_s,7.731092,7.731092,0.0
factory_10,frequency_response.csv,115,freq_hz,9678.276367,9678.276367,0.0
factory_10,frequency_response.csv,115,gain_db,-4.843911,-4.843911,0.0
factory_10,frequency_response.csv,116,time_s,7.798319,7.798319,0.0
factory_10,frequency_response.csv,116,freq_hz,10212.776367,10212.776367,0.0
factory_10,frequency_response.csv,116,gain_db,-4.876839,-4.876839,0.0
factory_10,frequency_response.csv,117,time_s,7.865546,7.865546,0.0
factory_10,frequency_response.csv,117,freq_hz,10776.795898,10776.795898,0.0
factory_10,frequency_response.csv,117,gain_db,-4.897504,-4.897504,0.0
factory_10,frequency_response.csv,118,time_s,7.932773,7.932773,0.0
factory_10,frequency_response.csv,118,freq_hz,11371.962891,11371.962891,0.0
factory_10,frequency_response.csv,118,gain_db,-4.904112,-4.904112,0.0
factory_10,frequency_response.csv,119,time_s,8.0,8.0,0.0
factory_10,frequency_response.csv,119,freq_hz,12000.0,12000.0,0.0
factory_10,frequency_response.csv,119,gain_db,-4.896695,-4.896695,0.0
factory_10,notch_tracking.csv,0,time_s,0.336134,0.336134,0.0
factory_10,notch_tracking.csv,0,freq_hz,26.167307,26.167307,0.0
factory_10,notch_tracking.csv,0,notch_depth_db,-4.127681,-4.127681,0.0
factory_10,notch_tracking.csv,1,time_s,0.806723,0.806723,0.0
factory_10,notch_tracking.csv,1,freq_hz,38.122353,38.122353,0.0
factory_10,notch_tracking.csv,1,notch_depth_db,-8.166996,-8.166996,0.0
factory_10,notch_tracking.csv,2,time_s,1.882353,1.882353,0.0
factory_10,notch_tracking.csv,2,freq_hz,90.097488,90.097488,0.0
factory_10,notch_tracking.csv,2,notch_depth_db,-9.602429,-9.602429,0.0
factory_10,notch_tracking.csv,3,time_s,3.02521,3.02521,0.0
factory_10,notch_tracking.csv,3,freq_hz,224.69397,224.69397,0.0
factory_10,notch_tracking.csv,3,notch_depth_db,-11.320744,-11.320744,0.0
factory_10,notch_tracking.csv,4,time_s,4.235294,4.235294,0.0
factory_10,notch_tracking.csv,4,freq_hz,591.311096,591.311096,0.0
factory_10,notch_tracking.csv,4,notch_depth_db,-10.708674,-10.708674,0.0
factory_10,notch_tracking.csv,5,time_s,5.983193,5.983193,0.0
factory_10,notch_tracking.csv,5,freq_hz,2392.252441,2392.252441,0.0
factory_10,notch_tracking.csv,5,notch_depth_db,-1.86403,-1.86403,0.0
factory_10,notch_tracking.csv,6,time_s,7.394958,7.394958,0.0
factory_10,notch_tracking.csv,6,freq_hz,7397.227539,7397.227539,0.0
factory_10,notch_tracking.csv,6,notch_depth_db,-4.853814,-4.853814,0.0
factory_10,notch_tracking.csv,7,time_s,7.932773,7.932773,0.0
factory_10,notch_tracking.csv,7,freq_hz,11371.962891,11371.962891,0.0
factory_10,notch_tracking.csv,7,notch_depth_db,-4.904112,-4.904112,0.0
factory_10,thd_vs_drive.csv,0,sine_level_db,-24.0,-24.0,0.0
factory_10,thd_vs_drive.csv,0,thd_ratio,0.008427,0.008427,0.0
factory_10,thd_vs_drive.csv,0,thd_db,-41.48653,-41.48653,0.0
factory_10,thd_vs_drive.csv,0,broadband_hf_db,-82.682167,-82.682167,0.0
factory_10,thd_vs_drive.csv,1,sine_level_db,-18.0,-18.0,0.0
factory_10,thd_vs_drive.csv,1,thd_ratio,0.018062,0.018062,0.0
factory_10,thd_vs_drive.csv,1,thd_db,-34.864754,-34.864754,0.0
factory_10,thd_vs_drive.csv,1,broadband_hf_db,-82.690056,-82.690056,0.0
factory_10,thd_vs_drive.csv,2,sine_level_db,-12.0,-12.0,0.0
factory_10,thd_vs_drive.csv,2,thd_ratio,0.039368,0.039368,0.0
factory_10,thd_vs_drive.csv,2,thd_db,-28.097151,-28.097151,0.0
factory_10,thd_vs_drive.csv,2,broadband_hf_db,-82.681084,-82.681084,0.0
factory_10,thd_vs_drive.csv,3,sine_level_db,-6.0,-6.0,0.0
factory_10,thd_vs_drive.csv,3,thd_ratio,0.078914,0.078914,0.0
factory_10,thd_vs_drive.csv,3,thd_db,-22.056894,-22.056894,0.0
factory_10,thd_vs_drive.csv,3,broadband_hf_db,-82.504601,-82.504601,0.0
factory_10,thd_vs_drive.csv,4,sine_level_db,0.0,0.0,0.0
factory_10,thd_vs_drive.csv,4,thd_ratio,0.136958,0.136958,0.0
factory_10,thd_vs_drive.csv,4,thd_db,-17.268242,-17.268242,0.0
factory_10,thd_vs_drive.csv,4,broadband_hf_db,-82.1567,-82.1567,0.0
factory_11,summary.csv,average_tracked_notch_db,value,-4.897509,-4.897509,0.0
factory_11,summary.csv,deepest_tracked_notch_db,value,-13.447923,-13.447923,0.0
factory_11,summary.csv,guitar_broadband_hf_db,value,-80.897667,-80.897667,0.0
factory_11,summary.csv,guitar_lr_correlation,value,0.994656,0.994656,0.0
factory_11,summary.csv,guitar_mono_fold_db,value,-0.013237,-0.013237,0.0
factory_11,summary.csv,guitar_side_to_mid_db,value,-25.153372,-25.153372,0.0
factory_11,summary.csv,sweep_broadband_hf_db,value,-82.144241,-82.144241,0.0
factory_11,summary.csv,sweep_lr_correlation,value,0.915803,0.915803,0.0
factory_11,summary.csv,sweep_mono_fold_db,value,-0.186791,-0.186791,0.0
factory_11,summary.csv,sweep_side_to_mid_db,value,-13.570551,-13.570551,0.0
factory_11,summary.csv,tracked_notch_count,value,7.0,7.0,0.0
factory_11,summary.csv,tracked_notch_high_hz,value,7805.752441,7805.752441,0.0
factory_11,summary.csv,tracked_notch_low_hz,value,26.167307,26.167307,0.0
factory_11,summary.csv,tracked_notch_span_oct,value,8.220629,8.220629,0.0
factory_11,summary.csv,worst_thd_db,value,-15.622254,-15.622254,0.0
factory_11,frequency_response.csv,0,time_s,0.0,0.0,0.0
factory_11,frequency_response.csv,0,freq_hz,20.0,20.0,0.0
factory_11,frequency_response.csv,0,gain_db,-8.344656,-8.344656,0.0
factory_11,frequency_response.csv,1,time_s,0.067227,0.067227,0.0
factory_11,frequency_response.csv,1,freq_hz,21.104536,21.104536,0.0
factory_11,frequency_response.csv,1,gain_db,-5.145869,-5.145869,0.0
factory_11,frequency_response.csv,2,time_s,0.134454,0.134454,0.0
factory_11,frequency_response.csv,2,freq_hz,22.270071,22.270071,0.0
factory_11,frequency_response.csv,2,gain_db,-4.567103,-4.567103,0.0
factory_11,frequency_response.csv,3,time_s,0.201681,0.201681,0.0
factory_11,frequency_response.csv,3,freq_hz,23.499975,23.499975,0.0
factory_11,frequency_response.csv,3,gain_db,-3.846829,-3.846829,0.0
factory_11,frequency_response.csv,4,time_s,0.268908,0.268908,0.0
factory_11,frequency_response.csv,4,freq_hz,24.797804,24.797804,0.0
factory_11,frequency_response.csv,4,gain_db,-2.300572,-2.300572,0.0
factory_11,frequency_response.csv,5,time_s,0.336134,0.336134,0.0
factory_11,frequency_response.csv,5,freq_hz,26.167307,26.167307,0.0
factory_11,frequency_response.csv,5,gain_db,-2.555208,-2.555208,0.0
factory_11,frequency_response.csv,6,time_s,0.403361,0.403361,0.0
factory_11,frequency_response.csv,6,freq_hz,27.612442,27.612442,0.0
factory_11,frequency_response.csv,6,gain_db,-1.425169,-1.425169,0.0
factory_11,frequency_response.csv,7,time_s,0.470588,0.470588,0.0
factory_11,frequency_response.csv,7,freq_hz,29.13739,29.13739,0.0
factory_11,frequency_response.csv,7,gain_db,-1.791573,-1.791573,0.0
factory_11,frequency_response.csv,8,time_s,0.537815,0.537815,0.0
factory_11,frequency_response.csv,8,freq_hz,30.746555,30.746555,0.0
factory_11,frequency_response.csv,8,gain_db,-1.574863,-1.574863,0.0
factory_11,frequency_response.csv,9,time_s,0.605042,0.605042,0.0
factory_11,frequency_response.csv,9,freq_hz,32.444588,32.444588,0.0
factory_11,frequency_response.csv,9,gain_db,-1.512141,-1.512141,0.0
factory_11,frequency_response.csv,10,time_s,0.672269,0.672269,0.0
factory_11,frequency_response.csv,10,freq_hz,34.236401,34.236401,0.0
factory_11,frequency_response.csv,10,gain_db,-1.5293,-1.5293,0.0
factory_11,frequency_response.csv,11,time_s,0.739496,0.739496,0.0
factory_11,frequency_response.csv,11,freq_hz,36.127167,36.127167,0.0
factory_11,frequency_response.csv,11,gain_db,-1.678811,-1.678811,0.0
factory_11,frequency_response.csv,12,time_s,0.806723,0.806723,0.0
factory_11,frequency_response.csv,12,freq_hz,38.122353,38.122353,0.0
factory_11,frequency_response.csv,12,gain_db,-1.780801,-1.780801,0.0
factory_11,frequency_response.csv,13,time_s,0.87395,0.87395,0.0
factory_11,frequency_response.csv,13,freq_hz,40.22773,40.22773,0.0
factory_11,frequency_response.csv,13,gain_db,-2.123433,-2.123433,0.0
factory_11,frequency_response.csv,14,time_s,0.941177,0.941177,0.0
factory_11,frequency_response.csv,14,freq_hz,42.449379,42.449379,0.0
factory_11,frequency_response.csv,14,gain_db,-2.341758,-2.341758,0.0
factory_11,frequency_response.csv,15,time_s,1.008403,1.008403,0.0
factory_11,frequency_response.csv,15,freq_hz,44.79372,44.79372,0.0
factory_11,frequency_response.csv,15,gain_db,-2.669947,-2.669947,0.0
factory_11,frequency_response.csv,16,time_s,1.07563,1.07563,0.0
factory_11,frequency_response.csv,16,freq_hz,47.267536,47.267536,0.0
factory_11,frequency_response.csv,16,gain_db,-3.187311,-3.187311,0.0
factory_11,frequency_response.csv,17,time_s,1.142857,1.142857,0.0
factory_11,frequency_response.csv,17,freq_hz,49.877968,49.877968,0.0
factory_11,frequency_response.csv,17,gain_db,-3.275405,-3.275405,0.0
factory_11,frequency_response.csv,18,time_s,1.210084,1.210084,0.0
factory_11,frequency_response.csv,18,freq_hz,52.632568,52.632568,0.0
factory_11,frequency_response.csv,18,gain_db,-3.81368,-3.81368,0.0
factory_11,frequency_response.csv,19,time_s,1.277311,1.277311,0.0
factory_11,frequency_response.csv,19,freq_hz,55.539299,55.539299,0.0
factory_11,frequency_response.csv,19,gain_db,-4.28538,-4.28538,0.0
factory_11,frequency_response.csv,20,time_s,1.344538,1.344538,0.0
factory_11,frequency_response.csv,20,freq_hz,58.606552,58.606552,0.0
factory_11,frequency_response.csv,20,gain_db,-4.497798,-4.497798,0.0
factory_11,frequency_response.csv,21,time_s,1.411765,1.411765,0.0
factory_11,frequency_response.csv,21,freq_hz,61.843204,61.843204,0.0
factory_11,frequency_response.csv,21,gain_db,-4.939537,-4.939537,0.0
factory_11,frequency_response.csv,22,time_s,1.478992,1.478992,0.0
factory_11,frequency_response.csv,22,freq_hz,65.258606,65.258606,0.0
factory_11,frequency_response.csv,22,gain_db,-5.27569,-5.27569,0.0
factory_11,frequency_response.csv,23,time_s,1.546218,1.546218,0.0
factory_11,frequency_response.csv,23,freq_hz,68.862625,68.862625,0.0
factory_11,frequency_response.csv,23,gain_db,-5.745338,-5.745338,0.0
factory_11,frequency_response.csv,24,time_s,1.613445,1.613445,0.0
factory_11,frequency_response.csv,24,freq_hz,72.665695,72.665695,0.0
factory_11,frequency_response.csv,24,gain_db,-5.77269,-5.77269,0.0
factory_11,frequency_response.csv,25,time_s,1.680672,1.680672,0.0
factory_11,frequency_response.csv,25,freq_hz,76.678787,76.678787,0.0
factory_11,frequency_response.csv,25,gain_db,-6.126488,-6.126488,0.0
factory_11,frequency_response.csv,26,time_s,1.747899,1.747899,0.0
factory_11,frequency_response.csv,26,freq_hz,80.913506,80.913506,0.0
factory_11,frequency_response.csv,26,gain_db,-5.97832,-5.97832,0.0
factory_11,frequency_response.csv,27,time_s,1.815126,1.815126,0.0
factory_11,frequency_response.csv,27,freq_hz,85.382095,85.382095,0.0
factory_11,frequency_response.csv,27,gain_db,-5.972617,-5.972617,0.0
factory_11,frequency_response.csv,28,time_s,1.882353,1.882353,0.0
factory_11,frequency_response.csv,28,freq_hz,90.097488,90.097488,0.0
factory_11,frequency_response.csv,28,gain_db,-5.816764,-5.816764,0.0
factory_11,frequency_response.csv,29,time_s,1.94958,1.94958,0.0
factory_11,frequency_response.csv,29,freq_hz,95.073273,95.073273,0.0
factory_11,frequency_response.csv,29,gain_db,-5.166957,-5.166957,0.0
factory_11,frequency_response.csv,30,time_s,2.016807,2.016807,0.0
factory_11,frequency_response.csv,30,freq_hz,100.323875,100.323875,0.0
factory_11,frequency_response.csv,30,gain_db,-4.823396,-4.823396,0.0
factory_11,frequency_response.csv,31,time_s,2.084034,2.084034,0.0
factory_11,frequency_response.csv,31,freq_hz,105.864441,105.864441,0.0
factory_11,frequency_response.csv,31,gain_db,-4.108002,-4.108002,0.0
factory_11,frequency_response.csv,32,time_s,2.151261,2.151261,0.0
factory_11,frequency_response.csv,32,freq_hz,111.710999,111.710999,0.0
factory_11,frequency_response.csv,32,gain_db,-3.458415,-3.458415,0.0
factory_11,frequency_response.csv,33,time_s,2.218488,2.218488,0.0
factory_11,frequency_response.csv,33,freq_hz,117.880432,117.880432,0.0
factory_11,frequency_response.csv,33,gain_db,-2.892835,-2.892835,0.0
factory_11,frequency_response.csv,34,time_s,2.285714,2.285714,0.0
factory_11,frequency_response.csv,34,freq_hz,124.390594,124.390594,0.0
factory_11,frequency_response.csv,34,gain_db,-2.48777,-2.48777,0.0
factory_11,frequency_response.csv,35,time_s,2.352941,2.352941,0.0
factory_11,frequency_response.csv,35,freq_hz,131.260284,131.260284,0.0
factory_11,frequency_response.csv,35,gain_db,-2.228892,-2.228892,0.0
factory_11,frequency_response.csv,36,time_s,2.420168,2.420168,0.0
factory_11,frequency_response.csv,36,freq_hz,138.509369,138.509369,0.0
factory_11,frequency_response.csv,36,gain_db,-2.070129,-2.070129,0.0
factory_11,frequency_response.csv,37,time_s,2.487395,2.487395,0.0
factory_11,frequency_response.csv,37,freq_hz,146.158783,146.158783,0.0
factory_11,frequency_response.csv,37,gain_db,-1.924713,-1.924713,0.0
factory_11,frequency_response.csv,38,time_s,2.554622,2.554622,0.0
factory_11,frequency_response.csv,38,freq_hz,154.230667,154.230667,0.0
factory_11,frequency_response.csv,38,gain_db,-1.978882,-1.978882,0.0
factory_11,frequency_response.csv,39,time_s,2.621849,2.621849,0.0
factory_11,frequency_response.csv,39,freq_hz,162.748337,162.748337,0.0
factory_11,frequency_response.csv,39,gain_db,-1.980559,-1.980559,0.0
factory_11,frequency_response.csv,40,time_s,2.689076,2.689076,0.0
factory_11,frequency_response.csv,40,freq_hz,171.73642,171.73642,0.0
factory_11,frequency_response.csv,40,gain_db,-1.973293,-1.973293,0.0
factory_11,frequency_response.csv,41,time_s,2.756303,2.756303,0.0
factory_11,frequency_response.csv,41,freq_hz,181.220856,181.220856,0.0
factory_11,frequency_response.csv,41,gain_db,-1.97392,-1.97392,0.0
factory_11,frequency_response.csv,42,time_s,2.823529,2.823529,0.0
factory_11,frequency_response.csv,42,freq_hz,191.229095,191.229095,0.0
factory_11,frequency_response.csv,42,gain_db,-1.994465,-1.994465,0.0
factory_11,frequency_response.csv,43,time_s,2.890756,2.890756,0.0
factory_11,frequency_response.csv,43,freq_hz,201.79007,201.79007,0.0
factory_11,frequency_response.csv,43,gain_db,-1.987511,-1.987511,0.0
factory_11,frequency_response.csv,44,time_s,2.957983,2.957983,0.0
factory_11,frequency_response.csv,44,freq_hz,212.93428,212.93428,0.0
factory_11,frequency_response.csv,44,gain_db,-1.888782,-1.888782,0.0
factory_11,frequency_response.csv,45,time_s,3.02521,3.02521,0.0
factory_11,frequency_response.csv,45,freq_hz,224.69397,224.69397,0.0
factory_11,frequency_response.csv,45,gain_db,-1.880979,-1.880979,0.0
factory_11,frequency_response.csv,46,time_s,3.092437,3.092437,0.0
factory_11,frequency_response.csv,46,freq_hz,237.103104,237.103104,0.0
factory_11,frequency_response.csv,46,gain_db,-1.872494,-1.872494,0.0
factory_11,frequency_response.csv,47,time_s,3.159664,3.159664,0.0
factory_11,frequency_response.csv,47,freq_hz,250.19754,250.19754,0.0
factory_11,frequency_response.csv,47,gain_db,-1.871618,-1.871618,0.0
factory_11,frequency_response.csv,48,time_s,3.226891,3.226891,0.0
factory_11,frequency_response.csv,48,freq_hz,264.015137,264.015137,0.0
factory_11,frequency_response.csv,48,gain_db,-1.900313,-1.900313,0.0
factory_11,frequency_response.csv,49,time_s,3.294118,3.294118,0.0
factory_11,frequency_response.csv,49,freq_hz,278.595856,278.595856,0.0
factory_11,frequency_response.csv,49,gain_db,-1.977753,-1.977753,0.0
factory_11,frequency_response.csv,50,time_s,3.361345,3.361345,0.0
factory_11,frequency_response.csv,50,freq_hz,293.981812,293.981812,0.0
factory_11,frequency_response.csv,50,gain_db,-2.109628,-2.109628,0.0
factory_11,frequency_response.csv,51,time_s,3.428571,3.428571,0.0
factory_11,frequency_response.csv,51,freq_hz,310.217468,310.217468,0.0
factory_11,frequency_response.csv,51,gain_db,-2.182077,-2.182077,0.0
factory_11,frequency_response.csv,52,time_s,3.495798,3.495798,0.0
factory_11,frequency_response.csv,52,freq_hz,327.349792,327.349792,0.0
factory_11,frequency_response.csv,52,gain_db,-2.216051,-2.216051,0.0
factory_11,frequency_response.csv,53,time_s,3.563025,3.563025,0.0
factory_11,frequency_response.csv,53,freq_hz,345.428284,345.428284,0.0
factory_11,frequency_response.csv,53,gain_db,-2.312833,-2.312833,0.0
factory_11,frequency_response.csv,54,time_s,3.630252,3.630252,0.0
factory_11,frequency_response.csv,54,freq_hz,364.505157,364.505157,0.0
factory_11,frequency_response.csv,54,gain_db,-2.571641,-2.571641,0.0
factory_11,frequency_response.csv,55,time_s,3.697479,3.697479,0.0
factory_11,frequency_response.csv,55,freq_hz,384.63562,384.63562,0.0
factory_11,frequency_response.csv,55,gain_db,-3.040349,-3.040349,0.0
factory_11,frequency_response.csv,56,time_s,3.764706,3.764706,0.0
factory_11,frequency_response.csv,56,freq_hz,405.877808,405.877808,0.0
factory_11,frequency_response.csv,56,gain_db,-3.892141,-3.892141,0.0
factory_11,frequency_response.csv,57,time_s,3.831933,3.831933,0.0
factory_11,frequency_response.csv,57,freq_hz,428.293121,428.293121,0.0
factory_11,frequency_response.csv,57,gain_db,-5.317168,-5.317168,0.0
factory_11,frequency_response.csv,58,time_s,3.89916,3.89916,0.0
factory_11,frequency_response.csv,58,freq_hz,451.946381,451.946381,0.0
factory_11,frequency_response.csv,58,gain_db,-7.516685,-7.516685,0.0
factory_11,frequency_response.csv,59,time_s,3.966387,3.966387,0.0
factory_11,frequency_response.csv,59,freq_hz,476.905945,476.905945,0.0
factory_11,frequency_response.csv,59,gain_db,-10.268023,-10.268023,0.0
factory_11,frequency_response.csv,60,time_s,4.033614,4.033614,0.0
factory_11,frequency_response.csv,60,freq_hz,503.244019,503.244019,0.0
factory_11,frequency_response.csv,60,gain_db,-12.688855,-12.688855,0.0
factory_11,frequency_response.csv,61,time_s,4.100841,4.100841,0.0
factory_11,frequency_response.csv,61,freq_hz,531.03656,531.03656,0.0
factory_11,frequency_response.csv,61,gain_db,-13.447923,-13.447923,0.0
factory_11,frequency_response.csv,62,time_s,4.168067,4.168067,0.0
factory_11,frequency_response.csv,62,freq_hz,560.364014,560.364014,0.0
factory_11,frequency_response.csv,62,gain_db,-12.197522,-12.197522,0.0
factory_11,frequency_response.csv,63,time_s,4.235294,4.235294,0.0
factory_11,frequency_response.csv,63,freq_hz,591.311096,591.311096,0.0
factory_11,frequency_response.csv,63,gain_db,-10.314819,-10.314819,0.0
factory_11,frequency_response.csv,64,time_s,4.302521,4.302521,0.0
factory_11,frequency_response.csv,64,freq_hz,623.967346,623.967346,0.0
factory_11,frequency_response.csv,64,gain_db,-8.765694,-8.765694,0.0
factory_11,frequency_response.csv,65,time_s,4.369748,4.369748,0.0
factory_11,frequency_response.csv,65,freq_hz,658.427063,658.427063,0.0
factory_11,frequency_response.csv,65,gain_db,-7.617765,-7.617765,0.0
factory_11,frequency_response.csv,66,time_s,4.436975,4.436975,0.0
factory_11,frequency_response.csv,66,freq_hz,694.789795,694.789795,0.0
factory_11,frequency_response.csv,66,gain_db,-6.631563,-6.631563,0.0
factory_11,frequency_response.csv,67,time_s,4.504202,4.504202,0.0
factory_11,frequency_response.csv,67,freq_hz,733.160889,733.160889,0.0
factory_11,frequency_response.csv,67,gain_db,-5.716571,-5.716571,0.0
factory_11,frequency_response.csv,68,time_s,4.571429,4.571429,0.0
factory_11,frequency_response.csv,68,freq_hz,773.651001,773.651001,0.0
factory_11,frequency_response.csv,68,gain_db,-4.68315,-4.68315,0.0
factory_11,frequency_response.csv,69,time_s,4.638656,4.638656,0.0
factory_11,frequency_response.csv,69,freq_hz,816.377197,816.377197,0.0
factory_11,frequency_response.csv,69,gain_db,-3.536131,-3.536131,0.0
factory_11,frequency_response.csv,70,time_s,4.705883,4.705883,0.0
factory_11,frequency_response.csv,70,freq_hz,861.463074,861.463074,0.0
factory_11,frequency_response.csv,70,gain_db,-2.458827,-2.458827,0.0
factory_11,frequency_response.csv,71,time_s,4.773109,4.773109,0.0
factory_11,frequency_response.csv,71,freq_hz,909.03894,909.03894,0.0
factory_11,frequency_response.csv,71,gain_db,-1.69867,-1.69867,0.0
factory_11,frequency_response.csv,72,time_s,4.840336,4.840336,0.0
factory_11,frequency_response.csv,72,freq_hz,959.242249,959.242249,0.0
factory_11,frequency_response.csv,72,gain_db,-1.253329,-1.253329,0.0
factory_11,frequency_response.csv,73,time_s,4.907563,4.907563,0.0
factory_11,frequency_response.csv,73,freq_hz,1012.218079,1012.218079,0.0
factory_11,frequency_response.csv,73,gain_db,-1.01264,-1.01264,0.0
factory_11,frequency_response.csv,74,time_s,4.97479,4.97479,0.0
factory_11,frequency_response.csv,74,freq_hz,1068.119629,1068.119629,0.0
factory_11,frequency_response.csv,74,gain_db,-0.908038,-0.908038,0.0
factory_11,frequency_response.csv,75,time_s,5.042017,5.042017,0.0
factory_11,frequency_response.csv,75,freq_hz,1127.108398,1127.108398,0.0
factory_11,frequency_response.csv,75,gain_db,-0.878903,-0.878903,0.0
factory_11,frequency_response.csv,76,time_s,5.109244,5.109244,0.0
factory_11,frequency_response.csv,76,freq_hz,1189.355103,1189.355103,0.0
factory_11,frequency_response.csv,76,gain_db,-0.91003,-0.91003,0.0
factory_11,frequency_response.csv,77,time_s,5.176471,5.176471,0.0
factory_11,frequency_response.csv,77,freq_hz,1255.039307,1255.039307,0.0
factory_11,frequency_response.csv,77,gain_db,-0.971594,-0.971594,0.0
factory_11,frequency_response.csv,78,time_s,5.243698,5.243698,0.0
factory_11,frequency_response.csv,78,freq_hz,1324.351074,1324.351074,0.0
factory_11,frequency_response.csv,78,gain_db,-1.057853,-1.057853,0.0
factory_11,frequency_response.csv,79,time_s,5.310925,5.310925,0.0
factory_11,frequency_response.csv,79,freq_hz,1397.490845,1397.490845,0.0
factory_11,frequency_response.csv,79,gain_db,-1.158514,-1.158514,0.0
factory_11,frequency_response.csv,80,time_s,5.378151,5.378151,0.0
factory_11,frequency_response.csv,80,freq_hz,1474.669678,1474.669678,0.0
factory_11,frequency_response.csv,80,gain_db,-1.267301,-1.267301,0.0
factory_11,frequency_response.csv,81,time_s,5.445378,5.445378,0.0
factory_11,frequency_response.csv,81,freq_hz,1556.110962,1556.110962,0.0
factory_11,frequency_response.csv,81,gain_db,-1.376417,-1.376417,0.0
factory_11,frequency_response.csv,82,time_s,5.512605,5.512605,0.0
factory_11,frequency_response.csv,82,freq_hz,1642.050049,1642.050049,0.0
factory_11,frequency_response.csv,82,gain_db,-1.494892,-1.494892,0.0
factory_11,frequency_response.csv,83,time_s,5.579832,5.579832,0.0
factory_11,frequency_response.csv,83,freq_hz,1732.735107,1732.735107,0.0
factory_11,frequency_response.csv,83,gain_db,-1.625153,-1.625153,0.0
factory_11,frequency_response.csv,84,time_s,5.647059,5.647059,0.0
factory_11,frequency_response.csv,84,freq_hz,1828.428467,1828.428467,0.0
factory_11,frequency_response.csv,84,gain_db,-1.75544,-1.75544,0.0
factory_11,frequency_response.csv,85,time_s,5.714286,5.714286,0.0
factory_11,frequency_response.csv,85,freq_hz,1929.406738,1929.406738,0.0
factory_11,frequency_response.csv,85,gain_db,-1.891431,-1.891431,0.0
factory_11,frequency_response.csv,86,time_s,5.781513,5.781513,0.0
factory_11,frequency_response.csv,86,freq_hz,2035.96167,2035.96167,0.0
factory_11,frequency_response.csv,86,gain_db,-2.029094,-2.029094,0.0
factory_11,frequency_response.csv,87,time_s,5.84874,5.84874,0.0
factory_11,frequency_response.csv,87,freq_hz,2148.401367,2148.401367,0.0
factory_11,frequency_response.csv,87,gain_db,-2.175701,-2.175701,0.0
factory_11,frequency_response.csv,88,time_s,5.915967,5.915967,0.0
factory_11,frequency_response.csv,88,freq_hz,2267.050537,2267.050537,0.0
factory_11,frequency_response.csv,88,gain_db,-2.339504,-2.339504,0.0
factory_11,frequency_response.csv,89,time_s,5.983193,5.983193,0.0
factory_11,frequency_response.csv,89,freq_hz,2392.252441,2392.252441,0.0
factory_11,frequency_response.csv,89,gain_db,-2.502316,-2.502316,0.0
factory_11,frequency_response.csv,90,time_s,6.05042,6.05042,0.0
factory_11,frequency_response.csv,90,freq_hz,2524.368896,2524.368896,0.0
factory_11,frequency_response.csv,90,gain_db,-2.675411,-2.675411,0.0
factory_11,frequency_response.csv,91,time_s,6.117647,6.117647,0.0
factory_11,frequency_response.csv,91,freq_hz,2663.781738,2663.781738,0.0
factory_11,frequency_response.csv,91,gain_db,-2.867947,-2.867947,0.0
factory_11,frequency_response.csv,92,time_s,6.184874,6.184874,0.0
factory_11,frequency_response.csv,92,freq_hz,2810.893799,2810.893799,0.0
factory_11,frequency_response.csv,92,gain_db,-3.065197,-3.065197,0.0
factory_11,frequency_response.csv,93,time_s,6.252101,6.252101,0.0
factory_11,frequency_response.csv,93,freq_hz,2966.130371,2966.130371,0.0
factory_11,frequency_response.csv,93,gain_db,-3.269587,-3.269587,0.0
factory_11,frequency_response.csv,94,time_s,6.319328,6.319328,0.0
factory_11,frequency_response.csv,94,freq_hz,3129.94043,3129.94043,0.0
factory_11,frequency_response.csv,94,gain_db,-3.496938,-3.496938,0.0
factory_11,frequency_response.csv,95,time_s,6.386555,6.386555,0.0
factory_11,frequency_response.csv,95,freq_hz,3302.796875,3302.796875,0.0
factory_11,frequency_response.csv,95,gain_db,-3.740094,-3.740094,0.0
factory_11,frequency_response.csv,96,time_s,6.453782,6.453782,0.0
factory_11,frequency_response.csv,96,freq_hz,3485.199951,3485.199951,0.0
factory_11,frequency_response.csv,96,gain_db,-3.98874,-3.98874,0.0
factory_11,frequency_response.csv,97,time_s,6.521008,6.521008,0.0
factory_11,frequency_response.csv,97,freq_hz,3677.676025,3677.676025,0.0
factory_11,frequency_response.csv,97,gain_db,-4.248389,-4.248389,0.0
factory_11,frequency_response.csv,98,time_s,6.588235,6.588235,0.0
factory_11,frequency_response.csv,98,freq_hz,3880.782471,3880.782471,0.0
factory_11,frequency_response.csv,98,gain_db,-4.513732,-4.513732,0.0
factory_11,frequency_response.csv,99,time_s,6.655462,6.655462,0.0
factory_11,frequency_response.csv,99,freq_hz,4095.105469,4095.105469,0.0
factory_11,frequency_response.csv,99,gain_db,-4.77432,-4.77432,0.0
factory_11,frequency_response.csv,100,time_s,6.722689,6.722689,0.0
factory_11,frequency_response.csv,100,freq_hz,4321.265137,4321.265137,0.0
factory_11,frequency_response.csv,100,gain_db,-5.020337,-5.020337,0.0
factory_11,frequency_response.csv,101,time_s,6.789916,6.789916,0.0
factory_11,frequency_response.csv,101,freq_hz,4559.914551,4559.914551,0.0
factory_11,frequency_response.csv,101,gain_db,-5.262496,-5.262496,0.0
factory_11,frequency_response.csv,102,time_s,6.857143,6.857143,0.0
factory_11,frequency_response.csv,102,freq_hz,4811.744141,4811.744141,0.0
factory_11,frequency_response.csv,102,gain_db,-5.484415,-5.484415,0.0
factory_11,frequency_response.csv,103,time_s,6.92437,6.92437,0.0
factory_11,frequency_response.csv,103,freq_hz,5077.481445,5077.481445,0.0
factory_11,frequency_response.csv,103,gain_db,-5.686831,-5.686831,0.0
factory_11,frequency_response.csv,104,time_s,6.991597,6.991597,0.0
factory_11,frequency_response.csv,104,freq_hz,5357.894531,5357.894531,0.0
factory_11,frequency_response.csv,104,gain_db,-5.86209,-5.86209,0.0
factory_11,frequency_response.csv,105,time_s,7.058824,7.058824,0.0
factory_11,frequency_response.csv,105,freq_hz,5653.793457,5653.793457,0.0
factory_11,frequency_response.csv,105,gain_db,-6.014259,-6.014259,0.0
factory_11,frequency_response.csv,106,time_s,7.12605,7.12605,0.0
factory_11,frequency_response.csv,106,freq_hz,5966.034668,5966.034668,0.0
factory_11,frequency_response.csv,106,gain_db,-6.134167,-6.134167,0.0
factory_11,frequency_response.csv,107,time_s,7.193277,7.193277,0.0
factory_11,frequency_response.csv,107,freq_hz,6295.519531,6295.519531,0.0
factory_11,frequency_response.csv,107,gain_db,-6.232532,-6.232532,0.0
factory_11,frequency_response.csv,108,time_s,7.260504,7.260504,0.0
factory_11,frequency_response.csv,108,freq_hz,6643.200684,6643.200684,0.0
factory_11,frequency_response.csv,108,gain_db,-6.304912,-6.304912,0.0
factory_11,frequency_response.csv,109,time_s,7.327731,7.327731,0.0
factory_11,frequency_response.csv,109,freq_hz,7010.083008,7010.083008,0.0
factory_11,frequency_response.csv,109,gain_db,-6.351793,-6.351793,0.0
factory_11,frequency_response.csv,110,time_s,7.394958,7.394958,0.0
factory_11,frequency_response.csv,110,freq_hz,7397.227539,7397.227539,0.0
factory_11,frequency_response.csv,110,gain_db,-6.37574,-6.37574,0.0
factory_11,frequency_response.csv,111,time_s,7.462185,7.462185,0.0
factory_11,frequency_response.csv,111,freq_hz,7805.752441,7805.752441,0.0
factory_11,frequency_response.csv,111,gain_db,-6.386349,-6.386349,0.0
factory_11,frequency_response.csv,112,time_s,7.529412,7.529412,0.0
factory_11,frequency_response.csv,112,freq_hz,8236.839844,8236.839844,0.0
factory_11,frequency_response.csv,112,gain_db,-6.378104,-6.378104,0.0
factory_11,frequency_response.csv,113,time_s,7.596639,7.596639,0.0
factory_11,frequency_response.csv,113,freq_hz,8691.733398,8691.733398,0.0
factory_11,frequency_response.csv,113,gain_db,-6.357618,-6.357618,0.0
factory_11,frequency_response.csv,114,time_s,7.663866,7.663866,0.0
factory_11,frequency_response.csv,114,freq_hz,9171.75,9171.75,0.0
factory_11,frequency_response.csv,114,gain_db,-6.327315,-6.327315,0.0
factory_11,frequency_response.csv,115,time_s,7.731092,7.731092,0.0
factory_11,frequency_response.csv,115,freq_hz,9678.276367,9678.276367,0.0
factory_11,frequency_response.csv,115,gain_db,-6.28716,-6.28716,0.0
factory_11,frequency_response.csv,116,time_s,7.798319,7.798319,0.0
factory_11,frequency_response.csv,116,freq_hz,10212.776367,10212.776367,0.0
factory_11,frequency_response.csv,116,gain_db,-6.242401,-6.242401,0.0
factory_11,frequency_response.csv,117,time_s,7.865546,7.865546,0.0
factory_11,frequency_response.csv,117,freq_hz,10776.795898,10776.795898,0.0
factory_11,frequency_response.csv,117,gain_db,-6.191002,-6.191002,0.0
factory_11,frequency_response.csv,118,time_s,7.932773,7.932773,0.0
factory_11,frequency_response.csv,118,freq_hz,11371.962891,11371.962891,0.0
factory_11,frequency_response.csv,118,gain_db,-6.136783,-6.136783,0.0
factory_11,frequency_response.csv,119,time_s,8.0,8.0,0.0
factory_11,frequency_response.csv,119,freq_hz,12000.0,12000.0,0.0
factory_11,frequency_response.csv,119,gain_db,-6.090409,-6.090409,0.0
factory_11,notch_tracking.csv,0,time_s,0.336134,0.336134,0.0
factory_11,notch_tracking.csv,0,freq_hz,26.167307,26.167307,0.0
factory_11,notch_tracking.csv,0,notch_depth_db,-2.555208,-2.555208,0.0
factory_11,notch_tracking.csv,1,time_s,0.470588,0.470588,0.0
factory_11,notch_tracking.csv,1,freq_hz,29.13739,29.13739,0.0
factory_11,notch_tracking.csv,1,notch_depth_db,-1.791573,-1.791573,0.0
factory_11,notch_tracking.csv,2,time_s,1.680672,1.680672,0.0
factory_11,notch_tracking.csv,2,freq_hz,76.678787,76.678787,0.0
factory_11,notch_tracking.csv,2,notch_depth_db,-6.126488,-6.126488,0.0
factory_11,notch_tracking.csv,3,time_s,2.621849,2.621849,0.0
factory_11,notch_tracking.csv,3,freq_hz,162.748337,162.748337,0.0
factory_11,notch_tracking.csv,3,notch_depth_db,-1.980559,-1.980559,0.0
factory_11,notch_tracking.csv,4,time_s,2.823529,2.823529,0.0
factory_11,notch_tracking.csv,4,freq_hz,191.229095,191.229095,0.0
factory_11,notch_tracking.csv,4,notch_depth_db,-1.994465,-1.994465,0.0
factory_11,notch_tracking.csv,5,time_s,4.100841,4.100841,0.0
factory_11,notch_tracking.csv,5,freq_hz,531.03656,531.03656,0.0
factory_11,notch_tracking.csv,5,notch_depth_db,-13.447923,-13.447923,0.0
factory_11,notch_tracking.csv,6,time_s,7.462185,7.462185,0.0
factory_11,notch_tracking.csv,6,freq_hz,7805.752441,7805.752441,0.0
factory_11,notch_tracking.csv,6,notch_depth_db,-6.386349,-6.386349,0.0
factory_11,thd_vs_drive.csv,0,sine_level_db,-24.0,-24.0,0.0
factory_11,thd_vs_drive.csv,0,thd_ratio,0.033542,0.033542,0.0
factory_11,thd_vs_drive.csv,0,thd_db,-29.488338,-29.488338,0.0
factory_11,thd_vs_drive.csv,0,broadband_hf_db,-82.686264,-82.686264,0.0
factory_11,thd_vs_drive.csv,1,sine_level_db,-18.0,-18.0,0.0
factory_11,thd_vs_drive.csv,1,thd_ratio,0.066286,0.066286,0.0
factory_11,thd_vs_drive.csv,1,thd_db,-23.571545,-23.571545,0.0
factory_11,thd_vs_drive.csv,1,broadband_hf_db,-82.684746,-82.684746,0.0
factory_11,thd_vs_drive.csv,2,sine_level_db,-12.0,-12.0,0.0
factory_11,thd_vs_drive.csv,2,thd_ratio,0.099777,0.099777,0.0
factory_11,thd_vs_drive.csv,2,thd_db,-20.019367,-20.019367,0.0
factory_11,thd_vs_drive.csv,2,broadband_hf_db,-82.686218,-82.686218,0.0
factory_11,thd_vs_drive.csv,3,sine_level_db,-6.0,-6.0,0.0
factory_11,thd_vs_drive.csv,3,thd_ratio,0.13492,0.13492,0.0
factory_11,thd_vs_drive.csv,3,thd_db,-17.398506,-17.398506,0.0
factory_11,thd_vs_drive.csv,3,broadband_hf_db,-81.063805,-81.063805,0.0
factory_11,thd_vs_drive.csv,4,sine_level_db,0.0,0.0,0.0
factory_11,thd_vs_drive.csv,4,thd_ratio,0.165534,0.165534,0.0
factory_11,thd_vs_drive.csv,4,thd_db,-15.622254,-15.622254,0.0
factory_11,thd_vs_drive.csv,4,broadband_hf_db,-81.342934,-81.342934,0.0
factory_2,summary.csv,average_tracked_notch_db,value,-7.299672,-7.299672,0.0
factory_2,summary.csv,deepest_tracked_notch_db,value,-11.877348,-11.877348,0.0
factory_2,summary.csv,guitar_broadband_hf_db,value,-81.384743,-81.384743,0.0
factory_2,summary.csv,guitar_lr_correlation,value,0.973109,0.973109,0.0
factory_2,summary.csv,guitar_mono_fold_db,value,-0.059674,-0.059674,0.0
factory_2,summary.csv,guitar_side_to_mid_db,value,-18.590132,-18.590132,0.0
factory_2,summary.csv,sweep_broadband_hf_db,value,-82.315773,-82.315773,0.0
factory_2,summary.csv,sweep_lr_correlation,value,0.991632,0.991632,0.0
factory_2,summary.csv,sweep_mono_fold_db,value,-0.018209,-0.018209,0.0
factory_2,summary.csv,sweep_side_to_mid_db,value,-23.765762,-23.765762,0.0
factory_2,summary.csv,tracked_notch_count,value,17.0,17.0,0.0
factory_2,summary.csv,tracked_notch_high_hz,value,8691.733398,8691.733398,0.0
factory_2,summary.csv,tracked_notch_low_hz,value,23.499975,23.499975,0.0
factory_2,summary.csv,tracked_notch_span_oct,value,8.530841,8.530841,0.0
factory_2,summary.csv,worst_thd_db,value,-17.342604,-17.342604,0.0
factory_2,frequency_response.csv,0,time_s,0.0,0.0,0.0
factory_2,frequency_response.csv,0,freq_hz,20.0,20.0,0.0
factory_2,frequency_response.csv,0,gain_db,-7.220823,-7.220823,0.0
factory_2,frequency_response.csv,1,time_s,0.067227,0.067227,0.0
factory_2,frequency_response.csv,1,freq_hz,21.104536,21.104536,0.0
factory_2,frequency_response.csv,1,gain_db,-5.189016,-5.189016,0.0
factory_2,frequency_response.csv,2,time_s,0.134454,0.134454,0.0
factory_2,frequency_response.csv,2,freq_hz,22.270071,22.270071,0.0
factory_2,frequency_response.csv,2,gain_db,-5.715309,-5.715309,0.0
factory_2,frequency_response.csv,3,time_s,0.201681,0.201681,0.0
factory_2,frequency_response.csv,3,freq_hz,23.499975,23.499975,0.0
factory_2,frequency_response.csv,3,gain_db,-7.59502,-7.59502,0.0
factory_2,frequency_response.csv,4,time_s,0.268908,0.268908,0.0
factory_2,frequency_response.csv,4,freq_hz,24.797804,24.797804,0.0
factory_2,frequency_response.csv,4,gain_db,-7.515153,-7.515153,0.0
factory_2,frequency_response.csv,5,time_s,0.336134,0.336134,0.0
factory_2,frequency_response.csv,5,freq_hz,26.167307,26.167307,0.0
factory_2,frequency_response.csv,5,gain_db,-6.226989,-6.226989,0.0
factory_2,frequency_response.csv,6,time_s,0.403361,0.403361,0.0
factory_2,frequency_response.csv,6,freq_hz,27.612442,27.612442,0.0
factory_2,frequency_response.csv,6,gain_db,-5.841787,-5.841787,0.0
factory_2,frequency_response.csv,7,time_s,0.470588,0.470588,0.0
factory_2,frequency_response.csv,7,freq_hz,29.13739,29.13739,0.0
factory_2,frequency_response.csv,7,gain_db,-6.522723,-6.522723,0.0
factory_2,frequency_response.csv,8,time_s,0.537815,0.537815,0.0
factory_2,frequency_response.csv,8,freq_hz,30.746555,30.746555,0.0
factory_2,frequency_response.csv,8,gain_db,-7.771544,-7.771544,0.0
factory_2,frequency_response.csv,9,time_s,0.605042,0.605042,0.0
factory_2,frequency_response.csv,9,freq_hz,32.444588,32.444588,0.0
factory_2,frequency_response.csv,9,gain_db,-5.59025,-5.59025,0.0
factory_2,frequency_response.csv,10,time_s,0.672269,0.672269,0.0
factory_2,frequency_response.csv,10,freq_hz,34.236401,34.236401,0.0
factory_2,frequency_response.csv,10,gain_db,-2.306717,-2.306717,0.0
factory_2,frequency_response.csv,11,time_s,0.739496,0.739496,0.0
factory_2,frequency_response.csv,11,freq_hz,36.127167,36.127167,0.0
factory_2,frequency_response.csv,11,gain_db,-1.542846,-1.542846,0.0
factory_2,frequency_response.csv,12,time_s,0.806723,0.806723,0.0
factory_2,frequency_response.csv,12,freq_hz,38.122353,38.122353,0.0
factory_2,frequency_response.csv,12,gain_db,-1.617123,-1.617123,0.0
factory_2,frequency_response.csv,13,time_s,0.87395,0.87395,0.0
factory_2,frequency_response.csv,13,freq_hz,40.22773,40.22773,0.0
factory_2,frequency_response.csv,13,gain_db,-1.624048,-1.624048,0.0
factory_2,frequency_response.csv,14,time_s,0.941177,0.941177,0.0
factory_2,frequency_response.csv,14,freq_hz,42.449379,42.449379,0.0
factory_2,frequency_response.csv,14,gain_db,-1.732761,-1.732761,0.0
factory_2,frequency_response.csv,15,time_s,1.008403,1.008403,0.0
factory_2,frequency_response.csv,15,freq_hz,44.79372,44.79372,0.0
factory_2,frequency_response.csv,15,gain_db,-2.712154,-2.712154,0.0
factory_2,frequency_response.csv,16,time_s,1.07563,1.07563,0.0
factory_2,frequency_response.csv,16,freq_hz,47.267536,47.267536,0.0
factory_2,frequency_response.csv,16,gain_db,-7.027941,-7.027941,0.0
factory_2,frequency_response.csv,17,time_s,1.142857,1.142857,0.0
factory_2,frequency_response.csv,17,freq_hz,49.877968,49.877968,0.0
factory_2,frequency_response.csv,17,gain_db,-9.070798,-9.070798,0.0
factory_2,frequency_response.csv,18,time_s,1.210084,1.210084,0.0
factory_2,frequency_response.csv,18,freq_hz,52.632568,52.632568,0.0
factory_2,frequency_response.csv,18,gain_db,-8.588087,-8.588087,0.0
factory_2,frequency_response.csv,19,time_s,1.277311,1.277311,0.0
factory_2,frequency_response.csv,19,freq_hz,55.539299,55.539299,0.0
factory_2,frequency_response.csv,19,gain_db,-4.835497,-4.835497,0.0
factory_2,frequency_response.csv,20,time_s,1.344538,1.344538,0.0
factory_2,frequency_response.csv,20,freq_hz,58.606552,58.606552,0.0
factory_2,frequency_response.csv,20,gain_db,-1.744685,-1.744685,0.0
factory_2,frequency_response.csv,21,time_s,1.411765,1.411765,0.0
factory_2,frequency_response.csv,21,freq_hz,61.843204,61.843204,0.0
factory_2,frequency_response.csv,21,gain_db,-2.071836,-2.071836,0.0
factory_2,frequency_response.csv,22,time_s,1.478992,1.478992,0.0
factory_2,frequency_response.csv,22,freq_hz,65.258606,65.258606,0.0
factory_2,frequency_response.csv,22,gain_db,-4.05147,-4.05147,0.0
factory_2,frequency_response.csv,23,time_s,1.546218,1.546218,0.0
factory_2,frequency_response.csv,23,freq_hz,68.862625,68.862625,0.0
factory_2,frequency_response.csv,23,gain_db,-5.879044,-5.879044,0.0
factory_2,frequency_response.csv,24,time_s,1.613445,1.613445,0.0
factory_2,frequency_response.csv,24,freq_hz,72.665695,72.665695,0.0
factory_2,frequency_response.csv,24,gain_db,-5.807673,-5.807673,0.0
factory_2,frequency_response.csv,25,time_s,1.680672,1.680672,0.0
factory_2,frequency_response.csv,25,freq_hz,76.678787,76.678787,0.0
factory_2,frequency_response.csv,25,gain_db,-4.355826,-4.355826,0.0
factory_2,frequency_response.csv,26,time_s,1.747899,1.747899,0.0
factory_2,frequency_response.csv,26,freq_hz,80.913506,80.913506,0.0
factory_2,frequency_response.csv,26,gain_db,-2.336089,-2.336089,0.0
factory_2,frequency_response.csv,27,time_s,1.815126,1.815126,0.0
factory_2,frequency_response.csv,27,freq_hz,85.382095,85.382095,0.0
factory_2,frequency_response.csv,27,gain_db,-1.910779,-1.910779,0.0
factory_2,frequency_response.csv,28,time_s,1.882353,1.882353,0.0
factory_2,frequency_response.csv,28,freq_hz,90.097488,90.097488,0.0
factory_2,frequency_response.csv,28,gain_db,-3.539604,-3.539604,0.0
factory_2,frequency_response.csv,29,time_s,1.94958,1.94958,0.0
factory_2,frequency_response.csv,29,freq_hz,95.073273,95.073273,0.0
factory_2,frequency_response.csv,29,gain_db,-3.326141,-3.326141,0.0
factory_2,frequency_response.csv,30,time_s,2.016807,2.016807,0.0
factory_2,frequency_response.csv,30,freq_hz,100.323875,100.323875,0.0
factory_2,frequency_response.csv,30,gain_db,-1.957416,-1.957416,0.0
factory_2,frequency_response.csv,31,time_s,2.084034,2.084034,0.0
factory_2,frequency_response.csv,31,freq_hz,105.864441,105.864441,0.0
factory_2,frequency_response.csv,31,gain_db,-2.117543,-2.117543,0.0
factory_2,frequency_response.csv,32,time_s,2.151261,2.151261,0.0
factory_2,frequency_response.csv,32,freq_hz,111.710999,111.710999,0.0
factory_2,frequency_response.csv,32,gain_db,-5.828274,-5.828274,0.0
factory_2,frequency_response.csv,33,time_s,2.218488,2.218488,0.0
factory_2,frequency_response.csv,33,freq_hz,117.880432,117.880432,0.0
factory_2,frequency_response.csv,33,gain_db,-10.28301,-10.28301,0.0
factory_2,frequency_response.csv,34,time_s,2.285714,2.285714,0.0
factory_2,frequency_response.csv,34,freq_hz,124.390594,124.390594,0.0
factory_2,frequency_response.csv,34,gain_db,-11.877348,-11.877348,0.0
factory_2,frequency_response.csv,35,time_s,2.352941,2.352941,0.0
factory_2,frequency_response.csv,35,freq_hz,131.260284,131.260284,0.0
factory_2,frequency_response.csv,35,gain_db,-11.673021,-11.673021,0.0
factory_2,frequency_response.csv,36,time_s,2.420168,2.420168,0.0
factory_2,frequency_response.csv,36,freq_hz,138.509369,138.509369,0.0
factory_2,frequency_response.csv,36,gain_db,-11.04878,-11.04878,0.0
factory_2,frequency_response.csv,37,time_s,2.487395,2.487395,0.0
factory_2,frequency_response.csv,37,freq_hz,146.158783,146.158783,0.0
factory_2,frequency_response.csv,37,gain_db,-6.917662,-6.917662,0.0
factory_2,frequency_response.csv,38,time_s,2.554622,2.554622,0.0
factory_2,frequency_response.csv,38,freq_hz,154.230667,154.230667,0.0
factory_2,frequency_response.csv,38,gain_db,-2.825693,-2.825693,0.0
factory_2,frequency_response.csv,39,time_s,2.621849,2.621849,0.0
factory_2,frequency_response.csv,39,freq_hz,162.748337,162.748337,0.0
factory_2,frequency_response.csv,39,gain_db,-1.256532,-1.256532,0.0
factory_2,frequency_response.csv,40,time_s,2.689076,2.689076,0.0
factory_2,frequency_response.csv,40,freq_hz,171.73642,171.73642,0.0
factory_2,frequency_response.csv,40,gain_db,-1.242265,-1.242265,0.0
factory_2,frequency_response.csv,41,time_s,2.756303,2.756303,0.0
factory_2,frequency_response.csv,41,freq_hz,181.220856,181.220856,0.0
factory_2,frequency_response.csv,41,gain_db,-1.723934,-1.723934,0.0
factory_2,frequency_response.csv,42,time_s,2.823529,2.823529,0.0
factory_2,frequency_response.csv,42,freq_hz,191.229095,191.229095,0.0
factory_2,frequency_response.csv,42,gain_db,-4.48375,-4.48375,0.0
factory_2,frequency_response.csv,43,time_s,2.890756,2.890756,0.0
factory_2,frequency_response.csv,43,freq_hz,201.79007,201.79007,0.0
factory_2,frequency_response.csv,43,gain_db,-10.547274,-10.547274,0.0
factory_2,frequency_response.csv,44,time_s,2.957983,2.957983,0.0
factory_2,frequency_response.csv,44,freq_hz,212.93428,212.93428,0.0
factory_2,frequency_response.csv,44,gain_db,-9.307278,-9.307278,0.0
factory_2,frequency_response.csv,45,time_s,3.02521,3.02521,0.0
factory_2,frequency_response.csv,45,freq_hz,224.69397,224.69397,0.0
factory_2,frequency_response.csv,45,gain_db,-6.389053,-6.389053,0.0
factory_2,frequency_response.csv,46,time_s,3.092437,3.092437,0.0
factory_2,frequency_response.csv,46,freq_hz,237.103104,237.103104,0.0
factory_2,frequency_response.csv,46,gain_db,-5.451293,-5.451293,0.0
factory_2,frequency_response.csv,47,time_s,3.159664,3.159664,0.0
factory_2,frequency_response.csv,47,freq_hz,250.19754,250.19754,0.0
factory_2,frequency_response.csv,47,gain_db,-6.624834,-6.624834,0.0
factory_2,frequency_response.csv,48,time_s,3.226891,3.226891,0.0
factory_2,frequency_response.csv,48,freq_hz,264.015137,264.015137,0.0
factory_2,frequency_response.csv,48,gain_db,-9.952737,-9.952737,0.0
factory_2,frequency_response.csv,49,time_s,3.294118,3.294118,0.0
factory_2,frequency_response.csv,49,freq_hz,278.595856,278.595856,0.0
factory_2,frequency_response.csv,49,gain_db,-7.806878,-7.806878,0.0
factory_2,frequency_response.csv,50,time_s,3.361345,3.361345,0.0
factory_2,frequency_response.csv,50,freq_hz,293.981812,293.981812,0.0
factory_2,frequency_response.csv,50,gain_db,-3.433673,-3.433673,0.0
factory_2,frequency_response.csv,51,time_s,3.428571,3.428571,0.0
factory_2,frequency_response.csv,51,freq_hz,310.217468,310.217468,0.0
factory_2,frequency_response.csv,51,gain_db,-2.385999,-2.385999,0.0
factory_2,frequency_response.csv,52,time_s,3.495798,3.495798,0.0
factory_2,frequency_response.csv,52,freq_hz,327.349792,327.349792,0.0
factory_2,frequency_response.csv,52,gain_db,-3.977766,-3.977766,0.0
factory_2,frequency_response.csv,53,time_s,3.563025,3.563025,0.0
factory_2,frequency_response.csv,53,freq_hz,345.428284,345.428284,0.0
factory_2,frequency_response.csv,53,gain_db,-8.722004,-8.722004,0.0
factory_2,frequency_response.csv,54,time_s,3.630252,3.630252,0.0
factory_2,frequency_response.csv,54,freq_hz,364.505157,364.505157,0.0
factory_2,frequency_response.csv,54,gain_db,-9.20112,-9.20112,0.0
factory_2,frequency_response.csv,55,time_s,3.697479,3.697479,0.0
factory_2,frequency_response.csv,55,freq_hz,384.63562,384.63562,0.0
factory_2,frequency_response.csv,55,gain_db,-4.835833,-4.835833,0.0
factory_2,frequency_response.csv,56,time_s,3.764706,3.764706,0.0
factory_2,frequency_response.csv,56,freq_hz,405.877808,405.877808,0.0
factory_2,frequency_response.csv,56,gain_db,-2.526225,-2.526225,0.0
factory_2,frequency_response.csv,57,time_s,3.831933,3.831933,0.0
factory_2,frequency_response.csv,57,freq_hz,428.293121,428.293121,0.0
factory_2,frequency_response.csv,57,gain_db,-1.81353,-1.81353,0.0
factory_2,frequency_response.csv,58,time_s,3.89916,3.89916,0.0
factory_2,frequency_response.csv,58,freq_hz,451.946381,451.946381,0.0
factory_2,frequency_response.csv,58,gain_db,-2.191969,-2.191969,0.0
factory_2,frequency_response.csv,59,time_s,3.966387,3.966387,0.0
factory_2,frequency_response.csv,59,freq_hz,476.905945,476.905945,0.0
factory_2,frequency_response.csv,59,gain_db,-4.270236,-4.270236,0.0
factory_2,frequency_response.csv,60,time_s,4.033614,4.033614,0.0
factory_2,frequency_response.csv,60,freq_hz,503.244019,503.244019,0.0
factory_2,frequency_response.csv,60,gain_db,-8.944949,-8.944949,0.0
factory_2,frequency_response.csv,61,time_s,4.100841,4.100841,0.0
factory_2,frequency_response.csv,61,freq_hz,531.03656,531.03656,0.0
factory_2,frequency_response.csv,61,gain_db,-9.003147,-9.003147,0.0
factory_2,frequency_response.csv,62,time_s,4.168067,4.168067,0.0
factory_2,frequency_response.csv,62,freq_hz,560.364014,560.364014,0.0
factory_2,frequency_response.csv,62,gain_db,-7.214072,-7.214072,0.0
factory_2,frequency_response.csv,63,time_s,4.235294,4.235294,0.0
factory_2,frequency_response.csv,63,freq_hz,591.311096,591.311096,0.0
factory_2,frequency_response.csv,63,gain_db,-8.471567,-8.471567,0.0
factory_2,frequency_response.csv,64,time_s,4.302521,4.302521,0.0
factory_2,frequency_response.csv,64,freq_hz,623.967346,623.967346,0.0
factory_2,frequency_response.csv,64,gain_db,-9.940112,-9.940112,0.0
factory_2,frequency_response.csv,65,time_s,4.369748,4.369748,0.0
factory_2,frequency_response.csv,65,freq_hz,658.427063,658.427063,0.0
factory_2,frequency_response.csv,65,gain_db,-5.674382,-5.674382,0.0
factory_2,frequency_response.csv,66,time_s,4.436975,4.436975,0.0
factory_2,frequency_response.csv,66,freq_hz,694.789795,694.789795,0.0
factory_2,frequency_response.csv,66,gain_db,-2.060576,-2.060576,0.0
factory_2,frequency_response.csv,67,time_s,4.504202,4.504202,0.0
factory_2,frequency_response.csv,67,freq_hz,733.160889,733.160889,0.0
factory_2,frequency_response.csv,67,gain_db,-0.92766,-0.92766,0.0
factory_2,frequency_response.csv,68,time_s,4.571429,4.571429,0.0
factory_2,frequency_response.csv,68,freq_hz,773.651001,773.651001,0.0
factory_2,frequency_response.csv,68,gain_db,-0.715197,-0.715197,0.0
factory_2,frequency_response.csv,69,time_s,4.638656,4.638656,0.0
factory_2,frequency_response.csv,69,freq_hz,816.377197,816.377197,0.0
factory_2,frequency_response.csv,69,gain_db,-0.760466,-0.760466,0.0
factory_2,frequency_response.csv,70,time_s,4.705883,4.705883,0.0
factory_2,frequency_response.csv,70,freq_hz,861.463074,861.463074,0.0
factory_2,frequency_response.csv,70,gain_db,-1.295231,-1.295231,0.0
factory_2,frequency_response.csv,71,time_s,4.773109,4.773109,0.0
factory_2,frequency_response.csv,71,freq_hz,909.03894,909.03894,0.0
factory_2,frequency_response.csv,71,gain_db,-3.363935,-3.363935,0.0
factory_2,frequency_response.csv,72,time_s,4.840336,4.840336,0.0
factory_2,frequency_response.csv,72,freq_hz,959.242249,959.242249,0.0
factory_2,frequency_response.csv,72,gain_db,-8.43866,-8.43866,0.0
factory_2,frequency_response.csv,73,time_s,4.907563,4.907563,0.0
factory_2,frequency_response.csv,73,freq_hz,1012.218079,1012.218079,0.0
factory_2,frequency_response.csv,73,gain_db,-9.983458,-9.983458,0.0
factory_2,frequency_response.csv,74,time_s,4.97479,4.97479,0.0
factory_2,frequency_response.csv,74,freq_hz,1068.119629,1068.119629,0.0
factory_2,frequency_response.csv,74,gain_db,-9.855374,-9.855374,0.0
factory_2,frequency_response.csv,75,time_s,5.042017,5.042017,0.0
factory_2,frequency_response.csv,75,freq_hz,1127.108398,1127.108398,0.0
factory_2,frequency_response.csv,75,gain_db,-7.350255,-7.350255,0.0
factory_2,frequency_response.csv,76,time_s,5.109244,5.109244,0.0
factory_2,frequency_response.csv,76,freq_hz,1189.355103,1189.355103,0.0
factory_2,frequency_response.csv,76,gain_db,-2.94948,-2.94948,0.0
factory_2,frequency_response.csv,77,time_s,5.176471,5.176471,0.0
factory_2,frequency_response.csv,77,freq_hz,1255.039307,1255.039307,0.0
factory_2,frequency_response.csv,77,gain_db,-1.040662,-1.040662,0.0
factory_2,frequency_response.csv,78,time_s,5.243698,5.243698,0.0
factory_2,frequency_response.csv,78,freq_hz,1324.351074,1324.351074,0.0
factory_2,frequency_response.csv,78,gain_db,-0.83576,-0.83576,0.0
factory_2,frequency_response.csv,79,time_s,5.310925,5.310925,0.0
factory_2,frequency_response.csv,79,freq_hz,1397.490845,1397.490845,0.0
factory_2,frequency_response.csv,79,gain_db,-0.897388,-0.897388,0.0
factory_2,frequency_response.csv,80,time_s,5.378151,5.378151,0.0
factory_2,frequency_response.csv,80,freq_hz,1474.669678,1474.669678,0.0
factory_2,frequency_response.csv,80,gain_db,-0.951018,-0.951018,0.0
factory_2,frequency_response.csv,81,time_s,5.445378,5.445378,0.0
factory_2,frequency_response.csv,81,freq_hz,1556.110962,1556.110962,0.0
factory_2,frequency_response.csv,81,gain_db,-0.969307,-0.969307,0.0
factory_2,frequency_response.csv,82,time_s,5.512605,5.512605,0.0
factory_2,frequency_response.csv,82,freq_hz,1642.050049,1642.050049,0.0
factory_2,frequency_response.csv,82,gain_db,-1.284763,-1.284763,0.0
factory_2,frequency_response.csv,83,time_s,5.579832,5.579832,0.0
factory_2,frequency_response.csv,83,freq_hz,1732.735107,1732.735107,0.0
factory_2,frequency_response.csv,83,gain_db,-2.787464,-2.787464,0.0
factory_2,frequency_response.csv,84,time_s,5.647059,5.647059,0.0
factory_2,frequency_response.csv,84,freq_hz,1828.428467,1828.428467,0.0
factory_2,frequency_response.csv,84,gain_db,-6.187866,-6.187866,0.0
factory_2,frequency_response.csv,85,time_s,5.714286,5.714286,0.0
factory_2,frequency_response.csv,85,freq_hz,1929.406738,1929.406738,0.0
factory_2,frequency_response.csv,85,gain_db,-6.326379,-6.326379,0.0
factory_2,frequency_response.csv,86,time_s,5.781513,5.781513,0.0
factory_2,frequency_response.csv,86,freq_hz,2035.96167,2035.96167,0.0
factory_2,frequency_response.csv,86,gain_db,-3.6154,-3.6154,0.0
factory_2,frequency_response.csv,87,time_s,5.84874,5.84874,0.0
factory_2,frequency_response.csv,87,freq_hz,2148.401367,2148.401367,0.0
factory_2,frequency_response.csv,87,gain_db,-1.52447,-1.52447,0.0
factory_2,frequency_response.csv,88,time_s,5.915967,5.915967,0.0
factory_2,frequency_response.csv,88,freq_hz,2267.050537,2267.050537,0.0
factory_2,frequency_response.csv,88,gain_db,-1.265915,-1.265915,0.0
factory_2,frequency_response.csv,89,time_s,5.983193,5.983193,0.0
factory_2,frequency_response.csv,89,freq_hz,2392.252441,2392.252441,0.0
factory_2,frequency_response.csv,89,gain_db,-1.582529,-1.582529,0.0
factory_2,frequency_response.csv,90,time_s,6.05042,6.05042,0.0
factory_2,frequency_response.csv,90,freq_hz,2524.368896,2524.368896,0.0
factory_2,frequency_response.csv,90,gain_db,-1.815565,-1.815565,0.0
factory_2,frequency_response.csv,91,time_s,6.117647,6.117647,0.0
factory_2,frequency_response.csv,91,freq_hz,2663.781738,2663.781738,0.0
factory_2,frequency_response.csv,91,gain_db,-1.975997,-1.975997,0.0
factory_2,frequency_response.csv,92,time_s,6.184874,6.184874,0.0
factory_2,frequency_response.csv,92,freq_hz,2810.893799,2810.893799,0.0
factory_2,frequency_response.csv,92,gain_db,-2.035686,-2.035686,0.0
factory_2,frequency_response.csv,93,time_s,6.252101,6.252101,0.0
factory_2,frequency_response.csv,93,freq_hz,2966.130371,2966.130371,0.0
factory_2,frequency_response.csv,93,gain_db,-1.886382,-1.886382,0.0
factory_2,frequency_response.csv,94,time_s,6.319328,6.319328,0.0
factory_2,frequency_response.csv,94,freq_hz,3129.94043,3129.94043,0.0
factory_2,frequency_response.csv,94,gain_db,-1.662933,-1.662933,0.0
factory_2,frequency_response.csv,95,time_s,6.386555,6.386555,0.0
factory_2,frequency_response.csv,95,freq_hz,3302.796875,3302.796875,0.0
factory_2,frequency_response.csv,95,gain_db,-1.759277,-1.759277,0.0
factory_2,frequency_response.csv,96,time_s,6.453782,6.453782,0.0
factory_2,frequency_response.csv,96,freq_hz,3485.199951,3485.199951,0.0
factory_2,frequency_response.csv,96,gain_db,-2.001007,-2.001007,0.0
factory_2,frequency_response.csv,97,time_s,6.521008,6.521008,0.0
factory_2,frequency_response.csv,97,freq_hz,3677.676025,3677.676025,0.0
factory_2,frequency_response.csv,97,gain_db,-1.723633,-1.723633,0.0
factory_2,frequency_response.csv,98,time_s,6.588235,6.588235,0.0
factory_2,frequency_response.csv,98,freq_hz,3880.782471,3880.782471,0.0
factory_2,frequency_response.csv,98,gain_db,-1.97357,-1.97357,0.0
factory_2,frequency_response.csv,99,time_s,6.655462,6.655462,0.0
factory_2,frequency_response.csv,99,freq_hz,4095.105469,4095.105469,0.0
factory_2,frequency_response.csv,99,gain_db,-2.852825,-2.852825,0.0
factory_2,frequency_response.csv,100,time_s,6.722689,6.722689,0.0
factory_2,frequency_response.csv,100,freq_hz,4321.265137,4321.265137,0.0
factory_2,frequency_response.csv,100,gain_db,-3.463273,-3.463273,0.0
factory_2,frequency_response.csv,101,time_s,6.789916,6.789916,0.0
factory_2,frequency_response.csv,101,freq_hz,4559.914551,4559.914551,0.0
factory_2,frequency_response.csv,101,gain_db,-3.799296,-3.799296,0.0
factory_2,frequency_response.csv,102,time_s,6.857143,6.857143,0.0
factory_2,frequency_response.csv,102,freq_hz,4811.744141,4811.744141,0.0
factory_2,frequency_response.csv,102,gain_db,-4.032112,-4.032112,0.0
factory_2,frequency_response.csv,103,time_s,6.92437,6.92437,0.0
factory_2,frequency_response.csv,103,freq_hz,5077.481445,5077.481445,0.0
factory_2,frequency_response.csv,103,gain_db,-4.205346,-4.205346,0.0
factory_2,frequency_response.csv,104,time_s,6.991597,6.991597,0.0
factory_2,frequency_response.csv,104,freq_hz,5357.894531,5357.894531,0.0
factory_2,frequency_response.csv,104,gain_db,-4.24151,-4.24151,0.0
factory_2,frequency_response.csv,105,time_s,7.058824,7.058824,0.0
factory_2,frequency_response.csv,105,freq_hz,5653.793457,5653.793457,0.0
factory_2,frequency_response.csv,105,gain_db,-3.959359,-3.959359,0.0
factory_2,frequency_response.csv,106,time_s,7.12605,7.12605,0.0
factory_2,frequency_response.csv,106,freq_hz,5966.034668,5966.034668,0.0
factory_2,frequency_response.csv,106,gain_db,-3.360744,-3.360744,0.0
factory_2,frequency_response.csv,107,time_s,7.193277,7.193277,0.0
factory_2,frequency_response.csv,107,freq_hz,6295.519531,6295.519531,0.0
factory_2,frequency_response.csv,107,gain_db,-3.067619,-3.067619,0.0
factory_2,frequency_response.csv,108,time_s,7.260504,7.260504,0.0
factory_2,frequency_response.csv,108,freq_hz,6643.200684,6643.200684,0.0
factory_2,frequency_response.csv,108,gain_db,-3.49644,-3.49644,0.0
factory_2,frequency_response.csv,109,time_s,7.327731,7.327731,0.0
factory_2,frequency_response.csv,109,freq_hz,7010.083008,7010.083008,0.0
factory_2,frequency_response.csv,109,gain_db,-4.238743,-4.238743,0.0
factory_2,frequency_response.csv,110,time_s,7.394958,7.394958,0.0
factory_2,frequency_response.csv,110,freq_hz,7397.227539,7397.227539,0.0
factory_2,frequency_response.csv,110,gain_db,-4.795744,-4.795744,0.0
factory_2,frequency_response.csv,111,time_s,7.462185,7.462185,0.0
factory_2,frequency_response.csv,111,freq_hz,7805.752441,7805.752441,0.0
factory_2,frequency_response.csv,111,gain_db,-5.028512,-5.028512,0.0
factory_2,frequency_response.csv,112,time_s,7.529412,7.529412,0.0
factory_2,frequency_response.csv,112,freq_hz,8236.839844,8236.839844,0.0
factory_2,frequency_response.csv,112,gain_db,-5.107551,-5.107551,0.0
factory_2,frequency_response.csv,113,time_s,7.596639,7.596639,0.0
factory_2,frequency_response.csv,113,freq_hz,8691.733398,8691.733398,0.0
factory_2,frequency_response.csv,113,gain_db,-5.12864,-5.12864,0.0
factory_2,frequency_response.csv,114,time_s,7.663866,7.663866,0.0
factory_2,frequency_response.csv,114,freq_hz,9171.75,9171.75,0.0
factory_2,frequency_response.csv,114,gain_db,-5.117033,-5.117033,0.0
factory_2,frequency_response.csv,115,time_s,7.731092,7.731092,0.0
factory_2,frequency_response.csv,115,freq_hz,9678.276367,9678.276367,0.0
factory_2,frequency_response.csv,115,gain_db,-5.070179,-5.070179,0.0
factory_2,frequency_response.csv,116,time_s,7.798319,7.798319,0.0
factory_2,frequency_response.csv,116,freq_hz,10212.776367,10212.776367,0.0
factory_2,frequency_response.csv,116,gain_db,-4.978534,-4.978534,0.0
factory_2,frequency_response.csv,117,time_s,7.865546,7.865546,0.0
factory_2,frequency_response.csv,117,freq_hz,10776.795898,10776.795898,0.0
factory_2,frequency_response.csv,117,gain_db,-4.825356,-4.825356,0.0
factory_2,frequency_response.csv,118,time_s,7.932773,7.932773,0.0
factory_2,frequency_response.csv,118,freq_hz,11371.962891,11371.962891,0.0
factory_2,frequency_response.csv,118,gain_db,-4.69854,-4.69854,0.0
factory_2,frequency_response.csv,119,time_s,8.0,8.0,0.0
factory_2,frequency_response.csv,119,freq_hz,12000.0,12000.0,0.0
factory_2,frequency_response.csv,119,gain_db,-4.695993,-4.695993,0.0
factory_2,notch_tracking.csv,0,time_s,0.201681,0.201681,0.0
factory_2,notch_tracking.csv,0,freq_hz,23.499975,23.499975,0.0
factory_2,notch_tracking.csv,0,notch_depth_db,-7.59502,-7.59502,0.0
factory_2,notch_tracking.csv,1,time_s,0.537815,0.537815,0.0
factory_2,notch_tracking.csv,1,freq_hz,30.746555,30.746555,0.0
factory_2,notch_tracking.csv,1,notch_depth_db,-7.771544,-7.771544,0.0
factory_2,notch_tracking.csv,2,time_s,1.142857,1.142857,0.0
factory_2,notch_tracking.csv,2,freq_hz,49.877968,49.877968,0.0
factory_2,notch_tracking.csv,2,notch_depth_db,-9.070798,-9.070798,0.0
factory_2,notch_tracking.csv,3,time_s,1.546218,1.546218,0.0
factory_2,notch_tracking.csv,3,freq_hz,68.862625,68.862625,0.0
factory_2,notch_tracking.csv,3,notch_depth_db,-5.879044,-5.879044,0.0
factory_2,notch_tracking.csv,4,time_s,1.882353,1.882353,0.0
factory_2,notch_tracking.csv,4,freq_hz,90.097488,90.097488,0.0
factory_2,notch_tracking.csv,4,notch_depth_db,-3.539604,-3.539604,0.0
factory_2,notch_tracking.csv,5,time_s,2.285714,2.285714,0.0
factory_2,notch_tracking.csv,5,freq_hz,124.390594,124.390594,0.0
factory_2,notch_tracking.csv,5,notch_depth_db,-11.877348,-11.877348,0.0
factory_2,notch_tracking.csv,6,time_s,2.890756,2.890756,0.0
factory_2,notch_tracking.csv,6,freq_hz,201.79007,201.79007,0.0
factory_2,notch_tracking.csv,6,notch_depth_db,-10.547274,-10.547274,0.0
factory_2,notch_tracking.csv,7,time_s,3.226891,3.226891,0.0
factory_2,notch_tracking.csv,7,freq_hz,264.015137,264.015137,0.0
factory_2,notch_tracking.csv,7,notch_depth_db,-9.952737,-9.952737,0.0
factory_2,notch_tracking.csv,8,time_s,3.630252,3.630252,0.0
factory_2,notch_tracking.csv,8,freq_hz,364.505157,364.505157,0.0
factory_2,notch_tracking.csv,8,notch_depth_db,-9.20112,-9.20112,0.0
factory_2,notch_tracking.csv,9,time_s,4.100841,4.100841,0.0
factory_2,notch_tracking.csv,9,freq_hz,531.03656,531.03656,0.0
factory_2,notch_tracking.csv,9,notch_depth_db,-9.003147,-9.003147,0.0
factory_2,notch_tracking.csv,10,time_s,4.302521,4.302521,0.0
factory_2,notch_tracking.csv,10,freq_hz,623.967346,623.967346,0.0
factory_2,notch_tracking.csv,10,notch_depth_db,-9.940112,-9.940112,0.0
factory_2,notch_tracking.csv,11,time_s,4.907563,4.907563,0.0
factory_2,notch_tracking.csv,11,freq_hz,1012.218079,1012.218079,0.0
factory_2,notch_tracking.csv,11,notch_depth_db,-9.983458,-9.983458,0.0
factory_2,notch_tracking.csv,12,time_s,5.714286,5.714286,0.0
factory_2,notch_tracking.csv,12,freq_hz,1929.406738,1929.406738,0.0
factory_2,notch_tracking.csv,12,notch_depth_db,-6.326379,-6.326379,0.0
factory_2,notch_tracking.csv,13,time_s,6.184874,6.184874,0.0
factory_2,notch_tracking.csv,13,freq_hz,2810.893799,2810.893799,0.0
factory_2,notch_tracking.csv,13,notch_depth_db,-2.035686,-2.035686,0.0
factory_2,notch_tracking.csv,14,time_s,6.453782,6.453782,0.0
factory_2,notch_tracking.csv,14,freq_hz,3485.199951,3485.199951,0.0
factory_2,notch_tracking.csv,14,notch_depth_db,-2.001007,-2.001007,0.0
factory_2,notch_tracking.csv,15,time_s,6.991597,6.991597,0.0
factory_2,notch_tracking.csv,15,freq_hz,5357.894531,5357.894531,0.0
factory_2,notch_tracking.csv,15,notch_depth_db,-4.24151,-4.24151,0.0
factory_2,notch_tracking.csv,16,time_s,7.596639,7.596639,0.0
factory_2,notch_tracking.csv,16,freq_hz,8691.733398,8691.733398,0.0
factory_2,notch_tracking.csv,16,notch_depth_db,-5.12864,-5.12864,0.0
factory_2,thd_vs_drive.csv,0,sine_level_db,-24.0,-24.0,0.0
factory_2,thd_vs_drive.csv,0,thd_ratio,0.014002,0.014002,0.0
factory_2,thd_vs_drive.csv,0,thd_db,-37.075954,-37.075954,0.0
factory_2,thd_vs_drive.csv,0,broadband_hf_db,-82.681458,-82.681458,0.0
factory_2,thd_vs_drive.csv,1,sine_level_db,-18.0,-18.0,0.0
factory_2,thd_vs_drive.csv,1,thd_ratio,0.029923,0.029923,0.0
factory_2,thd_vs_drive.csv,1,thd_db,-30.480005,-30.480005,0.0
factory_2,thd_vs_drive.csv,1,broadband_hf_db,-82.682182,-82.682182,0.0
factory_2,thd_vs_drive.csv,2,sine_level_db,-12.0,-12.0,0.0
factory_2,thd_vs_drive.csv,2,thd_ratio,0.060625,0.060625,0.0
factory_2,thd_vs_drive.csv,2,thd_db,-24.347023,-24.347023,0.0
factory_2,thd_vs_drive.csv,2,broadband_hf_db,-82.687477,-82.687477,0.0
factory_2,thd_vs_drive.csv,3,sine_level_db,-6.0,-6.0,0.0
factory_2,thd_vs_drive.csv,3,thd_ratio,0.102736,0.102736,0.0
factory_2,thd_vs_drive.csv,3,thd_db,-19.765514,-19.765514,0.0
factory_2,thd_vs_drive.csv,3,broadband_hf_db,-81.028404,-81.028404,0.0
factory_2,thd_vs_drive.csv,4,sine_level_db,0.0,0.0,0.0
factory_2,thd_vs_drive.csv,4,thd_ratio,0.135791,0.135791,0.0
factory_2,thd_vs_drive.csv,4,thd_db,-17.342604,-17.342604,0.0
factory_2,thd_vs_drive.csv,4,broadband_hf_db,-81.240005,-81.240005,0.0
factory_3,summary.csv,average_tracked_notch_db,value,-7.238877,-7.238877,0.0
factory_3,summary.csv,deepest_tracked_notch_db,value,-11.043255,-11.043255,0.0
factory_3,summary.csv,guitar_broadband_hf_db,value,-80.901558,-80.901558,0.0
factory_3,summary.csv,guitar_lr_correlation,value,0.560358,0.560358,0.0
factory_3,summary.csv,guitar_mono_fold_db,value,-1.294439,-1.294439,0.0
factory_3,summary.csv,guitar_side_to_mid_db,value,-4.593745,-4.593745,0.0
factory_3,summary.csv,sweep_broadband_hf_db,value,-82.367981,-82.367981,0.0
factory_3,summary.csv,sweep_lr_correlation,value,0.811426,0.811426,0.0
factory_3,summary.csv,sweep_mono_fold_db,value,-0.430473,-0.430473,0.0
factory_3,summary.csv,sweep_side_to_mid_db,value,-9.821368,-9.821368,0.0
factory_3,summary.csv,tracked_notch_count,value,8.0,8.0,0.0
factory_3,summary.csv,tracked_notch_high_hz,value,10212.776367,10212.776367,0.0
factory_3,summary.csv,tracked_notch_low_hz,value,26.167307,26.167307,0.0
factory_3,summary.csv,tracked_notch_span_oct,value,8.608394,8.608394,0.0
factory_3,summary.csv,worst_thd_db,value,-17.166731,-17.166731,0.0
factory_3,frequency_response.csv,0,time_s,0.0,0.0,0.0
factory_3,frequency_response.csv,0,freq_hz,20.0,20.0,0.0
factory_3,frequency_response.csv,0,gain_db,-6.816126,-6.816126,0.0
factory_3,frequency_response.csv,1,time_s,0.067227,0.067227,0.0
factory_3,frequency_response.csv,1,freq_hz,21.104536,21.104536,0.0
factory_3,frequency_response.csv,1,gain_db,-4.658474,-4.658474,0.0
factory_3,frequency_response.csv,2,time_s,0.134454,0.134454,0.0
factory_3,frequency_response.csv,2,freq_hz,22.270071,22.270071,0.0
factory_3,frequency_response.csv,2,gain_db,-4.346947,-4.346947,0.0
factory_3,frequency_response.csv,3,time_s,0.201681,0.201681,0.0
factory_3,frequency_response.csv,3,freq_hz,23.499975,23.499975,0.0
factory_3,frequency_response.csv,3,gain_db,-4.186498,-4.186498,0.0
factory_3,frequency_response.csv,4,time_s,0.268908,0.268908,0.0
factory_3,frequency_response.csv,4,freq_hz,24.797804,24.797804,0.0
factory_3,frequency_response.csv,4,gain_db,-3.203341,-3.203341,0.0
factory_3,frequency_response.csv,5,time_s,0.336134,0.336134,0.0
factory_3,frequency_response.csv,5,freq_hz,26.167307,26.167307,0.0
factory_3,frequency_response.csv,5,gain_db,-4.371536,-4.371536,0.0
factory_3,frequency_response.csv,6,time_s,0.403361,0.403361,0.0
factory_3,frequency_response.csv,6,freq_hz,27.612442,27.612442,0.0
factory_3,frequency_response.csv,6,gain_db,-3.652078,-3.652078,0.0
factory_3,frequency_response.csv,7,time_s,0.470588,0.470588,0.0
factory_3,frequency_response.csv,7,freq_hz,29.13739,29.13739,0.0
factory_3,frequency_response.csv,7,gain_db,-4.83402,-4.83402,0.0
factory_3,frequency_response.csv,8,time_s,0.537815,0.537815,0.0
factory_3,frequency_response.csv,8,freq_hz,30.746555,30.746555,0.0
factory_3,frequency_response.csv,8,gain_db,-5.217626,-5.217626,0.0
factory_3,frequency_response.csv,9,time_s,0.605042,0.605042,0.0
factory_3,frequency_response.csv,9,freq_hz,32.444588,32.444588,0.0
factory_3,frequency_response.csv,9,gain_db,-6.350286,-6.350286,0.0
factory_3,frequency_response.csv,10,time_s,0.672269,0.672269,0.0
factory_3,frequency_response.csv,10,freq_hz,34.236401,34.236401,0.0
factory_3,frequency_response.csv,10,gain_db,-7.027797,-7.027797,0.0
factory_3,frequency_response.csv,11,time_s,0.739496,0.739496,0.0
factory_3,frequency_response.csv,11,freq_hz,36.127167,36.127167,0.0
factory_3,frequency_response.csv,11,gain_db,-7.846766,-7.846766,0.0
factory_3,frequency_response.csv,12,time_s,0.806723,0.806723,0.0
factory_3,frequency_response.csv,12,freq_hz,38.122353,38.122353,0.0
factory_3,frequency_response.csv,12,gain_db,-7.740207,-7.740207,0.0
factory_3,frequency_response.csv,13,time_s,0.87395,0.87395,0.0
factory_3,frequency_response.csv,13,freq_hz,40.22773,40.22773,0.0
factory_3,frequency_response.csv,13,gain_db,-6.390666,-6.390666,0.0
factory_3,frequency_response.csv,14,time_s,0.941177,0.941177,0.0
factory_3,frequency_response.csv,14,freq_hz,42.449379,42.449379,0.0
factory_3,frequency_response.csv,14,gain_db,-5.351331,-5.351331,0.0
factory_3,frequency_response.csv,15,time_s,1.008403,1.008403,0.0
factory_3,frequency_response.csv,15,freq_hz,44.79372,44.79372,0.0
factory_3,frequency_response.csv,15,gain_db,-3.279512,-3.279512,0.0
factory_3,frequency_response.csv,16,time_s,1.07563,1.07563,0.0
factory_3,frequency_response.csv,16,freq_hz,47.267536,47.267536,0.0
factory_3,frequency_response.csv,16,gain_db,-1.630589,-1.630589,0.0
factory_3,frequency_response.csv,17,time_s,1.142857,1.142857,0.0
factory_3,frequency_response.csv,17,freq_hz,49.877968,49.877968,0.0
factory_3,frequency_response.csv,17,gain_db,-1.272125,-1.272125,0.0
factory_3,frequency_response.csv,18,time_s,1.210084,1.210084,0.0
factory_3,frequency_response.csv,18,freq_hz,52.632568,52.632568,0.0
factory_3,frequency_response.csv,18,gain_db,-1.003351,-1.003351,0.0
factory_3,frequency_response.csv,19,time_s,1.277311,1.277311,0.0
factory_3,frequency_response.csv,19,freq_hz,55.539299,55.539299,0.0
factory_3,frequency_response.csv,19,gain_db,-1.095441,-1.095441,0.0
factory_3,frequency_response.csv,20,time_s,1.344538,1.344538,0.0
factory_3,frequency_response.csv,20,freq_hz,58.606552,58.606552,0.0
factory_3,frequency_response.csv,20,gain_db,-1.669824,-1.669824,0.0
factory_3,frequency_response.csv,21,time_s,1.411765,1.411765,0.0
factory_3,frequency_response.csv,21,freq_hz,61.843204,61.843204,0.0
factory_3,frequency_response.csv,21,gain_db,-2.68343,-2.68343,0.0
factory_3,frequency_response.csv,22,time_s,1.478992,1.478992,0.0
factory_3,frequency_response.csv,22,freq_hz,65.258606,65.258606,0.0
factory_3,frequency_response.csv,22,gain_db,-3.534959,-3.534959,0.0
factory_3,frequency_response.csv,23,time_s,1.546218,1.546218,0.0
factory_3,frequency_response.csv,23,freq_hz,68.862625,68.862625,0.0
factory_3,frequency_response.csv,23,gain_db,-4.42114,-4.42114,0.0
factory_3,frequency_response.csv,24,time_s,1.613445,1.613445,0.0
factory_3,frequency_response.csv,24,freq_hz,72.665695,72.665695,0.0
factory_3,frequency_response.csv,24,gain_db,-4.874041,-4.874041,0.0
factory_3,frequency_response.csv,25,time_s,1.680672,1.680672,0.0
factory_3,frequency_response.csv,25,freq_hz,76.678787,76.678787,0.0
factory_3,frequency_response.csv,25,gain_db,-5.551173,-5.551173,0.0
factory_3,frequency_response.csv,26,time_s,1.747899,1.747899,0.0
factory_3,frequency_response.csv,26,freq_hz,80.913506,80.913506,0.0
factory_3,frequency_response.csv,26,gain_db,-5.406028,-5.406028,0.0
factory_3,frequency_response.csv,27,time_s,1.815126,1.815126,0.0
factory_3,frequency_response.csv,27,freq_hz,85.382095,85.382095,0.0
factory_3,frequency_response.csv,27,gain_db,-5.362535,-5.362535,0.0
factory_3,frequency_response.csv,28,time_s,1.882353,1.882353,0.0
factory_3,frequency_response.csv,28,freq_hz,90.097488,90.097488,0.0
factory_3,frequency_response.csv,28,gain_db,-5.161639,-5.161639,0.0
factory_3,frequency_response.csv,29,time_s,1.94958,1.94958,0.0
factory_3,frequency_response.csv,29,freq_hz,95.073273,95.073273,0.0
factory_3,frequency_response.csv,29,gain_db,-3.993585,-3.993585,0.0
factory_3,frequency_response.csv,30,time_s,2.016807,2.016807,0.0
factory_3,frequency_response.csv,30,freq_hz,100.323875,100.323875,0.0
factory_3,frequency_response.csv,30,gain_db,-2.983583,-2.983583,0.0
factory_3,frequency_response.csv,31,time_s,2.084034,2.084034,0.0
factory_3,frequency_response.csv,31,freq_hz,105.864441,105.864441,0.0
factory_3,frequency_response.csv,31,gain_db,-2.090879,-2.090879,0.0
factory_3,frequency_response.csv,32,time_s,2.151261,2.151261,0.0
factory_3,frequency_response.csv,32,freq_hz,111.710999,111.710999,0.0
factory_3,frequency_response.csv,32,gain_db,-1.385017,-1.385017,0.0
factory_3,frequency_response.csv,33,time_s,2.218488,2.218488,0.0
factory_3,frequency_response.csv,33,freq_hz,117.880432,117.880432,0.0
factory_3,frequency_response.csv,33,gain_db,-0.962742,-0.962742,0.0
factory_3,frequency_response.csv,34,time_s,2.285714,2.285714,0.0
factory_3,frequency_response.csv,34,freq_hz,124.390594,124.390594,0.0
factory_3,frequency_response.csv,34,gain_db,-0.943331,-0.943331,0.0
factory_3,frequency_response.csv,35,time_s,2.352941,2.352941,0.0
factory_3,frequency_response.csv,35,freq_hz,131.260284,131.260284,0.0
factory_3,frequency_response.csv,35,gain_db,-0.950355,-0.950355,0.0
factory_3,frequency_response.csv,36,time_s,2.420168,2.420168,0.0
factory_3,frequency_response.csv,36,freq_hz,138.509369,138.509369,0.0
factory_3,frequency_response.csv,36,gain_db,-0.962457,-0.962457,0.0
factory_3,frequency_response.csv,37,time_s,2.487395,2.487395,0.0
factory_3,frequency_response.csv,37,freq_hz,146.158783,146.158783,0.0
factory_3,frequency_response.csv,37,gain_db,-1.115702,-1.115702,0.0
factory_3,frequency_response.csv,38,time_s,2.554622,2.554622,0.0
factory_3,frequency_response.csv,38,freq_hz,154.230667,154.230667,0.0
factory_3,frequency_response.csv,38,gain_db,-1.729755,-1.729755,0.0
factory_3,frequency_response.csv,39,time_s,2.621849,2.621849,0.0
factory_3,frequency_response.csv,39,freq_hz,162.748337,162.748337,0.0
factory_3,frequency_response.csv,39,gain_db,-3.27266,-3.27266,0.0
factory_3,frequency_response.csv,40,time_s,2.689076,2.689076,0.0
factory_3,frequency_response.csv,40,freq_hz,171.73642,171.73642,0.0
factory_3,frequency_response.csv,40,gain_db,-5.778801,-5.778801,0.0
factory_3,frequency_response.csv,41,time_s,2.756303,2.756303,0.0
factory_3,frequency_response.csv,41,freq_hz,181.220856,181.220856,0.0
factory_3,frequency_response.csv,41,gain_db,-8.98596,-8.98596,0.0
factory_3,frequency_response.csv,42,time_s,2.823529,2.823529,0.0
factory_3,frequency_response.csv,42,freq_hz,191.229095,191.229095,0.0
factory_3,frequency_response.csv,42,gain_db,-11.043255,-11.043255,0.0
factory_3,frequency_response.csv,43,time_s,2.890756,2.890756,0.0
factory_3,frequency_response.csv,43,freq_hz,201.79007,201.79007,0.0
factory_3,frequency_response.csv,43,gain_db,-9.774217,-9.774217,0.0
factory_3,frequency_response.csv,44,time_s,2.957983,2.957983,0.0
factory_3,frequency_response.csv,44,freq_hz,212.93428,212.93428,0.0
factory_3,frequency_response.csv,44,gain_db,-7.449139,-7.449139,0.0
factory_3,frequency_response.csv,45,time_s,3.02521,3.02521,0.0
factory_3,frequency_response.csv,45,freq_hz,224.69397,224.69397,0.0
factory_3,frequency_response.csv,45,gain_db,-5.797562,-5.797562,0.0
factory_3,frequency_response.csv,46,time_s,3.092437,3.092437,0.0
factory_3,frequency_response.csv,46,freq_hz,237.103104,237.103104,0.0
factory_3,frequency_response.csv,46,gain_db,-4.748477,-4.748477,0.0
factory_3,frequency_response.csv,47,time_s,3.159664,3.159664,0.0
factory_3,frequency_response.csv,47,freq_hz,250.19754,250.19754,0.0
factory_3,frequency_response.csv,47,gain_db,-4.109827,-4.109827,0.0
factory_3,frequency_response.csv,48,time_s,3.226891,3.226891,0.0
factory_3,frequency_response.csv,48,freq_hz,264.015137,264.015137,0.0
factory_3,frequency_response.csv,48,gain_db,-3.843007,-3.843007,0.0
factory_3,frequency_response.csv,49,time_s,3.294118,3.294118,0.0
factory_3,frequency_response.csv,49,freq_hz,278.595856,278.595856,0.0
factory_3,frequency_response.csv,49,gain_db,-3.848,-3.848,0.0
factory_3,frequency_response.csv,50,time_s,3.361345,3.361345,0.0
factory_3,frequency_response.csv,50,freq_hz,293.981812,293.981812,0.0
factory_3,frequency_response.csv,50,gain_db,-4.13107,-4.13107,0.0
factory_3,frequency_response.csv,51,time_s,3.428571,3.428571,0.0
factory_3,frequency_response.csv,51,freq_hz,310.217468,310.217468,0.0
factory_3,frequency_response.csv,51,gain_db,-4.768971,-4.768971,0.0
factory_3,frequency_response.csv,52,time_s,3.495798,3.495798,0.0
factory_3,frequency_response.csv,52,freq_hz,327.349792,327.349792,0.0
factory_3,frequency_response.csv,52,gain_db,-5.886519,-5.886519,0.0
factory_3,frequency_response.csv,53,time_s,3.563025,3.563025,0.0
factory_3,frequency_response.csv,53,freq_hz,345.428284,345.428284,0.0
factory_3,frequency_response.csv,53,gain_db,-7.522795,-7.522795,0.0
factory_3,frequency_response.csv,54,time_s,3.630252,3.630252,0.0
factory_3,frequency_response.csv,54,freq_hz,364.505157,364.505157,0.0
factory_3,frequency_response.csv,54,gain_db,-9.498728,-9.498728,0.0
factory_3,frequency_response.csv,55,time_s,3.697479,3.697479,0.0
factory_3,frequency_response.csv,55,freq_hz,384.63562,384.63562,0.0
factory_3,frequency_response.csv,55,gain_db,-10.851252,-10.851252,0.0
factory_3,frequency_response.csv,56,time_s,3.764706,3.764706,0.0
factory_3,frequency_response.csv,56,freq_hz,405.877808,405.877808,0.0
factory_3,frequency_response.csv,56,gain_db,-10.387819,-10.387819,0.0
factory_3,frequency_response.csv,57,time_s,3.831933,3.831933,0.0
factory_3,frequency_response.csv,57,freq_hz,428.293121,428.293121,0.0
factory_3,frequency_response.csv,57,gain_db,-9.303686,-9.303686,0.0
factory_3,frequency_response.csv,58,time_s,3.89916,3.89916,0.0
factory_3,frequency_response.csv,58,freq_hz,451.946381,451.946381,0.0
factory_3,frequency_response.csv,58,gain_db,-8.93818,-8.93818,0.0
factory_3,frequency_response.csv,59,time_s,3.966387,3.966387,0.0
factory_3,frequency_response.csv,59,freq_hz,476.905945,476.905945,0.0
factory_3,frequency_response.csv,59,gain_db,-9.44898,-9.44898,0.0
factory_3,frequency_response.csv,60,time_s,4.033614,4.033614,0.0
factory_3,frequency_response.csv,60,freq_hz,503.244019,503.244019,0.0
factory_3,frequency_response.csv,60,gain_db,-10.372377,-10.372377,0.0
factory_3,frequency_response.csv,61,time_s,4.100841,4.100841,0.0
factory_3,frequency_response.csv,61,freq_hz,531.03656,531.03656,0.0
factory_3,frequency_response.csv,61,gain_db,-10.645427,-10.645427,0.0
factory_3,frequency_response.csv,62,time_s,4.168067,4.168067,0.0
factory_3,frequency_response.csv,62,freq_hz,560.364014,560.364014,0.0
factory_3,frequency_response.csv,62,gain_db,-8.600121,-8.600121,0.0
factory_3,frequency_response.csv,63,time_s,4.235294,4.235294,0.0
factory_3,frequency_response.csv,63,freq_hz,591.311096,591.311096,0.0
factory_3,frequency_response.csv,63,gain_db,-5.685093,-5.685093,0.0
factory_3,frequency_response.csv,64,time_s,4.302521,4.302521,0.0
factory_3,frequency_response.csv,64,freq_hz,623.967346,623.967346,0.0
factory_3,frequency_response.csv,64,gain_db,-3.459492,-3.459492,0.0
factory_3,frequency_response.csv,65,time_s,4.369748,4.369748,0.0
factory_3,frequency_response.csv,65,freq_hz,658.427063,658.427063,0.0
factory_3,frequency_response.csv,65,gain_db,-2.058959,-2.058959,0.0
factory_3,frequency_response.csv,66,time_s,4.436975,4.436975,0.0
factory_3,frequency_response.csv,66,freq_hz,694.789795,694.789795,0.0
factory_3,frequency_response.csv,66,gain_db,-1.237659,-1.237659,0.0
factory_3,frequency_response.csv,67,time_s,4.504202,4.504202,0.0
factory_3,frequency_response.csv,67,freq_hz,733.160889,733.160889,0.0
factory_3,frequency_response.csv,67,gain_db,-0.82621,-0.82621,0.0
factory_3,frequency_response.csv,68,time_s,4.571429,4.571429,0.0
factory_3,frequency_response.csv,68,freq_hz,773.651001,773.651001,0.0
factory_3,frequency_response.csv,68,gain_db,-0.609963,-0.609963,0.0
factory_3,frequency_response.csv,69,time_s,4.638656,4.638656,0.0
factory_3,frequency_response.csv,69,freq_hz,816.377197,816.377197,0.0
factory_3,frequency_response.csv,69,gain_db,-0.492671,-0.492671,0.0
factory_3,frequency_response.csv,70,time_s,4.705883,4.705883,0.0
factory_3,frequency_response.csv,70,freq_hz,861.463074,861.463074,0.0
factory_3,frequency_response.csv,70,gain_db,-0.438312,-0.438312,0.0
factory_3,frequency_response.csv,71,time_s,4.773109,4.773109,0.0
factory_3,frequency_response.csv,71,freq_hz,909.03894,909.03894,0.0
factory_3,frequency_response.csv,71,gain_db,-0.435042,-0.435042,0.0
factory_3,frequency_response.csv,72,time_s,4.840336,4.840336,0.0
factory_3,frequency_response.csv,72,freq_hz,959.242249,959.242249,0.0
factory_3,frequency_response.csv,72,gain_db,-0.450587,-0.450587,0.0
factory_3,frequency_response.csv,73,time_s,4.907563,4.907563,0.0
factory_3,frequency_response.csv,73,freq_hz,1012.218079,1012.218079,0.0
factory_3,frequency_response.csv,73,gain_db,-0.474531,-0.474531,0.0
factory_3,frequency_response.csv,74,time_s,4.97479,4.97479,0.0
factory_3,frequency_response.csv,74,freq_hz,1068.119629,1068.119629,0.0
factory_3,frequency_response.csv,74,gain_db,-0.511992,-0.511992,0.0
factory_3,frequency_response.csv,75,time_s,5.042017,5.042017,0.0
factory_3,frequency_response.csv,75,freq_hz,1127.108398,1127.108398,0.0
factory_3,frequency_response.csv,75,gain_db,-0.558322,-0.558322,0.0
factory_3,frequency_response.csv,76,time_s,5.109244,5.109244,0.0
factory_3,frequency_response.csv,76,freq_hz,1189.355103,1189.355103,0.0
factory_3,frequency_response.csv,76,gain_db,-0.681393,-0.681393,0.0
factory_3,frequency_response.csv,77,time_s,5.176471,5.176471,0.0
factory_3,frequency_response.csv,77,freq_hz,1255.039307,1255.039307,0.0
factory_3,frequency_response.csv,77,gain_db,-0.983228,-0.983228,0.0
factory_3,frequency_response.csv,78,time_s,5.243698,5.243698,0.0
factory_3,frequency_response.csv,78,freq_hz,1324.351074,1324.351074,0.0
factory_3,frequency_response.csv,78,gain_db,-1.494083,-1.494083,0.0
factory_3,frequency_response.csv,79,time_s,5.310925,5.310925,0.0
factory_3,frequency_response.csv,79,freq_hz,1397.490845,1397.490845,0.0
factory_3,frequency_response.csv,79,gain_db,-2.307845,-2.307845,0.0
factory_3,frequency_response.csv,80,time_s,5.378151,5.378151,0.0
factory_3,frequency_response.csv,80,freq_hz,1474.669678,1474.669678,0.0
factory_3,frequency_response.csv,80,gain_db,-2.959733,-2.959733,0.0
factory_3,frequency_response.csv,81,time_s,5.445378,5.445378,0.0
factory_3,frequency_response.csv,81,freq_hz,1556.110962,1556.110962,0.0
factory_3,frequency_response.csv,81,gain_db,-3.186363,-3.186363,0.0
factory_3,frequency_response.csv,82,time_s,5.512605,5.512605,0.0
factory_3,frequency_response.csv,82,freq_hz,1642.050049,1642.050049,0.0
factory_3,frequency_response.csv,82,gain_db,-2.883877,-2.883877,0.0
factory_3,frequency_response.csv,83,time_s,5.579832,5.579832,0.0
factory_3,frequency_response.csv,83,freq_hz,1732.735107,1732.735107,0.0
factory_3,frequency_response.csv,83,gain_db,-2.298169,-2.298169,0.0
factory_3,frequency_response.csv,84,time_s,5.647059,5.647059,0.0
factory_3,frequency_response.csv,84,freq_hz,1828.428467,1828.428467,0.0
factory_3,frequency_response.csv,84,gain_db,-1.575471,-1.575471,0.0
factory_3,frequency_response.csv,85,time_s,5.714286,5.714286,0.0
factory_3,frequency_response.csv,85,freq_hz,1929.406738,1929.406738,0.0
factory_3,frequency_response.csv,85,gain_db,-0.975869,-0.975869,0.0
factory_3,frequency_response.csv,86,time_s,5.781513,5.781513,0.0
factory_3,frequency_response.csv,86,freq_hz,2035.96167,2035.96167,0.0
factory_3,frequency_response.csv,86,gain_db,-0.732939,-0.732939,0.0
factory_3,frequency_response.csv,87,time_s,5.84874,5.84874,0.0
factory_3,frequency_response.csv,87,freq_hz,2148.401367,2148.401367,0.0
factory_3,frequency_response.csv,87,gain_db,-0.658778,-0.658778,0.0
factory_3,frequency_response.csv,88,time_s,5.915967,5.915967,0.0
factory_3,frequency_response.csv,88,freq_hz,2267.050537,2267.050537,0.0
factory_3,frequency_response.csv,88,gain_db,-0.638232,-0.638232,0.0
factory_3,frequency_response.csv,89,time_s,5.983193,5.983193,0.0
factory_3,frequency_response.csv,89,freq_hz,2392.252441,2392.252441,0.0
factory_3,frequency_response.csv,89,gain_db,-0.677796,-0.677796,0.0
factory_3,frequency_response.csv,90,time_s,6.05042,6.05042,0.0
factory_3,frequency_response.csv,90,freq_hz,2524.368896,2524.368896,0.0
factory_3,frequency_response.csv,90,gain_db,-0.804801,-0.804801,0.0
factory_3,frequency_response.csv,91,time_s,6.117647,6.117647,0.0
factory_3,frequency_response.csv,91,freq_hz,2663.781738,2663.781738,0.0
factory_3,frequency_response.csv,91,gain_db,-0.952648,-0.952648,0.0
factory_3,frequency_response.csv,92,time_s,6.184874,6.184874,0.0
factory_3,frequency_response.csv,92,freq_hz,2810.893799,2810.893799,0.0
factory_3,frequency_response.csv,92,gain_db,-1.087398,-1.087398,0.0
factory_3,frequency_response.csv,93,time_s,6.252101,6.252101,0.0
factory_3,frequency_response.csv,93,freq_hz,2966.130371,2966.130371,0.0
factory_3,frequency_response.csv,93,gain_db,-1.189821,-1.189821,0.0
factory_3,frequency_response.csv,94,time_s,6.319328,6.319328,0.0
factory_3,frequency_response.csv,94,freq_hz,3129.94043,3129.94043,0.0
factory_3,frequency_response.csv,94,gain_db,-1.280944,-1.280944,0.0
factory_3,frequency_response.csv,95,time_s,6.386555,6.386555,0.0
factory_3,frequency_response.csv,95,freq_hz,3302.796875,3302.796875,0.0
factory_3,frequency_response.csv,95,gain_db,-1.392056,-1.392056,0.0
factory_3,frequency_response.csv,96,time_s,6.453782,6.453782,0.0
factory_3,frequency_response.csv,96,freq_hz,3485.199951,3485.199951,0.0
factory_3,frequency_response.csv,96,gain_db,-1.510114,-1.510114,0.0
factory_3,frequency_response.csv,97,time_s,6.521008,6.521008,0.0
factory_3,frequency_response.csv,97,freq_hz,3677.676025,3677.676025,0.0
factory_3,frequency_response.csv,97,gain_db,-1.622167,-1.622167,0.0
factory_3,frequency_response.csv,98,time_s,6.588235,6.588235,0.0
factory_3,frequency_response.csv,98,freq_hz,3880.782471,3880.782471,0.0
factory_3,frequency_response.csv,98,gain_db,-1.724351,-1.724351,0.0
factory_3,frequency_response.csv,99,time_s,6.655462,6.655462,0.0
factory_3,frequency_response.csv,99,freq_hz,4095.105469,4095.105469,0.0
factory_3,frequency_response.csv,99,gain_db,-1.803532,-1.803532,0.0
factory_3,frequency_response.csv,100,time_s,6.722689,6.722689,0.0
factory_3,frequency_response.csv,100,freq_hz,4321.265137,4321.265137,0.0
factory_3,frequency_response.csv,100,gain_db,-1.84856,-1.84856,0.0
factory_3,frequency_response.csv,101,time_s,6.789916,6.789916,0.0
factory_3,frequency_response.csv,101,freq_hz,4559.914551,4559.914551,0.0
factory_3,frequency_response.csv,101,gain_db,-1.867896,-1.867896,0.0
factory_3,frequency_response.csv,102,time_s,6.857143,6.857143,0.0
factory_3,frequency_response.csv,102,freq_hz,4811.744141,4811.744141,0.0
factory_3,frequency_response.csv,102,gain_db,-1.869234,-1.869234,0.0
factory_3,frequency_response.csv,103,time_s,6.92437,6.92437,0.0
factory_3,frequency_response.csv,103,freq_hz,5077.481445,5077.481445,0.0
factory_3,frequency_response.csv,103,gain_db,-1.895266,-1.895266,0.0
factory_3,frequency_response.csv,104,time_s,6.991597,6.991597,0.0
factory_3,frequency_response.csv,104,freq_hz,5357.894531,5357.894531,0.0
factory_3,frequency_response.csv,104,gain_db,-1.989107,-1.989107,0.0
factory_3,frequency_response.csv,105,time_s,7.058824,7.058824,0.0
factory_3,frequency_response.csv,105,freq_hz,5653.793457,5653.793457,0.0
factory_3,frequency_response.csv,105,gain_db,-2.184308,-2.184308,0.0
factory_3,frequency_response.csv,106,time_s,7.12605,7.12605,0.0
factory_3,frequency_response.csv,106,freq_hz,5966.034668,5966.034668,0.0
factory_3,frequency_response.csv,106,gain_db,-2.452179,-2.452179,0.0
factory_3,frequency_response.csv,107,time_s,7.193277,7.193277,0.0
factory_3,frequency_response.csv,107,freq_hz,6295.519531,6295.519531,0.0
factory_3,frequency_response.csv,107,gain_db,-2.796876,-2.796876,0.0
factory_3,frequency_response.csv,108,time_s,7.260504,7.260504,0.0
factory_3,frequency_response.csv,108,freq_hz,6643.200684,6643.200684,0.0
factory_3,frequency_response.csv,108,gain_db,-3.179913,-3.179913,0.0
factory_3,frequency_response.csv,109,time_s,7.327731,7.327731,0.0
factory_3,frequency_response.csv,109,freq_hz,7010.083008,7010.083008,0.0
factory_3,frequency_response.csv,109,gain_db,-3.539409,-3.539409,0.0
factory_3,frequency_response.csv,110,time_s,7.394958,7.394958,0.0
factory_3,frequency_response.csv,110,freq_hz,7397.227539,7397.227539,0.0
factory_3,frequency_response.csv,110,gain_db,-3.833164,-3.833164,0.0
factory_3,frequency_response.csv,111,time_s,7.462185,7.462185,0.0
factory_3,frequency_response.csv,111,freq_hz,7805.752441,7805.752441,0.0
factory_3,frequency_response.csv,111,gain_db,-4.054787,-4.054787,0.0
factory_3,frequency_response.csv,112,time_s,7.529412,7.529412,0.0
factory_3,frequency_response.csv,112,freq_hz,8236.839844,8236.839844,0.0
factory_3,frequency_response.csv,112,gain_db,-4.210075,-4.210075,0.0
factory_3,frequency_response.csv,113,time_s,7.596639,7.596639,0.0
factory_3,frequency_response.csv,113,freq_hz,8691.733398,8691.733398,0.0
factory_3,frequency_response.csv,113,gain_db,-4.314765,-4.314765,0.0
factory_3,frequency_response.csv,114,time_s,7.663866,7.663866,0.0
factory_3,frequency_response.csv,114,freq_hz,9171.75,9171.75,0.0
factory_3,frequency_response.csv,114,gain_db,-4.379301,-4.379301,0.0
factory_3,frequency_response.csv,115,time_s,7.731092,7.731092,0.0
factory_3,frequency_response.csv,115,freq_hz,9678.276367,9678.276367,0.0
factory_3,frequency_response.csv,115,gain_db,-4.409381,-4.409381,0.0
factory_3,frequency_response.csv,116,time_s,7.798319,7.798319,0.0
factory_3,frequency_response.csv,116,freq_hz,10212.776367,10212.776367,0.0
factory_3,frequency_response.csv,116,gain_db,-4.415247,-4.415247,0.0
factory_3,frequency_response.csv,117,time_s,7.865546,7.865546,0.0
factory_3,frequency_response.csv,117,freq_hz,10776.795898,10776.795898,0.0
factory_3,frequency_response.csv,117,gain_db,-4.396845,-4.396845,0.0
factory_3,frequency_response.csv,118,time_s,7.932773,7.932773,0.0
factory_3,frequency_response.csv,118,freq_hz,11371.962891,11371.962891,0.0
factory_3,frequency_response.csv,118,gain_db,-4.362884,-4.362884,0.0
factory_3,frequency_response.csv,119,time_s,8.0,8.0,0.0
factory_3,frequency_response.csv,119,freq_hz,12000.0,12000.0,0.0
factory_3,frequency_response.csv,119,gain_db,-4.325248,-4.325248,0.0
factory_3,notch_tracking.csv,0,time_s,0.336134,0.336134,0.0
factory_3,notch_tracking.csv,0,freq_hz,26.167307,26.167307,0.0
factory_3,notch_tracking.csv,0,notch_depth_db,-4.371536,-4.371536,0.0
factory_3,notch_tracking.csv,1,time_s,0.739496,0.739496,0.0
factory_3,notch_tracking.csv,1,freq_hz,36.127167,36.127167,0.0
factory_3,notch_tracking.csv,1,notch_depth_db,-7.846766,-7.846766,0.0
factory_3,notch_tracking.csv,2,time_s,1.680672,1.680672,0.0
factory_3,notch_tracking.csv,2,freq_hz,76.678787,76.678787,0.0
factory_3,notch_tracking.csv,2,notch_depth_db,-5.551173,-5.551173,0.0
factory_3,notch_tracking.csv,3,time_s,2.823529,2.823529,0.0
factory_3,notch_tracking.csv,3,freq_hz,191.229095,191.229095,0.0
factory_3,notch_tracking.csv,3,notch_depth_db,-11.043255,-11.043255,0.0
factory_3,notch_tracking.csv,4,time_s,3.697479,3.697479,0.0
factory_3,notch_tracking.csv,4,freq_hz,384.63562,384.63562,0.0
factory_3,notch_tracking.csv,4,notch_depth_db,-10.851252,-10.851252,0.0
factory_3,notch_tracking.csv,5,time_s,4.100841,4.100841,0.0
factory_3,notch_tracking.csv,5,freq_hz,531.03656,531.03656,0.0
factory_3,notch_tracking.csv,5,notch_depth_db,-10.645427,-10.645427,0.0
factory_3,notch_tracking.csv,6,time_s,5.445378,5.445378,0.0
factory_3,notch_tracking.csv,6,freq_hz,1556.110962,1556.110962,0.0
factory_3,notch_tracking.csv,6,notch_depth_db,-3.186363,-3.186363,0.0
factory_3,notch_tracking.csv,7,time_s,7.798319,7.798319,0.0
factory_3,notch_tracking.csv,7,freq_hz,10212.776367,10212.776367,0.0
factory_3,notch_tracking.csv,7,notch_depth_db,-4.415247,-4.415247,0.0
factory_3,thd_vs_drive.csv,0,sine_level_db,-24.0,-24.0,0.0
factory_3,thd_vs_drive.csv,0,thd_ratio,0.001268,0.001268,0.0
factory_3,thd_vs_drive.csv,0,thd_db,-57.940163,-57.940163,0.0
factory_3,thd_vs_drive.csv,0,broadband_hf_db,-82.684853,-82.684853,0.0
factory_3,thd_vs_drive.csv,1,sine_level_db,-18.0,-18.0,0.0
factory_3,thd_vs_drive.csv,1,thd_ratio,0.003629,0.003629,0.0
factory_3,thd_vs_drive.csv,1,thd_db,-48.803078,-48.803078,0.0
factory_3,thd_vs_drive.csv,1,broadband_hf_db,-82.68705,-82.68705,0.0
factory_3,thd_vs_drive.csv,2,sine_level_db,-12.0,-12.0,0.0
factory_3,thd_vs_drive.csv,2,thd_ratio,0.013466,0.013466,0.0
factory_3,thd_vs_drive.csv,2,thd_db,-37.415245,-37.415245,0.0
factory_3,thd_vs_drive.csv,2,broadband_hf_db,-82.680992,-82.680992,0.0
factory_3,thd_vs_drive.csv,3,sine_level_db,-6.0,-6.0,0.0
factory_3,thd_vs_drive.csv,3,thd_ratio,0.052147,0.052147,0.0
factory_3,thd_vs_drive.csv,3,thd_db,-25.655487,-25.655487,0.0
factory_3,thd_vs_drive.csv,3,broadband_hf_db,-82.685982,-82.685982,0.0
factory_3,thd_vs_drive.csv,4,sine_level_db,0.0,0.0,0.0
factory_3,thd_vs_drive.csv,4,thd_ratio,0.138568,0.138568,0.0
factory_3,thd_vs_drive.csv,4,thd_db,-17.166731,-17.166731,0.0
factory_3,thd_vs_drive.csv,4,broadband_hf_db,-80.98558,-80.98558,0.0
factory_4,summary.csv,average_tracked_notch_db,value,-5.676984,-5.676984,0.0
factory_4,summary.csv,deepest_tracked_notch_db,value,-8.452547,-8.452547,0.0
factory_4,summary.csv,guitar_broadband_hf_db,value,-80.802803,-80.802803,0.0
factory_4,summary.csv,guitar_lr_correlation,value,0.956309,0.956309,0.0
factory_4,summary.csv,guitar_mono_fold_db,value,-0.114443,-0.114443,0.0
factory_4,summary.csv,guitar_side_to_mid_db,value,-15.734606,-15.734606,0.0
factory_4,summary.csv,sweep_broadband_hf_db,value,-82.543709,-82.543709,0.0
factory_4,summary.csv,sweep_lr_correlation,value,0.983076,0.983076,0.0
factory_4,summary.csv,sweep_mono_fold_db,value,-0.036908,-0.036908,0.0
factory_4,summary.csv,sweep_side_to_mid_db,value,-20.688166,-20.688166,0.0
factory_4,summary.csv,tracked_notch_count,value,13.0,13.0,0.0
factory_4,summary.csv,tracked_notch_high_hz,value,9171.75,9171.75,0.0
factory_4,summary.csv,tracked_notch_low_hz,value,23.499975,23.499975,0.0
factory_4,summary.csv,tracked_notch_span_oct,value,8.608394,8.608394,0.0
factory_4,summary.csv,worst_thd_db,value,-19.760864,-19.760864,0.0
factory_4,frequency_response.csv,0,time_s,0.0,0.0,0.0
factory_4,frequency_response.csv,0,freq_hz,20.0,20.0,0.0
factory_4,frequency_response.csv,0,gain_db,-7.093761,-7.093761,0.0
factory_4,frequency_response.csv,1,time_s,0.067227,0.067227,0.0
factory_4,frequency_response.csv,1,freq_hz,21.104536,21.104536,0.0
factory_4,frequency_response.csv,1,gain_db,-5.914406,-5.914406,0.0
factory_4,frequency_response.csv,2,time_s,0.134454,0.134454,0.0
factory_4,frequency_response.csv,2,freq_hz,22.270071,22.270071,0.0
factory_4,frequency_response.csv,2,gain_db,-6.098578,-6.098578,0.0
factory_4,frequency_response.csv,3,time_s,0.201681,0.201681,0.0
factory_4,frequency_response.csv,3,freq_hz,23.499975,23.499975,0.0
factory_4,frequency_response.csv,3,gain_db,-6.390493,-6.390493,0.0
factory_4,frequency_response.csv,4,time_s,0.268908,0.268908,0.0
factory_4,frequency_response.csv,4,freq_hz,24.797804,24.797804,0.0
factory_4,frequency_response.csv,4,gain_db,-6.080624,-6.080624,0.0
factory_4,frequency_response.csv,5,time_s,0.336134,0.336134,0.0
factory_4,frequency_response.csv,5,freq_hz,26.167307,26.167307,0.0
factory_4,frequency_response.csv,5,gain_db,-6.696972,-6.696972,0.0
factory_4,frequency_response.csv,6,time_s,0.403361,0.403361,0.0
factory_4,frequency_response.csv,6,freq_hz,27.612442,27.612442,0.0
factory_4,frequency_response.csv,6,gain_db,-6.413178,-6.413178,0.0
factory_4,frequency_response.csv,7,time_s,0.470588,0.470588,0.0
factory_4,frequency_response.csv,7,freq_hz,29.13739,29.13739,0.0
factory_4,frequency_response.csv,7,gain_db,-6.895438,-6.895438,0.0
factory_4,frequency_response.csv,8,time_s,0.537815,0.537815,0.0
factory_4,frequency_response.csv,8,freq_hz,30.746555,30.746555,0.0
factory_4,frequency_response.csv,8,gain_db,-6.435562,-6.435562,0.0
factory_4,frequency_response.csv,9,time_s,0.605042,0.605042,0.0
factory_4,frequency_response.csv,9,freq_hz,32.444588,32.444588,0.0
factory_4,frequency_response.csv,9,gain_db,-5.543885,-5.543885,0.0
factory_4,frequency_response.csv,10,time_s,0.672269,0.672269,0.0
factory_4,frequency_response.csv,10,freq_hz,34.236401,34.236401,0.0
factory_4,frequency_response.csv,10,gain_db,-4.186811,-4.186811,0.0
factory_4,frequency_response.csv,11,time_s,0.739496,0.739496,0.0
factory_4,frequency_response.csv,11,freq_hz,36.127167,36.127167,0.0
factory_4,frequency_response.csv,11,gain_db,-3.485756,-3.485756,0.0
factory_4,frequency_response.csv,12,time_s,0.806723,0.806723,0.0
factory_4,frequency_response.csv,12,freq_hz,38.122353,38.122353,0.0
factory_4,frequency_response.csv,12,gain_db,-2.742634,-2.742634,0.0
factory_4,frequency_response.csv,13,time_s,0.87395,0.87395,0.0
factory_4,frequency_response.csv,13,freq_hz,40.22773,40.22773,0.0
factory_4,frequency_response.csv,13,gain_db,-2.202527,-2.202527,0.0
factory_4,frequency_response.csv,14,time_s,0.941177,0.941177,0.0
factory_4,frequency_response.csv,14,freq_hz,42.449379,42.449379,0.0
factory_4,frequency_response.csv,14,gain_db,-2.341574,-2.341574,0.0
factory_4,frequency_response.csv,15,time_s,1.008403,1.008403,0.0
factory_4,frequency_response.csv,15,freq_hz,44.79372,44.79372,0.0
factory_4,frequency_response.csv,15,gain_db,-2.401571,-2.401571,0.0
factory_4,frequency_response.csv,16,time_s,1.07563,1.07563,0.0
factory_4,frequency_response.csv,16,freq_hz,47.267536,47.267536,0.0
factory_4,frequency_response.csv,16,gain_db,-2.346062,-2.346062,0.0
factory_4,frequency_response.csv,17,time_s,1.142857,1.142857,0.0
factory_4,frequency_response.csv,17,freq_hz,49.877968,49.877968,0.0
factory_4,frequency_response.csv,17,gain_db,-2.408528,-2.408528,0.0
factory_4,frequency_response.csv,18,time_s,1.210084,1.210084,0.0
factory_4,frequency_response.csv,18,freq_hz,52.632568,52.632568,0.0
factory_4,frequency_response.csv,18,gain_db,-2.308477,-2.308477,0.0
factory_4,frequency_response.csv,19,time_s,1.277311,1.277311,0.0
factory_4,frequency_response.csv,19,freq_hz,55.539299,55.539299,0.0
factory_4,frequency_response.csv,19,gain_db,-2.282645,-2.282645,0.0
factory_4,frequency_response.csv,20,time_s,1.344538,1.344538,0.0
factory_4,frequency_response.csv,20,freq_hz,58.606552,58.606552,0.0
factory_4,frequency_response.csv,20,gain_db,-2.247282,-2.247282,0.0
factory_4,frequency_response.csv,21,time_s,1.411765,1.411765,0.0
factory_4,frequency_response.csv,21,freq_hz,61.843204,61.843204,0.0
factory_4,frequency_response.csv,21,gain_db,-2.303584,-2.303584,0.0
factory_4,frequency_response.csv,22,time_s,1.478992,1.478992,0.0
factory_4,frequency_response.csv,22,freq_hz,65.258606,65.258606,0.0
factory_4,frequency_response.csv,22,gain_db,-2.258709,-2.258709,0.0
factory_4,frequency_response.csv,23,time_s,1.546218,1.546218,0.0
factory_4,frequency_response.csv,23,freq_hz,68.862625,68.862625,0.0
factory_4,frequency_response.csv,23,gain_db,-2.142306,-2.142306,0.0
factory_4,frequency_response.csv,24,time_s,1.613445,1.613445,0.0
factory_4,frequency_response.csv,24,freq_hz,72.665695,72.665695,0.0
factory_4,frequency_response.csv,24,gain_db,-2.418465,-2.418465,0.0
factory_4,frequency_response.csv,25,time_s,1.680672,1.680672,0.0
factory_4,frequency_response.csv,25,freq_hz,76.678787,76.678787,0.0
factory_4,frequency_response.csv,25,gain_db,-3.166568,-3.166568,0.0
factory_4,frequency_response.csv,26,time_s,1.747899,1.747899,0.0
factory_4,frequency_response.csv,26,freq_hz,80.913506,80.913506,0.0
factory_4,frequency_response.csv,26,gain_db,-4.134755,-4.134755,0.0
factory_4,frequency_response.csv,27,time_s,1.815126,1.815126,0.0
factory_4,frequency_response.csv,27,freq_hz,85.382095,85.382095,0.0
factory_4,frequency_response.csv,27,gain_db,-5.233141,-5.233141,0.0
factory_4,frequency_response.csv,28,time_s,1.882353,1.882353,0.0
factory_4,frequency_response.csv,28,freq_hz,90.097488,90.097488,0.0
factory_4,frequency_response.csv,28,gain_db,-5.989573,-5.989573,0.0
factory_4,frequency_response.csv,29,time_s,1.94958,1.94958,0.0
factory_4,frequency_response.csv,29,freq_hz,95.073273,95.073273,0.0
factory_4,frequency_response.csv,29,gain_db,-6.018526,-6.018526,0.0
factory_4,frequency_response.csv,30,time_s,2.016807,2.016807,0.0
factory_4,frequency_response.csv,30,freq_hz,100.323875,100.323875,0.0
factory_4,frequency_response.csv,30,gain_db,-5.71743,-5.71743,0.0
factory_4,frequency_response.csv,31,time_s,2.084034,2.084034,0.0
factory_4,frequency_response.csv,31,freq_hz,105.864441,105.864441,0.0
factory_4,frequency_response.csv,31,gain_db,-5.000398,-5.000398,0.0
factory_4,frequency_response.csv,32,time_s,2.151261,2.151261,0.0
factory_4,frequency_response.csv,32,freq_hz,111.710999,111.710999,0.0
factory_4,frequency_response.csv,32,gain_db,-4.141129,-4.141129,0.0
factory_4,frequency_response.csv,33,time_s,2.218488,2.218488,0.0
factory_4,frequency_response.csv,33,freq_hz,117.880432,117.880432,0.0
factory_4,frequency_response.csv,33,gain_db,-3.363625,-3.363625,0.0
factory_4,frequency_response.csv,34,time_s,2.285714,2.285714,0.0
factory_4,frequency_response.csv,34,freq_hz,124.390594,124.390594,0.0
factory_4,frequency_response.csv,34,gain_db,-2.95036,-2.95036,0.0
factory_4,frequency_response.csv,35,time_s,2.352941,2.352941,0.0
factory_4,frequency_response.csv,35,freq_hz,131.260284,131.260284,0.0
factory_4,frequency_response.csv,35,gain_db,-3.123989,-3.123989,0.0
factory_4,frequency_response.csv,36,time_s,2.420168,2.420168,0.0
factory_4,frequency_response.csv,36,freq_hz,138.509369,138.509369,0.0
factory_4,frequency_response.csv,36,gain_db,-3.657478,-3.657478,0.0
factory_4,frequency_response.csv,37,time_s,2.487395,2.487395,0.0
factory_4,frequency_response.csv,37,freq_hz,146.158783,146.158783,0.0
factory_4,frequency_response.csv,37,gain_db,-4.836517,-4.836517,0.0
factory_4,frequency_response.csv,38,time_s,2.554622,2.554622,0.0
factory_4,frequency_response.csv,38,freq_hz,154.230667,154.230667,0.0
factory_4,frequency_response.csv,38,gain_db,-6.451695,-6.451695,0.0
factory_4,frequency_response.csv,39,time_s,2.621849,2.621849,0.0
factory_4,frequency_response.csv,39,freq_hz,162.748337,162.748337,0.0
factory_4,frequency_response.csv,39,gain_db,-8.027087,-8.027087,0.0
factory_4,frequency_response.csv,40,time_s,2.689076,2.689076,0.0
factory_4,frequency_response.csv,40,freq_hz,171.73642,171.73642,0.0
factory_4,frequency_response.csv,40,gain_db,-8.452547,-8.452547,0.0
factory_4,frequency_response.csv,41,time_s,2.756303,2.756303,0.0
factory_4,frequency_response.csv,41,freq_hz,181.220856,181.220856,0.0
factory_4,frequency_response.csv,41,gain_db,-7.982578,-7.982578,0.0
factory_4,frequency_response.csv,42,time_s,2.823529,2.823529,0.0
factory_4,frequency_response.csv,42,freq_hz,191.229095,191.229095,0.0
factory_4,frequency_response.csv,42,gain_db,-7.495139,-7.495139,0.0
factory_4,frequency_response.csv,43,time_s,2.890756,2.890756,0.0
factory_4,frequency_response.csv,43,freq_hz,201.79007,201.79007,0.0
factory_4,frequency_response.csv,43,gain_db,-7.486703,-7.486703,0.0
factory_4,frequency_response.csv,44,time_s,2.957983,2.957983,0.0
factory_4,frequency_response.csv,44,freq_hz,212.93428,212.93428,0.0
factory_4,frequency_response.csv,44,gain_db,-7.82916,-7.82916,0.0
factory_4,frequency_response.csv,45,time_s,3.02521,3.02521,0.0
factory_4,frequency_response.csv,45,freq_hz,224.69397,224.69397,0.0
factory_4,frequency_response.csv,45,gain_db,-8.232956,-8.232956,0.0
factory_4,frequency_response.csv,46,time_s,3.092437,3.092437,0.0
factory_4,frequency_response.csv,46,freq_hz,237.103104,237.103104,0.0
factory_4,frequency_response.csv,46,gain_db,-8.122944,-8.122944,0.0
factory_4,frequency_response.csv,47,time_s,3.159664,3.159664,0.0
factory_4,frequency_response.csv,47,freq_hz,250.19754,250.19754,0.0
factory_4,frequency_response.csv,47,gain_db,-7.531133,-7.531133,0.0
factory_4,frequency_response.csv,48,time_s,3.226891,3.226891,0.0
factory_4,frequency_response.csv,48,freq_hz,264.015137,264.015137,0.0
factory_4,frequency_response.csv,48,gain_db,-7.073534,-7.073534,0.0
factory_4,frequency_response.csv,49,time_s,3.294118,3.294118,0.0
factory_4,frequency_response.csv,49,freq_hz,278.595856,278.595856,0.0
factory_4,frequency_response.csv,49,gain_db,-7.327531,-7.327531,0.0
factory_4,frequency_response.csv,50,time_s,3.361345,3.361345,0.0
factory_4,frequency_response.csv,50,freq_hz,293.981812,293.981812,0.0
factory_4,frequency_response.csv,50,gain_db,-7.942245,-7.942245,0.0
factory_4,frequency_response.csv,51,time_s,3.428571,3.428571,0.0
factory_4,frequency_response.csv,51,freq_hz,310.217468,310.217468,0.0
factory_4,frequency_response.csv,51,gain_db,-8.211676,-8.211676,0.0
factory_4,frequency_response.csv,52,time_s,3.495798,3.495798,0.0
factory_4,frequency_response.csv,52,freq_hz,327.349792,327.349792,0.0
factory_4,frequency_response.csv,52,gain_db,-7.22397,-7.22397,0.0
factory_4,frequency_response.csv,53,time_s,3.563025,3.563025,0.0
factory_4,frequency_response.csv,53,freq_hz,345.428284,345.428284,0.0
factory_4,frequency_response.csv,53,gain_db,-5.608293,-5.608293,0.0
factory_4,frequency_response.csv,54,time_s,3.630252,3.630252,0.0
factory_4,frequency_response.csv,54,freq_hz,364.505157,364.505157,0.0
factory_4,frequency_response.csv,54,gain_db,-4.421566,-4.421566,0.0
factory_4,frequency_response.csv,55,time_s,3.697479,3.697479,0.0
factory_4,frequency_response.csv,55,freq_hz,384.63562,384.63562,0.0
factory_4,frequency_response.csv,55,gain_db,-3.824579,-3.824579,0.0
factory_4,frequency_response.csv,56,time_s,3.764706,3.764706,0.0
factory_4,frequency_response.csv,56,freq_hz,405.877808,405.877808,0.0
factory_4,frequency_response.csv,56,gain_db,-3.573011,-3.573011,0.0
factory_4,frequency_response.csv,57,time_s,3.831933,3.831933,0.0
factory_4,frequency_response.csv,57,freq_hz,428.293121,428.293121,0.0
factory_4,frequency_response.csv,57,gain_db,-3.732741,-3.732741,0.0
factory_4,frequency_response.csv,58,time_s,3.89916,3.89916,0.0
factory_4,frequency_response.csv,58,freq_hz,451.946381,451.946381,0.0
factory_4,frequency_response.csv,58,gain_db,-4.243741,-4.243741,0.0
factory_4,frequency_response.csv,59,time_s,3.966387,3.966387,0.0
factory_4,frequency_response.csv,59,freq_hz,476.905945,476.905945,0.0
factory_4,frequency_response.csv,59,gain_db,-5.143116,-5.143116,0.0
factory_4,frequency_response.csv,60,time_s,4.033614,4.033614,0.0
factory_4,frequency_response.csv,60,freq_hz,503.244019,503.244019,0.0
factory_4,frequency_response.csv,60,gain_db,-6.381255,-6.381255,0.0
factory_4,frequency_response.csv,61,time_s,4.100841,4.100841,0.0
factory_4,frequency_response.csv,61,freq_hz,531.03656,531.03656,0.0
factory_4,frequency_response.csv,61,gain_db,-7.351623,-7.351623,0.0
factory_4,frequency_response.csv,62,time_s,4.168067,4.168067,0.0
factory_4,frequency_response.csv,62,freq_hz,560.364014,560.364014,0.0
factory_4,frequency_response.csv,62,gain_db,-7.573311,-7.573311,0.0
factory_4,frequency_response.csv,63,time_s,4.235294,4.235294,0.0
factory_4,frequency_response.csv,63,freq_hz,591.311096,591.311096,0.0
factory_4,frequency_response.csv,63,gain_db,-7.053957,-7.053957,0.0
factory_4,frequency_response.csv,64,time_s,4.302521,4.302521,0.0
factory_4,frequency_response.csv,64,freq_hz,623.967346,623.967346,0.0
factory_4,frequency_response.csv,64,gain_db,-5.999949,-5.999949,0.0
factory_4,frequency_response.csv,65,time_s,4.369748,4.369748,0.0
factory_4,frequency_response.csv,65,freq_hz,658.427063,658.427063,0.0
factory_4,frequency_response.csv,65,gain_db,-4.541142,-4.541142,0.0
factory_4,frequency_response.csv,66,time_s,4.436975,4.436975,0.0
factory_4,frequency_response.csv,66,freq_hz,694.789795,694.789795,0.0
factory_4,frequency_response.csv,66,gain_db,-3.227923,-3.227923,0.0
factory_4,frequency_response.csv,67,time_s,4.504202,4.504202,0.0
factory_4,frequency_response.csv,67,freq_hz,733.160889,733.160889,0.0
factory_4,frequency_response.csv,67,gain_db,-2.461044,-2.461044,0.0
factory_4,frequency_response.csv,68,time_s,4.571429,4.571429,0.0
factory_4,frequency_response.csv,68,freq_hz,773.651001,773.651001,0.0
factory_4,frequency_response.csv,68,gain_db,-2.095856,-2.095856,0.0
factory_4,frequency_response.csv,69,time_s,4.638656,4.638656,0.0
factory_4,frequency_response.csv,69,freq_hz,816.377197,816.377197,0.0
factory_4,frequency_response.csv,69,gain_db,-1.945938,-1.945938,0.0
factory_4,frequency_response.csv,70,time_s,4.705883,4.705883,0.0
factory_4,frequency_response.csv,70,freq_hz,861.463074,861.463074,0.0
factory_4,frequency_response.csv,70,gain_db,-1.914649,-1.914649,0.0
factory_4,frequency_response.csv,71,time_s,4.773109,4.773109,0.0
factory_4,frequency_response.csv,71,freq_hz,909.03894,909.03894,0.0
factory_4,frequency_response.csv,71,gain_db,-1.989724,-1.989724,0.0
factory_4,frequency_response.csv,72,time_s,4.840336,4.840336,0.0
factory_4,frequency_response.csv,72,freq_hz,959.242249,959.242249,0.0
factory_4,frequency_response.csv,72,gain_db,-2.158052,-2.158052,0.0
factory_4,frequency_response.csv,73,time_s,4.907563,4.907563,0.0
factory_4,frequency_response.csv,73,freq_hz,1012.218079,1012.218079,0.0
factory_4,frequency_response.csv,73,gain_db,-2.457096,-2.457096,0.0
factory_4,frequency_response.csv,74,time_s,4.97479,4.97479,0.0
factory_4,frequency_response.csv,74,freq_hz,1068.119629,1068.119629,0.0
factory_4,frequency_response.csv,74,gain_db,-2.933464,-2.933464,0.0
factory_4,frequency_response.csv,75,time_s,5.042017,5.042017,0.0
factory_4,frequency_response.csv,75,freq_hz,1127.108398,1127.108398,0.0
factory_4,frequency_response.csv,75,gain_db,-3.390958,-3.390958,0.0
factory_4,frequency_response.csv,76,time_s,5.109244,5.109244,0.0
factory_4,frequency_response.csv,76,freq_hz,1189.355103,1189.355103,0.0
factory_4,frequency_response.csv,76,gain_db,-3.411389,-3.411389,0.0
factory_4,frequency_response.csv,77,time_s,5.176471,5.176471,0.0
factory_4,frequency_response.csv,77,freq_hz,1255.039307,1255.039307,0.0
factory_4,frequency_response.csv,77,gain_db,-3.051445,-3.051445,0.0
factory_4,frequency_response.csv,78,time_s,5.243698,5.243698,0.0
factory_4,frequency_response.csv,78,freq_hz,1324.351074,1324.351074,0.0
factory_4,frequency_response.csv,78,gain_db,-2.461429,-2.461429,0.0
factory_4,frequency_response.csv,79,time_s,5.310925,5.310925,0.0
factory_4,frequency_response.csv,79,freq_hz,1397.490845,1397.490845,0.0
factory_4,frequency_response.csv,79,gain_db,-1.952986,-1.952986,0.0
factory_4,frequency_response.csv,80,time_s,5.378151,5.378151,0.0
factory_4,frequency_response.csv,80,freq_hz,1474.669678,1474.669678,0.0
factory_4,frequency_response.csv,80,gain_db,-1.702613,-1.702613,0.0
factory_4,frequency_response.csv,81,time_s,5.445378,5.445378,0.0
factory_4,frequency_response.csv,81,freq_hz,1556.110962,1556.110962,0.0
factory_4,frequency_response.csv,81,gain_db,-1.631285,-1.631285,0.0
factory_4,frequency_response.csv,82,time_s,5.512605,5.512605,0.0
factory_4,frequency_response.csv,82,freq_hz,1642.050049,1642.050049,0.0
factory_4,frequency_response.csv,82,gain_db,-1.631701,-1.631701,0.0
factory_4,frequency_response.csv,83,time_s,5.579832,5.579832,0.0
factory_4,frequency_response.csv,83,freq_hz,1732.735107,1732.735107,0.0
factory_4,frequency_response.csv,83,gain_db,-1.654781,-1.654781,0.0
factory_4,frequency_response.csv,84,time_s,5.647059,5.647059,0.0
factory_4,frequency_response.csv,84,freq_hz,1828.428467,1828.428467,0.0
factory_4,frequency_response.csv,84,gain_db,-1.682268,-1.682268,0.0
factory_4,frequency_response.csv,85,time_s,5.714286,5.714286,0.0
factory_4,frequency_response.csv,85,freq_hz,1929.406738,1929.406738,0.0
factory_4,frequency_response.csv,85,gain_db,-1.706339,-1.706339,0.0
factory_4,frequency_response.csv,86,time_s,5.781513,5.781513,0.0
factory_4,frequency_response.csv,86,freq_hz,2035.96167,2035.96167,0.0
factory_4,frequency_response.csv,86,gain_db,-1.721645,-1.721645,0.0
factory_4,frequency_response.csv,87,time_s,5.84874,5.84874,0.0
factory_4,frequency_response.csv,87,freq_hz,2148.401367,2148.401367,0.0
factory_4,frequency_response.csv,87,gain_db,-1.721729,-1.721729,0.0
factory_4,frequency_response.csv,88,time_s,5.915967,5.915967,0.0
factory_4,frequency_response.csv,88,freq_hz,2267.050537,2267.050537,0.0
factory_4,frequency_response.csv,88,gain_db,-1.736879,-1.736879,0.0
factory_4,frequency_response.csv,89,time_s,5.983193,5.983193,0.0
factory_4,frequency_response.csv,89,freq_hz,2392.252441,2392.252441,0.0
factory_4,frequency_response.csv,89,gain_db,-1.77749,-1.77749,0.0
factory_4,frequency_response.csv,90,time_s,6.05042,6.05042,0.0
factory_4,frequency_response.csv,90,freq_hz,2524.368896,2524.368896,0.0
factory_4,frequency_response.csv,90,gain_db,-1.797905,-1.797905,0.0
factory_4,frequency_response.csv,91,time_s,6.117647,6.117647,0.0
factory_4,frequency_response.csv,91,freq_hz,2663.781738,2663.781738,0.0
factory_4,frequency_response.csv,91,gain_db,-1.81558,-1.81558,0.0
factory_4,frequency_response.csv,92,time_s,6.184874,6.184874,0.0
factory_4,frequency_response.csv,92,freq_hz,2810.893799,2810.893799,0.0
factory_4,frequency_response.csv,92,gain_db,-1.882911,-1.882911,0.0
factory_4,frequency_response.csv,93,time_s,6.252101,6.252101,0.0
factory_4,frequency_response.csv,93,freq_hz,2966.130371,2966.130371,0.0
factory_4,frequency_response.csv,93,gain_db,-2.02878,-2.02878,0.0
factory_4,frequency_response.csv,94,time_s,6.319328,6.319328,0.0
factory_4,frequency_response.csv,94,freq_hz,3129.94043,3129.94043,0.0
factory_4,frequency_response.csv,94,gain_db,-2.211596,-2.211596,0.0
factory_4,frequency_response.csv,95,time_s,6.386555,6.386555,0.0
factory_4,frequency_response.csv,95,freq_hz,3302.796875,3302.796875,0.0
factory_4,frequency_response.csv,95,gain_db,-2.385277,-2.385277,0.0
factory_4,frequency_response.csv,96,time_s,6.453782,6.453782,0.0
factory_4,frequency_response.csv,96,freq_hz,3485.199951,3485.199951,0.0
factory_4,frequency_response.csv,96,gain_db,-2.538081,-2.538081,0.0
factory_4,frequency_response.csv,97,time_s,6.521008,6.521008,0.0
factory_4,frequency_response.csv,97,freq_hz,3677.676025,3677.676025,0.0
factory_4,frequency_response.csv,97,gain_db,-2.678289,-2.678289,0.0
factory_4,frequency_response.csv,98,time_s,6.588235,6.588235,0.0
factory_4,frequency_response.csv,98,freq_hz,3880.782471,3880.782471,0.0
factory_4,frequency_response.csv,98,gain_db,-2.7982,-2.7982,0.0
factory_4,frequency_response.csv,99,time_s,6.655462,6.655462,0.0
factory_4,frequency_response.csv,99,freq_hz,4095.105469,4095.105469,0.0
factory_4,frequency_response.csv,99,gain_db,-2.893672,-2.893672,0.0
factory_4,frequency_response.csv,100,time_s,6.722689,6.722689,0.0
factory_4,frequency_response.csv,100,freq_hz,4321.265137,4321.265137,0.0
factory_4,frequency_response.csv,100,gain_db,-2.963277,-2.963277,0.0
factory_4,frequency_response.csv,101,time_s,6.789916,6.789916,0.0
factory_4,frequency_response.csv,101,freq_hz,4559.914551,4559.914551,0.0
factory_4,frequency_response.csv,101,gain_db,-3.012708,-3.012708,0.0
factory_4,frequency_response.csv,102,time_s,6.857143,6.857143,0.0
factory_4,frequency_response.csv,102,freq_hz,4811.744141,4811.744141,0.0
factory_4,frequency_response.csv,102,gain_db,-3.052386,-3.052386,0.0
factory_4,frequency_response.csv,103,time_s,6.92437,6.92437,0.0
factory_4,frequency_response.csv,103,freq_hz,5077.481445,5077.481445,0.0
factory_4,frequency_response.csv,103,gain_db,-3.13617,-3.13617,0.0
factory_4,frequency_response.csv,104,time_s,6.991597,6.991597,0.0
factory_4,frequency_response.csv,104,freq_hz,5357.894531,5357.894531,0.0
factory_4,frequency_response.csv,104,gain_db,-3.310642,-3.310642,0.0
factory_4,frequency_response.csv,105,time_s,7.058824,7.058824,0.0
factory_4,frequency_response.csv,105,freq_hz,5653.793457,5653.793457,0.0
factory_4,frequency_response.csv,105,gain_db,-3.551388,-3.551388,0.0
factory_4,frequency_response.csv,106,time_s,7.12605,7.12605,0.0
factory_4,frequency_response.csv,106,freq_hz,5966.034668,5966.034668,0.0
factory_4,frequency_response.csv,106,gain_db,-3.831345,-3.831345,0.0
factory_4,frequency_response.csv,107,time_s,7.193277,7.193277,0.0
factory_4,frequency_response.csv,107,freq_hz,6295.519531,6295.519531,0.0
factory_4,frequency_response.csv,107,gain_db,-4.099324,-4.099324,0.0
factory_4,frequency_response.csv,108,time_s,7.260504,7.260504,0.0
factory_4,frequency_response.csv,108,freq_hz,6643.200684,6643.200684,0.0
factory_4,frequency_response.csv,108,gain_db,-4.317009,-4.317009,0.0
factory_4,frequency_response.csv,109,time_s,7.327731,7.327731,0.0
factory_4,frequency_response.csv,109,freq_hz,7010.083008,7010.083008,0.0
factory_4,frequency_response.csv,109,gain_db,-4.482056,-4.482056,0.0
factory_4,frequency_response.csv,110,time_s,7.394958,7.394958,0.0
factory_4,frequency_response.csv,110,freq_hz,7397.227539,7397.227539,0.0
factory_4,frequency_response.csv,110,gain_db,-4.605833,-4.605833,0.0
factory_4,frequency_response.csv,111,time_s,7.462185,7.462185,0.0
factory_4,frequency_response.csv,111,freq_hz,7805.752441,7805.752441,0.0
factory_4,frequency_response.csv,111,gain_db,-4.697999,-4.697999,0.0
factory_4,frequency_response.csv,112,time_s,7.529412,7.529412,0.0
factory_4,frequency_response.csv,112,freq_hz,8236.839844,8236.839844,0.0
factory_4,frequency_response.csv,112,gain_db,-4.757029,-4.757029,0.0
factory_4,frequency_response.csv,113,time_s,7.596639,7.596639,0.0
factory_4,frequency_response.csv,113,freq_hz,8691.733398,8691.733398,0.0
factory_4,frequency_response.csv,113,gain_db,-4.790884,-4.790884,0.0
factory_4,frequency_response.csv,114,time_s,7.663866,7.663866,0.0
factory_4,frequency_response.csv,114,freq_hz,9171.75,9171.75,0.0
factory_4,frequency_response.csv,114,gain_db,-4.803801,-4.803801,0.0
factory_4,frequency_response.csv,115,time_s,7.731092,7.731092,0.0
factory_4,frequency_response.csv,115,freq_hz,9678.276367,9678.276367,0.0
factory_4,frequency_response.csv,115,gain_db,-4.798678,-4.798678,0.0
factory_4,frequency_response.csv,116,time_s,7.798319,7.798319,0.0
factory_4,frequency_response.csv,116,freq_hz,10212.776367,10212.776367,0.0
factory_4,frequency_response.csv,116,gain_db,-4.785798,-4.785798,0.0
factory_4,frequency_response.csv,117,time_s,7.865546,7.865546,0.0
factory_4,frequency_response.csv,117,freq_hz,10776.795898,10776.795898,0.0
factory_4,frequency_response.csv,117,gain_db,-4.773811,-4.773811,0.0
factory_4,frequency_response.csv,118,time_s,7.932773,7.932773,0.0
factory_4,frequency_response.csv,118,freq_hz,11371.962891,11371.962891,0.0
factory_4,frequency_response.csv,118,gain_db,-4.767228,-4.767228,0.0
factory_4,frequency_response.csv,119,time_s,8.0,8.0,0.0
factory_4,frequency_response.csv,119,freq_hz,12000.0,12000.0,0.0
factory_4,frequency_response.csv,119,gain_db,-4.757741,-4.757741,0.0
factory_4,notch_tracking.csv,0,time_s,0.201681,0.201681,0.0
factory_4,notch_tracking.csv,0,freq_hz,23.499975,23.499975,0.0
factory_4,notch_tracking.csv,0,notch_depth_db,-6.390493,-6.390493,0.0
factory_4,notch_tracking.csv,1,time_s,0.336134,0.336134,0.0
factory_4,notch_tracking.csv,1,freq_hz,26.167307,26.167307,0.0
factory_4,notch_tracking.csv,1,notch_depth_db,-6.696972,-6.696972,0.0
factory_4,notch_tracking.csv,2,time_s,0.470588,0.470588,0.0
factory_4,notch_tracking.csv,2,freq_hz,29.13739,29.13739,0.0
factory_4,notch_tracking.csv,2,notch_depth_db,-6.895438,-6.895438,0.0
factory_4,notch_tracking.csv,3,time_s,1.008403,1.008403,0.0
factory_4,notch_tracking.csv,3,freq_hz,44.79372,44.79372,0.0
factory_4,notch_tracking.csv,3,notch_depth_db,-2.401571,-2.401571,0.0
factory_4,notch_tracking.csv,4,time_s,1.142857,1.142857,0.0
factory_4,notch_tracking.csv,4,freq_hz,49.877968,49.877968,0.0
factory_4,notch_tracking.csv,4,notch_depth_db,-2.408528,-2.408528,0.0
factory_4,notch_tracking.csv,5,time_s,1.411765,1.411765,0.0
factory_4,notch_tracking.csv,5,freq_hz,61.843204,61.843204,0.0
factory_4,notch_tracking.csv,5,notch_depth_db,-2.303584,-2.303584,0.0
factory_4,notch_tracking.csv,6,time_s,1.94958,1.94958,0.0
factory_4,notch_tracking.csv,6,freq_hz,95.073273,95.073273,0.0
factory_4,notch_tracking.csv,6,notch_depth_db,-6.018526,-6.018526,0.0
factory_4,notch_tracking.csv,7,time_s,2.689076,2.689076,0.0
factory_4,notch_tracking.csv,7,freq_hz,171.73642,171.73642,0.0
factory_4,notch_tracking.csv,7,notch_depth_db,-8.452547,-8.452547,0.0
factory_4,notch_tracking.csv,8,time_s,3.02521,3.02521,0.0
factory_4,notch_tracking.csv,8,freq_hz,224.69397,224.69397,0.0
factory_4,notch_tracking.csv,8,notch_depth_db,-8.232956,-8.232956,0.0
factory_4,notch_tracking.csv,9,time_s,3.428571,3.428571,0.0
factory_4,notch_tracking.csv,9,freq_hz,310.217468,310.217468,0.0
factory_4,notch_tracking.csv,9,notch_depth_db,-8.211676,-8.211676,0.0
factory_4,notch_tracking.csv,10,time_s,4.168067,4.168067,0.0
factory_4,notch_tracking.csv,10,freq_hz,560.364014,560.364014,0.0
factory_4,notch_tracking.csv,10,notch_depth_db,-7.573311,-7.573311,0.0
factory_4,notch_tracking.csv,11,time_s,5.109244,5.109244,0.0
factory_4,notch_tracking.csv,11,freq_hz,1189.355103,1189.355103,0.0
factory_4,notch_tracking.csv,11,notch_depth_db,-3.411389,-3.411389,0.0
factory_4,notch_tracking.csv,12,time_s,7.663866,7.663866,0.0
factory_4,notch_tracking.csv,12,freq_hz,9171.75,9171.75,0.0
factory_4,notch_tracking.csv,12,notch_depth_db,-4.803801,-4.803801,0.0
factory_4,thd_vs_drive.csv,0,sine_level_db,-24.0,-24.0,0.0
factory_4,thd_vs_drive.csv,0,thd_ratio,0.000391,0.000391,0.0
factory_4,thd_vs_drive.csv,0,thd_db,-68.15152,-68.15152,0.0
factory_4,thd_vs_drive.csv,0,broadband_hf_db,-82.678734,-82.678734,0.0
factory_4,thd_vs_drive.csv,1,sine_level_db,-18.0,-18.0,0.0
factory_4,thd_vs_drive.csv,1,thd_ratio,0.001554,0.001554,0.0
factory_4,thd_vs_drive.csv,1,thd_db,-56.168732,-56.168732,0.0
factory_4,thd_vs_drive.csv,1,broadband_hf_db,-82.680084,-82.680084,0.0
factory_4,thd_vs_drive.csv,2,sine_level_db,-12.0,-12.0,0.0
factory_4,thd_vs_drive.csv,2,thd_ratio,0.007069,0.007069,0.0
factory_4,thd_vs_drive.csv,2,thd_db,-43.012547,-43.012547,0.0
factory_4,thd_vs_drive.csv,2,broadband_hf_db,-82.683075,-82.683075,0.0
factory_4,thd_vs_drive.csv,3,sine_level_db,-6.0,-6.0,0.0
factory_4,thd_vs_drive.csv,3,thd_ratio,0.031745,0.031745,0.0
factory_4,thd_vs_drive.csv,3,thd_db,-29.96644,-29.96644,0.0
factory_4,thd_vs_drive.csv,3,broadband_hf_db,-82.685455,-82.685455,0.0
factory_4,thd_vs_drive.csv,4,sine_level_db,0.0,0.0,0.0
factory_4,thd_vs_drive.csv,4,thd_ratio,0.102791,0.102791,0.0
factory_4,thd_vs_drive.csv,4,thd_db,-19.760864,-19.760864,0.0
factory_4,thd_vs_drive.csv,4,broadband_hf_db,-81.871925,-81.871925,0.0
factory_5,summary.csv,average_tracked_notch_db,value,-4.677063,-4.677063,0.0
factory_5,summary.csv,deepest_tracked_notch_db,value,-8.060194,-8.060194,0.0
factory_5,summary.csv,guitar_broadband_hf_db,value,-82.552704,-82.552704,0.0
factory_5,summary.csv,guitar_lr_correlation,value,0.994708,0.994708,0.0
factory_5,summary.csv,guitar_mono_fold_db,value,-0.011509,-0.011509,0.0
factory_5,summary.csv,guitar_side_to_mid_db,value,-25.761688,-25.761688,0.0
factory_5,summary.csv,sweep_broadband_hf_db,value,-81.886688,-81.886688,0.0
factory_5,summary.csv,sweep_lr_correlation,value,0.993867,0.993867,0.0
factory_5,summary.csv,sweep_mono_fold_db,value,-0.013338,-0.013338,0.0
factory_5,summary.csv,sweep_side_to_mid_db,value,-25.120399,-25.120399,0.0
factory_5,summary.csv,tracked_notch_count,value,12.0,12.0,0.0
factory_5,summary.csv,tracked_notch_high_hz,value,1397.490845,1397.490845,0.0
factory_5,summary.csv,tracked_notch_low_hz,value,26.167307,26.167307,0.0
factory_5,summary.csv,tracked_notch_span_oct,value,5.73893,5.73893,0.0
factory_5,summary.csv,worst_thd_db,value,-16.306301,-16.306301,0.0
factory_5,frequency_response.csv,0,time_s,0.0,0.0,0.0
factory_5,frequency_response.csv,0,freq_hz,20.0,20.0,0.0
factory_5,frequency_response.csv,0,gain_db,-19.960548,-19.960548,0.0
factory_5,frequency_response.csv,1,time_s,0.067227,0.067227,0.0
factory_5,frequency_response.csv,1,freq_hz,21.104536,21.104536,0.0
factory_5,frequency_response.csv,1,gain_db,-8.567574,-8.567574,0.0
factory_5,frequency_response.csv,2,time_s,0.134454,0.134454,0.0
factory_5,frequency_response.csv,2,freq_hz,22.270071,22.270071,0.0
factory_5,frequency_response.csv,2,gain_db,-7.970693,-7.970693,0.0
factory_5,frequency_response.csv,3,time_s,0.201681,0.201681,0.0
factory_5,frequency_response.csv,3,freq_hz,23.499975,23.499975,0.0
factory_5,frequency_response.csv,3,gain_db,-7.594676,-7.594676,0.0
factory_5,frequency_response.csv,4,time_s,0.268908,0.268908,0.0
factory_5,frequency_response.csv,4,freq_hz,24.797804,24.797804,0.0
factory_5,frequency_response.csv,4,gain_db,-7.541621,-7.541621,0.0
factory_5,frequency_response.csv,5,time_s,0.336134,0.336134,0.0
factory_5,frequency_response.csv,5,freq_hz,26.167307,26.167307,0.0
factory_5,frequency_response.csv,5,gain_db,-8.060194,-8.060194,0.0
factory_5,frequency_response.csv,6,time_s,0.403361,0.403361,0.0
factory_5,frequency_response.csv,6,freq_hz,27.612442,27.612442,0.0
factory_5,frequency_response.csv,6,gain_db,-7.657142,-7.657142,0.0
factory_5,frequency_response.csv,7,time_s,0.470588,0.470588,0.0
factory_5,frequency_response.csv,7,freq_hz,29.13739,29.13739,0.0
factory_5,frequency_response.csv,7,gain_db,-7.631857,-7.631857,0.0
factory_5,frequency_response.csv,8,time_s,0.537815,0.537815,0.0
factory_5,frequency_response.csv,8,freq_hz,30.746555,30.746555,0.0
factory_5,frequency_response.csv,8,gain_db,-7.320285,-7.320285,0.0
factory_5,frequency_response.csv,9,time_s,0.605042,0.605042,0.0
factory_5,frequency_response.csv,9,freq_hz,32.444588,32.444588,0.0
factory_5,frequency_response.csv,9,gain_db,-7.00996,-7.00996,0.0
factory_5,frequency_response.csv,10,time_s,0.672269,0.672269,0.0
factory_5,frequency_response.csv,10,freq_hz,34.236401,34.236401,0.0
factory_5,frequency_response.csv,10,gain_db,-6.249258,-6.249258,0.0
factory_5,frequency_response.csv,11,time_s,0.739496,0.739496,0.0
factory_5,frequency_response.csv,11,freq_hz,36.127167,36.127167,0.0
factory_5,frequency_response.csv,11,gain_db,-5.462024,-5.462024,0.0
factory_5,frequency_response.csv,12,time_s,0.806723,0.806723,0.0
factory_5,frequency_response.csv,12,freq_hz,38.122353,38.122353,0.0
factory_5,frequency_response.csv,12,gain_db,-5.396708,-5.396708,0.0
factory_5,frequency_response.csv,13,time_s,0.87395,0.87395,0.0
factory_5,frequency_response.csv,13,freq_hz,40.22773,40.22773,0.0
factory_5,frequency_response.csv,13,gain_db,-4.577056,-4.577056,0.0
factory_5,frequency_response.csv,14,time_s,0.941177,0.941177,0.0
factory_5,frequency_response.csv,14,freq_hz,42.449379,42.449379,0.0
factory_5,frequency_response.csv,14,gain_db,-4.308278,-4.308278,0.0
factory_5,frequency_response.csv,15,time_s,1.008403,1.008403,0.0
factory_5,frequency_response.csv,15,freq_hz,44.79372,44.79372,0.0
factory_5,frequency_response.csv,15,gain_db,-4.197935,-4.197935,0.0
factory_5,frequency_response.csv,16,time_s,1.07563,1.07563,0.0
factory_5,frequency_response.csv,16,freq_hz,47.267536,47.267536,0.0
factory_5,frequency_response.csv,16,gain_db,-4.530252,-4.530252,0.0
factory_5,frequency_response.csv,17,time_s,1.142857,1.142857,0.0
factory_5,frequency_response.csv,17,freq_hz,49.877968,49.877968,0.0
factory_5,frequency_response.csv,17,gain_db,-4.254611,-4.254611,0.0
factory_5,frequency_response.csv,18,time_s,1.210084,1.210084,0.0
factory_5,frequency_response.csv,18,freq_hz,52.632568,52.632568,0.0
factory_5,frequency_response.csv,18,gain_db,-4.557649,-4.557649,0.0
factory_5,frequency_response.csv,19,time_s,1.277311,1.277311,0.0
factory_5,frequency_response.csv,19,freq_hz,55.539299,55.539299,0.0
factory_5,frequency_response.csv,19,gain_db,-4.652082,-4.652082,0.0
factory_5,frequency_response.csv,20,time_s,1.344538,1.344538,0.0
factory_5,frequency_response.csv,20,freq_hz,58.606552,58.606552,0.0
factory_5,frequency_response.csv,20,gain_db,-4.508762,-4.508762,0.0
factory_5,frequency_response.csv,21,time_s,1.411765,1.411765,0.0
factory_5,frequency_response.csv,21,freq_hz,61.843204,61.843204,0.0
factory_5,frequency_response.csv,21,gain_db,-4.504415,-4.504415,0.0
factory_5,frequency_response.csv,22,time_s,1.478992,1.478992,0.0
factory_5,frequency_response.csv,22,freq_hz,65.258606,65.258606,0.0
factory_5,frequency_response.csv,22,gain_db,-4.625181,-4.625181,0.0
factory_5,frequency_response.csv,23,time_s,1.546218,1.546218,0.0
factory_5,frequency_response.csv,23,freq_hz,68.862625,68.862625,0.0
factory_5,frequency_response.csv,23,gain_db,-4.330676,-4.330676,0.0
factory_5,frequency_response.csv,24,time_s,1.613445,1.613445,0.0
factory_5,frequency_response.csv,24,freq_hz,72.665695,72.665695,0.0
factory_5,frequency_response.csv,24,gain_db,-4.339365,-4.339365,0.0
factory_5,frequency_response.csv,25,time_s,1.680672,1.680672,0.0
factory_5,frequency_response.csv,25,freq_hz,76.678787,76.678787,0.0
factory_5,frequency_response.csv,25,gain_db,-3.953638,-3.953638,0.0
factory_5,frequency_response.csv,26,time_s,1.747899,1.747899,0.0
factory_5,frequency_response.csv,26,freq_hz,80.913506,80.913506,0.0
factory_5,frequency_response.csv,26,gain_db,-3.781638,-3.781638,0.0
factory_5,frequency_response.csv,27,time_s,1.815126,1.815126,0.0
factory_5,frequency_response.csv,27,freq_hz,85.382095,85.382095,0.0
factory_5,frequency_response.csv,27,gain_db,-4.0721,-4.0721,0.0
factory_5,frequency_response.csv,28,time_s,1.882353,1.882353,0.0
factory_5,frequency_response.csv,28,freq_hz,90.097488,90.097488,0.0
factory_5,frequency_response.csv,28,gain_db,-4.189788,-4.189788,0.0
factory_5,frequency_response.csv,29,time_s,1.94958,1.94958,0.0
factory_5,frequency_response.csv,29,freq_hz,95.073273,95.073273,0.0
factory_5,frequency_response.csv,29,gain_db,-4.16866,-4.16866,0.0
factory_5,frequency_response.csv,30,time_s,2.016807,2.016807,0.0
factory_5,frequency_response.csv,30,freq_hz,100.323875,100.323875,0.0
factory_5,frequency_response.csv,30,gain_db,-4.179987,-4.179987,0.0
factory_5,frequency_response.csv,31,time_s,2.084034,2.084034,0.0
factory_5,frequency_response.csv,31,freq_hz,105.864441,105.864441,0.0
factory_5,frequency_response.csv,31,gain_db,-4.224951,-4.224951,0.0
factory_5,frequency_response.csv,32,time_s,2.151261,2.151261,0.0
factory_5,frequency_response.csv,32,freq_hz,111.710999,111.710999,0.0
factory_5,frequency_response.csv,32,gain_db,-4.487326,-4.487326,0.0
factory_5,frequency_response.csv,33,time_s,2.218488,2.218488,0.0
factory_5,frequency_response.csv,33,freq_hz,117.880432,117.880432,0.0
factory_5,frequency_response.csv,33,gain_db,-4.29179,-4.29179,0.0
factory_5,frequency_response.csv,34,time_s,2.285714,2.285714,0.0
factory_5,frequency_response.csv,34,freq_hz,124.390594,124.390594,0.0
factory_5,frequency_response.csv,34,gain_db,-4.048101,-4.048101,0.0
factory_5,frequency_response.csv,35,time_s,2.352941,2.352941,0.0
factory_5,frequency_response.csv,35,freq_hz,131.260284,131.260284,0.0
factory_5,frequency_response.csv,35,gain_db,-3.701357,-3.701357,0.0
factory_5,frequency_response.csv,36,time_s,2.420168,2.420168,0.0
factory_5,frequency_response.csv,36,freq_hz,138.509369,138.509369,0.0
factory_5,frequency_response.csv,36,gain_db,-3.623147,-3.623147,0.0
factory_5,frequency_response.csv,37,time_s,2.487395,2.487395,0.0
factory_5,frequency_response.csv,37,freq_hz,146.158783,146.158783,0.0
factory_5,frequency_response.csv,37,gain_db,-3.629257,-3.629257,0.0
factory_5,frequency_response.csv,38,time_s,2.554622,2.554622,0.0
factory_5,frequency_response.csv,38,freq_hz,154.230667,154.230667,0.0
factory_5,frequency_response.csv,38,gain_db,-4.056844,-4.056844,0.0
factory_5,frequency_response.csv,39,time_s,2.621849,2.621849,0.0
factory_5,frequency_response.csv,39,freq_hz,162.748337,162.748337,0.0
factory_5,frequency_response.csv,39,gain_db,-4.275833,-4.275833,0.0
factory_5,frequency_response.csv,40,time_s,2.689076,2.689076,0.0
factory_5,frequency_response.csv,40,freq_hz,171.73642,171.73642,0.0
factory_5,frequency_response.csv,40,gain_db,-4.104858,-4.104858,0.0
factory_5,frequency_response.csv,41,time_s,2.756303,2.756303,0.0
factory_5,frequency_response.csv,41,freq_hz,181.220856,181.220856,0.0
factory_5,frequency_response.csv,41,gain_db,-3.766232,-3.766232,0.0
factory_5,frequency_response.csv,42,time_s,2.823529,2.823529,0.0
factory_5,frequency_response.csv,42,freq_hz,191.229095,191.229095,0.0
factory_5,frequency_response.csv,42,gain_db,-3.412733,-3.412733,0.0
factory_5,frequency_response.csv,43,time_s,2.890756,2.890756,0.0
factory_5,frequency_response.csv,43,freq_hz,201.79007,201.79007,0.0
factory_5,frequency_response.csv,43,gain_db,-3.268463,-3.268463,0.0
factory_5,frequency_response.csv,44,time_s,2.957983,2.957983,0.0
factory_5,frequency_response.csv,44,freq_hz,212.93428,212.93428,0.0
factory_5,frequency_response.csv,44,gain_db,-3.332097,-3.332097,0.0
factory_5,frequency_response.csv,45,time_s,3.02521,3.02521,0.0
factory_5,frequency_response.csv,45,freq_hz,224.69397,224.69397,0.0
factory_5,frequency_response.csv,45,gain_db,-3.485067,-3.485067,0.0
factory_5,frequency_response.csv,46,time_s,3.092437,3.092437,0.0
factory_5,frequency_response.csv,46,freq_hz,237.103104,237.103104,0.0
factory_5,frequency_response.csv,46,gain_db,-3.847199,-3.847199,0.0
factory_5,frequency_response.csv,47,time_s,3.159664,3.159664,0.0
factory_5,frequency_response.csv,47,freq_hz,250.19754,250.19754,0.0
factory_5,frequency_response.csv,47,gain_db,-4.19753,-4.19753,0.0
factory_5,frequency_response.csv,48,time_s,3.226891,3.226891,0.0
factory_5,frequency_response.csv,48,freq_hz,264.015137,264.015137,0.0
factory_5,frequency_response.csv,48,gain_db,-4.386533,-4.386533,0.0
factory_5,frequency_response.csv,49,time_s,3.294118,3.294118,0.0
factory_5,frequency_response.csv,49,freq_hz,278.595856,278.595856,0.0
factory_5,frequency_response.csv,49,gain_db,-4.257301,-4.257301,0.0
factory_5,frequency_response.csv,50,time_s,3.361345,3.361345,0.0
factory_5,frequency_response.csv,50,freq_hz,293.981812,293.981812,0.0
factory_5,frequency_response.csv,50,gain_db,-4.213994,-4.213994,0.0
factory_5,frequency_response.csv,51,time_s,3.428571,3.428571,0.0
factory_5,frequency_response.csv,51,freq_hz,310.217468,310.217468,0.0
factory_5,frequency_response.csv,51,gain_db,-4.29385,-4.29385,0.0
factory_5,frequency_response.csv,52,time_s,3.495798,3.495798,0.0
factory_5,frequency_response.csv,52,freq_hz,327.349792,327.349792,0.0
factory_5,frequency_response.csv,52,gain_db,-4.307003,-4.307003,0.0
factory_5,frequency_response.csv,53,time_s,3.563025,3.563025,0.0
factory_5,frequency_response.csv,53,freq_hz,345.428284,345.428284,0.0
factory_5,frequency_response.csv,53,gain_db,-3.995064,-3.995064,0.0
factory_5,frequency_response.csv,54,time_s,3.630252,3.630252,0.0
factory_5,frequency_response.csv,54,freq_hz,364.505157,364.505157,0.0
factory_5,frequency_response.csv,54,gain_db,-3.648865,-3.648865,0.0
factory_5,frequency_response.csv,55,time_s,3.697479,3.697479,0.0
factory_5,frequency_response.csv,55,freq_hz,384.63562,384.63562,0.0
factory_5,frequency_response.csv,55,gain_db,-3.38525,-3.38525,0.0
factory_5,frequency_response.csv,56,time_s,3.764706,3.764706,0.0
factory_5,frequency_response.csv,56,freq_hz,405.877808,405.877808,0.0
factory_5,frequency_response.csv,56,gain_db,-3.193571,-3.193571,0.0
factory_5,frequency_response.csv,57,time_s,3.831933,3.831933,0.0
factory_5,frequency_response.csv,57,freq_hz,428.293121,428.293121,0.0
factory_5,frequency_response.csv,57,gain_db,-3.091944,-3.091944,0.0
factory_5,frequency_response.csv,58,time_s,3.89916,3.89916,0.0
factory_5,frequency_response.csv,58,freq_hz,451.946381,451.946381,0.0
factory_5,frequency_response.csv,58,gain_db,-3.103478,-3.103478,0.0
factory_5,frequency_response.csv,59,time_s,3.966387,3.966387,0.0
factory_5,frequency_response.csv,59,freq_hz,476.905945,476.905945,0.0
factory_5,frequency_response.csv,59,gain_db,-3.192478,-3.192478,0.0
factory_5,frequency_response.csv,60,time_s,4.033614,4.033614,0.0
factory_5,frequency_response.csv,60,freq_hz,503.244019,503.244019,0.0
factory_5,frequency_response.csv,60,gain_db,-3.459563,-3.459563,0.0
factory_5,frequency_response.csv,61,time_s,4.100841,4.100841,0.0
factory_5,frequency_response.csv,61,freq_hz,531.03656,531.03656,0.0
factory_5,frequency_response.csv,61,gain_db,-3.699811,-3.699811,0.0
factory_5,frequency_response.csv,62,time_s,4.168067,4.168067,0.0
factory_5,frequency_response.csv,62,freq_hz,560.364014,560.364014,0.0
factory_5,frequency_response.csv,62,gain_db,-4.010165,-4.010165,0.0
factory_5,frequency_response.csv,63,time_s,4.235294,4.235294,0.0
factory_5,frequency_response.csv,63,freq_hz,591.311096,591.311096,0.0
factory_5,frequency_response.csv,63,gain_db,-4.224182,-4.224182,0.0
factory_5,frequency_response.csv,64,time_s,4.302521,4.302521,0.0
factory_5,frequency_response.csv,64,freq_hz,623.967346,623.967346,0.0
factory_5,frequency_response.csv,64,gain_db,-4.281995,-4.281995,0.0
factory_5,frequency_response.csv,65,time_s,4.369748,4.369748,0.0
factory_5,frequency_response.csv,65,freq_hz,658.427063,658.427063,0.0
factory_5,frequency_response.csv,65,gain_db,-4.18912,-4.18912,0.0
factory_5,frequency_response.csv,66,time_s,4.436975,4.436975,0.0
factory_5,frequency_response.csv,66,freq_hz,694.789795,694.789795,0.0
factory_5,frequency_response.csv,66,gain_db,-3.956406,-3.956406,0.0
factory_5,frequency_response.csv,67,time_s,4.504202,4.504202,0.0
factory_5,frequency_response.csv,67,freq_hz,733.160889,733.160889,0.0
factory_5,frequency_response.csv,67,gain_db,-3.732023,-3.732023,0.0
factory_5,frequency_response.csv,68,time_s,4.571429,4.571429,0.0
factory_5,frequency_response.csv,68,freq_hz,773.651001,773.651001,0.0
factory_5,frequency_response.csv,68,gain_db,-3.490625,-3.490625,0.0
factory_5,frequency_response.csv,69,time_s,4.638656,4.638656,0.0
factory_5,frequency_response.csv,69,freq_hz,816.377197,816.377197,0.0
factory_5,frequency_response.csv,69,gain_db,-3.188495,-3.188495,0.0
factory_5,frequency_response.csv,70,time_s,4.705883,4.705883,0.0
factory_5,frequency_response.csv,70,freq_hz,861.463074,861.463074,0.0
factory_5,frequency_response.csv,70,gain_db,-2.957767,-2.957767,0.0
factory_5,frequency_response.csv,71,time_s,4.773109,4.773109,0.0
factory_5,frequency_response.csv,71,freq_hz,909.03894,909.03894,0.0
factory_5,frequency_response.csv,71,gain_db,-2.867156,-2.867156,0.0
factory_5,frequency_response.csv,72,time_s,4.840336,4.840336,0.0
factory_5,frequency_response.csv,72,freq_hz,959.242249,959.242249,0.0
factory_5,frequency_response.csv,72,gain_db,-2.880525,-2.880525,0.0
factory_5,frequency_response.csv,73,time_s,4.907563,4.907563,0.0
factory_5,frequency_response.csv,73,freq_hz,1012.218079,1012.218079,0.0
factory_5,frequency_response.csv,73,gain_db,-2.996017,-2.996017,0.0
factory_5,frequency_response.csv,74,time_s,4.97479,4.97479,0.0
factory_5,frequency_response.csv,74,freq_hz,1068.119629,1068.119629,0.0
factory_5,frequency_response.csv,74,gain_db,-3.25518,-3.25518,0.0
factory_5,frequency_response.csv,75,time_s,5.042017,5.042017,0.0
factory_5,frequency_response.csv,75,freq_hz,1127.108398,1127.108398,0.0
factory_5,frequency_response.csv,75,gain_db,-3.638785,-3.638785,0.0
factory_5,frequency_response.csv,76,time_s,5.109244,5.109244,0.0
factory_5,frequency_response.csv,76,freq_hz,1189.355103,1189.355103,0.0
factory_5,frequency_response.csv,76,gain_db,-3.886423,-3.886423,0.0
factory_5,frequency_response.csv,77,time_s,5.176471,5.176471,0.0
factory_5,frequency_response.csv,77,freq_hz,1255.039307,1255.039307,0.0
factory_5,frequency_response.csv,77,gain_db,-3.9467,-3.9467,0.0
factory_5,frequency_response.csv,78,time_s,5.243698,5.243698,0.0
factory_5,frequency_response.csv,78,freq_hz,1324.351074,1324.351074,0.0
factory_5,frequency_response.csv,78,gain_db,-3.969346,-3.969346,0.0
factory_5,frequency_response.csv,79,time_s,5.310925,5.310925,0.0
factory_5,frequency_response.csv,79,freq_hz,1397.490845,1397.490845,0.0
factory_5,frequency_response.csv,79,gain_db,-3.989209,-3.989209,0.0
factory_5,frequency_response.csv,80,time_s,5.378151,5.378151,0.0
factory_5,frequency_response.csv,80,freq_hz,1474.669678,1474.669678,0.0
factory_5,frequency_response.csv,80,gain_db,-3.981716,-3.981716,0.0
factory_5,frequency_response.csv,81,time_s,5.445378,5.445378,0.0
factory_5,frequency_response.csv,81,freq_hz,1556.110962,1556.110962,0.0
factory_5,frequency_response.csv,81,gain_db,-3.816636,-3.816636,0.0
factory_5,frequency_response.csv,82,time_s,5.512605,5.512605,0.0
factory_5,frequency_response.csv,82,freq_hz,1642.050049,1642.050049,0.0
factory_5,frequency_response.csv,82,gain_db,-3.57653,-3.57653,0.0
factory_5,frequency_response.csv,83,time_s,5.579832,5.579832,0.0
factory_5,frequency_response.csv,83,freq_hz,1732.735107,1732.735107,0.0
factory_5,frequency_response.csv,83,gain_db,-3.503567,-3.503567,0.0
factory_5,frequency_response.csv,84,time_s,5.647059,5.647059,0.0
factory_5,frequency_response.csv,84,freq_hz,1828.428467,1828.428467,0.0
factory_5,frequency_response.csv,84,gain_db,-3.555981,-3.555981,0.0
factory_5,frequency_response.csv,85,time_s,5.714286,5.714286,0.0
factory_5,frequency_response.csv,85,freq_hz,1929.406738,1929.406738,0.0
factory_5,frequency_response.csv,85,gain_db,-3.650307,-3.650307,0.0
factory_5,frequency_response.csv,86,time_s,5.781513,5.781513,0.0
factory_5,frequency_response.csv,86,freq_hz,2035.96167,2035.96167,0.0
factory_5,frequency_response.csv,86,gain_db,-3.753031,-3.753031,0.0
factory_5,frequency_response.csv,87,time_s,5.84874,5.84874,0.0
factory_5,frequency_response.csv,87,freq_hz,2148.401367,2148.401367,0.0
factory_5,frequency_response.csv,87,gain_db,-3.858848,-3.858848,0.0
factory_5,frequency_response.csv,88,time_s,5.915967,5.915967,0.0
factory_5,frequency_response.csv,88,freq_hz,2267.050537,2267.050537,0.0
factory_5,frequency_response.csv,88,gain_db,-3.989153,-3.989153,0.0
factory_5,frequency_response.csv,89,time_s,5.983193,5.983193,0.0
factory_5,frequency_response.csv,89,freq_hz,2392.252441,2392.252441,0.0
factory_5,frequency_response.csv,89,gain_db,-4.149412,-4.149412,0.0
factory_5,frequency_response.csv,90,time_s,6.05042,6.05042,0.0
factory_5,frequency_response.csv,90,freq_hz,2524.368896,2524.368896,0.0
factory_5,frequency_response.csv,90,gain_db,-4.360543,-4.360543,0.0
factory_5,frequency_response.csv,91,time_s,6.117647,6.117647,0.0
factory_5,frequency_response.csv,91,freq_hz,2663.781738,2663.781738,0.0
factory_5,frequency_response.csv,91,gain_db,-4.524423,-4.524423,0.0
factory_5,frequency_response.csv,92,time_s,6.184874,6.184874,0.0
factory_5,frequency_response.csv,92,freq_hz,2810.893799,2810.893799,0.0
factory_5,frequency_response.csv,92,gain_db,-4.65547,-4.65547,0.0
factory_5,frequency_response.csv,93,time_s,6.252101,6.252101,0.0
factory_5,frequency_response.csv,93,freq_hz,2966.130371,2966.130371,0.0
factory_5,frequency_response.csv,93,gain_db,-4.793489,-4.793489,0.0
factory_5,frequency_response.csv,94,time_s,6.319328,6.319328,0.0
factory_5,frequency_response.csv,94,freq_hz,3129.94043,3129.94043,0.0
factory_5,frequency_response.csv,94,gain_db,-4.943853,-4.943853,0.0
factory_5,frequency_response.csv,95,time_s,6.386555,6.386555,0.0
factory_5,frequency_response.csv,95,freq_hz,3302.796875,3302.796875,0.0
factory_5,frequency_response.csv,95,gain_db,-5.142041,-5.142041,0.0
factory_5,frequency_response.csv,96,time_s,6.453782,6.453782,0.0
factory_5,frequency_response.csv,96,freq_hz,3485.199951,3485.199951,0.0
factory_5,frequency_response.csv,96,gain_db,-5.413175,-5.413175,0.0
factory_5,frequency_response.csv,97,time_s,6.521008,6.521008,0.0
factory_5,frequency_response.csv,97,freq_hz,3677.676025,3677.676025,0.0
factory_5,frequency_response.csv,97,gain_db,-5.729458,-5.729458,0.0
factory_5,frequency_response.csv,98,time_s,6.588235,6.588235,0.0
factory_5,frequency_response.csv,98,freq_hz,3880.782471,3880.782471,0.0
factory_5,frequency_response.csv,98,gain_db,-6.051511,-6.051511,0.0
factory_5,frequency_response.csv,99,time_s,6.655462,6.655462,0.0
factory_5,frequency_response.csv,99,freq_hz,4095.105469,4095.105469,0.0
factory_5,frequency_response.csv,99,gain_db,-6.396191,-6.396191,0.0
factory_5,frequency_response.csv,100,time_s,6.722689,6.722689,0.0
factory_5,frequency_response.csv,100,freq_hz,4321.265137,4321.265137,0.0
factory_5,frequency_response.csv,100,gain_db,-6.743861,-6.743861,0.0
factory_5,frequency_response.csv,101,time_s,6.789916,6.789916,0.0
factory_5,frequency_response.csv,101,freq_hz,4559.914551,4559.914551,0.0
factory_5,frequency_response.csv,101,gain_db,-7.126981,-7.126981,0.0
factory_5,frequency_response.csv,102,time_s,6.857143,6.857143,0.0
factory_5,frequency_response.csv,102,freq_hz,4811.744141,4811.744141,0.0
factory_5,frequency_response.csv,102,gain_db,-7.527869,-7.527869,0.0
factory_5,frequency_response.csv,103,time_s,6.92437,6.92437,0.0
factory_5,frequency_response.csv,103,freq_hz,5077.481445,5077.481445,0.0
factory_5,frequency_response.csv,103,gain_db,-7.959318,-7.959318,0.0
factory_5,frequency_response.csv,104,time_s,6.991597,6.991597,0.0
factory_5,frequency_response.csv,104,freq_hz,5357.894531,5357.894531,0.0
factory_5,frequency_response.csv,104,gain_db,-8.410687,-8.410687,0.0
factory_5,frequency_response.csv,105,time_s,7.058824,7.058824,0.0
factory_5,frequency_response.csv,105,freq_hz,5653.793457,5653.793457,0.0
factory_5,frequency_response.csv,105,gain_db,-8.888525,-8.888525,0.0
factory_5,frequency_response.csv,106,time_s,7.12605,7.12605,0.0
factory_5,frequency_response.csv,106,freq_hz,5966.034668,5966.034668,0.0
factory_5,frequency_response.csv,106,gain_db,-9.426037,-9.426037,0.0
factory_5,frequency_response.csv,107,time_s,7.193277,7.193277,0.0
factory_5,frequency_response.csv,107,freq_hz,6295.519531,6295.519531,0.0
factory_5,frequency_response.csv,107,gain_db,-10.052692,-10.052692,0.0
factory_5,frequency_response.csv,108,time_s,7.260504,7.260504,0.0
factory_5,frequency_response.csv,108,freq_hz,6643.200684,6643.200684,0.0
factory_5,frequency_response.csv,108,gain_db,-10.729591,-10.729591,0.0
factory_5,frequency_response.csv,109,time_s,7.327731,7.327731,0.0
factory_5,frequency_response.csv,109,freq_hz,7010.083008,7010.083008,0.0
factory_5,frequency_response.csv,109,gain_db,-11.432484,-11.432484,0.0
factory_5,frequency_response.csv,110,time_s,7.394958,7.394958,0.0
factory_5,frequency_response.csv,110,freq_hz,7397.227539,7397.227539,0.0
factory_5,frequency_response.csv,110,gain_db,-12.184038,-12.184038,0.0
factory_5,frequency_response.csv,111,time_s,7.462185,7.462185,0.0
factory_5,frequency_response.csv,111,freq_hz,7805.752441,7805.752441,0.0
factory_5,frequency_response.csv,111,gain_db,-12.9355,-12.9355,0.0
factory_5,frequency_response.csv,112,time_s,7.529412,7.529412,0.0
factory_5,frequency_response.csv,112,freq_hz,8236.839844,8236.839844,0.0
factory_5,frequency_response.csv,112,gain_db,-13.740559,-13.740559,0.0
factory_5,frequency_response.csv,113,time_s,7.596639,7.596639,0.0
factory_5,frequency_response.csv,113,freq_hz,8691.733398,8691.733398,0.0
factory_5,frequency_response.csv,113,gain_db,-14.607853,-14.607853,0.0
factory_5,frequency_response.csv,114,time_s,7.663866,7.663866,0.0
factory_5,frequency_response.csv,114,freq_hz,9171.75,9171.75,0.0
factory_5,frequency_response.csv,114,gain_db,-15.538211,-15.538211,0.0
factory_5,frequency_response.csv,115,time_s,7.731092,7.731092,0.0
factory_5,frequency_response.csv,115,freq_hz,9678.276367,9678.276367,0.0
factory_5,frequency_response.csv,115,gain_db,-16.544098,-16.544098,0.0
factory_5,frequency_response.csv,116,time_s,7.798319,7.798319,0.0
factory_5,frequency_response.csv,116,freq_hz,10212.776367,10212.776367,0.0
factory_5,frequency_response.csv,116,gain_db,-17.62204,-17.62204,0.0
factory_5,frequency_response.csv,117,time_s,7.865546,7.865546,0.0
factory_5,frequency_response.csv,117,freq_hz,10776.795898,10776.795898,0.0
factory_5,frequency_response.csv,117,gain_db,-18.780943,-18.780943,0.0
factory_5,frequency_response.csv,118,time_s,7.932773,7.932773,0.0
factory_5,frequency_response.csv,118,freq_hz,11371.962891,11371.962891,0.0
factory_5,frequency_response.csv,118,gain_db,-20.029713,-20.029713,0.0
factory_5,frequency_response.csv,119,time_s,8.0,8.0,0.0
factory_5,frequency_response.csv,119,freq_hz,12000.0,12000.0,0.0
factory_5,frequency_response.csv,119,gain_db,-21.134558,-21.134558,0.0
factory_5,notch_tracking.csv,0,time_s,0.336134,0.336134,0.0
factory_5,notch_tracking.csv,0,freq_hz,26.167307,26.167307,0.0
factory_5,notch_tracking.csv,0,notch_depth_db,-8.060194,-8.060194,0.0
factory_5,notch_tracking.csv,1,time_s,1.07563,1.07563,0.0
factory_5,notch_tracking.csv,1,freq_hz,47.267536,47.267536,0.0
factory_5,notch_tracking.csv,1,notch_depth_db,-4.530252,-4.530252,0.0
factory_5,notch_tracking.csv,2,time_s,1.277311,1.277311,0.0
factory_5,notch_tracking.csv,2,freq_hz,55.539299,55.539299,0.0
factory_5,notch_tracking.csv,2,notch_depth_db,-4.652082,-4.652082,0.0
factory_5,notch_tracking.csv,3,time_s,1.478992,1.478992,0.0
factory_5,notch_tracking.csv,3,freq_hz,65.258606,65.258606,0.0
factory_5,notch_tracking.csv,3,notch_depth_db,-4.625181,-4.625181,0.0
factory_5,notch_tracking.csv,4,time_s,1.613445,1.613445,0.0
factory_5,notch_tracking.csv,4,freq_hz,72.665695,72.665695,0.0
factory_5,notch_tracking.csv,4,notch_depth_db,-4.339365,-4.339365,0.0
factory_5,notch_tracking.csv,5,time_s,1.882353,1.882353,0.0
factory_5,notch_tracking.csv,5,freq_hz,90.097488,90.097488,0.0
factory_5,notch_tracking.csv,5,notch_depth_db,-4.189788,-4.189788,0.0
factory_5,notch_tracking.csv,6,time_s,2.151261,2.151261,0.0
factory_5,notch_tracking.csv,6,freq_hz,111.710999,111.710999,0.0
factory_5,notch_tracking.csv,6,notch_depth_db,-4.487326,-4.487326,0.0
factory_5,notch_tracking.csv,7,time_s,2.621849,2.621849,0.0
factory_5,notch_tracking.csv,7,freq_hz,162.748337,162.748337,0.0
factory_5,notch_tracking.csv,7,notch_depth_db,-4.275833,-4.275833,0.0
factory_5,notch_tracking.csv,8,time_s,3.226891,3.226891,0.0
factory_5,notch_tracking.csv,8,freq_hz,264.015137,264.015137,0.0
factory_5,notch_tracking.csv,8,notch_depth_db,-4.386533,-4.386533,0.0
factory_5,notch_tracking.csv,9,time_s,3.495798,3.495798,0.0
factory_5,notch_tracking.csv,9,freq_hz,327.349792,327.349792,0.0
factory_5,notch_tracking.csv,9,notch_depth_db,-4.307003,-4.307003,0.0
factory_5,notch_tracking.csv,10,time_s,4.302521,4.302521,0.0
factory_5,notch_tracking.csv,10,freq_hz,623.967346,623.967346,0.0
factory_5,notch_tracking.csv,10,notch_depth_db,-4.281995,-4.281995,0.0
factory_5,notch_tracking.csv,11,time_s,5.310925,5.310925,0.0
factory_5,notch_tracking.csv,11,freq_hz,1397.490845,1397.490845,0.0
factory_5,notch_tracking.csv,11,notch_depth_db,-3.989209,-3.989209,0.0
factory_5,thd_vs_drive.csv,0,sine_level_db,-24.0,-24.0,0.0
factory_5,thd_vs_drive.csv,0,thd_ratio,0.003203,0.003203,0.0
factory_5,thd_vs_drive.csv,0,thd_db,-49.888805,-49.888805,0.0
factory_5,thd_vs_drive.csv,0,broadband_hf_db,-82.685013,-82.685013,0.0
factory_5,thd_vs_drive.csv,1,sine_level_db,-18.0,-18.0,0.0
factory_5,thd_vs_drive.csv,1,thd_ratio,0.006596,0.006596,0.0
factory_5,thd_vs_drive.csv,1,thd_db,-43.61414,-43.61414,0.0
factory_5,thd_vs_drive.csv,1,broadband_hf_db,-82.684616,-82.684616,0.0
factory_5,thd_vs_drive.csv,2,sine_level_db,-12.0,-12.0,0.0
factory_5,thd_vs_drive.csv,2,thd_ratio,0.015923,0.015923,0.0
factory_5,thd_vs_drive.csv,2,thd_db,-35.959522,-35.959522,0.0
factory_5,thd_vs_drive.csv,2,broadband_hf_db,-82.680283,-82.680283,0.0
factory_5,thd_vs_drive.csv,3,sine_level_db,-6.0,-6.0,0.0
factory_5,thd_vs_drive.csv,3,thd_ratio,0.047672,0.047672,0.0
factory_5,thd_vs_drive.csv,3,thd_db,-26.434706,-26.434706,0.0
factory_5,thd_vs_drive.csv,3,broadband_hf_db,-82.216454,-82.216454,0.0
factory_5,thd_vs_drive.csv,4,sine_level_db,0.0,0.0,0.0
factory_5,thd_vs_drive.csv,4,thd_ratio,0.152998,0.152998,0.0
factory_5,thd_vs_drive.csv,4,thd_db,-16.306301,-16.306301,0.0
factory_5,thd_vs_drive.csv,4,broadband_hf_db,-81.563347,-81.563347,0.0
factory_6,summary.csv,average_tracked_notch_db,value,-11.506227,-11.506227,0.0
factory_6,summary.csv,deepest_tracked_notch_db,value,-16.946117,-16.946117,0.0
factory_6,summary.csv,guitar_broadband_hf_db,value,-81.007889,-81.007889,0.0
factory_6,summary.csv,guitar_lr_correlation,value,0.912927,0.912927,0.0
factory_6,summary.csv,guitar_mono_fold_db,value,-0.19333,-0.19333,0.0
factory_6,summary.csv,guitar_side_to_mid_db,value,-13.417817,-13.417817,0.0
factory_6,summary.csv,sweep_broadband_hf_db,value,-82.495201,-82.495201,0.0
factory_6,summary.csv,sweep_lr_correlation,value,0.944227,0.944227,0.0
factory_6,summary.csv,sweep_mono_fold_db,value,-0.12283,-0.12283,0.0
factory_6,summary.csv,sweep_side_to_mid_db,value,-15.423227,-15.423227,0.0
factory_6,summary.csv,tracked_notch_count,value,11.0,11.0,0.0
factory_6,summary.csv,tracked_notch_high_hz,value,6295.519531,6295.519531,0.0
factory_6,summary.csv,tracked_notch_low_hz,value,29.13739,29.13739,0.0
factory_6,summary.csv,tracked_notch_span_oct,value,7.75531,7.75531,0.0
factory_6,summary.csv,worst_thd_db,value,-18.018806,-18.018806,0.0
factory_6,frequency_response.csv,0,time_s,0.0,0.0,0.0
factory_6,frequency_response.csv,0,freq_hz,20.0,20.0,0.0
factory_6,frequency_response.csv,0,gain_db,-8.363627,-8.363627,0.0
factory_6,frequency_response.csv,1,time_s,0.067227,0.067227,0.0
factory_6,frequency_response.csv,1,freq_hz,21.104536,21.104536,0.0
factory_6,frequency_response.csv,1,gain_db,-5.489585,-5.489585,0.0
factory_6,frequency_response.csv,2,time_s,0.134454,0.134454,0.0
factory_6,frequency_response.csv,2,freq_hz,22.270071,22.270071,0.0
factory_6,frequency_response.csv,2,gain_db,-5.045605,-5.045605,0.0
factory_6,frequency_response.csv,3,time_s,0.201681,0.201681,0.0
factory_6,frequency_response.csv,3,freq_hz,23.499975,23.499975,0.0
factory_6,frequency_response.csv,3,gain_db,-4.677323,-4.677323,0.0
factory_6,frequency_response.csv,4,time_s,0.268908,0.268908,0.0
factory_6,frequency_response.csv,4,freq_hz,24.797804,24.797804,0.0
factory_6,frequency_response.csv,4,gain_db,-3.735214,-3.735214,0.0
factory_6,frequency_response.csv,5,time_s,0.336134,0.336134,0.0
factory_6,frequency_response.csv,5,freq_hz,26.167307,26.167307,0.0
factory_6,frequency_response.csv,5,gain_db,-5.277599,-5.277599,0.0
factory_6,frequency_response.csv,6,time_s,0.403361,0.403361,0.0
factory_6,frequency_response.csv,6,freq_hz,27.612442,27.612442,0.0
factory_6,frequency_response.csv,6,gain_db,-6.62472,-6.62472,0.0
factory_6,frequency_response.csv,7,time_s,0.470588,0.470588,0.0
factory_6,frequency_response.csv,7,freq_hz,29.13739,29.13739,0.0
factory_6,frequency_response.csv,7,gain_db,-11.291862,-11.291862,0.0
factory_6,frequency_response.csv,8,time_s,0.537815,0.537815,0.0
factory_6,frequency_response.csv,8,freq_hz,30.746555,30.746555,0.0
factory_6,frequency_response.csv,8,gain_db,-10.586927,-10.586927,0.0
factory_6,frequency_response.csv,9,time_s,0.605042,0.605042,0.0
factory_6,frequency_response.csv,9,freq_hz,32.444588,32.444588,0.0
factory_6,frequency_response.csv,9,gain_db,-8.388393,-8.388393,0.0
factory_6,frequency_response.csv,10,time_s,0.672269,0.672269,0.0
factory_6,frequency_response.csv,10,freq_hz,34.236401,34.236401,0.0
factory_6,frequency_response.csv,10,gain_db,-7.788905,-7.788905,0.0
factory_6,frequency_response.csv,11,time_s,0.739496,0.739496,0.0
factory_6,frequency_response.csv,11,freq_hz,36.127167,36.127167,0.0
factory_6,frequency_response.csv,11,gain_db,-7.353911,-7.353911,0.0
factory_6,frequency_response.csv,12,time_s,0.806723,0.806723,0.0
factory_6,frequency_response.csv,12,freq_hz,38.122353,38.122353,0.0
factory_6,frequency_response.csv,12,gain_db,-8.04073,-8.04073,0.0
factory_6,frequency_response.csv,13,time_s,0.87395,0.87395,0.0
factory_6,frequency_response.csv,13,freq_hz,40.22773,40.22773,0.0
factory_6,frequency_response.csv,13,gain_db,-10.2696,-10.2696,0.0
factory_6,frequency_response.csv,14,time_s,0.941177,0.941177,0.0
factory_6,frequency_response.csv,14,freq_hz,42.449379,42.449379,0.0
factory_6,frequency_response.csv,14,gain_db,-11.289719,-11.289719,0.0
factory_6,frequency_response.csv,15,time_s,1.008403,1.008403,0.0
factory_6,frequency_response.csv,15,freq_hz,44.79372,44.79372,0.0
factory_6,frequency_response.csv,15,gain_db,-8.212813,-8.212813,0.0
factory_6,frequency_response.csv,16,time_s,1.07563,1.07563,0.0
factory_6,frequency_response.csv,16,freq_hz,47.267536,47.267536,0.0
factory_6,frequency_response.csv,16,gain_db,-4.766024,-4.766024,0.0
factory_6,frequency_response.csv,17,time_s,1.142857,1.142857,0.0
factory_6,frequency_response.csv,17,freq_hz,49.877968,49.877968,0.0
factory_6,frequency_response.csv,17,gain_db,-2.440479,-2.440479,0.0
factory_6,frequency_response.csv,18,time_s,1.210084,1.210084,0.0
factory_6,frequency_response.csv,18,freq_hz,52.632568,52.632568,0.0
factory_6,frequency_response.csv,18,gain_db,-2.09471,-2.09471,0.0
factory_6,frequency_response.csv,19,time_s,1.277311,1.277311,0.0
factory_6,frequency_response.csv,19,freq_hz,55.539299,55.539299,0.0
factory_6,frequency_response.csv,19,gain_db,-3.648609,-3.648609,0.0
factory_6,frequency_response.csv,20,time_s,1.344538,1.344538,0.0
factory_6,frequency_response.csv,20,freq_hz,58.606552,58.606552,0.0
factory_6,frequency_response.csv,20,gain_db,-5.31945,-5.31945,0.0
factory_6,frequency_response.csv,21,time_s,1.411765,1.411765,0.0
factory_6,frequency_response.csv,21,freq_hz,61.843204,61.843204,0.0
factory_6,frequency_response.csv,21,gain_db,-6.718013,-6.718013,0.0
factory_6,frequency_response.csv,22,time_s,1.478992,1.478992,0.0
factory_6,frequency_response.csv,22,freq_hz,65.258606,65.258606,0.0
factory_6,frequency_response.csv,22,gain_db,-7.757415,-7.757415,0.0
factory_6,frequency_response.csv,23,time_s,1.546218,1.546218,0.0
factory_6,frequency_response.csv,23,freq_hz,68.862625,68.862625,0.0
factory_6,frequency_response.csv,23,gain_db,-8.704713,-8.704713,0.0
factory_6,frequency_response.csv,24,time_s,1.613445,1.613445,0.0
factory_6,frequency_response.csv,24,freq_hz,72.665695,72.665695,0.0
factory_6,frequency_response.csv,24,gain_db,-8.109818,-8.109818,0.0
factory_6,frequency_response.csv,25,time_s,1.680672,1.680672,0.0
factory_6,frequency_response.csv,25,freq_hz,76.678787,76.678787,0.0
factory_6,frequency_response.csv,25,gain_db,-7.177007,-7.177007,0.0
factory_6,frequency_response.csv,26,time_s,1.747899,1.747899,0.0
factory_6,frequency_response.csv,26,freq_hz,80.913506,80.913506,0.0
factory_6,frequency_response.csv,26,gain_db,-5.665656,-5.665656,0.0
factory_6,frequency_response.csv,27,time_s,1.815126,1.815126,0.0
factory_6,frequency_response.csv,27,freq_hz,85.382095,85.382095,0.0
factory_6,frequency_response.csv,27,gain_db,-5.458022,-5.458022,0.0
factory_6,frequency_response.csv,28,time_s,1.882353,1.882353,0.0
factory_6,frequency_response.csv,28,freq_hz,90.097488,90.097488,0.0
factory_6,frequency_response.csv,28,gain_db,-3.230288,-3.230288,0.0
factory_6,frequency_response.csv,29,time_s,1.94958,1.94958,0.0
factory_6,frequency_response.csv,29,freq_hz,95.073273,95.073273,0.0
factory_6,frequency_response.csv,29,gain_db,-3.406585,-3.406585,0.0
factory_6,frequency_response.csv,30,time_s,2.016807,2.016807,0.0
factory_6,frequency_response.csv,30,freq_hz,100.323875,100.323875,0.0
factory_6,frequency_response.csv,30,gain_db,-7.452816,-7.452816,0.0
factory_6,frequency_response.csv,31,time_s,2.084034,2.084034,0.0
factory_6,frequency_response.csv,31,freq_hz,105.864441,105.864441,0.0
factory_6,frequency_response.csv,31,gain_db,-10.07107,-10.07107,0.0
factory_6,frequency_response.csv,32,time_s,2.151261,2.151261,0.0
factory_6,frequency_response.csv,32,freq_hz,111.710999,111.710999,0.0
factory_6,frequency_response.csv,32,gain_db,-9.331345,-9.331345,0.0
factory_6,frequency_response.csv,33,time_s,2.218488,2.218488,0.0
factory_6,frequency_response.csv,33,freq_hz,117.880432,117.880432,0.0
factory_6,frequency_response.csv,33,gain_db,-6.656679,-6.656679,0.0
factory_6,frequency_response.csv,34,time_s,2.285714,2.285714,0.0
factory_6,frequency_response.csv,34,freq_hz,124.390594,124.390594,0.0
factory_6,frequency_response.csv,34,gain_db,-5.087447,-5.087447,0.0
factory_6,frequency_response.csv,35,time_s,2.352941,2.352941,0.0
factory_6,frequency_response.csv,35,freq_hz,131.260284,131.260284,0.0
factory_6,frequency_response.csv,35,gain_db,-3.411189,-3.411189,0.0
factory_6,frequency_response.csv,36,time_s,2.420168,2.420168,0.0
factory_6,frequency_response.csv,36,freq_hz,138.509369,138.509369,0.0
factory_6,frequency_response.csv,36,gain_db,-2.797643,-2.797643,0.0
factory_6,frequency_response.csv,37,time_s,2.487395,2.487395,0.0
factory_6,frequency_response.csv,37,freq_hz,146.158783,146.158783,0.0
factory_6,frequency_response.csv,37,gain_db,-6.678675,-6.678675,0.0
factory_6,frequency_response.csv,38,time_s,2.554622,2.554622,0.0
factory_6,frequency_response.csv,38,freq_hz,154.230667,154.230667,0.0
factory_6,frequency_response.csv,38,gain_db,-14.117281,-14.117281,0.0
factory_6,frequency_response.csv,39,time_s,2.621849,2.621849,0.0
factory_6,frequency_response.csv,39,freq_hz,162.748337,162.748337,0.0
factory_6,frequency_response.csv,39,gain_db,-16.946117,-16.946117,0.0
factory_6,frequency_response.csv,40,time_s,2.689076,2.689076,0.0
factory_6,frequency_response.csv,40,freq_hz,171.73642,171.73642,0.0
factory_6,frequency_response.csv,40,gain_db,-12.192267,-12.192267,0.0
factory_6,frequency_response.csv,41,time_s,2.756303,2.756303,0.0
factory_6,frequency_response.csv,41,freq_hz,181.220856,181.220856,0.0
factory_6,frequency_response.csv,41,gain_db,-9.285646,-9.285646,0.0
factory_6,frequency_response.csv,42,time_s,2.823529,2.823529,0.0
factory_6,frequency_response.csv,42,freq_hz,191.229095,191.229095,0.0
factory_6,frequency_response.csv,42,gain_db,-7.713187,-7.713187,0.0
factory_6,frequency_response.csv,43,time_s,2.890756,2.890756,0.0
factory_6,frequency_response.csv,43,freq_hz,201.79007,201.79007,0.0
factory_6,frequency_response.csv,43,gain_db,-7.039939,-7.039939,0.0
factory_6,frequency_response.csv,44,time_s,2.957983,2.957983,0.0
factory_6,frequency_response.csv,44,freq_hz,212.93428,212.93428,0.0
factory_6,frequency_response.csv,44,gain_db,-6.937218,-6.937218,0.0
factory_6,frequency_response.csv,45,time_s,3.02521,3.02521,0.0
factory_6,frequency_response.csv,45,freq_hz,224.69397,224.69397,0.0
factory_6,frequency_response.csv,45,gain_db,-7.999659,-7.999659,0.0
factory_6,frequency_response.csv,46,time_s,3.092437,3.092437,0.0
factory_6,frequency_response.csv,46,freq_hz,237.103104,237.103104,0.0
factory_6,frequency_response.csv,46,gain_db,-10.536316,-10.536316,0.0
factory_6,frequency_response.csv,47,time_s,3.159664,3.159664,0.0
factory_6,frequency_response.csv,47,freq_hz,250.19754,250.19754,0.0
factory_6,frequency_response.csv,47,gain_db,-13.924835,-13.924835,0.0
factory_6,frequency_response.csv,48,time_s,3.226891,3.226891,0.0
factory_6,frequency_response.csv,48,freq_hz,264.015137,264.015137,0.0
factory_6,frequency_response.csv,48,gain_db,-9.591993,-9.591993,0.0
factory_6,frequency_response.csv,49,time_s,3.294118,3.294118,0.0
factory_6,frequency_response.csv,49,freq_hz,278.595856,278.595856,0.0
factory_6,frequency_response.csv,49,gain_db,-7.403043,-7.403043,0.0
factory_6,frequency_response.csv,50,time_s,3.361345,3.361345,0.0
factory_6,frequency_response.csv,50,freq_hz,293.981812,293.981812,0.0
factory_6,frequency_response.csv,50,gain_db,-3.258598,-3.258598,0.0
factory_6,frequency_response.csv,51,time_s,3.428571,3.428571,0.0
factory_6,frequency_response.csv,51,freq_hz,310.217468,310.217468,0.0
factory_6,frequency_response.csv,51,gain_db,-1.563878,-1.563878,0.0
factory_6,frequency_response.csv,52,time_s,3.495798,3.495798,0.0
factory_6,frequency_response.csv,52,freq_hz,327.349792,327.349792,0.0
factory_6,frequency_response.csv,52,gain_db,-1.625576,-1.625576,0.0
factory_6,frequency_response.csv,53,time_s,3.563025,3.563025,0.0
factory_6,frequency_response.csv,53,freq_hz,345.428284,345.428284,0.0
factory_6,frequency_response.csv,53,gain_db,-1.929295,-1.929295,0.0
factory_6,frequency_response.csv,54,time_s,3.630252,3.630252,0.0
factory_6,frequency_response.csv,54,freq_hz,364.505157,364.505157,0.0
factory_6,frequency_response.csv,54,gain_db,-2.644283,-2.644283,0.0
factory_6,frequency_response.csv,55,time_s,3.697479,3.697479,0.0
factory_6,frequency_response.csv,55,freq_hz,384.63562,384.63562,0.0
factory_6,frequency_response.csv,55,gain_db,-4.404569,-4.404569,0.0
factory_6,frequency_response.csv,56,time_s,3.764706,3.764706,0.0
factory_6,frequency_response.csv,56,freq_hz,405.877808,405.877808,0.0
factory_6,frequency_response.csv,56,gain_db,-10.816067,-10.816067,0.0
factory_6,frequency_response.csv,57,time_s,3.831933,3.831933,0.0
factory_6,frequency_response.csv,57,freq_hz,428.293121,428.293121,0.0
factory_6,frequency_response.csv,57,gain_db,-13.469915,-13.469915,0.0
factory_6,frequency_response.csv,58,time_s,3.89916,3.89916,0.0
factory_6,frequency_response.csv,58,freq_hz,451.946381,451.946381,0.0
factory_6,frequency_response.csv,58,gain_db,-8.14465,-8.14465,0.0
factory_6,frequency_response.csv,59,time_s,3.966387,3.966387,0.0
factory_6,frequency_response.csv,59,freq_hz,476.905945,476.905945,0.0
factory_6,frequency_response.csv,59,gain_db,-4.64859,-4.64859,0.0
factory_6,frequency_response.csv,60,time_s,4.033614,4.033614,0.0
factory_6,frequency_response.csv,60,freq_hz,503.244019,503.244019,0.0
factory_6,frequency_response.csv,60,gain_db,-2.446771,-2.446771,0.0
factory_6,frequency_response.csv,61,time_s,4.100841,4.100841,0.0
factory_6,frequency_response.csv,61,freq_hz,531.03656,531.03656,0.0
factory_6,frequency_response.csv,61,gain_db,-1.432766,-1.432766,0.0
factory_6,frequency_response.csv,62,time_s,4.168067,4.168067,0.0
factory_6,frequency_response.csv,62,freq_hz,560.364014,560.364014,0.0
factory_6,frequency_response.csv,62,gain_db,-1.070499,-1.070499,0.0
factory_6,frequency_response.csv,63,time_s,4.235294,4.235294,0.0
factory_6,frequency_response.csv,63,freq_hz,591.311096,591.311096,0.0
factory_6,frequency_response.csv,63,gain_db,-0.934371,-0.934371,0.0
factory_6,frequency_response.csv,64,time_s,4.302521,4.302521,0.0
factory_6,frequency_response.csv,64,freq_hz,623.967346,623.967346,0.0
factory_6,frequency_response.csv,64,gain_db,-0.924376,-0.924376,0.0
factory_6,frequency_response.csv,65,time_s,4.369748,4.369748,0.0
factory_6,frequency_response.csv,65,freq_hz,658.427063,658.427063,0.0
factory_6,frequency_response.csv,65,gain_db,-1.114812,-1.114812,0.0
factory_6,frequency_response.csv,66,time_s,4.436975,4.436975,0.0
factory_6,frequency_response.csv,66,freq_hz,694.789795,694.789795,0.0
factory_6,frequency_response.csv,66,gain_db,-1.659752,-1.659752,0.0
factory_6,frequency_response.csv,67,time_s,4.504202,4.504202,0.0
factory_6,frequency_response.csv,67,freq_hz,733.160889,733.160889,0.0
factory_6,frequency_response.csv,67,gain_db,-2.463325,-2.463325,0.0
factory_6,frequency_response.csv,68,time_s,4.571429,4.571429,0.0
factory_6,frequency_response.csv,68,freq_hz,773.651001,773.651001,0.0
factory_6,frequency_response.csv,68,gain_db,-4.434515,-4.434515,0.0
factory_6,frequency_response.csv,69,time_s,4.638656,4.638656,0.0
factory_6,frequency_response.csv,69,freq_hz,816.377197,816.377197,0.0
factory_6,frequency_response.csv,69,gain_db,-9.877378,-9.877378,0.0
factory_6,frequency_response.csv,70,time_s,4.705883,4.705883,0.0
factory_6,frequency_response.csv,70,freq_hz,861.463074,861.463074,0.0
factory_6,frequency_response.csv,70,gain_db,-12.506226,-12.506226,0.0
factory_6,frequency_response.csv,71,time_s,4.773109,4.773109,0.0
factory_6,frequency_response.csv,71,freq_hz,909.03894,909.03894,0.0
factory_6,frequency_response.csv,71,gain_db,-10.684858,-10.684858,0.0
factory_6,frequency_response.csv,72,time_s,4.840336,4.840336,0.0
factory_6,frequency_response.csv,72,freq_hz,959.242249,959.242249,0.0
factory_6,frequency_response.csv,72,gain_db,-8.891546,-8.891546,0.0
factory_6,frequency_response.csv,73,time_s,4.907563,4.907563,0.0
factory_6,frequency_response.csv,73,freq_hz,1012.218079,1012.218079,0.0
factory_6,frequency_response.csv,73,gain_db,-9.082315,-9.082315,0.0
factory_6,frequency_response.csv,74,time_s,4.97479,4.97479,0.0
factory_6,frequency_response.csv,74,freq_hz,1068.119629,1068.119629,0.0
factory_6,frequency_response.csv,74,gain_db,-10.836802,-10.836802,0.0
factory_6,frequency_response.csv,75,time_s,5.042017,5.042017,0.0
factory_6,frequency_response.csv,75,freq_hz,1127.108398,1127.108398,0.0
factory_6,frequency_response.csv,75,gain_db,-12.464696,-12.464696,0.0
factory_6,frequency_response.csv,76,time_s,5.109244,5.109244,0.0
factory_6,frequency_response.csv,76,freq_hz,1189.355103,1189.355103,0.0
factory_6,frequency_response.csv,76,gain_db,-9.190122,-9.190122,0.0
factory_6,frequency_response.csv,77,time_s,5.176471,5.176471,0.0
factory_6,frequency_response.csv,77,freq_hz,1255.039307,1255.039307,0.0
factory_6,frequency_response.csv,77,gain_db,-6.042181,-6.042181,0.0
factory_6,frequency_response.csv,78,time_s,5.243698,5.243698,0.0
factory_6,frequency_response.csv,78,freq_hz,1324.351074,1324.351074,0.0
factory_6,frequency_response.csv,78,gain_db,-2.794187,-2.794187,0.0
factory_6,frequency_response.csv,79,time_s,5.310925,5.310925,0.0
factory_6,frequency_response.csv,79,freq_hz,1397.490845,1397.490845,0.0
factory_6,frequency_response.csv,79,gain_db,-1.43853,-1.43853,0.0
factory_6,frequency_response.csv,80,time_s,5.378151,5.378151,0.0
factory_6,frequency_response.csv,80,freq_hz,1474.669678,1474.669678,0.0
factory_6,frequency_response.csv,80,gain_db,-1.369028,-1.369028,0.0
factory_6,frequency_response.csv,81,time_s,5.445378,5.445378,0.0
factory_6,frequency_response.csv,81,freq_hz,1556.110962,1556.110962,0.0
factory_6,frequency_response.csv,81,gain_db,-1.523573,-1.523573,0.0
factory_6,frequency_response.csv,82,time_s,5.512605,5.512605,0.0
factory_6,frequency_response.csv,82,freq_hz,1642.050049,1642.050049,0.0
factory_6,frequency_response.csv,82,gain_db,-1.686286,-1.686286,0.0
factory_6,frequency_response.csv,83,time_s,5.579832,5.579832,0.0
factory_6,frequency_response.csv,83,freq_hz,1732.735107,1732.735107,0.0
factory_6,frequency_response.csv,83,gain_db,-1.833586,-1.833586,0.0
factory_6,frequency_response.csv,84,time_s,5.647059,5.647059,0.0
factory_6,frequency_response.csv,84,freq_hz,1828.428467,1828.428467,0.0
factory_6,frequency_response.csv,84,gain_db,-1.961355,-1.961355,0.0
factory_6,frequency_response.csv,85,time_s,5.714286,5.714286,0.0
factory_6,frequency_response.csv,85,freq_hz,1929.406738,1929.406738,0.0
factory_6,frequency_response.csv,85,gain_db,-2.069058,-2.069058,0.0
factory_6,frequency_response.csv,86,time_s,5.781513,5.781513,0.0
factory_6,frequency_response.csv,86,freq_hz,2035.96167,2035.96167,0.0
factory_6,frequency_response.csv,86,gain_db,-2.126103,-2.126103,0.0
factory_6,frequency_response.csv,87,time_s,5.84874,5.84874,0.0
factory_6,frequency_response.csv,87,freq_hz,2148.401367,2148.401367,0.0
factory_6,frequency_response.csv,87,gain_db,-2.159753,-2.159753,0.0
factory_6,frequency_response.csv,88,time_s,5.915967,5.915967,0.0
factory_6,frequency_response.csv,88,freq_hz,2267.050537,2267.050537,0.0
factory_6,frequency_response.csv,88,gain_db,-2.498438,-2.498438,0.0
factory_6,frequency_response.csv,89,time_s,5.983193,5.983193,0.0
factory_6,frequency_response.csv,89,freq_hz,2392.252441,2392.252441,0.0
factory_6,frequency_response.csv,89,gain_db,-2.96586,-2.96586,0.0
factory_6,frequency_response.csv,90,time_s,6.05042,6.05042,0.0
factory_6,frequency_response.csv,90,freq_hz,2524.368896,2524.368896,0.0
factory_6,frequency_response.csv,90,gain_db,-3.083115,-3.083115,0.0
factory_6,frequency_response.csv,91,time_s,6.117647,6.117647,0.0
factory_6,frequency_response.csv,91,freq_hz,2663.781738,2663.781738,0.0
factory_6,frequency_response.csv,91,gain_db,-5.570805,-5.570805,0.0
factory_6,frequency_response.csv,92,time_s,6.184874,6.184874,0.0
factory_6,frequency_response.csv,92,freq_hz,2810.893799,2810.893799,0.0
factory_6,frequency_response.csv,92,gain_db,-8.994888,-8.994888,0.0
factory_6,frequency_response.csv,93,time_s,6.252101,6.252101,0.0
factory_6,frequency_response.csv,93,freq_hz,2966.130371,2966.130371,0.0
factory_6,frequency_response.csv,93,gain_db,-9.532939,-9.532939,0.0
factory_6,frequency_response.csv,94,time_s,6.319328,6.319328,0.0
factory_6,frequency_response.csv,94,freq_hz,3129.94043,3129.94043,0.0
factory_6,frequency_response.csv,94,gain_db,-7.804207,-7.804207,0.0
factory_6,frequency_response.csv,95,time_s,6.386555,6.386555,0.0
factory_6,frequency_response.csv,95,freq_hz,3302.796875,3302.796875,0.0
factory_6,frequency_response.csv,95,gain_db,-5.784531,-5.784531,0.0
factory_6,frequency_response.csv,96,time_s,6.453782,6.453782,0.0
factory_6,frequency_response.csv,96,freq_hz,3485.199951,3485.199951,0.0
factory_6,frequency_response.csv,96,gain_db,-4.059728,-4.059728,0.0
factory_6,frequency_response.csv,97,time_s,6.521008,6.521008,0.0
factory_6,frequency_response.csv,97,freq_hz,3677.676025,3677.676025,0.0
factory_6,frequency_response.csv,97,gain_db,-2.730193,-2.730193,0.0
factory_6,frequency_response.csv,98,time_s,6.588235,6.588235,0.0
factory_6,frequency_response.csv,98,freq_hz,3880.782471,3880.782471,0.0
factory_6,frequency_response.csv,98,gain_db,-3.212892,-3.212892,0.0
factory_6,frequency_response.csv,99,time_s,6.655462,6.655462,0.0
factory_6,frequency_response.csv,99,freq_hz,4095.105469,4095.105469,0.0
factory_6,frequency_response.csv,99,gain_db,-4.204867,-4.204867,0.0
factory_6,frequency_response.csv,100,time_s,6.722689,6.722689,0.0
factory_6,frequency_response.csv,100,freq_hz,4321.265137,4321.265137,0.0
factory_6,frequency_response.csv,100,gain_db,-4.862097,-4.862097,0.0
factory_6,frequency_response.csv,101,time_s,6.789916,6.789916,0.0
factory_6,frequency_response.csv,101,freq_hz,4559.914551,4559.914551,0.0
factory_6,frequency_response.csv,101,gain_db,-5.272108,-5.272108,0.0
factory_6,frequency_response.csv,102,time_s,6.857143,6.857143,0.0
factory_6,frequency_response.csv,102,freq_hz,4811.744141,4811.744141,0.0
factory_6,frequency_response.csv,102,gain_db,-5.562086,-5.562086,0.0
factory_6,frequency_response.csv,103,time_s,6.92437,6.92437,0.0
factory_6,frequency_response.csv,103,freq_hz,5077.481445,5077.481445,0.0
factory_6,frequency_response.csv,103,gain_db,-5.79406,-5.79406,0.0
factory_6,frequency_response.csv,104,time_s,6.991597,6.991597,0.0
factory_6,frequency_response.csv,104,freq_hz,5357.894531,5357.894531,0.0
factory_6,frequency_response.csv,104,gain_db,-5.992476,-5.992476,0.0
factory_6,frequency_response.csv,105,time_s,7.058824,7.058824,0.0
factory_6,frequency_response.csv,105,freq_hz,5653.793457,5653.793457,0.0
factory_6,frequency_response.csv,105,gain_db,-6.165822,-6.165822,0.0
factory_6,frequency_response.csv,106,time_s,7.12605,7.12605,0.0
factory_6,frequency_response.csv,106,freq_hz,5966.034668,5966.034668,0.0
factory_6,frequency_response.csv,106,gain_db,-6.293591,-6.293591,0.0
factory_6,frequency_response.csv,107,time_s,7.193277,7.193277,0.0
factory_6,frequency_response.csv,107,freq_hz,6295.519531,6295.519531,0.0
factory_6,frequency_response.csv,107,gain_db,-6.36641,-6.36641,0.0
factory_6,frequency_response.csv,108,time_s,7.260504,7.260504,0.0
factory_6,frequency_response.csv,108,freq_hz,6643.200684,6643.200684,0.0
factory_6,frequency_response.csv,108,gain_db,-6.33627,-6.33627,0.0
factory_6,frequency_response.csv,109,time_s,7.327731,7.327731,0.0
factory_6,frequency_response.csv,109,freq_hz,7010.083008,7010.083008,0.0
factory_6,frequency_response.csv,109,gain_db,-6.136096,-6.136096,0.0
factory_6,frequency_response.csv,110,time_s,7.394958,7.394958,0.0
factory_6,frequency_response.csv,110,freq_hz,7397.227539,7397.227539,0.0
factory_6,frequency_response.csv,110,gain_db,-5.754755,-5.754755,0.0
factory_6,frequency_response.csv,111,time_s,7.462185,7.462185,0.0
factory_6,frequency_response.csv,111,freq_hz,7805.752441,7805.752441,0.0
factory_6,frequency_response.csv,111,gain_db,-5.330484,-5.330484,0.0
factory_6,frequency_response.csv,112,time_s,7.529412,7.529412,0.0
factory_6,frequency_response.csv,112,freq_hz,8236.839844,8236.839844,0.0
factory_6,frequency_response.csv,112,gain_db,-4.874358,-4.874358,0.0
factory_6,frequency_response.csv,113,time_s,7.596639,7.596639,0.0
factory_6,frequency_response.csv,113,freq_hz,8691.733398,8691.733398,0.0
factory_6,frequency_response.csv,113,gain_db,-4.636384,-4.636384,0.0
factory_6,frequency_response.csv,114,time_s,7.663866,7.663866,0.0
factory_6,frequency_response.csv,114,freq_hz,9171.75,9171.75,0.0
factory_6,frequency_response.csv,114,gain_db,-4.848989,-4.848989,0.0
factory_6,frequency_response.csv,115,time_s,7.731092,7.731092,0.0
factory_6,frequency_response.csv,115,freq_hz,9678.276367,9678.276367,0.0
factory_6,frequency_response.csv,115,gain_db,-5.251479,-5.251479,0.0
factory_6,frequency_response.csv,116,time_s,7.798319,7.798319,0.0
factory_6,frequency_response.csv,116,freq_hz,10212.776367,10212.776367,0.0
factory_6,frequency_response.csv,116,gain_db,-5.711861,-5.711861,0.0
factory_6,frequency_response.csv,117,time_s,7.865546,7.865546,0.0
factory_6,frequency_response.csv,117,freq_hz,10776.795898,10776.795898,0.0
factory_6,frequency_response.csv,117,gain_db,-6.076703,-6.076703,0.0
factory_6,frequency_response.csv,118,time_s,7.932773,7.932773,0.0
factory_6,frequency_response.csv,118,freq_hz,11371.962891,11371.962891,0.0
factory_6,frequency_response.csv,118,gain_db,-6.260148,-6.260148,0.0
factory_6,frequency_response.csv,119,time_s,8.0,8.0,0.0
factory_6,frequency_response.csv,119,freq_hz,12000.0,12000.0,0.0
factory_6,frequency_response.csv,119,gain_db,-6.304085,-6.304085,0.0
factory_6,notch_tracking.csv,0,time_s,0.470588,0.470588,0.0
factory_6,notch_tracking.csv,0,freq_hz,29.13739,29.13739,0.0
factory_6,notch_tracking.csv,0,notch_depth_db,-11.291862,-11.291862,0.0
factory_6,notch_tracking.csv,1,time_s,0.941177,0.941177,0.0
factory_6,notch_tracking.csv,1,freq_hz,42.449379,42.449379,0.0
factory_6,notch_tracking.csv,1,notch_depth_db,-11.289719,-11.289719,0.0
factory_6,notch_tracking.csv,2,time_s,1.546218,1.546218,0.0
factory_6,notch_tracking.csv,2,freq_hz,68.862625,68.862625,0.0
factory_6,notch_tracking.csv,2,notch_depth_db,-8.704713,-8.704713,0.0
factory_6,notch_tracking.csv,3,time_s,2.084034,2.084034,0.0
factory_6,notch_tracking.csv,3,freq_hz,105.864441,105.864441,0.0
factory_6,notch_tracking.csv,3,notch_depth_db,-10.07107,-10.07107,0.0
factory_6,notch_tracking.csv,4,time_s,2.621849,2.621849,0.0
factory_6,notch_tracking.csv,4,freq_hz,162.748337,162.748337,0.0
factory_6,notch_tracking.csv,4,notch_depth_db,-16.946117,-16.946117,0.0
factory_6,notch_tracking.csv,5,time_s,3.159664,3.159664,0.0
factory_6,notch_tracking.csv,5,freq_hz,250.19754,250.19754,0.0
factory_6,notch_tracking.csv,5,notch_depth_db,-13.924835,-13.924835,0.0
factory_6,notch_tracking.csv,6,time_s,3.831933,3.831933,0.0
factory_6,notch_tracking.csv,6,freq_hz,428.293121,428.293121,0.0
factory_6,notch_tracking.csv,6,notch_depth_db,-13.469915,-13.469915,0.0
factory_6,notch_tracking.csv,7,time_s,4.705883,4.705883,0.0
factory_6,notch_tracking.csv,7,freq_hz,861.463074,861.463074,0.0
factory_6,notch_tracking.csv,7,notch_depth_db,-12.506226,-12.506226,0.0
factory_6,notch_tracking.csv,8,time_s,5.042017,5.042017,0.0
factory_6,notch_tracking.csv,8,freq_hz,1127.108398,1127.108398,0.0
factory_6,notch_tracking.csv,8,notch_depth_db,-12.464696,-12.464696,0.0
factory_6,notch_tracking.csv,9,time_s,6.252101,6.252101,0.0
factory_6,notch_tracking.csv,9,freq_hz,2966.130371,2966.130371,0.0
factory_6,notch_tracking.csv,9,notch_depth_db,-9.532939,-9.532939,0.0
factory_6,notch_tracking.csv,10,time_s,7.193277,7.193277,0.0
factory_6,notch_tracking.csv,10,freq_hz,6295.519531,6295.519531,0.0
factory_6,notch_tracking.csv,10,notch_depth_db,-6.36641,-6.36641,0.0
factory_6,thd_vs_drive.csv,0,sine_level_db,-24.0,-24.0,0.0
factory_6,thd_vs_drive.csv,0,thd_ratio,0.04384,0.04384,0.0
factory_6,thd_vs_drive.csv,0,thd_db,-27.162554,-27.162554,0.0
factory_6,thd_vs_drive.csv,0,broadband_hf_db,-82.68586,-82.68586,0.0
factory_6,thd_vs_drive.csv,1,sine_level_db,-18.0,-18.0,0.0
factory_6,thd_vs_drive.csv,1,thd_ratio,0.084464,0.084464,0.0
factory_6,thd_vs_drive.csv,1,thd_db,-21.46653,-21.46653,0.0
factory_6,thd_vs_drive.csv,1,broadband_hf_db,-82.681786,-82.681786,0.0
factory_6,thd_vs_drive.csv,2,sine_level_db,-12.0,-12.0,0.0
factory_6,thd_vs_drive.csv,2,thd_ratio,0.118469,0.118469,0.0
factory_6,thd_vs_drive.csv,2,thd_db,-18.527889,-18.527889,0.0
factory_6,thd_vs_drive.csv,2,broadband_hf_db,-82.683777,-82.683777,0.0
factory_6,thd_vs_drive.csv,3,sine_level_db,-6.0,-6.0,0.0
factory_6,thd_vs_drive.csv,3,thd_ratio,0.12562,0.12562,0.0
factory_6,thd_vs_drive.csv,3,thd_db,-18.018806,-18.018806,0.0
factory_6,thd_vs_drive.csv,3,broadband_hf_db,-82.092865,-82.092865,0.0
factory_6,thd_vs_drive.csv,4,sine_level_db,0.0,0.0,0.0
factory_6,thd_vs_drive.csv,4,thd_ratio,0.123484,0.123484,0.0
factory_6,thd_vs_drive.csv,4,thd_db,-18.167812,-18.167812,0.0
factory_6,thd_vs_drive.csv,4,broadband_hf_db,-82.063568,-82.063568,0.0
factory_7,summary.csv,average_tracked_notch_db,value,-5.1193,-5.1193,0.0
factory_7,summary.csv,deepest_tracked_notch_db,value,-7.518768,-7.518768,0.0
factory_7,summary.csv,guitar_broadband_hf_db,value,-80.203804,-80.203804,0.0
factory_7,summary.csv,guitar_lr_correlation,value,0.999569,0.999569,0.0
factory_7,summary.csv,guitar_mono_fold_db,value,-0.001002,-0.001002,0.0
factory_7,summary.csv,guitar_side_to_mid_db,value,-36.369633,-36.369633,0.0
factory_7,summary.csv,sweep_broadband_hf_db,value,-82.431107,-82.431107,0.0
factory_7,summary.csv,sweep_lr_correlation,value,0.999789,0.999789,0.0
factory_7,summary.csv,sweep_mono_fold_db,value,-0.000458,-0.000458,0.0
factory_7,summary.csv,sweep_side_to_mid_db,value,-39.76527,-39.76527,0.0
factory_7,summary.csv,tracked_notch_count,value,10.0,10.0,0.0
factory_7,summary.csv,tracked_notch_high_hz,value,9678.276367,9678.276367,0.0
factory_7,summary.csv,tracked_notch_low_hz,value,26.167307,26.167307,0.0
factory_7,summary.csv,tracked_notch_span_oct,value,8.530841,8.530841,0.0
factory_7,summary.csv,worst_thd_db,value,-22.158371,-22.158371,0.0
factory_7,frequency_response.csv,0,time_s,0.0,0.0,0.0
factory_7,frequency_response.csv,0,freq_hz,20.0,20.0,0.0
factory_7,frequency_response.csv,0,gain_db,-6.968469,-6.968469,0.0
factory_7,frequency_response.csv,1,time_s,0.067227,0.067227,0.0
factory_7,frequency_response.csv,1,freq_hz,21.104536,21.104536,0.0
factory_7,frequency_response.csv,1,gain_db,-6.120751,-6.120751,0.0
factory_7,frequency_response.csv,2,time_s,0.134454,0.134454,0.0
factory_7,frequency_response.csv,2,freq_hz,22.270071,22.270071,0.0
factory_7,frequency_response.csv,2,gain_db,-6.068902,-6.068902,0.0
factory_7,frequency_response.csv,3,time_s,0.201681,0.201681,0.0
factory_7,frequency_response.csv,3,freq_hz,23.499975,23.499975,0.0
factory_7,frequency_response.csv,3,gain_db,-5.956633,-5.956633,0.0
factory_7,frequency_response.csv,4,time_s,0.268908,0.268908,0.0
factory_7,frequency_response.csv,4,freq_hz,24.797804,24.797804,0.0
factory_7,frequency_response.csv,4,gain_db,-5.090059,-5.090059,0.0
factory_7,frequency_response.csv,5,time_s,0.336134,0.336134,0.0
factory_7,frequency_response.csv,5,freq_hz,26.167307,26.167307,0.0
factory_7,frequency_response.csv,5,gain_db,-5.332994,-5.332994,0.0
factory_7,frequency_response.csv,6,time_s,0.403361,0.403361,0.0
factory_7,frequency_response.csv,6,freq_hz,27.612442,27.612442,0.0
factory_7,frequency_response.csv,6,gain_db,-4.600445,-4.600445,0.0
factory_7,frequency_response.csv,7,time_s,0.470588,0.470588,0.0
factory_7,frequency_response.csv,7,freq_hz,29.13739,29.13739,0.0
factory_7,frequency_response.csv,7,gain_db,-4.978984,-4.978984,0.0
factory_7,frequency_response.csv,8,time_s,0.537815,0.537815,0.0
factory_7,frequency_response.csv,8,freq_hz,30.746555,30.746555,0.0
factory_7,frequency_response.csv,8,gain_db,-4.736541,-4.736541,0.0
factory_7,frequency_response.csv,9,time_s,0.605042,0.605042,0.0
factory_7,frequency_response.csv,9,freq_hz,32.444588,32.444588,0.0
factory_7,frequency_response.csv,9,gain_db,-4.566204,-4.566204,0.0
factory_7,frequency_response.csv,10,time_s,0.672269,0.672269,0.0
factory_7,frequency_response.csv,10,freq_hz,34.236401,34.236401,0.0
factory_7,frequency_response.csv,10,gain_db,-4.160658,-4.160658,0.0
factory_7,frequency_response.csv,11,time_s,0.739496,0.739496,0.0
factory_7,frequency_response.csv,11,freq_hz,36.127167,36.127167,0.0
factory_7,frequency_response.csv,11,gain_db,-4.327503,-4.327503,0.0
factory_7,frequency_response.csv,12,time_s,0.806723,0.806723,0.0
factory_7,frequency_response.csv,12,freq_hz,38.122353,38.122353,0.0
factory_7,frequency_response.csv,12,gain_db,-4.143874,-4.143874,0.0
factory_7,frequency_response.csv,13,time_s,0.87395,0.87395,0.0
factory_7,frequency_response.csv,13,freq_hz,40.22773,40.22773,0.0
factory_7,frequency_response.csv,13,gain_db,-3.579978,-3.579978,0.0
factory_7,frequency_response.csv,14,time_s,0.941177,0.941177,0.0
factory_7,frequency_response.csv,14,freq_hz,42.449379,42.449379,0.0
factory_7,frequency_response.csv,14,gain_db,-3.612129,-3.612129,0.0
factory_7,frequency_response.csv,15,time_s,1.008403,1.008403,0.0
factory_7,frequency_response.csv,15,freq_hz,44.79372,44.79372,0.0
factory_7,frequency_response.csv,15,gain_db,-3.293466,-3.293466,0.0
factory_7,frequency_response.csv,16,time_s,1.07563,1.07563,0.0
factory_7,frequency_response.csv,16,freq_hz,47.267536,47.267536,0.0
factory_7,frequency_response.csv,16,gain_db,-3.039915,-3.039915,0.0
factory_7,frequency_response.csv,17,time_s,1.142857,1.142857,0.0
factory_7,frequency_response.csv,17,freq_hz,49.877968,49.877968,0.0
factory_7,frequency_response.csv,17,gain_db,-3.205585,-3.205585,0.0
factory_7,frequency_response.csv,18,time_s,1.210084,1.210084,0.0
factory_7,frequency_response.csv,18,freq_hz,52.632568,52.632568,0.0
factory_7,frequency_response.csv,18,gain_db,-3.074043,-3.074043,0.0
factory_7,frequency_response.csv,19,time_s,1.277311,1.277311,0.0
factory_7,frequency_response.csv,19,freq_hz,55.539299,55.539299,0.0
factory_7,frequency_response.csv,19,gain_db,-3.108161,-3.108161,0.0
factory_7,frequency_response.csv,20,time_s,1.344538,1.344538,0.0
factory_7,frequency_response.csv,20,freq_hz,58.606552,58.606552,0.0
factory_7,frequency_response.csv,20,gain_db,-3.225198,-3.225198,0.0
factory_7,frequency_response.csv,21,time_s,1.411765,1.411765,0.0
factory_7,frequency_response.csv,21,freq_hz,61.843204,61.843204,0.0
factory_7,frequency_response.csv,21,gain_db,-3.497131,-3.497131,0.0
factory_7,frequency_response.csv,22,time_s,1.478992,1.478992,0.0
factory_7,frequency_response.csv,22,freq_hz,65.258606,65.258606,0.0
factory_7,frequency_response.csv,22,gain_db,-3.800843,-3.800843,0.0
factory_7,frequency_response.csv,23,time_s,1.546218,1.546218,0.0
factory_7,frequency_response.csv,23,freq_hz,68.862625,68.862625,0.0
factory_7,frequency_response.csv,23,gain_db,-4.229741,-4.229741,0.0
factory_7,frequency_response.csv,24,time_s,1.613445,1.613445,0.0
factory_7,frequency_response.csv,24,freq_hz,72.665695,72.665695,0.0
factory_7,frequency_response.csv,24,gain_db,-4.522615,-4.522615,0.0
factory_7,frequency_response.csv,25,time_s,1.680672,1.680672,0.0
factory_7,frequency_response.csv,25,freq_hz,76.678787,76.678787,0.0
factory_7,frequency_response.csv,25,gain_db,-4.993969,-4.993969,0.0
factory_7,frequency_response.csv,26,time_s,1.747899,1.747899,0.0
factory_7,frequency_response.csv,26,freq_hz,80.913506,80.913506,0.0
factory_7,frequency_response.csv,26,gain_db,-5.278434,-5.278434,0.0
factory_7,frequency_response.csv,27,time_s,1.815126,1.815126,0.0
factory_7,frequency_response.csv,27,freq_hz,85.382095,85.382095,0.0
factory_7,frequency_response.csv,27,gain_db,-5.654126,-5.654126,0.0
factory_7,frequency_response.csv,28,time_s,1.882353,1.882353,0.0
factory_7,frequency_response.csv,28,freq_hz,90.097488,90.097488,0.0
factory_7,frequency_response.csv,28,gain_db,-5.959316,-5.959316,0.0
factory_7,frequency_response.csv,29,time_s,1.94958,1.94958,0.0
factory_7,frequency_response.csv,29,freq_hz,95.073273,95.073273,0.0
factory_7,frequency_response.csv,29,gain_db,-6.060039,-6.060039,0.0
factory_7,frequency_response.csv,30,time_s,2.016807,2.016807,0.0
factory_7,frequency_response.csv,30,freq_hz,100.323875,100.323875,0.0
factory_7,frequency_response.csv,30,gain_db,-6.229374,-6.229374,0.0
factory_7,frequency_response.csv,31,time_s,2.084034,2.084034,0.0
factory_7,frequency_response.csv,31,freq_hz,105.864441,105.864441,0.0
factory_7,frequency_response.csv,31,gain_db,-6.298967,-6.298967,0.0
factory_7,frequency_response.csv,32,time_s,2.151261,2.151261,0.0
factory_7,frequency_response.csv,32,freq_hz,111.710999,111.710999,0.0
factory_7,frequency_response.csv,32,gain_db,-6.319506,-6.319506,0.0
factory_7,frequency_response.csv,33,time_s,2.218488,2.218488,0.0
factory_7,frequency_response.csv,33,freq_hz,117.880432,117.880432,0.0
factory_7,frequency_response.csv,33,gain_db,-6.278029,-6.278029,0.0
factory_7,frequency_response.csv,34,time_s,2.285714,2.285714,0.0
factory_7,frequency_response.csv,34,freq_hz,124.390594,124.390594,0.0
factory_7,frequency_response.csv,34,gain_db,-6.220277,-6.220277,0.0
factory_7,frequency_response.csv,35,time_s,2.352941,2.352941,0.0
factory_7,frequency_response.csv,35,freq_hz,131.260284,131.260284,0.0
factory_7,frequency_response.csv,35,gain_db,-6.24659,-6.24659,0.0
factory_7,frequency_response.csv,36,time_s,2.420168,2.420168,0.0
factory_7,frequency_response.csv,36,freq_hz,138.509369,138.509369,0.0
factory_7,frequency_response.csv,36,gain_db,-6.207446,-6.207446,0.0
factory_7,frequency_response.csv,37,time_s,2.487395,2.487395,0.0
factory_7,frequency_response.csv,37,freq_hz,146.158783,146.158783,0.0
factory_7,frequency_response.csv,37,gain_db,-6.237106,-6.237106,0.0
factory_7,frequency_response.csv,38,time_s,2.554622,2.554622,0.0
factory_7,frequency_response.csv,38,freq_hz,154.230667,154.230667,0.0
factory_7,frequency_response.csv,38,gain_db,-6.242337,-6.242337,0.0
factory_7,frequency_response.csv,39,time_s,2.621849,2.621849,0.0
factory_7,frequency_response.csv,39,freq_hz,162.748337,162.748337,0.0
factory_7,frequency_response.csv,39,gain_db,-6.383032,-6.383032,0.0
factory_7,frequency_response.csv,40,time_s,2.689076,2.689076,0.0
factory_7,frequency_response.csv,40,freq_hz,171.73642,171.73642,0.0
factory_7,frequency_response.csv,40,gain_db,-6.570912,-6.570912,0.0
factory_7,frequency_response.csv,41,time_s,2.756303,2.756303,0.0
factory_7,frequency_response.csv,41,freq_hz,181.220856,181.220856,0.0
factory_7,frequency_response.csv,41,gain_db,-6.819105,-6.819105,0.0
factory_7,frequency_response.csv,42,time_s,2.823529,2.823529,0.0
factory_7,frequency_response.csv,42,freq_hz,191.229095,191.229095,0.0
factory_7,frequency_response.csv,42,gain_db,-7.042433,-7.042433,0.0
factory_7,frequency_response.csv,43,time_s,2.890756,2.890756,0.0
factory_7,frequency_response.csv,43,freq_hz,201.79007,201.79007,0.0
factory_7,frequency_response.csv,43,gain_db,-7.282566,-7.282566,0.0
factory_7,frequency_response.csv,44,time_s,2.957983,2.957983,0.0
factory_7,frequency_response.csv,44,freq_hz,212.93428,212.93428,0.0
factory_7,frequency_response.csv,44,gain_db,-7.476076,-7.476076,0.0
factory_7,frequency_response.csv,45,time_s,3.02521,3.02521,0.0
factory_7,frequency_response.csv,45,freq_hz,224.69397,224.69397,0.0
factory_7,frequency_response.csv,45,gain_db,-7.518768,-7.518768,0.0
factory_7,frequency_response.csv,46,time_s,3.092437,3.092437,0.0
factory_7,frequency_response.csv,46,freq_hz,237.103104,237.103104,0.0
factory_7,frequency_response.csv,46,gain_db,-7.403879,-7.403879,0.0
factory_7,frequency_response.csv,47,time_s,3.159664,3.159664,0.0
factory_7,frequency_response.csv,47,freq_hz,250.19754,250.19754,0.0
factory_7,frequency_response.csv,47,gain_db,-7.115353,-7.115353,0.0
factory_7,frequency_response.csv,48,time_s,3.226891,3.226891,0.0
factory_7,frequency_response.csv,48,freq_hz,264.015137,264.015137,0.0
factory_7,frequency_response.csv,48,gain_db,-6.716651,-6.716651,0.0
factory_7,frequency_response.csv,49,time_s,3.294118,3.294118,0.0
factory_7,frequency_response.csv,49,freq_hz,278.595856,278.595856,0.0
factory_7,frequency_response.csv,49,gain_db,-6.250379,-6.250379,0.0
factory_7,frequency_response.csv,50,time_s,3.361345,3.361345,0.0
factory_7,frequency_response.csv,50,freq_hz,293.981812,293.981812,0.0
factory_7,frequency_response.csv,50,gain_db,-5.798864,-5.798864,0.0
factory_7,frequency_response.csv,51,time_s,3.428571,3.428571,0.0
factory_7,frequency_response.csv,51,freq_hz,310.217468,310.217468,0.0
factory_7,frequency_response.csv,51,gain_db,-5.373722,-5.373722,0.0
factory_7,frequency_response.csv,52,time_s,3.495798,3.495798,0.0
factory_7,frequency_response.csv,52,freq_hz,327.349792,327.349792,0.0
factory_7,frequency_response.csv,52,gain_db,-5.045976,-5.045976,0.0
factory_7,frequency_response.csv,53,time_s,3.563025,3.563025,0.0
factory_7,frequency_response.csv,53,freq_hz,345.428284,345.428284,0.0
factory_7,frequency_response.csv,53,gain_db,-4.759295,-4.759295,0.0
factory_7,frequency_response.csv,54,time_s,3.630252,3.630252,0.0
factory_7,frequency_response.csv,54,freq_hz,364.505157,364.505157,0.0
factory_7,frequency_response.csv,54,gain_db,-4.557294,-4.557294,0.0
factory_7,frequency_response.csv,55,time_s,3.697479,3.697479,0.0
factory_7,frequency_response.csv,55,freq_hz,384.63562,384.63562,0.0
factory_7,frequency_response.csv,55,gain_db,-4.436712,-4.436712,0.0
factory_7,frequency_response.csv,56,time_s,3.764706,3.764706,0.0
factory_7,frequency_response.csv,56,freq_hz,405.877808,405.877808,0.0
factory_7,frequency_response.csv,56,gain_db,-4.340189,-4.340189,0.0
factory_7,frequency_response.csv,57,time_s,3.831933,3.831933,0.0
factory_7,frequency_response.csv,57,freq_hz,428.293121,428.293121,0.0
factory_7,frequency_response.csv,57,gain_db,-4.293242,-4.293242,0.0
factory_7,frequency_response.csv,58,time_s,3.89916,3.89916,0.0
factory_7,frequency_response.csv,58,freq_hz,451.946381,451.946381,0.0
factory_7,frequency_response.csv,58,gain_db,-4.289653,-4.289653,0.0
factory_7,frequency_response.csv,59,time_s,3.966387,3.966387,0.0
factory_7,frequency_response.csv,59,freq_hz,476.905945,476.905945,0.0
factory_7,frequency_response.csv,59,gain_db,-4.305758,-4.305758,0.0
factory_7,frequency_response.csv,60,time_s,4.033614,4.033614,0.0
factory_7,frequency_response.csv,60,freq_hz,503.244019,503.244019,0.0
factory_7,frequency_response.csv,60,gain_db,-4.366217,-4.366217,0.0
factory_7,frequency_response.csv,61,time_s,4.100841,4.100841,0.0
factory_7,frequency_response.csv,61,freq_hz,531.03656,531.03656,0.0
factory_7,frequency_response.csv,61,gain_db,-4.429053,-4.429053,0.0
factory_7,frequency_response.csv,62,time_s,4.168067,4.168067,0.0
factory_7,frequency_response.csv,62,freq_hz,560.364014,560.364014,0.0
factory_7,frequency_response.csv,62,gain_db,-4.497536,-4.497536,0.0
factory_7,frequency_response.csv,63,time_s,4.235294,4.235294,0.0
factory_7,frequency_response.csv,63,freq_hz,591.311096,591.311096,0.0
factory_7,frequency_response.csv,63,gain_db,-4.547174,-4.547174,0.0
factory_7,frequency_response.csv,64,time_s,4.302521,4.302521,0.0
factory_7,frequency_response.csv,64,freq_hz,623.967346,623.967346,0.0
factory_7,frequency_response.csv,64,gain_db,-4.572841,-4.572841,0.0
factory_7,frequency_response.csv,65,time_s,4.369748,4.369748,0.0
factory_7,frequency_response.csv,65,freq_hz,658.427063,658.427063,0.0
factory_7,frequency_response.csv,65,gain_db,-4.560503,-4.560503,0.0
factory_7,frequency_response.csv,66,time_s,4.436975,4.436975,0.0
factory_7,frequency_response.csv,66,freq_hz,694.789795,694.789795,0.0
factory_7,frequency_response.csv,66,gain_db,-4.472721,-4.472721,0.0
factory_7,frequency_response.csv,67,time_s,4.504202,4.504202,0.0
factory_7,frequency_response.csv,67,freq_hz,733.160889,733.160889,0.0
factory_7,frequency_response.csv,67,gain_db,-4.352173,-4.352173,0.0
factory_7,frequency_response.csv,68,time_s,4.571429,4.571429,0.0
factory_7,frequency_response.csv,68,freq_hz,773.651001,773.651001,0.0
factory_7,frequency_response.csv,68,gain_db,-4.175913,-4.175913,0.0
factory_7,frequency_response.csv,69,time_s,4.638656,4.638656,0.0
factory_7,frequency_response.csv,69,freq_hz,816.377197,816.377197,0.0
factory_7,frequency_response.csv,69,gain_db,-3.967555,-3.967555,0.0
factory_7,frequency_response.csv,70,time_s,4.705883,4.705883,0.0
factory_7,frequency_response.csv,70,freq_hz,861.463074,861.463074,0.0
factory_7,frequency_response.csv,70,gain_db,-3.737681,-3.737681,0.0
factory_7,frequency_response.csv,71,time_s,4.773109,4.773109,0.0
factory_7,frequency_response.csv,71,freq_hz,909.03894,909.03894,0.0
factory_7,frequency_response.csv,71,gain_db,-3.506323,-3.506323,0.0
factory_7,frequency_response.csv,72,time_s,4.840336,4.840336,0.0
factory_7,frequency_response.csv,72,freq_hz,959.242249,959.242249,0.0
factory_7,frequency_response.csv,72,gain_db,-3.300919,-3.300919,0.0
factory_7,frequency_response.csv,73,time_s,4.907563,4.907563,0.0
factory_7,frequency_response.csv,73,freq_hz,1012.218079,1012.218079,0.0
factory_7,frequency_response.csv,73,gain_db,-3.127129,-3.127129,0.0
factory_7,frequency_response.csv,74,time_s,4.97479,4.97479,0.0
factory_7,frequency_response.csv,74,freq_hz,1068.119629,1068.119629,0.0
factory_7,frequency_response.csv,74,gain_db,-2.994581,-2.994581,0.0
factory_7,frequency_response.csv,75,time_s,5.042017,5.042017,0.0
factory_7,frequency_response.csv,75,freq_hz,1127.108398,1127.108398,0.0
factory_7,frequency_response.csv,75,gain_db,-2.896804,-2.896804,0.0
factory_7,frequency_response.csv,76,time_s,5.109244,5.109244,0.0
factory_7,frequency_response.csv,76,freq_hz,1189.355103,1189.355103,0.0
factory_7,frequency_response.csv,76,gain_db,-2.829901,-2.829901,0.0
factory_7,frequency_response.csv,77,time_s,5.176471,5.176471,0.0
factory_7,frequency_response.csv,77,freq_hz,1255.039307,1255.039307,0.0
factory_7,frequency_response.csv,77,gain_db,-2.796314,-2.796314,0.0
factory_7,frequency_response.csv,78,time_s,5.243698,5.243698,0.0
factory_7,frequency_response.csv,78,freq_hz,1324.351074,1324.351074,0.0
factory_7,frequency_response.csv,78,gain_db,-2.777961,-2.777961,0.0
factory_7,frequency_response.csv,79,time_s,5.310925,5.310925,0.0
factory_7,frequency_response.csv,79,freq_hz,1397.490845,1397.490845,0.0
factory_7,frequency_response.csv,79,gain_db,-2.773602,-2.773602,0.0
factory_7,frequency_response.csv,80,time_s,5.378151,5.378151,0.0
factory_7,frequency_response.csv,80,freq_hz,1474.669678,1474.669678,0.0
factory_7,frequency_response.csv,80,gain_db,-2.779913,-2.779913,0.0
factory_7,frequency_response.csv,81,time_s,5.445378,5.445378,0.0
factory_7,frequency_response.csv,81,freq_hz,1556.110962,1556.110962,0.0
factory_7,frequency_response.csv,81,gain_db,-2.791914,-2.791914,0.0
factory_7,frequency_response.csv,82,time_s,5.512605,5.512605,0.0
factory_7,frequency_response.csv,82,freq_hz,1642.050049,1642.050049,0.0
factory_7,frequency_response.csv,82,gain_db,-2.808126,-2.808126,0.0
factory_7,frequency_response.csv,83,time_s,5.579832,5.579832,0.0
factory_7,frequency_response.csv,83,freq_hz,1732.735107,1732.735107,0.0
factory_7,frequency_response.csv,83,gain_db,-2.827133,-2.827133,0.0
factory_7,frequency_response.csv,84,time_s,5.647059,5.647059,0.0
factory_7,frequency_response.csv,84,freq_hz,1828.428467,1828.428467,0.0
factory_7,frequency_response.csv,84,gain_db,-2.848047,-2.848047,0.0
factory_7,frequency_response.csv,85,time_s,5.714286,5.714286,0.0
factory_7,frequency_response.csv,85,freq_hz,1929.406738,1929.406738,0.0
factory_7,frequency_response.csv,85,gain_db,-2.870074,-2.870074,0.0
factory_7,frequency_response.csv,86,time_s,5.781513,5.781513,0.0
factory_7,frequency_response.csv,86,freq_hz,2035.96167,2035.96167,0.0
factory_7,frequency_response.csv,86,gain_db,-2.892911,-2.892911,0.0
factory_7,frequency_response.csv,87,time_s,5.84874,5.84874,0.0
factory_7,frequency_response.csv,87,freq_hz,2148.401367,2148.401367,0.0
factory_7,frequency_response.csv,87,gain_db,-2.916895,-2.916895,0.0
factory_7,frequency_response.csv,88,time_s,5.915967,5.915967,0.0
factory_7,frequency_response.csv,88,freq_hz,2267.050537,2267.050537,0.0
factory_7,frequency_response.csv,88,gain_db,-2.944478,-2.944478,0.0
factory_7,frequency_response.csv,89,time_s,5.983193,5.983193,0.0
factory_7,frequency_response.csv,89,freq_hz,2392.252441,2392.252441,0.0
factory_7,frequency_response.csv,89,gain_db,-2.972102,-2.972102,0.0
factory_7,frequency_response.csv,90,time_s,6.05042,6.05042,0.0
factory_7,frequency_response.csv,90,freq_hz,2524.368896,2524.368896,0.0
factory_7,frequency_response.csv,90,gain_db,-3.002256,-3.002256,0.0
factory_7,frequency_response.csv,91,time_s,6.117647,6.117647,0.0
factory_7,frequency_response.csv,91,freq_hz,2663.781738,2663.781738,0.0
factory_7,frequency_response.csv,91,gain_db,-3.039924,-3.039924,0.0
factory_7,frequency_response.csv,92,time_s,6.184874,6.184874,0.0
factory_7,frequency_response.csv,92,freq_hz,2810.893799,2810.893799,0.0
factory_7,frequency_response.csv,92,gain_db,-3.083567,-3.083567,0.0
factory_7,frequency_response.csv,93,time_s,6.252101,6.252101,0.0
factory_7,frequency_response.csv,93,freq_hz,2966.130371,2966.130371,0.0
factory_7,frequency_response.csv,93,gain_db,-3.136534,-3.136534,0.0
factory_7,frequency_response.csv,94,time_s,6.319328,6.319328,0.0
factory_7,frequency_response.csv,94,freq_hz,3129.94043,3129.94043,0.0
factory_7,frequency_response.csv,94,gain_db,-3.203558,-3.203558,0.0
factory_7,frequency_response.csv,95,time_s,6.386555,6.386555,0.0
factory_7,frequency_response.csv,95,freq_hz,3302.796875,3302.796875,0.0
factory_7,frequency_response.csv,95,gain_db,-3.287121,-3.287121,0.0
factory_7,frequency_response.csv,96,time_s,6.453782,6.453782,0.0
factory_7,frequency_response.csv,96,freq_hz,3485.199951,3485.199951,0.0
factory_7,frequency_response.csv,96,gain_db,-3.383961,-3.383961,0.0
factory_7,frequency_response.csv,97,time_s,6.521008,6.521008,0.0
factory_7,frequency_response.csv,97,freq_hz,3677.676025,3677.676025,0.0
factory_7,frequency_response.csv,97,gain_db,-3.493533,-3.493533,0.0
factory_7,frequency_response.csv,98,time_s,6.588235,6.588235,0.0
factory_7,frequency_response.csv,98,freq_hz,3880.782471,3880.782471,0.0
factory_7,frequency_response.csv,98,gain_db,-3.616162,-3.616162,0.0
factory_7,frequency_response.csv,99,time_s,6.655462,6.655462,0.0
factory_7,frequency_response.csv,99,freq_hz,4095.105469,4095.105469,0.0
factory_7,frequency_response.csv,99,gain_db,-3.746569,-3.746569,0.0
factory_7,frequency_response.csv,100,time_s,6.722689,6.722689,0.0
factory_7,frequency_response.csv,100,freq_hz,4321.265137,4321.265137,0.0
factory_7,frequency_response.csv,100,gain_db,-3.880511,-3.880511,0.0
factory_7,frequency_response.csv,101,time_s,6.789916,6.789916,0.0
factory_7,frequency_response.csv,101,freq_hz,4559.914551,4559.914551,0.0
factory_7,frequency_response.csv,101,gain_db,-4.018277,-4.018277,0.0
factory_7,frequency_response.csv,102,time_s,6.857143,6.857143,0.0
factory_7,frequency_response.csv,102,freq_hz,4811.744141,4811.744141,0.0
factory_7,frequency_response.csv,102,gain_db,-4.153653,-4.153653,0.0
factory_7,frequency_response.csv,103,time_s,6.92437,6.92437,0.0
factory_7,frequency_response.csv,103,freq_hz,5077.481445,5077.481445,0.0
factory_7,frequency_response.csv,103,gain_db,-4.284813,-4.284813,0.0
factory_7,frequency_response.csv,104,time_s,6.991597,6.991597,0.0
factory_7,frequency_response.csv,104,freq_hz,5357.894531,5357.894531,0.0
factory_7,frequency_response.csv,104,gain_db,-4.408874,-4.408874,0.0
factory_7,frequency_response.csv,105,time_s,7.058824,7.058824,0.0
factory_7,frequency_response.csv,105,freq_hz,5653.793457,5653.793457,0.0
factory_7,frequency_response.csv,105,gain_db,-4.52627,-4.52627,0.0
factory_7,frequency_response.csv,106,time_s,7.12605,7.12605,0.0
factory_7,frequency_response.csv,106,freq_hz,5966.034668,5966.034668,0.0
factory_7,frequency_response.csv,106,gain_db,-4.632281,-4.632281,0.0
factory_7,frequency_response.csv,107,time_s,7.193277,7.193277,0.0
factory_7,frequency_response.csv,107,freq_hz,6295.519531,6295.519531,0.0
factory_7,frequency_response.csv,107,gain_db,-4.7303,-4.7303,0.0
factory_7,frequency_response.csv,108,time_s,7.260504,7.260504,0.0
factory_7,frequency_response.csv,108,freq_hz,6643.200684,6643.200684,0.0
factory_7,frequency_response.csv,108,gain_db,-4.81695,-4.81695,0.0
factory_7,frequency_response.csv,109,time_s,7.327731,7.327731,0.0
factory_7,frequency_response.csv,109,freq_hz,7010.083008,7010.083008,0.0
factory_7,frequency_response.csv,109,gain_db,-4.890911,-4.890911,0.0
factory_7,frequency_response.csv,110,time_s,7.394958,7.394958,0.0
factory_7,frequency_response.csv,110,freq_hz,7397.227539,7397.227539,0.0
factory_7,frequency_response.csv,110,gain_db,-4.951996,-4.951996,0.0
factory_7,frequency_response.csv,111,time_s,7.462185,7.462185,0.0
factory_7,frequency_response.csv,111,freq_hz,7805.752441,7805.752441,0.0
factory_7,frequency_response.csv,111,gain_db,-5.000915,-5.000915,0.0
factory_7,frequency_response.csv,112,time_s,7.529412,7.529412,0.0
factory_7,frequency_response.csv,112,freq_hz,8236.839844,8236.839844,0.0
factory_7,frequency_response.csv,112,gain_db,-5.036794,-5.036794,0.0
factory_7,frequency_response.csv,113,time_s,7.596639,7.596639,0.0
factory_7,frequency_response.csv,113,freq_hz,8691.733398,8691.733398,0.0
factory_7,frequency_response.csv,113,gain_db,-5.061284,-5.061284,0.0
factory_7,frequency_response.csv,114,time_s,7.663866,7.663866,0.0
factory_7,frequency_response.csv,114,freq_hz,9171.75,9171.75,0.0
factory_7,frequency_response.csv,114,gain_db,-5.074977,-5.074977,0.0
factory_7,frequency_response.csv,115,time_s,7.731092,7.731092,0.0
factory_7,frequency_response.csv,115,freq_hz,9678.276367,9678.276367,0.0
factory_7,frequency_response.csv,115,gain_db,-5.078102,-5.078102,0.0
factory_7,frequency_response.csv,116,time_s,7.798319,7.798319,0.0
factory_7,frequency_response.csv,116,freq_hz,10212.776367,10212.776367,0.0
factory_7,frequency_response.csv,116,gain_db,-5.073612,-5.073612,0.0
factory_7,frequency_response.csv,117,time_s,7.865546,7.865546,0.0
factory_7,frequency_response.csv,117,freq_hz,10776.795898,10776.795898,0.0
factory_7,frequency_response.csv,117,gain_db,-5.060408,-5.060408,0.0
factory_7,frequency_response.csv,118,time_s,7.932773,7.932773,0.0
factory_7,frequency_response.csv,118,freq_hz,11371.962891,11371.962891,0.0
factory_7,frequency_response.csv,118,gain_db,-5.041917,-5.041917,0.0
factory_7,frequency_response.csv,119,time_s,8.0,8.0,0.0
factory_7,frequency_response.csv,119,freq_hz,12000.0,12000.0,0.0
factory_7,frequency_response.csv,119,gain_db,-5.024189,-5.024189,0.0
factory_7,notch_tracking.csv,0,time_s,0.336134,0.336134,0.0
factory_7,notch_tracking.csv,0,freq_hz,26.167307,26.167307,0.0
factory_7,notch_tracking.csv,0,notch_depth_db,-5.332994,-5.332994,0.0
factory_7,notch_tracking.csv,1,time_s,0.470588,0.470588,0.0
factory_7,notch_tracking.csv,1,freq_hz,29.13739,29.13739,0.0
factory_7,notch_tracking.csv,1,notch_depth_db,-4.978984,-4.978984,0.0
factory_7,notch_tracking.csv,2,time_s,0.739496,0.739496,0.0
factory_7,notch_tracking.csv,2,freq_hz,36.127167,36.127167,0.0
factory_7,notch_tracking.csv,2,notch_depth_db,-4.327503,-4.327503,0.0
factory_7,notch_tracking.csv,3,time_s,0.941177,0.941177,0.0
factory_7,notch_tracking.csv,3,freq_hz,42.449379,42.449379,0.0
factory_7,notch_tracking.csv,3,notch_depth_db,-3.612129,-3.612129,0.0
factory_7,notch_tracking.csv,4,time_s,1.142857,1.142857,0.0
factory_7,notch_tracking.csv,4,freq_hz,49.877968,49.877968,0.0
factory_7,notch_tracking.csv,4,notch_depth_db,-3.205585,-3.205585,0.0
factory_7,notch_tracking.csv,5,time_s,2.151261,2.151261,0.0
factory_7,notch_tracking.csv,5,freq_hz,111.710999,111.710999,0.0
factory_7,notch_tracking.csv,5,notch_depth_db,-6.319506,-6.319506,0.0
factory_7,notch_tracking.csv,6,time_s,2.352941,2.352941,0.0
factory_7,notch_tracking.csv,6,freq_hz,131.260284,131.260284,0.0
factory_7,notch_tracking.csv,6,notch_depth_db,-6.24659,-6.24659,0.0
factory_7,notch_tracking.csv,7,time_s,3.02521,3.02521,0.0
factory_7,notch_tracking.csv,7,freq_hz,224.69397,224.69397,0.0
factory_7,notch_tracking.csv,7,notch_depth_db,-7.518768,-7.518768,0.0
factory_7,notch_tracking.csv,8,time_s,4.302521,4.302521,0.0
factory_7,notch_tracking.csv,8,freq_hz,623.967346,623.967346,0.0
factory_7,notch_tracking.csv,8,notch_depth_db,-4.572841,-4.572841,0.0
factory_7,notch_tracking.csv,9,time_s,7.731092,7.731092,0.0
factory_7,notch_tracking.csv,9,freq_hz,9678.276367,9678.276367,0.0
factory_7,notch_tracking.csv,9,notch_depth_db,-5.078102,-5.078102,0.0
factory_7,thd_vs_drive.csv,0,sine_level_db,-24.0,-24.0,0.0
factory_7,thd_vs_drive.csv,0,thd_ratio,0.000278,0.000278,0.0
factory_7,thd_vs_drive.csv,0,thd_db,-71.11541,-71.11541,0.0
factory_7,thd_vs_drive.csv,0,broadband_hf_db,-82.680939,-82.680939,0.0
factory_7,thd_vs_drive.csv,1,sine_level_db,-18.0,-18.0,0.0
factory_7,thd_vs_drive.csv,1,thd_ratio,0.00115,0.00115,0.0
factory_7,thd_vs_drive.csv,1,thd_db,-58.784977,-58.784977,0.0
factory_7,thd_vs_drive.csv,1,broadband_hf_db,-82.680397,-82.680397,0.0
factory_7,thd_vs_drive.csv,2,sine_level_db,-12.0,-12.0,0.0
factory_7,thd_vs_drive.csv,2,thd_ratio,0.005144,0.005144,0.0
factory_7,thd_vs_drive.csv,2,thd_db,-45.774178,-45.774178,0.0
factory_7,thd_vs_drive.csv,2,broadband_hf_db,-82.681725,-82.681725,0.0
factory_7,thd_vs_drive.csv,3,sine_level_db,-6.0,-6.0,0.0
factory_7,thd_vs_drive.csv,3,thd_ratio,0.022787,0.022787,0.0
factory_7,thd_vs_drive.csv,3,thd_db,-32.846199,-32.846199,0.0
factory_7,thd_vs_drive.csv,3,broadband_hf_db,-82.68866,-82.68866,0.0
factory_7,thd_vs_drive.csv,4,sine_level_db,0.0,0.0,0.0
factory_7,thd_vs_drive.csv,4,thd_ratio,0.077998,0.077998,0.0
factory_7,thd_vs_drive.csv,4,thd_db,-22.158371,-22.158371,0.0
factory_7,thd_vs_drive.csv,4,broadband_hf_db,-82.56118,-82.56118,0.0
factory_8,summary.csv,average_tracked_notch_db,value,-4.644747,-4.644747,0.0
factory_8,summary.csv,deepest_tracked_notch_db,value,-7.996081,-7.996081,0.0
factory_8,summary.csv,guitar_broadband_hf_db,value,-80.576408,-80.576408,0.0
factory_8,summary.csv,guitar_lr_correlation,value,0.994102,0.994102,0.0
factory_8,summary.csv,guitar_mono_fold_db,value,-0.013018,-0.013018,0.0
factory_8,summary.csv,guitar_side_to_mid_db,value,-25.225849,-25.225849,0.0
factory_8,summary.csv,sweep_broadband_hf_db,value,-82.52327,-82.52327,0.0
factory_8,summary.csv,sweep_lr_correlation,value,0.998007,0.998007,0.0
factory_8,summary.csv,sweep_mono_fold_db,value,-0.00433,-0.00433,0.0
factory_8,summary.csv,sweep_side_to_mid_db,value,-30.010345,-30.010345,0.0
factory_8,summary.csv,tracked_notch_count,value,35.0,35.0,0.0
factory_8,summary.csv,tracked_notch_high_hz,value,10212.776367,10212.776367,0.0
factory_8,summary.csv,tracked_notch_low_hz,value,22.270071,22.270071,0.0
factory_8,summary.csv,tracked_notch_span_oct,value,8.841053,8.841053,0.0
factory_8,summary.csv,worst_thd_db,value,-19.993643,-19.993643,0.0
factory_8,frequency_response.csv,0,time_s,0.0,0.0,0.0
factory_8,frequency_response.csv,0,freq_hz,20.0,20.0,0.0
factory_8,frequency_response.csv,0,gain_db,-7.065144,-7.065144,0.0
factory_8,frequency_response.csv,1,time_s,0.067227,0.067227,0.0
factory_8,frequency_response.csv,1,freq_hz,21.104536,21.104536,0.0
factory_8,frequency_response.csv,1,gain_db,-6.395054,-6.395054,0.0
factory_8,frequency_response.csv,2,time_s,0.134454,0.134454,0.0
factory_8,frequency_response.csv,2,freq_hz,22.270071,22.270071,0.0
factory_8,frequency_response.csv,2,gain_db,-6.63137,-6.63137,0.0
factory_8,frequency_response.csv,3,time_s,0.201681,0.201681,0.0
factory_8,frequency_response.csv,3,freq_hz,23.499975,23.499975,0.0
factory_8,frequency_response.csv,3,gain_db,-6.462968,-6.462968,0.0
factory_8,frequency_response.csv,4,time_s,0.268908,0.268908,0.0
factory_8,frequency_response.csv,4,freq_hz,24.797804,24.797804,0.0
factory_8,frequency_response.csv,4,gain_db,-5.215049,-5.215049,0.0
factory_8,frequency_response.csv,5,time_s,0.336134,0.336134,0.0
factory_8,frequency_response.csv,5,freq_hz,26.167307,26.167307,0.0
factory_8,frequency_response.csv,5,gain_db,-6.39152,-6.39152,0.0
factory_8,frequency_response.csv,6,time_s,0.403361,0.403361,0.0
factory_8,frequency_response.csv,6,freq_hz,27.612442,27.612442,0.0
factory_8,frequency_response.csv,6,gain_db,-5.069714,-5.069714,0.0
factory_8,frequency_response.csv,7,time_s,0.470588,0.470588,0.0
factory_8,frequency_response.csv,7,freq_hz,29.13739,29.13739,0.0
factory_8,frequency_response.csv,7,gain_db,-4.262048,-4.262048,0.0
factory_8,frequency_response.csv,8,time_s,0.537815,0.537815,0.0
factory_8,frequency_response.csv,8,freq_hz,30.746555,30.746555,0.0
factory_8,frequency_response.csv,8,gain_db,-5.270724,-5.270724,0.0
factory_8,frequency_response.csv,9,time_s,0.605042,0.605042,0.0
factory_8,frequency_response.csv,9,freq_hz,32.444588,32.444588,0.0
factory_8,frequency_response.csv,9,gain_db,-4.609747,-4.609747,0.0
factory_8,frequency_response.csv,10,time_s,0.672269,0.672269,0.0
factory_8,frequency_response.csv,10,freq_hz,34.236401,34.236401,0.0
factory_8,frequency_response.csv,10,gain_db,-2.946642,-2.946642,0.0
factory_8,frequency_response.csv,11,time_s,0.739496,0.739496,0.0
factory_8,frequency_response.csv,11,freq_hz,36.127167,36.127167,0.0
factory_8,frequency_response.csv,11,gain_db,-3.856083,-3.856083,0.0
factory_8,frequency_response.csv,12,time_s,0.806723,0.806723,0.0
factory_8,frequency_response.csv,12,freq_hz,38.122353,38.122353,0.0
factory_8,frequency_response.csv,12,gain_db,-3.888562,-3.888562,0.0
factory_8,frequency_response.csv,13,time_s,0.87395,0.87395,0.0
factory_8,frequency_response.csv,13,freq_hz,40.22773,40.22773,0.0
factory_8,frequency_response.csv,13,gain_db,-2.419567,-2.419567,0.0
factory_8,frequency_response.csv,14,time_s,0.941177,0.941177,0.0
factory_8,frequency_response.csv,14,freq_hz,42.449379,42.449379,0.0
factory_8,frequency_response.csv,14,gain_db,-2.699576,-2.699576,0.0
factory_8,frequency_response.csv,15,time_s,1.008403,1.008403,0.0
factory_8,frequency_response.csv,15,freq_hz,44.79372,44.79372,0.0
factory_8,frequency_response.csv,15,gain_db,-2.863958,-2.863958,0.0
factory_8,frequency_response.csv,16,time_s,1.07563,1.07563,0.0
factory_8,frequency_response.csv,16,freq_hz,47.267536,47.267536,0.0
factory_8,frequency_response.csv,16,gain_db,-2.221608,-2.221608,0.0
factory_8,frequency_response.csv,17,time_s,1.142857,1.142857,0.0
factory_8,frequency_response.csv,17,freq_hz,49.877968,49.877968,0.0
factory_8,frequency_response.csv,17,gain_db,-2.481674,-2.481674,0.0
factory_8,frequency_response.csv,18,time_s,1.210084,1.210084,0.0
factory_8,frequency_response.csv,18,freq_hz,52.632568,52.632568,0.0
factory_8,frequency_response.csv,18,gain_db,-2.476274,-2.476274,0.0
factory_8,frequency_response.csv,19,time_s,1.277311,1.277311,0.0
factory_8,frequency_response.csv,19,freq_hz,55.539299,55.539299,0.0
factory_8,frequency_response.csv,19,gain_db,-2.35162,-2.35162,0.0
factory_8,frequency_response.csv,20,time_s,1.344538,1.344538,0.0
factory_8,frequency_response.csv,20,freq_hz,58.606552,58.606552,0.0
factory_8,frequency_response.csv,20,gain_db,-2.687489,-2.687489,0.0
factory_8,frequency_response.csv,21,time_s,1.411765,1.411765,0.0
factory_8,frequency_response.csv,21,freq_hz,61.843204,61.843204,0.0
factory_8,frequency_response.csv,21,gain_db,-2.192404,-2.192404,0.0
factory_8,frequency_response.csv,22,time_s,1.478992,1.478992,0.0
factory_8,frequency_response.csv,22,freq_hz,65.258606,65.258606,0.0
factory_8,frequency_response.csv,22,gain_db,-2.349028,-2.349028,0.0
factory_8,frequency_response.csv,23,time_s,1.546218,1.546218,0.0
factory_8,frequency_response.csv,23,freq_hz,68.862625,68.862625,0.0
factory_8,frequency_response.csv,23,gain_db,-3.365783,-3.365783,0.0
factory_8,frequency_response.csv,24,time_s,1.613445,1.613445,0.0
factory_8,frequency_response.csv,24,freq_hz,72.665695,72.665695,0.0
factory_8,frequency_response.csv,24,gain_db,-2.523756,-2.523756,0.0
factory_8,frequency_response.csv,25,time_s,1.680672,1.680672,0.0
factory_8,frequency_response.csv,25,freq_hz,76.678787,76.678787,0.0
factory_8,frequency_response.csv,25,gain_db,-2.531098,-2.531098,0.0
factory_8,frequency_response.csv,26,time_s,1.747899,1.747899,0.0
factory_8,frequency_response.csv,26,freq_hz,80.913506,80.913506,0.0
factory_8,frequency_response.csv,26,gain_db,-3.929997,-3.929997,0.0
factory_8,frequency_response.csv,27,time_s,1.815126,1.815126,0.0
factory_8,frequency_response.csv,27,freq_hz,85.382095,85.382095,0.0
factory_8,frequency_response.csv,27,gain_db,-3.369905,-3.369905,0.0
factory_8,frequency_response.csv,28,time_s,1.882353,1.882353,0.0
factory_8,frequency_response.csv,28,freq_hz,90.097488,90.097488,0.0
factory_8,frequency_response.csv,28,gain_db,-2.881355,-2.881355,0.0
factory_8,frequency_response.csv,29,time_s,1.94958,1.94958,0.0
factory_8,frequency_response.csv,29,freq_hz,95.073273,95.073273,0.0
factory_8,frequency_response.csv,29,gain_db,-4.566701,-4.566701,0.0
factory_8,frequency_response.csv,30,time_s,2.016807,2.016807,0.0
factory_8,frequency_response.csv,30,freq_hz,100.323875,100.323875,0.0
factory_8,frequency_response.csv,30,gain_db,-4.817078,-4.817078,0.0
factory_8,frequency_response.csv,31,time_s,2.084034,2.084034,0.0
factory_8,frequency_response.csv,31,freq_hz,105.864441,105.864441,0.0
factory_8,frequency_response.csv,31,gain_db,-3.42174,-3.42174,0.0
factory_8,frequency_response.csv,32,time_s,2.151261,2.151261,0.0
factory_8,frequency_response.csv,32,freq_hz,111.710999,111.710999,0.0
factory_8,frequency_response.csv,32,gain_db,-5.172465,-5.172465,0.0
factory_8,frequency_response.csv,33,time_s,2.218488,2.218488,0.0
factory_8,frequency_response.csv,33,freq_hz,117.880432,117.880432,0.0
factory_8,frequency_response.csv,33,gain_db,-6.360155,-6.360155,0.0
factory_8,frequency_response.csv,34,time_s,2.285714,2.285714,0.0
factory_8,frequency_response.csv,34,freq_hz,124.390594,124.390594,0.0
factory_8,frequency_response.csv,34,gain_db,-4.239887,-4.239887,0.0
factory_8,frequency_response.csv,35,time_s,2.352941,2.352941,0.0
factory_8,frequency_response.csv,35,freq_hz,131.260284,131.260284,0.0
factory_8,frequency_response.csv,35,gain_db,-5.610895,-5.610895,0.0
factory_8,frequency_response.csv,36,time_s,2.420168,2.420168,0.0
factory_8,frequency_response.csv,36,freq_hz,138.509369,138.509369,0.0
factory_8,frequency_response.csv,36,gain_db,-7.546575,-7.546575,0.0
factory_8,frequency_response.csv,37,time_s,2.487395,2.487395,0.0
factory_8,frequency_response.csv,37,freq_hz,146.158783,146.158783,0.0
factory_8,frequency_response.csv,37,gain_db,-5.611501,-5.611501,0.0
factory_8,frequency_response.csv,38,time_s,2.554622,2.554622,0.0
factory_8,frequency_response.csv,38,freq_hz,154.230667,154.230667,0.0
factory_8,frequency_response.csv,38,gain_db,-6.042249,-6.042249,0.0
factory_8,frequency_response.csv,39,time_s,2.621849,2.621849,0.0
factory_8,frequency_response.csv,39,freq_hz,162.748337,162.748337,0.0
factory_8,frequency_response.csv,39,gain_db,-7.996081,-7.996081,0.0
factory_8,frequency_response.csv,40,time_s,2.689076,2.689076,0.0
factory_8,frequency_response.csv,40,freq_hz,171.73642,171.73642,0.0
factory_8,frequency_response.csv,40,gain_db,-7.108819,-7.108819,0.0
factory_8,frequency_response.csv,41,time_s,2.756303,2.756303,0.0
factory_8,frequency_response.csv,41,freq_hz,181.220856,181.220856,0.0
factory_8,frequency_response.csv,41,gain_db,-6.694016,-6.694016,0.0
factory_8,frequency_response.csv,42,time_s,2.823529,2.823529,0.0
factory_8,frequency_response.csv,42,freq_hz,191.229095,191.229095,0.0
factory_8,frequency_response.csv,42,gain_db,-7.950365,-7.950365,0.0
factory_8,frequency_response.csv,43,time_s,2.890756,2.890756,0.0
factory_8,frequency_response.csv,43,freq_hz,201.79007,201.79007,0.0
factory_8,frequency_response.csv,43,gain_db,-7.856931,-7.856931,0.0
factory_8,frequency_response.csv,44,time_s,2.957983,2.957983,0.0
factory_8,frequency_response.csv,44,freq_hz,212.93428,212.93428,0.0
factory_8,frequency_response.csv,44,gain_db,-7.348331,-7.348331,0.0
factory_8,frequency_response.csv,45,time_s,3.02521,3.02521,0.0
factory_8,frequency_response.csv,45,freq_hz,224.69397,224.69397,0.0
factory_8,frequency_response.csv,45,gain_db,-7.748322,-7.748322,0.0
factory_8,frequency_response.csv,46,time_s,3.092437,3.092437,0.0
factory_8,frequency_response.csv,46,freq_hz,237.103104,237.103104,0.0
factory_8,frequency_response.csv,46,gain_db,-7.210023,-7.210023,0.0
factory_8,frequency_response.csv,47,time_s,3.159664,3.159664,0.0
factory_8,frequency_response.csv,47,freq_hz,250.19754,250.19754,0.0
factory_8,frequency_response.csv,47,gain_db,-7.925369,-7.925369,0.0
factory_8,frequency_response.csv,48,time_s,3.226891,3.226891,0.0
factory_8,frequency_response.csv,48,freq_hz,264.015137,264.015137,0.0
factory_8,frequency_response.csv,48,gain_db,-7.58233,-7.58233,0.0
factory_8,frequency_response.csv,49,time_s,3.294118,3.294118,0.0
factory_8,frequency_response.csv,49,freq_hz,278.595856,278.595856,0.0
factory_8,frequency_response.csv,49,gain_db,-6.064758,-6.064758,0.0
factory_8,frequency_response.csv,50,time_s,3.361345,3.361345,0.0
factory_8,frequency_response.csv,50,freq_hz,293.981812,293.981812,0.0
factory_8,frequency_response.csv,50,gain_db,-7.90741,-7.90741,0.0
factory_8,frequency_response.csv,51,time_s,3.428571,3.428571,0.0
factory_8,frequency_response.csv,51,freq_hz,310.217468,310.217468,0.0
factory_8,frequency_response.csv,51,gain_db,-7.38055,-7.38055,0.0
factory_8,frequency_response.csv,52,time_s,3.495798,3.495798,0.0
factory_8,frequency_response.csv,52,freq_hz,327.349792,327.349792,0.0
factory_8,frequency_response.csv,52,gain_db,-5.162244,-5.162244,0.0
factory_8,frequency_response.csv,53,time_s,3.563025,3.563025,0.0
factory_8,frequency_response.csv,53,freq_hz,345.428284,345.428284,0.0
factory_8,frequency_response.csv,53,gain_db,-6.849298,-6.849298,0.0
factory_8,frequency_response.csv,54,time_s,3.630252,3.630252,0.0
factory_8,frequency_response.csv,54,freq_hz,364.505157,364.505157,0.0
factory_8,frequency_response.csv,54,gain_db,-7.121492,-7.121492,0.0
factory_8,frequency_response.csv,55,time_s,3.697479,3.697479,0.0
factory_8,frequency_response.csv,55,freq_hz,384.63562,384.63562,0.0
factory_8,frequency_response.csv,55,gain_db,-4.63005,-4.63005,0.0
factory_8,frequency_response.csv,56,time_s,3.764706,3.764706,0.0
factory_8,frequency_response.csv,56,freq_hz,405.877808,405.877808,0.0
factory_8,frequency_response.csv,56,gain_db,-5.315585,-5.315585,0.0
factory_8,frequency_response.csv,57,time_s,3.831933,3.831933,0.0
factory_8,frequency_response.csv,57,freq_hz,428.293121,428.293121,0.0
factory_8,frequency_response.csv,57,gain_db,-6.652894,-6.652894,0.0
factory_8,frequency_response.csv,58,time_s,3.89916,3.89916,0.0
factory_8,frequency_response.csv,58,freq_hz,451.946381,451.946381,0.0
factory_8,frequency_response.csv,58,gain_db,-4.276771,-4.276771,0.0
factory_8,frequency_response.csv,59,time_s,3.966387,3.966387,0.0
factory_8,frequency_response.csv,59,freq_hz,476.905945,476.905945,0.0
factory_8,frequency_response.csv,59,gain_db,-3.959675,-3.959675,0.0
factory_8,frequency_response.csv,60,time_s,4.033614,4.033614,0.0
factory_8,frequency_response.csv,60,freq_hz,503.244019,503.244019,0.0
factory_8,frequency_response.csv,60,gain_db,-5.900289,-5.900289,0.0
factory_8,frequency_response.csv,61,time_s,4.100841,4.100841,0.0
factory_8,frequency_response.csv,61,freq_hz,531.03656,531.03656,0.0
factory_8,frequency_response.csv,61,gain_db,-4.083841,-4.083841,0.0
factory_8,frequency_response.csv,62,time_s,4.168067,4.168067,0.0
factory_8,frequency_response.csv,62,freq_hz,560.364014,560.364014,0.0
factory_8,frequency_response.csv,62,gain_db,-3.117327,-3.117327,0.0
factory_8,frequency_response.csv,63,time_s,4.235294,4.235294,0.0
factory_8,frequency_response.csv,63,freq_hz,591.311096,591.311096,0.0
factory_8,frequency_response.csv,63,gain_db,-4.855124,-4.855124,0.0
factory_8,frequency_response.csv,64,time_s,4.302521,4.302521,0.0
factory_8,frequency_response.csv,64,freq_hz,623.967346,623.967346,0.0
factory_8,frequency_response.csv,64,gain_db,-3.903491,-3.903491,0.0
factory_8,frequency_response.csv,65,time_s,4.369748,4.369748,0.0
factory_8,frequency_response.csv,65,freq_hz,658.427063,658.427063,0.0
factory_8,frequency_response.csv,65,gain_db,-2.630203,-2.630203,0.0
factory_8,frequency_response.csv,66,time_s,4.436975,4.436975,0.0
factory_8,frequency_response.csv,66,freq_hz,694.789795,694.789795,0.0
factory_8,frequency_response.csv,66,gain_db,-3.719107,-3.719107,0.0
factory_8,frequency_response.csv,67,time_s,4.504202,4.504202,0.0
factory_8,frequency_response.csv,67,freq_hz,733.160889,733.160889,0.0
factory_8,frequency_response.csv,67,gain_db,-3.650033,-3.650033,0.0
factory_8,frequency_response.csv,68,time_s,4.571429,4.571429,0.0
factory_8,frequency_response.csv,68,freq_hz,773.651001,773.651001,0.0
factory_8,frequency_response.csv,68,gain_db,-2.367863,-2.367863,0.0
factory_8,frequency_response.csv,69,time_s,4.638656,4.638656,0.0
factory_8,frequency_response.csv,69,freq_hz,816.377197,816.377197,0.0
factory_8,frequency_response.csv,69,gain_db,-2.815972,-2.815972,0.0
factory_8,frequency_response.csv,70,time_s,4.705883,4.705883,0.0
factory_8,frequency_response.csv,70,freq_hz,861.463074,861.463074,0.0
factory_8,frequency_response.csv,70,gain_db,-3.30057,-3.30057,0.0
factory_8,frequency_response.csv,71,time_s,4.773109,4.773109,0.0
factory_8,frequency_response.csv,71,freq_hz,909.03894,909.03894,0.0
factory_8,frequency_response.csv,71,gain_db,-2.220585,-2.220585,0.0
factory_8,frequency_response.csv,72,time_s,4.840336,4.840336,0.0
factory_8,frequency_response.csv,72,freq_hz,959.242249,959.242249,0.0
factory_8,frequency_response.csv,72,gain_db,-2.227016,-2.227016,0.0
factory_8,frequency_response.csv,73,time_s,4.907563,4.907563,0.0
factory_8,frequency_response.csv,73,freq_hz,1012.218079,1012.218079,0.0
factory_8,frequency_response.csv,73,gain_db,-2.864437,-2.864437,0.0
factory_8,frequency_response.csv,74,time_s,4.97479,4.97479,0.0
factory_8,frequency_response.csv,74,freq_hz,1068.119629,1068.119629,0.0
factory_8,frequency_response.csv,74,gain_db,-2.146841,-2.146841,0.0
factory_8,frequency_response.csv,75,time_s,5.042017,5.042017,0.0
factory_8,frequency_response.csv,75,freq_hz,1127.108398,1127.108398,0.0
factory_8,frequency_response.csv,75,gain_db,-1.942545,-1.942545,0.0
factory_8,frequency_response.csv,76,time_s,5.109244,5.109244,0.0
factory_8,frequency_response.csv,76,freq_hz,1189.355103,1189.355103,0.0
factory_8,frequency_response.csv,76,gain_db,-2.409429,-2.409429,0.0
factory_8,frequency_response.csv,77,time_s,5.176471,5.176471,0.0
factory_8,frequency_response.csv,77,freq_hz,1255.039307,1255.039307,0.0
factory_8,frequency_response.csv,77,gain_db,-2.075484,-2.075484,0.0
factory_8,frequency_response.csv,78,time_s,5.243698,5.243698,0.0
factory_8,frequency_response.csv,78,freq_hz,1324.351074,1324.351074,0.0
factory_8,frequency_response.csv,78,gain_db,-1.830434,-1.830434,0.0
factory_8,frequency_response.csv,79,time_s,5.310925,5.310925,0.0
factory_8,frequency_response.csv,79,freq_hz,1397.490845,1397.490845,0.0
factory_8,frequency_response.csv,79,gain_db,-2.061308,-2.061308,0.0
factory_8,frequency_response.csv,80,time_s,5.378151,5.378151,0.0
factory_8,frequency_response.csv,80,freq_hz,1474.669678,1474.669678,0.0
factory_8,frequency_response.csv,80,gain_db,-1.998102,-1.998102,0.0
factory_8,frequency_response.csv,81,time_s,5.445378,5.445378,0.0
factory_8,frequency_response.csv,81,freq_hz,1556.110962,1556.110962,0.0
factory_8,frequency_response.csv,81,gain_db,-1.819987,-1.819987,0.0
factory_8,frequency_response.csv,82,time_s,5.512605,5.512605,0.0
factory_8,frequency_response.csv,82,freq_hz,1642.050049,1642.050049,0.0
factory_8,frequency_response.csv,82,gain_db,-1.884565,-1.884565,0.0
factory_8,frequency_response.csv,83,time_s,5.579832,5.579832,0.0
factory_8,frequency_response.csv,83,freq_hz,1732.735107,1732.735107,0.0
factory_8,frequency_response.csv,83,gain_db,-1.929028,-1.929028,0.0
factory_8,frequency_response.csv,84,time_s,5.647059,5.647059,0.0
factory_8,frequency_response.csv,84,freq_hz,1828.428467,1828.428467,0.0
factory_8,frequency_response.csv,84,gain_db,-1.860285,-1.860285,0.0
factory_8,frequency_response.csv,85,time_s,5.714286,5.714286,0.0
factory_8,frequency_response.csv,85,freq_hz,1929.406738,1929.406738,0.0
factory_8,frequency_response.csv,85,gain_db,-1.880499,-1.880499,0.0
factory_8,frequency_response.csv,86,time_s,5.781513,5.781513,0.0
factory_8,frequency_response.csv,86,freq_hz,2035.96167,2035.96167,0.0
factory_8,frequency_response.csv,86,gain_db,-1.901528,-1.901528,0.0
factory_8,frequency_response.csv,87,time_s,5.84874,5.84874,0.0
factory_8,frequency_response.csv,87,freq_hz,2148.401367,2148.401367,0.0
factory_8,frequency_response.csv,87,gain_db,-1.937639,-1.937639,0.0
factory_8,frequency_response.csv,88,time_s,5.915967,5.915967,0.0
factory_8,frequency_response.csv,88,freq_hz,2267.050537,2267.050537,0.0
factory_8,frequency_response.csv,88,gain_db,-2.002617,-2.002617,0.0
factory_8,frequency_response.csv,89,time_s,5.983193,5.983193,0.0
factory_8,frequency_response.csv,89,freq_hz,2392.252441,2392.252441,0.0
factory_8,frequency_response.csv,89,gain_db,-1.954602,-1.954602,0.0
factory_8,frequency_response.csv,90,time_s,6.05042,6.05042,0.0
factory_8,frequency_response.csv,90,freq_hz,2524.368896,2524.368896,0.0
factory_8,frequency_response.csv,90,gain_db,-2.054241,-2.054241,0.0
factory_8,frequency_response.csv,91,time_s,6.117647,6.117647,0.0
factory_8,frequency_response.csv,91,freq_hz,2663.781738,2663.781738,0.0
factory_8,frequency_response.csv,91,gain_db,-2.200687,-2.200687,0.0
factory_8,frequency_response.csv,92,time_s,6.184874,6.184874,0.0
factory_8,frequency_response.csv,92,freq_hz,2810.893799,2810.893799,0.0
factory_8,frequency_response.csv,92,gain_db,-2.124331,-2.124331,0.0
factory_8,frequency_response.csv,93,time_s,6.252101,6.252101,0.0
factory_8,frequency_response.csv,93,freq_hz,2966.130371,2966.130371,0.0
factory_8,frequency_response.csv,93,gain_db,-2.223796,-2.223796,0.0
factory_8,frequency_response.csv,94,time_s,6.319328,6.319328,0.0
factory_8,frequency_response.csv,94,freq_hz,3129.94043,3129.94043,0.0
factory_8,frequency_response.csv,94,gain_db,-2.452065,-2.452065,0.0
factory_8,frequency_response.csv,95,time_s,6.386555,6.386555,0.0
factory_8,frequency_response.csv,95,freq_hz,3302.796875,3302.796875,0.0
factory_8,frequency_response.csv,95,gain_db,-2.422009,-2.422009,0.0
factory_8,frequency_response.csv,96,time_s,6.453782,6.453782,0.0
factory_8,frequency_response.csv,96,freq_hz,3485.199951,3485.199951,0.0
factory_8,frequency_response.csv,96,gain_db,-2.47127,-2.47127,0.0
factory_8,frequency_response.csv,97,time_s,6.521008,6.521008,0.0
factory_8,frequency_response.csv,97,freq_hz,3677.676025,3677.676025,0.0
factory_8,frequency_response.csv,97,gain_db,-2.757936,-2.757936,0.0
factory_8,frequency_response.csv,98,time_s,6.588235,6.588235,0.0
factory_8,frequency_response.csv,98,freq_hz,3880.782471,3880.782471,0.0
factory_8,frequency_response.csv,98,gain_db,-2.827111,-2.827111,0.0
factory_8,frequency_response.csv,99,time_s,6.655462,6.655462,0.0
factory_8,frequency_response.csv,99,freq_hz,4095.105469,4095.105469,0.0
factory_8,frequency_response.csv,99,gain_db,-2.819387,-2.819387,0.0
factory_8,frequency_response.csv,100,time_s,6.722689,6.722689,0.0
factory_8,frequency_response.csv,100,freq_hz,4321.265137,4321.265137,0.0
factory_8,frequency_response.csv,100,gain_db,-3.123459,-3.123459,0.0
factory_8,frequency_response.csv,101,time_s,6.789916,6.789916,0.0
factory_8,frequency_response.csv,101,freq_hz,4559.914551,4559.914551,0.0
factory_8,frequency_response.csv,101,gain_db,-3.2932,-3.2932,0.0
factory_8,frequency_response.csv,102,time_s,6.857143,6.857143,0.0
factory_8,frequency_response.csv,102,freq_hz,4811.744141,4811.744141,0.0
factory_8,frequency_response.csv,102,gain_db,-3.261304,-3.261304,0.0
factory_8,frequency_response.csv,103,time_s,6.92437,6.92437,0.0
factory_8,frequency_response.csv,103,freq_hz,5077.481445,5077.481445,0.0
factory_8,frequency_response.csv,103,gain_db,-3.53124,-3.53124,0.0
factory_8,frequency_response.csv,104,time_s,6.991597,6.991597,0.0
factory_8,frequency_response.csv,104,freq_hz,5357.894531,5357.894531,0.0
factory_8,frequency_response.csv,104,gain_db,-3.765774,-3.765774,0.0
factory_8,frequency_response.csv,105,time_s,7.058824,7.058824,0.0
factory_8,frequency_response.csv,105,freq_hz,5653.793457,5653.793457,0.0
factory_8,frequency_response.csv,105,gain_db,-3.75614,-3.75614,0.0
factory_8,frequency_response.csv,106,time_s,7.12605,7.12605,0.0
factory_8,frequency_response.csv,106,freq_hz,5966.034668,5966.034668,0.0
factory_8,frequency_response.csv,106,gain_db,-3.943242,-3.943242,0.0
factory_8,frequency_response.csv,107,time_s,7.193277,7.193277,0.0
factory_8,frequency_response.csv,107,freq_hz,6295.519531,6295.519531,0.0
factory_8,frequency_response.csv,107,gain_db,-4.188609,-4.188609,0.0
factory_8,frequency_response.csv,108,time_s,7.260504,7.260504,0.0
factory_8,frequency_response.csv,108,freq_hz,6643.200684,6643.200684,0.0
factory_8,frequency_response.csv,108,gain_db,-4.217643,-4.217643,0.0
factory_8,frequency_response.csv,109,time_s,7.327731,7.327731,0.0
factory_8,frequency_response.csv,109,freq_hz,7010.083008,7010.083008,0.0
factory_8,frequency_response.csv,109,gain_db,-4.312322,-4.312322,0.0
factory_8,frequency_response.csv,110,time_s,7.394958,7.394958,0.0
factory_8,frequency_response.csv,110,freq_hz,7397.227539,7397.227539,0.0
factory_8,frequency_response.csv,110,gain_db,-4.508155,-4.508155,0.0
factory_8,frequency_response.csv,111,time_s,7.462185,7.462185,0.0
factory_8,frequency_response.csv,111,freq_hz,7805.752441,7805.752441,0.0
factory_8,frequency_response.csv,111,gain_db,-4.554821,-4.554821,0.0
factory_8,frequency_response.csv,112,time_s,7.529412,7.529412,0.0
factory_8,frequency_response.csv,112,freq_hz,8236.839844,8236.839844,0.0
factory_8,frequency_response.csv,112,gain_db,-4.573174,-4.573174,0.0
factory_8,frequency_response.csv,113,time_s,7.596639,7.596639,0.0
factory_8,frequency_response.csv,113,freq_hz,8691.733398,8691.733398,0.0
factory_8,frequency_response.csv,113,gain_db,-4.687989,-4.687989,0.0
factory_8,frequency_response.csv,114,time_s,7.663866,7.663866,0.0
factory_8,frequency_response.csv,114,freq_hz,9171.75,9171.75,0.0
factory_8,frequency_response.csv,114,gain_db,-4.719942,-4.719942,0.0
factory_8,frequency_response.csv,115,time_s,7.731092,7.731092,0.0
factory_8,frequency_response.csv,115,freq_hz,9678.276367,9678.276367,0.0
factory_8,frequency_response.csv,115,gain_db,-4.694302,-4.694302,0.0
factory_8,frequency_response.csv,116,time_s,7.798319,7.798319,0.0
factory_8,frequency_response.csv,116,freq_hz,10212.776367,10212.776367,0.0
factory_8,frequency_response.csv,116,gain_db,-4.728625,-4.728625,0.0
factory_8,frequency_response.csv,117,time_s,7.865546,7.865546,0.0
factory_8,frequency_response.csv,117,freq_hz,10776.795898,10776.795898,0.0
factory_8,frequency_response.csv,117,gain_db,-4.72717,-4.72717,0.0
factory_8,frequency_response.csv,118,time_s,7.932773,7.932773,0.0
factory_8,frequency_response.csv,118,freq_hz,11371.962891,11371.962891,0.0
factory_8,frequency_response.csv,118,gain_db,-4.683987,-4.683987,0.0
factory_8,frequency_response.csv,119,time_s,8.0,8.0,0.0
factory_8,frequency_response.csv,119,freq_hz,12000.0,12000.0,0.0
factory_8,frequency_response.csv,119,gain_db,-4.6668,-4.6668,0.0
factory_8,notch_tracking.csv,0,time_s,0.134454,0.134454,0.0
factory_8,notch_tracking.csv,0,freq_hz,22.270071,22.270071,0.0
factory_8,notch_tracking.csv,0,notch_depth_db,-6.63137,-6.63137,0.0
factory_8,notch_tracking.csv,1,time_s,0.336134,0.336134,0.0
factory_8,notch_tracking.csv,1,freq_hz,26.167307,26.167307,0.0
factory_8,notch_tracking.csv,1,notch_depth_db,-6.39152,-6.39152,0.0
factory_8,notch_tracking.csv,2,time_s,0.537815,0.537815,0.0
factory_8,notch_tracking.csv,2,freq_hz,30.746555,30.746555,0.0
factory_8,notch_tracking.csv,2,notch_depth_db,-5.270724,-5.270724,0.0
factory_8,notch_tracking.csv,3,time_s,0.806723,0.806723,0.0
factory_8,notch_tracking.csv,3,freq_hz,38.122353,38.122353,0.0
factory_8,notch_tracking.csv,3,notch_depth_db,-3.888562,-3.888562,0.0
factory_8,notch_tracking.csv,4,time_s,1.008403,1.008403,0.0
factory_8,notch_tracking.csv,4,freq_hz,44.79372,44.79372,0.0
factory_8,notch_tracking.csv,4,notch_depth_db,-2.863958,-2.863958,0.0
factory_8,notch_tracking.csv,5,time_s,1.142857,1.142857,0.0
factory_8,notch_tracking.csv,5,freq_hz,49.877968,49.877968,0.0
factory_8,notch_tracking.csv,5,notch_depth_db,-2.481674,-2.481674,0.0
factory_8,notch_tracking.csv,6,time_s,1.344538,1.344538,0.0
factory_8,notch_tracking.csv,6,freq_hz,58.606552,58.606552,0.0
factory_8,notch_tracking.csv,6,notch_depth_db,-2.687489,-2.687489,0.0
factory_8,notch_tracking.csv,7,time_s,1.546218,1.546218,0.0
factory_8,notch_tracking.csv,7,freq_hz,68.862625,68.862625,0.0
factory_8,notch_tracking.csv,7,notch_depth_db,-3.365783,-3.365783,0.0
factory_8,notch_tracking.csv,8,time_s,1.747899,1.747899,0.0
factory_8,notch_tracking.csv,8,freq_hz,80.913506,80.913506,0.0
factory_8,notch_tracking.csv,8,notch_depth_db,-3.929997,-3.929997,0.0
factory_8,notch_tracking.csv,9,time_s,2.016807,2.016807,0.0
factory_8,notch_tracking.csv,9,freq_hz,100.323875,100.323875,0.0
factory_8,notch_tracking.csv,9,notch_depth_db,-4.817078,-4.817078,0.0
factory_8,notch_tracking.csv,10,time_s,2.218488,2.218488,0.0
factory_8,notch_tracking.csv,10,freq_hz,117.880432,117.880432,0.0
factory_8,notch_tracking.csv,10,notch_depth_db,-6.360155,-6.360155,0.0
factory_8,notch_tracking.csv,11,time_s,2.420168,2.420168,0.0
factory_8,notch_tracking.csv,11,freq_hz,138.509369,138.509369,0.0
factory_8,notch_tracking.csv,11,notch_depth_db,-7.546575,-7.546575,0.0
factory_8,notch_tracking.csv,12,time_s,2.621849,2.621849,0.0
factory_8,notch_tracking.csv,12,freq_hz,162.748337,162.748337,0.0
factory_8,notch_tracking.csv,12,notch_depth_db,-7.996081,-7.996081,0.0
factory_8,notch_tracking.csv,13,time_s,2.823529,2.823529,0.0
factory_8,notch_tracking.csv,13,freq_hz,191.229095,191.229095,0.0
factory_8,notch_tracking.csv,13,notch_depth_db,-7.950365,-7.950365,0.0
factory_8,notch_tracking.csv,14,time_s,3.02521,3.02521,0.0
factory_8,notch_tracking.csv,14,freq_hz,224.69397,224.69397,0.0
factory_8,notch_tracking.csv,14,notch_depth_db,-7.748322,-7.748322,0.0
factory_8,notch_tracking.csv,15,time_s,3.159664,3.159664,0.0
factory_8,notch_tracking.csv,15,freq_hz,250.19754,250.19754,0.0
factory_8,notch_tracking.csv,15,notch_depth_db,-7.925369,-7.925369,0.0
factory_8,notch_tracking.csv,16,time_s,3.361345,3.361345,0.0
factory_8,notch_tracking.csv,16,freq_hz,293.981812,293.981812,0.0
factory_8,notch_tracking.csv,16,notch_depth_db,-7.90741,-7.90741,0.0
factory_8,notch_tracking.csv,17,time_s,3.630252,3.630252,0.0
factory_8,notch_tracking.csv,17,freq_hz,364.505157,364.505157,0.0
factory_8,notch_tracking.csv,17,notch_depth_db,-7.121492,-7.121492,0.0
factory_8,notch_tracking.csv,18,time_s,3.831933,3.831933,0.0
factory_8,notch_tracking.csv,18,freq_hz,428.293121,428.293121,0.0
factory_8,notch_tracking.csv,18,notch_depth_db,-6.652894,-6.652894,0.0
factory_8,notch_tracking.csv,19,time_s,4.033614,4.033614,0.0
factory_8,notch_tracking.csv,19,freq_hz,503.244019,503.244019,0.0
factory_8,notch_tracking.csv,19,notch_depth_db,-5.900289,-5.900289,0.0
factory_8,notch_tracking.csv,20,time_s,4.235294,4.235294,0.0
factory_8,notch_tracking.csv,20,freq_hz,591.311096,591.311096,0.0
factory_8,notch_tracking.csv,20,notch_depth_db,-4.855124,-4.855124,0.0
factory_8,notch_tracking.csv,21,time_s,4.436975,4.436975,0.0
factory_8,notch_tracking.csv,21,freq_hz,694.789795,694.789795,0.0
factory_8,notch_tracking.csv,21,notch_depth_db,-3.719107,-3.719107,0.0
factory_8,notch_tracking.csv,22,time_s,4.705883,4.705883,0.0
factory_8,notch_tracking.csv,22,freq_hz,861.463074,861.463074,0.0
factory_8,notch_tracking.csv,22,notch_depth_db,-3.30057,-3.30057,0.0
factory_8,notch_tracking.csv,23,time_s,4.907563,4.907563,0.0
factory_8,notch_tracking.csv,23,freq_hz,1012.218079,1012.218079,0.0
factory_8,notch_tracking.csv,23,notch_depth_db,-2.864437,-2.864437,0.0
factory_8,notch_tracking.csv,24,time_s,5.109244,5.109244,0.0
factory_8,notch_tracking.csv,24,freq_hz,1189.355103,1189.355103,0.0
factory_8,notch_tracking.csv,24,notch_depth_db,-2.409429,-2.409429,0.0
factory_8,notch_tracking.csv,25,time_s,5.310925,5.310925,0.0
factory_8,notch_tracking.csv,25,freq_hz,1397.490845,1397.490845,0.0
factory_8,notch_tracking.csv,25,notch_depth_db,-2.061308,-2.061308,0.0
factory_8,notch_tracking.csv,26,time_s,5.579832,5.579832,0.0
factory_8,notch_tracking.csv,26,freq_hz,1732.735107,1732.735107,0.0
factory_8,notch_tracking.csv,26,notch_depth_db,-1.929028,-1.929028,0.0
factory_8,notch_tracking.csv,27,time_s,5.915967,5.915967,0.0
factory_8,notch_tracking.csv,27,freq_hz,2267.050537,2267.050537,0.0
factory_8,notch_tracking.csv,27,notch_depth_db,-2.002617,-2.002617,0.0
factory_8,notch_tracking.csv,28,time_s,6.117647,6.117647,0.0
factory_8,notch_tracking.csv,28,freq_hz,2663.781738,2663.781738,0.0
factory_8,notch_tracking.csv,28,notch_depth_db,-2.200687,-2.200687,0.0
factory_8,notch_tracking.csv,29,time_s,6.319328,6.319328,0.0
factory_8,notch_tracking.csv,29,freq_hz,3129.94043,3129.94043,0.0
factory_8,notch_tracking.csv,29,notch_depth_db,-2.452065,-2.452065,0.0
factory_8,notch_tracking.csv,30,time_s,6.588235,6.588235,0.0
factory_8,notch_tracking.csv,30,freq_hz,3880.782471,3880.782471,0.0
factory_8,notch_tracking.csv,30,notch_depth_db,-2.827111,-2.827111,0.0
factory_8,notch_tracking.csv,31,time_s,6.789916,6.789916,0.0
factory_8,notch_tracking.csv,31,freq_hz,4559.914551,4559.914551,0.0
factory_8,notch_tracking.csv,31,notch_depth_db,-3.2932,-3.2932,0.0
factory_8,notch_tracking.csv,32,time_s,6.991597,6.991597,0.0
factory_8,notch_tracking.csv,32,freq_hz,5357.894531,5357.894531,0.0
factory_8,notch_tracking.csv,32,notch_depth_db,-3.765774,-3.765774,0.0
factory_8,notch_tracking.csv,33,time_s,7.663866,7.663866,0.0
factory_8,notch_tracking.csv,33,freq_hz,9171.75,9171.75,0.0
factory_8,notch_tracking.csv,33,notch_depth_db,-4.719942,-4.719942,0.0
factory_8,notch_tracking.csv,34,time_s,7.798319,7.798319,0.0
factory_8,notch_tracking.csv,34,freq_hz,10212.776367,10212.776367,0.0
factory_8,notch_tracking.csv,34,notch_depth_db,-4.728625,-4.728625,0.0
factory_8,thd_vs_drive.csv,0,sine_level_db,-24.0,-24.0,0.0
factory_8,thd_vs_drive.csv,0,thd_ratio,0.000536,0.000536,0.0
factory_8,thd_vs_drive.csv,0,thd_db,-65.421646,-65.421646,0.0
factory_8,thd_vs_drive.csv,0,broadband_hf_db,-82.683151,-82.683151,0.0
factory_8,thd_vs_drive.csv,1,sine_level_db,-18.0,-18.0,0.0
factory_8,thd_vs_drive.csv,1,thd_ratio,0.001749,0.001749,0.0
factory_8,thd_vs_drive.csv,1,thd_db,-55.143055,-55.143055,0.0
factory_8,thd_vs_drive.csv,1,broadband_hf_db,-82.686966,-82.686966,0.0
factory_8,thd_vs_drive.csv,2,sine_level_db,-12.0,-12.0,0.0
factory_8,thd_vs_drive.csv,2,thd_ratio,0.007328,0.007328,0.0
factory_8,thd_vs_drive.csv,2,thd_db,-42.700287,-42.700287,0.0
factory_8,thd_vs_drive.csv,2,broadband_hf_db,-82.689903,-82.689903,0.0
factory_8,thd_vs_drive.csv,3,sine_level_db,-6.0,-6.0,0.0
factory_8,thd_vs_drive.csv,3,thd_ratio,0.031696,0.031696,0.0
factory_8,thd_vs_drive.csv,3,thd_db,-29.979963,-29.979963,0.0
factory_8,thd_vs_drive.csv,3,broadband_hf_db,-82.689117,-82.689117,0.0
factory_8,thd_vs_drive.csv,4,sine_level_db,0.0,0.0,0.0
factory_8,thd_vs_drive.csv,4,thd_ratio,0.100073,0.100073,0.0
factory_8,thd_vs_drive.csv,4,thd_db,-19.993643,-19.993643,0.0
factory_8,thd_vs_drive.csv,4,broadband_hf_db,-82.221794,-82.221794,0.0
factory_9,summary.csv,average_tracked_notch_db,value,-5.745864,-5.745864,0.0
factory_9,summary.csv,deepest_tracked_notch_db,value,-7.586061,-7.586061,0.0
factory_9,summary.csv,guitar_broadband_hf_db,value,-80.428902,-80.428902,0.0
factory_9,summary.csv,guitar_lr_correlation,value,0.999815,0.999815,0.0
factory_9,summary.csv,guitar_mono_fold_db,value,-0.00044,-0.00044,0.0
factory_9,summary.csv,guitar_side_to_mid_db,value,-39.946918,-39.946918,0.0
factory_9,summary.csv,sweep_broadband_hf_db,value,-82.422493,-82.422493,0.0
factory_9,summary.csv,sweep_lr_correlation,value,0.999897,0.999897,0.0
factory_9,summary.csv,sweep_mono_fold_db,value,-0.000223,-0.000223,0.0
factory_9,summary.csv,sweep_side_to_mid_db,value,-42.89489,-42.89489,0.0
factory_9,summary.csv,tracked_notch_count,value,10.0,10.0,0.0
factory_9,summary.csv,tracked_notch_high_hz,value,10776.795898,10776.795898,0.0
factory_9,summary.csv,tracked_notch_low_hz,value,22.270071,22.270071,0.0
factory_9,summary.csv,tracked_notch_span_oct,value,8.918607,8.918607,0.0
factory_9,summary.csv,worst_thd_db,value,-22.460497,-22.460497,0.0
factory_9,frequency_response.csv,0,time_s,0.0,0.0,0.0
factory_9,frequency_response.csv,0,freq_hz,20.0,20.0,0.0
factory_9,frequency_response.csv,0,gain_db,-7.176994,-7.176994,0.0
factory_9,frequency_response.csv,1,time_s,0.067227,0.067227,0.0
factory_9,frequency_response.csv,1,freq_hz,21.104536,21.104536,0.0
factory_9,frequency_response.csv,1,gain_db,-5.511518,-5.511518,0.0
factory_9,frequency_response.csv,2,time_s,0.134454,0.134454,0.0
factory_9,frequency_response.csv,2,freq_hz,22.270071,22.270071,0.0
factory_9,frequency_response.csv,2,gain_db,-5.546189,-5.546189,0.0
factory_9,frequency_response.csv,3,time_s,0.201681,0.201681,0.0
factory_9,frequency_response.csv,3,freq_hz,23.499975,23.499975,0.0
factory_9,frequency_response.csv,3,gain_db,-5.539407,-5.539407,0.0
factory_9,frequency_response.csv,4,time_s,0.268908,0.268908,0.0
factory_9,frequency_response.csv,4,freq_hz,24.797804,24.797804,0.0
factory_9,frequency_response.csv,4,gain_db,-4.794706,-4.794706,0.0
factory_9,frequency_response.csv,5,time_s,0.336134,0.336134,0.0
factory_9,frequency_response.csv,5,freq_hz,26.167307,26.167307,0.0
factory_9,frequency_response.csv,5,gain_db,-5.264522,-5.264522,0.0
factory_9,frequency_response.csv,6,time_s,0.403361,0.403361,0.0
factory_9,frequency_response.csv,6,freq_hz,27.612442,27.612442,0.0
factory_9,frequency_response.csv,6,gain_db,-4.668708,-4.668708,0.0
factory_9,frequency_response.csv,7,time_s,0.470588,0.470588,0.0
factory_9,frequency_response.csv,7,freq_hz,29.13739,29.13739,0.0
factory_9,frequency_response.csv,7,gain_db,-5.222571,-5.222571,0.0
factory_9,frequency_response.csv,8,time_s,0.537815,0.537815,0.0
factory_9,frequency_response.csv,8,freq_hz,30.746555,30.746555,0.0
factory_9,frequency_response.csv,8,gain_db,-5.095965,-5.095965,0.0
factory_9,frequency_response.csv,9,time_s,0.605042,0.605042,0.0
factory_9,frequency_response.csv,9,freq_hz,32.444588,32.444588,0.0
factory_9,frequency_response.csv,9,gain_db,-5.037508,-5.037508,0.0
factory_9,frequency_response.csv,10,time_s,0.672269,0.672269,0.0
factory_9,frequency_response.csv,10,freq_hz,34.236401,34.236401,0.0
factory_9,frequency_response.csv,10,gain_db,-4.661358,-4.661358,0.0
factory_9,frequency_response.csv,11,time_s,0.739496,0.739496,0.0
factory_9,frequency_response.csv,11,freq_hz,36.127167,36.127167,0.0
factory_9,frequency_response.csv,11,gain_db,-4.750467,-4.750467,0.0
factory_9,frequency_response.csv,12,time_s,0.806723,0.806723,0.0
factory_9,frequency_response.csv,12,freq_hz,38.122353,38.122353,0.0
factory_9,frequency_response.csv,12,gain_db,-4.378324,-4.378324,0.0
factory_9,frequency_response.csv,13,time_s,0.87395,0.87395,0.0
factory_9,frequency_response.csv,13,freq_hz,40.22773,40.22773,0.0
factory_9,frequency_response.csv,13,gain_db,-3.584877,-3.584877,0.0
factory_9,frequency_response.csv,14,time_s,0.941177,0.941177,0.0
factory_9,frequency_response.csv,14,freq_hz,42.449379,42.449379,0.0
factory_9,frequency_response.csv,14,gain_db,-3.47565,-3.47565,0.0
factory_9,frequency_response.csv,15,time_s,1.008403,1.008403,0.0
factory_9,frequency_response.csv,15,freq_hz,44.79372,44.79372,0.0
factory_9,frequency_response.csv,15,gain_db,-3.102203,-3.102203,0.0
factory_9,frequency_response.csv,16,time_s,1.07563,1.07563,0.0
factory_9,frequency_response.csv,16,freq_hz,47.267536,47.267536,0.0
factory_9,frequency_response.csv,16,gain_db,-2.925816,-2.925816,0.0
factory_9,frequency_response.csv,17,time_s,1.142857,1.142857,0.0
factory_9,frequency_response.csv,17,freq_hz,49.877968,49.877968,0.0
factory_9,frequency_response.csv,17,gain_db,-3.135083,-3.135083,0.0
factory_9,frequency_response.csv,18,time_s,1.210084,1.210084,0.0
factory_9,frequency_response.csv,18,freq_hz,52.632568,52.632568,0.0
factory_9,frequency_response.csv,18,gain_db,-3.277374,-3.277374,0.0
factory_9,frequency_response.csv,19,time_s,1.277311,1.277311,0.0
factory_9,frequency_response.csv,19,freq_hz,55.539299,55.539299,0.0
factory_9,frequency_response.csv,19,gain_db,-3.609111,-3.609111,0.0
factory_9,frequency_response.csv,20,time_s,1.344538,1.344538,0.0
factory_9,frequency_response.csv,20,freq_hz,58.606552,58.606552,0.0
factory_9,frequency_response.csv,20,gain_db,-3.949581,-3.949581,0.0
factory_9,frequency_response.csv,21,time_s,1.411765,1.411765,0.0
factory_9,frequency_response.csv,21,freq_hz,61.843204,61.843204,0.0
factory_9,frequency_response.csv,21,gain_db,-4.265276,-4.265276,0.0
factory_9,frequency_response.csv,22,time_s,1.478992,1.478992,0.0
factory_9,frequency_response.csv,22,freq_hz,65.258606,65.258606,0.0
factory_9,frequency_response.csv,22,gain_db,-4.419191,-4.419191,0.0
factory_9,frequency_response.csv,23,time_s,1.546218,1.546218,0.0
factory_9,frequency_response.csv,23,freq_hz,68.862625,68.862625,0.0
factory_9,frequency_response.csv,23,gain_db,-4.520129,-4.520129,0.0
factory_9,frequency_response.csv,24,time_s,1.613445,1.613445,0.0
factory_9,frequency_response.csv,24,freq_hz,72.665695,72.665695,0.0
factory_9,frequency_response.csv,24,gain_db,-4.33878,-4.33878,0.0
factory_9,frequency_response.csv,25,time_s,1.680672,1.680672,0.0
factory_9,frequency_response.csv,25,freq_hz,76.678787,76.678787,0.0
factory_9,frequency_response.csv,25,gain_db,-4.253831,-4.253831,0.0
factory_9,frequency_response.csv,26,time_s,1.747899,1.747899,0.0
factory_9,frequency_response.csv,26,freq_hz,80.913506,80.913506,0.0
factory_9,frequency_response.csv,26,gain_db,-3.968191,-3.968191,0.0
factory_9,frequency_response.csv,27,time_s,1.815126,1.815126,0.0
factory_9,frequency_response.csv,27,freq_hz,85.382095,85.382095,0.0
factory_9,frequency_response.csv,27,gain_db,-3.789349,-3.789349,0.0
factory_9,frequency_response.csv,28,time_s,1.882353,1.882353,0.0
factory_9,frequency_response.csv,28,freq_hz,90.097488,90.097488,0.0
factory_9,frequency_response.csv,28,gain_db,-3.636241,-3.636241,0.0
factory_9,frequency_response.csv,29,time_s,1.94958,1.94958,0.0
factory_9,frequency_response.csv,29,freq_hz,95.073273,95.073273,0.0
factory_9,frequency_response.csv,29,gain_db,-3.464199,-3.464199,0.0
factory_9,frequency_response.csv,30,time_s,2.016807,2.016807,0.0
factory_9,frequency_response.csv,30,freq_hz,100.323875,100.323875,0.0
factory_9,frequency_response.csv,30,gain_db,-3.434784,-3.434784,0.0
factory_9,frequency_response.csv,31,time_s,2.084034,2.084034,0.0
factory_9,frequency_response.csv,31,freq_hz,105.864441,105.864441,0.0
factory_9,frequency_response.csv,31,gain_db,-3.496442,-3.496442,0.0
factory_9,frequency_response.csv,32,time_s,2.151261,2.151261,0.0
factory_9,frequency_response.csv,32,freq_hz,111.710999,111.710999,0.0
factory_9,frequency_response.csv,32,gain_db,-3.692269,-3.692269,0.0
factory_9,frequency_response.csv,33,time_s,2.218488,2.218488,0.0
factory_9,frequency_response.csv,33,freq_hz,117.880432,117.880432,0.0
factory_9,frequency_response.csv,33,gain_db,-4.020287,-4.020287,0.0
factory_9,frequency_response.csv,34,time_s,2.285714,2.285714,0.0
factory_9,frequency_response.csv,34,freq_hz,124.390594,124.390594,0.0
factory_9,frequency_response.csv,34,gain_db,-4.554963,-4.554963,0.0
factory_9,frequency_response.csv,35,time_s,2.352941,2.352941,0.0
factory_9,frequency_response.csv,35,freq_hz,131.260284,131.260284,0.0
factory_9,frequency_response.csv,35,gain_db,-5.353423,-5.353423,0.0
factory_9,frequency_response.csv,36,time_s,2.420168,2.420168,0.0
factory_9,frequency_response.csv,36,freq_hz,138.509369,138.509369,0.0
factory_9,frequency_response.csv,36,gain_db,-6.191606,-6.191606,0.0
factory_9,frequency_response.csv,37,time_s,2.487395,2.487395,0.0
factory_9,frequency_response.csv,37,freq_hz,146.158783,146.158783,0.0
factory_9,frequency_response.csv,37,gain_db,-6.973415,-6.973415,0.0
factory_9,frequency_response.csv,38,time_s,2.554622,2.554622,0.0
factory_9,frequency_response.csv,38,freq_hz,154.230667,154.230667,0.0
factory_9,frequency_response.csv,38,gain_db,-7.443873,-7.443873,0.0
factory_9,frequency_response.csv,39,time_s,2.621849,2.621849,0.0
factory_9,frequency_response.csv,39,freq_hz,162.748337,162.748337,0.0
factory_9,frequency_response.csv,39,gain_db,-7.586061,-7.586061,0.0
factory_9,frequency_response.csv,40,time_s,2.689076,2.689076,0.0
factory_9,frequency_response.csv,40,freq_hz,171.73642,171.73642,0.0
factory_9,frequency_response.csv,40,gain_db,-7.450266,-7.450266,0.0
factory_9,frequency_response.csv,41,time_s,2.756303,2.756303,0.0
factory_9,frequency_response.csv,41,freq_hz,181.220856,181.220856,0.0
factory_9,frequency_response.csv,41,gain_db,-7.204043,-7.204043,0.0
factory_9,frequency_response.csv,42,time_s,2.823529,2.823529,0.0
factory_9,frequency_response.csv,42,freq_hz,191.229095,191.229095,0.0
factory_9,frequency_response.csv,42,gain_db,-7.015989,-7.015989,0.0
factory_9,frequency_response.csv,43,time_s,2.890756,2.890756,0.0
factory_9,frequency_response.csv,43,freq_hz,201.79007,201.79007,0.0
factory_9,frequency_response.csv,43,gain_db,-6.949142,-6.949142,0.0
factory_9,frequency_response.csv,44,time_s,2.957983,2.957983,0.0
factory_9,frequency_response.csv,44,freq_hz,212.93428,212.93428,0.0
factory_9,frequency_response.csv,44,gain_db,-6.966204,-6.966204,0.0
factory_9,frequency_response.csv,45,time_s,3.02521,3.02521,0.0
factory_9,frequency_response.csv,45,freq_hz,224.69397,224.69397,0.0
factory_9,frequency_response.csv,45,gain_db,-7.118547,-7.118547,0.0
factory_9,frequency_response.csv,46,time_s,3.092437,3.092437,0.0
factory_9,frequency_response.csv,46,freq_hz,237.103104,237.103104,0.0
factory_9,frequency_response.csv,46,gain_db,-7.30253,-7.30253,0.0
factory_9,frequency_response.csv,47,time_s,3.159664,3.159664,0.0
factory_9,frequency_response.csv,47,freq_hz,250.19754,250.19754,0.0
factory_9,frequency_response.csv,47,gain_db,-7.464928,-7.464928,0.0
factory_9,frequency_response.csv,48,time_s,3.226891,3.226891,0.0
factory_9,frequency_response.csv,48,freq_hz,264.015137,264.015137,0.0
factory_9,frequency_response.csv,48,gain_db,-7.535215,-7.535215,0.0
factory_9,frequency_response.csv,49,time_s,3.294118,3.294118,0.0
factory_9,frequency_response.csv,49,freq_hz,278.595856,278.595856,0.0
factory_9,frequency_response.csv,49,gain_db,-7.513549,-7.513549,0.0
factory_9,frequency_response.csv,50,time_s,3.361345,3.361345,0.0
factory_9,frequency_response.csv,50,freq_hz,293.981812,293.981812,0.0
factory_9,frequency_response.csv,50,gain_db,-7.46125,-7.46125,0.0
factory_9,frequency_response.csv,51,time_s,3.428571,3.428571,0.0
factory_9,frequency_response.csv,51,freq_hz,310.217468,310.217468,0.0
factory_9,frequency_response.csv,51,gain_db,-7.453825,-7.453825,0.0
factory_9,frequency_response.csv,52,time_s,3.495798,3.495798,0.0
factory_9,frequency_response.csv,52,freq_hz,327.349792,327.349792,0.0
factory_9,frequency_response.csv,52,gain_db,-7.49738,-7.49738,0.0
factory_9,frequency_response.csv,53,time_s,3.563025,3.563025,0.0
factory_9,frequency_response.csv,53,freq_hz,345.428284,345.428284,0.0
factory_9,frequency_response.csv,53,gain_db,-7.532431,-7.532431,0.0
factory_9,frequency_response.csv,54,time_s,3.630252,3.630252,0.0
factory_9,frequency_response.csv,54,freq_hz,364.505157,364.505157,0.0
factory_9,frequency_response.csv,54,gain_db,-7.416521,-7.416521,0.0
factory_9,frequency_response.csv,55,time_s,3.697479,3.697479,0.0
factory_9,frequency_response.csv,55,freq_hz,384.63562,384.63562,0.0
factory_9,frequency_response.csv,55,gain_db,-7.035473,-7.035473,0.0
factory_9,frequency_response.csv,56,time_s,3.764706,3.764706,0.0
factory_9,frequency_response.csv,56,freq_hz,405.877808,405.877808,0.0
factory_9,frequency_response.csv,56,gain_db,-6.355428,-6.355428,0.0
factory_9,frequency_response.csv,57,time_s,3.831933,3.831933,0.0
factory_9,frequency_response.csv,57,freq_hz,428.293121,428.293121,0.0
factory_9,frequency_response.csv,57,gain_db,-5.548545,-5.548545,0.0
factory_9,frequency_response.csv,58,time_s,3.89916,3.89916,0.0
factory_9,frequency_response.csv,58,freq_hz,451.946381,451.946381,0.0
factory_9,frequency_response.csv,58,gain_db,-4.811769,-4.811769,0.0
factory_9,frequency_response.csv,59,time_s,3.966387,3.966387,0.0
factory_9,frequency_response.csv,59,freq_hz,476.905945,476.905945,0.0
factory_9,frequency_response.csv,59,gain_db,-4.230977,-4.230977,0.0
factory_9,frequency_response.csv,60,time_s,4.033614,4.033614,0.0
factory_9,frequency_response.csv,60,freq_hz,503.244019,503.244019,0.0
factory_9,frequency_response.csv,60,gain_db,-3.8416,-3.8416,0.0
factory_9,frequency_response.csv,61,time_s,4.100841,4.100841,0.0
factory_9,frequency_response.csv,61,freq_hz,531.03656,531.03656,0.0
factory_9,frequency_response.csv,61,gain_db,-3.578466,-3.578466,0.0
factory_9,frequency_response.csv,62,time_s,4.168067,4.168067,0.0
factory_9,frequency_response.csv,62,freq_hz,560.364014,560.364014,0.0
factory_9,frequency_response.csv,62,gain_db,-3.421111,-3.421111,0.0
factory_9,frequency_response.csv,63,time_s,4.235294,4.235294,0.0
factory_9,frequency_response.csv,63,freq_hz,591.311096,591.311096,0.0
factory_9,frequency_response.csv,63,gain_db,-3.34222,-3.34222,0.0
factory_9,frequency_response.csv,64,time_s,4.302521,4.302521,0.0
factory_9,frequency_response.csv,64,freq_hz,623.967346,623.967346,0.0
factory_9,frequency_response.csv,64,gain_db,-3.340064,-3.340064,0.0
factory_9,frequency_response.csv,65,time_s,4.369748,4.369748,0.0
factory_9,frequency_response.csv,65,freq_hz,658.427063,658.427063,0.0
factory_9,frequency_response.csv,65,gain_db,-3.397554,-3.397554,0.0
factory_9,frequency_response.csv,66,time_s,4.436975,4.436975,0.0
factory_9,frequency_response.csv,66,freq_hz,694.789795,694.789795,0.0
factory_9,frequency_response.csv,66,gain_db,-3.491777,-3.491777,0.0
factory_9,frequency_response.csv,67,time_s,4.504202,4.504202,0.0
factory_9,frequency_response.csv,67,freq_hz,733.160889,733.160889,0.0
factory_9,frequency_response.csv,67,gain_db,-3.666343,-3.666343,0.0
factory_9,frequency_response.csv,68,time_s,4.571429,4.571429,0.0
factory_9,frequency_response.csv,68,freq_hz,773.651001,773.651001,0.0
factory_9,frequency_response.csv,68,gain_db,-3.895054,-3.895054,0.0
factory_9,frequency_response.csv,69,time_s,4.638656,4.638656,0.0
factory_9,frequency_response.csv,69,freq_hz,816.377197,816.377197,0.0
factory_9,frequency_response.csv,69,gain_db,-4.148838,-4.148838,0.0
factory_9,frequency_response.csv,70,time_s,4.705883,4.705883,0.0
factory_9,frequency_response.csv,70,freq_hz,861.463074,861.463074,0.0
factory_9,frequency_response.csv,70,gain_db,-4.365874,-4.365874,0.0
factory_9,frequency_response.csv,71,time_s,4.773109,4.773109,0.0
factory_9,frequency_response.csv,71,freq_hz,909.03894,909.03894,0.0
factory_9,frequency_response.csv,71,gain_db,-4.480514,-4.480514,0.0
factory_9,frequency_response.csv,72,time_s,4.840336,4.840336,0.0
factory_9,frequency_response.csv,72,freq_hz,959.242249,959.242249,0.0
factory_9,frequency_response.csv,72,gain_db,-4.447644,-4.447644,0.0
factory_9,frequency_response.csv,73,time_s,4.907563,4.907563,0.0
factory_9,frequency_response.csv,73,freq_hz,1012.218079,1012.218079,0.0
factory_9,frequency_response.csv,73,gain_db,-4.260464,-4.260464,0.0
factory_9,frequency_response.csv,74,time_s,4.97479,4.97479,0.0
factory_9,frequency_response.csv,74,freq_hz,1068.119629,1068.119629,0.0
factory_9,frequency_response.csv,74,gain_db,-3.977088,-3.977088,0.0
factory_9,frequency_response.csv,75,time_s,5.042017,5.042017,0.0
factory_9,frequency_response.csv,75,freq_hz,1127.108398,1127.108398,0.0
factory_9,frequency_response.csv,75,gain_db,-3.637588,-3.637588,0.0
factory_9,frequency_response.csv,76,time_s,5.109244,5.109244,0.0
factory_9,frequency_response.csv,76,freq_hz,1189.355103,1189.355103,0.0
factory_9,frequency_response.csv,76,gain_db,-3.309866,-3.309866,0.0
factory_9,frequency_response.csv,77,time_s,5.176471,5.176471,0.0
factory_9,frequency_response.csv,77,freq_hz,1255.039307,1255.039307,0.0
factory_9,frequency_response.csv,77,gain_db,-3.075379,-3.075379,0.0
factory_9,frequency_response.csv,78,time_s,5.243698,5.243698,0.0
factory_9,frequency_response.csv,78,freq_hz,1324.351074,1324.351074,0.0
factory_9,frequency_response.csv,78,gain_db,-2.926111,-2.926111,0.0
factory_9,frequency_response.csv,79,time_s,5.310925,5.310925,0.0
factory_9,frequency_response.csv,79,freq_hz,1397.490845,1397.490845,0.0
factory_9,frequency_response.csv,79,gain_db,-2.854456,-2.854456,0.0
factory_9,frequency_response.csv,80,time_s,5.378151,5.378151,0.0
factory_9,frequency_response.csv,80,freq_hz,1474.669678,1474.669678,0.0
factory_9,frequency_response.csv,80,gain_db,-2.833286,-2.833286,0.0
factory_9,frequency_response.csv,81,time_s,5.445378,5.445378,0.0
factory_9,frequency_response.csv,81,freq_hz,1556.110962,1556.110962,0.0
factory_9,frequency_response.csv,81,gain_db,-2.837805,-2.837805,0.0
factory_9,frequency_response.csv,82,time_s,5.512605,5.512605,0.0
factory_9,frequency_response.csv,82,freq_hz,1642.050049,1642.050049,0.0
factory_9,frequency_response.csv,82,gain_db,-2.85499,-2.85499,0.0
factory_9,frequency_response.csv,83,time_s,5.579832,5.579832,0.0
factory_9,frequency_response.csv,83,freq_hz,1732.735107,1732.735107,0.0
factory_9,frequency_response.csv,83,gain_db,-2.877715,-2.877715,0.0
factory_9,frequency_response.csv,84,time_s,5.647059,5.647059,0.0
factory_9,frequency_response.csv,84,freq_hz,1828.428467,1828.428467,0.0
factory_9,frequency_response.csv,84,gain_db,-2.901143,-2.901143,0.0
factory_9,frequency_response.csv,85,time_s,5.714286,5.714286,0.0
factory_9,frequency_response.csv,85,freq_hz,1929.406738,1929.406738,0.0
factory_9,frequency_response.csv,85,gain_db,-2.92201,-2.92201,0.0
factory_9,frequency_response.csv,86,time_s,5.781513,5.781513,0.0
factory_9,frequency_response.csv,86,freq_hz,2035.96167,2035.96167,0.0
factory_9,frequency_response.csv,86,gain_db,-2.939895,-2.939895,0.0
factory_9,frequency_response.csv,87,time_s,5.84874,5.84874,0.0
factory_9,frequency_response.csv,87,freq_hz,2148.401367,2148.401367,0.0
factory_9,frequency_response.csv,87,gain_db,-2.955009,-2.955009,0.0
factory_9,frequency_response.csv,88,time_s,5.915967,5.915967,0.0
factory_9,frequency_response.csv,88,freq_hz,2267.050537,2267.050537,0.0
factory_9,frequency_response.csv,88,gain_db,-2.969734,-2.969734,0.0
factory_9,frequency_response.csv,89,time_s,5.983193,5.983193,0.0
factory_9,frequency_response.csv,89,freq_hz,2392.252441,2392.252441,0.0
factory_9,frequency_response.csv,89,gain_db,-2.982162,-2.982162,0.0
factory_9,frequency_response.csv,90,time_s,6.05042,6.05042,0.0
factory_9,frequency_response.csv,90,freq_hz,2524.368896,2524.368896,0.0
factory_9,frequency_response.csv,90,gain_db,-2.995902,-2.995902,0.0
factory_9,frequency_response.csv,91,time_s,6.117647,6.117647,0.0
factory_9,frequency_response.csv,91,freq_hz,2663.781738,2663.781738,0.0
factory_9,frequency_response.csv,91,gain_db,-3.016771,-3.016771,0.0
factory_9,frequency_response.csv,92,time_s,6.184874,6.184874,0.0
factory_9,frequency_response.csv,92,freq_hz,2810.893799,2810.893799,0.0
factory_9,frequency_response.csv,92,gain_db,-3.044032,-3.044032,0.0
factory_9,frequency_response.csv,93,time_s,6.252101,6.252101,0.0
factory_9,frequency_response.csv,93,freq_hz,2966.130371,2966.130371,0.0
factory_9,frequency_response.csv,93,gain_db,-3.084334,-3.084334,0.0
factory_9,frequency_response.csv,94,time_s,6.319328,6.319328,0.0
factory_9,frequency_response.csv,94,freq_hz,3129.94043,3129.94043,0.0
factory_9,frequency_response.csv,94,gain_db,-3.144881,-3.144881,0.0
factory_9,frequency_response.csv,95,time_s,6.386555,6.386555,0.0
factory_9,frequency_response.csv,95,freq_hz,3302.796875,3302.796875,0.0
factory_9,frequency_response.csv,95,gain_db,-3.232386,-3.232386,0.0
factory_9,frequency_response.csv,96,time_s,6.453782,6.453782,0.0
factory_9,frequency_response.csv,96,freq_hz,3485.199951,3485.199951,0.0
factory_9,frequency_response.csv,96,gain_db,-3.349729,-3.349729,0.0
factory_9,frequency_response.csv,97,time_s,6.521008,6.521008,0.0
factory_9,frequency_response.csv,97,freq_hz,3677.676025,3677.676025,0.0
factory_9,frequency_response.csv,97,gain_db,-3.490342,-3.490342,0.0
factory_9,frequency_response.csv,98,time_s,6.588235,6.588235,0.0
factory_9,frequency_response.csv,98,freq_hz,3880.782471,3880.782471,0.0
factory_9,frequency_response.csv,98,gain_db,-3.642893,-3.642893,0.0
factory_9,frequency_response.csv,99,time_s,6.655462,6.655462,0.0
factory_9,frequency_response.csv,99,freq_hz,4095.105469,4095.105469,0.0
factory_9,frequency_response.csv,99,gain_db,-3.793753,-3.793753,0.0
factory_9,frequency_response.csv,100,time_s,6.722689,6.722689,0.0
factory_9,frequency_response.csv,100,freq_hz,4321.265137,4321.265137,0.0
factory_9,frequency_response.csv,100,gain_db,-3.93573,-3.93573,0.0
factory_9,frequency_response.csv,101,time_s,6.789916,6.789916,0.0
factory_9,frequency_response.csv,101,freq_hz,4559.914551,4559.914551,0.0
factory_9,frequency_response.csv,101,gain_db,-4.070875,-4.070875,0.0
factory_9,frequency_response.csv,102,time_s,6.857143,6.857143,0.0
factory_9,frequency_response.csv,102,freq_hz,4811.744141,4811.744141,0.0
factory_9,frequency_response.csv,102,gain_db,-4.196421,-4.196421,0.0
factory_9,frequency_response.csv,103,time_s,6.92437,6.92437,0.0
factory_9,frequency_response.csv,103,freq_hz,5077.481445,5077.481445,0.0
factory_9,frequency_response.csv,103,gain_db,-4.313563,-4.313563,0.0
factory_9,frequency_response.csv,104,time_s,6.991597,6.991597,0.0
factory_9,frequency_response.csv,104,freq_hz,5357.894531,5357.894531,0.0
factory_9,frequency_response.csv,104,gain_db,-4.420668,-4.420668,0.0
factory_9,frequency_response.csv,105,time_s,7.058824,7.058824,0.0
factory_9,frequency_response.csv,105,freq_hz,5653.793457,5653.793457,0.0
factory_9,frequency_response.csv,105,gain_db,-4.518608,-4.518608,0.0
factory_9,frequency_response.csv,106,time_s,7.12605,7.12605,0.0
factory_9,frequency_response.csv,106,freq_hz,5966.034668,5966.034668,0.0
factory_9,frequency_response.csv,106,gain_db,-4.603751,-4.603751,0.0
factory_9,frequency_response.csv,107,time_s,7.193277,7.193277,0.0
factory_9,frequency_response.csv,107,freq_hz,6295.519531,6295.519531,0.0
factory_9,frequency_response.csv,107,gain_db,-4.680352,-4.680352,0.0
factory_9,frequency_response.csv,108,time_s,7.260504,7.260504,0.0
factory_9,frequency_response.csv,108,freq_hz,6643.200684,6643.200684,0.0
factory_9,frequency_response.csv,108,gain_db,-4.745259,-4.745259,0.0
factory_9,frequency_response.csv,109,time_s,7.327731,7.327731,0.0
factory_9,frequency_response.csv,109,freq_hz,7010.083008,7010.083008,0.0
factory_9,frequency_response.csv,109,gain_db,-4.798056,-4.798056,0.0
factory_9,frequency_response.csv,110,time_s,7.394958,7.394958,0.0
factory_9,frequency_response.csv,110,freq_hz,7397.227539,7397.227539,0.0
factory_9,frequency_response.csv,110,gain_db,-4.841562,-4.841562,0.0
factory_9,frequency_response.csv,111,time_s,7.462185,7.462185,0.0
factory_9,frequency_response.csv,111,freq_hz,7805.752441,7805.752441,0.0
factory_9,frequency_response.csv,111,gain_db,-4.878766,-4.878766,0.0
factory_9,frequency_response.csv,112,time_s,7.529412,7.529412,0.0
factory_9,frequency_response.csv,112,freq_hz,8236.839844,8236.839844,0.0
factory_9,frequency_response.csv,112,gain_db,-4.913033,-4.913033,0.0
factory_9,frequency_response.csv,113,time_s,7.596639,7.596639,0.0
factory_9,frequency_response.csv,113,freq_hz,8691.733398,8691.733398,0.0
factory_9,frequency_response.csv,113,gain_db,-4.947176,-4.947176,0.0
factory_9,frequency_response.csv,114,time_s,7.663866,7.663866,0.0
factory_9,frequency_response.csv,114,freq_hz,9171.75,9171.75,0.0
factory_9,frequency_response.csv,114,gain_db,-4.978816,-4.978816,0.0
factory_9,frequency_response.csv,115,time_s,7.731092,7.731092,0.0
factory_9,frequency_response.csv,115,freq_hz,9678.276367,9678.276367,0.0
factory_9,frequency_response.csv,115,gain_db,-5.002789,-5.002789,0.0
factory_9,frequency_response.csv,116,time_s,7.798319,7.798319,0.0
factory_9,frequency_response.csv,116,freq_hz,10212.776367,10212.776367,0.0
factory_9,frequency_response.csv,116,gain_db,-5.01803,-5.01803,0.0
factory_9,frequency_response.csv,117,time_s,7.865546,7.865546,0.0
factory_9,frequency_response.csv,117,freq_hz,10776.795898,10776.795898,0.0
factory_9,frequency_response.csv,117,gain_db,-5.020551,-5.020551,0.0
factory_9,frequency_response.csv,118,time_s,7.932773,7.932773,0.0
factory_9,frequency_response.csv,118,freq_hz,11371.962891,11371.962891,0.0
factory_9,frequency_response.csv,118,gain_db,-5.012281,-5.012281,0.0
factory_9,frequency_response.csv,119,time_s,8.0,8.0,0.0
factory_9,frequency_response.csv,119,freq_hz,12000.0,12000.0,0.0
factory_9,frequency_response.csv,119,gain_db,-4.999393,-4.999393,0.0
factory_9,notch_tracking.csv,0,time_s,0.134454,0.134454,0.0
factory_9,notch_tracking.csv,0,freq_hz,22.270071,22.270071,0.0
factory_9,notch_tracking.csv,0,notch_depth_db,-5.546189,-5.546189,0.0
factory_9,notch_tracking.csv,1,time_s,0.336134,0.336134,0.0
factory_9,notch_tracking.csv,1,freq_hz,26.167307,26.167307,0.0
factory_9,notch_tracking.csv,1,notch_depth_db,-5.264522,-5.264522,0.0
factory_9,notch_tracking.csv,2,time_s,0.470588,0.470588,0.0
factory_9,notch_tracking.csv,2,freq_hz,29.13739,29.13739,0.0
factory_9,notch_tracking.csv,2,notch_depth_db,-5.222571,-5.222571,0.0
factory_9,notch_tracking.csv,3,time_s,0.739496,0.739496,0.0
factory_9,notch_tracking.csv,3,freq_hz,36.127167,36.127167,0.0
factory_9,notch_tracking.csv,3,notch_depth_db,-4.750467,-4.750467,0.0
factory_9,notch_tracking.csv,4,time_s,1.546218,1.546218,0.0
factory_9,notch_tracking.csv,4,freq_hz,68.862625,68.862625,0.0
factory_9,notch_tracking.csv,4,notch_depth_db,-4.520129,-4.520129,0.0
factory_9,notch_tracking.csv,5,time_s,2.621849,2.621849,0.0
factory_9,notch_tracking.csv,5,freq_hz,162.748337,162.748337,0.0
factory_9,notch_tracking.csv,5,notch_depth_db,-7.586061,-7.586061,0.0
factory_9,notch_tracking.csv,6,time_s,3.226891,3.226891,0.0
factory_9,notch_tracking.csv,6,freq_hz,264.015137,264.015137,0.0
factory_9,notch_tracking.csv,6,notch_depth_db,-7.535215,-7.535215,0.0
factory_9,notch_tracking.csv,7,time_s,3.563025,3.563025,0.0
factory_9,notch_tracking.csv,7,freq_hz,345.428284,345.428284,0.0
factory_9,notch_tracking.csv,7,notch_depth_db,-7.532431,-7.532431,0.0
factory_9,notch_tracking.csv,8,time_s,4.773109,4.773109,0.0
factory_9,notch_tracking.csv,8,freq_hz,909.03894,909.03894,0.0
factory_9,notch_tracking.csv,8,notch_depth_db,-4.480514,-4.480514,0.0
factory_9,notch_tracking.csv,9,time_s,7.865546,7.865546,0.0
factory_9,notch_tracking.csv,9,freq_hz,10776.795898,10776.795898,0.0
factory_9,notch_tracking.csv,9,notch_depth_db,-5.020551,-5.020551,0.0
factory_9,thd_vs_drive.csv,0,sine_level_db,-24.0,-24.0,0.0
factory_9,thd_vs_drive.csv,0,thd_ratio,0.000257,0.000257,0.0
factory_9,thd_vs_drive.csv,0,thd_db,-71.805664,-71.805664,0.0
factory_9,thd_vs_drive.csv,0,broadband_hf_db,-82.685944,-82.685944,0.0
factory_9,thd_vs_drive.csv,1,sine_level_db,-18.0,-18.0,0.0
factory_9,thd_vs_drive.csv,1,thd_ratio,0.001079,0.001079,0.0
factory_9,thd_vs_drive.csv,1,thd_db,-59.341446,-59.341446,0.0
factory_9,thd_vs_drive.csv,1,broadband_hf_db,-82.678291,-82.678291,0.0
factory_9,thd_vs_drive.csv,2,sine_level_db,-12.0,-12.0,0.0
factory_9,thd_vs_drive.csv,2,thd_ratio,0.004843,0.004843,0.0
factory_9,thd_vs_drive.csv,2,thd_db,-46.297832,-46.297832,0.0
factory_9,thd_vs_drive.csv,2,broadband_hf_db,-82.679482,-82.679482,0.0
factory_9,thd_vs_drive.csv,3,sine_level_db,-6.0,-6.0,0.0
factory_9,thd_vs_drive.csv,3,thd_ratio,0.021678,0.021678,0.0
factory_9,thd_vs_drive.csv,3,thd_db,-33.279491,-33.279491,0.0
factory_9,thd_vs_drive.csv,3,broadband_hf_db,-82.682541,-82.682541,0.0
factory_9,thd_vs_drive.csv,4,sine_level_db,0.0,0.0,0.0
factory_9,thd_vs_drive.csv,4,thd_ratio,0.075331,0.075331,0.0
factory_9,thd_vs_drive.csv,4,thd_db,-22.460497,-22.460497,0.0
factory_9,thd_vs_drive.csv,4,broadband_hf_db,-82.787582,-82.787582,0.0
