preset,time_s,phase,branch,frequency_hz,depth_db,corner1_hz,corner2_hz,corner3_hz,corner4_hz
0,0,0.0010289,1,98.4777,-28.4249,400.648,43.5584,11881.6,1554.39
0,0,0.0010289,2,5041.9,-17.0082,400.648,43.5584,11881.6,1554.39
0,0.00943311,0.00838667,1,97.5947,-28.4404,395.922,43.0179,11881.6,1533.96
0,0.00943311,0.00838667,2,5041.9,-17.0073,395.922,43.0179,11881.6,1533.96
0,0.0188662,0.0157444,1,96.7197,-28.4394,391.629,42.5272,11881.6,1515.41
0,0.0188662,0.0157444,2,4996.7,-17.011,391.629,42.5272,11881.6,1515.41
0,0.0282993,0.0231022,1,95.8525,-28.4356,387.786,42.0899,11881.6,1498.92
0,0.0282993,0.0231022,2,4951.9,-17.0109,387.786,42.0899,11881.6,1498.92
0,0.0377324,0.0304601,1,94.9932,-28.4374,384.405,41.704,11881.6,1484.38
0,0.0377324,0.0304601,2,4951.9,-17.0128,384.405,41.704,11881.6,1484.38
0,0.0471655,0.0378178,1,94.1415,-28.445,381.482,41.3702,11881.6,1471.79
0,0.0471655,0.0378178,2,4907.5,-17.0122,381.482,41.3702,11881.6,1471.79
0,0.0565986,0.0451756,1,93.2974,-28.4507,379.014,41.0883,11881.6,1461.16
0,0.0565986,0.0451756,2,4907.5,-17.0146,379.014,41.0883,11881.6,1461.16
0,0.0660317,0.0525334,1,92.4609,-28.4348,377.002,40.8573,11881.6,1452.47
0,0.0660317,0.0525334,2,4907.5,-17.0144,377.002,40.8573,11881.6,1452.47
0,0.0754649,0.0598912,1,92.4609,-28.4528,375.447,40.6793,11881.6,1445.76
0,0.0754649,0.0598912,2,4863.5,-17.0131,375.447,40.6793,11881.6,1445.76
0,0.084898,0.0672489,1,92.4609,-28.4418,374.356,40.5539,11881.6,1441.05
0,0.084898,0.0672489,2,4863.5,-17.0148,374.356,40.5539,11881.6,1441.05
0,0.0943311,0.0746067,1,91.632,-28.4367,373.738,40.4828,11881.6,1438.37
0,0.0943311,0.0746067,2,4863.5,-17.0156,373.738,40.4828,11881.6,1438.37
0,0.103764,0.0819645,1,92.4609,-28.4352,374.093,40.5236,11881.6,1439.91
0,0.103764,0.0819645,2,4863.5,-17.0152,374.093,40.5236,11881.6,1439.91
0,0.113197,0.0893223,1,92.4609,-28.4517,376,40.7424,11881.6,1448.15
0,0.113197,0.0893223,2,4907.5,-17.0135,376,40.7424,11881.6,1448.15
0,0.12263,0.0966801,1,93.2974,-28.4508,378.912,41.0765,11881.6,1460.72
0,0.12263,0.0966801,2,4907.5,-17.0147,378.912,41.0765,11881.6,1460.72
0,0.132063,0.104038,1,94.1415,-28.4468,382.655,41.5041,11881.6,1476.85
0,0.132063,0.104038,2,4951.9,-17.0117,382.655,41.5041,11881.6,1476.85
0,0.141497,0.111396,1,94.9932,-28.4248,387.185,42.0209,11881.6,1496.33
0,0.141497,0.111396,2,4951.9,-17.0117,387.185,42.0209,11881.6,1496.33
0,0.15093,0.118753,1,96.7197,-28.4428,392.384,42.6134,11881.6,1518.65
0,0.15093,0.118753,2,4996.7,-17.0109,392.384,42.6134,11881.6,1518.65
0,0.160363,0.126111,1,98.4777,-28.4306,398.199,43.2789,11881.6,1543.81
0,0.160363,0.126111,2,5041.9,-17.009,398.199,43.2789,11881.6,1543.81
0,0.169796,0.133469,1,99.3686,-28.4136,404.567,44.0059,11881.6,1571.31
0,0.169796,0.133469,2,5087.52,-17.0068,404.567,44.0059,11881.6,1571.31
0,0.179229,0.140827,1,101.175,-28.4156,411.511,44.7957,11881.6,1601.2
0,0.179229,0.140827,2,5133.54,-17.0046,411.511,44.7957,11881.6,1601.2
0,0.188662,0.148185,1,103.014,-28.4082,418.948,45.6432,11881.6,1633.36
0,0.188662,0.148185,2,5179.99,-17.0027,418.948,45.6432,11881.6,1633.36
0,0.198095,0.155542,1,105.835,-28.41,426.868,46.544,11881.6,1667.58
0,0.198095,0.155542,2,5226.85,-17.0008,426.868,46.544,11881.6,1667.58
0,0.207528,0.1629,1,107.758,-28.4169,435.266,47.4974,11881.6,1703.8
0,0.207528,0.1629,2,5274.14,-16.999,435.266,47.4974,11881.6,1703.8
0,0.216961,0.170258,1,109.717,-28.4161,444.085,48.4991,11881.6,1741.98
0,0.216961,0.170258,2,5321.85,-16.9968,444.085,48.4991,11881.6,1741.98
0,0.226395,0.177616,1,111.711,-28.3976,453.361,49.548,11881.6,1781.97
0,0.226395,0.177616,2,5370,-16.994,453.361,49.548,11881.6,1781.97
0,0.235828,0.184973,1,114.771,-28.4056,463.018,50.6414,11881.6,1823.78
0,0.235828,0.184973,2,5418.58,-16.9903,463.018,50.6414,11881.6,1823.78
0,0.245261,0.192331,1,116.857,-28.4005,473.089,51.7767,11881.6,1867.2
0,0.245261,0.192331,2,5517.06,-16.9861,473.089,51.7767,11881.6,1867.2
0,0.254694,0.199689,1,120.057,-28.3918,483.502,52.9509,11881.6,1912.25
0,0.254694,0.199689,2,5566.98,-16.9855,483.502,52.9509,11881.6,1912.25
0,0.264127,0.207047,1,122.239,-28.3955,494.291,54.162,11881.6,1958.75
0,0.264127,0.207047,2,5617.34,-16.9836,494.291,54.162,11881.6,1958.75
0,0.27356,0.214405,1,125.587,-28.3828,505.378,55.4062,11881.6,2006.62
0,0.27356,0.214405,2,5668.16,-16.9803,505.378,55.4062,11881.6,2006.62
0,0.282993,0.221762,1,127.869,-28.3894,516.796,56.683,11881.6,2055.8
0,0.282993,0.221762,2,5719.44,-16.9755,516.796,56.683,11881.6,2055.8
0,0.292426,0.22912,1,131.371,-28.3755,528.465,57.9833,11881.6,2106
0,0.292426,0.22912,2,5823.39,-16.9728,528.465,57.9833,11881.6,2106
0,0.301859,0.236478,1,133.759,-28.3838,540.404,59.3117,11881.6,2157.36
0,0.301859,0.236478,2,5876.08,-16.9716,540.404,59.3117,11881.6,2157.36
0,0.311293,0.243836,1,137.422,-28.3672,552.572,60.6598,11881.6,2209.56
0,0.311293,0.243836,2,5929.24,-16.969,552.572,60.6598,11881.6,2209.56
0,0.320726,0.251194,1,139.92,-28.3801,564.916,62.0229,11881.6,2262.44
0,0.320726,0.251194,2,5982.88,-16.965,564.916,62.0229,11881.6,2262.44
0,0.330159,0.258551,1,142.463,-28.3592,577.466,63.4048,11881.6,2316.16
0,0.330159,0.258551,2,6037,-16.9599,577.466,63.4048,11881.6,2316.16
0,0.339592,0.265909,1,146.365,-28.3743,590.135,64.7945,11881.6,2370.23
0,0.339592,0.265909,2,6146.73,-16.957,590.135,64.7945,11881.6,2370.23
0,0.349025,0.273267,1,149.025,-28.3707,602.898,66.1888,11881.6,2424.54
0,0.349025,0.273267,2,6202.34,-16.9555,602.898,66.1888,11881.6,2424.54
0,0.358458,0.280625,1,153.106,-28.3532,615.779,67.5914,11881.6,2479.32
0,0.358458,0.280625,2,6258.45,-16.9534,615.779,67.5914,11881.6,2479.32
0,0.367891,0.287982,1,155.889,-28.3685,628.683,68.9905,11881.6,2534.02
0,0.367891,0.287982,2,6315.07,-16.9507,628.683,68.9905,11881.6,2534.02
0,0.377324,0.29534,1,158.723,-28.3711,641.593,70.3839,11881.6,2588.58
0,0.377324,0.29534,2,6372.2,-16.9478,641.593,70.3839,11881.6,2588.58
0,0.386757,0.302698,1,161.608,-28.3675,654.509,71.7716,11881.6,2642.99
0,0.386757,0.302698,2,6429.85,-16.9447,654.509,71.7716,11881.6,2642.99
0,0.39619,0.310056,1,164.545,-28.3619,667.359,73.1474,11881.6,2697
0,0.39619,0.310056,2,6488.02,-16.9417,667.359,73.1474,11881.6,2697
0,0.405624,0.317414,1,167.536,-28.3588,680.118,74.5074,11881.6,2750.46
0,0.405624,0.317414,2,6546.72,-16.9389,680.118,74.5074,11881.6,2750.46
0,0.415057,0.324771,1,170.581,-28.3594,692.779,75.8507,11881.6,2803.33
0,0.415057,0.324771,2,6605.94,-16.9361,692.779,75.8507,11881.6,2803.33
0,0.42449,0.332129,1,173.681,-28.3637,705.273,77.1698,11881.6,2855.32
0,0.42449,0.332129,2,6665.71,-16.9332,705.273,77.1698,11881.6,2855.32
0,0.433923,0.339487,1,176.838,-28.369,717.583,78.4633,11881.6,2906.35
0,0.433923,0.339487,2,6726.01,-16.9299,717.583,78.4633,11881.6,2906.35
0,0.443356,0.346845,1,180.052,-28.3705,729.706,79.7329,11881.6,2956.48
0,0.443356,0.346845,2,6786.86,-16.9257,729.706,79.7329,11881.6,2956.48
0,0.452789,0.354203,1,183.324,-28.3613,741.563,80.968,11881.6,3005.34
0,0.452789,0.354203,2,6786.86,-16.9201,741.563,80.968,11881.6,3005.34
0,0.462222,0.36156,1,184.983,-28.3641,753.163,82.1704,11881.6,3052.94
0,0.462222,0.36156,2,6848.26,-16.9211,753.163,82.1704,11881.6,3052.94
0,0.471655,0.368918,1,188.345,-28.3724,764.455,83.3361,11881.6,3099.11
0,0.471655,0.368918,2,6910.21,-16.9204,764.455,83.3361,11881.6,3099.11
0,0.481088,0.376276,1,190.049,-28.3596,775.412,84.4622,11881.6,3143.76
0,0.481088,0.376276,2,6972.73,-16.9167,775.412,84.4622,11881.6,3143.76
0,0.490522,0.383634,1,193.503,-28.3735,786.038,85.5512,11881.6,3186.94
0,0.490522,0.383634,2,6972.73,-16.9116,786.038,85.5512,11881.6,3186.94
0,0.499955,0.390991,1,195.254,-28.3728,796.256,86.5917,11881.6,3228.29
0,0.499955,0.390991,2,7035.81,-16.9136,796.256,86.5917,11881.6,3228.29
0,0.509388,0.398349,1,198.803,-28.3568,806.092,87.59,11881.6,3267.94
0,0.509388,0.398349,2,7099.46,-16.9093,806.092,87.59,11881.6,3267.94
0,0.518821,0.405707,1,200.601,-28.3728,815.488,88.5406,11881.6,3305.74
0,0.518821,0.405707,2,7099.46,-16.9081,815.488,88.5406,11881.6,3305.74
0,0.528254,0.413065,1,202.416,-28.3792,824.451,89.4434,11881.6,3341.66
0,0.528254,0.413065,2,7163.69,-16.9069,824.451,89.4434,11881.6,3341.66
0,0.537687,0.420423,1,204.247,-28.382,832.924,90.2929,11881.6,3375.49
0,0.537687,0.420423,2,7163.69,-16.9039,832.924,90.2929,11881.6,3375.49
0,0.54712,0.42778,1,206.095,-28.3832,840.939,91.0951,11881.6,3407.44
0,0.54712,0.42778,2,7228.5,-16.9032,840.939,91.0951,11881.6,3407.44
0,0.556553,0.435138,1,207.96,-28.3833,848.419,91.8401,11881.6,3437.13
0,0.556553,0.435138,2,7228.5,-16.9018,848.419,91.8401,11881.6,3437.13
0,0.565986,0.442496,1,209.841,-28.3797,855.41,92.5356,11881.6,3464.84
0,0.565986,0.442496,2,7293.9,-16.8976,855.41,92.5356,11881.6,3464.84
0,0.57542,0.449854,1,211.739,-28.3663,861.85,93.1732,11881.6,3490.27
0,0.57542,0.449854,2,7293.9,-16.9001,861.85,93.1732,11881.6,3490.27
0,0.584853,0.457211,1,211.739,-28.3837,867.738,93.7548,11881.6,3513.5
0,0.584853,0.457211,2,7293.9,-16.8967,867.738,93.7548,11881.6,3513.5
0,0.594286,0.464569,1,213.655,-28.3878,873.083,94.2809,11881.6,3534.5
0,0.594286,0.464569,2,7359.88,-16.8939,873.083,94.2809,11881.6,3534.5
0,0.603719,0.471927,1,213.655,-28.3731,877.854,94.7511,11881.6,3553.25
0,0.603719,0.471927,2,7359.88,-16.8965,877.854,94.7511,11881.6,3553.25
0,0.613152,0.479285,1,215.588,-28.3906,882.031,95.1607,11881.6,3569.62
0,0.613152,0.479285,2,7359.88,-16.8959,882.031,95.1607,11881.6,3569.62
0,0.622585,0.486643,1,215.588,-28.3807,885.624,95.5131,11881.6,3583.66
0,0.622585,0.486643,2,7359.88,-16.8932,885.624,95.5131,11881.6,3583.66
0,0.632018,0.494,1,217.538,-28.3841,888.64,95.8074,11881.6,3595.46
0,0.632018,0.494,2,7359.88,-16.8895,888.64,95.8074,11881.6,3595.46
0,0.641451,0.501358,1,217.538,-28.3926,891.05,96.0431,11881.6,3604.88
0,0.641451,0.501358,2,7426.47,-16.8899,891.05,96.0431,11881.6,3604.88
0,0.650884,0.508716,1,217.538,-28.3899,892.851,96.2187,11881.6,3611.91
0,0.650884,0.508716,2,7426.47,-16.8914,892.851,96.2187,11881.6,3611.91
0,0.660317,0.516074,1,217.538,-28.3835,894.043,96.3353,11881.6,3616.55
0,0.660317,0.516074,2,7426.47,-16.8921,894.043,96.3353,11881.6,3616.55
0,0.669751,0.523432,1,217.538,-28.3797,894.623,96.3913,11881.6,3618.81
0,0.669751,0.523432,2,7426.47,-16.8923,894.623,96.3913,11881.6,3618.81
0,0.679184,0.530789,1,217.538,-28.3793,894.687,96.3977,11881.6,3619.06
0,0.679184,0.530789,2,7426.47,-16.8923,894.687,96.3977,11881.6,3619.06
0,0.688617,0.538147,1,217.538,-28.38,894.574,96.3871,11881.6,3618.62
0,0.688617,0.538147,2,7426.47,-16.8923,894.574,96.3871,11881.6,3618.62
0,0.69805,0.545505,1,217.538,-28.3821,894.269,96.3578,11881.6,3617.43
0,0.69805,0.545505,2,7426.47,-16.8922,894.269,96.3578,11881.6,3617.43
0,0.707483,0.552863,1,217.538,-28.3858,893.721,96.3044,11881.6,3615.3
0,0.707483,0.552863,2,7426.47,-16.8919,893.721,96.3044,11881.6,3615.3
0,0.716916,0.56022,1,217.538,-28.3895,892.89,96.2225,11881.6,3612.06
0,0.716916,0.56022,2,7426.47,-16.8914,892.89,96.2225,11881.6,3612.06
0,0.726349,0.567578,1,217.538,-28.3923,891.742,96.1114,11881.6,3607.58
0,0.726349,0.567578,2,7426.47,-16.8905,891.742,96.1114,11881.6,3607.58
0,0.735782,0.574936,1,217.538,-28.3913,890.253,95.9655,11881.6,3601.77
0,0.735782,0.574936,2,7426.47,-16.8891,890.253,95.9655,11881.6,3601.77
0,0.745215,0.582294,1,217.538,-28.3825,888.397,95.7836,11881.6,3594.52
0,0.745215,0.582294,2,7359.88,-16.8898,888.397,95.7836,11881.6,3594.52
0,0.754649,0.589652,1,215.588,-28.3769,886.161,95.5648,11881.6,3585.76
0,0.754649,0.589652,2,7359.88,-16.8926,886.161,95.5648,11881.6,3585.76
0,0.764082,0.597009,1,215.588,-28.3902,883.539,95.3087,11881.6,3575.52
0,0.764082,0.597009,2,7359.88,-16.895,883.539,95.3087,11881.6,3575.52
0,0.773515,0.604367,1,215.588,-28.385,880.51,95.0123,11881.6,3563.67
0,0.773515,0.604367,2,7359.88,-16.8964,880.51,95.0123,11881.6,3563.67
0,0.782948,0.611725,1,213.655,-28.3797,877.059,94.6727,11881.6,3550.13
0,0.782948,0.611725,2,7359.88,-16.8963,877.059,94.6727,11881.6,3550.13
0,0.792381,0.619083,1,213.655,-28.388,873.172,94.2898,11881.6,3534.85
0,0.792381,0.619083,2,7359.88,-16.894,873.172,94.2898,11881.6,3534.85
0,0.801814,0.626441,1,211.739,-28.3764,868.863,93.8658,11881.6,3517.92
0,0.801814,0.626441,2,7293.9,-16.8954,868.863,93.8658,11881.6,3517.92
0,0.811247,0.633798,1,211.739,-28.3836,864.122,93.3974,11881.6,3499.25
0,0.811247,0.633798,2,7293.9,-16.8994,864.122,93.3974,11881.6,3499.25
0,0.82068,0.641156,1,209.841,-28.3837,858.941,92.8849,11881.6,3478.79
0,0.82068,0.641156,2,7293.9,-16.8998,858.941,92.8849,11881.6,3478.79
0,0.830113,0.648514,1,207.96,-28.3646,853.325,92.3284,11881.6,3456.59
0,0.830113,0.648514,2,7228.5,-16.896,853.325,92.3284,11881.6,3456.59
0,0.839546,0.655872,1,207.96,-28.3783,847.281,91.7261,11881.6,3432.61
0,0.839546,0.655872,2,7228.5,-16.9026,847.281,91.7261,11881.6,3432.61
0,0.84898,0.663229,1,206.095,-28.3827,840.812,91.0819,11881.6,3406.93
0,0.84898,0.663229,2,7228.5,-16.9031,840.812,91.0819,11881.6,3406.93
0,0.858413,0.670587,1,204.247,-28.3816,833.917,90.3925,11881.6,3379.45
0,0.858413,0.670587,2,7163.69,-16.9027,833.917,90.3925,11881.6,3379.45
0,0.867846,0.677945,1,202.416,-28.3788,826.621,89.6611,11881.6,3350.34
0,0.867846,0.677945,2,7163.69,-16.9072,826.621,89.6611,11881.6,3350.34
0,0.877279,0.685303,1,200.601,-28.3776,818.911,88.8854,11881.6,3319.45
0,0.877279,0.685303,2,7099.46,-16.9038,818.911,88.8854,11881.6,3319.45
0,0.886712,0.692661,1,198.803,-28.3773,810.824,88.0695,11881.6,3287.01
0,0.886712,0.692661,2,7099.46,-16.9106,810.824,88.0695,11881.6,3287.01
0,0.896145,0.700018,1,197.02,-28.3776,802.347,87.2105,11881.6,3252.87
0,0.896145,0.700018,2,7035.81,-16.9076,802.347,87.2105,11881.6,3252.87
0,0.905578,0.707376,1,195.254,-28.3743,793.517,86.3131,11881.6,3217.2
0,0.905578,0.707376,2,7035.81,-16.9141,793.517,86.3131,11881.6,3217.2
0,0.915011,0.714734,1,193.503,-28.3623,784.334,85.3768,11881.6,3180.03
0,0.915011,0.714734,2,6972.73,-16.9139,784.334,85.3768,11881.6,3180.03
0,0.924444,0.722092,1,190.049,-28.365,774.826,84.4029,11881.6,3141.38
0,0.924444,0.722092,2,6972.73,-16.9163,774.826,84.4029,11881.6,3141.38
0,0.933878,0.729449,1,188.345,-28.3735,765,83.3924,11881.6,3101.34
0,0.933878,0.729449,2,6910.21,-16.9202,765,83.3924,11881.6,3101.34
0,0.943311,0.736807,1,186.656,-28.3548,754.892,82.3498,11881.6,3060.03
0,0.943311,0.736807,2,6848.26,-16.919,754.892,82.3498,11881.6,3060.03
0,0.952744,0.744165,1,183.324,-28.3713,744.506,81.2732,11881.6,3017.42
0,0.952744,0.744165,2,6848.26,-16.9228,744.506,81.2732,11881.6,3017.42
0,0.962177,0.751523,1,181.681,-28.3522,733.869,80.1666,11881.6,2973.63
0,0.962177,0.751523,2,6786.86,-16.927,733.869,80.1666,11881.6,2973.63
0,0.97161,0.758881,1,178.438,-28.3703,723.017,79.0336,11881.6,2928.87
0,0.97161,0.758881,2,6726.01,-16.9285,723.017,79.0336,11881.6,2928.87
0,0.981043,0.766238,1,175.252,-28.3632,711.953,77.8732,11881.6,2883.06
0,0.981043,0.766238,2,6665.71,-16.9282,711.953,77.8732,11881.6,2883.06
0,0.990476,0.773596,1,173.681,-28.3535,700.716,76.6889,11881.6,2836.36
0,0.990476,0.773596,2,6665.71,-16.9311,700.716,76.6889,11881.6,2836.36
0,0.999909,0.780954,1,170.581,-28.3667,689.328,75.4841,11881.6,2788.93
0,0.999909,0.780954,2,6605.94,-16.9357,689.328,75.4841,11881.6,2788.93
0,1.00934,0.788312,1,167.536,-28.3697,677.82,74.263,11881.6,2740.86
0,1.00934,0.788312,2,6546.72,-16.9392,677.82,74.263,11881.6,2740.86
0,1.01878,0.79567,1,164.545,-28.3689,666.2,73.0231,11881.6,2692.15
0,1.01878,0.79567,2,6488.02,-16.9421,666.2,73.0231,11881.6,2692.15
0,1.02821,0.803027,1,161.608,-28.3676,654.501,71.7712,11881.6,2642.95
0,1.02821,0.803027,2,6429.85,-16.9447,654.501,71.7712,11881.6,2642.95
0,1.03764,0.810385,1,158.723,-28.3669,642.776,70.5115,11881.6,2593.58
0,1.03764,0.810385,2,6372.2,-16.9472,642.776,70.5115,11881.6,2593.58
0,1.04707,0.817743,1,155.889,-28.3681,631.02,69.2431,11881.6,2543.91
0,1.04707,0.817743,2,6315.07,-16.9498,631.02,69.2431,11881.6,2543.91
0,1.05651,0.825101,1,153.106,-28.371,619.27,67.9699,11881.6,2494.09
0,1.05651,0.825101,2,6258.45,-16.9526,619.27,67.9699,11881.6,2494.09
0,1.06594,0.832458,1,150.373,-28.3741,607.571,66.6981,11881.6,2444.46
0,1.06594,0.832458,2,6202.34,-16.9554,607.571,66.6981,11881.6,2444.46
0,1.07537,0.839816,1,147.689,-28.3748,595.921,65.4275,11881.6,2394.9
0,1.07537,0.839816,2,6146.73,-16.9583,595.921,65.4275,11881.6,2394.9
0,1.08481,0.847174,1,145.053,-28.3725,584.364,64.1608,11881.6,2345.56
0,1.08481,0.847174,2,6091.62,-16.9612,584.364,64.1608,11881.6,2345.56
0,1.09424,0.854532,1,142.463,-28.3641,572.922,62.9058,11881.6,2296.73
0,1.09424,0.854532,2,6037,-16.964,572.922,62.9058,11881.6,2296.73
0,1.10367,0.86189,1,138.666,-28.3676,561.623,61.6607,11881.6,2248.37
0,1.10367,0.86189,2,5982.88,-16.9667,561.623,61.6607,11881.6,2248.37
0,1.11311,0.869247,1,136.19,-28.3806,550.476,60.4269,11881.6,2200.54
0,1.11311,0.869247,2,5929.24,-16.9691,550.476,60.4269,11881.6,2200.54
0,1.12254,0.876605,1,133.759,-28.3852,539.532,59.2147,11881.6,2153.61
0,1.12254,0.876605,2,5876.08,-16.9713,539.532,59.2147,11881.6,2153.61
0,1.13197,0.883963,1,131.371,-28.3795,528.786,58.0196,11881.6,2107.37
0,1.13197,0.883963,2,5823.39,-16.9731,528.786,58.0196,11881.6,2107.37
0,1.14141,0.891321,1,127.869,-28.3722,518.282,56.8488,11881.6,2062.21
0,1.14141,0.891321,2,5771.18,-16.9747,518.282,56.8488,11881.6,2062.21
0,1.15084,0.898678,1,125.587,-28.3892,508.027,55.7022,11881.6,2018.01
0,1.15084,0.898678,2,5668.16,-16.9769,508.027,55.7022,11881.6,2018.01
0,1.16027,0.906036,1,123.345,-28.3971,498.048,54.584,11881.6,1975
0,1.16027,0.906036,2,5617.34,-16.9807,498.048,54.584,11881.6,1975
0,1.16971,0.913394,1,121.143,-28.396,488.359,53.4963,11881.6,1933.19
0,1.16971,0.913394,2,5566.98,-16.984,488.359,53.4963,11881.6,1933.19
0,1.17914,0.920752,1,118.981,-28.3893,478.986,52.4426,11881.6,1892.74
0,1.17914,0.920752,2,5517.06,-16.9869,478.986,52.4426,11881.6,1892.74
0,1.18857,0.92811,1,115.809,-28.3864,469.925,51.4206,11881.6,1853.59
0,1.18857,0.92811,2,5467.6,-16.9896,469.925,51.4206,11881.6,1853.59
0,1.198,0.935467,1,113.742,-28.3977,461.228,50.4392,11881.6,1816.05
0,1.198,0.935467,2,5418.58,-16.9921,461.228,50.4392,11881.6,1816.05
0,1.20744,0.942825,1,111.711,-28.4053,452.855,49.4903,11881.6,1779.79
0,1.20744,0.942825,2,5370,-16.9943,452.855,49.4903,11881.6,1779.79
0,1.21687,0.950183,1,109.717,-28.4087,444.887,48.5905,11881.6,1745.45
0,1.21687,0.950183,2,5321.85,-16.9964,444.887,48.5905,11881.6,1745.45
0,1.2263,0.957541,1,107.758,-28.4098,437.282,47.727,11881.6,1712.54
0,1.2263,0.957541,2,5274.14,-16.9984,437.282,47.727,11881.6,1712.54
0,1.23574,0.964899,1,105.835,-28.4055,430.06,46.9066,11881.6,1681.34
0,1.23574,0.964899,2,5226.85,-17.0001,430.06,46.9066,11881.6,1681.34
0,1.24517,0.972256,1,104.886,-28.4144,423.263,46.1346,11881.6,1652.02
0,1.24517,0.972256,2,5179.99,-17.0013,423.263,46.1346,11881.6,1652.02
0,1.2546,0.979614,1,103.014,-28.4286,416.863,45.4058,11881.6,1624.33
0,1.2546,0.979614,2,5133.54,-17.0018,416.863,45.4058,11881.6,1624.33
0,1.26404,0.986972,1,101.175,-28.4266,410.869,44.7224,11881.6,1598.44
0,1.26404,0.986972,2,5133.54,-17.0041,410.869,44.7224,11881.6,1598.44
0,1.27347,0.99433,1,100.268,-28.4274,405.322,44.0918,11881.6,1574.56
0,1.27347,0.99433,2,5087.52,-17.0071,405.322,44.0918,11881.6,1574.56
0,1.2829,0.00168747,1,98.4777,-28.4323,400.208,43.5079,11881.6,1552.49
0,1.2829,0.00168747,2,5041.9,-17.0085,400.208,43.5079,11881.6,1552.49
0,1.29234,0.00904524,1,97.5947,-28.4407,395.52,42.972,11881.6,1532.22
0,1.29234,0.00904524,2,4996.7,-17.0076,395.52,42.972,11881.6,1532.22
0,1.30177,0.016403,1,96.7197,-28.4346,391.268,42.4863,11881.6,1513.86
0,1.30177,0.016403,2,4996.7,-17.0109,391.268,42.4863,11881.6,1513.86
0,1.3112,0.0237608,1,95.8525,-28.4292,387.465,42.0537,11881.6,1497.54
0,1.3112,0.0237608,2,4951.9,-17.0113,387.465,42.0537,11881.6,1497.54
0,1.32063,0.0311186,1,94.9932,-28.4326,384.124,41.6728,11881.6,1483.17
0,1.32063,0.0311186,2,4951.9,-17.0127,384.124,41.6728,11881.6,1483.17
0,1.33007,0.0384764,1,94.1415,-28.4416,381.242,41.3429,11881.6,1470.76
0,1.33007,0.0384764,2,4907.5,-17.0126,381.242,41.3429,11881.6,1470.76
0,1.3395,0.0458342,1,93.2974,-28.4512,378.815,41.0652,11881.6,1460.3
0,1.3395,0.0458342,2,4907.5,-17.0147,378.815,41.0652,11881.6,1460.3
0,1.34893,0.053192,1,92.4609,-28.4389,376.843,40.8388,11881.6,1451.79
0,1.34893,0.053192,2,4907.5,-17.0143,376.843,40.8388,11881.6,1451.79
0,1.35837,0.0605497,1,92.4609,-28.4522,375.332,40.6658,11881.6,1445.26
0,1.35837,0.0605497,2,4863.5,-17.0133,375.332,40.6658,11881.6,1445.26
0,1.3678,0.0679075,1,92.4609,-28.4404,374.28,40.5447,11881.6,1440.72
0,1.3678,0.0679075,2,4863.5,-17.0149,374.28,40.5447,11881.6,1440.72
0,1.37723,0.0752653,1,91.632,-28.4368,373.711,40.4799,11881.6,1438.26
0,1.37723,0.0752653,2,4863.5,-17.0156,373.711,40.4799,11881.6,1438.26
0,1.38667,0.0826231,1,92.4609,-28.4388,374.213,40.5375,11881.6,1440.43
0,1.38667,0.0826231,2,4863.5,-17.015,374.213,40.5375,11881.6,1440.43
0,1.3961,0.0899809,1,92.4609,-28.449,376.224,40.7685,11881.6,1449.12
0,1.3961,0.0899809,2,4907.5,-17.0138,376.224,40.7685,11881.6,1449.12
0,1.40553,0.0973387,1,93.2974,-28.4493,379.215,41.111,11881.6,1462.02
0,1.40553,0.0973387,2,4907.5,-17.0145,379.215,41.111,11881.6,1462.02
0,1.41497,0.104696,1,94.1415,-28.442,383.029,41.5466,11881.6,1478.45
0,1.41497,0.104696,2,4951.9,-17.012,383.029,41.5466,11881.6,1478.45
0,1.4244,0.112054,1,95.8525,-28.4326,387.624,42.0714,11881.6,1498.22
0,1.4244,0.112054,2,4951.9,-17.0111,387.624,42.0714,11881.6,1498.22
0,1.43383,0.119412,1,96.7197,-28.4399,392.879,42.6694,11881.6,1520.78
0,1.43383,0.119412,2,4996.7,-17.0107,392.879,42.6694,11881.6,1520.78
0,1.44327,0.12677,1,98.4777,-28.4369,398.746,43.3416,11881.6,1546.18
0,1.44327,0.12677,2,5041.9,-17.0091,398.746,43.3416,11881.6,1546.18
0,1.4527,0.134128,1,100.268,-28.426,405.168,44.0737,11881.6,1573.9
0,1.4527,0.134128,2,5087.52,-17.007,405.168,44.0737,11881.6,1573.9
0,1.46213,0.141485,1,102.09,-28.419,412.156,44.8685,11881.6,1603.97
0,1.46213,0.141485,2,5133.54,-17.0049,412.156,44.8685,11881.6,1603.97
0,1.47156,0.148843,1,103.946,-28.4179,419.635,45.7224,11881.6,1636.34
0,1.47156,0.148843,2,5179.99,-17.003,419.635,45.7224,11881.6,1636.34
0,1.481,0.156201,1,105.835,-28.4202,427.601,46.6278,11881.6,1670.75
0,1.481,0.156201,2,5226.85,-17.001,427.601,46.6278,11881.6,1670.75
0,1.49043,0.163559,1,107.758,-28.4203,436.04,47.5851,11881.6,1707.15
0,1.49043,0.163559,2,5274.14,-16.9989,436.04,47.5851,11881.6,1707.15
0,1.49986,0.170916,1,109.717,-28.4084,444.899,48.5918,11881.6,1745.5
0,1.49986,0.170916,2,5321.85,-16.9964,444.899,48.5918,11881.6,1745.5
0,1.5093,0.178274,1,112.722,-28.4003,454.211,49.6441,11881.6,1785.64
0,1.5093,0.178274,2,5370,-16.9932,454.211,49.6441,11881.6,1785.64
0,1.51873,0.185632,1,114.771,-28.4088,463.902,50.7421,11881.6,1827.61
0,1.51873,0.185632,2,5418.58,-16.989,463.902,50.7421,11881.6,1827.61
0,1.52816,0.19299,1,116.857,-28.3872,474.008,51.8803,11881.6,1871.17
0,1.52816,0.19299,2,5517.06,-16.9871,474.008,51.8803,11881.6,1871.17
0,1.5376,0.200348,1,120.057,-28.3995,484.454,53.0579,11881.6,1916.36
0,1.5376,0.200348,2,5566.98,-16.9859,484.454,53.0579,11881.6,1916.36
0,1.54703,0.207705,1,122.239,-28.3852,495.272,54.2728,11881.6,1963
0,1.54703,0.207705,2,5617.34,-16.9833,495.272,54.2728,11881.6,1963
0,1.55646,0.215063,1,125.587,-28.3927,506.389,55.5196,11881.6,2010.97
0,1.55646,0.215063,2,5668.16,-16.9793,506.389,55.5196,11881.6,2010.97
0,1.5659,0.222421,1,127.869,-28.3797,517.83,56.7977,11881.6,2060.26
0,1.5659,0.222421,2,5771.18,-16.9741,517.83,56.7977,11881.6,2060.26
0,1.57533,0.229779,1,131.371,-28.3858,529.525,58.1014,11881.6,2110.54
0,1.57533,0.229779,2,5823.39,-16.9736,529.525,58.1014,11881.6,2110.54
0,1.58476,0.237137,1,133.759,-28.3753,541.478,59.4311,11881.6,2161.97
0,1.58476,0.237137,2,5876.08,-16.9717,541.478,59.4311,11881.6,2161.97
0,1.5942,0.244494,1,137.422,-28.3789,553.673,60.7821,11881.6,2214.29
0,1.5942,0.244494,2,5929.24,-16.9683,553.673,60.7821,11881.6,2214.29
0,1.60363,0.251852,1,139.92,-28.3743,566.031,62.1461,11881.6,2267.2
0,1.60363,0.251852,2,5982.88,-16.9637,566.031,62.1461,11881.6,2267.2
0,1.61306,0.25921,1,143.752,-28.3684,578.591,63.5289,11881.6,2320.97
0,1.61306,0.25921,2,6091.62,-16.9589,578.591,63.5289,11881.6,2320.97
0,1.62249,0.266568,1,146.365,-28.3754,591.278,64.9195,11881.6,2375.11
0,1.62249,0.266568,2,6146.73,-16.958,591.278,64.9195,11881.6,2375.11
0,1.63193,0.273925,1,149.025,-28.3592,604.049,66.3138,11881.6,2429.45
0,1.63193,0.273925,2,6202.34,-16.9561,604.049,66.3138,11881.6,2429.45
0,1.64136,0.281283,1,153.106,-28.367,616.93,67.716,11881.6,2484.19
0,1.64136,0.281283,2,6258.45,-16.9535,616.93,67.716,11881.6,2484.19
0,1.65079,0.288641,1,155.889,-28.3721,629.842,69.1155,11881.6,2538.92
0,1.65079,0.288641,2,6315.07,-16.9505,629.842,69.1155,11881.6,2538.92
0,1.66023,0.295999,1,158.723,-28.3668,642.749,70.5085,11881.6,2593.46
0,1.66023,0.295999,2,6372.2,-16.9473,642.749,70.5085,11881.6,2593.46
0,1.66966,0.303357,1,161.608,-28.3578,655.664,71.8955,11881.6,2647.85
0,1.66966,0.303357,2,6429.85,-16.9441,655.664,71.8955,11881.6,2647.85
0,1.67909,0.310714,1,164.545,-28.3492,668.506,73.2692,11881.6,2701.8
0,1.67909,0.310714,2,6488.02,-16.9411,668.506,73.2692,11881.6,2701.8
0,1.68853,0.318072,1,169.051,-28.3504,681.253,74.6275,11881.6,2755.21
0,1.68853,0.318072,2,6546.72,-16.9383,681.253,74.6275,11881.6,2755.21
0,1.69796,0.32543,1,172.124,-28.3494,693.904,75.9696,11881.6,2808.02
0,1.69796,0.32543,2,6605.94,-16.9357,693.904,75.9696,11881.6,2808.02
0,1.70739,0.332788,1,173.681,-28.3532,706.387,77.2865,11881.6,2859.95
0,1.70739,0.332788,2,6665.71,-16.9331,706.387,77.2865,11881.6,2859.95
0,1.71683,0.340146,1,176.838,-28.3628,718.676,78.5779,11881.6,2910.88
0,1.71683,0.340146,2,6726.01,-16.9302,718.676,78.5779,11881.6,2910.88
0,1.72626,0.347503,1,180.052,-28.3708,730.777,79.8433,11881.6,2960.89
0,1.72626,0.347503,2,6786.86,-16.9264,730.777,79.8433,11881.6,2960.89
0,1.73569,0.354861,1,183.324,-28.3684,742.614,81.0772,11881.6,3009.66
0,1.73569,0.354861,2,6848.26,-16.9211,742.614,81.0772,11881.6,3009.66
0,1.74512,0.362219,1,184.983,-28.3543,754.184,82.2766,11881.6,3057.13
0,1.74512,0.362219,2,6848.26,-16.9199,754.184,82.2766,11881.6,3057.13
0,1.75456,0.369577,1,188.345,-28.3732,765.454,83.4398,11881.6,3103.19
0,1.75456,0.369577,2,6910.21,-16.92,765.454,83.4398,11881.6,3103.19
0,1.76399,0.376934,1,191.768,-28.3557,776.374,84.5613,11881.6,3147.67
0,1.76399,0.376934,2,6972.73,-16.9171,776.374,84.5613,11881.6,3147.67
0,1.77342,0.384292,1,193.503,-28.3757,786.969,85.6452,11881.6,3190.71
0,1.77342,0.384292,2,6972.73,-16.9102,786.969,85.6452,11881.6,3190.71
0,1.78286,0.39165,1,195.254,-28.3671,797.154,86.6836,11881.6,3231.92
0,1.78286,0.39165,2,7035.81,-16.9131,797.154,86.6836,11881.6,3231.92
0,1.79229,0.399008,1,198.803,-28.3654,806.951,87.6773,11881.6,3271.4
0,1.79229,0.399008,2,7099.46,-16.9098,806.951,87.6773,11881.6,3271.4
0,1.80172,0.406366,1,200.601,-28.3773,816.309,88.6227,11881.6,3309.03
0,1.80172,0.406366,2,7099.46,-16.9072,816.309,88.6227,11881.6,3309.03
0,1.81116,0.413723,1,202.416,-28.3806,825.229,89.5218,11881.6,3344.78
0,1.81116,0.413723,2,7163.69,-16.9071,825.229,89.5218,11881.6,3344.78
0,1.82059,0.421081,1,204.247,-28.3819,833.661,90.3666,11881.6,3378.42
0,1.82059,0.421081,2,7163.69,-16.903,833.661,90.3666,11881.6,3378.42
0,1.83002,0.428439,1,206.095,-28.3834,841.63,91.1637,11881.6,3410.19
0,1.83002,0.428439,2,7228.5,-16.9034,841.63,91.1637,11881.6,3410.19
0,1.83946,0.435797,1,207.96,-28.3841,849.065,91.905,11881.6,3439.7
0,1.83946,0.435797,2,7228.5,-16.9013,849.065,91.905,11881.6,3439.7
0,1.84889,0.443155,1,209.841,-28.3827,856.009,92.5946,11881.6,3467.21
0,1.84889,0.443155,2,7293.9,-16.8982,856.009,92.5946,11881.6,3467.21
0,1.85832,0.450512,1,211.739,-28.3717,862.399,93.227,11881.6,3492.44
0,1.85832,0.450512,2,7293.9,-16.9001,862.399,93.227,11881.6,3492.44
0,1.86776,0.45787,1,211.739,-28.3806,868.238,93.8044,11881.6,3515.47
0,1.86776,0.45787,2,7293.9,-16.8961,868.238,93.8044,11881.6,3515.47
0,1.87719,0.465228,1,213.655,-28.3885,873.533,94.3254,11881.6,3536.27
0,1.87719,0.465228,2,7359.88,-16.8943,873.533,94.3254,11881.6,3536.27
0,1.88662,0.472586,1,213.655,-28.3695,878.252,94.7897,11881.6,3554.81
0,1.88662,0.472586,2,7359.88,-16.8965,878.252,94.7897,11881.6,3554.81
0,1.89605,0.479943,1,215.588,-28.3908,882.375,95.195,11881.6,3570.97
0,1.89605,0.479943,2,7359.88,-16.8957,882.375,95.195,11881.6,3570.97
0,1.90549,0.487301,1,215.588,-28.3788,885.917,95.541,11881.6,3584.81
0,1.90549,0.487301,2,7359.88,-16.8929,885.917,95.541,11881.6,3584.81
0,1.91492,0.494659,1,217.538,-28.3857,888.88,95.8307,11881.6,3596.4
0,1.91492,0.494659,2,7359.88,-16.8891,888.88,95.8307,11881.6,3596.4
0,1.92435,0.502017,1,217.538,-28.3929,891.235,96.0618,11881.6,3605.6
0,1.92435,0.502017,2,7426.47,-16.8901,891.235,96.0618,11881.6,3605.6
0,1.93379,0.509375,1,217.538,-28.3891,892.983,96.2323,11881.6,3612.42
0,1.93379,0.509375,2,7426.47,-16.8914,892.983,96.2323,11881.6,3612.42
0,1.94322,0.516732,1,217.538,-28.3833,894.119,96.3425,11881.6,3616.85
0,1.94322,0.516732,2,7426.47,-16.8921,894.119,96.3425,11881.6,3616.85
0,1.95265,0.52409,1,217.538,-28.3794,894.646,96.3943,11881.6,3618.9
0,1.95265,0.52409,2,7426.47,-16.8923,894.646,96.3943,11881.6,3618.9
0,1.96209,0.531448,1,217.538,-28.3794,894.682,96.3977,11881.6,3619.05
0,1.96209,0.531448,2,7426.47,-16.8923,894.682,96.3977,11881.6,3619.05
0,1.97152,0.538806,1,217.538,-28.3803,894.555,96.3854,11881.6,3618.55
0,1.97152,0.538806,2,7426.47,-16.8923,894.555,96.3854,11881.6,3618.55
0,1.98095,0.546163,1,217.538,-28.3824,894.231,96.354,11881.6,3617.29
0,1.98095,0.546163,2,7426.47,-16.8921,894.231,96.354,11881.6,3617.29
0,1.99039,0.553521,1,217.538,-28.3862,893.659,96.298,11881.6,3615.06
0,1.99039,0.553521,2,7426.47,-16.8919,893.659,96.298,11881.6,3615.06
0,1.99982,0.560879,1,217.538,-28.3899,892.8,96.214,11881.6,3611.71
0,1.99982,0.560879,2,7426.47,-16.8913,892.8,96.214,11881.6,3611.71
0,2.00925,0.568237,1,217.538,-28.3926,891.623,96.0995,11881.6,3607.12
0,2.00925,0.568237,2,7426.47,-16.8904,891.623,96.0995,11881.6,3607.12
0,2.01868,0.575595,1,217.538,-28.3912,890.103,95.9507,11881.6,3601.18
0,2.01868,0.575595,2,7426.47,-16.8889,890.103,95.9507,11881.6,3601.18
0,2.02812,0.582952,1,217.538,-28.3812,888.213,95.7654,11881.6,3593.79
0,2.02812,0.582952,2,7359.88,-16.8901,888.213,95.7654,11881.6,3593.79
0,2.03755,0.59031,1,215.588,-28.3786,885.943,95.5432,11881.6,3584.91
0,2.03755,0.59031,2,7359.88,-16.8929,885.943,95.5432,11881.6,3584.91
0,2.04698,0.597668,1,215.588,-28.3907,883.285,95.2832,11881.6,3574.53
0,2.04698,0.597668,2,7359.88,-16.8952,883.285,95.2832,11881.6,3574.53
0,2.05642,0.605026,1,215.588,-28.3833,880.219,94.9826,11881.6,3562.53
0,2.05642,0.605026,2,7359.88,-16.8965,880.219,94.9826,11881.6,3562.53
0,2.06585,0.612383,1,213.655,-28.3819,876.729,94.64,11881.6,3548.83
0,2.06585,0.612383,2,7359.88,-16.8962,876.729,94.64,11881.6,3548.83
0,2.07528,0.619741,1,213.655,-28.3865,872.805,94.2542,11881.6,3533.41
0,2.07528,0.619741,2,7359.88,-16.8936,872.805,94.2542,11881.6,3533.41
0,2.08472,0.627099,1,211.739,-28.3793,868.456,93.8256,11881.6,3516.32
0,2.08472,0.627099,2,7293.9,-16.8959,868.456,93.8256,11881.6,3516.32
0,2.09415,0.634457,1,211.739,-28.3815,863.676,93.3537,11881.6,3497.49
0,2.09415,0.634457,2,7293.9,-16.8997,863.676,93.3537,11881.6,3497.49
0,2.10358,0.641815,1,209.841,-28.3851,858.457,92.837,11881.6,3476.87
0,2.10358,0.641815,2,7293.9,-16.8997,858.457,92.837,11881.6,3476.87
0,2.11302,0.649172,1,207.96,-28.3698,852.801,92.2767,11881.6,3454.52
0,2.11302,0.649172,2,7228.5,-16.8968,852.801,92.2767,11881.6,3454.52
0,2.12245,0.65653,1,207.96,-28.3748,846.72,91.6706,11881.6,3430.38
0,2.12245,0.65653,2,7228.5,-16.903,846.72,91.6706,11881.6,3430.38
0,2.13188,0.663888,1,206.095,-28.3817,840.211,91.0218,11881.6,3404.54
0,2.13188,0.663888,2,7228.5,-16.9028,840.211,91.0218,11881.6,3404.54
0,2.14132,0.671246,1,204.247,-28.382,833.281,90.3289,11881.6,3376.91
0,2.14132,0.671246,2,7163.69,-16.9035,833.281,90.3289,11881.6,3376.91
0,2.15075,0.678604,1,202.416,-28.3805,825.948,89.5938,11881.6,3347.65
0,2.15075,0.678604,2,7163.69,-16.9072,825.948,89.5938,11881.6,3347.65
0,2.16018,0.685961,1,200.601,-28.3791,818.203,88.8142,11881.6,3316.62
0,2.16018,0.685961,2,7099.46,-16.9049,818.203,88.8142,11881.6,3316.62
0,2.16961,0.693319,1,198.803,-28.3783,810.081,87.9945,11881.6,3284.01
0,2.16961,0.693319,2,7099.46,-16.9107,810.081,87.9945,11881.6,3284.01
0,2.17905,0.700677,1,197.02,-28.377,801.571,87.1326,11881.6,3249.75
0,2.17905,0.700677,2,7035.81,-16.9087,801.571,87.1326,11881.6,3249.75
0,2.18848,0.708035,1,195.254,-28.3701,792.708,86.2309,11881.6,3213.92
0,2.18848,0.708035,2,7035.81,-16.9139,792.708,86.2309,11881.6,3213.92
0,2.19791,0.715392,1,193.503,-28.3538,783.496,85.2904,11881.6,3176.63
0,2.19791,0.715392,2,6972.73,-16.9147,783.496,85.2904,11881.6,3176.63
0,2.20735,0.72275,1,190.049,-28.3708,773.959,84.3132,11881.6,3137.86
0,2.20735,0.72275,2,6972.73,-16.9157,773.959,84.3132,11881.6,3137.86
0,2.21678,0.730108,1,188.345,-28.3709,764.107,83.301,11881.6,3097.68
0,2.21678,0.730108,2,6910.21,-16.9205,764.107,83.301,11881.6,3097.68
0,2.22621,0.737466,1,184.983,-28.3567,753.972,82.2546,11881.6,3056.26
0,2.22621,0.737466,2,6848.26,-16.9202,753.972,82.2546,11881.6,3056.26
0,2.23565,0.744824,1,183.324,-28.3716,743.565,81.1754,11881.6,3013.56
0,2.23565,0.744824,2,6848.26,-16.922,743.565,81.1754,11881.6,3013.56
0,2.24508,0.752181,1,180.052,-28.3572,732.903,80.0655,11881.6,2969.64
0,2.24508,0.752181,2,6786.86,-16.927,732.903,80.0655,11881.6,2969.64
0,2.25451,0.759539,1,178.438,-28.3667,722.035,78.9307,11881.6,2924.8
0,2.25451,0.759539,2,6726.01,-16.9292,722.035,78.9307,11881.6,2924.8
0,2.26395,0.766897,1,175.252,-28.3687,710.956,77.7683,11881.6,2878.92
0,2.26395,0.766897,2,6665.71,-16.9296,710.956,77.7683,11881.6,2878.92
0,2.27338,0.774255,1,172.124,-28.3547,699.703,76.5819,11881.6,2832.15
0,2.27338,0.774255,2,6665.71,-16.93,699.703,76.5819,11881.6,2832.15
0,2.28281,0.781613,1,170.581,-28.3588,688.303,75.3759,11881.6,2784.64
0,2.28281,0.781613,2,6605.94,-16.9351,688.303,75.3759,11881.6,2784.64
0,2.29224,0.78897,1,167.536,-28.367,676.782,74.1523,11881.6,2736.51
0,2.29224,0.78897,2,6546.72,-16.939,676.782,74.1523,11881.6,2736.51
0,2.30168,0.796328,1,164.545,-28.3696,665.157,72.9128,11881.6,2687.77
0,2.30168,0.796328,2,6488.02,-16.9422,665.157,72.9128,11881.6,2687.77
0,2.31111,0.803686,1,161.608,-28.3703,653.451,71.6575,11881.6,2638.52
0,2.31111,0.803686,2,6429.85,-16.945,653.451,71.6575,11881.6,2638.52
0,2.32054,0.811044,1,158.723,-28.3708,641.723,70.3974,11881.6,2589.13
0,2.32054,0.811044,2,6372.2,-16.9477,641.723,70.3974,11881.6,2589.13
0,2.32998,0.818401,1,155.889,-28.3717,629.97,69.129,11881.6,2539.47
0,2.32998,0.818401,2,6315.07,-16.9504,629.97,69.129,11881.6,2539.47
0,2.33941,0.825759,1,153.106,-28.3729,618.221,67.8558,11881.6,2489.65
0,2.33941,0.825759,2,6258.45,-16.9531,618.221,67.8558,11881.6,2489.65
0,2.34884,0.833117,1,150.373,-28.3728,606.525,66.5841,11881.6,2440.01
0,2.34884,0.833117,2,6202.34,-16.9559,606.525,66.5841,11881.6,2440.01
0,2.35828,0.840475,1,147.689,-28.3692,594.884,65.3139,11881.6,2390.48
0,2.35828,0.840475,2,6146.73,-16.9587,594.884,65.3139,11881.6,2390.48
0,2.36771,0.847833,1,145.053,-28.3616,583.335,64.0485,11881.6,2341.19
0,2.36771,0.847833,2,6091.62,-16.9615,583.335,64.0485,11881.6,2341.19
0,2.37714,0.85519,1,141.186,-28.3656,571.904,62.7935,11881.6,2292.37
0,2.37714,0.85519,2,6037,-16.9641,571.904,62.7935,11881.6,2292.37
0,2.38658,0.862548,1,138.666,-28.3781,560.617,61.5493,11881.6,2244.07
0,2.38658,0.862548,2,5982.88,-16.9666,560.617,61.5493,11881.6,2244.07
0,2.39601,0.869906,1,136.19,-28.383,549.486,60.3176,11881.6,2196.28
0,2.39601,0.869906,2,5929.24,-16.9687,549.486,60.3176,11881.6,2196.28
0,2.40544,0.877264,1,133.759,-28.3792,538.559,59.1071,11881.6,2149.44
0,2.40544,0.877264,2,5876.08,-16.9706,538.559,59.1071,11881.6,2149.44
0,2.41488,0.884622,1,130.194,-28.3666,527.838,57.9142,11881.6,2103.3
0,2.41488,0.884622,2,5823.39,-16.9722,527.838,57.9142,11881.6,2103.3
0,2.42431,0.891979,1,127.869,-28.3856,517.351,56.7446,11881.6,2058.2
0,2.42431,0.891979,2,5719.44,-16.9746,517.351,56.7446,11881.6,2058.2
0,2.43374,0.899337,1,125.587,-28.3935,507.125,55.6018,11881.6,2014.13
0,2.43374,0.899337,2,5668.16,-16.9784,507.125,55.6018,11881.6,2014.13
0,2.44317,0.906695,1,123.345,-28.3937,497.166,54.4853,11881.6,1971.19
0,2.44317,0.906695,2,5617.34,-16.9818,497.166,54.4853,11881.6,1971.19
0,2.45261,0.914053,1,121.143,-28.3855,487.509,53.4011,11881.6,1929.53
0,2.45261,0.914053,2,5566.98,-16.9849,487.509,53.4011,11881.6,1929.53
0,2.46204,0.92141,1,117.914,-28.3871,478.16,52.3494,11881.6,1889.16
0,2.46204,0.92141,2,5517.06,-16.9876,478.16,52.3494,11881.6,1889.16
0,2.47147,0.928768,1,115.809,-28.3999,469.134,51.3308,11881.6,1850.18
0,2.47147,0.928768,2,5467.6,-16.9901,469.134,51.3308,11881.6,1850.18
0,2.48091,0.936126,1,113.742,-28.407,460.466,50.3528,11881.6,1812.75
0,2.48091,0.936126,2,5418.58,-16.9924,460.466,50.3528,11881.6,1812.75
0,2.49034,0.943484,1,111.711,-28.412,452.127,49.4086,11881.6,1776.66
0,2.49034,0.943484,2,5370,-16.9947,452.127,49.4086,11881.6,1776.66
0,2.49977,0.950842,1,109.717,-28.415,444.193,48.5113,11881.6,1742.45
0,2.49977,0.950842,2,5321.85,-16.9968,444.193,48.5113,11881.6,1742.45
0,2.50921,0.958199,1,107.758,-28.418,436.619,47.6512,11881.6,1709.67
0,2.50921,0.958199,2,5274.14,-16.9988,436.619,47.6512,11881.6,1709.67
0,2.51864,0.965557,1,105.835,-28.4164,429.434,46.8354,11881.6,1678.65
0,2.51864,0.965557,2,5226.85,-17.0006,429.434,46.8354,11881.6,1678.65
0,2.52807,0.972915,1,103.946,-28.4062,422.675,46.0681,11881.6,1649.48
0,2.52807,0.972915,2,5179.99,-17.002,422.675,46.0681,11881.6,1649.48
0,2.53751,0.980273,1,103.014,-28.4245,416.31,45.3426,11881.6,1621.93
0,2.53751,0.980273,2,5133.54,-17.0027,416.31,45.3426,11881.6,1621.93
0,2.54694,0.98763,1,101.175,-28.4312,410.353,44.6643,11881.6,1596.22
0,2.54694,0.98763,2,5133.54,-17.0036,410.353,44.6643,11881.6,1596.22
0,2.55637,0.994988,1,100.268,-28.4193,404.846,44.037,11881.6,1572.51
0,2.55637,0.994988,2,5087.52,-17.0069,404.846,44.037,11881.6,1572.51
1,0,0.00113934,1,87.5972,-28.4501,355.069,38.3473,11881.6,1358.21
1,0,0.00113934,2,4733.86,-17.0206,355.069,38.3473,11881.6,1358.21
1,0.00870748,0.00880194,1,86.0335,-28.456,348.98,37.6487,11881.6,1332.04
1,0.00870748,0.00880194,2,4691.41,-17.0224,348.98,37.6487,11881.6,1332.04
1,0.017415,0.0164646,1,84.4977,-28.4689,343.428,37.0145,11881.6,1308.34
1,0.017415,0.0164646,2,4649.35,-17.0235,343.428,37.0145,11881.6,1308.34
1,0.0261224,0.0241272,1,82.9893,-28.4785,338.365,36.4346,11881.6,1286.69
1,0.0261224,0.0241272,2,4649.35,-17.0239,338.365,36.4346,11881.6,1286.69
1,0.0348299,0.0317898,1,81.5079,-28.4631,333.788,35.9089,11881.6,1267.08
1,0.0348299,0.0317898,2,4607.67,-17.0268,333.788,35.9089,11881.6,1267.08
1,0.0435374,0.0394524,1,80.7771,-28.4853,329.701,35.4388,11881.6,1249.53
1,0.0435374,0.0394524,2,4566.36,-17.0288,329.701,35.4388,11881.6,1249.53
1,0.0522449,0.0471151,1,80.0529,-28.4836,326.147,35.0327,11807.2,1234.42
1,0.0522449,0.0471151,2,4525.42,-17.0285,326.147,35.0327,11807.2,1234.42
1,0.0609524,0.0547777,1,79.3351,-28.4802,323.122,34.6867,11695.8,1221.57
1,0.0609524,0.0547777,2,4444.63,-17.026,323.122,34.6867,11695.8,1221.57
1,0.0696599,0.0624403,1,78.6238,-28.4837,320.611,34.3995,11603.2,1210.9
1,0.0696599,0.0624403,2,4404.78,-17.0264,320.611,34.3995,11603.2,1210.9
1,0.0783673,0.0701029,1,77.9189,-28.4888,318.613,34.1708,11529.4,1202.39
1,0.0783673,0.0701029,2,4365.29,-17.0252,318.613,34.1708,11529.4,1202.39
1,0.0870748,0.0777656,1,77.2203,-28.4672,317.131,34.0006,11474.5,1196.08
1,0.0870748,0.0777656,2,4365.29,-17.0262,317.131,34.0006,11474.5,1196.08
1,0.0957823,0.0854282,1,77.2203,-28.4887,316.167,33.8896,11438.8,1191.98
1,0.0957823,0.0854282,2,4326.15,-17.0254,316.167,33.8896,11438.8,1191.98
1,0.10449,0.0930908,1,77.2203,-28.49,315.853,33.8547,11427.2,1190.64
1,0.10449,0.0930908,2,4326.15,-17.026,315.853,33.8547,11427.2,1190.64
1,0.113197,0.100753,1,77.9189,-28.4739,317.342,34.0254,11482.4,1196.99
1,0.113197,0.100753,2,4365.29,-17.0266,317.342,34.0254,11482.4,1196.99
1,0.121905,0.108416,1,78.6238,-28.476,320.235,34.3566,11589.3,1209.29
1,0.121905,0.108416,2,4404.78,-17.0271,320.235,34.3566,11589.3,1209.29
1,0.130612,0.116079,1,79.3351,-28.4876,324.197,34.8098,11735.4,1226.14
1,0.130612,0.116079,2,4484.84,-17.0283,324.197,34.8098,11735.4,1226.14
1,0.13932,0.123741,1,80.7771,-28.4854,329.164,35.3774,11881.6,1247.23
1,0.13932,0.123741,2,4566.36,-17.0289,329.164,35.3774,11881.6,1247.23
1,0.148027,0.131404,1,82.2453,-28.4796,335.011,36.0498,11881.6,1272.32
1,0.148027,0.131404,2,4607.67,-17.0272,335.011,36.0498,11881.6,1272.32
1,0.156735,0.139067,1,83.7401,-28.4754,341.598,36.8046,11881.6,1300.53
1,0.156735,0.139067,2,4649.35,-17.0253,341.598,36.8046,11881.6,1300.53
1,0.165442,0.146729,1,86.0335,-28.4549,348.958,37.6462,11881.6,1331.94
1,0.165442,0.146729,2,4691.41,-17.0224,348.958,37.6462,11881.6,1331.94
1,0.17415,0.154392,1,87.5972,-28.4611,357.019,38.5715,11881.6,1366.6
1,0.17415,0.154392,2,4776.68,-17.0193,357.019,38.5715,11881.6,1366.6
1,0.182857,0.162054,1,89.9962,-28.459,365.702,39.5652,11881.6,1403.89
1,0.182857,0.162054,2,4819.9,-17.0184,365.702,39.5652,11881.6,1403.89
1,0.191565,0.169717,1,92.4609,-28.4515,375.038,40.6322,11881.6,1443.99
1,0.191565,0.169717,2,4863.5,-17.0138,375.038,40.6322,11881.6,1443.99
1,0.200272,0.17738,1,94.9932,-28.4443,384.938,41.765,11881.6,1486.67
1,0.200272,0.17738,2,4951.9,-17.0129,384.938,41.765,11881.6,1486.67
1,0.20898,0.185042,1,97.5947,-28.4406,395.428,42.9611,11881.6,1531.82
1,0.20898,0.185042,2,4996.7,-17.0078,395.428,42.9611,11881.6,1531.82
1,0.217687,0.192705,1,100.268,-28.4343,406.438,44.2189,11881.6,1579.37
1,0.217687,0.192705,2,5087.52,-17.007,406.438,44.2189,11881.6,1579.37
1,0.226395,0.200368,1,103.014,-28.4249,417.97,45.5316,11881.6,1629.13
1,0.226395,0.200368,2,5179.99,-17.0019,417.97,45.5316,11881.6,1629.13
1,0.235102,0.20803,1,105.835,-28.4075,429.99,46.8981,11881.6,1681.04
1,0.235102,0.20803,2,5226.85,-17.0001,429.99,46.8981,11881.6,1681.04
1,0.24381,0.215693,1,109.717,-28.4076,442.453,48.3142,11881.6,1734.93
1,0.24381,0.215693,2,5321.85,-16.9967,442.453,48.3142,11881.6,1734.93
1,0.252517,0.223355,1,112.722,-28.4112,455.371,49.7756,11881.6,1790.67
1,0.252517,0.223355,2,5370,-16.9917,455.371,49.7756,11881.6,1790.67
1,0.261224,0.231018,1,115.809,-28.4041,468.679,51.2807,11881.6,1848.21
1,0.261224,0.231018,2,5467.6,-16.9903,468.679,51.2807,11881.6,1848.21
1,0.269932,0.238681,1,118.981,-28.3874,482.345,52.8202,11881.6,1907.26
1,0.269932,0.238681,2,5566.98,-16.9846,482.345,52.8202,11881.6,1907.26
1,0.278639,0.246343,1,123.345,-28.3843,496.37,54.3955,11881.6,1967.74
1,0.278639,0.246343,2,5617.34,-16.9826,496.37,54.3955,11881.6,1967.74
1,0.287347,0.254006,1,126.723,-28.3893,510.679,55.9982,11881.6,2029.4
1,0.287347,0.254006,2,5719.44,-16.9786,510.679,55.9982,11881.6,2029.4
1,0.296054,0.261669,1,130.194,-28.3888,525.248,57.6257,11881.6,2092.19
1,0.296054,0.261669,2,5771.18,-16.9745,525.248,57.6257,11881.6,2092.19
1,0.304762,0.269331,1,133.759,-28.3853,540.05,59.2725,11881.6,2155.84
1,0.304762,0.269331,2,5876.08,-16.9715,540.05,59.2725,11881.6,2155.84
1,0.313469,0.276994,1,137.422,-28.3819,555.042,60.9328,11881.6,2220.17
1,0.313469,0.276994,2,5929.24,-16.967,555.042,60.9328,11881.6,2220.17
1,0.322177,0.284656,1,141.186,-28.3791,570.16,62.6015,11881.6,2284.9
1,0.322177,0.284656,2,6037,-16.9636,570.16,62.6015,11881.6,2284.9
1,0.330884,0.292319,1,145.053,-28.3766,585.371,64.2714,11881.6,2349.86
1,0.330884,0.292319,2,6091.62,-16.9606,585.371,64.2714,11881.6,2349.86
1,0.339592,0.299982,1,149.025,-28.3709,600.648,65.9426,11881.6,2414.99
1,0.339592,0.299982,2,6202.34,-16.9535,600.648,65.9426,11881.6,2414.99
1,0.348299,0.307644,1,153.106,-28.3556,615.95,67.61,11881.6,2480.04
1,0.348299,0.307644,2,6258.45,-16.9534,615.95,67.61,11881.6,2480.04
1,0.357007,0.315307,1,155.889,-28.3667,631.2,69.2629,11881.6,2544.67
1,0.357007,0.315307,2,6315.07,-16.9497,631.2,69.2629,11881.6,2544.67
1,0.365714,0.32297,1,160.159,-28.3682,646.367,70.8977,11881.6,2608.73
1,0.365714,0.32297,2,6372.2,-16.9436,646.367,70.8977,11881.6,2608.73
1,0.374422,0.330632,1,163.07,-28.3607,661.41,72.5125,11881.6,2672.05
1,0.374422,0.330632,2,6488.02,-16.9403,661.41,72.5125,11881.6,2672.05
1,0.383129,0.338295,1,167.536,-28.364,676.298,74.1007,11881.6,2734.48
1,0.383129,0.338295,2,6546.72,-16.9388,676.298,74.1007,11881.6,2734.48
1,0.391837,0.345957,1,170.581,-28.3695,690.97,75.6583,11881.6,2795.79
1,0.391837,0.345957,2,6605.94,-16.9362,690.97,75.6583,11881.6,2795.79
1,0.400544,0.35362,1,173.681,-28.3627,705.379,77.1812,11881.6,2855.76
1,0.400544,0.35362,2,6665.71,-16.9332,705.379,77.1812,11881.6,2855.76
1,0.409252,0.361283,1,176.838,-28.3552,719.487,78.6634,11881.6,2914.25
1,0.409252,0.361283,2,6726.01,-16.9302,719.487,78.6634,11881.6,2914.25
1,0.417959,0.368945,1,180.052,-28.3532,733.273,80.1044,11881.6,2971.17
1,0.417959,0.368945,2,6786.86,-16.9271,733.273,80.1044,11881.6,2971.17
1,0.426667,0.376608,1,183.324,-28.3589,746.68,81.4987,11881.6,3026.33
1,0.426667,0.376608,2,6848.26,-16.9238,746.68,81.4987,11881.6,3026.33
1,0.435374,0.384271,1,186.656,-28.3686,759.664,82.8421,11881.6,3079.54
1,0.435374,0.384271,2,6910.21,-16.9197,759.664,82.8421,11881.6,3079.54
1,0.444082,0.391933,1,190.049,-28.3741,772.211,84.1345,11881.6,3130.75
1,0.444082,0.391933,2,6972.73,-16.9141,772.211,84.1345,11881.6,3130.75
1,0.452789,0.399596,1,193.503,-28.3619,784.278,85.3704,11881.6,3179.8
1,0.452789,0.399596,2,6972.73,-16.9139,784.278,85.3704,11881.6,3179.8
1,0.461497,0.407258,1,195.254,-28.3748,795.813,86.5468,11881.6,3226.5
1,0.461497,0.407258,2,7035.81,-16.9137,795.813,86.5468,11881.6,3226.5
1,0.470204,0.414921,1,198.803,-28.3645,806.822,87.6646,11881.6,3270.89
1,0.470204,0.414921,2,7099.46,-16.9098,806.822,87.6646,11881.6,3270.89
1,0.478912,0.422584,1,200.601,-28.3794,817.253,88.7185,11881.6,3312.82
1,0.478912,0.422584,2,7099.46,-16.9061,817.253,88.7185,11881.6,3312.82
1,0.487619,0.430246,1,202.416,-28.3772,827.089,89.7078,11881.6,3352.22
1,0.487619,0.430246,2,7163.69,-16.9072,827.089,89.7078,11881.6,3352.22
1,0.496327,0.437909,1,204.247,-28.3702,836.304,90.6315,11881.6,3388.98
1,0.496327,0.437909,2,7228.5,-16.8993,836.304,90.6315,11881.6,3388.98
1,0.505034,0.445572,1,206.095,-28.3668,844.874,91.4871,11881.6,3423.07
1,0.505034,0.445572,2,7228.5,-16.9036,844.874,91.4871,11881.6,3423.07
1,0.513741,0.453234,1,207.96,-28.3696,852.785,92.275,11881.6,3454.45
1,0.513741,0.453234,2,7228.5,-16.8968,852.785,92.275,11881.6,3454.45
1,0.522449,0.460897,1,209.841,-28.3787,860.016,92.9913,11881.6,3483.02
1,0.522449,0.460897,2,7293.9,-16.9001,860.016,92.9913,11881.6,3483.02
1,0.531156,0.468559,1,211.739,-28.3874,866.538,93.6361,11881.6,3508.77
1,0.531156,0.468559,2,7293.9,-16.8978,866.538,93.6361,11881.6,3508.77
1,0.539864,0.476222,1,213.655,-28.3846,872.37,94.2105,11881.6,3531.7
1,0.539864,0.476222,2,7359.88,-16.8932,872.37,94.2105,11881.6,3531.7
1,0.548571,0.483885,1,213.655,-28.3766,877.474,94.7129,11881.6,3551.76
1,0.548571,0.483885,2,7359.88,-16.8964,877.474,94.7129,11881.6,3551.76
1,0.557279,0.491547,1,215.588,-28.3897,881.832,95.1408,11881.6,3568.84
1,0.557279,0.491547,2,7359.88,-16.896,881.832,95.1408,11881.6,3568.84
1,0.565986,0.49921,1,215.588,-28.3821,885.448,95.4957,11881.6,3582.98
1,0.565986,0.49921,2,7359.88,-16.8934,885.448,95.4957,11881.6,3582.98
1,0.574694,0.506873,1,217.538,-28.382,888.331,95.7768,11881.6,3594.25
1,0.574694,0.506873,2,7359.88,-16.8899,888.331,95.7768,11881.6,3594.25
1,0.583401,0.514535,1,217.538,-28.3918,890.455,95.985,11881.6,3602.56
1,0.583401,0.514535,2,7426.47,-16.8893,890.455,95.985,11881.6,3602.56
1,0.592109,0.522198,1,217.538,-28.3922,891.815,96.1186,11881.6,3607.87
1,0.592109,0.522198,2,7426.47,-16.8906,891.815,96.1186,11881.6,3607.87
1,0.600816,0.52986,1,217.538,-28.3911,892.411,96.1767,11881.6,3610.19
1,0.600816,0.52986,2,7426.47,-16.891,892.411,96.1767,11881.6,3610.19
1,0.609524,0.537523,1,217.538,-28.3909,892.436,96.1788,11881.6,3610.29
1,0.609524,0.537523,2,7426.47,-16.8911,892.436,96.1788,11881.6,3610.29
1,0.618231,0.545186,1,217.538,-28.3917,892.268,96.1619,11881.6,3609.63
1,0.618231,0.545186,2,7426.47,-16.8909,892.268,96.1619,11881.6,3609.63
1,0.626939,0.552848,1,217.538,-28.3922,891.86,96.1224,11881.6,3608.04
1,0.626939,0.552848,2,7426.47,-16.8906,891.86,96.1224,11881.6,3608.04
1,0.635646,0.560511,1,217.538,-28.3928,891.154,96.0533,11881.6,3605.29
1,0.635646,0.560511,2,7426.47,-16.89,891.154,96.0533,11881.6,3605.29
1,0.644354,0.568174,1,217.538,-28.3912,890.106,95.9507,11881.6,3601.19
1,0.644354,0.568174,2,7426.47,-16.8889,890.106,95.9507,11881.6,3601.19
1,0.653061,0.575836,1,217.538,-28.3844,888.68,95.812,11881.6,3595.62
1,0.653061,0.575836,2,7359.88,-16.8894,888.68,95.812,11881.6,3595.62
1,0.661769,0.583499,1,215.588,-28.3702,886.846,95.6322,11881.6,3588.44
1,0.661769,0.583499,2,7359.88,-16.8918,886.846,95.6322,11881.6,3588.44
1,0.670476,0.591161,1,215.588,-28.3867,884.59,95.4109,11881.6,3579.63
1,0.670476,0.591161,2,7359.88,-16.8942,884.59,95.4109,11881.6,3579.63
1,0.679184,0.598824,1,215.588,-28.39,881.89,95.1463,11881.6,3569.07
1,0.679184,0.598824,2,7359.88,-16.8959,881.89,95.1463,11881.6,3569.07
1,0.687891,0.606487,1,215.588,-28.3709,878.72,94.835,11881.6,3556.65
1,0.687891,0.606487,2,7359.88,-16.8966,878.72,94.835,11881.6,3556.65
1,0.696599,0.614149,1,213.655,-28.3885,875.062,94.4755,11881.6,3542.28
1,0.696599,0.614149,2,7359.88,-16.8954,875.062,94.4755,11881.6,3542.28
1,0.705306,0.621812,1,213.655,-28.375,870.91,94.0676,11881.6,3525.97
1,0.705306,0.621812,2,7293.9,-16.8925,870.91,94.0676,11881.6,3525.97
1,0.714014,0.629475,1,211.739,-28.3874,866.268,93.6102,11881.6,3507.71
1,0.714014,0.629475,2,7293.9,-16.898,866.268,93.6102,11881.6,3507.71
1,0.722721,0.637137,1,209.841,-28.3704,861.116,93.0998,11881.6,3487.36
1,0.722721,0.637137,2,7293.9,-16.9002,861.116,93.0998,11881.6,3487.36
1,0.731429,0.6448,1,209.841,-28.3798,855.451,92.5395,11881.6,3465
1,0.731429,0.6448,2,7293.9,-16.8977,855.451,92.5395,11881.6,3465
1,0.740136,0.652462,1,207.96,-28.3849,849.282,91.9261,11881.6,3440.56
1,0.740136,0.652462,2,7228.5,-16.9011,849.282,91.9261,11881.6,3440.56
1,0.748844,0.660125,1,206.095,-28.3813,842.605,91.2603,11881.6,3414.06
1,0.748844,0.660125,2,7228.5,-16.9037,842.605,91.2603,11881.6,3414.06
1,0.757551,0.667788,1,204.247,-28.3763,835.419,90.5425,11881.6,3385.45
1,0.757551,0.667788,2,7163.69,-16.9007,835.419,90.5425,11881.6,3385.45
1,0.766259,0.67545,1,202.416,-28.3731,827.746,89.7743,11881.6,3354.84
1,0.766259,0.67545,2,7163.69,-16.9071,827.746,89.7743,11881.6,3354.84
1,0.774966,0.683113,1,200.601,-28.374,819.572,88.9519,11881.6,3322.1
1,0.774966,0.683113,2,7163.69,-16.903,819.572,88.9519,11881.6,3322.1
1,0.783673,0.690776,1,198.803,-28.3769,810.933,88.0805,11881.6,3287.45
1,0.783673,0.690776,2,7099.46,-16.9106,810.933,88.0805,11881.6,3287.45
1,0.792381,0.698438,1,197.02,-28.377,801.821,87.1576,11881.6,3250.75
1,0.792381,0.698438,2,7035.81,-16.9084,801.821,87.1576,11881.6,3250.75
1,0.801088,0.706101,1,195.254,-28.3673,792.259,86.1847,11881.6,3212.11
1,0.801088,0.706101,2,7035.81,-16.9138,792.259,86.1847,11881.6,3212.11
1,0.809796,0.713763,1,191.768,-28.3652,782.269,85.1651,11881.6,3171.65
1,0.809796,0.713763,2,6972.73,-16.9158,782.269,85.1651,11881.6,3171.65
1,0.818503,0.721426,1,190.049,-28.3736,771.86,84.0981,11881.6,3129.32
1,0.818503,0.721426,2,6972.73,-16.9137,771.86,84.0981,11881.6,3129.32
1,0.827211,0.729089,1,186.656,-28.3576,761.059,82.986,11881.6,3085.23
1,0.827211,0.729089,2,6910.21,-16.9204,761.059,82.986,11881.6,3085.23
1,0.835918,0.736751,1,184.983,-28.37,749.881,81.8301,11881.6,3039.47
1,0.835918,0.736751,2,6848.26,-16.9235,749.881,81.8301,11881.6,3039.47
1,0.844626,0.744414,1,181.681,-28.3681,738.363,80.6354,11881.6,2992.17
1,0.844626,0.744414,2,6786.86,-16.9244,738.363,80.6354,11881.6,2992.17
1,0.853333,0.752077,1,178.438,-28.3523,726.519,79.3995,11881.6,2943.34
1,0.853333,0.752077,2,6726.01,-16.9243,726.519,79.3995,11881.6,2943.34
1,0.862041,0.759739,1,176.838,-28.3596,714.373,78.1266,11881.6,2893.08
1,0.862041,0.759739,2,6726.01,-16.9279,714.373,78.1266,11881.6,2893.08
1,0.870748,0.767402,1,173.681,-28.3652,701.964,76.8196,11881.6,2841.53
1,0.870748,0.767402,2,6665.71,-16.9321,701.964,76.8196,11881.6,2841.53
1,0.879456,0.775064,1,170.581,-28.3667,689.32,75.4837,11881.6,2788.89
1,0.879456,0.775064,2,6605.94,-16.9357,689.32,75.4837,11881.6,2788.89
1,0.888163,0.782727,1,167.536,-28.3649,676.465,74.1193,11881.6,2735.19
1,0.888163,0.782727,2,6546.72,-16.9388,676.465,74.1193,11881.6,2735.19
1,0.896871,0.79039,1,164.545,-28.3599,663.439,72.7285,11881.6,2680.57
1,0.896871,0.79039,2,6488.02,-16.9417,663.439,72.7285,11881.6,2680.57
1,0.905578,0.798052,1,160.159,-28.3504,650.267,71.3165,11881.6,2625.14
1,0.905578,0.798052,2,6429.85,-16.9443,650.267,71.3165,11881.6,2625.14
1,0.914286,0.805715,1,157.3,-28.3669,636.976,69.8853,11881.6,2569.04
1,0.914286,0.805715,2,6372.2,-16.9464,636.976,69.8853,11881.6,2569.04
1,0.922993,0.813377,1,154.492,-28.3719,623.623,68.4417,11881.6,2512.57
1,0.922993,0.813377,2,6315.07,-16.9478,623.623,68.4417,11881.6,2512.57
1,0.931701,0.82104,1,151.734,-28.3545,610.224,66.9874,11881.6,2455.75
1,0.931701,0.82104,2,6202.34,-16.9527,610.224,66.9874,11881.6,2455.75
1,0.940408,0.828703,1,147.689,-28.3743,596.807,65.5246,11881.6,2398.67
1,0.940408,0.828703,2,6146.73,-16.9577,596.807,65.5246,11881.6,2398.67
1,0.949116,0.836365,1,145.053,-28.3622,583.415,64.057,11881.6,2341.52
1,0.949116,0.836365,2,6091.62,-16.9615,583.415,64.057,11881.6,2341.52
1,0.957823,0.844028,1,141.186,-28.379,570.088,62.5931,11881.6,2284.59
1,0.957823,0.844028,2,6037,-16.9636,570.088,62.5931,11881.6,2284.59
1,0.966531,0.851691,1,137.422,-28.3646,556.847,61.1324,11881.6,2227.92
1,0.966531,0.851691,2,5929.24,-16.9644,556.847,61.1324,11881.6,2227.92
1,0.975238,0.859353,1,134.969,-28.381,543.729,59.68,11881.6,2171.63
1,0.975238,0.859353,2,5876.08,-16.9707,543.729,59.68,11881.6,2171.63
1,0.983946,0.867016,1,131.371,-28.3864,530.759,58.2381,11881.6,2115.83
1,0.983946,0.867016,2,5823.39,-16.9741,530.759,58.2381,11881.6,2115.83
1,0.992653,0.874678,1,127.869,-28.3775,517.984,56.815,11881.6,2060.92
1,0.992653,0.874678,2,5771.18,-16.9743,517.984,56.815,11881.6,2060.92
1,1.00136,0.882341,1,125.587,-28.3832,505.425,55.4116,11881.6,2006.82
1,1.00136,0.882341,2,5668.16,-16.9803,505.425,55.4116,11881.6,2006.82
1,1.01007,0.890004,1,122.239,-28.397,493.089,54.0266,11881.6,1953.54
1,1.01007,0.890004,2,5617.34,-16.9835,493.089,54.0266,11881.6,1953.54
1,1.01878,0.897666,1,118.981,-28.4007,481.047,52.6752,11881.6,1901.65
1,1.01878,0.897666,2,5517.06,-16.9842,481.047,52.6752,11881.6,1901.65
1,1.02748,0.905329,1,115.809,-28.3976,469.288,51.3489,11881.6,1850.84
1,1.02748,0.905329,2,5467.6,-16.99,469.288,51.3489,11881.6,1850.84
1,1.03619,0.912992,1,113.742,-28.3909,457.843,50.0557,11881.6,1801.39
1,1.03619,0.912992,2,5418.58,-16.992,457.843,50.0557,11881.6,1801.39
1,1.0449,0.920654,1,110.71,-28.4102,446.754,48.8011,11881.6,1753.5
1,1.0449,0.920654,2,5321.85,-16.9946,446.754,48.8011,11881.6,1753.5
1,1.05361,0.928317,1,107.758,-28.4203,436.003,47.5813,11881.6,1706.99
1,1.05361,0.928317,2,5274.14,-16.9989,436.003,47.5813,11881.6,1706.99
1,1.06231,0.935979,1,104.886,-28.4181,425.662,46.4075,11881.6,1662.38
1,1.06231,0.935979,2,5226.85,-17,425.662,46.4075,11881.6,1662.38
1,1.07102,0.943642,1,103.014,-28.4142,415.69,45.2719,11881.6,1619.25
1,1.07102,0.943642,2,5133.54,-17.0035,415.69,45.2719,11881.6,1619.25
1,1.07973,0.951305,1,100.268,-28.4352,406.161,44.1873,11881.6,1578.18
1,1.07973,0.951305,2,5087.52,-17.0071,406.161,44.1873,11881.6,1578.18
1,1.08844,0.958967,1,97.5947,-28.4287,397.041,43.1467,11881.6,1538.8
1,1.08844,0.958967,2,5041.9,-17.0084,397.041,43.1467,11881.6,1538.8
1,1.09714,0.96663,1,95.8525,-28.4425,388.367,42.156,11881.6,1501.41
1,1.09714,0.96663,2,4951.9,-17.0101,388.367,42.156,11881.6,1501.41
1,1.10585,0.974293,1,93.2974,-28.4362,380.16,41.2192,11881.6,1466.1
1,1.10585,0.974293,2,4907.5,-17.0139,380.16,41.2192,11881.6,1466.1
1,1.11456,0.981955,1,91.632,-28.455,372.379,40.3271,11881.6,1432.49
1,1.11456,0.981955,2,4863.5,-17.0165,372.379,40.3271,11881.6,1432.49
1,1.12327,0.989618,1,89.9962,-28.4547,365.115,39.4979,11881.6,1401.37
1,1.12327,0.989618,2,4819.9,-17.0184,365.115,39.4979,11881.6,1401.37
1,1.13197,0.99728,1,88.3897,-28.4508,358.319,38.7205,11881.6,1372.19
1,1.13197,0.99728,2,4776.68,-17.0201,358.319,38.7205,11881.6,1372.19
1,1.14068,0.00494307,1,86.8118,-28.4515,351.979,37.9919,11881.6,1344.89
1,1.14068,0.00494307,2,4733.86,-17.0218,351.979,37.9919,11881.6,1344.89
1,1.14939,0.0126057,1,85.2621,-28.4612,346.162,37.327,11881.6,1320.02
1,1.14939,0.0126057,2,4691.41,-17.0237,346.162,37.327,11881.6,1320.02
1,1.1581,0.0202683,1,83.7401,-28.4749,340.854,36.7197,11881.6,1297.34
1,1.1581,0.0202683,2,4649.35,-17.0255,340.854,36.7197,11881.6,1297.34
1,1.1668,0.027931,1,82.2453,-28.4757,336.032,36.1671,11881.6,1276.7
1,1.1668,0.027931,2,4607.67,-17.0268,336.032,36.1671,11881.6,1276.7
1,1.17551,0.0355936,1,81.5079,-28.4785,331.697,35.6684,11881.6,1258.11
1,1.17551,0.0355936,2,4566.36,-17.0271,331.697,35.6684,11881.6,1258.11
1,1.18422,0.0432562,1,80.0529,-28.473,327.867,35.229,11870.4,1241.71
1,1.18422,0.0432562,2,4566.36,-17.0277,327.867,35.229,11870.4,1241.71
1,1.19293,0.0509188,1,79.3351,-28.4842,324.582,34.8536,11749.6,1227.77
1,1.19293,0.0509188,2,4484.84,-17.0282,324.582,34.8536,11749.6,1227.77
1,1.20163,0.0585815,1,78.6238,-28.4851,321.811,34.5374,11647.5,1216
1,1.20163,0.0585815,2,4444.63,-17.0276,321.811,34.5374,11647.5,1216
1,1.21034,0.0662441,1,77.9189,-28.4758,319.555,34.2789,11564.2,1206.4
1,1.21034,0.0662441,2,4404.78,-17.0271,319.555,34.2789,11564.2,1206.4
1,1.21905,0.0739067,1,77.9189,-28.484,317.812,34.0783,11499.8,1198.99
1,1.21905,0.0739067,2,4365.29,-17.0268,317.812,34.0783,11499.8,1198.99
1,1.22776,0.0815693,1,77.2203,-28.4818,316.588,33.9384,11454.4,1193.77
1,1.22776,0.0815693,2,4365.29,-17.0245,316.588,33.9384,11454.4,1193.77
1,1.23646,0.089232,1,77.2203,-28.4894,315.899,33.8598,11428.9,1190.84
1,1.23646,0.089232,2,4326.15,-17.026,315.899,33.8598,11428.9,1190.84
1,1.24517,0.0968946,1,77.2203,-28.4862,316.367,33.9131,11446.3,1192.84
1,1.24517,0.0968946,2,4326.15,-17.0248,316.367,33.9131,11446.3,1192.84
1,1.25388,0.104557,1,77.9189,-28.4887,318.635,34.1738,11530.2,1202.49
1,1.25388,0.104557,2,4365.29,-17.0251,318.635,34.1738,11530.2,1202.49
1,1.26259,0.11222,1,78.6238,-28.4799,322.074,34.5677,11657.2,1217.12
1,1.26259,0.11222,2,4444.63,-17.0278,322.074,34.5677,11657.2,1217.12
1,1.27129,0.119882,1,80.0529,-28.4869,326.548,35.0777,11821.9,1236.12
1,1.27129,0.119882,2,4525.42,-17.0289,326.548,35.0777,11821.9,1236.12
1,1.28,0.127545,1,81.5079,-28.4806,331.969,35.7004,11881.6,1259.27
1,1.28,0.127545,2,4566.36,-17.0266,331.969,35.7004,11881.6,1259.27
1,1.28871,0.135208,1,82.9893,-28.4798,338.193,36.4144,11881.6,1285.96
1,1.28871,0.135208,2,4607.67,-17.0242,338.193,36.4144,11881.6,1285.96
1,1.29741,0.14287,1,84.4977,-28.4654,345.156,37.2113,11881.6,1315.72
1,1.29741,0.14287,2,4691.41,-17.0231,345.156,37.2113,11881.6,1315.72
1,1.30612,0.150533,1,86.8118,-28.4664,352.88,38.0954,11881.6,1348.78
1,1.30612,0.150533,2,4733.86,-17.022,352.88,38.0954,11881.6,1348.78
1,1.31483,0.158196,1,89.1893,-28.444,361.239,39.0545,11881.6,1384.74
1,1.31483,0.158196,2,4776.68,-17.0189,361.239,39.0545,11881.6,1384.74
1,1.32354,0.165858,1,90.8104,-28.4442,370.26,40.0852,11881.6,1423.41
1,1.32354,0.165858,2,4863.5,-17.0161,370.26,40.0852,11881.6,1423.41
1,1.33224,0.173521,1,93.2974,-28.4413,379.877,41.1868,11881.6,1464.88
1,1.33224,0.173521,2,4907.5,-17.0141,379.877,41.1868,11881.6,1464.88
1,1.34095,0.181183,1,95.8525,-28.4337,390.079,42.3517,11881.6,1508.76
1,1.34095,0.181183,2,4996.7,-17.0103,390.079,42.3517,11881.6,1508.76
1,1.34966,0.188846,1,98.4777,-28.4212,400.817,43.5782,11881.6,1555.12
1,1.34966,0.188846,2,5041.9,-17.008,400.817,43.5782,11881.6,1555.12
1,1.35837,0.196509,1,102.09,-28.418,412.103,44.8622,11881.6,1603.74
1,1.35837,0.196509,2,5133.54,-17.0049,412.103,44.8622,11881.6,1603.74
1,1.36707,0.204171,1,104.886,-28.4218,423.868,46.2037,11881.6,1654.64
1,1.36707,0.204171,2,5179.99,-17.0005,423.868,46.2037,11881.6,1654.64
1,1.37578,0.211834,1,107.758,-28.4204,436.126,47.5947,11881.6,1707.52
1,1.37578,0.211834,2,5274.14,-16.9989,436.126,47.5947,11881.6,1707.52
1,1.38449,0.219497,1,110.71,-28.4077,448.819,49.0353,11881.6,1762.41
1,1.38449,0.219497,2,5370,-16.9934,448.819,49.0353,11881.6,1762.41
1,1.3932,0.227159,1,114.771,-28.3901,461.918,50.5171,11881.6,1819.03
1,1.3932,0.227159,2,5418.58,-16.9915,461.918,50.5171,11881.6,1819.03
1,1.4019,0.234822,1,117.914,-28.3997,475.424,52.0401,11881.6,1877.31
1,1.4019,0.234822,2,5517.06,-16.988,475.424,52.0401,11881.6,1877.31
1,1.41061,0.242484,1,121.143,-28.3998,489.271,53.5983,11881.6,1937.12
1,1.41061,0.242484,2,5566.98,-16.9827,489.271,53.5983,11881.6,1937.12
1,1.41932,0.250147,1,124.461,-28.3913,503.429,55.1886,11881.6,1998.22
1,1.41932,0.250147,2,5668.16,-16.9813,503.429,55.1886,11881.6,1998.22
1,1.42803,0.25781,1,127.869,-28.379,517.887,56.8045,11881.6,2060.51
1,1.42803,0.25781,2,5771.18,-16.9742,517.887,56.8045,11881.6,2060.51
1,1.43673,0.265472,1,131.371,-28.3666,532.577,58.441,11881.6,2123.68
1,1.43673,0.265472,2,5823.39,-16.9739,532.577,58.441,11881.6,2123.68
1,1.44544,0.273135,1,136.19,-28.3665,547.465,60.0935,11881.6,2187.62
1,1.44544,0.273135,2,5929.24,-16.967,547.465,60.0935,11881.6,2187.62
1,1.45415,0.280798,1,139.92,-28.3638,562.519,61.7595,11881.6,2252.2
1,1.45415,0.280798,2,5982.88,-16.9666,562.519,61.7595,11881.6,2252.2
1,1.46286,0.28846,1,143.752,-28.3567,577.71,63.4318,11881.6,2317.2
1,1.46286,0.28846,2,6037,-16.9595,577.71,63.4318,11881.6,2317.2
1,1.47156,0.296123,1,146.365,-28.3625,592.969,65.1049,11881.6,2382.32
1,1.47156,0.296123,2,6146.73,-16.9588,592.969,65.1049,11881.6,2382.32
1,1.48027,0.303785,1,150.373,-28.371,608.25,66.7725,11881.6,2447.35
1,1.48027,0.303785,2,6202.34,-16.9549,608.25,66.7725,11881.6,2447.35
1,1.48898,0.311448,1,154.492,-28.3712,623.516,68.4307,11881.6,2512.12
1,1.48898,0.311448,2,6315.07,-16.9476,623.516,68.4307,11881.6,2512.12
1,1.49769,0.319111,1,158.723,-28.3517,638.731,70.0746,11881.6,2576.48
1,1.49769,0.319111,2,6372.2,-16.9475,638.731,70.0746,11881.6,2576.48
1,1.50639,0.326773,1,161.608,-28.3701,653.855,71.7011,11881.6,2640.23
1,1.50639,0.326773,2,6429.85,-16.9449,653.855,71.7011,11881.6,2640.23
1,1.5151,0.334436,1,166.033,-28.3511,668.826,73.3038,11881.6,2703.14
1,1.5151,0.334436,2,6488.02,-16.9408,668.826,73.3038,11881.6,2703.14
1,1.52381,0.342099,1,169.051,-28.3691,683.601,74.8769,11881.6,2765.01
1,1.52381,0.342099,2,6546.72,-16.9361,683.601,74.8769,11881.6,2765.01
1,1.53252,0.349761,1,172.124,-28.3676,698.148,76.4178,11881.6,2825.69
1,1.53252,0.349761,2,6605.94,-16.9315,698.148,76.4178,11881.6,2825.69
1,1.54122,0.357424,1,175.252,-28.3588,712.43,77.9227,11881.6,2885.04
1,1.54122,0.357424,2,6665.71,-16.9275,712.43,77.9227,11881.6,2885.04
1,1.54993,0.365086,1,178.438,-28.3538,726.383,79.3851,11881.6,2942.78
1,1.54993,0.365086,2,6726.01,-16.9245,726.383,79.3851,11881.6,2942.78
1,1.55864,0.372749,1,181.681,-28.3557,739.974,80.8022,11881.6,2998.8
1,1.55864,0.372749,2,6786.86,-16.9225,739.974,80.8022,11881.6,2998.8
1,1.56735,0.380412,1,184.983,-28.3637,753.181,82.1725,11881.6,3053.02
1,1.56735,0.380412,2,6848.26,-16.9211,753.181,82.1725,11881.6,3053.02
1,1.57605,0.388074,1,188.345,-28.3725,765.957,83.4915,11881.6,3105.25
1,1.57605,0.388074,2,6910.21,-16.9197,765.957,83.4915,11881.6,3105.25
1,1.58476,0.395737,1,191.768,-28.3709,778.255,84.7535,11881.6,3155.31
1,1.58476,0.395737,2,6972.73,-16.9174,778.255,84.7535,11881.6,3155.31
1,1.59347,0.4034,1,193.503,-28.3626,790.069,85.9616,11881.6,3203.25
1,1.59347,0.4034,2,7035.81,-16.9127,790.069,85.9616,11881.6,3203.25
1,1.60218,0.411062,1,197.02,-28.3764,801.355,87.1097,11881.6,3248.87
1,1.60218,0.411062,2,7035.81,-16.9091,801.355,87.1097,11881.6,3248.87
1,1.61088,0.418725,1,198.803,-28.3717,812.067,88.1953,11881.6,3292
1,1.61088,0.418725,2,7099.46,-16.9103,812.067,88.1953,11881.6,3292
1,1.61959,0.426387,1,202.416,-28.3656,822.216,89.2184,11881.6,3332.7
1,1.61959,0.426387,2,7163.69,-16.9056,822.216,89.2184,11881.6,3332.7
1,1.6283,0.43405,1,204.247,-28.3783,831.734,90.1734,11881.6,3370.75
1,1.6283,0.43405,2,7163.69,-16.905,831.734,90.1734,11881.6,3370.75
1,1.63701,0.441713,1,206.095,-28.3831,840.645,91.065,11881.6,3406.27
1,1.63701,0.441713,2,7228.5,-16.903,840.645,91.065,11881.6,3406.27
1,1.64571,0.449375,1,207.96,-28.3843,848.875,91.8855,11881.6,3438.94
1,1.64571,0.449375,2,7228.5,-16.9015,848.875,91.8855,11881.6,3438.94
1,1.65442,0.457038,1,209.841,-28.3844,856.464,92.6395,11881.6,3469
1,1.65442,0.457038,2,7293.9,-16.8985,856.464,92.6395,11881.6,3469
1,1.66313,0.464701,1,211.739,-28.3792,863.343,93.3203,11881.6,3496.17
1,1.66313,0.464701,2,7293.9,-16.8998,863.343,93.3203,11881.6,3496.17
1,1.67184,0.472363,1,211.739,-28.3708,869.523,93.9311,11881.6,3520.52
1,1.67184,0.472363,2,7293.9,-16.8945,869.523,93.9311,11881.6,3520.52
1,1.68054,0.480026,1,213.655,-28.3884,874.996,94.4696,11881.6,3542.02
1,1.68054,0.480026,2,7359.88,-16.8954,874.996,94.4696,11881.6,3542.02
1,1.68925,0.487688,1,215.588,-28.3795,879.731,94.9355,11881.6,3560.61
1,1.68925,0.487688,2,7359.88,-16.8965,879.731,94.9355,11881.6,3560.61
1,1.69796,0.495351,1,215.588,-28.3897,883.716,95.3261,11881.6,3576.21
1,1.69796,0.495351,2,7359.88,-16.8949,883.716,95.3261,11881.6,3576.21
1,1.70667,0.503014,1,217.538,-28.37,886.973,95.6441,11881.6,3588.94
1,1.70667,0.503014,2,7359.88,-16.8917,886.973,95.6441,11881.6,3588.94
1,1.71537,0.510676,1,217.538,-28.3887,889.481,95.8892,11881.6,3598.75
1,1.71537,0.510676,2,7426.47,-16.8882,889.481,95.8892,11881.6,3598.75
1,1.72408,0.518339,1,217.538,-28.3928,891.226,96.0605,11881.6,3605.57
1,1.72408,0.518339,2,7426.47,-16.89,891.226,96.0605,11881.6,3605.57
1,1.73279,0.526002,1,217.538,-28.3915,892.208,96.1564,11881.6,3609.4
1,1.73279,0.526002,2,7426.47,-16.8909,892.208,96.1564,11881.6,3609.4
1,1.7415,0.533664,1,217.538,-28.3913,892.454,96.1805,11881.6,3610.36
1,1.7415,0.533664,2,7426.47,-16.8911,892.454,96.1805,11881.6,3610.36
1,1.7502,0.541327,1,217.538,-28.3913,892.378,96.1733,11881.6,3610.06
1,1.7502,0.541327,2,7426.47,-16.891,892.378,96.1733,11881.6,3610.06
1,1.75891,0.548989,1,217.538,-28.3918,892.1,96.1453,11881.6,3608.98
1,1.75891,0.548989,2,7426.47,-16.8908,892.1,96.1453,11881.6,3608.98
1,1.76762,0.556652,1,217.538,-28.3926,891.551,96.0919,11881.6,3606.83
1,1.76762,0.556652,2,7426.47,-16.8903,891.551,96.0919,11881.6,3606.83
1,1.77633,0.564315,1,217.538,-28.3926,890.679,96.0071,11881.6,3603.43
1,1.77633,0.564315,2,7426.47,-16.8895,890.679,96.0071,11881.6,3603.43
1,1.78503,0.571977,1,217.538,-28.3885,889.448,95.8866,11881.6,3598.62
1,1.78503,0.571977,2,7359.88,-16.8882,889.448,95.8866,11881.6,3598.62
1,1.79374,0.57964,1,217.538,-28.378,887.823,95.7272,11881.6,3592.26
1,1.79374,0.57964,2,7359.88,-16.8906,887.823,95.7272,11881.6,3592.26
1,1.80245,0.587303,1,215.588,-28.3799,885.78,95.5275,11881.6,3584.27
1,1.80245,0.587303,2,7359.88,-16.893,885.78,95.5275,11881.6,3584.27
1,1.81116,0.594965,1,215.588,-28.3904,883.308,95.2854,11881.6,3574.61
1,1.81116,0.594965,2,7359.88,-16.8951,883.308,95.2854,11881.6,3574.61
1,1.81986,0.602628,1,215.588,-28.3841,880.376,94.9987,11881.6,3563.14
1,1.81986,0.602628,2,7359.88,-16.8964,880.376,94.9987,11881.6,3563.14
1,1.82857,0.61029,1,213.655,-28.3804,876.967,94.6629,11881.6,3549.77
1,1.82857,0.61029,2,7359.88,-16.8963,876.967,94.6629,11881.6,3549.77
1,1.83728,0.617953,1,213.655,-28.3875,873.062,94.2792,11881.6,3534.42
1,1.83728,0.617953,2,7359.88,-16.8939,873.062,94.2792,11881.6,3534.42
1,1.84599,0.625616,1,211.739,-28.3781,868.669,93.8463,11881.6,3517.16
1,1.84599,0.625616,2,7293.9,-16.8956,868.669,93.8463,11881.6,3517.16
1,1.85469,0.633278,1,211.739,-28.3813,863.775,93.3639,11881.6,3497.88
1,1.85469,0.633278,2,7293.9,-16.8996,863.775,93.3639,11881.6,3497.88
1,1.8634,0.640941,1,209.841,-28.3854,858.368,92.8281,11881.6,3476.52
1,1.8634,0.640941,2,7293.9,-16.8996,858.368,92.8281,11881.6,3476.52
1,1.87211,0.648603,1,207.96,-28.3729,852.453,92.2411,11881.6,3453.14
1,1.87211,0.648603,2,7228.5,-16.8973,852.453,92.2411,11881.6,3453.14
1,1.88082,0.656266,1,207.96,-28.3689,846.031,91.6019,11881.6,3427.65
1,1.88082,0.656266,2,7228.5,-16.9033,846.031,91.6019,11881.6,3427.65
1,1.88952,0.663929,1,206.095,-28.3762,839.101,90.9111,11881.6,3400.12
1,1.88952,0.663929,2,7228.5,-16.9021,839.101,90.9111,11881.6,3400.12
1,1.89823,0.671591,1,204.247,-28.3783,831.672,90.1679,11881.6,3370.51
1,1.89823,0.671591,2,7163.69,-16.9051,831.672,90.1679,11881.6,3370.51
1,1.90694,0.679254,1,202.416,-28.3767,823.749,89.3726,11881.6,3338.85
1,1.90694,0.679254,2,7163.69,-16.9065,823.749,89.3726,11881.6,3338.85
1,1.91565,0.686917,1,200.601,-28.3718,815.347,88.5266,11881.6,3305.17
1,1.91565,0.686917,2,7099.46,-16.9082,815.347,88.5266,11881.6,3305.17
1,1.92435,0.694579,1,198.803,-28.3607,806.463,87.6277,11881.6,3269.44
1,1.92435,0.694579,2,7099.46,-16.9096,806.463,87.6277,11881.6,3269.44
1,1.93306,0.702242,1,195.254,-28.3672,797.135,86.6811,11881.6,3231.84
1,1.93306,0.702242,2,7035.81,-16.9131,797.135,86.6811,11881.6,3231.84
1,1.94177,0.709904,1,193.503,-28.3755,787.353,85.6855,11881.6,3192.27
1,1.94177,0.709904,2,7035.81,-16.9102,787.353,85.6855,11881.6,3192.27
1,1.95048,0.717567,1,191.768,-28.3631,777.152,84.6413,11881.6,3150.83
1,1.95048,0.717567,2,6972.73,-16.9173,777.152,84.6413,11881.6,3150.83
1,1.95918,0.72523,1,188.345,-28.3705,766.546,83.5516,11881.6,3107.65
1,1.95918,0.72523,2,6910.21,-16.9193,766.546,83.5516,11881.6,3107.65
1,1.96789,0.732892,1,186.656,-28.3617,755.558,82.4188,11881.6,3062.75
1,1.96789,0.732892,2,6848.26,-16.918,755.558,82.4188,11881.6,3062.75
1,1.9766,0.740555,1,183.324,-28.3718,744.208,81.2423,11881.6,3016.2
1,1.9766,0.740555,2,6848.26,-16.9225,744.208,81.2423,11881.6,3016.2
1,1.98531,0.748218,1,180.052,-28.361,732.516,80.0248,11881.6,2968.05
1,1.98531,0.748218,2,6786.86,-16.927,732.516,80.0248,11881.6,2968.05
1,1.99401,0.75588,1,178.438,-28.3538,720.526,78.7725,11881.6,2918.55
1,1.99401,0.75588,2,6726.01,-16.9299,720.526,78.7725,11881.6,2918.55
1,2.00272,0.763543,1,175.252,-28.3631,708.251,77.4841,11881.6,2867.7
1,2.00272,0.763543,2,6665.71,-16.9322,708.251,77.4841,11881.6,2867.7
1,2.01143,0.771205,1,172.124,-28.3663,695.715,76.1607,11881.6,2815.57
1,2.01143,0.771205,2,6605.94,-16.9344,695.715,76.1607,11881.6,2815.57
1,2.02014,0.778868,1,169.051,-28.3661,682.963,74.8097,11881.6,2762.35
1,2.02014,0.778868,2,6546.72,-16.9368,682.963,74.8097,11881.6,2762.35
1,2.02884,0.786531,1,166.033,-28.3635,670.014,73.4298,11881.6,2708.11
1,2.02884,0.786531,2,6488.02,-16.9397,670.014,73.4298,11881.6,2708.11
1,2.03755,0.794193,1,163.07,-28.3552,656.912,72.0299,11881.6,2653.12
1,2.03755,0.794193,2,6429.85,-16.943,656.912,72.0299,11881.6,2653.12
1,2.04626,0.801856,1,158.723,-28.3585,643.686,70.6099,11881.6,2597.42
1,2.04626,0.801856,2,6372.2,-16.9466,643.686,70.6099,11881.6,2597.42
1,2.05497,0.809519,1,155.889,-28.371,630.363,69.1725,11881.6,2541.12
1,2.05497,0.809519,2,6315.07,-16.9502,630.363,69.1725,11881.6,2541.12
1,2.06367,0.817181,1,153.106,-28.3672,616.971,67.7198,11881.6,2484.36
1,2.06367,0.817181,2,6258.45,-16.9535,616.971,67.7198,11881.6,2484.36
1,2.07238,0.824844,1,149.025,-28.365,603.556,66.2606,11881.6,2427.35
1,2.07238,0.824844,2,6202.34,-16.9559,603.556,66.2606,11881.6,2427.35
1,2.08109,0.832506,1,146.365,-28.3744,590.159,64.7971,11881.6,2370.33
1,2.08109,0.832506,2,6146.73,-16.957,590.159,64.7971,11881.6,2370.33
1,2.0898,0.840169,1,142.463,-28.3685,576.793,63.3309,11881.6,2313.29
1,2.0898,0.840169,2,6037,-16.9609,576.793,63.3309,11881.6,2313.29
1,2.0985,0.847832,1,139.92,-28.3752,563.5,61.8671,11881.6,2256.4
1,2.0985,0.847832,2,5982.88,-16.9661,563.5,61.8671,11881.6,2256.4
1,2.10721,0.855494,1,136.19,-28.3812,550.316,60.4096,11881.6,2199.85
1,2.10721,0.855494,2,5929.24,-16.9691,550.316,60.4096,11881.6,2199.85
1,2.11592,0.863157,1,132.56,-28.3671,537.271,58.9633,11881.6,2143.9
1,2.11592,0.863157,2,5876.08,-16.9693,537.271,58.9633,11881.6,2143.9
1,2.12463,0.87082,1,130.194,-28.3838,524.399,57.5308,11881.6,2088.54
1,2.12463,0.87082,2,5771.18,-16.9754,524.399,57.5308,11881.6,2088.54
1,2.13333,0.878482,1,126.723,-28.3923,511.714,56.1137,11881.6,2033.84
1,2.13333,0.878482,2,5719.44,-16.9789,511.714,56.1137,11881.6,2033.84
1,2.14204,0.886145,1,123.345,-28.3897,499.271,54.7214,11881.6,1980.28
1,2.14204,0.886145,2,5668.16,-16.9789,499.271,54.7214,11881.6,1980.28
1,2.15075,0.893807,1,121.143,-28.3781,487.084,53.3543,11881.6,1927.7
1,2.15075,0.893807,2,5566.98,-16.9852,487.084,53.3543,11881.6,1927.7
1,2.15946,0.90147,1,117.914,-28.3971,475.162,52.011,11881.6,1876.18
1,2.15946,0.90147,2,5517.06,-16.9879,475.162,52.011,11881.6,1876.18
1,2.16816,0.909133,1,114.771,-28.4084,463.573,50.7042,11881.6,1826.19
1,2.16816,0.909133,2,5418.58,-16.9895,463.573,50.7042,11881.6,1826.19
1,2.17687,0.916795,1,111.711,-28.4112,452.286,49.4271,11881.6,1777.34
1,2.17687,0.916795,2,5370,-16.9946,452.286,49.4271,11881.6,1777.34
1,2.18558,0.924458,1,108.733,-28.4041,441.378,48.192,11881.6,1730.28
1,2.18558,0.924458,2,5321.85,-16.9961,441.378,48.192,11881.6,1730.28
1,2.19429,0.932121,1,106.792,-28.4115,430.817,46.9925,11881.6,1684.6
1,2.19429,0.932121,2,5226.85,-16.9993,430.817,46.9925,11881.6,1684.6
1,2.20299,0.939783,1,103.946,-28.4273,420.668,45.8395,11881.6,1640.81
1,2.20299,0.939783,2,5179.99,-17.0031,420.668,45.8395,11881.6,1640.81
1,2.2117,0.947446,1,101.175,-28.4263,410.901,44.7262,11881.6,1598.58
1,2.2117,0.947446,2,5133.54,-17.0041,410.901,44.7262,11881.6,1598.58
1,2.22041,0.955108,1,99.3686,-28.4271,401.586,43.6653,11881.6,1558.44
1,2.22041,0.955108,2,5041.9,-17.0071,401.586,43.6653,11881.6,1558.44
1,2.22912,0.962771,1,96.7197,-28.4417,392.664,42.6454,11881.6,1519.85
1,2.22912,0.962771,2,4996.7,-17.0108,392.664,42.6454,11881.6,1519.85
1,2.23782,0.970434,1,94.9932,-28.4345,384.24,41.685,11881.6,1483.67
1,2.23782,0.970434,2,4951.9,-17.0128,384.24,41.685,11881.6,1483.67
1,2.24653,0.978096,1,92.4609,-28.4484,376.243,40.7706,11881.6,1449.2
1,2.24653,0.978096,2,4907.5,-17.0138,376.243,40.7706,11881.6,1449.2
1,2.25524,0.985759,1,90.8104,-28.4563,368.711,39.9089,11881.6,1416.78
1,2.25524,0.985759,2,4819.9,-17.0154,368.711,39.9089,11881.6,1416.78
1,2.26395,0.993422,1,89.1893,-28.4535,361.684,39.1054,11881.6,1386.65
1,2.26395,0.993422,2,4776.68,-17.0183,361.684,39.1054,11881.6,1386.65
1,2.27265,0.00108421,1,87.5972,-28.4507,355.115,38.3524,11881.6,1358.41
1,2.27265,0.00108421,2,4733.86,-17.0206,355.115,38.3524,11881.6,1358.41
2,0,0.0017584,1,104.886,-28.4245,424.953,46.3267,11881.6,1659.32
2,0,0.0017584,2,5226.85,-16.9992,424.953,46.3267,11881.6,1659.32
2,0.00580499,0.00942099,1,103.014,-28.4225,418.194,45.5578,11881.6,1630.1
2,0.00580499,0.00942099,2,5179.99,-17.0021,418.194,45.5578,11881.6,1630.1
2,0.01161,0.0170836,1,102.09,-28.4122,411.868,44.8361,11881.6,1602.73
2,0.01161,0.0170836,2,5133.54,-17.0048,411.868,44.8361,11881.6,1602.73
2,0.017415,0.0247462,1,100.268,-28.4343,406.014,44.1701,11881.6,1577.54
2,0.017415,0.0247462,2,5087.52,-17.0071,406.014,44.1701,11881.6,1577.54
2,0.02322,0.0324088,1,98.4777,-28.4253,400.599,43.5534,11881.6,1554.19
2,0.02322,0.0324088,2,5041.9,-17.0082,400.599,43.5534,11881.6,1554.19
2,0.0290249,0.0400714,1,97.5947,-28.4405,395.631,42.9847,11881.6,1532.7
2,0.0290249,0.0400714,2,4996.7,-17.0074,395.631,42.9847,11881.6,1532.7
2,0.0348299,0.047734,1,96.7197,-28.432,391.126,42.4703,11881.6,1513.25
2,0.0348299,0.047734,2,4996.7,-17.0109,391.126,42.4703,11881.6,1513.25
2,0.0406349,0.0553966,1,94.9932,-28.4263,387.115,42.0133,11881.6,1496.03
2,0.0406349,0.0553966,2,4951.9,-17.0117,387.115,42.0133,11881.6,1496.03
2,0.0464399,0.0630592,1,94.1415,-28.4317,383.581,41.6101,11881.6,1480.83
2,0.0464399,0.0630592,2,4951.9,-17.0125,383.581,41.6101,11881.6,1480.83
2,0.0522449,0.0707217,1,94.1415,-28.428,380.527,41.2604,11881.6,1467.68
2,0.0522449,0.0707217,2,4907.5,-17.0135,380.527,41.2604,11881.6,1467.68
2,0.0580499,0.0783843,1,93.2974,-28.4447,377.954,40.9667,11881.6,1456.58
2,0.0580499,0.0783843,2,4907.5,-17.0147,377.954,40.9667,11881.6,1456.58
2,0.0638549,0.0860469,1,92.4609,-28.4519,375.869,40.7268,11881.6,1447.58
2,0.0638549,0.0860469,2,4907.5,-17.0134,375.869,40.7268,11881.6,1447.58
2,0.0696599,0.0937095,1,92.4609,-28.4397,374.275,40.5442,11881.6,1440.69
2,0.0696599,0.0937095,2,4863.5,-17.0149,374.275,40.5442,11881.6,1440.69
2,0.0754649,0.101372,1,91.632,-28.4483,373.181,40.4188,11881.6,1435.97
2,0.0754649,0.101372,2,4863.5,-17.0161,373.181,40.4188,11881.6,1435.97
2,0.0812698,0.109035,1,91.632,-28.4532,372.747,40.3692,11881.6,1434.09
2,0.0812698,0.109035,2,4863.5,-17.0163,372.747,40.3692,11881.6,1434.09
2,0.0870748,0.116697,1,92.4609,-28.4343,374.049,40.5194,11881.6,1439.72
2,0.0870748,0.116697,2,4863.5,-17.0152,374.049,40.5194,11881.6,1439.72
2,0.0928798,0.12436,1,92.4609,-28.4349,377.01,40.8577,11881.6,1452.51
2,0.0928798,0.12436,2,4907.5,-17.0144,377.01,40.8577,11881.6,1452.51
2,0.0986848,0.132023,1,94.1415,-28.4397,381.086,41.3248,11881.6,1470.09
2,0.0986848,0.132023,2,4907.5,-17.0128,381.086,41.3248,11881.6,1470.09
2,0.10449,0.139685,1,94.9932,-28.4435,386.151,41.9034,11881.6,1491.89
2,0.10449,0.139685,2,4951.9,-17.0125,386.151,41.9034,11881.6,1491.89
2,0.110295,0.147348,1,96.7197,-28.4422,392.096,42.5806,11881.6,1517.41
2,0.110295,0.147348,2,4996.7,-17.011,392.096,42.5806,11881.6,1517.41
2,0.1161,0.15501,1,98.4777,-28.4377,398.832,43.3505,11881.6,1546.55
2,0.1161,0.15501,2,5041.9,-17.0091,398.832,43.3505,11881.6,1546.55
2,0.121905,0.162673,1,100.268,-28.435,406.306,44.2037,11881.6,1578.8
2,0.121905,0.162673,2,5087.52,-17.007,406.306,44.2037,11881.6,1578.8
2,0.12771,0.170335,1,102.09,-28.4245,414.472,45.1325,11881.6,1613.96
2,0.12771,0.170335,2,5133.54,-17.0046,414.472,45.1325,11881.6,1613.96
2,0.133515,0.177998,1,104.886,-28.4149,423.268,46.1351,11881.6,1652.04
2,0.133515,0.177998,2,5179.99,-17.0013,423.268,46.1351,11881.6,1652.04
2,0.13932,0.185661,1,106.792,-28.4198,432.678,47.203,11881.6,1692.61
2,0.13932,0.185661,2,5274.14,-16.9972,432.678,47.203,11881.6,1692.61
2,0.145125,0.193323,1,109.717,-28.4095,442.635,48.3344,11881.6,1735.71
2,0.145125,0.193323,2,5321.85,-16.9968,442.635,48.3344,11881.6,1735.71
2,0.15093,0.200986,1,111.711,-28.4009,453.133,49.5223,11881.6,1780.99
2,0.15093,0.200986,2,5370,-16.9942,453.133,49.5223,11881.6,1780.99
2,0.156735,0.208648,1,114.771,-28.4077,464.116,50.7653,11881.6,1828.53
2,0.156735,0.208648,2,5418.58,-16.9886,464.116,50.7653,11881.6,1828.53
2,0.16254,0.216311,1,117.914,-28.4015,475.564,52.0557,11881.6,1877.92
2,0.16254,0.216311,2,5517.06,-16.9881,475.564,52.0557,11881.6,1877.92
2,0.168345,0.223974,1,121.143,-28.3848,487.44,53.3931,11881.6,1929.23
2,0.168345,0.223974,2,5566.98,-16.9849,487.44,53.3931,11881.6,1929.23
2,0.17415,0.231636,1,123.345,-28.384,499.702,54.7703,11881.6,1982.14
2,0.17415,0.231636,2,5668.16,-16.9795,499.702,54.7703,11881.6,1982.14
2,0.179955,0.239299,1,126.723,-28.3901,512.335,56.1833,11881.6,2036.53
2,0.179955,0.239299,2,5719.44,-16.979,512.335,56.1833,11881.6,2036.53
2,0.18576,0.246961,1,130.194,-28.3887,525.291,57.6299,11881.6,2092.38
2,0.18576,0.246961,2,5771.18,-16.9744,525.291,57.6299,11881.6,2092.38
2,0.191565,0.254624,1,133.759,-28.3794,538.541,59.1046,11881.6,2149.36
2,0.191565,0.254624,2,5876.08,-16.9706,538.541,59.1046,11881.6,2149.36
2,0.19737,0.262287,1,136.19,-28.362,552.052,60.602,11881.6,2207.32
2,0.19737,0.262287,2,5929.24,-16.9691,552.052,60.602,11881.6,2207.32
2,0.203175,0.269949,1,139.92,-28.3769,565.767,62.1165,11881.6,2266.07
2,0.203175,0.269949,2,5982.88,-16.9641,565.767,62.1165,11881.6,2266.07
2,0.20898,0.277612,1,143.752,-28.3762,579.671,63.6475,11881.6,2325.57
2,0.20898,0.277612,2,6091.62,-16.9601,579.671,63.6475,11881.6,2325.57
2,0.214785,0.285274,1,147.689,-28.3556,593.73,65.1885,11881.6,2385.56
2,0.214785,0.285274,2,6146.73,-16.9589,593.73,65.1885,11881.6,2385.56
2,0.22059,0.292937,1,150.373,-28.3727,607.876,66.7319,11881.6,2445.76
2,0.22059,0.292937,2,6202.34,-16.9552,607.876,66.7319,11881.6,2445.76
2,0.226395,0.3006,1,154.492,-28.3614,622.078,68.274,11881.6,2506.02
2,0.226395,0.3006,2,6258.45,-16.9496,622.078,68.274,11881.6,2506.02
2,0.2322,0.308262,1,157.3,-28.3703,636.313,69.8135,11881.6,2566.24
2,0.2322,0.308262,2,6372.2,-16.9458,636.313,69.8135,11881.6,2566.24
2,0.238005,0.315925,1,161.608,-28.3507,650.537,71.3461,11881.6,2626.28
2,0.238005,0.315925,2,6429.85,-16.9445,650.537,71.3461,11881.6,2626.28
2,0.24381,0.323587,1,164.545,-28.368,664.688,72.8621,11881.6,2685.8
2,0.24381,0.323587,2,6488.02,-16.9421,664.688,72.8621,11881.6,2685.8
2,0.249615,0.33125,1,167.536,-28.3683,678.74,74.3607,11881.6,2744.71
2,0.249615,0.33125,2,6546.72,-16.9392,678.74,74.3607,11881.6,2744.71
2,0.25542,0.338913,1,170.581,-28.3605,692.664,75.8381,11881.6,2802.86
2,0.25542,0.338913,2,6605.94,-16.9361,692.664,75.8381,11881.6,2802.86
2,0.261224,0.346575,1,173.681,-28.3528,706.404,77.2886,11881.6,2860.02
2,0.261224,0.346575,2,6665.71,-16.9331,706.404,77.2886,11881.6,2860.02
2,0.267029,0.354238,1,176.838,-28.35,719.916,78.7074,11881.6,2916.03
2,0.267029,0.354238,2,6726.01,-16.9301,719.916,78.7074,11881.6,2916.03
2,0.272834,0.3619,1,180.052,-28.3543,733.18,80.0947,11881.6,2970.79
2,0.272834,0.3619,2,6786.86,-16.9271,733.18,80.0947,11881.6,2970.79
2,0.278639,0.369563,1,183.324,-28.3632,746.161,81.4446,11881.6,3024.2
2,0.278639,0.369563,2,6848.26,-16.9236,746.161,81.4446,11881.6,3024.2
2,0.284444,0.377226,1,186.656,-28.3723,758.801,82.7532,11881.6,3076.02
2,0.284444,0.377226,2,6910.21,-16.9191,758.801,82.7532,11881.6,3076.02
2,0.290249,0.384888,1,190.049,-28.3705,771.085,84.0189,11881.6,3126.17
2,0.290249,0.384888,2,6910.21,-16.9141,771.085,84.0189,11881.6,3126.17
2,0.296054,0.392551,1,191.768,-28.3586,782.979,85.2379,11881.6,3174.53
2,0.296054,0.392551,2,6972.73,-16.9152,782.979,85.2379,11881.6,3174.53
2,0.301859,0.400213,1,195.254,-28.3766,794.432,86.4062,11881.6,3220.91
2,0.301859,0.400213,2,7035.81,-16.914,794.432,86.4062,11881.6,3220.91
2,0.307664,0.407876,1,197.02,-28.3621,805.446,87.5244,11881.6,3265.34
2,0.307664,0.407876,2,7099.46,-16.9088,805.446,87.5244,11881.6,3265.34
2,0.313469,0.415538,1,200.601,-28.3757,815.971,88.5889,11881.6,3307.68
2,0.313469,0.415538,2,7099.46,-16.9076,815.971,88.5889,11881.6,3307.68
2,0.319274,0.423201,1,202.416,-28.3808,825.987,89.5976,11881.6,3347.81
2,0.319274,0.423201,2,7163.69,-16.9072,825.987,89.5976,11881.6,3347.81
2,0.325079,0.430864,1,204.247,-28.376,835.471,90.5476,11881.6,3385.65
2,0.325079,0.430864,2,7163.69,-16.9006,835.471,90.5476,11881.6,3385.65
2,0.330884,0.438526,1,206.095,-28.3708,844.397,91.44,11881.6,3421.17
2,0.330884,0.438526,2,7228.5,-16.9037,844.397,91.44,11881.6,3421.17
2,0.336689,0.446189,1,207.96,-28.3701,852.752,92.2716,11881.6,3454.32
2,0.336689,0.446189,2,7228.5,-16.8969,852.752,92.2716,11881.6,3454.32
2,0.342494,0.453851,1,209.841,-28.3754,860.507,93.0396,11881.6,3484.96
2,0.342494,0.453851,2,7293.9,-16.9002,860.507,93.0396,11881.6,3484.96
2,0.348299,0.461514,1,211.739,-28.3836,867.647,93.7459,11881.6,3513.14
2,0.348299,0.461514,2,7293.9,-16.8968,867.647,93.7459,11881.6,3513.14
2,0.354104,0.469177,1,213.655,-28.3892,874.168,94.3886,11881.6,3538.77
2,0.354104,0.469177,2,7359.88,-16.8948,874.168,94.3886,11881.6,3538.77
2,0.359909,0.476839,1,215.588,-28.3821,880.039,94.9652,11881.6,3561.82
2,0.359909,0.476839,2,7359.88,-16.8965,880.039,94.9652,11881.6,3561.82
2,0.365714,0.484502,1,215.588,-28.3831,885.248,95.4757,11881.6,3582.2
2,0.365714,0.484502,2,7359.88,-16.8936,885.248,95.4757,11881.6,3582.2
2,0.371519,0.492164,1,217.538,-28.39,889.81,95.9223,11881.6,3600.04
2,0.371519,0.492164,2,7426.47,-16.8886,889.81,95.9223,11881.6,3600.04
2,0.377324,0.499827,1,217.538,-28.3859,893.691,96.301,11881.6,3615.18
2,0.377324,0.499827,2,7426.47,-16.8919,893.691,96.301,11881.6,3615.18
2,0.383129,0.50749,1,219.506,-28.3834,896.879,96.6123,11881.6,3627.59
2,0.383129,0.50749,2,7426.47,-16.8929,896.879,96.6123,11881.6,3627.59
2,0.388934,0.515152,1,219.506,-28.394,899.375,96.8549,11881.6,3637.3
2,0.388934,0.515152,2,7426.47,-16.8926,899.375,96.8549,11881.6,3637.3
2,0.394739,0.522815,1,219.506,-28.3928,901.182,97.0304,11881.6,3644.33
2,0.394739,0.522815,2,7426.47,-16.8918,901.182,97.0304,11881.6,3644.33
2,0.400544,0.530477,1,219.506,-28.3883,902.295,97.1386,11881.6,3648.66
2,0.400544,0.530477,2,7426.47,-16.8911,902.295,97.1386,11881.6,3648.66
2,0.406349,0.53814,1,219.506,-28.386,902.718,97.1793,11881.6,3650.31
2,0.406349,0.53814,2,7426.47,-16.8908,902.718,97.1793,11881.6,3650.31
2,0.412154,0.545803,1,219.506,-28.3859,902.714,97.1789,11881.6,3650.29
2,0.412154,0.545803,2,7426.47,-16.8908,902.714,97.1789,11881.6,3650.29
2,0.417959,0.553465,1,219.506,-28.3867,902.555,97.1645,11881.6,3649.67
2,0.417959,0.553465,2,7426.47,-16.8909,902.555,97.1645,11881.6,3649.67
2,0.423764,0.561128,1,219.506,-28.3887,902.201,97.1293,11881.6,3648.29
2,0.423764,0.561128,2,7426.47,-16.8912,902.201,97.1293,11881.6,3648.29
2,0.429569,0.56879,1,219.506,-28.3914,901.605,97.0716,11881.6,3645.98
2,0.429569,0.56879,2,7426.47,-16.8916,901.605,97.0716,11881.6,3645.98
2,0.435374,0.576453,1,219.506,-28.394,900.73,96.9868,11881.6,3642.57
2,0.435374,0.576453,2,7426.47,-16.8921,900.73,96.9868,11881.6,3642.57
2,0.441179,0.584116,1,219.506,-28.3945,899.544,96.8705,11881.6,3637.95
2,0.441179,0.584116,2,7426.47,-16.8926,899.544,96.8705,11881.6,3637.95
2,0.446984,0.591778,1,219.506,-28.3901,898.022,96.7225,11881.6,3632.03
2,0.446984,0.591778,2,7426.47,-16.8929,898.022,96.7225,11881.6,3632.03
2,0.452789,0.599441,1,219.506,-28.3772,896.141,96.5402,11881.6,3624.72
2,0.452789,0.599441,2,7426.47,-16.8928,896.141,96.5402,11881.6,3624.72
2,0.458594,0.607103,1,217.538,-28.3848,893.88,96.3188,11881.6,3615.91
2,0.458594,0.607103,2,7426.47,-16.892,893.88,96.3188,11881.6,3615.91
2,0.464399,0.614766,1,217.538,-28.3929,891.219,96.0601,11881.6,3605.54
2,0.464399,0.614766,2,7426.47,-16.89,891.219,96.0601,11881.6,3605.54
2,0.470204,0.622429,1,217.538,-28.3806,888.151,95.7603,11881.6,3593.55
2,0.470204,0.622429,2,7359.88,-16.8902,888.151,95.7603,11881.6,3593.55
2,0.476009,0.630091,1,215.588,-28.3865,884.671,95.4189,11881.6,3579.94
2,0.476009,0.630091,2,7359.88,-16.8941,884.671,95.4189,11881.6,3579.94
2,0.481814,0.637754,1,215.588,-28.3859,880.769,95.0369,11881.6,3564.68
2,0.481814,0.637754,2,7359.88,-16.8963,880.769,95.0369,11881.6,3564.68
2,0.487619,0.645416,1,213.655,-28.3835,876.425,94.6103,11881.6,3547.64
2,0.487619,0.645416,2,7359.88,-16.8961,876.425,94.6103,11881.6,3547.64
2,0.493424,0.653079,1,213.655,-28.3806,871.649,94.1401,11881.6,3528.88
2,0.493424,0.653079,2,7359.88,-16.8924,871.649,94.1401,11881.6,3528.88
2,0.499229,0.660742,1,211.739,-28.3873,866.442,93.6272,11881.6,3508.39
2,0.499229,0.660742,2,7293.9,-16.8979,866.442,93.6272,11881.6,3508.39
2,0.505034,0.668404,1,209.841,-28.3731,860.785,93.0672,11881.6,3486.06
2,0.505034,0.668404,2,7293.9,-16.9002,860.785,93.0672,11881.6,3486.06
2,0.510839,0.676067,1,209.841,-28.3746,854.703,92.4653,11881.6,3462.04
2,0.510839,0.676067,2,7293.9,-16.897,854.703,92.4653,11881.6,3462.04
2,0.516644,0.683729,1,207.96,-28.3826,848.183,91.8164,11881.6,3436.19
2,0.516644,0.683729,2,7228.5,-16.902,848.183,91.8164,11881.6,3436.19
2,0.522449,0.691392,1,206.095,-28.3831,841.237,91.1252,11881.6,3408.63
2,0.522449,0.691392,2,7228.5,-16.9033,841.237,91.1252,11881.6,3408.63
2,0.528254,0.699054,1,204.247,-28.3817,833.871,90.3878,11881.6,3379.26
2,0.528254,0.699054,2,7163.69,-16.9028,833.871,90.3878,11881.6,3379.26
2,0.534059,0.706717,1,202.416,-28.3802,826.096,89.609,11881.6,3348.24
2,0.534059,0.706717,2,7163.69,-16.9072,826.096,89.609,11881.6,3348.24
2,0.539864,0.71438,1,200.601,-28.3797,817.921,88.7854,11881.6,3315.49
2,0.539864,0.71438,2,7099.46,-16.9053,817.921,88.7854,11881.6,3315.49
2,0.545669,0.722042,1,198.803,-28.378,809.354,87.9208,11881.6,3281.09
2,0.545669,0.722042,2,7099.46,-16.9106,809.354,87.9208,11881.6,3281.09
2,0.551474,0.729705,1,197.02,-28.3724,800.42,87.0152,11881.6,3245.11
2,0.551474,0.729705,2,7035.81,-16.9102,800.42,87.0152,11881.6,3245.11
2,0.557279,0.737367,1,195.254,-28.3566,791.117,86.0683,11881.6,3207.48
2,0.557279,0.737367,2,7035.81,-16.9134,791.117,86.0683,11881.6,3207.48
2,0.563084,0.74503,1,191.768,-28.3705,781.483,85.0842,11881.6,3168.45
2,0.563084,0.74503,2,6972.73,-16.9164,781.483,85.0842,11881.6,3168.45
2,0.568889,0.752693,1,190.049,-28.3724,771.518,84.0638,11881.6,3127.93
2,0.568889,0.752693,2,6910.21,-16.9134,771.518,84.0638,11881.6,3127.93
2,0.574694,0.760355,1,186.656,-28.3557,761.247,83.0059,11881.6,3086
2,0.574694,0.760355,2,6910.21,-16.9204,761.247,83.0059,11881.6,3086
2,0.580499,0.768018,1,184.983,-28.3721,750.698,81.9152,11881.6,3042.83
2,0.580499,0.768018,2,6848.26,-16.9231,750.698,81.9152,11881.6,3042.83
2,0.586304,0.77568,1,181.681,-28.3567,739.884,80.7933,11881.6,2998.43
2,0.586304,0.77568,2,6786.86,-16.9226,739.884,80.7933,11881.6,2998.43
2,0.592109,0.783343,1,180.052,-28.3673,728.834,79.6411,11881.6,2952.89
2,0.592109,0.783343,2,6786.86,-16.925,728.834,79.6411,11881.6,2952.89
2,0.597914,0.791006,1,176.838,-28.3685,717.561,78.4612,11881.6,2906.26
2,0.597914,0.791006,2,6726.01,-16.9299,717.561,78.4612,11881.6,2906.26
2,0.603719,0.798668,1,173.681,-28.3558,706.107,77.2582,11881.6,2858.79
2,0.603719,0.798668,2,6665.71,-16.9332,706.107,77.2582,11881.6,2858.79
2,0.609524,0.806331,1,172.124,-28.3564,694.487,76.0309,11881.6,2810.46
2,0.609524,0.806331,2,6605.94,-16.9353,694.487,76.0309,11881.6,2810.46
2,0.615329,0.813993,1,169.051,-28.3649,682.725,74.7835,11881.6,2761.35
2,0.615329,0.813993,2,6546.72,-16.9371,682.725,74.7835,11881.6,2761.35
2,0.621134,0.821656,1,166.033,-28.3684,670.857,73.5203,11881.6,2711.66
2,0.621134,0.821656,2,6488.02,-16.9387,670.857,73.5203,11881.6,2711.66
2,0.626939,0.829319,1,163.07,-28.3693,658.911,72.2446,11881.6,2661.54
2,0.626939,0.829319,2,6429.85,-16.9405,658.911,72.2446,11881.6,2661.54
2,0.632744,0.836981,1,160.159,-28.3703,646.905,70.9556,11881.6,2610.99
2,0.632744,0.836981,2,6372.2,-16.9427,646.905,70.9556,11881.6,2610.99
2,0.638549,0.844644,1,157.3,-28.37,634.872,69.6584,11881.6,2560.17
2,0.638549,0.844644,2,6315.07,-16.9454,634.872,69.6584,11881.6,2560.17
2,0.644354,0.852306,1,154.492,-28.3678,622.84,68.3572,11881.6,2509.25
2,0.644354,0.852306,2,6258.45,-16.9484,622.84,68.3572,11881.6,2509.25
2,0.650159,0.859969,1,151.734,-28.3628,610.842,67.0546,11881.6,2458.37
2,0.650159,0.859969,2,6202.34,-16.9518,610.842,67.0546,11881.6,2458.37
2,0.655964,0.867632,1,147.689,-28.355,598.896,65.7526,11881.6,2407.55
2,0.655964,0.867632,2,6146.73,-16.9554,598.896,65.7526,11881.6,2407.55
2,0.661769,0.875294,1,145.053,-28.3699,587.033,64.4543,11881.6,2356.97
2,0.661769,0.875294,2,6091.62,-16.959,587.033,64.4543,11881.6,2356.97
2,0.667574,0.882957,1,142.463,-28.3779,575.294,63.1667,11881.6,2306.88
2,0.667574,0.882957,2,6037,-16.9626,575.294,63.1667,11881.6,2306.88
2,0.673379,0.890619,1,139.92,-28.3763,563.679,61.8865,11881.6,2257.16
2,0.673379,0.890619,2,5982.88,-16.966,563.679,61.8865,11881.6,2257.16
2,0.679184,0.898282,1,137.422,-28.3623,552.237,60.6218,11881.6,2208.12
2,0.679184,0.898282,2,5929.24,-16.9691,552.237,60.6218,11881.6,2208.12
2,0.684989,0.905945,1,133.759,-28.38,540.983,59.3754,11881.6,2159.85
2,0.684989,0.905945,2,5876.08,-16.9717,540.983,59.3754,11881.6,2159.85
2,0.690794,0.913607,1,131.371,-28.3872,529.937,58.1466,11881.6,2112.3
2,0.690794,0.913607,2,5823.39,-16.9738,529.937,58.1466,11881.6,2112.3
2,0.696599,0.92127,1,129.026,-28.3786,519.139,56.9449,11881.6,2065.91
2,0.696599,0.92127,2,5771.18,-16.9755,519.139,56.9449,11881.6,2065.91
2,0.702404,0.928932,1,125.587,-28.383,508.594,55.7654,11881.6,2020.45
2,0.702404,0.928932,2,5719.44,-16.9767,508.594,55.7654,11881.6,2020.45
2,0.708209,0.936595,1,123.345,-28.3963,498.33,54.616,11881.6,1976.22
2,0.708209,0.936595,2,5617.34,-16.9802,498.33,54.616,11881.6,1976.22
2,0.714014,0.944257,1,121.143,-28.3961,488.371,53.498,11881.6,1933.24
2,0.714014,0.944257,2,5566.98,-16.984,488.371,53.498,11881.6,1933.24
2,0.719819,0.95192,1,118.981,-28.3856,478.725,52.4126,11881.6,1891.61
2,0.719819,0.95192,2,5517.06,-16.9872,478.725,52.4126,11881.6,1891.61
2,0.725624,0.959583,1,115.809,-28.3953,469.425,51.3641,11881.6,1851.43
2,0.725624,0.959583,2,5467.6,-16.99,469.425,51.3641,11881.6,1851.43
2,0.731429,0.967245,1,113.742,-28.4067,460.472,50.354,11881.6,1812.77
2,0.731429,0.967245,2,5418.58,-16.9924,460.472,50.354,11881.6,1812.77
2,0.737234,0.974908,1,111.711,-28.413,451.889,49.3816,11881.6,1775.63
2,0.737234,0.974908,2,5370,-16.9947,451.889,49.3816,11881.6,1775.63
2,0.743039,0.98257,1,109.717,-28.4168,443.704,48.4561,11881.6,1740.33
2,0.743039,0.98257,2,5321.85,-16.9969,443.704,48.4561,11881.6,1740.33
2,0.748844,0.990233,1,107.758,-28.4207,435.89,47.5678,11881.6,1706.5
2,0.748844,0.990233,2,5274.14,-16.999,435.89,47.5678,11881.6,1706.5
2,0.754649,0.997896,1,105.835,-28.4232,428.514,46.7314,11881.6,1674.68
2,0.754649,0.997896,2,5226.85,-17.001,428.514,46.7314,11881.6,1674.68
2,0.760454,0.00555825,1,103.946,-28.4245,421.55,45.9397,11881.6,1644.62
2,0.760454,0.00555825,2,5179.99,-17.0028,421.55,45.9397,11881.6,1644.62
2,0.766259,0.0132208,1,102.09,-28.4161,414.997,45.1923,11881.6,1616.24
2,0.766259,0.0132208,2,5133.54,-17.0042,414.997,45.1923,11881.6,1616.24
2,0.772063,0.0208834,1,101.175,-28.4263,408.909,44.5001,11881.6,1590.01
2,0.772063,0.0208834,2,5087.52,-17.0049,408.909,44.5001,11881.6,1590.01
2,0.777868,0.028546,1,99.3686,-28.4347,403.273,43.8581,11881.6,1565.73
2,0.777868,0.028546,2,5087.52,-17.0057,403.273,43.8581,11881.6,1565.73
2,0.783673,0.0362086,1,98.4777,-28.4294,398.08,43.2654,11881.6,1543.29
2,0.783673,0.0362086,2,5041.9,-17.009,398.08,43.2654,11881.6,1543.29
2,0.789478,0.0438712,1,96.7197,-28.4352,393.334,42.7216,11881.6,1522.75
2,0.789478,0.0438712,2,4996.7,-17.0104,393.334,42.7216,11881.6,1522.75
2,0.795283,0.0515338,1,95.8525,-28.4441,389.077,42.2372,11881.6,1504.46
2,0.795283,0.0515338,2,4996.7,-17.0093,389.077,42.2372,11881.6,1504.46
2,0.801088,0.0591964,1,94.9932,-28.4463,385.303,41.8066,11881.6,1488.24
2,0.801088,0.0591964,2,4951.9,-17.0129,385.303,41.8066,11881.6,1488.24
2,0.806893,0.066859,1,94.1415,-28.4486,382.007,41.4296,11881.6,1474.05
2,0.806893,0.066859,2,4907.5,-17.0113,382.007,41.4296,11881.6,1474.05
2,0.812698,0.0745216,1,93.2974,-28.4489,379.19,41.1085,11881.6,1461.92
2,0.812698,0.0745216,2,4907.5,-17.0145,379.19,41.1085,11881.6,1461.92
2,0.818503,0.0821842,1,92.4609,-28.4383,376.859,40.8405,11881.6,1451.86
2,0.818503,0.0821842,2,4907.5,-17.0143,376.859,40.8405,11881.6,1451.86
2,0.824308,0.0898468,1,92.4609,-28.4505,375.016,40.6301,11881.6,1443.9
2,0.824308,0.0898468,2,4863.5,-17.0139,375.016,40.6301,11881.6,1443.9
2,0.830113,0.0975094,1,91.632,-28.4384,373.668,40.4748,11881.6,1438.07
2,0.830113,0.0975094,2,4863.5,-17.0156,373.668,40.4748,11881.6,1438.07
2,0.835918,0.105172,1,91.632,-28.4525,372.864,40.3827,11881.6,1434.59
2,0.835918,0.105172,2,4863.5,-17.0163,372.864,40.3827,11881.6,1434.59
2,0.841723,0.112835,1,91.632,-28.4491,373.111,40.4104,11881.6,1435.66
2,0.841723,0.112835,2,4863.5,-17.0161,373.111,40.4104,11881.6,1435.66
2,0.847528,0.120497,1,92.4609,-28.4526,375.361,40.6692,11881.6,1445.39
2,0.847528,0.120497,2,4863.5,-17.0133,375.361,40.6692,11881.6,1445.39
2,0.853333,0.12816,1,93.2974,-28.4515,378.906,41.0753,11881.6,1460.69
2,0.853333,0.12816,2,4907.5,-17.0147,378.906,41.0753,11881.6,1460.69
2,0.859138,0.135822,1,94.1415,-28.4341,383.477,41.5983,11881.6,1480.38
2,0.859138,0.135822,2,4951.9,-17.0124,383.477,41.5983,11881.6,1480.38
2,0.864943,0.143485,1,95.8525,-28.4447,388.998,42.2283,11881.6,1504.12
2,0.864943,0.143485,2,4996.7,-17.0092,388.998,42.2283,11881.6,1504.12
2,0.870748,0.151148,1,97.5947,-28.4401,395.344,42.9523,11881.6,1531.46
2,0.870748,0.151148,2,4996.7,-17.0079,395.344,42.9523,11881.6,1531.46
2,0.876553,0.15881,1,99.3686,-28.4362,402.441,43.7626,11881.6,1562.13
2,0.876553,0.15881,2,5041.9,-17.0058,402.441,43.7626,11881.6,1562.13
2,0.882358,0.166473,1,101.175,-28.4319,410.277,44.6559,11881.6,1595.89
2,0.882358,0.166473,2,5133.54,-17.0035,410.277,44.6559,11881.6,1595.89
2,0.888163,0.174135,1,103.014,-28.4122,418.757,45.6213,11881.6,1632.53
2,0.888163,0.174135,2,5179.99,-17.0025,418.757,45.6213,11881.6,1632.53
2,0.893968,0.181798,1,105.835,-28.4226,427.867,46.6572,11881.6,1671.89
2,0.893968,0.181798,2,5226.85,-17.0011,427.867,46.6572,11881.6,1671.89
2,0.899773,0.189461,1,107.758,-28.4047,437.549,47.7565,11881.6,1713.7
2,0.899773,0.189461,2,5274.14,-16.9982,437.549,47.7565,11881.6,1713.7
2,0.905578,0.197123,1,110.71,-28.415,447.783,48.9178,11881.6,1757.95
2,0.905578,0.197123,2,5321.85,-16.993,447.783,48.9178,11881.6,1757.95
2,0.911383,0.204786,1,113.742,-28.4027,458.518,50.1328,11881.6,1804.32
2,0.911383,0.204786,2,5418.58,-16.9924,458.518,50.1328,11881.6,1804.32
2,0.917188,0.212448,1,115.809,-28.39,469.743,51.3999,11881.6,1852.8
2,0.917188,0.212448,2,5467.6,-16.9898,469.743,51.3999,11881.6,1852.8
2,0.922993,0.220111,1,118.981,-28.399,481.396,52.7136,11881.6,1903.15
2,0.922993,0.220111,2,5517.06,-16.9836,481.396,52.7136,11881.6,1903.15
2,0.928798,0.227773,1,122.239,-28.398,493.474,54.0705,11881.6,1955.21
2,0.928798,0.227773,2,5617.34,-16.9836,493.474,54.0705,11881.6,1955.21
2,0.934603,0.235436,1,125.587,-28.3886,505.926,55.4677,11881.6,2008.98
2,0.934603,0.235436,2,5668.16,-16.9798,505.926,55.4677,11881.6,2008.98
2,0.940408,0.243099,1,129.026,-28.3724,518.72,56.8977,11881.6,2064.1
2,0.940408,0.243099,2,5771.18,-16.9752,518.72,56.8977,11881.6,2064.1
2,0.946213,0.250761,1,131.371,-28.3777,531.83,58.3575,11881.6,2120.45
2,0.946213,0.250761,2,5823.39,-16.9741,531.83,58.3575,11881.6,2120.45
2,0.952018,0.258424,1,134.969,-28.3835,545.208,59.8433,11881.6,2177.96
2,0.952018,0.258424,2,5876.08,-16.9692,545.208,59.8433,11881.6,2177.96
2,0.957823,0.266086,1,138.666,-28.3788,558.827,61.3514,11881.6,2236.4
2,0.957823,0.266086,2,5982.88,-16.9656,558.827,61.3514,11881.6,2236.4
2,0.963628,0.273749,1,142.463,-28.3597,572.653,62.8759,11881.6,2295.58
2,0.963628,0.273749,2,6037,-16.9641,572.653,62.8759,11881.6,2295.58
2,0.969433,0.281412,1,145.053,-28.3735,586.624,64.4087,11881.6,2355.22
2,0.969433,0.281412,2,6091.62,-16.9595,586.624,64.4087,11881.6,2355.22
2,0.975238,0.289074,1,149.025,-28.3718,600.721,65.9511,11881.6,2415.3
2,0.975238,0.289074,2,6202.34,-16.9536,600.721,65.9511,11881.6,2415.3
2,0.981043,0.296737,1,151.734,-28.3608,614.918,67.4976,11881.6,2475.67
2,0.981043,0.296737,2,6258.45,-16.9531,614.918,67.4976,11881.6,2475.67
2,0.986848,0.304399,1,155.889,-28.3709,629.149,69.0403,11881.6,2535.99
2,0.986848,0.304399,2,6315.07,-16.9507,629.149,69.0403,11881.6,2535.99
2,0.992653,0.312062,1,158.723,-28.3622,643.373,70.5753,11881.6,2596.1
2,0.992653,0.312062,2,6372.2,-16.9469,643.373,70.5753,11881.6,2596.1
2,0.998458,0.319725,1,163.07,-28.3617,657.556,72.0996,11881.6,2655.84
2,0.998458,0.319725,2,6429.85,-16.9423,657.556,72.0996,11881.6,2655.84
2,1.00426,0.327387,1,166.033,-28.3703,671.674,73.6073,11881.6,2715.09
2,1.00426,0.327387,2,6488.02,-16.9376,671.674,73.6073,11881.6,2715.09
2,1.01007,0.33505,1,169.051,-28.3654,685.664,75.0947,11881.6,2773.6
2,1.01007,0.33505,2,6546.72,-16.9331,685.664,75.0947,11881.6,2773.6
2,1.01587,0.342712,1,172.124,-28.3566,699.493,76.5604,11881.6,2831.28
2,1.01587,0.342712,2,6665.71,-16.9298,699.493,76.5604,11881.6,2831.28
2,1.02168,0.350375,1,175.252,-28.3512,713.136,77.9967,11881.6,2887.96
2,1.02168,0.350375,2,6726.01,-16.9265,713.136,77.9967,11881.6,2887.96
2,1.02748,0.358038,1,178.438,-28.352,726.538,79.4016,11881.6,2943.42
2,1.02748,0.358038,2,6726.01,-16.9243,726.538,79.4016,11881.6,2943.42
2,1.03329,0.3657,1,181.681,-28.359,739.657,80.7696,11881.6,2997.49
2,1.03329,0.3657,2,6786.86,-16.9229,739.657,80.7696,11881.6,2997.49
2,1.03909,0.373363,1,184.983,-28.3686,752.47,82.0989,11881.6,3050.1
2,1.03909,0.373363,2,6848.26,-16.9218,752.47,82.0989,11881.6,3050.1
2,1.0449,0.381025,1,188.345,-28.3732,764.944,83.3861,11881.6,3101.1
2,1.0449,0.381025,2,6910.21,-16.9202,764.944,83.3861,11881.6,3101.1
2,1.0507,0.388688,1,191.768,-28.3621,777.027,84.6278,11881.6,3150.32
2,1.0507,0.388688,2,6972.73,-16.9173,777.027,84.6278,11881.6,3150.32
2,1.05651,0.396351,1,193.503,-28.372,788.714,85.8239,11881.6,3197.77
2,1.05651,0.396351,2,7035.81,-16.9116,788.714,85.8239,11881.6,3197.77
2,1.06231,0.404013,1,197.02,-28.3693,799.959,86.9687,11881.6,3243.24
2,1.06231,0.404013,2,7035.81,-16.9107,799.959,86.9687,11881.6,3243.24
2,1.06812,0.411676,1,198.803,-28.3774,810.723,88.0593,11881.6,3286.6
2,1.06812,0.411676,2,7099.46,-16.9106,810.723,88.0593,11881.6,3286.6
2,1.07392,0.419338,1,200.601,-28.363,821.005,89.0955,11881.6,3327.84
2,1.07392,0.419338,2,7163.69,-16.9046,821.005,89.0955,11881.6,3327.84
2,1.07973,0.427001,1,204.247,-28.3725,830.753,90.0764,11881.6,3366.84
2,1.07973,0.427001,2,7163.69,-16.9058,830.753,90.0764,11881.6,3366.84
2,1.08553,0.434664,1,206.095,-28.3806,839.975,90.998,11881.6,3403.6
2,1.08553,0.434664,2,7228.5,-16.9027,839.975,90.998,11881.6,3403.6
2,1.09134,0.442326,1,207.96,-28.3839,848.607,91.8583,11881.6,3437.88
2,1.09134,0.442326,2,7228.5,-16.9017,848.607,91.8583,11881.6,3437.88
2,1.09714,0.449989,1,209.841,-28.3846,856.677,92.6611,11881.6,3469.85
2,1.09714,0.449989,2,7293.9,-16.8987,856.677,92.6611,11881.6,3469.85
2,1.10295,0.457651,1,211.739,-28.3835,864.122,93.3974,11881.6,3499.25
2,1.10295,0.457651,2,7293.9,-16.8994,864.122,93.3974,11881.6,3499.25
2,1.10875,0.465314,1,213.655,-28.3755,870.961,94.0727,11881.6,3526.17
2,1.10875,0.465314,2,7293.9,-16.8924,870.961,94.0727,11881.6,3526.17
2,1.11456,0.472977,1,213.655,-28.379,877.163,94.6828,11881.6,3550.54
2,1.11456,0.472977,2,7359.88,-16.8963,877.163,94.6828,11881.6,3550.54
2,1.12036,0.480639,1,215.588,-28.391,882.702,95.2264,11881.6,3572.25
2,1.12036,0.480639,2,7359.88,-16.8955,882.702,95.2264,11881.6,3572.25
2,1.12617,0.488302,1,217.538,-28.3764,887.595,95.7047,11881.6,3591.37
2,1.12617,0.488302,2,7359.88,-16.8909,887.595,95.7047,11881.6,3591.37
2,1.13197,0.495964,1,217.538,-28.3921,891.822,96.1186,11881.6,3607.89
2,1.13197,0.495964,2,7426.47,-16.8906,891.822,96.1186,11881.6,3607.89
2,1.13778,0.503627,1,217.538,-28.3732,895.358,96.4634,11881.6,3621.68
2,1.13778,0.503627,2,7426.47,-16.8926,895.358,96.4634,11881.6,3621.68
2,1.14358,0.511289,1,219.506,-28.3906,898.205,96.7412,11881.6,3632.74
2,1.14358,0.511289,2,7426.47,-16.8929,898.205,96.7412,11881.6,3632.74
2,1.14939,0.518952,1,219.506,-28.3943,900.359,96.9499,11881.6,3641.12
2,1.14939,0.518952,2,7426.47,-16.8923,900.359,96.9499,11881.6,3641.12
2,1.15519,0.526615,1,219.506,-28.3907,901.821,97.0924,11881.6,3646.81
2,1.15519,0.526615,2,7426.47,-16.8915,901.821,97.0924,11881.6,3646.81
2,1.161,0.534277,1,219.506,-28.3865,902.589,97.1679,11881.6,3649.8
2,1.161,0.534277,2,7426.47,-16.8909,902.589,97.1679,11881.6,3649.8
2,1.1668,0.54194,1,219.506,-28.3856,902.737,97.181,11881.6,3650.38
2,1.1668,0.54194,2,7426.47,-16.8908,902.737,97.181,11881.6,3650.38
2,1.17261,0.549602,1,219.506,-28.386,902.657,97.1746,11881.6,3650.06
2,1.17261,0.549602,2,7426.47,-16.8909,902.657,97.1746,11881.6,3650.06
2,1.17841,0.557265,1,219.506,-28.3877,902.407,97.1496,11881.6,3649.09
2,1.17841,0.557265,2,7426.47,-16.891,902.407,97.1496,11881.6,3649.09
2,1.18422,0.564928,1,219.506,-28.3898,901.938,97.1042,11881.6,3647.27
2,1.18422,0.564928,2,7426.47,-16.8914,901.938,97.1042,11881.6,3647.27
2,1.19002,0.57259,1,219.506,-28.3925,901.208,97.0334,11881.6,3644.43
2,1.19002,0.57259,2,7426.47,-16.8918,901.208,97.0334,11881.6,3644.43
2,1.19583,0.580253,1,219.506,-28.3944,900.182,96.9329,11881.6,3640.44
2,1.19583,0.580253,2,7426.47,-16.8923,900.182,96.9329,11881.6,3640.44
2,1.20163,0.587915,1,219.506,-28.3931,898.832,96.8018,11881.6,3635.18
2,1.20163,0.587915,2,7426.47,-16.8927,898.832,96.8018,11881.6,3635.18
2,1.20744,0.595578,1,219.506,-28.3849,897.135,96.6364,11881.6,3628.59
2,1.20744,0.595578,2,7426.47,-16.8929,897.135,96.6364,11881.6,3628.59
2,1.21324,0.603241,1,217.538,-28.376,895.068,96.4354,11881.6,3620.54
2,1.21324,0.603241,2,7426.47,-16.8925,895.068,96.4354,11881.6,3620.54
2,1.21905,0.610903,1,217.538,-28.3906,892.611,96.195,11881.6,3610.97
2,1.21905,0.610903,2,7426.47,-16.8912,892.611,96.195,11881.6,3610.97
2,1.22485,0.618566,1,217.538,-28.3897,889.748,95.9159,11881.6,3599.79
2,1.22485,0.618566,2,7426.47,-16.8885,889.748,95.9159,11881.6,3599.79
2,1.23066,0.626228,1,215.588,-28.3741,886.476,95.5957,11881.6,3586.99
2,1.23066,0.626228,2,7359.88,-16.8923,886.476,95.5957,11881.6,3586.99
2,1.23646,0.633891,1,215.588,-28.3908,882.79,95.2349,11881.6,3572.59
2,1.23646,0.633891,2,7359.88,-16.8955,882.79,95.2349,11881.6,3572.59
2,1.24227,0.641554,1,215.588,-28.3706,878.67,94.8308,11881.6,3556.45
2,1.24227,0.641554,2,7359.88,-16.8966,878.67,94.8308,11881.6,3556.45
2,1.24807,0.649216,1,213.655,-28.3892,874.109,94.3822,11881.6,3538.53
2,1.24807,0.649216,2,7359.88,-16.8947,874.109,94.3822,11881.6,3538.53
2,1.25388,0.656879,1,211.739,-28.3747,869.122,93.8909,11881.6,3518.95
2,1.25388,0.656879,2,7293.9,-16.895,869.122,93.8909,11881.6,3518.95
2,1.25968,0.664541,1,211.739,-28.3813,863.693,93.3554,11881.6,3497.55
2,1.25968,0.664541,2,7293.9,-16.8997,863.693,93.3554,11881.6,3497.55
2,1.26549,0.672204,1,209.841,-28.386,857.823,92.7739,11881.6,3474.37
2,1.26549,0.672204,2,7293.9,-16.8994,857.823,92.7739,11881.6,3474.37
2,1.27129,0.679867,1,207.96,-28.3788,851.526,92.1495,11881.6,3449.46
2,1.27129,0.679867,2,7228.5,-16.8986,851.526,92.1495,11881.6,3449.46
2,1.2771,0.687529,1,206.095,-28.3672,844.79,91.4786,11881.6,3422.73
2,1.2771,0.687529,2,7228.5,-16.9036,844.79,91.4786,11881.6,3422.73
2,1.2829,0.695192,1,206.095,-28.364,837.638,90.7654,11881.6,3394.3
2,1.2829,0.695192,2,7228.5,-16.9008,837.638,90.7654,11881.6,3394.3
2,1.28871,0.702854,1,204.247,-28.3667,830.067,90.0073,11881.6,3364.1
2,1.28871,0.702854,2,7163.69,-16.9062,830.067,90.0073,11881.6,3364.1
2,1.29451,0.710517,1,202.416,-28.3646,822.091,89.2057,11881.6,3332.2
2,1.29451,0.710517,2,7163.69,-16.9055,822.091,89.2057,11881.6,3332.2
2,1.30032,0.71818,1,200.601,-28.3572,813.722,88.3622,11881.6,3298.65
2,1.30032,0.71818,2,7099.46,-16.9095,813.722,88.3622,11881.6,3298.65
2,1.30612,0.725842,1,197.02,-28.3663,804.967,87.4761,11881.6,3263.42
2,1.30612,0.725842,2,7099.46,-16.9084,804.967,87.4761,11881.6,3263.42
2,1.31193,0.733505,1,195.254,-28.3746,795.85,86.5502,11881.6,3226.65
2,1.31193,0.733505,2,7035.81,-16.9137,795.85,86.5502,11881.6,3226.65
2,1.31773,0.741167,1,193.503,-28.3747,786.384,85.586,11881.6,3188.34
2,1.31773,0.741167,2,6972.73,-16.9111,786.384,85.586,11881.6,3188.34
2,1.32354,0.74883,1,191.768,-28.3579,776.575,84.5825,11881.6,3148.49
2,1.32354,0.74883,2,6972.73,-16.9172,776.575,84.5825,11881.6,3148.49
2,1.32934,0.756492,1,188.345,-28.3711,766.463,83.5431,11881.6,3107.32
2,1.32934,0.756492,2,6910.21,-16.9194,766.463,83.5431,11881.6,3107.32
2,1.33515,0.764155,1,186.656,-28.3656,756.052,82.4692,11881.6,3064.77
2,1.33515,0.764155,2,6848.26,-16.9173,756.052,82.4692,11881.6,3064.77
2,1.34095,0.771818,1,183.324,-28.3682,745.367,81.3633,11881.6,3020.95
2,1.34095,0.771818,2,6848.26,-16.9233,745.367,81.3633,11881.6,3020.95
2,1.34676,0.77948,1,181.681,-28.3584,734.43,80.225,11881.6,2975.95
2,1.34676,0.77948,2,6786.86,-16.9269,734.43,80.225,11881.6,2975.95
2,1.35256,0.787143,1,178.438,-28.3704,723.269,79.0602,11881.6,2929.91
2,1.35256,0.787143,2,6726.01,-16.9283,723.269,79.0602,11881.6,2929.91
2,1.35837,0.794805,1,175.252,-28.3633,711.908,77.8681,11881.6,2882.87
2,1.35837,0.794805,2,6665.71,-16.9283,711.908,77.8681,11881.6,2882.87
2,1.36417,0.802468,1,173.681,-28.3489,700.361,76.6509,11881.6,2834.88
2,1.36417,0.802468,2,6665.71,-16.9307,700.361,76.6509,11881.6,2834.88
2,1.36998,0.810131,1,170.581,-28.3624,688.667,75.4139,11881.6,2786.17
2,1.36998,0.810131,2,6605.94,-16.9353,688.667,75.4139,11881.6,2786.17
2,1.37578,0.817793,1,167.536,-28.3675,676.857,74.1603,11881.6,2736.82
2,1.37578,0.817793,2,6546.72,-16.939,676.857,74.1603,11881.6,2736.82
2,1.38159,0.825456,1,164.545,-28.3695,664.942,72.8892,11881.6,2686.87
2,1.38159,0.825456,2,6488.02,-16.9422,664.942,72.8892,11881.6,2686.87
2,1.38739,0.833118,1,161.608,-28.3703,652.959,71.6055,11881.6,2636.45
2,1.38739,0.833118,2,6429.85,-16.9451,652.959,71.6055,11881.6,2636.45
2,1.3932,0.840781,1,158.723,-28.3702,640.94,70.3133,11881.6,2585.82
2,1.3932,0.840781,2,6372.2,-16.9479,640.94,70.3133,11881.6,2585.82
2,1.399,0.848444,1,155.889,-28.37,628.906,69.0137,11881.6,2534.96
2,1.399,0.848444,2,6315.07,-16.9507,628.906,69.0137,11881.6,2534.96
2,1.40481,0.856106,1,153.106,-28.366,616.885,67.7118,11881.6,2484
2,1.40481,0.856106,2,6258.45,-16.9535,616.885,67.7118,11881.6,2484
2,1.41061,0.863769,1,150.373,-28.3583,604.905,66.4076,11881.6,2433.1
2,1.41061,0.863769,2,6202.34,-16.9562,604.905,66.4076,11881.6,2433.1
2,1.41642,0.871431,1,146.365,-28.3624,593.006,65.1095,11881.6,2382.48
2,1.41642,0.871431,2,6146.73,-16.9588,593.006,65.1095,11881.6,2382.48
2,1.42222,0.879094,1,143.752,-28.3751,581.195,63.8147,11881.6,2332.07
2,1.42222,0.879094,2,6091.62,-16.9611,581.195,63.8147,11881.6,2332.07
2,1.42803,0.886757,1,141.186,-28.379,569.512,62.5297,11881.6,2282.11
2,1.42803,0.886757,2,6037,-16.9632,569.512,62.5297,11881.6,2282.11
2,1.43383,0.894419,1,138.666,-28.3712,557.987,61.2594,11881.6,2232.8
2,1.43383,0.894419,2,5982.88,-16.9648,557.987,61.2594,11881.6,2232.8
2,1.43964,0.902082,1,134.969,-28.3711,546.626,60.0011,11881.6,2184.04
2,1.43964,0.902082,2,5876.08,-16.9671,546.626,60.0011,11881.6,2184.04
2,1.44544,0.909744,1,132.56,-28.3854,535.481,58.7641,11881.6,2136.19
2,1.44544,0.909744,2,5823.39,-16.9714,535.481,58.7641,11881.6,2136.19
2,1.45125,0.917407,1,130.194,-28.3853,524.552,57.5476,11881.6,2089.2
2,1.45125,0.917407,2,5771.18,-16.9752,524.552,57.5476,11881.6,2089.2
2,1.45705,0.92507,1,126.723,-28.3695,513.874,56.3562,11881.6,2043.18
2,1.45705,0.92507,2,5719.44,-16.9785,513.874,56.3562,11881.6,2043.18
2,1.46286,0.932732,1,124.461,-28.3908,503.469,55.1924,11881.6,1998.39
2,1.46286,0.932732,2,5668.16,-16.9813,503.469,55.1924,11881.6,1998.39
2,1.46866,0.940395,1,122.239,-28.3979,493.347,54.0553,11881.6,1954.66
2,1.46866,0.940395,2,5617.34,-16.9836,493.347,54.0553,11881.6,1954.66
2,1.47447,0.948057,1,120.057,-28.3921,483.547,52.9559,11881.6,1912.45
2,1.47447,0.948057,2,5566.98,-16.9855,483.547,52.9559,11881.6,1912.45
2,1.48027,0.95572,1,116.857,-28.3863,474.063,51.8867,11881.6,1871.41
2,1.48027,0.95572,2,5517.06,-16.9872,474.063,51.8867,11881.6,1871.41
2,1.48608,0.963383,1,114.771,-28.4009,464.944,50.8597,11881.6,1832.11
2,1.48608,0.963383,2,5467.6,-16.9888,464.944,50.8597,11881.6,1832.11
2,1.49188,0.971045,1,112.722,-28.4103,456.165,49.8653,11881.6,1794.12
2,1.49188,0.971045,2,5418.58,-16.9904,456.165,49.8653,11881.6,1794.12
2,1.49769,0.978708,1,110.71,-28.415,447.785,48.9182,11881.6,1757.95
2,1.49769,0.978708,2,5321.85,-16.993,447.785,48.9182,11881.6,1757.95
2,1.50349,0.98637,1,108.733,-28.4185,439.779,48.0105,11881.6,1723.36
2,1.50349,0.98637,2,5274.14,-16.9953,439.779,48.0105,11881.6,1723.36
2,1.5093,0.994033,1,106.792,-28.4222,432.176,47.1458,11881.6,1690.45
2,1.5093,0.994033,2,5226.85,-16.9972,432.176,47.1458,11881.6,1690.45
2,1.5151,0.00169551,1,104.886,-28.4243,425.01,46.3334,11881.6,1659.57
2,1.5151,0.00169551,2,5226.85,-16.9993,425.01,46.3334,11881.6,1659.57
3,0,0.000682235,1,103.014,-36.6187,463.561,36.3849,11881.6,1460.85
3,0,0.000682235,2,5226.85,-24.2516,463.561,36.3849,11881.6,1460.85
3,0.01161,0.00811267,1,102.09,-36.5047,461.351,36.1923,11881.6,1452.72
3,0.01161,0.00811267,2,5179.99,-24.2454,461.351,36.1923,11881.6,1452.72
3,0.02322,0.0155431,1,102.09,-36.6235,459.552,36.0355,11881.6,1446.1
3,0.02322,0.0155431,2,5179.99,-24.254,459.552,36.0355,11881.6,1446.1
3,0.0348299,0.0229735,1,102.09,-36.5634,458.169,35.9144,11881.6,1441.02
3,0.0348299,0.0229735,2,5179.99,-24.2569,458.169,35.9144,11881.6,1441.02
3,0.0464399,0.030404,1,101.175,-36.5391,457.206,35.8311,11881.6,1437.47
3,0.0464399,0.030404,2,5179.99,-24.2569,457.206,35.8311,11881.6,1437.47
3,0.0580499,0.0378344,1,101.175,-36.589,456.668,35.784,11881.6,1435.5
3,0.0580499,0.0378344,2,5179.99,-24.2563,456.668,35.784,11881.6,1435.5
3,0.0696599,0.0452648,1,101.175,-36.5676,456.928,35.8072,11881.6,1436.45
3,0.0696599,0.0452648,2,5179.99,-24.2566,456.928,35.8072,11881.6,1436.45
3,0.0812698,0.0526953,1,102.09,-36.5807,458.379,35.9329,11881.6,1441.79
3,0.0812698,0.0526953,2,5179.99,-24.2567,458.379,35.9329,11881.6,1441.79
3,0.0928798,0.0601257,1,102.09,-36.5865,460.525,36.12,11881.6,1449.68
3,0.0928798,0.0601257,2,5179.99,-24.2501,460.525,36.12,11881.6,1449.68
3,0.10449,0.0675561,1,103.014,-36.619,463.222,36.3547,11881.6,1459.6
3,0.10449,0.0675561,2,5226.85,-24.2503,463.222,36.3547,11881.6,1459.6
3,0.1161,0.0749866,1,103.946,-36.5864,466.398,36.6305,11881.6,1471.27
3,0.1161,0.0749866,2,5226.85,-24.2543,466.398,36.6305,11881.6,1471.27
3,0.12771,0.082417,1,104.886,-36.558,470.03,36.9484,11881.6,1484.75
3,0.12771,0.082417,2,5274.14,-24.2423,470.03,36.9484,11881.6,1484.75
3,0.13932,0.0898474,1,105.835,-36.56,474.074,37.303,11881.6,1499.74
3,0.13932,0.0898474,2,5274.14,-24.2524,474.074,37.303,11881.6,1499.74
3,0.15093,0.0972779,1,106.792,-36.5828,478.519,37.6912,11881.6,1516.22
3,0.15093,0.0972779,2,5321.85,-24.242,478.519,37.6912,11881.6,1516.22
3,0.16254,0.104708,1,107.758,-36.6007,483.407,38.1185,11881.6,1534.32
3,0.16254,0.104708,2,5321.85,-24.2481,483.407,38.1185,11881.6,1534.32
3,0.17415,0.112139,1,108.733,-36.5582,488.664,38.577,11881.6,1553.76
3,0.17415,0.112139,2,5370,-24.2465,488.664,38.577,11881.6,1553.76
3,0.18576,0.119569,1,110.71,-36.5172,494.301,39.0713,11881.6,1574.8
3,0.18576,0.119569,2,5370,-24.2336,494.301,39.0713,11881.6,1574.8
3,0.19737,0.127,1,111.711,-36.5835,500.285,39.5963,11881.6,1597.12
3,0.19737,0.127,2,5418.58,-24.2433,500.285,39.5963,11881.6,1597.12
3,0.20898,0.13443,1,113.742,-36.4702,506.68,40.1563,11881.6,1620.93
3,0.20898,0.13443,2,5467.6,-24.2432,506.68,40.1563,11881.6,1620.93
3,0.22059,0.14186,1,114.771,-36.5689,513.405,40.7458,11881.6,1646.05
3,0.22059,0.14186,2,5517.06,-24.236,513.405,40.7458,11881.6,1646.05
3,0.2322,0.149291,1,116.857,-36.5209,520.443,41.3648,11881.6,1672.44
3,0.2322,0.149291,2,5517.06,-24.2259,520.443,41.3648,11881.6,1672.44
3,0.24381,0.156721,1,117.914,-36.4924,527.85,42.015,11881.6,1700.18
3,0.24381,0.156721,2,5566.98,-24.2323,527.85,42.015,11881.6,1700.18
3,0.25542,0.164152,1,120.057,-36.5528,535.562,42.693,11881.6,1729.13
3,0.25542,0.164152,2,5617.34,-24.2345,535.562,42.693,11881.6,1729.13
3,0.267029,0.171582,1,122.239,-36.5276,543.543,43.3959,11881.6,1759.19
3,0.267029,0.171582,2,5668.16,-24.2336,543.543,43.3959,11881.6,1759.19
3,0.278639,0.179013,1,124.461,-36.4544,551.852,44.1259,11881.6,1790.42
3,0.278639,0.179013,2,5719.44,-24.2303,551.852,44.1259,11881.6,1790.42
3,0.290249,0.186443,1,125.587,-36.4515,560.414,44.8816,11881.6,1822.8
3,0.290249,0.186443,2,5771.18,-24.2252,560.414,44.8816,11881.6,1822.8
3,0.301859,0.193874,1,127.869,-36.5007,569.218,45.6567,11881.6,1856.05
3,0.301859,0.193874,2,5823.39,-24.2187,569.218,45.6567,11881.6,1856.05
3,0.313469,0.201304,1,130.194,-36.5182,578.281,46.4564,11881.6,1890.37
3,0.313469,0.201304,2,5876.08,-24.2112,578.281,46.4564,11881.6,1890.37
3,0.325079,0.208734,1,132.56,-36.5104,587.519,47.2713,11881.6,1925.4
3,0.325079,0.208734,2,5876.08,-24.2073,587.519,47.2713,11881.6,1925.4
3,0.336689,0.216165,1,134.969,-36.4853,597.001,48.1082,11881.6,1961.39
3,0.336689,0.216165,2,5929.24,-24.2096,597.001,48.1082,11881.6,1961.39
3,0.348299,0.223595,1,137.422,-36.4441,606.613,48.957,11881.6,1997.96
3,0.348299,0.223595,2,5982.88,-24.2112,606.613,48.957,11881.6,1997.96
3,0.359909,0.231026,1,139.92,-36.3844,616.417,49.8215,11881.6,2035.26
3,0.359909,0.231026,2,6037,-24.2118,616.417,49.8215,11881.6,2035.26
3,0.371519,0.238456,1,141.186,-36.4015,626.325,50.6983,11881.6,2073.06
3,0.371519,0.238456,2,6091.62,-24.2115,626.325,50.6983,11881.6,2073.06
3,0.383129,0.245887,1,143.752,-36.4459,636.357,51.5837,11881.6,2111.33
3,0.383129,0.245887,2,6146.73,-24.2098,636.357,51.5837,11881.6,2111.33
3,0.394739,0.253317,1,146.365,-36.4686,646.467,52.4771,11881.6,2149.97
3,0.394739,0.253317,2,6202.34,-24.2066,646.467,52.4771,11881.6,2149.97
3,0.406349,0.260747,1,149.025,-36.4608,656.64,53.3758,11881.6,2188.88
3,0.406349,0.260747,2,6258.45,-24.2011,656.64,53.3758,11881.6,2188.88
3,0.417959,0.268178,1,151.734,-36.4106,666.85,54.2779,11881.6,2227.96
3,0.417959,0.268178,2,6315.07,-24.1925,666.85,54.2779,11881.6,2227.96
3,0.429569,0.275608,1,153.106,-36.3433,677.071,55.1818,11881.6,2267.14
3,0.429569,0.275608,2,6372.2,-24.1799,677.071,55.1818,11881.6,2267.14
3,0.441179,0.283039,1,155.889,-36.4262,687.292,56.0834,11881.6,2306.29
3,0.441179,0.283039,2,6372.2,-24.1879,687.292,56.0834,11881.6,2306.29
3,0.452789,0.290469,1,158.723,-36.4348,697.47,56.9829,11881.6,2345.39
3,0.452789,0.290469,2,6429.85,-24.1928,697.47,56.9829,11881.6,2345.39
3,0.464399,0.2979,1,161.608,-36.3336,707.571,57.8741,11881.6,2384.13
3,0.464399,0.2979,2,6488.02,-24.1925,707.571,57.8741,11881.6,2384.13
3,0.476009,0.30533,1,163.07,-36.4114,717.598,58.7591,11881.6,2422.68
3,0.476009,0.30533,2,6546.72,-24.1848,717.598,58.7591,11881.6,2422.68
3,0.487619,0.31276,1,166.033,-36.3954,727.524,59.6341,11881.6,2460.81
3,0.487619,0.31276,2,6605.94,-24.167,727.524,59.6341,11881.6,2460.81
3,0.499229,0.320191,1,167.536,-36.3691,737.298,60.4965,11881.6,2498.39
3,0.499229,0.320191,2,6605.94,-24.1802,737.298,60.4965,11881.6,2498.39
3,0.510839,0.327621,1,170.581,-36.3917,746.94,61.3463,11881.6,2535.46
3,0.510839,0.327621,2,6665.71,-24.1834,746.94,61.3463,11881.6,2535.46
3,0.522449,0.335052,1,172.124,-36.3769,756.368,62.1761,11881.6,2571.7
3,0.522449,0.335052,2,6726.01,-24.1707,756.368,62.1761,11881.6,2571.7
3,0.534059,0.342482,1,175.252,-36.3366,765.635,62.9919,11881.6,2607.37
3,0.534059,0.342482,2,6726.01,-24.1693,765.635,62.9919,11881.6,2607.37
3,0.545669,0.349913,1,176.838,-36.3983,774.628,63.7826,11881.6,2641.92
3,0.545669,0.349913,2,6786.86,-24.1772,774.628,63.7826,11881.6,2641.92
3,0.557279,0.357343,1,178.438,-36.3556,783.428,64.5564,11881.6,2675.8
3,0.557279,0.357343,2,6848.26,-24.1591,783.428,64.5564,11881.6,2675.8
3,0.568889,0.364774,1,181.681,-36.2652,791.918,65.3025,11881.6,2708.41
3,0.568889,0.364774,2,6848.26,-24.1704,791.918,65.3025,11881.6,2708.41
3,0.580499,0.372204,1,183.324,-36.338,800.149,66.0254,11881.6,2740.1
3,0.580499,0.372204,2,6910.21,-24.165,800.149,66.0254,11881.6,2740.1
3,0.592109,0.379634,1,184.983,-36.365,808.064,66.7184,11881.6,2770.49
3,0.592109,0.379634,2,6910.21,-24.1624,808.064,66.7184,11881.6,2770.49
3,0.603719,0.387065,1,186.656,-36.3726,815.644,67.3836,11881.6,2799.66
3,0.603719,0.387065,2,6972.73,-24.1635,815.644,67.3836,11881.6,2799.66
3,0.615329,0.394495,1,188.345,-36.3701,822.907,68.0193,11881.6,2827.53
3,0.615329,0.394495,2,6972.73,-24.1597,822.907,68.0193,11881.6,2827.53
3,0.626939,0.401926,1,190.049,-36.3593,829.8,68.6233,11881.6,2854.05
3,0.626939,0.401926,2,7035.81,-24.1569,829.8,68.6233,11881.6,2854.05
3,0.638549,0.409356,1,191.768,-36.3321,836.311,69.1924,11881.6,2879.04
3,0.638549,0.409356,2,7035.81,-24.1618,836.311,69.1924,11881.6,2879.04
3,0.650159,0.416787,1,193.503,-36.2684,842.462,69.7302,11881.6,2902.66
3,0.650159,0.416787,2,7099.46,-24.14,842.462,69.7302,11881.6,2902.66
3,0.661769,0.424217,1,193.503,-36.3073,848.196,70.2313,11881.6,2924.67
3,0.661769,0.424217,2,7099.46,-24.1601,848.196,70.2313,11881.6,2924.67
3,0.673379,0.431647,1,195.254,-36.3617,853.499,70.694,11881.6,2944.99
3,0.673379,0.431647,2,7099.46,-24.1544,853.499,70.694,11881.6,2944.99
3,0.684989,0.439078,1,197.02,-36.3121,858.418,71.1234,11881.6,2963.89
3,0.684989,0.439078,2,7163.69,-24.1371,858.418,71.1234,11881.6,2963.89
3,0.696599,0.446508,1,197.02,-36.3173,862.893,71.5138,11881.6,2981.05
3,0.696599,0.446508,2,7163.69,-24.1547,862.893,71.5138,11881.6,2981.05
3,0.708209,0.453939,1,198.803,-36.3381,866.912,71.8638,11881.6,2996.44
3,0.708209,0.453939,2,7163.69,-24.1567,866.912,71.8638,11881.6,2996.44
3,0.719819,0.461369,1,198.803,-36.3166,870.473,72.1744,11881.6,3010.09
3,0.719819,0.461369,2,7163.69,-24.1475,870.473,72.1744,11881.6,3010.09
3,0.731429,0.4688,1,200.601,-36.3006,873.587,72.4449,11881.6,3022.03
3,0.731429,0.4688,2,7163.69,-24.1311,873.587,72.4449,11881.6,3022.03
3,0.743039,0.47623,1,200.601,-36.3538,876.247,72.677,11881.6,3032.23
3,0.743039,0.47623,2,7228.5,-24.1417,876.247,72.677,11881.6,3032.23
3,0.754649,0.48366,1,200.601,-36.305,878.432,72.8672,11881.6,3040.6
3,0.754649,0.48366,2,7228.5,-24.1495,878.432,72.8672,11881.6,3040.6
3,0.766259,0.491091,1,202.416,-36.2353,880.14,73.0147,11881.6,3047.13
3,0.766259,0.491091,2,7228.5,-24.153,880.14,73.0147,11881.6,3047.13
3,0.777868,0.498521,1,202.416,-36.2992,881.367,73.1221,11881.6,3051.83
3,0.777868,0.498521,2,7228.5,-24.154,881.367,73.1221,11881.6,3051.83
3,0.789478,0.505952,1,202.416,-36.325,882.115,73.1867,11881.6,3054.68
3,0.789478,0.505952,2,7228.5,-24.1541,882.115,73.1867,11881.6,3054.68
3,0.801088,0.513382,1,202.416,-36.3325,882.383,73.2104,11881.6,3055.7
3,0.801088,0.513382,2,7228.5,-24.154,882.383,73.2104,11881.6,3055.7
3,0.812698,0.520813,1,202.416,-36.3323,882.354,73.2074,11881.6,3055.6
3,0.812698,0.520813,2,7228.5,-24.154,882.354,73.2074,11881.6,3055.6
3,0.824308,0.528243,1,202.416,-36.3277,882.183,73.1931,11881.6,3054.94
3,0.824308,0.528243,2,7228.5,-24.1541,882.183,73.1931,11881.6,3054.94
3,0.835918,0.535673,1,202.416,-36.3161,881.8,73.1601,11881.6,3053.48
3,0.835918,0.535673,2,7228.5,-24.1541,881.8,73.1601,11881.6,3053.48
3,0.847528,0.543104,1,202.416,-36.2898,881.153,73.103,11881.6,3051
3,0.847528,0.543104,2,7228.5,-24.1539,881.153,73.103,11881.6,3051
3,0.859138,0.550534,1,202.416,-36.2394,880.203,73.0206,11881.6,3047.37
3,0.859138,0.550534,2,7228.5,-24.153,880.203,73.0206,11881.6,3047.37
3,0.870748,0.557965,1,200.601,-36.2824,878.916,72.9094,11881.6,3042.45
3,0.870748,0.557965,2,7228.5,-24.1507,878.916,72.9094,11881.6,3042.45
3,0.882358,0.565395,1,200.601,-36.3403,877.269,72.7662,11881.6,3036.14
3,0.882358,0.565395,2,7228.5,-24.1458,877.269,72.7662,11881.6,3036.14
3,0.893968,0.572826,1,200.601,-36.3476,875.242,72.5899,11881.6,3028.38
3,0.893968,0.572826,2,7228.5,-24.1368,875.242,72.5899,11881.6,3028.38
3,0.905578,0.580256,1,200.601,-36.2647,872.828,72.3786,11881.6,3019.13
3,0.905578,0.580256,2,7163.69,-24.1358,872.828,72.3786,11881.6,3019.13
3,0.917188,0.587687,1,198.803,-36.3317,870.025,72.1343,11881.6,3008.37
3,0.917188,0.587687,2,7163.69,-24.1493,870.025,72.1343,11881.6,3008.37
3,0.928798,0.595117,1,198.803,-36.3361,866.818,71.8557,11881.6,2996.08
3,0.928798,0.595117,2,7163.69,-24.1568,866.818,71.8557,11881.6,2996.08
3,0.940408,0.602547,1,197.02,-36.305,863.205,71.54,11881.6,2982.24
3,0.940408,0.602547,2,7163.69,-24.1553,863.205,71.54,11881.6,2982.24
3,0.952018,0.609978,1,197.02,-36.3381,859.172,71.1893,11881.6,2966.78
3,0.952018,0.609978,2,7163.69,-24.1412,859.172,71.1893,11881.6,2966.78
3,0.963628,0.617408,1,195.254,-36.3407,854.732,70.8009,11881.6,2949.73
3,0.963628,0.617408,2,7099.46,-24.1497,854.732,70.8009,11881.6,2949.73
3,0.975238,0.624839,1,195.254,-36.2659,849.91,70.3805,11881.6,2931.25
3,0.975238,0.624839,2,7099.46,-24.1608,849.91,70.3805,11881.6,2931.25
3,0.986848,0.632269,1,193.503,-36.3572,844.689,69.9254,11881.6,2911.21
3,0.986848,0.632269,2,7099.46,-24.1511,844.689,69.9254,11881.6,2911.21
3,0.998458,0.6397,1,191.768,-36.3631,839.062,69.4328,11881.6,2889.58
3,0.998458,0.6397,2,7035.81,-24.153,839.062,69.4328,11881.6,2889.58
3,1.01007,0.64713,1,190.049,-36.3277,833.08,68.9102,11881.6,2866.64
3,1.01007,0.64713,2,7035.81,-24.1639,833.08,68.9102,11881.6,2866.64
3,1.02168,0.65456,1,188.345,-36.284,826.726,68.3538,11881.6,2842.23
3,1.02168,0.65456,2,7035.81,-24.1421,826.726,68.3538,11881.6,2842.23
3,1.03329,0.661991,1,186.656,-36.2545,820.004,67.7654,11881.6,2816.4
3,1.03329,0.661991,2,6972.73,-24.1667,820.004,67.7654,11881.6,2816.4
3,1.0449,0.669421,1,186.656,-36.2538,812.957,67.1479,11881.6,2789.33
3,1.0449,0.669421,2,6972.73,-24.1533,812.957,67.1479,11881.6,2789.33
3,1.05651,0.676852,1,183.324,-36.2744,805.573,66.5001,11881.6,2760.93
3,1.05651,0.676852,2,6910.21,-24.1693,805.573,66.5001,11881.6,2760.93
3,1.06812,0.684282,1,181.681,-36.3178,797.878,65.8261,11881.6,2731.36
3,1.06812,0.684282,2,6910.21,-24.1554,797.878,65.8261,11881.6,2731.36
3,1.07973,0.691713,1,180.052,-36.3669,789.893,65.1247,11881.6,2700.63
3,1.07973,0.691713,2,6848.26,-24.1737,789.893,65.1247,11881.6,2700.63
3,1.09134,0.699143,1,178.438,-36.395,781.623,64.3985,11881.6,2668.86
3,1.09134,0.699143,2,6786.86,-24.1556,781.623,64.3985,11881.6,2668.86
3,1.10295,0.706573,1,176.838,-36.3673,773.101,63.6488,11881.6,2636.06
3,1.10295,0.706573,2,6786.86,-24.1758,773.101,63.6488,11881.6,2636.06
3,1.11456,0.714004,1,173.681,-36.3011,764.336,62.8775,11881.6,2602.37
3,1.11456,0.714004,2,6726.01,-24.1745,764.336,62.8775,11881.6,2602.37
3,1.12617,0.721434,1,172.124,-36.4049,755.352,62.0862,11881.6,2567.8
3,1.12617,0.721434,2,6726.01,-24.1658,755.352,62.0862,11881.6,2567.8
3,1.13778,0.728865,1,170.581,-36.3605,746.171,61.2784,11881.6,2532.51
3,1.13778,0.728865,2,6665.71,-24.183,746.171,61.2784,11881.6,2532.51
3,1.14939,0.736295,1,167.536,-36.3922,736.807,60.4526,11881.6,2496.5
3,1.14939,0.736295,2,6605.94,-24.1818,736.807,60.4526,11881.6,2496.5
3,1.161,0.743726,1,166.033,-36.3858,727.294,59.6146,11881.6,2459.92
3,1.161,0.743726,2,6546.72,-24.1669,727.294,59.6146,11881.6,2459.92
3,1.17261,0.751156,1,163.07,-36.4095,717.645,58.7629,11881.6,2422.86
3,1.17261,0.751156,2,6546.72,-24.185,717.645,58.7629,11881.6,2422.86
3,1.18422,0.758587,1,161.608,-36.3559,707.887,57.9015,11881.6,2385.35
3,1.18422,0.758587,2,6488.02,-24.1926,707.887,57.9015,11881.6,2385.35
3,1.19583,0.766017,1,158.723,-36.4406,698.037,57.0322,11881.6,2347.57
3,1.19583,0.766017,2,6429.85,-24.1913,698.037,57.0322,11881.6,2347.57
3,1.20744,0.773447,1,155.889,-36.3882,688.121,56.1563,11881.6,2309.47
3,1.20744,0.773447,2,6372.2,-24.1835,688.121,56.1563,11881.6,2309.47
3,1.21905,0.780878,1,154.492,-36.3872,678.172,55.2788,11881.6,2271.37
3,1.21905,0.780878,2,6372.2,-24.1863,678.172,55.2788,11881.6,2271.37
3,1.23066,0.788308,1,151.734,-36.4566,668.212,54.3985,11881.6,2233.17
3,1.23066,0.788308,2,6315.07,-24.1976,668.212,54.3985,11881.6,2233.17
3,1.24227,0.795739,1,149.025,-36.4472,658.253,53.5187,11881.6,2195.06
3,1.24227,0.795739,2,6258.45,-24.2039,658.253,53.5187,11881.6,2195.06
3,1.25388,0.803169,1,146.365,-36.3783,648.335,52.6419,11881.6,2157.1
3,1.25388,0.803169,2,6202.34,-24.2066,648.335,52.6419,11881.6,2157.1
3,1.26549,0.8106,1,145.053,-36.4091,638.459,51.7699,11881.6,2119.37
3,1.26549,0.8106,2,6146.73,-24.2064,638.459,51.7699,11881.6,2119.37
3,1.2771,0.81803,1,142.463,-36.471,628.672,50.9048,11881.6,2082
3,1.2771,0.81803,2,6091.62,-24.2041,628.672,50.9048,11881.6,2082
3,1.28871,0.82546,1,139.92,-36.4918,618.976,50.0486,11881.6,2045.03
3,1.28871,0.82546,2,6037,-24.2001,618.976,50.0486,11881.6,2045.03
3,1.30032,0.832891,1,137.422,-36.4754,609.407,49.2034,11881.6,2008.57
3,1.30032,0.832891,2,6037,-24.2021,609.407,49.2034,11881.6,2008.57
3,1.31193,0.840321,1,134.969,-36.4262,599.986,48.371,11881.6,1972.75
3,1.31193,0.840321,2,5982.88,-24.211,599.986,48.371,11881.6,1972.75
3,1.32354,0.847752,1,133.759,-36.4138,590.712,47.5526,11881.6,1937.49
3,1.32354,0.847752,2,5929.24,-24.2178,590.712,47.5526,11881.6,1937.49
3,1.33515,0.855182,1,131.371,-36.4864,581.651,46.7541,11881.6,1903.16
3,1.33515,0.855182,2,5876.08,-24.2229,581.651,46.7541,11881.6,1903.16
3,1.34676,0.862613,1,129.026,-36.5238,572.757,45.9683,11881.6,1869.4
3,1.34676,0.862613,2,5823.39,-24.226,572.757,45.9683,11881.6,1869.4
3,1.35837,0.870043,1,126.723,-36.5152,564.126,45.2087,11881.6,1836.82
3,1.35837,0.870043,2,5771.18,-24.227,564.126,45.2087,11881.6,1836.82
3,1.36998,0.877473,1,124.461,-36.4504,555.714,44.4664,11881.6,1805.01
3,1.36998,0.877473,2,5719.44,-24.2257,555.714,44.4664,11881.6,1805.01
3,1.38159,0.884904,1,123.345,-36.4892,547.556,43.7491,11881.6,1774.28
3,1.38159,0.884904,2,5668.16,-24.2214,547.556,43.7491,11881.6,1774.28
3,1.3932,0.892334,1,121.143,-36.5514,539.694,43.0571,11881.6,1744.7
3,1.3932,0.892334,2,5668.16,-24.2237,539.694,43.0571,11881.6,1744.7
3,1.40481,0.899765,1,118.981,-36.5104,532.094,42.3866,11881.6,1716.05
3,1.40481,0.899765,2,5617.34,-24.2332,532.094,42.3866,11881.6,1716.05
3,1.41642,0.907195,1,117.914,-36.5124,524.81,41.7481,11881.6,1688.8
3,1.41642,0.907195,2,5566.98,-24.2385,524.81,41.7481,11881.6,1688.8
3,1.42803,0.914626,1,115.809,-36.5648,517.857,41.1371,11881.6,1662.75
3,1.42803,0.914626,2,5517.06,-24.2383,517.857,41.1371,11881.6,1662.75
3,1.43964,0.922056,1,114.771,-36.4873,511.211,40.5527,11881.6,1637.82
3,1.43964,0.922056,2,5467.6,-24.2309,511.211,40.5527,11881.6,1637.82
3,1.45125,0.929487,1,112.722,-36.5722,504.907,40.0006,11881.6,1614.33
3,1.45125,0.929487,2,5467.6,-24.2394,504.907,40.0006,11881.6,1614.33
3,1.46286,0.936917,1,111.711,-36.5486,498.97,39.481,11881.6,1592.22
3,1.46286,0.936917,2,5418.58,-24.2456,498.97,39.481,11881.6,1592.22
3,1.47447,0.944347,1,109.717,-36.5036,493.392,38.9918,11881.6,1571.41
3,1.47447,0.944347,2,5370,-24.2391,493.392,38.9918,11881.6,1571.41
3,1.48608,0.951778,1,108.733,-36.5846,488.168,38.5333,11881.6,1551.93
3,1.48608,0.951778,2,5370,-24.2452,488.168,38.5333,11881.6,1551.93
3,1.49769,0.959208,1,107.758,-36.5997,483.326,38.1114,11881.6,1534.01
3,1.49769,0.959208,2,5321.85,-24.2483,483.326,38.1114,11881.6,1534.01
3,1.5093,0.966639,1,106.792,-36.5986,478.869,37.7215,11881.6,1517.51
3,1.5093,0.966639,2,5321.85,-24.2438,478.869,37.7215,11881.6,1517.51
3,1.52091,0.974069,1,105.835,-36.6014,474.818,37.3677,11881.6,1502.5
3,1.52091,0.974069,2,5274.14,-24.2513,474.818,37.3677,11881.6,1502.5
3,1.53252,0.9815,1,104.886,-36.6114,471.159,37.0469,11881.6,1488.93
3,1.53252,0.9815,2,5274.14,-24.2479,471.159,37.0469,11881.6,1488.93
3,1.54413,0.98893,1,103.946,-36.6059,467.894,36.7613,11881.6,1476.82
3,1.54413,0.98893,2,5226.85,-24.2502,467.894,36.7613,11881.6,1476.82
3,1.55574,0.99636,1,103.014,-36.5291,465.035,36.5123,11881.6,1466.26
3,1.55574,0.99636,2,5226.85,-24.2547,465.035,36.5123,11881.6,1466.26
3,1.56735,0.00379086,1,103.014,-36.5981,462.586,36.2991,11881.6,1457.26
3,1.56735,0.00379086,2,5226.85,-24.2475,462.586,36.2991,11881.6,1457.26
3,1.57896,0.0112213,1,102.09,-36.5864,460.547,36.1217,11881.6,1449.77
3,1.57896,0.0112213,2,5179.99,-24.25,460.547,36.1217,11881.6,1449.77
3,1.59057,0.0186517,1,102.09,-36.612,458.923,35.9808,11881.6,1443.79
3,1.59057,0.0186517,2,5179.99,-24.2557,458.923,35.9808,11881.6,1443.79
3,1.60218,0.0260822,1,102.09,-36.5134,457.715,35.8761,11881.6,1439.35
3,1.60218,0.0260822,2,5179.99,-24.2571,457.715,35.8761,11881.6,1439.35
3,1.61379,0.0335126,1,101.175,-36.5674,456.928,35.8072,11881.6,1436.45
3,1.61379,0.0335126,2,5179.99,-24.2567,456.928,35.8072,11881.6,1436.45
3,1.6254,0.040943,1,101.175,-36.5952,456.599,35.7781,11881.6,1435.24
3,1.6254,0.040943,2,5179.99,-24.2561,456.599,35.7781,11881.6,1435.24
3,1.63701,0.0483735,1,101.175,-36.5122,457.435,35.8513,11881.6,1438.32
3,1.63701,0.0483735,2,5179.99,-24.2571,457.435,35.8513,11881.6,1438.32
3,1.64862,0.0558039,1,102.09,-36.6196,459.204,36.0048,11881.6,1444.82
3,1.64862,0.0558039,2,5179.99,-24.2551,459.204,36.0048,11881.6,1444.82
3,1.66023,0.0632343,1,103.014,-36.5071,461.591,36.2129,11881.6,1453.6
3,1.66023,0.0632343,2,5179.99,-24.2439,461.591,36.2129,11881.6,1453.6
3,1.67184,0.0706648,1,103.014,-36.5781,464.496,36.4652,11881.6,1464.28
3,1.67184,0.0706648,2,5226.85,-24.254,464.496,36.4652,11881.6,1464.28
3,1.68345,0.0780952,1,103.946,-36.6059,467.866,36.7592,11881.6,1476.71
3,1.68345,0.0780952,2,5226.85,-24.2503,467.866,36.7592,11881.6,1476.71
3,1.69506,0.0855256,1,104.886,-36.6087,471.673,37.0923,11881.6,1490.84
3,1.69506,0.0855256,2,5274.14,-24.2497,471.673,37.0923,11881.6,1490.84
3,1.70667,0.0929561,1,105.835,-36.5972,475.882,37.4607,11881.6,1506.44
3,1.70667,0.0929561,2,5274.14,-24.2481,475.882,37.4607,11881.6,1506.44
3,1.71828,0.100387,1,106.792,-36.5605,480.517,37.8653,11881.6,1523.62
3,1.71828,0.100387,2,5321.85,-24.2492,480.517,37.8653,11881.6,1523.62
3,1.72989,0.107817,1,108.733,-36.4793,485.563,38.3057,11881.6,1542.29
3,1.72989,0.107817,2,5321.85,-24.2384,485.563,38.3057,11881.6,1542.29
3,1.7415,0.115247,1,109.717,-36.5777,490.98,38.7802,11881.6,1562.41
3,1.7415,0.115247,2,5370,-24.2474,490.98,38.7802,11881.6,1562.41
3,1.75311,0.122678,1,110.71,-36.5654,496.759,39.2875,11881.6,1583.97
3,1.75311,0.122678,2,5418.58,-24.2433,496.759,39.2875,11881.6,1583.97
3,1.76472,0.130108,1,112.722,-36.5233,502.919,39.8264,11881.6,1606.93
3,1.76472,0.130108,2,5418.58,-24.2306,502.919,39.8264,11881.6,1606.93
3,1.77633,0.137539,1,113.742,-36.56,509.45,40.3982,11881.6,1631.24
3,1.77633,0.137539,2,5467.6,-24.2394,509.45,40.3982,11881.6,1631.24
3,1.78794,0.144969,1,115.809,-36.5413,516.315,41.0016,11881.6,1656.96
3,1.78794,0.144969,2,5517.06,-24.2409,516.315,41.0016,11881.6,1656.96
3,1.79955,0.1524,1,116.857,-36.485,523.498,41.6328,11881.6,1683.89
3,1.79955,0.1524,2,5566.98,-24.237,523.498,41.6328,11881.6,1683.89
3,1.81116,0.15983,1,118.981,-36.5569,531.038,42.2944,11881.6,1712.1
3,1.81116,0.15983,2,5617.34,-24.2293,531.038,42.2944,11881.6,1712.1
3,1.82277,0.16726,1,121.143,-36.5288,538.87,42.9843,11881.6,1741.59
3,1.82277,0.16726,2,5617.34,-24.2195,538.87,42.9843,11881.6,1741.59
3,1.83438,0.174691,1,123.345,-36.4418,546.988,43.699,11881.6,1772.14
3,1.83438,0.174691,2,5668.16,-24.2245,546.988,43.699,11881.6,1772.14
3,1.84599,0.182121,1,124.461,-36.4764,555.408,44.4395,11881.6,1803.86
3,1.84599,0.182121,2,5719.44,-24.2268,555.408,44.4395,11881.6,1803.86
3,1.8576,0.189552,1,126.723,-36.5181,564.054,45.2024,11881.6,1836.55
3,1.8576,0.189552,2,5771.18,-24.2272,564.054,45.2024,11881.6,1836.55
3,1.86921,0.196982,1,129.026,-36.5249,572.981,45.9885,11881.6,1870.24
3,1.86921,0.196982,2,5823.39,-24.2258,572.981,45.9885,11881.6,1870.24
3,1.88082,0.204413,1,131.371,-36.5065,582.125,46.7958,11881.6,1904.95
3,1.88082,0.204413,2,5876.08,-24.2233,582.125,46.7958,11881.6,1904.95
3,1.89243,0.211843,1,133.759,-36.4689,591.461,47.6187,11881.6,1940.33
3,1.89243,0.211843,2,5929.24,-24.2195,591.461,47.6187,11881.6,1940.33
3,1.90404,0.219273,1,136.19,-36.4149,601.013,48.4629,11881.6,1976.66
3,1.90404,0.219273,2,5982.88,-24.2147,601.013,48.4629,11881.6,1976.66
3,1.91565,0.226704,1,137.422,-36.3902,610.688,49.3168,11881.6,2013.44
3,1.91565,0.226704,2,6037,-24.2084,610.688,49.3168,11881.6,2013.44
3,1.92726,0.234134,1,139.92,-36.4349,620.558,50.188,11881.6,2051.07
3,1.92726,0.234134,2,6091.62,-24.201,620.558,50.188,11881.6,2051.07
3,1.93887,0.241565,1,142.463,-36.4676,630.493,51.0653,11881.6,2088.93
3,1.93887,0.241565,2,6091.62,-24.1938,630.493,51.0653,11881.6,2088.93
3,1.95048,0.248995,1,145.053,-36.4761,640.588,51.9583,11881.6,2127.51
3,1.95048,0.248995,2,6146.73,-24.1976,640.588,51.9583,11881.6,2127.51
3,1.96209,0.256426,1,147.689,-36.4571,650.696,52.8506,11881.6,2166.1
3,1.96209,0.256426,2,6202.34,-24.2008,650.696,52.8506,11881.6,2166.1
3,1.9737,0.263856,1,150.373,-36.4013,660.92,53.7543,11881.6,2205.27
3,1.9737,0.263856,2,6258.45,-24.2021,660.92,53.7543,11881.6,2205.27
3,1.98531,0.271286,1,151.734,-36.359,671.109,54.6544,11881.6,2244.25
3,1.98531,0.271286,2,6315.07,-24.2013,671.109,54.6544,11881.6,2244.25
3,1.99692,0.278717,1,154.492,-36.4313,681.36,55.5596,11881.6,2283.59
3,1.99692,0.278717,2,6372.2,-24.1972,681.36,55.5596,11881.6,2283.59
3,2.00853,0.286147,1,157.3,-36.4398,691.541,56.4587,11881.6,2322.61
3,2.00853,0.286147,2,6429.85,-24.1883,691.541,56.4587,11881.6,2322.61
3,2.02014,0.293578,1,160.159,-36.3531,701.713,57.357,11881.6,2361.66
3,2.02014,0.293578,2,6488.02,-24.1732,701.713,57.357,11881.6,2361.66
3,2.03175,0.301008,1,161.608,-36.4014,711.77,58.2449,11881.6,2400.29
3,2.03175,0.301008,2,6488.02,-24.1843,711.77,58.2449,11881.6,2400.29
3,2.04336,0.308439,1,164.545,-36.4151,721.768,59.1274,11881.6,2438.68
3,2.04336,0.308439,2,6546.72,-24.1889,721.768,59.1274,11881.6,2438.68
3,2.05497,0.315869,1,166.033,-36.3309,731.627,59.9965,11881.6,2476.6
3,2.05497,0.315869,2,6605.94,-24.1843,731.627,59.9965,11881.6,2476.6
3,2.06658,0.3233,1,169.051,-36.4144,741.352,60.8526,11881.6,2513.94
3,2.06658,0.3233,2,6665.71,-24.1668,741.352,60.8526,11881.6,2513.94
3,2.07819,0.33073,1,170.581,-36.3236,750.908,61.6954,11881.6,2550.73
3,2.07819,0.33073,2,6665.71,-24.1765,750.908,61.6954,11881.6,2550.73
3,2.0898,0.33816,1,173.681,-36.3917,760.273,62.5196,11881.6,2586.72
3,2.0898,0.33816,2,6726.01,-24.1802,760.273,62.5196,11881.6,2586.72
3,2.10141,0.345591,1,175.252,-36.3791,769.432,63.3258,11881.6,2621.97
3,2.10141,0.345591,2,6786.86,-24.1635,769.432,63.3258,11881.6,2621.97
3,2.11302,0.353021,1,178.438,-36.2822,778.341,64.1093,11881.6,2656.22
3,2.11302,0.353021,2,6786.86,-24.1714,778.341,64.1093,11881.6,2656.22
3,2.12463,0.360452,1,180.052,-36.3712,787.019,64.8718,11881.6,2689.6
3,2.12463,0.360452,2,6848.26,-24.172,787.019,64.8718,11881.6,2689.6
3,2.13624,0.367882,1,181.681,-36.3882,795.39,65.6065,11881.6,2721.79
3,2.13624,0.367882,2,6848.26,-24.156,795.39,65.6065,11881.6,2721.79
3,2.14785,0.375313,1,183.324,-36.37,803.503,66.3189,11881.6,2752.98
3,2.14785,0.375313,2,6910.21,-24.1708,803.503,66.3189,11881.6,2752.98
3,2.15946,0.382743,1,184.983,-36.3433,811.275,67.0009,11881.6,2782.86
3,2.15946,0.382743,2,6910.21,-24.1454,811.275,67.0009,11881.6,2782.86
3,2.17107,0.390173,1,186.656,-36.3285,818.728,67.6531,11881.6,2811.5
3,2.17107,0.390173,2,6972.73,-24.1675,818.728,67.6531,11881.6,2811.5
3,2.18268,0.397604,1,188.345,-36.3296,825.84,68.2761,11881.6,2838.82
3,2.18268,0.397604,2,6972.73,-24.1451,825.84,68.2761,11881.6,2838.82
3,2.19429,0.405034,1,190.049,-36.3463,832.565,68.8646,11881.6,2864.66
3,2.19429,0.405034,2,7035.81,-24.1634,832.565,68.8646,11881.6,2864.66
3,2.2059,0.412465,1,191.768,-36.365,838.932,69.4218,11881.6,2889.08
3,2.2059,0.412465,2,7035.81,-24.1536,838.932,69.4218,11881.6,2889.08
3,2.21751,0.419895,1,193.503,-36.3604,844.913,69.9449,11881.6,2912.08
3,2.21751,0.419895,2,7099.46,-24.152,844.913,69.9449,11881.6,2912.08
3,2.22912,0.427326,1,195.254,-36.2959,850.466,70.4295,11881.6,2933.38
3,2.22912,0.427326,2,7099.46,-24.1605,850.466,70.4295,11881.6,2933.38
3,2.24073,0.434756,1,195.254,-36.3087,855.609,70.8774,11881.6,2953.1
3,2.24073,0.434756,2,7099.46,-24.1456,855.609,70.8774,11881.6,2953.1
3,2.25234,0.442186,1,197.02,-36.3596,860.345,71.2911,11881.6,2971.29
3,2.25234,0.442186,2,7163.69,-24.1467,860.345,71.2911,11881.6,2971.29
3,2.26395,0.449617,1,198.803,-36.2346,864.63,71.6647,11881.6,2987.7
3,2.26395,0.449617,2,7163.69,-24.1572,864.63,71.6647,11881.6,2987.7
3,2.27556,0.457047,1,198.803,-36.3566,868.456,71.9977,11881.6,3002.34
3,2.27556,0.457047,2,7163.69,-24.154,868.456,71.9977,11881.6,3002.34
3,2.28717,0.464478,1,198.803,-36.2514,871.828,72.2915,11881.6,3015.29
3,2.28717,0.464478,2,7163.69,-24.1413,871.828,72.2915,11881.6,3015.29
3,2.29878,0.471908,1,200.601,-36.3389,874.757,72.5472,11881.6,3026.52
3,2.29878,0.471908,2,7228.5,-24.1342,874.757,72.5472,11881.6,3026.52
3,2.31039,0.479339,1,200.601,-36.3418,877.219,72.7619,11881.6,3035.95
3,2.31039,0.479339,2,7228.5,-24.1456,877.219,72.7619,11881.6,3035.95
3,2.322,0.486769,1,200.601,-36.2683,879.206,72.934,11881.6,3043.56
3,2.322,0.486769,2,7228.5,-24.1514,879.206,72.934,11881.6,3043.56
3,2.33361,0.4942,1,202.416,-36.2683,880.713,73.065,11881.6,3049.32
3,2.33361,0.4942,2,7228.5,-24.1536,880.713,73.065,11881.6,3049.32
3,2.34522,0.50163,1,202.416,-36.3136,881.739,73.155,11881.6,3053.25
3,2.34522,0.50163,2,7228.5,-24.1541,881.739,73.155,11881.6,3053.25
3,2.35683,0.50906,1,202.416,-36.3303,882.285,73.202,11881.6,3055.33
3,2.35683,0.50906,2,7228.5,-24.154,882.285,73.202,11881.6,3055.33
3,2.36844,0.516491,1,202.416,-36.3329,882.384,73.2104,11881.6,3055.71
3,2.36844,0.516491,2,7228.5,-24.154,882.384,73.2104,11881.6,3055.71
3,2.38005,0.523921,1,202.416,-36.3305,882.304,73.2036,11881.6,3055.41
3,2.38005,0.523921,2,7228.5,-24.154,882.304,73.2036,11881.6,3055.41
3,2.39166,0.531352,1,202.416,-36.324,882.052,73.1817,11881.6,3054.44
3,2.39166,0.531352,2,7228.5,-24.1541,882.052,73.1817,11881.6,3054.44
3,2.40327,0.538782,1,202.416,-36.3073,881.564,73.139,11881.6,3052.58
3,2.40327,0.538782,2,7228.5,-24.1541,881.564,73.139,11881.6,3052.58
3,2.41488,0.546213,1,202.416,-36.2727,880.794,73.0722,11881.6,3049.63
3,2.41488,0.546213,2,7228.5,-24.1537,880.794,73.0722,11881.6,3049.63
3,2.42649,0.553643,1,200.601,-36.2393,879.706,72.9779,11881.6,3045.47
3,2.42649,0.553643,2,7228.5,-24.1523,879.706,72.9779,11881.6,3045.47
3,2.4381,0.561073,1,200.601,-36.3111,878.272,72.8524,11881.6,3039.98
3,2.4381,0.561073,2,7228.5,-24.1491,878.272,72.8524,11881.6,3039.98
3,2.44971,0.568504,1,200.601,-36.3528,876.468,72.696,11881.6,3033.08
3,2.44971,0.568504,2,7228.5,-24.1427,876.468,72.696,11881.6,3033.08
3,2.46132,0.575934,1,200.601,-36.3261,874.278,72.5058,11881.6,3024.69
3,2.46132,0.575934,2,7228.5,-24.1315,874.278,72.5058,11881.6,3024.69
3,2.47293,0.583365,1,198.803,-36.2576,871.705,72.2809,11881.6,3014.82
3,2.47293,0.583365,2,7163.69,-24.142,871.705,72.2809,11881.6,3014.82
3,2.48454,0.590795,1,198.803,-36.3556,868.731,72.0223,11881.6,3003.4
3,2.48454,0.590795,2,7163.69,-24.1533,868.731,72.0223,11881.6,3003.4
3,2.49615,0.598226,1,198.803,-36.2784,865.356,71.7277,11881.6,2990.49
3,2.49615,0.598226,2,7163.69,-24.1575,865.356,71.7277,11881.6,2990.49
3,2.50776,0.605656,1,197.02,-36.3534,861.568,71.398,11881.6,2975.97
3,2.50776,0.605656,2,7163.69,-24.1512,861.568,71.398,11881.6,2975.97
3,2.51937,0.613086,1,197.02,-36.2582,857.361,71.0317,11881.6,2959.83
3,2.51937,0.613086,2,7099.46,-24.1355,857.361,71.0317,11881.6,2959.83
3,2.53098,0.620517,1,195.254,-36.3617,852.763,70.6294,11881.6,2942.17
3,2.53098,0.620517,2,7099.46,-24.1566,852.763,70.6294,11881.6,2942.17
3,2.54259,0.627947,1,193.503,-36.3245,847.775,70.195,11881.6,2923.06
3,2.54259,0.627947,2,7099.46,-24.1596,847.775,70.195,11881.6,2923.06
3,2.5542,0.635378,1,193.503,-36.2635,842.383,69.723,11881.6,2902.36
3,2.5542,0.635378,2,7099.46,-24.1396,842.383,69.723,11881.6,2902.36
3,2.5658,0.642808,1,191.768,-36.3429,836.603,69.2177,11881.6,2880.15
3,2.5658,0.642808,2,7035.81,-24.1612,836.603,69.2177,11881.6,2880.15
3,2.57741,0.650239,1,190.049,-36.3706,830.467,68.6816,11881.6,2856.61
3,2.57741,0.650239,2,7035.81,-24.1591,830.467,68.6816,11881.6,2856.61
3,2.58902,0.657669,1,188.345,-36.3746,823.955,68.1114,11881.6,2831.56
3,2.58902,0.657669,2,6972.73,-24.1553,823.955,68.1114,11881.6,2831.56
3,2.60063,0.6651,1,186.656,-36.3742,817.096,67.5112,11881.6,2805.24
3,2.60063,0.6651,2,6972.73,-24.1665,817.096,67.5112,11881.6,2805.24
3,2.61224,0.67253,1,184.983,-36.3797,809.908,66.8802,11881.6,2777.59
3,2.61224,0.67253,2,6910.21,-24.1537,809.908,66.8802,11881.6,2777.59
3,2.62385,0.67996,1,183.324,-36.3853,802.389,66.2209,11881.6,2748.7
3,2.62385,0.67996,2,6910.21,-24.17,802.389,66.2209,11881.6,2748.7
3,2.63546,0.687391,1,181.681,-36.3835,794.573,65.5351,11881.6,2718.64
3,2.63546,0.687391,2,6848.26,-24.1604,794.573,65.5351,11881.6,2718.64
3,2.64707,0.694821,1,180.052,-36.3514,786.469,64.8237,11881.6,2687.49
3,2.64707,0.694821,2,6848.26,-24.1708,786.469,64.8237,11881.6,2687.49
3,2.65868,0.702252,1,176.838,-36.2732,778.086,64.087,11881.6,2655.24
3,2.65868,0.702252,2,6786.86,-24.1722,778.086,64.087,11881.6,2655.24
3,2.67029,0.709682,1,175.252,-36.3769,769.468,63.3292,11881.6,2622.1
3,2.67029,0.709682,2,6786.86,-24.1637,769.468,63.3292,11881.6,2622.1
3,2.6819,0.717113,1,173.681,-36.3988,760.597,62.5479,11881.6,2587.97
3,2.6819,0.717113,2,6726.01,-24.1803,760.597,62.5479,11881.6,2587.97
3,2.69351,0.724543,1,172.124,-36.2849,751.539,61.7515,11881.6,2553.15
3,2.69351,0.724543,2,6665.71,-24.174,751.539,61.7515,11881.6,2553.15
3,2.70512,0.731973,1,169.051,-36.4132,742.265,60.9332,11881.6,2517.46
3,2.70512,0.731973,2,6665.71,-24.1716,742.265,60.9332,11881.6,2517.46
3,2.71673,0.739404,1,167.536,-36.3406,732.85,60.1049,11881.6,2481.3
3,2.71673,0.739404,2,6605.94,-24.1861,732.85,60.1049,11881.6,2481.3
3,2.72834,0.746834,1,164.545,-36.4215,723.264,59.2577,11881.6,2444.41
3,2.72834,0.746834,2,6546.72,-24.186,723.264,59.2577,11881.6,2444.41
3,2.73995,0.754265,1,163.07,-36.3201,713.579,58.4047,11881.6,2407.25
3,2.73995,0.754265,2,6488.02,-24.175,713.579,58.4047,11881.6,2407.25
3,2.75156,0.761695,1,160.159,-36.4349,703.774,57.5388,11881.6,2369.56
3,2.75156,0.761695,2,6488.02,-24.1841,703.774,57.5388,11881.6,2369.56
3,2.76317,0.769126,1,157.3,-36.3947,693.897,56.6674,11881.6,2331.67
3,2.76317,0.769126,2,6429.85,-24.1946,693.897,56.6674,11881.6,2331.67
3,2.77478,0.776556,1,155.889,-36.3784,683.965,55.7903,11881.6,2293.56
3,2.77478,0.776556,2,6372.2,-24.1979,683.965,55.7903,11881.6,2293.56
3,2.78639,0.783986,1,153.106,-36.453,674.005,54.9103,11881.6,2255.37
3,2.78639,0.783986,2,6315.07,-24.1957,674.005,54.9103,11881.6,2255.37
3,2.798,0.791417,1,150.373,-36.4399,664.047,54.03,11881.6,2217.24
3,2.798,0.791417,2,6258.45,-24.1896,664.047,54.03,11881.6,2217.24
3,2.80961,0.798847,1,147.689,-36.3629,654.095,53.1503,11881.6,2179.12
3,2.80961,0.798847,2,6258.45,-24.1905,654.095,53.1503,11881.6,2179.12
3,2.82122,0.806278,1,146.365,-36.4206,644.201,52.2769,11881.6,2141.32
3,2.82122,0.806278,2,6202.34,-24.2011,644.201,52.2769,11881.6,2141.32
3,2.83283,0.813708,1,143.752,-36.474,634.347,51.4062,11881.6,2103.64
3,2.83283,0.813708,2,6146.73,-24.2081,634.347,51.4062,11881.6,2103.64
3,2.84444,0.821139,1,141.186,-36.4836,624.609,50.5462,11881.6,2066.52
3,2.84444,0.821139,2,6091.62,-24.2126,624.609,50.5462,11881.6,2066.52
3,2.85605,0.828569,1,138.666,-36.4575,614.947,49.6921,11881.6,2029.65
3,2.85605,0.828569,2,6037,-24.2149,614.947,49.6921,11881.6,2029.65
3,2.86766,0.835999,1,136.19,-36.3964,605.452,48.8542,11881.6,1993.54
3,2.86766,0.835999,2,5982.88,-24.2152,605.452,48.8542,11881.6,1993.54
3,2.87927,0.84343,1,134.969,-36.4326,596.078,48.026,11881.6,1957.87
3,2.87927,0.84343,2,5929.24,-24.214,596.078,48.026,11881.6,1957.87
3,2.89088,0.85086,1,132.56,-36.4947,586.901,47.2165,11881.6,1923.06
3,2.89088,0.85086,2,5876.08,-24.211,586.901,47.2165,11881.6,1923.06
3,2.90249,0.858291,1,130.194,-36.521,577.908,46.4231,11881.6,1888.95
3,2.90249,0.858291,2,5876.08,-24.209,577.908,46.4231,11881.6,1888.95
3,2.9141,0.865721,1,127.869,-36.5052,569.117,45.6479,11881.6,1855.67
3,2.9141,0.865721,2,5823.39,-24.2183,569.117,45.6479,11881.6,1855.67
3,2.92571,0.873152,1,125.587,-36.4357,560.581,44.8959,11881.6,1823.43
3,2.92571,0.873152,2,5771.18,-24.2257,560.581,44.8959,11881.6,1823.43
3,2.93732,0.880582,1,124.461,-36.4868,552.258,44.1616,11881.6,1791.95
3,2.93732,0.880582,2,5719.44,-24.2308,552.258,44.1616,11881.6,1791.95
3,2.94893,0.888013,1,122.239,-36.5477,544.233,43.4565,11881.6,1761.78
3,2.94893,0.888013,2,5668.16,-24.2332,544.233,43.4565,11881.6,1761.78
3,2.96054,0.895443,1,120.057,-36.5139,536.483,42.7742,11881.6,1732.6
3,2.96054,0.895443,2,5617.34,-24.232,536.483,42.7742,11881.6,1732.6
3,2.97215,0.902873,1,118.981,-36.4864,529.005,42.1155,11881.6,1704.49
3,2.97215,0.902873,2,5566.98,-24.2264,529.005,42.1155,11881.6,1704.49
3,2.98376,0.910304,1,116.857,-36.5672,521.862,41.4898,11881.6,1677.76
3,2.98376,0.910304,2,5566.98,-24.2315,521.862,41.4898,11881.6,1677.76
3,2.99537,0.917734,1,114.771,-36.4559,515.039,40.8893,11881.6,1652.18
3,2.99537,0.917734,2,5517.06,-24.2403,515.039,40.8893,11881.6,1652.18
3,3.00698,0.925165,1,113.742,-36.576,508.531,40.3183,11881.6,1627.82
3,3.00698,0.925165,2,5467.6,-24.242,508.531,40.3183,11881.6,1627.82
3,3.01859,0.932595,1,112.722,-36.4738,502.378,39.7802,11881.6,1604.91
3,3.01859,0.932595,2,5418.58,-24.2341,502.378,39.7802,11881.6,1604.91
3,3.0302,0.940026,1,110.71,-36.5736,496.594,39.2728,11881.6,1583.35
3,3.0302,0.940026,2,5418.58,-24.2428,496.594,39.2728,11881.6,1583.35
3,3.04181,0.947456,1,109.717,-36.5857,491.162,38.7957,11881.6,1563.09
3,3.04181,0.947456,2,5370,-24.2471,491.162,38.7957,11881.6,1563.09
3,3.05342,0.954886,1,108.733,-36.5339,486.099,38.3528,11881.6,1544.27
3,3.05342,0.954886,2,5370,-24.2356,486.099,38.3528,11881.6,1544.27
3,3.06503,0.962317,1,107.758,-36.4746,481.411,37.9444,11881.6,1526.92
3,3.06503,0.962317,2,5321.85,-24.2503,481.411,37.9444,11881.6,1526.92
3,3.07664,0.969747,1,105.835,-36.5012,477.127,37.5692,11881.6,1511.06
3,3.07664,0.969747,2,5274.14,-24.242,477.127,37.5692,11881.6,1511.06
3,3.08825,0.977178,1,104.886,-36.4888,473.239,37.2294,11881.6,1496.65
3,3.08825,0.977178,2,5274.14,-24.2525,473.239,37.2294,11881.6,1496.65
3,3.09986,0.984608,1,104.886,-36.5327,469.745,36.9236,11881.6,1483.69
3,3.09986,0.984608,2,5274.14,-24.2406,469.745,36.9236,11881.6,1483.69
3,3.11147,0.992039,1,103.946,-36.5998,466.645,36.6524,11881.6,1472.18
3,3.11147,0.992039,2,5226.85,-24.2539,466.645,36.6524,11881.6,1472.18
3,3.12308,0.999469,1,103.014,-36.609,463.961,36.419,11881.6,1462.31
3,3.12308,0.999469,2,5226.85,-24.2527,463.961,36.419,11881.6,1462.31
4,0,0.00141013,1,114.771,-36.4848,514.774,40.8661,11881.6,1651.19
4,0,0.00141013,2,5517.06,-24.2399,514.774,40.8661,11881.6,1651.19
4,0.00653061,0.0084632,1,114.771,-36.565,512.397,40.6574,11881.6,1642.27
4,0.00653061,0.0084632,2,5517.06,-24.2313,512.397,40.6574,11881.6,1642.27
4,0.0130612,0.0155163,1,113.742,-36.5033,510.279,40.471,11881.6,1634.32
4,0.0130612,0.0155163,2,5467.6,-24.236,510.279,40.471,11881.6,1634.32
4,0.0195918,0.0225693,1,113.742,-36.5767,508.432,40.309,11881.6,1627.45
4,0.0195918,0.0225693,2,5467.6,-24.2421,508.432,40.309,11881.6,1627.45
4,0.0261224,0.0296224,1,113.742,-36.4895,506.847,40.171,11881.6,1621.55
4,0.0261224,0.0296224,2,5467.6,-24.2433,506.847,40.171,11881.6,1621.55
4,0.0326531,0.0366755,1,112.722,-36.541,505.529,40.0557,11881.6,1616.65
4,0.0326531,0.0366755,2,5467.6,-24.2413,505.529,40.0557,11881.6,1616.65
4,0.0391837,0.0437285,1,112.722,-36.5817,504.482,39.9636,11881.6,1612.75
4,0.0391837,0.0437285,2,5467.6,-24.2378,504.482,39.9636,11881.6,1612.75
4,0.0457143,0.0507816,1,112.722,-36.5709,503.708,39.8959,11881.6,1609.87
4,0.0457143,0.0507816,2,5467.6,-24.2342,503.708,39.8959,11881.6,1609.87
4,0.0522449,0.0578347,1,112.722,-36.544,503.216,39.853,11881.6,1608.03
4,0.0522449,0.0578347,2,5467.6,-24.2314,503.216,39.853,11881.6,1608.03
4,0.0587755,0.0648878,1,112.722,-36.5412,503.164,39.8483,11881.6,1607.84
4,0.0587755,0.0648878,2,5467.6,-24.2311,503.164,39.8483,11881.6,1607.84
4,0.0653061,0.0719408,1,112.722,-36.5799,504.118,39.9325,11881.6,1611.39
4,0.0653061,0.0719408,2,5467.6,-24.2362,504.118,39.9325,11881.6,1611.39
4,0.0718367,0.0789939,1,112.722,-36.5259,505.722,40.0726,11881.6,1617.36
4,0.0718367,0.0789939,2,5467.6,-24.2418,505.722,40.0726,11881.6,1617.36
4,0.0783673,0.0860469,1,113.742,-36.5573,507.787,40.2527,11881.6,1625.05
4,0.0783673,0.0860469,2,5467.6,-24.2431,507.787,40.2527,11881.6,1625.05
4,0.084898,0.0931,1,113.742,-36.5065,510.238,40.4677,11881.6,1634.17
4,0.084898,0.0931,2,5467.6,-24.2362,510.238,40.4677,11881.6,1634.17
4,0.0914286,0.100153,1,114.771,-36.5747,513.043,40.7138,11881.6,1644.69
4,0.0914286,0.100153,2,5517.06,-24.2345,513.043,40.7138,11881.6,1644.69
4,0.0979592,0.107206,1,115.809,-36.532,516.157,40.9877,11881.6,1656.37
4,0.0979592,0.107206,2,5517.06,-24.241,516.157,40.9877,11881.6,1656.37
4,0.10449,0.114259,1,115.809,-36.4378,519.554,41.2861,11881.6,1669.11
4,0.10449,0.114259,2,5517.06,-24.2313,519.554,41.2861,11881.6,1669.11
4,0.11102,0.121312,1,116.857,-36.5066,523.239,41.6105,11881.6,1682.91
4,0.11102,0.121312,2,5566.98,-24.2364,523.239,41.6105,11881.6,1682.91
4,0.117551,0.128365,1,117.914,-36.5367,527.205,41.959,11881.6,1697.76
4,0.117551,0.128365,2,5566.98,-24.2348,527.205,41.959,11881.6,1697.76
4,0.124082,0.135418,1,118.981,-36.5459,531.41,42.3268,11881.6,1713.49
4,0.124082,0.135418,2,5617.34,-24.2308,531.41,42.3268,11881.6,1713.49
4,0.130612,0.142471,1,120.057,-36.546,535.858,42.7187,11881.6,1730.25
4,0.130612,0.142471,2,5617.34,-24.2339,535.858,42.7187,11881.6,1730.25
4,0.137143,0.149525,1,121.143,-36.5377,540.519,43.1299,11881.6,1747.8
4,0.137143,0.149525,2,5668.16,-24.2276,540.519,43.1299,11881.6,1747.8
4,0.143673,0.156578,1,122.239,-36.5232,545.406,43.5601,11881.6,1766.2
4,0.143673,0.156578,2,5668.16,-24.2308,545.406,43.5601,11881.6,1766.2
4,0.150204,0.163631,1,123.345,-36.4918,550.525,44.0101,11881.6,1785.44
4,0.150204,0.163631,2,5719.44,-24.2271,550.525,44.0101,11881.6,1785.44
4,0.156735,0.170684,1,124.461,-36.4389,555.84,44.4774,11881.6,1805.49
4,0.156735,0.170684,2,5719.44,-24.2252,555.84,44.4774,11881.6,1805.49
4,0.163265,0.177737,1,126.723,-36.4463,561.329,44.962,11881.6,1826.26
4,0.163265,0.177737,2,5771.18,-24.2274,561.329,44.962,11881.6,1826.26
4,0.169796,0.18479,1,127.869,-36.5005,567,45.4618,11881.6,1847.68
4,0.169796,0.18479,2,5771.18,-24.2154,567,45.4618,11881.6,1847.68
4,0.176327,0.191843,1,129.026,-36.5252,572.863,45.978,11881.6,1869.8
4,0.176327,0.191843,2,5823.39,-24.2259,572.863,45.978,11881.6,1869.8
4,0.182857,0.198896,1,130.194,-36.5006,578.888,46.5094,11881.6,1892.67
4,0.182857,0.198896,2,5876.08,-24.2144,578.888,46.5094,11881.6,1892.67
4,0.189388,0.205949,1,131.371,-36.4159,585.029,47.0518,11881.6,1915.96
4,0.189388,0.205949,2,5876.08,-24.2194,585.029,47.0518,11881.6,1915.96
4,0.195918,0.213002,1,133.759,-36.4611,591.333,47.6078,11881.6,1939.84
4,0.195918,0.213002,2,5929.24,-24.2193,591.333,47.6078,11881.6,1939.84
4,0.202449,0.220055,1,134.969,-36.5048,597.774,48.1764,11881.6,1964.33
4,0.202449,0.220055,2,5929.24,-24.2051,597.774,48.1764,11881.6,1964.33
4,0.20898,0.227108,1,136.19,-36.4742,604.303,48.7527,11881.6,1989.18
4,0.20898,0.227108,2,5982.88,-24.2175,604.303,48.7527,11881.6,1989.18
4,0.21551,0.234161,1,137.422,-36.3673,610.931,49.3374,11881.6,2014.36
4,0.21551,0.234161,2,6037,-24.2094,610.931,49.3374,11881.6,2014.36
4,0.222041,0.241215,1,139.92,-36.4677,617.677,49.9335,11881.6,2040.07
4,0.222041,0.241215,2,6037,-24.2071,617.677,49.9335,11881.6,2040.07
4,0.228571,0.248268,1,141.186,-36.4844,624.473,50.5344,11881.6,2066
4,0.228571,0.248268,2,6091.62,-24.2125,624.473,50.5344,11881.6,2066
4,0.235102,0.255321,1,142.463,-36.4272,631.313,51.1374,11881.6,2092.05
4,0.235102,0.255321,2,6146.73,-24.1964,631.313,51.1374,11881.6,2092.05
4,0.241633,0.262374,1,145.053,-36.3947,638.243,51.751,11881.6,2118.54
4,0.241633,0.262374,2,6146.73,-24.207,638.243,51.751,11881.6,2118.54
4,0.248163,0.269427,1,146.365,-36.4624,645.179,52.3633,11881.6,2145.05
4,0.248163,0.269427,2,6202.34,-24.2042,645.179,52.3633,11881.6,2145.05
4,0.254694,0.27648,1,147.689,-36.4634,652.113,52.9758,11881.6,2171.52
4,0.254694,0.27648,2,6202.34,-24.1942,652.113,52.9758,11881.6,2171.52
4,0.261224,0.283533,1,149.025,-36.4057,659.101,53.5933,11881.6,2198.31
4,0.261224,0.283533,2,6258.45,-24.2043,659.101,53.5933,11881.6,2198.31
4,0.267755,0.290586,1,151.734,-36.3571,666.05,54.2079,11881.6,2224.9
4,0.267755,0.290586,2,6315.07,-24.1886,666.05,54.2079,11881.6,2224.9
4,0.274286,0.297639,1,153.106,-36.4228,672.952,54.8167,11881.6,2251.33
4,0.274286,0.297639,2,6315.07,-24.1988,672.952,54.8167,11881.6,2251.33
4,0.280816,0.304692,1,154.492,-36.4489,679.856,55.4272,11881.6,2277.82
4,0.280816,0.304692,2,6372.2,-24.1934,679.856,55.4272,11881.6,2277.82
4,0.287347,0.311745,1,155.889,-36.4422,686.678,56.0298,11881.6,2303.95
4,0.287347,0.311745,2,6372.2,-24.1906,686.678,56.0298,11881.6,2303.95
4,0.293878,0.318798,1,157.3,-36.4163,693.427,56.6257,11881.6,2329.86
4,0.293878,0.318798,2,6429.85,-24.1938,693.427,56.6257,11881.6,2329.86
4,0.300408,0.325851,1,158.723,-36.381,700.122,57.2161,11881.6,2355.57
4,0.300408,0.325851,2,6429.85,-24.1826,700.122,57.2161,11881.6,2355.57
4,0.306939,0.332904,1,160.159,-36.3452,706.699,57.7969,11881.6,2380.77
4,0.306939,0.332904,2,6488.02,-24.1919,706.699,57.7969,11881.6,2380.77
4,0.313469,0.339957,1,161.608,-36.3182,713.158,58.3676,11881.6,2405.63
4,0.313469,0.339957,2,6488.02,-24.1774,713.158,58.3676,11881.6,2405.63
4,0.32,0.347011,1,163.07,-36.3028,719.518,58.9287,11881.6,2430.05
4,0.32,0.347011,2,6546.72,-24.1889,719.518,58.9287,11881.6,2430.05
4,0.326531,0.354064,1,164.545,-36.3039,725.73,59.4758,11881.6,2453.9
4,0.326531,0.354064,2,6546.72,-24.1763,725.73,59.4758,11881.6,2453.9
4,0.333061,0.361117,1,166.033,-36.3205,731.779,60.01,11881.6,2477.18
4,0.333061,0.361117,2,6605.94,-24.1846,731.779,60.01,11881.6,2477.18
4,0.339592,0.36817,1,167.536,-36.3486,737.674,60.5294,11881.6,2499.83
4,0.339592,0.36817,2,6605.94,-24.1788,737.674,60.5294,11881.6,2499.83
4,0.346122,0.375223,1,169.051,-36.381,743.404,61.0336,11881.6,2521.85
4,0.346122,0.375223,2,6665.71,-24.1765,743.404,61.0336,11881.6,2521.85
4,0.352653,0.382276,1,170.581,-36.4057,748.936,61.5219,11881.6,2543.15
4,0.352653,0.382276,2,6665.71,-24.1819,748.936,61.5219,11881.6,2543.15
4,0.359184,0.389329,1,172.124,-36.4057,754.252,61.9899,11881.6,2563.58
4,0.359184,0.389329,2,6726.01,-24.1594,754.252,61.9899,11881.6,2563.58
4,0.365714,0.396382,1,173.681,-36.359,759.384,62.4415,11881.6,2583.29
4,0.365714,0.396382,2,6726.01,-24.1793,759.384,62.4415,11881.6,2583.29
4,0.372245,0.403435,1,173.681,-36.3032,764.3,62.8746,11881.6,2602.23
4,0.372245,0.403435,2,6726.01,-24.1746,764.3,62.8746,11881.6,2602.23
4,0.378776,0.410488,1,175.252,-36.3917,768.969,63.2861,11881.6,2620.19
4,0.378776,0.410488,2,6786.86,-24.1611,768.969,63.2861,11881.6,2620.19
4,0.385306,0.417541,1,176.838,-36.3782,773.383,63.6724,11881.6,2637.14
4,0.385306,0.417541,2,6786.86,-24.1762,773.383,63.6724,11881.6,2637.14
4,0.391837,0.424594,1,176.838,-36.3083,777.57,64.0414,11881.6,2653.25
4,0.391837,0.424594,2,6786.86,-24.1737,777.57,64.0414,11881.6,2653.25
4,0.398367,0.431647,1,178.438,-36.3955,781.51,64.3884,11881.6,2668.42
4,0.398367,0.431647,2,6786.86,-24.1563,781.51,64.3884,11881.6,2668.42
4,0.404898,0.4387,1,180.052,-36.2794,785.175,64.7097,11881.6,2682.51
4,0.404898,0.4387,2,6848.26,-24.1668,785.175,64.7097,11881.6,2682.51
4,0.411429,0.445754,1,180.052,-36.391,788.557,65.0073,11881.6,2695.51
4,0.411429,0.445754,2,6848.26,-24.1739,788.557,65.0073,11881.6,2695.51
4,0.417959,0.452807,1,180.052,-36.2764,791.654,65.2788,11881.6,2707.39
4,0.417959,0.452807,2,6848.26,-24.1711,791.654,65.2788,11881.6,2707.39
4,0.42449,0.45986,1,181.681,-36.3815,794.467,65.5259,11881.6,2718.23
4,0.42449,0.45986,2,6848.26,-24.1609,794.467,65.5259,11881.6,2718.23
4,0.43102,0.466913,1,181.681,-36.3581,797.004,65.7492,11881.6,2728
4,0.43102,0.466913,2,6910.21,-24.1505,797.004,65.7492,11881.6,2728
4,0.437551,0.473966,1,183.324,-36.2877,799.247,65.9456,11881.6,2736.63
4,0.437551,0.473966,2,6910.21,-24.1618,799.247,65.9456,11881.6,2736.63
4,0.444082,0.481019,1,183.324,-36.3724,801.186,66.1162,11881.6,2744.08
4,0.444082,0.481019,2,6910.21,-24.1679,801.186,66.1162,11881.6,2744.08
4,0.450612,0.488072,1,183.324,-36.3828,802.817,66.2593,11881.6,2750.35
4,0.450612,0.488072,2,6910.21,-24.1704,802.817,66.2593,11881.6,2750.35
4,0.457143,0.495125,1,183.324,-36.3496,804.14,66.3751,11881.6,2755.42
4,0.457143,0.495125,2,6910.21,-24.1707,804.14,66.3751,11881.6,2755.42
4,0.463673,0.502178,1,183.324,-36.3008,805.149,66.4637,11881.6,2759.3
4,0.463673,0.502178,2,6910.21,-24.1699,805.149,66.4637,11881.6,2759.3
4,0.470204,0.509231,1,183.324,-36.2549,805.847,66.5241,11881.6,2761.98
4,0.470204,0.509231,2,6910.21,-24.1688,805.847,66.5241,11881.6,2761.98
4,0.476735,0.516284,1,184.983,-36.2804,806.232,66.5579,11881.6,2763.45
4,0.476735,0.516284,2,6910.21,-24.168,806.232,66.5579,11881.6,2763.45
4,0.483265,0.523337,1,184.983,-36.2859,806.323,66.5664,11881.6,2763.8
4,0.483265,0.523337,2,6910.21,-24.1678,806.323,66.5664,11881.6,2763.8
4,0.489796,0.53039,1,184.983,-36.2846,806.291,66.5638,11881.6,2763.68
4,0.489796,0.53039,2,6910.21,-24.1678,806.291,66.5638,11881.6,2763.68
4,0.496327,0.537443,1,184.983,-36.277,806.179,66.5541,11881.6,2763.25
4,0.496327,0.537443,2,6910.21,-24.1681,806.179,66.5541,11881.6,2763.25
4,0.502857,0.544496,1,184.983,-36.2628,805.956,66.5338,11881.6,2762.39
4,0.502857,0.544496,2,6910.21,-24.1686,805.956,66.5338,11881.6,2762.39
4,0.509388,0.55155,1,183.324,-36.2724,805.594,66.5018,11881.6,2761
4,0.509388,0.55155,2,6910.21,-24.1693,805.594,66.5018,11881.6,2761
4,0.515918,0.558603,1,183.324,-36.3049,805.074,66.457,11881.6,2759.01
4,0.515918,0.558603,2,6910.21,-24.17,805.074,66.457,11881.6,2759.01
4,0.522449,0.565656,1,183.324,-36.3405,804.376,66.3949,11881.6,2756.33
4,0.522449,0.565656,2,6910.21,-24.1706,804.376,66.3949,11881.6,2756.33
4,0.52898,0.572709,1,183.324,-36.37,803.487,66.3176,11881.6,2752.92
4,0.52898,0.572709,2,6910.21,-24.1708,803.487,66.3176,11881.6,2752.92
4,0.53551,0.579762,1,183.324,-36.3864,802.392,66.2209,11881.6,2748.71
4,0.53551,0.579762,2,6910.21,-24.17,802.392,66.2209,11881.6,2748.71
4,0.542041,0.586815,1,183.324,-36.3698,801.081,66.1073,11881.6,2743.68
4,0.542041,0.586815,2,6910.21,-24.1676,801.081,66.1073,11881.6,2743.68
4,0.548571,0.593868,1,183.324,-36.3055,799.547,65.9718,11881.6,2737.78
4,0.548571,0.593868,2,6910.21,-24.1629,799.547,65.9718,11881.6,2737.78
4,0.555102,0.600921,1,181.681,-36.3232,797.781,65.8172,11881.6,2730.99
4,0.555102,0.600921,2,6910.21,-24.1549,797.781,65.8172,11881.6,2730.99
4,0.561633,0.607974,1,181.681,-36.3858,795.787,65.642,11881.6,2723.32
4,0.561633,0.607974,2,6848.26,-24.1537,795.787,65.642,11881.6,2723.32
4,0.568163,0.615027,1,181.681,-36.3557,793.56,65.446,11881.6,2714.74
4,0.568163,0.615027,2,6848.26,-24.165,793.56,65.446,11881.6,2714.74
4,0.574694,0.62208,1,180.052,-36.3132,791.092,65.2286,11881.6,2705.23
4,0.574694,0.62208,2,6848.26,-24.1722,791.092,65.2286,11881.6,2705.23
4,0.581224,0.629133,1,180.052,-36.392,788.389,64.9921,11881.6,2694.86
4,0.581224,0.629133,2,6848.26,-24.1738,788.389,64.9921,11881.6,2694.86
4,0.587755,0.636186,1,180.052,-36.2959,785.441,64.7333,11881.6,2683.54
4,0.587755,0.636186,2,6848.26,-24.1678,785.441,64.7333,11881.6,2683.54
4,0.594286,0.643239,1,178.438,-36.389,782.25,64.4534,11881.6,2671.27
4,0.594286,0.643239,2,6848.26,-24.1523,782.25,64.4534,11881.6,2671.27
4,0.600816,0.650293,1,178.438,-36.3135,778.82,64.1511,11881.6,2658.06
4,0.600816,0.650293,2,6786.86,-24.1697,778.82,64.1511,11881.6,2658.06
4,0.607347,0.657346,1,176.838,-36.3968,775.163,63.8299,11881.6,2643.97
4,0.607347,0.657346,2,6786.86,-24.1771,775.163,63.8299,11881.6,2643.97
4,0.613878,0.664399,1,175.252,-36.2793,771.289,63.4892,11881.6,2629.1
4,0.613878,0.664399,2,6786.86,-24.1713,771.289,63.4892,11881.6,2629.1
4,0.620408,0.671452,1,175.252,-36.3939,767.185,63.1283,11881.6,2613.33
4,0.620408,0.671452,2,6726.01,-24.1611,767.185,63.1283,11881.6,2613.33
4,0.626939,0.678505,1,173.681,-36.3793,762.855,62.7467,11881.6,2596.67
4,0.626939,0.678505,2,6726.01,-24.1784,762.855,62.7467,11881.6,2596.67
4,0.633469,0.685558,1,173.681,-36.2966,758.316,62.347,11881.6,2579.18
4,0.633469,0.685558,2,6726.01,-24.1773,758.316,62.347,11881.6,2579.18
4,0.64,0.692611,1,172.124,-36.3919,753.591,61.9321,11881.6,2561.04
4,0.64,0.692611,2,6665.71,-24.1631,753.591,61.9321,11881.6,2561.04
4,0.646531,0.699664,1,170.581,-36.4098,748.663,61.4978,11881.6,2542.1
4,0.646531,0.699664,2,6665.71,-24.1823,748.663,61.4978,11881.6,2542.1
4,0.653061,0.706717,1,169.051,-36.3752,743.535,61.0455,11881.6,2522.35
4,0.653061,0.706717,2,6665.71,-24.177,743.535,61.0455,11881.6,2522.35
4,0.659592,0.71377,1,167.536,-36.3114,738.243,60.5796,11881.6,2502.01
4,0.659592,0.71377,2,6605.94,-24.1764,738.243,60.5796,11881.6,2502.01
4,0.666122,0.720823,1,167.536,-36.3372,732.789,60.0994,11881.6,2481.07
4,0.666122,0.720823,2,6605.94,-24.1861,732.789,60.0994,11881.6,2481.07
4,0.672653,0.727876,1,166.033,-36.3802,727.166,59.6028,11881.6,2459.43
4,0.672653,0.727876,2,6546.72,-24.1677,727.166,59.6028,11881.6,2459.43
4,0.679184,0.734929,1,164.545,-36.404,721.395,59.094,11881.6,2437.25
4,0.679184,0.734929,2,6546.72,-24.1893,721.395,59.094,11881.6,2437.25
4,0.685714,0.741982,1,163.07,-36.4182,715.503,58.5739,11881.6,2414.64
4,0.685714,0.741982,2,6546.72,-24.176,715.503,58.5739,11881.6,2414.64
4,0.692245,0.749036,1,161.608,-36.4246,709.477,58.0424,11881.6,2391.47
4,0.692245,0.749036,2,6488.02,-24.1911,709.477,58.0424,11881.6,2391.47
4,0.698776,0.756089,1,160.159,-36.4271,703.335,57.5008,11881.6,2367.88
4,0.698776,0.756089,2,6488.02,-24.1821,703.335,57.5008,11881.6,2367.88
4,0.705306,0.763142,1,158.723,-36.4273,697.104,56.9504,11881.6,2343.99
4,0.705306,0.763142,2,6429.85,-24.1936,697.104,56.9504,11881.6,2343.99
4,0.711837,0.770195,1,157.3,-36.42,690.781,56.3912,11881.6,2319.69
4,0.711837,0.770195,2,6429.85,-24.185,690.781,56.3912,11881.6,2319.69
4,0.718367,0.777248,1,155.889,-36.4029,684.379,55.8266,11881.6,2295.15
4,0.718367,0.777248,2,6372.2,-24.1973,684.379,55.8266,11881.6,2295.15
4,0.724898,0.784301,1,154.492,-36.372,677.917,55.2556,11881.6,2270.39
4,0.724898,0.784301,2,6372.2,-24.1849,677.917,55.2556,11881.6,2270.39
4,0.731429,0.791354,1,151.734,-36.3357,671.407,54.6797,11881.6,2245.39
4,0.731429,0.791354,2,6315.07,-24.2012,671.407,54.6797,11881.6,2245.39
4,0.737959,0.798407,1,150.373,-36.3963,664.867,54.1029,11881.6,2220.38
4,0.737959,0.798407,2,6258.45,-24.1845,664.867,54.1029,11881.6,2220.38
4,0.74449,0.80546,1,149.025,-36.4446,658.297,53.5229,11881.6,2195.23
4,0.74449,0.80546,2,6258.45,-24.204,658.297,53.5229,11881.6,2195.23
4,0.75102,0.812513,1,147.689,-36.4682,651.717,52.9403,11881.6,2170
4,0.75102,0.812513,2,6202.34,-24.1963,651.717,52.9403,11881.6,2170
4,0.757551,0.819566,1,146.365,-36.4613,645.152,52.3612,11881.6,2144.95
4,0.757551,0.819566,2,6202.34,-24.2041,645.152,52.3612,11881.6,2144.95
4,0.764082,0.826619,1,145.053,-36.4167,638.588,51.7817,11881.6,2119.87
4,0.764082,0.826619,2,6146.73,-24.206,638.588,51.7817,11881.6,2119.87
4,0.770612,0.833672,1,142.463,-36.3705,632.059,51.204,11881.6,2094.89
4,0.770612,0.833672,2,6146.73,-24.2003,632.059,51.204,11881.6,2094.89
4,0.777143,0.840725,1,141.186,-36.4487,625.588,50.6334,11881.6,2070.25
4,0.777143,0.840725,2,6091.62,-24.2124,625.588,50.6334,11881.6,2070.25
4,0.783673,0.847778,1,139.92,-36.4893,619.151,50.0642,11881.6,2045.7
4,0.783673,0.847778,2,6037,-24.199,619.151,50.0642,11881.6,2045.7
4,0.790204,0.854832,1,138.666,-36.4836,612.788,49.5009,11881.6,2021.4
4,0.790204,0.854832,2,6037,-24.2144,612.788,49.5009,11881.6,2021.4
4,0.796735,0.861885,1,137.422,-36.4385,606.524,48.949,11881.6,1997.62
4,0.796735,0.861885,2,5982.88,-24.2116,606.524,48.949,11881.6,1997.62
4,0.803265,0.868938,1,134.969,-36.3956,600.338,48.4026,11881.6,1974.09
4,0.803265,0.868938,2,5982.88,-24.2124,600.338,48.4026,11881.6,1974.09
4,0.809796,0.875991,1,133.759,-36.4723,594.243,47.8643,11881.6,1950.88
4,0.809796,0.875991,2,5929.24,-24.2195,594.243,47.8643,11881.6,1950.88
4,0.816327,0.883044,1,132.56,-36.5092,588.293,47.3399,11881.6,1928.33
4,0.816327,0.883044,2,5929.24,-24.2073,588.293,47.3399,11881.6,1928.33
4,0.822857,0.890097,1,131.371,-36.5132,582.466,46.8261,11881.6,1906.25
4,0.822857,0.890097,2,5876.08,-24.2234,582.466,46.8261,11881.6,1906.25
4,0.829388,0.89715,1,130.194,-36.4939,576.76,46.3216,11881.6,1884.59
4,0.829388,0.89715,2,5823.39,-24.2138,576.76,46.3216,11881.6,1884.59
4,0.835918,0.904203,1,129.026,-36.4549,571.207,45.8323,11881.6,1863.55
4,0.835918,0.904203,2,5823.39,-24.2249,571.207,45.8323,11881.6,1863.55
4,0.842449,0.911256,1,127.869,-36.4147,565.834,45.3586,11881.6,1843.28
4,0.842449,0.911256,2,5771.18,-24.2215,565.834,45.3586,11881.6,1843.28
4,0.84898,0.918309,1,125.587,-36.4314,560.623,44.9001,11881.6,1823.59
4,0.84898,0.918309,2,5771.18,-24.2259,560.623,44.9001,11881.6,1823.59
4,0.85551,0.925362,1,124.461,-36.4623,555.577,44.4547,11881.6,1804.5
4,0.85551,0.925362,2,5719.44,-24.2262,555.577,44.4547,11881.6,1804.5
4,0.862041,0.932415,1,123.345,-36.4786,550.716,44.0261,11881.6,1786.16
4,0.862041,0.932415,2,5719.44,-24.2277,550.716,44.0261,11881.6,1786.16
4,0.868571,0.939468,1,122.239,-36.4796,546.072,43.6186,11881.6,1768.7
4,0.868571,0.939468,2,5668.16,-24.2286,546.072,43.6186,11881.6,1768.7
4,0.875102,0.946521,1,121.143,-36.4682,541.633,43.2271,11881.6,1752
4,0.875102,0.946521,2,5668.16,-24.2314,541.633,43.2271,11881.6,1752
4,0.881633,0.953575,1,120.057,-36.4366,537.398,42.855,11881.6,1736.05
4,0.881633,0.953575,2,5617.34,-24.2282,537.398,42.855,11881.6,1736.05
4,0.888163,0.960628,1,120.057,-36.468,533.374,42.5006,11881.6,1720.88
4,0.888163,0.960628,2,5617.34,-24.2357,533.374,42.5006,11881.6,1720.88
4,0.894694,0.967681,1,118.981,-36.5267,529.577,42.1661,11881.6,1706.63
4,0.894694,0.967681,2,5566.98,-24.2227,529.577,42.1661,11881.6,1706.63
4,0.901224,0.974734,1,117.914,-36.5616,526.016,41.8542,11881.6,1693.31
4,0.901224,0.974734,2,5566.98,-24.2377,526.016,41.8542,11881.6,1693.31
4,0.907755,0.981787,1,116.857,-36.5415,522.702,41.563,11881.6,1680.9
4,0.907755,0.981787,2,5566.98,-24.2348,522.702,41.563,11881.6,1680.9
4,0.914286,0.98884,1,116.857,-36.4471,519.632,41.2937,11881.6,1669.4
4,0.914286,0.98884,2,5517.06,-24.2308,519.632,41.2937,11881.6,1669.4
4,0.920816,0.995893,1,115.809,-36.5627,516.808,41.045,11881.6,1658.82
4,0.920816,0.995893,2,5517.06,-24.2405,516.808,41.045,11881.6,1658.82
4,0.927347,0.00294602,1,114.771,-36.5286,514.234,40.8194,11881.6,1649.16
4,0.927347,0.00294602,2,5517.06,-24.2387,514.234,40.8194,11881.6,1649.16
4,0.933878,0.0099991,1,114.771,-36.5435,511.914,40.6149,11881.6,1640.46
4,0.933878,0.0099991,2,5517.06,-24.2285,511.914,40.6149,11881.6,1640.46
4,0.940408,0.0170522,1,113.742,-36.5364,509.854,40.434,11881.6,1632.74
4,0.940408,0.0170522,2,5467.6,-24.2379,509.854,40.434,11881.6,1632.74
4,0.946939,0.0241053,1,113.742,-36.5682,508.064,40.2766,11881.6,1626.08
4,0.946939,0.0241053,2,5467.6,-24.2428,508.064,40.2766,11881.6,1626.08
4,0.953469,0.0311583,1,113.742,-36.4538,506.537,40.1433,11881.6,1620.4
4,0.953469,0.0311583,2,5467.6,-24.2431,506.537,40.1433,11881.6,1620.4
4,0.96,0.0382113,1,112.722,-36.5566,505.278,40.0339,11881.6,1615.71
4,0.96,0.0382113,2,5467.6,-24.2406,505.278,40.0339,11881.6,1615.71
4,0.966531,0.0452644,1,112.722,-36.5815,504.29,39.9476,11881.6,1612.04
4,0.966531,0.0452644,2,5467.6,-24.237,504.29,39.9476,11881.6,1612.04
4,0.973061,0.0523175,1,112.722,-36.5624,503.576,39.8841,11881.6,1609.37
4,0.973061,0.0523175,2,5467.6,-24.2335,503.576,39.8841,11881.6,1609.37
4,0.979592,0.0593706,1,112.722,-36.5413,503.154,39.8471,11881.6,1607.8
4,0.979592,0.0593706,2,5467.6,-24.231,503.154,39.8471,11881.6,1607.8
4,0.986122,0.0664237,1,112.722,-36.55,503.294,39.8597,11881.6,1608.32
4,0.986122,0.0664237,2,5467.6,-24.2319,503.294,39.8597,11881.6,1608.32
4,0.992653,0.0734767,1,112.722,-36.5815,504.422,39.9581,11881.6,1612.52
4,0.992653,0.0734767,2,5467.6,-24.2376,504.422,39.9581,11881.6,1612.52
4,0.999184,0.0805298,1,112.722,-36.4895,506.135,40.1079,11881.6,1618.9
4,0.999184,0.0805298,2,5467.6,-24.2425,506.135,40.1079,11881.6,1618.9
4,1.00571,0.0875829,1,113.742,-36.5737,508.289,40.2968,11881.6,1626.92
4,1.00571,0.0875829,2,5467.6,-24.2424,508.289,40.2968,11881.6,1626.92
4,1.01224,0.0946359,1,113.742,-36.4451,510.82,40.5186,11881.6,1636.35
4,1.01224,0.0946359,2,5467.6,-24.2332,510.82,40.5186,11881.6,1636.35
4,1.01878,0.101689,1,114.771,-36.5594,513.696,40.7719,11881.6,1647.14
4,1.01878,0.101689,2,5517.06,-24.237,513.696,40.7719,11881.6,1647.14
4,1.02531,0.108742,1,115.809,-36.5646,516.873,41.0513,11881.6,1659.06
4,1.02531,0.108742,2,5517.06,-24.2404,516.873,41.0513,11881.6,1659.06
4,1.03184,0.115795,1,116.857,-36.5132,520.328,41.3547,11881.6,1672.01
4,1.03184,0.115795,2,5517.06,-24.2266,520.328,41.3547,11881.6,1672.01
4,1.03837,0.122848,1,117.914,-36.4455,524.081,41.6838,11881.6,1686.07
4,1.03837,0.122848,2,5566.98,-24.238,524.081,41.6838,11881.6,1686.07
4,1.0449,0.129901,1,117.914,-36.4698,528.101,42.0373,11881.6,1701.11
4,1.0449,0.129901,2,5566.98,-24.2312,528.101,42.0373,11881.6,1701.11
4,1.05143,0.136954,1,118.981,-36.4888,532.36,42.4102,11881.6,1717.06
4,1.05143,0.136954,2,5617.34,-24.2339,532.36,42.4102,11881.6,1717.06
4,1.05796,0.144007,1,120.057,-36.4878,536.856,42.8066,11881.6,1734.01
4,1.05796,0.144007,2,5617.34,-24.2306,536.856,42.8066,11881.6,1734.01
4,1.06449,0.15106,1,121.143,-36.4732,541.56,43.2212,11881.6,1751.72
4,1.06449,0.15106,2,5668.16,-24.2312,541.56,43.2212,11881.6,1751.72
4,1.07102,0.158114,1,122.239,-36.4411,546.505,43.6556,11881.6,1770.33
4,1.07102,0.158114,2,5668.16,-24.2268,546.505,43.6556,11881.6,1770.33
4,1.07755,0.165167,1,124.461,-36.4371,551.664,44.1094,11881.6,1789.72
4,1.07755,0.165167,2,5719.44,-24.23,551.664,44.1094,11881.6,1789.72
4,1.08408,0.17222,1,125.587,-36.4856,557.022,44.5818,11881.6,1809.97
4,1.08408,0.17222,2,5719.44,-24.2194,557.022,44.5818,11881.6,1809.97
4,1.09061,0.179273,1,126.723,-36.5199,562.545,45.0698,11881.6,1830.85
4,1.09061,0.179273,2,5771.18,-24.2286,562.545,45.0698,11881.6,1830.85
4,1.09714,0.186326,1,127.869,-36.5276,568.264,45.5733,11881.6,1852.45
4,1.09714,0.186326,2,5823.39,-24.2139,568.264,45.5733,11881.6,1852.45
4,1.10367,0.193379,1,129.026,-36.4938,574.163,46.0921,11881.6,1874.73
4,1.10367,0.193379,2,5823.39,-24.2242,574.163,46.0921,11881.6,1874.73
4,1.1102,0.200432,1,130.194,-36.4045,580.214,46.6278,11881.6,1897.71
4,1.1102,0.200432,2,5876.08,-24.2197,580.214,46.6278,11881.6,1897.71
4,1.11673,0.207485,1,132.56,-36.4699,586.387,47.171,11881.6,1921.11
4,1.11673,0.207485,2,5876.08,-24.2138,586.387,47.171,11881.6,1921.11
4,1.12327,0.214538,1,133.759,-36.5085,592.724,47.7304,11881.6,1945.11
4,1.12327,0.214538,2,5929.24,-24.2208,592.724,47.7304,11881.6,1945.11
4,1.1298,0.221591,1,134.969,-36.4774,599.19,48.3011,11881.6,1969.72
4,1.1298,0.221591,2,5982.88,-24.2072,599.19,48.3011,11881.6,1969.72
4,1.13633,0.228644,1,137.422,-36.3719,605.733,48.8791,11881.6,1994.62
4,1.13633,0.228644,2,5982.88,-24.2144,605.733,48.8791,11881.6,1994.62
4,1.14286,0.235697,1,138.666,-36.4699,612.391,49.4655,11881.6,2019.9
4,1.14286,0.235697,2,6037,-24.2137,612.391,49.4655,11881.6,2019.9
4,1.14939,0.24275,1,139.92,-36.4893,619.154,50.0642,11881.6,2045.71
4,1.14939,0.24275,2,6037,-24.199,619.154,50.0642,11881.6,2045.71
4,1.15592,0.249803,1,141.186,-36.4279,625.955,50.665,11881.6,2071.65
4,1.15592,0.249803,2,6091.62,-24.212,625.955,50.665,11881.6,2071.65
4,1.16245,0.256857,1,143.752,-36.3991,632.816,51.2705,11881.6,2097.77
4,1.16245,0.256857,2,6146.73,-24.2036,632.816,51.2705,11881.6,2097.77
4,1.16898,0.26391,1,145.053,-36.4682,639.754,51.885,11881.6,2124.33
4,1.16898,0.26391,2,6146.73,-24.2017,639.754,51.885,11881.6,2124.33
4,1.17551,0.270963,1,146.365,-36.4644,646.685,52.4961,11881.6,2150.81
4,1.17551,0.270963,2,6202.34,-24.2068,646.685,52.4961,11881.6,2150.81
4,1.18204,0.278016,1,147.689,-36.3967,653.634,53.1102,11881.6,2177.36
4,1.18204,0.278016,2,6258.45,-24.1878,653.634,53.1102,11881.6,2177.36
4,1.18857,0.285069,1,150.373,-36.3834,660.618,53.7273,11881.6,2204.12
4,1.18857,0.285069,2,6258.45,-24.2027,660.618,53.7273,11881.6,2204.12
4,1.1951,0.292122,1,151.734,-36.4412,667.553,54.3403,11881.6,2230.64
4,1.1951,0.292122,2,6315.07,-24.1954,667.553,54.3403,11881.6,2230.64
4,1.20163,0.299175,1,153.106,-36.4555,674.46,54.9508,11881.6,2257.12
4,1.20163,0.299175,2,6315.07,-24.1939,674.46,54.9508,11881.6,2257.12
4,1.20816,0.306228,1,154.492,-36.4321,681.349,55.5592,11881.6,2283.54
4,1.20816,0.306228,2,6372.2,-24.1972,681.349,55.5592,11881.6,2283.54
4,1.21469,0.313281,1,155.889,-36.3864,688.15,56.1593,11881.6,2309.58
4,1.21469,0.313281,2,6372.2,-24.1834,688.15,56.1593,11881.6,2309.58
4,1.22122,0.320334,1,157.3,-36.3287,694.892,56.7551,11881.6,2335.49
4,1.22122,0.320334,2,6429.85,-24.1955,694.892,56.7551,11881.6,2335.49
4,1.22776,0.327387,1,160.159,-36.3442,701.565,57.3439,11881.6,2361.1
4,1.22776,0.327387,2,6429.85,-24.1739,701.565,57.3439,11881.6,2361.1
4,1.23429,0.33444,1,161.608,-36.3701,708.117,57.9226,11881.6,2386.23
4,1.23429,0.33444,2,6488.02,-24.1925,708.117,57.9226,11881.6,2386.23
4,1.24082,0.341493,1,163.07,-36.3814,714.554,58.4904,11881.6,2410.99
4,1.24082,0.341493,2,6546.72,-24.1706,714.554,58.4904,11881.6,2410.99
4,1.24735,0.348546,1,164.545,-36.3838,720.884,59.0485,11881.6,2435.29
4,1.24735,0.348546,2,6546.72,-24.1895,720.884,59.0485,11881.6,2435.29
4,1.25388,0.3556,1,166.033,-36.3766,727.062,59.594,11881.6,2459.04
4,1.25388,0.3556,2,6546.72,-24.1684,727.062,59.594,11881.6,2459.04
4,1.26041,0.362653,1,167.536,-36.3542,733.072,60.1239,11881.6,2482.15
4,1.26041,0.362653,2,6605.94,-24.1863,733.072,60.1239,11881.6,2482.15
4,1.26694,0.369706,1,169.051,-36.3175,738.937,60.6399,11881.6,2504.68
4,1.26694,0.369706,2,6605.94,-24.1731,738.937,60.6399,11881.6,2504.68
4,1.27347,0.376759,1,169.051,-36.3121,744.627,61.1421,11881.6,2526.56
4,1.27347,0.376759,2,6665.71,-24.1803,744.627,61.1421,11881.6,2526.56
4,1.28,0.383812,1,170.581,-36.368,750.113,61.6257,11881.6,2547.67
4,1.28,0.383812,2,6665.71,-24.1792,750.113,61.6257,11881.6,2547.67
4,1.28653,0.390865,1,172.124,-36.4043,755.385,62.0891,11881.6,2567.93
4,1.28653,0.390865,2,6726.01,-24.166,755.385,62.0891,11881.6,2567.93
4,1.29306,0.397918,1,173.681,-36.3971,760.475,62.5373,11881.6,2587.5
4,1.29306,0.397918,2,6726.01,-24.1803,760.475,62.5373,11881.6,2587.5
4,1.29959,0.404971,1,175.252,-36.3192,765.338,62.9662,11881.6,2606.23
4,1.29959,0.404971,2,6726.01,-24.1706,765.338,62.9662,11881.6,2606.23
4,1.30612,0.412024,1,175.252,-36.3583,769.953,63.3718,11881.6,2623.97
4,1.30612,0.412024,2,6786.86,-24.166,769.953,63.3718,11881.6,2623.97
4,1.31265,0.419077,1,176.838,-36.3966,774.311,63.7539,11881.6,2640.7
4,1.31265,0.419077,2,6786.86,-24.1771,774.311,63.7539,11881.6,2640.7
4,1.31918,0.42613,1,178.438,-36.2895,778.451,64.1195,11881.6,2656.64
4,1.31918,0.42613,2,6786.86,-24.171,778.451,64.1195,11881.6,2656.64
4,1.32571,0.433183,1,178.438,-36.3882,782.332,64.4606,11881.6,2671.58
4,1.32571,0.433183,2,6848.26,-24.1529,782.332,64.4606,11881.6,2671.58
4,1.33224,0.440236,1,180.052,-36.3265,785.935,64.7764,11881.6,2685.44
4,1.33224,0.440236,2,6848.26,-24.1693,785.935,64.7764,11881.6,2685.44
4,1.33878,0.447289,1,180.052,-36.3844,789.256,65.0677,11881.6,2698.19
4,1.33878,0.447289,2,6848.26,-24.174,789.256,65.0677,11881.6,2698.19
4,1.34531,0.454342,1,181.681,-36.2903,792.291,65.3342,11881.6,2709.85
4,1.34531,0.454342,2,6848.26,-24.1694,792.291,65.3342,11881.6,2709.85
4,1.35184,0.461396,1,181.681,-36.3881,795.043,65.5769,11881.6,2720.45
4,1.35184,0.461396,2,6848.26,-24.158,795.043,65.5769,11881.6,2720.45
4,1.35837,0.468449,1,181.681,-36.3362,797.519,65.794,11881.6,2729.98
4,1.35837,0.468449,2,6910.21,-24.1535,797.519,65.794,11881.6,2729.98
4,1.3649,0.475502,1,183.324,-36.3149,799.695,65.9849,11881.6,2738.35
4,1.3649,0.475502,2,6910.21,-24.1635,799.695,65.9849,11881.6,2738.35
4,1.37143,0.482555,1,183.324,-36.3795,801.568,66.1491,11881.6,2745.55
4,1.37143,0.482555,2,6910.21,-24.1687,801.568,66.1491,11881.6,2745.55
4,1.37796,0.489608,1,183.324,-36.3787,803.132,66.2864,11881.6,2751.56
4,1.37796,0.489608,2,6910.21,-24.1706,803.132,66.2864,11881.6,2751.56
4,1.38449,0.496661,1,183.324,-36.3402,804.386,66.3962,11881.6,2756.37
4,1.38449,0.496661,2,6910.21,-24.1706,804.386,66.3962,11881.6,2756.37
4,1.39102,0.503714,1,183.324,-36.2905,805.328,66.4781,11881.6,2759.99
4,1.39102,0.503714,2,6910.21,-24.1696,805.328,66.4781,11881.6,2759.99
4,1.39755,0.510767,1,184.983,-36.2629,805.958,66.5338,11881.6,2762.4
4,1.39755,0.510767,2,6910.21,-24.1686,805.958,66.5338,11881.6,2762.4
4,1.40408,0.51782,1,184.983,-36.283,806.274,66.5621,11881.6,2763.61
4,1.40408,0.51782,2,6910.21,-24.1679,806.274,66.5621,11881.6,2763.61
4,1.41061,0.524873,1,184.983,-36.2859,806.321,66.5659,11881.6,2763.8
4,1.41061,0.524873,2,6910.21,-24.1678,806.321,66.5659,11881.6,2763.8
4,1.41714,0.531926,1,184.983,-36.2831,806.275,66.5626,11881.6,2763.62
4,1.41714,0.531926,2,6910.21,-24.1679,806.275,66.5626,11881.6,2763.62
4,1.42367,0.538979,1,184.983,-36.2756,806.141,66.5503,11881.6,2763.1
4,1.42367,0.538979,2,6910.21,-24.1682,806.141,66.5503,11881.6,2763.1
4,1.4302,0.546032,1,184.983,-36.2577,805.889,66.5284,11881.6,2762.14
4,1.4302,0.546032,2,6910.21,-24.1687,805.889,66.5284,11881.6,2762.14
4,1.43673,0.553085,1,183.324,-36.2795,805.494,66.4933,11881.6,2760.62
4,1.43673,0.553085,2,6910.21,-24.1694,805.494,66.4933,11881.6,2760.62
4,1.44327,0.560139,1,183.324,-36.3128,804.937,66.4447,11881.6,2758.48
4,1.44327,0.560139,2,6910.21,-24.1701,804.937,66.4447,11881.6,2758.48
4,1.4498,0.567192,1,183.324,-36.3485,804.198,66.3801,11881.6,2755.65
4,1.4498,0.567192,2,6910.21,-24.1707,804.198,66.3801,11881.6,2755.65
4,1.45633,0.574245,1,183.324,-36.3751,803.266,66.2982,11881.6,2752.07
4,1.45633,0.574245,2,6910.21,-24.1707,803.266,66.2982,11881.6,2752.07
4,1.46286,0.581298,1,183.324,-36.3852,802.125,66.1981,11881.6,2747.69
4,1.46286,0.581298,2,6910.21,-24.1696,802.125,66.1981,11881.6,2747.69
4,1.46939,0.588351,1,183.324,-36.3605,800.767,66.079,11881.6,2742.47
4,1.46939,0.588351,2,6910.21,-24.1669,800.767,66.079,11881.6,2742.47
4,1.47592,0.595404,1,183.324,-36.2833,799.182,65.9401,11881.6,2736.38
4,1.47592,0.595404,2,6910.21,-24.1615,799.182,65.9401,11881.6,2736.38
4,1.48245,0.602457,1,181.681,-36.3435,797.367,65.7805,11881.6,2729.4
4,1.48245,0.602457,2,6910.21,-24.1526,797.367,65.7805,11881.6,2729.4
4,1.48898,0.60951,1,181.681,-36.3887,795.323,65.601,11881.6,2721.53
4,1.48898,0.60951,2,6848.26,-24.1564,795.323,65.601,11881.6,2721.53
4,1.49551,0.616563,1,181.681,-36.3327,793.042,65.4013,11881.6,2712.74
4,1.49551,0.616563,2,6848.26,-24.167,793.042,65.4013,11881.6,2712.74
4,1.50204,0.623616,1,180.052,-36.3422,790.524,65.1796,11881.6,2703.05
4,1.50204,0.623616,2,6848.26,-24.1731,790.524,65.1796,11881.6,2703.05
4,1.50857,0.630669,1,180.052,-36.3874,787.768,64.9377,11881.6,2692.48
4,1.50857,0.630669,2,6848.26,-24.1732,787.768,64.9377,11881.6,2692.48
4,1.5151,0.637722,1,178.438,-36.2796,784.767,64.6742,11881.6,2680.95
4,1.5151,0.637722,2,6848.26,-24.1653,784.767,64.6742,11881.6,2680.95
4,1.52163,0.644775,1,178.438,-36.3955,781.522,64.3892,11881.6,2668.47
4,1.52163,0.644775,2,6786.86,-24.1562,781.522,64.3892,11881.6,2668.47
4,1.52816,0.651828,1,176.838,-36.2768,778.043,64.0827,11881.6,2655.07
4,1.52816,0.651828,2,6786.86,-24.1723,778.043,64.0827,11881.6,2655.07
4,1.53469,0.658881,1,176.838,-36.3964,774.339,63.7568,11881.6,2640.81
4,1.53469,0.658881,2,6786.86,-24.1771,774.339,63.7568,11881.6,2640.81
4,1.54122,0.665935,1,175.252,-36.3357,770.415,63.4124,11881.6,2625.74
4,1.54122,0.665935,2,6786.86,-24.168,770.415,63.4124,11881.6,2625.74
4,1.54776,0.672988,1,175.252,-36.366,766.263,63.0468,11881.6,2609.78
4,1.54776,0.672988,2,6726.01,-24.1663,766.263,63.0468,11881.6,2609.78
4,1.55429,0.680041,1,173.681,-36.4026,761.884,62.6614,11881.6,2592.93
4,1.55429,0.680041,2,6726.01,-24.1798,761.884,62.6614,11881.6,2592.93
4,1.56082,0.687094,1,172.124,-36.3314,757.305,62.2579,11881.6,2575.29
4,1.56082,0.687094,2,6726.01,-24.1743,757.305,62.2579,11881.6,2575.29
4,1.56735,0.694147,1,172.124,-36.3497,752.534,61.8388,11881.6,2556.98
4,1.56735,0.694147,2,6665.71,-24.1692,752.534,61.8388,11881.6,2556.98
4,1.57388,0.7012,1,170.581,-36.4076,747.563,61.4008,11881.6,2537.86
4,1.57388,0.7012,2,6665.71,-24.1834,747.563,61.4008,11881.6,2537.86
4,1.58041,0.708253,1,169.051,-36.411,742.394,60.9446,11881.6,2517.96
4,1.58041,0.708253,2,6665.71,-24.1723,742.394,60.9446,11881.6,2517.96
4,1.58694,0.715306,1,167.536,-36.3804,737.07,60.4762,11881.6,2497.51
4,1.58694,0.715306,2,6605.94,-24.181,737.07,60.4762,11881.6,2497.51
4,1.59347,0.722359,1,166.033,-36.3346,731.579,59.9927,11881.6,2476.41
4,1.59347,0.722359,2,6605.94,-24.1842,731.579,59.9927,11881.6,2476.41
4,1.6,0.729412,1,166.033,-36.3013,725.92,59.4927,11881.6,2454.63
4,1.6,0.729412,2,6546.72,-24.1753,725.92,59.4927,11881.6,2454.63
4,1.60653,0.736465,1,164.545,-36.3406,720.123,58.9818,11881.6,2432.37
4,1.60653,0.736465,2,6546.72,-24.1894,720.123,58.9818,11881.6,2432.37
4,1.61306,0.743518,1,163.07,-36.362,714.202,58.4596,11881.6,2409.64
4,1.61306,0.743518,2,6488.02,-24.171,714.202,58.4596,11881.6,2409.64
4,1.61959,0.750571,1,161.608,-36.371,708.149,57.9247,11881.6,2386.35
4,1.61959,0.750571,2,6488.02,-24.1925,708.149,57.9247,11881.6,2386.35
4,1.62612,0.757625,1,160.159,-36.3717,701.986,57.381,11881.6,2362.71
4,1.62612,0.757625,2,6488.02,-24.1749,701.986,57.381,11881.6,2362.71
4,1.63265,0.764678,1,158.723,-36.362,695.735,56.8298,11881.6,2338.73
4,1.63265,0.764678,2,6429.85,-24.1954,695.735,56.8298,11881.6,2338.73
4,1.63918,0.771731,1,157.3,-36.3394,689.39,56.2689,11881.6,2314.34
4,1.63918,0.771731,2,6429.85,-24.1773,689.39,56.2689,11881.6,2314.34
4,1.64571,0.778784,1,154.492,-36.3366,682.976,55.7026,11881.6,2289.78
4,1.64571,0.778784,2,6372.2,-24.1985,682.976,55.7026,11881.6,2289.78
4,1.65224,0.785837,1,153.106,-36.3849,676.503,55.1312,11881.6,2264.97
4,1.65224,0.785837,2,6315.07,-24.1833,676.503,55.1312,11881.6,2264.97
4,1.65878,0.79289,1,151.734,-36.4268,669.984,54.5545,11881.6,2239.93
4,1.65878,0.79289,2,6315.07,-24.201,669.984,54.5545,11881.6,2239.93
4,1.66531,0.799943,1,150.373,-36.4564,663.437,53.9769,11881.6,2214.91
4,1.66531,0.799943,2,6258.45,-24.193,663.437,53.9769,11881.6,2214.91
4,1.67184,0.806996,1,149.025,-36.4643,656.864,53.396,11881.6,2189.74
4,1.67184,0.806996,2,6258.45,-24.2017,656.864,53.396,11881.6,2189.74
4,1.67837,0.814049,1,147.689,-36.4421,650.288,52.8139,11881.6,2164.55
4,1.67837,0.814049,2,6202.34,-24.2023,650.288,52.8139,11881.6,2164.55
4,1.6849,0.821102,1,146.365,-36.388,643.721,52.2352,11881.6,2139.49
4,1.6849,0.821102,2,6202.34,-24.1991,643.721,52.2352,11881.6,2139.49
4,1.69143,0.828155,1,143.752,-36.3944,637.163,51.6557,11881.6,2114.41
4,1.69143,0.828155,2,6146.73,-24.2092,637.163,51.6557,11881.6,2114.41
4,1.69796,0.835208,1,142.463,-36.4614,630.648,51.0792,11881.6,2089.52
4,1.69796,0.835208,2,6091.62,-24.1928,630.648,51.0792,11881.6,2089.52
4,1.70449,0.842261,1,141.186,-36.4873,624.183,50.5087,11881.6,2064.89
4,1.70449,0.842261,2,6091.62,-24.2123,624.183,50.5087,11881.6,2064.89
4,1.71102,0.849314,1,139.92,-36.4702,617.759,49.9403,11881.6,2040.38
4,1.71102,0.849314,2,6037,-24.2067,617.759,49.9403,11881.6,2040.38
4,1.71755,0.856367,1,138.666,-36.4106,611.417,49.3799,11881.6,2016.2
4,1.71755,0.856367,2,6037,-24.2111,611.417,49.3799,11881.6,2016.2
4,1.72408,0.863421,1,136.19,-36.4192,605.17,48.8298,11881.6,1992.47
4,1.72408,0.863421,2,5982.88,-24.2159,605.17,48.8298,11881.6,1992.47
4,1.73061,0.870474,1,134.969,-36.4856,598.999,48.2843,11881.6,1969
4,1.73061,0.870474,2,5982.88,-24.2062,598.999,48.2843,11881.6,1969
4,1.73714,0.877527,1,133.759,-36.5095,592.934,47.7489,11881.6,1945.9
4,1.73714,0.877527,2,5929.24,-24.2208,592.934,47.7489,11881.6,1945.9
4,1.74367,0.88458,1,132.56,-36.4989,587.014,47.2266,11881.6,1923.49
4,1.74367,0.88458,2,5876.08,-24.2104,587.014,47.2266,11881.6,1923.49
4,1.7502,0.891633,1,131.371,-36.4632,581.213,46.7149,11881.6,1901.49
4,1.7502,0.891633,2,5876.08,-24.2222,581.213,46.7149,11881.6,1901.49
4,1.75673,0.898686,1,130.194,-36.4016,575.535,46.2138,11881.6,1879.94
4,1.75673,0.898686,2,5823.39,-24.2198,575.535,46.2138,11881.6,1879.94
4,1.76327,0.905739,1,127.869,-36.4464,570.023,45.7279,11881.6,1859.09
4,1.76327,0.905739,2,5823.39,-24.2219,570.023,45.7279,11881.6,1859.09
4,1.7698,0.912792,1,126.723,-36.4877,564.684,45.258,11881.6,1838.94
4,1.7698,0.912792,2,5771.18,-24.2256,564.684,45.258,11881.6,1838.94
4,1.77633,0.919845,1,125.587,-36.5122,559.51,44.802,11881.6,1819.38
4,1.77633,0.919845,2,5771.18,-24.2219,559.51,44.802,11881.6,1819.38
4,1.78286,0.926898,1,124.461,-36.5275,554.5,44.3595,11881.6,1800.42
4,1.78286,0.926898,2,5719.44,-24.2294,554.5,44.3595,11881.6,1800.42
4,1.78939,0.933951,1,123.345,-36.5354,549.687,43.936,11881.6,1782.29
4,1.78939,0.933951,2,5719.44,-24.2238,549.687,43.936,11881.6,1782.29
4,1.79592,0.941004,1,122.239,-36.5361,545.088,43.5315,11881.6,1765
4,1.79592,0.941004,2,5668.16,-24.2316,545.088,43.5315,11881.6,1765
4,1.80245,0.948057,1,121.143,-36.5312,540.693,43.145,11881.6,1748.46
4,1.80245,0.948057,2,5668.16,-24.2283,540.693,43.145,11881.6,1748.46
4,1.80898,0.95511,1,120.057,-36.5132,536.504,42.7759,11881.6,1732.68
4,1.80898,0.95511,2,5617.34,-24.2319,536.504,42.7759,11881.6,1732.68
4,1.81551,0.962164,1,118.981,-36.4735,532.527,42.4253,11881.6,1717.68
4,1.81551,0.962164,2,5617.34,-24.2343,532.527,42.4253,11881.6,1717.68
4,1.82204,0.969217,1,118.981,-36.4643,528.781,42.0966,11881.6,1703.65
4,1.82204,0.969217,2,5566.98,-24.2277,528.781,42.0966,11881.6,1703.65
4,1.82857,0.97627,1,117.914,-36.5387,525.273,41.7894,11881.6,1690.53
4,1.82857,0.97627,2,5566.98,-24.2385,525.273,41.7894,11881.6,1690.53
4,1.8351,0.983323,1,116.857,-36.5644,522.013,41.5024,11881.6,1678.32
4,1.8351,0.983323,2,5566.98,-24.2322,522.013,41.5024,11881.6,1678.32
4,1.84163,0.990376,1,115.809,-36.4958,518.996,41.2377,11881.6,1667.02
4,1.84163,0.990376,2,5517.06,-24.2341,518.996,41.2377,11881.6,1667.02
4,1.84816,0.997429,1,115.809,-36.5365,516.226,40.994,11881.6,1656.63
4,1.84816,0.997429,2,5517.06,-24.2409,516.226,40.994,11881.6,1656.63
5,0,0.00113666,1,113.742,-28.3995,458.28,50.105,11881.6,1803.28
5,0,0.00113666,2,5418.58,-16.9923,458.28,50.105,11881.6,1803.28
5,0.00725624,0.00875568,1,112.722,-28.394,453.865,49.6041,11881.6,1784.14
5,0.00725624,0.00875568,2,5370,-16.9936,453.865,49.6041,11881.6,1784.14
5,0.0145125,0.0163748,1,111.711,-28.3937,449.762,49.1411,11881.6,1766.47
5,0.0145125,0.0163748,2,5370,-16.9942,449.762,49.1411,11881.6,1766.47
5,0.0217687,0.0239938,1,110.71,-28.399,445.975,48.7131,11881.6,1750.15
5,0.0217687,0.0239938,2,5321.85,-16.9956,445.975,48.7131,11881.6,1750.15
5,0.0290249,0.0316128,1,109.717,-28.4082,442.509,48.3205,11881.6,1735.17
5,0.0290249,0.0316128,2,5321.85,-16.9967,442.509,48.3205,11881.6,1735.17
5,0.0362812,0.0392318,1,108.733,-28.4173,439.361,47.9629,11881.6,1721.55
5,0.0362812,0.0392318,2,5274.14,-16.996,439.361,47.9629,11881.6,1721.55
5,0.0435374,0.0468509,1,107.758,-28.4182,436.535,47.6411,11881.6,1709.31
5,0.0435374,0.0468509,2,5274.14,-16.9988,436.535,47.6411,11881.6,1709.31
5,0.0507937,0.0544699,1,106.792,-28.3997,434.039,47.3572,11881.6,1698.47
5,0.0507937,0.0544699,2,5274.14,-16.9985,434.039,47.3572,11881.6,1698.47
5,0.0580499,0.062089,1,106.792,-28.4219,431.884,47.1133,11881.6,1689.19
5,0.0580499,0.062089,2,5226.85,-16.9977,431.884,47.1133,11881.6,1689.19
5,0.0653061,0.069708,1,105.835,-28.4049,430.067,46.907,11881.6,1681.37
5,0.0653061,0.069708,2,5226.85,-17.0001,430.067,46.907,11881.6,1681.37
5,0.0725624,0.0773271,1,105.835,-28.423,428.591,46.7402,11881.6,1675.01
5,0.0725624,0.0773271,2,5226.85,-17.001,428.591,46.7402,11881.6,1675.01
5,0.0798186,0.0849461,1,105.835,-28.4189,427.461,46.6122,11881.6,1670.14
5,0.0798186,0.0849461,2,5226.85,-17.001,427.461,46.6122,11881.6,1670.14
5,0.0870748,0.0925651,1,105.835,-28.4065,426.68,46.5229,11881.6,1666.77
5,0.0870748,0.0925651,2,5226.85,-17.0008,426.68,46.5229,11881.6,1666.77
5,0.0943311,0.100184,1,104.886,-28.4064,426.299,46.4804,11881.6,1665.13
5,0.0943311,0.100184,2,5226.85,-17.0005,426.299,46.4804,11881.6,1665.13
5,0.101587,0.107803,1,105.835,-28.4117,426.938,46.552,11881.6,1667.89
5,0.101587,0.107803,2,5226.85,-17.0009,426.938,46.552,11881.6,1667.89
5,0.108844,0.115422,1,105.835,-28.423,428.763,46.7592,11881.6,1675.75
5,0.108844,0.115422,2,5226.85,-17.0009,428.763,46.7592,11881.6,1675.75
5,0.1161,0.123041,1,106.792,-28.418,431.374,47.0556,11881.6,1686.99
5,0.1161,0.123041,2,5226.85,-16.9985,431.374,47.0556,11881.6,1686.99
5,0.123356,0.13066,1,107.758,-28.4101,434.657,47.4271,11881.6,1701.15
5,0.123356,0.13066,2,5274.14,-16.9988,434.657,47.4271,11881.6,1701.15
5,0.130612,0.138279,1,108.733,-28.4088,438.545,47.8706,11881.6,1718.01
5,0.130612,0.138279,2,5274.14,-16.9972,438.545,47.8706,11881.6,1718.01
5,0.137868,0.145898,1,109.717,-28.4132,442.961,48.371,11881.6,1737.13
5,0.137868,0.145898,2,5321.85,-16.9969,442.961,48.371,11881.6,1737.13
5,0.145125,0.153517,1,110.71,-28.4147,447.912,48.9321,11881.6,1758.5
5,0.145125,0.153517,2,5321.85,-16.9928,447.912,48.9321,11881.6,1758.5
5,0.152381,0.161136,1,111.711,-28.3979,453.314,49.5426,11881.6,1781.77
5,0.152381,0.161136,2,5370,-16.994,453.314,49.5426,11881.6,1781.77
5,0.159637,0.168756,1,113.742,-28.4082,459.135,50.2019,11881.6,1806.99
5,0.159637,0.168756,2,5418.58,-16.9926,459.135,50.2019,11881.6,1806.99
5,0.166893,0.176375,1,114.771,-28.3961,465.336,50.9031,11881.6,1833.8
5,0.166893,0.176375,2,5467.6,-16.9892,465.336,50.9031,11881.6,1833.8
5,0.17415,0.183994,1,116.857,-28.4053,471.931,51.646,11881.6,1862.22
5,0.17415,0.183994,2,5467.6,-16.9873,471.931,51.646,11881.6,1862.22
5,0.181406,0.191613,1,118.981,-28.3874,478.853,52.4274,11881.6,1892.16
5,0.181406,0.191613,2,5517.06,-16.9871,478.853,52.4274,11881.6,1892.16
5,0.188662,0.199232,1,120.057,-28.3935,486.081,53.2409,11881.6,1923.37
5,0.188662,0.199232,2,5566.98,-16.9858,486.081,53.2409,11881.6,1923.37
5,0.195918,0.206851,1,122.239,-28.3978,493.624,54.0874,11881.6,1955.86
5,0.195918,0.206851,2,5617.34,-16.9836,493.624,54.0874,11881.6,1955.86
5,0.203175,0.21447,1,124.461,-28.3901,501.42,54.963,11881.6,1989.56
5,0.203175,0.21447,2,5668.16,-16.9809,501.42,54.963,11881.6,1989.56
5,0.210431,0.222089,1,126.723,-28.374,509.481,55.8641,11881.6,2024.26
5,0.210431,0.222089,2,5719.44,-16.9777,509.481,55.8641,11881.6,2024.26
5,0.217687,0.229708,1,127.869,-28.3801,517.777,56.7923,11881.6,2060.03
5,0.217687,0.229708,2,5771.18,-16.9741,517.777,56.7923,11881.6,2060.03
5,0.224943,0.237327,1,130.194,-28.3865,526.257,57.7378,11881.6,2096.52
5,0.224943,0.237327,2,5771.18,-16.9731,526.257,57.7378,11881.6,2096.52
5,0.2322,0.244946,1,132.56,-28.3862,534.955,58.7059,11881.6,2133.92
5,0.2322,0.244946,2,5823.39,-16.972,534.955,58.7059,11881.6,2133.92
5,0.239456,0.252565,1,134.969,-28.381,543.783,59.6864,11881.6,2171.85
5,0.239456,0.252565,2,5876.08,-16.9707,543.783,59.6864,11881.6,2171.85
5,0.246712,0.260184,1,137.422,-28.3706,552.788,60.6838,11881.6,2210.49
5,0.246712,0.260184,2,5929.24,-16.9689,552.788,60.6838,11881.6,2210.49
5,0.253968,0.267803,1,138.666,-28.3639,561.883,61.6886,11881.6,2249.48
5,0.253968,0.267803,2,5982.88,-16.9667,561.883,61.6886,11881.6,2249.48
5,0.261224,0.275422,1,141.186,-28.374,571.103,62.7053,11881.6,2288.93
5,0.261224,0.275422,2,6037,-16.964,571.103,62.7053,11881.6,2288.93
5,0.268481,0.283041,1,143.752,-28.3773,580.376,63.7247,11881.6,2328.58
5,0.268481,0.283041,2,6091.62,-16.9607,580.376,63.7247,11881.6,2328.58
5,0.275737,0.29066,1,146.365,-28.372,589.713,64.7485,11881.6,2368.43
5,0.275737,0.29066,2,6146.73,-16.9565,589.713,64.7485,11881.6,2368.43
5,0.282993,0.298279,1,149.025,-28.3537,599.068,65.7703,11881.6,2408.28
5,0.282993,0.298279,2,6146.73,-16.9551,599.068,65.7703,11881.6,2408.28
5,0.290249,0.305898,1,150.373,-28.3698,608.434,66.7927,11881.6,2448.13
5,0.290249,0.305898,2,6202.34,-16.9547,608.434,66.7927,11881.6,2448.13
5,0.297506,0.313517,1,153.106,-28.3721,617.774,67.8068,11881.6,2487.76
5,0.297506,0.313517,2,6258.45,-16.9533,617.774,67.8068,11881.6,2487.76
5,0.304762,0.321136,1,155.889,-28.3511,627.067,68.816,11881.6,2527.18
5,0.304762,0.321136,2,6315.07,-16.9505,627.067,68.816,11881.6,2527.18
5,0.312018,0.328755,1,157.3,-28.3703,636.293,69.8118,11881.6,2566.15
5,0.312018,0.328755,2,6372.2,-16.9457,636.293,69.8118,11881.6,2566.15
5,0.319274,0.336374,1,160.159,-28.3615,645.421,70.7954,11881.6,2604.74
5,0.319274,0.336374,2,6372.2,-16.9448,645.421,70.7954,11881.6,2604.74
5,0.326531,0.343993,1,161.608,-28.3674,654.441,71.7649,11881.6,2642.7
5,0.326531,0.343993,2,6429.85,-16.9447,654.441,71.7649,11881.6,2642.7
5,0.333787,0.351612,1,164.545,-28.3582,663.305,72.7146,11881.6,2680
5,0.333787,0.351612,2,6488.02,-16.9417,663.305,72.7146,11881.6,2680
5,0.341043,0.359231,1,166.033,-28.3697,672.028,73.6458,11881.6,2716.57
5,0.341043,0.359231,2,6488.02,-16.937,672.028,73.6458,11881.6,2716.57
5,0.348299,0.36685,1,167.536,-28.3545,680.54,74.5522,11881.6,2752.23
5,0.348299,0.36685,2,6546.72,-16.9387,680.54,74.5522,11881.6,2752.23
5,0.355556,0.37447,1,170.581,-28.3636,688.869,75.4359,11881.6,2787.01
5,0.355556,0.37447,2,6605.94,-16.9354,688.869,75.4359,11881.6,2787.01
5,0.362812,0.382089,1,172.124,-28.3698,696.956,76.2922,11881.6,2820.73
5,0.362812,0.382089,2,6605.94,-16.9331,696.956,76.2922,11881.6,2820.73
5,0.370068,0.389708,1,173.681,-28.3667,704.788,77.1178,11881.6,2853.3
5,0.370068,0.389708,2,6665.71,-16.9332,704.788,77.1178,11881.6,2853.3
5,0.377324,0.397327,1,175.252,-28.3597,712.367,77.9159,11881.6,2884.77
5,0.377324,0.397327,2,6665.71,-16.9276,712.367,77.9159,11881.6,2884.77
5,0.38458,0.404946,1,176.838,-28.3535,719.628,78.6778,11881.6,2914.83
5,0.38458,0.404946,2,6726.01,-16.9301,719.628,78.6778,11881.6,2914.83
5,0.391837,0.412565,1,178.438,-28.3511,726.613,79.4097,11881.6,2943.73
5,0.391837,0.412565,2,6726.01,-16.9242,726.613,79.4097,11881.6,2943.73
5,0.399093,0.420184,1,180.052,-28.3534,733.256,80.1027,11881.6,2971.1
5,0.399093,0.420184,2,6786.86,-16.9271,733.256,80.1027,11881.6,2971.1
5,0.406349,0.427803,1,181.681,-28.3598,739.549,80.7586,11881.6,2997.05
5,0.406349,0.427803,2,6786.86,-16.923,739.549,80.7586,11881.6,2997.05
5,0.413605,0.435422,1,183.324,-28.3681,745.506,81.3764,11881.6,3021.52
5,0.413605,0.435422,2,6848.26,-16.9233,745.506,81.3764,11881.6,3021.52
5,0.420862,0.443041,1,184.983,-28.3722,751.084,81.955,11881.6,3044.41
5,0.420862,0.443041,2,6848.26,-16.9229,751.084,81.955,11881.6,3044.41
5,0.428118,0.45066,1,186.656,-28.3667,756.261,82.4908,11881.6,3065.63
5,0.428118,0.45066,2,6848.26,-16.9169,756.261,82.4908,11881.6,3065.63
5,0.435374,0.458279,1,186.656,-28.3577,761.049,82.9848,11881.6,3085.19
5,0.435374,0.458279,2,6910.21,-16.9204,761.049,82.9848,11881.6,3085.19
5,0.44263,0.465898,1,188.345,-28.3733,765.441,83.4381,11881.6,3103.14
5,0.44263,0.465898,2,6910.21,-16.92,765.441,83.4381,11881.6,3103.14
5,0.449887,0.473517,1,190.049,-28.3583,769.404,83.8462,11881.6,3119.32
5,0.449887,0.473517,2,6910.21,-16.9165,769.404,83.8462,11881.6,3119.32
5,0.457143,0.481136,1,190.049,-28.3738,772.927,84.2078,11881.6,3133.66
5,0.457143,0.481136,2,6972.73,-16.9148,772.927,84.2078,11881.6,3133.66
5,0.464399,0.488755,1,190.049,-28.3536,776.004,84.5232,11881.6,3146.17
5,0.464399,0.488755,2,6972.73,-16.917,776.004,84.5232,11881.6,3146.17
5,0.471655,0.496374,1,191.768,-28.3727,778.651,84.7946,11881.6,3156.93
5,0.471655,0.496374,2,6972.73,-16.9174,778.651,84.7946,11881.6,3156.93
5,0.478912,0.503993,1,191.768,-28.3731,780.856,85.0207,11881.6,3165.9
5,0.478912,0.503993,2,6972.73,-16.9167,780.856,85.0207,11881.6,3165.9
5,0.486168,0.511612,1,191.768,-28.3623,782.599,85.1989,11881.6,3172.99
5,0.486168,0.511612,2,6972.73,-16.9156,782.599,85.1989,11881.6,3172.99
5,0.493424,0.519231,1,193.503,-28.358,783.879,85.3302,11881.6,3178.18
5,0.493424,0.519231,2,6972.73,-16.9144,783.879,85.3302,11881.6,3178.18
5,0.50068,0.52685,1,193.503,-28.3655,784.693,85.4132,11881.6,3181.49
5,0.50068,0.52685,2,6972.73,-16.9134,784.693,85.4132,11881.6,3181.49
5,0.507937,0.534469,1,193.503,-28.3684,785.041,85.4492,11881.6,3182.9
5,0.507937,0.534469,2,6972.73,-16.913,785.041,85.4492,11881.6,3182.9
5,0.515193,0.542088,1,193.503,-28.3683,785.055,85.4505,11881.6,3182.96
5,0.515193,0.542088,2,6972.73,-16.913,785.055,85.4505,11881.6,3182.96
5,0.522449,0.549707,1,193.503,-28.3674,784.957,85.4403,11881.6,3182.56
5,0.522449,0.549707,2,6972.73,-16.9131,784.957,85.4403,11881.6,3182.56
5,0.529705,0.557326,1,193.503,-28.3659,784.723,85.4166,11881.6,3181.61
5,0.529705,0.557326,2,6972.73,-16.9134,784.723,85.4166,11881.6,3181.61
5,0.536961,0.564946,1,193.503,-28.3622,784.318,85.3751,11881.6,3179.97
5,0.536961,0.564946,2,6972.73,-16.9139,784.318,85.3751,11881.6,3179.97
5,0.544218,0.572565,1,193.503,-28.3564,783.719,85.3137,11881.6,3177.53
5,0.544218,0.572565,2,6972.73,-16.9145,783.719,85.3137,11881.6,3177.53
5,0.551474,0.580184,1,191.768,-28.3593,782.901,85.2298,11881.6,3174.22
5,0.551474,0.580184,2,6972.73,-16.9153,782.901,85.2298,11881.6,3174.22
5,0.55873,0.587803,1,191.768,-28.3682,781.849,85.1227,11881.6,3169.94
5,0.55873,0.587803,2,6972.73,-16.9161,781.849,85.1227,11881.6,3169.94
5,0.565986,0.595422,1,191.768,-28.3741,780.548,84.9893,11881.6,3164.65
5,0.565986,0.595422,2,6972.73,-16.9169,780.548,84.9893,11881.6,3164.65
5,0.573243,0.603041,1,191.768,-28.3741,778.986,84.8289,11881.6,3158.29
5,0.573243,0.603041,2,6972.73,-16.9173,778.986,84.8289,11881.6,3158.29
5,0.580499,0.61066,1,191.768,-28.3632,777.159,84.6417,11881.6,3150.86
5,0.580499,0.61066,2,6972.73,-16.9173,777.159,84.6417,11881.6,3150.86
5,0.587755,0.618279,1,190.049,-28.3628,775.061,84.4271,11881.6,3142.34
5,0.587755,0.618279,2,6972.73,-16.9165,775.061,84.4271,11881.6,3142.34
5,0.595011,0.625898,1,190.049,-28.3744,772.678,84.1824,11881.6,3132.65
5,0.595011,0.625898,2,6972.73,-16.9146,772.678,84.1824,11881.6,3132.65
5,0.602268,0.633517,1,190.049,-28.3634,770.001,83.9076,11881.6,3121.75
5,0.602268,0.633517,2,6910.21,-16.9157,770.001,83.9076,11881.6,3121.75
5,0.609524,0.641136,1,188.345,-28.3679,767.025,83.6011,11881.6,3109.61
5,0.609524,0.641136,2,6910.21,-16.919,767.025,83.6011,11881.6,3109.61
5,0.61678,0.648755,1,188.345,-28.3697,763.747,83.2633,11881.6,3096.21
5,0.61678,0.648755,2,6910.21,-16.9206,763.747,83.2633,11881.6,3096.21
5,0.624036,0.656374,1,186.656,-28.3653,760.183,82.8954,11881.6,3081.66
5,0.624036,0.656374,2,6910.21,-16.92,760.183,82.8954,11881.6,3081.66
5,0.631293,0.663993,1,186.656,-28.3672,756.328,82.498,11881.6,3065.91
5,0.631293,0.663993,2,6848.26,-16.9168,756.328,82.498,11881.6,3065.91
5,0.638549,0.671612,1,184.983,-28.3698,752.174,82.0688,11881.6,3048.89
5,0.638549,0.671612,2,6848.26,-16.9221,752.174,82.0688,11881.6,3048.89
5,0.645805,0.679231,1,184.983,-28.3531,747.72,81.6058,11881.6,3030.59
5,0.645805,0.679231,2,6848.26,-16.9239,747.72,81.6058,11881.6,3030.59
5,0.653061,0.68685,1,183.324,-28.3697,742.991,81.1166,11881.6,3011.2
5,0.653061,0.68685,2,6848.26,-16.9215,742.991,81.1166,11881.6,3011.2
5,0.660317,0.694469,1,181.681,-28.3696,737.985,80.5952,11881.6,2990.61
5,0.660317,0.694469,2,6786.86,-16.9248,737.985,80.5952,11881.6,2990.61
5,0.667574,0.702088,1,180.052,-28.3592,732.694,80.0443,11881.6,2968.78
5,0.667574,0.702088,2,6786.86,-16.927,732.694,80.0443,11881.6,2968.78
5,0.67483,0.709707,1,180.052,-28.3529,727.141,79.4647,11881.6,2945.91
5,0.67483,0.709707,2,6726.01,-16.9233,727.141,79.4647,11881.6,2945.91
5,0.682086,0.717326,1,178.438,-28.3621,721.335,78.8567,11881.6,2921.91
5,0.682086,0.717326,2,6726.01,-16.9296,721.335,78.8567,11881.6,2921.91
5,0.689342,0.724945,1,176.838,-28.3662,715.279,78.2222,11881.6,2896.83
5,0.689342,0.724945,2,6726.01,-16.9287,715.279,78.2222,11881.6,2896.83
5,0.696599,0.732564,1,175.252,-28.368,708.984,77.561,11881.6,2870.74
5,0.696599,0.732564,2,6665.71,-16.9317,708.984,77.561,11881.6,2870.74
5,0.703855,0.740183,1,173.681,-28.3677,702.465,76.8737,11881.6,2843.62
5,0.703855,0.740183,2,6665.71,-16.9325,702.465,76.8737,11881.6,2843.62
5,0.711111,0.747802,1,172.124,-28.3664,695.739,76.1641,11881.6,2815.67
5,0.711111,0.747802,2,6605.94,-16.9344,695.739,76.1641,11881.6,2815.67
5,0.718367,0.755421,1,170.581,-28.3631,688.804,75.4292,11881.6,2786.74
5,0.718367,0.755421,2,6605.94,-16.9354,688.804,75.4292,11881.6,2786.74
5,0.725624,0.76304,1,169.051,-28.3558,681.695,74.6748,11881.6,2757.06
5,0.725624,0.76304,2,6546.72,-16.938,681.695,74.6748,11881.6,2757.06
5,0.73288,0.77066,1,166.033,-28.3532,674.405,73.899,11881.6,2726.55
5,0.73288,0.77066,2,6546.72,-16.9375,674.405,73.899,11881.6,2726.55
5,0.740136,0.778279,1,164.545,-28.3651,666.965,73.1047,11881.6,2695.35
5,0.740136,0.778279,2,6488.02,-16.9419,666.965,73.1047,11881.6,2695.35
5,0.747392,0.785898,1,163.07,-28.3703,659.389,72.2949,11881.6,2663.55
5,0.747392,0.785898,2,6429.85,-16.9398,659.389,72.2949,11881.6,2663.55
5,0.754649,0.793517,1,161.608,-28.3637,651.677,71.4678,11881.6,2631.07
5,0.754649,0.793517,2,6429.85,-16.9449,651.677,71.4678,11881.6,2631.07
5,0.761905,0.801136,1,158.723,-28.3565,643.876,70.6298,11881.6,2598.22
5,0.761905,0.801136,2,6372.2,-16.9465,643.876,70.6298,11881.6,2598.22
5,0.769161,0.808755,1,157.3,-28.3712,635.966,69.7771,11881.6,2564.78
5,0.769161,0.808755,2,6372.2,-16.9454,635.966,69.7771,11881.6,2564.78
5,0.776417,0.816374,1,155.889,-28.3628,628.005,68.9169,11881.6,2531.15
5,0.776417,0.816374,2,6315.07,-16.9507,628.005,68.9169,11881.6,2531.15
5,0.783673,0.823993,1,153.106,-28.3661,619.972,68.0455,11881.6,2497.06
5,0.783673,0.823993,2,6258.45,-16.952,619.972,68.0455,11881.6,2497.06
5,0.79093,0.831612,1,151.734,-28.3712,611.911,67.1716,11881.6,2462.91
5,0.79093,0.831612,2,6258.45,-16.9506,611.911,67.1716,11881.6,2462.91
5,0.798186,0.839231,1,149.025,-28.3619,603.828,66.2902,11881.6,2428.51
5,0.798186,0.839231,2,6202.34,-16.956,603.828,66.2902,11881.6,2428.51
5,0.805442,0.84685,1,147.689,-28.3744,595.744,65.4085,11881.6,2394.15
5,0.805442,0.84685,2,6146.73,-16.9584,595.744,65.4085,11881.6,2394.15
5,0.812698,0.854469,1,145.053,-28.3625,587.681,64.5256,11881.6,2359.75
5,0.812698,0.854469,2,6091.62,-16.9582,587.681,64.5256,11881.6,2359.75
5,0.819955,0.862088,1,143.752,-28.3759,579.654,63.6458,11881.6,2325.5
5,0.819955,0.862088,2,6091.62,-16.9601,579.654,63.6458,11881.6,2325.5
5,0.827211,0.869707,1,141.186,-28.3679,571.674,62.7682,11881.6,2291.38
5,0.827211,0.869707,2,6037,-16.9641,571.674,62.7682,11881.6,2291.38
5,0.834467,0.877326,1,139.92,-28.3772,563.771,61.8967,11881.6,2257.55
5,0.834467,0.877326,2,5982.88,-16.966,563.771,61.8967,11881.6,2257.55
5,0.841723,0.884945,1,137.422,-28.3761,555.948,61.0332,11881.6,2224.06
5,0.841723,0.884945,2,5929.24,-16.9659,555.948,61.0332,11881.6,2224.06
5,0.84898,0.892564,1,136.19,-28.3759,548.23,60.1783,11881.6,2190.9
5,0.84898,0.892564,2,5929.24,-16.9678,548.23,60.1783,11881.6,2190.9
5,0.856236,0.900183,1,133.759,-28.3828,540.644,59.3379,11881.6,2158.39
5,0.856236,0.900183,2,5876.08,-16.9717,540.644,59.3379,11881.6,2158.39
5,0.863492,0.907802,1,132.56,-28.3735,533.174,58.5072,11881.6,2126.25
5,0.863492,0.907802,2,5823.39,-16.9736,533.174,58.5072,11881.6,2126.25
5,0.870748,0.915421,1,130.194,-28.388,525.877,57.6957,11881.6,2094.89
5,0.870748,0.915421,2,5771.18,-16.9737,525.877,57.6957,11881.6,2094.89
5,0.878005,0.92304,1,129.026,-28.3727,518.739,56.8998,11881.6,2064.18
5,0.878005,0.92304,2,5771.18,-16.9752,518.739,56.8998,11881.6,2064.18
5,0.885261,0.930659,1,126.723,-28.3925,511.764,56.1192,11881.6,2034.06
5,0.885261,0.930659,2,5719.44,-16.9789,511.764,56.1192,11881.6,2034.06
5,0.892517,0.938278,1,125.587,-28.3773,505.018,55.3657,11881.6,2005.07
5,0.892517,0.938278,2,5668.16,-16.9806,505.018,55.3657,11881.6,2005.07
5,0.899773,0.945897,1,123.345,-28.3956,498.464,54.6312,11881.6,1976.8
5,0.899773,0.945897,2,5617.34,-16.98,498.464,54.6312,11881.6,1976.8
5,0.907029,0.953516,1,122.239,-28.388,492.115,53.9175,11881.6,1949.35
5,0.907029,0.953516,2,5617.34,-16.9831,492.115,53.9175,11881.6,1949.35
5,0.914286,0.961136,1,120.057,-28.3941,486.031,53.2358,11881.6,1923.16
5,0.914286,0.961136,2,5566.98,-16.9858,486.031,53.2358,11881.6,1923.16
5,0.921542,0.968755,1,118.981,-28.401,480.183,52.5779,11881.6,1897.91
5,0.921542,0.968755,2,5517.06,-16.9855,480.183,52.5779,11881.6,1897.91
5,0.928798,0.976374,1,117.914,-28.3889,474.572,51.9436,11881.6,1873.62
5,0.928798,0.976374,2,5517.06,-16.9876,474.572,51.9436,11881.6,1873.62
5,0.936054,0.983993,1,115.809,-28.3987,469.239,51.343,11881.6,1850.63
5,0.936054,0.983993,2,5467.6,-16.9901,469.239,51.343,11881.6,1850.63
5,0.943311,0.991612,1,114.771,-28.4077,464.194,50.7741,11881.6,1828.87
5,0.943311,0.991612,2,5418.58,-16.9884,464.194,50.7741,11881.6,1828.87
5,0.950567,0.999231,1,113.742,-28.4101,459.429,50.2352,11881.6,1808.26
5,0.950567,0.999231,2,5418.58,-16.9926,459.429,50.2352,11881.6,1808.26
5,0.957823,0.00684971,1,112.722,-28.4089,454.942,49.7267,11881.6,1788.82
5,0.957823,0.00684971,2,5370,-16.9923,454.942,49.7267,11881.6,1788.82
5,0.965079,0.0144687,1,111.711,-28.4086,450.76,49.2544,11881.6,1770.77
5,0.965079,0.0144687,2,5370,-16.9947,450.76,49.2544,11881.6,1770.77
5,0.972336,0.0220878,1,110.71,-28.4115,446.893,48.8175,11881.6,1754.1
5,0.972336,0.0220878,2,5321.85,-16.9944,446.893,48.8175,11881.6,1754.1
5,0.979592,0.0297068,1,109.717,-28.4163,443.346,48.4148,11881.6,1738.79
5,0.979592,0.0297068,2,5321.85,-16.9969,443.346,48.4148,11881.6,1738.79
5,0.986848,0.0373259,1,108.733,-28.4184,440.119,48.0492,11881.6,1724.83
5,0.986848,0.0373259,2,5274.14,-16.9947,440.119,48.0492,11881.6,1724.83
5,0.994104,0.0449449,1,107.758,-28.411,437.212,47.7186,11881.6,1712.24
5,0.994104,0.0449449,2,5274.14,-16.9984,437.212,47.7186,11881.6,1712.24
5,1.00136,0.052564,1,107.758,-28.4097,434.632,47.425,11881.6,1701.05
5,1.00136,0.052564,2,5274.14,-16.9988,434.632,47.425,11881.6,1701.05
5,1.00862,0.060183,1,106.792,-28.4219,432.391,47.1706,11881.6,1691.37
5,1.00862,0.060183,2,5274.14,-16.9969,432.391,47.1706,11881.6,1691.37
5,1.01587,0.067802,1,106.792,-28.4053,430.49,46.9554,11881.6,1683.19
5,1.01587,0.067802,2,5226.85,-16.9996,430.49,46.9554,11881.6,1683.19
5,1.02313,0.075421,1,105.835,-28.4221,428.929,46.7777,11881.6,1676.47
5,1.02313,0.075421,2,5226.85,-17.0008,428.929,46.7777,11881.6,1676.47
5,1.03039,0.0830401,1,105.835,-28.4213,427.712,46.64,11881.6,1671.22
5,1.03039,0.0830401,2,5226.85,-17.0011,427.712,46.64,11881.6,1671.22
5,1.03764,0.0906591,1,105.835,-28.4099,426.842,46.5414,11881.6,1667.48
5,1.03764,0.0906591,2,5226.85,-17.0008,426.842,46.5414,11881.6,1667.48
5,1.0449,0.0982782,1,104.886,-28.4056,426.344,46.4854,11881.6,1665.33
5,1.0449,0.0982782,2,5226.85,-17.0006,426.344,46.4854,11881.6,1665.33
5,1.05215,0.105897,1,105.835,-28.4057,426.635,46.5178,11881.6,1666.58
5,1.05215,0.105897,2,5226.85,-17.0007,426.635,46.5178,11881.6,1666.58
5,1.05941,0.113516,1,105.835,-28.4236,428.226,46.6989,11881.6,1673.44
5,1.05941,0.113516,2,5226.85,-17.001,428.226,46.6989,11881.6,1673.44
5,1.06667,0.121135,1,106.792,-28.4085,430.654,46.9739,11881.6,1683.9
5,1.06667,0.121135,2,5226.85,-16.9995,430.654,46.9739,11881.6,1683.9
5,1.07392,0.128754,1,106.792,-28.4061,433.773,47.3269,11881.6,1697.32
5,1.07392,0.128754,2,5274.14,-16.9983,433.773,47.3269,11881.6,1697.32
5,1.08118,0.136373,1,107.758,-28.4055,437.52,47.7535,11881.6,1713.57
5,1.08118,0.136373,2,5274.14,-16.9982,437.52,47.7535,11881.6,1713.57
5,1.08844,0.143992,1,109.717,-28.3956,441.808,48.2409,11881.6,1732.14
5,1.08844,0.143992,2,5321.85,-16.9964,441.808,48.2409,11881.6,1732.14
5,1.09569,0.151611,1,110.71,-28.4087,446.628,48.7872,11881.6,1752.96
5,1.09569,0.151611,2,5321.85,-16.9948,446.628,48.7872,11881.6,1752.96
5,1.10295,0.15923,1,111.711,-28.4136,451.924,49.3854,11881.6,1775.79
5,1.10295,0.15923,2,5370,-16.9947,451.924,49.3854,11881.6,1775.79
5,1.1102,0.166849,1,112.722,-28.3902,457.643,50.0334,11881.6,1800.53
5,1.1102,0.166849,2,5418.58,-16.9919,457.643,50.0334,11881.6,1800.53
5,1.11746,0.174469,1,114.771,-28.4085,463.743,50.724,11881.6,1826.92
5,1.11746,0.174469,2,5418.58,-16.9892,463.743,50.724,11881.6,1826.92
5,1.12472,0.182088,1,116.857,-28.3882,470.251,51.4568,11881.6,1854.99
5,1.12472,0.182088,2,5467.6,-16.9893,470.251,51.4568,11881.6,1854.99
5,1.13197,0.189707,1,117.914,-28.4013,477.093,52.2289,11881.6,1884.54
5,1.13197,0.189707,2,5517.06,-16.9881,477.093,52.2289,11881.6,1884.54
5,1.13923,0.197326,1,120.057,-28.3989,484.238,53.0331,11881.6,1915.42
5,1.13923,0.197326,2,5566.98,-16.9858,484.238,53.0331,11881.6,1915.42
5,1.14649,0.204945,1,122.239,-28.3817,491.712,53.8728,11881.6,1947.61
5,1.14649,0.204945,2,5617.34,-16.9828,491.712,53.8728,11881.6,1947.61
5,1.15374,0.212564,1,123.345,-28.3872,499.452,54.7421,11881.6,1981.06
5,1.15374,0.212564,2,5668.16,-16.9792,499.452,54.7421,11881.6,1981.06
5,1.161,0.220183,1,125.587,-28.3927,507.44,55.6364,11881.6,2015.49
5,1.161,0.220183,2,5668.16,-16.9779,507.44,55.6364,11881.6,2015.49
5,1.16825,0.227802,1,127.869,-28.3906,515.684,56.5586,11881.6,2051
5,1.16825,0.227802,2,5719.44,-16.977,515.684,56.5586,11881.6,2051
5,1.17551,0.235421,1,130.194,-28.3809,524.111,57.4995,11881.6,2087.3
5,1.17551,0.235421,2,5771.18,-16.9756,524.111,57.4995,11881.6,2087.3
5,1.18277,0.24304,1,132.56,-28.3673,532.762,58.4613,11881.6,2124.47
5,1.18277,0.24304,2,5823.39,-16.9738,532.762,58.4613,11881.6,2124.47
5,1.19002,0.250659,1,133.759,-28.3741,541.56,59.4396,11881.6,2162.32
5,1.19002,0.250659,2,5876.08,-16.9717,541.56,59.4396,11881.6,2162.32
5,1.19728,0.258278,1,136.19,-28.3805,550.521,60.4319,11881.6,2200.74
5,1.19728,0.258278,2,5929.24,-16.9691,550.521,60.4319,11881.6,2200.74
5,1.20454,0.265897,1,138.666,-28.3812,559.605,61.4379,11881.6,2239.73
5,1.20454,0.265897,2,5982.88,-16.9661,559.605,61.4379,11881.6,2239.73
5,1.21179,0.273516,1,141.186,-28.3755,568.784,62.4487,11881.6,2278.99
5,1.21179,0.273516,2,6037,-16.9625,568.784,62.4487,11881.6,2278.99
5,1.21905,0.281135,1,143.752,-28.3621,578.058,63.4702,11881.6,2318.69
5,1.21905,0.281135,2,6037,-16.9589,578.058,63.4702,11881.6,2318.69
5,1.2263,0.288754,1,145.053,-28.3666,587.368,64.491,11881.6,2358.4
5,1.2263,0.288754,2,6091.62,-16.9586,587.368,64.491,11881.6,2358.4
5,1.23356,0.296373,1,147.689,-28.3747,596.735,65.5161,11881.6,2398.36
5,1.23356,0.296373,2,6146.73,-16.9577,596.735,65.5161,11881.6,2398.36
5,1.24082,0.303992,1,150.373,-28.3701,606.083,66.5368,11881.6,2438.13
5,1.24082,0.303992,2,6202.34,-16.9561,606.083,66.5368,11881.6,2438.13
5,1.24807,0.311611,1,151.734,-28.3541,615.448,67.5547,11881.6,2477.91
5,1.24807,0.311611,2,6258.45,-16.9533,615.448,67.5547,11881.6,2477.91
5,1.25533,0.31923,1,154.492,-28.3708,624.741,68.5638,11881.6,2517.32
5,1.25533,0.31923,2,6315.07,-16.949,624.741,68.5638,11881.6,2517.32
5,1.26259,0.326849,1,157.3,-28.3647,633.998,69.5642,11881.6,2556.48
5,1.26259,0.326849,2,6315.07,-16.9467,633.998,69.5642,11881.6,2556.48
5,1.26984,0.334468,1,158.723,-28.3644,643.141,70.5508,11881.6,2595.12
5,1.26984,0.334468,2,6372.2,-16.947,643.141,70.5508,11881.6,2595.12
5,1.2771,0.342087,1,161.608,-28.3673,652.198,71.524,11881.6,2633.26
5,1.2771,0.342087,2,6429.85,-16.945,652.198,71.524,11881.6,2633.26
5,1.28435,0.349706,1,163.07,-28.3633,661.1,72.4787,11881.6,2670.74
5,1.28435,0.349706,2,6488.02,-16.94,661.1,72.4787,11881.6,2670.74
5,1.29161,0.357325,1,166.033,-28.3621,669.861,73.4137,11881.6,2707.46
5,1.29161,0.357325,2,6488.02,-16.9399,669.861,73.4137,11881.6,2707.46
5,1.29887,0.364945,1,167.536,-28.3694,678.433,74.3281,11881.6,2743.43
5,1.29887,0.364945,2,6546.72,-16.9393,678.433,74.3281,11881.6,2743.43
5,1.30612,0.372564,1,169.051,-28.3552,686.802,75.2169,11881.6,2778.36
5,1.30612,0.372564,2,6605.94,-16.9337,686.802,75.2169,11881.6,2778.36
5,1.31338,0.380183,1,172.124,-28.3612,694.958,76.0816,11881.6,2812.42
5,1.31338,0.380183,2,6605.94,-16.935,694.958,76.0816,11881.6,2812.42
5,1.32063,0.387802,1,173.681,-28.3691,702.845,76.9135,11881.6,2845.21
5,1.32063,0.387802,2,6665.71,-16.9327,702.845,76.9135,11881.6,2845.21
5,1.32789,0.395421,1,175.252,-28.3695,710.501,77.7205,11881.6,2877.04
5,1.32789,0.395421,2,6665.71,-16.9301,710.501,77.7205,11881.6,2877.04
5,1.33515,0.40304,1,176.838,-28.3681,717.837,78.4895,11881.6,2907.4
5,1.33515,0.40304,2,6726.01,-16.93,717.837,78.4895,11881.6,2907.4
5,1.3424,0.410659,1,178.438,-28.3663,724.895,79.2303,11881.6,2936.64
5,1.3424,0.410659,2,6726.01,-16.9266,724.895,79.2303,11881.6,2936.64
5,1.34966,0.418278,1,180.052,-28.3672,731.627,79.9322,11881.6,2964.39
5,1.34966,0.418278,2,6786.86,-16.9268,731.627,79.9322,11881.6,2964.39
5,1.35692,0.425897,1,181.681,-28.3694,738.006,80.5978,11881.6,2990.7
5,1.35692,0.425897,2,6786.86,-16.9248,738.006,80.5978,11881.6,2990.7
5,1.36417,0.433516,1,183.324,-28.3719,744.05,81.2253,11881.6,3015.55
5,1.36417,0.433516,2,6848.26,-16.9224,744.05,81.2253,11881.6,3015.55
5,1.37143,0.441135,1,184.983,-28.3697,749.724,81.8144,11881.6,3038.83
5,1.37143,0.441135,2,6848.26,-16.9235,749.724,81.8144,11881.6,3038.83
5,1.37868,0.448754,1,186.656,-28.3561,755.004,82.3617,11881.6,3060.49
5,1.37868,0.448754,2,6848.26,-16.9188,755.004,82.3617,11881.6,3060.49
5,1.38594,0.456373,1,186.656,-28.3672,759.887,82.8658,11881.6,3080.45
5,1.38594,0.456373,2,6910.21,-16.9198,759.887,82.8658,11881.6,3080.45
5,1.3932,0.463992,1,188.345,-28.3724,764.381,83.3285,11881.6,3098.8
5,1.3932,0.463992,2,6910.21,-16.9204,764.381,83.3285,11881.6,3098.8
5,1.40045,0.471611,1,188.345,-28.3565,768.454,83.7476,11881.6,3115.44
5,1.40045,0.471611,2,6910.21,-16.9176,768.454,83.7476,11881.6,3115.44
5,1.40771,0.47923,1,190.049,-28.3737,772.087,84.1218,11881.6,3130.25
5,1.40771,0.47923,2,6972.73,-16.9139,772.087,84.1218,11881.6,3130.25
5,1.41497,0.486849,1,190.049,-28.3615,775.276,84.4482,11881.6,3143.22
5,1.41497,0.486849,2,6972.73,-16.9166,775.276,84.4482,11881.6,3143.22
5,1.42222,0.494468,1,191.768,-28.3698,778.029,84.7306,11881.6,3154.4
5,1.42222,0.494468,2,6972.73,-16.9174,778.029,84.7306,11881.6,3154.4
5,1.42948,0.502087,1,191.768,-28.3747,780.346,84.9686,11881.6,3163.83
5,1.42948,0.502087,2,6972.73,-16.917,780.346,84.9686,11881.6,3163.83
5,1.43673,0.509706,1,191.768,-28.3654,782.206,85.1583,11881.6,3171.39
5,1.43673,0.509706,2,6972.73,-16.9159,782.206,85.1583,11881.6,3171.39
5,1.44399,0.517325,1,193.503,-28.3547,783.603,85.3018,11881.6,3177.06
5,1.44399,0.517325,2,6972.73,-16.9146,783.603,85.3018,11881.6,3177.06
5,1.45125,0.524944,1,193.503,-28.3643,784.534,85.3971,11881.6,3180.84
5,1.45125,0.524944,2,6972.73,-16.9136,784.534,85.3971,11881.6,3180.84
5,1.4585,0.532563,1,193.503,-28.368,784.997,85.4441,11881.6,3182.72
5,1.4585,0.532563,2,6972.73,-16.913,784.997,85.4441,11881.6,3182.72
5,1.46576,0.540182,1,193.503,-28.3687,785.063,85.4509,11881.6,3182.99
5,1.46576,0.540182,2,6972.73,-16.913,785.063,85.4509,11881.6,3182.99
5,1.47302,0.547801,1,193.503,-28.3679,784.992,85.4441,11881.6,3182.7
5,1.47302,0.547801,2,6972.73,-16.913,784.992,85.4441,11881.6,3182.7
5,1.48027,0.55542,1,193.503,-28.3666,784.796,85.4238,11881.6,3181.91
5,1.48027,0.55542,2,6972.73,-16.9133,784.796,85.4238,11881.6,3181.91
5,1.48753,0.563039,1,193.503,-28.3633,784.438,85.3874,11881.6,3180.45
5,1.48753,0.563039,2,6972.73,-16.9137,784.438,85.3874,11881.6,3180.45
5,1.49478,0.570659,1,193.503,-28.3582,783.889,85.331,11881.6,3178.22
5,1.49478,0.570659,2,6972.73,-16.9143,783.889,85.331,11881.6,3178.22
5,1.50204,0.578278,1,191.768,-28.3569,783.128,85.2536,11881.6,3175.13
5,1.50204,0.578278,2,6972.73,-16.9151,783.128,85.2536,11881.6,3175.13
5,1.5093,0.585897,1,191.768,-28.3663,782.135,85.1511,11881.6,3171.1
5,1.5093,0.585897,2,6972.73,-16.9159,782.135,85.1511,11881.6,3171.1
5,1.51655,0.593516,1,191.768,-28.3732,780.898,85.0245,11881.6,3166.07
5,1.51655,0.593516,2,6972.73,-16.9167,780.898,85.0245,11881.6,3166.07
5,1.52381,0.601135,1,191.768,-28.3744,779.401,84.8712,11881.6,3159.98
5,1.52381,0.601135,2,6972.73,-16.9173,779.401,84.8712,11881.6,3159.98
5,1.53107,0.608754,1,191.768,-28.3669,777.641,84.6913,11881.6,3152.81
5,1.53107,0.608754,2,6972.73,-16.9174,777.641,84.6913,11881.6,3152.81
5,1.53832,0.616373,1,190.049,-28.3578,775.612,84.4834,11881.6,3144.58
5,1.53832,0.616373,2,6972.73,-16.9168,775.612,84.4834,11881.6,3144.58
5,1.54558,0.623992,1,190.049,-28.3728,773.301,84.2459,11881.6,3135.19
5,1.54558,0.623992,2,6972.73,-16.9152,773.301,84.2459,11881.6,3135.19
5,1.55283,0.631611,1,190.049,-28.3691,770.699,83.9787,11881.6,3124.59
5,1.55283,0.631611,2,6910.21,-16.9147,770.699,83.9787,11881.6,3124.59
5,1.56009,0.63923,1,188.345,-28.3625,767.797,83.6803,11881.6,3112.76
5,1.56009,0.63923,2,6910.21,-16.9183,767.797,83.6803,11881.6,3112.76
5,1.56735,0.646849,1,188.345,-28.3726,764.595,83.3509,11881.6,3099.68
5,1.56735,0.646849,2,6910.21,-16.9204,764.595,83.3509,11881.6,3099.68
5,1.5746,0.654468,1,186.656,-28.3573,761.101,82.9907,11881.6,3085.4
5,1.5746,0.654468,2,6910.21,-16.9204,761.101,82.9907,11881.6,3085.4
5,1.58186,0.662087,1,186.656,-28.3717,757.32,82.6004,11881.6,3069.96
5,1.58186,0.662087,2,6910.21,-16.9177,757.32,82.6004,11881.6,3069.96
5,1.58912,0.669706,1,184.983,-28.3634,753.242,82.1789,11881.6,3053.27
5,1.58912,0.669706,2,6848.26,-16.921,753.242,82.1789,11881.6,3053.27
5,1.59637,0.677325,1,184.983,-28.3639,748.863,81.7251,11881.6,3035.28
5,1.59637,0.677325,2,6848.26,-16.9238,748.863,81.7251,11881.6,3035.28
5,1.60363,0.684944,1,183.324,-28.3718,744.201,81.241,11881.6,3016.16
5,1.60363,0.684944,2,6848.26,-16.9225,744.201,81.241,11881.6,3016.16
5,1.61088,0.692563,1,181.681,-28.3624,739.263,80.7285,11881.6,2995.88
5,1.61088,0.692563,2,6786.86,-16.9234,739.263,80.7285,11881.6,2995.88
5,1.61814,0.700182,1,181.681,-28.3538,734.044,80.1852,11881.6,2974.36
5,1.61814,0.700182,2,6786.86,-16.927,734.044,80.1852,11881.6,2974.36
5,1.6254,0.707801,1,180.052,-28.3658,728.554,79.6119,11881.6,2951.74
5,1.6254,0.707801,2,6786.86,-16.9248,728.554,79.6119,11881.6,2951.74
5,1.63265,0.71542,1,178.438,-28.3703,722.812,79.0116,11881.6,2928.02
5,1.63265,0.71542,2,6726.01,-16.9287,722.812,79.0116,11881.6,2928.02
5,1.63991,0.723039,1,176.838,-28.3706,716.816,78.3829,11881.6,2903.18
5,1.63991,0.723039,2,6726.01,-16.9297,716.816,78.3829,11881.6,2903.18
5,1.64717,0.730658,1,175.252,-28.3699,710.58,77.7281,11881.6,2877.36
5,1.64717,0.730658,2,6665.71,-16.9301,710.58,77.7281,11881.6,2877.36
5,1.65442,0.738277,1,173.681,-28.3693,704.118,77.0471,11881.6,2850.51
5,1.65442,0.738277,2,6665.71,-16.9331,704.118,77.0471,11881.6,2850.51
5,1.66168,0.745896,1,172.124,-28.3692,697.443,76.343,11881.6,2822.76
5,1.66168,0.745896,2,6605.94,-16.9325,697.443,76.343,11881.6,2822.76
5,1.66893,0.753515,1,170.581,-28.3697,690.557,75.6152,11881.6,2794.06
5,1.66893,0.753515,2,6605.94,-16.9362,690.557,75.6152,11881.6,2794.06
5,1.67619,0.761135,1,169.051,-28.3683,683.49,74.8651,11881.6,2764.54
5,1.67619,0.761135,2,6546.72,-16.9362,683.49,74.8651,11881.6,2764.54
5,1.68345,0.768754,1,167.536,-28.3634,676.246,74.0956,11881.6,2734.27
5,1.68345,0.768754,2,6546.72,-16.9387,676.246,74.0956,11881.6,2734.27
5,1.6907,0.776373,1,166.033,-28.3512,668.837,73.3047,11881.6,2703.18
5,1.6907,0.776373,2,6488.02,-16.9408,668.837,73.3047,11881.6,2703.18
5,1.69796,0.783992,1,163.07,-28.3617,661.299,72.4999,11881.6,2671.58
5,1.69796,0.783992,2,6488.02,-16.9402,661.299,72.4999,11881.6,2671.58
5,1.70522,0.791611,1,161.608,-28.3703,653.612,71.6757,11881.6,2639.2
5,1.70522,0.791611,2,6429.85,-16.945,653.612,71.6757,11881.6,2639.2
5,1.71247,0.79923,1,160.159,-28.3643,645.839,70.8411,11881.6,2606.5
5,1.71247,0.79923,2,6372.2,-16.9443,645.839,70.8411,11881.6,2606.5
5,1.71973,0.806849,1,157.3,-28.3574,637.952,69.9909,11881.6,2573.18
5,1.71973,0.806849,2,6372.2,-16.9471,637.952,69.9909,11881.6,2573.18
5,1.72698,0.814468,1,155.889,-28.3717,630.003,69.1328,11881.6,2539.61
5,1.72698,0.814468,2,6315.07,-16.9504,630.003,69.1328,11881.6,2539.61
5,1.73424,0.822087,1,154.492,-28.3604,621.989,68.2643,11881.6,2505.64
5,1.73424,0.822087,2,6258.45,-16.9497,621.989,68.2643,11881.6,2505.64
5,1.7415,0.829706,1,151.734,-28.3698,613.929,67.3904,11881.6,2471.48
5,1.7415,0.829706,2,6258.45,-16.9525,613.929,67.3904,11881.6,2471.48
5,1.74875,0.837325,1,150.373,-28.3684,605.854,66.5106,11881.6,2437.14
5,1.74875,0.837325,2,6202.34,-16.9561,605.854,66.5106,11881.6,2437.14
5,1.75601,0.844944,1,147.689,-28.369,597.766,65.6289,11881.6,2402.75
5,1.75601,0.844944,2,6146.73,-16.9568,597.766,65.6289,11881.6,2402.75
5,1.76327,0.852563,1,146.365,-28.3717,589.697,64.7468,11881.6,2368.36
5,1.76327,0.852563,2,6146.73,-16.9565,589.697,64.7468,11881.6,2368.36
5,1.77052,0.860182,1,143.752,-28.3714,581.659,63.8649,11881.6,2334.05
5,1.77052,0.860182,2,6091.62,-16.9613,581.659,63.8649,11881.6,2334.05
5,1.77778,0.867801,1,142.463,-28.3722,573.663,62.9877,11881.6,2299.91
5,1.77778,0.867801,2,6037,-16.9638,573.663,62.9877,11881.6,2299.91
5,1.78503,0.87542,1,139.92,-28.377,565.738,62.1132,11881.6,2265.95
5,1.78503,0.87542,2,5982.88,-16.9641,565.738,62.1132,11881.6,2265.95
5,1.79229,0.883039,1,138.666,-28.3704,557.897,61.2493,11881.6,2232.42
5,1.79229,0.883039,2,5982.88,-16.9647,557.897,61.2493,11881.6,2232.42
5,1.79955,0.890658,1,136.19,-28.3822,550.148,60.391,11881.6,2199.13
5,1.79955,0.890658,2,5929.24,-16.969,550.148,60.391,11881.6,2199.13
5,1.8068,0.898277,1,134.969,-28.3668,542.532,59.5471,11881.6,2166.5
5,1.8068,0.898277,2,5876.08,-16.9714,542.532,59.5471,11881.6,2166.5
5,1.81406,0.905896,1,132.56,-28.3863,535.029,58.7144,11881.6,2134.24
5,1.81406,0.905896,2,5823.39,-16.972,535.029,58.7144,11881.6,2134.24
5,1.82132,0.913515,1,130.194,-28.3693,527.686,57.8964,11881.6,2102.65
5,1.82132,0.913515,2,5823.39,-16.972,527.686,57.8964,11881.6,2102.65
5,1.82857,0.921134,1,129.026,-28.3891,520.51,57.098,11881.6,2071.81
5,1.82857,0.921134,2,5771.18,-16.9764,520.51,57.098,11881.6,2071.81
5,1.83583,0.928753,1,126.723,-28.3765,513.49,56.3128,11881.6,2041.52
5,1.83583,0.928753,2,5719.44,-16.9787,513.49,56.3128,11881.6,2041.52
5,1.84308,0.936372,1,125.587,-28.3932,506.688,55.5525,11881.6,2012.25
5,1.84308,0.936372,2,5668.16,-16.979,506.688,55.5525,11881.6,2012.25
5,1.85034,0.943991,1,123.345,-28.3776,500.086,54.8133,11881.6,1983.8
5,1.85034,0.943991,2,5668.16,-16.9799,500.086,54.8133,11881.6,1983.8
5,1.8576,0.95161,1,122.239,-28.3979,493.679,54.0937,11881.6,1956.1
5,1.8576,0.95161,2,5617.34,-16.9836,493.679,54.0937,11881.6,1956.1
5,1.86485,0.959229,1,121.143,-28.3862,487.53,53.4032,11881.6,1929.62
5,1.86485,0.959229,2,5566.98,-16.9848,487.53,53.4032,11881.6,1929.62
5,1.87211,0.966849,1,118.981,-28.3967,481.624,52.7397,11881.6,1904.14
5,1.87211,0.966849,2,5566.98,-16.9838,481.624,52.7397,11881.6,1904.14
5,1.87937,0.974468,1,117.914,-28.4035,475.953,52.0999,11881.6,1879.61
5,1.87937,0.974468,2,5517.06,-16.9882,475.953,52.0999,11881.6,1879.61
5,1.88662,0.982087,1,116.857,-28.393,470.546,51.4901,11881.6,1856.26
5,1.88662,0.982087,2,5467.6,-16.9891,470.546,51.4901,11881.6,1856.26
5,1.89388,0.989706,1,114.771,-28.3943,465.431,50.914,11881.6,1834.21
5,1.89388,0.989706,2,5467.6,-16.9893,465.431,50.914,11881.6,1834.21
5,1.90113,0.997325,1,113.742,-28.4059,460.595,50.3675,11881.6,1813.31
5,1.90113,0.997325,2,5418.58,-16.9924,460.595,50.3675,11881.6,1813.31
6,0,0.000887692,1,89.1893,-28.4421,361.172,39.0473,11881.6,1384.45
6,0,0.000887692,2,4776.68,-17.019,361.172,39.0473,11881.6,1384.45
6,0.0101587,0.00820196,1,86.8118,-28.4655,352.82,38.0887,11881.6,1348.52
6,0.0101587,0.00820196,2,4733.86,-17.022,352.82,38.0887,11881.6,1348.52
6,0.0203175,0.0155163,1,84.4977,-28.4671,345.013,37.1962,11881.6,1315.11
6,0.0203175,0.0155163,2,4691.41,-17.023,345.013,37.1962,11881.6,1315.11
6,0.0304762,0.0228305,1,82.9893,-28.4765,337.725,36.3614,11881.6,1283.95
6,0.0304762,0.0228305,2,4607.67,-17.025,337.725,36.3614,11881.6,1283.95
6,0.0406349,0.0301449,1,80.7771,-28.4661,330.921,35.5793,11881.6,1254.78
6,0.0406349,0.0301449,2,4566.36,-17.028,330.921,35.5793,11881.6,1254.78
6,0.0507937,0.0374591,1,79.3351,-28.482,324.681,34.8653,11753.2,1228.19
6,0.0507937,0.0374591,2,4484.84,-17.0281,324.681,34.8653,11753.2,1228.19
6,0.0609524,0.0447735,1,77.9189,-28.4865,318.98,34.2129,11542.9,1203.96
6,0.0609524,0.0447735,2,4404.78,-17.0257,318.98,34.2129,11542.9,1203.96
6,0.0711111,0.0520877,1,76.528,-28.4854,313.788,33.6172,11350.7,1181.84
6,0.0711111,0.0520877,2,4287.36,-17.0253,313.788,33.6172,11350.7,1181.84
6,0.0812698,0.059402,1,75.1618,-28.4705,309.109,33.0796,11176.7,1161.86
6,0.0812698,0.059402,2,4210.83,-17.0247,309.109,33.0796,11176.7,1161.86
6,0.0914286,0.0667163,1,74.488,-28.4926,304.995,32.608,11023.9,1144.4
6,0.0914286,0.0667163,2,4135.66,-17.0236,304.995,32.608,11023.9,1144.4
6,0.101587,0.0740306,1,73.8201,-28.4754,301.445,32.2029,10892.1,1129.41
6,0.101587,0.0740306,2,4098.58,-17.0211,301.445,32.2029,10892.1,1129.41
6,0.111746,0.0813449,1,72.5023,-28.4824,298.428,31.8582,10779.9,1116.67
6,0.111746,0.0813449,2,4025.42,-17.0223,298.428,31.8582,10779.9,1116.67
6,0.121905,0.0886592,1,71.8523,-28.4828,295.948,31.5733,10687.5,1106.18
6,0.121905,0.0886592,2,3989.33,-17.0219,295.948,31.5733,10687.5,1106.18
6,0.132063,0.0959735,1,71.8523,-28.4845,294.008,31.3514,10615.2,1097.97
6,0.132063,0.0959735,2,3953.56,-17.0215,294.008,31.3514,10615.2,1097.97
6,0.142222,0.103288,1,71.2081,-28.4962,292.617,31.1918,10563.1,1092.08
6,0.142222,0.103288,2,3918.11,-17.02,292.617,31.1918,10563.1,1092.08
6,0.152381,0.110602,1,71.2081,-28.4916,291.777,31.0964,10531.8,1088.52
6,0.152381,0.110602,2,3918.11,-17.021,291.777,31.0964,10531.8,1088.52
6,0.16254,0.117916,1,71.2081,-28.4933,291.886,31.1086,10535.9,1088.99
6,0.16254,0.117916,2,3918.11,-17.021,291.886,31.1086,10535.9,1088.99
6,0.172698,0.125231,1,71.8523,-28.4848,294.038,31.3544,10616.2,1098.1
6,0.172698,0.125231,2,3953.56,-17.0215,294.038,31.3544,10616.2,1098.1
6,0.182857,0.132545,1,72.5023,-28.4954,297.645,31.7679,10750.8,1113.36
6,0.182857,0.132545,2,4025.42,-17.0217,297.645,31.7679,10750.8,1113.36
6,0.193016,0.139859,1,73.8201,-28.4934,302.502,32.3231,10931.4,1133.88
6,0.193016,0.139859,2,4098.58,-17.0233,302.502,32.3231,10931.4,1133.88
6,0.203175,0.147174,1,75.1618,-28.4843,308.577,33.0174,11156.9,1159.59
6,0.203175,0.147174,2,4210.83,-17.0245,308.577,33.0174,11156.9,1159.59
6,0.213333,0.154488,1,77.2203,-28.4894,315.762,33.8442,11423.8,1190.25
6,0.213333,0.154488,2,4326.15,-17.0261,315.762,33.8442,11423.8,1190.25
6,0.223492,0.161802,1,79.3351,-28.4877,323.888,34.7745,11724,1224.83
6,0.223492,0.161802,2,4484.84,-17.0279,323.888,34.7745,11724,1224.83
6,0.233651,0.169116,1,81.5079,-28.4803,333.036,35.8223,11881.6,1263.86
6,0.233651,0.169116,2,4607.67,-17.0262,333.036,35.8223,11881.6,1263.86
6,0.24381,0.176431,1,84.4977,-28.461,343.025,36.9682,11881.6,1306.62
6,0.24381,0.176431,2,4649.35,-17.0241,343.025,36.9682,11881.6,1306.62
6,0.253968,0.183745,1,86.8118,-28.4645,353.912,38.214,11881.6,1353.22
6,0.253968,0.183745,2,4733.86,-17.0217,353.912,38.214,11881.6,1353.22
6,0.264127,0.191059,1,89.9962,-28.4585,365.569,39.5492,11881.6,1403.32
6,0.264127,0.191059,2,4819.9,-17.0184,365.569,39.5492,11881.6,1403.32
6,0.274286,0.198374,1,93.2974,-28.4458,378.019,40.9739,11881.6,1456.86
6,0.274286,0.198374,2,4907.5,-17.0148,378.019,40.9739,11881.6,1456.86
6,0.284444,0.205688,1,96.7197,-28.4331,391.189,42.4775,11881.6,1513.52
6,0.284444,0.205688,2,4996.7,-17.0109,391.189,42.4775,11881.6,1513.52
6,0.294603,0.213002,1,100.268,-28.4237,405.048,44.0602,11881.6,1573.38
6,0.294603,0.213002,2,5087.52,-17.007,405.048,44.0602,11881.6,1573.38
6,0.304762,0.220317,1,103.946,-28.4167,419.568,45.714,11881.6,1636.04
6,0.304762,0.220317,2,5179.99,-17.003,419.568,45.714,11881.6,1636.04
6,0.314921,0.227631,1,107.758,-28.411,434.712,47.4338,11881.6,1701.39
6,0.314921,0.227631,2,5274.14,-16.9988,434.712,47.4338,11881.6,1701.39
6,0.325079,0.234945,1,111.711,-28.4051,450.431,49.2169,11881.6,1769.35
6,0.325079,0.234945,2,5370,-16.9946,450.431,49.2169,11881.6,1769.35
6,0.335238,0.242259,1,115.809,-28.3984,466.677,51.0548,11881.6,1839.58
6,0.335238,0.242259,2,5467.6,-16.9901,466.677,51.0548,11881.6,1839.58
6,0.345397,0.249574,1,120.057,-28.3906,483.416,52.9408,11881.6,1911.88
6,0.345397,0.249574,2,5566.98,-16.9854,483.416,52.9408,11881.6,1911.88
6,0.355556,0.256888,1,124.461,-28.3797,500.606,54.8724,11881.6,1986.05
6,0.355556,0.256888,2,5668.16,-16.9804,500.606,54.8724,11881.6,1986.05
6,0.365714,0.264202,1,127.869,-28.3737,518.205,56.8399,11881.6,2061.87
6,0.365714,0.264202,2,5771.18,-16.9746,518.205,56.8399,11881.6,2061.87
6,0.375873,0.271517,1,132.56,-28.3815,536.147,58.838,11881.6,2139.06
6,0.375873,0.271517,2,5823.39,-16.9704,536.147,58.838,11881.6,2139.06
6,0.386032,0.278831,1,137.422,-28.3819,554.384,60.8606,11881.6,2217.35
6,0.386032,0.278831,2,5929.24,-16.9677,554.384,60.8606,11881.6,2217.35
6,0.39619,0.286145,1,142.463,-28.3634,572.864,62.8995,11881.6,2296.48
6,0.39619,0.286145,2,6037,-16.964,572.864,62.8995,11881.6,2296.48
6,0.406349,0.293459,1,146.365,-28.3756,591.532,64.9478,11881.6,2376.2
6,0.406349,0.293459,2,6146.73,-16.9581,591.532,64.9478,11881.6,2376.2
6,0.416508,0.300774,1,151.734,-28.3559,610.334,66.9997,11881.6,2456.21
6,0.416508,0.300774,2,6202.34,-16.9525,610.334,66.9997,11881.6,2456.21
6,0.426667,0.308088,1,155.889,-28.3706,629.212,69.0475,11881.6,2536.26
6,0.426667,0.308088,2,6315.07,-16.9506,629.212,69.0475,11881.6,2536.26
6,0.436825,0.315402,1,160.159,-28.3694,648.109,71.0853,11881.6,2616.07
6,0.436825,0.315402,2,6429.85,-16.9424,648.109,71.0853,11881.6,2616.07
6,0.446984,0.322717,1,164.545,-28.3651,666.967,73.1052,11881.6,2695.36
6,0.446984,0.322717,2,6488.02,-16.9419,666.967,73.1052,11881.6,2695.36
6,0.457143,0.330031,1,169.051,-28.365,685.734,75.1027,11881.6,2773.9
6,0.457143,0.330031,2,6546.72,-16.933,685.734,75.1027,11881.6,2773.9
6,0.467302,0.337345,1,173.681,-28.3685,704.353,77.0725,11881.6,2851.49
6,0.467302,0.337345,2,6665.71,-16.9332,704.353,77.0725,11881.6,2851.49
6,0.47746,0.34466,1,178.438,-28.3696,722.766,79.0069,11881.6,2927.83
6,0.47746,0.34466,2,6726.01,-16.9287,722.766,79.0069,11881.6,2927.83
6,0.487619,0.351974,1,183.324,-28.3543,740.92,80.9012,11881.6,3002.69
6,0.487619,0.351974,2,6786.86,-16.9211,740.92,80.9012,11881.6,3002.69
6,0.497778,0.359288,1,186.656,-28.3722,758.762,82.7494,11881.6,3075.86
6,0.497778,0.359288,2,6910.21,-16.9191,758.762,82.7494,11881.6,3075.86
6,0.507937,0.366602,1,191.768,-28.3538,776.244,84.5477,11881.6,3147.14
6,0.507937,0.366602,2,6972.73,-16.917,776.244,84.5477,11881.6,3147.14
6,0.518095,0.373917,1,195.254,-28.3737,793.323,86.2932,11881.6,3216.42
6,0.518095,0.373917,2,7035.81,-16.914,793.323,86.2932,11881.6,3216.42
6,0.528254,0.381231,1,198.803,-28.3786,809.951,87.981,11881.6,3283.5
6,0.528254,0.381231,2,7099.46,-16.9107,809.951,87.981,11881.6,3283.5
6,0.538413,0.388545,1,202.416,-28.3801,826.087,89.6078,11881.6,3348.21
6,0.538413,0.388545,2,7163.69,-16.9072,826.087,89.6078,11881.6,3348.21
6,0.548571,0.39586,1,206.095,-28.383,841.686,91.1692,11881.6,3410.4
6,0.548571,0.39586,2,7228.5,-16.9035,841.686,91.1692,11881.6,3410.4
6,0.55873,0.403174,1,209.841,-28.3851,856.707,92.6636,11881.6,3469.96
6,0.55873,0.403174,2,7293.9,-16.8987,856.707,92.6636,11881.6,3469.96
6,0.568889,0.410488,1,213.655,-28.377,871.116,94.0871,11881.6,3526.78
6,0.568889,0.410488,2,7293.9,-16.8922,871.116,94.0871,11881.6,3526.78
6,0.579048,0.417802,1,215.588,-28.3854,884.882,95.4397,11881.6,3580.77
6,0.579048,0.417802,2,7359.88,-16.8939,884.882,95.4397,11881.6,3580.77
6,0.589206,0.425117,1,219.506,-28.3899,897.985,96.7191,11881.6,3631.89
6,0.589206,0.425117,2,7426.47,-16.8929,897.985,96.7191,11881.6,3631.89
6,0.599365,0.432431,1,221.492,-28.3934,910.396,97.9237,11881.6,3680.07
6,0.599365,0.432431,2,7493.65,-16.8866,910.396,97.9237,11881.6,3680.07
6,0.609524,0.439745,1,225.518,-28.3785,922.075,99.0513,11881.6,3725.18
6,0.609524,0.439745,2,7493.65,-16.8868,922.075,99.0513,11881.6,3725.18
6,0.619683,0.44706,1,227.558,-28.3953,933.006,100.103,11881.6,3767.22
6,0.619683,0.44706,2,7561.45,-16.8848,933.006,100.103,11881.6,3767.22
6,0.629841,0.454374,1,229.617,-28.4021,943.189,101.076,11881.6,3806.2
6,0.629841,0.454374,2,7561.45,-16.8816,943.189,101.076,11881.6,3806.2
6,0.64,0.461688,1,231.694,-28.405,952.568,101.968,11881.6,3841.96
6,0.64,0.461688,2,7629.86,-16.8807,952.568,101.968,11881.6,3841.96
6,0.650159,0.469003,1,233.79,-28.4042,961.167,102.783,11881.6,3874.6
6,0.650159,0.469003,2,7629.86,-16.8795,961.167,102.783,11881.6,3874.6
6,0.660317,0.476317,1,235.905,-28.3964,968.935,103.419,11881.6,3903.99
6,0.660317,0.476317,2,7698.88,-16.8739,968.935,103.419,11881.6,3903.99
6,0.670476,0.483631,1,235.905,-28.4479,975.899,103.419,11881.6,3930.27
6,0.670476,0.483631,2,7698.88,-16.8777,975.899,103.419,11881.6,3930.27
6,0.680635,0.490945,1,235.905,-28.4713,982.007,103.419,11881.6,3953.22
6,0.680635,0.490945,2,7698.88,-16.876,982.007,103.419,11881.6,3953.22
6,0.690794,0.49826,1,238.04,-28.483,987.284,103.419,11881.6,3973.04
6,0.690794,0.49826,2,7698.88,-16.8709,987.284,103.419,11881.6,3973.04
6,0.700952,0.505574,1,238.04,-28.5139,991.712,103.419,11881.6,3980.27
6,0.700952,0.505574,2,7768.53,-16.8692,991.712,103.419,11881.6,3980.27
6,0.711111,0.512888,1,238.04,-28.5305,995.276,103.419,11881.6,3980.27
6,0.711111,0.512888,2,7768.53,-16.869,995.276,103.419,11881.6,3980.27
6,0.72127,0.520203,1,238.04,-28.5404,997.974,103.419,11881.6,3980.27
6,0.72127,0.520203,2,7768.53,-16.8689,997.974,103.419,11881.6,3980.27
6,0.731429,0.527517,1,238.04,-28.5456,999.806,103.419,11881.6,3980.27
6,0.731429,0.527517,2,7768.53,-16.8687,999.806,103.419,11881.6,3980.27
6,0.741587,0.534831,1,238.04,-28.548,1000.77,103.419,11881.6,3980.27
6,0.741587,0.534831,2,7768.53,-16.8687,1000.77,103.419,11881.6,3980.27
6,0.751746,0.542145,1,238.04,-28.5485,1000.95,103.419,11881.6,3980.27
6,0.751746,0.542145,2,7768.53,-16.8686,1000.95,103.419,11881.6,3980.27
6,0.761905,0.54946,1,238.04,-28.5483,1000.83,103.419,11881.6,3980.27
6,0.761905,0.54946,2,7768.53,-16.8687,1000.83,103.419,11881.6,3980.27
6,0.772063,0.556774,1,238.04,-28.5473,1000.47,103.419,11881.6,3980.27
6,0.772063,0.556774,2,7768.53,-16.8687,1000.47,103.419,11881.6,3980.27
6,0.782222,0.564088,1,238.04,-28.5456,999.804,103.419,11881.6,3980.27
6,0.782222,0.564088,2,7768.53,-16.8687,999.804,103.419,11881.6,3980.27
6,0.792381,0.571403,1,238.04,-28.5429,998.795,103.419,11881.6,3980.27
6,0.792381,0.571403,2,7768.53,-16.8688,998.795,103.419,11881.6,3980.27
6,0.80254,0.578717,1,238.04,-28.5386,997.406,103.419,11881.6,3980.27
6,0.80254,0.578717,2,7768.53,-16.8689,997.406,103.419,11881.6,3980.27
6,0.812698,0.586031,1,238.04,-28.5319,995.609,103.419,11881.6,3980.27
6,0.812698,0.586031,2,7768.53,-16.869,995.609,103.419,11881.6,3980.27
6,0.822857,0.593346,1,238.04,-28.5222,993.379,103.419,11881.6,3980.27
6,0.822857,0.593346,2,7768.53,-16.8691,993.379,103.419,11881.6,3980.27
6,0.833016,0.60066,1,238.04,-28.5083,990.696,103.419,11881.6,3980.27
6,0.833016,0.60066,2,7768.53,-16.8692,990.696,103.419,11881.6,3980.27
6,0.843175,0.607974,1,238.04,-28.4854,987.541,103.419,11881.6,3974
6,0.843175,0.607974,2,7698.88,-16.8705,987.541,103.419,11881.6,3974
6,0.853333,0.615288,1,235.905,-28.4742,983.908,103.419,11881.6,3960.37
6,0.853333,0.615288,2,7698.88,-16.8746,983.908,103.419,11881.6,3960.37
6,0.863492,0.622603,1,235.905,-28.4653,979.78,103.419,11881.6,3944.87
6,0.863492,0.622603,2,7698.88,-16.8772,979.78,103.419,11881.6,3944.87
6,0.873651,0.629917,1,235.905,-28.4437,975.139,103.419,11881.6,3927.41
6,0.873651,0.629917,2,7698.88,-16.8776,975.139,103.419,11881.6,3927.41
6,0.88381,0.637231,1,235.905,-28.4061,969.979,103.419,11881.6,3907.93
6,0.88381,0.637231,2,7698.88,-16.8749,969.979,103.419,11881.6,3907.93
6,0.893968,0.644546,1,233.79,-28.4092,964.306,103.079,11881.6,3886.5
6,0.893968,0.644546,2,7629.86,-16.8767,964.306,103.079,11881.6,3886.5
6,0.904127,0.65186,1,231.694,-28.3914,958.094,102.492,11881.6,3862.94
6,0.904127,0.65186,2,7629.86,-16.8811,958.094,102.492,11881.6,3862.94
6,0.914286,0.659174,1,231.694,-28.3999,951.361,101.853,11881.6,3837.36
6,0.914286,0.659174,2,7629.86,-16.8801,951.361,101.853,11881.6,3837.36
6,0.924444,0.666488,1,229.617,-28.4044,944.091,101.162,11881.6,3809.65
6,0.924444,0.666488,2,7561.45,-16.8806,944.091,101.162,11881.6,3809.65
6,0.934603,0.673803,1,227.558,-28.4022,936.295,100.418,11881.6,3779.81
6,0.934603,0.673803,2,7561.45,-16.8853,936.295,100.418,11881.6,3779.81
6,0.944762,0.681117,1,225.518,-28.3984,927.972,99.619,11881.6,3747.89
6,0.944762,0.681117,2,7561.45,-16.8811,927.972,99.619,11881.6,3747.89
6,0.954921,0.688431,1,223.496,-28.3957,919.131,98.7687,11881.6,3713.84
6,0.954921,0.688431,2,7493.65,-16.8886,919.131,98.7687,11881.6,3713.84
6,0.965079,0.695746,1,221.492,-28.3952,909.768,97.8635,11881.6,3677.64
6,0.965079,0.695746,2,7493.65,-16.886,909.768,97.8635,11881.6,3677.64
6,0.975238,0.70306,1,219.506,-28.3944,899.909,96.9066,11881.6,3639.37
6,0.975238,0.70306,2,7426.47,-16.8924,899.909,96.9066,11881.6,3639.37
6,0.985397,0.710374,1,217.538,-28.3891,889.553,95.8968,11881.6,3599.03
6,0.985397,0.710374,2,7426.47,-16.8883,889.553,95.8968,11881.6,3599.03
6,0.995556,0.717689,1,215.588,-28.3711,878.715,94.8346,11881.6,3556.63
6,0.995556,0.717689,2,7359.88,-16.8966,878.715,94.8346,11881.6,3556.63
6,1.00571,0.725003,1,211.739,-28.3846,867.415,93.7226,11881.6,3512.23
6,1.00571,0.725003,2,7293.9,-16.897,867.415,93.7226,11881.6,3512.23
6,1.01587,0.732317,1,209.841,-28.3809,855.66,92.5594,11881.6,3465.83
6,1.01587,0.732317,2,7293.9,-16.8979,855.66,92.5594,11881.6,3465.83
6,1.02603,0.739631,1,206.095,-28.3771,843.473,91.3476,11881.6,3417.51
6,1.02603,0.739631,2,7228.5,-16.9037,843.473,91.3476,11881.6,3417.51
6,1.03619,0.746946,1,204.247,-28.3736,830.879,90.0878,11881.6,3367.34
6,1.03619,0.746946,2,7163.69,-16.9057,830.879,90.0878,11881.6,3367.34
6,1.04635,0.75426,1,200.601,-28.3798,817.893,88.7825,11881.6,3315.38
6,1.04635,0.75426,2,7099.46,-16.9053,817.893,88.7825,11881.6,3315.38
6,1.05651,0.761574,1,197.02,-28.3699,804.538,87.4324,11881.6,3261.69
6,1.05651,0.761574,2,7099.46,-16.908,804.538,87.4324,11881.6,3261.69
6,1.06667,0.768889,1,193.503,-28.3548,790.845,86.0408,11881.6,3206.39
6,1.06667,0.768889,2,7035.81,-16.9132,790.845,86.0408,11881.6,3206.39
6,1.07683,0.776203,1,191.768,-28.3605,776.84,84.6091,11881.6,3149.56
6,1.07683,0.776203,2,6972.73,-16.9172,776.84,84.6091,11881.6,3149.56
6,1.08698,0.783517,1,188.345,-28.3606,762.548,83.1397,11881.6,3091.31
6,1.08698,0.783517,2,6910.21,-16.9207,762.548,83.1397,11881.6,3091.31
6,1.09714,0.790832,1,184.983,-28.356,747.998,81.6354,11881.6,3031.73
6,1.09714,0.790832,2,6848.26,-16.9239,747.998,81.6354,11881.6,3031.73
6,1.1073,0.798146,1,180.052,-28.3539,733.221,80.0985,11881.6,2970.95
6,1.1073,0.798146,2,6786.86,-16.9271,733.221,80.0985,11881.6,2970.95
6,1.11746,0.80546,1,176.838,-28.3658,718.257,78.5339,11881.6,2909.15
6,1.11746,0.80546,2,6726.01,-16.9301,718.257,78.5339,11881.6,2909.15
6,1.12762,0.812774,1,173.681,-28.3695,703.136,76.9439,11881.6,2846.42
6,1.12762,0.812774,2,6665.71,-16.9328,703.136,76.9439,11881.6,2846.42
6,1.13778,0.820089,1,170.581,-28.3545,687.888,75.3315,11881.6,2782.91
6,1.13778,0.820089,2,6605.94,-16.9347,687.888,75.3315,11881.6,2782.91
6,1.14794,0.827403,1,166.033,-28.3684,672.542,73.7008,11881.6,2718.73
6,1.14794,0.827403,2,6488.02,-16.9362,672.542,73.7008,11881.6,2718.73
6,1.1581,0.834717,1,163.07,-28.358,657.135,72.0535,11881.6,2654.06
6,1.1581,0.834717,2,6429.85,-16.9428,657.135,72.0535,11881.6,2654.06
6,1.16825,0.842032,1,158.723,-28.3707,641.707,70.3957,11881.6,2589.06
6,1.16825,0.842032,2,6372.2,-16.9477,641.707,70.3957,11881.6,2589.06
6,1.17841,0.849346,1,154.492,-28.3591,626.293,68.7315,11881.6,2523.9
6,1.17841,0.849346,2,6315.07,-16.9502,626.293,68.7315,11881.6,2523.9
6,1.18857,0.85666,1,151.734,-28.3635,610.921,67.063,11881.6,2458.71
6,1.18857,0.85666,2,6202.34,-16.9517,610.921,67.063,11881.6,2458.71
6,1.19873,0.863974,1,147.689,-28.3743,595.627,65.3962,11881.6,2393.64
6,1.19873,0.863974,2,6146.73,-16.9584,595.627,65.3962,11881.6,2393.64
6,1.20889,0.871289,1,143.752,-28.3773,580.447,63.7328,11881.6,2328.88
6,1.20889,0.871289,2,6091.62,-16.9607,580.447,63.7328,11881.6,2328.88
6,1.21905,0.878603,1,139.92,-28.379,565.42,62.0786,11881.6,2264.59
6,1.21905,0.878603,2,5982.88,-16.9645,565.42,62.0786,11881.6,2264.59
6,1.22921,0.885917,1,136.19,-28.3801,550.571,60.4374,11881.6,2200.96
6,1.22921,0.885917,2,5929.24,-16.9691,550.571,60.4374,11881.6,2200.96
6,1.23937,0.893232,1,132.56,-28.383,535.938,58.8152,11881.6,2138.16
6,1.23937,0.893232,2,5823.39,-16.9708,535.938,58.8152,11881.6,2138.16
6,1.24952,0.900546,1,129.026,-28.388,521.547,57.2127,11881.6,2076.28
6,1.24952,0.900546,2,5771.18,-16.9766,521.547,57.2127,11881.6,2076.28
6,1.25968,0.90786,1,125.587,-28.3936,507.425,55.6351,11881.6,2015.43
6,1.25968,0.90786,2,5668.16,-16.9779,507.425,55.6351,11881.6,2015.43
6,1.26984,0.915174,1,122.239,-28.3982,493.591,54.0836,11881.6,1955.72
6,1.26984,0.915174,2,5617.34,-16.9836,493.591,54.0836,11881.6,1955.72
6,1.28,0.922489,1,118.981,-28.401,480.101,52.5682,11881.6,1897.56
6,1.28,0.922489,2,5517.06,-16.9856,480.101,52.5682,11881.6,1897.56
6,1.29016,0.929803,1,115.809,-28.4015,466.955,51.086,11881.6,1840.78
6,1.29016,0.929803,2,5467.6,-16.9902,466.955,51.086,11881.6,1840.78
6,1.30032,0.937117,1,112.722,-28.3995,454.158,49.6378,11881.6,1785.41
6,1.30032,0.937117,2,5370,-16.9933,454.158,49.6378,11881.6,1785.41
6,1.31048,0.944432,1,108.733,-28.3957,441.79,48.2392,11881.6,1732.06
6,1.31048,0.944432,2,5321.85,-16.9964,441.79,48.2392,11881.6,1732.06
6,1.32063,0.951746,1,105.835,-28.4105,429.805,46.8783,11881.6,1680.24
6,1.32063,0.951746,2,5226.85,-17.0003,429.805,46.8783,11881.6,1680.24
6,1.33079,0.95906,1,103.014,-28.4215,418.262,45.5649,11881.6,1630.39
6,1.33079,0.95906,2,5179.99,-17.0021,418.262,45.5649,11881.6,1630.39
6,1.34095,0.966375,1,100.268,-28.4304,407.162,44.301,11881.6,1582.49
6,1.34095,0.966375,2,5087.52,-17.0067,407.162,44.301,11881.6,1582.49
6,1.35111,0.973689,1,97.5947,-28.4362,396.514,43.0857,11881.6,1536.52
6,1.35111,0.973689,2,5041.9,-17.008,396.514,43.0857,11881.6,1536.52
6,1.36127,0.981003,1,94.9932,-28.4414,386.349,41.9257,11881.6,1492.73
6,1.36127,0.981003,2,4951.9,-17.0124,386.349,41.9257,11881.6,1492.73
6,1.37143,0.988317,1,92.4609,-28.4418,376.659,40.8182,11881.6,1450.99
6,1.37143,0.988317,2,4907.5,-17.0142,376.659,40.8182,11881.6,1450.99
6,1.38159,0.995632,1,90.8104,-28.436,367.458,39.7654,11881.6,1411.41
6,1.38159,0.995632,2,4819.9,-17.0172,367.458,39.7654,11881.6,1411.41
6,1.39175,0.00294602,1,88.3897,-28.4595,358.775,38.7722,11881.6,1374.16
6,1.39175,0.00294602,2,4776.68,-17.0202,358.775,38.7722,11881.6,1374.16
6,1.4019,0.0102603,1,86.0335,-28.4688,350.559,37.8283,11881.6,1338.77
6,1.4019,0.0102603,2,4733.86,-17.0207,350.559,37.8283,11881.6,1338.77
6,1.41206,0.0175746,1,84.4977,-28.458,342.913,36.9552,11881.6,1306.14
6,1.41206,0.0175746,2,4649.35,-17.0242,342.913,36.9552,11881.6,1306.14
6,1.42222,0.0248889,1,82.2453,-28.4787,335.761,36.1356,11881.6,1275.54
6,1.42222,0.0248889,2,4607.67,-17.027,335.761,36.1356,11881.6,1275.54
6,1.43238,0.0322032,1,80.7771,-28.483,329.101,35.3703,11881.6,1246.96
6,1.43238,0.0322032,2,4566.36,-17.0289,329.101,35.3703,11881.6,1246.96
6,1.44254,0.0395175,1,79.3351,-28.4762,323.025,34.6762,11692.2,1221.16
6,1.44254,0.0395175,2,4444.63,-17.0263,323.025,34.6762,11692.2,1221.16
6,1.4527,0.0468318,1,77.9189,-28.4765,317.468,34.0401,11487,1197.52
6,1.4527,0.0468318,2,4365.29,-17.0267,317.468,34.0401,11487,1197.52
6,1.46286,0.0541461,1,76.528,-28.4848,312.42,33.46,11299.8,1176
6,1.46286,0.0541461,2,4287.36,-17.0243,312.42,33.46,11299.8,1176
6,1.47302,0.0614604,1,75.1618,-28.4912,307.891,32.9392,11131.3,1156.66
6,1.47302,0.0614604,2,4210.83,-17.0225,307.891,32.9392,11131.3,1156.66
6,1.48317,0.0687747,1,74.488,-28.4717,303.942,32.4874,10984.8,1139.96
6,1.48317,0.0687747,2,4135.66,-17.0228,303.942,32.4874,10984.8,1139.96
6,1.49333,0.076089,1,73.1583,-28.4919,300.541,32.0991,10858.6,1125.6
6,1.49333,0.076089,2,4061.84,-17.0228,300.541,32.0991,10858.6,1125.6
6,1.50349,0.0834033,1,72.5023,-28.4954,297.676,31.7713,10751.9,1113.49
6,1.50349,0.0834033,2,4025.42,-17.0218,297.676,31.7713,10751.9,1113.49
6,1.51365,0.0907176,1,71.8523,-28.4942,295.347,31.5052,10665.1,1103.64
6,1.51365,0.0907176,2,3989.33,-17.0207,295.347,31.5052,10665.1,1103.64
6,1.52381,0.0980319,1,71.2081,-28.48,293.561,31.301,10598.5,1096.08
6,1.52381,0.0980319,2,3953.56,-17.021,293.561,31.301,10598.5,1096.08
6,1.53397,0.105346,1,71.2081,-28.4968,292.324,31.159,10552.2,1090.84
6,1.53397,0.105346,2,3918.11,-17.0207,292.324,31.159,10552.2,1090.84
6,1.54413,0.11266,1,71.2081,-28.4883,291.654,31.0817,10527.2,1088.01
6,1.54413,0.11266,2,3918.11,-17.0209,291.654,31.0817,10527.2,1088.01
6,1.55429,0.119975,1,71.2081,-28.4969,292.32,31.159,10552.1,1090.82
6,1.55429,0.119975,2,3918.11,-17.0207,292.32,31.159,10552.1,1090.82
6,1.56444,0.127289,1,71.8523,-28.4961,294.918,31.4561,10649.1,1101.82
6,1.56444,0.127289,2,3953.56,-17.0197,294.918,31.4561,10649.1,1101.82
6,1.5746,0.134603,1,73.1583,-28.4775,298.892,31.9108,10797.2,1118.63
6,1.5746,0.134603,2,4025.42,-17.0215,298.892,31.9108,10797.2,1118.63
6,1.58476,0.141918,1,74.488,-28.4764,304.082,32.5038,10990,1140.54
6,1.58476,0.141918,2,4135.66,-17.0232,304.082,32.5038,10990,1140.54
6,1.59492,0.149232,1,75.8418,-28.4915,310.499,33.2389,11228.4,1167.8
6,1.59492,0.149232,2,4248.92,-17.0245,310.499,33.2389,11228.4,1167.8
6,1.60508,0.156546,1,77.9189,-28.486,317.955,34.0952,11505,1199.59
6,1.60508,0.156546,2,4365.29,-17.0266,317.955,34.0952,11505,1199.59
6,1.61524,0.16386,1,80.0529,-28.4851,326.364,35.0575,11815.1,1235.33
6,1.61524,0.16386,2,4525.42,-17.0288,326.364,35.0575,11815.1,1235.33
6,1.6254,0.171175,1,82.2453,-28.4791,335.769,36.1368,11881.6,1275.57
6,1.6254,0.171175,2,4607.67,-17.027,335.769,36.1368,11881.6,1275.57
6,1.63556,0.178489,1,85.2621,-28.4579,346.002,37.3084,11881.6,1319.34
6,1.63556,0.178489,2,4691.41,-17.0236,346.002,37.3084,11881.6,1319.34
6,1.64571,0.185803,1,87.5972,-28.4607,357.116,38.5821,11881.6,1367.02
6,1.64571,0.185803,2,4776.68,-17.0194,357.116,38.5821,11881.6,1367.02
6,1.65587,0.193118,1,90.8104,-28.4571,368.999,39.9413,11881.6,1418.01
6,1.65587,0.193118,2,4819.9,-17.0149,368.999,39.9413,11881.6,1418.01
6,1.66603,0.200432,1,94.1415,-28.4469,381.64,41.3883,11881.6,1472.47
6,1.66603,0.200432,2,4907.5,-17.0119,381.64,41.3883,11881.6,1472.47
6,1.67619,0.207746,1,97.5947,-28.4365,395.024,42.9161,11881.6,1530.07
6,1.67619,0.207746,2,4996.7,-17.0085,395.024,42.9161,11881.6,1530.07
6,1.68635,0.215061,1,101.175,-28.4291,409.077,44.5191,11881.6,1590.73
6,1.68635,0.215061,2,5087.52,-17.0046,409.077,44.5191,11881.6,1590.73
6,1.69651,0.222375,1,104.886,-28.4208,423.766,46.1923,11881.6,1654.19
6,1.69651,0.222375,2,5179.99,-17.0006,423.766,46.1923,11881.6,1654.19
6,1.70667,0.229689,1,108.733,-28.415,439.073,47.9304,11881.6,1720.3
6,1.70667,0.229689,2,5274.14,-16.9965,439.073,47.9304,11881.6,1720.3
6,1.71683,0.237003,1,112.722,-28.4085,454.948,49.7275,11881.6,1788.84
6,1.71683,0.237003,2,5370,-16.9923,454.948,49.7275,11881.6,1788.84
6,1.72698,0.244318,1,116.857,-28.4024,471.344,51.5803,11881.6,1859.69
6,1.72698,0.244318,2,5467.6,-16.9882,471.344,51.5803,11881.6,1859.69
6,1.73714,0.251632,1,121.143,-28.3946,488.217,53.4807,11881.6,1932.58
6,1.73714,0.251632,2,5566.98,-16.9841,488.217,53.4807,11881.6,1932.58
6,1.7473,0.258946,1,125.587,-28.3844,505.52,55.4222,11881.6,2007.23
6,1.7473,0.258946,2,5668.16,-16.9802,505.52,55.4222,11881.6,2007.23
6,1.75746,0.266261,1,130.194,-28.3683,523.211,57.3992,11881.6,2083.43
6,1.75746,0.266261,2,5771.18,-16.9762,523.211,57.3992,11881.6,2083.43
6,1.76762,0.273575,1,133.759,-28.3781,541.239,59.4041,11881.6,2160.95
6,1.76762,0.273575,2,5876.08,-16.9717,541.239,59.4041,11881.6,2160.95
6,1.77778,0.280889,1,138.666,-28.3812,559.553,61.4316,11881.6,2239.51
6,1.77778,0.280889,2,5982.88,-16.9661,559.553,61.4316,11881.6,2239.51
6,1.78794,0.288204,1,143.752,-28.3625,578.096,63.4748,11881.6,2318.85
6,1.78794,0.288204,2,6037,-16.9589,578.096,63.4748,11881.6,2318.85
6,1.7981,0.295518,1,147.689,-28.3746,596.81,65.5246,11881.6,2398.68
6,1.7981,0.295518,2,6146.73,-16.9577,596.81,65.5246,11881.6,2398.68
6,1.80825,0.302832,1,153.106,-28.3514,615.639,67.5762,11881.6,2478.73
6,1.80825,0.302832,2,6258.45,-16.9534,615.639,67.5762,11881.6,2478.73
6,1.81841,0.310146,1,157.3,-28.3684,634.529,69.6212,11881.6,2558.72
6,1.81841,0.310146,2,6315.07,-16.9459,634.529,69.6212,11881.6,2558.72
6,1.82857,0.317461,1,161.608,-28.3708,653.42,71.6542,11881.6,2638.39
6,1.82857,0.317461,2,6429.85,-16.945,653.42,71.6542,11881.6,2638.39
6,1.83873,0.324775,1,166.033,-28.369,672.262,73.6703,11881.6,2717.56
6,1.83873,0.324775,2,6488.02,-16.9367,672.262,73.6703,11881.6,2717.56
6,1.84889,0.332089,1,170.581,-28.3698,690.999,75.6617,11881.6,2795.91
6,1.84889,0.332089,2,6605.94,-16.9362,690.999,75.6617,11881.6,2795.91
6,1.85905,0.339404,1,175.252,-28.3698,709.564,77.6215,11881.6,2873.15
6,1.85905,0.339404,2,6665.71,-16.9311,709.564,77.6215,11881.6,2873.15
6,1.86921,0.346718,1,180.052,-28.3609,727.908,79.5442,11881.6,2949.07
6,1.86921,0.346718,2,6786.86,-16.9241,727.908,79.5442,11881.6,2949.07
6,1.87937,0.354032,1,183.324,-28.3646,745.978,81.4264,11881.6,3023.46
6,1.87937,0.354032,2,6848.26,-16.9235,745.978,81.4264,11881.6,3023.46
6,1.88952,0.361346,1,188.345,-28.3696,763.725,83.2603,11881.6,3096.12
6,1.88952,0.361346,2,6910.21,-16.9206,763.725,83.2603,11881.6,3096.12
6,1.89968,0.368661,1,191.768,-28.3722,781.102,85.0461,11881.6,3166.9
6,1.89968,0.368661,2,6972.73,-16.9166,781.102,85.0461,11881.6,3166.9
6,1.90984,0.375975,1,195.254,-28.3588,798.057,86.7751,11881.6,3235.57
6,1.90984,0.375975,2,7035.81,-16.9125,798.057,86.7751,11881.6,3235.57
6,1.92,0.383289,1,200.601,-28.3655,814.544,88.4448,11881.6,3301.95
6,1.92,0.383289,2,7099.46,-16.9089,814.544,88.4448,11881.6,3301.95
6,1.93016,0.390604,1,204.247,-28.3705,830.526,90.0526,11881.6,3365.94
6,1.93016,0.390604,2,7163.69,-16.9059,830.526,90.0526,11881.6,3365.94
6,1.94032,0.397918,1,207.96,-28.3681,845.962,91.5951,11881.6,3427.38
6,1.94032,0.397918,2,7228.5,-16.9033,845.962,91.5951,11881.6,3427.38
6,1.95048,0.405232,1,209.841,-28.3731,860.82,93.0706,11881.6,3486.2
6,1.95048,0.405232,2,7293.9,-16.9002,860.82,93.0706,11881.6,3486.2
6,1.96063,0.412547,1,213.655,-28.3887,875.06,94.4755,11881.6,3542.28
6,1.96063,0.412547,2,7359.88,-16.8954,875.06,94.4755,11881.6,3542.28
6,1.97079,0.419861,1,217.538,-28.384,888.644,95.8086,11881.6,3595.48
6,1.97079,0.419861,2,7359.88,-16.8894,888.644,95.8086,11881.6,3595.48
6,1.98095,0.427175,1,219.506,-28.3918,901.547,97.0652,11881.6,3645.75
6,1.98095,0.427175,2,7426.47,-16.8916,901.547,97.0652,11881.6,3645.75
6,1.99111,0.434489,1,223.496,-28.382,913.755,98.2491,11881.6,3693.07
6,1.99111,0.434489,2,7493.65,-16.8887,913.755,98.2491,11881.6,3693.07
6,2.00127,0.441804,1,225.518,-28.3985,925.232,99.3555,11881.6,3737.34
6,2.00127,0.441804,2,7493.65,-16.8835,925.232,99.3555,11881.6,3737.34
6,2.01143,0.449118,1,227.558,-28.4026,935.945,100.384,11881.6,3778.47
6,2.01143,0.449118,2,7561.45,-16.8853,935.945,100.384,11881.6,3778.47
6,2.02159,0.456432,1,229.617,-28.4035,945.908,101.335,11881.6,3816.57
6,2.02159,0.456432,2,7561.45,-16.8783,945.908,101.335,11881.6,3816.57
6,2.03175,0.463747,1,231.694,-28.4062,955.071,102.206,11881.6,3851.47
6,2.03175,0.463747,2,7629.86,-16.8814,955.071,102.206,11881.6,3851.47
6,2.0419,0.471061,1,233.79,-28.4098,963.437,102.997,11881.6,3883.21
6,2.0419,0.471061,2,7629.86,-16.8776,963.437,102.997,11881.6,3883.21
6,2.05206,0.478375,1,235.905,-28.4143,970.977,103.419,11881.6,3911.7
6,2.05206,0.478375,2,7698.88,-16.8756,970.977,103.419,11881.6,3911.7
6,2.06222,0.485689,1,235.905,-28.4569,977.706,103.419,11881.6,3937.07
6,2.06222,0.485689,2,7698.88,-16.8777,977.706,103.419,11881.6,3937.07
6,2.07238,0.493004,1,235.905,-28.4741,983.573,103.419,11881.6,3959.11
6,2.07238,0.493004,2,7698.88,-16.8748,983.573,103.419,11881.6,3959.11
6,2.08254,0.500318,1,238.04,-28.4947,988.618,103.419,11881.6,3978.03
6,2.08254,0.500318,2,7698.88,-16.869,988.618,103.419,11881.6,3978.03
6,2.0927,0.507632,1,238.04,-28.5193,992.802,103.419,11881.6,3980.27
6,2.0927,0.507632,2,7768.53,-16.8692,992.802,103.419,11881.6,3980.27
6,2.10286,0.514947,1,238.04,-28.534,996.122,103.419,11881.6,3980.27
6,2.10286,0.514947,2,7768.53,-16.869,996.122,103.419,11881.6,3980.27
6,2.11302,0.522261,1,238.04,-28.5423,998.577,103.419,11881.6,3980.27
6,2.11302,0.522261,2,7768.53,-16.8688,998.577,103.419,11881.6,3980.27
6,2.12317,0.529575,1,238.04,-28.5467,1000.17,103.419,11881.6,3980.27
6,2.12317,0.529575,2,7768.53,-16.8687,1000.17,103.419,11881.6,3980.27
6,2.13333,0.53689,1,238.04,-28.5485,1000.89,103.419,11881.6,3980.27
6,2.13333,0.53689,2,7768.53,-16.8686,1000.89,103.419,11881.6,3980.27
6,2.14349,0.544204,1,238.04,-28.5484,1000.93,103.419,11881.6,3980.27
6,2.14349,0.544204,2,7768.53,-16.8686,1000.93,103.419,11881.6,3980.27
6,2.15365,0.551518,1,238.04,-28.5481,1000.75,103.419,11881.6,3980.27
6,2.15365,0.551518,2,7768.53,-16.8687,1000.75,103.419,11881.6,3980.27
6,2.16381,0.558832,1,238.04,-28.5469,1000.31,103.419,11881.6,3980.27
6,2.16381,0.558832,2,7768.53,-16.8687,1000.31,103.419,11881.6,3980.27
6,2.17397,0.566147,1,238.04,-28.5453,999.556,103.419,11881.6,3980.27
6,2.17397,0.566147,2,7768.53,-16.8688,999.556,103.419,11881.6,3980.27
6,2.18413,0.573461,1,238.04,-28.542,998.443,103.419,11881.6,3980.27
6,2.18413,0.573461,2,7768.53,-16.8688,998.443,103.419,11881.6,3980.27
6,2.19429,0.580775,1,238.04,-28.5369,996.943,103.419,11881.6,3980.27
6,2.19429,0.580775,2,7768.53,-16.869,996.943,103.419,11881.6,3980.27
6,2.20444,0.58809,1,238.04,-28.5296,995.025,103.419,11881.6,3980.27
6,2.20444,0.58809,2,7768.53,-16.8691,995.025,103.419,11881.6,3980.27
6,2.2146,0.595404,1,238.04,-28.5187,992.671,103.419,11881.6,3980.27
6,2.2146,0.595404,2,7768.53,-16.8692,992.671,103.419,11881.6,3980.27
6,2.22476,0.602718,1,238.04,-28.5035,989.856,103.419,11881.6,3980.27
6,2.22476,0.602718,2,7768.53,-16.8692,989.856,103.419,11881.6,3980.27
6,2.23492,0.610032,1,238.04,-28.4765,986.567,103.419,11881.6,3970.35
6,2.23492,0.610032,2,7698.88,-16.8718,986.567,103.419,11881.6,3970.35
6,2.24508,0.617347,1,235.905,-28.4727,982.796,103.419,11881.6,3956.19
6,2.24508,0.617347,2,7698.88,-16.8755,982.796,103.419,11881.6,3956.19
6,2.25524,0.624661,1,235.905,-28.4606,978.527,103.419,11881.6,3940.16
6,2.25524,0.624661,2,7698.88,-16.8775,978.527,103.419,11881.6,3940.16
6,2.2654,0.631975,1,235.905,-28.435,973.737,103.419,11881.6,3922.12
6,2.2654,0.631975,2,7698.88,-16.8772,973.737,103.419,11881.6,3922.12
6,2.27556,0.63929,1,235.905,-28.3919,968.437,103.419,11881.6,3902.11
6,2.27556,0.63929,2,7698.88,-16.8734,968.437,103.419,11881.6,3902.11
6,2.28571,0.646604,1,233.79,-28.4088,962.612,102.92,11881.6,3880.08
6,2.28571,0.646604,2,7629.86,-16.8784,962.612,102.92,11881.6,3880.08
6,2.29587,0.653918,1,231.694,-28.4025,956.253,102.318,11881.6,3855.96
6,2.29587,0.653918,2,7629.86,-16.8814,956.253,102.318,11881.6,3855.96
6,2.30603,0.661233,1,231.694,-28.3843,949.371,101.663,11881.6,3829.77
6,2.30603,0.661233,2,7629.86,-16.8787,949.371,101.663,11881.6,3829.77
6,2.31619,0.668547,1,229.617,-28.3961,941.951,100.957,11881.6,3801.47
6,2.31619,0.668547,2,7561.45,-16.8827,941.951,100.957,11881.6,3801.47
6,2.32635,0.675861,1,227.558,-28.4,934.008,100.198,11881.6,3771.06
6,2.32635,0.675861,2,7561.45,-16.8851,934.008,100.198,11881.6,3771.06
6,2.33651,0.683175,1,225.518,-28.3993,925.534,99.3848,11881.6,3738.5
6,2.33651,0.683175,2,7493.65,-16.8831,925.534,99.3848,11881.6,3738.5
6,2.34667,0.69049,1,223.496,-28.3973,916.55,98.5193,11881.6,3703.88
6,2.34667,0.69049,2,7493.65,-16.8892,916.55,98.5193,11881.6,3703.88
6,2.35683,0.697804,1,221.492,-28.3933,907.047,97.6001,11881.6,3667.1
6,2.35683,0.697804,2,7426.47,-16.886,907.047,97.6001,11881.6,3667.1
6,2.36698,0.705118,1,219.506,-28.3845,897.043,96.6271,11881.6,3628.23
6,2.36698,0.705118,2,7426.47,-16.8929,897.043,96.6271,11881.6,3628.23
6,2.37714,0.712433,1,215.588,-28.3734,886.551,95.603,11881.6,3587.28
6,2.37714,0.712433,2,7359.88,-16.8922,886.551,95.603,11881.6,3587.28
6,2.3873,0.719747,1,213.655,-28.3872,875.579,94.5268,11881.6,3544.32
6,2.3873,0.719747,2,7359.88,-16.8957,875.579,94.5268,11881.6,3544.32
6,2.39746,0.727061,1,211.739,-28.3835,864.15,93.4004,11881.6,3499.36
6,2.39746,0.727061,2,7293.9,-16.8994,864.15,93.4004,11881.6,3499.36
6,2.40762,0.734375,1,207.96,-28.3737,852.275,92.2245,11881.6,3452.43
6,2.40762,0.734375,2,7228.5,-16.8976,852.275,92.2245,11881.6,3452.43
6,2.41778,0.74169,1,206.095,-28.3807,839.97,90.9976,11881.6,3403.59
6,2.41778,0.74169,2,7228.5,-16.9027,839.97,90.9976,11881.6,3403.59
6,2.42794,0.749004,1,202.416,-28.3759,827.262,89.726,11881.6,3352.9
6,2.42794,0.749004,2,7163.69,-16.9072,827.262,89.726,11881.6,3352.9
6,2.4381,0.756318,1,200.601,-28.3617,814.174,88.408,11881.6,3300.47
6,2.4381,0.756318,2,7099.46,-16.9092,814.174,88.408,11881.6,3300.47
6,2.44825,0.763633,1,197.02,-28.3743,800.722,87.0457,11881.6,3246.33
6,2.44825,0.763633,2,7035.81,-16.9099,800.722,87.0457,11881.6,3246.33
6,2.45841,0.770947,1,193.503,-28.3757,786.938,85.6419,11881.6,3190.58
6,2.45841,0.770947,2,6972.73,-16.9102,786.938,85.6419,11881.6,3190.58
6,2.46857,0.778261,1,190.049,-28.3743,772.849,84.1997,11881.6,3133.35
6,2.46857,0.778261,2,6972.73,-16.9147,772.849,84.1997,11881.6,3133.35
6,2.47873,0.785576,1,186.656,-28.3727,758.481,82.7202,11881.6,3074.71
6,2.47873,0.785576,2,6910.21,-16.9188,758.481,82.7202,11881.6,3074.71
6,2.48889,0.79289,1,183.324,-28.3714,743.866,81.2076,11881.6,3014.79
6,2.48889,0.79289,2,6848.26,-16.9223,743.866,81.2076,11881.6,3014.79
6,2.49905,0.800204,1,180.052,-28.3679,729.034,79.6627,11881.6,2953.71
6,2.49905,0.800204,2,6786.86,-16.9252,729.034,79.6627,11881.6,2953.71
6,2.50921,0.807518,1,176.838,-28.3557,714.018,78.0902,11881.6,2891.61
6,2.50921,0.807518,2,6726.01,-16.9275,714.018,78.0902,11881.6,2891.61
6,2.51937,0.814833,1,172.124,-28.3626,698.854,76.4927,11881.6,2828.62
6,2.51937,0.814833,2,6605.94,-16.9304,698.854,76.4927,11881.6,2828.62
6,2.52952,0.822147,1,169.051,-28.3689,683.577,74.874,11881.6,2764.91
6,2.52952,0.822147,2,6546.72,-16.9361,683.577,74.874,11881.6,2764.91
6,2.53968,0.829461,1,164.545,-28.3531,668.211,73.2387,11881.6,2700.57
6,2.53968,0.829461,2,6488.02,-16.9413,668.211,73.2387,11881.6,2700.57
6,2.54984,0.836776,1,161.608,-28.3695,652.792,71.5874,11881.6,2635.75
6,2.54984,0.836776,2,6429.85,-16.9451,652.792,71.5874,11881.6,2635.75
6,2.56,0.84409,1,157.3,-28.3637,637.36,69.9271,11881.6,2570.66
6,2.56,0.84409,2,6372.2,-16.9467,637.36,69.9271,11881.6,2570.66
6,2.57016,0.851404,1,154.492,-28.3601,621.954,68.2605,11881.6,2505.48
6,2.57016,0.851404,2,6258.45,-16.9498,621.954,68.2605,11881.6,2505.48
6,2.58032,0.858719,1,150.373,-28.373,606.606,66.5934,11881.6,2440.35
6,2.58032,0.858719,2,6202.34,-16.9559,606.606,66.5934,11881.6,2440.35
6,2.59048,0.866033,1,146.365,-28.3756,591.344,64.9275,11881.6,2375.39
6,2.59048,0.866033,2,6146.73,-16.958,591.344,64.9275,11881.6,2375.39
6,2.60063,0.873347,1,142.463,-28.3738,576.205,63.2672,11881.6,2310.77
6,2.60063,0.873347,2,6037,-16.9617,576.205,63.2672,11881.6,2310.77
6,2.61079,0.880661,1,138.666,-28.3728,561.223,61.6156,11881.6,2246.66
6,2.61079,0.880661,2,5982.88,-16.9667,561.223,61.6156,11881.6,2246.66
6,2.62095,0.887976,1,134.969,-28.3739,546.433,59.9792,11881.6,2183.21
6,2.62095,0.887976,2,5876.08,-16.9674,546.433,59.9792,11881.6,2183.21
6,2.63111,0.89529,1,131.371,-28.3769,531.858,58.3609,11881.6,2120.57
6,2.63111,0.89529,2,5823.39,-16.9741,531.858,58.3609,11881.6,2120.57
6,2.64127,0.902604,1,127.869,-28.3827,517.54,56.7661,11881.6,2059.01
6,2.64127,0.902604,2,5719.44,-16.9742,517.54,56.7661,11881.6,2059.01
6,2.65143,0.909919,1,124.461,-28.3906,503.507,55.197,11881.6,1998.55
6,2.65143,0.909919,2,5668.16,-16.9813,503.507,55.197,11881.6,1998.55
6,2.66159,0.917233,1,121.143,-28.3977,489.765,53.6544,11881.6,1939.24
6,2.66159,0.917233,2,5566.98,-16.982,489.765,53.6544,11881.6,1939.24
6,2.67175,0.924547,1,117.914,-28.4039,476.356,52.1454,11881.6,1881.35
6,2.67175,0.924547,2,5517.06,-16.9882,476.356,52.1454,11881.6,1881.35
6,2.6819,0.931861,1,114.771,-28.407,463.321,50.6755,11881.6,1825.1
6,2.6819,0.931861,2,5418.58,-16.9899,463.321,50.6755,11881.6,1825.1
6,2.69206,0.939176,1,111.711,-28.4082,450.64,49.2405,11881.6,1770.26
6,2.69206,0.939176,2,5370,-16.9946,450.64,49.2405,11881.6,1770.26
6,2.70222,0.94649,1,108.733,-28.405,438.369,47.8504,11881.6,1717.25
6,2.70222,0.94649,2,5274.14,-16.9974,438.369,47.8504,11881.6,1717.25
6,2.71238,0.953804,1,105.835,-28.4023,426.52,46.5048,11881.6,1666.08
6,2.71238,0.953804,2,5226.85,-17.0007,426.52,46.5048,11881.6,1666.08
6,2.72254,0.961119,1,102.09,-28.4144,415.08,45.202,11881.6,1616.61
6,2.72254,0.961119,2,5133.54,-17.0042,415.08,45.202,11881.6,1616.61
6,2.7327,0.968433,1,99.3686,-28.4235,404.126,43.9549,11881.6,1569.4
6,2.7327,0.968433,2,5087.52,-17.0065,404.126,43.9549,11881.6,1569.4
6,2.74286,0.975747,1,96.7197,-28.431,393.591,42.7515,11881.6,1523.86
6,2.74286,0.975747,2,4996.7,-17.0102,393.591,42.7515,11881.6,1523.86
6,2.75302,0.983061,1,94.1415,-28.4321,383.577,41.6093,11881.6,1480.82
6,2.75302,0.983061,2,4951.9,-17.0125,383.577,41.6093,11881.6,1480.82
6,2.76317,0.990376,1,92.4609,-28.4341,374.009,40.5144,11881.6,1439.54
6,2.76317,0.990376,2,4863.5,-17.0153,374.009,40.5144,11881.6,1439.54
6,2.77333,0.99769,1,89.9962,-28.4527,364.967,39.481,11881.6,1400.74
6,2.77333,0.99769,2,4819.9,-17.0184,364.967,39.481,11881.6,1400.74
7,0,0.000602067,1,120.057,-36.53,536.213,42.7502,11881.6,1731.59
7,0,0.000602067,2,5617.34,-24.2328,536.213,42.7502,11881.6,1731.59
7,0.0137868,0.00818479,1,120.057,-36.5547,535.395,42.6778,11881.6,1728.5
7,0.0137868,0.00818479,2,5617.34,-24.2349,535.395,42.6778,11881.6,1728.5
7,0.0275737,0.0157675,1,120.057,-36.5497,534.771,42.6231,11881.6,1726.15
7,0.0275737,0.0157675,2,5617.34,-24.2358,534.771,42.6231,11881.6,1726.15
7,0.0413605,0.0233502,1,120.057,-36.5345,534.347,42.5861,11881.6,1724.55
7,0.0413605,0.0233502,2,5617.34,-24.2361,534.347,42.5861,11881.6,1724.55
7,0.0551474,0.0309329,1,120.057,-36.5237,534.121,42.5659,11881.6,1723.7
7,0.0551474,0.0309329,2,5617.34,-24.2361,534.121,42.5659,11881.6,1723.7
7,0.0689342,0.0385156,1,120.057,-36.5321,534.283,42.5798,11881.6,1724.31
7,0.0689342,0.0385156,2,5617.34,-24.2361,534.283,42.5798,11881.6,1724.31
7,0.0827211,0.0460984,1,120.057,-36.5532,534.938,42.6383,11881.6,1726.78
7,0.0827211,0.0460984,2,5617.34,-24.2356,534.938,42.6383,11881.6,1726.78
7,0.0965079,0.0536811,1,120.057,-36.5447,535.882,42.7212,11881.6,1730.34
7,0.0965079,0.0536811,2,5617.34,-24.2338,535.882,42.7212,11881.6,1730.34
7,0.110295,0.0612638,1,120.057,-36.4703,537.061,42.8252,11881.6,1734.78
7,0.110295,0.0612638,2,5617.34,-24.2297,537.061,42.8252,11881.6,1734.78
7,0.124082,0.0688465,1,121.143,-36.5078,538.451,42.9472,11881.6,1740.02
7,0.124082,0.0688465,2,5617.34,-24.2223,538.451,42.9472,11881.6,1740.02
7,0.137868,0.0764292,1,121.143,-36.5503,540.037,43.0865,11881.6,1745.99
7,0.137868,0.0764292,2,5668.16,-24.2255,540.037,43.0865,11881.6,1745.99
7,0.151655,0.0840119,1,121.143,-36.4516,541.809,43.2431,11881.6,1752.66
7,0.151655,0.0840119,2,5668.16,-24.2318,541.809,43.2431,11881.6,1752.66
7,0.165442,0.0915946,1,122.239,-36.5385,543.766,43.4157,11881.6,1760.03
7,0.165442,0.0915946,2,5668.16,-24.2335,543.766,43.4157,11881.6,1760.03
7,0.179229,0.0991774,1,122.239,-36.4909,545.927,43.6055,11881.6,1768.15
7,0.179229,0.0991774,2,5668.16,-24.2291,545.927,43.6055,11881.6,1768.15
7,0.193016,0.10676,1,123.345,-36.5292,548.264,43.811,11881.6,1776.94
7,0.193016,0.10676,2,5668.16,-24.2169,548.264,43.811,11881.6,1776.94
7,0.206803,0.114343,1,123.345,-36.4758,550.767,44.0303,11881.6,1786.35
7,0.206803,0.114343,2,5719.44,-24.2278,550.767,44.0303,11881.6,1786.35
7,0.22059,0.121926,1,124.461,-36.5381,553.434,44.2652,11881.6,1796.38
7,0.22059,0.121926,2,5719.44,-24.2309,553.434,44.2652,11881.6,1796.38
7,0.234376,0.129508,1,125.587,-36.421,556.264,44.5157,11881.6,1807.1
7,0.234376,0.129508,2,5719.44,-24.2233,556.264,44.5157,11881.6,1807.1
7,0.248163,0.137091,1,125.587,-36.523,559.24,44.778,11881.6,1818.36
7,0.248163,0.137091,2,5771.18,-24.2207,559.24,44.778,11881.6,1818.36
7,0.26195,0.144674,1,126.723,-36.5122,562.356,45.0529,11881.6,1830.14
7,0.26195,0.144674,2,5771.18,-24.2285,562.356,45.0529,11881.6,1830.14
7,0.275737,0.152256,1,126.723,-36.4105,565.609,45.3392,11881.6,1842.43
7,0.275737,0.152256,2,5771.18,-24.2224,565.609,45.3392,11881.6,1842.43
7,0.289524,0.159839,1,127.869,-36.5089,569.031,45.6399,11881.6,1855.34
7,0.289524,0.159839,2,5823.39,-24.2179,569.031,45.6399,11881.6,1855.34
7,0.303311,0.167422,1,129.026,-36.5222,572.573,45.9519,11881.6,1868.71
7,0.303311,0.167422,2,5823.39,-24.226,572.573,45.9519,11881.6,1868.71
7,0.317098,0.175005,1,130.194,-36.4625,576.239,46.2757,11881.6,1882.61
7,0.317098,0.175005,2,5823.39,-24.2166,576.239,46.2757,11881.6,1882.61
7,0.330884,0.182587,1,130.194,-36.4239,580.007,46.6092,11881.6,1896.92
7,0.330884,0.182587,2,5876.08,-24.219,580.007,46.6092,11881.6,1896.92
7,0.344671,0.19017,1,131.371,-36.4955,583.866,46.9491,11881.6,1911.56
7,0.344671,0.19017,2,5876.08,-24.2223,583.866,46.9491,11881.6,1911.56
7,0.358458,0.197753,1,132.56,-36.5141,587.818,47.2978,11881.6,1926.54
7,0.358458,0.197753,2,5876.08,-24.2052,587.818,47.2978,11881.6,1926.54
7,0.372245,0.205335,1,133.759,-36.4897,591.89,47.6562,11881.6,1941.95
7,0.372245,0.205335,2,5929.24,-24.2201,591.89,47.6562,11881.6,1941.95
7,0.386032,0.212918,1,134.969,-36.4303,596.039,48.0227,11881.6,1957.72
7,0.386032,0.212918,2,5929.24,-24.2142,596.039,48.0227,11881.6,1957.72
7,0.399819,0.220501,1,134.969,-36.4032,600.251,48.3946,11881.6,1973.76
7,0.399819,0.220501,2,5982.88,-24.2121,600.251,48.3946,11881.6,1973.76
7,0.413605,0.228084,1,136.19,-36.4648,604.505,48.7708,11881.6,1989.94
7,0.413605,0.228084,2,5982.88,-24.2172,604.505,48.7708,11881.6,1989.94
7,0.427392,0.235666,1,137.422,-36.4945,608.796,49.1491,11881.6,2006.25
7,0.427392,0.235666,2,5982.88,-24.1992,608.796,49.1491,11881.6,2006.25
7,0.441179,0.243249,1,138.666,-36.4924,613.167,49.5346,11881.6,2022.85
7,0.441179,0.243249,2,6037,-24.2149,613.167,49.5346,11881.6,2022.85
7,0.454966,0.250832,1,139.92,-36.4621,617.57,49.9243,11881.6,2039.67
7,0.454966,0.250832,2,6037,-24.2076,617.57,49.9243,11881.6,2039.67
7,0.468753,0.258414,1,141.186,-36.402,621.993,50.3153,11881.6,2056.54
7,0.468753,0.258414,2,6091.62,-24.2074,621.993,50.3153,11881.6,2056.54
7,0.48254,0.265997,1,141.186,-36.3973,626.393,50.7038,11881.6,2073.32
7,0.48254,0.265997,2,6091.62,-24.2113,626.393,50.7038,11881.6,2073.32
7,0.496327,0.27358,1,142.463,-36.4558,630.781,51.091,11881.6,2090.02
7,0.496327,0.27358,2,6146.73,-24.1932,630.781,51.091,11881.6,2090.02
7,0.510113,0.281163,1,143.752,-36.4788,635.207,51.4817,11881.6,2106.93
7,0.510113,0.281163,2,6146.73,-24.2095,635.207,51.4817,11881.6,2106.93
7,0.5239,0.288745,1,145.053,-36.4641,639.617,51.8723,11881.6,2123.8
7,0.5239,0.288745,2,6146.73,-24.2023,639.617,51.8723,11881.6,2123.8
7,0.537687,0.296328,1,146.365,-36.4043,643.963,52.2563,11881.6,2140.41
7,0.537687,0.296328,2,6202.34,-24.2002,643.963,52.2563,11881.6,2140.41
7,0.551474,0.303911,1,146.365,-36.3834,648.266,52.636,11881.6,2156.84
7,0.551474,0.303911,2,6202.34,-24.2067,648.266,52.636,11881.6,2156.84
7,0.565261,0.311493,1,147.689,-36.4536,652.52,53.0116,11881.6,2173.08
7,0.565261,0.311493,2,6202.34,-24.1919,652.52,53.0116,11881.6,2173.08
7,0.579048,0.319076,1,149.025,-36.4616,656.749,53.3859,11881.6,2189.3
7,0.579048,0.319076,2,6258.45,-24.2014,656.749,53.3859,11881.6,2189.3
7,0.592834,0.326659,1,150.373,-36.3995,660.898,53.7526,11881.6,2205.19
7,0.592834,0.326659,2,6258.45,-24.2022,660.898,53.7526,11881.6,2205.19
7,0.606621,0.334242,1,150.373,-36.3911,664.946,54.1105,11881.6,2220.68
7,0.606621,0.334242,2,6258.45,-24.184,664.946,54.1105,11881.6,2220.68
7,0.620408,0.341824,1,151.734,-36.4571,668.897,54.4583,11881.6,2235.78
7,0.620408,0.341824,2,6315.07,-24.1993,668.897,54.4583,11881.6,2235.78
7,0.634195,0.349407,1,153.106,-36.4137,672.747,54.7982,11881.6,2250.54
7,0.634195,0.349407,2,6315.07,-24.1993,672.747,54.7982,11881.6,2250.54
7,0.647982,0.35699,1,153.106,-36.383,676.523,55.1329,11881.6,2265.04
7,0.647982,0.35699,2,6315.07,-24.1832,676.523,55.1329,11881.6,2265.04
7,0.661769,0.364572,1,154.492,-36.4513,680.175,55.4555,11881.6,2279.04
7,0.661769,0.364572,2,6372.2,-24.1944,680.175,55.4555,11881.6,2279.04
7,0.675556,0.372155,1,155.889,-36.3597,683.689,55.7654,11881.6,2292.51
7,0.675556,0.372155,2,6372.2,-24.1981,683.689,55.7654,11881.6,2292.51
7,0.689342,0.379738,1,155.889,-36.4341,687.058,56.0627,11881.6,2305.4
7,0.689342,0.379738,2,6372.2,-24.189,687.058,56.0627,11881.6,2305.4
7,0.703129,0.387321,1,157.3,-36.3972,690.282,56.3478,11881.6,2317.77
7,0.703129,0.387321,2,6429.85,-24.1825,690.282,56.3478,11881.6,2317.77
7,0.716916,0.394903,1,157.3,-36.4193,693.356,56.6189,11881.6,2329.59
7,0.716916,0.394903,2,6429.85,-24.1937,693.356,56.6189,11881.6,2329.59
7,0.730703,0.402486,1,158.723,-36.3941,696.294,56.8791,11881.6,2340.88
7,0.730703,0.402486,2,6429.85,-24.1949,696.294,56.8791,11881.6,2340.88
7,0.74449,0.410069,1,158.723,-36.4265,699.066,57.1237,11881.6,2351.52
7,0.74449,0.410069,2,6429.85,-24.1876,699.066,57.1237,11881.6,2351.52
7,0.758277,0.417651,1,160.159,-36.3501,701.662,57.3523,11881.6,2361.47
7,0.758277,0.417651,2,6429.85,-24.1732,701.662,57.3523,11881.6,2361.47
7,0.772063,0.425234,1,160.159,-36.4367,704.074,57.5649,11881.6,2370.72
7,0.772063,0.425234,2,6488.02,-24.1853,704.074,57.5649,11881.6,2370.72
7,0.78585,0.432817,1,160.159,-36.3714,706.298,57.7615,11881.6,2379.23
7,0.78585,0.432817,2,6488.02,-24.1914,706.298,57.7615,11881.6,2379.23
7,0.799637,0.4404,1,161.608,-36.3822,708.337,57.9412,11881.6,2387.08
7,0.799637,0.4404,2,6488.02,-24.1924,708.337,57.9412,11881.6,2387.08
7,0.813424,0.447982,1,161.608,-36.4335,710.18,58.1048,11881.6,2394.18
7,0.813424,0.447982,2,6488.02,-24.1896,710.18,58.1048,11881.6,2394.18
7,0.827211,0.455565,1,161.608,-36.3999,711.824,58.2491,11881.6,2400.5
7,0.827211,0.455565,2,6488.02,-24.184,711.824,58.2491,11881.6,2400.5
7,0.840998,0.463148,1,161.608,-36.3102,713.266,58.3773,11881.6,2406.04
7,0.840998,0.463148,2,6488.02,-24.1768,713.266,58.3773,11881.6,2406.04
7,0.854785,0.47073,1,163.07,-36.379,714.502,58.4866,11881.6,2410.8
7,0.854785,0.47073,2,6546.72,-24.1702,714.502,58.4866,11881.6,2410.8
7,0.868571,0.478313,1,163.07,-36.4186,715.543,58.5781,11881.6,2414.79
7,0.868571,0.478313,2,6546.72,-24.1762,715.543,58.5781,11881.6,2414.79
7,0.882358,0.485896,1,163.07,-36.431,716.371,58.6507,11881.6,2417.97
7,0.882358,0.485896,2,6546.72,-24.1802,716.371,58.6507,11881.6,2417.97
7,0.896145,0.493479,1,163.07,-36.4253,716.986,58.7055,11881.6,2420.33
7,0.896145,0.493479,2,6546.72,-24.1827,716.986,58.7055,11881.6,2420.33
7,0.909932,0.501061,1,163.07,-36.4175,717.384,58.7401,11881.6,2421.86
7,0.909932,0.501061,2,6546.72,-24.1841,717.384,58.7401,11881.6,2421.86
7,0.923719,0.508644,1,163.07,-36.4122,717.567,58.7561,11881.6,2422.57
7,0.923719,0.508644,2,6546.72,-24.1847,717.567,58.7561,11881.6,2422.57
7,0.937506,0.516227,1,163.07,-36.412,717.576,58.7574,11881.6,2422.6
7,0.937506,0.516227,2,6546.72,-24.1848,717.576,58.7574,11881.6,2422.6
7,0.951293,0.523809,1,163.07,-36.4135,717.516,58.7519,11881.6,2422.37
7,0.951293,0.523809,2,6546.72,-24.1846,717.516,58.7519,11881.6,2422.37
7,0.965079,0.531392,1,163.07,-36.419,717.358,58.7376,11881.6,2421.76
7,0.965079,0.531392,2,6546.72,-24.184,717.358,58.7376,11881.6,2421.76
7,0.978866,0.538975,1,163.07,-36.4237,717.075,58.7131,11881.6,2420.68
7,0.978866,0.538975,2,6546.72,-24.1831,717.075,58.7131,11881.6,2420.68
7,0.992653,0.546558,1,163.07,-36.4292,716.648,58.6756,11881.6,2419.04
7,0.992653,0.546558,2,6546.72,-24.1814,716.648,58.6756,11881.6,2419.04
7,1.00644,0.55414,1,163.07,-36.4283,716.061,58.6241,11881.6,2416.78
7,1.00644,0.55414,2,6546.72,-24.1788,716.061,58.6241,11881.6,2416.78
7,1.02023,0.561723,1,163.07,-36.4121,715.301,58.5566,11881.6,2413.86
7,1.02023,0.561723,2,6546.72,-24.1749,715.301,58.5566,11881.6,2413.86
7,1.03401,0.569306,1,163.07,-36.3708,714.366,58.4743,11881.6,2410.27
7,1.03401,0.569306,2,6488.02,-24.1699,714.366,58.4743,11881.6,2410.27
7,1.0478,0.576889,1,161.608,-36.3103,713.255,58.376,11881.6,2406
7,1.0478,0.576889,2,6488.02,-24.1769,713.255,58.376,11881.6,2406
7,1.06159,0.584471,1,161.608,-36.3934,711.958,58.2609,11881.6,2401.01
7,1.06159,0.584471,2,6488.02,-24.1835,711.958,58.2609,11881.6,2401.01
7,1.07537,0.592054,1,161.608,-36.4325,710.474,58.1297,11881.6,2395.3
7,1.07537,0.592054,2,6488.02,-24.1888,710.474,58.1297,11881.6,2395.3
7,1.08916,0.599637,1,161.608,-36.4043,708.801,57.9829,11881.6,2388.87
7,1.08916,0.599637,2,6488.02,-24.192,708.801,57.9829,11881.6,2388.87
7,1.10295,0.607219,1,160.159,-36.3272,706.942,57.8188,11881.6,2381.71
7,1.10295,0.607219,2,6488.02,-24.1922,706.942,57.8188,11881.6,2381.71
7,1.11673,0.614802,1,160.159,-36.4296,704.903,57.6379,11881.6,2373.89
7,1.11673,0.614802,2,6488.02,-24.1882,704.903,57.6379,11881.6,2373.89
7,1.13052,0.622385,1,160.159,-36.4062,702.68,57.4422,11881.6,2365.38
7,1.13052,0.622385,2,6488.02,-24.1788,702.68,57.4422,11881.6,2365.38
7,1.14431,0.629968,1,158.723,-36.3712,700.278,57.23,11881.6,2356.17
7,1.14431,0.629968,2,6429.85,-24.1818,700.278,57.23,11881.6,2356.17
7,1.1581,0.63755,1,158.723,-36.439,697.7,57.0023,11881.6,2346.27
7,1.1581,0.63755,2,6429.85,-24.1922,697.7,57.0023,11881.6,2346.27
7,1.17188,0.645133,1,157.3,-36.3238,694.952,56.7602,11881.6,2335.72
7,1.17188,0.645133,2,6429.85,-24.1955,694.952,56.7602,11881.6,2335.72
7,1.18567,0.652716,1,157.3,-36.4445,692.059,56.5046,11881.6,2324.61
7,1.18567,0.652716,2,6429.85,-24.1902,692.059,56.5046,11881.6,2324.61
7,1.19946,0.660298,1,155.889,-36.3242,689.016,56.2356,11881.6,2312.9
7,1.19946,0.660298,2,6372.2,-24.178,689.016,56.2356,11881.6,2312.9
7,1.21324,0.667881,1,155.889,-36.446,685.83,55.9543,11881.6,2300.71
7,1.21324,0.667881,2,6372.2,-24.1938,685.83,55.9543,11881.6,2300.71
7,1.22703,0.675464,1,154.492,-36.3728,682.501,55.6604,11881.6,2287.96
7,1.22703,0.675464,2,6372.2,-24.1984,682.501,55.6604,11881.6,2287.96
7,1.24082,0.683047,1,154.492,-36.4296,679.031,55.3539,11881.6,2274.66
7,1.24082,0.683047,2,6372.2,-24.1903,679.031,55.3539,11881.6,2274.66
7,1.2546,0.690629,1,153.106,-36.4372,675.426,55.036,11881.6,2260.83
7,1.2546,0.690629,2,6315.07,-24.1895,675.426,55.036,11881.6,2260.83
7,1.26839,0.698212,1,153.106,-36.3453,671.72,54.7079,11881.6,2246.6
7,1.26839,0.698212,2,6315.07,-24.2009,671.72,54.7079,11881.6,2246.6
7,1.28218,0.705795,1,151.734,-36.4507,667.923,54.3728,11881.6,2232.06
7,1.28218,0.705795,2,6315.07,-24.1967,667.923,54.3728,11881.6,2232.06
7,1.29596,0.713377,1,150.373,-36.44,664.027,54.0283,11881.6,2217.16
7,1.29596,0.713377,2,6258.45,-24.1898,664.027,54.0283,11881.6,2217.16
7,1.30975,0.72096,1,150.373,-36.3349,660.031,53.6759,11881.6,2201.87
7,1.30975,0.72096,2,6258.45,-24.2036,660.031,53.6759,11881.6,2201.87
7,1.32354,0.728543,1,149.025,-36.4414,655.943,53.3142,11881.6,2186.21
7,1.32354,0.728543,2,6258.45,-24.1989,655.943,53.3142,11881.6,2186.21
7,1.33732,0.736126,1,147.689,-36.4679,651.791,52.9462,11881.6,2170.28
7,1.33732,0.736126,2,6202.34,-24.1959,651.791,52.9462,11881.6,2170.28
7,1.35111,0.743708,1,146.365,-36.4264,647.605,52.5783,11881.6,2154.31
7,1.35111,0.743708,2,6202.34,-24.2071,647.605,52.5783,11881.6,2154.31
7,1.3649,0.751291,1,146.365,-36.3593,643.362,52.2032,11881.6,2138.12
7,1.3649,0.751291,2,6202.34,-24.1975,643.362,52.2032,11881.6,2138.12
7,1.37868,0.758874,1,145.053,-36.4452,639.073,51.8243,11881.6,2121.72
7,1.37868,0.758874,2,6146.73,-24.2045,639.073,51.8243,11881.6,2121.72
7,1.39247,0.766456,1,143.752,-36.4789,634.728,51.4404,11881.6,2105.09
7,1.39247,0.766456,2,6146.73,-24.2088,634.728,51.4404,11881.6,2105.09
7,1.40626,0.774039,1,142.463,-36.4711,630.378,51.0552,11881.6,2088.49
7,1.40626,0.774039,2,6091.62,-24.1946,630.378,51.0552,11881.6,2088.49
7,1.42005,0.781622,1,141.186,-36.4218,626.041,50.673,11881.6,2071.97
7,1.42005,0.781622,2,6091.62,-24.2119,626.041,50.673,11881.6,2071.97
7,1.43383,0.789205,1,141.186,-36.3808,621.715,50.29,11881.6,2055.48
7,1.43383,0.789205,2,6091.62,-24.2064,621.715,50.29,11881.6,2055.48
7,1.44762,0.796787,1,139.92,-36.453,617.379,49.9074,11881.6,2038.94
7,1.44762,0.796787,2,6037,-24.2084,617.379,49.9074,11881.6,2038.94
7,1.46141,0.80437,1,138.666,-36.4898,613.048,49.524,11881.6,2022.39
7,1.46141,0.80437,2,6037,-24.2148,613.048,49.524,11881.6,2022.39
7,1.47519,0.811953,1,137.422,-36.494,608.767,49.147,11881.6,2006.14
7,1.47519,0.811953,2,5982.88,-24.1994,608.767,49.147,11881.6,2006.14
7,1.48898,0.819535,1,136.19,-36.462,604.539,48.7737,11881.6,1990.07
7,1.48898,0.819535,2,5982.88,-24.2172,604.539,48.7737,11881.6,1990.07
7,1.50277,0.827118,1,134.969,-36.3951,600.351,48.4039,11881.6,1974.15
7,1.50277,0.827118,2,5982.88,-24.2125,600.351,48.4039,11881.6,1974.15
7,1.51655,0.834701,1,134.969,-36.4441,596.212,48.0378,11881.6,1958.38
7,1.51655,0.834701,2,5929.24,-24.2135,596.212,48.0378,11881.6,1958.38
7,1.53034,0.842284,1,133.759,-36.4966,592.132,47.6777,11881.6,1942.86
7,1.53034,0.842284,2,5929.24,-24.2204,592.132,47.6777,11881.6,1942.86
7,1.54413,0.849866,1,132.56,-36.512,588.139,47.3256,11881.6,1927.75
7,1.54413,0.849866,2,5929.24,-24.2064,588.139,47.3256,11881.6,1927.75
7,1.55791,0.857449,1,131.371,-36.4743,584.248,46.9836,11881.6,1913.01
7,1.55791,0.857449,2,5876.08,-24.2215,584.248,46.9836,11881.6,1913.01
7,1.5717,0.865032,1,131.371,-36.3975,580.452,46.6476,11881.6,1898.61
7,1.5717,0.865032,2,5876.08,-24.2204,580.452,46.6476,11881.6,1898.61
7,1.58549,0.872614,1,130.194,-36.4932,576.747,46.3212,11881.6,1884.55
7,1.58549,0.872614,2,5823.39,-24.2138,576.747,46.3212,11881.6,1884.55
7,1.59927,0.880197,1,129.026,-36.5252,573.145,46.0016,11881.6,1870.86
7,1.59927,0.880197,2,5823.39,-24.2257,573.145,46.0016,11881.6,1870.86
7,1.61306,0.88778,1,127.869,-36.4731,569.666,45.6967,11881.6,1857.74
7,1.61306,0.88778,2,5823.39,-24.2206,569.666,45.6967,11881.6,1857.74
7,1.62685,0.895363,1,127.869,-36.4578,566.313,45.4007,11881.6,1845.09
7,1.62685,0.895363,2,5771.18,-24.2192,566.313,45.4007,11881.6,1845.09
7,1.64063,0.902945,1,126.723,-36.5309,563.11,45.119,11881.6,1832.99
7,1.64063,0.902945,2,5771.18,-24.2284,563.11,45.119,11881.6,1832.99
7,1.65442,0.910528,1,125.587,-36.4803,560.048,44.8483,11881.6,1821.41
7,1.65442,0.910528,2,5771.18,-24.2241,560.048,44.8483,11881.6,1821.41
7,1.66821,0.918111,1,125.587,-36.4929,557.125,44.5906,11881.6,1810.36
7,1.66821,0.918111,2,5719.44,-24.2188,557.125,44.5906,11881.6,1810.36
7,1.682,0.925694,1,124.461,-36.5311,554.349,44.346,11881.6,1799.85
7,1.682,0.925694,2,5719.44,-24.2297,554.349,44.346,11881.6,1799.85
7,1.69578,0.933276,1,124.461,-36.4418,551.729,44.1153,11881.6,1789.96
7,1.69578,0.933276,2,5719.44,-24.2301,551.729,44.1153,11881.6,1789.96
7,1.70957,0.940859,1,123.345,-36.5432,549.276,43.8994,11881.6,1780.74
7,1.70957,0.940859,2,5719.44,-24.2218,549.276,43.8994,11881.6,1780.74
7,1.72336,0.948442,1,123.345,-36.4398,546.987,43.699,11881.6,1772.14
7,1.72336,0.948442,2,5668.16,-24.2245,546.987,43.699,11881.6,1772.14
7,1.73714,0.956024,1,122.239,-36.5422,544.869,43.5125,11881.6,1764.17
7,1.73714,0.956024,2,5668.16,-24.2321,544.869,43.5125,11881.6,1764.17
7,1.75093,0.963607,1,122.239,-36.4959,542.942,43.3429,11881.6,1756.93
7,1.75093,0.963607,2,5668.16,-24.2335,542.942,43.3429,11881.6,1756.93
7,1.76472,0.97119,1,121.143,-36.5015,541.202,43.1901,11881.6,1750.38
7,1.76472,0.97119,2,5668.16,-24.2301,541.202,43.1901,11881.6,1750.38
7,1.7785,0.978773,1,121.143,-36.55,539.646,43.0533,11881.6,1744.52
7,1.7785,0.978773,2,5668.16,-24.2235,539.646,43.0533,11881.6,1744.52
7,1.79229,0.986355,1,121.143,-36.4939,538.275,42.9325,11881.6,1739.35
7,1.79229,0.986355,2,5617.34,-24.2234,538.275,42.9325,11881.6,1739.35
7,1.80608,0.993938,1,120.057,-36.4673,537.094,42.8273,11881.6,1734.9
7,1.80608,0.993938,2,5617.34,-24.2296,537.094,42.8273,11881.6,1734.9
7,1.81986,0.00152063,1,120.057,-36.5355,536.104,42.7406,11881.6,1731.17
7,1.81986,0.00152063,2,5617.34,-24.2332,536.104,42.7406,11881.6,1731.17
7,1.83365,0.00910336,1,120.057,-36.5542,535.309,42.6698,11881.6,1728.18
7,1.83365,0.00910336,2,5617.34,-24.235,535.309,42.6698,11881.6,1728.18
7,1.84744,0.0166861,1,120.057,-36.548,534.71,42.6181,11881.6,1725.92
7,1.84744,0.0166861,2,5617.34,-24.2358,534.71,42.6181,11881.6,1725.92
7,1.86122,0.0242688,1,120.057,-36.533,534.308,42.5827,11881.6,1724.41
7,1.86122,0.0242688,2,5617.34,-24.2361,534.308,42.5827,11881.6,1724.41
7,1.87501,0.0318515,1,120.057,-36.5221,534.109,42.5646,11881.6,1723.65
7,1.87501,0.0318515,2,5617.34,-24.2361,534.109,42.5646,11881.6,1723.65
7,1.8888,0.0394343,1,120.057,-36.5339,534.343,42.5857,11881.6,1724.54
7,1.8888,0.0394343,2,5617.34,-24.2361,534.343,42.5857,11881.6,1724.54
7,1.90259,0.047017,1,120.057,-36.5549,535.038,42.6467,11881.6,1727.16
7,1.90259,0.047017,2,5617.34,-24.2355,535.038,42.6467,11881.6,1727.16
7,1.91637,0.0545996,1,120.057,-36.5391,536.013,42.733,11881.6,1730.83
7,1.91637,0.0545996,2,5617.34,-24.2334,536.013,42.733,11881.6,1730.83
7,1.93016,0.0621824,1,120.057,-36.4546,537.219,42.8386,11881.6,1735.37
7,1.93016,0.0621824,2,5617.34,-24.229,537.219,42.8386,11881.6,1735.37
7,1.94395,0.0697651,1,121.143,-36.5167,538.633,42.9636,11881.6,1740.7
7,1.94395,0.0697651,2,5617.34,-24.2211,538.633,42.9636,11881.6,1740.7
7,1.95773,0.0773478,1,121.143,-36.5467,540.242,43.1046,11881.6,1746.76
7,1.95773,0.0773478,2,5668.16,-24.2264,540.242,43.1046,11881.6,1746.76
7,1.97152,0.0849305,1,121.143,-36.4268,542.037,43.2633,11881.6,1753.52
7,1.97152,0.0849305,2,5668.16,-24.2323,542.037,43.2633,11881.6,1753.52
7,1.98531,0.0925133,1,122.239,-36.5443,544.018,43.438,11881.6,1760.97
7,1.98531,0.0925133,2,5668.16,-24.2334,544.018,43.438,11881.6,1760.97
7,1.99909,0.100096,1,122.239,-36.4691,546.201,43.6295,11881.6,1769.18
7,1.99909,0.100096,2,5668.16,-24.2281,546.201,43.6295,11881.6,1769.18
7,2.01288,0.107679,1,123.345,-36.5375,548.559,43.8367,11881.6,1778.05
7,2.01288,0.107679,2,5719.44,-24.2177,548.559,43.8367,11881.6,1778.05
7,2.02667,0.115261,1,123.345,-36.4468,551.081,44.0585,11881.6,1787.53
7,2.02667,0.115261,2,5719.44,-24.2287,551.081,44.0585,11881.6,1787.53
7,2.04045,0.122844,1,124.461,-36.5408,553.769,44.2943,11881.6,1797.65
7,2.04045,0.122844,2,5719.44,-24.2306,553.769,44.2943,11881.6,1797.65
7,2.05424,0.130427,1,125.587,-36.4532,556.616,44.5464,11881.6,1808.43
7,2.05424,0.130427,2,5719.44,-24.2216,556.616,44.5464,11881.6,1808.43
7,2.06803,0.13801,1,125.587,-36.5076,559.61,44.8104,11881.6,1819.76
7,2.06803,0.13801,2,5771.18,-24.2224,559.61,44.8104,11881.6,1819.76
7,2.08181,0.145592,1,126.723,-36.5261,562.744,45.0862,11881.6,1831.6
7,2.08181,0.145592,2,5771.18,-24.2286,562.744,45.0862,11881.6,1831.6
7,2.0956,0.153175,1,127.869,-36.4319,566.015,45.375,11881.6,1843.96
7,2.0956,0.153175,2,5771.18,-24.2206,566.015,45.375,11881.6,1843.96
7,2.10939,0.160758,1,127.869,-36.4878,569.454,45.6773,11881.6,1856.94
7,2.10939,0.160758,2,5823.39,-24.2197,569.454,45.6773,11881.6,1856.94
7,2.12317,0.16834,1,129.026,-36.5248,573.011,45.9906,11881.6,1870.35
7,2.12317,0.16834,2,5823.39,-24.2258,573.011,45.9906,11881.6,1870.35
7,2.13696,0.175923,1,130.194,-36.4896,576.691,46.3157,11881.6,1884.33
7,2.13696,0.175923,2,5823.39,-24.2142,576.691,46.3157,11881.6,1884.33
7,2.15075,0.183506,1,131.371,-36.3996,580.469,46.6488,11881.6,1898.68
7,2.15075,0.183506,2,5876.08,-24.2205,580.469,46.6488,11881.6,1898.68
7,2.16454,0.191089,1,131.371,-36.4686,584.34,46.9912,11881.6,1913.36
7,2.16454,0.191089,2,5876.08,-24.2213,584.34,46.9912,11881.6,1913.36
7,2.17832,0.198671,1,132.56,-36.5095,588.306,47.3408,11881.6,1928.38
7,2.17832,0.198671,2,5929.24,-24.2074,588.306,47.3408,11881.6,1928.38
7,2.19211,0.206254,1,133.759,-36.5058,592.389,47.7,11881.6,1943.84
7,2.19211,0.206254,2,5929.24,-24.2206,592.389,47.7,11881.6,1943.84
7,2.2059,0.213837,1,134.969,-36.4649,596.546,48.0677,11881.6,1959.66
7,2.2059,0.213837,2,5929.24,-24.2119,596.546,48.0677,11881.6,1959.66
7,2.21968,0.221419,1,136.19,-36.3946,600.764,48.4401,11881.6,1975.71
7,2.21968,0.221419,2,5982.88,-24.2139,600.764,48.4401,11881.6,1975.71
7,2.23347,0.229002,1,136.19,-36.4311,605.022,48.8163,11881.6,1991.91
7,2.23347,0.229002,2,5982.88,-24.2163,605.022,48.8163,11881.6,1991.91
7,2.24726,0.236585,1,137.422,-36.4778,609.324,49.1963,11881.6,2008.25
7,2.24726,0.236585,2,6037,-24.2016,609.324,49.1963,11881.6,2008.25
7,2.26104,0.244168,1,138.666,-36.4944,613.702,49.5818,11881.6,2024.89
7,2.26104,0.244168,2,6037,-24.2153,613.702,49.5818,11881.6,2024.89
7,2.27483,0.25175,1,139.92,-36.4815,618.106,49.9719,11881.6,2041.71
7,2.27483,0.25175,2,6037,-24.205,618.106,49.9719,11881.6,2041.71
7,2.28862,0.259333,1,141.186,-36.4401,622.527,50.3625,11881.6,2058.58
7,2.28862,0.259333,2,6091.62,-24.2091,622.527,50.3625,11881.6,2058.58
7,2.3024,0.266916,1,142.463,-36.363,626.926,50.7501,11881.6,2075.34
7,2.3024,0.266916,2,6091.62,-24.2102,626.926,50.7501,11881.6,2075.34
7,2.31619,0.274498,1,142.463,-36.4265,631.315,51.1382,11881.6,2092.06
7,2.31619,0.274498,2,6146.73,-24.1964,631.315,51.1382,11881.6,2092.06
7,2.32998,0.282081,1,143.752,-36.4699,635.743,51.5293,11881.6,2108.98
7,2.32998,0.282081,2,6146.73,-24.2098,635.743,51.5293,11881.6,2108.98
7,2.34376,0.289664,1,145.053,-36.476,640.147,51.9187,11881.6,2125.83
7,2.34376,0.289664,2,6146.73,-24.1999,640.147,51.9187,11881.6,2125.83
7,2.35755,0.297247,1,146.365,-36.4349,644.487,52.3022,11881.6,2142.41
7,2.35755,0.297247,2,6202.34,-24.2021,644.487,52.3022,11881.6,2142.41
7,2.37134,0.304829,1,147.689,-36.3438,648.782,52.682,11881.6,2158.8
7,2.37134,0.304829,2,6202.34,-24.206,648.782,52.682,11881.6,2158.8
7,2.38512,0.312412,1,147.689,-36.4323,653.035,53.0567,11881.6,2175.06
7,2.38512,0.312412,2,6202.34,-24.1886,653.035,53.0567,11881.6,2175.06
7,2.39891,0.319995,1,149.025,-36.4653,657.258,53.431,11881.6,2191.25
7,2.39891,0.319995,2,6258.45,-24.2025,657.258,53.431,11881.6,2191.25
7,2.4127,0.327577,1,150.373,-36.4281,661.392,53.7965,11881.6,2207.08
7,2.4127,0.327577,2,6258.45,-24.2009,661.392,53.7965,11881.6,2207.08
7,2.42649,0.33516,1,150.373,-36.3563,665.432,54.1523,11881.6,2222.54
7,2.42649,0.33516,2,6315.07,-24.1851,665.432,54.1523,11881.6,2222.54
7,2.44027,0.342743,1,151.734,-36.4491,669.368,54.5001,11881.6,2237.58
7,2.44027,0.342743,2,6315.07,-24.2002,669.368,54.5001,11881.6,2237.58
7,2.45406,0.350326,1,153.106,-36.4331,673.211,54.8403,11881.6,2252.33
7,2.45406,0.350326,2,6315.07,-24.1982,673.211,54.8403,11881.6,2252.33
7,2.46785,0.357908,1,153.106,-36.3511,676.973,55.173,11881.6,2266.77
7,2.46785,0.357908,2,6315.07,-24.1802,676.973,55.173,11881.6,2266.77
7,2.48163,0.365491,1,154.492,-36.4485,680.609,55.4943,11881.6,2280.71
7,2.48163,0.365491,2,6372.2,-24.1956,680.609,55.4943,11881.6,2280.71
7,2.49542,0.373074,1,155.889,-36.3873,684.105,55.8025,11881.6,2294.1
7,2.49542,0.373074,2,6372.2,-24.1977,684.105,55.8025,11881.6,2294.1
7,2.50921,0.380656,1,155.889,-36.4198,687.457,56.0981,11881.6,2306.93
7,2.50921,0.380656,2,6372.2,-24.1871,687.457,56.0981,11881.6,2306.93
7,2.52299,0.388239,1,157.3,-36.414,690.663,56.3811,11881.6,2319.24
7,2.52299,0.388239,2,6429.85,-24.1844,690.663,56.3811,11881.6,2319.24
7,2.53678,0.395822,1,157.3,-36.4043,693.718,56.6514,11881.6,2330.98
7,2.53678,0.395822,2,6429.85,-24.1944,693.718,56.6514,11881.6,2330.98
7,2.55057,0.403405,1,158.723,-36.4109,696.64,56.9095,11881.6,2342.2
7,2.55057,0.403405,2,6429.85,-24.1945,696.64,56.9095,11881.6,2342.2
7,2.56435,0.410987,1,158.723,-36.4162,699.391,57.1524,11881.6,2352.76
7,2.56435,0.410987,2,6429.85,-24.1862,699.391,57.1524,11881.6,2352.76
7,2.57814,0.41857,1,160.159,-36.3699,701.964,57.3793,11881.6,2362.63
7,2.57814,0.41857,2,6488.02,-24.1747,701.964,57.3793,11881.6,2362.63
7,2.59193,0.426153,1,160.159,-36.4368,704.353,57.5898,11881.6,2371.79
7,2.59193,0.426153,2,6488.02,-24.1863,704.353,57.5898,11881.6,2371.79
7,2.60571,0.433735,1,160.159,-36.3553,706.555,57.7838,11881.6,2380.22
7,2.60571,0.433735,2,6488.02,-24.1918,706.555,57.7838,11881.6,2380.22
7,2.6195,0.441318,1,161.608,-36.3932,708.571,57.9622,11881.6,2387.98
7,2.6195,0.441318,2,6488.02,-24.1923,708.571,57.9622,11881.6,2387.98
7,2.63329,0.448901,1,161.608,-36.4329,710.39,58.1234,11881.6,2394.98
7,2.63329,0.448901,2,6488.02,-24.189,710.39,58.1234,11881.6,2394.98
7,2.64707,0.456484,1,161.608,-36.3907,712.01,58.2655,11881.6,2401.21
7,2.64707,0.456484,2,6488.02,-24.1832,712.01,58.2655,11881.6,2401.21
7,2.66086,0.464066,1,163.07,-36.3077,713.426,58.3912,11881.6,2406.66
7,2.66086,0.464066,2,6488.02,-24.1759,713.426,58.3912,11881.6,2406.66
7,2.67465,0.471649,1,163.07,-36.3856,714.64,58.4984,11881.6,2411.32
7,2.67465,0.471649,2,6546.72,-24.1711,714.64,58.4984,11881.6,2411.32
7,2.68844,0.479232,1,163.07,-36.4222,715.655,58.5874,11881.6,2415.22
7,2.68844,0.479232,2,6546.72,-24.1768,715.655,58.5874,11881.6,2415.22
7,2.70222,0.486814,1,163.07,-36.4297,716.457,58.6587,11881.6,2418.3
7,2.70222,0.486814,2,6546.72,-24.1806,716.457,58.6587,11881.6,2418.3
7,2.71601,0.494397,1,163.07,-36.424,717.045,58.711,11881.6,2420.56
7,2.71601,0.494397,2,6546.72,-24.1829,717.045,58.711,11881.6,2420.56
7,2.7298,0.50198,1,163.07,-36.4163,717.417,58.7426,11881.6,2421.99
7,2.7298,0.50198,2,6546.72,-24.1842,717.417,58.7426,11881.6,2421.99
7,2.74358,0.509563,1,163.07,-36.4125,717.574,58.757,11881.6,2422.59
7,2.74358,0.509563,2,6546.72,-24.1847,717.574,58.757,11881.6,2422.59
7,2.75737,0.517145,1,163.07,-36.4123,717.573,58.757,11881.6,2422.59
7,2.75737,0.517145,2,6546.72,-24.1847,717.573,58.757,11881.6,2422.59
7,2.77116,0.524728,1,163.07,-36.4134,717.503,58.7506,11881.6,2422.32
7,2.77116,0.524728,2,6546.72,-24.1845,717.503,58.7506,11881.6,2422.32
7,2.78494,0.532311,1,163.07,-36.4192,717.331,58.7355,11881.6,2421.66
7,2.78494,0.532311,2,6546.72,-24.1839,717.331,58.7355,11881.6,2421.66
7,2.79873,0.539894,1,163.07,-36.4247,717.032,58.7093,11881.6,2420.51
7,2.79873,0.539894,2,6546.72,-24.1829,717.032,58.7093,11881.6,2420.51
7,2.81252,0.547476,1,163.07,-36.4294,716.586,58.6701,11881.6,2418.8
7,2.81252,0.547476,2,6546.72,-24.1811,716.586,58.6701,11881.6,2418.8
7,2.8263,0.555059,1,163.07,-36.4263,715.977,58.6169,11881.6,2416.46
7,2.8263,0.555059,2,6546.72,-24.1784,715.977,58.6169,11881.6,2416.46
7,2.84009,0.562642,1,163.07,-36.4088,715.197,58.5469,11881.6,2413.46
7,2.84009,0.562642,2,6546.72,-24.1744,715.197,58.5469,11881.6,2413.46
7,2.85388,0.570224,1,163.07,-36.3643,714.241,58.4629,11881.6,2409.79
7,2.85388,0.570224,2,6488.02,-24.1708,714.241,58.4629,11881.6,2409.79
7,2.86766,0.577807,1,161.608,-36.3224,713.107,58.3625,11881.6,2405.43
7,2.86766,0.577807,2,6488.02,-24.1777,713.107,58.3625,11881.6,2405.43
7,2.88145,0.58539,1,161.608,-36.4008,711.788,58.2465,11881.6,2400.36
7,2.88145,0.58539,2,6488.02,-24.1842,711.788,58.2465,11881.6,2400.36
7,2.89524,0.592973,1,161.608,-36.4333,710.281,58.1137,11881.6,2394.56
7,2.89524,0.592973,2,6488.02,-24.1893,710.281,58.1137,11881.6,2394.56
7,2.90902,0.600555,1,161.608,-36.3948,708.586,57.9631,11881.6,2388.04
7,2.90902,0.600555,2,6488.02,-24.1922,708.586,57.9631,11881.6,2388.04
7,2.92281,0.608138,1,160.159,-36.3443,706.705,57.7973,11881.6,2380.79
7,2.92281,0.608138,2,6488.02,-24.192,706.705,57.7973,11881.6,2380.79
7,2.9366,0.615721,1,160.159,-36.4335,704.643,57.6155,11881.6,2372.89
7,2.9366,0.615721,2,6488.02,-24.1873,704.643,57.6155,11881.6,2372.89
7,2.95039,0.623303,1,160.159,-36.3946,702.399,57.4169,11881.6,2364.3
7,2.95039,0.623303,2,6488.02,-24.1773,702.399,57.4169,11881.6,2364.3
7,2.96417,0.630886,1,158.723,-36.3888,699.975,57.2039,11881.6,2355
7,2.96417,0.630886,2,6429.85,-24.1833,699.975,57.2039,11881.6,2355
7,2.97796,0.638469,1,158.723,-36.4336,697.376,56.9744,11881.6,2345.03
7,2.97796,0.638469,2,6429.85,-24.193,697.376,56.9744,11881.6,2345.03
7,2.99175,0.646052,1,157.3,-36.3505,694.61,56.7298,11881.6,2334.41
7,2.99175,0.646052,2,6429.85,-24.1954,694.61,56.7298,11881.6,2334.41
7,3.00553,0.653634,1,157.3,-36.4413,691.699,56.4734,11881.6,2323.22
7,3.00553,0.653634,2,6429.85,-24.1889,691.699,56.4734,11881.6,2323.22
7,3.01932,0.661217,1,155.889,-36.3538,688.637,56.2019,11881.6,2311.44
7,3.01932,0.661217,2,6372.2,-24.1804,688.637,56.2019,11881.6,2311.44
7,3.03311,0.6688,1,155.889,-36.4396,685.435,55.9197,11881.6,2299.19
7,3.03311,0.6688,2,6372.2,-24.1949,685.435,55.9197,11881.6,2299.19
7,3.04689,0.676382,1,154.492,-36.3974,682.088,55.625,11881.6,2286.38
7,3.04689,0.676382,2,6372.2,-24.1981,682.088,55.625,11881.6,2286.38
7,3.06068,0.683965,1,154.492,-36.4122,678.601,55.3163,11881.6,2273.01
7,3.06068,0.683965,2,6372.2,-24.1884,678.601,55.3163,11881.6,2273.01
7,3.07447,0.691548,1,153.106,-36.4488,674.982,54.9959,11881.6,2259.12
7,3.07447,0.691548,2,6315.07,-24.1917,674.982,54.9959,11881.6,2259.12
7,3.08825,0.699131,1,151.734,-36.3459,671.265,54.6683,11881.6,2244.85
7,3.08825,0.699131,2,6315.07,-24.2013,671.265,54.6683,11881.6,2244.85
7,3.10204,0.706713,1,151.734,-36.4379,667.456,54.3319,11881.6,2230.27
7,3.10204,0.706713,2,6315.07,-24.195,667.456,54.3319,11881.6,2230.27
7,3.11583,0.714296,1,150.373,-36.454,663.548,53.987,11881.6,2215.33
7,3.11583,0.714296,2,6258.45,-24.1924,663.548,53.987,11881.6,2215.33
7,3.12961,0.721879,1,149.025,-36.3736,659.541,53.6325,11881.6,2199.99
7,3.12961,0.721879,2,6258.45,-24.2041,659.541,53.6325,11881.6,2199.99
7,3.1434,0.729461,1,149.025,-36.4161,655.443,53.27,11881.6,2184.29
7,3.1434,0.729461,2,6258.45,-24.197,655.443,53.27,11881.6,2184.29
7,3.15719,0.737044,1,147.689,-36.4681,651.285,52.9028,11881.6,2168.35
7,3.15719,0.737044,2,6202.34,-24.1983,651.285,52.9028,11881.6,2168.35
7,3.17098,0.744627,1,146.365,-36.4504,647.095,52.5328,11881.6,2152.37
7,3.17098,0.744627,2,6202.34,-24.207,647.095,52.5328,11881.6,2152.37
7,3.18476,0.75221,1,145.053,-36.377,642.844,52.1577,11881.6,2136.14
7,3.18476,0.75221,2,6202.34,-24.1949,642.844,52.1577,11881.6,2136.14
7,3.19855,0.759792,1,145.053,-36.4147,638.549,51.7784,11881.6,2119.72
7,3.19855,0.759792,2,6146.73,-24.2062,638.549,51.7784,11881.6,2119.72
7,3.21234,0.767375,1,143.752,-36.4691,634.2,51.3932,11881.6,2103.07
7,3.21234,0.767375,2,6146.73,-24.2078,634.2,51.3932,11881.6,2103.07
7,3.22612,0.774958,1,142.463,-36.4816,629.851,51.0084,11881.6,2086.48
7,3.22612,0.774958,2,6091.62,-24.1979,629.851,51.0084,11881.6,2086.48
7,3.23991,0.78254,1,141.186,-36.4528,625.516,50.6271,11881.6,2069.98
7,3.23991,0.78254,2,6091.62,-24.2124,625.516,50.6271,11881.6,2069.98
7,3.2537,0.790123,1,139.92,-36.387,621.191,50.2449,11881.6,2053.48
7,3.2537,0.790123,2,6091.62,-24.2041,621.191,50.2449,11881.6,2053.48
7,3.26748,0.797706,1,139.92,-36.42,616.852,49.8607,11881.6,2036.92
7,3.26748,0.797706,2,6037,-24.2104,616.852,49.8607,11881.6,2036.92
7,3.28127,0.805289,1,138.666,-36.4767,612.525,49.4781,11881.6,2020.41
7,3.28127,0.805289,2,6037,-24.214,612.525,49.4781,11881.6,2020.41
7,3.29506,0.812871,1,137.422,-36.4995,608.252,49.1015,11881.6,2004.19
7,3.29506,0.812871,2,5982.88,-24.2027,608.252,49.1015,11881.6,2004.19
7,3.30884,0.820454,1,136.19,-36.4854,604.028,48.7295,11881.6,1988.13
7,3.30884,0.820454,2,5982.88,-24.2178,604.028,48.7295,11881.6,1988.13
7,3.32263,0.828037,1,134.969,-36.4362,599.847,48.3597,11881.6,1972.22
7,3.32263,0.828037,2,5982.88,-24.2104,599.847,48.3597,11881.6,1972.22
7,3.33642,0.83562,1,134.969,-36.4032,595.714,47.9945,11881.6,1956.48
7,3.33642,0.83562,2,5929.24,-24.2155,595.714,47.9945,11881.6,1956.48
7,3.3502,0.843202,1,133.759,-36.478,591.643,47.6343,11881.6,1941.02
7,3.3502,0.843202,2,5929.24,-24.2198,591.643,47.6343,11881.6,1941.02
7,3.36399,0.850785,1,132.56,-36.5131,587.663,47.2835,11881.6,1925.95
7,3.36399,0.850785,2,5876.08,-24.2063,587.663,47.2835,11881.6,1925.95
7,3.37778,0.858368,1,131.371,-36.4995,583.784,46.9419,11881.6,1911.25
7,3.37778,0.858368,2,5876.08,-24.2224,583.784,46.9419,11881.6,1911.25
7,3.39156,0.86595,1,130.194,-36.4256,579.997,46.608,11881.6,1896.88
7,3.39156,0.86595,2,5876.08,-24.219,579.997,46.608,11881.6,1896.88
7,3.40535,0.873533,1,130.194,-36.4674,576.305,46.2812,11881.6,1882.87
7,3.40535,0.873533,2,5823.39,-24.2163,576.305,46.2812,11881.6,1882.87
7,3.41914,0.881116,1,129.026,-36.523,572.718,45.9649,11881.6,1869.25
7,3.41914,0.881116,2,5823.39,-24.226,572.718,45.9649,11881.6,1869.25
7,3.43293,0.888699,1,127.869,-36.4985,569.252,45.6601,11881.6,1856.18
7,3.43293,0.888699,2,5823.39,-24.2189,569.252,45.6601,11881.6,1856.18
7,3.44671,0.896281,1,127.869,-36.4203,565.917,45.3658,11881.6,1843.59
7,3.44671,0.896281,2,5771.18,-24.2211,565.917,45.3658,11881.6,1843.59
7,3.4605,0.903864,1,126.723,-36.5255,562.731,45.0853,11881.6,1831.56
7,3.4605,0.903864,2,5771.18,-24.2286,562.731,45.0853,11881.6,1831.56
7,3.47429,0.911447,1,125.587,-36.5033,559.685,44.8171,11881.6,1820.04
7,3.47429,0.911447,2,5771.18,-24.2227,559.685,44.8171,11881.6,1820.04
7,3.48807,0.919029,1,125.587,-36.4667,556.781,44.5603,11881.6,1809.05
7,3.48807,0.919029,2,5719.44,-24.2207,556.781,44.5603,11881.6,1809.05
7,3.50186,0.926612,1,124.461,-36.538,554.022,44.3166,11881.6,1798.61
7,3.50186,0.926612,2,5719.44,-24.2303,554.022,44.3166,11881.6,1798.61
7,3.51565,0.934195,1,123.345,-36.4119,551.424,44.0884,11881.6,1788.81
7,3.51565,0.934195,2,5719.44,-24.2295,551.424,44.0884,11881.6,1788.81
7,3.52943,0.941778,1,123.345,-36.5432,548.989,43.875,11881.6,1779.67
7,3.52943,0.941778,2,5719.44,-24.2203,548.989,43.875,11881.6,1779.67
7,3.54322,0.94936,1,122.239,-36.4176,546.721,43.6754,11881.6,1771.14
7,3.54322,0.94936,2,5668.16,-24.2258,546.721,43.6754,11881.6,1771.14
7,3.55701,0.956943,1,122.239,-36.5475,544.626,43.4906,11881.6,1763.26
7,3.55701,0.956943,2,5668.16,-24.2326,544.626,43.4906,11881.6,1763.26
7,3.57079,0.964526,1,122.239,-36.4765,542.722,43.3239,11881.6,1756.1
7,3.57079,0.964526,2,5668.16,-24.2333,542.722,43.3239,11881.6,1756.1
7,3.58458,0.972108,1,121.143,-36.5145,541.004,43.1724,11881.6,1749.63
7,3.58458,0.972108,2,5668.16,-24.2295,541.004,43.1724,11881.6,1749.63
7,3.59837,0.979691,1,121.143,-36.547,539.47,43.0377,11881.6,1743.85
7,3.59837,0.979691,2,5668.16,-24.2225,539.47,43.0377,11881.6,1743.85
7,3.61215,0.987274,1,121.143,-36.4809,538.122,42.919,11881.6,1738.78
7,3.61215,0.987274,2,5617.34,-24.2243,538.122,42.919,11881.6,1738.78
7,3.62594,0.994857,1,120.057,-36.479,536.964,42.8163,11881.6,1734.41
7,3.62594,0.994857,2,5617.34,-24.2301,536.964,42.8163,11881.6,1734.41
8,0,0.80542,1,155.889,-36.3598,688.562,56.1951,11881.6,2311.15
8,0,0.80542,2,6372.2,-24.1809,688.562,56.1951,11881.6,2311.15
8,0.00145125,0.812096,1,155.889,-36.4454,685.784,55.9505,11881.6,2300.53
8,0.00145125,0.812096,2,6372.2,-24.1939,685.784,55.9505,11881.6,2300.53
8,0.00290249,0.818772,1,154.492,-36.3399,682.937,55.6992,11881.6,2289.63
8,0.00290249,0.818772,2,6372.2,-24.1985,682.937,55.6992,11881.6,2289.63
8,0.00435374,0.825447,1,154.492,-36.4511,680.023,55.442,11881.6,2278.46
8,0.00435374,0.825447,2,6372.2,-24.194,680.023,55.442,11881.6,2278.46
8,0.00580499,0.832123,1,153.106,-36.3457,677.042,55.1789,11881.6,2267.03
8,0.00580499,0.832123,2,6372.2,-24.1797,677.042,55.1789,11881.6,2267.03
8,0.00725624,0.838799,1,153.106,-36.453,674.005,54.9103,11881.6,2255.37
8,0.00725624,0.838799,2,6315.07,-24.1957,674.005,54.9103,11881.6,2255.37
8,0.00870748,0.845475,1,151.734,-36.374,670.915,54.6367,11881.6,2243.5
8,0.00870748,0.845475,2,6315.07,-24.2014,670.915,54.6367,11881.6,2243.5
8,0.0101587,0.85215,1,151.734,-36.4487,667.783,54.3597,11881.6,2231.52
8,0.0101587,0.85215,2,6315.07,-24.1962,667.783,54.3597,11881.6,2231.52
8,0.01161,0.858826,1,150.373,-36.4132,664.608,54.0802,11881.6,2219.38
8,0.01161,0.858826,2,6258.45,-24.1862,664.608,54.0802,11881.6,2219.38
8,0.0130612,0.865502,1,150.373,-36.4269,661.388,53.7965,11881.6,2207.07
8,0.0130612,0.865502,2,6258.45,-24.201,661.388,53.7965,11881.6,2207.07
8,0.0145125,0.872178,1,149.025,-36.4496,658.13,53.5081,11881.6,2194.59
8,0.0145125,0.872178,2,6258.45,-24.2038,658.13,53.5081,11881.6,2194.59
8,0.0159637,0.878853,1,149.025,-36.3759,654.838,53.2169,11881.6,2181.97
8,0.0159637,0.878853,2,6258.45,-24.1943,654.838,53.2169,11881.6,2181.97
8,0.017415,0.885529,1,147.689,-36.4696,651.519,52.9222,11881.6,2169.24
8,0.017415,0.885529,2,6202.34,-24.1973,651.519,52.9222,11881.6,2169.24
8,0.0188662,0.892205,1,146.365,-36.3891,648.19,52.6293,11881.6,2156.55
8,0.0188662,0.892205,2,6202.34,-24.2067,648.19,52.6293,11881.6,2156.55
8,0.0203175,0.89888,1,146.365,-36.4509,644.842,52.3338,11881.6,2143.77
8,0.0203175,0.89888,2,6202.34,-24.2032,644.842,52.3338,11881.6,2143.77
8,0.0217687,0.905556,1,145.053,-36.4569,641.478,52.0367,11881.6,2130.92
8,0.0217687,0.905556,2,6146.73,-24.1923,641.478,52.0367,11881.6,2130.92
8,0.02322,0.912232,1,145.053,-36.3834,638.104,51.7383,11881.6,2118.01
8,0.02322,0.912232,2,6146.73,-24.2074,638.104,51.7383,11881.6,2118.01
8,0.0246712,0.918908,1,143.752,-36.4787,634.724,51.4399,11881.6,2105.08
8,0.0246712,0.918908,2,6146.73,-24.2088,634.724,51.4399,11881.6,2105.08
8,0.0261224,0.925583,1,142.463,-36.4245,631.351,51.1407,11881.6,2092.19
8,0.0261224,0.925583,2,6146.73,-24.1966,631.351,51.1407,11881.6,2092.19
8,0.0275737,0.932259,1,142.463,-36.4424,627.994,50.8458,11881.6,2079.41
8,0.0275737,0.932259,2,6091.62,-24.2069,627.994,50.8458,11881.6,2079.41
8,0.0290249,0.938935,1,141.186,-36.4832,624.648,50.5496,11881.6,2066.66
8,0.0290249,0.938935,2,6091.62,-24.2126,624.648,50.5496,11881.6,2066.66
8,0.0304762,0.945611,1,139.92,-36.3763,621.316,50.2554,11881.6,2053.96
8,0.0304762,0.945611,2,6091.62,-24.2047,621.316,50.2554,11881.6,2053.96
8,0.0319274,0.952286,1,139.92,-36.478,618.005,49.9622,11881.6,2041.32
8,0.0319274,0.952286,2,6037,-24.2055,618.005,49.9622,11881.6,2041.32
8,0.0333787,0.958962,1,138.666,-36.4677,614.717,49.6719,11881.6,2028.77
8,0.0333787,0.958962,2,6037,-24.2151,614.717,49.6719,11881.6,2028.77
8,0.0348299,0.965638,1,138.666,-36.4149,611.467,49.385,11881.6,2016.39
8,0.0348299,0.965638,2,6037,-24.2113,611.467,49.385,11881.6,2016.39
8,0.0362812,0.972314,1,137.422,-36.4991,608.261,49.1019,11881.6,2004.22
8,0.0362812,0.972314,2,5982.88,-24.2027,608.261,49.1019,11881.6,2004.22
8,0.0377324,0.978989,1,136.19,-36.4254,605.098,48.823,11881.6,1992.2
8,0.0377324,0.978989,2,5982.88,-24.2161,605.098,48.823,11881.6,1992.2
8,0.0391837,0.985665,1,136.19,-36.4749,601.98,48.5479,11881.6,1980.34
8,0.0391837,0.985665,2,5982.88,-24.2169,601.98,48.5479,11881.6,1980.34
8,0.0406349,0.992341,1,134.969,-36.4888,598.912,48.2767,11881.6,1968.67
8,0.0406349,0.992341,2,5982.88,-24.2057,598.912,48.2767,11881.6,1968.67
8,0.0420862,0.999017,1,134.969,-36.42,595.899,48.0096,11881.6,1957.19
8,0.0420862,0.999017,2,5929.24,-24.2148,595.899,48.0096,11881.6,1957.19
8,0.0435374,0.00569224,1,133.759,-36.5098,592.946,47.7493,11881.6,1945.95
8,0.0435374,0.00569224,2,5929.24,-24.2208,592.946,47.7493,11881.6,1945.95
8,0.0449887,0.012368,1,132.56,-36.4112,590.068,47.4962,11881.6,1935.05
8,0.0449887,0.012368,2,5929.24,-24.2157,590.068,47.4962,11881.6,1935.05
8,0.0464399,0.0190437,1,132.56,-36.5059,587.257,47.2485,11881.6,1924.41
8,0.0464399,0.0190437,2,5876.08,-24.2089,587.257,47.2485,11881.6,1924.41
8,0.0478912,0.0257195,1,131.371,-36.4577,584.522,47.0068,11881.6,1914.05
8,0.0478912,0.0257195,2,5876.08,-24.2209,584.522,47.0068,11881.6,1914.05
8,0.0493424,0.0323952,1,131.371,-36.4982,581.866,46.7726,11881.6,1903.98
8,0.0493424,0.0323952,2,5876.08,-24.2231,581.866,46.7726,11881.6,1903.98
8,0.0507937,0.0390709,1,130.194,-36.4775,579.294,46.5452,11881.6,1894.21
8,0.0507937,0.0390709,2,5876.08,-24.2163,579.294,46.5452,11881.6,1894.21
8,0.0522449,0.0457467,1,130.194,-36.4963,576.807,46.3262,11881.6,1884.77
8,0.0522449,0.0457467,2,5823.39,-24.2135,576.807,46.3262,11881.6,1884.77
8,0.0536961,0.0524224,1,129.026,-36.48,574.411,46.1144,11881.6,1875.67
8,0.0536961,0.0524224,2,5823.39,-24.2236,574.411,46.1144,11881.6,1875.67
8,0.0551474,0.0590981,1,129.026,-36.5087,572.113,45.9115,11881.6,1866.97
8,0.0551474,0.0590981,2,5823.39,-24.2259,572.113,45.9115,11881.6,1866.97
8,0.0565986,0.0657738,1,127.869,-36.4548,569.919,45.719,11881.6,1858.7
8,0.0565986,0.0657738,2,5823.39,-24.2215,569.919,45.719,11881.6,1858.7
8,0.0580499,0.0724496,1,127.869,-36.5261,567.825,45.5346,11881.6,1850.79
8,0.0580499,0.0724496,2,5823.39,-24.2113,567.825,45.5346,11881.6,1850.79
8,0.0595011,0.0791253,1,127.869,-36.4151,565.835,45.3586,11881.6,1843.28
8,0.0595011,0.0791253,2,5771.18,-24.2215,565.835,45.3586,11881.6,1843.28
8,0.0609524,0.0858011,1,126.723,-36.5209,563.952,45.1935,11881.6,1836.17
8,0.0609524,0.0858011,2,5771.18,-24.2274,563.952,45.1935,11881.6,1836.17
8,0.0624036,0.0924768,1,126.723,-36.5048,562.179,45.0373,11881.6,1829.47
8,0.0624036,0.0924768,2,5771.18,-24.2285,562.179,45.0373,11881.6,1829.47
8,0.0638549,0.0991526,1,125.587,-36.4418,560.52,44.8904,11881.6,1823.2
8,0.0638549,0.0991526,2,5771.18,-24.2256,560.52,44.8904,11881.6,1823.2
8,0.0653061,0.105828,1,125.587,-36.5319,558.977,44.7548,11881.6,1817.36
8,0.0653061,0.105828,2,5771.18,-24.2195,558.977,44.7548,11881.6,1817.36
8,0.0667574,0.112504,1,125.587,-36.5155,557.553,44.6294,11881.6,1811.98
8,0.0667574,0.112504,2,5719.44,-24.2161,557.553,44.6294,11881.6,1811.98
8,0.0682086,0.11918,1,125.587,-36.4191,556.251,44.514,11881.6,1807.05
8,0.0682086,0.11918,2,5719.44,-24.2234,556.251,44.514,11881.6,1807.05
8,0.0696599,0.125856,1,124.461,-36.4992,555.072,44.4104,11881.6,1802.59
8,0.0696599,0.125856,2,5719.44,-24.2279,555.072,44.4104,11881.6,1802.59
8,0.0711111,0.132531,1,124.461,-36.5385,554.021,44.3166,11881.6,1798.61
8,0.0711111,0.132531,2,5719.44,-24.2303,554.021,44.3166,11881.6,1798.61
8,0.0725624,0.139207,1,124.461,-36.5315,553.114,44.2374,11881.6,1795.17
8,0.0725624,0.139207,2,5719.44,-24.2311,553.114,44.2374,11881.6,1795.17
8,0.0740136,0.145883,1,124.461,-36.4949,552.384,44.1722,11881.6,1792.42
8,0.0740136,0.145883,2,5719.44,-24.2309,552.384,44.1722,11881.6,1792.42
8,0.0754649,0.152558,1,124.461,-36.4535,551.849,44.1259,11881.6,1790.41
8,0.0754649,0.152558,2,5719.44,-24.2303,551.849,44.1259,11881.6,1790.41
8,0.0769161,0.159234,1,124.461,-36.4203,551.524,44.0972,11881.6,1789.19
8,0.0769161,0.159234,2,5719.44,-24.2297,551.524,44.0972,11881.6,1789.19
8,0.0783673,0.16591,1,123.345,-36.4118,551.421,44.0884,11881.6,1788.8
8,0.0783673,0.16591,2,5719.44,-24.2295,551.421,44.0884,11881.6,1788.8
8,0.0798186,0.172586,1,124.461,-36.4539,551.865,44.1275,11881.6,1790.47
8,0.0798186,0.172586,2,5719.44,-24.2303,551.865,44.1275,11881.6,1790.47
8,0.0812698,0.179261,1,124.461,-36.5246,552.974,44.2244,11881.6,1794.64
8,0.0812698,0.179261,2,5719.44,-24.2311,552.974,44.2244,11881.6,1794.64
8,0.0827211,0.185937,1,124.461,-36.5251,554.587,44.3671,11881.6,1800.75
8,0.0827211,0.185937,2,5719.44,-24.2292,554.587,44.3671,11881.6,1800.75
8,0.0841723,0.192613,1,125.587,-36.4516,556.594,44.5443,11881.6,1808.35
8,0.0841723,0.192613,2,5719.44,-24.2217,556.594,44.5443,11881.6,1808.35
8,0.0856236,0.199289,1,125.587,-36.5323,558.919,44.7498,11881.6,1817.14
8,0.0856236,0.199289,2,5771.18,-24.2192,558.919,44.7498,11881.6,1817.14
8,0.0870748,0.205964,1,126.723,-36.4601,561.514,44.9784,11881.6,1826.95
8,0.0870748,0.205964,2,5771.18,-24.2278,561.514,44.9784,11881.6,1826.95
8,0.0885261,0.21264,1,126.723,-36.5072,564.352,45.2281,11881.6,1837.68
8,0.0885261,0.21264,2,5771.18,-24.2265,564.352,45.2281,11881.6,1837.68
8,0.0899773,0.219316,1,127.869,-36.5171,567.404,45.4971,11881.6,1849.2
8,0.0899773,0.219316,2,5771.18,-24.2129,567.404,45.4971,11881.6,1849.2
8,0.0914286,0.225991,1,129.026,-36.4067,570.639,45.7818,11881.6,1861.41
8,0.0914286,0.225991,2,5823.39,-24.2237,570.639,45.7818,11881.6,1861.41
8,0.0928798,0.232667,1,129.026,-36.4997,574.039,46.0816,11881.6,1874.25
8,0.0928798,0.232667,2,5823.39,-24.2244,574.039,46.0816,11881.6,1874.25
8,0.0943311,0.239343,1,130.194,-36.519,577.594,46.3949,11881.6,1887.76
8,0.0943311,0.239343,2,5823.39,-24.2085,577.594,46.3949,11881.6,1887.76
8,0.0957823,0.246019,1,131.371,-36.4661,581.279,46.7213,11881.6,1901.75
8,0.0957823,0.246019,2,5876.08,-24.2223,581.279,46.7213,11881.6,1901.75
8,0.0972336,0.252694,1,131.371,-36.4102,585.094,47.0573,11881.6,1916.21
8,0.0972336,0.252694,2,5876.08,-24.2192,585.094,47.0573,11881.6,1916.21
8,0.0986848,0.25937,1,132.56,-36.4844,589.024,47.4035,11881.6,1931.1
8,0.0986848,0.25937,2,5929.24,-24.2113,589.024,47.4035,11881.6,1931.1
8,0.100136,0.266046,1,133.759,-36.51,593.048,47.7582,11881.6,1946.33
8,0.100136,0.266046,2,5929.24,-24.2207,593.048,47.7582,11881.6,1946.33
8,0.101587,0.272722,1,134.969,-36.4916,597.169,48.1229,11881.6,1962.02
8,0.101587,0.272722,2,5929.24,-24.2087,597.169,48.1229,11881.6,1962.02
8,0.103039,0.279397,1,136.19,-36.4421,601.358,48.4928,11881.6,1977.98
8,0.103039,0.279397,2,5982.88,-24.2156,601.358,48.4928,11881.6,1977.98
8,0.10449,0.286073,1,136.19,-36.3816,605.619,48.8689,11881.6,1994.18
8,0.10449,0.286073,2,5982.88,-24.2148,605.619,48.8689,11881.6,1994.18
8,0.105941,0.292749,1,137.422,-36.4477,609.94,49.2498,11881.6,2010.6
8,0.105941,0.292749,2,6037,-24.205,609.94,49.2498,11881.6,2010.6
8,0.107392,0.299425,1,138.666,-36.4832,614.308,49.6357,11881.6,2027.2
8,0.107392,0.299425,2,6037,-24.2154,614.308,49.6357,11881.6,2027.2
8,0.108844,0.3061,1,139.92,-36.4906,618.717,50.0262,11881.6,2044.04
8,0.108844,0.3061,2,6037,-24.2017,618.717,50.0262,11881.6,2044.04
8,0.110295,0.312776,1,141.186,-36.4688,623.142,50.4168,11881.6,2060.93
8,0.110295,0.312776,2,6091.62,-24.2107,623.142,50.4168,11881.6,2060.93
8,0.111746,0.319452,1,142.463,-36.4179,627.591,50.8095,11881.6,2077.88
8,0.111746,0.319452,2,6091.62,-24.2083,627.591,50.8095,11881.6,2077.88
8,0.113197,0.326128,1,142.463,-36.3719,632.049,51.2027,11881.6,2094.85
8,0.113197,0.326128,2,6146.73,-24.2003,632.049,51.2027,11881.6,2094.85
8,0.114649,0.332803,1,143.752,-36.4378,636.516,51.5976,11881.6,2111.94
8,0.114649,0.332803,2,6146.73,-24.2098,636.516,51.5976,11881.6,2111.94
8,0.1161,0.339479,1,145.053,-36.4719,640.964,51.9912,11881.6,2128.95
8,0.1161,0.339479,2,6146.73,-24.1955,640.964,51.9912,11881.6,2128.95
8,0.117551,0.346155,1,146.365,-36.4668,645.385,52.3819,11881.6,2145.84
8,0.117551,0.346155,2,6202.34,-24.2047,645.385,52.3819,11881.6,2145.84
8,0.119002,0.35283,1,147.689,-36.4167,649.784,52.7701,11881.6,2162.63
8,0.119002,0.35283,2,6202.34,-24.2038,649.784,52.7701,11881.6,2162.63
8,0.120454,0.359506,1,147.689,-36.3563,654.155,53.1562,11881.6,2179.35
8,0.120454,0.359506,2,6258.45,-24.1908,654.155,53.1562,11881.6,2179.35
8,0.121905,0.366182,1,149.025,-36.4378,658.48,53.5389,11881.6,2195.93
8,0.121905,0.366182,2,6258.45,-24.2041,658.48,53.5389,11881.6,2195.93
8,0.123356,0.372858,1,150.373,-36.4618,662.741,53.9149,11881.6,2212.25
8,0.123356,0.372858,2,6258.45,-24.1962,662.741,53.9149,11881.6,2212.25
8,0.124807,0.379533,1,151.734,-36.4156,666.934,54.2851,11881.6,2228.28
8,0.124807,0.379533,2,6315.07,-24.1929,666.934,54.2851,11881.6,2228.28
8,0.126259,0.386209,1,151.734,-36.3629,671.064,54.6498,11881.6,2244.08
8,0.126259,0.386209,2,6315.07,-24.2013,671.064,54.6498,11881.6,2244.08
8,0.12771,0.392885,1,153.106,-36.4467,675.128,55.009,11881.6,2259.69
8,0.12771,0.392885,2,6315.07,-24.191,675.128,55.009,11881.6,2259.69
8,0.129161,0.399561,1,154.492,-36.4332,679.099,55.3606,11881.6,2274.92
8,0.129161,0.399561,2,6372.2,-24.1906,679.099,55.3606,11881.6,2274.92
8,0.130612,0.406236,1,154.492,-36.3371,682.969,55.7022,11881.6,2289.75
8,0.130612,0.406236,2,6372.2,-24.1985,682.969,55.7022,11881.6,2289.75
8,0.132063,0.412912,1,155.889,-36.4422,686.728,56.0336,11881.6,2304.14
8,0.132063,0.412912,2,6372.2,-24.1904,686.728,56.0336,11881.6,2304.14
8,0.133515,0.419588,1,157.3,-36.4027,690.39,56.357,11881.6,2318.19
8,0.133515,0.419588,2,6429.85,-24.183,690.39,56.357,11881.6,2318.19
8,0.134966,0.426264,1,157.3,-36.3924,693.944,56.6712,11881.6,2331.85
8,0.134966,0.426264,2,6429.85,-24.1947,693.944,56.6712,11881.6,2331.85
8,0.136417,0.432939,1,158.723,-36.4332,697.375,56.9744,11881.6,2345.03
8,0.136417,0.432939,2,6429.85,-24.193,697.375,56.9744,11881.6,2345.03
8,0.137868,0.439615,1,158.723,-36.3447,700.673,57.2655,11881.6,2357.68
8,0.137868,0.439615,2,6429.85,-24.1795,700.673,57.2655,11881.6,2357.68
8,0.13932,0.446291,1,160.159,-36.436,703.831,57.5438,11881.6,2369.78
8,0.13932,0.446291,2,6488.02,-24.1843,703.831,57.5438,11881.6,2369.78
8,0.140771,0.452967,1,160.159,-36.3356,706.842,57.8096,11881.6,2381.32
8,0.140771,0.452967,2,6488.02,-24.1921,706.842,57.8096,11881.6,2381.32
8,0.142222,0.459642,1,161.608,-36.4295,709.713,58.0631,11881.6,2392.38
8,0.142222,0.459642,2,6488.02,-24.1906,709.713,58.0631,11881.6,2392.38
8,0.143673,0.466318,1,161.608,-36.3678,712.435,58.3039,11881.6,2402.85
8,0.143673,0.466318,2,6488.02,-24.1812,712.435,58.3039,11881.6,2402.85
8,0.145125,0.472994,1,163.07,-36.4028,715.005,58.5304,11881.6,2412.72
8,0.145125,0.472994,2,6546.72,-24.1733,715.005,58.5304,11881.6,2412.72
8,0.146576,0.479669,1,163.07,-36.4166,717.412,58.7422,11881.6,2421.97
8,0.146576,0.479669,2,6546.72,-24.1842,717.412,58.7422,11881.6,2421.97
8,0.148027,0.486345,1,164.545,-36.3059,719.652,58.9396,11881.6,2430.57
8,0.148027,0.486345,2,6546.72,-24.1891,719.652,58.9396,11881.6,2430.57
8,0.149478,0.493021,1,164.545,-36.4138,721.72,59.1227,11881.6,2438.5
8,0.149478,0.493021,2,6546.72,-24.189,721.72,59.1227,11881.6,2438.5
8,0.15093,0.499697,1,164.545,-36.4137,723.612,59.2894,11881.6,2445.75
8,0.15093,0.499697,2,6546.72,-24.185,723.612,59.2894,11881.6,2445.75
8,0.152381,0.506372,1,164.545,-36.3337,725.329,59.44,11881.6,2452.35
8,0.152381,0.506372,2,6546.72,-24.1783,725.329,59.44,11881.6,2452.35
8,0.153832,0.513048,1,166.033,-36.3657,726.864,59.5758,11881.6,2458.27
8,0.153832,0.513048,2,6546.72,-24.1697,726.864,59.5758,11881.6,2458.27
8,0.155283,0.519724,1,166.033,-36.4152,728.216,59.6952,11881.6,2463.48
8,0.155283,0.519724,2,6605.94,-24.1711,728.216,59.6952,11881.6,2463.48
8,0.156735,0.5264,1,166.033,-36.4202,729.38,59.7986,11881.6,2467.96
8,0.156735,0.5264,2,6605.94,-24.1769,729.38,59.7986,11881.6,2467.96
8,0.158186,0.533075,1,166.033,-36.3983,730.358,59.8842,11881.6,2471.72
8,0.158186,0.533075,2,6605.94,-24.1807,730.358,59.8842,11881.6,2471.72
8,0.159637,0.539751,1,166.033,-36.3614,731.144,59.9539,11881.6,2474.74
8,0.159637,0.539751,2,6605.94,-24.1831,731.144,59.9539,11881.6,2474.74
8,0.161088,0.546427,1,166.033,-36.3233,731.74,60.0066,11881.6,2477.04
8,0.161088,0.546427,2,6605.94,-24.1845,731.74,60.0066,11881.6,2477.04
8,0.16254,0.553103,1,166.033,-36.2933,732.145,60.042,11881.6,2478.6
8,0.16254,0.553103,2,6605.94,-24.1852,732.145,60.042,11881.6,2478.6
8,0.163991,0.559778,1,167.536,-36.3101,732.385,60.0631,11881.6,2479.51
8,0.163991,0.559778,2,6605.94,-24.1856,732.385,60.0631,11881.6,2479.51
8,0.165442,0.566454,1,167.536,-36.3163,732.493,60.0728,11881.6,2479.93
8,0.165442,0.566454,2,6605.94,-24.1857,732.493,60.0728,11881.6,2479.93
8,0.166893,0.57313,1,167.536,-36.3177,732.502,60.0741,11881.6,2479.97
8,0.166893,0.57313,2,6605.94,-24.1857,732.502,60.0741,11881.6,2479.97
8,0.168345,0.579805,1,167.536,-36.3153,732.473,60.0712,11881.6,2479.85
8,0.168345,0.579805,2,6605.94,-24.1857,732.473,60.0712,11881.6,2479.85
8,0.169796,0.586481,1,167.536,-36.3117,732.41,60.0657,11881.6,2479.61
8,0.169796,0.586481,2,6605.94,-24.1856,732.41,60.0657,11881.6,2479.61
8,0.171247,0.593157,1,167.536,-36.304,732.307,60.056,11881.6,2479.21
8,0.171247,0.593157,2,6605.94,-24.1855,732.307,60.056,11881.6,2479.21
8,0.172698,0.599833,1,166.033,-36.292,732.157,60.0429,11881.6,2478.64
8,0.172698,0.599833,2,6605.94,-24.1852,732.157,60.0429,11881.6,2478.64
8,0.17415,0.606508,1,166.033,-36.3073,731.956,60.026,11881.6,2477.86
8,0.17415,0.606508,2,6605.94,-24.1849,731.956,60.026,11881.6,2477.86
8,0.175601,0.613184,1,166.033,-36.3264,731.698,60.0028,11881.6,2476.88
8,0.175601,0.613184,2,6605.94,-24.1844,731.698,60.0028,11881.6,2476.88
8,0.177052,0.61986,1,166.033,-36.3471,731.381,59.9745,11881.6,2475.65
8,0.177052,0.61986,2,6605.94,-24.1837,731.381,59.9745,11881.6,2475.65
8,0.178503,0.626536,1,166.033,-36.3692,730.997,59.9404,11881.6,2474.18
8,0.178503,0.626536,2,6605.94,-24.1827,730.997,59.9404,11881.6,2474.18
8,0.179955,0.633211,1,166.033,-36.3897,730.544,59.9011,11881.6,2472.43
8,0.179955,0.633211,2,6605.94,-24.1813,730.544,59.9011,11881.6,2472.43
8,0.181406,0.639887,1,166.033,-36.4093,730.016,59.8539,11881.6,2470.41
8,0.181406,0.639887,2,6605.94,-24.1795,730.016,59.8539,11881.6,2470.41
8,0.182857,0.646563,1,166.033,-36.4206,729.412,59.8015,11881.6,2468.08
8,0.182857,0.646563,2,6605.94,-24.177,729.412,59.8015,11881.6,2468.08
8,0.184308,0.653239,1,166.033,-36.4216,728.728,59.7408,11881.6,2465.45
8,0.184308,0.653239,2,6605.94,-24.1738,728.728,59.7408,11881.6,2465.45
8,0.18576,0.659914,1,166.033,-36.409,727.96,59.6729,11881.6,2462.49
8,0.18576,0.659914,2,6605.94,-24.1696,727.96,59.6729,11881.6,2462.49
8,0.187211,0.66659,1,166.033,-36.3772,727.106,59.5978,11881.6,2459.2
8,0.187211,0.66659,2,6546.72,-24.1681,727.106,59.5978,11881.6,2459.2
8,0.188662,0.673266,1,166.033,-36.3199,726.163,59.5142,11881.6,2455.57
8,0.188662,0.673266,2,6546.72,-24.1739,726.163,59.5142,11881.6,2455.57
8,0.190113,0.679941,1,164.545,-36.3469,725.128,59.4227,11881.6,2451.58
8,0.190113,0.679941,2,6546.72,-24.1792,725.128,59.4227,11881.6,2451.58
8,0.191565,0.686617,1,164.545,-36.4033,724.002,59.3235,11881.6,2447.24
8,0.191565,0.686617,2,6546.72,-24.1838,724.002,59.3235,11881.6,2447.24
8,0.193016,0.693293,1,164.545,-36.4252,722.786,59.2164,11881.6,2442.59
8,0.193016,0.693293,2,6546.72,-24.1872,722.786,59.2164,11881.6,2442.59
8,0.194467,0.699969,1,164.545,-36.407,721.478,59.1012,11881.6,2437.57
8,0.194467,0.699969,2,6546.72,-24.1892,721.478,59.1012,11881.6,2437.57
8,0.195918,0.706644,1,164.545,-36.3379,720.076,58.9772,11881.6,2432.19
8,0.195918,0.706644,2,6546.72,-24.1894,720.076,58.9772,11881.6,2432.19
8,0.19737,0.71332,1,163.07,-36.3685,718.579,58.8456,11881.6,2426.45
8,0.19737,0.71332,2,6546.72,-24.1874,718.579,58.8456,11881.6,2426.45
8,0.198821,0.719996,1,163.07,-36.4258,716.986,58.7055,11881.6,2420.34
8,0.198821,0.719996,2,6546.72,-24.1827,716.986,58.7055,11881.6,2420.34
8,0.200272,0.726672,1,163.07,-36.4127,715.299,58.5566,11881.6,2413.85
8,0.200272,0.726672,2,6546.72,-24.1749,715.299,58.5566,11881.6,2413.85
8,0.201723,0.733347,1,163.07,-36.3147,713.515,58.3992,11881.6,2407
8,0.201723,0.733347,2,6488.02,-24.1754,713.515,58.3992,11881.6,2407
8,0.203175,0.740023,1,161.608,-36.4072,711.635,58.2322,11881.6,2399.77
8,0.203175,0.740023,2,6488.02,-24.1848,711.635,58.2322,11881.6,2399.77
8,0.204626,0.746699,1,161.608,-36.4281,709.66,58.058,11881.6,2392.17
8,0.204626,0.746699,2,6488.02,-24.1908,709.66,58.058,11881.6,2392.17
8,0.206077,0.753375,1,161.608,-36.3345,707.593,57.8758,11881.6,2384.21
8,0.206077,0.753375,2,6488.02,-24.1926,707.593,57.8758,11881.6,2384.21
8,0.207528,0.76005,1,160.159,-36.4126,705.44,57.6855,11881.6,2375.95
8,0.207528,0.76005,2,6488.02,-24.1896,705.44,57.6855,11881.6,2375.95
8,0.20898,0.766726,1,160.159,-36.4242,703.202,57.489,11881.6,2367.37
8,0.20898,0.766726,2,6488.02,-24.1815,703.202,57.489,11881.6,2367.37
8,0.210431,0.773402,1,158.723,-36.329,700.876,57.2836,11881.6,2358.46
8,0.210431,0.773402,2,6429.85,-24.1783,700.876,57.2836,11881.6,2358.46
8,0.211882,0.780078,1,158.723,-36.4379,698.463,57.071,11881.6,2349.2
8,0.211882,0.780078,2,6429.85,-24.1899,698.463,57.071,11881.6,2349.2
8,0.213333,0.786753,1,158.723,-36.3762,695.967,56.85,11881.6,2339.62
8,0.213333,0.786753,2,6429.85,-24.1952,695.967,56.85,11881.6,2339.62
8,0.214785,0.793429,1,157.3,-36.4179,693.386,56.6223,11881.6,2329.71
8,0.214785,0.793429,2,6429.85,-24.1938,693.386,56.6223,11881.6,2329.71
8,0.216236,0.800105,1,157.3,-36.4172,690.73,56.3866,11881.6,2319.49
8,0.216236,0.800105,2,6429.85,-24.1847,690.73,56.3866,11881.6,2319.49
8,0.217687,0.80678,1,155.889,-36.3948,688.002,56.1458,11881.6,2309.01
8,0.217687,0.80678,2,6372.2,-24.1842,688.002,56.1458,11881.6,2309.01
8,0.219138,0.813456,1,155.889,-36.4362,685.21,55.8995,11881.6,2298.33
8,0.219138,0.813456,2,6372.2,-24.1955,685.21,55.8995,11881.6,2298.33
8,0.22059,0.820132,1,154.492,-36.3832,682.348,55.6469,11881.6,2287.37
8,0.22059,0.820132,2,6372.2,-24.1983,682.348,55.6469,11881.6,2287.37
8,0.222041,0.826808,1,154.492,-36.4412,679.42,55.3893,11881.6,2276.15
8,0.222041,0.826808,2,6372.2,-24.1919,679.42,55.3893,11881.6,2276.15
8,0.223492,0.833483,1,153.106,-36.3901,676.429,55.1245,11881.6,2264.68
8,0.223492,0.833483,2,6315.07,-24.1838,676.429,55.1245,11881.6,2264.68
8,0.224943,0.840159,1,153.106,-36.4392,673.38,54.8551,11881.6,2252.97
8,0.224943,0.840159,2,6315.07,-24.1977,673.38,54.8551,11881.6,2252.97
8,0.226395,0.846835,1,151.734,-36.4123,670.279,54.5802,11881.6,2241.06
8,0.226395,0.846835,2,6315.07,-24.2012,670.279,54.5802,11881.6,2241.06
8,0.227846,0.853511,1,151.734,-36.4263,667.139,54.3032,11881.6,2229.07
8,0.227846,0.853511,2,6315.07,-24.1938,667.139,54.3032,11881.6,2229.07
8,0.229297,0.860186,1,150.373,-36.4424,663.955,54.022,11881.6,2216.89
8,0.229297,0.860186,2,6258.45,-24.1902,663.955,54.022,11881.6,2216.89
8,0.230748,0.866862,1,150.373,-36.3898,660.727,53.7375,11881.6,2204.54
8,0.230748,0.866862,2,6258.45,-24.2025,660.727,53.7375,11881.6,2204.54
8,0.2322,0.873538,1,149.025,-36.464,657.461,53.4487,11881.6,2192.03
8,0.2322,0.873538,2,6258.45,-24.2029,657.461,53.4487,11881.6,2192.03
8,0.233651,0.880214,1,147.689,-36.3557,654.163,53.1566,11881.6,2179.38
8,0.233651,0.880214,2,6258.45,-24.1909,654.163,53.1566,11881.6,2179.38
8,0.235102,0.886889,1,147.689,-36.4608,650.842,52.8636,11881.6,2166.66
8,0.235102,0.886889,2,6202.34,-24.2002,650.842,52.8636,11881.6,2166.66
8,0.236553,0.893565,1,146.365,-36.4316,647.509,52.5699,11881.6,2153.95
8,0.236553,0.893565,2,6202.34,-24.2071,647.509,52.5699,11881.6,2153.95
8,0.238005,0.900241,1,146.365,-36.4182,644.158,52.2731,11881.6,2141.16
8,0.238005,0.900241,2,6202.34,-24.2009,644.158,52.2731,11881.6,2141.16
8,0.239456,0.906916,1,145.053,-36.4741,640.791,51.976,11881.6,2128.29
8,0.239456,0.906916,2,6146.73,-24.1965,640.791,51.976,11881.6,2128.29
8,0.240907,0.913592,1,143.752,-36.3743,637.415,51.6772,11881.6,2115.38
8,0.240907,0.913592,2,6146.73,-24.2088,637.415,51.6772,11881.6,2115.38
8,0.242358,0.920268,1,143.752,-36.4654,634.035,51.378,11881.6,2102.44
8,0.242358,0.920268,2,6146.73,-24.2074,634.035,51.378,11881.6,2102.44
8,0.24381,0.926944,1,142.463,-36.4609,630.667,51.0809,11881.6,2089.59
8,0.24381,0.926944,2,6091.62,-24.1927,630.667,51.0809,11881.6,2089.59
8,0.245261,0.933619,1,142.463,-36.3958,627.311,50.7851,11881.6,2076.81
8,0.245261,0.933619,2,6091.62,-24.2092,627.311,50.7851,11881.6,2076.81
8,0.246712,0.940295,1,141.186,-36.4868,623.968,50.4897,11881.6,2064.07
8,0.246712,0.940295,2,6091.62,-24.2121,623.968,50.4897,11881.6,2064.07
8,0.248163,0.946971,1,139.92,-36.4307,620.639,50.1952,11881.6,2051.38
8,0.248163,0.946971,2,6091.62,-24.2015,620.639,50.1952,11881.6,2051.38
8,0.249615,0.953647,1,139.92,-36.4506,617.333,49.9036,11881.6,2038.76
8,0.249615,0.953647,2,6037,-24.2086,617.333,49.9036,11881.6,2038.76
8,0.251066,0.960322,1,138.666,-36.4901,614.051,49.6125,11881.6,2026.22
8,0.251066,0.960322,2,6037,-24.2154,614.051,49.6125,11881.6,2026.22
8,0.252517,0.966998,1,137.422,-36.3788,610.81,49.3273,11881.6,2013.9
8,0.252517,0.966998,2,6037,-24.2089,610.81,49.3273,11881.6,2013.9
8,0.253968,0.973674,1,137.422,-36.49,607.613,49.0455,11881.6,2001.76
8,0.253968,0.973674,2,5982.88,-24.2064,607.613,49.0455,11881.6,2001.76
8,0.25542,0.98035,1,136.19,-36.4666,604.459,48.7662,11881.6,1989.77
8,0.25542,0.98035,2,5982.88,-24.2173,604.459,48.7662,11881.6,1989.77
8,0.256871,0.987025,1,136.19,-36.4421,601.35,48.4915,11881.6,1977.95
8,0.256871,0.987025,2,5982.88,-24.2156,601.35,48.4915,11881.6,1977.95
8,0.258322,0.993701,1,134.969,-36.5042,598.293,48.2223,11881.6,1966.31
8,0.258322,0.993701,2,5982.88,-24.202,598.293,48.2223,11881.6,1966.31
8,0.259773,0.000376761,1,133.759,-36.3931,595.292,47.9565,11881.6,1954.87
8,0.259773,0.000376761,2,5929.24,-24.2169,595.292,47.9565,11881.6,1954.87
8,0.261224,0.00705254,1,133.759,-36.5041,592.354,47.6971,11881.6,1943.71
8,0.261224,0.00705254,2,5929.24,-24.2206,592.354,47.6971,11881.6,1943.71
8,0.262676,0.0137283,1,132.56,-36.4569,589.489,47.4452,11881.6,1932.86
8,0.262676,0.0137283,2,5929.24,-24.2134,589.489,47.4452,11881.6,1932.86
8,0.264127,0.020404,1,132.56,-36.4864,586.694,47.1984,11881.6,1922.28
8,0.264127,0.020404,2,5876.08,-24.2122,586.694,47.1984,11881.6,1922.28
8,0.265578,0.0270797,1,131.371,-36.4891,583.975,46.9588,11881.6,1911.97
8,0.265578,0.0270797,2,5876.08,-24.2221,583.975,46.9588,11881.6,1911.97
8,0.267029,0.0337555,1,131.371,-36.4679,581.335,46.7263,11881.6,1901.96
8,0.267029,0.0337555,2,5876.08,-24.2224,581.335,46.7263,11881.6,1901.96
8,0.268481,0.0404312,1,130.194,-36.5037,578.779,46.5006,11881.6,1892.26
8,0.268481,0.0404312,2,5876.08,-24.2139,578.779,46.5006,11881.6,1892.26
8,0.269932,0.0471069,1,130.194,-36.4663,576.311,46.282,11881.6,1882.89
8,0.269932,0.0471069,2,5823.39,-24.2162,576.311,46.282,11881.6,1882.89
8,0.271383,0.0537826,1,129.026,-36.5052,573.934,46.0719,11881.6,1873.85
8,0.271383,0.0537826,2,5823.39,-24.2246,573.934,46.0719,11881.6,1873.85
8,0.272834,0.0604584,1,129.026,-36.4866,571.659,45.871,11881.6,1865.26
8,0.272834,0.0604584,2,5823.39,-24.2255,571.659,45.871,11881.6,1865.26
8,0.274286,0.0671341,1,127.869,-36.4859,569.484,45.6803,11881.6,1857.05
8,0.274286,0.0671341,2,5823.39,-24.2199,569.484,45.6803,11881.6,1857.05
8,0.275737,0.0738099,1,127.869,-36.5171,567.411,45.4975,11881.6,1849.23
8,0.275737,0.0738099,2,5771.18,-24.2128,567.411,45.4975,11881.6,1849.23
8,0.277188,0.0804856,1,126.723,-36.4267,565.442,45.3245,11881.6,1841.8
8,0.277188,0.0804856,2,5771.18,-24.2231,565.442,45.3245,11881.6,1841.8
8,0.278639,0.0871614,1,126.723,-36.5309,563.581,45.1603,11881.6,1834.77
8,0.278639,0.0871614,2,5771.18,-24.2279,563.581,45.1603,11881.6,1834.77
8,0.280091,0.0938371,1,126.723,-36.4834,561.832,45.0062,11881.6,1828.16
8,0.280091,0.0938371,2,5771.18,-24.2282,561.832,45.0062,11881.6,1828.16
8,0.281542,0.100513,1,125.587,-36.4701,560.196,44.8618,11881.6,1821.97
8,0.281542,0.100513,2,5771.18,-24.2246,560.196,44.8618,11881.6,1821.97
8,0.282993,0.107189,1,125.587,-36.5349,558.678,44.7279,11881.6,1816.23
8,0.282993,0.107189,2,5771.18,-24.2179,558.678,44.7279,11881.6,1816.23
8,0.284444,0.113864,1,125.587,-36.5012,557.278,44.6045,11881.6,1810.94
8,0.284444,0.113864,2,5719.44,-24.2179,557.278,44.6045,11881.6,1810.94
8,0.285896,0.12054,1,124.461,-36.4227,556,44.4921,11881.6,1806.1
8,0.285896,0.12054,2,5719.44,-24.2245,556,44.4921,11881.6,1806.1
8,0.287347,0.127216,1,124.461,-36.5119,554.848,44.3902,11881.6,1801.74
8,0.287347,0.127216,2,5719.44,-24.2286,554.848,44.3902,11881.6,1801.74
8,0.288798,0.133891,1,124.461,-36.5396,553.823,44.2993,11881.6,1797.86
8,0.288798,0.133891,2,5719.44,-24.2306,553.823,44.2993,11881.6,1797.86
8,0.290249,0.140567,1,124.461,-36.5243,552.951,44.2227,11881.6,1794.55
8,0.290249,0.140567,2,5719.44,-24.2311,552.951,44.2227,11881.6,1794.55
8,0.291701,0.147243,1,124.461,-36.4874,552.258,44.1608,11881.6,1791.95
8,0.291701,0.147243,2,5719.44,-24.2308,552.258,44.1608,11881.6,1791.95
8,0.293152,0.153919,1,124.461,-36.4452,551.764,44.1187,11881.6,1790.09
8,0.293152,0.153919,2,5719.44,-24.2302,551.764,44.1187,11881.6,1790.09
8,0.294603,0.160594,1,124.461,-36.4173,551.484,44.0939,11881.6,1789.04
8,0.294603,0.160594,2,5719.44,-24.2296,551.484,44.0939,11881.6,1789.04
8,0.296054,0.16727,1,124.461,-36.4146,551.446,44.0905,11881.6,1788.9
8,0.296054,0.16727,2,5719.44,-24.2296,551.446,44.0905,11881.6,1788.9
8,0.297506,0.173946,1,124.461,-36.4715,552.043,44.1427,11881.6,1791.14
8,0.297506,0.173946,2,5719.44,-24.2305,552.043,44.1427,11881.6,1791.14
8,0.298957,0.180622,1,124.461,-36.5335,553.265,44.2509,11881.6,1795.74
8,0.298957,0.180622,2,5719.44,-24.231,553.265,44.2509,11881.6,1795.74
8,0.300408,0.187297,1,124.461,-36.506,554.967,44.4008,11881.6,1802.19
8,0.300408,0.187297,2,5719.44,-24.2282,554.967,44.4008,11881.6,1802.19
8,0.301859,0.193973,1,125.587,-36.4878,557.043,44.5839,11881.6,1810.05
8,0.301859,0.193973,2,5719.44,-24.2193,557.043,44.5839,11881.6,1810.05
8,0.303311,0.200649,1,125.587,-36.516,559.426,44.7948,11881.6,1819.06
8,0.303311,0.200649,2,5771.18,-24.2216,559.426,44.7948,11881.6,1819.06
8,0.304762,0.207325,1,126.723,-36.4997,562.073,45.0277,11881.6,1829.07
8,0.304762,0.207325,2,5771.18,-24.2284,562.073,45.0277,11881.6,1829.07
8,0.306213,0.214,1,126.723,-36.4684,564.957,45.282,11881.6,1839.97
8,0.306213,0.214,2,5771.18,-24.2248,564.957,45.282,11881.6,1839.97
8,0.307664,0.220676,1,127.869,-36.5291,568.049,45.5544,11881.6,1851.64
8,0.307664,0.220676,2,5823.39,-24.2127,568.049,45.5544,11881.6,1851.64
8,0.309116,0.227352,1,129.026,-36.4654,571.318,45.8416,11881.6,1863.97
8,0.309116,0.227352,2,5823.39,-24.2251,571.318,45.8416,11881.6,1863.97
8,0.310567,0.234028,1,129.026,-36.4564,574.751,46.1439,11881.6,1876.96
8,0.310567,0.234028,2,5823.39,-24.2226,574.751,46.1439,11881.6,1876.96
8,0.312018,0.240703,1,130.194,-36.5159,578.334,46.4614,11881.6,1890.57
8,0.312018,0.240703,2,5876.08,-24.2115,578.334,46.4614,11881.6,1890.57
8,0.313469,0.247379,1,131.371,-36.5041,582.045,46.7882,11881.6,1904.65
8,0.313469,0.247379,2,5876.08,-24.2232,582.045,46.7882,11881.6,1904.65
8,0.314921,0.254055,1,132.56,-36.4354,585.886,47.1281,11881.6,1919.21
8,0.314921,0.254055,2,5876.08,-24.2161,585.886,47.1281,11881.6,1919.21
8,0.316372,0.26073,1,132.56,-36.4303,589.836,47.476,11881.6,1934.18
8,0.316372,0.26073,2,5929.24,-24.2149,589.836,47.476,11881.6,1934.18
8,0.317823,0.267406,1,133.759,-36.4899,593.88,47.8319,11881.6,1949.49
8,0.317823,0.267406,2,5929.24,-24.2201,593.88,47.8319,11881.6,1949.49
8,0.319274,0.274082,1,134.969,-36.5057,598.017,48.1975,11881.6,1965.26
8,0.319274,0.274082,2,5929.24,-24.2035,598.017,48.1975,11881.6,1965.26
8,0.320726,0.280758,1,136.19,-36.4867,602.22,48.569,11881.6,1981.26
8,0.320726,0.280758,2,5982.88,-24.2173,602.22,48.569,11881.6,1981.26
8,0.322177,0.287433,1,137.422,-36.4357,606.496,48.9469,11881.6,1997.51
8,0.322177,0.287433,2,5982.88,-24.2117,606.496,48.9469,11881.6,1997.51
8,0.323628,0.294109,1,137.422,-36.3769,610.827,49.3286,11881.6,2013.96
8,0.323628,0.294109,2,6037,-24.209,610.827,49.3286,11881.6,2013.96
8,0.325079,0.300785,1,138.666,-36.4426,615.204,49.7145,11881.6,2030.63
8,0.325079,0.300785,2,6037,-24.2145,615.204,49.7145,11881.6,2030.63
8,0.326531,0.307461,1,139.92,-36.4796,619.617,50.105,11881.6,2047.48
8,0.326531,0.307461,2,6037,-24.1959,619.617,50.105,11881.6,2047.48
8,0.327982,0.314136,1,141.186,-36.488,624.047,50.4969,11881.6,2064.38
8,0.327982,0.314136,2,6091.62,-24.2122,624.047,50.4969,11881.6,2064.38
8,0.329433,0.320812,1,142.463,-36.465,628.5,50.8892,11881.6,2081.34
8,0.329433,0.320812,2,6091.62,-24.2049,628.5,50.8892,11881.6,2081.34
8,0.330884,0.327488,1,143.752,-36.4104,632.959,51.2828,11881.6,2098.32
8,0.330884,0.327488,2,6146.73,-24.2041,632.959,51.2828,11881.6,2098.32
8,0.332336,0.334164,1,143.752,-36.3747,637.424,51.6776,11881.6,2115.41
8,0.332336,0.334164,2,6146.73,-24.2088,637.424,51.6776,11881.6,2115.41
8,0.333787,0.340839,1,145.053,-36.4408,641.866,52.0708,11881.6,2132.4
8,0.333787,0.340839,2,6146.73,-24.1897,641.866,52.0708,11881.6,2132.4
8,0.335238,0.347515,1,146.365,-36.4716,646.284,52.4611,11881.6,2149.27
8,0.335238,0.347515,2,6202.34,-24.2064,646.284,52.4611,11881.6,2149.27
8,0.336689,0.354191,1,147.689,-36.4566,650.677,52.8485,11881.6,2166.03
8,0.336689,0.354191,2,6202.34,-24.2009,650.677,52.8485,11881.6,2166.03
8,0.338141,0.360866,1,149.025,-36.3912,655.041,53.2346,11881.6,2182.75
8,0.338141,0.360866,2,6258.45,-24.1953,655.041,53.2346,11881.6,2182.75
8,0.339592,0.367542,1,149.025,-36.3891,659.354,53.6156,11881.6,2199.28
8,0.339592,0.367542,2,6258.45,-24.2042,659.354,53.6156,11881.6,2199.28
8,0.341043,0.374218,1,150.373,-36.4527,663.601,53.9917,11881.6,2215.53
8,0.341043,0.374218,2,6258.45,-24.1921,663.601,53.9917,11881.6,2215.53
8,0.342494,0.380894,1,151.734,-36.4495,667.78,54.3597,11881.6,2231.52
8,0.342494,0.380894,2,6315.07,-24.1962,667.78,54.3597,11881.6,2231.52
8,0.343946,0.387569,1,153.106,-36.3605,671.899,54.7235,11881.6,2247.29
8,0.343946,0.387569,2,6315.07,-24.2007,671.899,54.7235,11881.6,2247.29
8,0.345397,0.394245,1,153.106,-36.416,675.946,55.0819,11881.6,2262.82
8,0.345397,0.394245,2,6315.07,-24.1867,675.946,55.0819,11881.6,2262.82
8,0.346848,0.400921,1,154.492,-36.4505,679.897,55.4306,11881.6,2277.98
8,0.346848,0.400921,2,6372.2,-24.1936,679.897,55.4306,11881.6,2277.98
8,0.348299,0.407597,1,155.889,-36.3647,683.745,55.7705,11881.6,2292.72
8,0.348299,0.407597,2,6372.2,-24.1981,683.745,55.7705,11881.6,2292.72
8,0.349751,0.414272,1,155.889,-36.4199,687.482,56.1002,11881.6,2307.02
8,0.349751,0.414272,2,6372.2,-24.187,687.482,56.1002,11881.6,2307.02
8,0.351202,0.420948,1,157.3,-36.4305,691.124,56.4216,11881.6,2321.01
8,0.351202,0.420948,2,6429.85,-24.1866,691.124,56.4216,11881.6,2321.01
8,0.352653,0.427624,1,157.3,-36.347,694.654,56.7341,11881.6,2334.58
8,0.352653,0.427624,2,6429.85,-24.1954,694.654,56.7341,11881.6,2334.58
8,0.354104,0.4343,1,158.723,-36.4404,698.058,57.0343,11881.6,2347.65
8,0.354104,0.4343,2,6429.85,-24.1912,698.058,57.0343,11881.6,2347.65
8,0.355556,0.440975,1,160.159,-36.326,701.328,57.3232,11881.6,2360.19
8,0.355556,0.440975,2,6429.85,-24.1755,701.328,57.3232,11881.6,2360.19
8,0.357007,0.447651,1,160.159,-36.435,704.456,57.5995,11881.6,2372.18
8,0.357007,0.447651,2,6488.02,-24.1867,704.456,57.5995,11881.6,2372.18
8,0.358458,0.454327,1,161.608,-36.3236,707.439,57.8623,11881.6,2383.62
8,0.358458,0.454327,2,6488.02,-24.1925,707.439,57.8623,11881.6,2383.62
8,0.359909,0.461003,1,161.608,-36.4329,710.28,58.1137,11881.6,2394.56
8,0.359909,0.461003,2,6488.02,-24.1893,710.28,58.1137,11881.6,2394.56
8,0.361361,0.467678,1,161.608,-36.3326,712.973,58.3507,11881.6,2404.91
8,0.361361,0.467678,2,6488.02,-24.1785,712.973,58.3507,11881.6,2404.91
8,0.362812,0.474354,1,163.07,-36.4187,715.508,58.5752,11881.6,2414.66
8,0.362812,0.474354,2,6546.72,-24.1761,715.508,58.5752,11881.6,2414.66
8,0.364263,0.48103,1,163.07,-36.4006,717.882,58.7844,11881.6,2423.78
8,0.364263,0.48103,2,6546.72,-24.1857,717.882,58.7844,11881.6,2423.78
8,0.365714,0.487705,1,164.545,-36.3382,720.087,58.9784,11881.6,2432.24
8,0.365714,0.487705,2,6546.72,-24.1894,720.087,58.9784,11881.6,2432.24
8,0.367166,0.494381,1,164.545,-36.4223,722.119,59.1573,11881.6,2440.03
8,0.367166,0.494381,2,6546.72,-24.1884,722.119,59.1573,11881.6,2440.03
8,0.368617,0.501057,1,164.545,-36.4041,723.975,59.3214,11881.6,2447.14
8,0.368617,0.501057,2,6546.72,-24.1839,723.975,59.3214,11881.6,2447.14
8,0.370068,0.507733,1,164.545,-36.3099,725.655,59.4691,11881.6,2453.62
8,0.370068,0.507733,2,6546.72,-24.1767,725.655,59.4691,11881.6,2453.62
8,0.371519,0.514408,1,166.033,-36.3791,727.154,59.6016,11881.6,2459.39
8,0.371519,0.514408,2,6546.72,-24.1678,727.154,59.6016,11881.6,2459.39
8,0.372971,0.521084,1,166.033,-36.4196,728.468,59.7184,11881.6,2464.44
8,0.372971,0.521084,2,6605.94,-24.1724,728.468,59.7184,11881.6,2464.44
8,0.374422,0.52776,1,166.033,-36.4176,729.595,59.8172,11881.6,2468.78
8,0.374422,0.52776,2,6605.94,-24.1778,729.595,59.8172,11881.6,2468.78
8,0.375873,0.534436,1,166.033,-36.3907,730.532,59.9003,11881.6,2472.39
8,0.375873,0.534436,2,6605.94,-24.1813,730.532,59.9003,11881.6,2472.39
8,0.377324,0.541111,1,166.033,-36.3531,731.282,59.9657,11881.6,2475.27
8,0.377324,0.541111,2,6605.94,-24.1834,731.282,59.9657,11881.6,2475.27
8,0.378776,0.547787,1,166.033,-36.316,731.838,60.0159,11881.6,2477.41
8,0.378776,0.547787,2,6605.94,-24.1847,731.838,60.0159,11881.6,2477.41
8,0.380227,0.554463,1,167.536,-36.2958,732.206,60.0475,11881.6,2478.83
8,0.380227,0.554463,2,6605.94,-24.1853,732.206,60.0475,11881.6,2478.83
8,0.381678,0.561139,1,167.536,-36.3117,732.416,60.0661,11881.6,2479.63
8,0.381678,0.561139,2,6605.94,-24.1856,732.416,60.0661,11881.6,2479.63
8,0.383129,0.567814,1,167.536,-36.3166,732.501,60.0733,11881.6,2479.96
8,0.383129,0.567814,2,6605.94,-24.1857,732.501,60.0733,11881.6,2479.96
8,0.38458,0.57449,1,167.536,-36.3167,732.499,60.0733,11881.6,2479.95
8,0.38458,0.57449,2,6605.94,-24.1857,732.499,60.0733,11881.6,2479.95
8,0.386032,0.581166,1,167.536,-36.3151,732.464,60.0699,11881.6,2479.82
8,0.386032,0.581166,2,6605.94,-24.1857,732.464,60.0699,11881.6,2479.82
8,0.387483,0.587841,1,167.536,-36.3095,732.393,60.064,11881.6,2479.54
8,0.387483,0.587841,2,6605.94,-24.1856,732.393,60.064,11881.6,2479.54
8,0.388934,0.594517,1,167.536,-36.3017,732.28,60.0543,11881.6,2479.11
8,0.388934,0.594517,2,6605.94,-24.1854,732.28,60.0543,11881.6,2479.11
8,0.390385,0.601193,1,166.033,-36.2955,732.12,60.0395,11881.6,2478.5
8,0.390385,0.601193,2,6605.94,-24.1852,732.12,60.0395,11881.6,2478.5
8,0.391837,0.607869,1,166.033,-36.3112,731.908,60.0214,11881.6,2477.68
8,0.391837,0.607869,2,6605.94,-24.1848,731.908,60.0214,11881.6,2477.68
8,0.393288,0.614544,1,166.033,-36.3301,731.639,59.9977,11881.6,2476.65
8,0.393288,0.614544,2,6605.94,-24.1843,731.639,59.9977,11881.6,2476.65
8,0.394739,0.62122,1,166.033,-36.3519,731.308,59.9686,11881.6,2475.37
8,0.394739,0.62122,2,6605.94,-24.1835,731.308,59.9686,11881.6,2475.37
8,0.39619,0.627896,1,166.033,-36.3739,730.911,59.9332,11881.6,2473.84
8,0.39619,0.627896,2,6605.94,-24.1825,730.911,59.9332,11881.6,2473.84
8,0.397642,0.634572,1,166.033,-36.3942,730.443,59.8923,11881.6,2472.04
8,0.397642,0.634572,2,6605.94,-24.181,730.443,59.8923,11881.6,2472.04
8,0.399093,0.641247,1,166.033,-36.4114,729.9,59.8437,11881.6,2469.96
8,0.399093,0.641247,2,6605.94,-24.179,729.9,59.8437,11881.6,2469.96
8,0.400544,0.647923,1,166.033,-36.4212,729.28,59.7897,11881.6,2467.57
8,0.400544,0.647923,2,6605.94,-24.1765,729.28,59.7897,11881.6,2467.57
8,0.401995,0.654599,1,166.033,-36.4207,728.578,59.7281,11881.6,2464.87
8,0.401995,0.654599,2,6605.94,-24.173,728.578,59.7281,11881.6,2464.87
8,0.403447,0.661275,1,166.033,-36.4049,727.794,59.6577,11881.6,2461.85
8,0.403447,0.661275,2,6605.94,-24.1686,727.794,59.6577,11881.6,2461.85
8,0.404898,0.66795,1,166.033,-36.3687,726.92,59.5809,11881.6,2458.49
8,0.404898,0.66795,2,6546.72,-24.1693,726.92,59.5809,11881.6,2458.49
8,0.406349,0.674626,1,166.033,-36.3053,725.959,59.4961,11881.6,2454.78
8,0.406349,0.674626,2,6546.72,-24.175,725.959,59.4961,11881.6,2454.78
8,0.4078,0.681302,1,164.545,-36.3604,724.906,59.4037,11881.6,2450.73
8,0.4078,0.681302,2,6546.72,-24.1802,724.906,59.4037,11881.6,2450.73
8,0.409252,0.687977,1,164.545,-36.411,723.762,59.302,11881.6,2446.33
8,0.409252,0.687977,2,6546.72,-24.1846,723.762,59.302,11881.6,2446.33
8,0.410703,0.694653,1,164.545,-36.4259,722.528,59.1932,11881.6,2441.59
8,0.410703,0.694653,2,6546.72,-24.1877,722.528,59.1932,11881.6,2441.59
8,0.412154,0.701329,1,164.545,-36.3973,721.201,59.0767,11881.6,2436.51
8,0.412154,0.701329,2,6546.72,-24.1894,721.201,59.0767,11881.6,2436.51
8,0.413605,0.708005,1,164.545,-36.3161,719.779,58.9514,11881.6,2431.06
8,0.413605,0.708005,2,6546.72,-24.1892,719.779,58.9514,11881.6,2431.06
8,0.415057,0.71468,1,163.07,-36.3848,718.263,58.8181,11881.6,2425.24
8,0.415057,0.71468,2,6546.72,-24.1867,718.263,58.8181,11881.6,2425.24
8,0.416508,0.721356,1,163.07,-36.4296,716.651,58.6756,11881.6,2419.05
8,0.416508,0.721356,2,6546.72,-24.1814,716.651,58.6756,11881.6,2419.05
8,0.417959,0.728032,1,163.07,-36.3996,714.944,58.5254,11881.6,2412.49
8,0.417959,0.728032,2,6546.72,-24.1729,714.944,58.5254,11881.6,2412.49
8,0.41941,0.734708,1,161.608,-36.3197,713.14,58.3659,11881.6,2405.56
8,0.41941,0.734708,2,6488.02,-24.1776,713.14,58.3659,11881.6,2405.56
8,0.420862,0.741383,1,161.608,-36.4197,711.24,58.1985,11881.6,2398.25
8,0.420862,0.741383,2,6488.02,-24.1863,711.24,58.1985,11881.6,2398.25
8,0.422313,0.748059,1,161.608,-36.419,709.246,58.0221,11881.6,2390.58
8,0.422313,0.748059,2,6488.02,-24.1915,709.246,58.0221,11881.6,2390.58
8,0.423764,0.754735,1,160.159,-36.3101,707.161,57.837,11881.6,2382.55
8,0.423764,0.754735,2,6488.02,-24.1924,707.161,57.837,11881.6,2382.55
8,0.425215,0.761411,1,160.159,-36.427,704.991,57.6463,11881.6,2374.23
8,0.425215,0.761411,2,6488.02,-24.1884,704.991,57.6463,11881.6,2374.23
8,0.426667,0.768086,1,160.159,-36.409,702.735,57.4472,11881.6,2365.59
8,0.426667,0.768086,2,6488.02,-24.1791,702.735,57.4472,11881.6,2365.59
8,0.428118,0.774762,1,158.723,-36.3644,700.392,57.2402,11881.6,2356.6
8,0.428118,0.774762,2,6429.85,-24.1811,700.392,57.2402,11881.6,2356.6
8,0.429569,0.781438,1,158.723,-36.4405,697.962,57.0259,11881.6,2347.28
8,0.429569,0.781438,2,6429.85,-24.1915,697.962,57.0259,11881.6,2347.28
8,0.43102,0.788114,1,158.723,-36.3422,695.447,56.8041,11881.6,2337.63
8,0.43102,0.788114,2,6429.85,-24.1955,695.447,56.8041,11881.6,2337.63
8,0.432472,0.794789,1,157.3,-36.4343,692.852,56.5755,11881.6,2327.65
8,0.432472,0.794789,2,6429.85,-24.1926,692.852,56.5755,11881.6,2327.65
8,0.433923,0.801465,1,157.3,-36.3923,690.18,56.3385,11881.6,2317.38
8,0.433923,0.801465,2,6429.85,-24.1819,690.18,56.3385,11881.6,2317.38
9,0,0.000887692,1,123.345,-36.4803,550.7,44.0244,11881.6,1786.09
9,0,0.000887692,2,5719.44,-24.2276,550.7,44.0244,11881.6,1786.09
9,0.0101587,0.00820196,1,123.345,-36.5435,549.22,43.8943,11881.6,1780.53
9,0.0101587,0.00820196,2,5719.44,-24.2215,549.22,43.8943,11881.6,1780.53
9,0.0203175,0.0155163,1,123.345,-36.5162,547.98,43.7857,11881.6,1775.87
9,0.0203175,0.0155163,2,5668.16,-24.2188,547.98,43.7857,11881.6,1775.87
9,0.0304762,0.0228305,1,123.345,-36.4396,546.981,43.6977,11881.6,1772.12
9,0.0304762,0.0228305,2,5668.16,-24.2246,546.981,43.6977,11881.6,1772.12
9,0.0406349,0.0301449,1,122.239,-36.4659,546.227,43.6316,11881.6,1769.28
9,0.0406349,0.0301449,2,5668.16,-24.228,546.227,43.6316,11881.6,1769.28
9,0.0507937,0.0374591,1,122.239,-36.5048,545.72,43.587,11881.6,1767.37
9,0.0507937,0.0374591,2,5668.16,-24.2298,545.72,43.587,11881.6,1767.37
9,0.0609524,0.0447735,1,122.239,-36.5193,545.475,43.5656,11881.6,1766.45
9,0.0609524,0.0447735,2,5668.16,-24.2306,545.475,43.5656,11881.6,1766.45
9,0.0711111,0.0520877,1,122.239,-36.4946,545.866,43.6005,11881.6,1767.92
9,0.0711111,0.0520877,2,5668.16,-24.2294,545.866,43.6005,11881.6,1767.92
9,0.0812698,0.059402,1,123.345,-36.4311,546.899,43.6906,11881.6,1771.81
9,0.0812698,0.059402,2,5668.16,-24.225,546.899,43.6906,11881.6,1771.81
9,0.0914286,0.0667163,1,123.345,-36.5309,548.33,43.8164,11881.6,1777.19
9,0.0914286,0.0667163,2,5668.16,-24.2164,548.33,43.8164,11881.6,1777.19
9,0.101587,0.0740306,1,123.345,-36.5186,550.085,43.9705,11881.6,1783.78
9,0.101587,0.0740306,2,5719.44,-24.2255,550.085,43.9705,11881.6,1783.78
9,0.111746,0.0813449,1,124.461,-36.4763,552.127,44.1507,11881.6,1791.45
9,0.111746,0.0813449,2,5719.44,-24.2307,552.127,44.1507,11881.6,1791.45
9,0.121905,0.0886592,1,124.461,-36.5304,554.434,44.3532,11881.6,1800.17
9,0.121905,0.0886592,2,5719.44,-24.2295,554.434,44.3532,11881.6,1800.17
9,0.132063,0.0959735,1,125.587,-36.4831,556.989,44.5788,11881.6,1809.84
9,0.132063,0.0959735,2,5719.44,-24.2196,556.989,44.5788,11881.6,1809.84
9,0.142222,0.103288,1,125.587,-36.4991,559.772,44.8243,11881.6,1820.37
9,0.142222,0.103288,2,5771.18,-24.223,559.772,44.8243,11881.6,1820.37
9,0.152381,0.110602,1,126.723,-36.5267,562.774,45.0891,11881.6,1831.72
9,0.152381,0.110602,2,5771.18,-24.2286,562.774,45.0891,11881.6,1831.72
9,0.16254,0.117916,1,127.869,-36.4289,565.994,45.3725,11881.6,1843.88
9,0.16254,0.117916,2,5771.18,-24.2207,565.994,45.3725,11881.6,1843.88
9,0.172698,0.125231,1,127.869,-36.4877,569.455,45.6773,11881.6,1856.94
9,0.172698,0.125231,2,5823.39,-24.2198,569.455,45.6773,11881.6,1856.94
9,0.182857,0.132545,1,129.026,-36.5252,573.113,45.9995,11881.6,1870.74
9,0.182857,0.132545,2,5823.39,-24.2257,573.113,45.9995,11881.6,1870.74
9,0.193016,0.139859,1,130.194,-36.5022,576.973,46.341,11881.6,1885.4
9,0.193016,0.139859,2,5823.39,-24.2125,576.973,46.341,11881.6,1885.4
9,0.203175,0.147174,1,131.371,-36.4477,581.009,46.6972,11881.6,1900.73
9,0.203175,0.147174,2,5876.08,-24.2218,581.009,46.6972,11881.6,1900.73
9,0.213333,0.154488,1,131.371,-36.4,585.212,47.0679,11881.6,1916.66
9,0.213333,0.154488,2,5876.08,-24.2188,585.212,47.0679,11881.6,1916.66
9,0.223492,0.161802,1,132.56,-36.4489,589.607,47.4553,11881.6,1933.31
9,0.223492,0.161802,2,5929.24,-24.2139,589.607,47.4553,11881.6,1933.31
9,0.233651,0.169116,1,133.759,-36.4761,594.182,47.8588,11881.6,1950.64
9,0.233651,0.169116,2,5929.24,-24.2196,594.182,47.8588,11881.6,1950.64
9,0.24381,0.176431,1,134.969,-36.4886,598.913,48.2771,11881.6,1968.67
9,0.24381,0.176431,2,5982.88,-24.2057,598.913,48.2771,11881.6,1968.67
9,0.253968,0.183745,1,136.19,-36.4939,603.77,48.7059,11881.6,1987.15
9,0.253968,0.183745,2,5982.88,-24.218,603.77,48.7059,11881.6,1987.15
9,0.264127,0.191059,1,137.422,-36.495,608.75,49.1453,11881.6,2006.08
9,0.264127,0.191059,2,5982.88,-24.1995,608.75,49.1453,11881.6,2006.08
9,0.274286,0.198374,1,138.666,-36.4926,613.895,49.599,11881.6,2025.63
9,0.274286,0.198374,2,6037,-24.2154,613.895,49.599,11881.6,2025.63
9,0.284444,0.205688,1,139.92,-36.489,619.161,50.0646,11881.6,2045.74
9,0.284444,0.205688,2,6037,-24.199,619.161,50.0646,11881.6,2045.74
9,0.294603,0.213002,1,141.186,-36.4846,624.509,50.5373,11881.6,2066.14
9,0.294603,0.213002,2,6091.62,-24.2126,624.509,50.5373,11881.6,2066.14
9,0.304762,0.220317,1,142.463,-36.4813,629.93,51.016,11881.6,2086.79
9,0.304762,0.220317,2,6091.62,-24.1974,629.93,51.016,11881.6,2086.79
9,0.314921,0.227631,1,143.752,-36.4745,635.483,51.507,11881.6,2107.99
9,0.314921,0.227631,2,6146.73,-24.2097,635.483,51.507,11881.6,2107.99
9,0.325079,0.234945,1,145.053,-36.4682,641.103,52.0042,11881.6,2129.48
9,0.325079,0.234945,2,6146.73,-24.1947,641.103,52.0042,11881.6,2129.48
9,0.335238,0.242259,1,146.365,-36.4617,646.754,52.5024,11881.6,2151.07
9,0.335238,0.242259,2,6202.34,-24.2068,646.754,52.5024,11881.6,2151.07
9,0.345397,0.249574,1,147.689,-36.4554,652.445,53.0048,11881.6,2172.79
9,0.345397,0.249574,2,6202.34,-24.1923,652.445,53.0048,11881.6,2172.79
9,0.355556,0.256888,1,149.025,-36.4478,658.222,53.5161,11881.6,2194.94
9,0.355556,0.256888,2,6258.45,-24.2039,658.222,53.5161,11881.6,2194.94
9,0.365714,0.264202,1,150.373,-36.4415,663.995,54.0254,11881.6,2217.04
9,0.365714,0.264202,2,6258.45,-24.1899,663.995,54.0254,11881.6,2217.04
9,0.375873,0.271517,1,151.734,-36.4361,669.76,54.5347,11881.6,2239.07
9,0.375873,0.271517,2,6315.07,-24.2007,669.76,54.5347,11881.6,2239.07
9,0.386032,0.278831,1,153.106,-36.4334,675.55,55.0465,11881.6,2261.3
9,0.386032,0.278831,2,6315.07,-24.1888,675.55,55.0465,11881.6,2261.3
9,0.39619,0.286145,1,154.492,-36.4323,681.334,55.558,11881.6,2283.49
9,0.39619,0.286145,2,6372.2,-24.1972,681.334,55.558,11881.6,2283.49
9,0.406349,0.293459,1,155.889,-36.4349,687.051,56.0614,11881.6,2305.37
9,0.406349,0.293459,2,6372.2,-24.189,687.051,56.0614,11881.6,2305.37
9,0.416508,0.300774,1,157.3,-36.4373,692.73,56.5641,11881.6,2327.18
9,0.416508,0.300774,2,6429.85,-24.1922,692.73,56.5641,11881.6,2327.18
9,0.426667,0.308088,1,158.723,-36.439,698.394,57.0643,11881.6,2348.94
9,0.426667,0.308088,2,6429.85,-24.1901,698.394,57.0643,11881.6,2348.94
9,0.436825,0.315402,1,160.159,-36.4361,703.981,57.5573,11881.6,2370.36
9,0.436825,0.315402,2,6488.02,-24.1849,703.981,57.5573,11881.6,2370.36
9,0.446984,0.322717,1,161.608,-36.4249,709.476,58.0415,11881.6,2391.46
9,0.446984,0.322717,2,6488.02,-24.1911,709.476,58.0415,11881.6,2391.46
9,0.457143,0.330031,1,163.07,-36.3973,714.878,58.5199,11881.6,2412.24
9,0.457143,0.330031,2,6546.72,-24.1725,714.878,58.5199,11881.6,2412.24
9,0.467302,0.337345,1,164.545,-36.3453,720.206,58.989,11881.6,2432.69
9,0.467302,0.337345,2,6546.72,-24.1895,720.206,58.989,11881.6,2432.69
9,0.47746,0.34466,1,164.545,-36.3283,725.408,59.4472,11881.6,2452.66
9,0.47746,0.34466,2,6546.72,-24.1779,725.408,59.4472,11881.6,2452.66
9,0.487619,0.351974,1,166.033,-36.3921,730.479,59.8956,11881.6,2472.18
9,0.487619,0.351974,2,6605.94,-24.1811,730.479,59.8956,11881.6,2472.18
9,0.497778,0.359288,1,167.536,-36.4184,735.403,60.329,11881.6,2491.11
9,0.497778,0.359288,2,6605.94,-24.1852,735.403,60.329,11881.6,2491.11
9,0.507937,0.366602,1,169.051,-36.3855,740.208,60.7522,11881.6,2509.55
9,0.507937,0.366602,2,6605.94,-24.1657,740.208,60.7522,11881.6,2509.55
9,0.518095,0.373917,1,169.051,-36.2957,744.851,61.1619,11881.6,2527.42
9,0.518095,0.373917,2,6665.71,-24.1808,744.851,61.1619,11881.6,2527.42
9,0.528254,0.381231,1,170.581,-36.3971,749.316,61.5557,11881.6,2544.61
9,0.528254,0.381231,2,6665.71,-24.1812,749.316,61.5557,11881.6,2544.61
9,0.538413,0.388545,1,172.124,-36.392,753.588,61.9317,11881.6,2561.03
9,0.538413,0.388545,2,6665.71,-24.1632,753.588,61.9317,11881.6,2561.03
9,0.548571,0.39586,1,172.124,-36.3063,757.69,62.2917,11881.6,2576.77
9,0.548571,0.39586,2,6726.01,-24.1755,757.69,62.2917,11881.6,2576.77
9,0.55873,0.403174,1,173.681,-36.4046,761.614,62.6378,11881.6,2591.89
9,0.55873,0.403174,2,6726.01,-24.1801,761.614,62.6378,11881.6,2591.89
9,0.568889,0.410488,1,175.252,-36.3178,765.324,62.9645,11881.6,2606.17
9,0.568889,0.410488,2,6726.01,-24.1707,765.324,62.9645,11881.6,2606.17
9,0.579048,0.417802,1,175.252,-36.3951,768.809,63.2714,11881.6,2619.57
9,0.579048,0.417802,2,6786.86,-24.1602,768.809,63.2714,11881.6,2619.57
9,0.589206,0.425117,1,176.838,-36.3171,772.068,63.5576,11881.6,2632.09
9,0.589206,0.425117,2,6786.86,-24.1736,772.068,63.5576,11881.6,2632.09
9,0.599365,0.432431,1,176.838,-36.3972,775.095,63.8231,11881.6,2643.7
9,0.599365,0.432431,2,6786.86,-24.1772,775.095,63.8231,11881.6,2643.7
9,0.609524,0.439745,1,176.838,-36.2853,777.917,64.0722,11881.6,2654.59
9,0.609524,0.439745,2,6786.86,-24.1727,777.917,64.0722,11881.6,2654.59
9,0.619683,0.44706,1,178.438,-36.3828,780.499,64.2997,11881.6,2664.53
9,0.619683,0.44706,2,6786.86,-24.1621,780.499,64.2997,11881.6,2664.53
9,0.629841,0.454374,1,178.438,-36.3772,782.828,64.5036,11881.6,2673.5
9,0.629841,0.454374,2,6848.26,-24.1558,782.828,64.5036,11881.6,2673.5
9,0.64,0.461688,1,178.438,-36.2704,784.906,64.686,11881.6,2681.48
9,0.64,0.461688,2,6848.26,-24.1658,784.906,64.686,11881.6,2681.48
9,0.650159,0.469003,1,180.052,-36.3614,786.724,64.8461,11881.6,2688.47
9,0.650159,0.469003,2,6848.26,-24.1714,786.724,64.8461,11881.6,2688.47
9,0.660317,0.476317,1,180.052,-36.3927,788.283,64.9824,11881.6,2694.45
9,0.660317,0.476317,2,6848.26,-24.1737,788.283,64.9824,11881.6,2694.45
9,0.670476,0.483631,1,180.052,-36.3769,789.579,65.0964,11881.6,2699.43
9,0.670476,0.483631,2,6848.26,-24.1739,789.579,65.0964,11881.6,2699.43
9,0.680635,0.490945,1,180.052,-36.3385,790.611,65.1868,11881.6,2703.38
9,0.680635,0.490945,2,6848.26,-24.173,790.611,65.1868,11881.6,2703.38
9,0.690794,0.49826,1,180.052,-36.2957,791.375,65.2535,11881.6,2706.32
9,0.690794,0.49826,2,6848.26,-24.1717,791.375,65.2535,11881.6,2706.32
9,0.700952,0.505574,1,181.681,-36.2617,791.874,65.2978,11881.6,2708.24
9,0.700952,0.505574,2,6848.26,-24.1705,791.874,65.2978,11881.6,2708.24
9,0.711111,0.512888,1,181.681,-36.2783,792.104,65.3181,11881.6,2709.13
9,0.711111,0.512888,2,6848.26,-24.1699,792.104,65.3181,11881.6,2709.13
9,0.72127,0.520203,1,181.681,-36.2786,792.119,65.319,11881.6,2709.18
9,0.72127,0.520203,2,6848.26,-24.1699,792.119,65.319,11881.6,2709.18
9,0.731429,0.527517,1,181.681,-36.2744,792.055,65.3135,11881.6,2708.94
9,0.731429,0.527517,2,6848.26,-24.1701,792.055,65.3135,11881.6,2708.94
9,0.741587,0.534831,1,181.681,-36.2633,791.894,65.2995,11881.6,2708.32
9,0.741587,0.534831,2,6848.26,-24.1705,791.894,65.2995,11881.6,2708.32
9,0.751746,0.542145,1,180.052,-36.2804,791.602,65.2738,11881.6,2707.19
9,0.751746,0.542145,2,6848.26,-24.1712,791.602,65.2738,11881.6,2707.19
9,0.761905,0.54946,1,180.052,-36.3088,791.157,65.2349,11881.6,2705.48
9,0.761905,0.54946,2,6848.26,-24.1721,791.157,65.2349,11881.6,2705.48
9,0.772063,0.556774,1,180.052,-36.3416,790.541,65.1813,11881.6,2703.12
9,0.772063,0.556774,2,6848.26,-24.1731,790.541,65.1813,11881.6,2703.12
9,0.782222,0.564088,1,180.052,-36.3724,789.74,65.1112,11881.6,2700.04
9,0.782222,0.564088,2,6848.26,-24.1739,789.74,65.1112,11881.6,2700.04
9,0.792381,0.571403,1,180.052,-36.391,788.739,65.023,11881.6,2696.21
9,0.792381,0.571403,2,6848.26,-24.174,788.739,65.023,11881.6,2696.21
9,0.80254,0.578717,1,180.052,-36.3834,787.533,64.9174,11881.6,2691.57
9,0.80254,0.578717,2,6848.26,-24.1728,787.533,64.9174,11881.6,2691.57
9,0.812698,0.586031,1,180.052,-36.3344,786.112,64.792,11881.6,2686.12
9,0.812698,0.586031,2,6848.26,-24.1698,786.112,64.792,11881.6,2686.12
9,0.822857,0.593346,1,178.438,-36.2999,784.472,64.6485,11881.6,2679.82
9,0.822857,0.593346,2,6848.26,-24.1641,784.472,64.6485,11881.6,2679.82
9,0.833016,0.60066,1,178.438,-36.3816,782.61,64.4846,11881.6,2672.65
9,0.833016,0.60066,2,6848.26,-24.1545,782.61,64.4846,11881.6,2672.65
9,0.843175,0.607974,1,178.438,-36.3836,780.522,64.3018,11881.6,2664.62
9,0.843175,0.607974,2,6786.86,-24.162,780.522,64.3018,11881.6,2664.62
9,0.853333,0.615288,1,178.438,-36.2727,778.208,64.0975,11881.6,2655.71
9,0.853333,0.615288,2,6786.86,-24.1718,778.208,64.0975,11881.6,2655.71
9,0.863492,0.622603,1,176.838,-36.3887,775.678,63.8746,11881.6,2645.96
9,0.863492,0.622603,2,6786.86,-24.1769,775.678,63.8746,11881.6,2645.96
9,0.873651,0.629917,1,176.838,-36.3623,772.943,63.6344,11881.6,2635.45
9,0.873651,0.629917,2,6786.86,-24.1755,772.943,63.6344,11881.6,2635.45
9,0.88381,0.637231,1,175.252,-36.3562,769.994,63.3761,11881.6,2624.13
9,0.88381,0.637231,2,6786.86,-24.1662,769.994,63.3761,11881.6,2624.13
9,0.893968,0.644546,1,175.252,-36.3855,766.831,63.0975,11881.6,2611.97
9,0.893968,0.644546,2,6726.01,-24.1631,766.831,63.0975,11881.6,2611.97
9,0.904127,0.65186,1,173.681,-36.3533,763.454,62.8007,11881.6,2598.98
9,0.904127,0.65186,2,6726.01,-24.1771,763.454,62.8007,11881.6,2598.98
9,0.914286,0.659174,1,173.681,-36.3792,759.869,62.4842,11881.6,2585.16
9,0.914286,0.659174,2,6726.01,-24.1799,759.869,62.4842,11881.6,2585.16
9,0.924444,0.666488,1,172.124,-36.3864,756.1,62.1528,11881.6,2570.67
9,0.924444,0.666488,2,6726.01,-24.1695,756.1,62.1528,11881.6,2570.67
9,0.934603,0.673803,1,172.124,-36.3275,752.157,61.8051,11881.6,2555.53
9,0.934603,0.673803,2,6665.71,-24.1712,752.157,61.8051,11881.6,2555.53
9,0.944762,0.681117,1,170.581,-36.4118,748.031,61.4421,11881.6,2539.66
9,0.944762,0.681117,2,6665.71,-24.1831,748.031,61.4421,11881.6,2539.66
9,0.954921,0.688431,1,169.051,-36.3664,743.724,61.0623,11881.6,2523.08
9,0.954921,0.688431,2,6665.71,-24.1776,743.724,61.0623,11881.6,2523.08
9,0.965079,0.695746,1,169.051,-36.3375,739.25,60.6682,11881.6,2505.88
9,0.965079,0.695746,2,6605.94,-24.1714,739.25,60.6682,11881.6,2505.88
9,0.975238,0.70306,1,167.536,-36.4126,734.641,60.2619,11881.6,2488.18
9,0.975238,0.70306,2,6605.94,-24.1862,734.641,60.2619,11881.6,2488.18
9,0.985397,0.710374,1,166.033,-36.4108,729.889,59.8429,11881.6,2469.91
9,0.985397,0.710374,2,6605.94,-24.179,729.889,59.8429,11881.6,2469.91
9,0.995556,0.717689,1,164.545,-36.3555,724.994,59.4109,11881.6,2451.07
9,0.995556,0.717689,2,6546.72,-24.1799,724.994,59.4109,11881.6,2451.07
9,1.00571,0.725003,1,164.545,-36.3302,719.976,58.9683,11881.6,2431.81
9,1.00571,0.725003,2,6546.72,-24.1893,719.976,58.9683,11881.6,2431.81
9,1.01587,0.732317,1,163.07,-36.3956,714.852,58.5169,11881.6,2412.14
9,1.01587,0.732317,2,6546.72,-24.1724,714.852,58.5169,11881.6,2412.14
9,1.02603,0.739631,1,161.608,-36.428,709.633,58.0559,11881.6,2392.06
9,1.02603,0.739631,2,6488.02,-24.1908,709.633,58.0559,11881.6,2392.06
9,1.03619,0.746946,1,160.159,-36.4367,704.318,57.5868,11881.6,2371.65
9,1.03619,0.746946,2,6488.02,-24.1862,704.318,57.5868,11881.6,2371.65
9,1.04635,0.75426,1,158.723,-36.4298,698.918,57.1107,11881.6,2350.95
9,1.04635,0.75426,2,6429.85,-24.1881,698.918,57.1107,11881.6,2350.95
9,1.05651,0.761574,1,157.3,-36.4148,693.463,56.629,11881.6,2330
9,1.05651,0.761574,2,6429.85,-24.1939,693.463,56.629,11881.6,2330
9,1.06667,0.768889,1,155.889,-36.3966,687.953,56.142,11881.6,2308.82
9,1.06667,0.768889,2,6372.2,-24.1845,687.953,56.142,11881.6,2308.82
9,1.07683,0.776203,1,154.492,-36.3793,682.403,55.6516,11881.6,2287.58
9,1.07683,0.776203,2,6372.2,-24.1984,682.403,55.6516,11881.6,2287.58
9,1.08698,0.783517,1,153.106,-36.3634,676.813,55.1582,11881.6,2266.15
9,1.08698,0.783517,2,6315.07,-24.1813,676.813,55.1582,11881.6,2266.15
9,1.09714,0.790832,1,151.734,-36.3502,671.218,54.6637,11881.6,2244.66
9,1.09714,0.790832,2,6315.07,-24.2013,671.218,54.6637,11881.6,2244.66
9,1.1073,0.798146,1,150.373,-36.3402,665.623,54.1696,11881.6,2223.27
9,1.1073,0.798146,2,6315.07,-24.1862,665.623,54.1696,11881.6,2223.27
9,1.11746,0.80546,1,149.025,-36.3329,660.02,53.6755,11881.6,2201.83
9,1.11746,0.80546,2,6258.45,-24.2037,660.02,53.6755,11881.6,2201.83
9,1.12762,0.812774,1,149.025,-36.3417,654.425,53.1802,11881.6,2180.39
9,1.12762,0.812774,2,6258.45,-24.1923,654.425,53.1802,11881.6,2180.39
9,1.13778,0.820089,1,147.689,-36.3522,648.881,52.6904,11881.6,2159.18
9,1.13778,0.820089,2,6202.34,-24.2058,648.881,52.6904,11881.6,2159.18
9,1.14794,0.827403,1,146.365,-36.3615,643.382,52.2049,11881.6,2138.19
9,1.14794,0.827403,2,6202.34,-24.1976,643.382,52.2049,11881.6,2138.19
9,1.1581,0.834717,1,145.053,-36.3679,637.918,51.7215,11881.6,2117.3
9,1.1581,0.834717,2,6146.73,-24.2078,637.918,51.7215,11881.6,2117.3
9,1.16825,0.842032,1,143.752,-36.3766,632.514,51.2436,11881.6,2096.61
9,1.16825,0.842032,2,6146.73,-24.2024,632.514,51.2436,11881.6,2096.61
9,1.17841,0.849346,1,142.463,-36.39,627.218,50.7767,11881.6,2076.46
9,1.17841,0.849346,2,6091.62,-24.2095,627.218,50.7767,11881.6,2076.46
9,1.18857,0.85666,1,141.186,-36.4042,622.001,50.3157,11881.6,2056.57
9,1.18857,0.85666,2,6091.62,-24.2074,622.001,50.3157,11881.6,2056.57
9,1.19873,0.863974,1,139.92,-36.4213,616.866,49.8619,11881.6,2036.98
9,1.19873,0.863974,2,6037,-24.2104,616.866,49.8619,11881.6,2036.98
9,1.20889,0.871289,1,138.666,-36.4409,611.836,49.4174,11881.6,2017.79
9,1.20889,0.871289,2,6037,-24.2124,611.836,49.4174,11881.6,2017.79
9,1.21905,0.878603,1,137.422,-36.4634,606.954,48.9865,11881.6,1999.25
9,1.21905,0.878603,2,5982.88,-24.2098,606.954,48.9865,11881.6,1999.25
9,1.22921,0.885917,1,136.19,-36.4857,602.198,48.5669,11881.6,1981.17
9,1.22921,0.885917,2,5982.88,-24.2173,602.198,48.5669,11881.6,1981.17
9,1.23937,0.893232,1,134.969,-36.502,597.569,48.1579,11881.6,1963.55
9,1.23937,0.893232,2,5929.24,-24.2064,597.569,48.1579,11881.6,1963.55
9,1.24952,0.900546,1,133.759,-36.5107,593.074,47.7598,11881.6,1946.43
9,1.24952,0.900546,2,5929.24,-24.2207,593.074,47.7598,11881.6,1946.43
9,1.25968,0.90786,1,132.56,-36.4957,588.755,47.3808,11881.6,1930.08
9,1.25968,0.90786,2,5929.24,-24.2099,588.755,47.3808,11881.6,1930.08
9,1.26984,0.915174,1,131.371,-36.4509,584.613,47.0148,11881.6,1914.39
9,1.26984,0.915174,2,5876.08,-24.2207,584.613,47.0148,11881.6,1914.39
9,1.28,0.922489,1,131.371,-36.4146,580.641,46.6644,11881.6,1899.33
9,1.28,0.922489,2,5876.08,-24.2209,580.641,46.6644,11881.6,1899.33
9,1.29016,0.929803,1,130.194,-36.4964,576.842,46.3292,11881.6,1884.91
9,1.29016,0.929803,2,5823.39,-24.2133,576.842,46.3292,11881.6,1884.91
9,1.30032,0.937117,1,129.026,-36.5231,573.223,46.0092,11881.6,1871.15
9,1.30032,0.937117,2,5823.39,-24.2257,573.223,46.0092,11881.6,1871.15
9,1.31048,0.944432,1,127.869,-36.464,569.804,45.7089,11881.6,1858.26
9,1.31048,0.944432,2,5823.39,-24.2211,569.804,45.7089,11881.6,1858.26
9,1.32063,0.951746,1,127.869,-36.4781,566.594,45.426,11881.6,1846.14
9,1.32063,0.951746,2,5771.18,-24.2177,566.594,45.426,11881.6,1846.14
9,1.33079,0.95906,1,126.723,-36.5305,563.6,45.162,11881.6,1834.84
9,1.33079,0.95906,2,5771.18,-24.2279,563.6,45.162,11881.6,1834.84
9,1.34095,0.966375,1,125.587,-36.412,560.821,44.9173,11881.6,1824.34
9,1.34095,0.966375,2,5771.18,-24.2264,560.821,44.9173,11881.6,1824.34
9,1.35111,0.973689,1,125.587,-36.5354,558.259,44.6908,11881.6,1814.64
9,1.35111,0.973689,2,5771.18,-24.2155,558.259,44.6908,11881.6,1814.64
9,1.36127,0.981003,1,124.461,-36.4315,555.914,44.4841,11881.6,1805.77
9,1.36127,0.981003,2,5719.44,-24.2249,555.914,44.4841,11881.6,1805.77
9,1.37143,0.988317,1,124.461,-36.5403,553.795,44.2964,11881.6,1797.75
9,1.37143,0.988317,2,5719.44,-24.2306,553.795,44.2964,11881.6,1797.75
9,1.38159,0.995632,1,124.461,-36.4596,551.907,44.1309,11881.6,1790.63
9,1.38159,0.995632,2,5719.44,-24.2304,551.907,44.1309,11881.6,1790.63
9,1.39175,0.00294602,1,123.345,-36.5085,550.259,43.9865,11881.6,1784.44
9,1.39175,0.00294602,2,5719.44,-24.2261,550.259,43.9865,11881.6,1784.44
9,1.4019,0.0102603,1,123.345,-36.5429,548.846,43.8619,11881.6,1779.13
9,1.4019,0.0102603,2,5719.44,-24.2195,548.846,43.8619,11881.6,1779.13
9,1.41206,0.0175746,1,123.345,-36.4973,547.673,43.7588,11881.6,1774.72
9,1.41206,0.0175746,2,5668.16,-24.2207,547.673,43.7588,11881.6,1774.72
9,1.42222,0.0248889,1,122.239,-36.4159,546.744,43.6771,11881.6,1771.23
9,1.42222,0.0248889,2,5668.16,-24.2257,546.744,43.6771,11881.6,1771.23
9,1.43238,0.0322032,1,122.239,-36.4805,546.06,43.6173,11881.6,1768.65
9,1.43238,0.0322032,2,5668.16,-24.2287,546.06,43.6173,11881.6,1768.65
9,1.44254,0.0395175,1,122.239,-36.5116,545.621,43.5786,11881.6,1767
9,1.44254,0.0395175,2,5668.16,-24.2302,545.621,43.5786,11881.6,1767
9,1.4527,0.0468318,1,122.239,-36.5191,545.482,43.5664,11881.6,1766.48
9,1.4527,0.0468318,2,5668.16,-24.2306,545.482,43.5664,11881.6,1766.48
9,1.46286,0.0541461,1,122.239,-36.4769,546.11,43.6211,11881.6,1768.84
9,1.46286,0.0541461,2,5668.16,-24.2285,546.11,43.6211,11881.6,1768.84
9,1.47302,0.0614604,1,123.345,-36.4662,547.265,43.723,11881.6,1773.19
9,1.47302,0.0614604,2,5668.16,-24.2231,547.265,43.723,11881.6,1773.19
9,1.48317,0.0687747,1,123.345,-36.5413,548.792,43.8577,11881.6,1778.93
9,1.48317,0.0687747,2,5719.44,-24.2192,548.792,43.8577,11881.6,1778.93
9,1.49333,0.076089,1,123.345,-36.4853,550.632,44.0189,11881.6,1785.84
9,1.49333,0.076089,2,5719.44,-24.2274,550.632,44.0189,11881.6,1785.84
9,1.50349,0.0834033,1,124.461,-36.5142,552.748,44.2042,11881.6,1793.79
9,1.50349,0.0834033,2,5719.44,-24.2311,552.748,44.2042,11881.6,1793.79
9,1.51365,0.0907176,1,124.461,-36.4953,555.129,44.4155,11881.6,1802.8
9,1.51365,0.0907176,2,5719.44,-24.2277,555.129,44.4155,11881.6,1802.8
9,1.52381,0.0980319,1,125.587,-36.5226,557.749,44.6462,11881.6,1812.72
9,1.52381,0.0980319,2,5719.44,-24.2148,557.749,44.6462,11881.6,1812.72
9,1.53397,0.105346,1,125.587,-36.435,560.595,44.8971,11881.6,1823.48
9,1.53397,0.105346,2,5771.18,-24.2258,560.595,44.8971,11881.6,1823.48
9,1.54413,0.11266,1,126.723,-36.5294,563.657,45.167,11881.6,1835.05
9,1.54413,0.11266,2,5771.18,-24.2278,563.657,45.167,11881.6,1835.05
9,1.55429,0.119975,1,127.869,-36.4982,566.946,45.4575,11881.6,1847.48
9,1.55429,0.119975,2,5771.18,-24.2157,566.946,45.4575,11881.6,1847.48
9,1.56444,0.127289,1,127.869,-36.4052,570.465,45.7666,11881.6,1860.76
9,1.56444,0.127289,2,5823.39,-24.2232,570.465,45.7666,11881.6,1860.76
9,1.5746,0.134603,1,129.026,-36.493,574.181,46.0938,11881.6,1874.79
9,1.5746,0.134603,2,5823.39,-24.2241,574.181,46.0938,11881.6,1874.79
9,1.58476,0.141918,1,130.194,-36.5204,578.092,46.4395,11881.6,1889.65
9,1.58476,0.141918,2,5876.08,-24.2101,578.092,46.4395,11881.6,1889.65
9,1.59492,0.149232,1,131.371,-36.5078,582.176,46.7996,11881.6,1905.15
9,1.59492,0.149232,2,5876.08,-24.2233,582.176,46.7996,11881.6,1905.15
9,1.60508,0.156546,1,132.56,-36.471,586.425,47.1744,11881.6,1921.26
9,1.60508,0.156546,2,5876.08,-24.2136,586.425,47.1744,11881.6,1921.26
9,1.61524,0.16386,1,133.759,-36.428,590.878,47.5674,11881.6,1938.12
9,1.61524,0.16386,2,5929.24,-24.2182,590.878,47.5674,11881.6,1938.12
9,1.6254,0.171175,1,134.969,-36.3834,595.501,47.9751,11881.6,1955.67
9,1.6254,0.171175,2,5929.24,-24.2162,595.501,47.9751,11881.6,1955.67
9,1.63556,0.178489,1,134.969,-36.4022,600.268,48.3963,11881.6,1973.83
9,1.63556,0.178489,2,5982.88,-24.2121,600.268,48.3963,11881.6,1973.83
9,1.64571,0.185803,1,136.19,-36.4207,605.159,48.8285,11881.6,1992.43
9,1.64571,0.185803,2,5982.88,-24.216,605.159,48.8285,11881.6,1992.43
9,1.65587,0.193118,1,137.422,-36.4306,610.184,49.2717,11881.6,2011.52
9,1.65587,0.193118,2,6037,-24.2062,610.184,49.2717,11881.6,2011.52
9,1.66603,0.200432,1,138.666,-36.4314,615.369,49.7296,11881.6,2031.25
9,1.66603,0.200432,2,6037,-24.2143,615.369,49.7296,11881.6,2031.25
9,1.67619,0.207746,1,139.92,-36.429,620.659,50.1969,11881.6,2051.45
9,1.67619,0.207746,2,6091.62,-24.2016,620.659,50.1969,11881.6,2051.45
9,1.68635,0.215061,1,141.186,-36.4224,626.027,50.6717,11881.6,2071.92
9,1.68635,0.215061,2,6091.62,-24.2119,626.027,50.6717,11881.6,2071.92
9,1.69651,0.222375,1,142.463,-36.4165,631.481,51.1521,11881.6,2092.68
9,1.69651,0.222375,2,6146.73,-24.1974,631.481,51.1521,11881.6,2092.68
9,1.70667,0.229689,1,143.752,-36.4024,637.061,51.646,11881.6,2114.02
9,1.70667,0.229689,2,6146.73,-24.2093,637.061,51.646,11881.6,2114.02
9,1.71683,0.237003,1,145.053,-36.3883,642.691,52.1437,11881.6,2135.55
9,1.71683,0.237003,2,6202.34,-24.1941,642.691,52.1437,11881.6,2135.55
9,1.72698,0.244318,1,146.365,-36.3773,648.348,52.6432,11881.6,2157.15
9,1.72698,0.244318,2,6202.34,-24.2066,648.348,52.6432,11881.6,2157.15
9,1.73714,0.251632,1,147.689,-36.3653,654.069,53.1481,11881.6,2179.02
9,1.73714,0.251632,2,6258.45,-24.1903,654.069,53.1481,11881.6,2179.02
9,1.7473,0.258946,1,149.025,-36.3484,659.849,53.6603,11881.6,2201.17
9,1.7473,0.258946,2,6258.45,-24.2038,659.849,53.6603,11881.6,2201.17
9,1.75746,0.266261,1,150.373,-36.3406,665.618,54.1691,11881.6,2223.25
9,1.75746,0.266261,2,6315.07,-24.1862,665.618,54.1691,11881.6,2223.25
9,1.76762,0.273575,1,151.734,-36.3374,671.381,54.6776,11881.6,2245.29
9,1.76762,0.273575,2,6315.07,-24.2012,671.381,54.6776,11881.6,2245.29
9,1.77778,0.280889,1,153.106,-36.3337,677.182,55.1915,11881.6,2267.57
9,1.77778,0.280889,2,6372.2,-24.1806,677.182,55.1915,11881.6,2267.57
9,1.78794,0.288204,1,154.492,-36.3389,682.949,55.7005,11881.6,2289.67
9,1.78794,0.288204,2,6372.2,-24.1985,682.949,55.7005,11881.6,2289.67
9,1.7981,0.295518,1,155.889,-36.3535,688.651,56.2027,11881.6,2311.5
9,1.7981,0.295518,2,6372.2,-24.1804,688.651,56.2027,11881.6,2311.5
9,1.80825,0.302832,1,157.3,-36.3705,694.328,56.7045,11881.6,2333.32
9,1.80825,0.302832,2,6429.85,-24.1951,694.328,56.7045,11881.6,2333.32
9,1.81841,0.310146,1,158.723,-36.3876,699.976,57.2047,11881.6,2355.01
9,1.81841,0.310146,2,6429.85,-24.1834,699.976,57.2047,11881.6,2355.01
9,1.82857,0.317461,1,160.159,-36.4095,705.535,57.694,11881.6,2376.31
9,1.82857,0.317461,2,6488.02,-24.1899,705.535,57.694,11881.6,2376.31
9,1.83873,0.324775,1,161.608,-36.4257,711.005,58.1769,11881.6,2397.35
9,1.83873,0.324775,2,6488.02,-24.1872,711.005,58.1769,11881.6,2397.35
9,1.84889,0.332089,1,163.07,-36.4299,716.388,58.6519,11881.6,2418.04
9,1.84889,0.332089,2,6546.72,-24.1803,716.388,58.6519,11881.6,2418.04
9,1.85905,0.339404,1,164.545,-36.4129,721.684,59.1193,11881.6,2438.36
9,1.85905,0.339404,2,6546.72,-24.189,721.684,59.1193,11881.6,2438.36
9,1.86921,0.346718,1,166.033,-36.3655,726.85,59.5746,11881.6,2458.22
9,1.86921,0.346718,2,6546.72,-24.1698,726.85,59.5746,11881.6,2458.22
9,1.87937,0.354032,1,166.033,-36.3132,731.877,60.0193,11881.6,2477.56
9,1.87937,0.354032,2,6605.94,-24.1847,731.877,60.0193,11881.6,2477.56
9,1.88952,0.361346,1,167.536,-36.3925,736.77,60.4492,11881.6,2496.36
9,1.88952,0.361346,2,6605.94,-24.182,736.77,60.4492,11881.6,2496.36
9,1.89968,0.368661,1,169.051,-36.415,741.53,60.8682,11881.6,2514.62
9,1.89968,0.368661,2,6665.71,-24.1678,741.53,60.8682,11881.6,2514.62
9,1.90984,0.375975,1,170.581,-36.3586,746.127,61.2746,11881.6,2532.34
9,1.90984,0.375975,2,6665.71,-24.1829,746.127,61.2746,11881.6,2532.34
9,1.92,0.383289,1,170.581,-36.3462,750.538,61.6633,11881.6,2549.31
9,1.92,0.383289,2,6665.71,-24.1778,750.538,61.6633,11881.6,2549.31
9,1.93016,0.390604,1,172.124,-36.4089,754.757,62.0342,11881.6,2565.52
9,1.93016,0.390604,2,6726.01,-24.1625,754.757,62.0342,11881.6,2565.52
9,1.94032,0.397918,1,173.681,-36.3287,758.814,62.3909,11881.6,2581.09
9,1.94032,0.397918,2,6726.01,-24.1784,758.814,62.3909,11881.6,2581.09
9,1.95048,0.405232,1,173.681,-36.3843,762.68,62.7315,11881.6,2595.99
9,1.95048,0.405232,2,6726.01,-24.1787,762.68,62.7315,11881.6,2595.99
9,1.96063,0.412547,1,175.252,-36.3683,766.326,63.0531,11881.6,2610.03
9,1.96063,0.412547,2,6726.01,-24.1659,766.326,63.0531,11881.6,2610.03
9,1.97079,0.419861,1,175.252,-36.3673,769.749,63.3545,11881.6,2623.19
9,1.97079,0.419861,2,6786.86,-24.1651,769.749,63.3545,11881.6,2623.19
9,1.98095,0.427175,1,176.838,-36.3621,772.943,63.6344,11881.6,2635.45
9,1.98095,0.427175,2,6786.86,-24.1755,772.943,63.6344,11881.6,2635.45
9,1.99111,0.434489,1,176.838,-36.3833,775.911,63.8953,11881.6,2646.86
9,1.99111,0.434489,2,6786.86,-24.1766,775.911,63.8953,11881.6,2646.86
9,2.00127,0.441804,1,178.438,-36.3036,778.669,64.1376,11881.6,2657.48
9,2.00127,0.441804,2,6786.86,-24.1703,778.669,64.1376,11881.6,2657.48
9,2.01143,0.449118,1,178.438,-36.3936,781.181,64.3588,11881.6,2667.15
9,2.01143,0.449118,2,6786.86,-24.1583,781.181,64.3588,11881.6,2667.15
9,2.02159,0.456432,1,178.438,-36.3552,783.439,64.5577,11881.6,2675.84
9,2.02159,0.456432,2,6848.26,-24.1592,783.439,64.5577,11881.6,2675.84
9,2.03175,0.463747,1,180.052,-36.2957,785.444,64.7337,11881.6,2683.55
9,2.03175,0.463747,2,6848.26,-24.1678,785.444,64.7337,11881.6,2683.55
9,2.0419,0.471061,1,180.052,-36.376,787.19,64.887,11881.6,2690.26
9,2.0419,0.471061,2,6848.26,-24.1723,787.19,64.887,11881.6,2690.26
9,2.05206,0.478375,1,180.052,-36.3912,788.674,65.0175,11881.6,2695.96
9,2.05206,0.478375,2,6848.26,-24.1739,788.674,65.0175,11881.6,2695.96
9,2.06222,0.485689,1,180.052,-36.3667,789.896,65.1247,11881.6,2700.64
9,2.06222,0.485689,2,6848.26,-24.1737,789.896,65.1247,11881.6,2700.64
9,2.07238,0.493004,1,180.052,-36.3251,790.852,65.2087,11881.6,2704.31
9,2.07238,0.493004,2,6848.26,-24.1726,790.852,65.2087,11881.6,2704.31
9,2.08254,0.500318,1,180.052,-36.2846,791.543,65.2687,11881.6,2706.96
9,2.08254,0.500318,2,6848.26,-24.1713,791.543,65.2687,11881.6,2706.96
9,2.0927,0.507632,1,181.681,-36.2684,791.967,65.3063,11881.6,2708.6
9,2.0927,0.507632,2,6848.26,-24.1703,791.967,65.3063,11881.6,2708.6
9,2.10286,0.514947,1,181.681,-36.2789,792.122,65.319,11881.6,2709.2
9,2.10286,0.514947,2,6848.26,-24.1699,792.122,65.319,11881.6,2709.2
9,2.11302,0.522261,1,181.681,-36.2784,792.109,65.3185,11881.6,2709.15
9,2.11302,0.522261,2,6848.26,-24.1699,792.109,65.3185,11881.6,2709.15
9,2.12317,0.529575,1,181.681,-36.2726,792.022,65.3109,11881.6,2708.81
9,2.12317,0.529575,2,6848.26,-24.1702,792.022,65.3109,11881.6,2708.81
9,2.13333,0.53689,1,180.052,-36.2636,791.827,65.294,11881.6,2708.06
9,2.13333,0.53689,2,6848.26,-24.1707,791.827,65.294,11881.6,2708.06
9,2.14349,0.544204,1,180.052,-36.2881,791.494,65.2641,11881.6,2706.77
9,2.14349,0.544204,2,6848.26,-24.1714,791.494,65.2641,11881.6,2706.77
9,2.15365,0.551518,1,180.052,-36.3181,791.001,65.221,11881.6,2704.88
9,2.15365,0.551518,2,6848.26,-24.1724,791.001,65.221,11881.6,2704.88
9,2.16381,0.558832,1,180.052,-36.3506,790.335,65.1627,11881.6,2702.33
9,2.16381,0.558832,2,6848.26,-24.1733,790.335,65.1627,11881.6,2702.33
9,2.17397,0.566147,1,180.052,-36.3787,789.479,65.088,11881.6,2699.04
9,2.17397,0.566147,2,6848.26,-24.174,789.479,65.088,11881.6,2699.04
9,2.18413,0.573461,1,180.052,-36.3919,788.422,64.9947,11881.6,2694.99
9,2.18413,0.573461,2,6848.26,-24.1738,788.422,64.9947,11881.6,2694.99
9,2.19429,0.580775,1,180.052,-36.3747,787.156,64.8836,11881.6,2690.13
9,2.19429,0.580775,2,6848.26,-24.1722,787.156,64.8836,11881.6,2690.13
9,2.20444,0.58809,1,180.052,-36.3107,785.674,64.754,11881.6,2684.43
9,2.20444,0.58809,2,6848.26,-24.1685,785.674,64.754,11881.6,2684.43
9,2.2146,0.595404,1,178.438,-36.3301,783.971,64.6041,11881.6,2677.89
9,2.2146,0.595404,2,6848.26,-24.1618,783.971,64.6041,11881.6,2677.89
9,2.22476,0.602718,1,178.438,-36.3926,782.045,64.4353,11881.6,2670.48
9,2.22476,0.602718,2,6786.86,-24.1528,782.045,64.4353,11881.6,2670.48
9,2.23492,0.610032,1,178.438,-36.3656,779.893,64.2461,11881.6,2662.2
9,2.23492,0.610032,2,6786.86,-24.1652,779.893,64.2461,11881.6,2662.2
9,2.24508,0.617347,1,176.838,-36.3118,777.517,64.0363,11881.6,2653.04
9,2.24508,0.617347,2,6786.86,-24.1738,777.517,64.0363,11881.6,2653.04
9,2.25524,0.624661,1,176.838,-36.3984,774.928,63.8092,11881.6,2643.07
9,2.25524,0.624661,2,6786.86,-24.1772,774.928,63.8092,11881.6,2643.07
9,2.2654,0.631975,1,176.838,-36.3214,772.135,63.5639,11881.6,2632.35
9,2.2654,0.631975,2,6786.86,-24.1738,772.135,63.5639,11881.6,2632.35
9,2.27556,0.63929,1,175.252,-36.3876,769.126,63.2988,11881.6,2620.79
9,2.27556,0.63929,2,6786.86,-24.1619,769.126,63.2988,11881.6,2620.79
9,2.28571,0.646604,1,175.252,-36.3495,765.903,63.0156,11881.6,2608.4
9,2.28571,0.646604,2,6726.01,-24.1681,765.903,63.0156,11881.6,2608.4
9,2.29587,0.653918,1,173.681,-36.3906,762.467,62.7134,11881.6,2595.17
9,2.29587,0.653918,2,6726.01,-24.1791,762.467,62.7134,11881.6,2595.17
9,2.30603,0.661233,1,173.681,-36.3292,758.823,62.3921,11881.6,2581.13
9,2.30603,0.661233,2,6726.01,-24.1784,758.823,62.3921,11881.6,2581.13
9,2.31619,0.668547,1,172.124,-36.4084,755.008,62.0566,11881.6,2566.49
9,2.31619,0.668547,2,6726.01,-24.164,755.008,62.0566,11881.6,2566.49
9,2.32635,0.675861,1,170.581,-36.317,751.014,61.7046,11881.6,2551.14
9,2.32635,0.675861,2,6665.71,-24.1761,751.014,61.7046,11881.6,2551.14
9,2.33651,0.683175,1,170.581,-36.3891,746.837,61.3366,11881.6,2535.07
9,2.33651,0.683175,2,6665.71,-24.1834,746.837,61.3366,11881.6,2535.07
9,2.34667,0.69049,1,169.051,-36.4088,742.48,60.9526,11881.6,2518.29
9,2.34667,0.69049,2,6665.71,-24.1727,742.48,60.9526,11881.6,2518.29
9,2.35683,0.697804,1,167.536,-36.3307,737.967,60.5547,11881.6,2500.95
9,2.35683,0.697804,2,6605.94,-24.1776,737.967,60.5547,11881.6,2500.95
9,2.36698,0.705118,1,167.536,-36.3671,733.317,60.145,11881.6,2483.1
9,2.36698,0.705118,2,6605.94,-24.1864,733.317,60.145,11881.6,2483.1
9,2.37714,0.712433,1,166.033,-36.419,728.526,59.7235,11881.6,2464.67
9,2.37714,0.712433,2,6605.94,-24.1728,728.526,59.7235,11881.6,2464.67
9,2.3873,0.719747,1,164.545,-36.4155,723.593,59.2877,11881.6,2445.68
9,2.3873,0.719747,2,6546.72,-24.1851,723.593,59.2877,11881.6,2445.68
9,2.39746,0.727061,1,163.07,-36.3701,718.542,58.8422,11881.6,2426.31
9,2.39746,0.727061,2,6546.72,-24.1873,718.542,58.8422,11881.6,2426.31
9,2.40762,0.734375,1,163.07,-36.305,713.394,58.3883,11881.6,2406.53
9,2.40762,0.734375,2,6488.02,-24.1761,713.394,58.3883,11881.6,2406.53
9,2.41778,0.74169,1,161.608,-36.3715,708.144,57.9243,11881.6,2386.34
9,2.41778,0.74169,2,6488.02,-24.1925,708.144,57.9243,11881.6,2386.34
9,2.42794,0.749004,1,160.159,-36.412,702.808,57.454,11881.6,2365.86
9,2.42794,0.749004,2,6488.02,-24.1795,702.808,57.454,11881.6,2365.86
9,2.4381,0.756318,1,158.723,-36.4338,697.387,56.9757,11881.6,2345.07
9,2.4381,0.756318,2,6429.85,-24.193,697.387,56.9757,11881.6,2345.07
9,2.44825,0.763633,1,157.3,-36.4438,691.918,56.4916,11881.6,2324.06
9,2.44825,0.763633,2,6429.85,-24.1897,691.918,56.4916,11881.6,2324.06
9,2.45841,0.770947,1,155.889,-36.446,686.396,56.0045,11881.6,2302.87
9,2.45841,0.770947,2,6372.2,-24.1918,686.396,56.0045,11881.6,2302.87
9,2.46857,0.778261,1,154.492,-36.4448,680.831,55.5137,11881.6,2281.56
9,2.46857,0.778261,2,6372.2,-24.1962,680.831,55.5137,11881.6,2281.56
9,2.47873,0.785576,1,153.106,-36.4424,675.24,55.0191,11881.6,2260.11
9,2.47873,0.785576,2,6315.07,-24.1904,675.24,55.0191,11881.6,2260.11
9,2.48889,0.79289,1,151.734,-36.442,669.642,54.5241,11881.6,2238.62
9,2.48889,0.79289,2,6315.07,-24.2006,669.642,54.5241,11881.6,2238.62
9,2.49905,0.800204,1,150.373,-36.4393,664.047,54.03,11881.6,2217.24
9,2.49905,0.800204,2,6258.45,-24.1896,664.047,54.03,11881.6,2217.24
9,2.50921,0.807518,1,149.025,-36.4395,658.442,53.5351,11881.6,2195.79
9,2.50921,0.807518,2,6258.45,-24.2041,658.442,53.5351,11881.6,2195.79
9,2.51937,0.814833,1,147.689,-36.4409,652.858,53.0411,11881.6,2174.38
9,2.51937,0.814833,2,6202.34,-24.1898,652.858,53.0411,11881.6,2174.38
9,2.52952,0.822147,1,146.365,-36.441,647.331,52.5534,11881.6,2153.26
9,2.52952,0.822147,2,6202.34,-24.2071,647.331,52.5534,11881.6,2153.26
9,2.53968,0.829461,1,145.053,-36.4415,641.84,52.0687,11881.6,2132.3
9,2.53968,0.829461,2,6146.73,-24.1899,641.84,52.0687,11881.6,2132.3
9,2.54984,0.836776,1,143.752,-36.4433,636.388,51.5866,11881.6,2111.44
9,2.54984,0.836776,2,6146.73,-24.2098,636.388,51.5866,11881.6,2111.44
9,2.56,0.84409,1,142.463,-36.4442,631.014,51.1113,11881.6,2090.91
9,2.56,0.84409,2,6146.73,-24.1947,631.014,51.1113,11881.6,2090.91
9,2.57016,0.851404,1,141.186,-36.4415,625.742,50.646,11881.6,2070.83
9,2.57016,0.851404,2,6091.62,-24.2123,625.742,50.646,11881.6,2070.83
9,2.58032,0.858719,1,139.92,-36.4344,620.548,50.1876,11881.6,2051.03
9,2.58032,0.858719,2,6091.62,-24.201,620.548,50.1876,11881.6,2051.03
9,2.59048,0.866033,1,138.666,-36.4276,615.437,49.7351,11881.6,2031.52
9,2.59048,0.866033,2,6037,-24.2142,615.437,49.7351,11881.6,2031.52
9,2.60063,0.873347,1,137.422,-36.4107,610.45,49.2948,11881.6,2012.53
9,2.60063,0.873347,2,6037,-24.2074,610.45,49.2948,11881.6,2012.53
9,2.61079,0.880661,1,136.19,-36.3821,605.603,48.8677,11881.6,1994.12
9,2.61079,0.880661,2,5982.88,-24.2148,605.603,48.8677,11881.6,1994.12
9,2.62095,0.887976,1,136.19,-36.4047,600.882,48.4515,11881.6,1976.16
9,2.62095,0.887976,2,5982.88,-24.2143,600.882,48.4515,11881.6,1976.16
9,2.63111,0.89529,1,134.969,-36.4484,596.289,48.0446,11881.6,1958.68
9,2.63111,0.89529,2,5929.24,-24.2131,596.289,48.0446,11881.6,1958.68
9,2.64127,0.902604,1,133.759,-36.4875,591.84,47.6516,11881.6,1941.76
9,2.64127,0.902604,2,5929.24,-24.2201,591.84,47.6516,11881.6,1941.76
9,2.65143,0.909919,1,132.56,-36.5126,587.572,47.2759,11881.6,1925.6
9,2.65143,0.909919,2,5876.08,-24.2069,587.572,47.2759,11881.6,1925.6
9,2.66159,0.917233,1,131.371,-36.5083,583.478,46.915,11881.6,1910.09
9,2.66159,0.917233,2,5876.08,-24.2229,583.478,46.915,11881.6,1910.09
9,2.67175,0.924547,1,130.194,-36.4605,579.555,46.5688,11881.6,1895.2
9,2.67175,0.924547,2,5876.08,-24.2174,579.555,46.5688,11881.6,1895.2
9,2.6819,0.931861,1,130.194,-36.4282,575.806,46.2378,11881.6,1880.97
9,2.6819,0.931861,2,5823.39,-24.2187,575.806,46.2378,11881.6,1880.97
9,2.69206,0.939176,1,129.026,-36.5119,572.241,45.9228,11881.6,1867.46
9,2.69206,0.939176,2,5823.39,-24.226,572.241,45.9228,11881.6,1867.46
9,2.70222,0.94649,1,127.869,-36.5156,568.878,45.6264,11881.6,1854.77
9,2.70222,0.94649,2,5823.39,-24.2172,568.878,45.6264,11881.6,1854.77
9,2.71238,0.953804,1,127.869,-36.4034,565.729,45.3498,11881.6,1842.88
9,2.71238,0.953804,2,5771.18,-24.2219,565.729,45.3498,11881.6,1842.88
9,2.72254,0.961119,1,126.723,-36.5282,562.797,45.0908,11881.6,1831.8
9,2.72254,0.961119,2,5771.18,-24.2286,562.797,45.0908,11881.6,1831.8
9,2.7327,0.968433,1,125.587,-36.4786,560.078,44.8517,11881.6,1821.53
9,2.7327,0.968433,2,5771.18,-24.2242,560.078,44.8517,11881.6,1821.53
9,2.74286,0.975747,1,125.587,-36.517,557.576,44.6311,11881.6,1812.06
9,2.74286,0.975747,2,5719.44,-24.216,557.576,44.6311,11881.6,1812.06
9,2.75302,0.983061,1,124.461,-36.4841,555.295,44.4294,11881.6,1803.43
9,2.75302,0.983061,2,5719.44,-24.2272,555.295,44.4294,11881.6,1803.43
9,2.76317,0.990376,1,124.461,-36.5336,553.239,44.2479,11881.6,1795.65
9,2.76317,0.990376,2,5719.44,-24.2311,553.239,44.2479,11881.6,1795.65
9,2.77333,0.99769,1,123.345,-36.4125,551.42,44.0884,11881.6,1788.8
9,2.77333,0.99769,2,5719.44,-24.2295,551.42,44.0884,11881.6,1788.8
10,0,0.000669718,1,96.7197,-28.4247,393.854,42.7818,11881.6,1525
10,0,0.000669718,2,4996.7,-17.0099,393.854,42.7818,11881.6,1525
10,0.0130612,0.00824523,1,95.8525,-28.4377,389.813,42.3205,11881.6,1507.62
10,0.0130612,0.00824523,2,4996.7,-17.0101,389.813,42.3205,11881.6,1507.62
10,0.0261224,0.0158207,1,94.9932,-28.4436,386.171,41.9055,11881.6,1491.97
10,0.0261224,0.0158207,2,4951.9,-17.0125,386.171,41.9055,11881.6,1491.97
10,0.0391837,0.0233963,1,94.1415,-28.4434,382.961,41.5394,11881.6,1478.16
10,0.0391837,0.0233963,2,4951.9,-17.012,382.961,41.5394,11881.6,1478.16
10,0.0522449,0.0309717,1,93.2974,-28.4354,380.172,41.2209,11881.6,1466.15
10,0.0522449,0.0309717,2,4907.5,-17.0139,380.172,41.2209,11881.6,1466.15
10,0.0653061,0.0385472,1,93.2974,-28.443,377.8,40.9494,11881.6,1455.92
10,0.0653061,0.0385472,2,4907.5,-17.0147,377.8,40.9494,11881.6,1455.92
10,0.0783673,0.0461227,1,92.4609,-28.4521,375.847,40.7247,11881.6,1447.49
10,0.0783673,0.0461227,2,4907.5,-17.0134,375.847,40.7247,11881.6,1447.49
10,0.0914286,0.0536982,1,92.4609,-28.441,374.315,40.5489,11881.6,1440.87
10,0.0914286,0.0536982,2,4863.5,-17.0149,374.315,40.5489,11881.6,1440.87
10,0.10449,0.0612737,1,91.632,-28.4476,373.21,40.4222,11881.6,1436.09
10,0.10449,0.0612737,2,4863.5,-17.016,373.21,40.4222,11881.6,1436.09
10,0.117551,0.0688492,1,91.632,-28.4542,372.533,40.3452,11881.6,1433.17
10,0.117551,0.0688492,2,4863.5,-17.0164,372.533,40.3452,11881.6,1433.17
10,0.130612,0.0764247,1,91.632,-28.4552,372.417,40.3318,11881.6,1432.66
10,0.130612,0.0764247,2,4863.5,-17.0165,372.417,40.3318,11881.6,1432.66
10,0.143673,0.0840002,1,91.632,-28.4384,373.68,40.4761,11881.6,1438.12
10,0.143673,0.0840002,2,4863.5,-17.0156,373.68,40.4761,11881.6,1438.12
10,0.156735,0.0915757,1,92.4609,-28.4517,375.939,40.7353,11881.6,1447.89
10,0.156735,0.0915757,2,4907.5,-17.0135,375.939,40.7353,11881.6,1447.89
10,0.169796,0.0991512,1,93.2974,-28.4504,379.009,41.0875,11881.6,1461.13
10,0.169796,0.0991512,2,4907.5,-17.0146,379.009,41.0875,11881.6,1461.13
10,0.182857,0.106727,1,94.1415,-28.4455,382.776,41.5184,11881.6,1477.37
10,0.182857,0.106727,2,4951.9,-17.0118,382.776,41.5184,11881.6,1477.37
10,0.195918,0.114302,1,94.9932,-28.4237,387.217,42.0251,11881.6,1496.47
10,0.195918,0.114302,2,4951.9,-17.0116,387.217,42.0251,11881.6,1496.47
10,0.20898,0.121878,1,96.7197,-28.4428,392.23,42.5962,11881.6,1517.99
10,0.20898,0.121878,2,4996.7,-17.0109,392.23,42.5962,11881.6,1517.99
10,0.222041,0.129453,1,98.4777,-28.4232,397.772,43.2297,11881.6,1541.96
10,0.222041,0.129453,2,5041.9,-17.0089,397.772,43.2297,11881.6,1541.96
10,0.235102,0.137029,1,99.3686,-28.4297,403.779,43.9158,11881.6,1567.91
10,0.235102,0.137029,2,5087.52,-17.0062,403.779,43.9158,11881.6,1567.91
10,0.248163,0.144604,1,101.175,-28.4321,410.306,44.6584,11881.6,1596.02
10,0.248163,0.144604,2,5133.54,-17.0035,410.306,44.6584,11881.6,1596.02
10,0.261224,0.15218,1,103.014,-28.4293,417.255,45.4508,11881.6,1626.03
10,0.261224,0.15218,2,5133.54,-17.0011,417.255,45.4508,11881.6,1626.03
10,0.274286,0.159755,1,104.886,-28.4255,424.604,46.2871,11881.6,1657.81
10,0.274286,0.159755,2,5179.99,-16.9992,424.604,46.2871,11881.6,1657.81
10,0.287347,0.167331,1,106.792,-28.4215,432.399,47.171,11881.6,1691.41
10,0.287347,0.167331,2,5274.14,-16.9969,432.399,47.171,11881.6,1691.41
10,0.300408,0.174906,1,108.733,-28.4156,440.554,48.0985,11881.6,1726.71
10,0.300408,0.174906,2,5321.85,-16.9952,440.554,48.0985,11881.6,1726.71
10,0.313469,0.182482,1,110.71,-28.4034,449.089,49.0657,11881.6,1763.57
10,0.313469,0.182482,2,5370,-16.9937,449.089,49.0657,11881.6,1763.57
10,0.326531,0.190057,1,113.742,-28.394,457.976,50.0709,11881.6,1801.97
10,0.326531,0.190057,2,5418.58,-16.9921,457.976,50.0709,11881.6,1801.97
10,0.339592,0.197633,1,115.809,-28.4038,467.181,51.1113,11881.6,1841.75
10,0.339592,0.197633,2,5467.6,-16.9903,467.181,51.1113,11881.6,1841.75
10,0.352653,0.205208,1,117.914,-28.4027,476.723,52.1867,11881.6,1882.94
10,0.352653,0.205208,2,5517.06,-16.9882,476.723,52.1867,11881.6,1882.94
10,0.365714,0.212784,1,120.057,-28.3881,486.531,53.291,11881.6,1925.31
10,0.365714,0.212784,2,5566.98,-16.9855,486.531,53.291,11881.6,1925.31
10,0.378776,0.220359,1,123.345,-28.3882,496.643,54.4271,11881.6,1968.93
10,0.378776,0.220359,2,5617.34,-16.9824,496.643,54.4271,11881.6,1968.93
10,0.391837,0.227935,1,125.587,-28.3936,506.975,55.5849,11881.6,2013.49
10,0.391837,0.227935,2,5668.16,-16.9786,506.975,55.5849,11881.6,2013.49
10,0.404898,0.23551,1,127.869,-28.3827,517.568,56.7695,11881.6,2059.13
10,0.404898,0.23551,2,5719.44,-16.9742,517.568,56.7695,11881.6,2059.13
10,0.417959,0.243086,1,131.371,-28.3738,528.333,57.969,11881.6,2105.43
10,0.417959,0.243086,2,5823.39,-16.9727,528.333,57.969,11881.6,2105.43
10,0.43102,0.250661,1,133.759,-28.3843,539.305,59.1894,11881.6,2152.64
10,0.43102,0.250661,2,5876.08,-16.9712,539.305,59.1894,11881.6,2152.64
10,0.444082,0.258237,1,136.19,-28.3812,550.409,60.4197,11881.6,2200.26
10,0.444082,0.258237,2,5929.24,-16.9691,550.409,60.4197,11881.6,2200.26
10,0.457143,0.265812,1,138.666,-28.3673,561.642,61.6629,11881.6,2248.45
10,0.457143,0.265812,2,5982.88,-16.9667,561.642,61.6629,11881.6,2248.45
10,0.470204,0.273388,1,142.463,-28.3646,572.992,62.9134,11881.6,2297.03
10,0.470204,0.273388,2,6037,-16.964,572.992,62.9134,11881.6,2297.03
10,0.483265,0.280963,1,145.053,-28.3727,584.369,64.1621,11881.6,2345.58
10,0.483265,0.280963,2,6091.62,-16.9612,584.369,64.1621,11881.6,2345.58
10,0.496327,0.288539,1,147.689,-28.3746,595.842,65.419,11881.6,2394.56
10,0.496327,0.288539,2,6146.73,-16.9583,595.842,65.419,11881.6,2394.56
10,0.509388,0.296114,1,150.373,-28.374,607.278,66.666,11881.6,2443.21
10,0.509388,0.296114,2,6202.34,-16.9556,607.278,66.666,11881.6,2443.21
10,0.522449,0.30369,1,153.106,-28.3724,618.727,67.9107,11881.6,2491.8
10,0.522449,0.30369,2,6258.45,-16.9529,618.727,67.9107,11881.6,2491.8
10,0.53551,0.311265,1,155.889,-28.3722,630.106,69.1442,11881.6,2540.04
10,0.53551,0.311265,2,6315.07,-16.9504,630.106,69.1442,11881.6,2540.04
10,0.548571,0.318841,1,158.723,-28.3711,641.4,70.3632,11881.6,2587.76
10,0.548571,0.318841,2,6372.2,-16.9478,641.4,70.3632,11881.6,2587.76
10,0.561633,0.326416,1,161.608,-28.3692,652.606,71.5671,11881.6,2634.97
10,0.561633,0.326416,2,6429.85,-16.9451,652.606,71.5671,11881.6,2634.97
10,0.574694,0.333992,1,164.545,-28.3619,663.648,72.7518,11881.6,2681.44
10,0.574694,0.333992,2,6488.02,-16.9418,663.648,72.7518,11881.6,2681.44
10,0.587755,0.341567,1,166.033,-28.3511,674.553,73.9147,11881.6,2727.17
10,0.587755,0.341567,2,6546.72,-16.9376,674.553,73.9147,11881.6,2727.17
10,0.600816,0.349143,1,169.051,-28.3675,685.226,75.0494,11881.6,2771.78
10,0.600816,0.349143,2,6546.72,-16.9339,685.226,75.0494,11881.6,2771.78
10,0.613878,0.356718,1,172.124,-28.3665,695.704,76.1603,11881.6,2815.52
10,0.613878,0.356718,2,6605.94,-16.9344,695.704,76.1603,11881.6,2815.52
10,0.626939,0.364294,1,173.681,-28.3581,705.907,77.2366,11881.6,2857.95
10,0.626939,0.364294,2,6665.71,-16.9332,705.907,77.2366,11881.6,2857.95
10,0.64,0.371869,1,176.838,-28.3691,715.837,78.2801,11881.6,2899.13
10,0.64,0.371869,2,6726.01,-16.9291,715.837,78.2801,11881.6,2899.13
10,0.653061,0.379445,1,178.438,-28.3625,725.461,79.2895,11881.6,2938.97
10,0.653061,0.379445,2,6726.01,-16.9259,725.461,79.2895,11881.6,2938.97
10,0.666122,0.38702,1,181.681,-28.3612,734.753,80.2588,11881.6,2977.28
10,0.666122,0.38702,2,6786.86,-16.9268,734.753,80.2588,11881.6,2977.28
10,0.679184,0.394596,1,183.324,-28.3718,743.687,81.1885,11881.6,3014.06
10,0.679184,0.394596,2,6848.26,-16.9221,743.687,81.1885,11881.6,3014.06
10,0.692245,0.402171,1,184.983,-28.3694,752.252,82.0764,11881.6,3049.21
10,0.692245,0.402171,2,6848.26,-16.922,752.252,82.0764,11881.6,3049.21
10,0.705306,0.409747,1,186.656,-28.3638,760.398,82.9179,11881.6,3082.54
10,0.705306,0.409747,2,6910.21,-16.9201,760.398,82.9179,11881.6,3082.54
10,0.718367,0.417322,1,188.345,-28.3593,768.155,83.7175,11881.6,3114.22
10,0.718367,0.417322,2,6910.21,-16.9179,768.155,83.7175,11881.6,3114.22
10,0.731429,0.424898,1,190.049,-28.3601,775.439,84.4652,11881.6,3143.87
10,0.731429,0.424898,2,6972.73,-16.9167,775.439,84.4652,11881.6,3143.87
10,0.74449,0.432473,1,191.768,-28.3649,782.297,85.168,11881.6,3171.76
10,0.74449,0.432473,2,6972.73,-16.9158,782.297,85.168,11881.6,3171.76
10,0.757551,0.440049,1,193.503,-28.3723,788.673,85.8193,11881.6,3197.61
10,0.757551,0.440049,2,7035.81,-16.9116,788.673,85.8193,11881.6,3197.61
10,0.770612,0.447624,1,195.254,-28.3766,794.54,86.4168,11881.6,3221.35
10,0.770612,0.447624,2,7035.81,-16.914,794.54,86.4168,11881.6,3221.35
10,0.783673,0.4552,1,197.02,-28.3692,799.936,86.9657,11881.6,3243.16
10,0.783673,0.4552,2,7035.81,-16.9108,799.936,86.9657,11881.6,3243.16
10,0.796735,0.462775,1,197.02,-28.3677,804.809,87.4604,11881.6,3262.78
10,0.796735,0.462775,2,7099.46,-16.9083,804.809,87.4604,11881.6,3262.78
10,0.809796,0.470351,1,198.803,-28.3778,809.148,87.8992,11881.6,3280.26
10,0.809796,0.470351,2,7099.46,-16.9106,809.148,87.8992,11881.6,3280.26
10,0.822857,0.477926,1,198.803,-28.3648,812.943,88.2843,11881.6,3295.53
10,0.822857,0.477926,2,7099.46,-16.9099,812.943,88.2843,11881.6,3295.53
10,0.835918,0.485502,1,200.601,-28.3765,816.212,88.6139,11881.6,3308.64
10,0.835918,0.485502,2,7099.46,-16.9074,816.212,88.6139,11881.6,3308.64
10,0.84898,0.493077,1,200.601,-28.3773,818.93,88.8871,11881.6,3319.53
10,0.84898,0.493077,2,7099.46,-16.9038,818.93,88.8871,11881.6,3319.53
10,0.862041,0.500653,1,200.601,-28.3622,821.088,89.104,11881.6,3328.18
10,0.862041,0.500653,2,7163.69,-16.9046,821.088,89.104,11881.6,3328.18
10,0.875102,0.508228,1,202.416,-28.3697,822.682,89.265,11881.6,3334.57
10,0.875102,0.508228,2,7163.69,-16.9059,822.682,89.265,11881.6,3334.57
10,0.888163,0.515804,1,202.416,-28.3763,823.709,89.368,11881.6,3338.69
10,0.888163,0.515804,2,7163.69,-16.9065,823.709,89.368,11881.6,3338.69
10,0.901224,0.523379,1,202.416,-28.3785,824.167,89.415,11881.6,3340.52
10,0.901224,0.523379,2,7163.69,-16.9067,824.167,89.415,11881.6,3340.52
10,0.914286,0.530955,1,202.416,-28.3781,824.181,89.4167,11881.6,3340.58
10,0.914286,0.530955,2,7163.69,-16.9068,824.181,89.4167,11881.6,3340.58
10,0.927347,0.53853,1,202.416,-28.378,824.035,89.4018,11881.6,3340
10,0.927347,0.53853,2,7163.69,-16.9067,824.035,89.4018,11881.6,3340
10,0.940408,0.546106,1,202.416,-28.3763,823.683,89.3658,11881.6,3338.59
10,0.940408,0.546106,2,7163.69,-16.9065,823.683,89.3658,11881.6,3338.59
10,0.953469,0.553681,1,202.416,-28.3727,823.08,89.3048,11881.6,3336.17
10,0.953469,0.553681,2,7163.69,-16.9062,823.08,89.3048,11881.6,3336.17
10,0.966531,0.561257,1,202.416,-28.3655,822.192,89.2163,11881.6,3332.61
10,0.966531,0.561257,2,7163.69,-16.9056,822.192,89.2163,11881.6,3332.61
10,0.979592,0.568832,1,200.601,-28.3635,820.993,89.0947,11881.6,3327.79
10,0.979592,0.568832,2,7163.69,-16.9046,820.993,89.0947,11881.6,3327.79
10,0.992653,0.576407,1,200.601,-28.375,819.459,88.9401,11881.6,3321.64
10,0.992653,0.576407,2,7099.46,-16.9029,819.459,88.9401,11881.6,3321.64
10,1.00571,0.583983,1,200.601,-28.3794,817.575,88.7511,11881.6,3314.1
10,1.00571,0.583983,2,7099.46,-16.9057,817.575,88.7511,11881.6,3314.1
10,1.01878,0.591559,1,200.601,-28.3719,815.319,88.5232,11881.6,3305.07
10,1.01878,0.591559,2,7099.46,-16.9082,815.319,88.5232,11881.6,3305.07
10,1.03184,0.599134,1,198.803,-28.3669,812.696,88.2589,11881.6,3294.53
10,1.03184,0.599134,2,7099.46,-16.9101,812.696,88.2589,11881.6,3294.53
10,1.0449,0.606709,1,198.803,-28.3787,809.684,87.9539,11881.6,3282.42
10,1.0449,0.606709,2,7099.46,-16.9107,809.684,87.9539,11881.6,3282.42
10,1.05796,0.614285,1,198.803,-28.3586,806.272,87.6082,11881.6,3268.67
10,1.05796,0.614285,2,7099.46,-16.9094,806.272,87.6082,11881.6,3268.67
10,1.07102,0.621861,1,197.02,-28.3777,802.457,87.2215,11881.6,3253.32
10,1.07102,0.621861,2,7035.81,-16.9075,802.457,87.2215,11881.6,3253.32
10,1.08408,0.629436,1,195.254,-28.3572,798.229,86.7933,11881.6,3236.27
10,1.08408,0.629436,2,7035.81,-16.9124,798.229,86.7933,11881.6,3236.27
10,1.09714,0.637011,1,195.254,-28.3747,793.607,86.322,11881.6,3217.57
10,1.09714,0.637011,2,7035.81,-16.9141,793.607,86.322,11881.6,3217.57
10,1.1102,0.644587,1,193.503,-28.3729,788.586,85.8108,11881.6,3197.25
10,1.1102,0.644587,2,7035.81,-16.9115,788.586,85.8108,11881.6,3197.25
10,1.12327,0.652162,1,191.768,-28.3567,783.153,85.2557,11881.6,3175.24
10,1.12327,0.652162,2,6972.73,-16.9151,783.153,85.2557,11881.6,3175.24
10,1.13633,0.659738,1,191.768,-28.365,777.324,84.6578,11881.6,3151.52
10,1.13633,0.659738,2,6972.73,-16.9173,777.324,84.6578,11881.6,3151.52
10,1.14939,0.667313,1,190.049,-28.3712,771.122,84.0219,11881.6,3126.32
10,1.14939,0.667313,2,6910.21,-16.9141,771.122,84.0219,11881.6,3126.32
10,1.16245,0.674889,1,188.345,-28.3728,764.522,83.3429,11881.6,3099.38
10,1.16245,0.674889,2,6910.21,-16.9204,764.522,83.3429,11881.6,3099.38
10,1.17551,0.682464,1,186.656,-28.3722,757.567,82.6262,11881.6,3070.97
10,1.17551,0.682464,2,6910.21,-16.918,757.567,82.6262,11881.6,3070.97
10,1.18857,0.69004,1,184.983,-28.371,750.25,81.869,11881.6,3040.99
10,1.18857,0.69004,2,6848.26,-16.9233,750.25,81.869,11881.6,3040.99
10,1.20163,0.697615,1,183.324,-28.3684,742.583,81.0738,11881.6,3009.53
10,1.20163,0.697615,2,6848.26,-16.9211,742.583,81.0738,11881.6,3009.53
10,1.21469,0.705191,1,181.681,-28.3599,734.596,80.2419,11881.6,2976.63
10,1.21469,0.705191,2,6786.86,-16.9269,734.596,80.2419,11881.6,2976.63
10,1.22776,0.712766,1,178.438,-28.3549,726.285,79.3754,11881.6,2942.38
10,1.22776,0.712766,2,6726.01,-16.9247,726.285,79.3754,11881.6,2942.38
10,1.24082,0.720342,1,176.838,-28.3684,717.687,78.4747,11881.6,2906.78
10,1.24082,0.720342,2,6726.01,-16.93,717.687,78.4747,11881.6,2906.78
10,1.25388,0.727917,1,175.252,-28.3668,708.807,77.5424,11881.6,2870.01
10,1.25388,0.727917,2,6665.71,-16.9318,708.807,77.5424,11881.6,2870.01
10,1.26694,0.735493,1,172.124,-28.3549,699.671,76.5785,11881.6,2832.02
10,1.26694,0.735493,2,6665.71,-16.93,699.671,76.5785,11881.6,2832.02
10,1.28,0.743068,1,170.581,-28.3701,690.293,75.5865,11881.6,2792.96
10,1.28,0.743068,2,6605.94,-16.9361,690.293,75.5865,11881.6,2792.96
10,1.29306,0.750644,1,167.536,-28.3526,680.707,74.5696,11881.6,2752.93
10,1.29306,0.750644,2,6546.72,-16.9386,680.707,74.5696,11881.6,2752.93
10,1.30612,0.758219,1,166.033,-28.3682,670.91,73.5262,11881.6,2711.88
10,1.30612,0.758219,2,6488.02,-16.9386,670.91,73.5262,11881.6,2711.88
10,1.31918,0.765795,1,163.07,-28.3647,660.966,72.4639,11881.6,2670.18
10,1.31918,0.765795,2,6488.02,-16.9398,660.966,72.4639,11881.6,2670.18
10,1.33224,0.77337,1,161.608,-28.3546,650.853,71.3795,11881.6,2627.61
10,1.33224,0.77337,2,6429.85,-16.9446,650.853,71.3795,11881.6,2627.61
10,1.34531,0.780946,1,158.723,-28.3691,640.634,70.2808,11881.6,2584.53
10,1.34531,0.780946,2,6372.2,-16.9479,640.634,70.2808,11881.6,2584.53
10,1.35837,0.788521,1,155.889,-28.3713,630.303,69.1658,11881.6,2540.87
10,1.35837,0.788521,2,6315.07,-16.9503,630.303,69.1658,11881.6,2540.87
10,1.37143,0.796097,1,153.106,-28.3671,619.906,68.0383,11881.6,2496.78
10,1.37143,0.796097,2,6258.45,-16.9521,619.906,68.0383,11881.6,2496.78
10,1.38449,0.803672,1,150.373,-28.3597,609.464,66.9051,11881.6,2452.52
10,1.38449,0.803672,2,6202.34,-16.9536,609.464,66.9051,11881.6,2452.52
10,1.39755,0.811248,1,147.689,-28.3531,598.999,65.7632,11881.6,2407.98
10,1.39755,0.811248,2,6146.73,-16.9552,598.999,65.7632,11881.6,2407.98
10,1.41061,0.818823,1,146.365,-28.3587,588.522,64.6176,11881.6,2363.34
10,1.41061,0.818823,2,6091.62,-16.957,588.522,64.6176,11881.6,2363.34
10,1.42367,0.826399,1,143.752,-28.3626,578.091,63.474,11881.6,2318.83
10,1.42367,0.826399,2,6037,-16.9589,578.091,63.474,11881.6,2318.83
10,1.43673,0.833974,1,141.186,-28.3636,567.688,62.3284,11881.6,2274.28
10,1.43673,0.833974,2,6037,-16.9613,567.688,62.3284,11881.6,2274.28
10,1.4498,0.84155,1,138.666,-28.3637,557.387,61.1927,11881.6,2230.23
10,1.4498,0.84155,2,5982.88,-16.9641,557.387,61.1927,11881.6,2230.23
10,1.46286,0.849125,1,134.969,-28.3621,547.163,60.0598,11881.6,2186.33
10,1.46286,0.849125,2,5929.24,-16.9666,547.163,60.0598,11881.6,2186.33
10,1.47592,0.856701,1,132.56,-28.3704,537.083,58.9426,11881.6,2143.09
10,1.47592,0.856701,2,5876.08,-16.9691,537.083,58.9426,11881.6,2143.09
10,1.48898,0.864276,1,130.194,-28.3782,527.133,57.8349,11881.6,2100.28
10,1.48898,0.864276,2,5771.18,-16.9717,527.133,57.8349,11881.6,2100.28
10,1.50204,0.871852,1,127.869,-28.3852,517.367,56.7463,11881.6,2058.26
10,1.50204,0.871852,2,5719.44,-16.9745,517.367,56.7463,11881.6,2058.26
10,1.5151,0.879427,1,125.587,-28.3912,507.773,55.6735,11881.6,2016.92
10,1.5151,0.879427,2,5668.16,-16.9774,507.773,55.6735,11881.6,2016.92
10,1.52816,0.887003,1,123.345,-28.3963,498.409,54.6249,11881.6,1976.56
10,1.52816,0.887003,2,5617.34,-16.9801,498.409,54.6249,11881.6,1976.56
10,1.54122,0.894578,1,121.143,-28.3988,489.25,53.5967,11881.6,1937.03
10,1.54122,0.894578,2,5566.98,-16.9828,489.25,53.5967,11881.6,1937.03
10,1.55429,0.902154,1,118.981,-28.4019,480.369,52.5977,11881.6,1898.72
10,1.55429,0.902154,2,5517.06,-16.9853,480.369,52.5977,11881.6,1898.72
10,1.56735,0.909729,1,116.857,-28.4045,471.722,51.6224,11881.6,1861.32
10,1.56735,0.909729,2,5467.6,-16.9876,471.722,51.6224,11881.6,1861.32
10,1.58041,0.917305,1,114.771,-28.4074,463.385,50.6831,11881.6,1825.38
10,1.58041,0.917305,2,5418.58,-16.9898,463.385,50.6831,11881.6,1825.38
10,1.59347,0.92488,1,112.722,-28.4113,455.332,49.7713,11881.6,1790.5
10,1.59347,0.92488,2,5370,-16.9917,455.332,49.7713,11881.6,1790.5
10,1.60653,0.932456,1,110.71,-28.4151,447.587,48.8951,11881.6,1757.1
10,1.60653,0.932456,2,5321.85,-16.9934,447.587,48.8951,11881.6,1757.1
10,1.61959,0.940031,1,108.733,-28.4174,440.187,48.0564,11881.6,1725.12
10,1.61959,0.940031,2,5321.85,-16.9948,440.187,48.0564,11881.6,1725.12
10,1.63265,0.947607,1,106.792,-28.416,433.1,47.2515,11881.6,1694.42
10,1.63265,0.947607,2,5274.14,-16.9977,433.1,47.2515,11881.6,1694.42
10,1.64571,0.955182,1,104.886,-28.4052,426.372,46.4884,11881.6,1665.44
10,1.64571,0.955182,2,5226.85,-17.0006,426.372,46.4884,11881.6,1665.44
10,1.65878,0.962758,1,103.946,-28.4229,420.018,45.7653,11881.6,1637.99
10,1.65878,0.962758,2,5179.99,-17.0031,420.018,45.7653,11881.6,1637.99
10,1.67184,0.970333,1,102.09,-28.4293,414.012,45.0799,11881.6,1611.97
10,1.67184,0.970333,2,5133.54,-17.0049,414.012,45.0799,11881.6,1611.97
10,1.6849,0.977909,1,101.175,-28.4172,408.384,44.4399,11881.6,1587.75
10,1.6849,0.977909,2,5087.52,-17.0056,408.384,44.4399,11881.6,1587.75
10,1.69796,0.985484,1,99.3686,-28.4354,403.156,43.8447,11881.6,1565.22
10,1.69796,0.985484,2,5087.52,-17.0056,403.156,43.8447,11881.6,1565.22
10,1.71102,0.99306,1,98.4777,-28.4326,398.322,43.2928,11881.6,1544.35
10,1.71102,0.99306,2,5041.9,-17.009,398.322,43.2928,11881.6,1544.35
10,1.72408,0.000635326,1,96.7197,-28.4246,393.874,42.7839,11881.6,1525.09
10,1.72408,0.000635326,2,4996.7,-17.0099,393.874,42.7839,11881.6,1525.09
10,1.73714,0.00821084,1,95.8525,-28.4376,389.829,42.323,11881.6,1507.69
10,1.73714,0.00821084,2,4996.7,-17.0101,389.829,42.323,11881.6,1507.69
10,1.7502,0.0157863,1,94.9932,-28.4434,386.187,41.9072,11881.6,1492.04
10,1.7502,0.0157863,2,4951.9,-17.0125,386.187,41.9072,11881.6,1492.04
10,1.76327,0.0233619,1,94.1415,-28.4428,382.974,41.5411,11881.6,1478.22
10,1.76327,0.0233619,2,4951.9,-17.012,382.974,41.5411,11881.6,1478.22
10,1.77633,0.0309373,1,93.2974,-28.4352,380.184,41.2221,11881.6,1466.2
10,1.77633,0.0309373,2,4907.5,-17.0138,380.184,41.2221,11881.6,1466.2
10,1.78939,0.0385128,1,93.2974,-28.4425,377.81,40.9499,11881.6,1455.96
10,1.78939,0.0385128,2,4907.5,-17.0147,377.81,40.9499,11881.6,1455.96
10,1.80245,0.0460883,1,92.4609,-28.4529,375.855,40.7256,11881.6,1447.52
10,1.80245,0.0460883,2,4907.5,-17.0134,375.855,40.7256,11881.6,1447.52
10,1.81551,0.0536638,1,92.4609,-28.4412,374.322,40.5493,11881.6,1440.89
10,1.81551,0.0536638,2,4863.5,-17.0149,374.322,40.5493,11881.6,1440.89
10,1.82857,0.0612393,1,91.632,-28.4474,373.214,40.4222,11881.6,1436.11
10,1.82857,0.0612393,2,4863.5,-17.016,373.214,40.4222,11881.6,1436.11
10,1.84163,0.0688148,1,91.632,-28.4542,372.536,40.3452,11881.6,1433.18
10,1.84163,0.0688148,2,4863.5,-17.0164,372.536,40.3452,11881.6,1433.18
10,1.85469,0.0763903,1,91.632,-28.4556,372.415,40.3309,11881.6,1432.65
10,1.85469,0.0763903,2,4863.5,-17.0165,372.415,40.3309,11881.6,1432.65
10,1.86776,0.0839658,1,91.632,-28.438,373.672,40.4757,11881.6,1438.09
10,1.86776,0.0839658,2,4863.5,-17.0156,373.672,40.4757,11881.6,1438.09
10,1.88082,0.0915413,1,92.4609,-28.452,375.927,40.734,11881.6,1447.83
10,1.88082,0.0915413,2,4907.5,-17.0135,375.927,40.734,11881.6,1447.83
10,1.89388,0.0991168,1,93.2974,-28.4514,378.994,41.0854,11881.6,1461.07
10,1.89388,0.0991168,2,4907.5,-17.0146,378.994,41.0854,11881.6,1461.07
10,1.90694,0.106692,1,94.1415,-28.4454,382.758,41.5159,11881.6,1477.29
10,1.90694,0.106692,2,4951.9,-17.0118,382.758,41.5159,11881.6,1477.29
10,1.92,0.114268,1,94.9932,-28.4243,387.196,42.0221,11881.6,1496.38
10,1.92,0.114268,2,4951.9,-17.0117,387.196,42.0221,11881.6,1496.38
10,1.93306,0.121843,1,96.7197,-28.443,392.206,42.5928,11881.6,1517.89
10,1.93306,0.121843,2,4996.7,-17.0109,392.206,42.5928,11881.6,1517.89
10,1.94612,0.129419,1,98.4777,-28.4221,397.745,43.2267,11881.6,1541.85
10,1.94612,0.129419,2,5041.9,-17.0089,397.745,43.2267,11881.6,1541.85
10,1.95918,0.136994,1,99.3686,-28.43,403.751,43.9124,11881.6,1567.79
10,1.95918,0.136994,2,5087.52,-17.0062,403.751,43.9124,11881.6,1567.79
10,1.97224,0.14457,1,101.175,-28.4322,410.276,44.6551,11881.6,1595.89
10,1.97224,0.14457,2,5133.54,-17.0035,410.276,44.6551,11881.6,1595.89
10,1.98531,0.152145,1,103.014,-28.4301,417.222,45.4466,11881.6,1625.89
10,1.98531,0.152145,2,5133.54,-17.0012,417.222,45.4466,11881.6,1625.89
10,1.99837,0.159721,1,104.886,-28.4264,424.569,46.2829,11881.6,1657.66
10,1.99837,0.159721,2,5179.99,-16.9993,424.569,46.2829,11881.6,1657.66
10,2.01143,0.167296,1,106.792,-28.4214,432.363,47.1672,11881.6,1691.25
10,2.01143,0.167296,2,5226.85,-16.9969,432.363,47.1672,11881.6,1691.25
10,2.02449,0.174872,1,108.733,-28.4157,440.516,48.0947,11881.6,1726.55
10,2.02449,0.174872,2,5321.85,-16.9952,440.516,48.0947,11881.6,1726.55
10,2.03755,0.182447,1,110.71,-28.4041,449.05,49.061,11881.6,1763.4
10,2.03755,0.182447,2,5370,-16.9937,449.05,49.061,11881.6,1763.4
10,2.05061,0.190023,1,113.742,-28.3934,457.934,50.0658,11881.6,1801.79
10,2.05061,0.190023,2,5418.58,-16.9921,457.934,50.0658,11881.6,1801.79
10,2.06367,0.197598,1,115.809,-28.4035,467.137,51.1062,11881.6,1841.57
10,2.06367,0.197598,2,5467.6,-16.9903,467.137,51.1062,11881.6,1841.57
10,2.07673,0.205174,1,117.914,-28.4032,476.678,52.1817,11881.6,1882.75
10,2.07673,0.205174,2,5517.06,-16.9882,476.678,52.1817,11881.6,1882.75
10,2.0898,0.212749,1,120.057,-28.3885,486.485,53.286,11881.6,1925.12
10,2.0898,0.212749,2,5566.98,-16.9856,486.485,53.286,11881.6,1925.12
10,2.10286,0.220325,1,123.345,-28.3873,496.597,54.4221,11881.6,1968.73
10,2.10286,0.220325,2,5617.34,-16.9824,496.597,54.4221,11881.6,1968.73
10,2.11592,0.2279,1,125.587,-28.3939,506.927,55.5795,11881.6,2013.28
10,2.11592,0.2279,2,5668.16,-16.9787,506.927,55.5795,11881.6,2013.28
10,2.12898,0.235476,1,127.869,-28.3834,517.52,56.7636,11881.6,2058.92
10,2.12898,0.235476,2,5719.44,-16.9743,517.52,56.7636,11881.6,2058.92
10,2.14204,0.243051,1,131.371,-28.3732,528.284,57.9627,11881.6,2105.22
10,2.14204,0.243051,2,5823.39,-16.9727,528.284,57.9627,11881.6,2105.22
10,2.1551,0.250627,1,133.759,-28.3837,539.254,59.1843,11881.6,2152.42
10,2.1551,0.250627,2,5876.08,-16.9711,539.254,59.1843,11881.6,2152.42
10,2.16816,0.258202,1,136.19,-28.3817,550.358,60.4146,11881.6,2200.04
10,2.16816,0.258202,2,5929.24,-16.9691,550.358,60.4146,11881.6,2200.04
10,2.18122,0.265778,1,138.666,-28.3683,561.591,61.6565,11881.6,2248.24
10,2.18122,0.265778,2,5982.88,-16.9667,561.591,61.6565,11881.6,2248.24
10,2.19429,0.273353,1,142.463,-28.3646,572.94,62.9079,11881.6,2296.81
10,2.19429,0.273353,2,6037,-16.964,572.94,62.9079,11881.6,2296.81
10,2.20735,0.280929,1,145.053,-28.3719,584.316,64.1558,11881.6,2345.36
10,2.20735,0.280929,2,6091.62,-16.9612,584.316,64.1558,11881.6,2345.36
10,2.22041,0.288504,1,147.689,-28.3746,595.79,65.4127,11881.6,2394.34
10,2.22041,0.288504,2,6146.73,-16.9584,595.79,65.4127,11881.6,2394.34
10,2.23347,0.29608,1,150.373,-28.3738,607.226,66.6605,11881.6,2442.99
10,2.23347,0.29608,2,6202.34,-16.9556,607.226,66.6605,11881.6,2442.99
10,2.24653,0.303655,1,153.106,-28.3731,618.675,67.9052,11881.6,2491.58
10,2.24653,0.303655,2,6258.45,-16.9529,618.675,67.9052,11881.6,2491.58
10,2.25959,0.311231,1,155.889,-28.3718,630.055,69.1387,11881.6,2539.83
10,2.25959,0.311231,2,6315.07,-16.9504,630.055,69.1387,11881.6,2539.83
10,2.27265,0.318806,1,158.723,-28.371,641.349,70.3577,11881.6,2587.55
10,2.27265,0.318806,2,6372.2,-16.9478,641.349,70.3577,11881.6,2587.55
10,2.28571,0.326382,1,161.608,-28.3688,652.554,71.562,11881.6,2634.76
10,2.28571,0.326382,2,6429.85,-16.9451,652.554,71.562,11881.6,2634.76
10,2.29878,0.333957,1,164.545,-28.3613,663.599,72.7459,11881.6,2681.24
10,2.29878,0.333957,2,6488.02,-16.9418,663.599,72.7459,11881.6,2681.24
10,2.31184,0.341533,1,166.033,-28.3515,674.504,73.9096,11881.6,2726.97
10,2.31184,0.341533,2,6546.72,-16.9375,674.504,73.9096,11881.6,2726.97
10,2.3249,0.349108,1,169.051,-28.3677,685.178,75.0444,11881.6,2771.58
10,2.3249,0.349108,2,6546.72,-16.9339,685.178,75.0444,11881.6,2771.58
10,2.33796,0.356684,1,172.124,-28.3664,695.656,76.1552,11881.6,2815.33
10,2.33796,0.356684,2,6605.94,-16.9344,695.656,76.1552,11881.6,2815.33
10,2.35102,0.364259,1,173.681,-28.3585,705.861,77.2315,11881.6,2857.76
10,2.35102,0.364259,2,6665.71,-16.9332,705.861,77.2315,11881.6,2857.76
10,2.36408,0.371835,1,176.838,-28.3689,715.793,78.2755,11881.6,2898.95
10,2.36408,0.371835,2,6726.01,-16.9291,715.793,78.2755,11881.6,2898.95
10,2.37714,0.37941,1,178.438,-28.363,725.418,79.2849,11881.6,2938.79
10,2.37714,0.37941,2,6726.01,-16.9259,725.418,79.2849,11881.6,2938.79
10,2.3902,0.386986,1,181.681,-28.3613,734.71,80.2542,11881.6,2977.11
10,2.3902,0.386986,2,6786.86,-16.9268,734.71,80.2542,11881.6,2977.11
10,2.40327,0.394561,1,183.324,-28.3716,743.647,81.1839,11881.6,3013.89
10,2.40327,0.394561,2,6848.26,-16.9221,743.647,81.1839,11881.6,3013.89
10,2.41633,0.402137,1,184.983,-28.3698,752.213,82.0726,11881.6,3049.05
10,2.41633,0.402137,2,6848.26,-16.922,752.213,82.0726,11881.6,3049.05
10,2.42939,0.409712,1,186.656,-28.364,760.362,82.9141,11881.6,3082.39
10,2.42939,0.409712,2,6910.21,-16.9201,760.362,82.9141,11881.6,3082.39
10,2.44245,0.417288,1,188.345,-28.3591,768.121,83.7141,11881.6,3114.08
10,2.44245,0.417288,2,6910.21,-16.918,768.121,83.7141,11881.6,3114.08
10,2.45551,0.424863,1,190.049,-28.3601,775.407,84.4618,11881.6,3143.74
10,2.45551,0.424863,2,6972.73,-16.9167,775.407,84.4618,11881.6,3143.74
10,2.46857,0.432439,1,191.768,-28.3651,782.267,85.1646,11881.6,3171.64
10,2.46857,0.432439,2,6972.73,-16.9158,782.267,85.1646,11881.6,3171.64
10,2.48163,0.440014,1,193.503,-28.3721,788.645,85.8172,11881.6,3197.49
10,2.48163,0.440014,2,7035.81,-16.9116,788.645,85.8172,11881.6,3197.49
10,2.49469,0.44759,1,195.254,-28.3765,794.515,86.4147,11881.6,3221.25
10,2.49469,0.44759,2,7035.81,-16.914,794.515,86.4147,11881.6,3221.25
10,2.50776,0.455165,1,197.02,-28.3692,799.913,86.9636,11881.6,3243.06
10,2.50776,0.455165,2,7035.81,-16.9108,799.913,86.9636,11881.6,3243.06
10,2.52082,0.462741,1,197.02,-28.368,804.788,87.4579,11881.6,3262.69
10,2.52082,0.462741,2,7099.46,-16.9083,804.788,87.4579,11881.6,3262.69
10,2.53388,0.470316,1,198.803,-28.3778,809.13,87.8975,11881.6,3280.19
10,2.53388,0.470316,2,7099.46,-16.9106,809.13,87.8975,11881.6,3280.19
10,2.54694,0.477892,1,198.803,-28.3647,812.928,88.2826,11881.6,3295.46
10,2.54694,0.477892,2,7099.46,-16.91,812.928,88.2826,11881.6,3295.46
10,2.56,0.485467,1,200.601,-28.3767,816.198,88.6122,11881.6,3308.59
10,2.56,0.485467,2,7099.46,-16.9074,816.198,88.6122,11881.6,3308.59
10,2.57306,0.493043,1,200.601,-28.3774,818.919,88.8867,11881.6,3319.49
10,2.57306,0.493043,2,7099.46,-16.9038,818.919,88.8867,11881.6,3319.49
10,2.58612,0.500618,1,200.601,-28.3625,821.08,89.1036,11881.6,3328.15
10,2.58612,0.500618,2,7163.69,-16.9046,821.08,89.1036,11881.6,3328.15
10,2.59918,0.508194,1,202.416,-28.3695,822.677,89.2646,11881.6,3334.55
10,2.59918,0.508194,2,7163.69,-16.9059,822.677,89.2646,11881.6,3334.55
10,2.61224,0.515769,1,202.416,-28.3762,823.706,89.368,11881.6,3338.68
10,2.61224,0.515769,2,7163.69,-16.9065,823.706,89.368,11881.6,3338.68
10,2.62531,0.523345,1,202.416,-28.3784,824.166,89.415,11881.6,3340.52
10,2.62531,0.523345,2,7163.69,-16.9067,824.166,89.415,11881.6,3340.52
10,2.63837,0.53092,1,202.416,-28.3781,824.181,89.4167,11881.6,3340.58
10,2.63837,0.53092,2,7163.69,-16.9068,824.181,89.4167,11881.6,3340.58
10,2.65143,0.538496,1,202.416,-28.3778,824.036,89.4018,11881.6,3340
10,2.65143,0.538496,2,7163.69,-16.9067,824.036,89.4018,11881.6,3340
10,2.66449,0.546071,1,202.416,-28.3762,823.685,89.3658,11881.6,3338.59
10,2.66449,0.546071,2,7163.69,-16.9065,823.685,89.3658,11881.6,3338.59
10,2.67755,0.553647,1,202.416,-28.3728,823.083,89.3048,11881.6,3336.18
10,2.67755,0.553647,2,7163.69,-16.9062,823.083,89.3048,11881.6,3336.18
10,2.69061,0.561222,1,202.416,-28.3654,822.197,89.2163,11881.6,3332.63
10,2.69061,0.561222,2,7163.69,-16.9056,822.197,89.2163,11881.6,3332.63
10,2.70367,0.568798,1,200.601,-28.3631,820.998,89.0951,11881.6,3327.82
10,2.70367,0.568798,2,7163.69,-16.9046,820.998,89.0951,11881.6,3327.82
10,2.71673,0.576373,1,200.601,-28.3747,819.467,88.9413,11881.6,3321.67
10,2.71673,0.576373,2,7099.46,-16.9029,819.467,88.9413,11881.6,3321.67
10,2.7298,0.583949,1,200.601,-28.3797,817.583,88.7515,11881.6,3314.14
10,2.7298,0.583949,2,7099.46,-16.9057,817.583,88.7515,11881.6,3314.14
10,2.74286,0.591524,1,200.601,-28.3719,815.331,88.5249,11881.6,3305.11
10,2.74286,0.591524,2,7099.46,-16.9082,815.331,88.5249,11881.6,3305.11
10,2.75592,0.5991,1,198.803,-28.3668,812.707,88.2601,11881.6,3294.58
10,2.75592,0.5991,2,7099.46,-16.9101,812.707,88.2601,11881.6,3294.58
10,2.76898,0.606675,1,198.803,-28.3786,809.699,87.9551,11881.6,3282.48
10,2.76898,0.606675,2,7099.46,-16.9107,809.699,87.9551,11881.6,3282.48
10,2.78204,0.614251,1,198.803,-28.359,806.289,87.6099,11881.6,3268.73
10,2.78204,0.614251,2,7099.46,-16.9094,806.289,87.6099,11881.6,3268.73
10,2.7951,0.621826,1,197.02,-28.3778,802.476,87.2232,11881.6,3253.39
10,2.7951,0.621826,2,7035.81,-16.9074,802.476,87.2232,11881.6,3253.39
10,2.80816,0.629402,1,195.254,-28.3567,798.25,86.795,11881.6,3236.35
10,2.80816,0.629402,2,7035.81,-16.9124,798.25,86.795,11881.6,3236.35
10,2.82122,0.636977,1,195.254,-28.375,793.63,86.3241,11881.6,3217.66
10,2.82122,0.636977,2,7035.81,-16.9141,793.63,86.3241,11881.6,3217.66
10,2.83429,0.644553,1,193.503,-28.3726,788.61,85.8129,11881.6,3197.35
10,2.83429,0.644553,2,7035.81,-16.9115,788.61,85.8129,11881.6,3197.35
10,2.84735,0.652128,1,191.768,-28.3565,783.179,85.2586,11881.6,3175.34
10,2.84735,0.652128,2,6972.73,-16.9151,783.179,85.2586,11881.6,3175.34
10,2.86041,0.659704,1,191.768,-28.3653,777.35,84.6608,11881.6,3151.63
10,2.86041,0.659704,2,6972.73,-16.9173,777.35,84.6608,11881.6,3151.63
10,2.87347,0.667279,1,190.049,-28.3711,771.153,84.0253,11881.6,3126.44
10,2.87347,0.667279,2,6910.21,-16.914,771.153,84.0253,11881.6,3126.44
10,2.88653,0.674855,1,188.345,-28.373,764.553,83.3463,11881.6,3099.5
10,2.88653,0.674855,2,6910.21,-16.9204,764.553,83.3463,11881.6,3099.5
10,2.89959,0.68243,1,186.656,-28.3725,757.599,82.6296,11881.6,3071.1
10,2.89959,0.68243,2,6910.21,-16.918,757.599,82.6296,11881.6,3071.1
10,2.91265,0.690006,1,184.983,-28.3713,750.284,81.8724,11881.6,3041.13
10,2.91265,0.690006,2,6848.26,-16.9233,750.284,81.8724,11881.6,3041.13
10,2.92571,0.697581,1,183.324,-28.3686,742.619,81.0776,11881.6,3009.67
10,2.92571,0.697581,2,6848.26,-16.9211,742.619,81.0776,11881.6,3009.67
10,2.93878,0.705157,1,181.681,-28.3603,734.633,80.2466,11881.6,2976.79
10,2.93878,0.705157,2,6786.86,-16.9269,734.633,80.2466,11881.6,2976.79
10,2.95184,0.712732,1,178.438,-28.3541,726.325,79.38,11881.6,2942.54
10,2.95184,0.712732,2,6726.01,-16.9246,726.325,79.38,11881.6,2942.54
10,2.9649,0.720308,1,176.838,-28.3686,717.726,78.4785,11881.6,2906.94
10,2.9649,0.720308,2,6726.01,-16.93,717.726,78.4785,11881.6,2906.94
10,2.97796,0.727883,1,175.252,-28.3673,708.848,77.5462,11881.6,2870.18
10,2.97796,0.727883,2,6665.71,-16.9318,708.848,77.5462,11881.6,2870.18
10,2.99102,0.735459,1,172.124,-28.3545,699.714,76.5823,11881.6,2832.19
10,2.99102,0.735459,2,6665.71,-16.93,699.714,76.5823,11881.6,2832.19
10,3.00408,0.743034,1,170.581,-28.37,690.336,75.5915,11881.6,2793.14
10,3.00408,0.743034,2,6605.94,-16.9361,690.336,75.5915,11881.6,2793.14
10,3.01714,0.75061,1,167.536,-28.352,680.752,74.5742,11881.6,2753.11
10,3.01714,0.75061,2,6546.72,-16.9386,680.752,74.5742,11881.6,2753.11
10,3.0302,0.758185,1,166.033,-28.3687,670.955,73.5304,11881.6,2712.07
10,3.0302,0.758185,2,6488.02,-16.9386,670.955,73.5304,11881.6,2712.07
10,3.04327,0.765761,1,163.07,-28.3641,661.011,72.469,11881.6,2670.37
10,3.04327,0.765761,2,6488.02,-16.9399,661.011,72.469,11881.6,2670.37
10,3.05633,0.773336,1,161.608,-28.3552,650.899,71.3845,11881.6,2627.8
10,3.05633,0.773336,2,6429.85,-16.9446,650.899,71.3845,11881.6,2627.8
10,3.06939,0.780912,1,158.723,-28.3694,640.682,70.285,11881.6,2584.72
10,3.06939,0.780912,2,6372.2,-16.9479,640.682,70.285,11881.6,2584.72
10,3.08245,0.788487,1,155.889,-28.371,630.35,69.1708,11881.6,2541.07
10,3.08245,0.788487,2,6315.07,-16.9502,630.35,69.1708,11881.6,2541.07
10,3.09551,0.796063,1,153.106,-28.3663,619.954,68.0438,11881.6,2496.99
10,3.09551,0.796063,2,6258.45,-16.952,619.954,68.0438,11881.6,2496.99
10,3.10857,0.803638,1,150.373,-28.3588,609.512,66.9106,11881.6,2452.72
10,3.10857,0.803638,2,6202.34,-16.9536,609.512,66.9106,11881.6,2452.72
10,3.12163,0.811214,1,149.025,-28.3533,599.045,65.7687,11881.6,2408.18
10,3.12163,0.811214,2,6146.73,-16.9552,599.045,65.7687,11881.6,2408.18
10,3.13469,0.818789,1,146.365,-28.3594,588.57,64.6227,11881.6,2363.54
10,3.13469,0.818789,2,6091.62,-16.9569,588.57,64.6227,11881.6,2363.54
10,3.14776,0.826365,1,143.752,-28.363,578.137,63.4782,11881.6,2319.03
10,3.14776,0.826365,2,6037,-16.9588,578.137,63.4782,11881.6,2319.03
10,3.16082,0.83394,1,141.186,-28.3639,567.734,62.3339,11881.6,2274.49
10,3.16082,0.83394,2,6037,-16.9613,567.734,62.3339,11881.6,2274.49
10,3.17388,0.841516,1,138.666,-28.3644,557.434,61.1978,11881.6,2230.43
10,3.17388,0.841516,2,5982.88,-16.9641,557.434,61.1978,11881.6,2230.43
10,3.18694,0.849091,1,136.19,-28.3616,547.209,60.0648,11881.6,2186.53
10,3.18694,0.849091,2,5929.24,-16.9667,547.209,60.0648,11881.6,2186.53
10,3.2,0.856667,1,132.56,-28.3694,537.13,58.9476,11881.6,2143.29
10,3.2,0.856667,2,5876.08,-16.9691,537.13,58.9476,11881.6,2143.29
10,3.21306,0.864242,1,130.194,-28.3774,527.176,57.8399,11881.6,2100.47
10,3.21306,0.864242,2,5771.18,-16.9716,527.176,57.8399,11881.6,2100.47
10,3.22612,0.871818,1,127.869,-28.3842,517.411,56.7514,11881.6,2058.45
10,3.22612,0.871818,2,5719.44,-16.9745,517.411,56.7514,11881.6,2058.45
10,3.23918,0.879393,1,125.587,-28.3912,507.815,55.6785,11881.6,2017.1
10,3.23918,0.879393,2,5668.16,-16.9773,507.815,55.6785,11881.6,2017.1
10,3.25224,0.886968,1,123.345,-28.3957,498.451,54.6299,11881.6,1976.74
10,3.25224,0.886968,2,5617.34,-16.98,498.451,54.6299,11881.6,1976.74
10,3.26531,0.894544,1,121.143,-28.3995,489.292,53.6013,11881.6,1937.2
10,3.26531,0.894544,2,5566.98,-16.9827,489.292,53.6013,11881.6,1937.2
10,3.27837,0.90212,1,118.981,-28.4027,480.409,52.6027,11881.6,1898.89
10,3.27837,0.90212,2,5517.06,-16.9852,480.409,52.6027,11881.6,1898.89
10,3.29143,0.909695,1,116.857,-28.4044,471.761,51.6275,11881.6,1861.48
10,3.29143,0.909695,2,5467.6,-16.9876,471.761,51.6275,11881.6,1861.48
10,3.30449,0.91727,1,114.771,-28.4081,463.423,50.6869,11881.6,1825.54
10,3.30449,0.91727,2,5418.58,-16.9897,463.423,50.6869,11881.6,1825.54
10,3.31755,0.924846,1,112.722,-28.4114,455.368,49.7751,11881.6,1790.66
10,3.31755,0.924846,2,5370,-16.9917,455.368,49.7751,11881.6,1790.66
10,3.33061,0.932422,1,110.71,-28.4148,447.621,48.8997,11881.6,1757.25
10,3.33061,0.932422,2,5321.85,-16.9933,447.621,48.8997,11881.6,1757.25
10,3.34367,0.939997,1,108.733,-28.4174,440.219,48.0602,11881.6,1725.26
10,3.34367,0.939997,2,5321.85,-16.9948,440.219,48.0602,11881.6,1725.26
10,3.35673,0.947572,1,106.792,-28.4155,433.132,47.2548,11881.6,1694.56
10,3.35673,0.947572,2,5274.14,-16.9977,433.132,47.2548,11881.6,1694.56
10,3.3698,0.955148,1,104.886,-28.404,426.401,46.4922,11881.6,1665.57
10,3.3698,0.955148,2,5226.85,-17.0006,426.401,46.4922,11881.6,1665.57
10,3.38286,0.962723,1,103.946,-28.4232,420.045,45.7683,11881.6,1638.11
10,3.38286,0.962723,2,5179.99,-17.0031,420.045,45.7683,11881.6,1638.11
10,3.39592,0.970299,1,102.09,-28.4292,414.038,45.0832,11881.6,1612.08
10,3.39592,0.970299,2,5133.54,-17.0049,414.038,45.0832,11881.6,1612.08
10,3.40898,0.977874,1,101.175,-28.4172,408.409,44.4429,11881.6,1587.86
10,3.40898,0.977874,2,5087.52,-17.0055,408.409,44.4429,11881.6,1587.86
10,3.42204,0.98545,1,99.3686,-28.4356,403.178,43.8476,11881.6,1565.32
10,3.42204,0.98545,2,5087.52,-17.0056,403.178,43.8476,11881.6,1565.32
10,3.4351,0.993025,1,98.4777,-28.4319,398.344,43.2957,11881.6,1544.43
10,3.4351,0.993025,2,5041.9,-17.009,398.344,43.2957,11881.6,1544.43
10,3.44816,0.000600934,1,96.7197,-28.4236,393.893,42.786,11881.6,1525.17
10,3.44816,0.000600934,2,4996.7,-17.0099,393.893,42.786,11881.6,1525.17
11,0,0.000298023,1,52.8999,-28.541,220.687,22.9924,7861.35,792.378
11,0,0.000298023,2,2782.57,-17.0056,220.687,22.9924,7861.35,792.378
11,0.0486168,0.00807691,1,51.9556,-28.5447,217.461,22.6251,7739.48,779.085
11,0.0486168,0.00807691,2,2732.9,-17.0046,217.461,22.6251,7739.48,779.085
11,0.0972336,0.0158557,1,51.4898,-28.5408,214.879,22.3335,7642.34,768.549
11,0.0972336,0.0158557,2,2708.39,-17.0052,214.879,22.3335,7642.34,768.549
11,0.14585,0.0236346,1,51.0281,-28.5382,212.94,22.1152,7569.69,760.713
11,0.14585,0.0236346,2,2684.11,-17.004,212.94,22.1152,7569.69,760.713
11,0.194467,0.0314135,1,50.5706,-28.5501,211.63,21.9688,7520.64,755.422
11,0.194467,0.0314135,2,2660.05,-17.0047,211.63,21.9688,7520.64,755.422
11,0.243084,0.0391923,1,50.5706,-28.5327,210.954,21.8928,7495.28,752.688
11,0.243084,0.0391923,2,2636.2,-17.0029,210.954,21.8928,7495.28,752.688
11,0.291701,0.0469712,1,50.5706,-28.5417,211.19,21.9197,7504.16,753.645
11,0.291701,0.0469712,2,2660.05,-17.0032,211.19,21.9197,7504.16,753.645
11,0.340317,0.05475,1,51.0281,-28.5404,213,22.1219,7571.96,760.958
11,0.340317,0.05475,2,2684.11,-17.0043,213,22.1219,7571.96,760.958
11,0.388934,0.0625289,1,51.4898,-28.5392,215.982,22.4568,7683.62,773.001
11,0.388934,0.0625289,2,2708.39,-17.0034,215.982,22.4568,7683.62,773.001
11,0.437551,0.0703078,1,52.4256,-28.5242,219.934,22.9068,7832.92,789.277
11,0.437551,0.0703078,2,2782.57,-17.0063,219.934,22.9068,7832.92,789.277
11,0.486168,0.0780866,1,53.8614,-28.5375,224.685,23.4461,8012.14,808.828
11,0.486168,0.0780866,2,2858.77,-17.0064,224.685,23.4461,8012.14,808.828
11,0.534785,0.0858655,1,55.3365,-28.5314,230.184,24.0703,8219.18,831.426
11,0.534785,0.0858655,2,2937.07,-17.0082,230.184,24.0703,8219.18,831.426
11,0.583401,0.0936444,1,56.852,-28.5296,236.481,24.7831,8455.69,857.258
11,0.583401,0.0936444,2,3017.5,-17.008,236.481,24.7831,8455.69,857.258
11,0.632018,0.101423,1,58.409,-28.508,243.466,25.5775,8718.85,886.189
11,0.632018,0.101423,2,3128.19,-17.0102,243.466,25.5775,8718.85,886.189
11,0.680635,0.109202,1,60.5515,-28.5173,251.208,26.461,9010.57,918.416
11,0.680635,0.109202,2,3242.94,-17.0104,251.208,26.461,9010.57,918.416
11,0.729252,0.116981,1,62.7727,-28.5151,259.675,27.4235,9328.3,953.56
11,0.729252,0.116981,2,3392.31,-17.0142,259.675,27.4235,9328.3,953.56
11,0.777868,0.12476,1,65.0753,-28.5073,268.868,28.4756,9674.03,992.106
11,0.777868,0.12476,2,3548.56,-17.0151,268.868,28.4756,9674.03,992.106
11,0.826485,0.132539,1,67.4623,-28.4896,278.848,29.6157,10048.2,1034
11,0.826485,0.132539,2,3712.01,-17.0172,278.848,29.6157,10048.2,1034
11,0.875102,0.140317,1,70.5697,-28.4962,289.541,30.8388,10448.2,1079.05
11,0.875102,0.140317,2,3882.98,-17.0204,289.541,30.8388,10448.2,1079.05
11,0.923719,0.148096,1,73.1583,-28.482,301.008,32.1524,10875.9,1127.57
11,0.923719,0.148096,2,4061.84,-17.022,301.008,32.1524,10875.9,1127.57
11,0.972336,0.155875,1,76.528,-28.4904,313.25,33.555,11330.7,1179.54
11,0.972336,0.155875,2,4287.36,-17.0258,313.25,33.555,11330.7,1179.54
11,1.02095,0.163654,1,80.0529,-28.4833,326.185,35.0373,11808.5,1234.57
11,1.02095,0.163654,2,4525.42,-17.0286,326.185,35.0373,11808.5,1234.57
11,1.06957,0.171433,1,83.7401,-28.4609,339.934,36.6141,11881.6,1293.41
11,1.06957,0.171433,2,4649.35,-17.0253,339.934,36.6141,11881.6,1293.41
11,1.11819,0.179212,1,86.8118,-28.4564,354.402,38.2708,11881.6,1355.34
11,1.11819,0.179212,2,4733.86,-17.0213,354.402,38.2708,11881.6,1355.34
11,1.1668,0.186991,1,90.8104,-28.4547,369.567,40.0057,11881.6,1420.44
11,1.1668,0.186991,2,4863.5,-17.0155,369.567,40.0057,11881.6,1420.44
11,1.21542,0.19477,1,94.9932,-28.4468,385.431,41.8218,11881.6,1488.79
11,1.21542,0.19477,2,4951.9,-17.0128,385.431,41.8218,11881.6,1488.79
11,1.26404,0.202548,1,99.3686,-28.4325,401.983,43.7108,11881.6,1560.16
11,1.26404,0.202548,2,5041.9,-17.0065,401.983,43.7108,11881.6,1560.16
11,1.31265,0.210327,1,103.946,-28.4088,419.188,45.6706,11881.6,1634.4
11,1.31265,0.210327,2,5179.99,-17.0028,419.188,45.6706,11881.6,1634.4
11,1.36127,0.218106,1,107.758,-28.4138,436.99,47.6933,11881.6,1711.27
11,1.36127,0.218106,2,5274.14,-16.9986,436.99,47.6933,11881.6,1711.27
11,1.40989,0.225885,1,112.722,-28.4109,455.347,49.7734,11881.6,1790.57
11,1.40989,0.225885,2,5370,-16.9917,455.347,49.7734,11881.6,1790.57
11,1.4585,0.233664,1,116.857,-28.3832,474.221,51.9035,11881.6,1872.09
11,1.4585,0.233664,2,5517.06,-16.9873,474.221,51.9035,11881.6,1872.09
11,1.50712,0.241443,1,122.239,-28.3983,493.559,54.0793,11881.6,1955.57
11,1.50712,0.241443,2,5617.34,-16.9836,493.559,54.0793,11881.6,1955.57
11,1.55574,0.249222,1,126.723,-28.3795,513.308,56.2921,11881.6,2040.74
11,1.55574,0.249222,2,5719.44,-16.9788,513.308,56.2921,11881.6,2040.74
11,1.60435,0.257,1,132.56,-28.3768,533.408,58.5334,11881.6,2127.26
11,1.60435,0.257,2,5823.39,-16.9735,533.408,58.5334,11881.6,2127.26
11,1.65297,0.264779,1,137.422,-28.3796,553.788,60.7944,11881.6,2214.79
11,1.65297,0.264779,2,5929.24,-16.9682,553.788,60.7944,11881.6,2214.79
11,1.70159,0.272558,1,142.463,-28.3772,574.388,63.0666,11881.6,2303
11,1.70159,0.272558,2,6037,-16.9633,574.388,63.0666,11881.6,2303
11,1.7502,0.280337,1,147.689,-28.3711,595.135,65.3418,11881.6,2391.55
11,1.7502,0.280337,2,6146.73,-16.9587,595.135,65.3418,11881.6,2391.55
11,1.79882,0.288116,1,153.106,-28.3562,615.951,67.61,11881.6,2480.05
11,1.79882,0.288116,2,6258.45,-16.9534,615.951,67.61,11881.6,2480.05
11,1.84744,0.295895,1,157.3,-28.3684,636.779,69.8633,11881.6,2568.21
11,1.84744,0.295895,2,6372.2,-16.9462,636.779,69.8633,11881.6,2568.21
11,1.89605,0.303674,1,163.07,-28.362,657.546,72.0979,11881.6,2655.79
11,1.89605,0.303674,2,6429.85,-16.9423,657.546,72.0979,11881.6,2655.79
11,1.94467,0.311452,1,167.536,-28.3698,678.153,74.2977,11881.6,2742.25
11,1.94467,0.311452,2,6546.72,-16.9392,678.153,74.2977,11881.6,2742.25
11,1.99329,0.319231,1,172.124,-28.3647,698.564,76.4618,11881.6,2827.42
11,1.99329,0.319231,2,6605.94,-16.9309,698.564,76.4618,11881.6,2827.42
11,2.0419,0.32701,1,176.838,-28.3629,718.675,78.5779,11881.6,2910.88
11,2.0419,0.32701,2,6726.01,-16.9302,718.675,78.5779,11881.6,2910.88
11,2.09052,0.334789,1,181.681,-28.3679,738.452,80.6435,11881.6,2992.53
11,2.09052,0.334789,2,6786.86,-16.9243,738.452,80.6435,11881.6,2992.53
11,2.13914,0.342568,1,186.656,-28.3723,757.827,82.6533,11881.6,3072.03
11,2.13914,0.342568,2,6910.21,-16.9182,757.827,82.6533,11881.6,3072.03
11,2.18776,0.350347,1,191.768,-28.3594,776.73,84.5973,11881.6,3149.12
11,2.18776,0.350347,2,6972.73,-16.9172,776.73,84.5973,11881.6,3149.12
11,2.23637,0.358126,1,195.254,-28.3766,795.096,86.4736,11881.6,3223.6
11,2.23637,0.358126,2,7035.81,-16.9139,795.096,86.4736,11881.6,3223.6
11,2.28499,0.365904,1,198.803,-28.3654,812.886,88.2779,11881.6,3295.3
11,2.28499,0.365904,2,7099.46,-16.91,812.886,88.2779,11881.6,3295.3
11,2.33361,0.373683,1,204.247,-28.3664,830.034,90.0039,11881.6,3363.97
11,2.33361,0.373683,2,7163.69,-16.9062,830.034,90.0039,11881.6,3363.97
11,2.38222,0.381462,1,207.96,-28.3729,846.493,91.6481,11881.6,3429.48
11,2.38222,0.381462,2,7228.5,-16.9031,846.493,91.6481,11881.6,3429.48
11,2.43084,0.389241,1,211.739,-28.3698,862.222,93.2096,11881.6,3491.74
11,2.43084,0.389241,2,7293.9,-16.9001,862.222,93.2096,11881.6,3491.74
11,2.47946,0.39702,1,213.655,-28.3789,877.174,94.6841,11881.6,3550.58
11,2.47946,0.39702,2,7359.88,-16.8963,877.174,94.6841,11881.6,3550.58
11,2.52807,0.404799,1,217.538,-28.3926,891.308,96.0686,11881.6,3605.89
11,2.52807,0.404799,2,7426.47,-16.8901,891.308,96.0686,11881.6,3605.89
11,2.57669,0.412578,1,221.492,-28.3766,904.589,97.3613,11881.6,3657.57
11,2.57669,0.412578,2,7426.47,-16.8891,904.589,97.3613,11881.6,3657.57
11,2.62531,0.420357,1,223.496,-28.3978,917,98.5634,11881.6,3705.61
11,2.62531,0.420357,2,7493.65,-16.8891,917,98.5634,11881.6,3705.61
11,2.67392,0.428135,1,225.518,-28.3963,928.518,99.672,11881.6,3749.99
11,2.67392,0.428135,2,7561.45,-16.8817,928.518,99.672,11881.6,3749.99
11,2.72254,0.435914,1,227.558,-28.3903,939.091,100.684,11881.6,3790.53
11,2.72254,0.435914,2,7561.45,-16.8846,939.091,100.684,11881.6,3790.53
11,2.77116,0.443693,1,229.617,-28.3893,948.719,101.602,11881.6,3827.29
11,2.77116,0.443693,2,7629.86,-16.8781,948.719,101.602,11881.6,3827.29
11,2.81977,0.451472,1,231.694,-28.3964,957.386,102.425,11881.6,3860.25
11,2.81977,0.451472,2,7629.86,-16.8813,957.386,102.425,11881.6,3860.25
11,2.86839,0.459251,1,233.79,-28.4072,965.062,103.152,11881.6,3889.36
11,2.86839,0.459251,2,7629.86,-16.8758,965.062,103.152,11881.6,3889.36
11,2.91701,0.46703,1,235.905,-28.4206,971.738,103.419,11881.6,3914.57
11,2.91701,0.46703,2,7698.88,-16.8762,971.738,103.419,11881.6,3914.57
11,2.96562,0.474809,1,235.905,-28.4557,977.418,103.419,11881.6,3935.99
11,2.96562,0.474809,2,7698.88,-16.8777,977.418,103.419,11881.6,3935.99
11,3.01424,0.482587,1,235.905,-28.4715,982.059,103.419,11881.6,3953.42
11,3.01424,0.482587,2,7698.88,-16.876,982.059,103.419,11881.6,3953.42
11,3.06286,0.490366,1,235.905,-28.4757,985.681,103.419,11881.6,3967.03
11,3.06286,0.490366,2,7698.88,-16.8728,985.681,103.419,11881.6,3967.03
11,3.11147,0.498145,1,238.04,-28.4918,988.282,103.419,11881.6,3976.78
11,3.11147,0.498145,2,7698.88,-16.8695,988.282,103.419,11881.6,3976.78
11,3.16009,0.505924,1,238.04,-28.5034,989.843,103.419,11881.6,3980.27
11,3.16009,0.505924,2,7768.53,-16.8692,989.843,103.419,11881.6,3980.27
11,3.20871,0.513703,1,238.04,-28.5065,990.361,103.419,11881.6,3980.27
11,3.20871,0.513703,2,7768.53,-16.8692,990.361,103.419,11881.6,3980.27
11,3.25732,0.521482,1,238.04,-28.5056,990.231,103.419,11881.6,3980.27
11,3.25732,0.521482,2,7768.53,-16.8692,990.231,103.419,11881.6,3980.27
11,3.30594,0.529261,1,238.04,-28.5024,989.679,103.419,11881.6,3980.27
11,3.30594,0.529261,2,7768.53,-16.8692,989.679,103.419,11881.6,3980.27
11,3.35456,0.537039,1,238.04,-28.4945,988.598,103.419,11881.6,3977.96
11,3.35456,0.537039,2,7698.88,-16.8691,988.598,103.419,11881.6,3977.96
11,3.40317,0.544818,1,238.04,-28.4795,986.901,103.419,11881.6,3971.6
11,3.40317,0.544818,2,7698.88,-16.8714,986.901,103.419,11881.6,3971.6
11,3.45179,0.552597,1,235.905,-28.4751,984.52,103.419,11881.6,3962.67
11,3.45179,0.552597,2,7698.88,-16.874,984.52,103.419,11881.6,3962.67
11,3.50041,0.560376,1,235.905,-28.4698,981.418,103.419,11881.6,3951.01
11,3.50041,0.560376,2,7698.88,-16.8764,981.418,103.419,11881.6,3951.01
11,3.54902,0.568155,1,235.905,-28.456,977.538,103.419,11881.6,3936.43
11,3.54902,0.568155,2,7698.88,-16.8777,977.538,103.419,11881.6,3936.43
11,3.59764,0.575934,1,235.905,-28.4286,972.831,103.419,11881.6,3918.7
11,3.59764,0.575934,2,7698.88,-16.8768,972.831,103.419,11881.6,3918.7
11,3.64626,0.583713,1,233.79,-28.3957,967.289,103.361,11881.6,3897.78
11,3.64626,0.583713,2,7629.86,-16.8727,967.289,103.361,11881.6,3897.78
11,3.69488,0.591491,1,233.79,-28.4031,960.908,102.758,11881.6,3873.62
11,3.69488,0.591491,2,7629.86,-16.8797,960.908,102.758,11881.6,3873.62
11,3.74349,0.59927,1,231.694,-28.4072,953.645,102.07,11881.6,3846.05
11,3.74349,0.59927,2,7629.86,-16.8811,953.645,102.07,11881.6,3846.05
11,3.79211,0.607049,1,229.617,-28.4041,945.532,101.299,11881.6,3815.14
11,3.79211,0.607049,2,7561.45,-16.8788,945.532,101.299,11881.6,3815.14
11,3.84073,0.614828,1,227.558,-28.4018,936.527,100.439,11881.6,3780.7
11,3.84073,0.614828,2,7561.45,-16.8853,936.527,100.439,11881.6,3780.7
11,3.88934,0.622607,1,225.518,-28.4006,926.683,99.4951,11881.6,3742.93
11,3.88934,0.622607,2,7493.65,-16.8815,926.683,99.4951,11881.6,3742.93
11,3.93796,0.630386,1,223.496,-28.3957,915.966,98.4629,11881.6,3701.63
11,3.93796,0.630386,2,7493.65,-16.8891,915.966,98.4629,11881.6,3701.63
11,3.98658,0.638165,1,221.492,-28.3752,904.408,97.3439,11881.6,3656.87
11,3.98658,0.638165,2,7426.47,-16.8893,904.408,97.3439,11881.6,3656.87
11,4.03519,0.645943,1,217.538,-28.3921,892.043,96.1398,11881.6,3608.75
11,4.03519,0.645943,2,7426.47,-16.8908,892.043,96.1398,11881.6,3608.75
11,4.08381,0.653722,1,215.588,-28.3721,878.862,94.8499,11881.6,3557.21
11,4.08381,0.653722,2,7359.88,-16.8966,878.862,94.8499,11881.6,3557.21
11,4.13243,0.661501,1,211.739,-28.3862,864.901,93.4746,11881.6,3502.32
11,4.13243,0.661501,2,7293.9,-16.899,864.901,93.4746,11881.6,3502.32
11,4.18104,0.66928,1,207.96,-28.3838,850.193,92.0173,11881.6,3444.17
11,4.18104,0.66928,2,7228.5,-16.9002,850.193,92.0173,11881.6,3444.17
11,4.22966,0.677059,1,204.247,-28.3793,834.781,90.4789,11881.6,3382.9
11,4.22966,0.677059,2,7163.69,-16.9016,834.781,90.4789,11881.6,3382.9
11,4.27828,0.684838,1,200.601,-28.378,818.701,88.8642,11881.6,3318.61
11,4.27828,0.684838,2,7099.46,-16.9041,818.701,88.8642,11881.6,3318.61
11,4.32689,0.692617,1,197.02,-28.3774,801.977,87.1728,11881.6,3251.38
11,4.32689,0.692617,2,7035.81,-16.9082,801.977,87.1728,11881.6,3251.38
11,4.37551,0.700395,1,193.503,-28.3654,784.676,85.4115,11881.6,3181.42
11,4.37551,0.700395,2,6972.73,-16.9134,784.676,85.4115,11881.6,3181.42
11,4.42413,0.708174,1,188.345,-28.3692,766.825,83.5808,11881.6,3108.79
11,4.42413,0.708174,2,6910.21,-16.9191,766.825,83.5808,11881.6,3108.79
11,4.47274,0.715953,1,184.983,-28.3609,748.488,81.6858,11881.6,3033.74
11,4.47274,0.715953,2,6848.26,-16.9239,748.488,81.6858,11881.6,3033.74
11,4.52136,0.723732,1,180.052,-28.3704,729.706,79.7329,11881.6,2956.48
11,4.52136,0.723732,2,6786.86,-16.9257,729.706,79.7329,11881.6,2956.48
11,4.56998,0.731511,1,175.252,-28.3701,710.567,77.7264,11881.6,2877.31
11,4.56998,0.731511,2,6665.71,-16.9301,710.567,77.7264,11881.6,2877.31
11,4.61859,0.73929,1,170.581,-28.3697,691.092,75.6719,11881.6,2796.3
11,4.61859,0.73929,2,6605.94,-16.9362,691.092,75.6719,11881.6,2796.3
11,4.66721,0.747069,1,166.033,-28.3699,671.399,73.5782,11881.6,2713.94
11,4.66721,0.747069,2,6488.02,-16.938,671.399,73.5782,11881.6,2713.94
11,4.71583,0.754848,1,161.608,-28.362,651.525,71.4521,11881.6,2630.43
11,4.71583,0.754848,2,6429.85,-16.9449,651.525,71.4521,11881.6,2630.43
11,4.76444,0.762626,1,155.889,-28.3642,631.527,69.298,11881.6,2546.05
11,4.76444,0.762626,2,6315.07,-16.9495,631.527,69.298,11881.6,2546.05
11,4.81306,0.770405,1,151.734,-28.3679,611.441,67.1196,11881.6,2460.92
11,4.81306,0.770405,2,6202.34,-16.9508,611.441,67.1196,11881.6,2460.92
11,4.86168,0.778184,1,146.365,-28.3751,591.376,64.9309,11881.6,2375.53
11,4.86168,0.778184,2,6146.73,-16.958,591.376,64.9309,11881.6,2375.53
11,4.91029,0.785963,1,141.186,-28.3713,571.392,62.7366,11881.6,2290.17
11,4.91029,0.785963,2,6037,-16.9641,571.392,62.7366,11881.6,2290.17
11,4.95891,0.793742,1,136.19,-28.3701,551.544,60.5458,11881.6,2205.14
11,4.95891,0.793742,2,5929.24,-16.9692,551.544,60.5458,11881.6,2205.14
11,5.00753,0.801521,1,131.371,-28.3768,531.907,58.3659,11881.6,2120.79
11,5.00753,0.801521,2,5823.39,-16.9741,531.907,58.3659,11881.6,2120.79
11,5.05615,0.8093,1,126.723,-28.3886,512.545,56.2069,11881.6,2037.44
11,5.05615,0.8093,2,5719.44,-16.979,512.545,56.2069,11881.6,2037.44
11,5.10476,0.817078,1,122.239,-28.398,493.509,54.0739,11881.6,1955.36
11,5.10476,0.817078,2,5617.34,-16.9836,493.509,54.0739,11881.6,1955.36
11,5.15338,0.824857,1,117.914,-28.3929,474.86,51.9769,11881.6,1874.87
11,5.15338,0.824857,2,5517.06,-16.9877,474.86,51.9769,11881.6,1874.87
11,5.202,0.832636,1,112.722,-28.4066,456.648,49.9209,11881.6,1796.21
11,5.202,0.832636,2,5418.58,-16.9909,456.648,49.9209,11881.6,1796.21
11,5.25061,0.840415,1,108.733,-28.4132,438.918,47.9123,11881.6,1719.63
11,5.25061,0.840415,2,5274.14,-16.9967,438.918,47.9123,11881.6,1719.63
11,5.29923,0.848194,1,103.946,-28.4231,421.711,45.9582,11881.6,1645.32
11,5.29923,0.848194,2,5179.99,-17.0027,421.711,45.9582,11881.6,1645.32
11,5.34785,0.855973,1,100.268,-28.424,405.072,44.0631,11881.6,1573.48
11,5.34785,0.855973,2,5087.52,-17.007,405.072,44.0631,11881.6,1573.48
11,5.39646,0.863752,1,95.8525,-28.4447,389.05,42.2347,11881.6,1504.35
11,5.39646,0.863752,2,4996.7,-17.0093,389.05,42.2347,11881.6,1504.35
11,5.44508,0.87153,1,91.632,-28.4385,373.666,40.4744,11881.6,1438.06
11,5.44508,0.87153,2,4863.5,-17.0156,373.666,40.4744,11881.6,1438.06
11,5.4937,0.879309,1,88.3897,-28.4613,358.938,38.7907,11881.6,1374.85
11,5.4937,0.879309,2,4776.68,-17.0202,358.938,38.7907,11881.6,1374.85
11,5.54231,0.887088,1,84.4977,-28.4697,344.862,37.1785,11881.6,1314.47
11,5.54231,0.887088,2,4691.41,-17.0229,344.862,37.1785,11881.6,1314.47
11,5.59093,0.894867,1,81.5079,-28.4744,331.526,35.6486,11881.6,1257.37
11,5.59093,0.894867,2,4566.36,-17.0273,331.526,35.6486,11881.6,1257.37
11,5.63955,0.902646,1,77.9189,-28.4872,318.89,34.2028,11539.6,1203.58
11,5.63955,0.902646,2,4404.78,-17.0254,318.89,34.2028,11539.6,1203.58
11,5.68816,0.910425,1,75.1618,-28.4825,306.919,32.8266,11095.1,1152.5
11,5.68816,0.910425,2,4173.08,-17.0243,306.919,32.8266,11095.1,1152.5
11,5.73678,0.918204,1,71.8523,-28.4879,295.769,31.5532,10680.9,1105.43
11,5.73678,0.918204,2,3989.33,-17.0217,295.769,31.5532,10680.9,1105.43
11,5.7854,0.925982,1,69.3099,-28.5013,285.233,30.3438,10286.6,1060.76
11,5.7854,0.925982,2,3813.67,-17.0191,285.233,30.3438,10286.6,1060.76
11,5.83401,0.933761,1,66.8575,-28.5055,275.534,29.2372,9924.18,1020.1
11,5.83401,0.933761,2,3645.74,-17.0175,275.534,29.2372,9924.18,1020.1
11,5.88263,0.94154,1,64.4918,-28.5104,266.448,28.198,9582.96,981.922
11,5.88263,0.94154,2,3485.21,-17.0139,266.448,28.198,9582.96,981.922
11,5.93125,0.949319,1,62.2099,-28.504,258.163,27.2526,9271.66,947.291
11,5.93125,0.949319,2,3361.89,-17.0137,258.163,27.2526,9271.66,947.291
11,5.97986,0.957098,1,60.5515,-28.517,250.53,26.3845,8985.04,915.593
11,5.97986,0.957098,2,3242.94,-17.0123,250.53,26.3845,8985.04,915.593
11,6.02848,0.964877,1,58.9374,-28.5036,243.606,25.5939,8724.11,886.77
11,6.02848,0.964877,2,3128.19,-17.0098,243.606,25.5939,8724.11,886.77
11,6.0771,0.972656,1,56.852,-28.5103,237.385,24.8847,8489.65,860.968
11,6.0771,0.972656,2,3044.8,-17.0097,237.385,24.8847,8489.65,860.968
11,6.12571,0.980434,1,55.8371,-28.5234,231.823,24.2559,8280.83,838.157
11,6.12571,0.980434,2,2963.64,-17.0083,231.823,24.2559,8280.83,838.157
11,6.17433,0.988213,1,54.3487,-28.5345,226.937,23.7022,8097.02,818.092
11,6.17433,0.988213,2,2884.64,-17.0078,226.937,23.7022,8097.02,818.092
11,6.22295,0.995992,1,53.3785,-28.5401,222.742,23.2262,7938.9,800.837
11,6.22295,0.995992,2,2833.14,-17.0049,222.742,23.2262,7938.9,800.837
11,6.27156,0.00377107,1,52.4256,-28.5439,219.169,22.8203,7804.02,786.125
11,6.27156,0.00377107,2,2757.62,-17.0047,219.169,22.8203,7804.02,786.125
11,6.32018,0.0115499,1,51.4898,-28.5298,216.224,22.4841,7692.69,773.983
11,6.32018,0.0115499,2,2732.9,-17.0045,216.224,22.4841,7692.69,773.983
11,6.3688,0.0193288,1,51.0281,-28.545,213.935,22.2277,7607,764.737
11,6.3688,0.0193288,2,2684.11,-17.0047,213.935,22.2277,7607,764.737
11,6.41741,0.0271077,1,50.5706,-28.5424,212.276,22.0418,7544.87,758.036
11,6.41741,0.0271077,2,2660.05,-17.0044,212.276,22.0418,7544.87,758.036
11,6.46603,0.0348865,1,50.5706,-28.5426,211.25,21.926,7506.38,753.885
11,6.46603,0.0348865,2,2660.05,-17.0035,211.25,21.926,7506.38,753.885
11,6.51465,0.0426654,1,50.1172,-28.5298,210.859,21.8815,7491.72,752.304
11,6.51465,0.0426654,2,2636.2,-17.0033,210.859,21.8815,7491.72,752.304
11,6.56327,0.0504442,1,50.5706,-28.5494,211.832,21.9919,7528.18,756.237
11,6.56327,0.0504442,2,2660.05,-17.0049,211.832,21.9919,7528.18,756.237
11,6.61188,0.0582231,1,51.0281,-28.5368,214.205,22.2579,7617.08,765.824
11,6.61188,0.0582231,2,2684.11,-17.0037,214.205,22.2579,7617.08,765.824
11,6.6605,0.066002,1,51.9556,-28.5409,217.64,22.6457,7746.24,779.823
11,6.6605,0.066002,2,2732.9,-17.0037,217.64,22.6457,7746.24,779.823
11,6.70912,0.0737808,1,53.3785,-28.5215,221.963,23.1372,7909.48,797.628
11,6.70912,0.0737808,2,2807.74,-17.0068,221.963,23.1372,7909.48,797.628
11,6.75773,0.0815597,1,54.3487,-28.534,227.038,23.7135,8100.83,818.507
11,6.75773,0.0815597,2,2884.64,-17.0078,227.038,23.7135,8100.83,818.507
11,6.80635,0.0893385,1,55.8371,-28.5275,232.914,24.3793,8321.8,842.632
11,6.80635,0.0893385,2,2963.64,-17.0073,232.914,24.3793,8321.8,842.632
11,6.85497,0.0971174,1,57.3663,-28.5061,239.505,25.124,8569.14,869.664
11,6.85497,0.0971174,2,3072.35,-17.0101,239.505,25.124,8569.14,869.664
11,6.90358,0.104896,1,59.4706,-28.5217,246.802,25.9592,8844.68,900.086
11,6.90358,0.104896,2,3185.05,-17.0115,246.802,25.9592,8844.68,900.086
11,6.9522,0.112675,1,61.6521,-28.5147,254.912,26.8834,9149.76,933.805
11,6.9522,0.112675,2,3301.88,-17.0114,254.912,26.8834,9149.76,933.805
11,7.00082,0.120454,1,63.9136,-28.509,263.663,27.8788,9478.09,970.2
11,7.00082,0.120454,2,3453.97,-17.015,263.663,27.8788,9478.09,970.2
11,7.04943,0.128233,1,66.258,-28.5063,273.252,28.9772,9838.63,1010.52
11,7.04943,0.128233,2,3613.06,-17.0169,273.252,28.9772,9838.63,1010.52
11,7.09805,0.136012,1,68.6885,-28.4916,283.49,30.1447,10221.5,1053.43
11,7.09805,0.136012,2,3779.48,-17.0192,283.49,30.1447,10221.5,1053.43
11,7.14667,0.143791,1,71.8523,-28.4944,294.593,31.4183,10637,1100.45
11,7.14667,0.143791,2,3953.56,-17.0208,294.593,31.4183,10637,1100.45
11,7.19528,0.151569,1,74.488,-28.4771,306.338,32.7614,11073.6,1150.06
11,7.19528,0.151569,2,4173.08,-17.0239,306.338,32.7614,11073.6,1150.06
11,7.2439,0.159348,1,77.9189,-28.487,318.943,34.2091,11541.6,1203.8
11,7.2439,0.159348,2,4404.78,-17.0256,318.943,34.2091,11541.6,1203.8
11,7.29252,0.167127,1,81.5079,-28.4836,332.253,35.7327,11881.6,1260.5
11,7.29252,0.167127,2,4566.36,-17.0262,332.253,35.7327,11881.6,1260.5
11,7.34113,0.174906,1,85.2621,-28.4647,346.28,37.3404,11881.6,1320.52
11,7.34113,0.174906,2,4691.41,-17.0237,346.28,37.3404,11881.6,1320.52
11,7.38975,0.182685,1,88.3897,-28.441,361.072,39.0355,11881.6,1384.03
11,7.38975,0.182685,2,4776.68,-17.0191,361.072,39.0355,11881.6,1384.03
11,7.43837,0.190464,1,92.4609,-28.4432,376.581,40.8093,11881.6,1450.66
11,7.43837,0.190464,2,4907.5,-17.0141,376.581,40.8093,11881.6,1450.66
11,7.48698,0.198243,1,96.7197,-28.4418,392.756,42.6555,11881.6,1520.24
11,7.48698,0.198243,2,4996.7,-17.0107,392.756,42.6555,11881.6,1520.24
11,7.5356,0.206021,1,101.175,-28.4326,409.596,44.5776,11881.6,1592.96
11,7.5356,0.206021,2,5087.52,-17.0038,409.596,44.5776,11881.6,1592.96
11,7.58422,0.2138,1,105.835,-28.4137,427.053,46.5654,11881.6,1668.38
11,7.58422,0.2138,2,5226.85,-17.0009,427.053,46.5654,11881.6,1668.38
11,7.63283,0.221579,1,109.717,-28.4057,445.094,48.6132,11881.6,1746.34
11,7.63283,0.221579,2,5321.85,-16.9963,445.094,48.6132,11881.6,1746.34
11,7.68145,0.229358,1,114.771,-28.4083,463.688,50.7173,11881.6,1826.68
11,7.68145,0.229358,2,5418.58,-16.9893,463.688,50.7173,11881.6,1826.68
11,7.73007,0.237137,1,120.057,-28.3798,482.783,52.8704,11881.6,1909.15
11,7.73007,0.237137,2,5566.98,-16.985,482.783,52.8704,11881.6,1909.15
11,7.77868,0.244916,1,124.461,-28.3953,502.315,55.0634,11881.6,1993.42
11,7.77868,0.244916,2,5668.16,-16.9813,502.315,55.0634,11881.6,1993.42
11,7.8273,0.252695,1,129.026,-28.3815,522.23,57.2899,11881.6,2079.22
11,7.8273,0.252695,2,5771.18,-16.9765,522.23,57.2899,11881.6,2079.22
11,7.87592,0.260473,1,134.969,-28.3653,542.459,59.5391,11881.6,2166.18
11,7.87592,0.260473,2,5876.08,-16.9715,542.459,59.5391,11881.6,2166.18
11,7.92454,0.268252,1,139.92,-28.3698,562.941,61.8051,11881.6,2254.01
11,7.92454,0.268252,2,5982.88,-16.9664,562.941,61.8051,11881.6,2254.01
11,7.97315,0.276031,1,145.053,-28.3646,583.595,64.0772,11881.6,2342.29
11,7.97315,0.276031,2,6091.62,-16.9614,583.595,64.0772,11881.6,2342.29
11,8.02177,0.28381,1,149.025,-28.3541,604.385,66.351,11881.6,2430.88
11,8.02177,0.28381,2,6202.34,-16.9561,604.385,66.351,11881.6,2430.88
11,8.07039,0.291589,1,154.492,-28.3691,625.211,68.6141,11881.6,2519.31
11,8.07039,0.291589,2,6315.07,-16.9494,625.211,68.6141,11881.6,2519.31
11,8.119,0.299368,1,160.159,-28.3663,646.059,70.8647,11881.6,2607.43
11,8.119,0.299368,2,6372.2,-16.944,646.059,70.8647,11881.6,2607.43
11,8.16762,0.307147,1,164.545,-28.3666,666.759,73.0836,11881.6,2694.49
11,8.16762,0.307147,2,6488.02,-16.942,666.759,73.0836,11881.6,2694.49
11,8.21624,0.314925,1,169.051,-28.3489,687.302,75.2697,11881.6,2780.46
11,8.21624,0.314925,2,6605.94,-16.9342,687.302,75.2697,11881.6,2780.46
11,8.26485,0.322704,1,175.252,-28.3575,707.575,77.4126,11881.6,2864.89
11,8.26485,0.322704,2,6665.71,-16.9326,707.575,77.4126,11881.6,2864.89
11,8.31347,0.330483,1,180.052,-28.3573,727.558,79.5087,11881.6,2947.63
11,8.31347,0.330483,2,6786.86,-16.9237,727.558,79.5087,11881.6,2947.63
11,8.36209,0.338262,1,183.324,-28.3534,747.173,81.5499,11881.6,3028.35
11,8.36209,0.338262,2,6848.26,-16.9238,747.173,81.5499,11881.6,3028.35
11,8.4107,0.346041,1,188.345,-28.3715,766.341,83.5308,11881.6,3106.82
11,8.4107,0.346041,2,6910.21,-16.9195,766.341,83.5308,11881.6,3106.82
11,8.45932,0.35382,1,193.503,-28.3683,785.021,85.4471,11881.6,3182.82
11,8.45932,0.35382,2,6972.73,-16.913,785.021,85.4471,11881.6,3182.82
11,8.50794,0.361599,1,197.02,-28.3764,803.133,87.2901,11881.6,3256.04
11,8.50794,0.361599,2,7099.46,-16.9065,803.133,87.2901,11881.6,3256.04
11,8.55655,0.369377,1,200.601,-28.3664,820.643,89.0599,11881.6,3326.39
11,8.55655,0.369377,2,7163.69,-16.9042,820.643,89.0599,11881.6,3326.39
11,8.60517,0.377156,1,206.095,-28.3628,837.479,90.7488,11881.6,3393.66
11,8.60517,0.377156,2,7228.5,-16.9007,837.479,90.7488,11881.6,3393.66
11,8.65379,0.384935,1,209.841,-28.3648,853.611,92.3563,11881.6,3457.72
11,8.65379,0.384935,2,7293.9,-16.8958,853.611,92.3563,11881.6,3457.72
11,8.7024,0.392714,1,211.739,-28.3757,868.984,93.8781,11881.6,3518.4
11,8.7024,0.392714,2,7293.9,-16.8952,868.984,93.8781,11881.6,3518.4
11,8.75102,0.400493,1,215.588,-28.3899,883.571,95.3121,11881.6,3575.64
11,8.75102,0.400493,2,7359.88,-16.895,883.571,95.3121,11881.6,3575.64
11,8.79964,0.408272,1,219.506,-28.3863,897.341,96.6568,11881.6,3629.39
11,8.79964,0.408272,2,7426.47,-16.8929,897.341,96.6568,11881.6,3629.39
11,8.84825,0.416051,1,221.492,-28.3942,910.249,97.9097,11881.6,3679.5
11,8.84825,0.416051,2,7493.65,-16.8865,910.249,97.9097,11881.6,3679.5
11,8.89687,0.423829,1,225.518,-28.3803,922.253,99.0687,11881.6,3725.87
11,8.89687,0.423829,2,7493.65,-16.8866,922.253,99.0687,11881.6,3725.87
11,8.94549,0.431608,1,227.558,-28.3969,933.346,100.134,11881.6,3768.52
11,8.94549,0.431608,2,7561.45,-16.8849,933.346,100.134,11881.6,3768.52
11,8.9941,0.439387,1,229.617,-28.4032,943.517,101.107,11881.6,3807.45
11,8.9941,0.439387,2,7561.45,-16.8812,943.517,101.107,11881.6,3807.45
11,9.04272,0.447166,1,231.694,-28.405,952.702,101.981,11881.6,3842.46
11,9.04272,0.447166,2,7629.86,-16.8808,952.702,101.981,11881.6,3842.46
11,9.09134,0.454945,1,233.79,-28.4033,960.939,102.761,11881.6,3873.73
11,9.09134,0.454945,2,7629.86,-16.8797,960.939,102.761,11881.6,3873.73
11,9.13995,0.462724,1,233.79,-28.3908,968.157,103.419,11881.6,3901.06
11,9.13995,0.462724,2,7698.88,-16.8731,968.157,103.419,11881.6,3901.06
11,9.18857,0.470503,1,235.905,-28.4391,974.404,103.419,11881.6,3924.63
11,9.18857,0.470503,2,7698.88,-16.8774,974.404,103.419,11881.6,3924.63
11,9.23719,0.478282,1,235.905,-28.4645,979.617,103.419,11881.6,3944.26
11,9.23719,0.478282,2,7698.88,-16.8772,979.617,103.419,11881.6,3944.26
11,9.2858,0.48606,1,235.905,-28.4742,983.799,103.419,11881.6,3959.96
11,9.2858,0.48606,2,7698.88,-16.8747,983.799,103.419,11881.6,3959.96
11,9.33442,0.493839,1,238.04,-28.4802,986.971,103.419,11881.6,3971.86
11,9.33442,0.493839,2,7698.88,-16.8713,986.971,103.419,11881.6,3971.86
11,9.38304,0.501618,1,238.04,-28.4987,989.109,103.419,11881.6,3979.87
11,9.38304,0.501618,2,7768.53,-16.8691,989.109,103.419,11881.6,3979.87
11,9.43166,0.509397,1,238.04,-28.5054,990.203,103.419,11881.6,3980.27
11,9.43166,0.509397,2,7768.53,-16.8692,990.203,103.419,11881.6,3980.27
11,9.48027,0.517176,1,238.04,-28.5063,990.341,103.419,11881.6,3980.27
11,9.48027,0.517176,2,7768.53,-16.8692,990.341,103.419,11881.6,3980.27
11,9.52889,0.524955,1,238.04,-28.5045,990.043,103.419,11881.6,3980.27
11,9.52889,0.524955,2,7768.53,-16.8692,990.043,103.419,11881.6,3980.27
11,9.57751,0.532734,1,238.04,-28.4998,989.269,103.419,11881.6,3980.27
11,9.57751,0.532734,2,7768.53,-16.8692,989.269,103.419,11881.6,3980.27
11,9.62612,0.540512,1,238.04,-28.4887,987.922,103.419,11881.6,3975.43
11,9.62612,0.540512,2,7698.88,-16.87,987.922,103.419,11881.6,3975.43
11,9.67474,0.548291,1,235.905,-28.4755,985.927,103.419,11881.6,3967.95
11,9.67474,0.548291,2,7698.88,-16.8725,985.927,103.419,11881.6,3967.95
11,9.72336,0.55607,1,235.905,-28.4734,983.228,103.419,11881.6,3957.81
11,9.72336,0.55607,2,7698.88,-16.8751,983.228,103.419,11881.6,3957.81
11,9.77197,0.563849,1,235.905,-28.4652,979.785,103.419,11881.6,3944.89
11,9.77197,0.563849,2,7698.88,-16.8772,979.785,103.419,11881.6,3944.89
11,9.82059,0.571628,1,235.905,-28.446,975.539,103.419,11881.6,3928.92
11,9.82059,0.571628,2,7698.88,-16.8776,975.539,103.419,11881.6,3928.92
11,9.86921,0.579407,1,235.905,-28.41,970.457,103.419,11881.6,3909.73
11,9.86921,0.579407,2,7698.88,-16.8752,970.457,103.419,11881.6,3909.73
11,9.91782,0.587186,1,233.79,-28.4088,964.549,103.102,11881.6,3887.42
11,9.91782,0.587186,2,7629.86,-16.8764,964.549,103.102,11881.6,3887.42
11,9.96644,0.594964,1,231.694,-28.3938,957.775,102.462,11881.6,3861.74
11,9.96644,0.594964,2,7629.86,-16.8812,957.775,102.462,11881.6,3861.74
11,10.0151,0.602743,1,231.694,-28.391,950.128,101.736,11881.6,3832.66
11,10.0151,0.602743,2,7629.86,-16.8793,950.128,101.736,11881.6,3832.66
11,10.0637,0.610522,1,229.617,-28.3942,941.624,100.926,11881.6,3800.22
11,10.0637,0.610522,2,7561.45,-16.883,941.624,100.926,11881.6,3800.22
11,10.1123,0.618301,1,227.558,-28.3902,932.242,100.029,11881.6,3764.29
11,10.1123,0.618301,2,7561.45,-16.8845,932.242,100.029,11881.6,3764.29
11,10.1609,0.62608,1,225.518,-28.3773,921.998,99.0449,11881.6,3724.88
11,10.1609,0.62608,2,7493.65,-16.8869,921.998,99.0449,11881.6,3724.88
11,10.2095,0.633859,1,221.492,-28.3912,910.914,97.9738,11881.6,3682.07
11,10.2095,0.633859,2,7493.65,-16.887,910.914,97.9738,11881.6,3682.07
11,10.2581,0.641638,1,219.506,-28.3935,898.983,96.8158,11881.6,3635.77
11,10.2581,0.641638,2,7426.47,-16.8927,898.983,96.8158,11881.6,3635.77
11,10.3068,0.649417,1,215.588,-28.3761,886.239,95.5728,11881.6,3586.06
11,10.3068,0.649417,2,7359.88,-16.8926,886.239,95.5728,11881.6,3586.06
11,10.3554,0.657195,1,213.655,-28.3862,872.721,94.2457,11881.6,3533.08
11,10.3554,0.657195,2,7359.88,-16.8936,872.721,94.2457,11881.6,3533.08
11,10.404,0.664974,1,209.841,-28.3854,858.432,92.834,11881.6,3476.78
11,10.404,0.664974,2,7293.9,-16.8996,858.432,92.834,11881.6,3476.78
11,10.4526,0.672753,1,206.095,-28.3776,843.41,91.3409,11881.6,3417.26
11,10.4526,0.672753,2,7228.5,-16.9037,843.41,91.3409,11881.6,3417.26
11,10.5012,0.680532,1,202.416,-28.374,827.69,89.7679,11881.6,3354.62
11,10.5012,0.680532,2,7163.69,-16.9072,827.69,89.7679,11881.6,3354.62
11,10.5498,0.688311,1,198.803,-28.3757,811.304,88.1182,11881.6,3288.94
11,10.5498,0.688311,2,7099.46,-16.9105,811.304,88.1182,11881.6,3288.94
11,10.5985,0.69609,1,195.254,-28.3764,794.32,86.3944,11881.6,3220.46
11,10.5985,0.69609,2,7035.81,-16.9141,794.32,86.3944,11881.6,3220.46
11,10.6471,0.703869,1,191.768,-28.36,776.758,84.6007,11881.6,3149.23
11,10.6471,0.703869,2,6972.73,-16.9172,776.758,84.6007,11881.6,3149.23
11,10.6957,0.711647,1,186.656,-28.3724,758.693,82.7422,11881.6,3075.58
11,10.6957,0.711647,2,6910.21,-16.919,758.693,82.7422,11881.6,3075.58
11,10.7443,0.719426,1,181.681,-28.3536,740.153,80.8208,11881.6,2999.54
11,10.7443,0.719426,2,6786.86,-16.9222,740.153,80.8208,11881.6,2999.54
11,10.7929,0.727205,1,178.438,-28.3608,721.208,78.8436,11881.6,2921.38
11,10.7929,0.727205,2,6726.01,-16.9297,721.208,78.8436,11881.6,2921.38
11,10.8415,0.734984,1,173.681,-28.3653,701.908,76.8141,11881.6,2841.3
11,10.8415,0.734984,2,6665.71,-16.9321,701.908,76.8141,11881.6,2841.3
11,10.8902,0.742763,1,169.051,-28.3621,682.311,74.7399,11881.6,2759.63
11,10.8902,0.742763,2,6546.72,-16.9375,682.311,74.7399,11881.6,2759.63
11,10.9388,0.750542,1,164.545,-28.3491,662.541,72.633,11881.6,2676.79
11,10.9388,0.750542,2,6488.02,-16.9412,662.541,72.633,11881.6,2676.79
11,10.9874,0.758321,1,158.723,-28.368,642.61,70.4933,11881.6,2592.88
11,10.9874,0.758321,2,6372.2,-16.9473,642.61,70.4933,11881.6,2592.88
11,11.036,0.766099,1,154.492,-28.3658,622.547,68.3251,11881.6,2508.01
11,11.036,0.766099,2,6258.45,-16.9489,622.547,68.3251,11881.6,2508.01
11,11.0846,0.773878,1,149.025,-28.3733,602.471,66.1415,11881.6,2422.72
11,11.0846,0.773878,2,6202.34,-16.9552,602.471,66.1415,11881.6,2422.72
11,11.1332,0.781657,1,143.752,-28.3626,582.434,63.9498,11881.6,2337.35
11,11.1332,0.781657,2,6091.62,-16.9615,582.434,63.9498,11881.6,2337.35
11,11.1819,0.789436,1,139.92,-28.3638,562.508,61.7582,11881.6,2252.15
11,11.1819,0.789436,2,5982.88,-16.9666,562.508,61.7582,11881.6,2252.15
11,11.2305,0.797215,1,134.969,-28.3702,542.75,59.572,11881.6,2167.43
11,11.2305,0.797215,2,5876.08,-16.9713,542.75,59.572,11881.6,2167.43
11,11.2791,0.804994,1,130.194,-28.369,523.227,57.4008,11881.6,2083.5
11,11.2791,0.804994,2,5771.18,-16.9762,523.227,57.4008,11881.6,2083.5
11,11.3277,0.812773,1,124.461,-28.3851,504,55.2518,11881.6,2000.68
11,11.3277,0.812773,2,5668.16,-16.9812,504,55.2518,11881.6,2000.68
11,11.3763,0.820551,1,120.057,-28.4005,485.125,53.1338,11881.6,1919.25
11,11.3763,0.820551,2,5566.98,-16.9859,485.125,53.1338,11881.6,1919.25
11,11.4249,0.82833,1,115.809,-28.3984,466.659,51.0523,11881.6,1839.5
11,11.4249,0.82833,2,5467.6,-16.9901,466.659,51.0523,11881.6,1839.5
11,11.4736,0.836109,1,110.71,-28.4093,448.658,49.0168,11881.6,1761.72
11,11.4736,0.836109,2,5370,-16.9933,448.658,49.0168,11881.6,1761.72
11,11.5222,0.843888,1,106.792,-28.4164,431.166,47.0316,11881.6,1686.1
11,11.5222,0.843888,2,5226.85,-16.9988,431.166,47.0316,11881.6,1686.1
11,11.5708,0.851667,1,102.09,-28.4279,414.216,45.1026,11881.6,1612.86
11,11.5708,0.851667,2,5133.54,-17.0048,414.216,45.1026,11881.6,1612.86
11,11.6194,0.859446,1,98.4777,-28.4252,397.856,43.2398,11881.6,1542.33
11,11.6194,0.859446,2,5041.9,-17.0089,397.856,43.2398,11881.6,1542.33
11,11.668,0.867225,1,94.1415,-28.449,382.1,41.4409,11881.6,1474.46
11,11.668,0.867225,2,4907.5,-17.0111,382.1,41.4409,11881.6,1474.46
11,11.7166,0.875003,1,89.9962,-28.4471,366.987,39.7116,11881.6,1409.4
11,11.7166,0.875003,2,4819.9,-17.0177,366.987,39.7116,11881.6,1409.4
11,11.7653,0.882782,1,86.8118,-28.4636,352.574,38.0601,11881.6,1347.46
11,11.7653,0.882782,2,4733.86,-17.022,352.574,38.0601,11881.6,1347.46
11,11.8139,0.890561,1,82.9893,-28.4752,338.838,36.4884,11881.6,1288.72
11,11.8139,0.890561,2,4649.35,-17.0245,338.838,36.4884,11881.6,1288.72
11,11.8625,0.89834,1,80.0529,-28.4753,325.767,34.9889,11793.2,1232.8
11,11.8625,0.89834,2,4525.42,-17.0276,325.767,34.9889,11793.2,1232.8
11,11.9111,0.906119,1,76.528,-28.4895,313.48,33.5815,11339.2,1180.53
11,11.9111,0.906119,2,4287.36,-17.0257,313.48,33.5815,11339.2,1180.53
11,11.9597,0.913898,1,73.8201,-28.4868,301.855,32.2499,10907.4,1131.15
11,11.9597,0.913898,2,4098.58,-17.0225,301.855,32.2499,10907.4,1131.15
11,12.0083,0.921677,1,70.5697,-28.4838,290.986,31.0048,10502.2,1085.17
11,12.0083,0.921677,2,3918.11,-17.0191,290.986,31.0048,10502.2,1085.17
11,12.057,0.929455,1,68.0726,-28.4985,280.823,29.8409,10122,1042.27
11,12.057,0.929455,2,3745.59,-17.0174,280.823,29.8409,10122,1042.27
11,12.1056,0.937234,1,65.664,-28.502,271.398,28.7655,9769.07,1002.74
11,12.1056,0.937234,2,3580.66,-17.0166,271.398,28.7655,9769.07,1002.74
11,12.1542,0.945013,1,63.3406,-28.5008,262.65,27.7624,9439.86,965.931
11,12.1542,0.945013,2,3423,-17.0127,262.65,27.7624,9439.86,965.931
11,12.2028,0.952792,1,61.6521,-28.5117,254.68,26.8565,9141.04,932.841
11,12.2028,0.952792,2,3301.88,-17.0123,254.68,26.8565,9141.04,932.841
11,12.2514,0.960571,1,59.4706,-28.5141,247.335,26.0192,8864.74,902.301
11,12.2514,0.960571,2,3185.05,-17.0103,247.335,26.0192,8864.74,902.301
11,12.3,0.96835,1,57.8853,-28.5252,240.745,25.2668,8616,874.835
11,12.3,0.96835,2,3100.15,-17.01,240.745,25.2668,8616,874.835
11,12.3487,0.976129,1,56.3423,-28.5281,234.826,24.5959,8393.63,850.478
11,12.3487,0.976129,2,2990.45,-17.007,234.826,24.5959,8393.63,850.478
11,12.3973,0.983907,1,55.3365,-28.5131,229.542,23.9977,8195.06,828.793
11,12.3973,0.983907,2,2910.73,-17.006,229.542,23.9977,8195.06,828.793
11,12.4459,0.991686,1,53.8614,-28.5371,224.987,23.481,8023.56,810.074
11,12.4459,0.991686,2,2858.77,-17.0072,224.987,23.481,8023.56,810.074
11,12.4945,0.999465,1,52.8999,-28.5417,221.07,23.036,7875.8,793.953
11,12.4945,0.999465,2,2807.74,-17.0047,221.07,23.036,7875.8,793.953
