preset,file,row,column,before,after,delta
factory_0,summary.csv,average_tracked_notch_db,value,-7.781094,-7.781094,0.0
factory_0,summary.csv,deepest_tracked_notch_db,value,-11.847352,-11.847352,0.0
factory_0,summary.csv,guitar_broadband_hf_db,value,-81.286453,-81.286453,0.0
factory_0,summary.csv,guitar_lr_correlation,value,0.999983,0.999983,0.0
factory_0,summary.csv,guitar_mono_fold_db,value,-4.1e-05,-4.1e-05,0.0
factory_0,summary.csv,guitar_side_to_mid_db,value,-50.288925,-50.288925,0.0
factory_0,summary.csv,sweep_broadband_hf_db,value,-82.313095,-82.313095,0.0
factory_0,summary.csv,sweep_lr_correlation,value,0.999995,0.999995,0.0
factory_0,summary.csv,sweep_mono_fold_db,value,-1.1e-05,-1.1e-05,0.0
factory_0,summary.csv,sweep_side_to_mid_db,value,-55.774082,-55.774082,0.0
factory_0,summary.csv,tracked_notch_count,value,12.0,12.0,0.0
factory_0,summary.csv,tracked_notch_high_hz,value,9171.75,9171.75,0.0
factory_0,summary.csv,tracked_notch_low_hz,value,30.746555,30.746555,0.0
factory_0,summary.csv,tracked_notch_span_oct,value,8.220629,8.220629,0.0
factory_0,summary.csv,worst_thd_db,value,-17.819794,-17.819794,0.0
factory_0,frequency_response.csv,0,time_s,0.0,0.0,0.0
factory_0,frequency_response.csv,0,freq_hz,20.0,20.0,0.0
factory_0,frequency_response.csv,0,gain_db,-6.734928,-6.734928,0.0
factory_0,frequency_response.csv,1,time_s,0.067227,0.067227,0.0
factory_0,frequency_response.csv,1,freq_hz,21.104536,21.104536,0.0
factory_0,frequency_response.csv,1,gain_db,-4.274783,-4.274783,0.0
factory_0,frequency_response.csv,2,time_s,0.134454,0.134454,0.0
factory_0,frequency_response.csv,2,freq_hz,22.270071,22.270071,0.0
factory_0,frequency_response.csv,2,gain_db,-3.867267,-3.867267,0.0
factory_0,frequency_response.csv,3,time_s,0.201681,0.201681,0.0
factory_0,frequency_response.csv,3,freq_hz,23.499975,23.499975,0.0
factory_0,frequency_response.csv,3,gain_db,-3.769021,-3.769021,0.0
factory_0,frequency_response.csv,4,time_s,0.268908,0.268908,0.0
factory_0,frequency_response.csv,4,freq_hz,24.797804,24.797804,0.0
factory_0,frequency_response.csv,4,gain_db,-3.300002,-3.300002,0.0
factory_0,frequency_response.csv,5,time_s,0.336134,0.336134,0.0
factory_0,frequency_response.csv,5,freq_hz,26.167307,26.167307,0.0
factory_0,frequency_response.csv,5,gain_db,-5.353409,-5.353409,0.0
factory_0,frequency_response.csv,6,time_s,0.403361,0.403361,0.0
factory_0,frequency_response.csv,6,freq_hz,27.612442,27.612442,0.0
factory_0,frequency_response.csv,6,gain_db,-5.680101,-5.680101,0.0
factory_0,frequency_response.csv,7,time_s,0.470588,0.470588,0.0
factory_0,frequency_response.csv,7,freq_hz,29.13739,29.13739,0.0
factory_0,frequency_response.csv,7,gain_db,-8.293921,-8.293921,0.0
factory_0,frequency_response.csv,8,time_s,0.537815,0.537815,0.0
factory_0,frequency_response.csv,8,freq_hz,30.746555,30.746555,0.0
factory_0,frequency_response.csv,8,gain_db,-8.730246,-8.730246,0.0
factory_0,frequency_response.csv,9,time_s,0.605042,0.605042,0.0
factory_0,frequency_response.csv,9,freq_hz,32.444588,32.444588,0.0
factory_0,frequency_response.csv,9,gain_db,-7.952085,-7.952085,0.0
factory_0,frequency_response.csv,10,time_s,0.672269,0.672269,0.0
factory_0,frequency_response.csv,10,freq_hz,34.236401,34.236401,0.0
factory_0,frequency_response.csv,10,gain_db,-7.884792,-7.884792,0.0
factory_0,frequency_response.csv,11,time_s,0.739496,0.739496,0.0
factory_0,frequency_response.csv,11,freq_hz,36.127167,36.127167,0.0
factory_0,frequency_response.csv,11,gain_db,-8.464228,-8.464228,0.0
factory_0,frequency_response.csv,12,time_s,0.806723,0.806723,0.0
factory_0,frequency_response.csv,12,freq_hz,38.122353,38.122353,0.0
factory_0,frequency_response.csv,12,gain_db,-9.031961,-9.031961,0.0
factory_0,frequency_response.csv,13,time_s,0.87395,0.87395,0.0
factory_0,frequency_response.csv,13,freq_hz,40.22773,40.22773,0.0
factory_0,frequency_response.csv,13,gain_db,-7.632546,-7.632546,0.0
factory_0,frequency_response.csv,14,time_s,0.941177,0.941177,0.0
factory_0,frequency_response.csv,14,freq_hz,42.449379,42.449379,0.0
factory_0,frequency_response.csv,14,gain_db,-4.382232,-4.382232,0.0
factory_0,frequency_response.csv,15,time_s,1.008403,1.008403,0.0
factory_0,frequency_response.csv,15,freq_hz,44.79372,44.79372,0.0
factory_0,frequency_response.csv,15,gain_db,-1.557323,-1.557323,0.0
factory_0,frequency_response.csv,16,time_s,1.07563,1.07563,0.0
factory_0,frequency_response.csv,16,freq_hz,47.267536,47.267536,0.0
factory_0,frequency_response.csv,16,gain_db,-0.897035,-0.897035,0.0
factory_0,frequency_response.csv,17,time_s,1.142857,1.142857,0.0
factory_0,frequency_response.csv,17,freq_hz,49.877968,49.877968,0.0
factory_0,frequency_response.csv,17,gain_db,-1.271986,-1.271986,0.0
factory_0,frequency_response.csv,18,time_s,1.210084,1.210084,0.0
factory_0,frequency_response.csv,18,freq_hz,52.632568,52.632568,0.0
factory_0,frequency_response.csv,18,gain_db,-2.114405,-2.114405,0.0
factory_0,frequency_response.csv,19,time_s,1.277311,1.277311,0.0
factory_0,frequency_response.csv,19,freq_hz,55.539299,55.539299,0.0
factory_0,frequency_response.csv,19,gain_db,-3.246601,-3.246601,0.0
factory_0,frequency_response.csv,20,time_s,1.344538,1.344538,0.0
factory_0,frequency_response.csv,20,freq_hz,58.606552,58.606552,0.0
factory_0,frequency_response.csv,20,gain_db,-3.920426,-3.920426,0.0
factory_0,frequency_response.csv,21,time_s,1.411765,1.411765,0.0
factory_0,frequency_response.csv,21,freq_hz,61.843204,61.843204,0.0
factory_0,frequency_response.csv,21,gain_db,-4.570173,-4.570173,0.0
factory_0,frequency_response.csv,22,time_s,1.478992,1.478992,0.0
factory_0,frequency_response.csv,22,freq_hz,65.258606,65.258606,0.0
factory_0,frequency_response.csv,22,gain_db,-4.506359,-4.506359,0.0
factory_0,frequency_response.csv,23,time_s,1.546218,1.546218,0.0
factory_0,frequency_response.csv,23,freq_hz,68.862625,68.862625,0.0
factory_0,frequency_response.csv,23,gain_db,-3.907126,-3.907126,0.0
factory_0,frequency_response.csv,24,time_s,1.613445,1.613445,0.0
factory_0,frequency_response.csv,24,freq_hz,72.665695,72.665695,0.0
factory_0,frequency_response.csv,24,gain_db,-2.503153,-2.503153,0.0
factory_0,frequency_response.csv,25,time_s,1.680672,1.680672,0.0
factory_0,frequency_response.csv,25,freq_hz,76.678787,76.678787,0.0
factory_0,frequency_response.csv,25,gain_db,-1.515861,-1.515861,0.0
factory_0,frequency_response.csv,26,time_s,1.747899,1.747899,0.0
factory_0,frequency_response.csv,26,freq_hz,80.913506,80.913506,0.0
factory_0,frequency_response.csv,26,gain_db,-0.989675,-0.989675,0.0
factory_0,frequency_response.csv,27,time_s,1.815126,1.815126,0.0
factory_0,frequency_response.csv,27,freq_hz,85.382095,85.382095,0.0
factory_0,frequency_response.csv,27,gain_db,-1.322254,-1.322254,0.0
factory_0,frequency_response.csv,28,time_s,1.882353,1.882353,0.0
factory_0,frequency_response.csv,28,freq_hz,90.097488,90.097488,0.0
factory_0,frequency_response.csv,28,gain_db,-2.277144,-2.277144,0.0
factory_0,frequency_response.csv,29,time_s,1.94958,1.94958,0.0
factory_0,frequency_response.csv,29,freq_hz,95.073273,95.073273,0.0
factory_0,frequency_response.csv,29,gain_db,-2.756597,-2.756597,0.0
factory_0,frequency_response.csv,30,time_s,2.016807,2.016807,0.0
factory_0,frequency_response.csv,30,freq_hz,100.323875,100.323875,0.0
factory_0,frequency_response.csv,30,gain_db,-2.36373,-2.36373,0.0
factory_0,frequency_response.csv,31,time_s,2.084034,2.084034,0.0
factory_0,frequency_response.csv,31,freq_hz,105.864441,105.864441,0.0
factory_0,frequency_response.csv,31,gain_db,-1.454825,-1.454825,0.0
factory_0,frequency_response.csv,32,time_s,2.151261,2.151261,0.0
factory_0,frequency_response.csv,32,freq_hz,111.710999,111.710999,0.0
factory_0,frequency_response.csv,32,gain_db,-1.027722,-1.027722,0.0
factory_0,frequency_response.csv,33,time_s,2.218488,2.218488,0.0
factory_0,frequency_response.csv,33,freq_hz,117.880432,117.880432,0.0
factory_0,frequency_response.csv,33,gain_db,-1.36491,-1.36491,0.0
factory_0,frequency_response.csv,34,time_s,2.285714,2.285714,0.0
factory_0,frequency_response.csv,34,freq_hz,124.390594,124.390594,0.0
factory_0,frequency_response.csv,34,gain_db,-3.703748,-3.703748,0.0
factory_0,frequency_response.csv,35,time_s,2.352941,2.352941,0.0
factory_0,frequency_response.csv,35,freq_hz,131.260284,131.260284,0.0
factory_0,frequency_response.csv,35,gain_db,-7.680082,-7.680082,0.0
factory_0,frequency_response.csv,36,time_s,2.420168,2.420168,0.0
factory_0,frequency_response.csv,36,freq_hz,138.509369,138.509369,0.0
factory_0,frequency_response.csv,36,gain_db,-11.69453,-11.69453,0.0
factory_0,frequency_response.csv,37,time_s,2.487395,2.487395,0.0
factory_0,frequency_response.csv,37,freq_hz,146.158783,146.158783,0.0
factory_0,frequency_response.csv,37,gain_db,-11.847352,-11.847352,0.0
factory_0,frequency_response.csv,38,time_s,2.554622,2.554622,0.0
factory_0,frequency_response.csv,38,freq_hz,154.230667,154.230667,0.0
factory_0,frequency_response.csv,38,gain_db,-9.661435,-9.661435,0.0
factory_0,frequency_response.csv,39,time_s,2.621849,2.621849,0.0
factory_0,frequency_response.csv,39,freq_hz,162.748337,162.748337,0.0
factory_0,frequency_response.csv,39,gain_db,-8.112868,-8.112868,0.0
factory_0,frequency_response.csv,40,time_s,2.689076,2.689076,0.0
factory_0,frequency_response.csv,40,freq_hz,171.73642,171.73642,0.0
factory_0,frequency_response.csv,40,gain_db,-7.314753,-7.314753,0.0
factory_0,frequency_response.csv,41,time_s,2.756303,2.756303,0.0
factory_0,frequency_response.csv,41,freq_hz,181.220856,181.220856,0.0
factory_0,frequency_response.csv,41,gain_db,-7.681017,-7.681017,0.0
factory_0,frequency_response.csv,42,time_s,2.823529,2.823529,0.0
factory_0,frequency_response.csv,42,freq_hz,191.229095,191.229095,0.0
factory_0,frequency_response.csv,42,gain_db,-9.244828,-9.244828,0.0
factory_0,frequency_response.csv,43,time_s,2.890756,2.890756,0.0
factory_0,frequency_response.csv,43,freq_hz,201.79007,201.79007,0.0
factory_0,frequency_response.csv,43,gain_db,-11.577333,-11.577333,0.0
factory_0,frequency_response.csv,44,time_s,2.957983,2.957983,0.0
factory_0,frequency_response.csv,44,freq_hz,212.93428,212.93428,0.0
factory_0,frequency_response.csv,44,gain_db,-11.223166,-11.223166,0.0
factory_0,frequency_response.csv,45,time_s,3.02521,3.02521,0.0
factory_0,frequency_response.csv,45,freq_hz,224.69397,224.69397,0.0
factory_0,frequency_response.csv,45,gain_db,-6.92786,-6.92786,0.0
factory_0,frequency_response.csv,46,time_s,3.092437,3.092437,0.0
factory_0,frequency_response.csv,46,freq_hz,237.103104,237.103104,0.0
factory_0,frequency_response.csv,46,gain_db,-3.312394,-3.312394,0.0
factory_0,frequency_response.csv,47,time_s,3.159664,3.159664,0.0
factory_0,frequency_response.csv,47,freq_hz,250.19754,250.19754,0.0
factory_0,frequency_response.csv,47,gain_db,-1.73361,-1.73361,0.0
factory_0,frequency_response.csv,48,time_s,3.226891,3.226891,0.0
factory_0,frequency_response.csv,48,freq_hz,264.015137,264.015137,0.0
factory_0,frequency_response.csv,48,gain_db,-1.361443,-1.361443,0.0
factory_0,frequency_response.csv,49,time_s,3.294118,3.294118,0.0
factory_0,frequency_response.csv,49,freq_hz,278.595856,278.595856,0.0
factory_0,frequency_response.csv,49,gain_db,-1.576739,-1.576739,0.0
factory_0,frequency_response.csv,50,time_s,3.361345,3.361345,0.0
factory_0,frequency_response.csv,50,freq_hz,293.981812,293.981812,0.0
factory_0,frequency_response.csv,50,gain_db,-2.431422,-2.431422,0.0
factory_0,frequency_response.csv,51,time_s,3.428571,3.428571,0.0
factory_0,frequency_response.csv,51,freq_hz,310.217468,310.217468,0.0
factory_0,frequency_response.csv,51,gain_db,-5.011694,-5.011694,0.0
factory_0,frequency_response.csv,52,time_s,3.495798,3.495798,0.0
factory_0,frequency_response.csv,52,freq_hz,327.349792,327.349792,0.0
factory_0,frequency_response.csv,52,gain_db,-9.673701,-9.673701,0.0
factory_0,frequency_response.csv,53,time_s,3.563025,3.563025,0.0
factory_0,frequency_response.csv,53,freq_hz,345.428284,345.428284,0.0
factory_0,frequency_response.csv,53,gain_db,-10.852293,-10.852293,0.0
factory_0,frequency_response.csv,54,time_s,3.630252,3.630252,0.0
factory_0,frequency_response.csv,54,freq_hz,364.505157,364.505157,0.0
factory_0,frequency_response.csv,54,gain_db,-6.742301,-6.742301,0.0
factory_0,frequency_response.csv,55,time_s,3.697479,3.697479,0.0
factory_0,frequency_response.csv,55,freq_hz,384.63562,384.63562,0.0
factory_0,frequency_response.csv,55,gain_db,-3.810004,-3.810004,0.0
factory_0,frequency_response.csv,56,time_s,3.764706,3.764706,0.0
factory_0,frequency_response.csv,56,freq_hz,405.877808,405.877808,0.0
factory_0,frequency_response.csv,56,gain_db,-2.217371,-2.217371,0.0
factory_0,frequency_response.csv,57,time_s,3.831933,3.831933,0.0
factory_0,frequency_response.csv,57,freq_hz,428.293121,428.293121,0.0
factory_0,frequency_response.csv,57,gain_db,-1.448207,-1.448207,0.0
factory_0,frequency_response.csv,58,time_s,3.89916,3.89916,0.0
factory_0,frequency_response.csv,58,freq_hz,451.946381,451.946381,0.0
factory_0,frequency_response.csv,58,gain_db,-1.095794,-1.095794,0.0
factory_0,frequency_response.csv,59,time_s,3.966387,3.966387,0.0
factory_0,frequency_response.csv,59,freq_hz,476.905945,476.905945,0.0
factory_0,frequency_response.csv,59,gain_db,-0.931352,-0.931352,0.0
factory_0,frequency_response.csv,60,time_s,4.033614,4.033614,0.0
factory_0,frequency_response.csv,60,freq_hz,503.244019,503.244019,0.0
factory_0,frequency_response.csv,60,gain_db,-1.022589,-1.022589,0.0
factory_0,frequency_response.csv,61,time_s,4.100841,4.100841,0.0
factory_0,frequency_response.csv,61,freq_hz,531.03656,531.03656,0.0
factory_0,frequency_response.csv,61,gain_db,-1.372379,-1.372379,0.0
factory_0,frequency_response.csv,62,time_s,4.168067,4.168067,0.0
factory_0,frequency_response.csv,62,freq_hz,560.364014,560.364014,0.0
factory_0,frequency_response.csv,62,gain_db,-2.271795,-2.271795,0.0
factory_0,frequency_response.csv,63,time_s,4.235294,4.235294,0.0
factory_0,frequency_response.csv,63,freq_hz,591.311096,591.311096,0.0
factory_0,frequency_response.csv,63,gain_db,-4.225596,-4.225596,0.0
factory_0,frequency_response.csv,64,time_s,4.302521,4.302521,0.0
factory_0,frequency_response.csv,64,freq_hz,623.967346,623.967346,0.0
factory_0,frequency_response.csv,64,gain_db,-7.592537,-7.592537,0.0
factory_0,frequency_response.csv,65,time_s,4.369748,4.369748,0.0
factory_0,frequency_response.csv,65,freq_hz,658.427063,658.427063,0.0
factory_0,frequency_response.csv,65,gain_db,-10.688532,-10.688532,0.0
factory_0,frequency_response.csv,66,time_s,4.436975,4.436975,0.0
factory_0,frequency_response.csv,66,freq_hz,694.789795,694.789795,0.0
factory_0,frequency_response.csv,66,gain_db,-10.195539,-10.195539,0.0
factory_0,frequency_response.csv,67,time_s,4.504202,4.504202,0.0
factory_0,frequency_response.csv,67,freq_hz,733.160889,733.160889,0.0
factory_0,frequency_response.csv,67,gain_db,-9.251985,-9.251985,0.0
factory_0,frequency_response.csv,68,time_s,4.571429,4.571429,0.0
factory_0,frequency_response.csv,68,freq_hz,773.651001,773.651001,0.0
factory_0,frequency_response.csv,68,gain_db,-9.690976,-9.690976,0.0
factory_0,frequency_response.csv,69,time_s,4.638656,4.638656,0.0
factory_0,frequency_response.csv,69,freq_hz,816.377197,816.377197,0.0
factory_0,frequency_response.csv,69,gain_db,-10.602625,-10.602625,0.0
factory_0,frequency_response.csv,70,time_s,4.705883,4.705883,0.0
factory_0,frequency_response.csv,70,freq_hz,861.463074,861.463074,0.0
factory_0,frequency_response.csv,70,gain_db,-9.618372,-9.618372,0.0
factory_0,frequency_response.csv,71,time_s,4.773109,4.773109,0.0
factory_0,frequency_response.csv,71,freq_hz,909.03894,909.03894,0.0
factory_0,frequency_response.csv,71,gain_db,-5.801864,-5.801864,0.0
factory_0,frequency_response.csv,72,time_s,4.840336,4.840336,0.0
factory_0,frequency_response.csv,72,freq_hz,959.242249,959.242249,0.0
factory_0,frequency_response.csv,72,gain_db,-2.495365,-2.495365,0.0
factory_0,frequency_response.csv,73,time_s,4.907563,4.907563,0.0
factory_0,frequency_response.csv,73,freq_hz,1012.218079,1012.218079,0.0
factory_0,frequency_response.csv,73,gain_db,-0.975964,-0.975964,0.0
factory_0,frequency_response.csv,74,time_s,4.97479,4.97479,0.0
factory_0,frequency_response.csv,74,freq_hz,1068.119629,1068.119629,0.0
factory_0,frequency_response.csv,74,gain_db,-0.5343,-0.5343,0.0
factory_0,frequency_response.csv,75,time_s,5.042017,5.042017,0.0
factory_0,frequency_response.csv,75,freq_hz,1127.108398,1127.108398,0.0
factory_0,frequency_response.csv,75,gain_db,-0.486944,-0.486944,0.0
factory_0,frequency_response.csv,76,time_s,5.109244,5.109244,0.0
factory_0,frequency_response.csv,76,freq_hz,1189.355103,1189.355103,0.0
factory_0,frequency_response.csv,76,gain_db,-0.485345,-0.485345,0.0
factory_0,frequency_response.csv,77,time_s,5.176471,5.176471,0.0
factory_0,frequency_response.csv,77,freq_hz,1255.039307,1255.039307,0.0
factory_0,frequency_response.csv,77,gain_db,-0.496043,-0.496043,0.0
factory_0,frequency_response.csv,78,time_s,5.243698,5.243698,0.0
factory_0,frequency_response.csv,78,freq_hz,1324.351074,1324.351074,0.0
factory_0,frequency_response.csv,78,gain_db,-0.519452,-0.519452,0.0
factory_0,frequency_response.csv,79,time_s,5.310925,5.310925,0.0
factory_0,frequency_response.csv,79,freq_hz,1397.490845,1397.490845,0.0
factory_0,frequency_response.csv,79,gain_db,-0.550695,-0.550695,0.0
factory_0,frequency_response.csv,80,time_s,5.378151,5.378151,0.0
factory_0,frequency_response.csv,80,freq_hz,1474.669678,1474.669678,0.0
factory_0,frequency_response.csv,80,gain_db,-0.56886,-0.56886,0.0
factory_0,frequency_response.csv,81,time_s,5.445378,5.445378,0.0
factory_0,frequency_response.csv,81,freq_hz,1556.110962,1556.110962,0.0
factory_0,frequency_response.csv,81,gain_db,-0.582608,-0.582608,0.0
factory_0,frequency_response.csv,82,time_s,5.512605,5.512605,0.0
factory_0,frequency_response.csv,82,freq_hz,1642.050049,1642.050049,0.0
factory_0,frequency_response.csv,82,gain_db,-0.653982,-0.653982,0.0
factory_0,frequency_response.csv,83,time_s,5.579832,5.579832,0.0
factory_0,frequency_response.csv,83,freq_hz,1732.735107,1732.735107,0.0
factory_0,frequency_response.csv,83,gain_db,-1.043903,-1.043903,0.0
factory_0,frequency_response.csv,84,time_s,5.647059,5.647059,0.0
factory_0,frequency_response.csv,84,freq_hz,1828.428467,1828.428467,0.0
factory_0,frequency_response.csv,84,gain_db,-2.223475,-2.223475,0.0
factory_0,frequency_response.csv,85,time_s,5.714286,5.714286,0.0
factory_0,frequency_response.csv,85,freq_hz,1929.406738,1929.406738,0.0
factory_0,frequency_response.csv,85,gain_db,-3.942201,-3.942201,0.0
factory_0,frequency_response.csv,86,time_s,5.781513,5.781513,0.0
factory_0,frequency_response.csv,86,freq_hz,2035.96167,2035.96167,0.0
factory_0,frequency_response.csv,86,gain_db,-4.873176,-4.873176,0.0
factory_0,frequency_response.csv,87,time_s,5.84874,5.84874,0.0
factory_0,frequency_response.csv,87,freq_hz,2148.401367,2148.401367,0.0
factory_0,frequency_response.csv,87,gain_db,-4.383327,-4.383327,0.0
factory_0,frequency_response.csv,88,time_s,5.915967,5.915967,0.0
factory_0,frequency_response.csv,88,freq_hz,2267.050537,2267.050537,0.0
factory_0,frequency_response.csv,88,gain_db,-3.136701,-3.136701,0.0
factory_0,frequency_response.csv,89,time_s,5.983193,5.983193,0.0
factory_0,frequency_response.csv,89,freq_hz,2392.252441,2392.252441,0.0
factory_0,frequency_response.csv,89,gain_db,-1.696307,-1.696307,0.0
factory_0,frequency_response.csv,90,time_s,6.05042,6.05042,0.0
factory_0,frequency_response.csv,90,freq_hz,2524.368896,2524.368896,0.0
factory_0,frequency_response.csv,90,gain_db,-0.958975,-0.958975,0.0
factory_0,frequency_response.csv,91,time_s,6.117647,6.117647,0.0
factory_0,frequency_response.csv,91,freq_hz,2663.781738,2663.781738,0.0
factory_0,frequency_response.csv,91,gain_db,-1.011562,-1.011562,0.0
factory_0,frequency_response.csv,92,time_s,6.184874,6.184874,0.0
factory_0,frequency_response.csv,92,freq_hz,2810.893799,2810.893799,0.0
factory_0,frequency_response.csv,92,gain_db,-1.343637,-1.343637,0.0
factory_0,frequency_response.csv,93,time_s,6.252101,6.252101,0.0
factory_0,frequency_response.csv,93,freq_hz,2966.130371,2966.130371,0.0
factory_0,frequency_response.csv,93,gain_db,-1.662174,-1.662174,0.0
factory_0,frequency_response.csv,94,time_s,6.319328,6.319328,0.0
factory_0,frequency_response.csv,94,freq_hz,3129.94043,3129.94043,0.0
factory_0,frequency_response.csv,94,gain_db,-1.923736,-1.923736,0.0
factory_0,frequency_response.csv,95,time_s,6.386555,6.386555,0.0
factory_0,frequency_response.csv,95,freq_hz,3302.796875,3302.796875,0.0
factory_0,frequency_response.csv,95,gain_db,-2.145647,-2.145647,0.0
factory_0,frequency_response.csv,96,time_s,6.453782,6.453782,0.0
factory_0,frequency_response.csv,96,freq_hz,3485.199951,3485.199951,0.0
factory_0,frequency_response.csv,96,gain_db,-2.347977,-2.347977,0.0
factory_0,frequency_response.csv,97,time_s,6.521008,6.521008,0.0
factory_0,frequency_response.csv,97,freq_hz,3677.676025,3677.676025,0.0
factory_0,frequency_response.csv,97,gain_db,-2.542583,-2.542583,0.0
factory_0,frequency_response.csv,98,time_s,6.588235,6.588235,0.0
factory_0,frequency_response.csv,98,freq_hz,3880.782471,3880.782471,0.0
factory_0,frequency_response.csv,98,gain_db,-2.726127,-2.726127,0.0
factory_0,frequency_response.csv,99,time_s,6.655462,6.655462,0.0
factory_0,frequency_response.csv,99,freq_hz,4095.105469,4095.105469,0.0
factory_0,frequency_response.csv,99,gain_db,-2.883176,-2.883176,0.0
factory_0,frequency_response.csv,100,time_s,6.722689,6.722689,0.0
factory_0,frequency_response.csv,100,freq_hz,4321.265137,4321.265137,0.0
factory_0,frequency_response.csv,100,gain_db,-2.988327,-2.988327,0.0
factory_0,frequency_response.csv,101,time_s,6.789916,6.789916,0.0
factory_0,frequency_response.csv,101,freq_hz,4559.914551,4559.914551,0.0
factory_0,frequency_response.csv,101,gain_db,-3.005956,-3.005956,0.0
factory_0,frequency_response.csv,102,time_s,6.857143,6.857143,0.0
factory_0,frequency_response.csv,102,freq_hz,4811.744141,4811.744141,0.0
factory_0,frequency_response.csv,102,gain_db,-2.866548,-2.866548,0.0
factory_0,frequency_response.csv,103,time_s,6.92437,6.92437,0.0
factory_0,frequency_response.csv,103,freq_hz,5077.481445,5077.481445,0.0
factory_0,frequency_response.csv,103,gain_db,-2.573169,-2.573169,0.0
factory_0,frequency_response.csv,104,time_s,6.991597,6.991597,0.0
factory_0,frequency_response.csv,104,freq_hz,5357.894531,5357.894531,0.0
factory_0,frequency_response.csv,104,gain_db,-2.303846,-2.303846,0.0
factory_0,frequency_response.csv,105,time_s,7.058824,7.058824,0.0
factory_0,frequency_response.csv,105,freq_hz,5653.793457,5653.793457,0.0
factory_0,frequency_response.csv,105,gain_db,-2.268409,-2.268409,0.0
factory_0,frequency_response.csv,106,time_s,7.12605,7.12605,0.0
factory_0,frequency_response.csv,106,freq_hz,5966.034668,5966.034668,0.0
factory_0,frequency_response.csv,106,gain_db,-2.492035,-2.492035,0.0
factory_0,frequency_response.csv,107,time_s,7.193277,7.193277,0.0
factory_0,frequency_response.csv,107,freq_hz,6295.519531,6295.519531,0.0
factory_0,frequency_response.csv,107,gain_db,-2.909828,-2.909828,0.0
factory_0,frequency_response.csv,108,time_s,7.260504,7.260504,0.0
factory_0,frequency_response.csv,108,freq_hz,6643.200684,6643.200684,0.0
factory_0,frequency_response.csv,108,gain_db,-3.50252,-3.50252,0.0
factory_0,frequency_response.csv,109,time_s,7.327731,7.327731,0.0
factory_0,frequency_response.csv,109,freq_hz,7010.083008,7010.083008,0.0
factory_0,frequency_response.csv,109,gain_db,-4.071702,-4.071702,0.0
factory_0,frequency_response.csv,110,time_s,7.394958,7.394958,0.0
factory_0,frequency_response.csv,110,freq_hz,7397.227539,7397.227539,0.0
factory_0,frequency_response.csv,110,gain_db,-4.458174,-4.458174,0.0
factory_0,frequency_response.csv,111,time_s,7.462185,7.462185,0.0
factory_0,frequency_response.csv,111,freq_hz,7805.752441,7805.752441,0.0
factory_0,frequency_response.csv,111,gain_db,-4.672253,-4.672253,0.0
factory_0,frequency_response.csv,112,time_s,7.529412,7.529412,0.0
factory_0,frequency_response.csv,112,freq_hz,8236.839844,8236.839844,0.0
factory_0,frequency_response.csv,112,gain_db,-4.778174,-4.778174,0.0
factory_0,frequency_response.csv,113,time_s,7.596639,7.596639,0.0
factory_0,frequency_response.csv,113,freq_hz,8691.733398,8691.733398,0.0
factory_0,frequency_response.csv,113,gain_db,-4.825024,-4.825024,0.0
factory_0,frequency_response.csv,114,time_s,7.663866,7.663866,0.0
factory_0,frequency_response.csv,114,freq_hz,9171.75,9171.75,0.0
factory_0,frequency_response.csv,114,gain_db,-4.836886,-4.836886,0.0
factory_0,frequency_response.csv,115,time_s,7.731092,7.731092,0.0
factory_0,frequency_response.csv,115,freq_hz,9678.276367,9678.276367,0.0
factory_0,frequency_response.csv,115,gain_db,-4.823221,-4.823221,0.0
factory_0,frequency_response.csv,116,time_s,7.798319,7.798319,0.0
factory_0,frequency_response.csv,116,freq_hz,10212.776367,10212.776367,0.0
factory_0,frequency_response.csv,116,gain_db,-4.793708,-4.793708,0.0
factory_0,frequency_response.csv,117,time_s,7.865546,7.865546,0.0
factory_0,frequency_response.csv,117,freq_hz,10776.795898,10776.795898,0.0
factory_0,frequency_response.csv,117,gain_db,-4.747929,-4.747929,0.0
factory_0,frequency_response.csv,118,time_s,7.932773,7.932773,0.0
factory_0,frequency_response.csv,118,freq_hz,11371.962891,11371.962891,0.0
factory_0,frequency_response.csv,118,gain_db,-4.693565,-4.693565,0.0
factory_0,frequency_response.csv,119,time_s,8.0,8.0,0.0
factory_0,frequency_response.csv,119,freq_hz,12000.0,12000.0,0.0
factory_0,frequency_response.csv,119,gain_db,-4.644478,-4.644478,0.0
factory_0,notch_tracking.csv,0,time_s,0.537815,0.537815,0.0
factory_0,notch_tracking.csv,0,freq_hz,30.746555,30.746555,0.0
factory_0,notch_tracking.csv,0,notch_depth_db,-8.730246,-8.730246,0.0
factory_0,notch_tracking.csv,1,time_s,0.806723,0.806723,0.0
factory_0,notch_tracking.csv,1,freq_hz,38.122353,38.122353,0.0
factory_0,notch_tracking.csv,1,notch_depth_db,-9.031961,-9.031961,0.0
factory_0,notch_tracking.csv,2,time_s,1.411765,1.411765,0.0
factory_0,notch_tracking.csv,2,freq_hz,61.843204,61.843204,0.0
factory_0,notch_tracking.csv,2,notch_depth_db,-4.570173,-4.570173,0.0
factory_0,notch_tracking.csv,3,time_s,1.94958,1.94958,0.0
factory_0,notch_tracking.csv,3,freq_hz,95.073273,95.073273,0.0
factory_0,notch_tracking.csv,3,notch_depth_db,-2.756597,-2.756597,0.0
factory_0,notch_tracking.csv,4,time_s,2.487395,2.487395,0.0
factory_0,notch_tracking.csv,4,freq_hz,146.158783,146.158783,0.0
factory_0,notch_tracking.csv,4,notch_depth_db,-11.847352,-11.847352,0.0
factory_0,notch_tracking.csv,5,time_s,2.890756,2.890756,0.0
factory_0,notch_tracking.csv,5,freq_hz,201.79007,201.79007,0.0
factory_0,notch_tracking.csv,5,notch_depth_db,-11.577333,-11.577333,0.0
factory_0,notch_tracking.csv,6,time_s,3.563025,3.563025,0.0
factory_0,notch_tracking.csv,6,freq_hz,345.428284,345.428284,0.0
factory_0,notch_tracking.csv,6,notch_depth_db,-10.852293,-10.852293,0.0
factory_0,notch_tracking.csv,7,time_s,4.369748,4.369748,0.0
factory_0,notch_tracking.csv,7,freq_hz,658.427063,658.427063,0.0
factory_0,notch_tracking.csv,7,notch_depth_db,-10.688532,-10.688532,0.0
factory_0,notch_tracking.csv,8,time_s,4.638656,4.638656,0.0
factory_0,notch_tracking.csv,8,freq_hz,816.377197,816.377197,0.0
factory_0,notch_tracking.csv,8,notch_depth_db,-10.602625,-10.602625,0.0
factory_0,notch_tracking.csv,9,time_s,5.781513,5.781513,0.0
factory_0,notch_tracking.csv,9,freq_hz,2035.96167,2035.96167,0.0
factory_0,notch_tracking.csv,9,notch_depth_db,-4.873176,-4.873176,0.0
factory_0,notch_tracking.csv,10,time_s,6.789916,6.789916,0.0
factory_0,notch_tracking.csv,10,freq_hz,4559.914551,4559.914551,0.0
factory_0,notch_tracking.csv,10,notch_depth_db,-3.005956,-3.005956,0.0
factory_0,notch_tracking.csv,11,time_s,7.663866,7.663866,0.0
factory_0,notch_tracking.csv,11,freq_hz,9171.75,9171.75,0.0
factory_0,notch_tracking.csv,11,notch_depth_db,-4.836886,-4.836886,0.0
factory_0,thd_vs_drive.csv,0,sine_level_db,-24.0,-24.0,0.0
factory_0,thd_vs_drive.csv,0,thd_ratio,0.003439,0.003439,0.0
factory_0,thd_vs_drive.csv,0,thd_db,-49.271778,-49.271778,0.0
factory_0,thd_vs_drive.csv,0,broadband_hf_db,-82.684525,-82.684525,0.0
factory_0,thd_vs_drive.csv,1,sine_level_db,-18.0,-18.0,0.0
factory_0,thd_vs_drive.csv,1,thd_ratio,0.008418,0.008418,0.0
factory_0,thd_vs_drive.csv,1,thd_db,-41.495571,-41.495571,0.0
factory_0,thd_vs_drive.csv,1,broadband_hf_db,-82.684669,-82.684669,0.0
factory_0,thd_vs_drive.csv,2,sine_level_db,-12.0,-12.0,0.0
factory_0,thd_vs_drive.csv,2,thd_ratio,0.023527,0.023527,0.0
factory_0,thd_vs_drive.csv,2,thd_db,-32.568745,-32.568745,0.0
factory_0,thd_vs_drive.csv,2,broadband_hf_db,-82.683395,-82.683395,0.0
factory_0,thd_vs_drive.csv,3,sine_level_db,-6.0,-6.0,0.0
factory_0,thd_vs_drive.csv,3,thd_ratio,0.067631,0.067631,0.0
factory_0,thd_vs_drive.csv,3,thd_db,-23.397102,-23.397102,0.0
factory_0,thd_vs_drive.csv,3,broadband_hf_db,-82.48819,-82.48819,0.0
factory_0,thd_vs_drive.csv,4,sine_level_db,0.0,0.0,0.0
factory_0,thd_vs_drive.csv,4,thd_ratio,0.128532,0.128532,0.0
factory_0,thd_vs_drive.csv,4,thd_db,-17.819794,-17.819794,0.0
factory_0,thd_vs_drive.csv,4,broadband_hf_db,-82.017998,-82.017998,0.0
factory_1,summary.csv,average_tracked_notch_db,value,-8.240648,-8.240648,0.0
factory_1,summary.csv,deepest_tracked_notch_db,value,-14.54401,-14.54401,0.0
factory_1,summary.csv,guitar_broadband_hf_db,value,-81.487236,-81.487236,0.0
factory_1,summary.csv,guitar_lr_correlation,value,0.999982,0.999982,0.0
factory_1,summary.csv,guitar_mono_fold_db,value,-4.4e-05,-4.4e-05,0.0
factory_1,summary.csv,guitar_side_to_mid_db,value,-49.894405,-49.894405,0.0
factory_1,summary.csv,sweep_broadband_hf_db,value,-82.062775,-82.062775,0.0
factory_1,summary.csv,sweep_lr_correlation,value,0.999994,0.999994,0.0
factory_1,summary.csv,sweep_mono_fold_db,value,-1.3e-05,-1.3e-05,0.0
factory_1,summary.csv,sweep_side_to_mid_db,value,-55.301693,-55.301693,0.0
factory_1,summary.csv,tracked_notch_count,value,14.0,14.0,0.0
factory_1,summary.csv,tracked_notch_high_hz,value,10212.776367,10212.776367,0.0
factory_1,summary.csv,tracked_notch_low_hz,value,29.13739,29.13739,0.0
factory_1,summary.csv,tracked_notch_span_oct,value,8.453288,8.453288,0.0
factory_1,summary.csv,worst_thd_db,value,-16.912939,-16.912939,0.0
factory_1,frequency_response.csv,0,time_s,0.0,0.0,0.0
factory_1,frequency_response.csv,0,freq_hz,20.0,20.0,0.0
factory_1,frequency_response.csv,0,gain_db,-6.979589,-6.979589,0.0
factory_1,frequency_response.csv,1,time_s,0.067227,0.067227,0.0
factory_1,frequency_response.csv,1,freq_hz,21.104536,21.104536,0.0
factory_1,frequency_response.csv,1,gain_db,-4.581021,-4.581021,0.0
factory_1,frequency_response.csv,2,time_s,0.134454,0.134454,0.0
factory_1,frequency_response.csv,2,freq_hz,22.270071,22.270071,0.0
factory_1,frequency_response.csv,2,gain_db,-4.170362,-4.170362,0.0
factory_1,frequency_response.csv,3,time_s,0.201681,0.201681,0.0
factory_1,frequency_response.csv,3,freq_hz,23.499975,23.499975,0.0
factory_1,frequency_response.csv,3,gain_db,-3.700528,-3.700528,0.0
factory_1,frequency_response.csv,4,time_s,0.268908,0.268908,0.0
factory_1,frequency_response.csv,4,freq_hz,24.797804,24.797804,0.0
factory_1,frequency_response.csv,4,gain_db,-3.243953,-3.243953,0.0
factory_1,frequency_response.csv,5,time_s,0.336134,0.336134,0.0
factory_1,frequency_response.csv,5,freq_hz,26.167307,26.167307,0.0
factory_1,frequency_response.csv,5,gain_db,-6.549162,-6.549162,0.0
factory_1,frequency_response.csv,6,time_s,0.403361,0.403361,0.0
factory_1,frequency_response.csv,6,freq_hz,27.612442,27.612442,0.0
factory_1,frequency_response.csv,6,gain_db,-7.947529,-7.947529,0.0
factory_1,frequency_response.csv,7,time_s,0.470588,0.470588,0.0
factory_1,frequency_response.csv,7,freq_hz,29.13739,29.13739,0.0
factory_1,frequency_response.csv,7,gain_db,-9.632563,-9.632563,0.0
factory_1,frequency_response.csv,8,time_s,0.537815,0.537815,0.0
factory_1,frequency_response.csv,8,freq_hz,30.746555,30.746555,0.0
factory_1,frequency_response.csv,8,gain_db,-8.153584,-8.153584,0.0
factory_1,frequency_response.csv,9,time_s,0.605042,0.605042,0.0
factory_1,frequency_response.csv,9,freq_hz,32.444588,32.444588,0.0
factory_1,frequency_response.csv,9,gain_db,-7.792589,-7.792589,0.0
factory_1,frequency_response.csv,10,time_s,0.672269,0.672269,0.0
factory_1,frequency_response.csv,10,freq_hz,34.236401,34.236401,0.0
factory_1,frequency_response.csv,10,gain_db,-8.496736,-8.496736,0.0
factory_1,frequency_response.csv,11,time_s,0.739496,0.739496,0.0
factory_1,frequency_response.csv,11,freq_hz,36.127167,36.127167,0.0
factory_1,frequency_response.csv,11,gain_db,-9.942986,-9.942986,0.0
factory_1,frequency_response.csv,12,time_s,0.806723,0.806723,0.0
factory_1,frequency_response.csv,12,freq_hz,38.122353,38.122353,0.0
factory_1,frequency_response.csv,12,gain_db,-8.256607,-8.256607,0.0
factory_1,frequency_response.csv,13,time_s,0.87395,0.87395,0.0
factory_1,frequency_response.csv,13,freq_hz,40.22773,40.22773,0.0
factory_1,frequency_response.csv,13,gain_db,-2.702228,-2.702228,0.0
factory_1,frequency_response.csv,14,time_s,0.941177,0.941177,0.0
factory_1,frequency_response.csv,14,freq_hz,42.449379,42.449379,0.0
factory_1,frequency_response.csv,14,gain_db,-1.368726,-1.368726,0.0
factory_1,frequency_response.csv,15,time_s,1.008403,1.008403,0.0
factory_1,frequency_response.csv,15,freq_hz,44.79372,44.79372,0.0
factory_1,frequency_response.csv,15,gain_db,-1.06128,-1.06128,0.0
factory_1,frequency_response.csv,16,time_s,1.07563,1.07563,0.0
factory_1,frequency_response.csv,16,freq_hz,47.267536,47.267536,0.0
factory_1,frequency_response.csv,16,gain_db,-2.083002,-2.083002,0.0
factory_1,frequency_response.csv,17,time_s,1.142857,1.142857,0.0
factory_1,frequency_response.csv,17,freq_hz,49.877968,49.877968,0.0
factory_1,frequency_response.csv,17,gain_db,-2.575256,-2.575256,0.0
factory_1,frequency_response.csv,18,time_s,1.210084,1.210084,0.0
factory_1,frequency_response.csv,18,freq_hz,52.632568,52.632568,0.0
factory_1,frequency_response.csv,18,gain_db,-3.356181,-3.356181,0.0
factory_1,frequency_response.csv,19,time_s,1.277311,1.277311,0.0
factory_1,frequency_response.csv,19,freq_hz,55.539299,55.539299,0.0
factory_1,frequency_response.csv,19,gain_db,-3.991073,-3.991073,0.0
factory_1,frequency_response.csv,20,time_s,1.344538,1.344538,0.0
factory_1,frequency_response.csv,20,freq_hz,58.606552,58.606552,0.0
factory_1,frequency_response.csv,20,gain_db,-3.991971,-3.991971,0.0
factory_1,frequency_response.csv,21,time_s,1.411765,1.411765,0.0
factory_1,frequency_response.csv,21,freq_hz,61.843204,61.843204,0.0
factory_1,frequency_response.csv,21,gain_db,-3.130023,-3.130023,0.0
factory_1,frequency_response.csv,22,time_s,1.478992,1.478992,0.0
factory_1,frequency_response.csv,22,freq_hz,65.258606,65.258606,0.0
factory_1,frequency_response.csv,22,gain_db,-1.743591,-1.743591,0.0
factory_1,frequency_response.csv,23,time_s,1.546218,1.546218,0.0
factory_1,frequency_response.csv,23,freq_hz,68.862625,68.862625,0.0
factory_1,frequency_response.csv,23,gain_db,-0.990491,-0.990491,0.0
factory_1,frequency_response.csv,24,time_s,1.613445,1.613445,0.0
factory_1,frequency_response.csv,24,freq_hz,72.665695,72.665695,0.0
factory_1,frequency_response.csv,24,gain_db,-1.738917,-1.738917,0.0
factory_1,frequency_response.csv,25,time_s,1.680672,1.680672,0.0
factory_1,frequency_response.csv,25,freq_hz,76.678787,76.678787,0.0
factory_1,frequency_response.csv,25,gain_db,-3.576809,-3.576809,0.0
factory_1,frequency_response.csv,26,time_s,1.747899,1.747899,0.0
factory_1,frequency_response.csv,26,freq_hz,80.913506,80.913506,0.0
factory_1,frequency_response.csv,26,gain_db,-4.168348,-4.168348,0.0
factory_1,frequency_response.csv,27,time_s,1.815126,1.815126,0.0
factory_1,frequency_response.csv,27,freq_hz,85.382095,85.382095,0.0
factory_1,frequency_response.csv,27,gain_db,-3.182749,-3.182749,0.0
factory_1,frequency_response.csv,28,time_s,1.882353,1.882353,0.0
factory_1,frequency_response.csv,28,freq_hz,90.097488,90.097488,0.0
factory_1,frequency_response.csv,28,gain_db,-1.610618,-1.610618,0.0
factory_1,frequency_response.csv,29,time_s,1.94958,1.94958,0.0
factory_1,frequency_response.csv,29,freq_hz,95.073273,95.073273,0.0
factory_1,frequency_response.csv,29,gain_db,-1.086797,-1.086797,0.0
factory_1,frequency_response.csv,30,time_s,2.016807,2.016807,0.0
factory_1,frequency_response.csv,30,freq_hz,100.323875,100.323875,0.0
factory_1,frequency_response.csv,30,gain_db,-2.370139,-2.370139,0.0
factory_1,frequency_response.csv,31,time_s,2.084034,2.084034,0.0
factory_1,frequency_response.csv,31,freq_hz,105.864441,105.864441,0.0
factory_1,frequency_response.csv,31,gain_db,-6.103558,-6.103558,0.0
factory_1,frequency_response.csv,32,time_s,2.151261,2.151261,0.0
factory_1,frequency_response.csv,32,freq_hz,111.710999,111.710999,0.0
factory_1,frequency_response.csv,32,gain_db,-11.061934,-11.061934,0.0
factory_1,frequency_response.csv,33,time_s,2.218488,2.218488,0.0
factory_1,frequency_response.csv,33,freq_hz,117.880432,117.880432,0.0
factory_1,frequency_response.csv,33,gain_db,-14.54401,-14.54401,0.0
factory_1,frequency_response.csv,34,time_s,2.285714,2.285714,0.0
factory_1,frequency_response.csv,34,freq_hz,124.390594,124.390594,0.0
factory_1,frequency_response.csv,34,gain_db,-13.499203,-13.499203,0.0
factory_1,frequency_response.csv,35,time_s,2.352941,2.352941,0.0
factory_1,frequency_response.csv,35,freq_hz,131.260284,131.260284,0.0
factory_1,frequency_response.csv,35,gain_db,-11.573863,-11.573863,0.0
factory_1,frequency_response.csv,36,time_s,2.420168,2.420168,0.0
factory_1,frequency_response.csv,36,freq_hz,138.509369,138.509369,0.0
factory_1,frequency_response.csv,36,gain_db,-10.879999,-10.879999,0.0
factory_1,frequency_response.csv,37,time_s,2.487395,2.487395,0.0
factory_1,frequency_response.csv,37,freq_hz,146.158783,146.158783,0.0
factory_1,frequency_response.csv,37,gain_db,-11.514193,-11.514193,0.0
factory_1,frequency_response.csv,38,time_s,2.554622,2.554622,0.0
factory_1,frequency_response.csv,38,freq_hz,154.230667,154.230667,0.0
factory_1,frequency_response.csv,38,gain_db,-13.90254,-13.90254,0.0
factory_1,frequency_response.csv,39,time_s,2.621849,2.621849,0.0
factory_1,frequency_response.csv,39,freq_hz,162.748337,162.748337,0.0
factory_1,frequency_response.csv,39,gain_db,-11.706224,-11.706224,0.0
factory_1,frequency_response.csv,40,time_s,2.689076,2.689076,0.0
factory_1,frequency_response.csv,40,freq_hz,171.73642,171.73642,0.0
factory_1,frequency_response.csv,40,gain_db,-6.080828,-6.080828,0.0
factory_1,frequency_response.csv,41,time_s,2.756303,2.756303,0.0
factory_1,frequency_response.csv,41,freq_hz,181.220856,181.220856,0.0
factory_1,frequency_response.csv,41,gain_db,-2.108625,-2.108625,0.0
factory_1,frequency_response.csv,42,time_s,2.823529,2.823529,0.0
factory_1,frequency_response.csv,42,freq_hz,191.229095,191.229095,0.0
factory_1,frequency_response.csv,42,gain_db,-1.042171,-1.042171,0.0
factory_1,frequency_response.csv,43,time_s,2.890756,2.890756,0.0
factory_1,frequency_response.csv,43,freq_hz,201.79007,201.79007,0.0
factory_1,frequency_response.csv,43,gain_db,-1.037993,-1.037993,0.0
factory_1,frequency_response.csv,44,time_s,2.957983,2.957983,0.0
factory_1,frequency_response.csv,44,freq_hz,212.93428,212.93428,0.0
factory_1,frequency_response.csv,44,gain_db,-1.168728,-1.168728,0.0
factory_1,frequency_response.csv,45,time_s,3.02521,3.02521,0.0
factory_1,frequency_response.csv,45,freq_hz,224.69397,224.69397,0.0
factory_1,frequency_response.csv,45,gain_db,-2.445149,-2.445149,0.0
factory_1,frequency_response.csv,46,time_s,3.092437,3.092437,0.0
factory_1,frequency_response.csv,46,freq_hz,237.103104,237.103104,0.0
factory_1,frequency_response.csv,46,gain_db,-6.979787,-6.979787,0.0
factory_1,frequency_response.csv,47,time_s,3.159664,3.159664,0.0
factory_1,frequency_response.csv,47,freq_hz,250.19754,250.19754,0.0
factory_1,frequency_response.csv,47,gain_db,-13.178766,-13.178766,0.0
factory_1,frequency_response.csv,48,time_s,3.226891,3.226891,0.0
factory_1,frequency_response.csv,48,freq_hz,264.015137,264.015137,0.0
factory_1,frequency_response.csv,48,gain_db,-9.781042,-9.781042,0.0
factory_1,frequency_response.csv,49,time_s,3.294118,3.294118,0.0
factory_1,frequency_response.csv,49,freq_hz,278.595856,278.595856,0.0
factory_1,frequency_response.csv,49,gain_db,-5.548268,-5.548268,0.0
factory_1,frequency_response.csv,50,time_s,3.361345,3.361345,0.0
factory_1,frequency_response.csv,50,freq_hz,293.981812,293.981812,0.0
factory_1,frequency_response.csv,50,gain_db,-3.306106,-3.306106,0.0
factory_1,frequency_response.csv,51,time_s,3.428571,3.428571,0.0
factory_1,frequency_response.csv,51,freq_hz,310.217468,310.217468,0.0
factory_1,frequency_response.csv,51,gain_db,-2.29553,-2.29553,0.0
factory_1,frequency_response.csv,52,time_s,3.495798,3.495798,0.0
factory_1,frequency_response.csv,52,freq_hz,327.349792,327.349792,0.0
factory_1,frequency_response.csv,52,gain_db,-1.820853,-1.820853,0.0
factory_1,frequency_response.csv,53,time_s,3.563025,3.563025,0.0
factory_1,frequency_response.csv,53,freq_hz,345.428284,345.428284,0.0
factory_1,frequency_response.csv,53,gain_db,-1.726394,-1.726394,0.0
factory_1,frequency_response.csv,54,time_s,3.630252,3.630252,0.0
factory_1,frequency_response.csv,54,freq_hz,364.505157,364.505157,0.0
factory_1,frequency_response.csv,54,gain_db,-2.155973,-2.155973,0.0
factory_1,frequency_response.csv,55,time_s,3.697479,3.697479,0.0
factory_1,frequency_response.csv,55,freq_hz,384.63562,384.63562,0.0
factory_1,frequency_response.csv,55,gain_db,-3.59677,-3.59677,0.0
factory_1,frequency_response.csv,56,time_s,3.764706,3.764706,0.0
factory_1,frequency_response.csv,56,freq_hz,405.877808,405.877808,0.0
factory_1,frequency_response.csv,56,gain_db,-6.675119,-6.675119,0.0
factory_1,frequency_response.csv,57,time_s,3.831933,3.831933,0.0
factory_1,frequency_response.csv,57,freq_hz,428.293121,428.293121,0.0
factory_1,frequency_response.csv,57,gain_db,-11.290001,-11.290001,0.0
factory_1,frequency_response.csv,58,time_s,3.89916,3.89916,0.0
factory_1,frequency_response.csv,58,freq_hz,451.946381,451.946381,0.0
factory_1,frequency_response.csv,58,gain_db,-11.140037,-11.140037,0.0
factory_1,frequency_response.csv,59,time_s,3.966387,3.966387,0.0
factory_1,frequency_response.csv,59,freq_hz,476.905945,476.905945,0.0
factory_1,frequency_response.csv,59,gain_db,-7.746873,-7.746873,0.0
factory_1,frequency_response.csv,60,time_s,4.033614,4.033614,0.0
factory_1,frequency_response.csv,60,freq_hz,503.244019,503.244019,0.0
factory_1,frequency_response.csv,60,gain_db,-7.36876,-7.36876,0.0
factory_1,frequency_response.csv,61,time_s,4.100841,4.100841,0.0
factory_1,frequency_response.csv,61,freq_hz,531.03656,531.03656,0.0
factory_1,frequency_response.csv,61,gain_db,-9.134141,-9.134141,0.0
factory_1,frequency_response.csv,62,time_s,4.168067,4.168067,0.0
factory_1,frequency_response.csv,62,freq_hz,560.364014,560.364014,0.0
factory_1,frequency_response.csv,62,gain_db,-11.80026,-11.80026,0.0
factory_1,frequency_response.csv,63,time_s,4.235294,4.235294,0.0
factory_1,frequency_response.csv,63,freq_hz,591.311096,591.311096,0.0
factory_1,frequency_response.csv,63,gain_db,-9.558643,-9.558643,0.0
factory_1,frequency_response.csv,64,time_s,4.302521,4.302521,0.0
factory_1,frequency_response.csv,64,freq_hz,623.967346,623.967346,0.0
factory_1,frequency_response.csv,64,gain_db,-4.776129,-4.776129,0.0
factory_1,frequency_response.csv,65,time_s,4.369748,4.369748,0.0
factory_1,frequency_response.csv,65,freq_hz,658.427063,658.427063,0.0
factory_1,frequency_response.csv,65,gain_db,-1.782921,-1.782921,0.0
factory_1,frequency_response.csv,66,time_s,4.436975,4.436975,0.0
factory_1,frequency_response.csv,66,freq_hz,694.789795,694.789795,0.0
factory_1,frequency_response.csv,66,gain_db,-0.696378,-0.696378,0.0
factory_1,frequency_response.csv,67,time_s,4.504202,4.504202,0.0
factory_1,frequency_response.csv,67,freq_hz,733.160889,733.160889,0.0
factory_1,frequency_response.csv,67,gain_db,-0.424505,-0.424505,0.0
factory_1,frequency_response.csv,68,time_s,4.571429,4.571429,0.0
factory_1,frequency_response.csv,68,freq_hz,773.651001,773.651001,0.0
factory_1,frequency_response.csv,68,gain_db,-0.380157,-0.380157,0.0
factory_1,frequency_response.csv,69,time_s,4.638656,4.638656,0.0
factory_1,frequency_response.csv,69,freq_hz,816.377197,816.377197,0.0
factory_1,frequency_response.csv,69,gain_db,-0.383021,-0.383021,0.0
factory_1,frequency_response.csv,70,time_s,4.705883,4.705883,0.0
factory_1,frequency_response.csv,70,freq_hz,861.463074,861.463074,0.0
factory_1,frequency_response.csv,70,gain_db,-0.400725,-0.400725,0.0
factory_1,frequency_response.csv,71,time_s,4.773109,4.773109,0.0
factory_1,frequency_response.csv,71,freq_hz,909.03894,909.03894,0.0
factory_1,frequency_response.csv,71,gain_db,-0.446393,-0.446393,0.0
factory_1,frequency_response.csv,72,time_s,4.840336,4.840336,0.0
factory_1,frequency_response.csv,72,freq_hz,959.242249,959.242249,0.0
factory_1,frequency_response.csv,72,gain_db,-0.59378,-0.59378,0.0
factory_1,frequency_response.csv,73,time_s,4.907563,4.907563,0.0
factory_1,frequency_response.csv,73,freq_hz,1012.218079,1012.218079,0.0
factory_1,frequency_response.csv,73,gain_db,-1.21324,-1.21324,0.0
factory_1,frequency_response.csv,74,time_s,4.97479,4.97479,0.0
factory_1,frequency_response.csv,74,freq_hz,1068.119629,1068.119629,0.0
factory_1,frequency_response.csv,74,gain_db,-3.493742,-3.493742,0.0
factory_1,frequency_response.csv,75,time_s,5.042017,5.042017,0.0
factory_1,frequency_response.csv,75,freq_hz,1127.108398,1127.108398,0.0
factory_1,frequency_response.csv,75,gain_db,-7.186251,-7.186251,0.0
factory_1,frequency_response.csv,76,time_s,5.109244,5.109244,0.0
factory_1,frequency_response.csv,76,freq_hz,1189.355103,1189.355103,0.0
factory_1,frequency_response.csv,76,gain_db,-9.229567,-9.229567,0.0
factory_1,frequency_response.csv,77,time_s,5.176471,5.176471,0.0
factory_1,frequency_response.csv,77,freq_hz,1255.039307,1255.039307,0.0
factory_1,frequency_response.csv,77,gain_db,-9.229225,-9.229225,0.0
factory_1,frequency_response.csv,78,time_s,5.243698,5.243698,0.0
factory_1,frequency_response.csv,78,freq_hz,1324.351074,1324.351074,0.0
factory_1,frequency_response.csv,78,gain_db,-8.012724,-8.012724,0.0
factory_1,frequency_response.csv,79,time_s,5.310925,5.310925,0.0
factory_1,frequency_response.csv,79,freq_hz,1397.490845,1397.490845,0.0
factory_1,frequency_response.csv,79,gain_db,-5.125157,-5.125157,0.0
factory_1,frequency_response.csv,80,time_s,5.378151,5.378151,0.0
factory_1,frequency_response.csv,80,freq_hz,1474.669678,1474.669678,0.0
factory_1,frequency_response.csv,80,gain_db,-2.008684,-2.008684,0.0
factory_1,frequency_response.csv,81,time_s,5.445378,5.445378,0.0
factory_1,frequency_response.csv,81,freq_hz,1556.110962,1556.110962,0.0
factory_1,frequency_response.csv,81,gain_db,-0.91434,-0.91434,0.0
factory_1,frequency_response.csv,82,time_s,5.512605,5.512605,0.0
factory_1,frequency_response.csv,82,freq_hz,1642.050049,1642.050049,0.0
factory_1,frequency_response.csv,82,gain_db,-0.901883,-0.901883,0.0
factory_1,frequency_response.csv,83,time_s,5.579832,5.579832,0.0
factory_1,frequency_response.csv,83,freq_hz,1732.735107,1732.735107,0.0
factory_1,frequency_response.csv,83,gain_db,-1.091493,-1.091493,0.0
factory_1,frequency_response.csv,84,time_s,5.647059,5.647059,0.0
factory_1,frequency_response.csv,84,freq_hz,1828.428467,1828.428467,0.0
factory_1,frequency_response.csv,84,gain_db,-1.261984,-1.261984,0.0
factory_1,frequency_response.csv,85,time_s,5.714286,5.714286,0.0
factory_1,frequency_response.csv,85,freq_hz,1929.406738,1929.406738,0.0
factory_1,frequency_response.csv,85,gain_db,-1.39797,-1.39797,0.0
factory_1,frequency_response.csv,86,time_s,5.781513,5.781513,0.0
factory_1,frequency_response.csv,86,freq_hz,2035.96167,2035.96167,0.0
factory_1,frequency_response.csv,86,gain_db,-1.513782,-1.513782,0.0
factory_1,frequency_response.csv,87,time_s,5.84874,5.84874,0.0
factory_1,frequency_response.csv,87,freq_hz,2148.401367,2148.401367,0.0
factory_1,frequency_response.csv,87,gain_db,-1.610272,-1.610272,0.0
factory_1,frequency_response.csv,88,time_s,5.915967,5.915967,0.0
factory_1,frequency_response.csv,88,freq_hz,2267.050537,2267.050537,0.0
factory_1,frequency_response.csv,88,gain_db,-1.675273,-1.675273,0.0
factory_1,frequency_response.csv,89,time_s,5.983193,5.983193,0.0
factory_1,frequency_response.csv,89,freq_hz,2392.252441,2392.252441,0.0
factory_1,frequency_response.csv,89,gain_db,-1.646313,-1.646313,0.0
factory_1,frequency_response.csv,90,time_s,6.05042,6.05042,0.0
factory_1,frequency_response.csv,90,freq_hz,2524.368896,2524.368896,0.0
factory_1,frequency_response.csv,90,gain_db,-1.475295,-1.475295,0.0
factory_1,frequency_response.csv,91,time_s,6.117647,6.117647,0.0
factory_1,frequency_response.csv,91,freq_hz,2663.781738,2663.781738,0.0
factory_1,frequency_response.csv,91,gain_db,-1.27113,-1.27113,0.0
factory_1,frequency_response.csv,92,time_s,6.184874,6.184874,0.0
factory_1,frequency_response.csv,92,freq_hz,2810.893799,2810.893799,0.0
factory_1,frequency_response.csv,92,gain_db,-1.554259,-1.554259,0.0
factory_1,frequency_response.csv,93,time_s,6.252101,6.252101,0.0
factory_1,frequency_response.csv,93,freq_hz,2966.130371,2966.130371,0.0
factory_1,frequency_response.csv,93,gain_db,-2.205559,-2.205559,0.0
factory_1,frequency_response.csv,94,time_s,6.319328,6.319328,0.0
factory_1,frequency_response.csv,94,freq_hz,3129.94043,3129.94043,0.0
factory_1,frequency_response.csv,94,gain_db,-2.141281,-2.141281,0.0
factory_1,frequency_response.csv,95,time_s,6.386555,6.386555,0.0
factory_1,frequency_response.csv,95,freq_hz,3302.796875,3302.796875,0.0
factory_1,frequency_response.csv,95,gain_db,-1.689399,-1.689399,0.0
factory_1,frequency_response.csv,96,time_s,6.453782,6.453782,0.0
factory_1,frequency_response.csv,96,freq_hz,3485.199951,3485.199951,0.0
factory_1,frequency_response.csv,96,gain_db,-1.558123,-1.558123,0.0
factory_1,frequency_response.csv,97,time_s,6.521008,6.521008,0.0
factory_1,frequency_response.csv,97,freq_hz,3677.676025,3677.676025,0.0
factory_1,frequency_response.csv,97,gain_db,-2.14536,-2.14536,0.0
factory_1,frequency_response.csv,98,time_s,6.588235,6.588235,0.0
factory_1,frequency_response.csv,98,freq_hz,3880.782471,3880.782471,0.0
factory_1,frequency_response.csv,98,gain_db,-2.91909,-2.91909,0.0
factory_1,frequency_response.csv,99,time_s,6.655462,6.655462,0.0
factory_1,frequency_response.csv,99,freq_hz,4095.105469,4095.105469,0.0
factory_1,frequency_response.csv,99,gain_db,-3.448528,-3.448528,0.0
factory_1,frequency_response.csv,100,time_s,6.722689,6.722689,0.0
factory_1,frequency_response.csv,100,freq_hz,4321.265137,4321.265137,0.0
factory_1,frequency_response.csv,100,gain_db,-3.782246,-3.782246,0.0
factory_1,frequency_response.csv,101,time_s,6.789916,6.789916,0.0
factory_1,frequency_response.csv,101,freq_hz,4559.914551,4559.914551,0.0
factory_1,frequency_response.csv,101,gain_db,-4.028553,-4.028553,0.0
factory_1,frequency_response.csv,102,time_s,6.857143,6.857143,0.0
factory_1,frequency_response.csv,102,freq_hz,4811.744141,4811.744141,0.0
factory_1,frequency_response.csv,102,gain_db,-4.228441,-4.228441,0.0
factory_1,frequency_response.csv,103,time_s,6.92437,6.92437,0.0
factory_1,frequency_response.csv,103,freq_hz,5077.481445,5077.481445,0.0
factory_1,frequency_response.csv,103,gain_db,-4.408129,-4.408129,0.0
factory_1,frequency_response.csv,104,time_s,6.991597,6.991597,0.0
factory_1,frequency_response.csv,104,freq_hz,5357.894531,5357.894531,0.0
factory_1,frequency_response.csv,104,gain_db,-4.563408,-4.563408,0.0
factory_1,frequency_response.csv,105,time_s,7.058824,7.058824,0.0
factory_1,frequency_response.csv,105,freq_hz,5653.793457,5653.793457,0.0
factory_1,frequency_response.csv,105,gain_db,-4.686085,-4.686085,0.0
factory_1,frequency_response.csv,106,time_s,7.12605,7.12605,0.0
factory_1,frequency_response.csv,106,freq_hz,5966.034668,5966.034668,0.0
factory_1,frequency_response.csv,106,gain_db,-4.744052,-4.744052,0.0
factory_1,frequency_response.csv,107,time_s,7.193277,7.193277,0.0
factory_1,frequency_response.csv,107,freq_hz,6295.519531,6295.519531,0.0
factory_1,frequency_response.csv,107,gain_db,-4.706186,-4.706186,0.0
factory_1,frequency_response.csv,108,time_s,7.260504,7.260504,0.0
factory_1,frequency_response.csv,108,freq_hz,6643.200684,6643.200684,0.0
factory_1,frequency_response.csv,108,gain_db,-4.511351,-4.511351,0.0
factory_1,frequency_response.csv,109,time_s,7.327731,7.327731,0.0
factory_1,frequency_response.csv,109,freq_hz,7010.083008,7010.083008,0.0
factory_1,frequency_response.csv,109,gain_db,-4.1932,-4.1932,0.0
factory_1,frequency_response.csv,110,time_s,7.394958,7.394958,0.0
factory_1,frequency_response.csv,110,freq_hz,7397.227539,7397.227539,0.0
factory_1,frequency_response.csv,110,gain_db,-4.017821,-4.017821,0.0
factory_1,frequency_response.csv,111,time_s,7.462185,7.462185,0.0
factory_1,frequency_response.csv,111,freq_hz,7805.752441,7805.752441,0.0
factory_1,frequency_response.csv,111,gain_db,-4.166437,-4.166437,0.0
factory_1,frequency_response.csv,112,time_s,7.529412,7.529412,0.0
factory_1,frequency_response.csv,112,freq_hz,8236.839844,8236.839844,0.0
factory_1,frequency_response.csv,112,gain_db,-4.461821,-4.461821,0.0
factory_1,frequency_response.csv,113,time_s,7.596639,7.596639,0.0
factory_1,frequency_response.csv,113,freq_hz,8691.733398,8691.733398,0.0
factory_1,frequency_response.csv,113,gain_db,-4.776461,-4.776461,0.0
factory_1,frequency_response.csv,114,time_s,7.663866,7.663866,0.0
factory_1,frequency_response.csv,114,freq_hz,9171.75,9171.75,0.0
factory_1,frequency_response.csv,114,gain_db,-4.977122,-4.977122,0.0
factory_1,frequency_response.csv,115,time_s,7.731092,7.731092,0.0
factory_1,frequency_response.csv,115,freq_hz,9678.276367,9678.276367,0.0
factory_1,frequency_response.csv,115,gain_db,-5.054252,-5.054252,0.0
factory_1,frequency_response.csv,116,time_s,7.798319,7.798319,0.0
factory_1,frequency_response.csv,116,freq_hz,10212.776367,10212.776367,0.0
factory_1,frequency_response.csv,116,gain_db,-5.06318,-5.06318,0.0
factory_1,frequency_response.csv,117,time_s,7.865546,7.865546,0.0
factory_1,frequency_response.csv,117,freq_hz,10776.795898,10776.795898,0.0
factory_1,frequency_response.csv,117,gain_db,-5.036839,-5.036839,0.0
factory_1,frequency_response.csv,118,time_s,7.932773,7.932773,0.0
factory_1,frequency_response.csv,118,freq_hz,11371.962891,11371.962891,0.0
factory_1,frequency_response.csv,118,gain_db,-4.994842,-4.994842,0.0
factory_1,frequency_response.csv,119,time_s,8.0,8.0,0.0
factory_1,frequency_response.csv,119,freq_hz,12000.0,12000.0,0.0
factory_1,frequency_response.csv,119,gain_db,-4.95398,-4.95398,0.0
factory_1,notch_tracking.csv,0,time_s,0.470588,0.470588,0.0
factory_1,notch_tracking.csv,0,freq_hz,29.13739,29.13739,0.0
factory_1,notch_tracking.csv,0,notch_depth_db,-9.632563,-9.632563,0.0
factory_1,notch_tracking.csv,1,time_s,0.739496,0.739496,0.0
factory_1,notch_tracking.csv,1,freq_hz,36.127167,36.127167,0.0
factory_1,notch_tracking.csv,1,notch_depth_db,-9.942986,-9.942986,0.0
factory_1,notch_tracking.csv,2,time_s,1.344538,1.344538,0.0
factory_1,notch_tracking.csv,2,freq_hz,58.606552,58.606552,0.0
factory_1,notch_tracking.csv,2,notch_depth_db,-3.991971,-3.991971,0.0
factory_1,notch_tracking.csv,3,time_s,1.747899,1.747899,0.0
factory_1,notch_tracking.csv,3,freq_hz,80.913506,80.913506,0.0
factory_1,notch_tracking.csv,3,notch_depth_db,-4.168348,-4.168348,0.0
factory_1,notch_tracking.csv,4,time_s,2.218488,2.218488,0.0
factory_1,notch_tracking.csv,4,freq_hz,117.880432,117.880432,0.0
factory_1,notch_tracking.csv,4,notch_depth_db,-14.54401,-14.54401,0.0
factory_1,notch_tracking.csv,5,time_s,2.554622,2.554622,0.0
factory_1,notch_tracking.csv,5,freq_hz,154.230667,154.230667,0.0
factory_1,notch_tracking.csv,5,notch_depth_db,-13.90254,-13.90254,0.0
factory_1,notch_tracking.csv,6,time_s,3.159664,3.159664,0.0
factory_1,notch_tracking.csv,6,freq_hz,250.19754,250.19754,0.0
factory_1,notch_tracking.csv,6,notch_depth_db,-13.178766,-13.178766,0.0
factory_1,notch_tracking.csv,7,time_s,3.831933,3.831933,0.0
factory_1,notch_tracking.csv,7,freq_hz,428.293121,428.293121,0.0
factory_1,notch_tracking.csv,7,notch_depth_db,-11.290001,-11.290001,0.0
factory_1,notch_tracking.csv,8,time_s,4.168067,4.168067,0.0
factory_1,notch_tracking.csv,8,freq_hz,560.364014,560.364014,0.0
factory_1,notch_tracking.csv,8,notch_depth_db,-11.80026,-11.80026,0.0
factory_1,notch_tracking.csv,9,time_s,5.109244,5.109244,0.0
factory_1,notch_tracking.csv,9,freq_hz,1189.355103,1189.355103,0.0
factory_1,notch_tracking.csv,9,notch_depth_db,-9.229567,-9.229567,0.0
factory_1,notch_tracking.csv,10,time_s,5.915967,5.915967,0.0
factory_1,notch_tracking.csv,10,freq_hz,2267.050537,2267.050537,0.0
factory_1,notch_tracking.csv,10,notch_depth_db,-1.675273,-1.675273,0.0
factory_1,notch_tracking.csv,11,time_s,6.252101,6.252101,0.0
factory_1,notch_tracking.csv,11,freq_hz,2966.130371,2966.130371,0.0
factory_1,notch_tracking.csv,11,notch_depth_db,-2.205559,-2.205559,0.0
factory_1,notch_tracking.csv,12,time_s,7.12605,7.12605,0.0
factory_1,notch_tracking.csv,12,freq_hz,5966.034668,5966.034668,0.0
factory_1,notch_tracking.csv,12,notch_depth_db,-4.744052,-4.744052,0.0
factory_1,notch_tracking.csv,13,time_s,7.798319,7.798319,0.0
factory_1,notch_tracking.csv,13,freq_hz,10212.776367,10212.776367,0.0
factory_1,notch_tracking.csv,13,notch_depth_db,-5.06318,-5.06318,0.0
factory_1,thd_vs_drive.csv,0,sine_level_db,-24.0,-24.0,0.0
factory_1,thd_vs_drive.csv,0,thd_ratio,0.009751,0.009751,0.0
factory_1,thd_vs_drive.csv,0,thd_db,-40.218922,-40.218922,0.0
factory_1,thd_vs_drive.csv,0,broadband_hf_db,-82.684654,-82.684654,0.0
factory_1,thd_vs_drive.csv,1,sine_level_db,-18.0,-18.0,0.0
factory_1,thd_vs_drive.csv,1,thd_ratio,0.021271,0.021271,0.0
factory_1,thd_vs_drive.csv,1,thd_db,-33.444057,-33.444057,0.0
factory_1,thd_vs_drive.csv,1,broadband_hf_db,-82.683441,-82.683441,0.0
factory_1,thd_vs_drive.csv,2,sine_level_db,-12.0,-12.0,0.0
factory_1,thd_vs_drive.csv,2,thd_ratio,0.046466,0.046466,0.0
factory_1,thd_vs_drive.csv,2,thd_db,-26.657352,-26.657352,0.0
factory_1,thd_vs_drive.csv,2,broadband_hf_db,-82.68322,-82.68322,0.0
factory_1,thd_vs_drive.csv,3,sine_level_db,-6.0,-6.0,0.0
factory_1,thd_vs_drive.csv,3,thd_ratio,0.093683,0.093683,0.0
factory_1,thd_vs_drive.csv,3,thd_db,-20.56675,-20.56675,0.0
factory_1,thd_vs_drive.csv,3,broadband_hf_db,-81.695679,-81.695679,0.0
factory_1,thd_vs_drive.csv,4,sine_level_db,0.0,0.0,0.0
factory_1,thd_vs_drive.csv,4,thd_ratio,0.142677,0.142677,0.0
factory_1,thd_vs_drive.csv,4,thd_db,-16.912939,-16.912939,0.0
factory_1,thd_vs_drive.csv,4,broadband_hf_db,-81.332245,-81.332245,0.0
factory_10,summary.csv,average_tracked_notch_db,value,-6.970195,-6.970195,0.0
factory_10,summary.csv,deepest_tracked_notch_db,value,-11.479793,-11.479793,0.0
factory_10,summary.csv,guitar_broadband_hf_db,value,-80.450325,-80.450325,0.0
factory_10,summary.csv,guitar_lr_correlation,value,0.999981,0.999981,0.0
factory_10,summary.csv,guitar_mono_fold_db,value,-5e-05,-5e-05,0.0
factory_10,summary.csv,guitar_side_to_mid_db,value,-49.431007,-49.431007,0.0
factory_10,summary.csv,sweep_broadband_hf_db,value,-82.455269,-82.455269,0.0
factory_10,summary.csv,sweep_lr_correlation,value,0.999995,0.999995,0.0
factory_10,summary.csv,sweep_mono_fold_db,value,-1.2e-05,-1.2e-05,0.0
factory_10,summary.csv,sweep_side_to_mid_db,value,-55.523266,-55.523266,0.0
factory_10,summary.csv,tracked_notch_count,value,8.0,8.0,0.0
factory_10,summary.csv,tracked_notch_high_hz,value,11371.962891,11371.962891,0.0
factory_10,summary.csv,tracked_notch_low_hz,value,26.167307,26.167307,0.0
factory_10,summary.csv,tracked_notch_span_oct,value,8.7635,8.7635,0.0
factory_10,summary.csv,worst_thd_db,value,-17.267986,-17.267986,0.0
factory_10,frequency_response.csv,0,time_s,0.0,0.0,0.0
factory_10,frequency_response.csv,0,freq_hz,20.0,20.0,0.0
factory_10,frequency_response.csv,0,gain_db,-7.337646,-7.337646,0.0
factory_10,frequency_response.csv,1,time_s,0.067227,0.067227,0.0
factory_10,frequency_response.csv,1,freq_hz,21.104536,21.104536,0.0
factory_10,frequency_response.csv,1,gain_db,-4.612803,-4.612803,0.0
factory_10,frequency_response.csv,2,time_s,0.134454,0.134454,0.0
factory_10,frequency_response.csv,2,freq_hz,22.270071,22.270071,0.0
factory_10,frequency_response.csv,2,gain_db,-4.219402,-4.219402,0.0
factory_10,frequency_response.csv,3,time_s,0.201681,0.201681,0.0
factory_10,frequency_response.csv,3,freq_hz,23.499975,23.499975,0.0
factory_10,frequency_response.csv,3,gain_db,-3.822412,-3.822412,0.0
factory_10,frequency_response.csv,4,time_s,0.268908,0.268908,0.0
factory_10,frequency_response.csv,4,freq_hz,24.797804,24.797804,0.0
factory_10,frequency_response.csv,4,gain_db,-2.794796,-2.794796,0.0
factory_10,frequency_response.csv,5,time_s,0.336134,0.336134,0.0
factory_10,frequency_response.csv,5,freq_hz,26.167307,26.167307,0.0
factory_10,frequency_response.csv,5,gain_db,-3.534525,-3.534525,0.0
factory_10,frequency_response.csv,6,time_s,0.403361,0.403361,0.0
factory_10,frequency_response.csv,6,freq_hz,27.612442,27.612442,0.0
factory_10,frequency_response.csv,6,gain_db,-2.756644,-2.756644,0.0
factory_10,frequency_response.csv,7,time_s,0.470588,0.470588,0.0
factory_10,frequency_response.csv,7,freq_hz,29.13739,29.13739,0.0
factory_10,frequency_response.csv,7,gain_db,-3.753133,-3.753133,0.0
factory_10,frequency_response.csv,8,time_s,0.537815,0.537815,0.0
factory_10,frequency_response.csv,8,freq_hz,30.746555,30.746555,0.0
factory_10,frequency_response.csv,8,gain_db,-4.270792,-4.270792,0.0
factory_10,frequency_response.csv,9,time_s,0.605042,0.605042,0.0
factory_10,frequency_response.csv,9,freq_hz,32.444588,32.444588,0.0
factory_10,frequency_response.csv,9,gain_db,-4.938626,-4.938626,0.0
factory_10,frequency_response.csv,10,time_s,0.672269,0.672269,0.0
factory_10,frequency_response.csv,10,freq_hz,34.236401,34.236401,0.0
factory_10,frequency_response.csv,10,gain_db,-5.559112,-5.559112,0.0
factory_10,frequency_response.csv,11,time_s,0.739496,0.739496,0.0
factory_10,frequency_response.csv,11,freq_hz,36.127167,36.127167,0.0
factory_10,frequency_response.csv,11,gain_db,-7.099981,-7.099981,0.0
factory_10,frequency_response.csv,12,time_s,0.806723,0.806723,0.0
factory_10,frequency_response.csv,12,freq_hz,38.122353,38.122353,0.0
factory_10,frequency_response.csv,12,gain_db,-7.987747,-7.987747,0.0
factory_10,frequency_response.csv,13,time_s,0.87395,0.87395,0.0
factory_10,frequency_response.csv,13,freq_hz,40.22773,40.22773,0.0
factory_10,frequency_response.csv,13,gain_db,-7.758129,-7.758129,0.0
factory_10,frequency_response.csv,14,time_s,0.941177,0.941177,0.0
factory_10,frequency_response.csv,14,freq_hz,42.449379,42.449379,0.0
factory_10,frequency_response.csv,14,gain_db,-7.56007,-7.56007,0.0
factory_10,frequency_response.csv,15,time_s,1.008403,1.008403,0.0
factory_10,frequency_response.csv,15,freq_hz,44.79372,44.79372,0.0
factory_10,frequency_response.csv,15,gain_db,-6.437907,-6.437907,0.0
factory_10,frequency_response.csv,16,time_s,1.07563,1.07563,0.0
factory_10,frequency_response.csv,16,freq_hz,47.267536,47.267536,0.0
factory_10,frequency_response.csv,16,gain_db,-4.974297,-4.974297,0.0
factory_10,frequency_response.csv,17,time_s,1.142857,1.142857,0.0
factory_10,frequency_response.csv,17,freq_hz,49.877968,49.877968,0.0
factory_10,frequency_response.csv,17,gain_db,-3.879985,-3.879985,0.0
factory_10,frequency_response.csv,18,time_s,1.210084,1.210084,0.0
factory_10,frequency_response.csv,18,freq_hz,52.632568,52.632568,0.0
factory_10,frequency_response.csv,18,gain_db,-2.287405,-2.287405,0.0
factory_10,frequency_response.csv,19,time_s,1.277311,1.277311,0.0
factory_10,frequency_response.csv,19,freq_hz,55.539299,55.539299,0.0
factory_10,frequency_response.csv,19,gain_db,-1.527654,-1.527654,0.0
factory_10,frequency_response.csv,20,time_s,1.344538,1.344538,0.0
factory_10,frequency_response.csv,20,freq_hz,58.606552,58.606552,0.0
factory_10,frequency_response.csv,20,gain_db,-1.345731,-1.345731,0.0
factory_10,frequency_response.csv,21,time_s,1.411765,1.411765,0.0
factory_10,frequency_response.csv,21,freq_hz,61.843204,61.843204,0.0
factory_10,frequency_response.csv,21,gain_db,-1.893619,-1.893619,0.0
factory_10,frequency_response.csv,22,time_s,1.478992,1.478992,0.0
factory_10,frequency_response.csv,22,freq_hz,65.258606,65.258606,0.0
factory_10,frequency_response.csv,22,gain_db,-2.795264,-2.795264,0.0
factory_10,frequency_response.csv,23,time_s,1.546218,1.546218,0.0
factory_10,frequency_response.csv,23,freq_hz,68.862625,68.862625,0.0
factory_10,frequency_response.csv,23,gain_db,-4.2343,-4.2343,0.0
factory_10,frequency_response.csv,24,time_s,1.613445,1.613445,0.0
factory_10,frequency_response.csv,24,freq_hz,72.665695,72.665695,0.0
factory_10,frequency_response.csv,24,gain_db,-5.325441,-5.325441,0.0
factory_10,frequency_response.csv,25,time_s,1.680672,1.680672,0.0
factory_10,frequency_response.csv,25,freq_hz,76.678787,76.678787,0.0
factory_10,frequency_response.csv,25,gain_db,-6.95557,-6.95557,0.0
factory_10,frequency_response.csv,26,time_s,1.747899,1.747899,0.0
factory_10,frequency_response.csv,26,freq_hz,80.913506,80.913506,0.0
factory_10,frequency_response.csv,26,gain_db,-8.112366,-8.112366,0.0
factory_10,frequency_response.csv,27,time_s,1.815126,1.815126,0.0
factory_10,frequency_response.csv,27,freq_hz,85.382095,85.382095,0.0
factory_10,frequency_response.csv,27,gain_db,-9.250335,-9.250335,0.0
factory_10,frequency_response.csv,28,time_s,1.882353,1.882353,0.0
factory_10,frequency_response.csv,28,freq_hz,90.097488,90.097488,0.0
factory_10,frequency_response.csv,28,gain_db,-10.215651,-10.215651,0.0
factory_10,frequency_response.csv,29,time_s,1.94958,1.94958,0.0
factory_10,frequency_response.csv,29,freq_hz,95.073273,95.073273,0.0
factory_10,frequency_response.csv,29,gain_db,-10.460634,-10.460634,0.0
factory_10,frequency_response.csv,30,time_s,2.016807,2.016807,0.0
factory_10,frequency_response.csv,30,freq_hz,100.323875,100.323875,0.0
factory_10,frequency_response.csv,30,gain_db,-10.258651,-10.258651,0.0
factory_10,frequency_response.csv,31,time_s,2.084034,2.084034,0.0
factory_10,frequency_response.csv,31,freq_hz,105.864441,105.864441,0.0
factory_10,frequency_response.csv,31,gain_db,-9.61182,-9.61182,0.0
factory_10,frequency_response.csv,32,time_s,2.151261,2.151261,0.0
factory_10,frequency_response.csv,32,freq_hz,111.710999,111.710999,0.0
factory_10,frequency_response.csv,32,gain_db,-8.54814,-8.54814,0.0
factory_10,frequency_response.csv,33,time_s,2.218488,2.218488,0.0
factory_10,frequency_response.csv,33,freq_hz,117.880432,117.880432,0.0
factory_10,frequency_response.csv,33,gain_db,-7.064267,-7.064267,0.0
factory_10,frequency_response.csv,34,time_s,2.285714,2.285714,0.0
factory_10,frequency_response.csv,34,freq_hz,124.390594,124.390594,0.0
factory_10,frequency_response.csv,34,gain_db,-5.445706,-5.445706,0.0
factory_10,frequency_response.csv,35,time_s,2.352941,2.352941,0.0
factory_10,frequency_response.csv,35,freq_hz,131.260284,131.260284,0.0
factory_10,frequency_response.csv,35,gain_db,-4.125136,-4.125136,0.0
factory_10,frequency_response.csv,36,time_s,2.420168,2.420168,0.0
factory_10,frequency_response.csv,36,freq_hz,138.509369,138.509369,0.0
factory_10,frequency_response.csv,36,gain_db,-2.783227,-2.783227,0.0
factory_10,frequency_response.csv,37,time_s,2.487395,2.487395,0.0
factory_10,frequency_response.csv,37,freq_hz,146.158783,146.158783,0.0
factory_10,frequency_response.csv,37,gain_db,-2.032959,-2.032959,0.0
factory_10,frequency_response.csv,38,time_s,2.554622,2.554622,0.0
factory_10,frequency_response.csv,38,freq_hz,154.230667,154.230667,0.0
factory_10,frequency_response.csv,38,gain_db,-1.669651,-1.669651,0.0
factory_10,frequency_response.csv,39,time_s,2.621849,2.621849,0.0
factory_10,frequency_response.csv,39,freq_hz,162.748337,162.748337,0.0
factory_10,frequency_response.csv,39,gain_db,-1.657434,-1.657434,0.0
factory_10,frequency_response.csv,40,time_s,2.689076,2.689076,0.0
factory_10,frequency_response.csv,40,freq_hz,171.73642,171.73642,0.0
factory_10,frequency_response.csv,40,gain_db,-1.871278,-1.871278,0.0
factory_10,frequency_response.csv,41,time_s,2.756303,2.756303,0.0
factory_10,frequency_response.csv,41,freq_hz,181.220856,181.220856,0.0
factory_10,frequency_response.csv,41,gain_db,-2.364024,-2.364024,0.0
factory_10,frequency_response.csv,42,time_s,2.823529,2.823529,0.0
factory_10,frequency_response.csv,42,freq_hz,191.229095,191.229095,0.0
factory_10,frequency_response.csv,42,gain_db,-3.227457,-3.227457,0.0
factory_10,frequency_response.csv,43,time_s,2.890756,2.890756,0.0
factory_10,frequency_response.csv,43,freq_hz,201.79007,201.79007,0.0
factory_10,frequency_response.csv,43,gain_db,-5.056763,-5.056763,0.0
factory_10,frequency_response.csv,44,time_s,2.957983,2.957983,0.0
factory_10,frequency_response.csv,44,freq_hz,212.93428,212.93428,0.0
factory_10,frequency_response.csv,44,gain_db,-7.951355,-7.951355,0.0
factory_10,frequency_response.csv,45,time_s,3.02521,3.02521,0.0
factory_10,frequency_response.csv,45,freq_hz,224.69397,224.69397,0.0
factory_10,frequency_response.csv,45,gain_db,-10.871701,-10.871701,0.0
factory_10,frequency_response.csv,46,time_s,3.092437,3.092437,0.0
factory_10,frequency_response.csv,46,freq_hz,237.103104,237.103104,0.0
factory_10,frequency_response.csv,46,gain_db,-11.479793,-11.479793,0.0
factory_10,frequency_response.csv,47,time_s,3.159664,3.159664,0.0
factory_10,frequency_response.csv,47,freq_hz,250.19754,250.19754,0.0
factory_10,frequency_response.csv,47,gain_db,-9.272397,-9.272397,0.0
factory_10,frequency_response.csv,48,time_s,3.226891,3.226891,0.0
factory_10,frequency_response.csv,48,freq_hz,264.015137,264.015137,0.0
factory_10,frequency_response.csv,48,gain_db,-6.911488,-6.911488,0.0
factory_10,frequency_response.csv,49,time_s,3.294118,3.294118,0.0
factory_10,frequency_response.csv,49,freq_hz,278.595856,278.595856,0.0
factory_10,frequency_response.csv,49,gain_db,-5.095993,-5.095993,0.0
factory_10,frequency_response.csv,50,time_s,3.361345,3.361345,0.0
factory_10,frequency_response.csv,50,freq_hz,293.981812,293.981812,0.0
factory_10,frequency_response.csv,50,gain_db,-3.878988,-3.878988,0.0
factory_10,frequency_response.csv,51,time_s,3.428571,3.428571,0.0
factory_10,frequency_response.csv,51,freq_hz,310.217468,310.217468,0.0
factory_10,frequency_response.csv,51,gain_db,-3.084611,-3.084611,0.0
factory_10,frequency_response.csv,52,time_s,3.495798,3.495798,0.0
factory_10,frequency_response.csv,52,freq_hz,327.349792,327.349792,0.0
factory_10,frequency_response.csv,52,gain_db,-2.607658,-2.607658,0.0
factory_10,frequency_response.csv,53,time_s,3.563025,3.563025,0.0
factory_10,frequency_response.csv,53,freq_hz,345.428284,345.428284,0.0
factory_10,frequency_response.csv,53,gain_db,-2.287669,-2.287669,0.0
factory_10,frequency_response.csv,54,time_s,3.630252,3.630252,0.0
factory_10,frequency_response.csv,54,freq_hz,364.505157,364.505157,0.0
factory_10,frequency_response.csv,54,gain_db,-2.155218,-2.155218,0.0
factory_10,frequency_response.csv,55,time_s,3.697479,3.697479,0.0
factory_10,frequency_response.csv,55,freq_hz,384.63562,384.63562,0.0
factory_10,frequency_response.csv,55,gain_db,-2.230147,-2.230147,0.0
factory_10,frequency_response.csv,56,time_s,3.764706,3.764706,0.0
factory_10,frequency_response.csv,56,freq_hz,405.877808,405.877808,0.0
factory_10,frequency_response.csv,56,gain_db,-2.425108,-2.425108,0.0
factory_10,frequency_response.csv,57,time_s,3.831933,3.831933,0.0
factory_10,frequency_response.csv,57,freq_hz,428.293121,428.293121,0.0
factory_10,frequency_response.csv,57,gain_db,-2.858208,-2.858208,0.0
factory_10,frequency_response.csv,58,time_s,3.89916,3.89916,0.0
factory_10,frequency_response.csv,58,freq_hz,451.946381,451.946381,0.0
factory_10,frequency_response.csv,58,gain_db,-3.621453,-3.621453,0.0
factory_10,frequency_response.csv,59,time_s,3.966387,3.966387,0.0
factory_10,frequency_response.csv,59,freq_hz,476.905945,476.905945,0.0
factory_10,frequency_response.csv,59,gain_db,-4.759137,-4.759137,0.0
factory_10,frequency_response.csv,60,time_s,4.033614,4.033614,0.0
factory_10,frequency_response.csv,60,freq_hz,503.244019,503.244019,0.0
factory_10,frequency_response.csv,60,gain_db,-6.389654,-6.389654,0.0
factory_10,frequency_response.csv,61,time_s,4.100841,4.100841,0.0
factory_10,frequency_response.csv,61,freq_hz,531.03656,531.03656,0.0
factory_10,frequency_response.csv,61,gain_db,-8.210787,-8.210787,0.0
factory_10,frequency_response.csv,62,time_s,4.168067,4.168067,0.0
factory_10,frequency_response.csv,62,freq_hz,560.364014,560.364014,0.0
factory_10,frequency_response.csv,62,gain_db,-9.777949,-9.777949,0.0
factory_10,frequency_response.csv,63,time_s,4.235294,4.235294,0.0
factory_10,frequency_response.csv,63,freq_hz,591.311096,591.311096,0.0
factory_10,frequency_response.csv,63,gain_db,-10.526342,-10.526342,0.0
factory_10,frequency_response.csv,64,time_s,4.302521,4.302521,0.0
factory_10,frequency_response.csv,64,freq_hz,623.967346,623.967346,0.0
factory_10,frequency_response.csv,64,gain_db,-10.644589,-10.644589,0.0
factory_10,frequency_response.csv,65,time_s,4.369748,4.369748,0.0
factory_10,frequency_response.csv,65,freq_hz,658.427063,658.427063,0.0
factory_10,frequency_response.csv,65,gain_db,-10.535772,-10.535772,0.0
factory_10,frequency_response.csv,66,time_s,4.436975,4.436975,0.0
factory_10,frequency_response.csv,66,freq_hz,694.789795,694.789795,0.0
factory_10,frequency_response.csv,66,gain_db,-10.218129,-10.218129,0.0
factory_10,frequency_response.csv,67,time_s,4.504202,4.504202,0.0
factory_10,frequency_response.csv,67,freq_hz,733.160889,733.160889,0.0
factory_10,frequency_response.csv,67,gain_db,-9.407913,-9.407913,0.0
factory_10,frequency_response.csv,68,time_s,4.571429,4.571429,0.0
factory_10,frequency_response.csv,68,freq_hz,773.651001,773.651001,0.0
factory_10,frequency_response.csv,68,gain_db,-7.871781,-7.871781,0.0
factory_10,frequency_response.csv,69,time_s,4.638656,4.638656,0.0
factory_10,frequency_response.csv,69,freq_hz,816.377197,816.377197,0.0
factory_10,frequency_response.csv,69,gain_db,-5.80364,-5.80364,0.0
factory_10,frequency_response.csv,70,time_s,4.705883,4.705883,0.0
factory_10,frequency_response.csv,70,freq_hz,861.463074,861.463074,0.0
factory_10,frequency_response.csv,70,gain_db,-3.754251,-3.754251,0.0
factory_10,frequency_response.csv,71,time_s,4.773109,4.773109,0.0
factory_10,frequency_response.csv,71,freq_hz,909.03894,909.03894,0.0
factory_10,frequency_response.csv,71,gain_db,-2.252723,-2.252723,0.0
factory_10,frequency_response.csv,72,time_s,4.840336,4.840336,0.0
factory_10,frequency_response.csv,72,freq_hz,959.242249,959.242249,0.0
factory_10,frequency_response.csv,72,gain_db,-1.4237,-1.4237,0.0
factory_10,frequency_response.csv,73,time_s,4.907563,4.907563,0.0
factory_10,frequency_response.csv,73,freq_hz,1012.218079,1012.218079,0.0
factory_10,frequency_response.csv,73,gain_db,-1.058303,-1.058303,0.0
factory_10,frequency_response.csv,74,time_s,4.97479,4.97479,0.0
factory_10,frequency_response.csv,74,freq_hz,1068.119629,1068.119629,0.0
factory_10,frequency_response.csv,74,gain_db,-0.937609,-0.937609,0.0
factory_10,frequency_response.csv,75,time_s,5.042017,5.042017,0.0
factory_10,frequency_response.csv,75,freq_hz,1127.108398,1127.108398,0.0
factory_10,frequency_response.csv,75,gain_db,-0.916235,-0.916235,0.0
factory_10,frequency_response.csv,76,time_s,5.109244,5.109244,0.0
factory_10,frequency_response.csv,76,freq_hz,1189.355103,1189.355103,0.0
factory_10,frequency_response.csv,76,gain_db,-0.947078,-0.947078,0.0
factory_10,frequency_response.csv,77,time_s,5.176471,5.176471,0.0
factory_10,frequency_response.csv,77,freq_hz,1255.039307,1255.039307,0.0
factory_10,frequency_response.csv,77,gain_db,-0.993572,-0.993572,0.0
factory_10,frequency_response.csv,78,time_s,5.243698,5.243698,0.0
factory_10,frequency_response.csv,78,freq_hz,1324.351074,1324.351074,0.0
factory_10,frequency_response.csv,78,gain_db,-1.04759,-1.04759,0.0
factory_10,frequency_response.csv,79,time_s,5.310925,5.310925,0.0
factory_10,frequency_response.csv,79,freq_hz,1397.490845,1397.490845,0.0
factory_10,frequency_response.csv,79,gain_db,-1.103751,-1.103751,0.0
factory_10,frequency_response.csv,80,time_s,5.378151,5.378151,0.0
factory_10,frequency_response.csv,80,freq_hz,1474.669678,1474.669678,0.0
factory_10,frequency_response.csv,80,gain_db,-1.154749,-1.154749,0.0
factory_10,frequency_response.csv,81,time_s,5.445378,5.445378,0.0
factory_10,frequency_response.csv,81,freq_hz,1556.110962,1556.110962,0.0
factory_10,frequency_response.csv,81,gain_db,-1.193661,-1.193661,0.0
factory_10,frequency_response.csv,82,time_s,5.512605,5.512605,0.0
factory_10,frequency_response.csv,82,freq_hz,1642.050049,1642.050049,0.0
factory_10,frequency_response.csv,82,gain_db,-1.223884,-1.223884,0.0
factory_10,frequency_response.csv,83,time_s,5.579832,5.579832,0.0
factory_10,frequency_response.csv,83,freq_hz,1732.735107,1732.735107,0.0
factory_10,frequency_response.csv,83,gain_db,-1.245754,-1.245754,0.0
factory_10,frequency_response.csv,84,time_s,5.647059,5.647059,0.0
factory_10,frequency_response.csv,84,freq_hz,1828.428467,1828.428467,0.0
factory_10,frequency_response.csv,84,gain_db,-1.250962,-1.250962,0.0
factory_10,frequency_response.csv,85,time_s,5.714286,5.714286,0.0
factory_10,frequency_response.csv,85,freq_hz,1929.406738,1929.406738,0.0
factory_10,frequency_response.csv,85,gain_db,-1.25176,-1.25176,0.0
factory_10,frequency_response.csv,86,time_s,5.781513,5.781513,0.0
factory_10,frequency_response.csv,86,freq_hz,2035.96167,2035.96167,0.0
factory_10,frequency_response.csv,86,gain_db,-1.278333,-1.278333,0.0
factory_10,frequency_response.csv,87,time_s,5.84874,5.84874,0.0
factory_10,frequency_response.csv,87,freq_hz,2148.401367,2148.401367,0.0
factory_10,frequency_response.csv,87,gain_db,-1.372916,-1.372916,0.0
factory_10,frequency_response.csv,88,time_s,5.915967,5.915967,0.0
factory_10,frequency_response.csv,88,freq_hz,2267.050537,2267.050537,0.0
factory_10,frequency_response.csv,88,gain_db,-1.552941,-1.552941,0.0
factory_10,frequency_response.csv,89,time_s,5.983193,5.983193,0.0
factory_10,frequency_response.csv,89,freq_hz,2392.252441,2392.252441,0.0
factory_10,frequency_response.csv,89,gain_db,-1.744625,-1.744625,0.0
factory_10,frequency_response.csv,90,time_s,6.05042,6.05042,0.0
factory_10,frequency_response.csv,90,freq_hz,2524.368896,2524.368896,0.0
factory_10,frequency_response.csv,90,gain_db,-1.810199,-1.810199,0.0
factory_10,frequency_response.csv,91,time_s,6.117647,6.117647,0.0
factory_10,frequency_response.csv,91,freq_hz,2663.781738,2663.781738,0.0
factory_10,frequency_response.csv,91,gain_db,-1.73326,-1.73326,0.0
factory_10,frequency_response.csv,92,time_s,6.184874,6.184874,0.0
factory_10,frequency_response.csv,92,freq_hz,2810.893799,2810.893799,0.0
factory_10,frequency_response.csv,92,gain_db,-1.628882,-1.628882,0.0
factory_10,frequency_response.csv,93,time_s,6.252101,6.252101,0.0
factory_10,frequency_response.csv,93,freq_hz,2966.130371,2966.130371,0.0
factory_10,frequency_response.csv,93,gain_db,-1.579496,-1.579496,0.0
factory_10,frequency_response.csv,94,time_s,6.319328,6.319328,0.0
factory_10,frequency_response.csv,94,freq_hz,3129.94043,3129.94043,0.0
factory_10,frequency_response.csv,94,gain_db,-1.675094,-1.675094,0.0
factory_10,frequency_response.csv,95,time_s,6.386555,6.386555,0.0
factory_10,frequency_response.csv,95,freq_hz,3302.796875,3302.796875,0.0
factory_10,frequency_response.csv,95,gain_db,-1.943347,-1.943347,0.0
factory_10,frequency_response.csv,96,time_s,6.453782,6.453782,0.0
factory_10,frequency_response.csv,96,freq_hz,3485.199951,3485.199951,0.0
factory_10,frequency_response.csv,96,gain_db,-2.314282,-2.314282,0.0
factory_10,frequency_response.csv,97,time_s,6.521008,6.521008,0.0
factory_10,frequency_response.csv,97,freq_hz,3677.676025,3677.676025,0.0
factory_10,frequency_response.csv,97,gain_db,-2.697876,-2.697876,0.0
factory_10,frequency_response.csv,98,time_s,6.588235,6.588235,0.0
factory_10,frequency_response.csv,98,freq_hz,3880.782471,3880.782471,0.0
factory_10,frequency_response.csv,98,gain_db,-3.049307,-3.049307,0.0
factory_10,frequency_response.csv,99,time_s,6.655462,6.655462,0.0
factory_10,frequency_response.csv,99,freq_hz,4095.105469,4095.105469,0.0
factory_10,frequency_response.csv,99,gain_db,-3.350171,-3.350171,0.0
factory_10,frequency_response.csv,100,time_s,6.722689,6.722689,0.0
factory_10,frequency_response.csv,100,freq_hz,4321.265137,4321.265137,0.0
factory_10,frequency_response.csv,100,gain_db,-3.60616,-3.60616,0.0
factory_10,frequency_response.csv,101,time_s,6.789916,6.789916,0.0
factory_10,frequency_response.csv,101,freq_hz,4559.914551,4559.914551,0.0
factory_10,frequency_response.csv,101,gain_db,-3.837918,-3.837918,0.0
factory_10,frequency_response.csv,102,time_s,6.857143,6.857143,0.0
factory_10,frequency_response.csv,102,freq_hz,4811.744141,4811.744141,0.0
factory_10,frequency_response.csv,102,gain_db,-4.045562,-4.045562,0.0
factory_10,frequency_response.csv,103,time_s,6.92437,6.92437,0.0
factory_10,frequency_response.csv,103,freq_hz,5077.481445,5077.481445,0.0
factory_10,frequency_response.csv,103,gain_db,-4.235804,-4.235804,0.0
factory_10,frequency_response.csv,104,time_s,6.991597,6.991597,0.0
factory_10,frequency_response.csv,104,freq_hz,5357.894531,5357.894531,0.0
factory_10,frequency_response.csv,104,gain_db,-4.406694,-4.406694,0.0
factory_10,frequency_response.csv,105,time_s,7.058824,7.058824,0.0
factory_10,frequency_response.csv,105,freq_hz,5653.793457,5653.793457,0.0
factory_10,frequency_response.csv,105,gain_db,-4.562101,-4.562101,0.0
factory_10,frequency_response.csv,106,time_s,7.12605,7.12605,0.0
factory_10,frequency_response.csv,106,freq_hz,5966.034668,5966.034668,0.0
factory_10,frequency_response.csv,106,gain_db,-4.691692,-4.691692,0.0
factory_10,frequency_response.csv,107,time_s,7.193277,7.193277,0.0
factory_10,frequency_response.csv,107,freq_hz,6295.519531,6295.519531,0.0
factory_10,frequency_response.csv,107,gain_db,-4.801715,-4.801715,0.0
factory_10,frequency_response.csv,108,time_s,7.260504,7.260504,0.0
factory_10,frequency_response.csv,108,freq_hz,6643.200684,6643.200684,0.0
factory_10,frequency_response.csv,108,gain_db,-4.886143,-4.886143,0.0
factory_10,frequency_response.csv,109,time_s,7.327731,7.327731,0.0
factory_10,frequency_response.csv,109,freq_hz,7010.083008,7010.083008,0.0
factory_10,frequency_response.csv,109,gain_db,-4.942188,-4.942188,0.0
factory_10,frequency_response.csv,110,time_s,7.394958,7.394958,0.0
factory_10,frequency_response.csv,110,freq_hz,7397.227539,7397.227539,0.0
factory_10,frequency_response.csv,110,gain_db,-4.969342,-4.969342,0.0
factory_10,frequency_response.csv,111,time_s,7.462185,7.462185,0.0
factory_10,frequency_response.csv,111,freq_hz,7805.752441,7805.752441,0.0
factory_10,frequency_response.csv,111,gain_db,-4.972031,-4.972031,0.0
factory_10,frequency_response.csv,112,time_s,7.529412,7.529412,0.0
factory_10,frequency_response.csv,112,freq_hz,8236.839844,8236.839844,0.0
factory_10,frequency_response.csv,112,gain_db,-4.949263,-4.949263,0.0
factory_10,frequency_response.csv,113,time_s,7.596639,7.596639,0.0
factory_10,frequency_response.csv,113,freq_hz,8691.733398,8691.733398,0.0
factory_10,frequency_response.csv,113,gain_db,-4.911714,-4.911714,0.0
factory_10,frequency_response.csv,114,time_s,7.663866,7.663866,0.0
factory_10,frequency_response.csv,114,freq_hz,9171.75,9171.75,0.0
factory_10,frequency_response.csv,114,gain_db,-4.87584,-4.87584,0.0
factory_10,frequency_response.csv,115,time_s,7.731092,7.731092,0.0
factory_10,frequency_response.csv,115,freq_hz,9678.276367,9678.276367,0.0
factory_10,frequency_response.csv,115,gain_db,-4.854345,-4.854345,0.0
factory_10,frequency_response.csv,116,time_s,7.798319,7.798319,0.0
factory_10,frequency_response.csv,116,freq_hz,10212.776367,10212.776367,0.0
factory_10,frequency_response.csv,116,gain_db,-4.857406,-4.857406,0.0
factory_10,frequency_response.csv,117,time_s,7.865546,7.865546,0.0
factory_10,frequency_response.csv,117,freq_hz,10776.795898,10776.795898,0.0
factory_10,frequency_response.csv,117,gain_db,-4.86693,-4.86693,0.0
factory_10,frequency_response.csv,118,time_s,7.932773,7.932773,0.0
factory_10,frequency_response.csv,118,freq_hz,11371.962891,11371.962891,0.0
factory_10,frequency_response.csv,118,gain_db,-4.872042,-4.872042,0.0
factory_10,frequency_response.csv,119,time_s,8.0,8.0,0.0
factory_10,frequency_response.csv,119,freq_hz,12000.0,12000.0,0.0
factory_10,frequency_response.csv,119,gain_db,-4.869593,-4.869593,0.0
factory_10,notch_tracking.csv,0,time_s,0.336134,0.336134,0.0
factory_10,notch_tracking.csv,0,freq_hz,26.167307,26.167307,0.0
factory_10,notch_tracking.csv,0,notch_depth_db,-3.534525,-3.534525,0.0
factory_10,notch_tracking.csv,1,time_s,0.806723,0.806723,0.0
factory_10,notch_tracking.csv,1,freq_hz,38.122353,38.122353,0.0
factory_10,notch_tracking.csv,1,notch_depth_db,-7.987747,-7.987747,0.0
factory_10,notch_tracking.csv,2,time_s,1.94958,1.94958,0.0
factory_10,notch_tracking.csv,2,freq_hz,95.073273,95.073273,0.0
factory_10,notch_tracking.csv,2,notch_depth_db,-10.460634,-10.460634,0.0
factory_10,notch_tracking.csv,3,time_s,3.092437,3.092437,0.0
factory_10,notch_tracking.csv,3,freq_hz,237.103104,237.103104,0.0
factory_10,notch_tracking.csv,3,notch_depth_db,-11.479793,-11.479793,0.0
factory_10,notch_tracking.csv,4,time_s,4.302521,4.302521,0.0
factory_10,notch_tracking.csv,4,freq_hz,623.967346,623.967346,0.0
factory_10,notch_tracking.csv,4,notch_depth_db,-10.644589,-10.644589,0.0
factory_10,notch_tracking.csv,5,time_s,6.05042,6.05042,0.0
factory_10,notch_tracking.csv,5,freq_hz,2524.368896,2524.368896,0.0
factory_10,notch_tracking.csv,5,notch_depth_db,-1.810199,-1.810199,0.0
factory_10,notch_tracking.csv,6,time_s,7.462185,7.462185,0.0
factory_10,notch_tracking.csv,6,freq_hz,7805.752441,7805.752441,0.0
factory_10,notch_tracking.csv,6,notch_depth_db,-4.972031,-4.972031,0.0
factory_10,notch_tracking.csv,7,time_s,7.932773,7.932773,0.0
factory_10,notch_tracking.csv,7,freq_hz,11371.962891,11371.962891,0.0
factory_10,notch_tracking.csv,7,notch_depth_db,-4.872042,-4.872042,0.0
factory_10,thd_vs_drive.csv,0,sine_level_db,-24.0,-24.0,0.0
factory_10,thd_vs_drive.csv,0,thd_ratio,0.0084,0.0084,0.0
factory_10,thd_vs_drive.csv,0,thd_db,-41.514469,-41.514469,0.0
factory_10,thd_vs_drive.csv,0,broadband_hf_db,-82.68145,-82.68145,0.0
factory_10,thd_vs_drive.csv,1,sine_level_db,-18.0,-18.0,0.0
factory_10,thd_vs_drive.csv,1,thd_ratio,0.017998,0.017998,0.0
factory_10,thd_vs_drive.csv,1,thd_db,-34.895599,-34.895599,0.0
factory_10,thd_vs_drive.csv,1,broadband_hf_db,-82.685287,-82.685287,0.0
factory_10,thd_vs_drive.csv,2,sine_level_db,-12.0,-12.0,0.0
factory_10,thd_vs_drive.csv,2,thd_ratio,0.039245,0.039245,0.0
factory_10,thd_vs_drive.csv,2,thd_db,-28.124361,-28.124361,0.0
factory_10,thd_vs_drive.csv,2,broadband_hf_db,-82.681343,-82.681343,0.0
factory_10,thd_vs_drive.csv,3,sine_level_db,-6.0,-6.0,0.0
factory_10,thd_vs_drive.csv,3,thd_ratio,0.078842,0.078842,0.0
factory_10,thd_vs_drive.csv,3,thd_db,-22.064861,-22.064861,0.0
factory_10,thd_vs_drive.csv,3,broadband_hf_db,-82.34716,-82.34716,0.0
factory_10,thd_vs_drive.csv,4,sine_level_db,0.0,0.0,0.0
factory_10,thd_vs_drive.csv,4,thd_ratio,0.136962,0.136962,0.0
factory_10,thd_vs_drive.csv,4,thd_db,-17.267986,-17.267986,0.0
factory_10,thd_vs_drive.csv,4,broadband_hf_db,-82.084518,-82.084518,0.0
factory_11,summary.csv,average_tracked_notch_db,value,-5.000794,-5.000794,0.0
factory_11,summary.csv,deepest_tracked_notch_db,value,-14.239974,-14.239974,0.0
factory_11,summary.csv,guitar_broadband_hf_db,value,-80.961891,-80.961891,0.0
factory_11,summary.csv,guitar_lr_correlation,value,0.999955,0.999955,0.0
factory_11,summary.csv,guitar_mono_fold_db,value,-0.000118,-0.000118,0.0
factory_11,summary.csv,guitar_side_to_mid_db,value,-45.662601,-45.662601,0.0
factory_11,summary.csv,sweep_broadband_hf_db,value,-82.045029,-82.045029,0.0
factory_11,summary.csv,sweep_lr_correlation,value,0.999983,0.999983,0.0
factory_11,summary.csv,sweep_mono_fold_db,value,-3.8e-05,-3.8e-05,0.0
factory_11,summary.csv,sweep_side_to_mid_db,value,-50.623013,-50.623013,0.0
factory_11,summary.csv,tracked_notch_count,value,9.0,9.0,0.0
factory_11,summary.csv,tracked_notch_high_hz,value,7805.752441,7805.752441,0.0
factory_11,summary.csv,tracked_notch_low_hz,value,26.167307,26.167307,0.0
factory_11,summary.csv,tracked_notch_span_oct,value,8.220629,8.220629,0.0
factory_11,summary.csv,worst_thd_db,value,-15.687121,-15.687121,0.0
factory_11,frequency_response.csv,0,time_s,0.0,0.0,0.0
factory_11,frequency_response.csv,0,freq_hz,20.0,20.0,0.0
factory_11,frequency_response.csv,0,gain_db,-8.344587,-8.344587,0.0
factory_11,frequency_response.csv,1,time_s,0.067227,0.067227,0.0
factory_11,frequency_response.csv,1,freq_hz,21.104536,21.104536,0.0
factory_11,frequency_response.csv,1,gain_db,-5.13249,-5.13249,0.0
factory_11,frequency_response.csv,2,time_s,0.134454,0.134454,0.0
factory_11,frequency_response.csv,2,freq_hz,22.270071,22.270071,0.0
factory_11,frequency_response.csv,2,gain_db,-4.523098,-4.523098,0.0
factory_11,frequency_response.csv,3,time_s,0.201681,0.201681,0.0
factory_11,frequency_response.csv,3,freq_hz,23.499975,23.499975,0.0
factory_11,frequency_response.csv,3,gain_db,-3.797212,-3.797212,0.0
factory_11,frequency_response.csv,4,time_s,0.268908,0.268908,0.0
factory_11,frequency_response.csv,4,freq_hz,24.797804,24.797804,0.0
factory_11,frequency_response.csv,4,gain_db,-2.267412,-2.267412,0.0
factory_11,frequency_response.csv,5,time_s,0.336134,0.336134,0.0
factory_11,frequency_response.csv,5,freq_hz,26.167307,26.167307,0.0
factory_11,frequency_response.csv,5,gain_db,-2.504898,-2.504898,0.0
factory_11,frequency_response.csv,6,time_s,0.403361,0.403361,0.0
factory_11,frequency_response.csv,6,freq_hz,27.612442,27.612442,0.0
factory_11,frequency_response.csv,6,gain_db,-1.416553,-1.416553,0.0
factory_11,frequency_response.csv,7,time_s,0.470588,0.470588,0.0
factory_11,frequency_response.csv,7,freq_hz,29.13739,29.13739,0.0
factory_11,frequency_response.csv,7,gain_db,-1.780907,-1.780907,0.0
factory_11,frequency_response.csv,8,time_s,0.537815,0.537815,0.0
factory_11,frequency_response.csv,8,freq_hz,30.746555,30.746555,0.0
factory_11,frequency_response.csv,8,gain_db,-1.575937,-1.575937,0.0
factory_11,frequency_response.csv,9,time_s,0.605042,0.605042,0.0
factory_11,frequency_response.csv,9,freq_hz,32.444588,32.444588,0.0
factory_11,frequency_response.csv,9,gain_db,-1.516988,-1.516988,0.0
factory_11,frequency_response.csv,10,time_s,0.672269,0.672269,0.0
factory_11,frequency_response.csv,10,freq_hz,34.236401,34.236401,0.0
factory_11,frequency_response.csv,10,gain_db,-1.563055,-1.563055,0.0
factory_11,frequency_response.csv,11,time_s,0.739496,0.739496,0.0
factory_11,frequency_response.csv,11,freq_hz,36.127167,36.127167,0.0
factory_11,frequency_response.csv,11,gain_db,-1.687067,-1.687067,0.0
factory_11,frequency_response.csv,12,time_s,0.806723,0.806723,0.0
factory_11,frequency_response.csv,12,freq_hz,38.122353,38.122353,0.0
factory_11,frequency_response.csv,12,gain_db,-1.795856,-1.795856,0.0
factory_11,frequency_response.csv,13,time_s,0.87395,0.87395,0.0
factory_11,frequency_response.csv,13,freq_hz,40.22773,40.22773,0.0
factory_11,frequency_response.csv,13,gain_db,-2.263789,-2.263789,0.0
factory_11,frequency_response.csv,14,time_s,0.941177,0.941177,0.0
factory_11,frequency_response.csv,14,freq_hz,42.449379,42.449379,0.0
factory_11,frequency_response.csv,14,gain_db,-2.487309,-2.487309,0.0
factory_11,frequency_response.csv,15,time_s,1.008403,1.008403,0.0
factory_11,frequency_response.csv,15,freq_hz,44.79372,44.79372,0.0
factory_11,frequency_response.csv,15,gain_db,-2.844483,-2.844483,0.0
factory_11,frequency_response.csv,16,time_s,1.07563,1.07563,0.0
factory_11,frequency_response.csv,16,freq_hz,47.267536,47.267536,0.0
factory_11,frequency_response.csv,16,gain_db,-3.490101,-3.490101,0.0
factory_11,frequency_response.csv,17,time_s,1.142857,1.142857,0.0
factory_11,frequency_response.csv,17,freq_hz,49.877968,49.877968,0.0
factory_11,frequency_response.csv,17,gain_db,-3.475328,-3.475328,0.0
factory_11,frequency_response.csv,18,time_s,1.210084,1.210084,0.0
factory_11,frequency_response.csv,18,freq_hz,52.632568,52.632568,0.0
factory_11,frequency_response.csv,18,gain_db,-4.124577,-4.124577,0.0
factory_11,frequency_response.csv,19,time_s,1.277311,1.277311,0.0
factory_11,frequency_response.csv,19,freq_hz,55.539299,55.539299,0.0
factory_11,frequency_response.csv,19,gain_db,-4.661327,-4.661327,0.0
factory_11,frequency_response.csv,20,time_s,1.344538,1.344538,0.0
factory_11,frequency_response.csv,20,freq_hz,58.606552,58.606552,0.0
factory_11,frequency_response.csv,20,gain_db,-4.647687,-4.647687,0.0
factory_11,frequency_response.csv,21,time_s,1.411765,1.411765,0.0
factory_11,frequency_response.csv,21,freq_hz,61.843204,61.843204,0.0
factory_11,frequency_response.csv,21,gain_db,-4.929157,-4.929157,0.0
factory_11,frequency_response.csv,22,time_s,1.478992,1.478992,0.0
factory_11,frequency_response.csv,22,freq_hz,65.258606,65.258606,0.0
factory_11,frequency_response.csv,22,gain_db,-4.956569,-4.956569,0.0
factory_11,frequency_response.csv,23,time_s,1.546218,1.546218,0.0
factory_11,frequency_response.csv,23,freq_hz,68.862625,68.862625,0.0
factory_11,frequency_response.csv,23,gain_db,-5.121182,-5.121182,0.0
factory_11,frequency_response.csv,24,time_s,1.613445,1.613445,0.0
factory_11,frequency_response.csv,24,freq_hz,72.665695,72.665695,0.0
factory_11,frequency_response.csv,24,gain_db,-4.695269,-4.695269,0.0
factory_11,frequency_response.csv,25,time_s,1.680672,1.680672,0.0
factory_11,frequency_response.csv,25,freq_hz,76.678787,76.678787,0.0
factory_11,frequency_response.csv,25,gain_db,-4.79024,-4.79024,0.0
factory_11,frequency_response.csv,26,time_s,1.747899,1.747899,0.0
factory_11,frequency_response.csv,26,freq_hz,80.913506,80.913506,0.0
factory_11,frequency_response.csv,26,gain_db,-4.2596,-4.2596,0.0
factory_11,frequency_response.csv,27,time_s,1.815126,1.815126,0.0
factory_11,frequency_response.csv,27,freq_hz,85.382095,85.382095,0.0
factory_11,frequency_response.csv,27,gain_db,-4.163955,-4.163955,0.0
factory_11,frequency_response.csv,28,time_s,1.882353,1.882353,0.0
factory_11,frequency_response.csv,28,freq_hz,90.097488,90.097488,0.0
factory_11,frequency_response.csv,28,gain_db,-4.022686,-4.022686,0.0
factory_11,frequency_response.csv,29,time_s,1.94958,1.94958,0.0
factory_11,frequency_response.csv,29,freq_hz,95.073273,95.073273,0.0
factory_11,frequency_response.csv,29,gain_db,-3.342029,-3.342029,0.0
factory_11,frequency_response.csv,30,time_s,2.016807,2.016807,0.0
factory_11,frequency_response.csv,30,freq_hz,100.323875,100.323875,0.0
factory_11,frequency_response.csv,30,gain_db,-3.152263,-3.152263,0.0
factory_11,frequency_response.csv,31,time_s,2.084034,2.084034,0.0
factory_11,frequency_response.csv,31,freq_hz,105.864441,105.864441,0.0
factory_11,frequency_response.csv,31,gain_db,-2.565098,-2.565098,0.0
factory_11,frequency_response.csv,32,time_s,2.151261,2.151261,0.0
factory_11,frequency_response.csv,32,freq_hz,111.710999,111.710999,0.0
factory_11,frequency_response.csv,32,gain_db,-2.09336,-2.09336,0.0
factory_11,frequency_response.csv,33,time_s,2.218488,2.218488,0.0
factory_11,frequency_response.csv,33,freq_hz,117.880432,117.880432,0.0
factory_11,frequency_response.csv,33,gain_db,-1.636913,-1.636913,0.0
factory_11,frequency_response.csv,34,time_s,2.285714,2.285714,0.0
factory_11,frequency_response.csv,34,freq_hz,124.390594,124.390594,0.0
factory_11,frequency_response.csv,34,gain_db,-1.360217,-1.360217,0.0
factory_11,frequency_response.csv,35,time_s,2.352941,2.352941,0.0
factory_11,frequency_response.csv,35,freq_hz,131.260284,131.260284,0.0
factory_11,frequency_response.csv,35,gain_db,-1.226386,-1.226386,0.0
factory_11,frequency_response.csv,36,time_s,2.420168,2.420168,0.0
factory_11,frequency_response.csv,36,freq_hz,138.509369,138.509369,0.0
factory_11,frequency_response.csv,36,gain_db,-1.177545,-1.177545,0.0
factory_11,frequency_response.csv,37,time_s,2.487395,2.487395,0.0
factory_11,frequency_response.csv,37,freq_hz,146.158783,146.158783,0.0
factory_11,frequency_response.csv,37,gain_db,-1.131957,-1.131957,0.0
factory_11,frequency_response.csv,38,time_s,2.554622,2.554622,0.0
factory_11,frequency_response.csv,38,freq_hz,154.230667,154.230667,0.0
factory_11,frequency_response.csv,38,gain_db,-1.252223,-1.252223,0.0
factory_11,frequency_response.csv,39,time_s,2.621849,2.621849,0.0
factory_11,frequency_response.csv,39,freq_hz,162.748337,162.748337,0.0
factory_11,frequency_response.csv,39,gain_db,-1.360272,-1.360272,0.0
factory_11,frequency_response.csv,40,time_s,2.689076,2.689076,0.0
factory_11,frequency_response.csv,40,freq_hz,171.73642,171.73642,0.0
factory_11,frequency_response.csv,40,gain_db,-1.48286,-1.48286,0.0
factory_11,frequency_response.csv,41,time_s,2.756303,2.756303,0.0
factory_11,frequency_response.csv,41,freq_hz,181.220856,181.220856,0.0
factory_11,frequency_response.csv,41,gain_db,-1.631936,-1.631936,0.0
factory_11,frequency_response.csv,42,time_s,2.823529,2.823529,0.0
factory_11,frequency_response.csv,42,freq_hz,191.229095,191.229095,0.0
factory_11,frequency_response.csv,42,gain_db,-1.805095,-1.805095,0.0
factory_11,frequency_response.csv,43,time_s,2.890756,2.890756,0.0
factory_11,frequency_response.csv,43,freq_hz,201.79007,201.79007,0.0
factory_11,frequency_response.csv,43,gain_db,-1.941962,-1.941962,0.0
factory_11,frequency_response.csv,44,time_s,2.957983,2.957983,0.0
factory_11,frequency_response.csv,44,freq_hz,212.93428,212.93428,0.0
factory_11,frequency_response.csv,44,gain_db,-1.951483,-1.951483,0.0
factory_11,frequency_response.csv,45,time_s,3.02521,3.02521,0.0
factory_11,frequency_response.csv,45,freq_hz,224.69397,224.69397,0.0
factory_11,frequency_response.csv,45,gain_db,-1.991868,-1.991868,0.0
factory_11,frequency_response.csv,46,time_s,3.092437,3.092437,0.0
factory_11,frequency_response.csv,46,freq_hz,237.103104,237.103104,0.0
factory_11,frequency_response.csv,46,gain_db,-1.956402,-1.956402,0.0
factory_11,frequency_response.csv,47,time_s,3.159664,3.159664,0.0
factory_11,frequency_response.csv,47,freq_hz,250.19754,250.19754,0.0
factory_11,frequency_response.csv,47,gain_db,-1.842157,-1.842157,0.0
factory_11,frequency_response.csv,48,time_s,3.226891,3.226891,0.0
factory_11,frequency_response.csv,48,freq_hz,264.015137,264.015137,0.0
factory_11,frequency_response.csv,48,gain_db,-1.684163,-1.684163,0.0
factory_11,frequency_response.csv,49,time_s,3.294118,3.294118,0.0
factory_11,frequency_response.csv,49,freq_hz,278.595856,278.595856,0.0
factory_11,frequency_response.csv,49,gain_db,-1.501854,-1.501854,0.0
factory_11,frequency_response.csv,50,time_s,3.361345,3.361345,0.0
factory_11,frequency_response.csv,50,freq_hz,293.981812,293.981812,0.0
factory_11,frequency_response.csv,50,gain_db,-1.368775,-1.368775,0.0
factory_11,frequency_response.csv,51,time_s,3.428571,3.428571,0.0
factory_11,frequency_response.csv,51,freq_hz,310.217468,310.217468,0.0
factory_11,frequency_response.csv,51,gain_db,-1.252411,-1.252411,0.0
factory_11,frequency_response.csv,52,time_s,3.495798,3.495798,0.0
factory_11,frequency_response.csv,52,freq_hz,327.349792,327.349792,0.0
factory_11,frequency_response.csv,52,gain_db,-1.213987,-1.213987,0.0
factory_11,frequency_response.csv,53,time_s,3.563025,3.563025,0.0
factory_11,frequency_response.csv,53,freq_hz,345.428284,345.428284,0.0
factory_11,frequency_response.csv,53,gain_db,-1.264912,-1.264912,0.0
factory_11,frequency_response.csv,54,time_s,3.630252,3.630252,0.0
factory_11,frequency_response.csv,54,freq_hz,364.505157,364.505157,0.0
factory_11,frequency_response.csv,54,gain_db,-1.464961,-1.464961,0.0
factory_11,frequency_response.csv,55,time_s,3.697479,3.697479,0.0
factory_11,frequency_response.csv,55,freq_hz,384.63562,384.63562,0.0
factory_11,frequency_response.csv,55,gain_db,-1.828512,-1.828512,0.0
factory_11,frequency_response.csv,56,time_s,3.764706,3.764706,0.0
factory_11,frequency_response.csv,56,freq_hz,405.877808,405.877808,0.0
factory_11,frequency_response.csv,56,gain_db,-2.510939,-2.510939,0.0
factory_11,frequency_response.csv,57,time_s,3.831933,3.831933,0.0
factory_11,frequency_response.csv,57,freq_hz,428.293121,428.293121,0.0
factory_11,frequency_response.csv,57,gain_db,-3.681906,-3.681906,0.0
factory_11,frequency_response.csv,58,time_s,3.89916,3.89916,0.0
factory_11,frequency_response.csv,58,freq_hz,451.946381,451.946381,0.0
factory_11,frequency_response.csv,58,gain_db,-5.534064,-5.534064,0.0
factory_11,frequency_response.csv,59,time_s,3.966387,3.966387,0.0
factory_11,frequency_response.csv,59,freq_hz,476.905945,476.905945,0.0
factory_11,frequency_response.csv,59,gain_db,-7.915151,-7.915151,0.0
factory_11,frequency_response.csv,60,time_s,4.033614,4.033614,0.0
factory_11,frequency_response.csv,60,freq_hz,503.244019,503.244019,0.0
factory_11,frequency_response.csv,60,gain_db,-10.416537,-10.416537,0.0
factory_11,frequency_response.csv,61,time_s,4.100841,4.100841,0.0
factory_11,frequency_response.csv,61,freq_hz,531.03656,531.03656,0.0
factory_11,frequency_response.csv,61,gain_db,-12.616903,-12.616903,0.0
factory_11,frequency_response.csv,62,time_s,4.168067,4.168067,0.0
factory_11,frequency_response.csv,62,freq_hz,560.364014,560.364014,0.0
factory_11,frequency_response.csv,62,gain_db,-14.015766,-14.015766,0.0
factory_11,frequency_response.csv,63,time_s,4.235294,4.235294,0.0
factory_11,frequency_response.csv,63,freq_hz,591.311096,591.311096,0.0
factory_11,frequency_response.csv,63,gain_db,-14.239974,-14.239974,0.0
factory_11,frequency_response.csv,64,time_s,4.302521,4.302521,0.0
factory_11,frequency_response.csv,64,freq_hz,623.967346,623.967346,0.0
factory_11,frequency_response.csv,64,gain_db,-13.405561,-13.405561,0.0
factory_11,frequency_response.csv,65,time_s,4.369748,4.369748,0.0
factory_11,frequency_response.csv,65,freq_hz,658.427063,658.427063,0.0
factory_11,frequency_response.csv,65,gain_db,-11.938133,-11.938133,0.0
factory_11,frequency_response.csv,66,time_s,4.436975,4.436975,0.0
factory_11,frequency_response.csv,66,freq_hz,694.789795,694.789795,0.0
factory_11,frequency_response.csv,66,gain_db,-10.116621,-10.116621,0.0
factory_11,frequency_response.csv,67,time_s,4.504202,4.504202,0.0
factory_11,frequency_response.csv,67,freq_hz,733.160889,733.160889,0.0
factory_11,frequency_response.csv,67,gain_db,-8.204173,-8.204173,0.0
factory_11,frequency_response.csv,68,time_s,4.571429,4.571429,0.0
factory_11,frequency_response.csv,68,freq_hz,773.651001,773.651001,0.0
factory_11,frequency_response.csv,68,gain_db,-6.271916,-6.271916,0.0
factory_11,frequency_response.csv,69,time_s,4.638656,4.638656,0.0
factory_11,frequency_response.csv,69,freq_hz,816.377197,816.377197,0.0
factory_11,frequency_response.csv,69,gain_db,-4.42827,-4.42827,0.0
factory_11,frequency_response.csv,70,time_s,4.705883,4.705883,0.0
factory_11,frequency_response.csv,70,freq_hz,861.463074,861.463074,0.0
factory_11,frequency_response.csv,70,gain_db,-2.890183,-2.890183,0.0
factory_11,frequency_response.csv,71,time_s,4.773109,4.773109,0.0
factory_11,frequency_response.csv,71,freq_hz,909.03894,909.03894,0.0
factory_11,frequency_response.csv,71,gain_db,-1.882347,-1.882347,0.0
factory_11,frequency_response.csv,72,time_s,4.840336,4.840336,0.0
factory_11,frequency_response.csv,72,freq_hz,959.242249,959.242249,0.0
factory_11,frequency_response.csv,72,gain_db,-1.317777,-1.317777,0.0
factory_11,frequency_response.csv,73,time_s,4.907563,4.907563,0.0
factory_11,frequency_response.csv,73,freq_hz,1012.218079,1012.218079,0.0
factory_11,frequency_response.csv,73,gain_db,-1.01742,-1.01742,0.0
factory_11,frequency_response.csv,74,time_s,4.97479,4.97479,0.0
factory_11,frequency_response.csv,74,freq_hz,1068.119629,1068.119629,0.0
factory_11,frequency_response.csv,74,gain_db,-0.885049,-0.885049,0.0
factory_11,frequency_response.csv,75,time_s,5.042017,5.042017,0.0
factory_11,frequency_response.csv,75,freq_hz,1127.108398,1127.108398,0.0
factory_11,frequency_response.csv,75,gain_db,-0.844731,-0.844731,0.0
factory_11,frequency_response.csv,76,time_s,5.109244,5.109244,0.0
factory_11,frequency_response.csv,76,freq_hz,1189.355103,1189.355103,0.0
factory_11,frequency_response.csv,76,gain_db,-0.871894,-0.871894,0.0
factory_11,frequency_response.csv,77,time_s,5.176471,5.176471,0.0
factory_11,frequency_response.csv,77,freq_hz,1255.039307,1255.039307,0.0
factory_11,frequency_response.csv,77,gain_db,-0.9367,-0.9367,0.0
factory_11,frequency_response.csv,78,time_s,5.243698,5.243698,0.0
factory_11,frequency_response.csv,78,freq_hz,1324.351074,1324.351074,0.0
factory_11,frequency_response.csv,78,gain_db,-1.027251,-1.027251,0.0
factory_11,frequency_response.csv,79,time_s,5.310925,5.310925,0.0
factory_11,frequency_response.csv,79,freq_hz,1397.490845,1397.490845,0.0
factory_11,frequency_response.csv,79,gain_db,-1.133163,-1.133163,0.0
factory_11,frequency_response.csv,80,time_s,5.378151,5.378151,0.0
factory_11,frequency_response.csv,80,freq_hz,1474.669678,1474.669678,0.0
factory_11,frequency_response.csv,80,gain_db,-1.247971,-1.247971,0.0
factory_11,frequency_response.csv,81,time_s,5.445378,5.445378,0.0
factory_11,frequency_response.csv,81,freq_hz,1556.110962,1556.110962,0.0
factory_11,frequency_response.csv,81,gain_db,-1.361989,-1.361989,0.0
factory_11,frequency_response.csv,82,time_s,5.512605,5.512605,0.0
factory_11,frequency_response.csv,82,freq_hz,1642.050049,1642.050049,0.0
factory_11,frequency_response.csv,82,gain_db,-1.484688,-1.484688,0.0
factory_11,frequency_response.csv,83,time_s,5.579832,5.579832,0.0
factory_11,frequency_response.csv,83,freq_hz,1732.735107,1732.735107,0.0
factory_11,frequency_response.csv,83,gain_db,-1.618521,-1.618521,0.0
factory_11,frequency_response.csv,84,time_s,5.647059,5.647059,0.0
factory_11,frequency_response.csv,84,freq_hz,1828.428467,1828.428467,0.0
factory_11,frequency_response.csv,84,gain_db,-1.751969,-1.751969,0.0
factory_11,frequency_response.csv,85,time_s,5.714286,5.714286,0.0
factory_11,frequency_response.csv,85,freq_hz,1929.406738,1929.406738,0.0
factory_11,frequency_response.csv,85,gain_db,-1.890376,-1.890376,0.0
factory_11,frequency_response.csv,86,time_s,5.781513,5.781513,0.0
factory_11,frequency_response.csv,86,freq_hz,2035.96167,2035.96167,0.0
factory_11,frequency_response.csv,86,gain_db,-2.029722,-2.029722,0.0
factory_11,frequency_response.csv,87,time_s,5.84874,5.84874,0.0
factory_11,frequency_response.csv,87,freq_hz,2148.401367,2148.401367,0.0
factory_11,frequency_response.csv,87,gain_db,-2.177452,-2.177452,0.0
factory_11,frequency_response.csv,88,time_s,5.915967,5.915967,0.0
factory_11,frequency_response.csv,88,freq_hz,2267.050537,2267.050537,0.0
factory_11,frequency_response.csv,88,gain_db,-2.341532,-2.341532,0.0
factory_11,frequency_response.csv,89,time_s,5.983193,5.983193,0.0
factory_11,frequency_response.csv,89,freq_hz,2392.252441,2392.252441,0.0
factory_11,frequency_response.csv,89,gain_db,-2.503902,-2.503902,0.0
factory_11,frequency_response.csv,90,time_s,6.05042,6.05042,0.0
factory_11,frequency_response.csv,90,freq_hz,2524.368896,2524.368896,0.0
factory_11,frequency_response.csv,90,gain_db,-2.675944,-2.675944,0.0
factory_11,frequency_response.csv,91,time_s,6.117647,6.117647,0.0
factory_11,frequency_response.csv,91,freq_hz,2663.781738,2663.781738,0.0
factory_11,frequency_response.csv,91,gain_db,-2.86666,-2.86666,0.0
factory_11,frequency_response.csv,92,time_s,6.184874,6.184874,0.0
factory_11,frequency_response.csv,92,freq_hz,2810.893799,2810.893799,0.0
factory_11,frequency_response.csv,92,gain_db,-3.061415,-3.061415,0.0
factory_11,frequency_response.csv,93,time_s,6.252101,6.252101,0.0
factory_11,frequency_response.csv,93,freq_hz,2966.130371,2966.130371,0.0
factory_11,frequency_response.csv,93,gain_db,-3.262768,-3.262768,0.0
factory_11,frequency_response.csv,94,time_s,6.319328,6.319328,0.0
factory_11,frequency_response.csv,94,freq_hz,3129.94043,3129.94043,0.0
factory_11,frequency_response.csv,94,gain_db,-3.486474,-3.486474,0.0
factory_11,frequency_response.csv,95,time_s,6.386555,6.386555,0.0
factory_11,frequency_response.csv,95,freq_hz,3302.796875,3302.796875,0.0
factory_11,frequency_response.csv,95,gain_db,-3.725459,-3.725459,0.0
factory_11,frequency_response.csv,96,time_s,6.453782,6.453782,0.0
factory_11,frequency_response.csv,96,freq_hz,3485.199951,3485.199951,0.0
factory_11,frequency_response.csv,96,gain_db,-3.969562,-3.969562,0.0
factory_11,frequency_response.csv,97,time_s,6.521008,6.521008,0.0
factory_11,frequency_response.csv,97,freq_hz,3677.676025,3677.676025,0.0
factory_11,frequency_response.csv,97,gain_db,-4.224604,-4.224604,0.0
factory_11,frequency_response.csv,98,time_s,6.588235,6.588235,0.0
factory_11,frequency_response.csv,98,freq_hz,3880.782471,3880.782471,0.0
factory_11,frequency_response.csv,98,gain_db,-4.486058,-4.486058,0.0
factory_11,frequency_response.csv,99,time_s,6.655462,6.655462,0.0
factory_11,frequency_response.csv,99,freq_hz,4095.105469,4095.105469,0.0
factory_11,frequency_response.csv,99,gain_db,-4.743731,-4.743731,0.0
factory_11,frequency_response.csv,100,time_s,6.722689,6.722689,0.0
factory_11,frequency_response.csv,100,freq_hz,4321.265137,4321.265137,0.0
factory_11,frequency_response.csv,100,gain_db,-4.988194,-4.988194,0.0
factory_11,frequency_response.csv,101,time_s,6.789916,6.789916,0.0
factory_11,frequency_response.csv,101,freq_hz,4559.914551,4559.914551,0.0
factory_11,frequency_response.csv,101,gain_db,-5.230494,-5.230494,0.0
factory_11,frequency_response.csv,102,time_s,6.857143,6.857143,0.0
factory_11,frequency_response.csv,102,freq_hz,4811.744141,4811.744141,0.0
factory_11,frequency_response.csv,102,gain_db,-5.454782,-5.454782,0.0
factory_11,frequency_response.csv,103,time_s,6.92437,6.92437,0.0
factory_11,frequency_response.csv,103,freq_hz,5077.481445,5077.481445,0.0
factory_11,frequency_response.csv,103,gain_db,-5.661548,-5.661548,0.0
factory_11,frequency_response.csv,104,time_s,6.991597,6.991597,0.0
factory_11,frequency_response.csv,104,freq_hz,5357.894531,5357.894531,0.0
factory_11,frequency_response.csv,104,gain_db,-5.84275,-5.84275,0.0
factory_11,frequency_response.csv,105,time_s,7.058824,7.058824,0.0
factory_11,frequency_response.csv,105,freq_hz,5653.793457,5653.793457,0.0
factory_11,frequency_response.csv,105,gain_db,-6.002461,-6.002461,0.0
factory_11,frequency_response.csv,106,time_s,7.12605,7.12605,0.0
factory_11,frequency_response.csv,106,freq_hz,5966.034668,5966.034668,0.0
factory_11,frequency_response.csv,106,gain_db,-6.130908,-6.130908,0.0
factory_11,frequency_response.csv,107,time_s,7.193277,7.193277,0.0
factory_11,frequency_response.csv,107,freq_hz,6295.519531,6295.519531,0.0
factory_11,frequency_response.csv,107,gain_db,-6.23858,-6.23858,0.0
factory_11,frequency_response.csv,108,time_s,7.260504,7.260504,0.0
factory_11,frequency_response.csv,108,freq_hz,6643.200684,6643.200684,0.0
factory_11,frequency_response.csv,108,gain_db,-6.320307,-6.320307,0.0
factory_11,frequency_response.csv,109,time_s,7.327731,7.327731,0.0
factory_11,frequency_response.csv,109,freq_hz,7010.083008,7010.083008,0.0
factory_11,frequency_response.csv,109,gain_db,-6.376252,-6.376252,0.0
factory_11,frequency_response.csv,110,time_s,7.394958,7.394958,0.0
factory_11,frequency_response.csv,110,freq_hz,7397.227539,7397.227539,0.0
factory_11,frequency_response.csv,110,gain_db,-6.408505,-6.408505,0.0
factory_11,frequency_response.csv,111,time_s,7.462185,7.462185,0.0
factory_11,frequency_response.csv,111,freq_hz,7805.752441,7805.752441,0.0
factory_11,frequency_response.csv,111,gain_db,-6.426651,-6.426651,0.0
factory_11,frequency_response.csv,112,time_s,7.529412,7.529412,0.0
factory_11,frequency_response.csv,112,freq_hz,8236.839844,8236.839844,0.0
factory_11,frequency_response.csv,112,gain_db,-6.424736,-6.424736,0.0
factory_11,frequency_response.csv,113,time_s,7.596639,7.596639,0.0
factory_11,frequency_response.csv,113,freq_hz,8691.733398,8691.733398,0.0
factory_11,frequency_response.csv,113,gain_db,-6.409109,-6.409109,0.0
factory_11,frequency_response.csv,114,time_s,7.663866,7.663866,0.0
factory_11,frequency_response.csv,114,freq_hz,9171.75,9171.75,0.0
factory_11,frequency_response.csv,114,gain_db,-6.382344,-6.382344,0.0
factory_11,frequency_response.csv,115,time_s,7.731092,7.731092,0.0
factory_11,frequency_response.csv,115,freq_hz,9678.276367,9678.276367,0.0
factory_11,frequency_response.csv,115,gain_db,-6.344321,-6.344321,0.0
factory_11,frequency_response.csv,116,time_s,7.798319,7.798319,0.0
factory_11,frequency_response.csv,116,freq_hz,10212.776367,10212.776367,0.0
factory_11,frequency_response.csv,116,gain_db,-6.300063,-6.300063,0.0
factory_11,frequency_response.csv,117,time_s,7.865546,7.865546,0.0
factory_11,frequency_response.csv,117,freq_hz,10776.795898,10776.795898,0.0
factory_11,frequency_response.csv,117,gain_db,-6.247654,-6.247654,0.0
factory_11,frequency_response.csv,118,time_s,7.932773,7.932773,0.0
factory_11,frequency_response.csv,118,freq_hz,11371.962891,11371.962891,0.0
factory_11,frequency_response.csv,118,gain_db,-6.19093,-6.19093,0.0
factory_11,frequency_response.csv,119,time_s,8.0,8.0,0.0
factory_11,frequency_response.csv,119,freq_hz,12000.0,12000.0,0.0
factory_11,frequency_response.csv,119,gain_db,-6.141538,-6.141538,0.0
factory_11,notch_tracking.csv,0,time_s,0.336134,0.336134,0.0
factory_11,notch_tracking.csv,0,freq_hz,26.167307,26.167307,0.0
factory_11,notch_tracking.csv,0,notch_depth_db,-2.504898,-2.504898,0.0
factory_11,notch_tracking.csv,1,time_s,0.470588,0.470588,0.0
factory_11,notch_tracking.csv,1,freq_hz,29.13739,29.13739,0.0
factory_11,notch_tracking.csv,1,notch_depth_db,-1.780907,-1.780907,0.0
factory_11,notch_tracking.csv,2,time_s,1.07563,1.07563,0.0
factory_11,notch_tracking.csv,2,freq_hz,47.267536,47.267536,0.0
factory_11,notch_tracking.csv,2,notch_depth_db,-3.490101,-3.490101,0.0
factory_11,notch_tracking.csv,3,time_s,1.277311,1.277311,0.0
factory_11,notch_tracking.csv,3,freq_hz,55.539299,55.539299,0.0
factory_11,notch_tracking.csv,3,notch_depth_db,-4.661327,-4.661327,0.0
factory_11,notch_tracking.csv,4,time_s,1.546218,1.546218,0.0
factory_11,notch_tracking.csv,4,freq_hz,68.862625,68.862625,0.0
factory_11,notch_tracking.csv,4,notch_depth_db,-5.121182,-5.121182,0.0
factory_11,notch_tracking.csv,5,time_s,1.680672,1.680672,0.0
factory_11,notch_tracking.csv,5,freq_hz,76.678787,76.678787,0.0
factory_11,notch_tracking.csv,5,notch_depth_db,-4.79024,-4.79024,0.0
factory_11,notch_tracking.csv,6,time_s,3.02521,3.02521,0.0
factory_11,notch_tracking.csv,6,freq_hz,224.69397,224.69397,0.0
factory_11,notch_tracking.csv,6,notch_depth_db,-1.991868,-1.991868,0.0
factory_11,notch_tracking.csv,7,time_s,4.235294,4.235294,0.0
factory_11,notch_tracking.csv,7,freq_hz,591.311096,591.311096,0.0
factory_11,notch_tracking.csv,7,notch_depth_db,-14.239974,-14.239974,0.0
factory_11,notch_tracking.csv,8,time_s,7.462185,7.462185,0.0
factory_11,notch_tracking.csv,8,freq_hz,7805.752441,7805.752441,0.0
factory_11,notch_tracking.csv,8,notch_depth_db,-6.426651,-6.426651,0.0
factory_11,thd_vs_drive.csv,0,sine_level_db,-24.0,-24.0,0.0
factory_11,thd_vs_drive.csv,0,thd_ratio,0.031028,0.031028,0.0
factory_11,thd_vs_drive.csv,0,thd_db,-30.164913,-30.164913,0.0
factory_11,thd_vs_drive.csv,0,broadband_hf_db,-82.688278,-82.688278,0.0
factory_11,thd_vs_drive.csv,1,sine_level_db,-18.0,-18.0,0.0
factory_11,thd_vs_drive.csv,1,thd_ratio,0.061546,0.061546,0.0
factory_11,thd_vs_drive.csv,1,thd_db,-24.216032,-24.216032,0.0
factory_11,thd_vs_drive.csv,1,broadband_hf_db,-82.686089,-82.686089,0.0
factory_11,thd_vs_drive.csv,2,sine_level_db,-12.0,-12.0,0.0
factory_11,thd_vs_drive.csv,2,thd_ratio,0.095213,0.095213,0.0
factory_11,thd_vs_drive.csv,2,thd_db,-20.426067,-20.426067,0.0
factory_11,thd_vs_drive.csv,2,broadband_hf_db,-82.681633,-82.681633,0.0
factory_11,thd_vs_drive.csv,3,sine_level_db,-6.0,-6.0,0.0
factory_11,thd_vs_drive.csv,3,thd_ratio,0.132968,0.132968,0.0
factory_11,thd_vs_drive.csv,3,thd_db,-17.525055,-17.525055,0.0
factory_11,thd_vs_drive.csv,3,broadband_hf_db,-81.315704,-81.315704,0.0
factory_11,thd_vs_drive.csv,4,sine_level_db,0.0,0.0,0.0
factory_11,thd_vs_drive.csv,4,thd_ratio,0.164302,0.164302,0.0
factory_11,thd_vs_drive.csv,4,thd_db,-15.687121,-15.687121,0.0
factory_11,thd_vs_drive.csv,4,broadband_hf_db,-81.109467,-81.109467,0.0
factory_2,summary.csv,average_tracked_notch_db,value,-7.156278,-7.156278,0.0
factory_2,summary.csv,deepest_tracked_notch_db,value,-11.82948,-11.82948,0.0
factory_2,summary.csv,guitar_broadband_hf_db,value,-81.476181,-81.476181,0.0
factory_2,summary.csv,guitar_lr_correlation,value,0.999984,0.999984,0.0
factory_2,summary.csv,guitar_mono_fold_db,value,-3.6e-05,-3.6e-05,0.0
factory_2,summary.csv,guitar_side_to_mid_db,value,-50.818855,-50.818855,0.0
factory_2,summary.csv,sweep_broadband_hf_db,value,-82.136932,-82.136932,0.0
factory_2,summary.csv,sweep_lr_correlation,value,0.999995,0.999995,0.0
factory_2,summary.csv,sweep_mono_fold_db,value,-1.1e-05,-1.1e-05,0.0
factory_2,summary.csv,sweep_side_to_mid_db,value,-55.951488,-55.951488,0.0
factory_2,summary.csv,tracked_notch_count,value,20.0,20.0,0.0
factory_2,summary.csv,tracked_notch_high_hz,value,8691.733398,8691.733398,0.0
factory_2,summary.csv,tracked_notch_low_hz,value,24.797804,24.797804,0.0
factory_2,summary.csv,tracked_notch_span_oct,value,8.453288,8.453288,0.0
factory_2,summary.csv,worst_thd_db,value,-17.372978,-17.372978,0.0
factory_2,frequency_response.csv,0,time_s,0.0,0.0,0.0
factory_2,frequency_response.csv,0,freq_hz,20.0,20.0,0.0
factory_2,frequency_response.csv,0,gain_db,-7.221069,-7.221069,0.0
factory_2,frequency_response.csv,1,time_s,0.067227,0.067227,0.0
factory_2,frequency_response.csv,1,freq_hz,21.104536,21.104536,0.0
factory_2,frequency_response.csv,1,gain_db,-5.132962,-5.132962,0.0
factory_2,frequency_response.csv,2,time_s,0.134454,0.134454,0.0
factory_2,frequency_response.csv,2,freq_hz,22.270071,22.270071,0.0
factory_2,frequency_response.csv,2,gain_db,-5.109674,-5.109674,0.0
factory_2,frequency_response.csv,3,time_s,0.201681,0.201681,0.0
factory_2,frequency_response.csv,3,freq_hz,23.499975,23.499975,0.0
factory_2,frequency_response.csv,3,gain_db,-7.135353,-7.135353,0.0
factory_2,frequency_response.csv,4,time_s,0.268908,0.268908,0.0
factory_2,frequency_response.csv,4,freq_hz,24.797804,24.797804,0.0
factory_2,frequency_response.csv,4,gain_db,-7.902517,-7.902517,0.0
factory_2,frequency_response.csv,5,time_s,0.336134,0.336134,0.0
factory_2,frequency_response.csv,5,freq_hz,26.167307,26.167307,0.0
factory_2,frequency_response.csv,5,gain_db,-6.505595,-6.505595,0.0
factory_2,frequency_response.csv,6,time_s,0.403361,0.403361,0.0
factory_2,frequency_response.csv,6,freq_hz,27.612442,27.612442,0.0
factory_2,frequency_response.csv,6,gain_db,-5.812019,-5.812019,0.0
factory_2,frequency_response.csv,7,time_s,0.470588,0.470588,0.0
factory_2,frequency_response.csv,7,freq_hz,29.13739,29.13739,0.0
factory_2,frequency_response.csv,7,gain_db,-6.230556,-6.230556,0.0
factory_2,frequency_response.csv,8,time_s,0.537815,0.537815,0.0
factory_2,frequency_response.csv,8,freq_hz,30.746555,30.746555,0.0
factory_2,frequency_response.csv,8,gain_db,-7.634065,-7.634065,0.0
factory_2,frequency_response.csv,9,time_s,0.605042,0.605042,0.0
factory_2,frequency_response.csv,9,freq_hz,32.444588,32.444588,0.0
factory_2,frequency_response.csv,9,gain_db,-6.798351,-6.798351,0.0
factory_2,frequency_response.csv,10,time_s,0.672269,0.672269,0.0
factory_2,frequency_response.csv,10,freq_hz,34.236401,34.236401,0.0
factory_2,frequency_response.csv,10,gain_db,-2.692828,-2.692828,0.0
factory_2,frequency_response.csv,11,time_s,0.739496,0.739496,0.0
factory_2,frequency_response.csv,11,freq_hz,36.127167,36.127167,0.0
factory_2,frequency_response.csv,11,gain_db,-1.51026,-1.51026,0.0
factory_2,frequency_response.csv,12,time_s,0.806723,0.806723,0.0
factory_2,frequency_response.csv,12,freq_hz,38.122353,38.122353,0.0
factory_2,frequency_response.csv,12,gain_db,-1.611531,-1.611531,0.0
factory_2,frequency_response.csv,13,time_s,0.87395,0.87395,0.0
factory_2,frequency_response.csv,13,freq_hz,40.22773,40.22773,0.0
factory_2,frequency_response.csv,13,gain_db,-1.730644,-1.730644,0.0
factory_2,frequency_response.csv,14,time_s,0.941177,0.941177,0.0
factory_2,frequency_response.csv,14,freq_hz,42.449379,42.449379,0.0
factory_2,frequency_response.csv,14,gain_db,-1.486243,-1.486243,0.0
factory_2,frequency_response.csv,15,time_s,1.008403,1.008403,0.0
factory_2,frequency_response.csv,15,freq_hz,44.79372,44.79372,0.0
factory_2,frequency_response.csv,15,gain_db,-1.744526,-1.744526,0.0
factory_2,frequency_response.csv,16,time_s,1.07563,1.07563,0.0
factory_2,frequency_response.csv,16,freq_hz,47.267536,47.267536,0.0
factory_2,frequency_response.csv,16,gain_db,-6.027477,-6.027477,0.0
factory_2,frequency_response.csv,17,time_s,1.142857,1.142857,0.0
factory_2,frequency_response.csv,17,freq_hz,49.877968,49.877968,0.0
factory_2,frequency_response.csv,17,gain_db,-9.067172,-9.067172,0.0
factory_2,frequency_response.csv,18,time_s,1.210084,1.210084,0.0
factory_2,frequency_response.csv,18,freq_hz,52.632568,52.632568,0.0
factory_2,frequency_response.csv,18,gain_db,-9.050437,-9.050437,0.0
factory_2,frequency_response.csv,19,time_s,1.277311,1.277311,0.0
factory_2,frequency_response.csv,19,freq_hz,55.539299,55.539299,0.0
factory_2,frequency_response.csv,19,gain_db,-6.409797,-6.409797,0.0
factory_2,frequency_response.csv,20,time_s,1.344538,1.344538,0.0
factory_2,frequency_response.csv,20,freq_hz,58.606552,58.606552,0.0
factory_2,frequency_response.csv,20,gain_db,-1.781569,-1.781569,0.0
factory_2,frequency_response.csv,21,time_s,1.411765,1.411765,0.0
factory_2,frequency_response.csv,21,freq_hz,61.843204,61.843204,0.0
factory_2,frequency_response.csv,21,gain_db,-1.606592,-1.606592,0.0
factory_2,frequency_response.csv,22,time_s,1.478992,1.478992,0.0
factory_2,frequency_response.csv,22,freq_hz,65.258606,65.258606,0.0
factory_2,frequency_response.csv,22,gain_db,-3.644797,-3.644797,0.0
factory_2,frequency_response.csv,23,time_s,1.546218,1.546218,0.0
factory_2,frequency_response.csv,23,freq_hz,68.862625,68.862625,0.0
factory_2,frequency_response.csv,23,gain_db,-5.797258,-5.797258,0.0
factory_2,frequency_response.csv,24,time_s,1.613445,1.613445,0.0
factory_2,frequency_response.csv,24,freq_hz,72.665695,72.665695,0.0
factory_2,frequency_response.csv,24,gain_db,-6.324618,-6.324618,0.0
factory_2,frequency_response.csv,25,time_s,1.680672,1.680672,0.0
factory_2,frequency_response.csv,25,freq_hz,76.678787,76.678787,0.0
factory_2,frequency_response.csv,25,gain_db,-5.445971,-5.445971,0.0
factory_2,frequency_response.csv,26,time_s,1.747899,1.747899,0.0
factory_2,frequency_response.csv,26,freq_hz,80.913506,80.913506,0.0
factory_2,frequency_response.csv,26,gain_db,-2.613135,-2.613135,0.0
factory_2,frequency_response.csv,27,time_s,1.815126,1.815126,0.0
factory_2,frequency_response.csv,27,freq_hz,85.382095,85.382095,0.0
factory_2,frequency_response.csv,27,gain_db,-1.248678,-1.248678,0.0
factory_2,frequency_response.csv,28,time_s,1.882353,1.882353,0.0
factory_2,frequency_response.csv,28,freq_hz,90.097488,90.097488,0.0
factory_2,frequency_response.csv,28,gain_db,-3.160319,-3.160319,0.0
factory_2,frequency_response.csv,29,time_s,1.94958,1.94958,0.0
factory_2,frequency_response.csv,29,freq_hz,95.073273,95.073273,0.0
factory_2,frequency_response.csv,29,gain_db,-3.769387,-3.769387,0.0
factory_2,frequency_response.csv,30,time_s,2.016807,2.016807,0.0
factory_2,frequency_response.csv,30,freq_hz,100.323875,100.323875,0.0
factory_2,frequency_response.csv,30,gain_db,-2.147863,-2.147863,0.0
factory_2,frequency_response.csv,31,time_s,2.084034,2.084034,0.0
factory_2,frequency_response.csv,31,freq_hz,105.864441,105.864441,0.0
factory_2,frequency_response.csv,31,gain_db,-1.362568,-1.362568,0.0
factory_2,frequency_response.csv,32,time_s,2.151261,2.151261,0.0
factory_2,frequency_response.csv,32,freq_hz,111.710999,111.710999,0.0
factory_2,frequency_response.csv,32,gain_db,-4.685678,-4.685678,0.0
factory_2,frequency_response.csv,33,time_s,2.218488,2.218488,0.0
factory_2,frequency_response.csv,33,freq_hz,117.880432,117.880432,0.0
factory_2,frequency_response.csv,33,gain_db,-9.42267,-9.42267,0.0
factory_2,frequency_response.csv,34,time_s,2.285714,2.285714,0.0
factory_2,frequency_response.csv,34,freq_hz,124.390594,124.390594,0.0
factory_2,frequency_response.csv,34,gain_db,-11.82948,-11.82948,0.0
factory_2,frequency_response.csv,35,time_s,2.352941,2.352941,0.0
factory_2,frequency_response.csv,35,freq_hz,131.260284,131.260284,0.0
factory_2,frequency_response.csv,35,gain_db,-11.502601,-11.502601,0.0
factory_2,frequency_response.csv,36,time_s,2.420168,2.420168,0.0
factory_2,frequency_response.csv,36,freq_hz,138.509369,138.509369,0.0
factory_2,frequency_response.csv,36,gain_db,-11.646966,-11.646966,0.0
factory_2,frequency_response.csv,37,time_s,2.487395,2.487395,0.0
factory_2,frequency_response.csv,37,freq_hz,146.158783,146.158783,0.0
factory_2,frequency_response.csv,37,gain_db,-9.628091,-9.628091,0.0
factory_2,frequency_response.csv,38,time_s,2.554622,2.554622,0.0
factory_2,frequency_response.csv,38,freq_hz,154.230667,154.230667,0.0
factory_2,frequency_response.csv,38,gain_db,-3.883393,-3.883393,0.0
factory_2,frequency_response.csv,39,time_s,2.621849,2.621849,0.0
factory_2,frequency_response.csv,39,freq_hz,162.748337,162.748337,0.0
factory_2,frequency_response.csv,39,gain_db,-1.242702,-1.242702,0.0
factory_2,frequency_response.csv,40,time_s,2.689076,2.689076,0.0
factory_2,frequency_response.csv,40,freq_hz,171.73642,171.73642,0.0
factory_2,frequency_response.csv,40,gain_db,-1.233875,-1.233875,0.0
factory_2,frequency_response.csv,41,time_s,2.756303,2.756303,0.0
factory_2,frequency_response.csv,41,freq_hz,181.220856,181.220856,0.0
factory_2,frequency_response.csv,41,gain_db,-1.223591,-1.223591,0.0
factory_2,frequency_response.csv,42,time_s,2.823529,2.823529,0.0
factory_2,frequency_response.csv,42,freq_hz,191.229095,191.229095,0.0
factory_2,frequency_response.csv,42,gain_db,-2.980067,-2.980067,0.0
factory_2,frequency_response.csv,43,time_s,2.890756,2.890756,0.0
factory_2,frequency_response.csv,43,freq_hz,201.79007,201.79007,0.0
factory_2,frequency_response.csv,43,gain_db,-9.243007,-9.243007,0.0
factory_2,frequency_response.csv,44,time_s,2.957983,2.957983,0.0
factory_2,frequency_response.csv,44,freq_hz,212.93428,212.93428,0.0
factory_2,frequency_response.csv,44,gain_db,-10.488252,-10.488252,0.0
factory_2,frequency_response.csv,45,time_s,3.02521,3.02521,0.0
factory_2,frequency_response.csv,45,freq_hz,224.69397,224.69397,0.0
factory_2,frequency_response.csv,45,gain_db,-6.938212,-6.938212,0.0
factory_2,frequency_response.csv,46,time_s,3.092437,3.092437,0.0
factory_2,frequency_response.csv,46,freq_hz,237.103104,237.103104,0.0
factory_2,frequency_response.csv,46,gain_db,-5.240048,-5.240048,0.0
factory_2,frequency_response.csv,47,time_s,3.159664,3.159664,0.0
factory_2,frequency_response.csv,47,freq_hz,250.19754,250.19754,0.0
factory_2,frequency_response.csv,47,gain_db,-5.461898,-5.461898,0.0
factory_2,frequency_response.csv,48,time_s,3.226891,3.226891,0.0
factory_2,frequency_response.csv,48,freq_hz,264.015137,264.015137,0.0
factory_2,frequency_response.csv,48,gain_db,-8.399797,-8.399797,0.0
factory_2,frequency_response.csv,49,time_s,3.294118,3.294118,0.0
factory_2,frequency_response.csv,49,freq_hz,278.595856,278.595856,0.0
factory_2,frequency_response.csv,49,gain_db,-10.593109,-10.593109,0.0
factory_2,frequency_response.csv,50,time_s,3.361345,3.361345,0.0
factory_2,frequency_response.csv,50,freq_hz,293.981812,293.981812,0.0
factory_2,frequency_response.csv,50,gain_db,-4.841226,-4.841226,0.0
factory_2,frequency_response.csv,51,time_s,3.428571,3.428571,0.0
factory_2,frequency_response.csv,51,freq_hz,310.217468,310.217468,0.0
factory_2,frequency_response.csv,51,gain_db,-2.30772,-2.30772,0.0
factory_2,frequency_response.csv,52,time_s,3.495798,3.495798,0.0
factory_2,frequency_response.csv,52,freq_hz,327.349792,327.349792,0.0
factory_2,frequency_response.csv,52,gain_db,-2.93403,-2.93403,0.0
factory_2,frequency_response.csv,53,time_s,3.563025,3.563025,0.0
factory_2,frequency_response.csv,53,freq_hz,345.428284,345.428284,0.0
factory_2,frequency_response.csv,53,gain_db,-6.871806,-6.871806,0.0
factory_2,frequency_response.csv,54,time_s,3.630252,3.630252,0.0
factory_2,frequency_response.csv,54,freq_hz,364.505157,364.505157,0.0
factory_2,frequency_response.csv,54,gain_db,-10.659576,-10.659576,0.0
factory_2,frequency_response.csv,55,time_s,3.697479,3.697479,0.0
factory_2,frequency_response.csv,55,freq_hz,384.63562,384.63562,0.0
factory_2,frequency_response.csv,55,gain_db,-6.321094,-6.321094,0.0
factory_2,frequency_response.csv,56,time_s,3.764706,3.764706,0.0
factory_2,frequency_response.csv,56,freq_hz,405.877808,405.877808,0.0
factory_2,frequency_response.csv,56,gain_db,-2.992216,-2.992216,0.0
factory_2,frequency_response.csv,57,time_s,3.831933,3.831933,0.0
factory_2,frequency_response.csv,57,freq_hz,428.293121,428.293121,0.0
factory_2,frequency_response.csv,57,gain_db,-1.818792,-1.818792,0.0
factory_2,frequency_response.csv,58,time_s,3.89916,3.89916,0.0
factory_2,frequency_response.csv,58,freq_hz,451.946381,451.946381,0.0
factory_2,frequency_response.csv,58,gain_db,-1.658156,-1.658156,0.0
factory_2,frequency_response.csv,59,time_s,3.966387,3.966387,0.0
factory_2,frequency_response.csv,59,freq_hz,476.905945,476.905945,0.0
factory_2,frequency_response.csv,59,gain_db,-2.766865,-2.766865,0.0
factory_2,frequency_response.csv,60,time_s,4.033614,4.033614,0.0
factory_2,frequency_response.csv,60,freq_hz,503.244019,503.244019,0.0
factory_2,frequency_response.csv,60,gain_db,-6.827552,-6.827552,0.0
factory_2,frequency_response.csv,61,time_s,4.100841,4.100841,0.0
factory_2,frequency_response.csv,61,freq_hz,531.03656,531.03656,0.0
factory_2,frequency_response.csv,61,gain_db,-10.225825,-10.225825,0.0
factory_2,frequency_response.csv,62,time_s,4.168067,4.168067,0.0
factory_2,frequency_response.csv,62,freq_hz,560.364014,560.364014,0.0
factory_2,frequency_response.csv,62,gain_db,-7.502399,-7.502399,0.0
factory_2,frequency_response.csv,63,time_s,4.235294,4.235294,0.0
factory_2,frequency_response.csv,63,freq_hz,591.311096,591.311096,0.0
factory_2,frequency_response.csv,63,gain_db,-7.595072,-7.595072,0.0
factory_2,frequency_response.csv,64,time_s,4.302521,4.302521,0.0
factory_2,frequency_response.csv,64,freq_hz,623.967346,623.967346,0.0
factory_2,frequency_response.csv,64,gain_db,-9.887503,-9.887503,0.0
factory_2,frequency_response.csv,65,time_s,4.369748,4.369748,0.0
factory_2,frequency_response.csv,65,freq_hz,658.427063,658.427063,0.0
factory_2,frequency_response.csv,65,gain_db,-8.296394,-8.296394,0.0
factory_2,frequency_response.csv,66,time_s,4.436975,4.436975,0.0
factory_2,frequency_response.csv,66,freq_hz,694.789795,694.789795,0.0
factory_2,frequency_response.csv,66,gain_db,-3.039948,-3.039948,0.0
factory_2,frequency_response.csv,67,time_s,4.504202,4.504202,0.0
factory_2,frequency_response.csv,67,freq_hz,733.160889,733.160889,0.0
factory_2,frequency_response.csv,67,gain_db,-1.098215,-1.098215,0.0
factory_2,frequency_response.csv,68,time_s,4.571429,4.571429,0.0
factory_2,frequency_response.csv,68,freq_hz,773.651001,773.651001,0.0
factory_2,frequency_response.csv,68,gain_db,-0.736214,-0.736214,0.0
factory_2,frequency_response.csv,69,time_s,4.638656,4.638656,0.0
factory_2,frequency_response.csv,69,freq_hz,816.377197,816.377197,0.0
factory_2,frequency_response.csv,69,gain_db,-0.683683,-0.683683,0.0
factory_2,frequency_response.csv,70,time_s,4.705883,4.705883,0.0
factory_2,frequency_response.csv,70,freq_hz,861.463074,861.463074,0.0
factory_2,frequency_response.csv,70,gain_db,-0.805017,-0.805017,0.0
factory_2,frequency_response.csv,71,time_s,4.773109,4.773109,0.0
factory_2,frequency_response.csv,71,freq_hz,909.03894,909.03894,0.0
factory_2,frequency_response.csv,71,gain_db,-1.727376,-1.727376,0.0
factory_2,frequency_response.csv,72,time_s,4.840336,4.840336,0.0
factory_2,frequency_response.csv,72,freq_hz,959.242249,959.242249,0.0
factory_2,frequency_response.csv,72,gain_db,-6.234509,-6.234509,0.0
factory_2,frequency_response.csv,73,time_s,4.907563,4.907563,0.0
factory_2,frequency_response.csv,73,freq_hz,1012.218079,1012.218079,0.0
factory_2,frequency_response.csv,73,gain_db,-9.892293,-9.892293,0.0
factory_2,frequency_response.csv,74,time_s,4.97479,4.97479,0.0
factory_2,frequency_response.csv,74,freq_hz,1068.119629,1068.119629,0.0
factory_2,frequency_response.csv,74,gain_db,-9.9532,-9.9532,0.0
factory_2,frequency_response.csv,75,time_s,5.042017,5.042017,0.0
factory_2,frequency_response.csv,75,freq_hz,1127.108398,1127.108398,0.0
factory_2,frequency_response.csv,75,gain_db,-9.377273,-9.377273,0.0
factory_2,frequency_response.csv,76,time_s,5.109244,5.109244,0.0
factory_2,frequency_response.csv,76,freq_hz,1189.355103,1189.355103,0.0
factory_2,frequency_response.csv,76,gain_db,-4.872189,-4.872189,0.0
factory_2,frequency_response.csv,77,time_s,5.176471,5.176471,0.0
factory_2,frequency_response.csv,77,freq_hz,1255.039307,1255.039307,0.0
factory_2,frequency_response.csv,77,gain_db,-1.315623,-1.315623,0.0
factory_2,frequency_response.csv,78,time_s,5.243698,5.243698,0.0
factory_2,frequency_response.csv,78,freq_hz,1324.351074,1324.351074,0.0
factory_2,frequency_response.csv,78,gain_db,-0.831181,-0.831181,0.0
factory_2,frequency_response.csv,79,time_s,5.310925,5.310925,0.0
factory_2,frequency_response.csv,79,freq_hz,1397.490845,1397.490845,0.0
factory_2,frequency_response.csv,79,gain_db,-0.886303,-0.886303,0.0
factory_2,frequency_response.csv,80,time_s,5.378151,5.378151,0.0
factory_2,frequency_response.csv,80,freq_hz,1474.669678,1474.669678,0.0
factory_2,frequency_response.csv,80,gain_db,-0.961871,-0.961871,0.0
factory_2,frequency_response.csv,81,time_s,5.445378,5.445378,0.0
factory_2,frequency_response.csv,81,freq_hz,1556.110962,1556.110962,0.0
factory_2,frequency_response.csv,81,gain_db,-0.984504,-0.984504,0.0
factory_2,frequency_response.csv,82,time_s,5.512605,5.512605,0.0
factory_2,frequency_response.csv,82,freq_hz,1642.050049,1642.050049,0.0
factory_2,frequency_response.csv,82,gain_db,-0.94529,-0.94529,0.0
factory_2,frequency_response.csv,83,time_s,5.579832,5.579832,0.0
factory_2,frequency_response.csv,83,freq_hz,1732.735107,1732.735107,0.0
factory_2,frequency_response.csv,83,gain_db,-1.433755,-1.433755,0.0
factory_2,frequency_response.csv,84,time_s,5.647059,5.647059,0.0
factory_2,frequency_response.csv,84,freq_hz,1828.428467,1828.428467,0.0
factory_2,frequency_response.csv,84,gain_db,-4.742897,-4.742897,0.0
factory_2,frequency_response.csv,85,time_s,5.714286,5.714286,0.0
factory_2,frequency_response.csv,85,freq_hz,1929.406738,1929.406738,0.0
factory_2,frequency_response.csv,85,gain_db,-6.850001,-6.850001,0.0
factory_2,frequency_response.csv,86,time_s,5.781513,5.781513,0.0
factory_2,frequency_response.csv,86,freq_hz,2035.96167,2035.96167,0.0
factory_2,frequency_response.csv,86,gain_db,-5.203038,-5.203038,0.0
factory_2,frequency_response.csv,87,time_s,5.84874,5.84874,0.0
factory_2,frequency_response.csv,87,freq_hz,2148.401367,2148.401367,0.0
factory_2,frequency_response.csv,87,gain_db,-1.994517,-1.994517,0.0
factory_2,frequency_response.csv,88,time_s,5.915967,5.915967,0.0
factory_2,frequency_response.csv,88,freq_hz,2267.050537,2267.050537,0.0
factory_2,frequency_response.csv,88,gain_db,-1.150507,-1.150507,0.0
factory_2,frequency_response.csv,89,time_s,5.983193,5.983193,0.0
factory_2,frequency_response.csv,89,freq_hz,2392.252441,2392.252441,0.0
factory_2,frequency_response.csv,89,gain_db,-1.492971,-1.492971,0.0
factory_2,frequency_response.csv,90,time_s,6.05042,6.05042,0.0
factory_2,frequency_response.csv,90,freq_hz,2524.368896,2524.368896,0.0
factory_2,frequency_response.csv,90,gain_db,-1.785095,-1.785095,0.0
factory_2,frequency_response.csv,91,time_s,6.117647,6.117647,0.0
factory_2,frequency_response.csv,91,freq_hz,2663.781738,2663.781738,0.0
factory_2,frequency_response.csv,91,gain_db,-1.979538,-1.979538,0.0
factory_2,frequency_response.csv,92,time_s,6.184874,6.184874,0.0
factory_2,frequency_response.csv,92,freq_hz,2810.893799,2810.893799,0.0
factory_2,frequency_response.csv,92,gain_db,-2.105824,-2.105824,0.0
factory_2,frequency_response.csv,93,time_s,6.252101,6.252101,0.0
factory_2,frequency_response.csv,93,freq_hz,2966.130371,2966.130371,0.0
factory_2,frequency_response.csv,93,gain_db,-2.094589,-2.094589,0.0
factory_2,frequency_response.csv,94,time_s,6.319328,6.319328,0.0
factory_2,frequency_response.csv,94,freq_hz,3129.94043,3129.94043,0.0
factory_2,frequency_response.csv,94,gain_db,-1.764498,-1.764498,0.0
factory_2,frequency_response.csv,95,time_s,6.386555,6.386555,0.0
factory_2,frequency_response.csv,95,freq_hz,3302.796875,3302.796875,0.0
factory_2,frequency_response.csv,95,gain_db,-1.454696,-1.454696,0.0
factory_2,frequency_response.csv,96,time_s,6.453782,6.453782,0.0
factory_2,frequency_response.csv,96,freq_hz,3485.199951,3485.199951,0.0
factory_2,frequency_response.csv,96,gain_db,-1.998417,-1.998417,0.0
factory_2,frequency_response.csv,97,time_s,6.521008,6.521008,0.0
factory_2,frequency_response.csv,97,freq_hz,3677.676025,3677.676025,0.0
factory_2,frequency_response.csv,97,gain_db,-1.795185,-1.795185,0.0
factory_2,frequency_response.csv,98,time_s,6.588235,6.588235,0.0
factory_2,frequency_response.csv,98,freq_hz,3880.782471,3880.782471,0.0
factory_2,frequency_response.csv,98,gain_db,-1.659637,-1.659637,0.0
factory_2,frequency_response.csv,99,time_s,6.655462,6.655462,0.0
factory_2,frequency_response.csv,99,freq_hz,4095.105469,4095.105469,0.0
factory_2,frequency_response.csv,99,gain_db,-2.554956,-2.554956,0.0
factory_2,frequency_response.csv,100,time_s,6.722689,6.722689,0.0
factory_2,frequency_response.csv,100,freq_hz,4321.265137,4321.265137,0.0
factory_2,frequency_response.csv,100,gain_db,-3.361655,-3.361655,0.0
factory_2,frequency_response.csv,101,time_s,6.789916,6.789916,0.0
factory_2,frequency_response.csv,101,freq_hz,4559.914551,4559.914551,0.0
factory_2,frequency_response.csv,101,gain_db,-3.774049,-3.774049,0.0
factory_2,frequency_response.csv,102,time_s,6.857143,6.857143,0.0
factory_2,frequency_response.csv,102,freq_hz,4811.744141,4811.744141,0.0
factory_2,frequency_response.csv,102,gain_db,-4.026929,-4.026929,0.0
factory_2,frequency_response.csv,103,time_s,6.92437,6.92437,0.0
factory_2,frequency_response.csv,103,freq_hz,5077.481445,5077.481445,0.0
factory_2,frequency_response.csv,103,gain_db,-4.224391,-4.224391,0.0
factory_2,frequency_response.csv,104,time_s,6.991597,6.991597,0.0
factory_2,frequency_response.csv,104,freq_hz,5357.894531,5357.894531,0.0
factory_2,frequency_response.csv,104,gain_db,-4.348602,-4.348602,0.0
factory_2,frequency_response.csv,105,time_s,7.058824,7.058824,0.0
factory_2,frequency_response.csv,105,freq_hz,5653.793457,5653.793457,0.0
factory_2,frequency_response.csv,105,gain_db,-4.295273,-4.295273,0.0
factory_2,frequency_response.csv,106,time_s,7.12605,7.12605,0.0
factory_2,frequency_response.csv,106,freq_hz,5966.034668,5966.034668,0.0
factory_2,frequency_response.csv,106,gain_db,-3.809174,-3.809174,0.0
factory_2,frequency_response.csv,107,time_s,7.193277,7.193277,0.0
factory_2,frequency_response.csv,107,freq_hz,6295.519531,6295.519531,0.0
factory_2,frequency_response.csv,107,gain_db,-3.168123,-3.168123,0.0
factory_2,frequency_response.csv,108,time_s,7.260504,7.260504,0.0
factory_2,frequency_response.csv,108,freq_hz,6643.200684,6643.200684,0.0
factory_2,frequency_response.csv,108,gain_db,-3.299124,-3.299124,0.0
factory_2,frequency_response.csv,109,time_s,7.327731,7.327731,0.0
factory_2,frequency_response.csv,109,freq_hz,7010.083008,7010.083008,0.0
factory_2,frequency_response.csv,109,gain_db,-3.968495,-3.968495,0.0
factory_2,frequency_response.csv,110,time_s,7.394958,7.394958,0.0
factory_2,frequency_response.csv,110,freq_hz,7397.227539,7397.227539,0.0
factory_2,frequency_response.csv,110,gain_db,-4.659484,-4.659484,0.0
factory_2,frequency_response.csv,111,time_s,7.462185,7.462185,0.0
factory_2,frequency_response.csv,111,freq_hz,7805.752441,7805.752441,0.0
factory_2,frequency_response.csv,111,gain_db,-4.984834,-4.984834,0.0
factory_2,frequency_response.csv,112,time_s,7.529412,7.529412,0.0
factory_2,frequency_response.csv,112,freq_hz,8236.839844,8236.839844,0.0
factory_2,frequency_response.csv,112,gain_db,-5.094247,-5.094247,0.0
factory_2,frequency_response.csv,113,time_s,7.596639,7.596639,0.0
factory_2,frequency_response.csv,113,freq_hz,8691.733398,8691.733398,0.0
factory_2,frequency_response.csv,113,gain_db,-5.125899,-5.125899,0.0
factory_2,frequency_response.csv,114,time_s,7.663866,7.663866,0.0
factory_2,frequency_response.csv,114,freq_hz,9171.75,9171.75,0.0
factory_2,frequency_response.csv,114,gain_db,-5.123415,-5.123415,0.0
factory_2,frequency_response.csv,115,time_s,7.731092,7.731092,0.0
factory_2,frequency_response.csv,115,freq_hz,9678.276367,9678.276367,0.0
factory_2,frequency_response.csv,115,gain_db,-5.090041,-5.090041,0.0
factory_2,frequency_response.csv,116,time_s,7.798319,7.798319,0.0
factory_2,frequency_response.csv,116,freq_hz,10212.776367,10212.776367,0.0
factory_2,frequency_response.csv,116,gain_db,-5.026893,-5.026893,0.0
factory_2,frequency_response.csv,117,time_s,7.865546,7.865546,0.0
factory_2,frequency_response.csv,117,freq_hz,10776.795898,10776.795898,0.0
factory_2,frequency_response.csv,117,gain_db,-4.908734,-4.908734,0.0
factory_2,frequency_response.csv,118,time_s,7.932773,7.932773,0.0
factory_2,frequency_response.csv,118,freq_hz,11371.962891,11371.962891,0.0
factory_2,frequency_response.csv,118,gain_db,-4.740472,-4.740472,0.0
factory_2,frequency_response.csv,119,time_s,8.0,8.0,0.0
factory_2,frequency_response.csv,119,freq_hz,12000.0,12000.0,0.0
factory_2,frequency_response.csv,119,gain_db,-4.67883,-4.67883,0.0
factory_2,notch_tracking.csv,0,time_s,0.268908,0.268908,0.0
factory_2,notch_tracking.csv,0,freq_hz,24.797804,24.797804,0.0
factory_2,notch_tracking.csv,0,notch_depth_db,-7.902517,-7.902517,0.0
factory_2,notch_tracking.csv,1,time_s,0.537815,0.537815,0.0
factory_2,notch_tracking.csv,1,freq_hz,30.746555,30.746555,0.0
factory_2,notch_tracking.csv,1,notch_depth_db,-7.634065,-7.634065,0.0
factory_2,notch_tracking.csv,2,time_s,0.87395,0.87395,0.0
factory_2,notch_tracking.csv,2,freq_hz,40.22773,40.22773,0.0
factory_2,notch_tracking.csv,2,notch_depth_db,-1.730644,-1.730644,0.0
factory_2,notch_tracking.csv,3,time_s,1.142857,1.142857,0.0
factory_2,notch_tracking.csv,3,freq_hz,49.877968,49.877968,0.0
factory_2,notch_tracking.csv,3,notch_depth_db,-9.067172,-9.067172,0.0
factory_2,notch_tracking.csv,4,time_s,1.613445,1.613445,0.0
factory_2,notch_tracking.csv,4,freq_hz,72.665695,72.665695,0.0
factory_2,notch_tracking.csv,4,notch_depth_db,-6.324618,-6.324618,0.0
factory_2,notch_tracking.csv,5,time_s,1.94958,1.94958,0.0
factory_2,notch_tracking.csv,5,freq_hz,95.073273,95.073273,0.0
factory_2,notch_tracking.csv,5,notch_depth_db,-3.769387,-3.769387,0.0
factory_2,notch_tracking.csv,6,time_s,2.285714,2.285714,0.0
factory_2,notch_tracking.csv,6,freq_hz,124.390594,124.390594,0.0
factory_2,notch_tracking.csv,6,notch_depth_db,-11.82948,-11.82948,0.0
factory_2,notch_tracking.csv,7,time_s,2.420168,2.420168,0.0
factory_2,notch_tracking.csv,7,freq_hz,138.509369,138.509369,0.0
factory_2,notch_tracking.csv,7,notch_depth_db,-11.646966,-11.646966,0.0
factory_2,notch_tracking.csv,8,time_s,2.957983,2.957983,0.0
factory_2,notch_tracking.csv,8,freq_hz,212.93428,212.93428,0.0
factory_2,notch_tracking.csv,8,notch_depth_db,-10.488252,-10.488252,0.0
factory_2,notch_tracking.csv,9,time_s,3.294118,3.294118,0.0
factory_2,notch_tracking.csv,9,freq_hz,278.595856,278.595856,0.0
factory_2,notch_tracking.csv,9,notch_depth_db,-10.593109,-10.593109,0.0
factory_2,notch_tracking.csv,10,time_s,3.630252,3.630252,0.0
factory_2,notch_tracking.csv,10,freq_hz,364.505157,364.505157,0.0
factory_2,notch_tracking.csv,10,notch_depth_db,-10.659576,-10.659576,0.0
factory_2,notch_tracking.csv,11,time_s,4.100841,4.100841,0.0
factory_2,notch_tracking.csv,11,freq_hz,531.03656,531.03656,0.0
factory_2,notch_tracking.csv,11,notch_depth_db,-10.225825,-10.225825,0.0
factory_2,notch_tracking.csv,12,time_s,4.302521,4.302521,0.0
factory_2,notch_tracking.csv,12,freq_hz,623.967346,623.967346,0.0
factory_2,notch_tracking.csv,12,notch_depth_db,-9.887503,-9.887503,0.0
factory_2,notch_tracking.csv,13,time_s,4.97479,4.97479,0.0
factory_2,notch_tracking.csv,13,freq_hz,1068.119629,1068.119629,0.0
factory_2,notch_tracking.csv,13,notch_depth_db,-9.9532,-9.9532,0.0
factory_2,notch_tracking.csv,14,time_s,5.445378,5.445378,0.0
factory_2,notch_tracking.csv,14,freq_hz,1556.110962,1556.110962,0.0
factory_2,notch_tracking.csv,14,notch_depth_db,-0.984504,-0.984504,0.0
factory_2,notch_tracking.csv,15,time_s,5.714286,5.714286,0.0
factory_2,notch_tracking.csv,15,freq_hz,1929.406738,1929.406738,0.0
factory_2,notch_tracking.csv,15,notch_depth_db,-6.850001,-6.850001,0.0
factory_2,notch_tracking.csv,16,time_s,6.184874,6.184874,0.0
factory_2,notch_tracking.csv,16,freq_hz,2810.893799,2810.893799,0.0
factory_2,notch_tracking.csv,16,notch_depth_db,-2.105824,-2.105824,0.0
factory_2,notch_tracking.csv,17,time_s,6.453782,6.453782,0.0
factory_2,notch_tracking.csv,17,freq_hz,3485.199951,3485.199951,0.0
factory_2,notch_tracking.csv,17,notch_depth_db,-1.998417,-1.998417,0.0
factory_2,notch_tracking.csv,18,time_s,6.991597,6.991597,0.0
factory_2,notch_tracking.csv,18,freq_hz,5357.894531,5357.894531,0.0
factory_2,notch_tracking.csv,18,notch_depth_db,-4.348602,-4.348602,0.0
factory_2,notch_tracking.csv,19,time_s,7.596639,7.596639,0.0
factory_2,notch_tracking.csv,19,freq_hz,8691.733398,8691.733398,0.0
factory_2,notch_tracking.csv,19,notch_depth_db,-5.125899,-5.125899,0.0
factory_2,thd_vs_drive.csv,0,sine_level_db,-24.0,-24.0,0.0
factory_2,thd_vs_drive.csv,0,thd_ratio,0.013892,0.013892,0.0
factory_2,thd_vs_drive.csv,0,thd_db,-37.144428,-37.144428,0.0
factory_2,thd_vs_drive.csv,0,broadband_hf_db,-82.68,-82.68,0.0
factory_2,thd_vs_drive.csv,1,sine_level_db,-18.0,-18.0,0.0
factory_2,thd_vs_drive.csv,1,thd_ratio,0.02973,0.02973,0.0
factory_2,thd_vs_drive.csv,1,thd_db,-30.536179,-30.536179,0.0
factory_2,thd_vs_drive.csv,1,broadband_hf_db,-82.681442,-82.681442,0.0
factory_2,thd_vs_drive.csv,2,sine_level_db,-12.0,-12.0,0.0
factory_2,thd_vs_drive.csv,2,thd_ratio,0.060257,0.060257,0.0
factory_2,thd_vs_drive.csv,2,thd_db,-24.399822,-24.399822,0.0
factory_2,thd_vs_drive.csv,2,broadband_hf_db,-82.684975,-82.684975,0.0
factory_2,thd_vs_drive.csv,3,sine_level_db,-6.0,-6.0,0.0
factory_2,thd_vs_drive.csv,3,thd_ratio,0.102313,0.102313,0.0
factory_2,thd_vs_drive.csv,3,thd_db,-19.801411,-19.801411,0.0
factory_2,thd_vs_drive.csv,3,broadband_hf_db,-81.002205,-81.002205,0.0
factory_2,thd_vs_drive.csv,4,sine_level_db,0.0,0.0,0.0
factory_2,thd_vs_drive.csv,4,thd_ratio,0.135317,0.135317,0.0
factory_2,thd_vs_drive.csv,4,thd_db,-17.372978,-17.372978,0.0
factory_2,thd_vs_drive.csv,4,broadband_hf_db,-81.273705,-81.273705,0.0
factory_3,summary.csv,average_tracked_notch_db,value,-7.212294,-7.212294,0.0
factory_3,summary.csv,deepest_tracked_notch_db,value,-11.021962,-11.021962,0.0
factory_3,summary.csv,guitar_broadband_hf_db,value,-80.907097,-80.907097,0.0
factory_3,summary.csv,guitar_lr_correlation,value,0.999986,0.999986,0.0
factory_3,summary.csv,guitar_mono_fold_db,value,-3.2e-05,-3.2e-05,0.0
factory_3,summary.csv,guitar_side_to_mid_db,value,-51.361988,-51.361988,0.0
factory_3,summary.csv,sweep_broadband_hf_db,value,-82.342613,-82.342613,0.0
factory_3,summary.csv,sweep_lr_correlation,value,0.999996,0.999996,0.0
factory_3,summary.csv,sweep_mono_fold_db,value,-9e-06,-9e-06,0.0
factory_3,summary.csv,sweep_side_to_mid_db,value,-57.06636,-57.06636,0.0
factory_3,summary.csv,tracked_notch_count,value,8.0,8.0,0.0
factory_3,summary.csv,tracked_notch_high_hz,value,10212.776367,10212.776367,0.0
factory_3,summary.csv,tracked_notch_low_hz,value,26.167307,26.167307,0.0
factory_3,summary.csv,tracked_notch_span_oct,value,8.608394,8.608394,0.0
factory_3,summary.csv,worst_thd_db,value,-17.255661,-17.255661,0.0
factory_3,frequency_response.csv,0,time_s,0.0,0.0,0.0
factory_3,frequency_response.csv,0,freq_hz,20.0,20.0,0.0
factory_3,frequency_response.csv,0,gain_db,-6.815826,-6.815826,0.0
factory_3,frequency_response.csv,1,time_s,0.067227,0.067227,0.0
factory_3,frequency_response.csv,1,freq_hz,21.104536,21.104536,0.0
factory_3,frequency_response.csv,1,gain_db,-4.615129,-4.615129,0.0
factory_3,frequency_response.csv,2,time_s,0.134454,0.134454,0.0
factory_3,frequency_response.csv,2,freq_hz,22.270071,22.270071,0.0
factory_3,frequency_response.csv,2,gain_db,-4.289937,-4.289937,0.0
factory_3,frequency_response.csv,3,time_s,0.201681,0.201681,0.0
factory_3,frequency_response.csv,3,freq_hz,23.499975,23.499975,0.0
factory_3,frequency_response.csv,3,gain_db,-4.132597,-4.132597,0.0
factory_3,frequency_response.csv,4,time_s,0.268908,0.268908,0.0
factory_3,frequency_response.csv,4,freq_hz,24.797804,24.797804,0.0
factory_3,frequency_response.csv,4,gain_db,-3.152135,-3.152135,0.0
factory_3,frequency_response.csv,5,time_s,0.336134,0.336134,0.0
factory_3,frequency_response.csv,5,freq_hz,26.167307,26.167307,0.0
factory_3,frequency_response.csv,5,gain_db,-4.321263,-4.321263,0.0
factory_3,frequency_response.csv,6,time_s,0.403361,0.403361,0.0
factory_3,frequency_response.csv,6,freq_hz,27.612442,27.612442,0.0
factory_3,frequency_response.csv,6,gain_db,-3.612316,-3.612316,0.0
factory_3,frequency_response.csv,7,time_s,0.470588,0.470588,0.0
factory_3,frequency_response.csv,7,freq_hz,29.13739,29.13739,0.0
factory_3,frequency_response.csv,7,gain_db,-4.818498,-4.818498,0.0
factory_3,frequency_response.csv,8,time_s,0.537815,0.537815,0.0
factory_3,frequency_response.csv,8,freq_hz,30.746555,30.746555,0.0
factory_3,frequency_response.csv,8,gain_db,-5.233334,-5.233334,0.0
factory_3,frequency_response.csv,9,time_s,0.605042,0.605042,0.0
factory_3,frequency_response.csv,9,freq_hz,32.444588,32.444588,0.0
factory_3,frequency_response.csv,9,gain_db,-6.408837,-6.408837,0.0
factory_3,frequency_response.csv,10,time_s,0.672269,0.672269,0.0
factory_3,frequency_response.csv,10,freq_hz,34.236401,34.236401,0.0
factory_3,frequency_response.csv,10,gain_db,-7.125591,-7.125591,0.0
factory_3,frequency_response.csv,11,time_s,0.739496,0.739496,0.0
factory_3,frequency_response.csv,11,freq_hz,36.127167,36.127167,0.0
factory_3,frequency_response.csv,11,gain_db,-7.945636,-7.945636,0.0
factory_3,frequency_response.csv,12,time_s,0.806723,0.806723,0.0
factory_3,frequency_response.csv,12,freq_hz,38.122353,38.122353,0.0
factory_3,frequency_response.csv,12,gain_db,-7.729437,-7.729437,0.0
factory_3,frequency_response.csv,13,time_s,0.87395,0.87395,0.0
factory_3,frequency_response.csv,13,freq_hz,40.22773,40.22773,0.0
factory_3,frequency_response.csv,13,gain_db,-6.448791,-6.448791,0.0
factory_3,frequency_response.csv,14,time_s,0.941177,0.941177,0.0
factory_3,frequency_response.csv,14,freq_hz,42.449379,42.449379,0.0
factory_3,frequency_response.csv,14,gain_db,-5.419748,-5.419748,0.0
factory_3,frequency_response.csv,15,time_s,1.008403,1.008403,0.0
factory_3,frequency_response.csv,15,freq_hz,44.79372,44.79372,0.0
factory_3,frequency_response.csv,15,gain_db,-3.311875,-3.311875,0.0
factory_3,frequency_response.csv,16,time_s,1.07563,1.07563,0.0
factory_3,frequency_response.csv,16,freq_hz,47.267536,47.267536,0.0
factory_3,frequency_response.csv,16,gain_db,-1.635373,-1.635373,0.0
factory_3,frequency_response.csv,17,time_s,1.142857,1.142857,0.0
factory_3,frequency_response.csv,17,freq_hz,49.877968,49.877968,0.0
factory_3,frequency_response.csv,17,gain_db,-1.271468,-1.271468,0.0
factory_3,frequency_response.csv,18,time_s,1.210084,1.210084,0.0
factory_3,frequency_response.csv,18,freq_hz,52.632568,52.632568,0.0
factory_3,frequency_response.csv,18,gain_db,-1.003961,-1.003961,0.0
factory_3,frequency_response.csv,19,time_s,1.277311,1.277311,0.0
factory_3,frequency_response.csv,19,freq_hz,55.539299,55.539299,0.0
factory_3,frequency_response.csv,19,gain_db,-1.094746,-1.094746,0.0
factory_3,frequency_response.csv,20,time_s,1.344538,1.344538,0.0
factory_3,frequency_response.csv,20,freq_hz,58.606552,58.606552,0.0
factory_3,frequency_response.csv,20,gain_db,-1.544279,-1.544279,0.0
factory_3,frequency_response.csv,21,time_s,1.411765,1.411765,0.0
factory_3,frequency_response.csv,21,freq_hz,61.843204,61.843204,0.0
factory_3,frequency_response.csv,21,gain_db,-2.432811,-2.432811,0.0
factory_3,frequency_response.csv,22,time_s,1.478992,1.478992,0.0
factory_3,frequency_response.csv,22,freq_hz,65.258606,65.258606,0.0
factory_3,frequency_response.csv,22,gain_db,-3.289976,-3.289976,0.0
factory_3,frequency_response.csv,23,time_s,1.546218,1.546218,0.0
factory_3,frequency_response.csv,23,freq_hz,68.862625,68.862625,0.0
factory_3,frequency_response.csv,23,gain_db,-4.340221,-4.340221,0.0
factory_3,frequency_response.csv,24,time_s,1.613445,1.613445,0.0
factory_3,frequency_response.csv,24,freq_hz,72.665695,72.665695,0.0
factory_3,frequency_response.csv,24,gain_db,-4.825878,-4.825878,0.0
factory_3,frequency_response.csv,25,time_s,1.680672,1.680672,0.0
factory_3,frequency_response.csv,25,freq_hz,76.678787,76.678787,0.0
factory_3,frequency_response.csv,25,gain_db,-5.513767,-5.513767,0.0
factory_3,frequency_response.csv,26,time_s,1.747899,1.747899,0.0
factory_3,frequency_response.csv,26,freq_hz,80.913506,80.913506,0.0
factory_3,frequency_response.csv,26,gain_db,-5.377357,-5.377357,0.0
factory_3,frequency_response.csv,27,time_s,1.815126,1.815126,0.0
factory_3,frequency_response.csv,27,freq_hz,85.382095,85.382095,0.0
factory_3,frequency_response.csv,27,gain_db,-5.292936,-5.292936,0.0
factory_3,frequency_response.csv,28,time_s,1.882353,1.882353,0.0
factory_3,frequency_response.csv,28,freq_hz,90.097488,90.097488,0.0
factory_3,frequency_response.csv,28,gain_db,-4.864878,-4.864878,0.0
factory_3,frequency_response.csv,29,time_s,1.94958,1.94958,0.0
factory_3,frequency_response.csv,29,freq_hz,95.073273,95.073273,0.0
factory_3,frequency_response.csv,29,gain_db,-3.803281,-3.803281,0.0
factory_3,frequency_response.csv,30,time_s,2.016807,2.016807,0.0
factory_3,frequency_response.csv,30,freq_hz,100.323875,100.323875,0.0
factory_3,frequency_response.csv,30,gain_db,-3.009963,-3.009963,0.0
factory_3,frequency_response.csv,31,time_s,2.084034,2.084034,0.0
factory_3,frequency_response.csv,31,freq_hz,105.864441,105.864441,0.0
factory_3,frequency_response.csv,31,gain_db,-2.111935,-2.111935,0.0
factory_3,frequency_response.csv,32,time_s,2.151261,2.151261,0.0
factory_3,frequency_response.csv,32,freq_hz,111.710999,111.710999,0.0
factory_3,frequency_response.csv,32,gain_db,-1.393064,-1.393064,0.0
factory_3,frequency_response.csv,33,time_s,2.218488,2.218488,0.0
factory_3,frequency_response.csv,33,freq_hz,117.880432,117.880432,0.0
factory_3,frequency_response.csv,33,gain_db,-0.96373,-0.96373,0.0
factory_3,frequency_response.csv,34,time_s,2.285714,2.285714,0.0
factory_3,frequency_response.csv,34,freq_hz,124.390594,124.390594,0.0
factory_3,frequency_response.csv,34,gain_db,-0.946674,-0.946674,0.0
factory_3,frequency_response.csv,35,time_s,2.352941,2.352941,0.0
factory_3,frequency_response.csv,35,freq_hz,131.260284,131.260284,0.0
factory_3,frequency_response.csv,35,gain_db,-0.954391,-0.954391,0.0
factory_3,frequency_response.csv,36,time_s,2.420168,2.420168,0.0
factory_3,frequency_response.csv,36,freq_hz,138.509369,138.509369,0.0
factory_3,frequency_response.csv,36,gain_db,-0.965748,-0.965748,0.0
factory_3,frequency_response.csv,37,time_s,2.487395,2.487395,0.0
factory_3,frequency_response.csv,37,freq_hz,146.158783,146.158783,0.0
factory_3,frequency_response.csv,37,gain_db,-1.092983,-1.092983,0.0
factory_3,frequency_response.csv,38,time_s,2.554622,2.554622,0.0
factory_3,frequency_response.csv,38,freq_hz,154.230667,154.230667,0.0
factory_3,frequency_response.csv,38,gain_db,-1.694719,-1.694719,0.0
factory_3,frequency_response.csv,39,time_s,2.621849,2.621849,0.0
factory_3,frequency_response.csv,39,freq_hz,162.748337,162.748337,0.0
factory_3,frequency_response.csv,39,gain_db,-3.218885,-3.218885,0.0
factory_3,frequency_response.csv,40,time_s,2.689076,2.689076,0.0
factory_3,frequency_response.csv,40,freq_hz,171.73642,171.73642,0.0
factory_3,frequency_response.csv,40,gain_db,-5.693147,-5.693147,0.0
factory_3,frequency_response.csv,41,time_s,2.756303,2.756303,0.0
factory_3,frequency_response.csv,41,freq_hz,181.220856,181.220856,0.0
factory_3,frequency_response.csv,41,gain_db,-8.867368,-8.867368,0.0
factory_3,frequency_response.csv,42,time_s,2.823529,2.823529,0.0
factory_3,frequency_response.csv,42,freq_hz,191.229095,191.229095,0.0
factory_3,frequency_response.csv,42,gain_db,-11.021962,-11.021962,0.0
factory_3,frequency_response.csv,43,time_s,2.890756,2.890756,0.0
factory_3,frequency_response.csv,43,freq_hz,201.79007,201.79007,0.0
factory_3,frequency_response.csv,43,gain_db,-9.830689,-9.830689,0.0
factory_3,frequency_response.csv,44,time_s,2.957983,2.957983,0.0
factory_3,frequency_response.csv,44,freq_hz,212.93428,212.93428,0.0
factory_3,frequency_response.csv,44,gain_db,-7.45007,-7.45007,0.0
factory_3,frequency_response.csv,45,time_s,3.02521,3.02521,0.0
factory_3,frequency_response.csv,45,freq_hz,224.69397,224.69397,0.0
factory_3,frequency_response.csv,45,gain_db,-5.743634,-5.743634,0.0
factory_3,frequency_response.csv,46,time_s,3.092437,3.092437,0.0
factory_3,frequency_response.csv,46,freq_hz,237.103104,237.103104,0.0
factory_3,frequency_response.csv,46,gain_db,-4.667683,-4.667683,0.0
factory_3,frequency_response.csv,47,time_s,3.159664,3.159664,0.0
factory_3,frequency_response.csv,47,freq_hz,250.19754,250.19754,0.0
factory_3,frequency_response.csv,47,gain_db,-4.016033,-4.016033,0.0
factory_3,frequency_response.csv,48,time_s,3.226891,3.226891,0.0
factory_3,frequency_response.csv,48,freq_hz,264.015137,264.015137,0.0
factory_3,frequency_response.csv,48,gain_db,-3.734647,-3.734647,0.0
factory_3,frequency_response.csv,49,time_s,3.294118,3.294118,0.0
factory_3,frequency_response.csv,49,freq_hz,278.595856,278.595856,0.0
factory_3,frequency_response.csv,49,gain_db,-3.726802,-3.726802,0.0
factory_3,frequency_response.csv,50,time_s,3.361345,3.361345,0.0
factory_3,frequency_response.csv,50,freq_hz,293.981812,293.981812,0.0
factory_3,frequency_response.csv,50,gain_db,-3.992886,-3.992886,0.0
factory_3,frequency_response.csv,51,time_s,3.428571,3.428571,0.0
factory_3,frequency_response.csv,51,freq_hz,310.217468,310.217468,0.0
factory_3,frequency_response.csv,51,gain_db,-4.608542,-4.608542,0.0
factory_3,frequency_response.csv,52,time_s,3.495798,3.495798,0.0
factory_3,frequency_response.csv,52,freq_hz,327.349792,327.349792,0.0
factory_3,frequency_response.csv,52,gain_db,-5.705209,-5.705209,0.0
factory_3,frequency_response.csv,53,time_s,3.563025,3.563025,0.0
factory_3,frequency_response.csv,53,freq_hz,345.428284,345.428284,0.0
factory_3,frequency_response.csv,53,gain_db,-7.338486,-7.338486,0.0
factory_3,frequency_response.csv,54,time_s,3.630252,3.630252,0.0
factory_3,frequency_response.csv,54,freq_hz,364.505157,364.505157,0.0
factory_3,frequency_response.csv,54,gain_db,-9.347317,-9.347317,0.0
factory_3,frequency_response.csv,55,time_s,3.697479,3.697479,0.0
factory_3,frequency_response.csv,55,freq_hz,384.63562,384.63562,0.0
factory_3,frequency_response.csv,55,gain_db,-10.79664,-10.79664,0.0
factory_3,frequency_response.csv,56,time_s,3.764706,3.764706,0.0
factory_3,frequency_response.csv,56,freq_hz,405.877808,405.877808,0.0
factory_3,frequency_response.csv,56,gain_db,-10.456999,-10.456999,0.0
factory_3,frequency_response.csv,57,time_s,3.831933,3.831933,0.0
factory_3,frequency_response.csv,57,freq_hz,428.293121,428.293121,0.0
factory_3,frequency_response.csv,57,gain_db,-9.393068,-9.393068,0.0
factory_3,frequency_response.csv,58,time_s,3.89916,3.89916,0.0
factory_3,frequency_response.csv,58,freq_hz,451.946381,451.946381,0.0
factory_3,frequency_response.csv,58,gain_db,-8.985231,-8.985231,0.0
factory_3,frequency_response.csv,59,time_s,3.966387,3.966387,0.0
factory_3,frequency_response.csv,59,freq_hz,476.905945,476.905945,0.0
factory_3,frequency_response.csv,59,gain_db,-9.449602,-9.449602,0.0
factory_3,frequency_response.csv,60,time_s,4.033614,4.033614,0.0
factory_3,frequency_response.csv,60,freq_hz,503.244019,503.244019,0.0
factory_3,frequency_response.csv,60,gain_db,-10.338305,-10.338305,0.0
factory_3,frequency_response.csv,61,time_s,4.100841,4.100841,0.0
factory_3,frequency_response.csv,61,freq_hz,531.03656,531.03656,0.0
factory_3,frequency_response.csv,61,gain_db,-10.732083,-10.732083,0.0
factory_3,frequency_response.csv,62,time_s,4.168067,4.168067,0.0
factory_3,frequency_response.csv,62,freq_hz,560.364014,560.364014,0.0
factory_3,frequency_response.csv,62,gain_db,-8.889147,-8.889147,0.0
factory_3,frequency_response.csv,63,time_s,4.235294,4.235294,0.0
factory_3,frequency_response.csv,63,freq_hz,591.311096,591.311096,0.0
factory_3,frequency_response.csv,63,gain_db,-5.961214,-5.961214,0.0
factory_3,frequency_response.csv,64,time_s,4.302521,4.302521,0.0
factory_3,frequency_response.csv,64,freq_hz,623.967346,623.967346,0.0
factory_3,frequency_response.csv,64,gain_db,-3.631507,-3.631507,0.0
factory_3,frequency_response.csv,65,time_s,4.369748,4.369748,0.0
factory_3,frequency_response.csv,65,freq_hz,658.427063,658.427063,0.0
factory_3,frequency_response.csv,65,gain_db,-2.142641,-2.142641,0.0
factory_3,frequency_response.csv,66,time_s,4.436975,4.436975,0.0
factory_3,frequency_response.csv,66,freq_hz,694.789795,694.789795,0.0
factory_3,frequency_response.csv,66,gain_db,-1.27007,-1.27007,0.0
factory_3,frequency_response.csv,67,time_s,4.504202,4.504202,0.0
factory_3,frequency_response.csv,67,freq_hz,733.160889,733.160889,0.0
factory_3,frequency_response.csv,67,gain_db,-0.834879,-0.834879,0.0
factory_3,frequency_response.csv,68,time_s,4.571429,4.571429,0.0
factory_3,frequency_response.csv,68,freq_hz,773.651001,773.651001,0.0
factory_3,frequency_response.csv,68,gain_db,-0.608079,-0.608079,0.0
factory_3,frequency_response.csv,69,time_s,4.638656,4.638656,0.0
factory_3,frequency_response.csv,69,freq_hz,816.377197,816.377197,0.0
factory_3,frequency_response.csv,69,gain_db,-0.486566,-0.486566,0.0
factory_3,frequency_response.csv,70,time_s,4.705883,4.705883,0.0
factory_3,frequency_response.csv,70,freq_hz,861.463074,861.463074,0.0
factory_3,frequency_response.csv,70,gain_db,-0.442936,-0.442936,0.0
factory_3,frequency_response.csv,71,time_s,4.773109,4.773109,0.0
factory_3,frequency_response.csv,71,freq_hz,909.03894,909.03894,0.0
factory_3,frequency_response.csv,71,gain_db,-0.439547,-0.439547,0.0
factory_3,frequency_response.csv,72,time_s,4.840336,4.840336,0.0
factory_3,frequency_response.csv,72,freq_hz,959.242249,959.242249,0.0
factory_3,frequency_response.csv,72,gain_db,-0.453089,-0.453089,0.0
factory_3,frequency_response.csv,73,time_s,4.907563,4.907563,0.0
factory_3,frequency_response.csv,73,freq_hz,1012.218079,1012.218079,0.0
factory_3,frequency_response.csv,73,gain_db,-0.473795,-0.473795,0.0
factory_3,frequency_response.csv,74,time_s,4.97479,4.97479,0.0
factory_3,frequency_response.csv,74,freq_hz,1068.119629,1068.119629,0.0
factory_3,frequency_response.csv,74,gain_db,-0.506022,-0.506022,0.0
factory_3,frequency_response.csv,75,time_s,5.042017,5.042017,0.0
factory_3,frequency_response.csv,75,freq_hz,1127.108398,1127.108398,0.0
factory_3,frequency_response.csv,75,gain_db,-0.544818,-0.544818,0.0
factory_3,frequency_response.csv,76,time_s,5.109244,5.109244,0.0
factory_3,frequency_response.csv,76,freq_hz,1189.355103,1189.355103,0.0
factory_3,frequency_response.csv,76,gain_db,-0.644893,-0.644893,0.0
factory_3,frequency_response.csv,77,time_s,5.176471,5.176471,0.0
factory_3,frequency_response.csv,77,freq_hz,1255.039307,1255.039307,0.0
factory_3,frequency_response.csv,77,gain_db,-0.927058,-0.927058,0.0
factory_3,frequency_response.csv,78,time_s,5.243698,5.243698,0.0
factory_3,frequency_response.csv,78,freq_hz,1324.351074,1324.351074,0.0
factory_3,frequency_response.csv,78,gain_db,-1.37891,-1.37891,0.0
factory_3,frequency_response.csv,79,time_s,5.310925,5.310925,0.0
factory_3,frequency_response.csv,79,freq_hz,1397.490845,1397.490845,0.0
factory_3,frequency_response.csv,79,gain_db,-2.020552,-2.020552,0.0
factory_3,frequency_response.csv,80,time_s,5.378151,5.378151,0.0
factory_3,frequency_response.csv,80,freq_hz,1474.669678,1474.669678,0.0
factory_3,frequency_response.csv,80,gain_db,-2.645418,-2.645418,0.0
factory_3,frequency_response.csv,81,time_s,5.445378,5.445378,0.0
factory_3,frequency_response.csv,81,freq_hz,1556.110962,1556.110962,0.0
factory_3,frequency_response.csv,81,gain_db,-2.94703,-2.94703,0.0
factory_3,frequency_response.csv,82,time_s,5.512605,5.512605,0.0
factory_3,frequency_response.csv,82,freq_hz,1642.050049,1642.050049,0.0
factory_3,frequency_response.csv,82,gain_db,-2.728254,-2.728254,0.0
factory_3,frequency_response.csv,83,time_s,5.579832,5.579832,0.0
factory_3,frequency_response.csv,83,freq_hz,1732.735107,1732.735107,0.0
factory_3,frequency_response.csv,83,gain_db,-2.203071,-2.203071,0.0
factory_3,frequency_response.csv,84,time_s,5.647059,5.647059,0.0
factory_3,frequency_response.csv,84,freq_hz,1828.428467,1828.428467,0.0
factory_3,frequency_response.csv,84,gain_db,-1.515852,-1.515852,0.0
factory_3,frequency_response.csv,85,time_s,5.714286,5.714286,0.0
factory_3,frequency_response.csv,85,freq_hz,1929.406738,1929.406738,0.0
factory_3,frequency_response.csv,85,gain_db,-0.909024,-0.909024,0.0
factory_3,frequency_response.csv,86,time_s,5.781513,5.781513,0.0
factory_3,frequency_response.csv,86,freq_hz,2035.96167,2035.96167,0.0
factory_3,frequency_response.csv,86,gain_db,-0.67614,-0.67614,0.0
factory_3,frequency_response.csv,87,time_s,5.84874,5.84874,0.0
factory_3,frequency_response.csv,87,freq_hz,2148.401367,2148.401367,0.0
factory_3,frequency_response.csv,87,gain_db,-0.642766,-0.642766,0.0
factory_3,frequency_response.csv,88,time_s,5.915967,5.915967,0.0
factory_3,frequency_response.csv,88,freq_hz,2267.050537,2267.050537,0.0
factory_3,frequency_response.csv,88,gain_db,-0.633364,-0.633364,0.0
factory_3,frequency_response.csv,89,time_s,5.983193,5.983193,0.0
factory_3,frequency_response.csv,89,freq_hz,2392.252441,2392.252441,0.0
factory_3,frequency_response.csv,89,gain_db,-0.671637,-0.671637,0.0
factory_3,frequency_response.csv,90,time_s,6.05042,6.05042,0.0
factory_3,frequency_response.csv,90,freq_hz,2524.368896,2524.368896,0.0
factory_3,frequency_response.csv,90,gain_db,-0.787829,-0.787829,0.0
factory_3,frequency_response.csv,91,time_s,6.117647,6.117647,0.0
factory_3,frequency_response.csv,91,freq_hz,2663.781738,2663.781738,0.0
factory_3,frequency_response.csv,91,gain_db,-0.912353,-0.912353,0.0
factory_3,frequency_response.csv,92,time_s,6.184874,6.184874,0.0
factory_3,frequency_response.csv,92,freq_hz,2810.893799,2810.893799,0.0
factory_3,frequency_response.csv,92,gain_db,-1.030028,-1.030028,0.0
factory_3,frequency_response.csv,93,time_s,6.252101,6.252101,0.0
factory_3,frequency_response.csv,93,freq_hz,2966.130371,2966.130371,0.0
factory_3,frequency_response.csv,93,gain_db,-1.144305,-1.144305,0.0
factory_3,frequency_response.csv,94,time_s,6.319328,6.319328,0.0
factory_3,frequency_response.csv,94,freq_hz,3129.94043,3129.94043,0.0
factory_3,frequency_response.csv,94,gain_db,-1.26328,-1.26328,0.0
factory_3,frequency_response.csv,95,time_s,6.386555,6.386555,0.0
factory_3,frequency_response.csv,95,freq_hz,3302.796875,3302.796875,0.0
factory_3,frequency_response.csv,95,gain_db,-1.380448,-1.380448,0.0
factory_3,frequency_response.csv,96,time_s,6.453782,6.453782,0.0
factory_3,frequency_response.csv,96,freq_hz,3485.199951,3485.199951,0.0
factory_3,frequency_response.csv,96,gain_db,-1.501327,-1.501327,0.0
factory_3,frequency_response.csv,97,time_s,6.521008,6.521008,0.0
factory_3,frequency_response.csv,97,freq_hz,3677.676025,3677.676025,0.0
factory_3,frequency_response.csv,97,gain_db,-1.619017,-1.619017,0.0
factory_3,frequency_response.csv,98,time_s,6.588235,6.588235,0.0
factory_3,frequency_response.csv,98,freq_hz,3880.782471,3880.782471,0.0
factory_3,frequency_response.csv,98,gain_db,-1.728898,-1.728898,0.0
factory_3,frequency_response.csv,99,time_s,6.655462,6.655462,0.0
factory_3,frequency_response.csv,99,freq_hz,4095.105469,4095.105469,0.0
factory_3,frequency_response.csv,99,gain_db,-1.81774,-1.81774,0.0
factory_3,frequency_response.csv,100,time_s,6.722689,6.722689,0.0
factory_3,frequency_response.csv,100,freq_hz,4321.265137,4321.265137,0.0
factory_3,frequency_response.csv,100,gain_db,-1.873466,-1.873466,0.0
factory_3,frequency_response.csv,101,time_s,6.789916,6.789916,0.0
factory_3,frequency_response.csv,101,freq_hz,4559.914551,4559.914551,0.0
factory_3,frequency_response.csv,101,gain_db,-1.902333,-1.902333,0.0
factory_3,frequency_response.csv,102,time_s,6.857143,6.857143,0.0
factory_3,frequency_response.csv,102,freq_hz,4811.744141,4811.744141,0.0
factory_3,frequency_response.csv,102,gain_db,-1.90767,-1.90767,0.0
factory_3,frequency_response.csv,103,time_s,6.92437,6.92437,0.0
factory_3,frequency_response.csv,103,freq_hz,5077.481445,5077.481445,0.0
factory_3,frequency_response.csv,103,gain_db,-1.928626,-1.928626,0.0
factory_3,frequency_response.csv,104,time_s,6.991597,6.991597,0.0
factory_3,frequency_response.csv,104,freq_hz,5357.894531,5357.894531,0.0
factory_3,frequency_response.csv,104,gain_db,-2.0103,-2.0103,0.0
factory_3,frequency_response.csv,105,time_s,7.058824,7.058824,0.0
factory_3,frequency_response.csv,105,freq_hz,5653.793457,5653.793457,0.0
factory_3,frequency_response.csv,105,gain_db,-2.192602,-2.192602,0.0
factory_3,frequency_response.csv,106,time_s,7.12605,7.12605,0.0
factory_3,frequency_response.csv,106,freq_hz,5966.034668,5966.034668,0.0
factory_3,frequency_response.csv,106,gain_db,-2.452212,-2.452212,0.0
factory_3,frequency_response.csv,107,time_s,7.193277,7.193277,0.0
factory_3,frequency_response.csv,107,freq_hz,6295.519531,6295.519531,0.0
factory_3,frequency_response.csv,107,gain_db,-2.785659,-2.785659,0.0
factory_3,frequency_response.csv,108,time_s,7.260504,7.260504,0.0
factory_3,frequency_response.csv,108,freq_hz,6643.200684,6643.200684,0.0
factory_3,frequency_response.csv,108,gain_db,-3.162059,-3.162059,0.0
factory_3,frequency_response.csv,109,time_s,7.327731,7.327731,0.0
factory_3,frequency_response.csv,109,freq_hz,7010.083008,7010.083008,0.0
factory_3,frequency_response.csv,109,gain_db,-3.520971,-3.520971,0.0
factory_3,frequency_response.csv,110,time_s,7.394958,7.394958,0.0
factory_3,frequency_response.csv,110,freq_hz,7397.227539,7397.227539,0.0
factory_3,frequency_response.csv,110,gain_db,-3.818161,-3.818161,0.0
factory_3,frequency_response.csv,111,time_s,7.462185,7.462185,0.0
factory_3,frequency_response.csv,111,freq_hz,7805.752441,7805.752441,0.0
factory_3,frequency_response.csv,111,gain_db,-4.043753,-4.043753,0.0
factory_3,frequency_response.csv,112,time_s,7.529412,7.529412,0.0
factory_3,frequency_response.csv,112,freq_hz,8236.839844,8236.839844,0.0
factory_3,frequency_response.csv,112,gain_db,-4.203143,-4.203143,0.0
factory_3,frequency_response.csv,113,time_s,7.596639,7.596639,0.0
factory_3,frequency_response.csv,113,freq_hz,8691.733398,8691.733398,0.0
factory_3,frequency_response.csv,113,gain_db,-4.311645,-4.311645,0.0
factory_3,frequency_response.csv,114,time_s,7.663866,7.663866,0.0
factory_3,frequency_response.csv,114,freq_hz,9171.75,9171.75,0.0
factory_3,frequency_response.csv,114,gain_db,-4.379601,-4.379601,0.0
factory_3,frequency_response.csv,115,time_s,7.731092,7.731092,0.0
factory_3,frequency_response.csv,115,freq_hz,9678.276367,9678.276367,0.0
factory_3,frequency_response.csv,115,gain_db,-4.412389,-4.412389,0.0
factory_3,frequency_response.csv,116,time_s,7.798319,7.798319,0.0
factory_3,frequency_response.csv,116,freq_hz,10212.776367,10212.776367,0.0
factory_3,frequency_response.csv,116,gain_db,-4.419973,-4.419973,0.0
factory_3,frequency_response.csv,117,time_s,7.865546,7.865546,0.0
factory_3,frequency_response.csv,117,freq_hz,10776.795898,10776.795898,0.0
factory_3,frequency_response.csv,117,gain_db,-4.402179,-4.402179,0.0
factory_3,frequency_response.csv,118,time_s,7.932773,7.932773,0.0
factory_3,frequency_response.csv,118,freq_hz,11371.962891,11371.962891,0.0
factory_3,frequency_response.csv,118,gain_db,-4.367838,-4.367838,0.0
factory_3,frequency_response.csv,119,time_s,8.0,8.0,0.0
factory_3,frequency_response.csv,119,freq_hz,12000.0,12000.0,0.0
factory_3,frequency_response.csv,119,gain_db,-4.329309,-4.329309,0.0
factory_3,notch_tracking.csv,0,time_s,0.336134,0.336134,0.0
factory_3,notch_tracking.csv,0,freq_hz,26.167307,26.167307,0.0
factory_3,notch_tracking.csv,0,notch_depth_db,-4.321263,-4.321263,0.0
factory_3,notch_tracking.csv,1,time_s,0.739496,0.739496,0.0
factory_3,notch_tracking.csv,1,freq_hz,36.127167,36.127167,0.0
factory_3,notch_tracking.csv,1,notch_depth_db,-7.945636,-7.945636,0.0
factory_3,notch_tracking.csv,2,time_s,1.680672,1.680672,0.0
factory_3,notch_tracking.csv,2,freq_hz,76.678787,76.678787,0.0
factory_3,notch_tracking.csv,2,notch_depth_db,-5.513767,-5.513767,0.0
factory_3,notch_tracking.csv,3,time_s,2.823529,2.823529,0.0
factory_3,notch_tracking.csv,3,freq_hz,191.229095,191.229095,0.0
factory_3,notch_tracking.csv,3,notch_depth_db,-11.021962,-11.021962,0.0
factory_3,notch_tracking.csv,4,time_s,3.697479,3.697479,0.0
factory_3,notch_tracking.csv,4,freq_hz,384.63562,384.63562,0.0
factory_3,notch_tracking.csv,4,notch_depth_db,-10.79664,-10.79664,0.0
factory_3,notch_tracking.csv,5,time_s,4.100841,4.100841,0.0
factory_3,notch_tracking.csv,5,freq_hz,531.03656,531.03656,0.0
factory_3,notch_tracking.csv,5,notch_depth_db,-10.732083,-10.732083,0.0
factory_3,notch_tracking.csv,6,time_s,5.445378,5.445378,0.0
factory_3,notch_tracking.csv,6,freq_hz,1556.110962,1556.110962,0.0
factory_3,notch_tracking.csv,6,notch_depth_db,-2.94703,-2.94703,0.0
factory_3,notch_tracking.csv,7,time_s,7.798319,7.798319,0.0
factory_3,notch_tracking.csv,7,freq_hz,10212.776367,10212.776367,0.0
factory_3,notch_tracking.csv,7,notch_depth_db,-4.419973,-4.419973,0.0
factory_3,thd_vs_drive.csv,0,sine_level_db,-24.0,-24.0,0.0
factory_3,thd_vs_drive.csv,0,thd_ratio,0.001237,0.001237,0.0
factory_3,thd_vs_drive.csv,0,thd_db,-58.14959,-58.14959,0.0
factory_3,thd_vs_drive.csv,0,broadband_hf_db,-82.681953,-82.681953,0.0
factory_3,thd_vs_drive.csv,1,sine_level_db,-18.0,-18.0,0.0
factory_3,thd_vs_drive.csv,1,thd_ratio,0.003556,0.003556,0.0
factory_3,thd_vs_drive.csv,1,thd_db,-48.981354,-48.981354,0.0
factory_3,thd_vs_drive.csv,1,broadband_hf_db,-82.683578,-82.683578,0.0
factory_3,thd_vs_drive.csv,2,sine_level_db,-12.0,-12.0,0.0
factory_3,thd_vs_drive.csv,2,thd_ratio,0.013203,0.013203,0.0
factory_3,thd_vs_drive.csv,2,thd_db,-37.586845,-37.586845,0.0
factory_3,thd_vs_drive.csv,2,broadband_hf_db,-82.684242,-82.684242,0.0
factory_3,thd_vs_drive.csv,3,sine_level_db,-6.0,-6.0,0.0
factory_3,thd_vs_drive.csv,3,thd_ratio,0.051155,0.051155,0.0
factory_3,thd_vs_drive.csv,3,thd_db,-25.822203,-25.822203,0.0
factory_3,thd_vs_drive.csv,3,broadband_hf_db,-82.686691,-82.686691,0.0
factory_3,thd_vs_drive.csv,4,sine_level_db,0.0,0.0,0.0
factory_3,thd_vs_drive.csv,4,thd_ratio,0.137157,0.137157,0.0
factory_3,thd_vs_drive.csv,4,thd_db,-17.255661,-17.255661,0.0
factory_3,thd_vs_drive.csv,4,broadband_hf_db,-80.992668,-80.992668,0.0
factory_4,summary.csv,average_tracked_notch_db,value,-5.752318,-5.752318,0.0
factory_4,summary.csv,deepest_tracked_notch_db,value,-8.480244,-8.480244,0.0
factory_4,summary.csv,guitar_broadband_hf_db,value,-80.808479,-80.808479,0.0
factory_4,summary.csv,guitar_lr_correlation,value,0.999997,0.999997,0.0
factory_4,summary.csv,guitar_mono_fold_db,value,-7e-06,-7e-06,0.0
factory_4,summary.csv,guitar_side_to_mid_db,value,-58.1978,-58.1978,0.0
factory_4,summary.csv,sweep_broadband_hf_db,value,-82.543526,-82.543526,0.0
factory_4,summary.csv,sweep_lr_correlation,value,0.999999,0.999999,0.0
factory_4,summary.csv,sweep_mono_fold_db,value,-3e-06,-3e-06,0.0
factory_4,summary.csv,sweep_side_to_mid_db,value,-62.140072,-62.140072,0.0
factory_4,summary.csv,tracked_notch_count,value,13.0,13.0,0.0
factory_4,summary.csv,tracked_notch_high_hz,value,9171.75,9171.75,0.0
factory_4,summary.csv,tracked_notch_low_hz,value,23.499975,23.499975,0.0
factory_4,summary.csv,tracked_notch_span_oct,value,8.608394,8.608394,0.0
factory_4,summary.csv,worst_thd_db,value,-19.760723,-19.760723,0.0
factory_4,frequency_response.csv,0,time_s,0.0,0.0,0.0
factory_4,frequency_response.csv,0,freq_hz,20.0,20.0,0.0
factory_4,frequency_response.csv,0,gain_db,-7.093697,-7.093697,0.0
factory_4,frequency_response.csv,1,time_s,0.067227,0.067227,0.0
factory_4,frequency_response.csv,1,freq_hz,21.104536,21.104536,0.0
factory_4,frequency_response.csv,1,gain_db,-5.818743,-5.818743,0.0
factory_4,frequency_response.csv,2,time_s,0.134454,0.134454,0.0
factory_4,frequency_response.csv,2,freq_hz,22.270071,22.270071,0.0
factory_4,frequency_response.csv,2,gain_db,-5.988031,-5.988031,0.0
factory_4,frequency_response.csv,3,time_s,0.201681,0.201681,0.0
factory_4,frequency_response.csv,3,freq_hz,23.499975,23.499975,0.0
factory_4,frequency_response.csv,3,gain_db,-6.289151,-6.289151,0.0
factory_4,frequency_response.csv,4,time_s,0.268908,0.268908,0.0
factory_4,frequency_response.csv,4,freq_hz,24.797804,24.797804,0.0
factory_4,frequency_response.csv,4,gain_db,-5.978976,-5.978976,0.0
factory_4,frequency_response.csv,5,time_s,0.336134,0.336134,0.0
factory_4,frequency_response.csv,5,freq_hz,26.167307,26.167307,0.0
factory_4,frequency_response.csv,5,gain_db,-6.655803,-6.655803,0.0
factory_4,frequency_response.csv,6,time_s,0.403361,0.403361,0.0
factory_4,frequency_response.csv,6,freq_hz,27.612442,27.612442,0.0
factory_4,frequency_response.csv,6,gain_db,-6.410102,-6.410102,0.0
factory_4,frequency_response.csv,7,time_s,0.470588,0.470588,0.0
factory_4,frequency_response.csv,7,freq_hz,29.13739,29.13739,0.0
factory_4,frequency_response.csv,7,gain_db,-6.98962,-6.98962,0.0
factory_4,frequency_response.csv,8,time_s,0.537815,0.537815,0.0
factory_4,frequency_response.csv,8,freq_hz,30.746555,30.746555,0.0
factory_4,frequency_response.csv,8,gain_db,-6.643901,-6.643901,0.0
factory_4,frequency_response.csv,9,time_s,0.605042,0.605042,0.0
factory_4,frequency_response.csv,9,freq_hz,32.444588,32.444588,0.0
factory_4,frequency_response.csv,9,gain_db,-5.817292,-5.817292,0.0
factory_4,frequency_response.csv,10,time_s,0.672269,0.672269,0.0
factory_4,frequency_response.csv,10,freq_hz,34.236401,34.236401,0.0
factory_4,frequency_response.csv,10,gain_db,-4.387896,-4.387896,0.0
factory_4,frequency_response.csv,11,time_s,0.739496,0.739496,0.0
factory_4,frequency_response.csv,11,freq_hz,36.127167,36.127167,0.0
factory_4,frequency_response.csv,11,gain_db,-3.578459,-3.578459,0.0
factory_4,frequency_response.csv,12,time_s,0.806723,0.806723,0.0
factory_4,frequency_response.csv,12,freq_hz,38.122353,38.122353,0.0
factory_4,frequency_response.csv,12,gain_db,-2.763888,-2.763888,0.0
factory_4,frequency_response.csv,13,time_s,0.87395,0.87395,0.0
factory_4,frequency_response.csv,13,freq_hz,40.22773,40.22773,0.0
factory_4,frequency_response.csv,13,gain_db,-2.200927,-2.200927,0.0
factory_4,frequency_response.csv,14,time_s,0.941177,0.941177,0.0
factory_4,frequency_response.csv,14,freq_hz,42.449379,42.449379,0.0
factory_4,frequency_response.csv,14,gain_db,-2.331958,-2.331958,0.0
factory_4,frequency_response.csv,15,time_s,1.008403,1.008403,0.0
factory_4,frequency_response.csv,15,freq_hz,44.79372,44.79372,0.0
factory_4,frequency_response.csv,15,gain_db,-2.376121,-2.376121,0.0
factory_4,frequency_response.csv,16,time_s,1.07563,1.07563,0.0
factory_4,frequency_response.csv,16,freq_hz,47.267536,47.267536,0.0
factory_4,frequency_response.csv,16,gain_db,-2.300232,-2.300232,0.0
factory_4,frequency_response.csv,17,time_s,1.142857,1.142857,0.0
factory_4,frequency_response.csv,17,freq_hz,49.877968,49.877968,0.0
factory_4,frequency_response.csv,17,gain_db,-2.305979,-2.305979,0.0
factory_4,frequency_response.csv,18,time_s,1.210084,1.210084,0.0
factory_4,frequency_response.csv,18,freq_hz,52.632568,52.632568,0.0
factory_4,frequency_response.csv,18,gain_db,-2.218116,-2.218116,0.0
factory_4,frequency_response.csv,19,time_s,1.277311,1.277311,0.0
factory_4,frequency_response.csv,19,freq_hz,55.539299,55.539299,0.0
factory_4,frequency_response.csv,19,gain_db,-2.238152,-2.238152,0.0
factory_4,frequency_response.csv,20,time_s,1.344538,1.344538,0.0
factory_4,frequency_response.csv,20,freq_hz,58.606552,58.606552,0.0
factory_4,frequency_response.csv,20,gain_db,-2.257113,-2.257113,0.0
factory_4,frequency_response.csv,21,time_s,1.411765,1.411765,0.0
factory_4,frequency_response.csv,21,freq_hz,61.843204,61.843204,0.0
factory_4,frequency_response.csv,21,gain_db,-2.314255,-2.314255,0.0
factory_4,frequency_response.csv,22,time_s,1.478992,1.478992,0.0
factory_4,frequency_response.csv,22,freq_hz,65.258606,65.258606,0.0
factory_4,frequency_response.csv,22,gain_db,-2.211683,-2.211683,0.0
factory_4,frequency_response.csv,23,time_s,1.546218,1.546218,0.0
factory_4,frequency_response.csv,23,freq_hz,68.862625,68.862625,0.0
factory_4,frequency_response.csv,23,gain_db,-2.010912,-2.010912,0.0
factory_4,frequency_response.csv,24,time_s,1.613445,1.613445,0.0
factory_4,frequency_response.csv,24,freq_hz,72.665695,72.665695,0.0
factory_4,frequency_response.csv,24,gain_db,-2.263276,-2.263276,0.0
factory_4,frequency_response.csv,25,time_s,1.680672,1.680672,0.0
factory_4,frequency_response.csv,25,freq_hz,76.678787,76.678787,0.0
factory_4,frequency_response.csv,25,gain_db,-3.011704,-3.011704,0.0
factory_4,frequency_response.csv,26,time_s,1.747899,1.747899,0.0
factory_4,frequency_response.csv,26,freq_hz,80.913506,80.913506,0.0
factory_4,frequency_response.csv,26,gain_db,-4.041644,-4.041644,0.0
factory_4,frequency_response.csv,27,time_s,1.815126,1.815126,0.0
factory_4,frequency_response.csv,27,freq_hz,85.382095,85.382095,0.0
factory_4,frequency_response.csv,27,gain_db,-5.264395,-5.264395,0.0
factory_4,frequency_response.csv,28,time_s,1.882353,1.882353,0.0
factory_4,frequency_response.csv,28,freq_hz,90.097488,90.097488,0.0
factory_4,frequency_response.csv,28,gain_db,-6.189481,-6.189481,0.0
factory_4,frequency_response.csv,29,time_s,1.94958,1.94958,0.0
factory_4,frequency_response.csv,29,freq_hz,95.073273,95.073273,0.0
factory_4,frequency_response.csv,29,gain_db,-6.373947,-6.373947,0.0
factory_4,frequency_response.csv,30,time_s,2.016807,2.016807,0.0
factory_4,frequency_response.csv,30,freq_hz,100.323875,100.323875,0.0
factory_4,frequency_response.csv,30,gain_db,-6.126303,-6.126303,0.0
factory_4,frequency_response.csv,31,time_s,2.084034,2.084034,0.0
factory_4,frequency_response.csv,31,freq_hz,105.864441,105.864441,0.0
factory_4,frequency_response.csv,31,gain_db,-5.339104,-5.339104,0.0
factory_4,frequency_response.csv,32,time_s,2.151261,2.151261,0.0
factory_4,frequency_response.csv,32,freq_hz,111.710999,111.710999,0.0
factory_4,frequency_response.csv,32,gain_db,-4.348258,-4.348258,0.0
factory_4,frequency_response.csv,33,time_s,2.218488,2.218488,0.0
factory_4,frequency_response.csv,33,freq_hz,117.880432,117.880432,0.0
factory_4,frequency_response.csv,33,gain_db,-3.437627,-3.437627,0.0
factory_4,frequency_response.csv,34,time_s,2.285714,2.285714,0.0
factory_4,frequency_response.csv,34,freq_hz,124.390594,124.390594,0.0
factory_4,frequency_response.csv,34,gain_db,-2.891008,-2.891008,0.0
factory_4,frequency_response.csv,35,time_s,2.352941,2.352941,0.0
factory_4,frequency_response.csv,35,freq_hz,131.260284,131.260284,0.0
factory_4,frequency_response.csv,35,gain_db,-2.950934,-2.950934,0.0
factory_4,frequency_response.csv,36,time_s,2.420168,2.420168,0.0
factory_4,frequency_response.csv,36,freq_hz,138.509369,138.509369,0.0
factory_4,frequency_response.csv,36,gain_db,-3.401012,-3.401012,0.0
factory_4,frequency_response.csv,37,time_s,2.487395,2.487395,0.0
factory_4,frequency_response.csv,37,freq_hz,146.158783,146.158783,0.0
factory_4,frequency_response.csv,37,gain_db,-4.542658,-4.542658,0.0
factory_4,frequency_response.csv,38,time_s,2.554622,2.554622,0.0
factory_4,frequency_response.csv,38,freq_hz,154.230667,154.230667,0.0
factory_4,frequency_response.csv,38,gain_db,-6.189676,-6.189676,0.0
factory_4,frequency_response.csv,39,time_s,2.621849,2.621849,0.0
factory_4,frequency_response.csv,39,freq_hz,162.748337,162.748337,0.0
factory_4,frequency_response.csv,39,gain_db,-7.925338,-7.925338,0.0
factory_4,frequency_response.csv,40,time_s,2.689076,2.689076,0.0
factory_4,frequency_response.csv,40,freq_hz,171.73642,171.73642,0.0
factory_4,frequency_response.csv,40,gain_db,-8.473729,-8.473729,0.0
factory_4,frequency_response.csv,41,time_s,2.756303,2.756303,0.0
factory_4,frequency_response.csv,41,freq_hz,181.220856,181.220856,0.0
factory_4,frequency_response.csv,41,gain_db,-7.939498,-7.939498,0.0
factory_4,frequency_response.csv,42,time_s,2.823529,2.823529,0.0
factory_4,frequency_response.csv,42,freq_hz,191.229095,191.229095,0.0
factory_4,frequency_response.csv,42,gain_db,-7.345492,-7.345492,0.0
factory_4,frequency_response.csv,43,time_s,2.890756,2.890756,0.0
factory_4,frequency_response.csv,43,freq_hz,201.79007,201.79007,0.0
factory_4,frequency_response.csv,43,gain_db,-7.322051,-7.322051,0.0
factory_4,frequency_response.csv,44,time_s,2.957983,2.957983,0.0
factory_4,frequency_response.csv,44,freq_hz,212.93428,212.93428,0.0
factory_4,frequency_response.csv,44,gain_db,-7.771392,-7.771392,0.0
factory_4,frequency_response.csv,45,time_s,3.02521,3.02521,0.0
factory_4,frequency_response.csv,45,freq_hz,224.69397,224.69397,0.0
factory_4,frequency_response.csv,45,gain_db,-8.383913,-8.383913,0.0
factory_4,frequency_response.csv,46,time_s,3.092437,3.092437,0.0
factory_4,frequency_response.csv,46,freq_hz,237.103104,237.103104,0.0
factory_4,frequency_response.csv,46,gain_db,-8.338227,-8.338227,0.0
factory_4,frequency_response.csv,47,time_s,3.159664,3.159664,0.0
factory_4,frequency_response.csv,47,freq_hz,250.19754,250.19754,0.0
factory_4,frequency_response.csv,47,gain_db,-7.599262,-7.599262,0.0
factory_4,frequency_response.csv,48,time_s,3.226891,3.226891,0.0
factory_4,frequency_response.csv,48,freq_hz,264.015137,264.015137,0.0
factory_4,frequency_response.csv,48,gain_db,-6.958339,-6.958339,0.0
factory_4,frequency_response.csv,49,time_s,3.294118,3.294118,0.0
factory_4,frequency_response.csv,49,freq_hz,278.595856,278.595856,0.0
factory_4,frequency_response.csv,49,gain_db,-7.143323,-7.143323,0.0
factory_4,frequency_response.csv,50,time_s,3.361345,3.361345,0.0
factory_4,frequency_response.csv,50,freq_hz,293.981812,293.981812,0.0
factory_4,frequency_response.csv,50,gain_db,-7.874532,-7.874532,0.0
factory_4,frequency_response.csv,51,time_s,3.428571,3.428571,0.0
factory_4,frequency_response.csv,51,freq_hz,310.217468,310.217468,0.0
factory_4,frequency_response.csv,51,gain_db,-8.480244,-8.480244,0.0
factory_4,frequency_response.csv,52,time_s,3.495798,3.495798,0.0
factory_4,frequency_response.csv,52,freq_hz,327.349792,327.349792,0.0
factory_4,frequency_response.csv,52,gain_db,-7.616744,-7.616744,0.0
factory_4,frequency_response.csv,53,time_s,3.563025,3.563025,0.0
factory_4,frequency_response.csv,53,freq_hz,345.428284,345.428284,0.0
factory_4,frequency_response.csv,53,gain_db,-5.843342,-5.843342,0.0
factory_4,frequency_response.csv,54,time_s,3.630252,3.630252,0.0
factory_4,frequency_response.csv,54,freq_hz,364.505157,364.505157,0.0
factory_4,frequency_response.csv,54,gain_db,-4.473159,-4.473159,0.0
factory_4,frequency_response.csv,55,time_s,3.697479,3.697479,0.0
factory_4,frequency_response.csv,55,freq_hz,384.63562,384.63562,0.0
factory_4,frequency_response.csv,55,gain_db,-3.744119,-3.744119,0.0
factory_4,frequency_response.csv,56,time_s,3.764706,3.764706,0.0
factory_4,frequency_response.csv,56,freq_hz,405.877808,405.877808,0.0
factory_4,frequency_response.csv,56,gain_db,-3.385854,-3.385854,0.0
factory_4,frequency_response.csv,57,time_s,3.831933,3.831933,0.0
factory_4,frequency_response.csv,57,freq_hz,428.293121,428.293121,0.0
factory_4,frequency_response.csv,57,gain_db,-3.463077,-3.463077,0.0
factory_4,frequency_response.csv,58,time_s,3.89916,3.89916,0.0
factory_4,frequency_response.csv,58,freq_hz,451.946381,451.946381,0.0
factory_4,frequency_response.csv,58,gain_db,-3.922828,-3.922828,0.0
factory_4,frequency_response.csv,59,time_s,3.966387,3.966387,0.0
factory_4,frequency_response.csv,59,freq_hz,476.905945,476.905945,0.0
factory_4,frequency_response.csv,59,gain_db,-4.819057,-4.819057,0.0
factory_4,frequency_response.csv,60,time_s,4.033614,4.033614,0.0
factory_4,frequency_response.csv,60,freq_hz,503.244019,503.244019,0.0
factory_4,frequency_response.csv,60,gain_db,-6.156647,-6.156647,0.0
factory_4,frequency_response.csv,61,time_s,4.100841,4.100841,0.0
factory_4,frequency_response.csv,61,freq_hz,531.03656,531.03656,0.0
factory_4,frequency_response.csv,61,gain_db,-7.319992,-7.319992,0.0
factory_4,frequency_response.csv,62,time_s,4.168067,4.168067,0.0
factory_4,frequency_response.csv,62,freq_hz,560.364014,560.364014,0.0
factory_4,frequency_response.csv,62,gain_db,-7.776031,-7.776031,0.0
factory_4,frequency_response.csv,63,time_s,4.235294,4.235294,0.0
factory_4,frequency_response.csv,63,freq_hz,591.311096,591.311096,0.0
factory_4,frequency_response.csv,63,gain_db,-7.474171,-7.474171,0.0
factory_4,frequency_response.csv,64,time_s,4.302521,4.302521,0.0
factory_4,frequency_response.csv,64,freq_hz,623.967346,623.967346,0.0
factory_4,frequency_response.csv,64,gain_db,-6.482182,-6.482182,0.0
factory_4,frequency_response.csv,65,time_s,4.369748,4.369748,0.0
factory_4,frequency_response.csv,65,freq_hz,658.427063,658.427063,0.0
factory_4,frequency_response.csv,65,gain_db,-4.873994,-4.873994,0.0
factory_4,frequency_response.csv,66,time_s,4.436975,4.436975,0.0
factory_4,frequency_response.csv,66,freq_hz,694.789795,694.789795,0.0
factory_4,frequency_response.csv,66,gain_db,-3.38867,-3.38867,0.0
factory_4,frequency_response.csv,67,time_s,4.504202,4.504202,0.0
factory_4,frequency_response.csv,67,freq_hz,733.160889,733.160889,0.0
factory_4,frequency_response.csv,67,gain_db,-2.521268,-2.521268,0.0
factory_4,frequency_response.csv,68,time_s,4.571429,4.571429,0.0
factory_4,frequency_response.csv,68,freq_hz,773.651001,773.651001,0.0
factory_4,frequency_response.csv,68,gain_db,-2.102586,-2.102586,0.0
factory_4,frequency_response.csv,69,time_s,4.638656,4.638656,0.0
factory_4,frequency_response.csv,69,freq_hz,816.377197,816.377197,0.0
factory_4,frequency_response.csv,69,gain_db,-1.914105,-1.914105,0.0
factory_4,frequency_response.csv,70,time_s,4.705883,4.705883,0.0
factory_4,frequency_response.csv,70,freq_hz,861.463074,861.463074,0.0
factory_4,frequency_response.csv,70,gain_db,-1.837035,-1.837035,0.0
factory_4,frequency_response.csv,71,time_s,4.773109,4.773109,0.0
factory_4,frequency_response.csv,71,freq_hz,909.03894,909.03894,0.0
factory_4,frequency_response.csv,71,gain_db,-1.858862,-1.858862,0.0
factory_4,frequency_response.csv,72,time_s,4.840336,4.840336,0.0
factory_4,frequency_response.csv,72,freq_hz,959.242249,959.242249,0.0
factory_4,frequency_response.csv,72,gain_db,-1.985031,-1.985031,0.0
factory_4,frequency_response.csv,73,time_s,4.907563,4.907563,0.0
factory_4,frequency_response.csv,73,freq_hz,1012.218079,1012.218079,0.0
factory_4,frequency_response.csv,73,gain_db,-2.282259,-2.282259,0.0
factory_4,frequency_response.csv,74,time_s,4.97479,4.97479,0.0
factory_4,frequency_response.csv,74,freq_hz,1068.119629,1068.119629,0.0
factory_4,frequency_response.csv,74,gain_db,-2.815307,-2.815307,0.0
factory_4,frequency_response.csv,75,time_s,5.042017,5.042017,0.0
factory_4,frequency_response.csv,75,freq_hz,1127.108398,1127.108398,0.0
factory_4,frequency_response.csv,75,gain_db,-3.401669,-3.401669,0.0
factory_4,frequency_response.csv,76,time_s,5.109244,5.109244,0.0
factory_4,frequency_response.csv,76,freq_hz,1189.355103,1189.355103,0.0
factory_4,frequency_response.csv,76,gain_db,-3.544634,-3.544634,0.0
factory_4,frequency_response.csv,77,time_s,5.176471,5.176471,0.0
factory_4,frequency_response.csv,77,freq_hz,1255.039307,1255.039307,0.0
factory_4,frequency_response.csv,77,gain_db,-3.200806,-3.200806,0.0
factory_4,frequency_response.csv,78,time_s,5.243698,5.243698,0.0
factory_4,frequency_response.csv,78,freq_hz,1324.351074,1324.351074,0.0
factory_4,frequency_response.csv,78,gain_db,-2.557103,-2.557103,0.0
factory_4,frequency_response.csv,79,time_s,5.310925,5.310925,0.0
factory_4,frequency_response.csv,79,freq_hz,1397.490845,1397.490845,0.0
factory_4,frequency_response.csv,79,gain_db,-1.990633,-1.990633,0.0
factory_4,frequency_response.csv,80,time_s,5.378151,5.378151,0.0
factory_4,frequency_response.csv,80,freq_hz,1474.669678,1474.669678,0.0
factory_4,frequency_response.csv,80,gain_db,-1.710741,-1.710741,0.0
factory_4,frequency_response.csv,81,time_s,5.445378,5.445378,0.0
factory_4,frequency_response.csv,81,freq_hz,1556.110962,1556.110962,0.0
factory_4,frequency_response.csv,81,gain_db,-1.63141,-1.63141,0.0
factory_4,frequency_response.csv,82,time_s,5.512605,5.512605,0.0
factory_4,frequency_response.csv,82,freq_hz,1642.050049,1642.050049,0.0
factory_4,frequency_response.csv,82,gain_db,-1.632368,-1.632368,0.0
factory_4,frequency_response.csv,83,time_s,5.579832,5.579832,0.0
factory_4,frequency_response.csv,83,freq_hz,1732.735107,1732.735107,0.0
factory_4,frequency_response.csv,83,gain_db,-1.657199,-1.657199,0.0
factory_4,frequency_response.csv,84,time_s,5.647059,5.647059,0.0
factory_4,frequency_response.csv,84,freq_hz,1828.428467,1828.428467,0.0
factory_4,frequency_response.csv,84,gain_db,-1.682892,-1.682892,0.0
factory_4,frequency_response.csv,85,time_s,5.714286,5.714286,0.0
factory_4,frequency_response.csv,85,freq_hz,1929.406738,1929.406738,0.0
factory_4,frequency_response.csv,85,gain_db,-1.697853,-1.697853,0.0
factory_4,frequency_response.csv,86,time_s,5.781513,5.781513,0.0
factory_4,frequency_response.csv,86,freq_hz,2035.96167,2035.96167,0.0
factory_4,frequency_response.csv,86,gain_db,-1.702254,-1.702254,0.0
factory_4,frequency_response.csv,87,time_s,5.84874,5.84874,0.0
factory_4,frequency_response.csv,87,freq_hz,2148.401367,2148.401367,0.0
factory_4,frequency_response.csv,87,gain_db,-1.704463,-1.704463,0.0
factory_4,frequency_response.csv,88,time_s,5.915967,5.915967,0.0
factory_4,frequency_response.csv,88,freq_hz,2267.050537,2267.050537,0.0
factory_4,frequency_response.csv,88,gain_db,-1.729926,-1.729926,0.0
factory_4,frequency_response.csv,89,time_s,5.983193,5.983193,0.0
factory_4,frequency_response.csv,89,freq_hz,2392.252441,2392.252441,0.0
factory_4,frequency_response.csv,89,gain_db,-1.776863,-1.776863,0.0
factory_4,frequency_response.csv,90,time_s,6.05042,6.05042,0.0
factory_4,frequency_response.csv,90,freq_hz,2524.368896,2524.368896,0.0
factory_4,frequency_response.csv,90,gain_db,-1.790379,-1.790379,0.0
factory_4,frequency_response.csv,91,time_s,6.117647,6.117647,0.0
factory_4,frequency_response.csv,91,freq_hz,2663.781738,2663.781738,0.0
factory_4,frequency_response.csv,91,gain_db,-1.795001,-1.795001,0.0
factory_4,frequency_response.csv,92,time_s,6.184874,6.184874,0.0
factory_4,frequency_response.csv,92,freq_hz,2810.893799,2810.893799,0.0
factory_4,frequency_response.csv,92,gain_db,-1.855721,-1.855721,0.0
factory_4,frequency_response.csv,93,time_s,6.252101,6.252101,0.0
factory_4,frequency_response.csv,93,freq_hz,2966.130371,2966.130371,0.0
factory_4,frequency_response.csv,93,gain_db,-2.005114,-2.005114,0.0
factory_4,frequency_response.csv,94,time_s,6.319328,6.319328,0.0
factory_4,frequency_response.csv,94,freq_hz,3129.94043,3129.94043,0.0
factory_4,frequency_response.csv,94,gain_db,-2.196657,-2.196657,0.0
factory_4,frequency_response.csv,95,time_s,6.386555,6.386555,0.0
factory_4,frequency_response.csv,95,freq_hz,3302.796875,3302.796875,0.0
factory_4,frequency_response.csv,95,gain_db,-2.379177,-2.379177,0.0
factory_4,frequency_response.csv,96,time_s,6.453782,6.453782,0.0
factory_4,frequency_response.csv,96,freq_hz,3485.199951,3485.199951,0.0
factory_4,frequency_response.csv,96,gain_db,-2.539672,-2.539672,0.0
factory_4,frequency_response.csv,97,time_s,6.521008,6.521008,0.0
factory_4,frequency_response.csv,97,freq_hz,3677.676025,3677.676025,0.0
factory_4,frequency_response.csv,97,gain_db,-2.687994,-2.687994,0.0
factory_4,frequency_response.csv,98,time_s,6.588235,6.588235,0.0
factory_4,frequency_response.csv,98,freq_hz,3880.782471,3880.782471,0.0
factory_4,frequency_response.csv,98,gain_db,-2.818201,-2.818201,0.0
factory_4,frequency_response.csv,99,time_s,6.655462,6.655462,0.0
factory_4,frequency_response.csv,99,freq_hz,4095.105469,4095.105469,0.0
factory_4,frequency_response.csv,99,gain_db,-2.924303,-2.924303,0.0
factory_4,frequency_response.csv,100,time_s,6.722689,6.722689,0.0
factory_4,frequency_response.csv,100,freq_hz,4321.265137,4321.265137,0.0
factory_4,frequency_response.csv,100,gain_db,-2.999452,-2.999452,0.0
factory_4,frequency_response.csv,101,time_s,6.789916,6.789916,0.0
factory_4,frequency_response.csv,101,freq_hz,4559.914551,4559.914551,0.0
factory_4,frequency_response.csv,101,gain_db,-3.042421,-3.042421,0.0
factory_4,frequency_response.csv,102,time_s,6.857143,6.857143,0.0
factory_4,frequency_response.csv,102,freq_hz,4811.744141,4811.744141,0.0
factory_4,frequency_response.csv,102,gain_db,-3.064443,-3.064443,0.0
factory_4,frequency_response.csv,103,time_s,6.92437,6.92437,0.0
factory_4,frequency_response.csv,103,freq_hz,5077.481445,5077.481445,0.0
factory_4,frequency_response.csv,103,gain_db,-3.125166,-3.125166,0.0
factory_4,frequency_response.csv,104,time_s,6.991597,6.991597,0.0
factory_4,frequency_response.csv,104,freq_hz,5357.894531,5357.894531,0.0
factory_4,frequency_response.csv,104,gain_db,-3.285121,-3.285121,0.0
factory_4,frequency_response.csv,105,time_s,7.058824,7.058824,0.0
factory_4,frequency_response.csv,105,freq_hz,5653.793457,5653.793457,0.0
factory_4,frequency_response.csv,105,gain_db,-3.522585,-3.522585,0.0
factory_4,frequency_response.csv,106,time_s,7.12605,7.12605,0.0
factory_4,frequency_response.csv,106,freq_hz,5966.034668,5966.034668,0.0
factory_4,frequency_response.csv,106,gain_db,-3.808579,-3.808579,0.0
factory_4,frequency_response.csv,107,time_s,7.193277,7.193277,0.0
factory_4,frequency_response.csv,107,freq_hz,6295.519531,6295.519531,0.0
factory_4,frequency_response.csv,107,gain_db,-4.085439,-4.085439,0.0
factory_4,frequency_response.csv,108,time_s,7.260504,7.260504,0.0
factory_4,frequency_response.csv,108,freq_hz,6643.200684,6643.200684,0.0
factory_4,frequency_response.csv,108,gain_db,-4.310035,-4.310035,0.0
factory_4,frequency_response.csv,109,time_s,7.327731,7.327731,0.0
factory_4,frequency_response.csv,109,freq_hz,7010.083008,7010.083008,0.0
factory_4,frequency_response.csv,109,gain_db,-4.479838,-4.479838,0.0
factory_4,frequency_response.csv,110,time_s,7.394958,7.394958,0.0
factory_4,frequency_response.csv,110,freq_hz,7397.227539,7397.227539,0.0
factory_4,frequency_response.csv,110,gain_db,-4.607564,-4.607564,0.0
factory_4,frequency_response.csv,111,time_s,7.462185,7.462185,0.0
factory_4,frequency_response.csv,111,freq_hz,7805.752441,7805.752441,0.0
factory_4,frequency_response.csv,111,gain_db,-4.704034,-4.704034,0.0
factory_4,frequency_response.csv,112,time_s,7.529412,7.529412,0.0
factory_4,frequency_response.csv,112,freq_hz,8236.839844,8236.839844,0.0
factory_4,frequency_response.csv,112,gain_db,-4.767543,-4.767543,0.0
factory_4,frequency_response.csv,113,time_s,7.596639,7.596639,0.0
factory_4,frequency_response.csv,113,freq_hz,8691.733398,8691.733398,0.0
factory_4,frequency_response.csv,113,gain_db,-4.804539,-4.804539,0.0
factory_4,frequency_response.csv,114,time_s,7.663866,7.663866,0.0
factory_4,frequency_response.csv,114,freq_hz,9171.75,9171.75,0.0
factory_4,frequency_response.csv,114,gain_db,-4.816711,-4.816711,0.0
factory_4,frequency_response.csv,115,time_s,7.731092,7.731092,0.0
factory_4,frequency_response.csv,115,freq_hz,9678.276367,9678.276367,0.0
factory_4,frequency_response.csv,115,gain_db,-4.806501,-4.806501,0.0
factory_4,frequency_response.csv,116,time_s,7.798319,7.798319,0.0
factory_4,frequency_response.csv,116,freq_hz,10212.776367,10212.776367,0.0
factory_4,frequency_response.csv,116,gain_db,-4.787244,-4.787244,0.0
factory_4,frequency_response.csv,117,time_s,7.865546,7.865546,0.0
factory_4,frequency_response.csv,117,freq_hz,10776.795898,10776.795898,0.0
factory_4,frequency_response.csv,117,gain_db,-4.770476,-4.770476,0.0
factory_4,frequency_response.csv,118,time_s,7.932773,7.932773,0.0
factory_4,frequency_response.csv,118,freq_hz,11371.962891,11371.962891,0.0
factory_4,frequency_response.csv,118,gain_db,-4.762649,-4.762649,0.0
factory_4,frequency_response.csv,119,time_s,8.0,8.0,0.0
factory_4,frequency_response.csv,119,freq_hz,12000.0,12000.0,0.0
factory_4,frequency_response.csv,119,gain_db,-4.753725,-4.753725,0.0
factory_4,notch_tracking.csv,0,time_s,0.201681,0.201681,0.0
factory_4,notch_tracking.csv,0,freq_hz,23.499975,23.499975,0.0
factory_4,notch_tracking.csv,0,notch_depth_db,-6.289151,-6.289151,0.0
factory_4,notch_tracking.csv,1,time_s,0.336134,0.336134,0.0
factory_4,notch_tracking.csv,1,freq_hz,26.167307,26.167307,0.0
factory_4,notch_tracking.csv,1,notch_depth_db,-6.655803,-6.655803,0.0
factory_4,notch_tracking.csv,2,time_s,0.470588,0.470588,0.0
factory_4,notch_tracking.csv,2,freq_hz,29.13739,29.13739,0.0
factory_4,notch_tracking.csv,2,notch_depth_db,-6.98962,-6.98962,0.0
factory_4,notch_tracking.csv,3,time_s,1.008403,1.008403,0.0
factory_4,notch_tracking.csv,3,freq_hz,44.79372,44.79372,0.0
factory_4,notch_tracking.csv,3,notch_depth_db,-2.376121,-2.376121,0.0
factory_4,notch_tracking.csv,4,time_s,1.142857,1.142857,0.0
factory_4,notch_tracking.csv,4,freq_hz,49.877968,49.877968,0.0
factory_4,notch_tracking.csv,4,notch_depth_db,-2.305979,-2.305979,0.0
factory_4,notch_tracking.csv,5,time_s,1.411765,1.411765,0.0
factory_4,notch_tracking.csv,5,freq_hz,61.843204,61.843204,0.0
factory_4,notch_tracking.csv,5,notch_depth_db,-2.314255,-2.314255,0.0
factory_4,notch_tracking.csv,6,time_s,1.94958,1.94958,0.0
factory_4,notch_tracking.csv,6,freq_hz,95.073273,95.073273,0.0
factory_4,notch_tracking.csv,6,notch_depth_db,-6.373947,-6.373947,0.0
factory_4,notch_tracking.csv,7,time_s,2.689076,2.689076,0.0
factory_4,notch_tracking.csv,7,freq_hz,171.73642,171.73642,0.0
factory_4,notch_tracking.csv,7,notch_depth_db,-8.473729,-8.473729,0.0
factory_4,notch_tracking.csv,8,time_s,3.02521,3.02521,0.0
factory_4,notch_tracking.csv,8,freq_hz,224.69397,224.69397,0.0
factory_4,notch_tracking.csv,8,notch_depth_db,-8.383913,-8.383913,0.0
factory_4,notch_tracking.csv,9,time_s,3.428571,3.428571,0.0
factory_4,notch_tracking.csv,9,freq_hz,310.217468,310.217468,0.0
factory_4,notch_tracking.csv,9,notch_depth_db,-8.480244,-8.480244,0.0
factory_4,notch_tracking.csv,10,time_s,4.168067,4.168067,0.0
factory_4,notch_tracking.csv,10,freq_hz,560.364014,560.364014,0.0
factory_4,notch_tracking.csv,10,notch_depth_db,-7.776031,-7.776031,0.0
factory_4,notch_tracking.csv,11,time_s,5.109244,5.109244,0.0
factory_4,notch_tracking.csv,11,freq_hz,1189.355103,1189.355103,0.0
factory_4,notch_tracking.csv,11,notch_depth_db,-3.544634,-3.544634,0.0
factory_4,notch_tracking.csv,12,time_s,7.663866,7.663866,0.0
factory_4,notch_tracking.csv,12,freq_hz,9171.75,9171.75,0.0
factory_4,notch_tracking.csv,12,notch_depth_db,-4.816711,-4.816711,0.0
factory_4,thd_vs_drive.csv,0,sine_level_db,-24.0,-24.0,0.0
factory_4,thd_vs_drive.csv,0,thd_ratio,0.000397,0.000397,0.0
factory_4,thd_vs_drive.csv,0,thd_db,-68.028374,-68.028374,0.0
factory_4,thd_vs_drive.csv,0,broadband_hf_db,-82.686478,-82.686478,0.0
factory_4,thd_vs_drive.csv,1,sine_level_db,-18.0,-18.0,0.0
factory_4,thd_vs_drive.csv,1,thd_ratio,0.001568,0.001568,0.0
factory_4,thd_vs_drive.csv,1,thd_db,-56.093925,-56.093925,0.0
factory_4,thd_vs_drive.csv,1,broadband_hf_db,-82.688553,-82.688553,0.0
factory_4,thd_vs_drive.csv,2,sine_level_db,-12.0,-12.0,0.0
factory_4,thd_vs_drive.csv,2,thd_ratio,0.007112,0.007112,0.0
factory_4,thd_vs_drive.csv,2,thd_db,-42.959831,-42.959831,0.0
factory_4,thd_vs_drive.csv,2,broadband_hf_db,-82.684174,-82.684174,0.0
factory_4,thd_vs_drive.csv,3,sine_level_db,-6.0,-6.0,0.0
factory_4,thd_vs_drive.csv,3,thd_ratio,0.031857,0.031857,0.0
factory_4,thd_vs_drive.csv,3,thd_db,-29.93582,-29.93582,0.0
factory_4,thd_vs_drive.csv,3,broadband_hf_db,-82.686012,-82.686012,0.0
factory_4,thd_vs_drive.csv,4,sine_level_db,0.0,0.0,0.0
factory_4,thd_vs_drive.csv,4,thd_ratio,0.102793,0.102793,0.0
factory_4,thd_vs_drive.csv,4,thd_db,-19.760723,-19.760723,0.0
factory_4,thd_vs_drive.csv,4,broadband_hf_db,-81.899948,-81.899948,0.0
factory_5,summary.csv,average_tracked_notch_db,value,-4.842885,-4.842885,0.0
factory_5,summary.csv,deepest_tracked_notch_db,value,-7.918563,-7.918563,0.0
factory_5,summary.csv,guitar_broadband_hf_db,value,-82.550804,-82.550804,0.0
factory_5,summary.csv,guitar_lr_correlation,value,0.999985,0.999985,0.0
factory_5,summary.csv,guitar_mono_fold_db,value,-3.2e-05,-3.2e-05,0.0
factory_5,summary.csv,guitar_side_to_mid_db,value,-51.345482,-51.345482,0.0
factory_5,summary.csv,sweep_broadband_hf_db,value,-81.843094,-81.843094,0.0
factory_5,summary.csv,sweep_lr_correlation,value,0.999988,0.999988,0.0
factory_5,summary.csv,sweep_mono_fold_db,value,-2.7e-05,-2.7e-05,0.0
factory_5,summary.csv,sweep_side_to_mid_db,value,-52.056408,-52.056408,0.0
factory_5,summary.csv,tracked_notch_count,value,12.0,12.0,0.0
factory_5,summary.csv,tracked_notch_high_hz,value,1397.490845,1397.490845,0.0
factory_5,summary.csv,tracked_notch_low_hz,value,26.167307,26.167307,0.0
factory_5,summary.csv,tracked_notch_span_oct,value,5.73893,5.73893,0.0
factory_5,summary.csv,worst_thd_db,value,-16.3386,-16.3386,0.0
factory_5,frequency_response.csv,0,time_s,0.0,0.0,0.0
factory_5,frequency_response.csv,0,freq_hz,20.0,20.0,0.0
factory_5,frequency_response.csv,0,gain_db,-19.966257,-19.966257,0.0
factory_5,frequency_response.csv,1,time_s,0.067227,0.067227,0.0
factory_5,frequency_response.csv,1,freq_hz,21.104536,21.104536,0.0
factory_5,frequency_response.csv,1,gain_db,-8.593493,-8.593493,0.0
factory_5,frequency_response.csv,2,time_s,0.134454,0.134454,0.0
factory_5,frequency_response.csv,2,freq_hz,22.270071,22.270071,0.0
factory_5,frequency_response.csv,2,gain_db,-7.833795,-7.833795,0.0
factory_5,frequency_response.csv,3,time_s,0.201681,0.201681,0.0
factory_5,frequency_response.csv,3,freq_hz,23.499975,23.499975,0.0
factory_5,frequency_response.csv,3,gain_db,-7.337699,-7.337699,0.0
factory_5,frequency_response.csv,4,time_s,0.268908,0.268908,0.0
factory_5,frequency_response.csv,4,freq_hz,24.797804,24.797804,0.0
factory_5,frequency_response.csv,4,gain_db,-7.130601,-7.130601,0.0
factory_5,frequency_response.csv,5,time_s,0.336134,0.336134,0.0
factory_5,frequency_response.csv,5,freq_hz,26.167307,26.167307,0.0
factory_5,frequency_response.csv,5,gain_db,-7.918563,-7.918563,0.0
factory_5,frequency_response.csv,6,time_s,0.403361,0.403361,0.0
factory_5,frequency_response.csv,6,freq_hz,27.612442,27.612442,0.0
factory_5,frequency_response.csv,6,gain_db,-7.374874,-7.374874,0.0
factory_5,frequency_response.csv,7,time_s,0.470588,0.470588,0.0
factory_5,frequency_response.csv,7,freq_hz,29.13739,29.13739,0.0
factory_5,frequency_response.csv,7,gain_db,-7.561326,-7.561326,0.0
factory_5,frequency_response.csv,8,time_s,0.537815,0.537815,0.0
factory_5,frequency_response.csv,8,freq_hz,30.746555,30.746555,0.0
factory_5,frequency_response.csv,8,gain_db,-7.328087,-7.328087,0.0
factory_5,frequency_response.csv,9,time_s,0.605042,0.605042,0.0
factory_5,frequency_response.csv,9,freq_hz,32.444588,32.444588,0.0
factory_5,frequency_response.csv,9,gain_db,-6.967155,-6.967155,0.0
factory_5,frequency_response.csv,10,time_s,0.672269,0.672269,0.0
factory_5,frequency_response.csv,10,freq_hz,34.236401,34.236401,0.0
factory_5,frequency_response.csv,10,gain_db,-6.157727,-6.157727,0.0
factory_5,frequency_response.csv,11,time_s,0.739496,0.739496,0.0
factory_5,frequency_response.csv,11,freq_hz,36.127167,36.127167,0.0
factory_5,frequency_response.csv,11,gain_db,-5.317681,-5.317681,0.0
factory_5,frequency_response.csv,12,time_s,0.806723,0.806723,0.0
factory_5,frequency_response.csv,12,freq_hz,38.122353,38.122353,0.0
factory_5,frequency_response.csv,12,gain_db,-5.204301,-5.204301,0.0
factory_5,frequency_response.csv,13,time_s,0.87395,0.87395,0.0
factory_5,frequency_response.csv,13,freq_hz,40.22773,40.22773,0.0
factory_5,frequency_response.csv,13,gain_db,-4.450419,-4.450419,0.0
factory_5,frequency_response.csv,14,time_s,0.941177,0.941177,0.0
factory_5,frequency_response.csv,14,freq_hz,42.449379,42.449379,0.0
factory_5,frequency_response.csv,14,gain_db,-4.27589,-4.27589,0.0
factory_5,frequency_response.csv,15,time_s,1.008403,1.008403,0.0
factory_5,frequency_response.csv,15,freq_hz,44.79372,44.79372,0.0
factory_5,frequency_response.csv,15,gain_db,-4.17037,-4.17037,0.0
factory_5,frequency_response.csv,16,time_s,1.07563,1.07563,0.0
factory_5,frequency_response.csv,16,freq_hz,47.267536,47.267536,0.0
factory_5,frequency_response.csv,16,gain_db,-4.48476,-4.48476,0.0
factory_5,frequency_response.csv,17,time_s,1.142857,1.142857,0.0
factory_5,frequency_response.csv,17,freq_hz,49.877968,49.877968,0.0
factory_5,frequency_response.csv,17,gain_db,-4.049711,-4.049711,0.0
factory_5,frequency_response.csv,18,time_s,1.210084,1.210084,0.0
factory_5,frequency_response.csv,18,freq_hz,52.632568,52.632568,0.0
factory_5,frequency_response.csv,18,gain_db,-4.195732,-4.195732,0.0
factory_5,frequency_response.csv,19,time_s,1.277311,1.277311,0.0
factory_5,frequency_response.csv,19,freq_hz,55.539299,55.539299,0.0
factory_5,frequency_response.csv,19,gain_db,-4.222427,-4.222427,0.0
factory_5,frequency_response.csv,20,time_s,1.344538,1.344538,0.0
factory_5,frequency_response.csv,20,freq_hz,58.606552,58.606552,0.0
factory_5,frequency_response.csv,20,gain_db,-4.262226,-4.262226,0.0
factory_5,frequency_response.csv,21,time_s,1.411765,1.411765,0.0
factory_5,frequency_response.csv,21,freq_hz,61.843204,61.843204,0.0
factory_5,frequency_response.csv,21,gain_db,-4.48311,-4.48311,0.0
factory_5,frequency_response.csv,22,time_s,1.478992,1.478992,0.0
factory_5,frequency_response.csv,22,freq_hz,65.258606,65.258606,0.0
factory_5,frequency_response.csv,22,gain_db,-4.618487,-4.618487,0.0
factory_5,frequency_response.csv,23,time_s,1.546218,1.546218,0.0
factory_5,frequency_response.csv,23,freq_hz,68.862625,68.862625,0.0
factory_5,frequency_response.csv,23,gain_db,-4.255809,-4.255809,0.0
factory_5,frequency_response.csv,24,time_s,1.613445,1.613445,0.0
factory_5,frequency_response.csv,24,freq_hz,72.665695,72.665695,0.0
factory_5,frequency_response.csv,24,gain_db,-4.258436,-4.258436,0.0
factory_5,frequency_response.csv,25,time_s,1.680672,1.680672,0.0
factory_5,frequency_response.csv,25,freq_hz,76.678787,76.678787,0.0
factory_5,frequency_response.csv,25,gain_db,-3.730243,-3.730243,0.0
factory_5,frequency_response.csv,26,time_s,1.747899,1.747899,0.0
factory_5,frequency_response.csv,26,freq_hz,80.913506,80.913506,0.0
factory_5,frequency_response.csv,26,gain_db,-3.526649,-3.526649,0.0
factory_5,frequency_response.csv,27,time_s,1.815126,1.815126,0.0
factory_5,frequency_response.csv,27,freq_hz,85.382095,85.382095,0.0
factory_5,frequency_response.csv,27,gain_db,-3.943945,-3.943945,0.0
factory_5,frequency_response.csv,28,time_s,1.882353,1.882353,0.0
factory_5,frequency_response.csv,28,freq_hz,90.097488,90.097488,0.0
factory_5,frequency_response.csv,28,gain_db,-4.179715,-4.179715,0.0
factory_5,frequency_response.csv,29,time_s,1.94958,1.94958,0.0
factory_5,frequency_response.csv,29,freq_hz,95.073273,95.073273,0.0
factory_5,frequency_response.csv,29,gain_db,-4.170942,-4.170942,0.0
factory_5,frequency_response.csv,30,time_s,2.016807,2.016807,0.0
factory_5,frequency_response.csv,30,freq_hz,100.323875,100.323875,0.0
factory_5,frequency_response.csv,30,gain_db,-4.111048,-4.111048,0.0
factory_5,frequency_response.csv,31,time_s,2.084034,2.084034,0.0
factory_5,frequency_response.csv,31,freq_hz,105.864441,105.864441,0.0
factory_5,frequency_response.csv,31,gain_db,-4.081893,-4.081893,0.0
factory_5,frequency_response.csv,32,time_s,2.151261,2.151261,0.0
factory_5,frequency_response.csv,32,freq_hz,111.710999,111.710999,0.0
factory_5,frequency_response.csv,32,gain_db,-4.248865,-4.248865,0.0
factory_5,frequency_response.csv,33,time_s,2.218488,2.218488,0.0
factory_5,frequency_response.csv,33,freq_hz,117.880432,117.880432,0.0
factory_5,frequency_response.csv,33,gain_db,-4.079123,-4.079123,0.0
factory_5,frequency_response.csv,34,time_s,2.285714,2.285714,0.0
factory_5,frequency_response.csv,34,freq_hz,124.390594,124.390594,0.0
factory_5,frequency_response.csv,34,gain_db,-3.949228,-3.949228,0.0
factory_5,frequency_response.csv,35,time_s,2.352941,2.352941,0.0
factory_5,frequency_response.csv,35,freq_hz,131.260284,131.260284,0.0
factory_5,frequency_response.csv,35,gain_db,-3.709057,-3.709057,0.0
factory_5,frequency_response.csv,36,time_s,2.420168,2.420168,0.0
factory_5,frequency_response.csv,36,freq_hz,138.509369,138.509369,0.0
factory_5,frequency_response.csv,36,gain_db,-3.609165,-3.609165,0.0
factory_5,frequency_response.csv,37,time_s,2.487395,2.487395,0.0
factory_5,frequency_response.csv,37,freq_hz,146.158783,146.158783,0.0
factory_5,frequency_response.csv,37,gain_db,-3.49797,-3.49797,0.0
factory_5,frequency_response.csv,38,time_s,2.554622,2.554622,0.0
factory_5,frequency_response.csv,38,freq_hz,154.230667,154.230667,0.0
factory_5,frequency_response.csv,38,gain_db,-3.708281,-3.708281,0.0
factory_5,frequency_response.csv,39,time_s,2.621849,2.621849,0.0
factory_5,frequency_response.csv,39,freq_hz,162.748337,162.748337,0.0
factory_5,frequency_response.csv,39,gain_db,-4.068659,-4.068659,0.0
factory_5,frequency_response.csv,40,time_s,2.689076,2.689076,0.0
factory_5,frequency_response.csv,40,freq_hz,171.73642,171.73642,0.0
factory_5,frequency_response.csv,40,gain_db,-4.053121,-4.053121,0.0
factory_5,frequency_response.csv,41,time_s,2.756303,2.756303,0.0
factory_5,frequency_response.csv,41,freq_hz,181.220856,181.220856,0.0
factory_5,frequency_response.csv,41,gain_db,-3.794624,-3.794624,0.0
factory_5,frequency_response.csv,42,time_s,2.823529,2.823529,0.0
factory_5,frequency_response.csv,42,freq_hz,191.229095,191.229095,0.0
factory_5,frequency_response.csv,42,gain_db,-3.45609,-3.45609,0.0
factory_5,frequency_response.csv,43,time_s,2.890756,2.890756,0.0
factory_5,frequency_response.csv,43,freq_hz,201.79007,201.79007,0.0
factory_5,frequency_response.csv,43,gain_db,-3.274773,-3.274773,0.0
factory_5,frequency_response.csv,44,time_s,2.957983,2.957983,0.0
factory_5,frequency_response.csv,44,freq_hz,212.93428,212.93428,0.0
factory_5,frequency_response.csv,44,gain_db,-3.282798,-3.282798,0.0
factory_5,frequency_response.csv,45,time_s,3.02521,3.02521,0.0
factory_5,frequency_response.csv,45,freq_hz,224.69397,224.69397,0.0
factory_5,frequency_response.csv,45,gain_db,-3.326735,-3.326735,0.0
factory_5,frequency_response.csv,46,time_s,3.092437,3.092437,0.0
factory_5,frequency_response.csv,46,freq_hz,237.103104,237.103104,0.0
factory_5,frequency_response.csv,46,gain_db,-3.541436,-3.541436,0.0
factory_5,frequency_response.csv,47,time_s,3.159664,3.159664,0.0
factory_5,frequency_response.csv,47,freq_hz,250.19754,250.19754,0.0
factory_5,frequency_response.csv,47,gain_db,-3.866945,-3.866945,0.0
factory_5,frequency_response.csv,48,time_s,3.226891,3.226891,0.0
factory_5,frequency_response.csv,48,freq_hz,264.015137,264.015137,0.0
factory_5,frequency_response.csv,48,gain_db,-4.164674,-4.164674,0.0
factory_5,frequency_response.csv,49,time_s,3.294118,3.294118,0.0
factory_5,frequency_response.csv,49,freq_hz,278.595856,278.595856,0.0
factory_5,frequency_response.csv,49,gain_db,-4.252528,-4.252528,0.0
factory_5,frequency_response.csv,50,time_s,3.361345,3.361345,0.0
factory_5,frequency_response.csv,50,freq_hz,293.981812,293.981812,0.0
factory_5,frequency_response.csv,50,gain_db,-4.208888,-4.208888,0.0
factory_5,frequency_response.csv,51,time_s,3.428571,3.428571,0.0
factory_5,frequency_response.csv,51,freq_hz,310.217468,310.217468,0.0
factory_5,frequency_response.csv,51,gain_db,-4.230218,-4.230218,0.0
factory_5,frequency_response.csv,52,time_s,3.495798,3.495798,0.0
factory_5,frequency_response.csv,52,freq_hz,327.349792,327.349792,0.0
factory_5,frequency_response.csv,52,gain_db,-4.26017,-4.26017,0.0
factory_5,frequency_response.csv,53,time_s,3.563025,3.563025,0.0
factory_5,frequency_response.csv,53,freq_hz,345.428284,345.428284,0.0
factory_5,frequency_response.csv,53,gain_db,-4.025566,-4.025566,0.0
factory_5,frequency_response.csv,54,time_s,3.630252,3.630252,0.0
factory_5,frequency_response.csv,54,freq_hz,364.505157,364.505157,0.0
factory_5,frequency_response.csv,54,gain_db,-3.659092,-3.659092,0.0
factory_5,frequency_response.csv,55,time_s,3.697479,3.697479,0.0
factory_5,frequency_response.csv,55,freq_hz,384.63562,384.63562,0.0
factory_5,frequency_response.csv,55,gain_db,-3.354238,-3.354238,0.0
factory_5,frequency_response.csv,56,time_s,3.764706,3.764706,0.0
factory_5,frequency_response.csv,56,freq_hz,405.877808,405.877808,0.0
factory_5,frequency_response.csv,56,gain_db,-3.195483,-3.195483,0.0
factory_5,frequency_response.csv,57,time_s,3.831933,3.831933,0.0
factory_5,frequency_response.csv,57,freq_hz,428.293121,428.293121,0.0
factory_5,frequency_response.csv,57,gain_db,-3.10433,-3.10433,0.0
factory_5,frequency_response.csv,58,time_s,3.89916,3.89916,0.0
factory_5,frequency_response.csv,58,freq_hz,451.946381,451.946381,0.0
factory_5,frequency_response.csv,58,gain_db,-3.061016,-3.061016,0.0
factory_5,frequency_response.csv,59,time_s,3.966387,3.966387,0.0
factory_5,frequency_response.csv,59,freq_hz,476.905945,476.905945,0.0
factory_5,frequency_response.csv,59,gain_db,-3.053768,-3.053768,0.0
factory_5,frequency_response.csv,60,time_s,4.033614,4.033614,0.0
factory_5,frequency_response.csv,60,freq_hz,503.244019,503.244019,0.0
factory_5,frequency_response.csv,60,gain_db,-3.214256,-3.214256,0.0
factory_5,frequency_response.csv,61,time_s,4.100841,4.100841,0.0
factory_5,frequency_response.csv,61,freq_hz,531.03656,531.03656,0.0
factory_5,frequency_response.csv,61,gain_db,-3.371389,-3.371389,0.0
factory_5,frequency_response.csv,62,time_s,4.168067,4.168067,0.0
factory_5,frequency_response.csv,62,freq_hz,560.364014,560.364014,0.0
factory_5,frequency_response.csv,62,gain_db,-3.683803,-3.683803,0.0
factory_5,frequency_response.csv,63,time_s,4.235294,4.235294,0.0
factory_5,frequency_response.csv,63,freq_hz,591.311096,591.311096,0.0
factory_5,frequency_response.csv,63,gain_db,-4.070525,-4.070525,0.0
factory_5,frequency_response.csv,64,time_s,4.302521,4.302521,0.0
factory_5,frequency_response.csv,64,freq_hz,623.967346,623.967346,0.0
factory_5,frequency_response.csv,64,gain_db,-4.28203,-4.28203,0.0
factory_5,frequency_response.csv,65,time_s,4.369748,4.369748,0.0
factory_5,frequency_response.csv,65,freq_hz,658.427063,658.427063,0.0
factory_5,frequency_response.csv,65,gain_db,-4.245475,-4.245475,0.0
factory_5,frequency_response.csv,66,time_s,4.436975,4.436975,0.0
factory_5,frequency_response.csv,66,freq_hz,694.789795,694.789795,0.0
factory_5,frequency_response.csv,66,gain_db,-4.012923,-4.012923,0.0
factory_5,frequency_response.csv,67,time_s,4.504202,4.504202,0.0
factory_5,frequency_response.csv,67,freq_hz,733.160889,733.160889,0.0
factory_5,frequency_response.csv,67,gain_db,-3.674542,-3.674542,0.0
factory_5,frequency_response.csv,68,time_s,4.571429,4.571429,0.0
factory_5,frequency_response.csv,68,freq_hz,773.651001,773.651001,0.0
factory_5,frequency_response.csv,68,gain_db,-3.446946,-3.446946,0.0
factory_5,frequency_response.csv,69,time_s,4.638656,4.638656,0.0
factory_5,frequency_response.csv,69,freq_hz,816.377197,816.377197,0.0
factory_5,frequency_response.csv,69,gain_db,-3.246234,-3.246234,0.0
factory_5,frequency_response.csv,70,time_s,4.705883,4.705883,0.0
factory_5,frequency_response.csv,70,freq_hz,861.463074,861.463074,0.0
factory_5,frequency_response.csv,70,gain_db,-3.009818,-3.009818,0.0
factory_5,frequency_response.csv,71,time_s,4.773109,4.773109,0.0
factory_5,frequency_response.csv,71,freq_hz,909.03894,909.03894,0.0
factory_5,frequency_response.csv,71,gain_db,-2.888214,-2.888214,0.0
factory_5,frequency_response.csv,72,time_s,4.840336,4.840336,0.0
factory_5,frequency_response.csv,72,freq_hz,959.242249,959.242249,0.0
factory_5,frequency_response.csv,72,gain_db,-2.866357,-2.866357,0.0
factory_5,frequency_response.csv,73,time_s,4.907563,4.907563,0.0
factory_5,frequency_response.csv,73,freq_hz,1012.218079,1012.218079,0.0
factory_5,frequency_response.csv,73,gain_db,-2.915469,-2.915469,0.0
factory_5,frequency_response.csv,74,time_s,4.97479,4.97479,0.0
factory_5,frequency_response.csv,74,freq_hz,1068.119629,1068.119629,0.0
factory_5,frequency_response.csv,74,gain_db,-3.047433,-3.047433,0.0
factory_5,frequency_response.csv,75,time_s,5.042017,5.042017,0.0
factory_5,frequency_response.csv,75,freq_hz,1127.108398,1127.108398,0.0
factory_5,frequency_response.csv,75,gain_db,-3.282342,-3.282342,0.0
factory_5,frequency_response.csv,76,time_s,5.109244,5.109244,0.0
factory_5,frequency_response.csv,76,freq_hz,1189.355103,1189.355103,0.0
factory_5,frequency_response.csv,76,gain_db,-3.570774,-3.570774,0.0
factory_5,frequency_response.csv,77,time_s,5.176471,5.176471,0.0
factory_5,frequency_response.csv,77,freq_hz,1255.039307,1255.039307,0.0
factory_5,frequency_response.csv,77,gain_db,-3.823863,-3.823863,0.0
factory_5,frequency_response.csv,78,time_s,5.243698,5.243698,0.0
factory_5,frequency_response.csv,78,freq_hz,1324.351074,1324.351074,0.0
factory_5,frequency_response.csv,78,gain_db,-3.959509,-3.959509,0.0
factory_5,frequency_response.csv,79,time_s,5.310925,5.310925,0.0
factory_5,frequency_response.csv,79,freq_hz,1397.490845,1397.490845,0.0
factory_5,frequency_response.csv,79,gain_db,-3.981091,-3.981091,0.0
factory_5,frequency_response.csv,80,time_s,5.378151,5.378151,0.0
factory_5,frequency_response.csv,80,freq_hz,1474.669678,1474.669678,0.0
factory_5,frequency_response.csv,80,gain_db,-3.919281,-3.919281,0.0
factory_5,frequency_response.csv,81,time_s,5.445378,5.445378,0.0
factory_5,frequency_response.csv,81,freq_hz,1556.110962,1556.110962,0.0
factory_5,frequency_response.csv,81,gain_db,-3.809557,-3.809557,0.0
factory_5,frequency_response.csv,82,time_s,5.512605,5.512605,0.0
factory_5,frequency_response.csv,82,freq_hz,1642.050049,1642.050049,0.0
factory_5,frequency_response.csv,82,gain_db,-3.617005,-3.617005,0.0
factory_5,frequency_response.csv,83,time_s,5.579832,5.579832,0.0
factory_5,frequency_response.csv,83,freq_hz,1732.735107,1732.735107,0.0
factory_5,frequency_response.csv,83,gain_db,-3.51659,-3.51659,0.0
factory_5,frequency_response.csv,84,time_s,5.647059,5.647059,0.0
factory_5,frequency_response.csv,84,freq_hz,1828.428467,1828.428467,0.0
factory_5,frequency_response.csv,84,gain_db,-3.553417,-3.553417,0.0
factory_5,frequency_response.csv,85,time_s,5.714286,5.714286,0.0
factory_5,frequency_response.csv,85,freq_hz,1929.406738,1929.406738,0.0
factory_5,frequency_response.csv,85,gain_db,-3.647041,-3.647041,0.0
factory_5,frequency_response.csv,86,time_s,5.781513,5.781513,0.0
factory_5,frequency_response.csv,86,freq_hz,2035.96167,2035.96167,0.0
factory_5,frequency_response.csv,86,gain_db,-3.754939,-3.754939,0.0
factory_5,frequency_response.csv,87,time_s,5.84874,5.84874,0.0
factory_5,frequency_response.csv,87,freq_hz,2148.401367,2148.401367,0.0
factory_5,frequency_response.csv,87,gain_db,-3.864001,-3.864001,0.0
factory_5,frequency_response.csv,88,time_s,5.915967,5.915967,0.0
factory_5,frequency_response.csv,88,freq_hz,2267.050537,2267.050537,0.0
factory_5,frequency_response.csv,88,gain_db,-3.983108,-3.983108,0.0
factory_5,frequency_response.csv,89,time_s,5.983193,5.983193,0.0
factory_5,frequency_response.csv,89,freq_hz,2392.252441,2392.252441,0.0
factory_5,frequency_response.csv,89,gain_db,-4.093878,-4.093878,0.0
factory_5,frequency_response.csv,90,time_s,6.05042,6.05042,0.0
factory_5,frequency_response.csv,90,freq_hz,2524.368896,2524.368896,0.0
factory_5,frequency_response.csv,90,gain_db,-4.231726,-4.231726,0.0
factory_5,frequency_response.csv,91,time_s,6.117647,6.117647,0.0
factory_5,frequency_response.csv,91,freq_hz,2663.781738,2663.781738,0.0
factory_5,frequency_response.csv,91,gain_db,-4.432356,-4.432356,0.0
factory_5,frequency_response.csv,92,time_s,6.184874,6.184874,0.0
factory_5,frequency_response.csv,92,freq_hz,2810.893799,2810.893799,0.0
factory_5,frequency_response.csv,92,gain_db,-4.640439,-4.640439,0.0
factory_5,frequency_response.csv,93,time_s,6.252101,6.252101,0.0
factory_5,frequency_response.csv,93,freq_hz,2966.130371,2966.130371,0.0
factory_5,frequency_response.csv,93,gain_db,-4.789428,-4.789428,0.0
factory_5,frequency_response.csv,94,time_s,6.319328,6.319328,0.0
factory_5,frequency_response.csv,94,freq_hz,3129.94043,3129.94043,0.0
factory_5,frequency_response.csv,94,gain_db,-4.916414,-4.916414,0.0
factory_5,frequency_response.csv,95,time_s,6.386555,6.386555,0.0
factory_5,frequency_response.csv,95,freq_hz,3302.796875,3302.796875,0.0
factory_5,frequency_response.csv,95,gain_db,-5.089457,-5.089457,0.0
factory_5,frequency_response.csv,96,time_s,6.453782,6.453782,0.0
factory_5,frequency_response.csv,96,freq_hz,3485.199951,3485.199951,0.0
factory_5,frequency_response.csv,96,gain_db,-5.36751,-5.36751,0.0
factory_5,frequency_response.csv,97,time_s,6.521008,6.521008,0.0
factory_5,frequency_response.csv,97,freq_hz,3677.676025,3677.676025,0.0
factory_5,frequency_response.csv,97,gain_db,-5.700704,-5.700704,0.0
factory_5,frequency_response.csv,98,time_s,6.588235,6.588235,0.0
factory_5,frequency_response.csv,98,freq_hz,3880.782471,3880.782471,0.0
factory_5,frequency_response.csv,98,gain_db,-6.037724,-6.037724,0.0
factory_5,frequency_response.csv,99,time_s,6.655462,6.655462,0.0
factory_5,frequency_response.csv,99,freq_hz,4095.105469,4095.105469,0.0
factory_5,frequency_response.csv,99,gain_db,-6.390795,-6.390795,0.0
factory_5,frequency_response.csv,100,time_s,6.722689,6.722689,0.0
factory_5,frequency_response.csv,100,freq_hz,4321.265137,4321.265137,0.0
factory_5,frequency_response.csv,100,gain_db,-6.743579,-6.743579,0.0
factory_5,frequency_response.csv,101,time_s,6.789916,6.789916,0.0
factory_5,frequency_response.csv,101,freq_hz,4559.914551,4559.914551,0.0
factory_5,frequency_response.csv,101,gain_db,-7.131196,-7.131196,0.0
factory_5,frequency_response.csv,102,time_s,6.857143,6.857143,0.0
factory_5,frequency_response.csv,102,freq_hz,4811.744141,4811.744141,0.0
factory_5,frequency_response.csv,102,gain_db,-7.535948,-7.535948,0.0
factory_5,frequency_response.csv,103,time_s,6.92437,6.92437,0.0
factory_5,frequency_response.csv,103,freq_hz,5077.481445,5077.481445,0.0
factory_5,frequency_response.csv,103,gain_db,-7.97113,-7.97113,0.0
factory_5,frequency_response.csv,104,time_s,6.991597,6.991597,0.0
factory_5,frequency_response.csv,104,freq_hz,5357.894531,5357.894531,0.0
factory_5,frequency_response.csv,104,gain_db,-8.424596,-8.424596,0.0
factory_5,frequency_response.csv,105,time_s,7.058824,7.058824,0.0
factory_5,frequency_response.csv,105,freq_hz,5653.793457,5653.793457,0.0
factory_5,frequency_response.csv,105,gain_db,-8.906734,-8.906734,0.0
factory_5,frequency_response.csv,106,time_s,7.12605,7.12605,0.0
factory_5,frequency_response.csv,106,freq_hz,5966.034668,5966.034668,0.0
factory_5,frequency_response.csv,106,gain_db,-9.436276,-9.436276,0.0
factory_5,frequency_response.csv,107,time_s,7.193277,7.193277,0.0
factory_5,frequency_response.csv,107,freq_hz,6295.519531,6295.519531,0.0
factory_5,frequency_response.csv,107,gain_db,-10.043791,-10.043791,0.0
factory_5,frequency_response.csv,108,time_s,7.260504,7.260504,0.0
factory_5,frequency_response.csv,108,freq_hz,6643.200684,6643.200684,0.0
factory_5,frequency_response.csv,108,gain_db,-10.710009,-10.710009,0.0
factory_5,frequency_response.csv,109,time_s,7.327731,7.327731,0.0
factory_5,frequency_response.csv,109,freq_hz,7010.083008,7010.083008,0.0
factory_5,frequency_response.csv,109,gain_db,-11.419046,-11.419046,0.0
factory_5,frequency_response.csv,110,time_s,7.394958,7.394958,0.0
factory_5,frequency_response.csv,110,freq_hz,7397.227539,7397.227539,0.0
factory_5,frequency_response.csv,110,gain_db,-12.183125,-12.183125,0.0
factory_5,frequency_response.csv,111,time_s,7.462185,7.462185,0.0
factory_5,frequency_response.csv,111,freq_hz,7805.752441,7805.752441,0.0
factory_5,frequency_response.csv,111,gain_db,-12.941349,-12.941349,0.0
factory_5,frequency_response.csv,112,time_s,7.529412,7.529412,0.0
factory_5,frequency_response.csv,112,freq_hz,8236.839844,8236.839844,0.0
factory_5,frequency_response.csv,112,gain_db,-13.747024,-13.747024,0.0
factory_5,frequency_response.csv,113,time_s,7.596639,7.596639,0.0
factory_5,frequency_response.csv,113,freq_hz,8691.733398,8691.733398,0.0
factory_5,frequency_response.csv,113,gain_db,-14.611902,-14.611902,0.0
factory_5,frequency_response.csv,114,time_s,7.663866,7.663866,0.0
factory_5,frequency_response.csv,114,freq_hz,9171.75,9171.75,0.0
factory_5,frequency_response.csv,114,gain_db,-15.538016,-15.538016,0.0
factory_5,frequency_response.csv,115,time_s,7.731092,7.731092,0.0
factory_5,frequency_response.csv,115,freq_hz,9678.276367,9678.276367,0.0
factory_5,frequency_response.csv,115,gain_db,-16.538277,-16.538277,0.0
factory_5,frequency_response.csv,116,time_s,7.798319,7.798319,0.0
factory_5,frequency_response.csv,116,freq_hz,10212.776367,10212.776367,0.0
factory_5,frequency_response.csv,116,gain_db,-17.612623,-17.612623,0.0
factory_5,frequency_response.csv,117,time_s,7.865546,7.865546,0.0
factory_5,frequency_response.csv,117,freq_hz,10776.795898,10776.795898,0.0
factory_5,frequency_response.csv,117,gain_db,-18.768938,-18.768938,0.0
factory_5,frequency_response.csv,118,time_s,7.932773,7.932773,0.0
factory_5,frequency_response.csv,118,freq_hz,11371.962891,11371.962891,0.0
factory_5,frequency_response.csv,118,gain_db,-20.015352,-20.015352,0.0
factory_5,frequency_response.csv,119,time_s,8.0,8.0,0.0
factory_5,frequency_response.csv,119,freq_hz,12000.0,12000.0,0.0
factory_5,frequency_response.csv,119,gain_db,-21.121342,-21.121342,0.0
factory_5,notch_tracking.csv,0,time_s,0.336134,0.336134,0.0
factory_5,notch_tracking.csv,0,freq_hz,26.167307,26.167307,0.0
factory_5,notch_tracking.csv,0,notch_depth_db,-7.918563,-7.918563,0.0
factory_5,notch_tracking.csv,1,time_s,0.470588,0.470588,0.0
factory_5,notch_tracking.csv,1,freq_hz,29.13739,29.13739,0.0
factory_5,notch_tracking.csv,1,notch_depth_db,-7.561326,-7.561326,0.0
factory_5,notch_tracking.csv,2,time_s,1.07563,1.07563,0.0
factory_5,notch_tracking.csv,2,freq_hz,47.267536,47.267536,0.0
factory_5,notch_tracking.csv,2,notch_depth_db,-4.48476,-4.48476,0.0
factory_5,notch_tracking.csv,3,time_s,1.478992,1.478992,0.0
factory_5,notch_tracking.csv,3,freq_hz,65.258606,65.258606,0.0
factory_5,notch_tracking.csv,3,notch_depth_db,-4.618487,-4.618487,0.0
factory_5,notch_tracking.csv,4,time_s,1.613445,1.613445,0.0
factory_5,notch_tracking.csv,4,freq_hz,72.665695,72.665695,0.0
factory_5,notch_tracking.csv,4,notch_depth_db,-4.258436,-4.258436,0.0
factory_5,notch_tracking.csv,5,time_s,1.882353,1.882353,0.0
factory_5,notch_tracking.csv,5,freq_hz,90.097488,90.097488,0.0
factory_5,notch_tracking.csv,5,notch_depth_db,-4.179715,-4.179715,0.0
factory_5,notch_tracking.csv,6,time_s,2.151261,2.151261,0.0
factory_5,notch_tracking.csv,6,freq_hz,111.710999,111.710999,0.0
factory_5,notch_tracking.csv,6,notch_depth_db,-4.248865,-4.248865,0.0
factory_5,notch_tracking.csv,7,time_s,2.621849,2.621849,0.0
factory_5,notch_tracking.csv,7,freq_hz,162.748337,162.748337,0.0
factory_5,notch_tracking.csv,7,notch_depth_db,-4.068659,-4.068659,0.0
factory_5,notch_tracking.csv,8,time_s,3.294118,3.294118,0.0
factory_5,notch_tracking.csv,8,freq_hz,278.595856,278.595856,0.0
factory_5,notch_tracking.csv,8,notch_depth_db,-4.252528,-4.252528,0.0
factory_5,notch_tracking.csv,9,time_s,3.495798,3.495798,0.0
factory_5,notch_tracking.csv,9,freq_hz,327.349792,327.349792,0.0
factory_5,notch_tracking.csv,9,notch_depth_db,-4.26017,-4.26017,0.0
factory_5,notch_tracking.csv,10,time_s,4.302521,4.302521,0.0
factory_5,notch_tracking.csv,10,freq_hz,623.967346,623.967346,0.0
factory_5,notch_tracking.csv,10,notch_depth_db,-4.28203,-4.28203,0.0
factory_5,notch_tracking.csv,11,time_s,5.310925,5.310925,0.0
factory_5,notch_tracking.csv,11,freq_hz,1397.490845,1397.490845,0.0
factory_5,notch_tracking.csv,11,notch_depth_db,-3.981091,-3.981091,0.0
factory_5,thd_vs_drive.csv,0,sine_level_db,-24.0,-24.0,0.0
factory_5,thd_vs_drive.csv,0,thd_ratio,0.003204,0.003204,0.0
factory_5,thd_vs_drive.csv,0,thd_db,-49.886547,-49.886547,0.0
factory_5,thd_vs_drive.csv,0,broadband_hf_db,-82.677689,-82.677689,0.0
factory_5,thd_vs_drive.csv,1,sine_level_db,-18.0,-18.0,0.0
factory_5,thd_vs_drive.csv,1,thd_ratio,0.006597,0.006597,0.0
factory_5,thd_vs_drive.csv,1,thd_db,-43.612801,-43.612801,0.0
factory_5,thd_vs_drive.csv,1,broadband_hf_db,-82.681747,-82.681747,0.0
factory_5,thd_vs_drive.csv,2,sine_level_db,-12.0,-12.0,0.0
factory_5,thd_vs_drive.csv,2,thd_ratio,0.015911,0.015911,0.0
factory_5,thd_vs_drive.csv,2,thd_db,-35.965782,-35.965782,0.0
factory_5,thd_vs_drive.csv,2,broadband_hf_db,-82.68,-82.68,0.0
factory_5,thd_vs_drive.csv,3,sine_level_db,-6.0,-6.0,0.0
factory_5,thd_vs_drive.csv,3,thd_ratio,0.047542,0.047542,0.0
factory_5,thd_vs_drive.csv,3,thd_db,-26.458464,-26.458464,0.0
factory_5,thd_vs_drive.csv,3,broadband_hf_db,-82.221634,-82.221634,0.0
factory_5,thd_vs_drive.csv,4,sine_level_db,0.0,0.0,0.0
factory_5,thd_vs_drive.csv,4,thd_ratio,0.15243,0.15243,0.0
factory_5,thd_vs_drive.csv,4,thd_db,-16.3386,-16.3386,0.0
factory_5,thd_vs_drive.csv,4,broadband_hf_db,-81.597145,-81.597145,0.0
factory_6,summary.csv,average_tracked_notch_db,value,-10.684257,-10.684257,0.0
factory_6,summary.csv,deepest_tracked_notch_db,value,-17.741814,-17.741814,0.0
factory_6,summary.csv,guitar_broadband_hf_db,value,-81.117439,-81.117439,0.0
factory_6,summary.csv,guitar_lr_correlation,value,0.999945,0.999945,0.0
factory_6,summary.csv,guitar_mono_fold_db,value,-0.000132,-0.000132,0.0
factory_6,summary.csv,guitar_side_to_mid_db,value,-45.158058,-45.158058,0.0
factory_6,summary.csv,sweep_broadband_hf_db,value,-82.139496,-82.139496,0.0
factory_6,summary.csv,sweep_lr_correlation,value,0.999985,0.999985,0.0
factory_6,summary.csv,sweep_mono_fold_db,value,-3.3e-05,-3.3e-05,0.0
factory_6,summary.csv,sweep_side_to_mid_db,value,-51.220089,-51.220089,0.0
factory_6,summary.csv,tracked_notch_count,value,13.0,13.0,0.0
factory_6,summary.csv,tracked_notch_high_hz,value,7010.083008,7010.083008,0.0
factory_6,summary.csv,tracked_notch_low_hz,value,30.746555,30.746555,0.0
factory_6,summary.csv,tracked_notch_span_oct,value,7.832863,7.832863,0.0
factory_6,summary.csv,worst_thd_db,value,-17.82926,-17.82926,0.0
factory_6,frequency_response.csv,0,time_s,0.0,0.0,0.0
factory_6,frequency_response.csv,0,freq_hz,20.0,20.0,0.0
factory_6,frequency_response.csv,0,gain_db,-8.363648,-8.363648,0.0
factory_6,frequency_response.csv,1,time_s,0.067227,0.067227,0.0
factory_6,frequency_response.csv,1,freq_hz,21.104536,21.104536,0.0
factory_6,frequency_response.csv,1,gain_db,-5.458297,-5.458297,0.0
factory_6,frequency_response.csv,2,time_s,0.134454,0.134454,0.0
factory_6,frequency_response.csv,2,freq_hz,22.270071,22.270071,0.0
factory_6,frequency_response.csv,2,gain_db,-4.937109,-4.937109,0.0
factory_6,frequency_response.csv,3,time_s,0.201681,0.201681,0.0
factory_6,frequency_response.csv,3,freq_hz,23.499975,23.499975,0.0
factory_6,frequency_response.csv,3,gain_db,-4.291782,-4.291782,0.0
factory_6,frequency_response.csv,4,time_s,0.268908,0.268908,0.0
factory_6,frequency_response.csv,4,freq_hz,24.797804,24.797804,0.0
factory_6,frequency_response.csv,4,gain_db,-2.790752,-2.790752,0.0
factory_6,frequency_response.csv,5,time_s,0.336134,0.336134,0.0
factory_6,frequency_response.csv,5,freq_hz,26.167307,26.167307,0.0
factory_6,frequency_response.csv,5,gain_db,-4.039708,-4.039708,0.0
factory_6,frequency_response.csv,6,time_s,0.403361,0.403361,0.0
factory_6,frequency_response.csv,6,freq_hz,27.612442,27.612442,0.0
factory_6,frequency_response.csv,6,gain_db,-5.006809,-5.006809,0.0
factory_6,frequency_response.csv,7,time_s,0.470588,0.470588,0.0
factory_6,frequency_response.csv,7,freq_hz,29.13739,29.13739,0.0
factory_6,frequency_response.csv,7,gain_db,-10.28852,-10.28852,0.0
factory_6,frequency_response.csv,8,time_s,0.537815,0.537815,0.0
factory_6,frequency_response.csv,8,freq_hz,30.746555,30.746555,0.0
factory_6,frequency_response.csv,8,gain_db,-12.08511,-12.08511,0.0
factory_6,frequency_response.csv,9,time_s,0.605042,0.605042,0.0
factory_6,frequency_response.csv,9,freq_hz,32.444588,32.444588,0.0
factory_6,frequency_response.csv,9,gain_db,-9.133924,-9.133924,0.0
factory_6,frequency_response.csv,10,time_s,0.672269,0.672269,0.0
factory_6,frequency_response.csv,10,freq_hz,34.236401,34.236401,0.0
factory_6,frequency_response.csv,10,gain_db,-8.03917,-8.03917,0.0
factory_6,frequency_response.csv,11,time_s,0.739496,0.739496,0.0
factory_6,frequency_response.csv,11,freq_hz,36.127167,36.127167,0.0
factory_6,frequency_response.csv,11,gain_db,-7.067116,-7.067116,0.0
factory_6,frequency_response.csv,12,time_s,0.806723,0.806723,0.0
factory_6,frequency_response.csv,12,freq_hz,38.122353,38.122353,0.0
factory_6,frequency_response.csv,12,gain_db,-7.455171,-7.455171,0.0
factory_6,frequency_response.csv,13,time_s,0.87395,0.87395,0.0
factory_6,frequency_response.csv,13,freq_hz,40.22773,40.22773,0.0
factory_6,frequency_response.csv,13,gain_db,-9.253399,-9.253399,0.0
factory_6,frequency_response.csv,14,time_s,0.941177,0.941177,0.0
factory_6,frequency_response.csv,14,freq_hz,42.449379,42.449379,0.0
factory_6,frequency_response.csv,14,gain_db,-11.224922,-11.224922,0.0
factory_6,frequency_response.csv,15,time_s,1.008403,1.008403,0.0
factory_6,frequency_response.csv,15,freq_hz,44.79372,44.79372,0.0
factory_6,frequency_response.csv,15,gain_db,-12.466879,-12.466879,0.0
factory_6,frequency_response.csv,16,time_s,1.07563,1.07563,0.0
factory_6,frequency_response.csv,16,freq_hz,47.267536,47.267536,0.0
factory_6,frequency_response.csv,16,gain_db,-5.564282,-5.564282,0.0
factory_6,frequency_response.csv,17,time_s,1.142857,1.142857,0.0
factory_6,frequency_response.csv,17,freq_hz,49.877968,49.877968,0.0
factory_6,frequency_response.csv,17,gain_db,-2.140247,-2.140247,0.0
factory_6,frequency_response.csv,18,time_s,1.210084,1.210084,0.0
factory_6,frequency_response.csv,18,freq_hz,52.632568,52.632568,0.0
factory_6,frequency_response.csv,18,gain_db,-1.558448,-1.558448,0.0
factory_6,frequency_response.csv,19,time_s,1.277311,1.277311,0.0
factory_6,frequency_response.csv,19,freq_hz,55.539299,55.539299,0.0
factory_6,frequency_response.csv,19,gain_db,-3.203694,-3.203694,0.0
factory_6,frequency_response.csv,20,time_s,1.344538,1.344538,0.0
factory_6,frequency_response.csv,20,freq_hz,58.606552,58.606552,0.0
factory_6,frequency_response.csv,20,gain_db,-5.099187,-5.099187,0.0
factory_6,frequency_response.csv,21,time_s,1.411765,1.411765,0.0
factory_6,frequency_response.csv,21,freq_hz,61.843204,61.843204,0.0
factory_6,frequency_response.csv,21,gain_db,-6.59805,-6.59805,0.0
factory_6,frequency_response.csv,22,time_s,1.478992,1.478992,0.0
factory_6,frequency_response.csv,22,freq_hz,65.258606,65.258606,0.0
factory_6,frequency_response.csv,22,gain_db,-7.801957,-7.801957,0.0
factory_6,frequency_response.csv,23,time_s,1.546218,1.546218,0.0
factory_6,frequency_response.csv,23,freq_hz,68.862625,68.862625,0.0
factory_6,frequency_response.csv,23,gain_db,-9.126031,-9.126031,0.0
factory_6,frequency_response.csv,24,time_s,1.613445,1.613445,0.0
factory_6,frequency_response.csv,24,freq_hz,72.665695,72.665695,0.0
factory_6,frequency_response.csv,24,gain_db,-9.426247,-9.426247,0.0
factory_6,frequency_response.csv,25,time_s,1.680672,1.680672,0.0
factory_6,frequency_response.csv,25,freq_hz,76.678787,76.678787,0.0
factory_6,frequency_response.csv,25,gain_db,-9.50894,-9.50894,0.0
factory_6,frequency_response.csv,26,time_s,1.747899,1.747899,0.0
factory_6,frequency_response.csv,26,freq_hz,80.913506,80.913506,0.0
factory_6,frequency_response.csv,26,gain_db,-7.131281,-7.131281,0.0
factory_6,frequency_response.csv,27,time_s,1.815126,1.815126,0.0
factory_6,frequency_response.csv,27,freq_hz,85.382095,85.382095,0.0
factory_6,frequency_response.csv,27,gain_db,-4.34529,-4.34529,0.0
factory_6,frequency_response.csv,28,time_s,1.882353,1.882353,0.0
factory_6,frequency_response.csv,28,freq_hz,90.097488,90.097488,0.0
factory_6,frequency_response.csv,28,gain_db,-1.917039,-1.917039,0.0
factory_6,frequency_response.csv,29,time_s,1.94958,1.94958,0.0
factory_6,frequency_response.csv,29,freq_hz,95.073273,95.073273,0.0
factory_6,frequency_response.csv,29,gain_db,-2.035013,-2.035013,0.0
factory_6,frequency_response.csv,30,time_s,2.016807,2.016807,0.0
factory_6,frequency_response.csv,30,freq_hz,100.323875,100.323875,0.0
factory_6,frequency_response.csv,30,gain_db,-6.049125,-6.049125,0.0
factory_6,frequency_response.csv,31,time_s,2.084034,2.084034,0.0
factory_6,frequency_response.csv,31,freq_hz,105.864441,105.864441,0.0
factory_6,frequency_response.csv,31,gain_db,-9.841306,-9.841306,0.0
factory_6,frequency_response.csv,32,time_s,2.151261,2.151261,0.0
factory_6,frequency_response.csv,32,freq_hz,111.710999,111.710999,0.0
factory_6,frequency_response.csv,32,gain_db,-10.698837,-10.698837,0.0
factory_6,frequency_response.csv,33,time_s,2.218488,2.218488,0.0
factory_6,frequency_response.csv,33,freq_hz,117.880432,117.880432,0.0
factory_6,frequency_response.csv,33,gain_db,-9.021894,-9.021894,0.0
factory_6,frequency_response.csv,34,time_s,2.285714,2.285714,0.0
factory_6,frequency_response.csv,34,freq_hz,124.390594,124.390594,0.0
factory_6,frequency_response.csv,34,gain_db,-5.846662,-5.846662,0.0
factory_6,frequency_response.csv,35,time_s,2.352941,2.352941,0.0
factory_6,frequency_response.csv,35,freq_hz,131.260284,131.260284,0.0
factory_6,frequency_response.csv,35,gain_db,-2.406231,-2.406231,0.0
factory_6,frequency_response.csv,36,time_s,2.420168,2.420168,0.0
factory_6,frequency_response.csv,36,freq_hz,138.509369,138.509369,0.0
factory_6,frequency_response.csv,36,gain_db,-1.510649,-1.510649,0.0
factory_6,frequency_response.csv,37,time_s,2.487395,2.487395,0.0
factory_6,frequency_response.csv,37,freq_hz,146.158783,146.158783,0.0
factory_6,frequency_response.csv,37,gain_db,-4.634015,-4.634015,0.0
factory_6,frequency_response.csv,38,time_s,2.554622,2.554622,0.0
factory_6,frequency_response.csv,38,freq_hz,154.230667,154.230667,0.0
factory_6,frequency_response.csv,38,gain_db,-11.296095,-11.296095,0.0
factory_6,frequency_response.csv,39,time_s,2.621849,2.621849,0.0
factory_6,frequency_response.csv,39,freq_hz,162.748337,162.748337,0.0
factory_6,frequency_response.csv,39,gain_db,-17.741814,-17.741814,0.0
factory_6,frequency_response.csv,40,time_s,2.689076,2.689076,0.0
factory_6,frequency_response.csv,40,freq_hz,171.73642,171.73642,0.0
factory_6,frequency_response.csv,40,gain_db,-13.852562,-13.852562,0.0
factory_6,frequency_response.csv,41,time_s,2.756303,2.756303,0.0
factory_6,frequency_response.csv,41,freq_hz,181.220856,181.220856,0.0
factory_6,frequency_response.csv,41,gain_db,-9.996946,-9.996946,0.0
factory_6,frequency_response.csv,42,time_s,2.823529,2.823529,0.0
factory_6,frequency_response.csv,42,freq_hz,191.229095,191.229095,0.0
factory_6,frequency_response.csv,42,gain_db,-7.917306,-7.917306,0.0
factory_6,frequency_response.csv,43,time_s,2.890756,2.890756,0.0
factory_6,frequency_response.csv,43,freq_hz,201.79007,201.79007,0.0
factory_6,frequency_response.csv,43,gain_db,-6.745137,-6.745137,0.0
factory_6,frequency_response.csv,44,time_s,2.957983,2.957983,0.0
factory_6,frequency_response.csv,44,freq_hz,212.93428,212.93428,0.0
factory_6,frequency_response.csv,44,gain_db,-6.019693,-6.019693,0.0
factory_6,frequency_response.csv,45,time_s,3.02521,3.02521,0.0
factory_6,frequency_response.csv,45,freq_hz,224.69397,224.69397,0.0
factory_6,frequency_response.csv,45,gain_db,-6.306468,-6.306468,0.0
factory_6,frequency_response.csv,46,time_s,3.092437,3.092437,0.0
factory_6,frequency_response.csv,46,freq_hz,237.103104,237.103104,0.0
factory_6,frequency_response.csv,46,gain_db,-7.71812,-7.71812,0.0
factory_6,frequency_response.csv,47,time_s,3.159664,3.159664,0.0
factory_6,frequency_response.csv,47,freq_hz,250.19754,250.19754,0.0
factory_6,frequency_response.csv,47,gain_db,-11.126857,-11.126857,0.0
factory_6,frequency_response.csv,48,time_s,3.226891,3.226891,0.0
factory_6,frequency_response.csv,48,freq_hz,264.015137,264.015137,0.0
factory_6,frequency_response.csv,48,gain_db,-16.083094,-16.083094,0.0
factory_6,frequency_response.csv,49,time_s,3.294118,3.294118,0.0
factory_6,frequency_response.csv,49,freq_hz,278.595856,278.595856,0.0
factory_6,frequency_response.csv,49,gain_db,-11.278892,-11.278892,0.0
factory_6,frequency_response.csv,50,time_s,3.361345,3.361345,0.0
factory_6,frequency_response.csv,50,freq_hz,293.981812,293.981812,0.0
factory_6,frequency_response.csv,50,gain_db,-3.779839,-3.779839,0.0
factory_6,frequency_response.csv,51,time_s,3.428571,3.428571,0.0
factory_6,frequency_response.csv,51,freq_hz,310.217468,310.217468,0.0
factory_6,frequency_response.csv,51,gain_db,-1.556868,-1.556868,0.0
factory_6,frequency_response.csv,52,time_s,3.495798,3.495798,0.0
factory_6,frequency_response.csv,52,freq_hz,327.349792,327.349792,0.0
factory_6,frequency_response.csv,52,gain_db,-1.585544,-1.585544,0.0
factory_6,frequency_response.csv,53,time_s,3.563025,3.563025,0.0
factory_6,frequency_response.csv,53,freq_hz,345.428284,345.428284,0.0
factory_6,frequency_response.csv,53,gain_db,-1.554563,-1.554563,0.0
factory_6,frequency_response.csv,54,time_s,3.630252,3.630252,0.0
factory_6,frequency_response.csv,54,freq_hz,364.505157,364.505157,0.0
factory_6,frequency_response.csv,54,gain_db,-1.52443,-1.52443,0.0
factory_6,frequency_response.csv,55,time_s,3.697479,3.697479,0.0
factory_6,frequency_response.csv,55,freq_hz,384.63562,384.63562,0.0
factory_6,frequency_response.csv,55,gain_db,-2.489613,-2.489613,0.0
factory_6,frequency_response.csv,56,time_s,3.764706,3.764706,0.0
factory_6,frequency_response.csv,56,freq_hz,405.877808,405.877808,0.0
factory_6,frequency_response.csv,56,gain_db,-7.221317,-7.221317,0.0
factory_6,frequency_response.csv,57,time_s,3.831933,3.831933,0.0
factory_6,frequency_response.csv,57,freq_hz,428.293121,428.293121,0.0
factory_6,frequency_response.csv,57,gain_db,-14.540009,-14.540009,0.0
factory_6,frequency_response.csv,58,time_s,3.89916,3.89916,0.0
factory_6,frequency_response.csv,58,freq_hz,451.946381,451.946381,0.0
factory_6,frequency_response.csv,58,gain_db,-12.249961,-12.249961,0.0
factory_6,frequency_response.csv,59,time_s,3.966387,3.966387,0.0
factory_6,frequency_response.csv,59,freq_hz,476.905945,476.905945,0.0
factory_6,frequency_response.csv,59,gain_db,-6.882782,-6.882782,0.0
factory_6,frequency_response.csv,60,time_s,4.033614,4.033614,0.0
factory_6,frequency_response.csv,60,freq_hz,503.244019,503.244019,0.0
factory_6,frequency_response.csv,60,gain_db,-3.297858,-3.297858,0.0
factory_6,frequency_response.csv,61,time_s,4.100841,4.100841,0.0
factory_6,frequency_response.csv,61,freq_hz,531.03656,531.03656,0.0
factory_6,frequency_response.csv,61,gain_db,-1.700481,-1.700481,0.0
factory_6,frequency_response.csv,62,time_s,4.168067,4.168067,0.0
factory_6,frequency_response.csv,62,freq_hz,560.364014,560.364014,0.0
factory_6,frequency_response.csv,62,gain_db,-1.152077,-1.152077,0.0
factory_6,frequency_response.csv,63,time_s,4.235294,4.235294,0.0
factory_6,frequency_response.csv,63,freq_hz,591.311096,591.311096,0.0
factory_6,frequency_response.csv,63,gain_db,-0.942189,-0.942189,0.0
factory_6,frequency_response.csv,64,time_s,4.302521,4.302521,0.0
factory_6,frequency_response.csv,64,freq_hz,623.967346,623.967346,0.0
factory_6,frequency_response.csv,64,gain_db,-0.857071,-0.857071,0.0
factory_6,frequency_response.csv,65,time_s,4.369748,4.369748,0.0
factory_6,frequency_response.csv,65,freq_hz,658.427063,658.427063,0.0
factory_6,frequency_response.csv,65,gain_db,-0.849156,-0.849156,0.0
factory_6,frequency_response.csv,66,time_s,4.436975,4.436975,0.0
factory_6,frequency_response.csv,66,freq_hz,694.789795,694.789795,0.0
factory_6,frequency_response.csv,66,gain_db,-0.895207,-0.895207,0.0
factory_6,frequency_response.csv,67,time_s,4.504202,4.504202,0.0
factory_6,frequency_response.csv,67,freq_hz,733.160889,733.160889,0.0
factory_6,frequency_response.csv,67,gain_db,-1.137885,-1.137885,0.0
factory_6,frequency_response.csv,68,time_s,4.571429,4.571429,0.0
factory_6,frequency_response.csv,68,freq_hz,773.651001,773.651001,0.0
factory_6,frequency_response.csv,68,gain_db,-2.096109,-2.096109,0.0
factory_6,frequency_response.csv,69,time_s,4.638656,4.638656,0.0
factory_6,frequency_response.csv,69,freq_hz,816.377197,816.377197,0.0
factory_6,frequency_response.csv,69,gain_db,-5.657163,-5.657163,0.0
factory_6,frequency_response.csv,70,time_s,4.705883,4.705883,0.0
factory_6,frequency_response.csv,70,freq_hz,861.463074,861.463074,0.0
factory_6,frequency_response.csv,70,gain_db,-11.388654,-11.388654,0.0
factory_6,frequency_response.csv,71,time_s,4.773109,4.773109,0.0
factory_6,frequency_response.csv,71,freq_hz,909.03894,909.03894,0.0
factory_6,frequency_response.csv,71,gain_db,-13.058287,-13.058287,0.0
factory_6,frequency_response.csv,72,time_s,4.840336,4.840336,0.0
factory_6,frequency_response.csv,72,freq_hz,959.242249,959.242249,0.0
factory_6,frequency_response.csv,72,gain_db,-9.986211,-9.986211,0.0
factory_6,frequency_response.csv,73,time_s,4.907563,4.907563,0.0
factory_6,frequency_response.csv,73,freq_hz,1012.218079,1012.218079,0.0
factory_6,frequency_response.csv,73,gain_db,-8.369378,-8.369378,0.0
factory_6,frequency_response.csv,74,time_s,4.97479,4.97479,0.0
factory_6,frequency_response.csv,74,freq_hz,1068.119629,1068.119629,0.0
factory_6,frequency_response.csv,74,gain_db,-9.231066,-9.231066,0.0
factory_6,frequency_response.csv,75,time_s,5.042017,5.042017,0.0
factory_6,frequency_response.csv,75,freq_hz,1127.108398,1127.108398,0.0
factory_6,frequency_response.csv,75,gain_db,-11.300423,-11.300423,0.0
factory_6,frequency_response.csv,76,time_s,5.109244,5.109244,0.0
factory_6,frequency_response.csv,76,freq_hz,1189.355103,1189.355103,0.0
factory_6,frequency_response.csv,76,gain_db,-12.842237,-12.842237,0.0
factory_6,frequency_response.csv,77,time_s,5.176471,5.176471,0.0
factory_6,frequency_response.csv,77,freq_hz,1255.039307,1255.039307,0.0
factory_6,frequency_response.csv,77,gain_db,-10.375877,-10.375877,0.0
factory_6,frequency_response.csv,78,time_s,5.243698,5.243698,0.0
factory_6,frequency_response.csv,78,freq_hz,1324.351074,1324.351074,0.0
factory_6,frequency_response.csv,78,gain_db,-4.548467,-4.548467,0.0
factory_6,frequency_response.csv,79,time_s,5.310925,5.310925,0.0
factory_6,frequency_response.csv,79,freq_hz,1397.490845,1397.490845,0.0
factory_6,frequency_response.csv,79,gain_db,-1.650831,-1.650831,0.0
factory_6,frequency_response.csv,80,time_s,5.378151,5.378151,0.0
factory_6,frequency_response.csv,80,freq_hz,1474.669678,1474.669678,0.0
factory_6,frequency_response.csv,80,gain_db,-1.293853,-1.293853,0.0
factory_6,frequency_response.csv,81,time_s,5.445378,5.445378,0.0
factory_6,frequency_response.csv,81,freq_hz,1556.110962,1556.110962,0.0
factory_6,frequency_response.csv,81,gain_db,-1.451288,-1.451288,0.0
factory_6,frequency_response.csv,82,time_s,5.512605,5.512605,0.0
factory_6,frequency_response.csv,82,freq_hz,1642.050049,1642.050049,0.0
factory_6,frequency_response.csv,82,gain_db,-1.648109,-1.648109,0.0
factory_6,frequency_response.csv,83,time_s,5.579832,5.579832,0.0
factory_6,frequency_response.csv,83,freq_hz,1732.735107,1732.735107,0.0
factory_6,frequency_response.csv,83,gain_db,-1.817282,-1.817282,0.0
factory_6,frequency_response.csv,84,time_s,5.647059,5.647059,0.0
factory_6,frequency_response.csv,84,freq_hz,1828.428467,1828.428467,0.0
factory_6,frequency_response.csv,84,gain_db,-1.961066,-1.961066,0.0
factory_6,frequency_response.csv,85,time_s,5.714286,5.714286,0.0
factory_6,frequency_response.csv,85,freq_hz,1929.406738,1929.406738,0.0
factory_6,frequency_response.csv,85,gain_db,-2.095483,-2.095483,0.0
factory_6,frequency_response.csv,86,time_s,5.781513,5.781513,0.0
factory_6,frequency_response.csv,86,freq_hz,2035.96167,2035.96167,0.0
factory_6,frequency_response.csv,86,gain_db,-2.20999,-2.20999,0.0
factory_6,frequency_response.csv,87,time_s,5.84874,5.84874,0.0
factory_6,frequency_response.csv,87,freq_hz,2148.401367,2148.401367,0.0
factory_6,frequency_response.csv,87,gain_db,-2.291726,-2.291726,0.0
factory_6,frequency_response.csv,88,time_s,5.915967,5.915967,0.0
factory_6,frequency_response.csv,88,freq_hz,2267.050537,2267.050537,0.0
factory_6,frequency_response.csv,88,gain_db,-2.282818,-2.282818,0.0
factory_6,frequency_response.csv,89,time_s,5.983193,5.983193,0.0
factory_6,frequency_response.csv,89,freq_hz,2392.252441,2392.252441,0.0
factory_6,frequency_response.csv,89,gain_db,-2.076693,-2.076693,0.0
factory_6,frequency_response.csv,90,time_s,6.05042,6.05042,0.0
factory_6,frequency_response.csv,90,freq_hz,2524.368896,2524.368896,0.0
factory_6,frequency_response.csv,90,gain_db,-1.771807,-1.771807,0.0
factory_6,frequency_response.csv,91,time_s,6.117647,6.117647,0.0
factory_6,frequency_response.csv,91,freq_hz,2663.781738,2663.781738,0.0
factory_6,frequency_response.csv,91,gain_db,-2.642697,-2.642697,0.0
factory_6,frequency_response.csv,92,time_s,6.184874,6.184874,0.0
factory_6,frequency_response.csv,92,freq_hz,2810.893799,2810.893799,0.0
factory_6,frequency_response.csv,92,gain_db,-6.324871,-6.324871,0.0
factory_6,frequency_response.csv,93,time_s,6.252101,6.252101,0.0
factory_6,frequency_response.csv,93,freq_hz,2966.130371,2966.130371,0.0
factory_6,frequency_response.csv,93,gain_db,-9.303475,-9.303475,0.0
factory_6,frequency_response.csv,94,time_s,6.319328,6.319328,0.0
factory_6,frequency_response.csv,94,freq_hz,3129.94043,3129.94043,0.0
factory_6,frequency_response.csv,94,gain_db,-9.500864,-9.500864,0.0
factory_6,frequency_response.csv,95,time_s,6.386555,6.386555,0.0
factory_6,frequency_response.csv,95,freq_hz,3302.796875,3302.796875,0.0
factory_6,frequency_response.csv,95,gain_db,-8.275278,-8.275278,0.0
factory_6,frequency_response.csv,96,time_s,6.453782,6.453782,0.0
factory_6,frequency_response.csv,96,freq_hz,3485.199951,3485.199951,0.0
factory_6,frequency_response.csv,96,gain_db,-5.439969,-5.439969,0.0
factory_6,frequency_response.csv,97,time_s,6.521008,6.521008,0.0
factory_6,frequency_response.csv,97,freq_hz,3677.676025,3677.676025,0.0
factory_6,frequency_response.csv,97,gain_db,-2.746356,-2.746356,0.0
factory_6,frequency_response.csv,98,time_s,6.588235,6.588235,0.0
factory_6,frequency_response.csv,98,freq_hz,3880.782471,3880.782471,0.0
factory_6,frequency_response.csv,98,gain_db,-2.438375,-2.438375,0.0
factory_6,frequency_response.csv,99,time_s,6.655462,6.655462,0.0
factory_6,frequency_response.csv,99,freq_hz,4095.105469,4095.105469,0.0
factory_6,frequency_response.csv,99,gain_db,-3.610945,-3.610945,0.0
factory_6,frequency_response.csv,100,time_s,6.722689,6.722689,0.0
factory_6,frequency_response.csv,100,freq_hz,4321.265137,4321.265137,0.0
factory_6,frequency_response.csv,100,gain_db,-4.614802,-4.614802,0.0
factory_6,frequency_response.csv,101,time_s,6.789916,6.789916,0.0
factory_6,frequency_response.csv,101,freq_hz,4559.914551,4559.914551,0.0
factory_6,frequency_response.csv,101,gain_db,-5.193405,-5.193405,0.0
factory_6,frequency_response.csv,102,time_s,6.857143,6.857143,0.0
factory_6,frequency_response.csv,102,freq_hz,4811.744141,4811.744141,0.0
factory_6,frequency_response.csv,102,gain_db,-5.545101,-5.545101,0.0
factory_6,frequency_response.csv,103,time_s,6.92437,6.92437,0.0
factory_6,frequency_response.csv,103,freq_hz,5077.481445,5077.481445,0.0
factory_6,frequency_response.csv,103,gain_db,-5.794264,-5.794264,0.0
factory_6,frequency_response.csv,104,time_s,6.991597,6.991597,0.0
factory_6,frequency_response.csv,104,freq_hz,5357.894531,5357.894531,0.0
factory_6,frequency_response.csv,104,gain_db,-5.98778,-5.98778,0.0
factory_6,frequency_response.csv,105,time_s,7.058824,7.058824,0.0
factory_6,frequency_response.csv,105,freq_hz,5653.793457,5653.793457,0.0
factory_6,frequency_response.csv,105,gain_db,-6.155619,-6.155619,0.0
factory_6,frequency_response.csv,106,time_s,7.12605,7.12605,0.0
factory_6,frequency_response.csv,106,freq_hz,5966.034668,5966.034668,0.0
factory_6,frequency_response.csv,106,gain_db,-6.293726,-6.293726,0.0
factory_6,frequency_response.csv,107,time_s,7.193277,7.193277,0.0
factory_6,frequency_response.csv,107,freq_hz,6295.519531,6295.519531,0.0
factory_6,frequency_response.csv,107,gain_db,-6.40866,-6.40866,0.0
factory_6,frequency_response.csv,108,time_s,7.260504,7.260504,0.0
factory_6,frequency_response.csv,108,freq_hz,6643.200684,6643.200684,0.0
factory_6,frequency_response.csv,108,gain_db,-6.481666,-6.481666,0.0
factory_6,frequency_response.csv,109,time_s,7.327731,7.327731,0.0
factory_6,frequency_response.csv,109,freq_hz,7010.083008,7010.083008,0.0
factory_6,frequency_response.csv,109,gain_db,-6.492012,-6.492012,0.0
factory_6,frequency_response.csv,110,time_s,7.394958,7.394958,0.0
factory_6,frequency_response.csv,110,freq_hz,7397.227539,7397.227539,0.0
factory_6,frequency_response.csv,110,gain_db,-6.409317,-6.409317,0.0
factory_6,frequency_response.csv,111,time_s,7.462185,7.462185,0.0
factory_6,frequency_response.csv,111,freq_hz,7805.752441,7805.752441,0.0
factory_6,frequency_response.csv,111,gain_db,-6.166778,-6.166778,0.0
factory_6,frequency_response.csv,112,time_s,7.529412,7.529412,0.0
factory_6,frequency_response.csv,112,freq_hz,8236.839844,8236.839844,0.0
factory_6,frequency_response.csv,112,gain_db,-5.668958,-5.668958,0.0
factory_6,frequency_response.csv,113,time_s,7.596639,7.596639,0.0
factory_6,frequency_response.csv,113,freq_hz,8691.733398,8691.733398,0.0
factory_6,frequency_response.csv,113,gain_db,-5.044534,-5.044534,0.0
factory_6,frequency_response.csv,114,time_s,7.663866,7.663866,0.0
factory_6,frequency_response.csv,114,freq_hz,9171.75,9171.75,0.0
factory_6,frequency_response.csv,114,gain_db,-4.770823,-4.770823,0.0
factory_6,frequency_response.csv,115,time_s,7.731092,7.731092,0.0
factory_6,frequency_response.csv,115,freq_hz,9678.276367,9678.276367,0.0
factory_6,frequency_response.csv,115,gain_db,-4.948903,-4.948903,0.0
factory_6,frequency_response.csv,116,time_s,7.798319,7.798319,0.0
factory_6,frequency_response.csv,116,freq_hz,10212.776367,10212.776367,0.0
factory_6,frequency_response.csv,116,gain_db,-5.320533,-5.320533,0.0
factory_6,frequency_response.csv,117,time_s,7.865546,7.865546,0.0
factory_6,frequency_response.csv,117,freq_hz,10776.795898,10776.795898,0.0
factory_6,frequency_response.csv,117,gain_db,-5.766707,-5.766707,0.0
factory_6,frequency_response.csv,118,time_s,7.932773,7.932773,0.0
factory_6,frequency_response.csv,118,freq_hz,11371.962891,11371.962891,0.0
factory_6,frequency_response.csv,118,gain_db,-6.092996,-6.092996,0.0
factory_6,frequency_response.csv,119,time_s,8.0,8.0,0.0
factory_6,frequency_response.csv,119,freq_hz,12000.0,12000.0,0.0
factory_6,frequency_response.csv,119,gain_db,-6.222844,-6.222844,0.0
factory_6,notch_tracking.csv,0,time_s,0.537815,0.537815,0.0
factory_6,notch_tracking.csv,0,freq_hz,30.746555,30.746555,0.0
factory_6,notch_tracking.csv,0,notch_depth_db,-12.08511,-12.08511,0.0
factory_6,notch_tracking.csv,1,time_s,1.008403,1.008403,0.0
factory_6,notch_tracking.csv,1,freq_hz,44.79372,44.79372,0.0
factory_6,notch_tracking.csv,1,notch_depth_db,-12.466879,-12.466879,0.0
factory_6,notch_tracking.csv,2,time_s,1.680672,1.680672,0.0
factory_6,notch_tracking.csv,2,freq_hz,76.678787,76.678787,0.0
factory_6,notch_tracking.csv,2,notch_depth_db,-9.50894,-9.50894,0.0
factory_6,notch_tracking.csv,3,time_s,2.151261,2.151261,0.0
factory_6,notch_tracking.csv,3,freq_hz,111.710999,111.710999,0.0
factory_6,notch_tracking.csv,3,notch_depth_db,-10.698837,-10.698837,0.0
factory_6,notch_tracking.csv,4,time_s,2.621849,2.621849,0.0
factory_6,notch_tracking.csv,4,freq_hz,162.748337,162.748337,0.0
factory_6,notch_tracking.csv,4,notch_depth_db,-17.741814,-17.741814,0.0
factory_6,notch_tracking.csv,5,time_s,3.226891,3.226891,0.0
factory_6,notch_tracking.csv,5,freq_hz,264.015137,264.015137,0.0
factory_6,notch_tracking.csv,5,notch_depth_db,-16.083094,-16.083094,0.0
factory_6,notch_tracking.csv,6,time_s,3.495798,3.495798,0.0
factory_6,notch_tracking.csv,6,freq_hz,327.349792,327.349792,0.0
factory_6,notch_tracking.csv,6,notch_depth_db,-1.585544,-1.585544,0.0
factory_6,notch_tracking.csv,7,time_s,3.831933,3.831933,0.0
factory_6,notch_tracking.csv,7,freq_hz,428.293121,428.293121,0.0
factory_6,notch_tracking.csv,7,notch_depth_db,-14.540009,-14.540009,0.0
factory_6,notch_tracking.csv,8,time_s,4.773109,4.773109,0.0
factory_6,notch_tracking.csv,8,freq_hz,909.03894,909.03894,0.0
factory_6,notch_tracking.csv,8,notch_depth_db,-13.058287,-13.058287,0.0
factory_6,notch_tracking.csv,9,time_s,5.109244,5.109244,0.0
factory_6,notch_tracking.csv,9,freq_hz,1189.355103,1189.355103,0.0
factory_6,notch_tracking.csv,9,notch_depth_db,-12.842237,-12.842237,0.0
factory_6,notch_tracking.csv,10,time_s,5.84874,5.84874,0.0
factory_6,notch_tracking.csv,10,freq_hz,2148.401367,2148.401367,0.0
factory_6,notch_tracking.csv,10,notch_depth_db,-2.291726,-2.291726,0.0
factory_6,notch_tracking.csv,11,time_s,6.319328,6.319328,0.0
factory_6,notch_tracking.csv,11,freq_hz,3129.94043,3129.94043,0.0
factory_6,notch_tracking.csv,11,notch_depth_db,-9.500864,-9.500864,0.0
factory_6,notch_tracking.csv,12,time_s,7.327731,7.327731,0.0
factory_6,notch_tracking.csv,12,freq_hz,7010.083008,7010.083008,0.0
factory_6,notch_tracking.csv,12,notch_depth_db,-6.492012,-6.492012,0.0
factory_6,thd_vs_drive.csv,0,sine_level_db,-24.0,-24.0,0.0
factory_6,thd_vs_drive.csv,0,thd_ratio,0.041658,0.041658,0.0
factory_6,thd_vs_drive.csv,0,thd_db,-27.605989,-27.605989,0.0
factory_6,thd_vs_drive.csv,0,broadband_hf_db,-82.683853,-82.683853,0.0
factory_6,thd_vs_drive.csv,1,sine_level_db,-18.0,-18.0,0.0
factory_6,thd_vs_drive.csv,1,thd_ratio,0.080196,0.080196,0.0
factory_6,thd_vs_drive.csv,1,thd_db,-21.916922,-21.916922,0.0
factory_6,thd_vs_drive.csv,1,broadband_hf_db,-82.683319,-82.683319,0.0
factory_6,thd_vs_drive.csv,2,sine_level_db,-12.0,-12.0,0.0
factory_6,thd_vs_drive.csv,2,thd_ratio,0.114028,0.114028,0.0
factory_6,thd_vs_drive.csv,2,thd_db,-18.859795,-18.859795,0.0
factory_6,thd_vs_drive.csv,2,broadband_hf_db,-81.755768,-81.755768,0.0
factory_6,thd_vs_drive.csv,3,sine_level_db,-6.0,-6.0,0.0
factory_6,thd_vs_drive.csv,3,thd_ratio,0.124835,0.124835,0.0
factory_6,thd_vs_drive.csv,3,thd_db,-18.073252,-18.073252,0.0
factory_6,thd_vs_drive.csv,3,broadband_hf_db,-81.633736,-81.633736,0.0
factory_6,thd_vs_drive.csv,4,sine_level_db,0.0,0.0,0.0
factory_6,thd_vs_drive.csv,4,thd_ratio,0.128392,0.128392,0.0
factory_6,thd_vs_drive.csv,4,thd_db,-17.82926,-17.82926,0.0
factory_6,thd_vs_drive.csv,4,broadband_hf_db,-81.888435,-81.888435,0.0
factory_7,summary.csv,average_tracked_notch_db,value,-5.130714,-5.130714,0.0
factory_7,summary.csv,deepest_tracked_notch_db,value,-7.542665,-7.542665,0.0
factory_7,summary.csv,guitar_broadband_hf_db,value,-80.153458,-80.153458,0.0
factory_7,summary.csv,guitar_lr_correlation,value,1.0,1.0,0.0
factory_7,summary.csv,guitar_mono_fold_db,value,-1e-06,-1e-06,0.0
factory_7,summary.csv,guitar_side_to_mid_db,value,-66.573845,-66.573845,0.0
factory_7,summary.csv,sweep_broadband_hf_db,value,-82.425781,-82.425781,0.0
factory_7,summary.csv,sweep_lr_correlation,value,1.0,1.0,0.0
factory_7,summary.csv,sweep_mono_fold_db,value,-0.0,-0.0,0.0
factory_7,summary.csv,sweep_side_to_mid_db,value,-72.031929,-72.031929,0.0
factory_7,summary.csv,tracked_notch_count,value,10.0,10.0,0.0
factory_7,summary.csv,tracked_notch_high_hz,value,9678.276367,9678.276367,0.0
factory_7,summary.csv,tracked_notch_low_hz,value,26.167307,26.167307,0.0
factory_7,summary.csv,tracked_notch_span_oct,value,8.530841,8.530841,0.0
factory_7,summary.csv,worst_thd_db,value,-22.14879,-22.14879,0.0
factory_7,frequency_response.csv,0,time_s,0.0,0.0,0.0
factory_7,frequency_response.csv,0,freq_hz,20.0,20.0,0.0
factory_7,frequency_response.csv,0,gain_db,-6.968549,-6.968549,0.0
factory_7,frequency_response.csv,1,time_s,0.067227,0.067227,0.0
factory_7,frequency_response.csv,1,freq_hz,21.104536,21.104536,0.0
factory_7,frequency_response.csv,1,gain_db,-6.062389,-6.062389,0.0
factory_7,frequency_response.csv,2,time_s,0.134454,0.134454,0.0
factory_7,frequency_response.csv,2,freq_hz,22.270071,22.270071,0.0
factory_7,frequency_response.csv,2,gain_db,-5.973794,-5.973794,0.0
factory_7,frequency_response.csv,3,time_s,0.201681,0.201681,0.0
factory_7,frequency_response.csv,3,freq_hz,23.499975,23.499975,0.0
factory_7,frequency_response.csv,3,gain_db,-5.830176,-5.830176,0.0
factory_7,frequency_response.csv,4,time_s,0.268908,0.268908,0.0
factory_7,frequency_response.csv,4,freq_hz,24.797804,24.797804,0.0
factory_7,frequency_response.csv,4,gain_db,-4.935129,-4.935129,0.0
factory_7,frequency_response.csv,5,time_s,0.336134,0.336134,0.0
factory_7,frequency_response.csv,5,freq_hz,26.167307,26.167307,0.0
factory_7,frequency_response.csv,5,gain_db,-5.165761,-5.165761,0.0
factory_7,frequency_response.csv,6,time_s,0.403361,0.403361,0.0
factory_7,frequency_response.csv,6,freq_hz,27.612442,27.612442,0.0
factory_7,frequency_response.csv,6,gain_db,-4.427789,-4.427789,0.0
factory_7,frequency_response.csv,7,time_s,0.470588,0.470588,0.0
factory_7,frequency_response.csv,7,freq_hz,29.13739,29.13739,0.0
factory_7,frequency_response.csv,7,gain_db,-4.813778,-4.813778,0.0
factory_7,frequency_response.csv,8,time_s,0.537815,0.537815,0.0
factory_7,frequency_response.csv,8,freq_hz,30.746555,30.746555,0.0
factory_7,frequency_response.csv,8,gain_db,-4.587495,-4.587495,0.0
factory_7,frequency_response.csv,9,time_s,0.605042,0.605042,0.0
factory_7,frequency_response.csv,9,freq_hz,32.444588,32.444588,0.0
factory_7,frequency_response.csv,9,gain_db,-4.442389,-4.442389,0.0
factory_7,frequency_response.csv,10,time_s,0.672269,0.672269,0.0
factory_7,frequency_response.csv,10,freq_hz,34.236401,34.236401,0.0
factory_7,frequency_response.csv,10,gain_db,-4.070929,-4.070929,0.0
factory_7,frequency_response.csv,11,time_s,0.739496,0.739496,0.0
factory_7,frequency_response.csv,11,freq_hz,36.127167,36.127167,0.0
factory_7,frequency_response.csv,11,gain_db,-4.274032,-4.274032,0.0
factory_7,frequency_response.csv,12,time_s,0.806723,0.806723,0.0
factory_7,frequency_response.csv,12,freq_hz,38.122353,38.122353,0.0
factory_7,frequency_response.csv,12,gain_db,-4.124666,-4.124666,0.0
factory_7,frequency_response.csv,13,time_s,0.87395,0.87395,0.0
factory_7,frequency_response.csv,13,freq_hz,40.22773,40.22773,0.0
factory_7,frequency_response.csv,13,gain_db,-3.588397,-3.588397,0.0
factory_7,frequency_response.csv,14,time_s,0.941177,0.941177,0.0
factory_7,frequency_response.csv,14,freq_hz,42.449379,42.449379,0.0
factory_7,frequency_response.csv,14,gain_db,-3.641262,-3.641262,0.0
factory_7,frequency_response.csv,15,time_s,1.008403,1.008403,0.0
factory_7,frequency_response.csv,15,freq_hz,44.79372,44.79372,0.0
factory_7,frequency_response.csv,15,gain_db,-3.331785,-3.331785,0.0
factory_7,frequency_response.csv,16,time_s,1.07563,1.07563,0.0
factory_7,frequency_response.csv,16,freq_hz,47.267536,47.267536,0.0
factory_7,frequency_response.csv,16,gain_db,-3.069258,-3.069258,0.0
factory_7,frequency_response.csv,17,time_s,1.142857,1.142857,0.0
factory_7,frequency_response.csv,17,freq_hz,49.877968,49.877968,0.0
factory_7,frequency_response.csv,17,gain_db,-3.231901,-3.231901,0.0
factory_7,frequency_response.csv,18,time_s,1.210084,1.210084,0.0
factory_7,frequency_response.csv,18,freq_hz,52.632568,52.632568,0.0
factory_7,frequency_response.csv,18,gain_db,-3.060725,-3.060725,0.0
factory_7,frequency_response.csv,19,time_s,1.277311,1.277311,0.0
factory_7,frequency_response.csv,19,freq_hz,55.539299,55.539299,0.0
factory_7,frequency_response.csv,19,gain_db,-3.046351,-3.046351,0.0
factory_7,frequency_response.csv,20,time_s,1.344538,1.344538,0.0
factory_7,frequency_response.csv,20,freq_hz,58.606552,58.606552,0.0
factory_7,frequency_response.csv,20,gain_db,-3.1188,-3.1188,0.0
factory_7,frequency_response.csv,21,time_s,1.411765,1.411765,0.0
factory_7,frequency_response.csv,21,freq_hz,61.843204,61.843204,0.0
factory_7,frequency_response.csv,21,gain_db,-3.366843,-3.366843,0.0
factory_7,frequency_response.csv,22,time_s,1.478992,1.478992,0.0
factory_7,frequency_response.csv,22,freq_hz,65.258606,65.258606,0.0
factory_7,frequency_response.csv,22,gain_db,-3.664793,-3.664793,0.0
factory_7,frequency_response.csv,23,time_s,1.546218,1.546218,0.0
factory_7,frequency_response.csv,23,freq_hz,68.862625,68.862625,0.0
factory_7,frequency_response.csv,23,gain_db,-4.09844,-4.09844,0.0
factory_7,frequency_response.csv,24,time_s,1.613445,1.613445,0.0
factory_7,frequency_response.csv,24,freq_hz,72.665695,72.665695,0.0
factory_7,frequency_response.csv,24,gain_db,-4.418147,-4.418147,0.0
factory_7,frequency_response.csv,25,time_s,1.680672,1.680672,0.0
factory_7,frequency_response.csv,25,freq_hz,76.678787,76.678787,0.0
factory_7,frequency_response.csv,25,gain_db,-4.922929,-4.922929,0.0
factory_7,frequency_response.csv,26,time_s,1.747899,1.747899,0.0
factory_7,frequency_response.csv,26,freq_hz,80.913506,80.913506,0.0
factory_7,frequency_response.csv,26,gain_db,-5.259432,-5.259432,0.0
factory_7,frequency_response.csv,27,time_s,1.815126,1.815126,0.0
factory_7,frequency_response.csv,27,freq_hz,85.382095,85.382095,0.0
factory_7,frequency_response.csv,27,gain_db,-5.693979,-5.693979,0.0
factory_7,frequency_response.csv,28,time_s,1.882353,1.882353,0.0
factory_7,frequency_response.csv,28,freq_hz,90.097488,90.097488,0.0
factory_7,frequency_response.csv,28,gain_db,-6.058855,-6.058855,0.0
factory_7,frequency_response.csv,29,time_s,1.94958,1.94958,0.0
factory_7,frequency_response.csv,29,freq_hz,95.073273,95.073273,0.0
factory_7,frequency_response.csv,29,gain_db,-6.2117,-6.2117,0.0
factory_7,frequency_response.csv,30,time_s,2.016807,2.016807,0.0
factory_7,frequency_response.csv,30,freq_hz,100.323875,100.323875,0.0
factory_7,frequency_response.csv,30,gain_db,-6.422999,-6.422999,0.0
factory_7,frequency_response.csv,31,time_s,2.084034,2.084034,0.0
factory_7,frequency_response.csv,31,freq_hz,105.864441,105.864441,0.0
factory_7,frequency_response.csv,31,gain_db,-6.530859,-6.530859,0.0
factory_7,frequency_response.csv,32,time_s,2.151261,2.151261,0.0
factory_7,frequency_response.csv,32,freq_hz,111.710999,111.710999,0.0
factory_7,frequency_response.csv,32,gain_db,-6.579701,-6.579701,0.0
factory_7,frequency_response.csv,33,time_s,2.218488,2.218488,0.0
factory_7,frequency_response.csv,33,freq_hz,117.880432,117.880432,0.0
factory_7,frequency_response.csv,33,gain_db,-6.559196,-6.559196,0.0
factory_7,frequency_response.csv,34,time_s,2.285714,2.285714,0.0
factory_7,frequency_response.csv,34,freq_hz,124.390594,124.390594,0.0
factory_7,frequency_response.csv,34,gain_db,-6.505471,-6.505471,0.0
factory_7,frequency_response.csv,35,time_s,2.352941,2.352941,0.0
factory_7,frequency_response.csv,35,freq_hz,131.260284,131.260284,0.0
factory_7,frequency_response.csv,35,gain_db,-6.51343,-6.51343,0.0
factory_7,frequency_response.csv,36,time_s,2.420168,2.420168,0.0
factory_7,frequency_response.csv,36,freq_hz,138.509369,138.509369,0.0
factory_7,frequency_response.csv,36,gain_db,-6.439765,-6.439765,0.0
factory_7,frequency_response.csv,37,time_s,2.487395,2.487395,0.0
factory_7,frequency_response.csv,37,freq_hz,146.158783,146.158783,0.0
factory_7,frequency_response.csv,37,gain_db,-6.415239,-6.415239,0.0
factory_7,frequency_response.csv,38,time_s,2.554622,2.554622,0.0
factory_7,frequency_response.csv,38,freq_hz,154.230667,154.230667,0.0
factory_7,frequency_response.csv,38,gain_db,-6.353536,-6.353536,0.0
factory_7,frequency_response.csv,39,time_s,2.621849,2.621849,0.0
factory_7,frequency_response.csv,39,freq_hz,162.748337,162.748337,0.0
factory_7,frequency_response.csv,39,gain_db,-6.424622,-6.424622,0.0
factory_7,frequency_response.csv,40,time_s,2.689076,2.689076,0.0
factory_7,frequency_response.csv,40,freq_hz,171.73642,171.73642,0.0
factory_7,frequency_response.csv,40,gain_db,-6.553102,-6.553102,0.0
factory_7,frequency_response.csv,41,time_s,2.756303,2.756303,0.0
factory_7,frequency_response.csv,41,freq_hz,181.220856,181.220856,0.0
factory_7,frequency_response.csv,41,gain_db,-6.7517,-6.7517,0.0
factory_7,frequency_response.csv,42,time_s,2.823529,2.823529,0.0
factory_7,frequency_response.csv,42,freq_hz,191.229095,191.229095,0.0
factory_7,frequency_response.csv,42,gain_db,-6.941113,-6.941113,0.0
factory_7,frequency_response.csv,43,time_s,2.890756,2.890756,0.0
factory_7,frequency_response.csv,43,freq_hz,201.79007,201.79007,0.0
factory_7,frequency_response.csv,43,gain_db,-7.17756,-7.17756,0.0
factory_7,frequency_response.csv,44,time_s,2.957983,2.957983,0.0
factory_7,frequency_response.csv,44,freq_hz,212.93428,212.93428,0.0
factory_7,frequency_response.csv,44,gain_db,-7.418643,-7.418643,0.0
factory_7,frequency_response.csv,45,time_s,3.02521,3.02521,0.0
factory_7,frequency_response.csv,45,freq_hz,224.69397,224.69397,0.0
factory_7,frequency_response.csv,45,gain_db,-7.542665,-7.542665,0.0
factory_7,frequency_response.csv,46,time_s,3.092437,3.092437,0.0
factory_7,frequency_response.csv,46,freq_hz,237.103104,237.103104,0.0
factory_7,frequency_response.csv,46,gain_db,-7.525014,-7.525014,0.0
factory_7,frequency_response.csv,47,time_s,3.159664,3.159664,0.0
factory_7,frequency_response.csv,47,freq_hz,250.19754,250.19754,0.0
factory_7,frequency_response.csv,47,gain_db,-7.314674,-7.314674,0.0
factory_7,frequency_response.csv,48,time_s,3.226891,3.226891,0.0
factory_7,frequency_response.csv,48,freq_hz,264.015137,264.015137,0.0
factory_7,frequency_response.csv,48,gain_db,-6.949463,-6.949463,0.0
factory_7,frequency_response.csv,49,time_s,3.294118,3.294118,0.0
factory_7,frequency_response.csv,49,freq_hz,278.595856,278.595856,0.0
factory_7,frequency_response.csv,49,gain_db,-6.474257,-6.474257,0.0
factory_7,frequency_response.csv,50,time_s,3.361345,3.361345,0.0
factory_7,frequency_response.csv,50,freq_hz,293.981812,293.981812,0.0
factory_7,frequency_response.csv,50,gain_db,-5.983041,-5.983041,0.0
factory_7,frequency_response.csv,51,time_s,3.428571,3.428571,0.0
factory_7,frequency_response.csv,51,freq_hz,310.217468,310.217468,0.0
factory_7,frequency_response.csv,51,gain_db,-5.50446,-5.50446,0.0
factory_7,frequency_response.csv,52,time_s,3.495798,3.495798,0.0
factory_7,frequency_response.csv,52,freq_hz,327.349792,327.349792,0.0
factory_7,frequency_response.csv,52,gain_db,-5.122757,-5.122757,0.0
factory_7,frequency_response.csv,53,time_s,3.563025,3.563025,0.0
factory_7,frequency_response.csv,53,freq_hz,345.428284,345.428284,0.0
factory_7,frequency_response.csv,53,gain_db,-4.77951,-4.77951,0.0
factory_7,frequency_response.csv,54,time_s,3.630252,3.630252,0.0
factory_7,frequency_response.csv,54,freq_hz,364.505157,364.505157,0.0
factory_7,frequency_response.csv,54,gain_db,-4.525686,-4.525686,0.0
factory_7,frequency_response.csv,55,time_s,3.697479,3.697479,0.0
factory_7,frequency_response.csv,55,freq_hz,384.63562,384.63562,0.0
factory_7,frequency_response.csv,55,gain_db,-4.35864,-4.35864,0.0
factory_7,frequency_response.csv,56,time_s,3.764706,3.764706,0.0
factory_7,frequency_response.csv,56,freq_hz,405.877808,405.877808,0.0
factory_7,frequency_response.csv,56,gain_db,-4.224913,-4.224913,0.0
factory_7,frequency_response.csv,57,time_s,3.831933,3.831933,0.0
factory_7,frequency_response.csv,57,freq_hz,428.293121,428.293121,0.0
factory_7,frequency_response.csv,57,gain_db,-4.145546,-4.145546,0.0
factory_7,frequency_response.csv,58,time_s,3.89916,3.89916,0.0
factory_7,frequency_response.csv,58,freq_hz,451.946381,451.946381,0.0
factory_7,frequency_response.csv,58,gain_db,-4.112835,-4.112835,0.0
factory_7,frequency_response.csv,59,time_s,3.966387,3.966387,0.0
factory_7,frequency_response.csv,59,freq_hz,476.905945,476.905945,0.0
factory_7,frequency_response.csv,59,gain_db,-4.104738,-4.104738,0.0
factory_7,frequency_response.csv,60,time_s,4.033614,4.033614,0.0
factory_7,frequency_response.csv,60,freq_hz,503.244019,503.244019,0.0
factory_7,frequency_response.csv,60,gain_db,-4.147372,-4.147372,0.0
factory_7,frequency_response.csv,61,time_s,4.100841,4.100841,0.0
factory_7,frequency_response.csv,61,freq_hz,531.03656,531.03656,0.0
factory_7,frequency_response.csv,61,gain_db,-4.203367,-4.203367,0.0
factory_7,frequency_response.csv,62,time_s,4.168067,4.168067,0.0
factory_7,frequency_response.csv,62,freq_hz,560.364014,560.364014,0.0
factory_7,frequency_response.csv,62,gain_db,-4.278901,-4.278901,0.0
factory_7,frequency_response.csv,63,time_s,4.235294,4.235294,0.0
factory_7,frequency_response.csv,63,freq_hz,591.311096,591.311096,0.0
factory_7,frequency_response.csv,63,gain_db,-4.351876,-4.351876,0.0
factory_7,frequency_response.csv,64,time_s,4.302521,4.302521,0.0
factory_7,frequency_response.csv,64,freq_hz,623.967346,623.967346,0.0
factory_7,frequency_response.csv,64,gain_db,-4.419238,-4.419238,0.0
factory_7,frequency_response.csv,65,time_s,4.369748,4.369748,0.0
factory_7,frequency_response.csv,65,freq_hz,658.427063,658.427063,0.0
factory_7,frequency_response.csv,65,gain_db,-4.462218,-4.462218,0.0
factory_7,frequency_response.csv,66,time_s,4.436975,4.436975,0.0
factory_7,frequency_response.csv,66,freq_hz,694.789795,694.789795,0.0
factory_7,frequency_response.csv,66,gain_db,-4.433167,-4.433167,0.0
factory_7,frequency_response.csv,67,time_s,4.504202,4.504202,0.0
factory_7,frequency_response.csv,67,freq_hz,733.160889,733.160889,0.0
factory_7,frequency_response.csv,67,gain_db,-4.365098,-4.365098,0.0
factory_7,frequency_response.csv,68,time_s,4.571429,4.571429,0.0
factory_7,frequency_response.csv,68,freq_hz,773.651001,773.651001,0.0
factory_7,frequency_response.csv,68,gain_db,-4.23463,-4.23463,0.0
factory_7,frequency_response.csv,69,time_s,4.638656,4.638656,0.0
factory_7,frequency_response.csv,69,freq_hz,816.377197,816.377197,0.0
factory_7,frequency_response.csv,69,gain_db,-4.061545,-4.061545,0.0
factory_7,frequency_response.csv,70,time_s,4.705883,4.705883,0.0
factory_7,frequency_response.csv,70,freq_hz,861.463074,861.463074,0.0
factory_7,frequency_response.csv,70,gain_db,-3.852294,-3.852294,0.0
factory_7,frequency_response.csv,71,time_s,4.773109,4.773109,0.0
factory_7,frequency_response.csv,71,freq_hz,909.03894,909.03894,0.0
factory_7,frequency_response.csv,71,gain_db,-3.621176,-3.621176,0.0
factory_7,frequency_response.csv,72,time_s,4.840336,4.840336,0.0
factory_7,frequency_response.csv,72,freq_hz,959.242249,959.242249,0.0
factory_7,frequency_response.csv,72,gain_db,-3.400715,-3.400715,0.0
factory_7,frequency_response.csv,73,time_s,4.907563,4.907563,0.0
factory_7,frequency_response.csv,73,freq_hz,1012.218079,1012.218079,0.0
factory_7,frequency_response.csv,73,gain_db,-3.204006,-3.204006,0.0
factory_7,frequency_response.csv,74,time_s,4.97479,4.97479,0.0
factory_7,frequency_response.csv,74,freq_hz,1068.119629,1068.119629,0.0
factory_7,frequency_response.csv,74,gain_db,-3.048113,-3.048113,0.0
factory_7,frequency_response.csv,75,time_s,5.042017,5.042017,0.0
factory_7,frequency_response.csv,75,freq_hz,1127.108398,1127.108398,0.0
factory_7,frequency_response.csv,75,gain_db,-2.930745,-2.930745,0.0
factory_7,frequency_response.csv,76,time_s,5.109244,5.109244,0.0
factory_7,frequency_response.csv,76,freq_hz,1189.355103,1189.355103,0.0
factory_7,frequency_response.csv,76,gain_db,-2.848967,-2.848967,0.0
factory_7,frequency_response.csv,77,time_s,5.176471,5.176471,0.0
factory_7,frequency_response.csv,77,freq_hz,1255.039307,1255.039307,0.0
factory_7,frequency_response.csv,77,gain_db,-2.806182,-2.806182,0.0
factory_7,frequency_response.csv,78,time_s,5.243698,5.243698,0.0
factory_7,frequency_response.csv,78,freq_hz,1324.351074,1324.351074,0.0
factory_7,frequency_response.csv,78,gain_db,-2.782016,-2.782016,0.0
factory_7,frequency_response.csv,79,time_s,5.310925,5.310925,0.0
factory_7,frequency_response.csv,79,freq_hz,1397.490845,1397.490845,0.0
factory_7,frequency_response.csv,79,gain_db,-2.774678,-2.774678,0.0
factory_7,frequency_response.csv,80,time_s,5.378151,5.378151,0.0
factory_7,frequency_response.csv,80,freq_hz,1474.669678,1474.669678,0.0
factory_7,frequency_response.csv,80,gain_db,-2.779985,-2.779985,0.0
factory_7,frequency_response.csv,81,time_s,5.445378,5.445378,0.0
factory_7,frequency_response.csv,81,freq_hz,1556.110962,1556.110962,0.0
factory_7,frequency_response.csv,81,gain_db,-2.792277,-2.792277,0.0
factory_7,frequency_response.csv,82,time_s,5.512605,5.512605,0.0
factory_7,frequency_response.csv,82,freq_hz,1642.050049,1642.050049,0.0
factory_7,frequency_response.csv,82,gain_db,-2.809719,-2.809719,0.0
factory_7,frequency_response.csv,83,time_s,5.579832,5.579832,0.0
factory_7,frequency_response.csv,83,freq_hz,1732.735107,1732.735107,0.0
factory_7,frequency_response.csv,83,gain_db,-2.830485,-2.830485,0.0
factory_7,frequency_response.csv,84,time_s,5.647059,5.647059,0.0
factory_7,frequency_response.csv,84,freq_hz,1828.428467,1828.428467,0.0
factory_7,frequency_response.csv,84,gain_db,-2.853378,-2.853378,0.0
factory_7,frequency_response.csv,85,time_s,5.714286,5.714286,0.0
factory_7,frequency_response.csv,85,freq_hz,1929.406738,1929.406738,0.0
factory_7,frequency_response.csv,85,gain_db,-2.877573,-2.877573,0.0
factory_7,frequency_response.csv,86,time_s,5.781513,5.781513,0.0
factory_7,frequency_response.csv,86,freq_hz,2035.96167,2035.96167,0.0
factory_7,frequency_response.csv,86,gain_db,-2.902421,-2.902421,0.0
factory_7,frequency_response.csv,87,time_s,5.84874,5.84874,0.0
factory_7,frequency_response.csv,87,freq_hz,2148.401367,2148.401367,0.0
factory_7,frequency_response.csv,87,gain_db,-2.928398,-2.928398,0.0
factory_7,frequency_response.csv,88,time_s,5.915967,5.915967,0.0
factory_7,frequency_response.csv,88,freq_hz,2267.050537,2267.050537,0.0
factory_7,frequency_response.csv,88,gain_db,-2.957707,-2.957707,0.0
factory_7,frequency_response.csv,89,time_s,5.983193,5.983193,0.0
factory_7,frequency_response.csv,89,freq_hz,2392.252441,2392.252441,0.0
factory_7,frequency_response.csv,89,gain_db,-2.986157,-2.986157,0.0
factory_7,frequency_response.csv,90,time_s,6.05042,6.05042,0.0
factory_7,frequency_response.csv,90,freq_hz,2524.368896,2524.368896,0.0
factory_7,frequency_response.csv,90,gain_db,-3.016273,-3.016273,0.0
factory_7,frequency_response.csv,91,time_s,6.117647,6.117647,0.0
factory_7,frequency_response.csv,91,freq_hz,2663.781738,2663.781738,0.0
factory_7,frequency_response.csv,91,gain_db,-3.052405,-3.052405,0.0
factory_7,frequency_response.csv,92,time_s,6.184874,6.184874,0.0
factory_7,frequency_response.csv,92,freq_hz,2810.893799,2810.893799,0.0
factory_7,frequency_response.csv,92,gain_db,-3.092674,-3.092674,0.0
factory_7,frequency_response.csv,93,time_s,6.252101,6.252101,0.0
factory_7,frequency_response.csv,93,freq_hz,2966.130371,2966.130371,0.0
factory_7,frequency_response.csv,93,gain_db,-3.140836,-3.140836,0.0
factory_7,frequency_response.csv,94,time_s,6.319328,6.319328,0.0
factory_7,frequency_response.csv,94,freq_hz,3129.94043,3129.94043,0.0
factory_7,frequency_response.csv,94,gain_db,-3.202386,-3.202386,0.0
factory_7,frequency_response.csv,95,time_s,6.386555,6.386555,0.0
factory_7,frequency_response.csv,95,freq_hz,3302.796875,3302.796875,0.0
factory_7,frequency_response.csv,95,gain_db,-3.279794,-3.279794,0.0
factory_7,frequency_response.csv,96,time_s,6.453782,6.453782,0.0
factory_7,frequency_response.csv,96,freq_hz,3485.199951,3485.199951,0.0
factory_7,frequency_response.csv,96,gain_db,-3.370426,-3.370426,0.0
factory_7,frequency_response.csv,97,time_s,6.521008,6.521008,0.0
factory_7,frequency_response.csv,97,freq_hz,3677.676025,3677.676025,0.0
factory_7,frequency_response.csv,97,gain_db,-3.474439,-3.474439,0.0
factory_7,frequency_response.csv,98,time_s,6.588235,6.588235,0.0
factory_7,frequency_response.csv,98,freq_hz,3880.782471,3880.782471,0.0
factory_7,frequency_response.csv,98,gain_db,-3.593555,-3.593555,0.0
factory_7,frequency_response.csv,99,time_s,6.655462,6.655462,0.0
factory_7,frequency_response.csv,99,freq_hz,4095.105469,4095.105469,0.0
factory_7,frequency_response.csv,99,gain_db,-3.723084,-3.723084,0.0
factory_7,frequency_response.csv,100,time_s,6.722689,6.722689,0.0
factory_7,frequency_response.csv,100,freq_hz,4321.265137,4321.265137,0.0
factory_7,frequency_response.csv,100,gain_db,-3.858406,-3.858406,0.0
factory_7,frequency_response.csv,101,time_s,6.789916,6.789916,0.0
factory_7,frequency_response.csv,101,freq_hz,4559.914551,4559.914551,0.0
factory_7,frequency_response.csv,101,gain_db,-3.998995,-3.998995,0.0
factory_7,frequency_response.csv,102,time_s,6.857143,6.857143,0.0
factory_7,frequency_response.csv,102,freq_hz,4811.744141,4811.744141,0.0
factory_7,frequency_response.csv,102,gain_db,-4.13794,-4.13794,0.0
factory_7,frequency_response.csv,103,time_s,6.92437,6.92437,0.0
factory_7,frequency_response.csv,103,freq_hz,5077.481445,5077.481445,0.0
factory_7,frequency_response.csv,103,gain_db,-4.272771,-4.272771,0.0
factory_7,frequency_response.csv,104,time_s,6.991597,6.991597,0.0
factory_7,frequency_response.csv,104,freq_hz,5357.894531,5357.894531,0.0
factory_7,frequency_response.csv,104,gain_db,-4.400192,-4.400192,0.0
factory_7,frequency_response.csv,105,time_s,7.058824,7.058824,0.0
factory_7,frequency_response.csv,105,freq_hz,5653.793457,5653.793457,0.0
factory_7,frequency_response.csv,105,gain_db,-4.52053,-4.52053,0.0
factory_7,frequency_response.csv,106,time_s,7.12605,7.12605,0.0
factory_7,frequency_response.csv,106,freq_hz,5966.034668,5966.034668,0.0
factory_7,frequency_response.csv,106,gain_db,-4.629012,-4.629012,0.0
factory_7,frequency_response.csv,107,time_s,7.193277,7.193277,0.0
factory_7,frequency_response.csv,107,freq_hz,6295.519531,6295.519531,0.0
factory_7,frequency_response.csv,107,gain_db,-4.729295,-4.729295,0.0
factory_7,frequency_response.csv,108,time_s,7.260504,7.260504,0.0
factory_7,frequency_response.csv,108,freq_hz,6643.200684,6643.200684,0.0
factory_7,frequency_response.csv,108,gain_db,-4.817852,-4.817852,0.0
factory_7,frequency_response.csv,109,time_s,7.327731,7.327731,0.0
factory_7,frequency_response.csv,109,freq_hz,7010.083008,7010.083008,0.0
factory_7,frequency_response.csv,109,gain_db,-4.893396,-4.893396,0.0
factory_7,frequency_response.csv,110,time_s,7.394958,7.394958,0.0
factory_7,frequency_response.csv,110,freq_hz,7397.227539,7397.227539,0.0
factory_7,frequency_response.csv,110,gain_db,-4.955595,-4.955595,0.0
factory_7,frequency_response.csv,111,time_s,7.462185,7.462185,0.0
factory_7,frequency_response.csv,111,freq_hz,7805.752441,7805.752441,0.0
factory_7,frequency_response.csv,111,gain_db,-5.005276,-5.005276,0.0
factory_7,frequency_response.csv,112,time_s,7.529412,7.529412,0.0
factory_7,frequency_response.csv,112,freq_hz,8236.839844,8236.839844,0.0
factory_7,frequency_response.csv,112,gain_db,-5.041606,-5.041606,0.0
factory_7,frequency_response.csv,113,time_s,7.596639,7.596639,0.0
factory_7,frequency_response.csv,113,freq_hz,8691.733398,8691.733398,0.0
factory_7,frequency_response.csv,113,gain_db,-5.066244,-5.066244,0.0
factory_7,frequency_response.csv,114,time_s,7.663866,7.663866,0.0
factory_7,frequency_response.csv,114,freq_hz,9171.75,9171.75,0.0
factory_7,frequency_response.csv,114,gain_db,-5.079761,-5.079761,0.0
factory_7,frequency_response.csv,115,time_s,7.731092,7.731092,0.0
factory_7,frequency_response.csv,115,freq_hz,9678.276367,9678.276367,0.0
factory_7,frequency_response.csv,115,gain_db,-5.082393,-5.082393,0.0
factory_7,frequency_response.csv,116,time_s,7.798319,7.798319,0.0
factory_7,frequency_response.csv,116,freq_hz,10212.776367,10212.776367,0.0
factory_7,frequency_response.csv,116,gain_db,-5.077137,-5.077137,0.0
factory_7,frequency_response.csv,117,time_s,7.865546,7.865546,0.0
factory_7,frequency_response.csv,117,freq_hz,10776.795898,10776.795898,0.0
factory_7,frequency_response.csv,117,gain_db,-5.063018,-5.063018,0.0
factory_7,frequency_response.csv,118,time_s,7.932773,7.932773,0.0
factory_7,frequency_response.csv,118,freq_hz,11371.962891,11371.962891,0.0
factory_7,frequency_response.csv,118,gain_db,-5.043573,-5.043573,0.0
factory_7,frequency_response.csv,119,time_s,8.0,8.0,0.0
factory_7,frequency_response.csv,119,freq_hz,12000.0,12000.0,0.0
factory_7,frequency_response.csv,119,gain_db,-5.025153,-5.025153,0.0
factory_7,notch_tracking.csv,0,time_s,0.336134,0.336134,0.0
factory_7,notch_tracking.csv,0,freq_hz,26.167307,26.167307,0.0
factory_7,notch_tracking.csv,0,notch_depth_db,-5.165761,-5.165761,0.0
factory_7,notch_tracking.csv,1,time_s,0.470588,0.470588,0.0
factory_7,notch_tracking.csv,1,freq_hz,29.13739,29.13739,0.0
factory_7,notch_tracking.csv,1,notch_depth_db,-4.813778,-4.813778,0.0
factory_7,notch_tracking.csv,2,time_s,0.739496,0.739496,0.0
factory_7,notch_tracking.csv,2,freq_hz,36.127167,36.127167,0.0
factory_7,notch_tracking.csv,2,notch_depth_db,-4.274032,-4.274032,0.0
factory_7,notch_tracking.csv,3,time_s,0.941177,0.941177,0.0
factory_7,notch_tracking.csv,3,freq_hz,42.449379,42.449379,0.0
factory_7,notch_tracking.csv,3,notch_depth_db,-3.641262,-3.641262,0.0
factory_7,notch_tracking.csv,4,time_s,1.142857,1.142857,0.0
factory_7,notch_tracking.csv,4,freq_hz,49.877968,49.877968,0.0
factory_7,notch_tracking.csv,4,notch_depth_db,-3.231901,-3.231901,0.0
factory_7,notch_tracking.csv,5,time_s,2.151261,2.151261,0.0
factory_7,notch_tracking.csv,5,freq_hz,111.710999,111.710999,0.0
factory_7,notch_tracking.csv,5,notch_depth_db,-6.579701,-6.579701,0.0
factory_7,notch_tracking.csv,6,time_s,2.352941,2.352941,0.0
factory_7,notch_tracking.csv,6,freq_hz,131.260284,131.260284,0.0
factory_7,notch_tracking.csv,6,notch_depth_db,-6.51343,-6.51343,0.0
factory_7,notch_tracking.csv,7,time_s,3.02521,3.02521,0.0
factory_7,notch_tracking.csv,7,freq_hz,224.69397,224.69397,0.0
factory_7,notch_tracking.csv,7,notch_depth_db,-7.542665,-7.542665,0.0
factory_7,notch_tracking.csv,8,time_s,4.369748,4.369748,0.0
factory_7,notch_tracking.csv,8,freq_hz,658.427063,658.427063,0.0
factory_7,notch_tracking.csv,8,notch_depth_db,-4.462218,-4.462218,0.0
factory_7,notch_tracking.csv,9,time_s,7.731092,7.731092,0.0
factory_7,notch_tracking.csv,9,freq_hz,9678.276367,9678.276367,0.0
factory_7,notch_tracking.csv,9,notch_depth_db,-5.082393,-5.082393,0.0
factory_7,thd_vs_drive.csv,0,sine_level_db,-24.0,-24.0,0.0
factory_7,thd_vs_drive.csv,0,thd_ratio,0.000279,0.000279,0.0
factory_7,thd_vs_drive.csv,0,thd_db,-71.098701,-71.098701,0.0
factory_7,thd_vs_drive.csv,0,broadband_hf_db,-82.683617,-82.683617,0.0
factory_7,thd_vs_drive.csv,1,sine_level_db,-18.0,-18.0,0.0
factory_7,thd_vs_drive.csv,1,thd_ratio,0.001154,0.001154,0.0
factory_7,thd_vs_drive.csv,1,thd_db,-58.75869,-58.75869,0.0
factory_7,thd_vs_drive.csv,1,broadband_hf_db,-82.681305,-82.681305,0.0
factory_7,thd_vs_drive.csv,2,sine_level_db,-12.0,-12.0,0.0
factory_7,thd_vs_drive.csv,2,thd_ratio,0.005156,0.005156,0.0
factory_7,thd_vs_drive.csv,2,thd_db,-45.754143,-45.754143,0.0
factory_7,thd_vs_drive.csv,2,broadband_hf_db,-82.676521,-82.676521,0.0
factory_7,thd_vs_drive.csv,3,sine_level_db,-6.0,-6.0,0.0
factory_7,thd_vs_drive.csv,3,thd_ratio,0.02283,0.02283,0.0
factory_7,thd_vs_drive.csv,3,thd_db,-32.830013,-32.830013,0.0
factory_7,thd_vs_drive.csv,3,broadband_hf_db,-82.684395,-82.684395,0.0
factory_7,thd_vs_drive.csv,4,sine_level_db,0.0,0.0,0.0
factory_7,thd_vs_drive.csv,4,thd_ratio,0.078084,0.078084,0.0
factory_7,thd_vs_drive.csv,4,thd_db,-22.14879,-22.14879,0.0
factory_7,thd_vs_drive.csv,4,broadband_hf_db,-82.55275,-82.55275,0.0
factory_8,summary.csv,average_tracked_notch_db,value,-4.69257,-4.69257,0.0
factory_8,summary.csv,deepest_tracked_notch_db,value,-7.977113,-7.977113,0.0
factory_8,summary.csv,guitar_broadband_hf_db,value,-80.578033,-80.578033,0.0
factory_8,summary.csv,guitar_lr_correlation,value,0.999999,0.999999,0.0
factory_8,summary.csv,guitar_mono_fold_db,value,-2e-06,-2e-06,0.0
factory_8,summary.csv,guitar_side_to_mid_db,value,-63.001274,-63.001274,0.0
factory_8,summary.csv,sweep_broadband_hf_db,value,-82.513794,-82.513794,0.0
factory_8,summary.csv,sweep_lr_correlation,value,0.999999,0.999999,0.0
factory_8,summary.csv,sweep_mono_fold_db,value,-1e-06,-1e-06,0.0
factory_8,summary.csv,sweep_side_to_mid_db,value,-65.707809,-65.707809,0.0
factory_8,summary.csv,tracked_notch_count,value,36.0,36.0,0.0
factory_8,summary.csv,tracked_notch_high_hz,value,10776.795898,10776.795898,0.0
factory_8,summary.csv,tracked_notch_low_hz,value,22.270071,22.270071,0.0
factory_8,summary.csv,tracked_notch_span_oct,value,8.918607,8.918607,0.0
factory_8,summary.csv,worst_thd_db,value,-19.977819,-19.977819,0.0
factory_8,frequency_response.csv,0,time_s,0.0,0.0,0.0
factory_8,frequency_response.csv,0,freq_hz,20.0,20.0,0.0
factory_8,frequency_response.csv,0,gain_db,-7.064318,-7.064318,0.0
factory_8,frequency_response.csv,1,time_s,0.067227,0.067227,0.0
factory_8,frequency_response.csv,1,freq_hz,21.104536,21.104536,0.0
factory_8,frequency_response.csv,1,gain_db,-6.360902,-6.360902,0.0
factory_8,frequency_response.csv,2,time_s,0.134454,0.134454,0.0
factory_8,frequency_response.csv,2,freq_hz,22.270071,22.270071,0.0
factory_8,frequency_response.csv,2,gain_db,-6.63254,-6.63254,0.0
factory_8,frequency_response.csv,3,time_s,0.201681,0.201681,0.0
factory_8,frequency_response.csv,3,freq_hz,23.499975,23.499975,0.0
factory_8,frequency_response.csv,3,gain_db,-6.546439,-6.546439,0.0
factory_8,frequency_response.csv,4,time_s,0.268908,0.268908,0.0
factory_8,frequency_response.csv,4,freq_hz,24.797804,24.797804,0.0
factory_8,frequency_response.csv,4,gain_db,-5.072081,-5.072081,0.0
factory_8,frequency_response.csv,5,time_s,0.336134,0.336134,0.0
factory_8,frequency_response.csv,5,freq_hz,26.167307,26.167307,0.0
factory_8,frequency_response.csv,5,gain_db,-6.399443,-6.399443,0.0
factory_8,frequency_response.csv,6,time_s,0.403361,0.403361,0.0
factory_8,frequency_response.csv,6,freq_hz,27.612442,27.612442,0.0
factory_8,frequency_response.csv,6,gain_db,-5.230215,-5.230215,0.0
factory_8,frequency_response.csv,7,time_s,0.470588,0.470588,0.0
factory_8,frequency_response.csv,7,freq_hz,29.13739,29.13739,0.0
factory_8,frequency_response.csv,7,gain_db,-4.150021,-4.150021,0.0
factory_8,frequency_response.csv,8,time_s,0.537815,0.537815,0.0
factory_8,frequency_response.csv,8,freq_hz,30.746555,30.746555,0.0
factory_8,frequency_response.csv,8,gain_db,-5.216749,-5.216749,0.0
factory_8,frequency_response.csv,9,time_s,0.605042,0.605042,0.0
factory_8,frequency_response.csv,9,freq_hz,32.444588,32.444588,0.0
factory_8,frequency_response.csv,9,gain_db,-4.775354,-4.775354,0.0
factory_8,frequency_response.csv,10,time_s,0.672269,0.672269,0.0
factory_8,frequency_response.csv,10,freq_hz,34.236401,34.236401,0.0
factory_8,frequency_response.csv,10,gain_db,-2.941923,-2.941923,0.0
factory_8,frequency_response.csv,11,time_s,0.739496,0.739496,0.0
factory_8,frequency_response.csv,11,freq_hz,36.127167,36.127167,0.0
factory_8,frequency_response.csv,11,gain_db,-3.733414,-3.733414,0.0
factory_8,frequency_response.csv,12,time_s,0.806723,0.806723,0.0
factory_8,frequency_response.csv,12,freq_hz,38.122353,38.122353,0.0
factory_8,frequency_response.csv,12,gain_db,-3.998451,-3.998451,0.0
factory_8,frequency_response.csv,13,time_s,0.87395,0.87395,0.0
factory_8,frequency_response.csv,13,freq_hz,40.22773,40.22773,0.0
factory_8,frequency_response.csv,13,gain_db,-2.434829,-2.434829,0.0
factory_8,frequency_response.csv,14,time_s,0.941177,0.941177,0.0
factory_8,frequency_response.csv,14,freq_hz,42.449379,42.449379,0.0
factory_8,frequency_response.csv,14,gain_db,-2.596395,-2.596395,0.0
factory_8,frequency_response.csv,15,time_s,1.008403,1.008403,0.0
factory_8,frequency_response.csv,15,freq_hz,44.79372,44.79372,0.0
factory_8,frequency_response.csv,15,gain_db,-2.911488,-2.911488,0.0
factory_8,frequency_response.csv,16,time_s,1.07563,1.07563,0.0
factory_8,frequency_response.csv,16,freq_hz,47.267536,47.267536,0.0
factory_8,frequency_response.csv,16,gain_db,-2.212896,-2.212896,0.0
factory_8,frequency_response.csv,17,time_s,1.142857,1.142857,0.0
factory_8,frequency_response.csv,17,freq_hz,49.877968,49.877968,0.0
factory_8,frequency_response.csv,17,gain_db,-2.45538,-2.45538,0.0
factory_8,frequency_response.csv,18,time_s,1.210084,1.210084,0.0
factory_8,frequency_response.csv,18,freq_hz,52.632568,52.632568,0.0
factory_8,frequency_response.csv,18,gain_db,-2.484311,-2.484311,0.0
factory_8,frequency_response.csv,19,time_s,1.277311,1.277311,0.0
factory_8,frequency_response.csv,19,freq_hz,55.539299,55.539299,0.0
factory_8,frequency_response.csv,19,gain_db,-2.309425,-2.309425,0.0
factory_8,frequency_response.csv,20,time_s,1.344538,1.344538,0.0
factory_8,frequency_response.csv,20,freq_hz,58.606552,58.606552,0.0
factory_8,frequency_response.csv,20,gain_db,-2.752175,-2.752175,0.0
factory_8,frequency_response.csv,21,time_s,1.411765,1.411765,0.0
factory_8,frequency_response.csv,21,freq_hz,61.843204,61.843204,0.0
factory_8,frequency_response.csv,21,gain_db,-2.198657,-2.198657,0.0
factory_8,frequency_response.csv,22,time_s,1.478992,1.478992,0.0
factory_8,frequency_response.csv,22,freq_hz,65.258606,65.258606,0.0
factory_8,frequency_response.csv,22,gain_db,-2.268553,-2.268553,0.0
factory_8,frequency_response.csv,23,time_s,1.546218,1.546218,0.0
factory_8,frequency_response.csv,23,freq_hz,68.862625,68.862625,0.0
factory_8,frequency_response.csv,23,gain_db,-3.414437,-3.414437,0.0
factory_8,frequency_response.csv,24,time_s,1.613445,1.613445,0.0
factory_8,frequency_response.csv,24,freq_hz,72.665695,72.665695,0.0
factory_8,frequency_response.csv,24,gain_db,-2.587481,-2.587481,0.0
factory_8,frequency_response.csv,25,time_s,1.680672,1.680672,0.0
factory_8,frequency_response.csv,25,freq_hz,76.678787,76.678787,0.0
factory_8,frequency_response.csv,25,gain_db,-2.428463,-2.428463,0.0
factory_8,frequency_response.csv,26,time_s,1.747899,1.747899,0.0
factory_8,frequency_response.csv,26,freq_hz,80.913506,80.913506,0.0
factory_8,frequency_response.csv,26,gain_db,-3.87652,-3.87652,0.0
factory_8,frequency_response.csv,27,time_s,1.815126,1.815126,0.0
factory_8,frequency_response.csv,27,freq_hz,85.382095,85.382095,0.0
factory_8,frequency_response.csv,27,gain_db,-3.567276,-3.567276,0.0
factory_8,frequency_response.csv,28,time_s,1.882353,1.882353,0.0
factory_8,frequency_response.csv,28,freq_hz,90.097488,90.097488,0.0
factory_8,frequency_response.csv,28,gain_db,-2.781172,-2.781172,0.0
factory_8,frequency_response.csv,29,time_s,1.94958,1.94958,0.0
factory_8,frequency_response.csv,29,freq_hz,95.073273,95.073273,0.0
factory_8,frequency_response.csv,29,gain_db,-4.392125,-4.392125,0.0
factory_8,frequency_response.csv,30,time_s,2.016807,2.016807,0.0
factory_8,frequency_response.csv,30,freq_hz,100.323875,100.323875,0.0
factory_8,frequency_response.csv,30,gain_db,-5.160048,-5.160048,0.0
factory_8,frequency_response.csv,31,time_s,2.084034,2.084034,0.0
factory_8,frequency_response.csv,31,freq_hz,105.864441,105.864441,0.0
factory_8,frequency_response.csv,31,gain_db,-3.35912,-3.35912,0.0
factory_8,frequency_response.csv,32,time_s,2.151261,2.151261,0.0
factory_8,frequency_response.csv,32,freq_hz,111.710999,111.710999,0.0
factory_8,frequency_response.csv,32,gain_db,-4.917693,-4.917693,0.0
factory_8,frequency_response.csv,33,time_s,2.218488,2.218488,0.0
factory_8,frequency_response.csv,33,freq_hz,117.880432,117.880432,0.0
factory_8,frequency_response.csv,33,gain_db,-6.700149,-6.700149,0.0
factory_8,frequency_response.csv,34,time_s,2.285714,2.285714,0.0
factory_8,frequency_response.csv,34,freq_hz,124.390594,124.390594,0.0
factory_8,frequency_response.csv,34,gain_db,-4.273201,-4.273201,0.0
factory_8,frequency_response.csv,35,time_s,2.352941,2.352941,0.0
factory_8,frequency_response.csv,35,freq_hz,131.260284,131.260284,0.0
factory_8,frequency_response.csv,35,gain_db,-5.32242,-5.32242,0.0
factory_8,frequency_response.csv,36,time_s,2.420168,2.420168,0.0
factory_8,frequency_response.csv,36,freq_hz,138.509369,138.509369,0.0
factory_8,frequency_response.csv,36,gain_db,-7.696198,-7.696198,0.0
factory_8,frequency_response.csv,37,time_s,2.487395,2.487395,0.0
factory_8,frequency_response.csv,37,freq_hz,146.158783,146.158783,0.0
factory_8,frequency_response.csv,37,gain_db,-5.796505,-5.796505,0.0
factory_8,frequency_response.csv,38,time_s,2.554622,2.554622,0.0
factory_8,frequency_response.csv,38,freq_hz,154.230667,154.230667,0.0
factory_8,frequency_response.csv,38,gain_db,-5.768759,-5.768759,0.0
factory_8,frequency_response.csv,39,time_s,2.621849,2.621849,0.0
factory_8,frequency_response.csv,39,freq_hz,162.748337,162.748337,0.0
factory_8,frequency_response.csv,39,gain_db,-7.977113,-7.977113,0.0
factory_8,frequency_response.csv,40,time_s,2.689076,2.689076,0.0
factory_8,frequency_response.csv,40,freq_hz,171.73642,171.73642,0.0
factory_8,frequency_response.csv,40,gain_db,-7.383942,-7.383942,0.0
factory_8,frequency_response.csv,41,time_s,2.756303,2.756303,0.0
factory_8,frequency_response.csv,41,freq_hz,181.220856,181.220856,0.0
factory_8,frequency_response.csv,41,gain_db,-6.493673,-6.493673,0.0
factory_8,frequency_response.csv,42,time_s,2.823529,2.823529,0.0
factory_8,frequency_response.csv,42,freq_hz,191.229095,191.229095,0.0
factory_8,frequency_response.csv,42,gain_db,-7.961032,-7.961032,0.0
factory_8,frequency_response.csv,43,time_s,2.890756,2.890756,0.0
factory_8,frequency_response.csv,43,freq_hz,201.79007,201.79007,0.0
factory_8,frequency_response.csv,43,gain_db,-7.891286,-7.891286,0.0
factory_8,frequency_response.csv,44,time_s,2.957983,2.957983,0.0
factory_8,frequency_response.csv,44,freq_hz,212.93428,212.93428,0.0
factory_8,frequency_response.csv,44,gain_db,-7.255366,-7.255366,0.0
factory_8,frequency_response.csv,45,time_s,3.02521,3.02521,0.0
factory_8,frequency_response.csv,45,freq_hz,224.69397,224.69397,0.0
factory_8,frequency_response.csv,45,gain_db,-7.874599,-7.874599,0.0
factory_8,frequency_response.csv,46,time_s,3.092437,3.092437,0.0
factory_8,frequency_response.csv,46,freq_hz,237.103104,237.103104,0.0
factory_8,frequency_response.csv,46,gain_db,-6.959544,-6.959544,0.0
factory_8,frequency_response.csv,47,time_s,3.159664,3.159664,0.0
factory_8,frequency_response.csv,47,freq_hz,250.19754,250.19754,0.0
factory_8,frequency_response.csv,47,gain_db,-7.921288,-7.921288,0.0
factory_8,frequency_response.csv,48,time_s,3.226891,3.226891,0.0
factory_8,frequency_response.csv,48,freq_hz,264.015137,264.015137,0.0
factory_8,frequency_response.csv,48,gain_db,-7.804865,-7.804865,0.0
factory_8,frequency_response.csv,49,time_s,3.294118,3.294118,0.0
factory_8,frequency_response.csv,49,freq_hz,278.595856,278.595856,0.0
factory_8,frequency_response.csv,49,gain_db,-5.851201,-5.851201,0.0
factory_8,frequency_response.csv,50,time_s,3.361345,3.361345,0.0
factory_8,frequency_response.csv,50,freq_hz,293.981812,293.981812,0.0
factory_8,frequency_response.csv,50,gain_db,-7.813655,-7.813655,0.0
factory_8,frequency_response.csv,51,time_s,3.428571,3.428571,0.0
factory_8,frequency_response.csv,51,freq_hz,310.217468,310.217468,0.0
factory_8,frequency_response.csv,51,gain_db,-7.663936,-7.663936,0.0
factory_8,frequency_response.csv,52,time_s,3.495798,3.495798,0.0
factory_8,frequency_response.csv,52,freq_hz,327.349792,327.349792,0.0
factory_8,frequency_response.csv,52,gain_db,-5.134583,-5.134583,0.0
factory_8,frequency_response.csv,53,time_s,3.563025,3.563025,0.0
factory_8,frequency_response.csv,53,freq_hz,345.428284,345.428284,0.0
factory_8,frequency_response.csv,53,gain_db,-6.527127,-6.527127,0.0
factory_8,frequency_response.csv,54,time_s,3.630252,3.630252,0.0
factory_8,frequency_response.csv,54,freq_hz,364.505157,364.505157,0.0
factory_8,frequency_response.csv,54,gain_db,-7.397616,-7.397616,0.0
factory_8,frequency_response.csv,55,time_s,3.697479,3.697479,0.0
factory_8,frequency_response.csv,55,freq_hz,384.63562,384.63562,0.0
factory_8,frequency_response.csv,55,gain_db,-4.772388,-4.772388,0.0
factory_8,frequency_response.csv,56,time_s,3.764706,3.764706,0.0
factory_8,frequency_response.csv,56,freq_hz,405.877808,405.877808,0.0
factory_8,frequency_response.csv,56,gain_db,-4.909126,-4.909126,0.0
factory_8,frequency_response.csv,57,time_s,3.831933,3.831933,0.0
factory_8,frequency_response.csv,57,freq_hz,428.293121,428.293121,0.0
factory_8,frequency_response.csv,57,gain_db,-6.849322,-6.849322,0.0
factory_8,frequency_response.csv,58,time_s,3.89916,3.89916,0.0
factory_8,frequency_response.csv,58,freq_hz,451.946381,451.946381,0.0
factory_8,frequency_response.csv,58,gain_db,-4.522329,-4.522329,0.0
factory_8,frequency_response.csv,59,time_s,3.966387,3.966387,0.0
factory_8,frequency_response.csv,59,freq_hz,476.905945,476.905945,0.0
factory_8,frequency_response.csv,59,gain_db,-3.638989,-3.638989,0.0
factory_8,frequency_response.csv,60,time_s,4.033614,4.033614,0.0
factory_8,frequency_response.csv,60,freq_hz,503.244019,503.244019,0.0
factory_8,frequency_response.csv,60,gain_db,-5.943214,-5.943214,0.0
factory_8,frequency_response.csv,61,time_s,4.100841,4.100841,0.0
factory_8,frequency_response.csv,61,freq_hz,531.03656,531.03656,0.0
factory_8,frequency_response.csv,61,gain_db,-4.374,-4.374,0.0
factory_8,frequency_response.csv,62,time_s,4.168067,4.168067,0.0
factory_8,frequency_response.csv,62,freq_hz,560.364014,560.364014,0.0
factory_8,frequency_response.csv,62,gain_db,-2.944817,-2.944817,0.0
factory_8,frequency_response.csv,63,time_s,4.235294,4.235294,0.0
factory_8,frequency_response.csv,63,freq_hz,591.311096,591.311096,0.0
factory_8,frequency_response.csv,63,gain_db,-4.731149,-4.731149,0.0
factory_8,frequency_response.csv,64,time_s,4.302521,4.302521,0.0
factory_8,frequency_response.csv,64,freq_hz,623.967346,623.967346,0.0
factory_8,frequency_response.csv,64,gain_db,-4.183767,-4.183767,0.0
factory_8,frequency_response.csv,65,time_s,4.369748,4.369748,0.0
factory_8,frequency_response.csv,65,freq_hz,658.427063,658.427063,0.0
factory_8,frequency_response.csv,65,gain_db,-2.590248,-2.590248,0.0
factory_8,frequency_response.csv,66,time_s,4.436975,4.436975,0.0
factory_8,frequency_response.csv,66,freq_hz,694.789795,694.789795,0.0
factory_8,frequency_response.csv,66,gain_db,-3.500641,-3.500641,0.0
factory_8,frequency_response.csv,67,time_s,4.504202,4.504202,0.0
factory_8,frequency_response.csv,67,freq_hz,733.160889,733.160889,0.0
factory_8,frequency_response.csv,67,gain_db,-3.869128,-3.869128,0.0
factory_8,frequency_response.csv,68,time_s,4.571429,4.571429,0.0
factory_8,frequency_response.csv,68,freq_hz,773.651001,773.651001,0.0
factory_8,frequency_response.csv,68,gain_db,-2.406221,-2.406221,0.0
factory_8,frequency_response.csv,69,time_s,4.638656,4.638656,0.0
factory_8,frequency_response.csv,69,freq_hz,816.377197,816.377197,0.0
factory_8,frequency_response.csv,69,gain_db,-2.609772,-2.609772,0.0
factory_8,frequency_response.csv,70,time_s,4.705883,4.705883,0.0
factory_8,frequency_response.csv,70,freq_hz,861.463074,861.463074,0.0
factory_8,frequency_response.csv,70,gain_db,-3.43084,-3.43084,0.0
factory_8,frequency_response.csv,71,time_s,4.773109,4.773109,0.0
factory_8,frequency_response.csv,71,freq_hz,909.03894,909.03894,0.0
factory_8,frequency_response.csv,71,gain_db,-2.288543,-2.288543,0.0
factory_8,frequency_response.csv,72,time_s,4.840336,4.840336,0.0
factory_8,frequency_response.csv,72,freq_hz,959.242249,959.242249,0.0
factory_8,frequency_response.csv,72,gain_db,-2.095658,-2.095658,0.0
factory_8,frequency_response.csv,73,time_s,4.907563,4.907563,0.0
factory_8,frequency_response.csv,73,freq_hz,1012.218079,1012.218079,0.0
factory_8,frequency_response.csv,73,gain_db,-2.901786,-2.901786,0.0
factory_8,frequency_response.csv,74,time_s,4.97479,4.97479,0.0
factory_8,frequency_response.csv,74,freq_hz,1068.119629,1068.119629,0.0
factory_8,frequency_response.csv,74,gain_db,-2.218715,-2.218715,0.0
factory_8,frequency_response.csv,75,time_s,5.042017,5.042017,0.0
factory_8,frequency_response.csv,75,freq_hz,1127.108398,1127.108398,0.0
factory_8,frequency_response.csv,75,gain_db,-1.887686,-1.887686,0.0
factory_8,frequency_response.csv,76,time_s,5.109244,5.109244,0.0
factory_8,frequency_response.csv,76,freq_hz,1189.355103,1189.355103,0.0
factory_8,frequency_response.csv,76,gain_db,-2.382665,-2.382665,0.0
factory_8,frequency_response.csv,77,time_s,5.176471,5.176471,0.0
factory_8,frequency_response.csv,77,freq_hz,1255.039307,1255.039307,0.0
factory_8,frequency_response.csv,77,gain_db,-2.134761,-2.134761,0.0
factory_8,frequency_response.csv,78,time_s,5.243698,5.243698,0.0
factory_8,frequency_response.csv,78,freq_hz,1324.351074,1324.351074,0.0
factory_8,frequency_response.csv,78,gain_db,-1.820245,-1.820245,0.0
factory_8,frequency_response.csv,79,time_s,5.310925,5.310925,0.0
factory_8,frequency_response.csv,79,freq_hz,1397.490845,1397.490845,0.0
factory_8,frequency_response.csv,79,gain_db,-2.015137,-2.015137,0.0
factory_8,frequency_response.csv,80,time_s,5.378151,5.378151,0.0
factory_8,frequency_response.csv,80,freq_hz,1474.669678,1474.669678,0.0
factory_8,frequency_response.csv,80,gain_db,-2.034417,-2.034417,0.0
factory_8,frequency_response.csv,81,time_s,5.445378,5.445378,0.0
factory_8,frequency_response.csv,81,freq_hz,1556.110962,1556.110962,0.0
factory_8,frequency_response.csv,81,gain_db,-1.821642,-1.821642,0.0
factory_8,frequency_response.csv,82,time_s,5.512605,5.512605,0.0
factory_8,frequency_response.csv,82,freq_hz,1642.050049,1642.050049,0.0
factory_8,frequency_response.csv,82,gain_db,-1.856288,-1.856288,0.0
factory_8,frequency_response.csv,83,time_s,5.579832,5.579832,0.0
factory_8,frequency_response.csv,83,freq_hz,1732.735107,1732.735107,0.0
factory_8,frequency_response.csv,83,gain_db,-1.943034,-1.943034,0.0
factory_8,frequency_response.csv,84,time_s,5.647059,5.647059,0.0
factory_8,frequency_response.csv,84,freq_hz,1828.428467,1828.428467,0.0
factory_8,frequency_response.csv,84,gain_db,-1.857782,-1.857782,0.0
factory_8,frequency_response.csv,85,time_s,5.714286,5.714286,0.0
factory_8,frequency_response.csv,85,freq_hz,1929.406738,1929.406738,0.0
factory_8,frequency_response.csv,85,gain_db,-1.880266,-1.880266,0.0
factory_8,frequency_response.csv,86,time_s,5.781513,5.781513,0.0
factory_8,frequency_response.csv,86,freq_hz,2035.96167,2035.96167,0.0
factory_8,frequency_response.csv,86,gain_db,-1.901801,-1.901801,0.0
factory_8,frequency_response.csv,87,time_s,5.84874,5.84874,0.0
factory_8,frequency_response.csv,87,freq_hz,2148.401367,2148.401367,0.0
factory_8,frequency_response.csv,87,gain_db,-1.926806,-1.926806,0.0
factory_8,frequency_response.csv,88,time_s,5.915967,5.915967,0.0
factory_8,frequency_response.csv,88,freq_hz,2267.050537,2267.050537,0.0
factory_8,frequency_response.csv,88,gain_db,-2.016505,-2.016505,0.0
factory_8,frequency_response.csv,89,time_s,5.983193,5.983193,0.0
factory_8,frequency_response.csv,89,freq_hz,2392.252441,2392.252441,0.0
factory_8,frequency_response.csv,89,gain_db,-1.954693,-1.954693,0.0
factory_8,frequency_response.csv,90,time_s,6.05042,6.05042,0.0
factory_8,frequency_response.csv,90,freq_hz,2524.368896,2524.368896,0.0
factory_8,frequency_response.csv,90,gain_db,-2.035398,-2.035398,0.0
factory_8,frequency_response.csv,91,time_s,6.117647,6.117647,0.0
factory_8,frequency_response.csv,91,freq_hz,2663.781738,2663.781738,0.0
factory_8,frequency_response.csv,91,gain_db,-2.211511,-2.211511,0.0
factory_8,frequency_response.csv,92,time_s,6.184874,6.184874,0.0
factory_8,frequency_response.csv,92,freq_hz,2810.893799,2810.893799,0.0
factory_8,frequency_response.csv,92,gain_db,-2.136587,-2.136587,0.0
factory_8,frequency_response.csv,93,time_s,6.252101,6.252101,0.0
factory_8,frequency_response.csv,93,freq_hz,2966.130371,2966.130371,0.0
factory_8,frequency_response.csv,93,gain_db,-2.200815,-2.200815,0.0
factory_8,frequency_response.csv,94,time_s,6.319328,6.319328,0.0
factory_8,frequency_response.csv,94,freq_hz,3129.94043,3129.94043,0.0
factory_8,frequency_response.csv,94,gain_db,-2.45126,-2.45126,0.0
factory_8,frequency_response.csv,95,time_s,6.386555,6.386555,0.0
factory_8,frequency_response.csv,95,freq_hz,3302.796875,3302.796875,0.0
factory_8,frequency_response.csv,95,gain_db,-2.448747,-2.448747,0.0
factory_8,frequency_response.csv,96,time_s,6.453782,6.453782,0.0
factory_8,frequency_response.csv,96,freq_hz,3485.199951,3485.199951,0.0
factory_8,frequency_response.csv,96,gain_db,-2.450145,-2.450145,0.0
factory_8,frequency_response.csv,97,time_s,6.521008,6.521008,0.0
factory_8,frequency_response.csv,97,freq_hz,3677.676025,3677.676025,0.0
factory_8,frequency_response.csv,97,gain_db,-2.74641,-2.74641,0.0
factory_8,frequency_response.csv,98,time_s,6.588235,6.588235,0.0
factory_8,frequency_response.csv,98,freq_hz,3880.782471,3880.782471,0.0
factory_8,frequency_response.csv,98,gain_db,-2.859121,-2.859121,0.0
factory_8,frequency_response.csv,99,time_s,6.655462,6.655462,0.0
factory_8,frequency_response.csv,99,freq_hz,4095.105469,4095.105469,0.0
factory_8,frequency_response.csv,99,gain_db,-2.806259,-2.806259,0.0
factory_8,frequency_response.csv,100,time_s,6.722689,6.722689,0.0
factory_8,frequency_response.csv,100,freq_hz,4321.265137,4321.265137,0.0
factory_8,frequency_response.csv,100,gain_db,-3.105103,-3.105103,0.0
factory_8,frequency_response.csv,101,time_s,6.789916,6.789916,0.0
factory_8,frequency_response.csv,101,freq_hz,4559.914551,4559.914551,0.0
factory_8,frequency_response.csv,101,gain_db,-3.317839,-3.317839,0.0
factory_8,frequency_response.csv,102,time_s,6.857143,6.857143,0.0
factory_8,frequency_response.csv,102,freq_hz,4811.744141,4811.744141,0.0
factory_8,frequency_response.csv,102,gain_db,-3.260526,-3.260526,0.0
factory_8,frequency_response.csv,103,time_s,6.92437,6.92437,0.0
factory_8,frequency_response.csv,103,freq_hz,5077.481445,5077.481445,0.0
factory_8,frequency_response.csv,103,gain_db,-3.510619,-3.510619,0.0
factory_8,frequency_response.csv,104,time_s,6.991597,6.991597,0.0
factory_8,frequency_response.csv,104,freq_hz,5357.894531,5357.894531,0.0
factory_8,frequency_response.csv,104,gain_db,-3.777648,-3.777648,0.0
factory_8,frequency_response.csv,105,time_s,7.058824,7.058824,0.0
factory_8,frequency_response.csv,105,freq_hz,5653.793457,5653.793457,0.0
factory_8,frequency_response.csv,105,gain_db,-3.76673,-3.76673,0.0
factory_8,frequency_response.csv,106,time_s,7.12605,7.12605,0.0
factory_8,frequency_response.csv,106,freq_hz,5966.034668,5966.034668,0.0
factory_8,frequency_response.csv,106,gain_db,-3.924846,-3.924846,0.0
factory_8,frequency_response.csv,107,time_s,7.193277,7.193277,0.0
factory_8,frequency_response.csv,107,freq_hz,6295.519531,6295.519531,0.0
factory_8,frequency_response.csv,107,gain_db,-4.190093,-4.190093,0.0
factory_8,frequency_response.csv,108,time_s,7.260504,7.260504,0.0
factory_8,frequency_response.csv,108,freq_hz,6643.200684,6643.200684,0.0
factory_8,frequency_response.csv,108,gain_db,-4.233547,-4.233547,0.0
factory_8,frequency_response.csv,109,time_s,7.327731,7.327731,0.0
factory_8,frequency_response.csv,109,freq_hz,7010.083008,7010.083008,0.0
factory_8,frequency_response.csv,109,gain_db,-4.299666,-4.299666,0.0
factory_8,frequency_response.csv,110,time_s,7.394958,7.394958,0.0
factory_8,frequency_response.csv,110,freq_hz,7397.227539,7397.227539,0.0
factory_8,frequency_response.csv,110,gain_db,-4.504481,-4.504481,0.0
factory_8,frequency_response.csv,111,time_s,7.462185,7.462185,0.0
factory_8,frequency_response.csv,111,freq_hz,7805.752441,7805.752441,0.0
factory_8,frequency_response.csv,111,gain_db,-4.568239,-4.568239,0.0
factory_8,frequency_response.csv,112,time_s,7.529412,7.529412,0.0
factory_8,frequency_response.csv,112,freq_hz,8236.839844,8236.839844,0.0
factory_8,frequency_response.csv,112,gain_db,-4.567022,-4.567022,0.0
factory_8,frequency_response.csv,113,time_s,7.596639,7.596639,0.0
factory_8,frequency_response.csv,113,freq_hz,8691.733398,8691.733398,0.0
factory_8,frequency_response.csv,113,gain_db,-4.683144,-4.683144,0.0
factory_8,frequency_response.csv,114,time_s,7.663866,7.663866,0.0
factory_8,frequency_response.csv,114,freq_hz,9171.75,9171.75,0.0
factory_8,frequency_response.csv,114,gain_db,-4.727344,-4.727344,0.0
factory_8,frequency_response.csv,115,time_s,7.731092,7.731092,0.0
factory_8,frequency_response.csv,115,freq_hz,9678.276367,9678.276367,0.0
factory_8,frequency_response.csv,115,gain_db,-4.69305,-4.69305,0.0
factory_8,frequency_response.csv,116,time_s,7.798319,7.798319,0.0
factory_8,frequency_response.csv,116,freq_hz,10212.776367,10212.776367,0.0
factory_8,frequency_response.csv,116,gain_db,-4.724937,-4.724937,0.0
factory_8,frequency_response.csv,117,time_s,7.865546,7.865546,0.0
factory_8,frequency_response.csv,117,freq_hz,10776.795898,10776.795898,0.0
factory_8,frequency_response.csv,117,gain_db,-4.729712,-4.729712,0.0
factory_8,frequency_response.csv,118,time_s,7.932773,7.932773,0.0
factory_8,frequency_response.csv,118,freq_hz,11371.962891,11371.962891,0.0
factory_8,frequency_response.csv,118,gain_db,-4.684776,-4.684776,0.0
factory_8,frequency_response.csv,119,time_s,8.0,8.0,0.0
factory_8,frequency_response.csv,119,freq_hz,12000.0,12000.0,0.0
factory_8,frequency_response.csv,119,gain_db,-4.66468,-4.66468,0.0
factory_8,notch_tracking.csv,0,time_s,0.134454,0.134454,0.0
factory_8,notch_tracking.csv,0,freq_hz,22.270071,22.270071,0.0
factory_8,notch_tracking.csv,0,notch_depth_db,-6.63254,-6.63254,0.0
factory_8,notch_tracking.csv,1,time_s,0.336134,0.336134,0.0
factory_8,notch_tracking.csv,1,freq_hz,26.167307,26.167307,0.0
factory_8,notch_tracking.csv,1,notch_depth_db,-6.399443,-6.399443,0.0
factory_8,notch_tracking.csv,2,time_s,0.537815,0.537815,0.0
factory_8,notch_tracking.csv,2,freq_hz,30.746555,30.746555,0.0
factory_8,notch_tracking.csv,2,notch_depth_db,-5.216749,-5.216749,0.0
factory_8,notch_tracking.csv,3,time_s,0.806723,0.806723,0.0
factory_8,notch_tracking.csv,3,freq_hz,38.122353,38.122353,0.0
factory_8,notch_tracking.csv,3,notch_depth_db,-3.998451,-3.998451,0.0
factory_8,notch_tracking.csv,4,time_s,1.008403,1.008403,0.0
factory_8,notch_tracking.csv,4,freq_hz,44.79372,44.79372,0.0
factory_8,notch_tracking.csv,4,notch_depth_db,-2.911488,-2.911488,0.0
factory_8,notch_tracking.csv,5,time_s,1.210084,1.210084,0.0
factory_8,notch_tracking.csv,5,freq_hz,52.632568,52.632568,0.0
factory_8,notch_tracking.csv,5,notch_depth_db,-2.484311,-2.484311,0.0
factory_8,notch_tracking.csv,6,time_s,1.344538,1.344538,0.0
factory_8,notch_tracking.csv,6,freq_hz,58.606552,58.606552,0.0
factory_8,notch_tracking.csv,6,notch_depth_db,-2.752175,-2.752175,0.0
factory_8,notch_tracking.csv,7,time_s,1.546218,1.546218,0.0
factory_8,notch_tracking.csv,7,freq_hz,68.862625,68.862625,0.0
factory_8,notch_tracking.csv,7,notch_depth_db,-3.414437,-3.414437,0.0
factory_8,notch_tracking.csv,8,time_s,1.747899,1.747899,0.0
factory_8,notch_tracking.csv,8,freq_hz,80.913506,80.913506,0.0
factory_8,notch_tracking.csv,8,notch_depth_db,-3.87652,-3.87652,0.0
factory_8,notch_tracking.csv,9,time_s,2.016807,2.016807,0.0
factory_8,notch_tracking.csv,9,freq_hz,100.323875,100.323875,0.0
factory_8,notch_tracking.csv,9,notch_depth_db,-5.160048,-5.160048,0.0
factory_8,notch_tracking.csv,10,time_s,2.218488,2.218488,0.0
factory_8,notch_tracking.csv,10,freq_hz,117.880432,117.880432,0.0
factory_8,notch_tracking.csv,10,notch_depth_db,-6.700149,-6.700149,0.0
factory_8,notch_tracking.csv,11,time_s,2.420168,2.420168,0.0
factory_8,notch_tracking.csv,11,freq_hz,138.509369,138.509369,0.0
factory_8,notch_tracking.csv,11,notch_depth_db,-7.696198,-7.696198,0.0
factory_8,notch_tracking.csv,12,time_s,2.621849,2.621849,0.0
factory_8,notch_tracking.csv,12,freq_hz,162.748337,162.748337,0.0
factory_8,notch_tracking.csv,12,notch_depth_db,-7.977113,-7.977113,0.0
factory_8,notch_tracking.csv,13,time_s,2.823529,2.823529,0.0
factory_8,notch_tracking.csv,13,freq_hz,191.229095,191.229095,0.0
factory_8,notch_tracking.csv,13,notch_depth_db,-7.961032,-7.961032,0.0
factory_8,notch_tracking.csv,14,time_s,3.02521,3.02521,0.0
factory_8,notch_tracking.csv,14,freq_hz,224.69397,224.69397,0.0
factory_8,notch_tracking.csv,14,notch_depth_db,-7.874599,-7.874599,0.0
factory_8,notch_tracking.csv,15,time_s,3.159664,3.159664,0.0
factory_8,notch_tracking.csv,15,freq_hz,250.19754,250.19754,0.0
factory_8,notch_tracking.csv,15,notch_depth_db,-7.921288,-7.921288,0.0
factory_8,notch_tracking.csv,16,time_s,3.361345,3.361345,0.0
factory_8,notch_tracking.csv,16,freq_hz,293.981812,293.981812,0.0
factory_8,notch_tracking.csv,16,notch_depth_db,-7.813655,-7.813655,0.0
factory_8,notch_tracking.csv,17,time_s,3.630252,3.630252,0.0
factory_8,notch_tracking.csv,17,freq_hz,364.505157,364.505157,0.0
factory_8,notch_tracking.csv,17,notch_depth_db,-7.397616,-7.397616,0.0
factory_8,notch_tracking.csv,18,time_s,3.831933,3.831933,0.0
factory_8,notch_tracking.csv,18,freq_hz,428.293121,428.293121,0.0
factory_8,notch_tracking.csv,18,notch_depth_db,-6.849322,-6.849322,0.0
factory_8,notch_tracking.csv,19,time_s,4.033614,4.033614,0.0
factory_8,notch_tracking.csv,19,freq_hz,503.244019,503.244019,0.0
factory_8,notch_tracking.csv,19,notch_depth_db,-5.943214,-5.943214,0.0
factory_8,notch_tracking.csv,20,time_s,4.235294,4.235294,0.0
factory_8,notch_tracking.csv,20,freq_hz,591.311096,591.311096,0.0
factory_8,notch_tracking.csv,20,notch_depth_db,-4.731149,-4.731149,0.0
factory_8,notch_tracking.csv,21,time_s,4.504202,4.504202,0.0
factory_8,notch_tracking.csv,21,freq_hz,733.160889,733.160889,0.0
factory_8,notch_tracking.csv,21,notch_depth_db,-3.869128,-3.869128,0.0
factory_8,notch_tracking.csv,22,time_s,4.705883,4.705883,0.0
factory_8,notch_tracking.csv,22,freq_hz,861.463074,861.463074,0.0
factory_8,notch_tracking.csv,22,notch_depth_db,-3.43084,-3.43084,0.0
factory_8,notch_tracking.csv,23,time_s,4.907563,4.907563,0.0
factory_8,notch_tracking.csv,23,freq_hz,1012.218079,1012.218079,0.0
factory_8,notch_tracking.csv,23,notch_depth_db,-2.901786,-2.901786,0.0
factory_8,notch_tracking.csv,24,time_s,5.109244,5.109244,0.0
factory_8,notch_tracking.csv,24,freq_hz,1189.355103,1189.355103,0.0
factory_8,notch_tracking.csv,24,notch_depth_db,-2.382665,-2.382665,0.0
factory_8,notch_tracking.csv,25,time_s,5.378151,5.378151,0.0
factory_8,notch_tracking.csv,25,freq_hz,1474.669678,1474.669678,0.0
factory_8,notch_tracking.csv,25,notch_depth_db,-2.034417,-2.034417,0.0
factory_8,notch_tracking.csv,26,time_s,5.579832,5.579832,0.0
factory_8,notch_tracking.csv,26,freq_hz,1732.735107,1732.735107,0.0
factory_8,notch_tracking.csv,26,notch_depth_db,-1.943034,-1.943034,0.0
factory_8,notch_tracking.csv,27,time_s,5.915967,5.915967,0.0
factory_8,notch_tracking.csv,27,freq_hz,2267.050537,2267.050537,0.0
factory_8,notch_tracking.csv,27,notch_depth_db,-2.016505,-2.016505,0.0
factory_8,notch_tracking.csv,28,time_s,6.117647,6.117647,0.0
factory_8,notch_tracking.csv,28,freq_hz,2663.781738,2663.781738,0.0
factory_8,notch_tracking.csv,28,notch_depth_db,-2.211511,-2.211511,0.0
factory_8,notch_tracking.csv,29,time_s,6.319328,6.319328,0.0
factory_8,notch_tracking.csv,29,freq_hz,3129.94043,3129.94043,0.0
factory_8,notch_tracking.csv,29,notch_depth_db,-2.45126,-2.45126,0.0
factory_8,notch_tracking.csv,30,time_s,6.588235,6.588235,0.0
factory_8,notch_tracking.csv,30,freq_hz,3880.782471,3880.782471,0.0
factory_8,notch_tracking.csv,30,notch_depth_db,-2.859121,-2.859121,0.0
factory_8,notch_tracking.csv,31,time_s,6.789916,6.789916,0.0
factory_8,notch_tracking.csv,31,freq_hz,4559.914551,4559.914551,0.0
factory_8,notch_tracking.csv,31,notch_depth_db,-3.317839,-3.317839,0.0
factory_8,notch_tracking.csv,32,time_s,6.991597,6.991597,0.0
factory_8,notch_tracking.csv,32,freq_hz,5357.894531,5357.894531,0.0
factory_8,notch_tracking.csv,32,notch_depth_db,-3.777648,-3.777648,0.0
factory_8,notch_tracking.csv,33,time_s,7.462185,7.462185,0.0
factory_8,notch_tracking.csv,33,freq_hz,7805.752441,7805.752441,0.0
factory_8,notch_tracking.csv,33,notch_depth_db,-4.568239,-4.568239,0.0
factory_8,notch_tracking.csv,34,time_s,7.663866,7.663866,0.0
factory_8,notch_tracking.csv,34,freq_hz,9171.75,9171.75,0.0
factory_8,notch_tracking.csv,34,notch_depth_db,-4.727344,-4.727344,0.0
factory_8,notch_tracking.csv,35,time_s,7.865546,7.865546,0.0
factory_8,notch_tracking.csv,35,freq_hz,10776.795898,10776.795898,0.0
factory_8,notch_tracking.csv,35,notch_depth_db,-4.729712,-4.729712,0.0
factory_8,thd_vs_drive.csv,0,sine_level_db,-24.0,-24.0,0.0
factory_8,thd_vs_drive.csv,0,thd_ratio,0.00054,0.00054,0.0
factory_8,thd_vs_drive.csv,0,thd_db,-65.353134,-65.353134,0.0
factory_8,thd_vs_drive.csv,0,broadband_hf_db,-82.685143,-82.685143,0.0
factory_8,thd_vs_drive.csv,1,sine_level_db,-18.0,-18.0,0.0
factory_8,thd_vs_drive.csv,1,thd_ratio,0.001757,0.001757,0.0
factory_8,thd_vs_drive.csv,1,thd_db,-55.105724,-55.105724,0.0
factory_8,thd_vs_drive.csv,1,broadband_hf_db,-82.679588,-82.679588,0.0
factory_8,thd_vs_drive.csv,2,sine_level_db,-12.0,-12.0,0.0
factory_8,thd_vs_drive.csv,2,thd_ratio,0.007353,0.007353,0.0
factory_8,thd_vs_drive.csv,2,thd_db,-42.671104,-42.671104,0.0
factory_8,thd_vs_drive.csv,2,broadband_hf_db,-82.682114,-82.682114,0.0
factory_8,thd_vs_drive.csv,3,sine_level_db,-6.0,-6.0,0.0
factory_8,thd_vs_drive.csv,3,thd_ratio,0.03178,0.03178,0.0
factory_8,thd_vs_drive.csv,3,thd_db,-29.957018,-29.957018,0.0
factory_8,thd_vs_drive.csv,3,broadband_hf_db,-82.687225,-82.687225,0.0
factory_8,thd_vs_drive.csv,4,sine_level_db,0.0,0.0,0.0
factory_8,thd_vs_drive.csv,4,thd_ratio,0.100256,0.100256,0.0
factory_8,thd_vs_drive.csv,4,thd_db,-19.977819,-19.977819,0.0
factory_8,thd_vs_drive.csv,4,broadband_hf_db,-82.223877,-82.223877,0.0
factory_9,summary.csv,average_tracked_notch_db,value,-5.75433,-5.75433,0.0
factory_9,summary.csv,deepest_tracked_notch_db,value,-7.593294,-7.593294,0.0
factory_9,summary.csv,guitar_broadband_hf_db,value,-80.385155,-80.385155,0.0
factory_9,summary.csv,guitar_lr_correlation,value,1.0,1.0,0.0
factory_9,summary.csv,guitar_mono_fold_db,value,-1e-06,-1e-06,0.0
factory_9,summary.csv,guitar_side_to_mid_db,value,-68.816551,-68.816551,0.0
factory_9,summary.csv,sweep_broadband_hf_db,value,-82.422531,-82.422531,0.0
factory_9,summary.csv,sweep_lr_correlation,value,1.0,1.0,0.0
factory_9,summary.csv,sweep_mono_fold_db,value,-0.0,-0.0,0.0
factory_9,summary.csv,sweep_side_to_mid_db,value,-73.256775,-73.256775,0.0
factory_9,summary.csv,tracked_notch_count,value,9.0,9.0,0.0
factory_9,summary.csv,tracked_notch_high_hz,value,10776.795898,10776.795898,0.0
factory_9,summary.csv,tracked_notch_low_hz,value,26.167307,26.167307,0.0
factory_9,summary.csv,tracked_notch_span_oct,value,8.685947,8.685947,0.0
factory_9,summary.csv,worst_thd_db,value,-22.45023,-22.45023,0.0
factory_9,frequency_response.csv,0,time_s,0.0,0.0,0.0
factory_9,frequency_response.csv,0,freq_hz,20.0,20.0,0.0
factory_9,frequency_response.csv,0,gain_db,-7.177083,-7.177083,0.0
factory_9,frequency_response.csv,1,time_s,0.067227,0.067227,0.0
factory_9,frequency_response.csv,1,freq_hz,21.104536,21.104536,0.0
factory_9,frequency_response.csv,1,gain_db,-5.460331,-5.460331,0.0
factory_9,frequency_response.csv,2,time_s,0.134454,0.134454,0.0
factory_9,frequency_response.csv,2,freq_hz,22.270071,22.270071,0.0
factory_9,frequency_response.csv,2,gain_db,-5.450087,-5.450087,0.0
factory_9,frequency_response.csv,3,time_s,0.201681,0.201681,0.0
factory_9,frequency_response.csv,3,freq_hz,23.499975,23.499975,0.0
factory_9,frequency_response.csv,3,gain_db,-5.410888,-5.410888,0.0
factory_9,frequency_response.csv,4,time_s,0.268908,0.268908,0.0
factory_9,frequency_response.csv,4,freq_hz,24.797804,24.797804,0.0
factory_9,frequency_response.csv,4,gain_db,-4.64729,-4.64729,0.0
factory_9,frequency_response.csv,5,time_s,0.336134,0.336134,0.0
factory_9,frequency_response.csv,5,freq_hz,26.167307,26.167307,0.0
factory_9,frequency_response.csv,5,gain_db,-5.105373,-5.105373,0.0
factory_9,frequency_response.csv,6,time_s,0.403361,0.403361,0.0
factory_9,frequency_response.csv,6,freq_hz,27.612442,27.612442,0.0
factory_9,frequency_response.csv,6,gain_db,-4.525634,-4.525634,0.0
factory_9,frequency_response.csv,7,time_s,0.470588,0.470588,0.0
factory_9,frequency_response.csv,7,freq_hz,29.13739,29.13739,0.0
factory_9,frequency_response.csv,7,gain_db,-5.106392,-5.106392,0.0
factory_9,frequency_response.csv,8,time_s,0.537815,0.537815,0.0
factory_9,frequency_response.csv,8,freq_hz,30.746555,30.746555,0.0
factory_9,frequency_response.csv,8,gain_db,-4.977818,-4.977818,0.0
factory_9,frequency_response.csv,9,time_s,0.605042,0.605042,0.0
factory_9,frequency_response.csv,9,freq_hz,32.444588,32.444588,0.0
factory_9,frequency_response.csv,9,gain_db,-4.935534,-4.935534,0.0
factory_9,frequency_response.csv,10,time_s,0.672269,0.672269,0.0
factory_9,frequency_response.csv,10,freq_hz,34.236401,34.236401,0.0
factory_9,frequency_response.csv,10,gain_db,-4.638843,-4.638843,0.0
factory_9,frequency_response.csv,11,time_s,0.739496,0.739496,0.0
factory_9,frequency_response.csv,11,freq_hz,36.127167,36.127167,0.0
factory_9,frequency_response.csv,11,gain_db,-4.791801,-4.791801,0.0
factory_9,frequency_response.csv,12,time_s,0.806723,0.806723,0.0
factory_9,frequency_response.csv,12,freq_hz,38.122353,38.122353,0.0
factory_9,frequency_response.csv,12,gain_db,-4.474307,-4.474307,0.0
factory_9,frequency_response.csv,13,time_s,0.87395,0.87395,0.0
factory_9,frequency_response.csv,13,freq_hz,40.22773,40.22773,0.0
factory_9,frequency_response.csv,13,gain_db,-3.664853,-3.664853,0.0
factory_9,frequency_response.csv,14,time_s,0.941177,0.941177,0.0
factory_9,frequency_response.csv,14,freq_hz,42.449379,42.449379,0.0
factory_9,frequency_response.csv,14,gain_db,-3.549612,-3.549612,0.0
factory_9,frequency_response.csv,15,time_s,1.008403,1.008403,0.0
factory_9,frequency_response.csv,15,freq_hz,44.79372,44.79372,0.0
factory_9,frequency_response.csv,15,gain_db,-3.142988,-3.142988,0.0
factory_9,frequency_response.csv,16,time_s,1.07563,1.07563,0.0
factory_9,frequency_response.csv,16,freq_hz,47.267536,47.267536,0.0
factory_9,frequency_response.csv,16,gain_db,-2.911757,-2.911757,0.0
factory_9,frequency_response.csv,17,time_s,1.142857,1.142857,0.0
factory_9,frequency_response.csv,17,freq_hz,49.877968,49.877968,0.0
factory_9,frequency_response.csv,17,gain_db,-3.101617,-3.101617,0.0
factory_9,frequency_response.csv,18,time_s,1.210084,1.210084,0.0
factory_9,frequency_response.csv,18,freq_hz,52.632568,52.632568,0.0
factory_9,frequency_response.csv,18,gain_db,-3.211457,-3.211457,0.0
factory_9,frequency_response.csv,19,time_s,1.277311,1.277311,0.0
factory_9,frequency_response.csv,19,freq_hz,55.539299,55.539299,0.0
factory_9,frequency_response.csv,19,gain_db,-3.542478,-3.542478,0.0
factory_9,frequency_response.csv,20,time_s,1.344538,1.344538,0.0
factory_9,frequency_response.csv,20,freq_hz,58.606552,58.606552,0.0
factory_9,frequency_response.csv,20,gain_db,-3.905387,-3.905387,0.0
factory_9,frequency_response.csv,21,time_s,1.411765,1.411765,0.0
factory_9,frequency_response.csv,21,freq_hz,61.843204,61.843204,0.0
factory_9,frequency_response.csv,21,gain_db,-4.273991,-4.273991,0.0
factory_9,frequency_response.csv,22,time_s,1.478992,1.478992,0.0
factory_9,frequency_response.csv,22,freq_hz,65.258606,65.258606,0.0
factory_9,frequency_response.csv,22,gain_db,-4.494226,-4.494226,0.0
factory_9,frequency_response.csv,23,time_s,1.546218,1.546218,0.0
factory_9,frequency_response.csv,23,freq_hz,68.862625,68.862625,0.0
factory_9,frequency_response.csv,23,gain_db,-4.64923,-4.64923,0.0
factory_9,frequency_response.csv,24,time_s,1.613445,1.613445,0.0
factory_9,frequency_response.csv,24,freq_hz,72.665695,72.665695,0.0
factory_9,frequency_response.csv,24,gain_db,-4.503328,-4.503328,0.0
factory_9,frequency_response.csv,25,time_s,1.680672,1.680672,0.0
factory_9,frequency_response.csv,25,freq_hz,76.678787,76.678787,0.0
factory_9,frequency_response.csv,25,gain_db,-4.449475,-4.449475,0.0
factory_9,frequency_response.csv,26,time_s,1.747899,1.747899,0.0
factory_9,frequency_response.csv,26,freq_hz,80.913506,80.913506,0.0
factory_9,frequency_response.csv,26,gain_db,-4.156194,-4.156194,0.0
factory_9,frequency_response.csv,27,time_s,1.815126,1.815126,0.0
factory_9,frequency_response.csv,27,freq_hz,85.382095,85.382095,0.0
factory_9,frequency_response.csv,27,gain_db,-3.957875,-3.957875,0.0
factory_9,frequency_response.csv,28,time_s,1.882353,1.882353,0.0
factory_9,frequency_response.csv,28,freq_hz,90.097488,90.097488,0.0
factory_9,frequency_response.csv,28,gain_db,-3.769383,-3.769383,0.0
factory_9,frequency_response.csv,29,time_s,1.94958,1.94958,0.0
factory_9,frequency_response.csv,29,freq_hz,95.073273,95.073273,0.0
factory_9,frequency_response.csv,29,gain_db,-3.557379,-3.557379,0.0
factory_9,frequency_response.csv,30,time_s,2.016807,2.016807,0.0
factory_9,frequency_response.csv,30,freq_hz,100.323875,100.323875,0.0
factory_9,frequency_response.csv,30,gain_db,-3.480301,-3.480301,0.0
factory_9,frequency_response.csv,31,time_s,2.084034,2.084034,0.0
factory_9,frequency_response.csv,31,freq_hz,105.864441,105.864441,0.0
factory_9,frequency_response.csv,31,gain_db,-3.491297,-3.491297,0.0
factory_9,frequency_response.csv,32,time_s,2.151261,2.151261,0.0
factory_9,frequency_response.csv,32,freq_hz,111.710999,111.710999,0.0
factory_9,frequency_response.csv,32,gain_db,-3.633649,-3.633649,0.0
factory_9,frequency_response.csv,33,time_s,2.218488,2.218488,0.0
factory_9,frequency_response.csv,33,freq_hz,117.880432,117.880432,0.0
factory_9,frequency_response.csv,33,gain_db,-3.88888,-3.88888,0.0
factory_9,frequency_response.csv,34,time_s,2.285714,2.285714,0.0
factory_9,frequency_response.csv,34,freq_hz,124.390594,124.390594,0.0
factory_9,frequency_response.csv,34,gain_db,-4.359776,-4.359776,0.0
factory_9,frequency_response.csv,35,time_s,2.352941,2.352941,0.0
factory_9,frequency_response.csv,35,freq_hz,131.260284,131.260284,0.0
factory_9,frequency_response.csv,35,gain_db,-5.10059,-5.10059,0.0
factory_9,frequency_response.csv,36,time_s,2.420168,2.420168,0.0
factory_9,frequency_response.csv,36,freq_hz,138.509369,138.509369,0.0
factory_9,frequency_response.csv,36,gain_db,-5.933548,-5.933548,0.0
factory_9,frequency_response.csv,37,time_s,2.487395,2.487395,0.0
factory_9,frequency_response.csv,37,freq_hz,146.158783,146.158783,0.0
factory_9,frequency_response.csv,37,gain_db,-6.780779,-6.780779,0.0
factory_9,frequency_response.csv,38,time_s,2.554622,2.554622,0.0
factory_9,frequency_response.csv,38,freq_hz,154.230667,154.230667,0.0
factory_9,frequency_response.csv,38,gain_db,-7.354076,-7.354076,0.0
factory_9,frequency_response.csv,39,time_s,2.621849,2.621849,0.0
factory_9,frequency_response.csv,39,freq_hz,162.748337,162.748337,0.0
factory_9,frequency_response.csv,39,gain_db,-7.593294,-7.593294,0.0
factory_9,frequency_response.csv,40,time_s,2.689076,2.689076,0.0
factory_9,frequency_response.csv,40,freq_hz,171.73642,171.73642,0.0
factory_9,frequency_response.csv,40,gain_db,-7.495756,-7.495756,0.0
factory_9,frequency_response.csv,41,time_s,2.756303,2.756303,0.0
factory_9,frequency_response.csv,41,freq_hz,181.220856,181.220856,0.0
factory_9,frequency_response.csv,41,gain_db,-7.233433,-7.233433,0.0
factory_9,frequency_response.csv,42,time_s,2.823529,2.823529,0.0
factory_9,frequency_response.csv,42,freq_hz,191.229095,191.229095,0.0
factory_9,frequency_response.csv,42,gain_db,-6.980753,-6.980753,0.0
factory_9,frequency_response.csv,43,time_s,2.890756,2.890756,0.0
factory_9,frequency_response.csv,43,freq_hz,201.79007,201.79007,0.0
factory_9,frequency_response.csv,43,gain_db,-6.851693,-6.851693,0.0
factory_9,frequency_response.csv,44,time_s,2.957983,2.957983,0.0
factory_9,frequency_response.csv,44,freq_hz,212.93428,212.93428,0.0
factory_9,frequency_response.csv,44,gain_db,-6.82353,-6.82353,0.0
factory_9,frequency_response.csv,45,time_s,3.02521,3.02521,0.0
factory_9,frequency_response.csv,45,freq_hz,224.69397,224.69397,0.0
factory_9,frequency_response.csv,45,gain_db,-6.957253,-6.957253,0.0
factory_9,frequency_response.csv,46,time_s,3.092437,3.092437,0.0
factory_9,frequency_response.csv,46,freq_hz,237.103104,237.103104,0.0
factory_9,frequency_response.csv,46,gain_db,-7.159006,-7.159006,0.0
factory_9,frequency_response.csv,47,time_s,3.159664,3.159664,0.0
factory_9,frequency_response.csv,47,freq_hz,250.19754,250.19754,0.0
factory_9,frequency_response.csv,47,gain_db,-7.377391,-7.377391,0.0
factory_9,frequency_response.csv,48,time_s,3.226891,3.226891,0.0
factory_9,frequency_response.csv,48,freq_hz,264.015137,264.015137,0.0
factory_9,frequency_response.csv,48,gain_db,-7.523464,-7.523464,0.0
factory_9,frequency_response.csv,49,time_s,3.294118,3.294118,0.0
factory_9,frequency_response.csv,49,freq_hz,278.595856,278.595856,0.0
factory_9,frequency_response.csv,49,gain_db,-7.556141,-7.556141,0.0
factory_9,frequency_response.csv,50,time_s,3.361345,3.361345,0.0
factory_9,frequency_response.csv,50,freq_hz,293.981812,293.981812,0.0
factory_9,frequency_response.csv,50,gain_db,-7.513518,-7.513518,0.0
factory_9,frequency_response.csv,51,time_s,3.428571,3.428571,0.0
factory_9,frequency_response.csv,51,freq_hz,310.217468,310.217468,0.0
factory_9,frequency_response.csv,51,gain_db,-7.47127,-7.47127,0.0
factory_9,frequency_response.csv,52,time_s,3.495798,3.495798,0.0
factory_9,frequency_response.csv,52,freq_hz,327.349792,327.349792,0.0
factory_9,frequency_response.csv,52,gain_db,-7.488798,-7.488798,0.0
factory_9,frequency_response.csv,53,time_s,3.563025,3.563025,0.0
factory_9,frequency_response.csv,53,freq_hz,345.428284,345.428284,0.0
factory_9,frequency_response.csv,53,gain_db,-7.534941,-7.534941,0.0
factory_9,frequency_response.csv,54,time_s,3.630252,3.630252,0.0
factory_9,frequency_response.csv,54,freq_hz,364.505157,364.505157,0.0
factory_9,frequency_response.csv,54,gain_db,-7.491145,-7.491145,0.0
factory_9,frequency_response.csv,55,time_s,3.697479,3.697479,0.0
factory_9,frequency_response.csv,55,freq_hz,384.63562,384.63562,0.0
factory_9,frequency_response.csv,55,gain_db,-7.22022,-7.22022,0.0
factory_9,frequency_response.csv,56,time_s,3.764706,3.764706,0.0
factory_9,frequency_response.csv,56,freq_hz,405.877808,405.877808,0.0
factory_9,frequency_response.csv,56,gain_db,-6.627229,-6.627229,0.0
factory_9,frequency_response.csv,57,time_s,3.831933,3.831933,0.0
factory_9,frequency_response.csv,57,freq_hz,428.293121,428.293121,0.0
factory_9,frequency_response.csv,57,gain_db,-5.82348,-5.82348,0.0
factory_9,frequency_response.csv,58,time_s,3.89916,3.89916,0.0
factory_9,frequency_response.csv,58,freq_hz,451.946381,451.946381,0.0
factory_9,frequency_response.csv,58,gain_db,-5.026822,-5.026822,0.0
factory_9,frequency_response.csv,59,time_s,3.966387,3.966387,0.0
factory_9,frequency_response.csv,59,freq_hz,476.905945,476.905945,0.0
factory_9,frequency_response.csv,59,gain_db,-4.373149,-4.373149,0.0
factory_9,frequency_response.csv,60,time_s,4.033614,4.033614,0.0
factory_9,frequency_response.csv,60,freq_hz,503.244019,503.244019,0.0
factory_9,frequency_response.csv,60,gain_db,-3.923961,-3.923961,0.0
factory_9,frequency_response.csv,61,time_s,4.100841,4.100841,0.0
factory_9,frequency_response.csv,61,freq_hz,531.03656,531.03656,0.0
factory_9,frequency_response.csv,61,gain_db,-3.618171,-3.618171,0.0
factory_9,frequency_response.csv,62,time_s,4.168067,4.168067,0.0
factory_9,frequency_response.csv,62,freq_hz,560.364014,560.364014,0.0
factory_9,frequency_response.csv,62,gain_db,-3.427455,-3.427455,0.0
factory_9,frequency_response.csv,63,time_s,4.235294,4.235294,0.0
factory_9,frequency_response.csv,63,freq_hz,591.311096,591.311096,0.0
factory_9,frequency_response.csv,63,gain_db,-3.314209,-3.314209,0.0
factory_9,frequency_response.csv,64,time_s,4.302521,4.302521,0.0
factory_9,frequency_response.csv,64,freq_hz,623.967346,623.967346,0.0
factory_9,frequency_response.csv,64,gain_db,-3.285971,-3.285971,0.0
factory_9,frequency_response.csv,65,time_s,4.369748,4.369748,0.0
factory_9,frequency_response.csv,65,freq_hz,658.427063,658.427063,0.0
factory_9,frequency_response.csv,65,gain_db,-3.315404,-3.315404,0.0
factory_9,frequency_response.csv,66,time_s,4.436975,4.436975,0.0
factory_9,frequency_response.csv,66,freq_hz,694.789795,694.789795,0.0
factory_9,frequency_response.csv,66,gain_db,-3.377077,-3.377077,0.0
factory_9,frequency_response.csv,67,time_s,4.504202,4.504202,0.0
factory_9,frequency_response.csv,67,freq_hz,733.160889,733.160889,0.0
factory_9,frequency_response.csv,67,gain_db,-3.515905,-3.515905,0.0
factory_9,frequency_response.csv,68,time_s,4.571429,4.571429,0.0
factory_9,frequency_response.csv,68,freq_hz,773.651001,773.651001,0.0
factory_9,frequency_response.csv,68,gain_db,-3.716167,-3.716167,0.0
factory_9,frequency_response.csv,69,time_s,4.638656,4.638656,0.0
factory_9,frequency_response.csv,69,freq_hz,816.377197,816.377197,0.0
factory_9,frequency_response.csv,69,gain_db,-3.964303,-3.964303,0.0
factory_9,frequency_response.csv,70,time_s,4.705883,4.705883,0.0
factory_9,frequency_response.csv,70,freq_hz,861.463074,861.463074,0.0
factory_9,frequency_response.csv,70,gain_db,-4.208731,-4.208731,0.0
factory_9,frequency_response.csv,71,time_s,4.773109,4.773109,0.0
factory_9,frequency_response.csv,71,freq_hz,909.03894,909.03894,0.0
factory_9,frequency_response.csv,71,gain_db,-4.388354,-4.388354,0.0
factory_9,frequency_response.csv,72,time_s,4.840336,4.840336,0.0
factory_9,frequency_response.csv,72,freq_hz,959.242249,959.242249,0.0
factory_9,frequency_response.csv,72,gain_db,-4.434689,-4.434689,0.0
factory_9,frequency_response.csv,73,time_s,4.907563,4.907563,0.0
factory_9,frequency_response.csv,73,freq_hz,1012.218079,1012.218079,0.0
factory_9,frequency_response.csv,73,gain_db,-4.305087,-4.305087,0.0
factory_9,frequency_response.csv,74,time_s,4.97479,4.97479,0.0
factory_9,frequency_response.csv,74,freq_hz,1068.119629,1068.119629,0.0
factory_9,frequency_response.csv,74,gain_db,-4.070919,-4.070919,0.0
factory_9,frequency_response.csv,75,time_s,5.042017,5.042017,0.0
factory_9,frequency_response.csv,75,freq_hz,1127.108398,1127.108398,0.0
factory_9,frequency_response.csv,75,gain_db,-3.748946,-3.748946,0.0
factory_9,frequency_response.csv,76,time_s,5.109244,5.109244,0.0
factory_9,frequency_response.csv,76,freq_hz,1189.355103,1189.355103,0.0
factory_9,frequency_response.csv,76,gain_db,-3.403421,-3.403421,0.0
factory_9,frequency_response.csv,77,time_s,5.176471,5.176471,0.0
factory_9,frequency_response.csv,77,freq_hz,1255.039307,1255.039307,0.0
factory_9,frequency_response.csv,77,gain_db,-3.136458,-3.136458,0.0
factory_9,frequency_response.csv,78,time_s,5.243698,5.243698,0.0
factory_9,frequency_response.csv,78,freq_hz,1324.351074,1324.351074,0.0
factory_9,frequency_response.csv,78,gain_db,-2.957281,-2.957281,0.0
factory_9,frequency_response.csv,79,time_s,5.310925,5.310925,0.0
factory_9,frequency_response.csv,79,freq_hz,1397.490845,1397.490845,0.0
factory_9,frequency_response.csv,79,gain_db,-2.866839,-2.866839,0.0
factory_9,frequency_response.csv,80,time_s,5.378151,5.378151,0.0
factory_9,frequency_response.csv,80,freq_hz,1474.669678,1474.669678,0.0
factory_9,frequency_response.csv,80,gain_db,-2.836371,-2.836371,0.0
factory_9,frequency_response.csv,81,time_s,5.445378,5.445378,0.0
factory_9,frequency_response.csv,81,freq_hz,1556.110962,1556.110962,0.0
factory_9,frequency_response.csv,81,gain_db,-2.837362,-2.837362,0.0
factory_9,frequency_response.csv,82,time_s,5.512605,5.512605,0.0
factory_9,frequency_response.csv,82,freq_hz,1642.050049,1642.050049,0.0
factory_9,frequency_response.csv,82,gain_db,-2.853987,-2.853987,0.0
factory_9,frequency_response.csv,83,time_s,5.579832,5.579832,0.0
factory_9,frequency_response.csv,83,freq_hz,1732.735107,1732.735107,0.0
factory_9,frequency_response.csv,83,gain_db,-2.878095,-2.878095,0.0
factory_9,frequency_response.csv,84,time_s,5.647059,5.647059,0.0
factory_9,frequency_response.csv,84,freq_hz,1828.428467,1828.428467,0.0
factory_9,frequency_response.csv,84,gain_db,-2.904064,-2.904064,0.0
factory_9,frequency_response.csv,85,time_s,5.714286,5.714286,0.0
factory_9,frequency_response.csv,85,freq_hz,1929.406738,1929.406738,0.0
factory_9,frequency_response.csv,85,gain_db,-2.92734,-2.92734,0.0
factory_9,frequency_response.csv,86,time_s,5.781513,5.781513,0.0
factory_9,frequency_response.csv,86,freq_hz,2035.96167,2035.96167,0.0
factory_9,frequency_response.csv,86,gain_db,-2.947534,-2.947534,0.0
factory_9,frequency_response.csv,87,time_s,5.84874,5.84874,0.0
factory_9,frequency_response.csv,87,freq_hz,2148.401367,2148.401367,0.0
factory_9,frequency_response.csv,87,gain_db,-2.964558,-2.964558,0.0
factory_9,frequency_response.csv,88,time_s,5.915967,5.915967,0.0
factory_9,frequency_response.csv,88,freq_hz,2267.050537,2267.050537,0.0
factory_9,frequency_response.csv,88,gain_db,-2.980113,-2.980113,0.0
factory_9,frequency_response.csv,89,time_s,5.983193,5.983193,0.0
factory_9,frequency_response.csv,89,freq_hz,2392.252441,2392.252441,0.0
factory_9,frequency_response.csv,89,gain_db,-2.991405,-2.991405,0.0
factory_9,frequency_response.csv,90,time_s,6.05042,6.05042,0.0
factory_9,frequency_response.csv,90,freq_hz,2524.368896,2524.368896,0.0
factory_9,frequency_response.csv,90,gain_db,-3.003216,-3.003216,0.0
factory_9,frequency_response.csv,91,time_s,6.117647,6.117647,0.0
factory_9,frequency_response.csv,91,freq_hz,2663.781738,2663.781738,0.0
factory_9,frequency_response.csv,91,gain_db,-3.022044,-3.022044,0.0
factory_9,frequency_response.csv,92,time_s,6.184874,6.184874,0.0
factory_9,frequency_response.csv,92,freq_hz,2810.893799,2810.893799,0.0
factory_9,frequency_response.csv,92,gain_db,-3.046983,-3.046983,0.0
factory_9,frequency_response.csv,93,time_s,6.252101,6.252101,0.0
factory_9,frequency_response.csv,93,freq_hz,2966.130371,2966.130371,0.0
factory_9,frequency_response.csv,93,gain_db,-3.083704,-3.083704,0.0
factory_9,frequency_response.csv,94,time_s,6.319328,6.319328,0.0
factory_9,frequency_response.csv,94,freq_hz,3129.94043,3129.94043,0.0
factory_9,frequency_response.csv,94,gain_db,-3.138406,-3.138406,0.0
factory_9,frequency_response.csv,95,time_s,6.386555,6.386555,0.0
factory_9,frequency_response.csv,95,freq_hz,3302.796875,3302.796875,0.0
factory_9,frequency_response.csv,95,gain_db,-3.216854,-3.216854,0.0
factory_9,frequency_response.csv,96,time_s,6.453782,6.453782,0.0
factory_9,frequency_response.csv,96,freq_hz,3485.199951,3485.199951,0.0
factory_9,frequency_response.csv,96,gain_db,-3.326381,-3.326381,0.0
factory_9,frequency_response.csv,97,time_s,6.521008,6.521008,0.0
factory_9,frequency_response.csv,97,freq_hz,3677.676025,3677.676025,0.0
factory_9,frequency_response.csv,97,gain_db,-3.463896,-3.463896,0.0
factory_9,frequency_response.csv,98,time_s,6.588235,6.588235,0.0
factory_9,frequency_response.csv,98,freq_hz,3880.782471,3880.782471,0.0
factory_9,frequency_response.csv,98,gain_db,-3.618371,-3.618371,0.0
factory_9,frequency_response.csv,99,time_s,6.655462,6.655462,0.0
factory_9,frequency_response.csv,99,freq_hz,4095.105469,4095.105469,0.0
factory_9,frequency_response.csv,99,gain_db,-3.774113,-3.774113,0.0
factory_9,frequency_response.csv,100,time_s,6.722689,6.722689,0.0
factory_9,frequency_response.csv,100,freq_hz,4321.265137,4321.265137,0.0
factory_9,frequency_response.csv,100,gain_db,-3.921632,-3.921632,0.0
factory_9,frequency_response.csv,101,time_s,6.789916,6.789916,0.0
factory_9,frequency_response.csv,101,freq_hz,4559.914551,4559.914551,0.0
factory_9,frequency_response.csv,101,gain_db,-4.061709,-4.061709,0.0
factory_9,frequency_response.csv,102,time_s,6.857143,6.857143,0.0
factory_9,frequency_response.csv,102,freq_hz,4811.744141,4811.744141,0.0
factory_9,frequency_response.csv,102,gain_db,-4.191252,-4.191252,0.0
factory_9,frequency_response.csv,103,time_s,6.92437,6.92437,0.0
factory_9,frequency_response.csv,103,freq_hz,5077.481445,5077.481445,0.0
factory_9,frequency_response.csv,103,gain_db,-4.311682,-4.311682,0.0
factory_9,frequency_response.csv,104,time_s,6.991597,6.991597,0.0
factory_9,frequency_response.csv,104,freq_hz,5357.894531,5357.894531,0.0
factory_9,frequency_response.csv,104,gain_db,-4.42253,-4.42253,0.0
factory_9,frequency_response.csv,105,time_s,7.058824,7.058824,0.0
factory_9,frequency_response.csv,105,freq_hz,5653.793457,5653.793457,0.0
factory_9,frequency_response.csv,105,gain_db,-4.523612,-4.523612,0.0
factory_9,frequency_response.csv,106,time_s,7.12605,7.12605,0.0
factory_9,frequency_response.csv,106,freq_hz,5966.034668,5966.034668,0.0
factory_9,frequency_response.csv,106,gain_db,-4.611352,-4.611352,0.0
factory_9,frequency_response.csv,107,time_s,7.193277,7.193277,0.0
factory_9,frequency_response.csv,107,freq_hz,6295.519531,6295.519531,0.0
factory_9,frequency_response.csv,107,gain_db,-4.690607,-4.690607,0.0
factory_9,frequency_response.csv,108,time_s,7.260504,7.260504,0.0
factory_9,frequency_response.csv,108,freq_hz,6643.200684,6643.200684,0.0
factory_9,frequency_response.csv,108,gain_db,-4.757977,-4.757977,0.0
factory_9,frequency_response.csv,109,time_s,7.327731,7.327731,0.0
factory_9,frequency_response.csv,109,freq_hz,7010.083008,7010.083008,0.0
factory_9,frequency_response.csv,109,gain_db,-4.812441,-4.812441,0.0
factory_9,frequency_response.csv,110,time_s,7.394958,7.394958,0.0
factory_9,frequency_response.csv,110,freq_hz,7397.227539,7397.227539,0.0
factory_9,frequency_response.csv,110,gain_db,-4.855913,-4.855913,0.0
factory_9,frequency_response.csv,111,time_s,7.462185,7.462185,0.0
factory_9,frequency_response.csv,111,freq_hz,7805.752441,7805.752441,0.0
factory_9,frequency_response.csv,111,gain_db,-4.890823,-4.890823,0.0
factory_9,frequency_response.csv,112,time_s,7.529412,7.529412,0.0
factory_9,frequency_response.csv,112,freq_hz,8236.839844,8236.839844,0.0
factory_9,frequency_response.csv,112,gain_db,-4.920507,-4.920507,0.0
factory_9,frequency_response.csv,113,time_s,7.596639,7.596639,0.0
factory_9,frequency_response.csv,113,freq_hz,8691.733398,8691.733398,0.0
factory_9,frequency_response.csv,113,gain_db,-4.949255,-4.949255,0.0
factory_9,frequency_response.csv,114,time_s,7.663866,7.663866,0.0
factory_9,frequency_response.csv,114,freq_hz,9171.75,9171.75,0.0
factory_9,frequency_response.csv,114,gain_db,-4.977501,-4.977501,0.0
factory_9,frequency_response.csv,115,time_s,7.731092,7.731092,0.0
factory_9,frequency_response.csv,115,freq_hz,9678.276367,9678.276367,0.0
factory_9,frequency_response.csv,115,gain_db,-4.999462,-4.999462,0.0
factory_9,frequency_response.csv,116,time_s,7.798319,7.798319,0.0
factory_9,frequency_response.csv,116,freq_hz,10212.776367,10212.776367,0.0
factory_9,frequency_response.csv,116,gain_db,-5.014009,-5.014009,0.0
factory_9,frequency_response.csv,117,time_s,7.865546,7.865546,0.0
factory_9,frequency_response.csv,117,freq_hz,10776.795898,10776.795898,0.0
factory_9,frequency_response.csv,117,gain_db,-5.017111,-5.017111,0.0
factory_9,frequency_response.csv,118,time_s,7.932773,7.932773,0.0
factory_9,frequency_response.csv,118,freq_hz,11371.962891,11371.962891,0.0
factory_9,frequency_response.csv,118,gain_db,-5.009895,-5.009895,0.0
factory_9,frequency_response.csv,119,time_s,8.0,8.0,0.0
factory_9,frequency_response.csv,119,freq_hz,12000.0,12000.0,0.0
factory_9,frequency_response.csv,119,gain_db,-4.997823,-4.997823,0.0
factory_9,notch_tracking.csv,0,time_s,0.336134,0.336134,0.0
factory_9,notch_tracking.csv,0,freq_hz,26.167307,26.167307,0.0
factory_9,notch_tracking.csv,0,notch_depth_db,-5.105373,-5.105373,0.0
factory_9,notch_tracking.csv,1,time_s,0.470588,0.470588,0.0
factory_9,notch_tracking.csv,1,freq_hz,29.13739,29.13739,0.0
factory_9,notch_tracking.csv,1,notch_depth_db,-5.106392,-5.106392,0.0
factory_9,notch_tracking.csv,2,time_s,0.739496,0.739496,0.0
factory_9,notch_tracking.csv,2,freq_hz,36.127167,36.127167,0.0
factory_9,notch_tracking.csv,2,notch_depth_db,-4.791801,-4.791801,0.0
factory_9,notch_tracking.csv,3,time_s,1.546218,1.546218,0.0
factory_9,notch_tracking.csv,3,freq_hz,68.862625,68.862625,0.0
factory_9,notch_tracking.csv,3,notch_depth_db,-4.64923,-4.64923,0.0
factory_9,notch_tracking.csv,4,time_s,2.621849,2.621849,0.0
factory_9,notch_tracking.csv,4,freq_hz,162.748337,162.748337,0.0
factory_9,notch_tracking.csv,4,notch_depth_db,-7.593294,-7.593294,0.0
factory_9,notch_tracking.csv,5,time_s,3.294118,3.294118,0.0
factory_9,notch_tracking.csv,5,freq_hz,278.595856,278.595856,0.0
factory_9,notch_tracking.csv,5,notch_depth_db,-7.556141,-7.556141,0.0
factory_9,notch_tracking.csv,6,time_s,3.563025,3.563025,0.0
factory_9,notch_tracking.csv,6,freq_hz,345.428284,345.428284,0.0
factory_9,notch_tracking.csv,6,notch_depth_db,-7.534941,-7.534941,0.0
factory_9,notch_tracking.csv,7,time_s,4.840336,4.840336,0.0
factory_9,notch_tracking.csv,7,freq_hz,959.242249,959.242249,0.0
factory_9,notch_tracking.csv,7,notch_depth_db,-4.434689,-4.434689,0.0
factory_9,notch_tracking.csv,8,time_s,7.865546,7.865546,0.0
factory_9,notch_tracking.csv,8,freq_hz,10776.795898,10776.795898,0.0
factory_9,notch_tracking.csv,8,notch_depth_db,-5.017111,-5.017111,0.0
factory_9,thd_vs_drive.csv,0,sine_level_db,-24.0,-24.0,0.0
factory_9,thd_vs_drive.csv,0,thd_ratio,0.000259,0.000259,0.0
factory_9,thd_vs_drive.csv,0,thd_db,-71.737549,-71.737549,0.0
factory_9,thd_vs_drive.csv,0,broadband_hf_db,-82.683739,-82.683739,0.0
factory_9,thd_vs_drive.csv,1,sine_level_db,-18.0,-18.0,0.0
factory_9,thd_vs_drive.csv,1,thd_ratio,0.001086,0.001086,0.0
factory_9,thd_vs_drive.csv,1,thd_db,-59.283836,-59.283836,0.0
factory_9,thd_vs_drive.csv,1,broadband_hf_db,-82.687836,-82.687836,0.0
factory_9,thd_vs_drive.csv,2,sine_level_db,-12.0,-12.0,0.0
factory_9,thd_vs_drive.csv,2,thd_ratio,0.004866,0.004866,0.0
factory_9,thd_vs_drive.csv,2,thd_db,-46.257191,-46.257191,0.0
factory_9,thd_vs_drive.csv,2,broadband_hf_db,-82.690582,-82.690582,0.0
factory_9,thd_vs_drive.csv,3,sine_level_db,-6.0,-6.0,0.0
factory_9,thd_vs_drive.csv,3,thd_ratio,0.021733,0.021733,0.0
factory_9,thd_vs_drive.csv,3,thd_db,-33.257675,-33.257675,0.0
factory_9,thd_vs_drive.csv,3,broadband_hf_db,-82.681534,-82.681534,0.0
factory_9,thd_vs_drive.csv,4,sine_level_db,0.0,0.0,0.0
factory_9,thd_vs_drive.csv,4,thd_ratio,0.07542,0.07542,0.0
factory_9,thd_vs_drive.csv,4,thd_db,-22.45023,-22.45023,0.0
factory_9,thd_vs_drive.csv,4,broadband_hf_db,-82.7976,-82.7976,0.0
