sample_rate,combination,feedback,rate,depth,signal,rms,peak,stereo_difference_rms,mono_rms,hf_energy_dbfs,difference_rms,decay_tail_rms
44100,A_direct,0,0.18,1,0,0.527427,0.691743,0.01526,0.527602,-23.567,0,0.527196
44100,B_midpoint,0,0.18,1,0,0.39244,0.553315,0.0085424,0.395906,-35.1596,0.177482,0.401213
44100,C_os2_direct,0,0.18,1,0,0.513213,0.686512,0.0160179,0.514217,-27.8681,0.0773562,0.513298
44100,D_os2_midpoint,0,0.18,1,0,0.513213,0.686512,0.0160179,0.514217,-27.8681,0.0773562,0.513298
44100,E_os2_all,0,0.18,1,0,0.513213,0.686512,0.0160179,0.514217,-27.8681,0.0773562,0.513298
44100,F_adaa_direct,0,0.18,1,0,0.461472,0.630121,0.0129149,0.464495,-29.7828,0.161783,0.468999
44100,G_os4_direct,0,0.18,1,0,0.279851,0.4634,0.0191794,0.274203,-28.6014,0.343655,0.264987
44100,H_os2adaa_direct,0,0.18,1,0,0.489128,0.665526,0.0148542,0.491526,-27.502,0.145736,0.495057
44100,A_direct,0,0.18,1,1,0.30739,0.667803,0.0107272,0.307498,-15.5711,0,0.307482
44100,B_midpoint,0,0.18,1,1,0.190109,0.472488,0.00735952,0.191212,-19.3292,0.13148,0.192814
44100,C_os2_direct,0,0.18,1,1,0.246644,0.537067,0.0114389,0.247052,-17.0701,0.165042,0.247339
44100,D_os2_midpoint,0,0.18,1,1,0.246644,0.537067,0.0114389,0.247052,-17.0701,0.165042,0.247339
44100,E_os2_all,0,0.18,1,1,0.246644,0.537067,0.0114389,0.247052,-17.0701,0.165042,0.247339
44100,F_adaa_direct,0,0.18,1,1,0.21869,0.53332,0.00873248,0.220222,-19.6581,0.120647,0.222397
44100,G_os4_direct,0,0.18,1,1,0.206212,0.483699,0.0115417,0.206313,-16.2997,0.203307,0.206167
44100,H_os2adaa_direct,0,0.18,1,1,0.224294,0.530012,0.0109918,0.224781,-20.8134,0.171086,0.225178
44100,A_direct,0,0.18,1,2,0.127602,0.607962,0.0651524,0.13562,-54.7006,0,0.116166
44100,B_midpoint,0,0.18,1,2,0.115815,0.540695,0.0658899,0.124303,-66.1298,0.0356478,0.105798
44100,C_os2_direct,0,0.18,1,2,0.12897,0.612555,0.0652777,0.135234,-55.7952,0.0227755,0.114074
44100,D_os2_midpoint,0,0.18,1,2,0.12897,0.612555,0.0652777,0.135234,-55.7952,0.0227755,0.114074
44100,E_os2_all,0,0.18,1,2,0.12897,0.612555,0.0652777,0.135234,-55.7952,0.0227755,0.114074
44100,F_adaa_direct,0,0.18,1,2,0.120039,0.571394,0.0656752,0.128486,-61.4464,0.0278944,0.109755
44100,G_os4_direct,0,0.18,1,2,0.11673,0.54133,0.0659221,0.122617,-57.5676,0.0692638,0.101311
44100,H_os2adaa_direct,0,0.18,1,2,0.125521,0.605448,0.0654755,0.131935,-57.6823,0.0328269,0.111072
44100,A_direct,0,0.18,1,3,0.00332172,0.597746,6.70701e-05,0.00332091,-194.697,0,9.47622e-16
44100,B_midpoint,0,0.18,1,3,0.00313133,0.554207,8.86933e-05,0.00313074,-204.477,0.000537968,8.47452e-16
44100,C_os2_direct,0,0.18,1,3,0.00333162,0.542781,6.07887e-05,0.00333199,-158.28,0.00149011,1.14683e-15
44100,D_os2_midpoint,0,0.18,1,3,0.00333162,0.542781,6.07887e-05,0.00333199,-158.28,0.00149011,1.14683e-15
44100,E_os2_all,0,0.18,1,3,0.00333162,0.542781,6.07887e-05,0.00333199,-158.28,0.00149011,1.14683e-15
44100,F_adaa_direct,0,0.18,1,3,0.00322949,0.566418,9.82335e-05,0.00322881,-195.668,0.000576081,8.11318e-16
44100,G_os4_direct,0,0.18,1,3,0.00335167,0.542781,6.17435e-05,0.00335199,-156.532,0.00153967,1.15738e-15
44100,H_os2adaa_direct,0,0.18,1,3,0.00323062,0.542781,6.5518e-05,0.00323116,-159.946,0.00125947,1.05307e-15
44100,A_direct,0,0.18,1,4,9.75781e-09,5.96046e-08,1.09738e-08,7.7876e-09,-195.373,0,8.44129e-15
44100,B_midpoint,0,0.18,1,4,9.75781e-09,5.96046e-08,1.09738e-08,7.78401e-09,-195.372,3.29366e-10,8.45092e-15
44100,C_os2_direct,0,0.18,1,4,9.75781e-09,5.96046e-08,1.09739e-08,7.78637e-09,-195.37,8.06319e-10,8.47021e-15
44100,D_os2_midpoint,0,0.18,1,4,9.75781e-09,5.96046e-08,1.09739e-08,7.78637e-09,-195.37,8.06319e-10,8.47021e-15
44100,E_os2_all,0,0.18,1,4,9.75781e-09,5.96046e-08,1.09739e-08,7.78637e-09,-195.37,8.06319e-10,8.47021e-15
44100,F_adaa_direct,0,0.18,1,4,9.75781e-09,5.96046e-08,1.09771e-08,7.7876e-09,-195.373,3.29366e-10,8.44129e-15
44100,G_os4_direct,0,0.18,1,4,9.75781e-09,5.96046e-08,1.09771e-08,7.78761e-09,-195.37,9.87098e-10,8.47987e-15
44100,H_os2adaa_direct,0,0.18,1,4,9.75781e-09,5.96046e-08,1.09739e-08,7.78761e-09,-195.37,8.06319e-10,8.47021e-15
44100,A_direct,0,0.18,1,5,0,0,0,0,-300,0,0
44100,B_midpoint,0,0.18,1,5,0,0,0,0,-300,0,0
44100,C_os2_direct,0,0.18,1,5,0,0,0,0,-300,0,0
44100,D_os2_midpoint,0,0.18,1,5,0,0,0,0,-300,0,0
44100,E_os2_all,0,0.18,1,5,0,0,0,0,-300,0,0
44100,F_adaa_direct,0,0.18,1,5,0,0,0,0,-300,0,0
44100,G_os4_direct,0,0.18,1,5,0,0,0,0,-300,0,0
44100,H_os2adaa_direct,0,0.18,1,5,0,0,0,0,-300,0,0
44100,A_direct,0,1.2,0.6,0,0.528483,0.692443,0.00755993,0.528496,-23.8766,0,0.528244
44100,B_midpoint,0,1.2,0.6,0,0.413296,0.58677,0.00406681,0.413352,-33.7704,0.166427,0.42386
44100,C_os2_direct,0,1.2,0.6,0,0.516304,0.686413,0.00788003,0.516322,-27.6897,0.070096,0.517521
44100,D_os2_midpoint,0,1.2,0.6,0,0.516304,0.686413,0.00788003,0.516322,-27.6897,0.070096,0.517521
44100,E_os2_all,0,1.2,0.6,0,0.516304,0.686413,0.00788003,0.516322,-27.6897,0.070096,0.517521
44100,F_adaa_direct,0,1.2,0.6,0,0.475223,0.653513,0.00627943,0.475279,-29.1317,0.151286,0.484748
44100,G_os4_direct,0,1.2,0.6,0,0.283994,0.480632,0.00956121,0.283805,-29.5222,0.311491,0.266416
44100,H_os2adaa_direct,0,1.2,0.6,0,0.500097,0.681661,0.00731109,0.500138,-27.1558,0.135758,0.507786
44100,A_direct,0,1.2,0.6,1,0.306268,0.665427,0.0049357,0.306268,-15.561,0,0.306846
44100,B_midpoint,0,1.2,0.6,1,0.2004,0.5042,0.0033211,0.20041,-18.9386,0.120567,0.20392
44100,C_os2_direct,0,1.2,0.6,1,0.248619,0.54247,0.00527904,0.248617,-16.8518,0.150754,0.250152
44100,D_os2_midpoint,0,1.2,0.6,1,0.248619,0.54247,0.00527904,0.248617,-16.8518,0.150754,0.250152
44100,E_os2_all,0,1.2,0.6,1,0.248619,0.54247,0.00527904,0.248617,-16.8518,0.150754,0.250152
44100,F_adaa_direct,0,1.2,0.6,1,0.226967,0.553909,0.00401658,0.226988,-19.187,0.110877,0.231898
44100,G_os4_direct,0,1.2,0.6,1,0.209484,0.489305,0.00533835,0.209462,-16.1426,0.185686,0.210121
44100,H_os2adaa_direct,0,1.2,0.6,1,0.228219,0.536655,0.00507754,0.228216,-20.1294,0.155992,0.230015
44100,A_direct,0,1.2,0.6,2,0.168013,0.656358,0.0180433,0.167692,-53.2859,0,0.168187
44100,B_midpoint,0,1.2,0.6,2,0.16073,0.614709,0.0181163,0.160373,-62.661,0.0322717,0.162005
44100,C_os2_direct,0,1.2,0.6,2,0.167626,0.647141,0.0180363,0.167285,-54.6712,0.0224079,0.164843
44100,D_os2_midpoint,0,1.2,0.6,2,0.167626,0.647141,0.0180363,0.167285,-54.6712,0.0224079,0.164843
44100,E_os2_all,0,1.2,0.6,2,0.167626,0.647141,0.0180363,0.167285,-54.6712,0.0224079,0.164843
44100,F_adaa_direct,0,1.2,0.6,2,0.163531,0.640133,0.0181016,0.163184,-58.5191,0.0252135,0.164641
44100,G_os4_direct,0,1.2,0.6,2,0.158336,0.545757,0.0181109,0.157974,-59.646,0.0638449,0.155419
44100,H_os2adaa_direct,0,1.2,0.6,2,0.165505,0.638577,0.018059,0.165152,-56.6193,0.031141,0.163166
44100,A_direct,0,1.2,0.6,3,0.00338059,0.608101,4.96486e-05,0.00338103,-196.177,0,6.99712e-16
44100,B_midpoint,0,1.2,0.6,3,0.00320103,0.567765,6.57939e-05,0.00320108,-206.378,0.000527506,6.21301e-16
44100,C_os2_direct,0,1.2,0.6,3,0.00336041,0.557373,4.68e-05,0.00335992,-159.172,0.00139128,8.26518e-16
44100,D_os2_midpoint,0,1.2,0.6,3,0.00336041,0.557373,4.68e-05,0.00335992,-159.172,0.00139128,8.26518e-16
44100,E_os2_all,0,1.2,0.6,3,0.00336041,0.557373,4.68e-05,0.00335992,-159.172,0.00139128,8.26518e-16
44100,F_adaa_direct,0,1.2,0.6,3,0.00329026,0.578766,7.29988e-05,0.00329032,-197.112,0.000558336,5.9407e-16
44100,G_os4_direct,0,1.2,0.6,3,0.00337657,0.557373,4.74508e-05,0.00337611,-157.433,0.0014369,8.33902e-16
44100,H_os2adaa_direct,0,1.2,0.6,3,0.00328068,0.557373,5.18374e-05,0.00328008,-160.806,0.00119571,7.59707e-16
44100,A_direct,0,1.2,0.6,4,5.28008e-18,4.56089e-17,5.76768e-19,4.99169e-18,-300,0,7.20602e-30
44100,B_midpoint,0,1.2,0.6,4,5.31083e-18,4.58746e-17,5.78655e-19,5.02151e-18,-300,3.0758e-20,7.248e-30
44100,C_os2_direct,0,1.2,0.6,4,5.35006e-18,4.62134e-17,5.82232e-19,5.05894e-18,-300,6.99853e-20,7.30155e-30
44100,D_os2_midpoint,0,1.2,0.6,4,5.35006e-18,4.62134e-17,5.82232e-19,5.05894e-18,-300,6.99853e-20,7.30155e-30
44100,E_os2_all,0,1.2,0.6,4,5.35006e-18,4.62134e-17,5.82232e-19,5.05894e-18,-300,6.99853e-20,7.30155e-30
44100,F_adaa_direct,0,1.2,0.6,4,5.29652e-18,4.5751e-17,5.77828e-19,5.00761e-18,-300,1.64459e-20,7.22845e-30
44100,G_os4_direct,0,1.2,0.6,4,5.38384e-18,4.65052e-17,5.84874e-19,5.0914e-18,-300,1.03764e-19,7.34764e-30
44100,H_os2adaa_direct,0,1.2,0.6,4,5.35562e-18,4.62615e-17,5.82709e-19,5.06427e-18,-300,7.55484e-20,7.30913e-30
44100,A_direct,0,1.2,0.6,5,0,0,0,0,-300,0,0
44100,B_midpoint,0,1.2,0.6,5,0,0,0,0,-300,0,0
44100,C_os2_direct,0,1.2,0.6,5,0,0,0,0,-300,0,0
44100,D_os2_midpoint,0,1.2,0.6,5,0,0,0,0,-300,0,0
44100,E_os2_all,0,1.2,0.6,5,0,0,0,0,-300,0,0
44100,F_adaa_direct,0,1.2,0.6,5,0,0,0,0,-300,0,0
44100,G_os4_direct,0,1.2,0.6,5,0,0,0,0,-300,0,0
44100,H_os2adaa_direct,0,1.2,0.6,5,0,0,0,0,-300,0,0
44100,A_direct,0,7,1,0,0.527544,0.692725,0.0105453,0.527552,-23.922,0,0.527697
44100,B_midpoint,0,7,1,0,0.418677,0.599156,0.0057398,0.41857,-33.3314,0.185982,0.414643
44100,C_os2_direct,0,7,1,0,0.517672,0.686377,0.0110464,0.517637,-27.3063,0.0695539,0.517101
44100,D_os2_midpoint,0,7,1,0,0.517672,0.686377,0.0110464,0.517637,-27.3063,0.0695539,0.517101
44100,E_os2_all,0,7,1,0,0.517672,0.686377,0.0110464,0.517637,-27.3063,0.0695539,0.517101
44100,F_adaa_direct,0,7,1,0,0.48306,0.664511,0.00899311,0.482975,-28.6579,0.164198,0.479886
44100,G_os4_direct,0,7,1,0,0.244493,0.440072,0.0137008,0.244435,-29.2122,0.328292,0.249608
44100,H_os2adaa_direct,0,7,1,0,0.506164,0.685759,0.0103496,0.506087,-26.9004,0.1432,0.503686
44100,A_direct,0,7,1,1,0.307512,0.669992,0.00655565,0.307505,-15.5557,0,0.307695
44100,B_midpoint,0,7,1,1,0.199287,0.501457,0.00440076,0.199237,-19.3029,0.130356,0.197884
44100,C_os2_direct,0,7,1,1,0.249757,0.53986,0.00705829,0.249725,-16.7348,0.161953,0.249368
44100,D_os2_midpoint,0,7,1,1,0.249757,0.53986,0.00705829,0.249725,-16.7348,0.161953,0.249368
44100,E_os2_all,0,7,1,1,0.249757,0.53986,0.00705829,0.249725,-16.7348,0.161953,0.249368
44100,F_adaa_direct,0,7,1,1,0.230476,0.552579,0.00543056,0.230417,-19.4647,0.120023,0.228747
44100,G_os4_direct,0,7,1,1,0.209064,0.493822,0.00717897,0.209007,-16.0326,0.199094,0.20856
44100,H_os2adaa_direct,0,7,1,1,0.228517,0.532405,0.00681279,0.228477,-20.228,0.167854,0.227888
44100,A_direct,0,7,1,2,0.197013,0.695433,0.0229811,0.196612,-52.9028,0,0.156794
44100,B_midpoint,0,7,1,2,0.19052,0.675962,0.0231772,0.190081,-62.7347,0.0356831,0.14961
44100,C_os2_direct,0,7,1,2,0.194119,0.691856,0.0230071,0.193702,-54.1789,0.0235086,0.153746
44100,D_os2_midpoint,0,7,1,2,0.194119,0.691856,0.0230071,0.193702,-54.1789,0.0235086,0.153746
44100,E_os2_all,0,7,1,2,0.194119,0.691856,0.0230071,0.193702,-54.1789,0.0235086,0.153746
44100,F_adaa_direct,0,7,1,2,0.193433,0.691131,0.0231268,0.193005,-58.1792,0.0279113,0.152614
44100,G_os4_direct,0,7,1,2,0.184146,0.610777,0.0231974,0.183705,-58.7142,0.0696052,0.143579
44100,H_os2adaa_direct,0,7,1,2,0.19245,0.689175,0.0230605,0.192021,-55.9891,0.0333358,0.151799
44100,A_direct,0,7,1,3,0.00331395,0.594911,2.62828e-05,0.00331436,-197.978,0,2.49645e-16
44100,B_midpoint,0,7,1,3,0.00312905,0.553527,3.50071e-05,0.00312917,-209.233,0.000566808,2.08533e-16
44100,C_os2_direct,0,7,1,3,0.00333574,0.542781,2.88303e-05,0.00333564,-158.288,0.00151743,3.36306e-16
44100,D_os2_midpoint,0,7,1,3,0.00333574,0.542781,2.88303e-05,0.00333564,-158.288,0.00151743,3.36306e-16
44100,E_os2_all,0,7,1,3,0.00333574,0.542781,2.88303e-05,0.00333564,-158.288,0.00151743,3.36306e-16
44100,F_adaa_direct,0,7,1,3,0.00322665,0.565055,3.96196e-05,0.0032268,-200.141,0.000597969,1.94902e-16
44100,G_os4_direct,0,7,1,3,0.00335535,0.542781,2.94258e-05,0.00335527,-156.547,0.00156937,3.40946e-16
44100,H_os2adaa_direct,0,7,1,3,0.00323749,0.542781,3.0026e-05,0.00323724,-159.953,0.00129587,2.94837e-16
44100,A_direct,0,7,1,4,5.16661e-19,4.46288e-18,5.6484e-19,2.34241e-19,-300,0,7.05119e-31
44100,B_midpoint,0,7,1,4,5.31929e-19,4.59476e-18,5.6629e-19,2.48783e-19,-300,1.52674e-20,7.25957e-31
44100,C_os2_direct,0,7,1,4,5.4452e-19,4.70352e-18,5.67358e-19,2.60841e-19,-300,2.78588e-20,7.43137e-31
44100,D_os2_midpoint,0,7,1,4,5.4452e-19,4.70352e-18,5.67358e-19,2.60841e-19,-300,2.78588e-20,7.43137e-31
44100,E_os2_all,0,7,1,4,5.4452e-19,4.70352e-18,5.67358e-19,2.60841e-19,-300,2.78588e-20,7.43137e-31
44100,F_adaa_direct,0,7,1,4,5.24768e-19,4.53291e-18,5.65577e-19,2.4198e-19,-300,8.10717e-21,7.16185e-31
44100,G_os4_direct,0,7,1,4,5.57555e-19,4.81612e-18,5.68516e-19,2.73297e-19,-300,4.08935e-20,7.60927e-31
44100,H_os2adaa_direct,0,7,1,4,5.46717e-19,4.7225e-18,5.67571e-19,2.62931e-19,-300,3.00553e-20,7.46135e-31
44100,A_direct,0,7,1,5,0,0,0,0,-300,0,0
44100,B_midpoint,0,7,1,5,0,0,0,0,-300,0,0
44100,C_os2_direct,0,7,1,5,0,0,0,0,-300,0,0
44100,D_os2_midpoint,0,7,1,5,0,0,0,0,-300,0,0
44100,E_os2_all,0,7,1,5,0,0,0,0,-300,0,0
44100,F_adaa_direct,0,7,1,5,0,0,0,0,-300,0,0
44100,G_os4_direct,0,7,1,5,0,0,0,0,-300,0,0
44100,H_os2adaa_direct,0,7,1,5,0,0,0,0,-300,0,0
44100,A_direct,0,1.2,0,0,0.529175,0.692533,0.000137068,0.529164,-23.9624,0,0.529147
44100,B_midpoint,0,1.2,0,0,0.419485,0.570626,7.40573e-05,0.41945,-33.6605,0.141414,0.419467
44100,C_os2_direct,0,1.2,0,0,0.516419,0.685656,0.000146628,0.516398,-27.8386,0.0676684,0.516401
44100,D_os2_midpoint,0,1.2,0,0,0.516419,0.685656,0.000146628,0.516398,-27.8386,0.0676684,0.516401
44100,E_os2_all,0,1.2,0,0,0.516419,0.685656,0.000146628,0.516398,-27.8386,0.0676684,0.516401
44100,F_adaa_direct,0,1.2,0,0,0.47556,0.632681,0.000103553,0.47552,-29.4094,0.134099,0.47554
44100,G_os4_direct,0,1.2,0,0,0.324876,0.496283,0.00016856,0.324946,-30.1161,0.28851,0.324849
44100,H_os2adaa_direct,0,1.2,0,0,0.500807,0.668744,0.000129916,0.500769,-27.1654,0.124257,0.500784
44100,A_direct,0,1.2,0,1,0.302405,0.655615,9.23663e-05,0.302399,-15.5977,0,0.302449
44100,B_midpoint,0,1.2,0,1,0.207962,0.488117,5.92908e-05,0.207951,-18.3887,0.103416,0.207995
44100,C_os2_direct,0,1.2,0,1,0.248229,0.547277,9.69853e-05,0.248221,-16.8944,0.129721,0.248222
44100,D_os2_midpoint,0,1.2,0,1,0.248229,0.547277,9.69853e-05,0.248221,-16.8944,0.129721,0.248222
44100,E_os2_all,0,1.2,0,1,0.248229,0.547277,9.69853e-05,0.248221,-16.8944,0.129721,0.248222
44100,F_adaa_direct,0,1.2,0,1,0.228153,0.530056,7.04335e-05,0.228135,-18.6688,0.0949145,0.22819
44100,G_os4_direct,0,1.2,0,1,0.213602,0.498705,9.77551e-05,0.213601,-16.2329,0.160339,0.213601
44100,H_os2adaa_direct,0,1.2,0,1,0.230378,0.538496,9.17866e-05,0.230371,-19.6474,0.133911,0.230367
44100,A_direct,0,1.2,0,2,0.133497,0.605143,0.000575532,0.13346,-56.1272,0,0.108805
44100,B_midpoint,0,1.2,0,2,0.124112,0.556016,0.000581168,0.124081,-65.3518,0.0276083,0.100308
44100,C_os2_direct,0,1.2,0,2,0.133193,0.617399,0.000575557,0.133181,-57.7171,0.0203533,0.108675
44100,D_os2_midpoint,0,1.2,0,2,0.133193,0.617399,0.000575557,0.133181,-57.7171,0.0203533,0.108675
44100,E_os2_all,0,1.2,0,2,0.133193,0.617399,0.000575557,0.133181,-57.7171,0.0203533,0.108675
44100,F_adaa_direct,0,1.2,0,2,0.127374,0.579344,0.000580096,0.127338,-62.1214,0.0215495,0.103233
44100,G_os4_direct,0,1.2,0,2,0.122574,0.549145,0.000580205,0.122578,-60.3816,0.0555893,0.0989299
44100,H_os2adaa_direct,0,1.2,0,2,0.130294,0.606326,0.000577354,0.130284,-59.6984,0.0276265,0.106024
44100,A_direct,0,1.2,0,3,0.00346594,0.623753,2.06234e-06,0.00346596,-198.18,0,3.74293e-16
44100,B_midpoint,0,1.2,0,3,0.00330142,0.587574,2.69385e-06,0.00330143,-207.821,0.000493018,3.21226e-16
44100,C_os2_direct,0,1.2,0,3,0.00340914,0.57852,2.15875e-06,0.00340912,-160.664,0.00123629,4.33999e-16
44100,D_os2_midpoint,0,1.2,0,3,0.00340914,0.57852,2.15875e-06,0.00340912,-160.664,0.00123629,4.33999e-16
44100,E_os2_all,0,1.2,0,3,0.00340914,0.57852,2.15875e-06,0.00340912,-160.664,0.00123629,4.33999e-16
44100,F_adaa_direct,0,1.2,0,3,0.00337706,0.597014,2.99389e-06,0.00337707,-199.496,0.000515341,3.04004e-16
44100,G_os4_direct,0,1.2,0,3,0.00342049,0.57852,2.18773e-06,0.00342047,-158.937,0.00127466,4.37935e-16
44100,H_os2adaa_direct,0,1.2,0,3,0.00335396,0.57852,2.37481e-06,0.00335393,-162.255,0.00108278,3.94656e-16
44100,A_direct,0,1.2,0,4,9.61223e-19,8.30298e-18,1.60086e-20,9.53219e-19,-300,0,1.31183e-30
44100,B_midpoint,0,1.2,0,4,9.80142e-19,8.4664e-18,1.60457e-20,9.72119e-19,-300,1.8919e-20,1.33766e-30
44100,C_os2_direct,0,1.2,0,4,9.99665e-19,8.63502e-18,1.60965e-20,9.91617e-19,-300,3.84417e-20,1.3643e-30
44100,D_os2_midpoint,0,1.2,0,4,9.99665e-19,8.63502e-18,1.60965e-20,9.91617e-19,-300,3.84417e-20,1.3643e-30
44100,E_os2_all,0,1.2,0,4,9.99665e-19,8.63502e-18,1.60965e-20,9.91617e-19,-300,3.84417e-20,1.3643e-30
44100,F_adaa_direct,0,1.2,0,4,9.71252e-19,8.3896e-18,1.60306e-20,9.63236e-19,-300,1.00285e-20,1.32553e-30
44100,G_os4_direct,0,1.2,0,4,1.01821e-18,8.79523e-18,1.61414e-20,1.01014e-18,-300,5.69884e-20,1.38961e-30
44100,H_os2adaa_direct,0,1.2,0,4,1.00271e-18,8.66134e-18,1.60924e-20,9.94664e-19,-300,4.14871e-20,1.36846e-30
44100,A_direct,0,1.2,0,5,0,0,0,0,-300,0,0
44100,B_midpoint,0,1.2,0,5,0,0,0,0,-300,0,0
44100,C_os2_direct,0,1.2,0,5,0,0,0,0,-300,0,0
44100,D_os2_midpoint,0,1.2,0,5,0,0,0,0,-300,0,0
44100,E_os2_all,0,1.2,0,5,0,0,0,0,-300,0,0
44100,F_adaa_direct,0,1.2,0,5,0,0,0,0,-300,0,0
44100,G_os4_direct,0,1.2,0,5,0,0,0,0,-300,0,0
44100,H_os2adaa_direct,0,1.2,0,5,0,0,0,0,-300,0,0
44100,A_direct,0.25,0.18,1,0,0.532188,0.688575,0.020335,0.533254,-23.2083,0,0.532255
44100,B_midpoint,0.25,0.18,1,0,0.381151,0.538538,0.00752363,0.384288,-35.9858,0.169185,0.388709
44100,C_os2_direct,0.25,0.18,1,0,0.51305,0.691211,0.0128783,0.513204,-29.2659,0.062554,0.514064
44100,D_os2_midpoint,0.25,0.18,1,0,0.511697,0.690804,0.0162753,0.512012,-29.145,0.0606927,0.512546
44100,E_os2_all,0.25,0.18,1,0,0.509269,0.6806,0.0188436,0.511192,-27.9924,0.0683587,0.510896
44100,F_adaa_direct,0.25,0.18,1,0,0.432458,0.604416,0.013593,0.436808,-31.6669,0.163875,0.441974
44100,G_os4_direct,0.25,0.18,1,0,0.245004,0.427368,0.0259342,0.239581,-28.4912,0.36962,0.228685
44100,H_os2adaa_direct,0.25,0.18,1,0,0.503516,0.669657,0.0130452,0.504711,-27.9141,0.0653975,0.506905
44100,A_direct,0.25,0.18,1,1,0.305564,0.663612,0.0199414,0.30709,-16.3537,0,0.308489
44100,B_midpoint,0.25,0.18,1,1,0.187454,0.46803,0.00990382,0.188389,-19.3664,0.13091,0.18946
44100,C_os2_direct,0.25,0.18,1,1,0.230358,0.518941,0.0158282,0.229536,-18.1172,0.208601,0.226911
44100,D_os2_midpoint,0.25,0.18,1,1,0.25505,0.556774,0.0126402,0.254213,-17.2993,0.177019,0.252984
44100,E_os2_all,0.25,0.18,1,1,0.231628,0.511102,0.0111146,0.233827,-17.6639,0.15878,0.236102
44100,F_adaa_direct,0.25,0.18,1,1,0.203844,0.513636,0.0145929,0.205754,-19.6773,0.117185,0.207523
44100,G_os4_direct,0.25,0.18,1,1,0.211086,0.486899,0.0175905,0.210141,-15.2121,0.24398,0.208564
44100,H_os2adaa_direct,0.25,0.18,1,1,0.238788,0.557603,0.0145002,0.237569,-20.7899,0.191699,0.235875
44100,A_direct,0.25,0.18,1,2,0.122576,0.550934,0.0581781,0.136399,-53.5009,0,0.117333
44100,B_midpoint,0.25,0.18,1,2,0.106023,0.463483,0.0584655,0.120666,-67.0255,0.0390423,0.101747
44100,C_os2_direct,0.25,0.18,1,2,0.119693,0.549711,0.0580639,0.130783,-59.3672,0.0326081,0.108825
44100,D_os2_midpoint,0.25,0.18,1,2,0.124411,0.571757,0.0578253,0.134815,-55.5675,0.032555,0.112329
44100,E_os2_all,0.25,0.18,1,2,0.121082,0.544088,0.0577977,0.132012,-55.9215,0.0241999,0.110657
44100,F_adaa_direct,0.25,0.18,1,2,0.108196,0.485403,0.058548,0.123112,-63.0487,0.0336197,0.104385
44100,G_os4_direct,0.25,0.18,1,2,0.110575,0.505422,0.0585343,0.121088,-47.4636,0.0960848,0.098452
44100,H_os2adaa_direct,0.25,0.18,1,2,0.118531,0.546379,0.0580676,0.129611,-60.1878,0.0281869,0.107717
44100,A_direct,0.25,0.18,1,3,0.00332157,0.592294,9.40555e-05,0.00332029,-187.893,0,4.6334e-14
44100,B_midpoint,0.25,0.18,1,3,0.00314306,0.551475,0.000130753,0.00314149,-197.617,0.000596412,3.92841e-14
44100,C_os2_direct,0.25,0.18,1,3,0.00340354,0.540616,0.000118504,0.00340358,-154.679,0.00169362,6.65965e-14
44100,D_os2_midpoint,0.25,0.18,1,3,0.00334558,0.540616,9.93663e-05,0.00334603,-157.879,0.00158364,6.22292e-14
44100,E_os2_all,0.25,0.18,1,3,0.0033995,0.540616,0.000107934,0.00339926,-151.103,0.00169186,9.23585e-14
44100,F_adaa_direct,0.25,0.18,1,3,0.00325598,0.563309,0.000138715,0.00325438,-188.878,0.000552235,3.77679e-14
44100,G_os4_direct,0.25,0.18,1,3,0.00342749,0.540616,0.000117624,0.00342707,-151.533,0.00177042,6.84591e-14
44100,H_os2adaa_direct,0.25,0.18,1,3,0.00325109,0.540616,0.000104286,0.00325213,-158.573,0.00140343,5.79603e-14
44100,A_direct,0.25,0.18,1,4,1.72586e-08,7.25434e-08,1.85089e-08,1.22417e-08,-176.985,0,1.84249e-08
44100,B_midpoint,0.25,0.18,1,4,1.70496e-08,7.25826e-08,1.82899e-08,1.20283e-08,-177.81,1.26586e-08,1.85192e-08
44100,C_os2_direct,0.25,0.18,1,4,1.69682e-08,7.23185e-08,1.84118e-08,1.20506e-08,-173.837,1.36512e-08,1.80819e-08
44100,D_os2_midpoint,0.25,0.18,1,4,1.70035e-08,7.25205e-08,1.80104e-08,1.20455e-08,-174.288,1.40435e-08,1.84204e-08
44100,E_os2_all,0.25,0.18,1,4,1.73375e-08,7.27479e-08,1.86055e-08,1.23369e-08,-171.225,1.5328e-08,1.80789e-08
44100,F_adaa_direct,0.25,0.18,1,4,1.71947e-08,7.2531e-08,1.85383e-08,1.20923e-08,-177.591,8.20452e-09,1.84756e-08
44100,G_os4_direct,0.25,0.18,1,4,1.73695e-08,7.23784e-08,1.88536e-08,1.23759e-08,-168.445,1.57385e-08,1.78249e-08
44100,H_os2adaa_direct,0.25,0.18,1,4,1.68505e-08,7.24066e-08,1.77505e-08,1.1815e-08,-174.915,1.39992e-08,1.81235e-08
44100,A_direct,0.25,0.18,1,5,0,0,0,0,-300,0,0
44100,B_midpoint,0.25,0.18,1,5,0,0,0,0,-300,0,0
44100,C_os2_direct,0.25,0.18,1,5,0,0,0,0,-300,0,0
44100,D_os2_midpoint,0.25,0.18,1,5,0,0,0,0,-300,0,0
44100,E_os2_all,0.25,0.18,1,5,0,0,0,0,-300,0,0
44100,F_adaa_direct,0.25,0.18,1,5,0,0,0,0,-300,0,0
44100,G_os4_direct,0.25,0.18,1,5,0,0,0,0,-300,0,0
44100,H_os2adaa_direct,0.25,0.18,1,5,0,0,0,0,-300,0,0
44100,A_direct,0.25,1.2,0.6,0,0.534569,0.690941,0.0103175,0.534592,-23.4932,0,0.53554
44100,B_midpoint,0.25,1.2,0.6,0,0.401736,0.571725,0.00358538,0.401779,-34.6332,0.159338,0.410948
44100,C_os2_direct,0.25,1.2,0.6,0,0.515316,0.69085,0.00618795,0.515311,-28.7517,0.0561215,0.516268
44100,D_os2_midpoint,0.25,1.2,0.6,0,0.514149,0.690506,0.00789953,0.514155,-28.7609,0.0565512,0.515
44100,E_os2_all,0.25,1.2,0.6,0,0.515037,0.685489,0.00949376,0.515067,-27.6535,0.0619487,0.518393
44100,F_adaa_direct,0.25,1.2,0.6,0,0.451135,0.63575,0.00672846,0.451198,-30.738,0.155755,0.463617
44100,G_os4_direct,0.25,1.2,0.6,0,0.255042,0.44599,0.0128313,0.254736,-29.2141,0.333571,0.238575
44100,H_os2adaa_direct,0.25,1.2,0.6,0,0.510348,0.677982,0.00625512,0.510367,-27.4499,0.0621753,0.514505
44100,A_direct,0.25,1.2,0.6,1,0.309717,0.664874,0.00987096,0.309713,-16.256,0,0.314968
44100,B_midpoint,0.25,1.2,0.6,1,0.197639,0.511514,0.00542742,0.197636,-18.9856,0.126577,0.200635
44100,C_os2_direct,0.25,1.2,0.6,1,0.230204,0.523821,0.00803346,0.230136,-17.8188,0.196175,0.227257
44100,D_os2_midpoint,0.25,1.2,0.6,1,0.254321,0.561955,0.00622322,0.254282,-17.06,0.168567,0.252009
44100,E_os2_all,0.25,1.2,0.6,1,0.240567,0.545977,0.00562774,0.240576,-17.4464,0.14978,0.247129
44100,F_adaa_direct,0.25,1.2,0.6,1,0.214664,0.537792,0.00758546,0.214657,-19.2392,0.113274,0.220324
44100,G_os4_direct,0.25,1.2,0.6,1,0.212,0.481948,0.00828641,0.211906,-15.1004,0.226471,0.210093
44100,H_os2adaa_direct,0.25,1.2,0.6,1,0.237879,0.568493,0.00750246,0.237831,-20.1912,0.183381,0.234582
44100,A_direct,0.25,1.2,0.6,2,0.182417,0.647257,0.02237,0.181231,-48.5004,0,0.197959
44100,B_midpoint,0.25,1.2,0.6,2,0.174151,0.592252,0.0223222,0.172934,-63.4474,0.0409311,0.188411
44100,C_os2_direct,0.25,1.2,0.6,2,0.180071,0.616282,0.0221082,0.178883,-57.162,0.0344803,0.189335
44100,D_os2_midpoint,0.25,1.2,0.6,2,0.181955,0.622605,0.021957,0.180791,-54.1902,0.0339095,0.190496
44100,E_os2_all,0.25,1.2,0.6,2,0.180575,0.628245,0.0216095,0.179355,-53.1058,0.0258392,0.190826
44100,F_adaa_direct,0.25,1.2,0.6,2,0.175186,0.610222,0.0224601,0.17397,-59.7638,0.0358013,0.190358
44100,G_os4_direct,0.25,1.2,0.6,2,0.173123,0.567395,0.0220033,0.171881,-50.1966,0.0868673,0.182979
44100,H_os2adaa_direct,0.25,1.2,0.6,2,0.17941,0.614059,0.0220838,0.178213,-58.1204,0.0317939,0.188772
44100,A_direct,0.25,1.2,0.6,3,0.00338104,0.60307,7.16131e-05,0.00338163,-187.832,0,3.60944e-14
44100,B_midpoint,0.25,1.2,0.6,3,0.00321124,0.565157,9.93356e-05,0.00321159,-197.925,0.000620025,2.96003e-14
44100,C_os2_direct,0.25,1.2,0.6,3,0.00341965,0.555213,8.71843e-05,0.00341875,-155.403,0.00162124,4.47742e-14
44100,D_os2_midpoint,0.25,1.2,0.6,3,0.00337153,0.555213,7.48825e-05,0.00337062,-158.702,0.00152206,4.36266e-14
44100,E_os2_all,0.25,1.2,0.6,3,0.00341611,0.555213,7.91697e-05,0.00341558,-151.759,0.00161687,5.92758e-14
44100,F_adaa_direct,0.25,1.2,0.6,3,0.00331583,0.575894,0.000105772,0.00331612,-189.261,0.000555016,3.01685e-14
44100,G_os4_direct,0.25,1.2,0.6,3,0.00343871,0.555213,8.57332e-05,0.00343816,-152.248,0.00168358,4.75695e-14
44100,H_os2adaa_direct,0.25,1.2,0.6,3,0.00330008,0.555213,8.30756e-05,0.00329877,-159.287,0.00138312,3.93084e-14
44100,A_direct,0.25,1.2,0.6,4,1.93539e-08,6.61714e-08,2.39399e-08,1.73604e-08,-174.89,0,1.56669e-08
44100,B_midpoint,0.25,1.2,0.6,4,1.91612e-08,6.55003e-08,2.3889e-08,1.71706e-08,-175.982,1.16197e-08,1.52757e-08
44100,C_os2_direct,0.25,1.2,0.6,4,1.9219e-08,6.56292e-08,2.39827e-08,1.70922e-08,-171.964,1.44509e-08,1.55707e-08
44100,D_os2_midpoint,0.25,1.2,0.6,4,1.91717e-08,6.94562e-08,2.39833e-08,1.71247e-08,-173.549,1.34628e-08,1.5395e-08
44100,E_os2_all,0.25,1.2,0.6,4,1.94278e-08,1.0902e-07,2.4053e-08,1.72581e-08,-171.084,1.52166e-08,1.50643e-08
44100,F_adaa_direct,0.25,1.2,0.6,4,1.93105e-08,6.60348e-08,2.38976e-08,1.73471e-08,-174.821,1.05817e-08,1.56196e-08
44100,G_os4_direct,0.25,1.2,0.6,4,1.92024e-08,1.14851e-07,2.41224e-08,1.70943e-08,-171.238,1.48784e-08,1.5164e-08
44100,H_os2adaa_direct,0.25,1.2,0.6,4,1.92161e-08,6.55709e-08,2.38907e-08,1.70589e-08,-172.42,1.36114e-08,1.53926e-08
44100,A_direct,0.25,1.2,0.6,5,0,0,0,0,-300,0,0
44100,B_midpoint,0.25,1.2,0.6,5,0,0,0,0,-300,0,0
44100,C_os2_direct,0.25,1.2,0.6,5,0,0,0,0,-300,0,0
44100,D_os2_midpoint,0.25,1.2,0.6,5,0,0,0,0,-300,0,0
44100,E_os2_all,0.25,1.2,0.6,5,0,0,0,0,-300,0,0
44100,F_adaa_direct,0.25,1.2,0.6,5,0,0,0,0,-300,0,0
44100,G_os4_direct,0.25,1.2,0.6,5,0,0,0,0,-300,0,0
44100,H_os2adaa_direct,0.25,1.2,0.6,5,0,0,0,0,-300,0,0
44100,A_direct,0.25,7,1,0,0.534331,0.689917,0.0148772,0.534307,-23.5353,0,0.534491
44100,B_midpoint,0.25,7,1,0,0.405235,0.583792,0.00513024,0.40512,-34.2848,0.181219,0.401404
44100,C_os2_direct,0.25,7,1,0,0.516118,0.691534,0.00823273,0.516099,-28.2186,0.0530298,0.515658
44100,D_os2_midpoint,0.25,7,1,0,0.514957,0.691242,0.0104818,0.51494,-28.2721,0.0553377,0.514517
44100,E_os2_all,0.25,7,1,0,0.516999,0.686943,0.0139689,0.516936,-27.4029,0.0613705,0.516163
44100,F_adaa_direct,0.25,7,1,0,0.463417,0.656794,0.010337,0.463281,-29.9208,0.17428,0.458568
44100,G_os4_direct,0.25,7,1,0,0.225676,0.390088,0.0170601,0.225412,-28.8688,0.34614,0.226775
44100,H_os2adaa_direct,0.25,7,1,0,0.511826,0.677384,0.00819914,0.511778,-27.2416,0.072716,0.510744
44100,A_direct,0.25,7,1,1,0.317304,0.667402,0.0126187,0.317224,-16.2862,0,0.315883
44100,B_midpoint,0.25,7,1,1,0.195424,0.499201,0.00702391,0.195357,-19.3248,0.140707,0.19424
44100,C_os2_direct,0.25,7,1,1,0.225981,0.519204,0.0110653,0.225908,-17.8466,0.207377,0.226477
44100,D_os2_midpoint,0.25,7,1,1,0.249167,0.559148,0.00874141,0.249141,-17.0377,0.181881,0.250189
44100,E_os2_all,0.25,7,1,1,0.249685,0.565976,0.0086226,0.249576,-17.5743,0.158804,0.246772
44100,F_adaa_direct,0.25,7,1,1,0.220151,0.538608,0.00897887,0.22002,-19.565,0.127894,0.217651
44100,G_os4_direct,0.25,7,1,1,0.210108,0.505974,0.00995874,0.210017,-15.0563,0.238279,0.209932
44100,H_os2adaa_direct,0.25,7,1,1,0.230192,0.563069,0.010861,0.230151,-20.4324,0.199747,0.231755
44100,A_direct,0.25,7,1,2,0.209818,0.687828,0.0331838,0.209108,-48.4089,0,0.166898
44100,B_midpoint,0.25,7,1,2,0.1987,0.677313,0.0338913,0.197971,-64.1697,0.0510674,0.152662
44100,C_os2_direct,0.25,7,1,2,0.201543,0.678988,0.0336586,0.200842,-57.8955,0.0414527,0.15576
44100,D_os2_midpoint,0.25,7,1,2,0.203095,0.679042,0.0332676,0.202418,-54.9945,0.0403241,0.157927
44100,E_os2_all,0.25,7,1,2,0.204876,0.68085,0.0322679,0.204166,-52.3355,0.0298641,0.159364
44100,F_adaa_direct,0.25,7,1,2,0.200715,0.685469,0.0337982,0.199973,-59.2535,0.0463622,0.155439
44100,G_os4_direct,0.25,7,1,2,0.195142,0.634003,0.0329762,0.194431,-50.5357,0.0924289,0.149175
44100,H_os2adaa_direct,0.25,7,1,2,0.201085,0.678428,0.03361,0.200379,-58.8994,0.0395859,0.155086
44100,A_direct,0.25,7,1,3,0.00331552,0.58959,4.01586e-05,0.00331604,-191.53,0,1.19019e-15
44100,B_midpoint,0.25,7,1,3,0.00313948,0.550827,5.46972e-05,0.00313988,-202.331,0.000717783,1.06999e-15
44100,C_os2_direct,0.25,7,1,3,0.00342437,0.540616,5.7908e-05,0.00342427,-154.029,0.00183506,1.7807e-15
44100,D_os2_midpoint,0.25,7,1,3,0.00335709,0.540616,5.05107e-05,0.00335673,-157.883,0.00170592,1.76566e-15
44100,E_os2_all,0.25,7,1,3,0.00341394,0.540616,5.18852e-05,0.00341393,-150.048,0.00181323,1.89497e-15
44100,F_adaa_direct,0.25,7,1,3,0.00325508,0.561997,6.01622e-05,0.0032555,-193.499,0.000624343,1.04917e-15
44100,G_os4_direct,0.25,7,1,3,0.00344348,0.540616,5.62609e-05,0.0034435,-150.838,0.00186868,1.7135e-15
44100,H_os2adaa_direct,0.25,7,1,3,0.00327409,0.540616,5.43478e-05,0.00327356,-158.241,0.00155599,1.53697e-15
44100,A_direct,0.25,7,1,4,3.33509e-08,8.27566e-08,2.80327e-08,2.8747e-08,-170.32,0,3.40341e-08
44100,B_midpoint,0.25,7,1,4,3.33002e-08,8.77121e-08,2.80236e-08,2.87391e-08,-172.754,1.10527e-08,3.40258e-08
44100,C_os2_direct,0.25,7,1,4,3.33559e-08,1.01296e-07,2.80959e-08,2.86814e-08,-168.648,1.33131e-08,3.40338e-08
44100,D_os2_midpoint,0.25,7,1,4,3.34786e-08,1.00438e-07,2.81675e-08,2.87464e-08,-171.206,1.36092e-08,3.42162e-08
44100,E_os2_all,0.25,7,1,4,3.34604e-08,1.01099e-07,2.82028e-08,2.89669e-08,-167.184,1.41531e-08,3.4147e-08
44100,F_adaa_direct,0.25,7,1,4,3.33229e-08,1.00289e-07,2.79545e-08,2.87133e-08,-170.679,9.33536e-09,3.40253e-08
44100,G_os4_direct,0.25,7,1,4,3.35099e-08,1.00197e-07,2.82501e-08,2.88818e-08,-168.223,1.5025e-08,3.42776e-08
44100,H_os2adaa_direct,0.25,7,1,4,3.33185e-08,1.01167e-07,2.81696e-08,2.87262e-08,-170.23,1.29937e-08,3.39862e-08
44100,A_direct,0.25,7,1,5,0,0,0,0,-300,0,0
44100,B_midpoint,0.25,7,1,5,0,0,0,0,-300,0,0
44100,C_os2_direct,0.25,7,1,5,0,0,0,0,-300,0,0
44100,D_os2_midpoint,0.25,7,1,5,0,0,0,0,-300,0,0
44100,E_os2_all,0.25,7,1,5,0,0,0,0,-300,0,0
44100,F_adaa_direct,0.25,7,1,5,0,0,0,0,-300,0,0
44100,G_os4_direct,0.25,7,1,5,0,0,0,0,-300,0,0
44100,H_os2adaa_direct,0.25,7,1,5,0,0,0,0,-300,0,0
44100,A_direct,0.25,1.2,0,0,0.535694,0.691617,0.000175746,0.535666,-23.5175,0,0.535669
44100,B_midpoint,0.25,1.2,0,0,0.410348,0.559939,7.06433e-05,0.410319,-34.3138,0.137484,0.41033
44100,C_os2_direct,0.25,1.2,0,0,0.514956,0.690199,0.000125158,0.514942,-29.0778,0.0585675,0.514932
44100,D_os2_midpoint,0.25,1.2,0,0,0.514021,0.689963,0.000156796,0.514005,-29.0322,0.056207,0.513998
44100,E_os2_all,0.25,1.2,0,0,0.517911,0.686186,0.000161204,0.517876,-27.4935,0.0589013,0.517891
44100,F_adaa_direct,0.25,1.2,0,0,0.449514,0.609158,0.000108643,0.449461,-31.1695,0.135087,0.449496
44100,G_os4_direct,0.25,1.2,0,0,0.294913,0.457161,0.000243877,0.294998,-29.9117,0.31627,0.29489
44100,H_os2adaa_direct,0.25,1.2,0,0,0.514088,0.677026,0.000121858,0.514062,-27.3929,0.0543411,0.514066
44100,A_direct,0.25,1.2,0,1,0.303431,0.658366,0.000189933,0.303403,-16.1384,0,0.303479
44100,B_midpoint,0.25,1.2,0,1,0.205741,0.483228,7.50257e-05,0.205732,-18.4482,0.109675,0.205772
44100,C_os2_direct,0.25,1.2,0,1,0.23571,0.531524,0.000140777,0.235717,-17.612,0.176207,0.235675
44100,D_os2_midpoint,0.25,1.2,0,1,0.258352,0.560788,0.00012221,0.258353,-16.9836,0.149036,0.258325
44100,E_os2_all,0.25,1.2,0,1,0.236113,0.516348,9.43756e-05,0.236088,-17.2646,0.133041,0.236111
44100,F_adaa_direct,0.25,1.2,0,1,0.216141,0.517295,0.000120306,0.216121,-18.6947,0.0972421,0.216185
44100,G_os4_direct,0.25,1.2,0,1,0.217324,0.481516,0.000193467,0.217336,-15.1558,0.206712,0.217332
44100,H_os2adaa_direct,0.25,1.2,0,1,0.244767,0.566151,0.000122948,0.244773,-19.637,0.160848,0.244721
44100,A_direct,0.25,1.2,0,2,0.119671,0.542608,0.000381997,0.119624,-55.1024,0,0.0956067
44100,B_midpoint,0.25,1.2,0,2,0.105026,0.468513,0.000387748,0.104989,-66.0642,0.030664,0.0827302
44100,C_os2_direct,0.25,1.2,0,2,0.115453,0.536529,0.000390579,0.115443,-60.476,0.0235909,0.0921529
44100,D_os2_midpoint,0.25,1.2,0,2,0.119119,0.556647,0.00039528,0.11911,-57.3248,0.0229162,0.0951746
44100,E_os2_all,0.25,1.2,0,2,0.115123,0.533689,0.000409199,0.11511,-57.4666,0.0165221,0.0917309
44100,F_adaa_direct,0.25,1.2,0,2,0.107308,0.483385,0.000383959,0.107265,-63.2808,0.0263801,0.0847637
44100,G_os4_direct,0.25,1.2,0,2,0.102419,0.465401,0.000414557,0.102433,-49.6652,0.0762975,0.079337
44100,H_os2adaa_direct,0.25,1.2,0,2,0.113989,0.531913,0.000392399,0.113981,-61.3609,0.0203761,0.0907859
44100,A_direct,0.25,1.2,0,3,0.00346763,0.61935,3.2644e-06,0.00346767,-190.597,0,1.12678e-14
44100,B_midpoint,0.25,1.2,0,3,0.00331095,0.585148,4.4672e-06,0.00331098,-200.864,0.000600047,9.56249e-15
44100,C_os2_direct,0.25,1.2,0,3,0.00345149,0.576378,3.91062e-06,0.00345145,-156.783,0.00147043,1.35795e-14
44100,D_os2_midpoint,0.25,1.2,0,3,0.00341681,0.576378,3.48111e-06,0.00341678,-160.075,0.00139018,1.28341e-14
44100,E_os2_all,0.25,1.2,0,3,0.00344959,0.576378,3.58042e-06,0.00344957,-153.15,0.00146748,1.30539e-14
44100,F_adaa_direct,0.25,1.2,0,3,0.00340153,0.594473,4.78106e-06,0.00340157,-192.109,0.000525072,9.67371e-15
44100,G_os4_direct,0.25,1.2,0,3,0.0034656,0.576378,3.82772e-06,0.00346558,-153.625,0.00151801,1.36238e-14
44100,H_os2adaa_direct,0.25,1.2,0,3,0.00336881,0.576378,3.99789e-06,0.00336877,-160.608,0.00128923,1.19774e-14
44100,A_direct,0.25,1.2,0,4,8.13187e-17,7.02425e-16,4.97806e-16,3.30222e-16,-300,0,1.1098e-28
44100,B_midpoint,0.25,1.2,0,4,8.21157e-17,7.09309e-16,5.13728e-16,3.3898e-16,-300,7.9701e-19,1.12068e-28
44100,C_os2_direct,0.25,1.2,0,4,8.31849e-17,7.18544e-16,6.49408e-15,3.33022e-15,-300,1.86617e-18,1.13527e-28
44100,D_os2_midpoint,0.25,1.2,0,4,8.33124e-17,7.19646e-16,1.07225e-15,6.19438e-16,-300,1.99372e-18,1.13701e-28
44100,E_os2_all,0.25,1.2,0,4,8.42103e-17,7.27402e-16,1.99382e-08,9.96909e-09,-300,2.89158e-18,1.14927e-28
44100,F_adaa_direct,0.25,1.2,0,4,8.16144e-17,7.0498e-16,4.9497e-16,3.29099e-16,-300,2.95738e-19,1.11384e-28
44100,G_os4_direct,0.25,1.2,0,4,8.3813e-17,7.2397e-16,2.50574e-08,1.25287e-08,-300,2.49429e-18,1.14385e-28
44100,H_os2adaa_direct,0.25,1.2,0,4,8.30596e-17,7.17462e-16,5.26199e-16,3.46159e-16,-300,1.74088e-18,1.13356e-28
44100,A_direct,0.25,1.2,0,5,0,0,0,0,-300,0,0
44100,B_midpoint,0.25,1.2,0,5,0,0,0,0,-300,0,0
44100,C_os2_direct,0.25,1.2,0,5,0,0,0,0,-300,0,0
44100,D_os2_midpoint,0.25,1.2,0,5,0,0,0,0,-300,0,0
44100,E_os2_all,0.25,1.2,0,5,0,0,0,0,-300,0,0
44100,F_adaa_direct,0.25,1.2,0,5,0,0,0,0,-300,0,0
44100,G_os4_direct,0.25,1.2,0,5,0,0,0,0,-300,0,0
44100,H_os2adaa_direct,0.25,1.2,0,5,0,0,0,0,-300,0,0
44100,A_direct,0.45,0.18,1,0,0.52317,0.678433,0.024708,0.525352,-23.7547,0,0.526796
44100,B_midpoint,0.45,0.18,1,0,0.37186,0.526,0.00678072,0.374646,-36.6872,0.159475,0.378329
44100,C_os2_direct,0.45,0.18,1,0,0.513621,0.693159,0.0103551,0.513235,-29.4918,0.122229,0.514995
44100,D_os2_midpoint,0.45,0.18,1,0,0.511166,0.692672,0.0164162,0.51088,-29.6191,0.117627,0.512172
44100,E_os2_all,0.45,0.18,1,0,0.499225,0.671851,0.0215792,0.502175,-27.6,0.0607706,0.505172
44100,F_adaa_direct,0.45,0.18,1,0,0.401675,0.574998,0.0145325,0.407154,-33.4823,0.161951,0.41279
44100,G_os4_direct,0.45,0.18,1,0,0.216726,0.384133,0.0317889,0.213383,-28.006,0.370958,0.205092
44100,H_os2adaa_direct,0.45,0.18,1,0,0.509076,0.676078,0.01086,0.509377,-28.0609,0.0603636,0.509903
44100,A_direct,0.45,0.18,1,1,0.292569,0.660421,0.0454653,0.294518,-17.0371,0,0.29613
44100,B_midpoint,0.45,0.18,1,1,0.185754,0.460824,0.0158598,0.186726,-19.4033,0.132184,0.187017
44100,C_os2_direct,0.45,0.18,1,1,0.216093,0.503906,0.0269244,0.214852,-18.5078,0.255224,0.21026
44100,D_os2_midpoint,0.45,0.18,1,1,0.261418,0.573189,0.0168967,0.25942,-17.4301,0.207938,0.257114
44100,E_os2_all,0.45,0.18,1,1,0.217046,0.562221,0.0233606,0.219334,-17.8393,0.149041,0.221598
44100,F_adaa_direct,0.45,0.18,1,1,0.190811,0.482971,0.0346408,0.192024,-19.6524,0.114896,0.19151
44100,G_os4_direct,0.45,0.18,1,1,0.212517,0.496473,0.0386383,0.210506,-15.4325,0.284735,0.209683
44100,H_os2adaa_direct,0.45,0.18,1,1,0.258618,0.578624,0.0245185,0.255503,-20.5937,0.239191,0.251416
44100,A_direct,0.45,0.18,1,2,0.13169,0.610313,0.0766005,0.144151,-54.1835,0,0.132944
44100,B_midpoint,0.45,0.18,1,2,0.122834,0.622302,0.0753344,0.133728,-67.5448,0.0986146,0.120993
44100,C_os2_direct,0.45,0.18,1,2,0.133467,0.662081,0.0762968,0.141423,-60.4514,0.10403,0.126421
44100,D_os2_midpoint,0.45,0.18,1,2,0.136269,0.671012,0.0735345,0.143951,-55.1883,0.103908,0.127545
44100,E_os2_all,0.45,0.18,1,2,0.125959,0.625324,0.0729179,0.136981,-55.4485,0.0948355,0.122839
44100,F_adaa_direct,0.45,0.18,1,2,0.126078,0.615306,0.0783218,0.136776,-64.8581,0.0977738,0.126402
44100,G_os4_direct,0.45,0.18,1,2,0.1194,0.529062,0.065582,0.131861,-35.9839,0.114853,0.118691
44100,H_os2adaa_direct,0.45,0.18,1,2,0.133212,0.654403,0.0758014,0.140896,-60.9827,0.103025,0.125396
44100,A_direct,0.45,0.18,1,3,0.00342437,0.58796,0.000371308,0.00341575,-170.056,0,4.08072e-12
44100,B_midpoint,0.45,0.18,1,3,0.00327551,0.549155,0.000531197,0.00325345,-181.541,0.00138166,5.7927e-08
44100,C_os2_direct,0.45,0.18,1,3,0.00412815,0.538772,0.000896125,0.0040687,-140.105,0.00302425,5.69251e-08
44100,D_os2_midpoint,0.45,0.18,1,3,0.00347801,0.538772,0.000519699,0.00346723,-157.291,0.00201873,5.25216e-08
44100,E_os2_all,0.45,0.18,1,3,0.00389951,0.538772,0.000677177,0.00386668,-134.445,0.00271098,6.06027e-08
44100,F_adaa_direct,0.45,0.18,1,3,0.00346875,0.560667,0.000579768,0.00344681,-173.513,0.000943556,4.96662e-12
44100,G_os4_direct,0.45,0.18,1,3,0.00413111,0.538772,0.000831149,0.00406999,-136.193,0.00317307,5.69799e-08
44100,H_os2adaa_direct,0.45,0.18,1,3,0.00358999,0.538772,0.000701574,0.00356353,-153.82,0.00233553,5.53323e-08
44100,A_direct,0.45,0.18,1,4,2.83412e-08,1.63289e-07,2.74967e-08,2.40703e-08,-164.807,0,2.37668e-08
44100,B_midpoint,0.45,0.18,1,4,3.19052e-08,1.50296e-07,2.83887e-08,2.63573e-08,-164.725,3.69855e-08,2.43329e-08
44100,C_os2_direct,0.45,0.18,1,4,4.20683e-08,1.85725e-07,3.30467e-08,3.35111e-08,-160.78,4.71953e-08,3.14616e-08
44100,D_os2_midpoint,0.45,0.18,1,4,4.44424e-08,1.84612e-07,3.5663e-08,3.70786e-08,-161.999,4.93847e-08,3.33101e-08
44100,E_os2_all,0.45,0.18,1,4,4.33886e-08,1.84332e-07,3.47736e-08,3.48187e-08,-161.014,4.84003e-08,3.01797e-08
44100,F_adaa_direct,0.45,0.18,1,4,3.20284e-08,1.62214e-07,2.79416e-08,2.6665e-08,-163.476,3.59966e-08,2.41964e-08
44100,G_os4_direct,0.45,0.18,1,4,4.39342e-08,1.79961e-07,3.46556e-08,3.47487e-08,-160.785,4.8806e-08,3.28753e-08
44100,H_os2adaa_direct,0.45,0.18,1,4,4.29181e-08,1.8344e-07,3.46662e-08,3.43797e-08,-161.451,4.78414e-08,3.19245e-08
44100,A_direct,0.45,0.18,1,5,0,0,0,0,-300,0,0
44100,B_midpoint,0.45,0.18,1,5,0,0,0,0,-300,0,0
44100,C_os2_direct,0.45,0.18,1,5,0,0,0,0,-300,0,0
44100,D_os2_midpoint,0.45,0.18,1,5,0,0,0,0,-300,0,0
44100,E_os2_all,0.45,0.18,1,5,0,0,0,0,-300,0,0
44100,F_adaa_direct,0.45,0.18,1,5,0,0,0,0,-300,0,0
44100,G_os4_direct,0.45,0.18,1,5,0,0,0,0,-300,0,0
44100,H_os2adaa_direct,0.45,0.18,1,5,0,0,0,0,-300,0,0
44100,A_direct,0.45,1.2,0.6,0,0.52951,0.68663,0.0127638,0.529546,-23.8205,0,0.534859
44100,B_midpoint,0.45,1.2,0.6,0,0.39202,0.55865,0.00325003,0.392055,-35.369,0.152241,0.399947
44100,C_os2_direct,0.45,1.2,0.6,0,0.51502,0.692688,0.00489139,0.514994,-28.6953,0.107589,0.51589
44100,D_os2_midpoint,0.45,1.2,0.6,0,0.513204,0.692386,0.00784145,0.513198,-29.1102,0.109897,0.513609
44100,E_os2_all,0.45,1.2,0.6,0,0.510176,0.685931,0.0110916,0.510218,-27.0034,0.0556204,0.518618
44100,F_adaa_direct,0.45,1.2,0.6,0,0.424983,0.616813,0.00732653,0.425037,-32.4356,0.156971,0.439752
44100,G_os4_direct,0.45,1.2,0.6,0,0.238949,0.405169,0.015564,0.238548,-28.6849,0.334148,0.231122
44100,H_os2adaa_direct,0.45,1.2,0.6,0,0.512711,0.678363,0.0050676,0.512704,-27.6656,0.0534696,0.513573
44100,A_direct,0.45,1.2,0.6,1,0.301357,0.660902,0.0232124,0.301132,-16.9003,0,0.309559
44100,B_midpoint,0.45,1.2,0.6,1,0.196655,0.538645,0.0127207,0.196573,-19.0284,0.139132,0.199919
44100,C_os2_direct,0.45,1.2,0.6,1,0.215639,0.506718,0.0135305,0.215447,-18.168,0.237885,0.212124
44100,D_os2_midpoint,0.45,1.2,0.6,1,0.257472,0.571647,0.00808073,0.257351,-17.2166,0.199173,0.251773
44100,E_os2_all,0.45,1.2,0.6,1,0.226056,0.553799,0.017375,0.226013,-17.5945,0.149804,0.231909
44100,F_adaa_direct,0.45,1.2,0.6,1,0.201958,0.52872,0.0234297,0.201697,-19.2105,0.115872,0.20537
44100,G_os4_direct,0.45,1.2,0.6,1,0.213227,0.494178,0.0173356,0.212931,-15.1126,0.256737,0.210867
44100,H_os2adaa_direct,0.45,1.2,0.6,1,0.250257,0.581207,0.012688,0.25013,-19.9285,0.230681,0.241678
44100,A_direct,0.45,1.2,0.6,2,0.202375,0.626362,0.0491036,0.198871,-50.3368,0,0.232947
44100,B_midpoint,0.45,1.2,0.6,2,0.199797,0.602463,0.0449533,0.195564,-63.8118,0.0743441,0.229304
44100,C_os2_direct,0.45,1.2,0.6,2,0.20326,0.619118,0.0448206,0.199138,-59.1526,0.0814664,0.22764
44100,D_os2_midpoint,0.45,1.2,0.6,2,0.204318,0.62245,0.0419584,0.200489,-55.5977,0.0839437,0.227561
44100,E_os2_all,0.45,1.2,0.6,2,0.199248,0.621534,0.0417504,0.195396,-53.5764,0.0802335,0.22153
44100,F_adaa_direct,0.45,1.2,0.6,2,0.200063,0.603754,0.048165,0.195672,-62.8073,0.0721431,0.230731
44100,G_os4_direct,0.45,1.2,0.6,2,0.194176,0.587392,0.0373731,0.190635,-37.4129,0.0959866,0.219802
44100,H_os2adaa_direct,0.45,1.2,0.6,2,0.202883,0.618142,0.0440854,0.198831,-60.0823,0.0801511,0.227065
44100,A_direct,0.45,1.2,0.6,3,0.00350003,0.599334,0.000309781,0.00349958,-172.369,0,1.13666e-11
44100,B_midpoint,0.45,1.2,0.6,3,0.00333412,0.563012,0.000436283,0.00333611,-190.937,0.00152176,4.32644e-13
44100,C_os2_direct,0.45,1.2,0.6,3,0.00400126,0.553373,0.000710368,0.00400284,-139.223,0.0029596,9.64159e-09
44100,D_os2_midpoint,0.45,1.2,0.6,3,0.00349306,0.553373,0.000438261,0.00348635,-158.182,0.00214957,5.90525e-09
44100,E_os2_all,0.45,1.2,0.6,3,0.00384543,0.553373,0.000558036,0.00384547,-134.039,0.00265193,3.88978e-09
44100,F_adaa_direct,0.45,1.2,0.6,3,0.00353762,0.573594,0.000474409,0.00353806,-180.771,0.00108648,4.80987e-13
44100,G_os4_direct,0.45,1.2,0.6,3,0.00398543,0.553373,0.00066358,0.00399469,-135.956,0.00297454,5.13659e-09
44100,H_os2adaa_direct,0.45,1.2,0.6,3,0.00360075,0.553373,0.000603781,0.00359362,-154.103,0.00244212,1.84539e-11
44100,A_direct,0.45,1.2,0.6,4,3.76285e-08,1.83112e-07,3.06814e-08,3.61547e-08,-162.617,0,3.73937e-08
44100,B_midpoint,0.45,1.2,0.6,4,3.56942e-08,1.70114e-07,2.83207e-08,3.30747e-08,-165.993,3.16823e-08,3.55424e-08
44100,C_os2_direct,0.45,1.2,0.6,4,3.68039e-08,1.71099e-07,2.93872e-08,3.36822e-08,-161.241,3.55235e-08,3.52496e-08
44100,D_os2_midpoint,0.45,1.2,0.6,4,3.85268e-08,1.76005e-07,3.01865e-08,3.54143e-08,-162.03,3.69432e-08,3.55547e-08
44100,E_os2_all,0.45,1.2,0.6,4,3.85342e-08,2.0621e-07,3.01932e-08,3.48374e-08,-160.664,3.78182e-08,3.75112e-08
44100,F_adaa_direct,0.45,1.2,0.6,4,3.60608e-08,1.68352e-07,2.82449e-08,3.34819e-08,-163.97,3.16159e-08,3.59242e-08
44100,G_os4_direct,0.45,1.2,0.6,4,3.7122e-08,1.67825e-07,3.01576e-08,3.39921e-08,-160.734,3.61829e-08,3.48406e-08
44100,H_os2adaa_direct,0.45,1.2,0.6,4,3.82675e-08,2.05584e-07,3.10383e-08,3.58815e-08,-162.215,3.68071e-08,3.67583e-08
44100,A_direct,0.45,1.2,0.6,5,0,0,0,0,-300,0,0
44100,B_midpoint,0.45,1.2,0.6,5,0,0,0,0,-300,0,0
44100,C_os2_direct,0.45,1.2,0.6,5,0,0,0,0,-300,0,0
44100,D_os2_midpoint,0.45,1.2,0.6,5,0,0,0,0,-300,0,0
44100,E_os2_all,0.45,1.2,0.6,5,0,0,0,0,-300,0,0
44100,F_adaa_direct,0.45,1.2,0.6,5,0,0,0,0,-300,0,0
44100,G_os4_direct,0.45,1.2,0.6,5,0,0,0,0,-300,0,0
44100,H_os2adaa_direct,0.45,1.2,0.6,5,0,0,0,0,-300,0,0
44100,A_direct,0.45,7,1,0,0.531857,0.687138,0.0189581,0.531795,-23.7101,0,0.530979
44100,B_midpoint,0.45,7,1,0,0.393524,0.570364,0.00470813,0.393407,-35.1451,0.176885,0.389979
44100,C_os2_direct,0.45,7,1,0,0.513081,0.693787,0.00621752,0.513068,-28.1089,0.0982568,0.513256
44100,D_os2_midpoint,0.45,7,1,0,0.512828,0.693324,0.00983988,0.512826,-28.674,0.108151,0.51265
44100,E_os2_all,0.45,7,1,0,0.514213,0.68799,0.0167518,0.514117,-26.8303,0.0569346,0.512176
44100,F_adaa_direct,0.45,7,1,0,0.441291,0.645972,0.0117185,0.441095,-31.3086,0.181031,0.434817
44100,G_os4_direct,0.45,7,1,0,0.229283,0.437624,0.0194621,0.22885,-28.6356,0.343355,0.224297
44100,H_os2adaa_direct,0.45,7,1,0,0.510357,0.676851,0.00629038,0.510327,-27.5575,0.0569469,0.51026
44100,A_direct,0.45,7,1,1,0.316451,0.67099,0.0259861,0.316102,-17.0155,0,0.312905
44100,B_midpoint,0.45,7,1,1,0.19353,0.512068,0.0167388,0.193336,-19.3476,0.159867,0.192424
44100,C_os2_direct,0.45,7,1,1,0.217493,0.527265,0.0183096,0.217266,-18.3316,0.244734,0.216654
44100,D_os2_midpoint,0.45,7,1,1,0.248907,0.578807,0.0112008,0.248862,-17.2597,0.216031,0.250743
44100,E_os2_all,0.45,7,1,1,0.241906,0.597369,0.0249936,0.241201,-17.8578,0.171506,0.239267
44100,F_adaa_direct,0.45,7,1,1,0.208292,0.531521,0.0239144,0.207794,-19.5936,0.142439,0.206595
44100,G_os4_direct,0.45,7,1,1,0.21508,0.507156,0.0170165,0.214854,-14.9496,0.259678,0.214232
44100,H_os2adaa_direct,0.45,7,1,1,0.237359,0.578605,0.0189034,0.237219,-20.1485,0.251291,0.241397
44100,A_direct,0.45,7,1,2,0.222445,0.674432,0.0709363,0.219509,-46.8536,0,0.180832
44100,B_midpoint,0.45,7,1,2,0.211139,0.680652,0.0586359,0.209238,-64.8875,0.0824798,0.166997
44100,C_os2_direct,0.45,7,1,2,0.21496,0.678293,0.0606805,0.212927,-59.3167,0.0888637,0.171833
44100,D_os2_midpoint,0.45,7,1,2,0.215784,0.677126,0.0576284,0.213979,-56.3579,0.0896778,0.172452
44100,E_os2_all,0.45,7,1,2,0.219113,0.671967,0.0628264,0.216813,-47.0847,0.0886983,0.17648
44100,F_adaa_direct,0.45,7,1,2,0.213001,0.679013,0.0616614,0.210806,-62.055,0.0854656,0.172873
44100,G_os4_direct,0.45,7,1,2,0.214557,0.656544,0.0582926,0.212517,-32.0605,0.105468,0.173744
44100,H_os2adaa_direct,0.45,7,1,2,0.214679,0.67748,0.0599719,0.212699,-60.7314,0.0860932,0.171391
44100,A_direct,0.45,7,1,3,0.00349759,0.585353,0.000204661,0.00349878,-174.608,0,1.86007e-14
44100,B_midpoint,0.45,7,1,3,0.0032827,0.548534,0.0002483,0.00328573,-180.072,0.00187618,4.143e-08
44100,C_os2_direct,0.45,7,1,3,0.0042363,0.538772,0.00053844,0.0042402,-133.73,0.00352302,3.71738e-08
44100,D_os2_midpoint,0.45,7,1,3,0.00358,0.538772,0.000400756,0.00357654,-157.265,0.00264809,4.46767e-08
44100,E_os2_all,0.45,7,1,3,0.00403348,0.538772,0.000433978,0.0040319,-129.586,0.00315382,4.33876e-08
44100,F_adaa_direct,0.45,7,1,3,0.00355354,0.559397,0.000295468,0.00355685,-172.995,0.00151448,1.35822e-08
44100,G_os4_direct,0.45,7,1,3,0.00415312,0.538772,0.000518653,0.00415617,-131.51,0.00333013,3.88854e-08
44100,H_os2adaa_direct,0.45,7,1,3,0.0037578,0.538772,0.000533881,0.0037545,-151.433,0.00293035,3.83674e-08
44100,A_direct,0.45,7,1,4,6.16573e-08,1.73851e-07,3.1018e-08,6.02461e-08,-163.227,0,6.03356e-08
44100,B_midpoint,0.45,7,1,4,6.16309e-08,1.74809e-07,3.04694e-08,5.99636e-08,-167.602,2.87761e-08,6.0235e-08
44100,C_os2_direct,0.45,7,1,4,6.17891e-08,1.74932e-07,3.11075e-08,6.08849e-08,-161.143,3.20556e-08,6.01978e-08
44100,D_os2_midpoint,0.45,7,1,4,6.20898e-08,1.7603e-07,3.22738e-08,6.10177e-08,-163.808,3.3778e-08,6.05974e-08
44100,E_os2_all,0.45,7,1,4,6.13657e-08,1.75921e-07,3.14908e-08,6.0627e-08,-161.46,3.30349e-08,6.09508e-08
44100,F_adaa_direct,0.45,7,1,4,6.15919e-08,1.73763e-07,3.09712e-08,6.02186e-08,-165.351,2.87557e-08,6.02588e-08
44100,G_os4_direct,0.45,7,1,4,6.24159e-08,1.72115e-07,3.12912e-08,6.12858e-08,-161.308,3.29459e-08,6.12196e-08
44100,H_os2adaa_direct,0.45,7,1,4,6.24959e-08,1.75899e-07,3.16673e-08,6.12907e-08,-163.6,3.23403e-08,6.1747e-08
44100,A_direct,0.45,7,1,5,0,0,0,0,-300,0,0
44100,B_midpoint,0.45,7,1,5,0,0,0,0,-300,0,0
44100,C_os2_direct,0.45,7,1,5,0,0,0,0,-300,0,0
44100,D_os2_midpoint,0.45,7,1,5,0,0,0,0,-300,0,0
44100,E_os2_all,0.45,7,1,5,0,0,0,0,-300,0,0
44100,F_adaa_direct,0.45,7,1,5,0,0,0,0,-300,0,0
44100,G_os4_direct,0.45,7,1,5,0,0,0,0,-300,0,0
44100,H_os2adaa_direct,0.45,7,1,5,0,0,0,0,-300,0,0
44100,A_direct,0.45,1.2,0,0,0.531576,0.685168,0.000213249,0.531531,-23.8835,0,0.531548
44100,B_midpoint,0.45,1.2,0,0,0.402876,0.550966,7.29077e-05,0.402855,-34.8567,0.135968,0.402858
44100,C_os2_direct,0.45,1.2,0,0,0.515252,0.692032,0.000109508,0.515241,-29.2581,0.1129,0.515226
44100,D_os2_midpoint,0.45,1.2,0,0,0.513122,0.691852,0.000163125,0.513112,-29.4911,0.107376,0.513097
44100,E_os2_all,0.45,1.2,0,0,0.510227,0.67526,0.000180604,0.510177,-26.9717,0.0533298,0.510205
44100,F_adaa_direct,0.45,1.2,0,0,0.422258,0.57966,0.000128158,0.422201,-32.8974,0.13602,0.422242
44100,G_os4_direct,0.45,1.2,0,0,0.270399,0.412152,0.000321181,0.270483,-29.0484,0.323769,0.27038
44100,H_os2adaa_direct,0.45,1.2,0,0,0.519126,0.684043,0.000110298,0.519106,-27.5222,0.0581947,0.519103
44100,A_direct,0.45,1.2,0,1,0.293011,0.661912,0.000618831,0.292976,-16.7236,0,0.293077
44100,B_midpoint,0.45,1.2,0,1,0.204254,0.475895,0.000113462,0.204248,-18.5029,0.120654,0.204286
44100,C_os2_direct,0.45,1.2,0,1,0.219823,0.509766,0.000259659,0.219843,-17.8583,0.228319,0.219826
44100,D_os2_midpoint,0.45,1.2,0,1,0.266025,0.582043,0.000703849,0.266055,-17.0801,0.187443,0.266004
44100,E_os2_all,0.45,1.2,0,1,0.224549,0.540557,0.000524355,0.224517,-17.3515,0.134518,0.224552
44100,F_adaa_direct,0.45,1.2,0,1,0.207487,0.502576,0.000338155,0.20746,-18.7022,0.100973,0.207536
44100,G_os4_direct,0.45,1.2,0,1,0.216108,0.502943,0.000895498,0.216109,-15.2067,0.253817,0.216121
44100,H_os2adaa_direct,0.45,1.2,0,1,0.262491,0.588588,0.000214061,0.2625,-19.5051,0.212254,0.262387
44100,A_direct,0.45,1.2,0,2,0.116202,0.589768,0.0117992,0.116025,-54.6577,0,0.0862847
44100,B_midpoint,0.45,1.2,0,2,0.1077,0.624939,0.00624068,0.107728,-66.434,0.0672068,0.0756977
44100,C_os2_direct,0.45,1.2,0,2,0.120256,0.67492,0.00584632,0.120282,-60.2204,0.0794164,0.0866166
44100,D_os2_midpoint,0.45,1.2,0,2,0.120387,0.658481,0.00435345,0.120427,-56.0849,0.0726939,0.0903791
44100,E_os2_all,0.45,1.2,0,2,0.112781,0.597731,0.00376981,0.112757,-55.1083,0.0655633,0.0827551
44100,F_adaa_direct,0.45,1.2,0,2,0.110271,0.628309,0.0108494,0.110184,-64.5563,0.0679968,0.0776954
44100,G_os4_direct,0.45,1.2,0,2,0.102692,0.49205,0.000973151,0.10274,-37.078,0.0863252,0.0787134
44100,H_os2adaa_direct,0.45,1.2,0,2,0.118818,0.682448,0.00542709,0.118832,-60.8393,0.0746589,0.0859921
44100,A_direct,0.45,1.2,0,3,0.00359598,0.616007,1.54505e-05,0.00359611,-183.384,0,1.30726e-13
44100,B_midpoint,0.45,1.2,0,3,0.00344562,0.58313,2.22088e-05,0.00344599,-193.968,0.0016241,1.08316e-13
44100,C_os2_direct,0.45,1.2,0,3,0.00393426,0.574552,3.90703e-05,0.00393471,-139.823,0.00279419,4.04697e-13
44100,D_os2_midpoint,0.45,1.2,0,3,0.00352974,0.574552,2.56059e-05,0.00352971,-159.521,0.00211267,1.80004e-13
44100,E_os2_all,0.45,1.2,0,3,0.003818,0.574552,3.61078e-05,0.00381829,-134.675,0.00251204,3.66467e-13
44100,F_adaa_direct,0.45,1.2,0,3,0.0036325,0.592403,2.33632e-05,0.00363285,-185.031,0.00117495,1.21904e-13
44100,G_os4_direct,0.45,1.2,0,3,0.00391562,0.574552,3.94186e-05,0.00391626,-136.772,0.00274708,4.25427e-13
44100,H_os2adaa_direct,0.45,1.2,0,3,0.00364572,0.574552,3.57564e-05,0.00364586,-155.201,0.00239802,2.41507e-13
44100,A_direct,0.45,1.2,0,4,2.99053e-14,2.5832e-13,2.73001e-14,4.35553e-14,-300,0,4.08134e-26
44100,B_midpoint,0.45,1.2,0,4,3.03367e-14,2.62046e-13,2.62994e-14,4.34864e-14,-300,4.31403e-16,4.14022e-26
44100,C_os2_direct,0.45,1.2,0,4,3.25824e-14,2.81445e-13,3.55899e-14,5.03774e-14,-300,2.67715e-15,4.44672e-26
44100,D_os2_midpoint,0.45,1.2,0,4,1.36464e-10,1.17876e-09,1.15377e-08,5.76921e-09,-300,1.36494e-10,1.8624e-22
44100,E_os2_all,0.45,1.2,0,4,3.21327e-14,2.77559e-13,4.12144e-14,5.27399e-14,-300,2.22738e-15,4.38532e-26
44100,F_adaa_direct,0.45,1.2,0,4,3.00102e-14,2.59226e-13,2.61407e-14,4.30806e-14,-300,1.04919e-16,4.09567e-26
44100,G_os4_direct,0.45,1.2,0,4,3.36503e-14,2.90669e-13,3.25067e-14,4.99036e-14,-300,3.74501e-15,4.59246e-26
44100,H_os2adaa_direct,0.45,1.2,0,4,3.4802e-14,3.00617e-13,3.15082e-14,5.05561e-14,-300,4.8967e-15,4.74962e-26
44100,A_direct,0.45,1.2,0,5,0,0,0,0,-300,0,0
44100,B_midpoint,0.45,1.2,0,5,0,0,0,0,-300,0,0
44100,C_os2_direct,0.45,1.2,0,5,0,0,0,0,-300,0,0
44100,D_os2_midpoint,0.45,1.2,0,5,0,0,0,0,-300,0,0
44100,E_os2_all,0.45,1.2,0,5,0,0,0,0,-300,0,0
44100,F_adaa_direct,0.45,1.2,0,5,0,0,0,0,-300,0,0
44100,G_os4_direct,0.45,1.2,0,5,0,0,0,0,-300,0,0
44100,H_os2adaa_direct,0.45,1.2,0,5,0,0,0,0,-300,0,0
44100,A_direct,0.6,0.18,1,0,0.524674,0.679438,0.0273596,0.527337,-23.6245,0,0.526637
44100,B_midpoint,0.6,0.18,1,0,0.367433,0.521468,0.0070131,0.370293,-36.8847,0.164821,0.374014
44100,C_os2_direct,0.6,0.18,1,0,0.514073,0.693821,0.0099672,0.513548,-29.3062,0.150996,0.516023
44100,D_os2_midpoint,0.6,0.18,1,0,0.510727,0.69335,0.0171094,0.510199,-29.5672,0.1472,0.511771
44100,E_os2_all,0.6,0.18,1,0,0.500181,0.672018,0.023796,0.503607,-27.2099,0.061836,0.506701
44100,F_adaa_direct,0.6,0.18,1,0,0.391845,0.566767,0.0158734,0.397966,-33.718,0.170735,0.404158
44100,G_os4_direct,0.6,0.18,1,0,0.196149,0.361848,0.0362448,0.193456,-27.2392,0.392017,0.18549
44100,H_os2adaa_direct,0.6,0.18,1,0,0.515156,0.684181,0.0105931,0.51518,-27.7518,0.0839218,0.515066
44100,A_direct,0.6,0.18,1,1,0.292715,0.668941,0.0680504,0.29325,-17.1808,0,0.296124
44100,B_midpoint,0.6,0.18,1,1,0.195131,0.53568,0.0455539,0.190843,-19.4954,0.157263,0.214574
44100,C_os2_direct,0.6,0.18,1,1,0.217523,0.507569,0.0348759,0.216201,-18.6003,0.280176,0.210715
44100,D_os2_midpoint,0.6,0.18,1,1,0.269742,0.623756,0.0268885,0.267099,-17.3679,0.234407,0.265783
44100,E_os2_all,0.6,0.18,1,1,0.225688,0.624337,0.0656093,0.224267,-17.837,0.175893,0.241411
44100,F_adaa_direct,0.6,0.18,1,1,0.196377,0.532832,0.0639187,0.195191,-19.748,0.142555,0.194026
44100,G_os4_direct,0.6,0.18,1,1,0.220153,0.500587,0.0496279,0.217963,-15.4359,0.300721,0.218654
44100,H_os2adaa_direct,0.6,0.18,1,1,0.272644,0.596485,0.0307976,0.268708,-20.6518,0.266748,0.263023
44100,A_direct,0.6,0.18,1,2,0.205239,0.610896,0.129216,0.187793,-51.0637,0,0.194181
44100,B_midpoint,0.6,0.18,1,2,0.198481,0.647415,0.125936,0.178519,-67.0374,0.245999,0.188511
44100,C_os2_direct,0.6,0.18,1,2,0.213304,0.681522,0.134985,0.192331,-59.0704,0.254892,0.213415
44100,D_os2_midpoint,0.6,0.18,1,2,0.214023,0.693672,0.13169,0.192586,-54.4624,0.253363,0.212236
44100,E_os2_all,0.6,0.18,1,2,0.202924,0.638686,0.132743,0.187769,-41.7313,0.245431,0.209748
44100,F_adaa_direct,0.6,0.18,1,2,0.202103,0.635576,0.130229,0.181693,-62.8003,0.251142,0.192274
44100,G_os4_direct,0.6,0.18,1,2,0.192914,0.571802,0.12051,0.178276,-31.8432,0.252135,0.188767
44100,H_os2adaa_direct,0.6,0.18,1,2,0.211875,0.678721,0.133907,0.191037,-59.5801,0.249817,0.211968
44100,A_direct,0.6,0.18,1,3,0.0801233,0.589029,0.0457119,0.0573163,-71.0758,0,0.15998
44100,B_midpoint,0.6,0.18,1,3,0.127378,0.548335,0.073106,0.090858,-92.1747,0.154445,0.148927
44100,C_os2_direct,0.6,0.18,1,3,0.165964,0.537389,0.0944833,0.118883,-92.2038,0.187225,0.176422
44100,D_os2_midpoint,0.6,0.18,1,3,0.163274,0.537389,0.0930441,0.116822,-93.0412,0.178851,0.173479
44100,E_os2_all,0.6,0.18,1,3,0.209918,0.537389,0.136575,0.16585,-93.0775,0.224379,0.227517
44100,F_adaa_direct,0.6,0.18,1,3,0.104148,0.560515,0.0595109,0.0744413,-75.3866,0.128084,0.162515
44100,G_os4_direct,0.6,0.18,1,3,0.171027,0.537389,0.112912,0.137887,-91.2911,0.192045,0.184039
44100,H_os2adaa_direct,0.6,0.18,1,3,0.165564,0.537389,0.0942856,0.118587,-92.3864,0.185402,0.176365
44100,A_direct,0.6,0.18,1,4,0.0773963,0.436146,0.0441998,0.0553019,-71.6954,0,0.154792
44100,B_midpoint,0.6,0.18,1,4,0.103381,0.415137,0.059484,0.0736439,-96.6394,0.134371,0.152427
44100,C_os2_direct,0.6,0.18,1,4,0.146993,0.449651,0.0836098,0.105199,-93.0006,0.163208,0.171792
44100,D_os2_midpoint,0.6,0.18,1,4,0.142244,0.447677,0.0810442,0.101732,-94.2255,0.167005,0.174841
44100,E_os2_all,0.6,0.18,1,4,0.147431,0.453869,0.0838772,0.105552,-93.9567,0.167637,0.183376
44100,F_adaa_direct,0.6,0.18,1,4,0.0977523,0.433443,0.0559111,0.0698029,-76.2869,0.130709,0.161811
44100,G_os4_direct,0.6,0.18,1,4,0.147697,0.452233,0.0839886,0.105714,-93.7159,0.162481,0.175496
44100,H_os2adaa_direct,0.6,0.18,1,4,0.145776,0.449543,0.0829408,0.104316,-93.2886,0.159879,0.17087
44100,A_direct,0.6,0.18,1,5,0,0,0,0,-300,0,0
44100,B_midpoint,0.6,0.18,1,5,0,0,0,0,-300,0,0
44100,C_os2_direct,0.6,0.18,1,5,0,0,0,0,-300,0,0
44100,D_os2_midpoint,0.6,0.18,1,5,0,0,0,0,-300,0,0
44100,E_os2_all,0.6,0.18,1,5,0,0,0,0,-300,0,0
44100,F_adaa_direct,0.6,0.18,1,5,0,0,0,0,-300,0,0
44100,G_os4_direct,0.6,0.18,1,5,0,0,0,0,-300,0,0
44100,H_os2adaa_direct,0.6,0.18,1,5,0,0,0,0,-300,0,0
44100,A_direct,0.6,1.2,0.6,0,0.530507,0.687075,0.0142063,0.530545,-23.7433,0,0.535521
44100,B_midpoint,0.6,1.2,0.6,0,0.387819,0.554478,0.00335501,0.387854,-35.5944,0.156719,0.39586
44100,C_os2_direct,0.6,1.2,0.6,0,0.515336,0.694451,0.0100551,0.515283,-28.3639,0.132957,0.51609
44100,D_os2_midpoint,0.6,1.2,0.6,0,0.512665,0.693075,0.00814374,0.512653,-29.0573,0.137209,0.512904
44100,E_os2_all,0.6,1.2,0.6,0,0.511201,0.686112,0.0122689,0.511249,-26.6468,0.0568755,0.520328
44100,F_adaa_direct,0.6,1.2,0.6,0,0.417191,0.613288,0.0080964,0.417239,-32.7142,0.165604,0.43356
44100,G_os4_direct,0.6,1.2,0.6,0,0.223573,0.382432,0.0177625,0.223068,-28.0062,0.352458,0.219151
44100,H_os2adaa_direct,0.6,1.2,0.6,0,0.517703,0.686176,0.00494425,0.517684,-27.4283,0.0725071,0.517446
44100,A_direct,0.6,1.2,0.6,1,0.302979,0.669515,0.0360374,0.30238,-16.999,0,0.30985
44100,B_midpoint,0.6,1.2,0.6,1,0.198332,0.561005,0.0258866,0.197545,-19.1129,0.158226,0.201017
44100,C_os2_direct,0.6,1.2,0.6,1,0.218212,0.512697,0.0178412,0.217916,-18.227,0.262412,0.215661
44100,D_os2_midpoint,0.6,1.2,0.6,1,0.26375,0.607771,0.013755,0.263474,-17.1877,0.225724,0.256983
44100,E_os2_all,0.6,1.2,0.6,1,0.227909,0.651538,0.0489271,0.226816,-17.5919,0.168796,0.229246
44100,F_adaa_direct,0.6,1.2,0.6,1,0.206646,0.586115,0.0553925,0.20517,-19.2819,0.141569,0.21627
44100,G_os4_direct,0.6,1.2,0.6,1,0.221926,0.518892,0.0365801,0.221002,-14.9819,0.271096,0.221352
44100,H_os2adaa_direct,0.6,1.2,0.6,1,0.261725,0.599311,0.0159289,0.261543,-19.9612,0.260244,0.250756
44100,A_direct,0.6,1.2,0.6,2,0.239802,0.649903,0.0962698,0.231702,-48.0706,0,0.258742
44100,B_midpoint,0.6,1.2,0.6,2,0.230713,0.617504,0.0850418,0.222037,-63.6743,0.172679,0.24576
44100,C_os2_direct,0.6,1.2,0.6,2,0.248192,0.630312,0.105961,0.236419,-59.1353,0.193885,0.25224
44100,D_os2_midpoint,0.6,1.2,0.6,2,0.24404,0.632678,0.0978391,0.234899,-55.9177,0.190218,0.250006
44100,E_os2_all,0.6,1.2,0.6,2,0.243655,0.633632,0.102528,0.233897,-49.2836,0.193577,0.240919
44100,F_adaa_direct,0.6,1.2,0.6,2,0.234542,0.614145,0.0908829,0.224296,-61.4766,0.18037,0.249444
44100,G_os4_direct,0.6,1.2,0.6,2,0.233817,0.595265,0.0923847,0.224176,-35.4875,0.19467,0.237013
44100,H_os2adaa_direct,0.6,1.2,0.6,2,0.245236,0.630734,0.103646,0.234801,-60.5496,0.191383,0.251918
44100,A_direct,0.6,1.2,0.6,3,0.0621833,0.598879,0.0454868,0.056326,-63.2635,0,0.115052
44100,B_midpoint,0.6,1.2,0.6,3,0.0041561,0.561888,0.0028558,0.00470633,-180.336,0.0621654,2.07346e-11
44100,C_os2_direct,0.6,1.2,0.6,3,0.130527,0.551992,0.0983703,0.122093,-76.6645,0.145756,0.122341
44100,D_os2_midpoint,0.6,1.2,0.6,3,0.143815,0.551992,0.101408,0.122754,-86.7515,0.156722,0.127814
44100,E_os2_all,0.6,1.2,0.6,3,0.140938,0.551992,0.105783,0.130293,-44.6813,0.154254,0.137362
44100,F_adaa_direct,0.6,1.2,0.6,3,0.00462575,0.572876,0.00293,0.00505488,-169.884,0.0621292,3.96237e-09
44100,G_os4_direct,0.6,1.2,0.6,3,0.135954,0.551992,0.106004,0.12543,-76.9417,0.150178,0.132215
44100,H_os2adaa_direct,0.6,1.2,0.6,3,0.13005,0.551992,0.0982711,0.121514,-82.7863,0.145296,0.120684
44100,A_direct,0.6,1.2,0.6,4,0.141469,0.514708,0.108685,0.130309,-52.4072,0,0.125197
44100,B_midpoint,0.6,1.2,0.6,4,6.30714e-08,2.42026e-07,4.80742e-08,5.93841e-08,-160.571,0.141469,5.12504e-08
44100,C_os2_direct,0.6,1.2,0.6,4,0.138193,0.506762,0.106837,0.12679,-76.6162,0.195624,0.122866
44100,D_os2_midpoint,0.6,1.2,0.6,4,0.127866,0.48317,0.0959935,0.117983,-92.0301,0.190996,0.0887461
44100,E_os2_all,0.6,1.2,0.6,4,0.148022,0.502574,0.114226,0.136061,-53.432,0.200841,0.139253
44100,F_adaa_direct,0.6,1.2,0.6,4,9.60929e-08,5.05906e-07,7.93594e-08,9.67617e-08,-159.078,0.141469,9.67409e-08
44100,G_os4_direct,0.6,1.2,0.6,4,0.145746,0.50212,0.11093,0.134441,-76.9848,0.202808,0.134464
44100,H_os2adaa_direct,0.6,1.2,0.6,4,0.142597,0.491326,0.101305,0.132567,-83.1792,0.198807,0.121327
44100,A_direct,0.6,1.2,0.6,5,0,0,0,0,-300,0,0
44100,B_midpoint,0.6,1.2,0.6,5,0,0,0,0,-300,0,0
44100,C_os2_direct,0.6,1.2,0.6,5,0,0,0,0,-300,0,0
44100,D_os2_midpoint,0.6,1.2,0.6,5,0,0,0,0,-300,0,0
44100,E_os2_all,0.6,1.2,0.6,5,0,0,0,0,-300,0,0
44100,F_adaa_direct,0.6,1.2,0.6,5,0,0,0,0,-300,0,0
44100,G_os4_direct,0.6,1.2,0.6,5,0,0,0,0,-300,0,0
44100,H_os2adaa_direct,0.6,1.2,0.6,5,0,0,0,0,-300,0,0
44100,A_direct,0.6,7,1,0,0.532795,0.687129,0.0212967,0.532709,-23.6057,0,0.532178
44100,B_midpoint,0.6,7,1,0,0.389732,0.567743,0.00490827,0.389607,-35.3312,0.182781,0.386062
44100,C_os2_direct,0.6,7,1,0,0.512524,0.705226,0.0216632,0.512411,-27.9619,0.122381,0.512911
44100,D_os2_midpoint,0.6,7,1,0,0.512391,0.694095,0.00998259,0.512393,-28.6157,0.133719,0.512177
44100,E_os2_all,0.6,7,1,0,0.515022,0.688425,0.0184875,0.514907,-26.5209,0.0588221,0.513097
44100,F_adaa_direct,0.6,7,1,0,0.436517,0.648019,0.013008,0.436285,-31.448,0.191686,0.429158
44100,G_os4_direct,0.6,7,1,0,0.224431,0.462644,0.02166,0.223882,-28.142,0.358496,0.216542
44100,H_os2adaa_direct,0.6,7,1,0,0.513162,0.698452,0.0196643,0.513033,-27.4188,0.0737865,0.513547
44100,A_direct,0.6,7,1,1,0.320277,0.681811,0.0374919,0.319586,-17.1189,0,0.315939
44100,B_midpoint,0.6,7,1,1,0.193405,0.528115,0.026811,0.192946,-19.4099,0.17724,0.192095
44100,C_os2_direct,0.6,7,1,1,0.223689,0.57557,0.0236877,0.22334,-18.3729,0.264757,0.222039
44100,D_os2_midpoint,0.6,7,1,1,0.255326,0.598005,0.0129954,0.255254,-17.2244,0.243157,0.257326
44100,E_os2_all,0.6,7,1,1,0.243787,0.622029,0.0686646,0.240723,-17.8262,0.190456,0.242893
44100,F_adaa_direct,0.6,7,1,1,0.215066,0.574584,0.0583723,0.212996,-19.6819,0.171632,0.213743
44100,G_os4_direct,0.6,7,1,1,0.224882,0.542834,0.0344732,0.224298,-14.7729,0.267444,0.224387
44100,H_os2adaa_direct,0.6,7,1,1,0.246383,0.596148,0.0234238,0.246163,-20.1324,0.279036,0.251429
44100,A_direct,0.6,7,1,2,0.248327,0.667958,0.110674,0.241477,-44.3355,0,0.209932
44100,B_midpoint,0.6,7,1,2,0.229401,0.693297,0.087854,0.225142,-64.9019,0.150041,0.194556
44100,C_os2_direct,0.6,7,1,2,0.24736,0.687996,0.105407,0.241562,-44.6795,0.174414,0.216726
44100,D_os2_midpoint,0.6,7,1,2,0.244542,0.68896,0.102013,0.238787,-56.3234,0.171499,0.216538
44100,E_os2_all,0.6,7,1,2,0.248832,0.669336,0.10723,0.242272,-41.2823,0.176276,0.209287
44100,F_adaa_direct,0.6,7,1,2,0.240652,0.684258,0.101564,0.235325,-59.2345,0.165509,0.203492
44100,G_os4_direct,0.6,7,1,2,0.240544,0.667956,0.0923797,0.236625,-27.239,0.174561,0.20171
44100,H_os2adaa_direct,0.6,7,1,2,0.243513,0.693066,0.109158,0.237423,-59.4285,0.169763,0.210286
44100,A_direct,0.6,7,1,3,0.0325455,0.586292,0.0204322,0.0245167,-57.0813,0,0.0266082
44100,B_midpoint,0.6,7,1,3,0.00386006,0.54768,0.00178421,0.00390147,-177.085,0.0324965,7.80307e-08
44100,C_os2_direct,0.6,7,1,3,0.130233,0.537389,0.0996391,0.120605,-66.6188,0.134015,0.13996
44100,D_os2_midpoint,0.6,7,1,3,0.0388516,0.537389,0.0249337,0.0285476,-110.241,0.0507243,5.32016e-05
44100,E_os2_all,0.6,7,1,3,0.157278,0.537389,0.126898,0.143355,-26.8735,0.160615,0.167166
44100,F_adaa_direct,0.6,7,1,3,0.00504348,0.559173,0.00255568,0.00514573,-167.929,0.032561,1.12922e-07
44100,G_os4_direct,0.6,7,1,3,0.110542,0.537389,0.0814782,0.0975571,-29.0065,0.115366,0.0725672
44100,H_os2adaa_direct,0.6,7,1,3,0.128371,0.537389,0.0996633,0.118613,-73.1677,0.132316,0.14017
44100,A_direct,0.6,7,1,4,0.0284122,0.192178,0.0179989,0.021365,-56.9725,0,0.0235764
44100,B_midpoint,0.6,7,1,4,8.95096e-08,2.61882e-07,3.95944e-08,8.5171e-08,-161.27,0.0284122,9.18657e-08
44100,C_os2_direct,0.6,7,1,4,0.133118,0.492462,0.104152,0.122955,-66.6244,0.135531,0.131939
44100,D_os2_midpoint,0.6,7,1,4,1.3076e-05,9.55296e-05,7.71593e-06,9.25175e-06,-157.311,0.0284122,6.37619e-06
44100,E_os2_all,0.6,7,1,4,0.168375,0.397889,0.132889,0.153089,-26.2941,0.17092,0.16855
44100,F_adaa_direct,0.6,7,1,4,1.0072e-07,2.85357e-07,5.30055e-08,9.33477e-08,-159.103,0.0284122,9.85294e-08
44100,G_os4_direct,0.6,7,1,4,0.0791548,0.305535,0.0734726,0.0910617,-25.9677,0.0836279,0.0783167
44100,H_os2adaa_direct,0.6,7,1,4,0.132783,0.503796,0.103965,0.123024,-73.3622,0.13551,0.139022
44100,A_direct,0.6,7,1,5,0,0,0,0,-300,0,0
44100,B_midpoint,0.6,7,1,5,0,0,0,0,-300,0,0
44100,C_os2_direct,0.6,7,1,5,0,0,0,0,-300,0,0
44100,D_os2_midpoint,0.6,7,1,5,0,0,0,0,-300,0,0
44100,E_os2_all,0.6,7,1,5,0,0,0,0,-300,0,0
44100,F_adaa_direct,0.6,7,1,5,0,0,0,0,-300,0,0
44100,G_os4_direct,0.6,7,1,5,0,0,0,0,-300,0,0
44100,H_os2adaa_direct,0.6,7,1,5,0,0,0,0,-300,0,0
44100,A_direct,0.6,1.2,0,0,0.533616,0.686922,0.000240643,0.533561,-23.7621,0,0.533587
44100,B_midpoint,0.6,1.2,0,0,0.398673,0.546203,8.02872e-05,0.398653,-35.1006,0.142996,0.398655
44100,C_os2_direct,0.6,1.2,0,0,0.515479,0.692683,0.000112512,0.515468,-29.126,0.14003,0.515452
44100,D_os2_midpoint,0.6,1.2,0,0,0.512604,0.692569,0.000172772,0.512595,-29.477,0.135018,0.512575
44100,E_os2_all,0.6,1.2,0,0,0.511096,0.675638,0.000202214,0.511038,-26.5986,0.0548396,0.511073
44100,F_adaa_direct,0.6,1.2,0,0,0.412631,0.569173,0.000146691,0.412569,-33.2497,0.144915,0.412616
44100,G_os4_direct,0.6,1.2,0,0,0.249801,0.385359,0.0003779,0.249894,-28.1421,0.34636,0.249784
44100,H_os2adaa_direct,0.6,1.2,0,0,0.521758,0.688009,0.000113061,0.521739,-27.4212,0.081328,0.521736
44100,A_direct,0.6,1.2,0,1,0.295671,0.671748,0.00118086,0.295645,-16.837,0,0.295732
44100,B_midpoint,0.6,1.2,0,1,0.203976,0.485675,0.0358152,0.206539,-18.5732,0.143522,0.204012
44100,C_os2_direct,0.6,1.2,0,1,0.219275,0.507908,0.000314097,0.219294,-17.9118,0.258221,0.219292
44100,D_os2_midpoint,0.6,1.2,0,1,0.27641,0.61894,0.00545093,0.276641,-17.124,0.225355,0.276393
44100,E_os2_all,0.6,1.2,0,1,0.235001,0.659915,0.0799212,0.232878,-17.565,0.176499,0.233962
44100,F_adaa_direct,0.6,1.2,0,1,0.207359,0.519402,0.000778214,0.207308,-18.7936,0.117101,0.207396
44100,G_os4_direct,0.6,1.2,0,1,0.222656,0.513321,0.0013026,0.222626,-15.1629,0.276049,0.222671
44100,H_os2adaa_direct,0.6,1.2,0,1,0.275625,0.603406,0.000253223,0.275633,-19.5903,0.244498,0.275499
44100,A_direct,0.6,1.2,0,2,0.159787,0.633755,0.0797727,0.155122,-52.7167,0,0.133773
44100,B_midpoint,0.6,1.2,0,2,0.150054,0.679731,0.0492607,0.146613,-65.7991,0.17094,0.124705
44100,C_os2_direct,0.6,1.2,0,2,0.180842,0.695157,0.0639773,0.177776,-58.531,0.197598,0.155991
44100,D_os2_midpoint,0.6,1.2,0,2,0.184431,0.693714,0.0812191,0.177825,-54.4903,0.196245,0.166919
44100,E_os2_all,0.6,1.2,0,2,0.171467,0.584442,0.109357,0.162879,-47.8402,0.187735,0.152437
44100,F_adaa_direct,0.6,1.2,0,2,0.160625,0.662337,0.0639923,0.157671,-62.7113,0.171217,0.138294
44100,G_os4_direct,0.6,1.2,0,2,0.159049,0.566987,0.0938579,0.152077,-30.1621,0.192752,0.139481
44100,H_os2adaa_direct,0.6,1.2,0,2,0.174243,0.676941,0.0912276,0.170642,-59.1073,0.191676,0.15513
44100,A_direct,0.6,1.2,0,3,0.00455008,0.615928,0.000195276,0.00455579,-175.931,0,2.30671e-12
44100,B_midpoint,0.6,1.2,0,3,0.00460281,0.58213,0.000432189,0.00461595,-186.908,0.00462932,2.9352e-12
44100,C_os2_direct,0.6,1.2,0,3,0.139091,0.573181,0.0954788,0.130953,-107.871,0.139103,0.14201
44100,D_os2_midpoint,0.6,1.2,0,3,0.136854,0.573181,0.0926382,0.129011,-118.597,0.136856,0.14277
44100,E_os2_all,0.6,1.2,0,3,0.147938,0.573181,0.103126,0.138756,-116.832,0.147936,0.150727
44100,F_adaa_direct,0.6,1.2,0,3,0.00522606,0.591909,0.000440748,0.00523899,-176.25,0.00462205,3.93183e-12
44100,G_os4_direct,0.6,1.2,0,3,0.145534,0.573181,0.0995952,0.13695,-114.295,0.145537,0.151924
44100,H_os2adaa_direct,0.6,1.2,0,3,0.139301,0.573181,0.0963352,0.131006,-110.124,0.139313,0.144484
44100,A_direct,0.6,1.2,0,4,1.44193e-11,1.24553e-10,4.62174e-10,2.45506e-10,-300,0,1.96789e-23
44100,B_midpoint,0.6,1.2,0,4,2.61365e-11,2.25765e-10,1.27786e-09,6.65066e-10,-300,1.17172e-11,3.56699e-23
44100,C_os2_direct,0.6,1.2,0,4,0.133993,0.342258,0.109129,0.122718,-107.996,0.133993,0.131678
44100,D_os2_midpoint,0.6,1.2,0,4,0.141358,0.447785,0.0977767,0.132928,-118.075,0.141358,0.134673
44100,E_os2_all,0.6,1.2,0,4,0.15161,0.476588,0.106887,0.14187,-120.185,0.15161,0.148452
44100,F_adaa_direct,0.6,1.2,0,4,3.00407e-11,2.59489e-10,5.42247e-10,3.01164e-10,-300,1.56214e-11,4.09983e-23
44100,G_os4_direct,0.6,1.2,0,4,0.143544,0.41982,0.110148,0.132377,-116.595,0.143544,0.143946
44100,H_os2adaa_direct,0.6,1.2,0,4,0.135356,0.369614,0.10869,0.124101,-110.405,0.135356,0.1336
44100,A_direct,0.6,1.2,0,5,0,0,0,0,-300,0,0
44100,B_midpoint,0.6,1.2,0,5,0,0,0,0,-300,0,0
44100,C_os2_direct,0.6,1.2,0,5,0,0,0,0,-300,0,0
44100,D_os2_midpoint,0.6,1.2,0,5,0,0,0,0,-300,0,0
44100,E_os2_all,0.6,1.2,0,5,0,0,0,0,-300,0,0
44100,F_adaa_direct,0.6,1.2,0,5,0,0,0,0,-300,0,0
44100,G_os4_direct,0.6,1.2,0,5,0,0,0,0,-300,0,0
44100,H_os2adaa_direct,0.6,1.2,0,5,0,0,0,0,-300,0,0
44100,A_direct,0.7,0.18,1,0,0.526544,0.680808,0.0277866,0.529206,-23.4702,0,0.526885
44100,B_midpoint,0.7,0.18,1,0,0.366955,0.521358,0.0071876,0.369894,-36.8639,0.167464,0.373721
44100,C_os2_direct,0.7,0.18,1,0,0.513874,0.693944,0.0101245,0.513339,-29.3302,0.153375,0.515856
44100,D_os2_midpoint,0.7,0.18,1,0,0.510509,0.693472,0.0173505,0.509972,-29.5722,0.149547,0.511559
44100,E_os2_all,0.7,0.18,1,0,0.502013,0.673527,0.0242219,0.50545,-27.1317,0.0629387,0.507821
44100,F_adaa_direct,0.7,0.18,1,0,0.392595,0.568018,0.0162116,0.398818,-33.5969,0.173875,0.405141
44100,G_os4_direct,0.7,0.18,1,0,0.191699,0.359523,0.0370826,0.188792,-27.0337,0.4001,0.180186
44100,H_os2adaa_direct,0.7,0.18,1,0,0.51715,0.686469,0.0108138,0.517172,-27.6319,0.0851192,0.517049
44100,A_direct,0.7,0.18,1,1,0.295125,0.672289,0.0691373,0.295639,-17.1529,0,0.298548
44100,B_midpoint,0.7,0.18,1,1,0.194776,0.531195,0.0456169,0.19057,-19.5203,0.159487,0.214342
44100,C_os2_direct,0.7,0.18,1,1,0.219648,0.510651,0.0355266,0.218285,-18.5982,0.285771,0.212695
44100,D_os2_midpoint,0.7,0.18,1,1,0.271869,0.626572,0.0273144,0.269207,-17.3318,0.23914,0.267741
44100,E_os2_all,0.7,0.18,1,1,0.227177,0.629895,0.0664558,0.225732,-17.8108,0.179194,0.243045
44100,F_adaa_direct,0.7,0.18,1,1,0.19595,0.534627,0.0637773,0.195234,-19.7768,0.143608,0.194401
44100,G_os4_direct,0.7,0.18,1,1,0.222594,0.504506,0.0505481,0.220241,-15.3855,0.306949,0.22085
44100,H_os2adaa_direct,0.7,0.18,1,1,0.274782,0.599305,0.0313785,0.270819,-20.6985,0.271991,0.265062
44100,A_direct,0.7,0.18,1,2,0.207349,0.614387,0.131149,0.189666,-50.9022,0,0.195364
44100,B_midpoint,0.7,0.18,1,2,0.20058,0.650974,0.127846,0.180269,-66.9535,0.249385,0.189422
44100,C_os2_direct,0.7,0.18,1,2,0.21573,0.686168,0.136534,0.194032,-58.6645,0.257217,0.215525
44100,D_os2_midpoint,0.7,0.18,1,2,0.216252,0.697556,0.133098,0.194136,-54.258,0.257001,0.214244
44100,E_os2_all,0.7,0.18,1,2,0.205337,0.64827,0.134738,0.189857,-41.7584,0.248547,0.211837
44100,F_adaa_direct,0.7,0.18,1,2,0.203997,0.638991,0.131808,0.183486,-62.7053,0.254514,0.191598
44100,G_os4_direct,0.7,0.18,1,2,0.194787,0.579567,0.121997,0.180017,-31.6859,0.255359,0.18927
44100,H_os2adaa_direct,0.7,0.18,1,2,0.214303,0.685586,0.135437,0.192787,-59.1866,0.254542,0.21416
44100,A_direct,0.7,0.18,1,3,0.0743853,0.589913,0.042395,0.0532407,-73.4954,0,0.148492
44100,B_midpoint,0.7,0.18,1,3,0.124727,0.548286,0.0715125,0.0890048,-92.3848,0.146057,0.147546
44100,C_os2_direct,0.7,0.18,1,3,0.168147,0.537068,0.0955253,0.120533,-91.7171,0.183502,0.178767
44100,D_os2_midpoint,0.7,0.18,1,3,0.165503,0.537068,0.0941321,0.118505,-92.5428,0.177333,0.175795
44100,E_os2_all,0.7,0.18,1,3,0.212796,0.537068,0.138037,0.167811,-92.8818,0.225117,0.231172
44100,F_adaa_direct,0.7,0.18,1,3,0.105495,0.560759,0.0601694,0.0754596,-75.2373,0.122051,0.16464
44100,G_os4_direct,0.7,0.18,1,3,0.17303,0.537068,0.113461,0.138844,-90.9803,0.187576,0.186241
44100,H_os2adaa_direct,0.7,0.18,1,3,0.167738,0.537068,0.0953161,0.120222,-91.9522,0.181496,0.178678
44100,A_direct,0.7,0.18,1,4,0.0674877,0.441329,0.0385454,0.04822,-75.7402,0,0.134975
44100,B_midpoint,0.7,0.18,1,4,0.101108,0.42035,0.0581324,0.0720467,-96.7041,0.121941,0.146784
44100,C_os2_direct,0.7,0.18,1,4,0.146772,0.456081,0.0833302,0.105119,-92.4589,0.158189,0.172759
44100,D_os2_midpoint,0.7,0.18,1,4,0.143264,0.452692,0.0814651,0.102542,-93.7724,0.162648,0.175016
44100,E_os2_all,0.7,0.18,1,4,0.14899,0.459598,0.0845538,0.106729,-93.5989,0.1657,0.186348
44100,F_adaa_direct,0.7,0.18,1,4,0.0990523,0.440829,0.0565487,0.0707848,-76.1777,0.125073,0.164151
44100,G_os4_direct,0.7,0.18,1,4,0.148176,0.458119,0.0840953,0.106141,-93.3487,0.158496,0.179616
44100,H_os2adaa_direct,0.7,0.18,1,4,0.146414,0.456033,0.0831389,0.104856,-92.8427,0.157093,0.176852
44100,A_direct,0.7,0.18,1,5,0,0,0,0,-300,0,0
44100,B_midpoint,0.7,0.18,1,5,0,0,0,0,-300,0,0
44100,C_os2_direct,0.7,0.18,1,5,0,0,0,0,-300,0,0
44100,D_os2_midpoint,0.7,0.18,1,5,0,0,0,0,-300,0,0
44100,E_os2_all,0.7,0.18,1,5,0,0,0,0,-300,0,0
44100,F_adaa_direct,0.7,0.18,1,5,0,0,0,0,-300,0,0
44100,G_os4_direct,0.7,0.18,1,5,0,0,0,0,-300,0,0
44100,H_os2adaa_direct,0.7,0.18,1,5,0,0,0,0,-300,0,0
44100,A_direct,0.7,1.2,0.6,0,0.531774,0.687103,0.0144296,0.531812,-23.641,0,0.535919
44100,B_midpoint,0.7,1.2,0.6,0,0.387492,0.554688,0.00343288,0.387528,-35.5829,0.158915,0.395744
44100,C_os2_direct,0.7,1.2,0.6,0,0.515542,0.696284,0.0102855,0.515486,-28.3513,0.13504,0.516307
44100,D_os2_midpoint,0.7,1.2,0.6,0,0.512458,0.693205,0.00826975,0.512444,-29.0662,0.139397,0.512696
44100,E_os2_all,0.7,1.2,0.6,0,0.512327,0.686243,0.0124832,0.512374,-26.6112,0.0579286,0.520915
44100,F_adaa_direct,0.7,1.2,0.6,0,0.418069,0.615015,0.00827896,0.418118,-32.6017,0.168511,0.434764
44100,G_os4_direct,0.7,1.2,0.6,0,0.218987,0.379767,0.018197,0.218452,-27.8072,0.359748,0.214162
44100,H_os2adaa_direct,0.7,1.2,0.6,0,0.519642,0.688378,0.00505257,0.519623,-27.3098,0.073362,0.519382
44100,A_direct,0.7,1.2,0.6,1,0.305553,0.673215,0.0365628,0.304941,-16.9724,0,0.312566
44100,B_midpoint,0.7,1.2,0.6,1,0.198193,0.56265,0.0261031,0.197409,-19.136,0.161263,0.201044
44100,C_os2_direct,0.7,1.2,0.6,1,0.220082,0.516952,0.0181858,0.21978,-18.2241,0.267988,0.217469
44100,D_os2_midpoint,0.7,1.2,0.6,1,0.265469,0.611488,0.0139551,0.265187,-17.1585,0.230315,0.258608
44100,E_os2_all,0.7,1.2,0.6,1,0.228965,0.654433,0.0500475,0.22785,-17.5763,0.171785,0.229982
44100,F_adaa_direct,0.7,1.2,0.6,1,0.207152,0.587997,0.0561757,0.205635,-19.3106,0.144166,0.216954
44100,G_os4_direct,0.7,1.2,0.6,1,0.223874,0.520602,0.0370349,0.222931,-14.9251,0.277071,0.222924
44100,H_os2adaa_direct,0.7,1.2,0.6,1,0.263717,0.602115,0.0162472,0.26353,-20.0043,0.265677,0.252693
44100,A_direct,0.7,1.2,0.6,2,0.241925,0.65511,0.096771,0.233091,-48.1522,0,0.261939
44100,B_midpoint,0.7,1.2,0.6,2,0.232838,0.621287,0.0859426,0.223819,-63.695,0.172589,0.248562
44100,C_os2_direct,0.7,1.2,0.6,2,0.250574,0.634485,0.10676,0.238857,-59.1598,0.195603,0.255052
44100,D_os2_midpoint,0.7,1.2,0.6,2,0.246409,0.636943,0.0991191,0.237148,-55.6622,0.189489,0.25273
44100,E_os2_all,0.7,1.2,0.6,2,0.246366,0.638041,0.103936,0.236441,-49.1558,0.196398,0.2438
44100,F_adaa_direct,0.7,1.2,0.6,2,0.236455,0.617928,0.0924674,0.227821,-61.3868,0.179185,0.252223
44100,G_os4_direct,0.7,1.2,0.6,2,0.236912,0.598122,0.093118,0.226898,-35.2097,0.197108,0.23989
44100,H_os2adaa_direct,0.7,1.2,0.6,2,0.247882,0.634334,0.105167,0.237225,-60.3452,0.19245,0.254711
44100,A_direct,0.7,1.2,0.6,3,0.00413895,0.599001,0.00178818,0.00425198,-167.432,0,8.95938e-08
44100,B_midpoint,0.7,1.2,0.6,3,0.00412973,0.561674,0.00276921,0.00463093,-177.128,0.00383406,6.53378e-08
44100,C_os2_direct,0.7,1.2,0.6,3,0.12921,0.551671,0.100187,0.121078,-76.7474,0.129208,0.122456
44100,D_os2_midpoint,0.7,1.2,0.6,3,0.144664,0.551671,0.100009,0.123855,-86.9592,0.144657,0.130438
44100,E_os2_all,0.7,1.2,0.6,3,0.141629,0.551671,0.106463,0.131457,-50.765,0.141619,0.13601
44100,F_adaa_direct,0.7,1.2,0.6,3,0.00461327,0.572808,0.00285404,0.00499782,-168.259,0.00317346,8.04652e-08
44100,G_os4_direct,0.7,1.2,0.6,3,0.137237,0.551671,0.106545,0.126801,-77.0149,0.137234,0.13333
44100,H_os2adaa_direct,0.7,1.2,0.6,3,0.12878,0.551671,0.100584,0.120019,-83.0388,0.128781,0.12162
44100,A_direct,0.7,1.2,0.6,4,0.0186801,0.175348,0.0108812,0.0132395,-74.4698,0,0.0291067
44100,B_midpoint,0.7,1.2,0.6,4,6.41344e-08,2.96354e-07,4.87207e-08,6.09371e-08,-160.925,0.0186801,4.21337e-08
44100,C_os2_direct,0.7,1.2,0.6,4,0.140485,0.483991,0.108568,0.129124,-76.7456,0.142254,0.124257
44100,D_os2_midpoint,0.7,1.2,0.6,4,0.125523,0.493447,0.0962491,0.116309,-92.5852,0.126998,0.0791761
44100,E_os2_all,0.7,1.2,0.6,4,0.151514,0.503875,0.114257,0.139447,-52.4871,0.152646,0.1399
44100,F_adaa_direct,0.7,1.2,0.6,4,1.1944e-07,6.38741e-07,7.56517e-08,9.29497e-08,-158.997,0.0186801,5.77387e-08
44100,G_os4_direct,0.7,1.2,0.6,4,0.147208,0.50244,0.113557,0.134707,-76.8927,0.147949,0.134842
44100,H_os2adaa_direct,0.7,1.2,0.6,4,0.142712,0.494375,0.106023,0.131918,-83.0103,0.144469,0.124892
44100,A_direct,0.7,1.2,0.6,5,0,0,0,0,-300,0,0
44100,B_midpoint,0.7,1.2,0.6,5,0,0,0,0,-300,0,0
44100,C_os2_direct,0.7,1.2,0.6,5,0,0,0,0,-300,0,0
44100,D_os2_midpoint,0.7,1.2,0.6,5,0,0,0,0,-300,0,0
44100,E_os2_all,0.7,1.2,0.6,5,0,0,0,0,-300,0,0
44100,F_adaa_direct,0.7,1.2,0.6,5,0,0,0,0,-300,0,0
44100,G_os4_direct,0.7,1.2,0.6,5,0,0,0,0,-300,0,0
44100,H_os2adaa_direct,0.7,1.2,0.6,5,0,0,0,0,-300,0,0
44100,A_direct,0.7,7,1,0,0.533564,0.687307,0.0215801,0.533475,-23.5271,0,0.533172
44100,B_midpoint,0.7,7,1,0,0.389852,0.568624,0.005031,0.389723,-35.2845,0.185194,0.386088
44100,C_os2_direct,0.7,7,1,0,0.513117,0.708022,0.0212863,0.513009,-27.9078,0.123975,0.513303
44100,D_os2_midpoint,0.7,7,1,0,0.512328,0.694215,0.0101313,0.512329,-28.6075,0.135531,0.512083
44100,E_os2_all,0.7,7,1,0,0.515699,0.688493,0.0187539,0.515582,-26.4966,0.059723,0.514006
44100,F_adaa_direct,0.7,7,1,0,0.437945,0.650337,0.0132838,0.437709,-31.3189,0.194618,0.43049
44100,G_os4_direct,0.7,7,1,0,0.22083,0.461843,0.0221588,0.220253,-27.9578,0.365023,0.212686
44100,H_os2adaa_direct,0.7,7,1,0,0.51513,0.700061,0.0197221,0.515002,-27.2987,0.0741876,0.515525
44100,A_direct,0.7,7,1,1,0.323085,0.684937,0.0379929,0.322382,-17.0912,0,0.318697
44100,B_midpoint,0.7,7,1,1,0.193426,0.529487,0.0272869,0.192951,-19.433,0.180577,0.192075
44100,C_os2_direct,0.7,7,1,1,0.225702,0.577755,0.0240965,0.225345,-18.3644,0.27005,0.224083
44100,D_os2_midpoint,0.7,7,1,1,0.257294,0.601651,0.0132542,0.257221,-17.1886,0.248007,0.259317
44100,E_os2_all,0.7,7,1,1,0.245733,0.625718,0.0695513,0.242599,-17.8066,0.194265,0.24475
44100,F_adaa_direct,0.7,7,1,1,0.216225,0.577875,0.0592497,0.214088,-19.7133,0.174722,0.214932
44100,G_os4_direct,0.7,7,1,1,0.226858,0.546034,0.0346492,0.226261,-14.7085,0.273179,0.226402
44100,H_os2adaa_direct,0.7,7,1,1,0.248447,0.598926,0.023861,0.24822,-20.1707,0.284539,0.253517
44100,A_direct,0.7,7,1,2,0.251195,0.671821,0.111858,0.244213,-44.1146,0,0.213043
44100,B_midpoint,0.7,7,1,2,0.231494,0.696812,0.0888617,0.227191,-64.8628,0.152181,0.196841
44100,C_os2_direct,0.7,7,1,2,0.249716,0.691854,0.106903,0.243741,-44.1187,0.176585,0.219572
44100,D_os2_midpoint,0.7,7,1,2,0.247136,0.692543,0.103149,0.241256,-56.1605,0.173895,0.219073
44100,E_os2_all,0.7,7,1,2,0.251427,0.673799,0.108894,0.244721,-41.156,0.179033,0.211721
44100,F_adaa_direct,0.7,7,1,2,0.243077,0.687869,0.103022,0.237604,-59.0531,0.167193,0.206069
44100,G_os4_direct,0.7,7,1,2,0.243141,0.671597,0.093788,0.239047,-27.0649,0.177441,0.204236
44100,H_os2adaa_direct,0.7,7,1,2,0.245318,0.693811,0.110825,0.23915,-59.7181,0.172037,0.212775
44100,A_direct,0.7,7,1,3,0.0239133,0.587118,0.0140991,0.0174076,-58.429,0,0.0164318
44100,B_midpoint,0.7,7,1,3,0.00387038,0.547615,0.00174596,0.00390868,-176.934,0.0238472,8.02861e-08
44100,C_os2_direct,0.7,7,1,3,0.130787,0.537068,0.0999445,0.121166,-66.3735,0.133038,0.137436
44100,D_os2_midpoint,0.7,7,1,3,0.0333246,0.537068,0.0218903,0.0246906,-130.038,0.0411387,8.59281e-05
44100,E_os2_all,0.7,7,1,3,0.152708,0.537068,0.121683,0.143724,-25.6561,0.154238,0.174014
44100,F_adaa_direct,0.7,7,1,3,0.00497593,0.559385,0.00246759,0.0050703,-167.48,0.0239114,1.06445e-07
44100,G_os4_direct,0.7,7,1,3,0.116155,0.537068,0.0862995,0.105083,-28.8003,0.118871,0.125153
44100,H_os2adaa_direct,0.7,7,1,3,0.1287,0.537068,0.100829,0.118784,-73.7039,0.130306,0.142254
44100,A_direct,0.7,7,1,4,0.0197681,0.154547,0.0117079,0.0140645,-60.9157,0,0.0188042
44100,B_midpoint,0.7,7,1,4,9.16549e-08,2.66444e-07,4.35729e-08,8.66034e-08,-160.6,0.0197681,9.22333e-08
44100,C_os2_direct,0.7,7,1,4,0.13702,0.504825,0.102468,0.12799,-67.0129,0.13893,0.143398
44100,D_os2_midpoint,0.7,7,1,4,1.1789e-05,6.20729e-05,6.95749e-06,8.3413e-06,-157.336,0.0197681,1.0054e-05
44100,E_os2_all,0.7,7,1,4,0.170875,0.404177,0.13246,0.156781,-25.8602,0.171972,0.171853
44100,F_adaa_direct,0.7,7,1,4,9.59714e-08,3.21685e-07,4.95527e-08,9.05085e-08,-159.139,0.0197681,9.54951e-08
44100,G_os4_direct,0.7,7,1,4,0.0934404,0.440603,0.0772005,0.0941799,-26.6022,0.0957062,0.117337
44100,H_os2adaa_direct,0.7,7,1,4,0.137133,0.495963,0.099439,0.128266,-73.6052,0.138947,0.137629
44100,A_direct,0.7,7,1,5,0,0,0,0,-300,0,0
44100,B_midpoint,0.7,7,1,5,0,0,0,0,-300,0,0
44100,C_os2_direct,0.7,7,1,5,0,0,0,0,-300,0,0
44100,D_os2_midpoint,0.7,7,1,5,0,0,0,0,-300,0,0
44100,E_os2_all,0.7,7,1,5,0,0,0,0,-300,0,0
44100,F_adaa_direct,0.7,7,1,5,0,0,0,0,-300,0,0
44100,G_os4_direct,0.7,7,1,5,0,0,0,0,-300,0,0
44100,H_os2adaa_direct,0.7,7,1,5,0,0,0,0,-300,0,0
44100,A_direct,0.7,1.2,0,0,0.534775,0.687865,0.000245796,0.53472,-23.6459,0,0.534744
44100,B_midpoint,0.7,1.2,0,0,0.398024,0.545555,8.21568e-05,0.398003,-35.1216,0.14484,0.398007
44100,C_os2_direct,0.7,1.2,0,0,0.515273,0.692826,0.000114516,0.515261,-29.1556,0.142513,0.515246
44100,D_os2_midpoint,0.7,1.2,0,0,0.512378,0.692696,0.000175663,0.512369,-29.4918,0.137442,0.512349
44100,E_os2_all,0.7,1.2,0,0,0.513029,0.677983,0.000206835,0.51297,-26.5163,0.0555249,0.513006
44100,F_adaa_direct,0.7,1.2,0,0,0.41291,0.569685,0.000149803,0.412847,-33.1718,0.147311,0.412896
44100,G_os4_direct,0.7,1.2,0,0,0.24495,0.381892,0.000387843,0.245047,-27.929,0.353873,0.244933
44100,H_os2adaa_direct,0.7,1.2,0,0,0.521661,0.688134,0.000115278,0.521642,-27.423,0.0827276,0.521639
44100,A_direct,0.7,1.2,0,1,0.298008,0.675113,0.00119991,0.297982,-16.8146,0,0.29807
44100,B_midpoint,0.7,1.2,0,1,0.203254,0.485357,0.0302327,0.205086,-18.5928,0.145304,0.203427
44100,C_os2_direct,0.7,1.2,0,1,0.220881,0.510154,0.000321303,0.220901,-17.9134,0.264037,0.220898
44100,D_os2_midpoint,0.7,1.2,0,1,0.278149,0.621545,0.00543254,0.278381,-17.0993,0.230064,0.278132
44100,E_os2_all,0.7,1.2,0,1,0.236015,0.652981,0.0809746,0.233886,-17.5519,0.179944,0.235849
44100,F_adaa_direct,0.7,1.2,0,1,0.207551,0.520066,0.000783747,0.207497,-18.8204,0.119486,0.207588
44100,G_os4_direct,0.7,1.2,0,1,0.224722,0.517237,0.00133014,0.224693,-15.1132,0.282489,0.224737
44100,H_os2adaa_direct,0.7,1.2,0,1,0.277535,0.606187,0.000258971,0.277543,-19.6369,0.249944,0.277405
44100,A_direct,0.7,1.2,0,2,0.160155,0.642968,0.0748108,0.157038,-52.387,0,0.136102
44100,B_midpoint,0.7,1.2,0,2,0.151932,0.683884,0.0519091,0.148327,-65.8476,0.174652,0.126542
44100,C_os2_direct,0.7,1.2,0,2,0.176133,0.696648,0.0797873,0.171492,-58.5431,0.191515,0.150038
44100,D_os2_midpoint,0.7,1.2,0,2,0.183152,0.695193,0.0852558,0.175175,-54.3767,0.196759,0.168913
44100,E_os2_all,0.7,1.2,0,2,0.173433,0.589456,0.11057,0.164751,-47.6626,0.190905,0.154076
44100,F_adaa_direct,0.7,1.2,0,2,0.161541,0.664532,0.0669124,0.158095,-62.6202,0.174952,0.137946
44100,G_os4_direct,0.7,1.2,0,2,0.160529,0.569625,0.095268,0.153433,-29.9964,0.195657,0.140505
44100,H_os2adaa_direct,0.7,1.2,0,2,0.177832,0.713765,0.0849062,0.175025,-58.9784,0.192335,0.154351
44100,A_direct,0.7,1.2,0,3,0.00461387,0.616162,0.000208535,0.00462007,-172.166,0,9.56642e-08
44100,B_midpoint,0.7,1.2,0,3,0.00467893,0.581953,0.000460249,0.00469305,-183.257,0.00477366,6.9685e-08
44100,C_os2_direct,0.7,1.2,0,3,0.141739,0.572862,0.097419,0.133428,-107.788,0.141753,0.144175
44100,D_os2_midpoint,0.7,1.2,0,3,0.139834,0.572862,0.0944226,0.131888,-119.623,0.139838,0.147035
44100,E_os2_all,0.7,1.2,0,3,0.150857,0.572862,0.105395,0.14146,-116.923,0.150857,0.153738
44100,F_adaa_direct,0.7,1.2,0,3,0.00534053,0.591908,0.00047689,0.00535457,-172.996,0.00478897,6.92515e-08
44100,G_os4_direct,0.7,1.2,0,3,0.148282,0.572862,0.10135,0.139569,-114.687,0.148287,0.154532
44100,H_os2adaa_direct,0.7,1.2,0,3,0.142076,0.572862,0.0981482,0.13363,-110.002,0.142091,0.147173
44100,A_direct,0.7,1.2,0,4,4.82421e-08,6.65479e-08,2.67139e-08,3.75214e-08,-157.828,0,4.82392e-08
44100,B_midpoint,0.7,1.2,0,4,2.20457e-12,1.90429e-11,5.24412e-13,2.46677e-12,-300,4.82421e-08,3.00869e-24
44100,C_os2_direct,0.7,1.2,0,4,0.138787,0.408303,0.109004,0.127658,-107.961,0.138787,0.137444
44100,D_os2_midpoint,0.7,1.2,0,4,0.143958,0.459514,0.0990579,0.135381,-119.262,0.143958,0.143334
44100,E_os2_all,0.7,1.2,0,4,0.153881,0.483105,0.109124,0.143868,-121.346,0.153881,0.149389
44100,F_adaa_direct,0.7,1.2,0,4,5.12079e-08,6.25784e-08,2.84042e-08,3.91539e-08,-159.388,7.03614e-08,5.1206e-08
44100,G_os4_direct,0.7,1.2,0,4,0.148308,0.457117,0.109768,0.137522,-118.882,0.148308,0.150506
44100,H_os2adaa_direct,0.7,1.2,0,4,0.139663,0.396105,0.109861,0.128239,-110.322,0.139663,0.140759
44100,A_direct,0.7,1.2,0,5,0,0,0,0,-300,0,0
44100,B_midpoint,0.7,1.2,0,5,0,0,0,0,-300,0,0
44100,C_os2_direct,0.7,1.2,0,5,0,0,0,0,-300,0,0
44100,D_os2_midpoint,0.7,1.2,0,5,0,0,0,0,-300,0,0
44100,E_os2_all,0.7,1.2,0,5,0,0,0,0,-300,0,0
44100,F_adaa_direct,0.7,1.2,0,5,0,0,0,0,-300,0,0
44100,G_os4_direct,0.7,1.2,0,5,0,0,0,0,-300,0,0
44100,H_os2adaa_direct,0.7,1.2,0,5,0,0,0,0,-300,0,0
48000,A_direct,0,0.18,1,0,0.527404,0.689803,0.0108257,0.527748,-23.6947,0,0.526689
48000,B_midpoint,0,0.18,1,0,0.397946,0.556275,0.00657657,0.400635,-34.5095,0.175228,0.404264
48000,C_os2_direct,0,0.18,1,0,0.522058,0.692771,0.0116261,0.522064,-24.8822,0.0652576,0.522588
48000,D_os2_midpoint,0,0.18,1,0,0.522058,0.692771,0.0116261,0.522064,-24.8822,0.0652576,0.522588
48000,E_os2_all,0,0.18,1,0,0.522058,0.692771,0.0116261,0.522064,-24.8822,0.0652576,0.522588
48000,F_adaa_direct,0,0.18,1,0,0.465943,0.633833,0.00938696,0.468176,-29.2966,0.153001,0.47112
48000,G_os4_direct,0,0.18,1,0,0.219821,0.363994,0.0141768,0.222467,-26.8333,0.316423,0.225936
48000,H_os2adaa_direct,0,0.18,1,0,0.524184,0.684777,0.0113528,0.524983,-24.977,0.0496121,0.52592
48000,A_direct,0,0.18,1,1,0.305313,0.669443,0.00785803,0.305503,-15.661,0,0.305647
48000,B_midpoint,0,0.18,1,1,0.190924,0.467769,0.00577492,0.191836,-19.4754,0.129422,0.19301
48000,C_os2_direct,0,0.18,1,1,0.265295,0.569146,0.00823448,0.265316,-15.3591,0.152719,0.265163
48000,D_os2_midpoint,0,0.18,1,1,0.265295,0.569146,0.00823448,0.265316,-15.3591,0.152719,0.265163
48000,E_os2_all,0,0.18,1,1,0.265295,0.569146,0.00823448,0.265316,-15.3591,0.152719,0.265163
48000,F_adaa_direct,0,0.18,1,1,0.222977,0.534813,0.0066546,0.22416,-19.594,0.115107,0.225655
48000,G_os4_direct,0,0.18,1,1,0.241587,0.531927,0.00823913,0.241619,-15.7126,0.185596,0.241555
48000,H_os2adaa_direct,0,0.18,1,1,0.249261,0.532733,0.00797978,0.249549,-16.4491,0.151063,0.249776
48000,A_direct,0,0.18,1,2,0.127277,0.604655,0.0638817,0.134852,-56.6752,0,0.178862
48000,B_midpoint,0,0.18,1,2,0.115959,0.546233,0.0646193,0.123947,-68.2575,0.034906,0.163994
48000,C_os2_direct,0,0.18,1,2,0.130362,0.623265,0.0639484,0.136022,-56.8909,0.021201,0.178514
48000,D_os2_midpoint,0,0.18,1,2,0.130362,0.623265,0.0639484,0.136022,-56.8909,0.021201,0.178514
48000,E_os2_all,0,0.18,1,2,0.130362,0.623265,0.0639484,0.136022,-56.8909,0.021201,0.178514
48000,F_adaa_direct,0,0.18,1,2,0.120362,0.577544,0.0643796,0.128284,-62.6982,0.0263225,0.170033
48000,G_os4_direct,0,0.18,1,2,0.114931,0.515176,0.0646723,0.12073,-58.5521,0.0681698,0.157435
48000,H_os2adaa_direct,0,0.18,1,2,0.128839,0.615448,0.0640545,0.134546,-58.3079,0.0219207,0.176523
48000,A_direct,0,0.18,1,3,0.00330793,0.595319,5.53534e-05,0.00330733,-193.275,0,9.07743e-15
48000,B_midpoint,0,0.18,1,3,0.00312639,0.553669,7.33085e-05,0.00312598,-202.42,0.000512822,8.12341e-15
48000,C_os2_direct,0,0.18,1,3,0.00329892,0.542781,4.824e-05,0.00329927,-158.946,0.00141223,1.09589e-14
48000,D_os2_midpoint,0,0.18,1,3,0.00329892,0.542781,4.824e-05,0.00329927,-158.946,0.00141223,1.09589e-14
48000,E_os2_all,0,0.18,1,3,0.00329892,0.542781,4.824e-05,0.00329927,-158.946,0.00141223,1.09589e-14
48000,F_adaa_direct,0,0.18,1,3,0.00321963,0.565321,8.10393e-05,0.00321916,-194.011,0.000547522,7.78044e-15
48000,G_os4_direct,0,0.18,1,3,0.00331701,0.542781,4.89272e-05,0.00331733,-157.193,0.0014595,1.10554e-14
48000,H_os2adaa_direct,0,0.18,1,3,0.00320995,0.542781,5.26106e-05,0.00321041,-160.61,0.00120108,1.0069e-14
48000,A_direct,0,0.18,1,4,1.54446e-16,1.27881e-15,1.11519e-18,1.53888e-16,-300,0,2.05255e-27
48000,B_midpoint,0,0.18,1,4,1.55153e-16,1.28466e-15,1.11775e-18,1.54594e-16,-300,7.06623e-19,2.06195e-27
48000,C_os2_direct,0,0.18,1,4,1.56131e-16,1.29276e-15,1.124e-18,1.55569e-16,-300,1.68532e-18,2.07496e-27
48000,D_os2_midpoint,0,0.18,1,4,1.56131e-16,1.29276e-15,1.124e-18,1.55569e-16,-300,1.68532e-18,2.07496e-27
48000,E_os2_all,0,0.18,1,4,1.56131e-16,1.29276e-15,1.124e-18,1.55569e-16,-300,1.68532e-18,2.07496e-27
48000,F_adaa_direct,0,0.18,1,4,1.54827e-16,1.28197e-15,1.1158e-18,1.54269e-16,-300,3.81385e-19,2.05762e-27
48000,G_os4_direct,0,0.18,1,4,1.56945e-16,1.2995e-15,1.12653e-18,1.56381e-16,-300,2.49868e-18,2.08574e-27
48000,H_os2adaa_direct,0,0.18,1,4,1.56265e-16,1.29387e-15,1.1246e-18,1.55702e-16,-300,1.81875e-18,2.07673e-27
48000,A_direct,0,0.18,1,5,0,0,0,0,-300,0,0
48000,B_midpoint,0,0.18,1,5,0,0,0,0,-300,0,0
48000,C_os2_direct,0,0.18,1,5,0,0,0,0,-300,0,0
48000,D_os2_midpoint,0,0.18,1,5,0,0,0,0,-300,0,0
48000,E_os2_all,0,0.18,1,5,0,0,0,0,-300,0,0
48000,F_adaa_direct,0,0.18,1,5,0,0,0,0,-300,0,0
48000,G_os4_direct,0,0.18,1,5,0,0,0,0,-300,0,0
48000,H_os2adaa_direct,0,0.18,1,5,0,0,0,0,-300,0,0
48000,A_direct,0,1.2,0.6,0,0.528155,0.690703,0.00667369,0.528174,-23.8991,0,0.527525
48000,B_midpoint,0,1.2,0.6,0,0.418885,0.597704,0.00387734,0.419347,-33.7531,0.16355,0.441735
48000,C_os2_direct,0,1.2,0.6,0,0.524122,0.692774,0.0070055,0.52408,-24.9725,0.0631079,0.526742
48000,D_os2_midpoint,0,1.2,0.6,0,0.524122,0.692774,0.0070055,0.52408,-24.9725,0.0631079,0.526742
48000,E_os2_all,0,1.2,0.6,0,0.524122,0.692774,0.0070055,0.52408,-24.9725,0.0631079,0.526742
48000,F_adaa_direct,0,1.2,0.6,0,0.479355,0.660557,0.00577179,0.479727,-29.0788,0.14266,0.49774
48000,G_os4_direct,0,1.2,0.6,0,0.259165,0.424029,0.00824378,0.259719,-27.5171,0.291255,0.290566
48000,H_os2adaa_direct,0,1.2,0.6,0,0.528225,0.687018,0.00691486,0.528334,-24.9875,0.0454846,0.531503
48000,A_direct,0,1.2,0.6,1,0.30441,0.664858,0.00431515,0.304431,-15.6477,0,0.305465
48000,B_midpoint,0,1.2,0.6,1,0.201474,0.508143,0.00308696,0.201637,-19.0684,0.118531,0.209971
48000,C_os2_direct,0,1.2,0.6,1,0.264954,0.57157,0.00454494,0.264939,-15.3688,0.138909,0.264407
48000,D_os2_midpoint,0,1.2,0.6,1,0.264954,0.57157,0.00454494,0.264939,-15.3688,0.138909,0.264407
48000,E_os2_all,0,1.2,0.6,1,0.264954,0.57157,0.00454494,0.264939,-15.3688,0.138909,0.264407
48000,F_adaa_direct,0,1.2,0.6,1,0.231021,0.563257,0.00367169,0.231227,-19.1771,0.105692,0.241464
48000,G_os4_direct,0,1.2,0.6,1,0.242864,0.561487,0.00458181,0.242872,-15.7414,0.169084,0.244172
48000,H_os2adaa_direct,0,1.2,0.6,1,0.25117,0.538899,0.00438862,0.251209,-16.3587,0.137195,0.25342
48000,A_direct,0,1.2,0.6,2,0.167177,0.660836,0.0163372,0.167345,-56.6748,0,0.276162
48000,B_midpoint,0,1.2,0.6,2,0.160249,0.614906,0.0164073,0.160411,-66.6343,0.0315458,0.269535
48000,C_os2_direct,0,1.2,0.6,2,0.167729,0.641142,0.0163083,0.167875,-56.97,0.020699,0.272107
48000,D_os2_midpoint,0,1.2,0.6,2,0.167729,0.641142,0.0163083,0.167875,-56.97,0.020699,0.272107
48000,E_os2_all,0,1.2,0.6,2,0.167729,0.641142,0.0163083,0.167875,-56.97,0.020699,0.272107
48000,F_adaa_direct,0,1.2,0.6,2,0.163113,0.638865,0.0163911,0.163277,-61.9688,0.0237588,0.272746
48000,G_os4_direct,0,1.2,0.6,2,0.157351,0.556429,0.0163801,0.157492,-59.67,0.0625225,0.261218
48000,H_os2adaa_direct,0,1.2,0.6,2,0.166927,0.644134,0.0163194,0.167072,-58.2467,0.0215467,0.271604
48000,A_direct,0,1.2,0.6,3,0.00336361,0.604797,7.29064e-05,0.00336438,-195.044,0,5.36356e-15
48000,B_midpoint,0,1.2,0.6,3,0.00319372,0.567025,9.6783e-05,0.00319376,-204.842,0.000512418,4.7455e-15
48000,C_os2_direct,0,1.2,0.6,3,0.00333397,0.557373,7.19912e-05,0.00333332,-159.842,0.00133032,6.36743e-15
48000,D_os2_midpoint,0,1.2,0.6,3,0.00333397,0.557373,7.19912e-05,0.00333332,-159.842,0.00133032,6.36743e-15
48000,E_os2_all,0,1.2,0.6,3,0.00333397,0.557373,7.19912e-05,0.00333332,-159.842,0.00133032,6.36743e-15
48000,F_adaa_direct,0,1.2,0.6,3,0.00327779,0.577272,0.000107939,0.00327787,-196.146,0.000536815,4.53386e-15
48000,G_os4_direct,0,1.2,0.6,3,0.00334834,0.557373,7.31661e-05,0.00334773,-158.1,0.00137439,6.42508e-15
48000,H_os2adaa_direct,0,1.2,0.6,3,0.00326459,0.557373,7.89074e-05,0.00326371,-161.472,0.00115479,5.83565e-15
48000,A_direct,0,1.2,0.6,4,1.14448e-16,9.47627e-16,1.25152e-17,1.08191e-16,-300,0,1.52099e-27
48000,B_midpoint,0,1.2,0.6,4,1.15061e-16,9.52702e-16,1.25529e-17,1.08785e-16,-300,6.12963e-19,1.52914e-27
48000,C_os2_direct,0,1.2,0.6,4,1.15842e-16,9.59172e-16,1.26245e-17,1.0953e-16,-300,1.39422e-18,1.53952e-27
48000,D_os2_midpoint,0,1.2,0.6,4,1.15842e-16,9.59172e-16,1.26245e-17,1.0953e-16,-300,1.39422e-18,1.53952e-27
48000,E_os2_all,0,1.2,0.6,4,1.15842e-16,9.59172e-16,1.26245e-17,1.0953e-16,-300,1.39422e-18,1.53952e-27
48000,F_adaa_direct,0,1.2,0.6,4,1.14776e-16,9.5034e-16,1.25366e-17,1.08508e-16,-300,3.27632e-19,1.52533e-27
48000,G_os4_direct,0,1.2,0.6,4,1.16514e-16,9.64733e-16,1.26774e-17,1.10175e-16,-300,2.06586e-18,1.54846e-27
48000,H_os2adaa_direct,0,1.2,0.6,4,1.15953e-16,9.60084e-16,1.26329e-17,1.09636e-16,-300,1.50446e-18,1.54099e-27
48000,A_direct,0,1.2,0.6,5,0,0,0,0,-300,0,0
48000,B_midpoint,0,1.2,0.6,5,0,0,0,0,-300,0,0
48000,C_os2_direct,0,1.2,0.6,5,0,0,0,0,-300,0,0
48000,D_os2_midpoint,0,1.2,0.6,5,0,0,0,0,-300,0,0
48000,E_os2_all,0,1.2,0.6,5,0,0,0,0,-300,0,0
48000,F_adaa_direct,0,1.2,0.6,5,0,0,0,0,-300,0,0
48000,G_os4_direct,0,1.2,0.6,5,0,0,0,0,-300,0,0
48000,H_os2adaa_direct,0,1.2,0.6,5,0,0,0,0,-300,0,0
48000,A_direct,0,7,1,0,0.527083,0.690208,0.0107734,0.527078,-24.0164,0,0.526907
48000,B_midpoint,0,7,1,0,0.427199,0.609807,0.00642496,0.42706,-32.6154,0.182654,0.427899
48000,C_os2_direct,0,7,1,0,0.523988,0.692539,0.0110243,0.523999,-24.6648,0.0684743,0.523676
48000,D_os2_midpoint,0,7,1,0,0.523988,0.692539,0.0110243,0.523999,-24.6648,0.0684743,0.523676
48000,E_os2_all,0,7,1,0,0.523988,0.692539,0.0110243,0.523999,-24.6648,0.0684743,0.523676
48000,F_adaa_direct,0,7,1,0,0.488302,0.670601,0.00957549,0.488192,-28.271,0.154246,0.488814
48000,G_os4_direct,0,7,1,0,0.266229,0.45035,0.0125331,0.265884,-27.4544,0.319268,0.26724
48000,H_os2adaa_direct,0,7,1,0,0.529579,0.687231,0.0110622,0.529542,-24.7608,0.0461687,0.52963
48000,A_direct,0,7,1,1,0.30605,0.67115,0.00669381,0.306035,-15.6281,0,0.306031
48000,B_midpoint,0,7,1,1,0.201902,0.509522,0.00478212,0.201837,-19.4162,0.128158,0.202173
48000,C_os2_direct,0,7,1,1,0.264199,0.566117,0.00712688,0.264185,-15.4276,0.148669,0.264127
48000,D_os2_midpoint,0,7,1,1,0.264199,0.566117,0.00712688,0.264185,-15.4276,0.148669,0.264127
48000,E_os2_all,0,7,1,1,0.264199,0.566117,0.00712688,0.264185,-15.4276,0.148669,0.264127
48000,F_adaa_direct,0,7,1,1,0.235906,0.563301,0.0057863,0.235832,-19.3236,0.11446,0.236204
48000,G_os4_direct,0,7,1,1,0.243184,0.573562,0.00722785,0.243143,-16.03,0.180266,0.243245
48000,H_os2adaa_direct,0,7,1,1,0.251605,0.548939,0.00686141,0.251575,-16.2818,0.146746,0.25163
48000,A_direct,0,7,1,2,0.19891,0.69789,0.023533,0.198519,-55.4347,0,0.263179
48000,B_midpoint,0,7,1,2,0.192837,0.67497,0.023723,0.192413,-64.794,0.0348847,0.255563
48000,C_os2_direct,0,7,1,2,0.196131,0.684426,0.0235581,0.195736,-55.8878,0.0216422,0.259554
48000,D_os2_midpoint,0,7,1,2,0.196131,0.684426,0.0235581,0.195736,-55.8878,0.0216422,0.259554
48000,E_os2_all,0,7,1,2,0.196131,0.684426,0.0235581,0.195736,-55.8878,0.0216422,0.259554
48000,F_adaa_direct,0,7,1,2,0.195725,0.691223,0.0236671,0.19531,-60.1156,0.0263,0.259202
48000,G_os4_direct,0,7,1,2,0.186706,0.641826,0.0237446,0.186269,-59.1757,0.0681317,0.247691
48000,H_os2adaa_direct,0,7,1,2,0.19566,0.689379,0.0235856,0.195257,-56.8492,0.0223506,0.258957
48000,A_direct,0,7,1,3,0.00326133,0.582193,5.96928e-05,0.00326373,-196.578,0,3.2258e-15
48000,B_midpoint,0,7,1,3,0.00310671,0.550647,7.51822e-05,0.00310753,-206.507,0.000602847,2.90804e-15
48000,C_os2_direct,0,7,1,3,0.00328997,0.542781,8.64584e-05,0.00329087,-158.885,0.00147326,3.9471e-15
48000,D_os2_midpoint,0,7,1,3,0.00328997,0.542781,8.64584e-05,0.00329087,-158.885,0.00147326,3.9471e-15
48000,E_os2_all,0,7,1,3,0.00328997,0.542781,8.64584e-05,0.00329087,-158.885,0.00147326,3.9471e-15
48000,F_adaa_direct,0,7,1,3,0.00319036,0.559211,8.86612e-05,0.00319178,-197.847,0.000611201,2.79929e-15
48000,G_os4_direct,0,7,1,3,0.0033068,0.542781,8.85995e-05,0.00330774,-157.134,0.0015129,3.99491e-15
48000,H_os2adaa_direct,0,7,1,3,0.00321032,0.542781,8.5469e-05,0.00321091,-160.564,0.00128298,3.61009e-15
48000,A_direct,0,7,1,4,1.09324e-17,9.05199e-17,1.22018e-17,4.83152e-18,-300,0,1.45289e-28
48000,B_midpoint,0,7,1,4,1.12361e-17,9.30347e-17,1.223e-17,5.12115e-18,-300,3.03725e-19,1.49324e-28
48000,C_os2_direct,0,7,1,4,1.14853e-17,9.50983e-17,1.22508e-17,5.35995e-18,-300,5.52945e-19,1.52638e-28
48000,D_os2_midpoint,0,7,1,4,1.14853e-17,9.50983e-17,1.22508e-17,5.35995e-18,-300,5.52945e-19,1.52638e-28
48000,E_os2_all,0,7,1,4,1.14853e-17,9.50983e-17,1.22508e-17,5.35995e-18,-300,5.52945e-19,1.52638e-28
48000,F_adaa_direct,0,7,1,4,1.1094e-17,9.18582e-17,1.22165e-17,4.98577e-18,-300,1.61636e-19,1.47438e-28
48000,G_os4_direct,0,7,1,4,1.17432e-17,9.7233e-17,1.22735e-17,5.60643e-18,-300,8.10756e-19,1.56064e-28
48000,H_os2adaa_direct,0,7,1,4,1.15295e-17,9.5464e-17,1.22552e-17,5.40189e-18,-300,5.97106e-19,1.53224e-28
48000,A_direct,0,7,1,5,0,0,0,0,-300,0,0
48000,B_midpoint,0,7,1,5,0,0,0,0,-300,0,0
48000,C_os2_direct,0,7,1,5,0,0,0,0,-300,0,0
48000,D_os2_midpoint,0,7,1,5,0,0,0,0,-300,0,0
48000,E_os2_all,0,7,1,5,0,0,0,0,-300,0,0
48000,F_adaa_direct,0,7,1,5,0,0,0,0,-300,0,0
48000,G_os4_direct,0,7,1,5,0,0,0,0,-300,0,0
48000,H_os2adaa_direct,0,7,1,5,0,0,0,0,-300,0,0
48000,A_direct,0,1.2,0,0,0.529166,0.690569,0.000140038,0.529154,-24.0845,0,0.529139
48000,B_midpoint,0,1.2,0,0,0.425531,0.578218,7.8506e-05,0.425492,-33.1521,0.139786,0.425513
48000,C_os2_direct,0,1.2,0,0,0.524174,0.692551,0.00015775,0.524167,-25.1619,0.0574631,0.524147
48000,D_os2_midpoint,0,1.2,0,0,0.524174,0.692551,0.00015775,0.524167,-25.1619,0.0574631,0.524147
48000,E_os2_all,0,1.2,0,0,0.524174,0.692551,0.00015775,0.524167,-25.1619,0.0574631,0.524147
48000,F_adaa_direct,0,1.2,0,0,0.481296,0.639769,0.000108211,0.481257,-28.9531,0.126999,0.481275
48000,G_os4_direct,0,1.2,0,0,0.278903,0.430981,0.00020041,0.278883,-28.2234,0.256324,0.278895
48000,H_os2adaa_direct,0,1.2,0,0,0.529739,0.688023,0.000147716,0.529719,-25.0723,0.0428667,0.529711
48000,A_direct,0,1.2,0,1,0.300703,0.656497,9.10304e-05,0.300696,-15.6678,0,0.300713
48000,B_midpoint,0,1.2,0,1,0.208796,0.492491,6.2566e-05,0.208784,-18.492,0.101508,0.208806
48000,C_os2_direct,0,1.2,0,1,0.264773,0.573433,9.57265e-05,0.264769,-15.3965,0.119269,0.264756
48000,D_os2_midpoint,0,1.2,0,1,0.264773,0.573433,9.57265e-05,0.264769,-15.3965,0.119269,0.264756
48000,E_os2_all,0,1.2,0,1,0.264773,0.573433,9.57265e-05,0.264769,-15.3965,0.119269,0.264756
48000,F_adaa_direct,0,1.2,0,1,0.232123,0.539097,7.3566e-05,0.232104,-18.6335,0.0903846,0.232126
48000,G_os4_direct,0,1.2,0,1,0.243935,0.539671,9.55214e-05,0.243932,-15.7161,0.145983,0.243943
48000,H_os2adaa_direct,0,1.2,0,1,0.251718,0.547415,9.16767e-05,0.251711,-16.2964,0.117701,0.251717
48000,A_direct,0,1.2,0,2,0.134933,0.60482,0.000581803,0.134896,-58.5558,0,0.178636
48000,B_midpoint,0,1.2,0,2,0.125943,0.560142,0.000587417,0.125911,-67.833,0.0269986,0.166969
48000,C_os2_direct,0,1.2,0,2,0.135764,0.620682,0.000581221,0.135752,-58.852,0.0187924,0.179655
48000,D_os2_midpoint,0,1.2,0,2,0.135764,0.620682,0.000581221,0.135752,-58.852,0.0187924,0.179655
48000,E_os2_all,0,1.2,0,2,0.135764,0.620682,0.000581221,0.135752,-58.852,0.0187924,0.179655
48000,F_adaa_direct,0,1.2,0,2,0.12936,0.583172,0.000586095,0.129324,-63.9668,0.0203213,0.171413
48000,G_os4_direct,0,1.2,0,2,0.122355,0.515718,0.000587504,0.122354,-61.4281,0.0542998,0.162321
48000,H_os2adaa_direct,0,1.2,0,2,0.134468,0.616938,0.00058222,0.134457,-60.2665,0.0196172,0.177976
48000,A_direct,0,1.2,0,3,0.0034541,0.621757,1.97854e-06,0.00345412,-196.537,0,3.49265e-15
48000,B_midpoint,0,1.2,0,3,0.00329713,0.587148,2.59319e-06,0.00329714,-205.801,0.000468993,2.99678e-15
48000,C_os2_direct,0,1.2,0,3,0.00338857,0.57852,2.02196e-06,0.00338855,-161.33,0.00117376,4.04498e-15
48000,D_os2_midpoint,0,1.2,0,3,0.00338857,0.57852,2.02196e-06,0.00338855,-161.33,0.00117376,4.04498e-15
48000,E_os2_all,0,1.2,0,3,0.00338857,0.57852,2.02196e-06,0.00338855,-161.33,0.00117376,4.04498e-15
48000,F_adaa_direct,0,1.2,0,3,0.00336887,0.596156,2.87521e-06,0.00336888,-197.536,0.000488296,2.83672e-15
48000,G_os4_direct,0,1.2,0,3,0.00339877,0.57852,2.0475e-06,0.00339875,-159.597,0.00121074,4.08001e-15
48000,H_os2adaa_direct,0,1.2,0,3,0.00334053,0.57852,2.24489e-06,0.00334051,-162.918,0.00103525,3.67839e-15
48000,A_direct,0,1.2,0,4,2.08694e-17,1.72798e-16,4.77633e-19,2.06306e-17,-300,0,2.77351e-28
48000,B_midpoint,0,1.2,0,4,2.12464e-17,1.7592e-16,4.79149e-19,2.10068e-17,-300,3.77046e-19,2.82362e-28
48000,C_os2_direct,0,1.2,0,4,2.16345e-17,1.79133e-16,4.7947e-19,2.13948e-17,-300,7.65126e-19,2.87517e-28
48000,D_os2_midpoint,0,1.2,0,4,2.16345e-17,1.79133e-16,4.7947e-19,2.13948e-17,-300,7.65126e-19,2.87517e-28
48000,E_os2_all,0,1.2,0,4,2.16345e-17,1.79133e-16,4.7947e-19,2.13948e-17,-300,7.65126e-19,2.87517e-28
48000,F_adaa_direct,0,1.2,0,4,2.10686e-17,1.74447e-16,4.77615e-19,2.08298e-17,-300,1.9919e-19,2.79993e-28
48000,G_os4_direct,0,1.2,0,4,2.20037e-17,1.8219e-16,4.81697e-19,2.17628e-17,-300,1.13431e-18,2.92422e-28
48000,H_os2adaa_direct,0,1.2,0,4,2.16954e-17,1.79637e-16,4.8052e-19,2.14552e-17,-300,8.26049e-19,2.88324e-28
48000,A_direct,0,1.2,0,5,0,0,0,0,-300,0,0
48000,B_midpoint,0,1.2,0,5,0,0,0,0,-300,0,0
48000,C_os2_direct,0,1.2,0,5,0,0,0,0,-300,0,0
48000,D_os2_midpoint,0,1.2,0,5,0,0,0,0,-300,0,0
48000,E_os2_all,0,1.2,0,5,0,0,0,0,-300,0,0
48000,F_adaa_direct,0,1.2,0,5,0,0,0,0,-300,0,0
48000,G_os4_direct,0,1.2,0,5,0,0,0,0,-300,0,0
48000,H_os2adaa_direct,0,1.2,0,5,0,0,0,0,-300,0,0
48000,A_direct,0.25,0.18,1,0,0.53012,0.687026,0.0143158,0.531174,-23.3497,0,0.53062
48000,B_midpoint,0.25,0.18,1,0,0.383217,0.538243,0.00584555,0.385706,-35.5853,0.166817,0.388544
48000,C_os2_direct,0.25,0.18,1,0,0.520183,0.69331,0.00828705,0.519862,-25.8317,0.139997,0.520787
48000,D_os2_midpoint,0.25,0.18,1,0,0.519916,0.69325,0.0103863,0.519451,-25.5725,0.158273,0.52042
48000,E_os2_all,0.25,0.18,1,0,0.530281,0.691124,0.0161029,0.530643,-24.3381,0.093398,0.530826
48000,F_adaa_direct,0.25,0.18,1,0,0.437598,0.605049,0.0100466,0.440858,-31.2616,0.155873,0.443925
48000,G_os4_direct,0.25,0.18,1,0,0.246828,0.367105,0.0153704,0.252215,-26.9615,0.300585,0.260883
48000,H_os2adaa_direct,0.25,0.18,1,0,0.522749,0.68595,0.00856111,0.522924,-25.571,0.0684976,0.522907
48000,A_direct,0.25,0.18,1,1,0.30454,0.665986,0.015353,0.305796,-16.4155,0,0.306857
48000,B_midpoint,0.25,0.18,1,1,0.187188,0.463102,0.00761147,0.187989,-19.4897,0.129748,0.188804
48000,C_os2_direct,0.25,0.18,1,1,0.250403,0.547904,0.00987796,0.250812,-15.6225,0.180889,0.250679
48000,D_os2_midpoint,0.25,0.18,1,1,0.255374,0.556117,0.00951364,0.254956,-15.7055,0.191379,0.253724
48000,E_os2_all,0.25,0.18,1,1,0.28196,0.598804,0.0112386,0.282971,-15.5397,0.137862,0.284512
48000,F_adaa_direct,0.25,0.18,1,1,0.207361,0.515713,0.011798,0.208926,-19.7453,0.114298,0.209981
48000,G_os4_direct,0.25,0.18,1,1,0.222024,0.490712,0.00976066,0.223059,-16.4577,0.204245,0.223775
48000,H_os2adaa_direct,0.25,0.18,1,1,0.230174,0.49817,0.0100169,0.230031,-17.3006,0.192637,0.228713
48000,A_direct,0.25,0.18,1,2,0.12259,0.556298,0.0541822,0.134577,-54.2077,0,0.178696
48000,B_midpoint,0.25,0.18,1,2,0.105305,0.46811,0.0548341,0.118121,-69.5846,0.0400347,0.155496
48000,C_os2_direct,0.25,0.18,1,2,0.118679,0.54365,0.0545275,0.128111,-60.669,0.0426151,0.166638
48000,D_os2_midpoint,0.25,0.18,1,2,0.121762,0.555933,0.0543563,0.130676,-57.9538,0.0465664,0.170002
48000,E_os2_all,0.25,0.18,1,2,0.133614,0.593002,0.0538712,0.142142,-52.6946,0.0278971,0.186929
48000,F_adaa_direct,0.25,0.18,1,2,0.108039,0.491654,0.0547736,0.121068,-63.4094,0.0337738,0.15982
48000,G_os4_direct,0.25,0.18,1,2,0.109004,0.503466,0.0545819,0.118277,-53.3626,0.06518,0.152892
48000,H_os2adaa_direct,0.25,0.18,1,2,0.118789,0.545316,0.0545109,0.128054,-61.5707,0.0357684,0.166441
48000,A_direct,0.25,0.18,1,3,0.00330768,0.589999,7.70227e-05,0.00330671,-186.688,0,4.92351e-13
48000,B_midpoint,0.25,0.18,1,3,0.00313835,0.550964,0.000107763,0.0031372,-195.863,0.000570102,4.45069e-13
48000,C_os2_direct,0.25,0.18,1,3,0.00336128,0.540616,9.36869e-05,0.00336146,-155.424,0.00159565,7.48655e-13
48000,D_os2_midpoint,0.25,0.18,1,3,0.00330989,0.540616,7.81457e-05,0.00331037,-158.545,0.00149524,8.98202e-13
48000,E_os2_all,0.25,0.18,1,3,0.00335799,0.540616,8.59848e-05,0.00335793,-151.89,0.00159554,9.9732e-13
48000,F_adaa_direct,0.25,0.18,1,3,0.00324559,0.562256,0.000113735,0.00324441,-188.047,0.000528912,4.24883e-13
48000,G_os4_direct,0.25,0.18,1,3,0.00338301,0.540616,9.35575e-05,0.00338281,-152.286,0.00167056,9.74186e-13
48000,H_os2adaa_direct,0.25,0.18,1,3,0.00322562,0.540616,8.18065e-05,0.00322654,-159.278,0.00132863,8.30614e-13
48000,A_direct,0.25,0.18,1,4,1.47667e-08,6.41145e-08,1.80101e-08,1.29544e-08,-175.477,0,1.74449e-08
48000,B_midpoint,0.25,0.18,1,4,1.49564e-08,6.33406e-08,1.78872e-08,1.29874e-08,-177.118,9.68911e-09,1.77618e-08
48000,C_os2_direct,0.25,0.18,1,4,1.50638e-08,6.21254e-08,1.81769e-08,1.31618e-08,-172.505,1.18367e-08,1.79351e-08
48000,D_os2_midpoint,0.25,0.18,1,4,1.52005e-08,6.30716e-08,1.78373e-08,1.32233e-08,-175.659,1.0585e-08,1.89094e-08
48000,E_os2_all,0.25,0.18,1,4,1.60413e-08,6.1777e-08,1.8929e-08,1.35271e-08,-171.631,1.35033e-08,2.08683e-08
48000,F_adaa_direct,0.25,0.18,1,4,1.482e-08,6.39219e-08,1.79482e-08,1.30237e-08,-175.922,9.03217e-09,1.76679e-08
48000,G_os4_direct,0.25,0.18,1,4,1.63713e-08,6.25743e-08,1.90725e-08,1.37515e-08,-172.286,1.38544e-08,2.10388e-08
48000,H_os2adaa_direct,0.25,0.18,1,4,1.52413e-08,6.26119e-08,1.77734e-08,1.32304e-08,-174.349,1.07831e-08,1.87505e-08
48000,A_direct,0.25,0.18,1,5,0,0,0,0,-300,0,0
48000,B_midpoint,0.25,0.18,1,5,0,0,0,0,-300,0,0
48000,C_os2_direct,0.25,0.18,1,5,0,0,0,0,-300,0,0
48000,D_os2_midpoint,0.25,0.18,1,5,0,0,0,0,-300,0,0
48000,E_os2_all,0.25,0.18,1,5,0,0,0,0,-300,0,0
48000,F_adaa_direct,0.25,0.18,1,5,0,0,0,0,-300,0,0
48000,G_os4_direct,0.25,0.18,1,5,0,0,0,0,-300,0,0
48000,H_os2adaa_direct,0.25,0.18,1,5,0,0,0,0,-300,0,0
48000,A_direct,0.25,1.2,0.6,0,0.532655,0.690585,0.00921296,0.532792,-23.4991,0,0.533201
48000,B_midpoint,0.25,1.2,0.6,0,0.404447,0.580571,0.00347169,0.404885,-34.791,0.157608,0.425583
48000,C_os2_direct,0.25,1.2,0.6,0,0.521092,0.69323,0.00479097,0.521001,-25.9172,0.124925,0.521019
48000,D_os2_midpoint,0.25,1.2,0.6,0,0.521278,0.693206,0.00591192,0.521145,-25.6659,0.145704,0.522657
48000,E_os2_all,0.25,1.2,0.6,0,0.532356,0.691393,0.00992056,0.532353,-24.3792,0.0932073,0.534972
48000,F_adaa_direct,0.25,1.2,0.6,0,0.456305,0.64485,0.00648272,0.456879,-30.9216,0.147861,0.482873
48000,G_os4_direct,0.25,1.2,0.6,0,0.292094,0.478569,0.00831214,0.293066,-27.5098,0.276373,0.342512
48000,H_os2adaa_direct,0.25,1.2,0.6,0,0.525242,0.687922,0.00495219,0.525237,-25.5738,0.0594924,0.524795
48000,A_direct,0.25,1.2,0.6,1,0.308734,0.662166,0.00881141,0.308949,-16.3279,0,0.319997
48000,B_midpoint,0.25,1.2,0.6,1,0.197655,0.513943,0.00516617,0.197786,-19.0996,0.125105,0.20494
48000,C_os2_direct,0.25,1.2,0.6,1,0.254127,0.565105,0.00626338,0.254216,-15.55,0.16794,0.259071
48000,D_os2_midpoint,0.25,1.2,0.6,1,0.255254,0.561261,0.00592307,0.255178,-15.6417,0.180873,0.251917
48000,E_os2_all,0.25,1.2,0.6,1,0.286239,0.62654,0.00734726,0.286381,-15.5134,0.131298,0.294888
48000,F_adaa_direct,0.25,1.2,0.6,1,0.218533,0.548908,0.0070002,0.218799,-19.3308,0.110682,0.232693
48000,G_os4_direct,0.25,1.2,0.6,1,0.229132,0.554528,0.00544756,0.229335,-16.4196,0.188465,0.239536
48000,H_os2adaa_direct,0.25,1.2,0.6,1,0.23252,0.511133,0.00642735,0.232511,-17.1171,0.179507,0.232215
48000,A_direct,0.25,1.2,0.6,2,0.180828,0.651706,0.018923,0.180911,-52.6033,0,0.317076
48000,B_midpoint,0.25,1.2,0.6,2,0.17259,0.592198,0.0191532,0.172627,-67.8095,0.0427363,0.310852
48000,C_os2_direct,0.25,1.2,0.6,2,0.178604,0.610143,0.0190396,0.178605,-60.0896,0.0426118,0.311938
48000,D_os2_midpoint,0.25,1.2,0.6,2,0.179756,0.613491,0.0189303,0.179758,-57.7637,0.0456137,0.311953
48000,E_os2_all,0.25,1.2,0.6,2,0.185188,0.646411,0.018455,0.185231,-51.6423,0.0326946,0.315951
48000,F_adaa_direct,0.25,1.2,0.6,2,0.17369,0.613839,0.0191556,0.173745,-62.4709,0.0368829,0.311635
48000,G_os4_direct,0.25,1.2,0.6,2,0.172759,0.577521,0.018883,0.172761,-54.597,0.0634664,0.306372
48000,H_os2adaa_direct,0.25,1.2,0.6,2,0.178645,0.611835,0.0190233,0.178643,-60.8721,0.0374484,0.311838
48000,A_direct,0.25,1.2,0.6,3,0.0033636,0.59993,0.000106585,0.00336456,-187.981,0,2.48237e-13
48000,B_midpoint,0.25,1.2,0.6,3,0.00320165,0.564449,0.000146369,0.00320209,-197.511,0.00063155,2.18054e-13
48000,C_os2_direct,0.25,1.2,0.6,3,0.00338949,0.555213,0.000135432,0.00338817,-155.822,0.00158232,3.36872e-13
48000,D_os2_midpoint,0.25,1.2,0.6,3,0.00334374,0.555213,0.000116846,0.00334234,-159.369,0.00148367,3.33309e-13
48000,E_os2_all,0.25,1.2,0.6,3,0.00338468,0.555213,0.000121396,0.00338394,-152.026,0.00157188,3.70194e-13
48000,F_adaa_direct,0.25,1.2,0.6,3,0.00330132,0.574449,0.000157625,0.00330173,-189.743,0.000553616,2.15801e-13
48000,G_os4_direct,0.25,1.2,0.6,3,0.00340515,0.555213,0.000131901,0.00340431,-152.652,0.00162438,3.66444e-13
48000,H_os2adaa_direct,0.25,1.2,0.6,3,0.00328387,0.555213,0.000129989,0.00328189,-159.832,0.00136537,2.97083e-13
48000,A_direct,0.25,1.2,0.6,4,1.75689e-08,7.18038e-08,2.37207e-08,1.55836e-08,-173.712,0,1.04442e-08
48000,B_midpoint,0.25,1.2,0.6,4,1.75946e-08,7.17109e-08,2.36377e-08,1.55129e-08,-175.723,1.27536e-08,1.01512e-08
48000,C_os2_direct,0.25,1.2,0.6,4,1.77158e-08,7.19468e-08,2.39679e-08,1.5586e-08,-171.176,1.31494e-08,1.01459e-08
48000,D_os2_midpoint,0.25,1.2,0.6,4,1.77944e-08,7.20561e-08,2.39822e-08,1.56298e-08,-172.04,1.29861e-08,1.01573e-08
48000,E_os2_all,0.25,1.2,0.6,4,1.776e-08,7.20135e-08,2.39709e-08,1.55981e-08,-169.653,1.32852e-08,9.57431e-09
48000,F_adaa_direct,0.25,1.2,0.6,4,1.75346e-08,7.18404e-08,2.37353e-08,1.55631e-08,-174.682,1.22351e-08,1.01114e-08
48000,G_os4_direct,0.25,1.2,0.6,4,1.78457e-08,7.20058e-08,2.40484e-08,1.56726e-08,-171.506,1.31075e-08,1.03431e-08
48000,H_os2adaa_direct,0.25,1.2,0.6,4,1.77086e-08,7.19861e-08,2.38875e-08,1.55673e-08,-172.7,1.30934e-08,1.00975e-08
48000,A_direct,0.25,1.2,0.6,5,0,0,0,0,-300,0,0
48000,B_midpoint,0.25,1.2,0.6,5,0,0,0,0,-300,0,0
48000,C_os2_direct,0.25,1.2,0.6,5,0,0,0,0,-300,0,0
48000,D_os2_midpoint,0.25,1.2,0.6,5,0,0,0,0,-300,0,0
48000,E_os2_all,0.25,1.2,0.6,5,0,0,0,0,-300,0,0
48000,F_adaa_direct,0.25,1.2,0.6,5,0,0,0,0,-300,0,0
48000,G_os4_direct,0.25,1.2,0.6,5,0,0,0,0,-300,0,0
48000,H_os2adaa_direct,0.25,1.2,0.6,5,0,0,0,0,-300,0,0
48000,A_direct,0.25,7,1,0,0.532732,0.690146,0.0152646,0.532686,-23.5879,0,0.532583
48000,B_midpoint,0.25,7,1,0,0.411061,0.59405,0.00586655,0.410911,-33.7696,0.180311,0.411663
48000,C_os2_direct,0.25,7,1,0,0.518004,0.692865,0.00740463,0.518019,-25.8437,0.117666,0.517737
48000,D_os2_midpoint,0.25,7,1,0,0.517535,0.693075,0.00883877,0.517565,-25.5407,0.144717,0.517152
48000,E_os2_all,0.25,7,1,0,0.531584,0.690856,0.015574,0.531573,-24.0629,0.104064,0.531315
48000,F_adaa_direct,0.25,7,1,0,0.470644,0.665027,0.0114411,0.470474,-29.5419,0.164582,0.471335
48000,G_os4_direct,0.25,7,1,0,0.315436,0.52634,0.0118595,0.315109,-27.7687,0.299173,0.31719
48000,H_os2adaa_direct,0.25,7,1,0,0.522126,0.685528,0.00761124,0.522112,-25.6367,0.0538499,0.522008
48000,A_direct,0.25,7,1,1,0.317543,0.667634,0.0132355,0.317435,-16.3144,0,0.317723
48000,B_midpoint,0.25,7,1,1,0.196792,0.502159,0.00763404,0.196704,-19.4135,0.140129,0.196993
48000,C_os2_direct,0.25,7,1,1,0.255745,0.568121,0.0100904,0.255676,-15.4565,0.173344,0.255803
48000,D_os2_midpoint,0.25,7,1,1,0.251574,0.557817,0.00963573,0.251535,-15.7173,0.192121,0.251345
48000,E_os2_all,0.25,7,1,1,0.291278,0.631334,0.0123282,0.291209,-15.6062,0.140771,0.291412
48000,F_adaa_direct,0.25,7,1,1,0.22654,0.55559,0.0099154,0.226381,-19.5881,0.125867,0.226862
48000,G_os4_direct,0.25,7,1,1,0.234858,0.591994,0.00837426,0.234751,-16.899,0.196331,0.235167
48000,H_os2adaa_direct,0.25,7,1,1,0.22997,0.509393,0.0104118,0.229903,-17.073,0.18768,0.229806
48000,A_direct,0.25,7,1,2,0.211608,0.689599,0.0337022,0.210967,-49.5908,0,0.277945
48000,B_midpoint,0.25,7,1,2,0.200258,0.678019,0.034516,0.199578,-66.45,0.0530892,0.264773
48000,C_os2_direct,0.25,7,1,2,0.202603,0.676799,0.0343773,0.201953,-59.3871,0.0486596,0.267695
48000,D_os2_midpoint,0.25,7,1,2,0.203323,0.675518,0.0340685,0.20269,-57.6608,0.0515952,0.268548
48000,E_os2_all,0.25,7,1,2,0.212707,0.672677,0.0327211,0.212136,-49.1688,0.0386011,0.278958
48000,F_adaa_direct,0.25,7,1,2,0.202737,0.686193,0.0342866,0.202046,-59.856,0.0476382,0.267517
48000,G_os4_direct,0.25,7,1,2,0.197882,0.651743,0.0338645,0.197222,-57.0117,0.069307,0.261796
48000,H_os2adaa_direct,0.25,7,1,2,0.202632,0.678059,0.034336,0.201982,-60.148,0.0441713,0.267728
48000,A_direct,0.25,7,1,3,0.00325612,0.577536,8.90041e-05,0.00325894,-188.704,0,2.15729e-14
48000,B_midpoint,0.25,7,1,3,0.00310106,0.548088,0.000101078,0.00310255,-198.811,0.000820325,1.97715e-14
48000,C_os2_direct,0.25,7,1,3,0.00337602,0.540616,0.000147702,0.00337603,-153.71,0.00173425,2.88625e-14
48000,D_os2_midpoint,0.25,7,1,3,0.00331613,0.540616,0.000133467,0.0033166,-158.471,0.00161429,2.68611e-14
48000,E_os2_all,0.25,7,1,3,0.0033585,0.540616,0.000141218,0.00335981,-149.486,0.00170069,3.10942e-14
48000,F_adaa_direct,0.25,7,1,3,0.00319896,0.556378,0.00012395,0.00320148,-190.436,0.000729872,1.93839e-14
48000,G_os4_direct,0.25,7,1,3,0.00338612,0.540616,0.000147691,0.00338698,-150.503,0.00171721,2.88736e-14
48000,H_os2adaa_direct,0.25,7,1,3,0.00324609,0.540616,0.00013831,0.0032465,-158.762,0.00143814,2.58491e-14
48000,A_direct,0.25,7,1,4,3.75584e-08,1.08886e-07,2.72953e-08,3.38803e-08,-170.39,0,3.87005e-08
48000,B_midpoint,0.25,7,1,4,3.75179e-08,1.09143e-07,2.73495e-08,3.36775e-08,-171.145,1.54183e-08,3.87399e-08
48000,C_os2_direct,0.25,7,1,4,3.77593e-08,1.13739e-07,2.73442e-08,3.38537e-08,-166.681,1.88028e-08,3.90781e-08
48000,D_os2_midpoint,0.25,7,1,4,3.74039e-08,1.14561e-07,2.72101e-08,3.36899e-08,-167.597,1.70996e-08,3.85809e-08
48000,E_os2_all,0.25,7,1,4,3.74922e-08,1.15273e-07,2.6991e-08,3.36881e-08,-165.703,2.14117e-08,3.88204e-08
48000,F_adaa_direct,0.25,7,1,4,3.7696e-08,1.10309e-07,2.73523e-08,3.39417e-08,-170.474,1.26122e-08,3.88918e-08
48000,G_os4_direct,0.25,7,1,4,3.77036e-08,1.14698e-07,2.71687e-08,3.38329e-08,-166.16,2.08346e-08,3.88494e-08
48000,H_os2adaa_direct,0.25,7,1,4,3.7499e-08,1.14619e-07,2.70707e-08,3.37321e-08,-166.706,1.8324e-08,3.87573e-08
48000,A_direct,0.25,7,1,5,0,0,0,0,-300,0,0
48000,B_midpoint,0.25,7,1,5,0,0,0,0,-300,0,0
48000,C_os2_direct,0.25,7,1,5,0,0,0,0,-300,0,0
48000,D_os2_midpoint,0.25,7,1,5,0,0,0,0,-300,0,0
48000,E_os2_all,0.25,7,1,5,0,0,0,0,-300,0,0
48000,F_adaa_direct,0.25,7,1,5,0,0,0,0,-300,0,0
48000,G_os4_direct,0.25,7,1,5,0,0,0,0,-300,0,0
48000,H_os2adaa_direct,0.25,7,1,5,0,0,0,0,-300,0,0
48000,A_direct,0.25,1.2,0,0,0.534544,0.690752,0.000182176,0.534515,-23.6204,0,0.534511
48000,B_midpoint,0.25,1.2,0,0,0.413223,0.564417,7.55449e-05,0.41319,-34.0487,0.135429,0.413205
48000,C_os2_direct,0.25,1.2,0,0,0.522098,0.69296,0.000128772,0.522093,-26.0656,0.124198,0.52207
48000,D_os2_midpoint,0.25,1.2,0,0,0.521697,0.692985,0.000159155,0.521695,-25.8504,0.140774,0.521671
48000,E_os2_all,0.25,1.2,0,0,0.532115,0.691038,0.000224317,0.532098,-24.5491,0.0830668,0.532088
48000,F_adaa_direct,0.25,1.2,0,0,0.456141,0.617248,0.000116408,0.456086,-30.8099,0.129369,0.456122
48000,G_os4_direct,0.25,1.2,0,0,0.29817,0.424577,0.000225876,0.298111,-27.9574,0.24708,0.298167
48000,H_os2adaa_direct,0.25,1.2,0,0,0.52847,0.690204,0.000124267,0.528457,-25.5713,0.0621773,0.528443
48000,A_direct,0.25,1.2,0,1,0.303356,0.660316,0.000197208,0.303326,-16.1942,0,0.30337
48000,B_midpoint,0.25,1.2,0,1,0.20565,0.487787,8.07744e-05,0.20564,-18.5367,0.109254,0.205662
48000,C_os2_direct,0.25,1.2,0,1,0.254038,0.560425,0.000122399,0.254028,-15.5004,0.152311,0.253999
48000,D_os2_midpoint,0.25,1.2,0,1,0.258145,0.567396,0.000122039,0.258147,-15.5744,0.161389,0.258112
48000,E_os2_all,0.25,1.2,0,1,0.282546,0.594559,0.000143684,0.282518,-15.4517,0.116906,0.28255
48000,F_adaa_direct,0.25,1.2,0,1,0.219296,0.52627,0.000133801,0.219273,-18.7503,0.0953374,0.21931
48000,G_os4_direct,0.25,1.2,0,1,0.228512,0.495465,0.000136847,0.228492,-16.2574,0.170785,0.228559
48000,H_os2adaa_direct,0.25,1.2,0,1,0.236361,0.52352,0.000125131,0.236362,-16.8985,0.162288,0.236327
48000,A_direct,0.25,1.2,0,2,0.121847,0.545401,0.000386865,0.121798,-56.4215,0,0.161864
48000,B_midpoint,0.25,1.2,0,2,0.106629,0.468562,0.000391429,0.106591,-68.8499,0.0316786,0.1419
48000,C_os2_direct,0.25,1.2,0,2,0.116389,0.531986,0.000393586,0.116377,-62.1093,0.0320069,0.154586
48000,D_os2_midpoint,0.25,1.2,0,2,0.118745,0.542979,0.000397468,0.118735,-60.0014,0.0347289,0.157702
48000,E_os2_all,0.25,1.2,0,2,0.12743,0.580715,0.000414809,0.127409,-55.3493,0.0195011,0.169307
48000,F_adaa_direct,0.25,1.2,0,2,0.109396,0.487145,0.000388238,0.109353,-64.5856,0.0266874,0.145514
48000,G_os4_direct,0.25,1.2,0,2,0.104081,0.480964,0.000407944,0.104081,-56.0557,0.0529056,0.138812
48000,H_os2adaa_direct,0.25,1.2,0,2,0.116214,0.533526,0.00039478,0.116204,-63.1765,0.0262544,0.154362
48000,A_direct,0.25,1.2,0,3,0.00345558,0.617447,3.11306e-06,0.00345561,-189.318,0,1.0272e-13
48000,B_midpoint,0.25,1.2,0,3,0.00330663,0.584737,4.29481e-06,0.00330666,-199.113,0.00057477,8.83452e-14
48000,C_os2_direct,0.25,1.2,0,3,0.00342472,0.576378,3.64585e-06,0.00342468,-157.469,0.00139166,1.26718e-13
48000,D_os2_midpoint,0.25,1.2,0,3,0.00339377,0.576378,3.2439e-06,0.00339373,-160.743,0.00131766,1.17615e-13
48000,E_os2_all,0.25,1.2,0,3,0.00342314,0.576378,3.34825e-06,0.00342312,-153.836,0.00139021,1.20706e-13
48000,F_adaa_direct,0.25,1.2,0,3,0.0033926,0.593635,4.57049e-06,0.00339264,-190.897,0.000501697,8.85133e-14
48000,G_os4_direct,0.25,1.2,0,3,0.00343734,0.576378,3.57715e-06,0.00343732,-154.312,0.00144188,1.26572e-13
48000,H_os2adaa_direct,0.25,1.2,0,3,0.00335224,0.576378,3.74364e-06,0.0033522,-161.29,0.00122962,1.11806e-13
48000,A_direct,0.25,1.2,0,4,1.82699e-15,1.51274e-14,2.87899e-16,1.68304e-15,-300,0,2.42802e-26
48000,B_midpoint,0.25,1.2,0,4,1.84072e-15,1.52411e-14,2.85173e-16,1.69813e-15,-300,1.37305e-17,2.44627e-26
48000,C_os2_direct,0.25,1.2,0,4,1.85077e-15,1.53243e-14,2.84046e-16,1.70875e-15,-300,2.37852e-17,2.45964e-26
48000,D_os2_midpoint,0.25,1.2,0,4,1.85717e-15,1.53773e-14,2.8451e-16,1.71491e-15,-300,3.01835e-17,2.46814e-26
48000,E_os2_all,0.25,1.2,0,4,1.8741e-15,1.55175e-14,2.86164e-16,1.73102e-15,-300,4.71129e-17,2.49062e-26
48000,F_adaa_direct,0.25,1.2,0,4,1.83099e-15,1.51605e-14,2.84563e-16,1.68871e-15,-300,4.0025e-18,2.43334e-26
48000,G_os4_direct,0.25,1.2,0,4,1.86742e-15,1.54621e-14,2.85444e-16,1.72469e-15,-300,4.04296e-17,2.48175e-26
48000,H_os2adaa_direct,0.25,1.2,0,4,1.85557e-15,1.53641e-14,2.86131e-16,1.7125e-15,-300,2.85848e-17,2.46599e-26
48000,A_direct,0.25,1.2,0,5,0,0,0,0,-300,0,0
48000,B_midpoint,0.25,1.2,0,5,0,0,0,0,-300,0,0
48000,C_os2_direct,0.25,1.2,0,5,0,0,0,0,-300,0,0
48000,D_os2_midpoint,0.25,1.2,0,5,0,0,0,0,-300,0,0
48000,E_os2_all,0.25,1.2,0,5,0,0,0,0,-300,0,0
48000,F_adaa_direct,0.25,1.2,0,5,0,0,0,0,-300,0,0
48000,G_os4_direct,0.25,1.2,0,5,0,0,0,0,-300,0,0
48000,H_os2adaa_direct,0.25,1.2,0,5,0,0,0,0,-300,0,0
48000,A_direct,0.45,0.18,1,0,0.520381,0.678715,0.0171453,0.522286,-23.8479,0,0.523436
48000,B_midpoint,0.45,0.18,1,0,0.370916,0.522025,0.00531437,0.373144,-36.4959,0.157828,0.37534
48000,C_os2_direct,0.45,0.18,1,0,0.516221,0.690671,0.00610917,0.5157,-26.6912,0.197883,0.514023
48000,D_os2_midpoint,0.45,0.18,1,0,0.51798,0.693732,0.00905242,0.517158,-26.2988,0.231649,0.51847
48000,E_os2_all,0.45,0.18,1,0,0.535012,0.689436,0.0202659,0.535622,-23.9221,0.122799,0.535011
48000,F_adaa_direct,0.45,0.18,1,0,0.407122,0.578336,0.0109356,0.411315,-33.2067,0.154831,0.414396
48000,G_os4_direct,0.45,0.18,1,0,0.279137,0.450399,0.0171819,0.286229,-27.1713,0.265989,0.298261
48000,H_os2adaa_direct,0.45,0.18,1,0,0.517359,0.683935,0.00645955,0.517148,-26.3863,0.136523,0.516183
48000,A_direct,0.45,0.18,1,1,0.292522,0.657501,0.0382403,0.293926,-17.1415,0,0.293769
48000,B_midpoint,0.45,0.18,1,1,0.184983,0.461467,0.0124742,0.185848,-19.5064,0.132924,0.186422
48000,C_os2_direct,0.45,0.18,1,1,0.250069,0.585459,0.0141082,0.250514,-16.3771,0.193077,0.252264
48000,D_os2_midpoint,0.45,0.18,1,1,0.244318,0.523442,0.0127984,0.243585,-15.9452,0.232479,0.241854
48000,E_os2_all,0.45,0.18,1,1,0.28115,0.607074,0.0234518,0.28438,-15.9078,0.134899,0.286531
48000,F_adaa_direct,0.45,0.18,1,1,0.193263,0.496413,0.0333037,0.194347,-19.7748,0.114277,0.191498
48000,G_os4_direct,0.45,0.18,1,1,0.217976,0.539428,0.0253604,0.218497,-16.9926,0.176686,0.22175
48000,H_os2adaa_direct,0.45,0.18,1,1,0.213927,0.469859,0.0153906,0.214169,-17.888,0.228718,0.21331
48000,A_direct,0.45,0.18,1,2,0.127633,0.601668,0.0660125,0.135148,-54.5751,0,0.186907
48000,B_midpoint,0.45,0.18,1,2,0.120827,0.610069,0.0683597,0.125905,-70.4926,0.0991039,0.175766
48000,C_os2_direct,0.45,0.18,1,2,0.131241,0.655791,0.0702386,0.133939,-61.994,0.107876,0.18489
48000,D_os2_midpoint,0.45,0.18,1,2,0.132832,0.666081,0.0679932,0.135096,-58.964,0.110502,0.184071
48000,E_os2_all,0.45,0.18,1,2,0.136865,0.583331,0.0590901,0.143644,-47.8936,0.0884541,0.187619
48000,F_adaa_direct,0.45,0.18,1,2,0.123228,0.619871,0.0702637,0.128462,-65.4239,0.0910094,0.180403
48000,G_os4_direct,0.45,0.18,1,2,0.118473,0.623867,0.0642007,0.123819,-44.0389,0.0949931,0.163922
48000,H_os2adaa_direct,0.45,0.18,1,2,0.131543,0.655241,0.0698277,0.134009,-62.905,0.104137,0.184234
48000,A_direct,0.45,0.18,1,3,0.00340081,0.585777,0.000294247,0.0033951,-169.612,0,4.47656e-11
48000,B_midpoint,0.45,0.18,1,3,0.00327134,0.548669,0.000449505,0.00325517,-181.305,0.00131484,5.89978e-08
48000,C_os2_direct,0.45,0.18,1,3,0.00405061,0.538772,0.000779888,0.00400134,-141.417,0.00284512,5.26056e-08
48000,D_os2_midpoint,0.45,0.18,1,3,0.00343469,0.538772,0.000435348,0.0034272,-157.965,0.00187422,5.85398e-08
48000,E_os2_all,0.45,0.18,1,3,0.00382112,0.538772,0.000610787,0.00379389,-135.635,0.00255338,5.41334e-08
48000,F_adaa_direct,0.45,0.18,1,3,0.00344558,0.559656,0.000469794,0.00343091,-171.907,0.000883565,1.53375e-08
48000,G_os4_direct,0.45,0.18,1,3,0.0040478,0.538772,0.000748695,0.00399763,-137.443,0.00301296,5.38339e-08
48000,H_os2adaa_direct,0.45,0.18,1,3,0.003541,0.538772,0.000589993,0.0035219,-154.645,0.00217672,5.66262e-08
48000,A_direct,0.45,0.18,1,4,2.52662e-08,1.7622e-07,2.5003e-08,2.19254e-08,-166.189,0,2.37973e-08
48000,B_midpoint,0.45,0.18,1,4,3.05856e-08,1.76661e-07,2.79915e-08,2.6552e-08,-166.79,3.3823e-08,2.70793e-08
48000,C_os2_direct,0.45,0.18,1,4,3.55765e-08,1.54853e-07,3.13519e-08,3.00959e-08,-161.743,3.96909e-08,3.13992e-08
48000,D_os2_midpoint,0.45,0.18,1,4,3.96755e-08,1.59558e-07,3.26976e-08,3.31181e-08,-162.928,4.3284e-08,3.53169e-08
48000,E_os2_all,0.45,0.18,1,4,3.95781e-08,1.56604e-07,3.31821e-08,3.2908e-08,-161.086,4.38249e-08,4.09921e-08
48000,F_adaa_direct,0.45,0.18,1,4,2.61732e-08,1.77648e-07,2.5311e-08,2.30761e-08,-168.77,2.74173e-08,2.67769e-08
48000,G_os4_direct,0.45,0.18,1,4,3.75859e-08,1.5298e-07,3.19823e-08,3.13394e-08,-161.066,4.20579e-08,3.58767e-08
48000,H_os2adaa_direct,0.45,0.18,1,4,3.80368e-08,1.5612e-07,3.31597e-08,3.20285e-08,-162.306,4.16762e-08,3.3496e-08
48000,A_direct,0.45,0.18,1,5,0,0,0,0,-300,0,0
48000,B_midpoint,0.45,0.18,1,5,0,0,0,0,-300,0,0
48000,C_os2_direct,0.45,0.18,1,5,0,0,0,0,-300,0,0
48000,D_os2_midpoint,0.45,0.18,1,5,0,0,0,0,-300,0,0
48000,E_os2_all,0.45,0.18,1,5,0,0,0,0,-300,0,0
48000,F_adaa_direct,0.45,0.18,1,5,0,0,0,0,-300,0,0
48000,G_os4_direct,0.45,0.18,1,5,0,0,0,0,-300,0,0
48000,H_os2adaa_direct,0.45,0.18,1,5,0,0,0,0,-300,0,0
48000,A_direct,0.45,1.2,0.6,0,0.527011,0.688993,0.0114904,0.527298,-23.9052,0,0.53469
48000,B_midpoint,0.45,1.2,0.6,0,0.392035,0.563912,0.00319112,0.392434,-35.6679,0.151704,0.410952
48000,C_os2_direct,0.45,1.2,0.6,0,0.515627,0.692138,0.00897026,0.515485,-26.7417,0.174183,0.507807
48000,D_os2_midpoint,0.45,1.2,0.6,0,0.517069,0.693644,0.00488777,0.516872,-26.4133,0.210158,0.512731
48000,E_os2_all,0.45,1.2,0.6,0,0.536476,0.689861,0.0124258,0.536489,-23.9773,0.124082,0.537647
48000,F_adaa_direct,0.45,1.2,0.6,0,0.431196,0.629867,0.00727111,0.43196,-32.8181,0.14933,0.465504
48000,G_os4_direct,0.45,1.2,0.6,0,0.325712,0.552547,0.00881766,0.32692,-27.6509,0.244135,0.385335
48000,H_os2adaa_direct,0.45,1.2,0.6,0,0.518203,0.685792,0.00361747,0.518133,-26.3961,0.117992,0.513975
48000,A_direct,0.45,1.2,0.6,1,0.301947,0.660665,0.0200721,0.302252,-17.0057,0,0.324339
48000,B_midpoint,0.45,1.2,0.6,1,0.19576,0.531212,0.0138246,0.19585,-19.1205,0.137997,0.203531
48000,C_os2_direct,0.45,1.2,0.6,1,0.254362,0.607834,0.008709,0.254432,-16.2877,0.182586,0.262822
48000,D_os2_midpoint,0.45,1.2,0.6,1,0.243289,0.540257,0.00819123,0.243186,-15.8816,0.221389,0.239582
48000,E_os2_all,0.45,1.2,0.6,1,0.294794,0.662008,0.0176173,0.295364,-15.9863,0.13762,0.325222
48000,F_adaa_direct,0.45,1.2,0.6,1,0.205279,0.527866,0.0197705,0.20514,-19.3509,0.117264,0.216706
48000,G_os4_direct,0.45,1.2,0.6,1,0.224475,0.539889,0.0152172,0.22438,-16.9107,0.167917,0.232609
48000,H_os2adaa_direct,0.45,1.2,0.6,1,0.219067,0.524054,0.00904789,0.219192,-17.6698,0.2111,0.227936
48000,A_direct,0.45,1.2,0.6,2,0.197688,0.62868,0.0432194,0.19729,-53.3072,0,0.35412
48000,B_midpoint,0.45,1.2,0.6,2,0.196747,0.602478,0.0418245,0.195074,-68.551,0.0722466,0.356261
48000,C_os2_direct,0.45,1.2,0.6,2,0.201139,0.615793,0.0429627,0.199276,-61.5389,0.0838498,0.355414
48000,D_os2_midpoint,0.45,1.2,0.6,2,0.201224,0.616052,0.0398531,0.199651,-58.8365,0.0860795,0.354875
48000,E_os2_all,0.45,1.2,0.6,2,0.200095,0.650216,0.0346027,0.200307,-47.0632,0.0840006,0.343972
48000,F_adaa_direct,0.45,1.2,0.6,2,0.196568,0.603325,0.0437996,0.194893,-65.1215,0.0690815,0.355316
48000,G_os4_direct,0.45,1.2,0.6,2,0.194652,0.616595,0.0373055,0.193244,-46.0403,0.0738772,0.349892
48000,H_os2adaa_direct,0.45,1.2,0.6,2,0.200906,0.616088,0.0421291,0.199149,-62.3631,0.0817424,0.355108
48000,A_direct,0.45,1.2,0.6,3,0.00347826,0.596304,0.000454702,0.00347631,-172.611,0,1.1566e-09
48000,B_midpoint,0.45,1.2,0.6,3,0.00329328,0.562326,0.000561795,0.00329596,-189.774,0.00146726,4.26062e-12
48000,C_os2_direct,0.45,1.2,0.6,3,0.00391539,0.553373,0.000867356,0.00392089,-137.732,0.00288282,1.15745e-08
48000,D_os2_midpoint,0.45,1.2,0.6,3,0.00345489,0.553373,0.000564766,0.00344576,-158.842,0.00215116,3.37142e-11
48000,E_os2_all,0.45,1.2,0.6,3,0.0037957,0.553373,0.000649616,0.00379902,-132.94,0.0026124,8.93179e-09
48000,F_adaa_direct,0.45,1.2,0.6,3,0.00349505,0.572181,0.000659266,0.00349422,-179.892,0.00109736,4.88464e-12
48000,G_os4_direct,0.45,1.2,0.6,3,0.00389344,0.553373,0.000776239,0.0039085,-134.942,0.00282505,7.41453e-09
48000,H_os2adaa_direct,0.45,1.2,0.6,3,0.00356184,0.553373,0.00077335,0.00355317,-153.925,0.00240633,7.55411e-09
48000,A_direct,0.45,1.2,0.6,4,3.18961e-08,1.23417e-07,2.42571e-08,3.00146e-08,-169.734,0,2.7916e-08
48000,B_midpoint,0.45,1.2,0.6,4,3.17488e-08,9.79211e-08,2.44428e-08,2.99652e-08,-171.153,2.20904e-08,2.81654e-08
48000,C_os2_direct,0.45,1.2,0.6,4,3.3251e-08,1.39216e-07,2.58704e-08,3.08491e-08,-164.33,2.57863e-08,2.80447e-08
48000,D_os2_midpoint,0.45,1.2,0.6,4,3.33719e-08,1.40788e-07,2.56766e-08,3.14299e-08,-165.798,2.58792e-08,2.91165e-08
48000,E_os2_all,0.45,1.2,0.6,4,3.39856e-08,1.31606e-07,2.59877e-08,3.1661e-08,-162.527,2.71855e-08,2.77617e-08
48000,F_adaa_direct,0.45,1.2,0.6,4,3.20634e-08,1.40266e-07,2.46384e-08,3.00988e-08,-169.647,1.72026e-08,2.88181e-08
48000,G_os4_direct,0.45,1.2,0.6,4,3.41348e-08,1.34489e-07,2.59674e-08,3.11232e-08,-163.457,2.69036e-08,2.77421e-08
48000,H_os2adaa_direct,0.45,1.2,0.6,4,3.27553e-08,1.37846e-07,2.4259e-08,3.0574e-08,-165.044,2.50294e-08,2.832e-08
48000,A_direct,0.45,1.2,0.6,5,0,0,0,0,-300,0,0
48000,B_midpoint,0.45,1.2,0.6,5,0,0,0,0,-300,0,0
48000,C_os2_direct,0.45,1.2,0.6,5,0,0,0,0,-300,0,0
48000,D_os2_midpoint,0.45,1.2,0.6,5,0,0,0,0,-300,0,0
48000,E_os2_all,0.45,1.2,0.6,5,0,0,0,0,-300,0,0
48000,F_adaa_direct,0.45,1.2,0.6,5,0,0,0,0,-300,0,0
48000,G_os4_direct,0.45,1.2,0.6,5,0,0,0,0,-300,0,0
48000,H_os2adaa_direct,0.45,1.2,0.6,5,0,0,0,0,-300,0,0
48000,A_direct,0.45,7,1,0,0.530781,0.68788,0.0194637,0.530683,-23.7002,0,0.530928
48000,B_midpoint,0.45,7,1,0,0.396538,0.578085,0.00549571,0.396384,-34.8337,0.178512,0.397052
48000,C_os2_direct,0.45,7,1,0,0.507711,0.684872,0.00528526,0.507725,-27.1051,0.158038,0.507345
48000,D_os2_midpoint,0.45,7,1,0,0.510589,0.693546,0.00707636,0.510632,-26.5119,0.20253,0.510152
48000,E_os2_all,0.45,7,1,0,0.534218,0.689203,0.0192373,0.53419,-23.8083,0.139065,0.533967
48000,F_adaa_direct,0.45,7,1,0,0.450728,0.65932,0.0132381,0.450489,-30.9412,0.171074,0.451569
48000,G_os4_direct,0.45,7,1,0,0.356469,0.581418,0.0117761,0.356177,-28.1565,0.2636,0.358516
48000,H_os2adaa_direct,0.45,7,1,0,0.512513,0.680697,0.00548531,0.512508,-26.6773,0.103288,0.512275
48000,A_direct,0.45,7,1,1,0.318169,0.669703,0.02723,0.317793,-17.1042,0,0.318235
48000,B_midpoint,0.45,7,1,1,0.193965,0.516631,0.0185481,0.193707,-19.4164,0.160922,0.194077
48000,C_os2_direct,0.45,7,1,1,0.259662,0.611296,0.0177415,0.259455,-16.2471,0.188455,0.259977
48000,D_os2_midpoint,0.45,7,1,1,0.241974,0.547327,0.0141946,0.241843,-16.0092,0.234556,0.24169
48000,E_os2_all,0.45,7,1,1,0.312197,0.660243,0.0298628,0.311828,-16.7067,0.154436,0.312386
48000,F_adaa_direct,0.45,7,1,1,0.214463,0.540508,0.0250358,0.213914,-19.6949,0.146305,0.214466
48000,G_os4_direct,0.45,7,1,1,0.22894,0.564,0.0100986,0.228812,-17.272,0.179248,0.229122
48000,H_os2adaa_direct,0.45,7,1,1,0.224301,0.540107,0.0168459,0.2241,-17.8023,0.214438,0.224597
48000,A_direct,0.45,7,1,2,0.225789,0.676807,0.0711942,0.222911,-45.562,0,0.28797
48000,B_midpoint,0.45,7,1,2,0.211026,0.681338,0.0593663,0.209361,-67.5686,0.0879515,0.27422
48000,C_os2_direct,0.45,7,1,2,0.214463,0.679027,0.0617533,0.212649,-61.0621,0.0963402,0.278425
48000,D_os2_midpoint,0.45,7,1,2,0.214336,0.678305,0.0588911,0.212731,-59.2663,0.0978226,0.27805
48000,E_os2_all,0.45,7,1,2,0.230952,0.676418,0.0642313,0.228611,-42.8249,0.114051,0.28983
48000,F_adaa_direct,0.45,7,1,2,0.213007,0.680576,0.0642377,0.211022,-61.3575,0.0924803,0.275658
48000,G_os4_direct,0.45,7,1,2,0.212881,0.664446,0.0571691,0.211334,-40.6603,0.0948108,0.276493
48000,H_os2adaa_direct,0.45,7,1,2,0.214469,0.67909,0.0612749,0.212691,-61.9411,0.0934892,0.27836
48000,A_direct,0.45,7,1,3,0.00338781,0.573799,0.000432021,0.00339047,-174.011,0,2.1465e-13
48000,B_midpoint,0.45,7,1,3,0.00313448,0.545913,0.00025383,0.00313825,-180.128,0.00156701,3.9399e-08
48000,C_os2_direct,0.45,7,1,3,0.00491401,0.538772,0.00179456,0.00524112,-122.118,0.00402727,3.62519e-08
48000,D_os2_midpoint,0.45,7,1,3,0.00346346,0.538772,0.000556089,0.00346074,-157.936,0.00212643,4.76794e-08
48000,E_os2_all,0.45,7,1,3,0.00403538,0.538772,0.000777962,0.00397906,-123.09,0.00302359,3.87631e-08
48000,F_adaa_direct,0.45,7,1,3,0.00333544,0.553968,0.000442133,0.0033421,-174.646,0.0015892,4.70418e-13
48000,G_os4_direct,0.45,7,1,3,0.00396583,0.538772,0.000636731,0.00394765,-127.717,0.00274503,3.54879e-08
48000,H_os2adaa_direct,0.45,7,1,3,0.0035748,0.538772,0.000594535,0.00356623,-150.102,0.00220669,4.02446e-08
48000,A_direct,0.45,7,1,4,7.56808e-08,1.61219e-07,3.31085e-08,6.99546e-08,-162.683,0,7.72833e-08
48000,B_midpoint,0.45,7,1,4,7.56715e-08,1.70458e-07,3.1523e-08,7.06289e-08,-165.039,3.64967e-08,7.66507e-08
48000,C_os2_direct,0.45,7,1,4,7.58921e-08,1.75584e-07,3.38497e-08,7.04618e-08,-160.225,3.95205e-08,7.64846e-08
48000,D_os2_midpoint,0.45,7,1,4,7.54232e-08,1.64669e-07,3.4463e-08,6.98899e-08,-161.807,3.91009e-08,7.60086e-08
48000,E_os2_all,0.45,7,1,4,7.68265e-08,1.76882e-07,3.46105e-08,7.06114e-08,-158.428,4.09487e-08,7.87661e-08
48000,F_adaa_direct,0.45,7,1,4,7.65741e-08,1.63758e-07,3.50029e-08,7.02089e-08,-163.583,3.58267e-08,7.74075e-08
48000,G_os4_direct,0.45,7,1,4,7.69732e-08,1.73355e-07,3.48776e-08,7.08706e-08,-159.611,4.07974e-08,7.79237e-08
48000,H_os2adaa_direct,0.45,7,1,4,7.68833e-08,1.74986e-07,3.46633e-08,7.10485e-08,-161.283,4.05637e-08,7.78407e-08
48000,A_direct,0.45,7,1,5,0,0,0,0,-300,0,0
48000,B_midpoint,0.45,7,1,5,0,0,0,0,-300,0,0
48000,C_os2_direct,0.45,7,1,5,0,0,0,0,-300,0,0
48000,D_os2_midpoint,0.45,7,1,5,0,0,0,0,-300,0,0
48000,E_os2_all,0.45,7,1,5,0,0,0,0,-300,0,0
48000,F_adaa_direct,0.45,7,1,5,0,0,0,0,-300,0,0
48000,G_os4_direct,0.45,7,1,5,0,0,0,0,-300,0,0
48000,H_os2adaa_direct,0.45,7,1,5,0,0,0,0,-300,0,0
48000,A_direct,0.45,1.2,0,0,0.529999,0.684458,0.000220603,0.529952,-23.95,0,0.529973
48000,B_midpoint,0.45,1.2,0,0,0.403036,0.552295,7.87776e-05,0.403012,-34.788,0.133798,0.403019
48000,C_os2_direct,0.45,1.2,0,0,0.522618,0.69223,0.000115411,0.522612,-26.6168,0.176537,0.522589
48000,D_os2_midpoint,0.45,1.2,0,0,0.519717,0.693419,0.000158313,0.519719,-26.568,0.207008,0.519689
48000,E_os2_all,0.45,1.2,0,0,0.536214,0.689158,0.000290751,0.53619,-24.1425,0.109328,0.536187
48000,F_adaa_direct,0.45,1.2,0,0,0.429281,0.590911,0.000139131,0.429215,-32.6976,0.130913,0.429263
48000,G_os4_direct,0.45,1.2,0,0,0.323184,0.44221,0.000230966,0.323102,-27.8543,0.222103,0.323182
48000,H_os2adaa_direct,0.45,1.2,0,0,0.5258,0.689315,0.000108431,0.525788,-26.172,0.123691,0.525773
48000,A_direct,0.45,1.2,0,1,0.293444,0.662919,0.000620137,0.293406,-16.8087,0,0.293456
48000,B_midpoint,0.45,1.2,0,1,0.203654,0.477908,0.000125309,0.203646,-18.5794,0.121128,0.203668
48000,C_os2_direct,0.45,1.2,0,1,0.253066,0.575588,0.00039924,0.253043,-16.1521,0.171357,0.253001
48000,D_os2_midpoint,0.45,1.2,0,1,0.247244,0.536472,0.000353741,0.247264,-15.7434,0.206547,0.247204
48000,E_os2_all,0.45,1.2,0,1,0.281623,0.596582,0.000366625,0.281547,-15.7352,0.123314,0.28163
48000,F_adaa_direct,0.45,1.2,0,1,0.209749,0.514331,0.000429784,0.209717,-18.7925,0.101234,0.209774
48000,G_os4_direct,0.45,1.2,0,1,0.229928,0.556575,0.00192066,0.229865,-16.717,0.155137,0.229957
48000,H_os2adaa_direct,0.45,1.2,0,1,0.218747,0.465486,0.000276094,0.218746,-17.3474,0.201676,0.218729
48000,A_direct,0.45,1.2,0,2,0.116295,0.599175,0.0162007,0.116166,-55.3874,0,0.156488
48000,B_midpoint,0.45,1.2,0,2,0.110069,0.624772,0.00671793,0.110097,-69.4078,0.0672907,0.148621
48000,C_os2_direct,0.45,1.2,0,2,0.122345,0.661639,0.00643478,0.122404,-62.4974,0.0826733,0.165204
48000,D_os2_midpoint,0.45,1.2,0,2,0.120996,0.658581,0.00509748,0.121017,-60.088,0.0785989,0.162741
48000,E_os2_all,0.45,1.2,0,2,0.123711,0.560395,0.00153313,0.123656,-50.4406,0.0528326,0.164633
48000,F_adaa_direct,0.45,1.2,0,2,0.111832,0.615815,0.0103169,0.111755,-65.8061,0.0595388,0.15114
48000,G_os4_direct,0.45,1.2,0,2,0.110216,0.593356,0.00336199,0.110151,-43.2885,0.0670976,0.148795
48000,H_os2adaa_direct,0.45,1.2,0,2,0.122266,0.680457,0.00616655,0.122306,-63.4552,0.0793727,0.165041
48000,A_direct,0.45,1.2,0,3,0.00357426,0.614168,1.43501e-05,0.00357437,-182.477,0,1.14204e-12
48000,B_midpoint,0.45,1.2,0,3,0.00343851,0.582728,2.12077e-05,0.00343885,-192.285,0.00156355,9.50507e-13
48000,C_os2_direct,0.45,1.2,0,3,0.00386942,0.574552,3.59418e-05,0.00386983,-140.752,0.00265975,3.37865e-12
48000,D_os2_midpoint,0.45,1.2,0,3,0.00349538,0.574552,2.33181e-05,0.00349534,-160.181,0.0020041,1.56504e-12
48000,E_os2_all,0.45,1.2,0,3,0.00376185,0.574552,3.4432e-05,0.00376214,-135.433,0.00239468,3.18086e-12
48000,F_adaa_direct,0.45,1.2,0,3,0.00361159,0.591577,2.18998e-05,0.00361189,-183.674,0.00110759,1.05756e-12
48000,G_os4_direct,0.45,1.2,0,3,0.0038561,0.574552,3.71837e-05,0.00385673,-137.562,0.0026411,3.77585e-12
48000,H_os2adaa_direct,0.45,1.2,0,3,0.00360594,0.574552,3.26196e-05,0.00360607,-155.954,0.00229576,1.98566e-12
48000,A_direct,0.45,1.2,0,4,1.91887e-12,1.58882e-11,9.69708e-13,1.43402e-12,-300,0,2.55011e-23
48000,B_midpoint,0.45,1.2,0,4,2.08291e-12,1.72464e-11,1.21672e-12,1.47455e-12,-300,1.64036e-13,2.76811e-23
48000,C_os2_direct,0.45,1.2,0,4,3.0674e-12,2.5398e-11,3.57313e-12,1.28083e-12,-300,1.14853e-12,4.07652e-23
48000,D_os2_midpoint,0.45,1.2,0,4,3.52793e-12,2.92111e-11,5.0495e-09,2.5248e-09,-300,1.60906e-12,4.6885e-23
48000,E_os2_all,0.45,1.2,0,4,2.62742e-12,2.17549e-11,2.56194e-12,1.34645e-12,-300,7.08549e-13,3.49177e-23
48000,F_adaa_direct,0.45,1.2,0,4,2.01253e-12,1.66637e-11,1.10518e-12,1.45994e-12,-300,9.36559e-14,2.67458e-23
48000,G_os4_direct,0.45,1.2,0,4,3.62588e-12,3.00222e-11,4.43003e-12,1.41086e-12,-300,1.70701e-12,4.81872e-23
48000,H_os2adaa_direct,0.45,1.2,0,4,4.14206e-12,3.42961e-11,6.17013e-12,1.057e-12,-300,2.22319e-12,5.50472e-23
48000,A_direct,0.45,1.2,0,5,0,0,0,0,-300,0,0
48000,B_midpoint,0.45,1.2,0,5,0,0,0,0,-300,0,0
48000,C_os2_direct,0.45,1.2,0,5,0,0,0,0,-300,0,0
48000,D_os2_midpoint,0.45,1.2,0,5,0,0,0,0,-300,0,0
48000,E_os2_all,0.45,1.2,0,5,0,0,0,0,-300,0,0
48000,F_adaa_direct,0.45,1.2,0,5,0,0,0,0,-300,0,0
48000,G_os4_direct,0.45,1.2,0,5,0,0,0,0,-300,0,0
48000,H_os2adaa_direct,0.45,1.2,0,5,0,0,0,0,-300,0,0
48000,A_direct,0.6,0.18,1,0,0.522474,0.679994,0.0190012,0.524746,-23.7007,0,0.525851
48000,B_midpoint,0.6,0.18,1,0,0.365588,0.516084,0.005509,0.367876,-36.7027,0.164324,0.370048
48000,C_os2_direct,0.6,0.18,1,0,0.517945,0.692298,0.0131606,0.517215,-26.6835,0.226548,0.514875
48000,D_os2_midpoint,0.6,0.18,1,0,0.517017,0.693941,0.00892606,0.516059,-26.4275,0.266049,0.51762
48000,E_os2_all,0.6,0.18,1,0,0.535996,0.689149,0.0225276,0.536689,-23.7212,0.139674,0.535798
48000,F_adaa_direct,0.6,0.18,1,0,0.397647,0.569751,0.0120313,0.402371,-33.4248,0.16432,0.405714
48000,G_os4_direct,0.6,0.18,1,0,0.286638,0.479189,0.0194604,0.294848,-26.8274,0.2685,0.308614
48000,H_os2adaa_direct,0.6,0.18,1,0,0.520508,0.688085,0.00617273,0.520187,-26.3179,0.166185,0.518907
48000,A_direct,0.6,0.18,1,1,0.293657,0.667229,0.0590731,0.293666,-17.3347,0,0.292462
48000,B_midpoint,0.6,0.18,1,1,0.191148,0.515814,0.0384646,0.188263,-19.5943,0.154252,0.205614
48000,C_os2_direct,0.6,0.18,1,1,0.262129,0.627508,0.0397024,0.261417,-16.5411,0.213699,0.265274
48000,D_os2_midpoint,0.6,0.18,1,1,0.246356,0.515035,0.0157657,0.24549,-15.9133,0.26166,0.243711
48000,E_os2_all,0.6,0.18,1,1,0.282871,0.637731,0.0408667,0.286708,-15.9786,0.154324,0.289839
48000,F_adaa_direct,0.6,0.18,1,1,0.19251,0.504027,0.0543055,0.194403,-19.8887,0.126447,0.191127
48000,G_os4_direct,0.6,0.18,1,1,0.229655,0.599408,0.0549363,0.226971,-17.1342,0.188939,0.233399
48000,H_os2adaa_direct,0.6,0.18,1,1,0.215705,0.491269,0.0198584,0.216464,-17.9941,0.249465,0.216511
48000,A_direct,0.6,0.18,1,2,0.205869,0.618873,0.123039,0.183489,-51.6802,0,0.217073
48000,B_midpoint,0.6,0.18,1,2,0.198067,0.641258,0.119311,0.171155,-69.973,0.250408,0.206667
48000,C_os2_direct,0.6,0.18,1,2,0.21229,0.682389,0.130403,0.186259,-61.13,0.256224,0.218676
48000,D_os2_midpoint,0.6,0.18,1,2,0.208711,0.677514,0.124933,0.182818,-58.6641,0.255631,0.216013
48000,E_os2_all,0.6,0.18,1,2,0.206305,0.640852,0.119498,0.187276,-41.4195,0.246137,0.214887
48000,F_adaa_direct,0.6,0.18,1,2,0.202896,0.639256,0.124205,0.176224,-62.5882,0.248312,0.21039
48000,G_os4_direct,0.6,0.18,1,2,0.196865,0.597316,0.126108,0.177943,-38.9583,0.247969,0.187739
48000,H_os2adaa_direct,0.6,0.18,1,2,0.211214,0.669096,0.130026,0.186078,-61.8345,0.258176,0.219441
48000,A_direct,0.6,0.18,1,3,0.0042226,0.586713,0.00157999,0.00398771,-167.962,0,1.49895e-07
48000,B_midpoint,0.6,0.18,1,3,0.100298,0.547816,0.0575656,0.0715534,-95.7602,0.100291,0.155224
48000,C_os2_direct,0.6,0.18,1,3,0.16291,0.537389,0.0927497,0.116655,-91.7611,0.162909,0.180374
48000,D_os2_midpoint,0.6,0.18,1,3,0.160088,0.537389,0.0912262,0.11453,-92.061,0.16008,0.177793
48000,E_os2_all,0.6,0.18,1,3,0.171281,0.537389,0.116365,0.141363,-89.8831,0.171277,0.185118
48000,F_adaa_direct,0.6,0.18,1,3,0.0749944,0.559436,0.0428712,0.0536194,-83.322,0.0749287,0.149644
48000,G_os4_direct,0.6,0.18,1,3,0.166703,0.537389,0.109376,0.133717,-90.2632,0.166705,0.187
48000,H_os2adaa_direct,0.6,0.18,1,3,0.16222,0.537389,0.0923713,0.11613,-91.8619,0.16222,0.180035
48000,A_direct,0.6,0.18,1,4,5.33531e-05,0.00113329,3.14047e-05,3.76508e-05,-159.992,0,0.000106706
48000,B_midpoint,0.6,0.18,1,4,0.0301373,0.371313,0.0175012,0.0213873,-138.815,0.0301377,0.0602747
48000,C_os2_direct,0.6,0.18,1,4,0.129227,0.449462,0.0735479,0.0924626,-94.8936,0.129227,0.168678
48000,D_os2_midpoint,0.6,0.18,1,4,0.124474,0.44686,0.0709387,0.0890134,-96.7382,0.124474,0.172775
48000,E_os2_all,0.6,0.18,1,4,0.131512,0.519413,0.0810036,0.100274,-89.6042,0.131512,0.188468
48000,F_adaa_direct,0.6,0.18,1,4,4.20791e-07,9.82602e-06,2.48949e-07,2.97926e-07,-160.484,5.32965e-05,8.33044e-07
48000,G_os4_direct,0.6,0.18,1,4,0.1299,0.45195,0.0739263,0.0929468,-95.4047,0.1299,0.173174
48000,H_os2adaa_direct,0.6,0.18,1,4,0.130027,0.448738,0.0740192,0.0930271,-95.0024,0.130027,0.169643
48000,A_direct,0.6,0.18,1,5,0,0,0,0,-300,0,0
48000,B_midpoint,0.6,0.18,1,5,0,0,0,0,-300,0,0
48000,C_os2_direct,0.6,0.18,1,5,0,0,0,0,-300,0,0
48000,D_os2_midpoint,0.6,0.18,1,5,0,0,0,0,-300,0,0
48000,E_os2_all,0.6,0.18,1,5,0,0,0,0,-300,0,0
48000,F_adaa_direct,0.6,0.18,1,5,0,0,0,0,-300,0,0
48000,G_os4_direct,0.6,0.18,1,5,0,0,0,0,-300,0,0
48000,H_os2adaa_direct,0.6,0.18,1,5,0,0,0,0,-300,0,0
48000,A_direct,0.6,1.2,0.6,0,0.528334,0.688424,0.0128309,0.528685,-23.7815,0,0.535112
48000,B_midpoint,0.6,1.2,0.6,0,0.387055,0.558697,0.00331111,0.387463,-35.9211,0.157179,0.406364
48000,C_os2_direct,0.6,1.2,0.6,0,0.515434,0.704222,0.0215949,0.515143,-26.7594,0.200394,0.504349
48000,D_os2_midpoint,0.6,1.2,0.6,0,0.516897,0.693864,0.0047874,0.516673,-26.5272,0.24109,0.514486
48000,E_os2_all,0.6,1.2,0.6,0,0.537589,0.689571,0.0137729,0.537603,-23.7691,0.141699,0.5386
48000,F_adaa_direct,0.6,1.2,0.6,0,0.424157,0.628987,0.00809561,0.425027,-33.098,0.158172,0.463114
48000,G_os4_direct,0.6,1.2,0.6,0,0.33461,0.578648,0.00983445,0.33597,-27.3102,0.244947,0.399873
48000,H_os2adaa_direct,0.6,1.2,0.6,0,0.520562,0.700972,0.0101905,0.520453,-26.3346,0.144298,0.514587
48000,A_direct,0.6,1.2,0.6,1,0.304841,0.673787,0.0300171,0.304944,-17.1545,0,0.329745
48000,B_midpoint,0.6,1.2,0.6,1,0.196902,0.544968,0.0290049,0.196402,-19.1991,0.157259,0.206709
48000,C_os2_direct,0.6,1.2,0.6,1,0.263825,0.633357,0.0296903,0.263261,-16.4348,0.203996,0.26874
48000,D_os2_midpoint,0.6,1.2,0.6,1,0.243965,0.537918,0.0102449,0.243839,-15.8691,0.249919,0.240617
48000,E_os2_all,0.6,1.2,0.6,1,0.301113,0.673887,0.0271527,0.301869,-16.0113,0.159037,0.343956
48000,F_adaa_direct,0.6,1.2,0.6,1,0.207501,0.577068,0.0461023,0.206833,-19.4485,0.13664,0.221272
48000,G_os4_direct,0.6,1.2,0.6,1,0.231312,0.604579,0.043202,0.229994,-17.0612,0.17962,0.2384
48000,H_os2adaa_direct,0.6,1.2,0.6,1,0.222766,0.553207,0.0112003,0.222973,-17.7639,0.231331,0.237497
48000,A_direct,0.6,1.2,0.6,2,0.2365,0.652952,0.0971705,0.230646,-49.8762,0,0.376617
48000,B_midpoint,0.6,1.2,0.6,2,0.230303,0.617087,0.0839922,0.224033,-68.1526,0.171801,0.376192
48000,C_os2_direct,0.6,1.2,0.6,2,0.249889,0.628874,0.106326,0.240067,-60.3077,0.198863,0.376542
48000,D_os2_midpoint,0.6,1.2,0.6,2,0.245177,0.633588,0.101538,0.23662,-58.6694,0.196016,0.375428
48000,E_os2_all,0.6,1.2,0.6,2,0.248963,0.636859,0.0970284,0.242264,-41.8116,0.196509,0.371239
48000,F_adaa_direct,0.6,1.2,0.6,2,0.232685,0.622261,0.0896975,0.226453,-61.6711,0.179195,0.374497
48000,G_os4_direct,0.6,1.2,0.6,2,0.232629,0.637527,0.0943014,0.227544,-32.5997,0.181699,0.368815
48000,H_os2adaa_direct,0.6,1.2,0.6,2,0.249712,0.644019,0.104495,0.239741,-61.5912,0.198949,0.376093
48000,A_direct,0.6,1.2,0.6,3,0.0197173,0.595798,0.0114285,0.0143386,-89.3925,0,0.0385782
48000,B_midpoint,0.6,1.2,0.6,3,0.00435096,0.561187,0.00373674,0.00549442,-179.332,0.0196812,7.43129e-10
48000,C_os2_direct,0.6,1.2,0.6,3,0.127594,0.551992,0.0998486,0.118373,-82.572,0.129649,0.119398
48000,D_os2_midpoint,0.6,1.2,0.6,3,0.144498,0.551992,0.100734,0.124996,-93.637,0.14575,0.158317
48000,E_os2_all,0.6,1.2,0.6,3,0.142529,0.551992,0.106275,0.131405,-86.2184,0.144288,0.140482
48000,F_adaa_direct,0.6,1.2,0.6,3,0.00478231,0.571424,0.00390914,0.00579516,-169.539,0.0196729,7.41003e-08
48000,G_os4_direct,0.6,1.2,0.6,3,0.139403,0.551992,0.103247,0.128516,-87.8444,0.140817,0.137106
48000,H_os2adaa_direct,0.6,1.2,0.6,3,0.129434,0.551992,0.100234,0.119517,-85.8413,0.131495,0.119946
48000,A_direct,0.6,1.2,0.6,4,0.00053684,0.00346918,0.000313405,0.000380138,-159.444,0,0.00105474
48000,B_midpoint,0.6,1.2,0.6,4,1.08152e-07,5.63964e-07,7.35592e-08,9.32362e-08,-159.501,0.000536843,2.88034e-08
48000,C_os2_direct,0.6,1.2,0.6,4,0.140041,0.490029,0.10577,0.127603,-82.6094,0.140039,0.124634
48000,D_os2_midpoint,0.6,1.2,0.6,4,0.132469,0.465352,0.0947163,0.120714,-93.0407,0.132471,0.0992628
48000,E_os2_all,0.6,1.2,0.6,4,0.149417,0.477021,0.113468,0.136423,-86.1979,0.14942,0.139962
48000,F_adaa_direct,0.6,1.2,0.6,4,9.76296e-08,5.4872e-07,6.68507e-08,8.42586e-08,-159.305,0.000536843,3.93914e-08
48000,G_os4_direct,0.6,1.2,0.6,4,0.145202,0.499742,0.111627,0.131708,-87.4818,0.145203,0.126649
48000,H_os2adaa_direct,0.6,1.2,0.6,4,0.139991,0.485054,0.106441,0.127154,-86.4383,0.13999,0.120313
48000,A_direct,0.6,1.2,0.6,5,0,0,0,0,-300,0,0
48000,B_midpoint,0.6,1.2,0.6,5,0,0,0,0,-300,0,0
48000,C_os2_direct,0.6,1.2,0.6,5,0,0,0,0,-300,0,0
48000,D_os2_midpoint,0.6,1.2,0.6,5,0,0,0,0,-300,0,0
48000,E_os2_all,0.6,1.2,0.6,5,0,0,0,0,-300,0,0
48000,F_adaa_direct,0.6,1.2,0.6,5,0,0,0,0,-300,0,0
48000,G_os4_direct,0.6,1.2,0.6,5,0,0,0,0,-300,0,0
48000,H_os2adaa_direct,0.6,1.2,0.6,5,0,0,0,0,-300,0,0
48000,A_direct,0.6,7,1,0,0.531922,0.687155,0.0218083,0.531794,-23.5784,0,0.532013
48000,B_midpoint,0.6,7,1,0,0.392081,0.57517,0.00575844,0.391918,-35.0446,0.185502,0.392607
48000,C_os2_direct,0.6,7,1,0,0.505327,0.701106,0.0301988,0.505124,-26.9848,0.181162,0.504865
48000,D_os2_midpoint,0.6,7,1,0,0.510748,0.693685,0.00688535,0.510794,-26.57,0.229316,0.510266
48000,E_os2_all,0.6,7,1,0,0.536169,0.688867,0.0211509,0.536129,-23.5757,0.158004,0.535859
48000,F_adaa_direct,0.6,7,1,0,0.447252,0.663513,0.0147508,0.446971,-31.0493,0.181197,0.448188
48000,G_os4_direct,0.6,7,1,0,0.370154,0.59979,0.0126353,0.369856,-27.9181,0.261717,0.372328
48000,H_os2adaa_direct,0.6,7,1,0,0.513444,0.695005,0.0211116,0.513348,-26.7726,0.128754,0.513204
48000,A_direct,0.6,7,1,1,0.322682,0.681211,0.0367863,0.322037,-17.2309,0,0.32254
48000,B_midpoint,0.6,7,1,1,0.193896,0.531816,0.0298929,0.193291,-19.4766,0.179048,0.194072
48000,C_os2_direct,0.6,7,1,1,0.270129,0.64462,0.0430277,0.269225,-16.4169,0.212892,0.270377
48000,D_os2_midpoint,0.6,7,1,1,0.244811,0.558295,0.0170006,0.244621,-16.0297,0.261498,0.244549
48000,E_os2_all,0.6,7,1,1,0.325222,0.671266,0.0419778,0.324503,-17.0637,0.179143,0.325427
48000,F_adaa_direct,0.6,7,1,1,0.221569,0.580694,0.0596322,0.219388,-19.7922,0.174561,0.221928
48000,G_os4_direct,0.6,7,1,1,0.234572,0.617278,0.034301,0.234028,-17.2641,0.190551,0.235519
48000,H_os2adaa_direct,0.6,7,1,1,0.233266,0.570472,0.0230536,0.232939,-17.9589,0.232627,0.23388
48000,A_direct,0.6,7,1,2,0.24981,0.66764,0.114171,0.243108,-43.1549,0,0.299654
48000,B_midpoint,0.6,7,1,2,0.227213,0.693142,0.0879069,0.22376,-67.2225,0.149142,0.287787
48000,C_os2_direct,0.6,7,1,2,0.243795,0.68779,0.106419,0.236897,-40.3626,0.171612,0.293896
48000,D_os2_midpoint,0.6,7,1,2,0.238102,0.701747,0.103559,0.232859,-59.3796,0.167717,0.295289
48000,E_os2_all,0.6,7,1,2,0.249112,0.683842,0.0955733,0.244475,-38.3926,0.174477,0.303226
48000,F_adaa_direct,0.6,7,1,2,0.239491,0.681616,0.105082,0.233938,-56.961,0.163997,0.290292
48000,G_os4_direct,0.6,7,1,2,0.244211,0.680795,0.0996336,0.238987,-35.25,0.172079,0.291274
48000,H_os2adaa_direct,0.6,7,1,2,0.243102,0.693943,0.104174,0.238183,-60.8222,0.171929,0.298484
48000,A_direct,0.6,7,1,3,0.0221463,0.574145,0.0140704,0.0176164,-56.0982,0,0.0209571
48000,B_midpoint,0.6,7,1,3,0.00319972,0.544913,0.000517471,0.00320898,-177.825,0.0219381,8.0425e-08
48000,C_os2_direct,0.6,7,1,3,0.131405,0.537389,0.0990637,0.121541,-26.4246,0.133079,0.12618
48000,D_os2_midpoint,0.6,7,1,3,0.0096145,0.537389,0.0122514,0.0151102,-147.685,0.0237267,4.56471e-05
48000,E_os2_all,0.6,7,1,3,0.148456,0.537389,0.114217,0.137089,-26.3515,0.150182,0.167757
48000,F_adaa_direct,0.6,7,1,3,0.00376488,0.553433,0.00156662,0.00382727,-167.857,0.0220047,1.15699e-07
48000,G_os4_direct,0.6,7,1,3,0.128948,0.537389,0.103867,0.119894,-42.809,0.131056,0.141462
48000,H_os2adaa_direct,0.6,7,1,3,0.118244,0.537389,0.0907804,0.112402,-73.6854,0.119548,0.127689
48000,A_direct,0.6,7,1,4,0.0252742,0.182772,0.0153482,0.0186328,-56.813,0,0.0248662
48000,B_midpoint,0.6,7,1,4,1.13718e-07,4.9737e-07,5.28401e-08,1.03266e-07,-161.15,0.0252743,1.23375e-07
48000,C_os2_direct,0.6,7,1,4,0.12877,0.482375,0.100567,0.119999,-64.6614,0.132069,0.128952
48000,D_os2_midpoint,0.6,7,1,4,0.000127079,0.000752849,7.48261e-05,8.97084e-05,-156.56,0.0252746,0.000133113
48000,E_os2_all,0.6,7,1,4,0.157016,0.431672,0.122554,0.144515,-26.233,0.159309,0.162207
48000,F_adaa_direct,0.6,7,1,4,1.72518e-07,8.86676e-07,9.7279e-08,1.42252e-07,-158.657,0.0252743,1.84915e-07
48000,G_os4_direct,0.6,7,1,4,0.140379,0.515436,0.107967,0.129967,-44.618,0.142981,0.145938
48000,H_os2adaa_direct,0.6,7,1,4,0.128266,0.444563,0.101485,0.118873,-73.3742,0.130355,0.128365
48000,A_direct,0.6,7,1,5,0,0,0,0,-300,0,0
48000,B_midpoint,0.6,7,1,5,0,0,0,0,-300,0,0
48000,C_os2_direct,0.6,7,1,5,0,0,0,0,-300,0,0
48000,D_os2_midpoint,0.6,7,1,5,0,0,0,0,-300,0,0
48000,E_os2_all,0.6,7,1,5,0,0,0,0,-300,0,0
48000,F_adaa_direct,0.6,7,1,5,0,0,0,0,-300,0,0
48000,G_os4_direct,0.6,7,1,5,0,0,0,0,-300,0,0
48000,H_os2adaa_direct,0.6,7,1,5,0,0,0,0,-300,0,0
48000,A_direct,0.6,1.2,0,0,0.532086,0.686206,0.000248832,0.53203,-23.8143,0,0.532063
48000,B_midpoint,0.6,1.2,0,0,0.398049,0.546569,8.69611e-05,0.398026,-35.0662,0.140983,0.398033
48000,C_os2_direct,0.6,1.2,0,0,0.522857,0.692208,0.000118045,0.52285,-26.6719,0.203279,0.522829
48000,D_os2_midpoint,0.6,1.2,0,0,0.518704,0.693614,0.000164909,0.518707,-26.7017,0.239583,0.518676
48000,E_os2_all,0.6,1.2,0,0,0.537452,0.688924,0.000329903,0.537424,-23.9194,0.125659,0.537425
48000,F_adaa_direct,0.6,1.2,0,0,0.420208,0.581722,0.000160105,0.420134,-33.0532,0.139894,0.420191
48000,G_os4_direct,0.6,1.2,0,0,0.327044,0.465406,0.000250678,0.326948,-27.4438,0.225919,0.327044
48000,H_os2adaa_direct,0.6,1.2,0,0,0.526295,0.690492,0.000109815,0.526281,-26.2191,0.150913,0.526267
48000,A_direct,0.6,1.2,0,1,0.296009,0.67356,0.00112679,0.295984,-16.9396,0,0.296001
48000,B_midpoint,0.6,1.2,0,1,0.202314,0.484823,0.00192499,0.202263,-18.6493,0.140326,0.202336
48000,C_os2_direct,0.6,1.2,0,1,0.262861,0.627373,0.0343131,0.26225,-16.3026,0.196976,0.263151
48000,D_os2_midpoint,0.6,1.2,0,1,0.247308,0.523466,0.000775324,0.24735,-15.7139,0.23772,0.247263
48000,E_os2_all,0.6,1.2,0,1,0.279735,0.595999,0.000747248,0.279636,-15.6486,0.142979,0.279746
48000,F_adaa_direct,0.6,1.2,0,1,0.211496,0.529444,0.000920785,0.211428,-18.9089,0.117351,0.21152
48000,G_os4_direct,0.6,1.2,0,1,0.248609,0.611171,0.00985691,0.24827,-17.0124,0.180029,0.248626
48000,H_os2adaa_direct,0.6,1.2,0,1,0.218506,0.467237,0.000353762,0.21849,-17.4147,0.225135,0.218497
48000,A_direct,0.6,1.2,0,2,0.152763,0.599279,0.0621381,0.153016,-52.7118,0,0.197755
48000,B_midpoint,0.6,1.2,0,2,0.152988,0.677604,0.0513731,0.152671,-68.8024,0.164209,0.189464
48000,C_os2_direct,0.6,1.2,0,2,0.191637,0.688547,0.0951644,0.185735,-60.6789,0.201736,0.21003
48000,D_os2_midpoint,0.6,1.2,0,2,0.189698,0.691042,0.0966935,0.183939,-58.892,0.197547,0.207957
48000,E_os2_all,0.6,1.2,0,2,0.192061,0.610741,0.0938691,0.186436,-39.8758,0.190014,0.203361
48000,F_adaa_direct,0.6,1.2,0,2,0.163766,0.617672,0.0655819,0.16051,-61.4272,0.167876,0.194877
48000,G_os4_direct,0.6,1.2,0,2,0.172319,0.590097,0.0915679,0.16592,-35.8099,0.183196,0.172892
48000,H_os2adaa_direct,0.6,1.2,0,2,0.181111,0.703658,0.078444,0.175388,-61.8576,0.191509,0.201365
48000,A_direct,0.6,1.2,0,3,0.00444076,0.614041,0.000154322,0.00444562,-175.192,0,1.72199e-11
48000,B_midpoint,0.6,1.2,0,3,0.00452448,0.581713,0.000385779,0.00453632,-185.343,0.00444959,2.31701e-11
48000,C_os2_direct,0.6,1.2,0,3,0.136349,0.573181,0.0947844,0.12817,-107.233,0.136355,0.144858
48000,D_os2_midpoint,0.6,1.2,0,3,0.134207,0.573181,0.0919957,0.126338,-112.896,0.134206,0.132614
48000,E_os2_all,0.6,1.2,0,3,0.147735,0.573181,0.100769,0.139032,-115.485,0.147731,0.150907
48000,F_adaa_direct,0.6,1.2,0,3,0.00502954,0.591047,0.000335674,0.00504008,-175.63,0.00425428,2.81583e-11
48000,G_os4_direct,0.6,1.2,0,3,0.144699,0.573181,0.0970236,0.13655,-116.498,0.144699,0.158684
48000,H_os2adaa_direct,0.6,1.2,0,3,0.138192,0.573181,0.0937428,0.130341,-108.923,0.1382,0.147196
48000,A_direct,0.6,1.2,0,4,5.28432e-08,7.37168e-08,2.8691e-08,4.03892e-08,-161.67,0,5.28326e-08
48000,B_midpoint,0.6,1.2,0,4,5.77638e-08,1.0659e-07,3.42538e-08,4.26548e-08,-159.914,7.8278e-08,5.7759e-08
48000,C_os2_direct,0.6,1.2,0,4,0.132533,0.341477,0.107609,0.121581,-106.82,0.132533,0.129387
48000,D_os2_midpoint,0.6,1.2,0,4,0.139283,0.437047,0.0980787,0.130596,-112.802,0.139283,0.143342
48000,E_os2_all,0.6,1.2,0,4,0.151814,0.468588,0.103937,0.142664,-117.474,0.151814,0.154384
48000,F_adaa_direct,0.6,1.2,0,4,6.03139e-08,1.05674e-07,3.52895e-08,4.41827e-08,-158.383,8.01771e-08,6.03409e-08
48000,G_os4_direct,0.6,1.2,0,4,0.147393,0.456728,0.101817,0.13839,-118.214,0.147393,0.154357
48000,H_os2adaa_direct,0.6,1.2,0,4,0.142013,0.451406,0.0981613,0.133614,-108.796,0.142013,0.139716
48000,A_direct,0.6,1.2,0,5,0,0,0,0,-300,0,0
48000,B_midpoint,0.6,1.2,0,5,0,0,0,0,-300,0,0
48000,C_os2_direct,0.6,1.2,0,5,0,0,0,0,-300,0,0
48000,D_os2_midpoint,0.6,1.2,0,5,0,0,0,0,-300,0,0
48000,E_os2_all,0.6,1.2,0,5,0,0,0,0,-300,0,0
48000,F_adaa_direct,0.6,1.2,0,5,0,0,0,0,-300,0,0
48000,G_os4_direct,0.6,1.2,0,5,0,0,0,0,-300,0,0
48000,H_os2adaa_direct,0.6,1.2,0,5,0,0,0,0,-300,0,0
48000,A_direct,0.7,0.18,1,0,0.52472,0.681081,0.019342,0.526994,-23.5388,0,0.527386
48000,B_midpoint,0.7,0.18,1,0,0.365162,0.516071,0.00564481,0.367513,-36.6594,0.167372,0.369754
48000,C_os2_direct,0.7,0.18,1,0,0.519483,0.693988,0.0132731,0.518749,-26.56,0.230606,0.51689
48000,D_os2_midpoint,0.7,0.18,1,0,0.516853,0.69397,0.00906347,0.515887,-26.3874,0.270268,0.517472
48000,E_os2_all,0.7,0.18,1,0,0.53597,0.68917,0.0228207,0.536667,-23.6888,0.14175,0.535801
48000,F_adaa_direct,0.7,0.18,1,0,0.398563,0.571372,0.0122887,0.403362,-33.2852,0.167663,0.406788
48000,G_os4_direct,0.7,0.18,1,0,0.28524,0.480412,0.0198928,0.293646,-26.6727,0.274444,0.307685
48000,H_os2adaa_direct,0.7,0.18,1,0,0.522545,0.690249,0.00629913,0.52222,-26.1888,0.16918,0.520932
48000,A_direct,0.7,0.18,1,1,0.296165,0.670583,0.0600107,0.296147,-17.308,0,0.294928
48000,B_midpoint,0.7,0.18,1,1,0.1907,0.515092,0.0381803,0.187965,-19.6221,0.156282,0.204701
48000,C_os2_direct,0.7,0.18,1,1,0.26406,0.63057,0.0399597,0.263349,-16.5002,0.217795,0.267188
48000,D_os2_midpoint,0.7,0.18,1,1,0.248291,0.518265,0.0160624,0.247416,-15.8681,0.266726,0.245655
48000,E_os2_all,0.7,0.18,1,1,0.285088,0.639898,0.0411357,0.289031,-15.9264,0.156927,0.292131
48000,F_adaa_direct,0.7,0.18,1,1,0.193015,0.505638,0.0551864,0.195006,-19.9238,0.128422,0.191462
48000,G_os4_direct,0.7,0.18,1,1,0.231165,0.602862,0.0556575,0.228473,-17.0944,0.192543,0.23469
48000,H_os2adaa_direct,0.7,0.18,1,1,0.217431,0.495749,0.0202287,0.218165,-17.9819,0.25443,0.218185
48000,A_direct,0.7,0.18,1,2,0.208643,0.621868,0.124543,0.185404,-51.3948,0,0.219104
48000,B_midpoint,0.7,0.18,1,2,0.200521,0.645313,0.121183,0.173069,-70.0444,0.25506,0.208559
48000,C_os2_direct,0.7,0.18,1,2,0.214733,0.682365,0.131824,0.187908,-60.9883,0.26113,0.220479
48000,D_os2_midpoint,0.7,0.18,1,2,0.211091,0.681645,0.126366,0.18453,-58.4911,0.259744,0.217842
48000,E_os2_all,0.7,0.18,1,2,0.208601,0.645148,0.12092,0.189036,-41.2424,0.246163,0.216666
48000,F_adaa_direct,0.7,0.18,1,2,0.205395,0.643273,0.126172,0.178179,-62.3799,0.252141,0.212508
48000,G_os4_direct,0.7,0.18,1,2,0.199121,0.599631,0.127608,0.179865,-38.7564,0.25235,0.189555
48000,H_os2adaa_direct,0.7,0.18,1,2,0.213754,0.667362,0.131135,0.187616,-61.6853,0.263529,0.221366
48000,A_direct,0.7,0.18,1,3,0.00424304,0.587549,0.00158968,0.00400876,-167.732,0,1.485e-07
48000,B_midpoint,0.7,0.18,1,3,0.0947748,0.547754,0.0543604,0.0676351,-97.7517,0.0947684,0.153694
48000,C_os2_direct,0.7,0.18,1,3,0.165012,0.537068,0.0937589,0.118251,-91.2339,0.165012,0.182736
48000,D_os2_midpoint,0.7,0.18,1,3,0.161657,0.537068,0.0919508,0.115737,-91.5484,0.16165,0.180021
48000,E_os2_all,0.7,0.18,1,3,0.172249,0.537068,0.116879,0.142154,-89.529,0.172245,0.188851
48000,F_adaa_direct,0.7,0.18,1,3,0.0710734,0.559655,0.0405899,0.0508433,-86.8579,0.0710028,0.141787
48000,G_os4_direct,0.7,0.18,1,3,0.168353,0.537068,0.10869,0.133509,-90.0593,0.168356,0.189778
48000,H_os2adaa_direct,0.7,0.18,1,3,0.164216,0.537068,0.0933204,0.11765,-91.3124,0.164216,0.182191
48000,A_direct,0.7,0.18,1,4,2.20999e-07,3.00096e-06,1.32812e-07,1.57855e-07,-161.007,0,4.30321e-07
48000,B_midpoint,0.7,0.18,1,4,0.0258823,0.298701,0.0150676,0.0183488,-145.287,0.0258823,0.0517646
48000,C_os2_direct,0.7,0.18,1,4,0.148184,0.455008,0.0841409,0.106126,-91.996,0.148184,0.179249
48000,D_os2_midpoint,0.7,0.18,1,4,0.141014,0.452567,0.0802025,0.100924,-93.1314,0.141014,0.170655
48000,E_os2_all,0.7,0.18,1,4,0.149099,0.476216,0.0857178,0.107743,-92.4478,0.149099,0.188515
48000,F_adaa_direct,0.7,0.18,1,4,0.000349513,0.00798872,0.000205729,0.000246648,-160.378,0.000349529,0.000699025
48000,G_os4_direct,0.7,0.18,1,4,0.148721,0.457935,0.0844553,0.106505,-92.228,0.148721,0.182409
48000,H_os2adaa_direct,0.7,0.18,1,4,0.147903,0.454711,0.0839983,0.105916,-92.1673,0.147903,0.180088
48000,A_direct,0.7,0.18,1,5,0,0,0,0,-300,0,0
48000,B_midpoint,0.7,0.18,1,5,0,0,0,0,-300,0,0
48000,C_os2_direct,0.7,0.18,1,5,0,0,0,0,-300,0,0
48000,D_os2_midpoint,0.7,0.18,1,5,0,0,0,0,-300,0,0
48000,E_os2_all,0.7,0.18,1,5,0,0,0,0,-300,0,0
48000,F_adaa_direct,0.7,0.18,1,5,0,0,0,0,-300,0,0
48000,G_os4_direct,0.7,0.18,1,5,0,0,0,0,-300,0,0
48000,H_os2adaa_direct,0.7,0.18,1,5,0,0,0,0,-300,0,0
48000,A_direct,0.7,1.2,0.6,0,0.529828,0.688474,0.0130328,0.530179,-23.6435,0,0.535275
48000,B_midpoint,0.7,1.2,0.6,0,0.386785,0.559016,0.0033875,0.387204,-35.9024,0.159661,0.406586
48000,C_os2_direct,0.7,1.2,0.6,0,0.516433,0.704883,0.0262879,0.516086,-26.6886,0.203212,0.505896
48000,D_os2_midpoint,0.7,1.2,0.6,0,0.517319,0.693892,0.00487698,0.517093,-26.4804,0.245131,0.516456
48000,E_os2_all,0.7,1.2,0.6,0,0.537694,0.689639,0.0139709,0.537707,-23.7304,0.14386,0.538831
48000,F_adaa_direct,0.7,1.2,0.6,0,0.425193,0.630905,0.00827982,0.426077,-32.9737,0.161162,0.464769
48000,G_os4_direct,0.7,1.2,0.6,0,0.333675,0.580376,0.0100743,0.335065,-27.1595,0.250222,0.40024
48000,H_os2adaa_direct,0.7,1.2,0.6,0,0.522274,0.696397,0.0131912,0.522148,-26.2208,0.146505,0.516435
48000,A_direct,0.7,1.2,0.6,1,0.307488,0.6772,0.0305064,0.307591,-17.1294,0,0.332776
48000,B_midpoint,0.7,1.2,0.6,1,0.196732,0.547055,0.0291166,0.196252,-19.2244,0.160172,0.206942
48000,C_os2_direct,0.7,1.2,0.6,1,0.265587,0.636491,0.0300067,0.265006,-16.3965,0.208164,0.270399
48000,D_os2_midpoint,0.7,1.2,0.6,1,0.245754,0.540771,0.010447,0.245626,-15.8248,0.255052,0.242461
48000,E_os2_all,0.7,1.2,0.6,1,0.303625,0.676896,0.027473,0.304385,-15.9671,0.162115,0.347022
48000,F_adaa_direct,0.7,1.2,0.6,1,0.208215,0.579174,0.0467591,0.207518,-19.4812,0.139223,0.222324
48000,G_os4_direct,0.7,1.2,0.6,1,0.23241,0.607087,0.0439929,0.231052,-17.025,0.183005,0.239107
48000,H_os2adaa_direct,0.7,1.2,0.6,1,0.224225,0.555651,0.0114242,0.224426,-17.7525,0.236198,0.238878
48000,A_direct,0.7,1.2,0.6,2,0.236902,0.660914,0.0965413,0.232278,-50.0572,0,0.381661
48000,B_midpoint,0.7,1.2,0.6,2,0.232331,0.619417,0.0850201,0.226171,-67.8253,0.172068,0.379766
48000,C_os2_direct,0.7,1.2,0.6,2,0.252747,0.632763,0.107811,0.242649,-60.3921,0.198604,0.380098
48000,D_os2_midpoint,0.7,1.2,0.6,2,0.247691,0.638369,0.102928,0.239067,-58.5241,0.195221,0.378874
48000,E_os2_all,0.7,1.2,0.6,2,0.251546,0.641143,0.098627,0.244667,-41.6212,0.19722,0.374632
48000,F_adaa_direct,0.7,1.2,0.6,2,0.235777,0.625674,0.0937591,0.230814,-61.7795,0.181716,0.378024
48000,G_os4_direct,0.7,1.2,0.6,2,0.234705,0.64404,0.0958173,0.229632,-32.5616,0.178297,0.372007
48000,H_os2adaa_direct,0.7,1.2,0.6,2,0.251579,0.642876,0.105204,0.241858,-61.4563,0.198705,0.379641
48000,A_direct,0.7,1.2,0.6,3,0.00408542,0.595892,0.00209877,0.00429273,-168.644,0,9.39189e-08
48000,B_midpoint,0.7,1.2,0.6,3,0.00423063,0.560965,0.00344911,0.00521087,-177.01,0.00377194,6.1596e-08
48000,C_os2_direct,0.7,1.2,0.6,3,0.126665,0.551671,0.0992343,0.118706,-83.0648,0.126661,0.120791
48000,D_os2_midpoint,0.7,1.2,0.6,3,0.139744,0.551671,0.0993524,0.121619,-93.7052,0.139737,0.155748
48000,E_os2_all,0.7,1.2,0.6,3,0.143905,0.551671,0.107921,0.132615,-86.5194,0.143892,0.141451
48000,F_adaa_direct,0.7,1.2,0.6,3,0.00466648,0.571339,0.00359933,0.00549736,-169.79,0.00370232,7.00609e-08
48000,G_os4_direct,0.7,1.2,0.6,3,0.141316,0.551671,0.103702,0.130587,-87.773,0.141312,0.13872
48000,H_os2adaa_direct,0.7,1.2,0.6,3,0.129702,0.551671,0.100142,0.120454,-86.553,0.129702,0.120368
48000,A_direct,0.7,1.2,0.6,4,0.000828589,0.00520683,0.000483723,0.000586727,-157.826,0,0.00165718
48000,B_midpoint,0.7,1.2,0.6,4,9.37518e-08,4.55646e-07,6.29714e-08,8.04476e-08,-159.834,0.000828589,4.46872e-08
48000,C_os2_direct,0.7,1.2,0.6,4,0.143861,0.49292,0.104719,0.131513,-82.9552,0.143863,0.123573
48000,D_os2_midpoint,0.7,1.2,0.6,4,0.144052,0.413523,0.101417,0.126689,-93.815,0.144055,0.158657
48000,E_os2_all,0.7,1.2,0.6,4,0.151892,0.509554,0.114338,0.139056,-87.0391,0.151893,0.143162
48000,F_adaa_direct,0.7,1.2,0.6,4,7.63727e-08,3.24229e-07,5.20941e-08,6.65659e-08,-159.732,0.000828589,6.45876e-08
48000,G_os4_direct,0.7,1.2,0.6,4,0.147899,0.504519,0.112201,0.134548,-87.6624,0.147901,0.129015
48000,H_os2adaa_direct,0.7,1.2,0.6,4,0.143888,0.489571,0.104658,0.131451,-85.7581,0.14389,0.122073
48000,A_direct,0.7,1.2,0.6,5,0,0,0,0,-300,0,0
48000,B_midpoint,0.7,1.2,0.6,5,0,0,0,0,-300,0,0
48000,C_os2_direct,0.7,1.2,0.6,5,0,0,0,0,-300,0,0
48000,D_os2_midpoint,0.7,1.2,0.6,5,0,0,0,0,-300,0,0
48000,E_os2_all,0.7,1.2,0.6,5,0,0,0,0,-300,0,0
48000,F_adaa_direct,0.7,1.2,0.6,5,0,0,0,0,-300,0,0
48000,G_os4_direct,0.7,1.2,0.6,5,0,0,0,0,-300,0,0
48000,H_os2adaa_direct,0.7,1.2,0.6,5,0,0,0,0,-300,0,0
48000,A_direct,0.7,7,1,0,0.532702,0.687201,0.0221001,0.532572,-23.497,0,0.532718
48000,B_midpoint,0.7,7,1,0,0.39232,0.576379,0.00589138,0.392154,-34.9853,0.187952,0.392864
48000,C_os2_direct,0.7,7,1,0,0.507288,0.702849,0.0306114,0.507081,-26.8434,0.183886,0.506842
48000,D_os2_midpoint,0.7,7,1,0,0.511525,0.693716,0.00701499,0.511572,-26.4764,0.232659,0.511022
48000,E_os2_all,0.7,7,1,0,0.5366,0.688944,0.0214461,0.536558,-23.514,0.160184,0.536279
48000,F_adaa_direct,0.7,7,1,0,0.448843,0.665787,0.0150632,0.448558,-30.9077,0.184017,0.449793
48000,G_os4_direct,0.7,7,1,0,0.370375,0.601686,0.0129375,0.37007,-27.7926,0.266422,0.372582
48000,H_os2adaa_direct,0.7,7,1,0,0.5154,0.6966,0.0230694,0.515287,-26.6462,0.130159,0.515171
48000,A_direct,0.7,7,1,1,0.325561,0.684368,0.037371,0.324904,-17.2037,0,0.325416
48000,B_midpoint,0.7,7,1,1,0.19399,0.533486,0.0304216,0.193364,-19.5015,0.182403,0.194165
48000,C_os2_direct,0.7,7,1,1,0.272188,0.644616,0.0435157,0.271279,-16.3688,0.217029,0.272413
48000,D_os2_midpoint,0.7,7,1,1,0.246815,0.561551,0.0173211,0.24662,-15.9856,0.266556,0.246552
48000,E_os2_all,0.7,7,1,1,0.328163,0.674311,0.0426393,0.327427,-17.0356,0.182373,0.328359
48000,F_adaa_direct,0.7,7,1,1,0.222966,0.583983,0.0605057,0.220726,-19.8257,0.177762,0.223335
48000,G_os4_direct,0.7,7,1,1,0.236066,0.618767,0.0340014,0.235527,-17.2156,0.194296,0.236974
48000,H_os2adaa_direct,0.7,7,1,1,0.234971,0.574016,0.0234172,0.234635,-17.941,0.237295,0.235567
48000,A_direct,0.7,7,1,2,0.252517,0.671406,0.115795,0.24573,-42.9724,0,0.302702
48000,B_midpoint,0.7,7,1,2,0.22916,0.696737,0.0886424,0.225601,-67.1891,0.151039,0.290221
48000,C_os2_direct,0.7,7,1,2,0.246031,0.691325,0.108035,0.238925,-41.2526,0.175386,0.296328
48000,D_os2_midpoint,0.7,7,1,2,0.24018,0.693782,0.105713,0.23468,-59.1417,0.16895,0.29673
48000,E_os2_all,0.7,7,1,2,0.251708,0.687773,0.0971696,0.246964,-38.2246,0.177176,0.306067
48000,F_adaa_direct,0.7,7,1,2,0.241847,0.685117,0.106791,0.236146,-56.7668,0.165556,0.292964
48000,G_os4_direct,0.7,7,1,2,0.246709,0.684045,0.101109,0.241402,-35.1373,0.174593,0.293937
48000,H_os2adaa_direct,0.7,7,1,2,0.244984,0.703309,0.104521,0.240248,-60.8345,0.17364,0.300424
48000,A_direct,0.7,7,1,3,0.0173576,0.574704,0.0107817,0.0133759,-58.7496,0,0.0150733
48000,B_midpoint,0.7,7,1,3,0.00320643,0.544779,0.00052278,0.00321589,-177.693,0.0170951,8.29413e-08
48000,C_os2_direct,0.7,7,1,3,0.134177,0.537068,0.101166,0.124097,-26.2299,0.135132,0.128643
48000,D_os2_midpoint,0.7,7,1,3,0.00789963,0.537068,0.00982553,0.0122816,-155.047,0.0185344,2.93009e-05
48000,E_os2_all,0.7,7,1,3,0.149018,0.537068,0.117588,0.136913,-26.8358,0.149652,0.162929
48000,F_adaa_direct,0.7,7,1,3,0.0037698,0.553508,0.00154235,0.00382548,-167.482,0.0171763,1.08192e-07
48000,G_os4_direct,0.7,7,1,3,0.130107,0.537068,0.098546,0.119277,-39.6946,0.131045,0.148241
48000,H_os2adaa_direct,0.7,7,1,3,0.114368,0.537068,0.0930062,0.108568,-73.9854,0.115352,0.128653
48000,A_direct,0.7,7,1,4,0.0158299,0.0947735,0.00935827,0.0112375,-60.2602,0,0.0155618
48000,B_midpoint,0.7,7,1,4,1.08746e-07,3.88014e-07,4.91064e-08,1.01501e-07,-161.196,0.0158299,1.15449e-07
48000,C_os2_direct,0.7,7,1,4,0.130016,0.494589,0.100773,0.121281,-65.3481,0.131132,0.128307
48000,D_os2_midpoint,0.7,7,1,4,7.32416e-05,0.000362961,4.31348e-05,5.17139e-05,-156.84,0.01583,9.22818e-05
48000,E_os2_all,0.7,7,1,4,0.16045,0.450087,0.122341,0.148437,-25.8501,0.161108,0.167848
48000,F_adaa_direct,0.7,7,1,4,1.71763e-07,8.03494e-07,9.52141e-08,1.40905e-07,-158.659,0.0158299,2.12729e-07
48000,G_os4_direct,0.7,7,1,4,0.139279,0.448619,0.110796,0.128544,-48.0116,0.140278,0.142245
48000,H_os2adaa_direct,0.7,7,1,4,0.129726,0.49778,0.101296,0.120625,-73.4269,0.130406,0.130083
48000,A_direct,0.7,7,1,5,0,0,0,0,-300,0,0
48000,B_midpoint,0.7,7,1,5,0,0,0,0,-300,0,0
48000,C_os2_direct,0.7,7,1,5,0,0,0,0,-300,0,0
48000,D_os2_midpoint,0.7,7,1,5,0,0,0,0,-300,0,0
48000,E_os2_all,0.7,7,1,5,0,0,0,0,-300,0,0
48000,F_adaa_direct,0.7,7,1,5,0,0,0,0,-300,0,0
48000,G_os4_direct,0.7,7,1,5,0,0,0,0,-300,0,0
48000,H_os2adaa_direct,0.7,7,1,5,0,0,0,0,-300,0,0
48000,A_direct,0.7,1.2,0,0,0.534343,0.688326,0.0002546,0.534287,-23.6504,0,0.53432
48000,B_midpoint,0.7,1.2,0,0,0.397452,0.545978,8.89692e-05,0.397428,-35.0761,0.14395,0.397435
48000,C_os2_direct,0.7,1.2,0,0,0.522813,0.692374,0.000120224,0.522805,-26.6501,0.207268,0.522784
48000,D_os2_midpoint,0.7,1.2,0,0,0.51854,0.693679,0.000167702,0.518543,-26.6642,0.244171,0.518512
48000,E_os2_all,0.7,1.2,0,0,0.537556,0.689011,0.000335265,0.537528,-23.8782,0.128063,0.537529
48000,F_adaa_direct,0.7,1.2,0,0,0.420722,0.582566,0.000163577,0.420646,-32.9594,0.143232,0.420705
48000,G_os4_direct,0.7,1.2,0,0,0.325084,0.465508,0.000256806,0.324985,-27.2917,0.231704,0.325085
48000,H_os2adaa_direct,0.7,1.2,0,0,0.526337,0.690709,0.000111935,0.526323,-26.1952,0.153835,0.526309
48000,A_direct,0.7,1.2,0,1,0.298415,0.676916,0.00114571,0.298389,-16.9184,0,0.298405
48000,B_midpoint,0.7,1.2,0,1,0.201939,0.484599,0.00174606,0.201894,-18.6716,0.14314,0.20196
48000,C_os2_direct,0.7,1.2,0,1,0.26453,0.630871,0.0341885,0.263927,-16.2673,0.20129,0.264824
48000,D_os2_midpoint,0.7,1.2,0,1,0.248873,0.524937,0.00078699,0.248916,-15.671,0.242948,0.248827
48000,E_os2_all,0.7,1.2,0,1,0.28188,0.59838,0.000758566,0.281778,-15.6035,0.146025,0.281891
48000,F_adaa_direct,0.7,1.2,0,1,0.211978,0.530423,0.000930502,0.211906,-18.9387,0.119782,0.212001
48000,G_os4_direct,0.7,1.2,0,1,0.250145,0.613886,0.00995497,0.249802,-16.9877,0.183912,0.250161
48000,H_os2adaa_direct,0.7,1.2,0,1,0.21971,0.47069,0.000361665,0.219694,-17.4055,0.230199,0.219702
48000,A_direct,0.7,1.2,0,2,0.154689,0.629056,0.0615272,0.156642,-52.5522,0,0.200606
48000,B_midpoint,0.7,1.2,0,2,0.156854,0.67532,0.0474568,0.156681,-68.7888,0.170347,0.190995
48000,C_os2_direct,0.7,1.2,0,2,0.193378,0.691956,0.0970674,0.187283,-60.6521,0.204927,0.212151
48000,D_os2_midpoint,0.7,1.2,0,2,0.19177,0.694002,0.0976898,0.185978,-58.7165,0.201942,0.210004
48000,E_os2_all,0.7,1.2,0,2,0.194255,0.615308,0.0953001,0.188535,-39.6714,0.19391,0.205228
48000,F_adaa_direct,0.7,1.2,0,2,0.165476,0.622149,0.0634247,0.162743,-61.2142,0.171939,0.196604
48000,G_os4_direct,0.7,1.2,0,2,0.173135,0.596596,0.0941079,0.166372,-35.6236,0.185919,0.173076
48000,H_os2adaa_direct,0.7,1.2,0,2,0.183897,0.70715,0.0820946,0.178839,-61.6747,0.195977,0.203681
48000,A_direct,0.7,1.2,0,3,0.00449796,0.614254,0.000163804,0.00450323,-171.926,0,9.01305e-08
48000,B_midpoint,0.7,1.2,0,3,0.00459516,0.581529,0.000410559,0.00460788,-182.093,0.00458514,8.84941e-08
48000,C_os2_direct,0.7,1.2,0,3,0.138931,0.572862,0.0967195,0.130592,-107.245,0.13894,0.147815
48000,D_os2_midpoint,0.7,1.2,0,3,0.136998,0.572862,0.0940777,0.128967,-112.844,0.136998,0.137012
48000,E_os2_all,0.7,1.2,0,3,0.150671,0.572862,0.102985,0.141741,-116.386,0.150668,0.154785
48000,F_adaa_direct,0.7,1.2,0,3,0.00512785,0.591032,0.000360757,0.00513927,-172.57,0.00440098,4.20727e-08
48000,G_os4_direct,0.7,1.2,0,3,0.147446,0.572862,0.0987949,0.13916,-116.706,0.147448,0.161977
48000,H_os2adaa_direct,0.7,1.2,0,3,0.141007,0.572862,0.0954808,0.133027,-108.78,0.141018,0.150284
48000,A_direct,0.7,1.2,0,4,8.21153e-11,6.79912e-10,6.63301e-11,4.89502e-11,-300,0,1.0913e-21
48000,B_midpoint,0.7,1.2,0,4,4.47567e-08,9.3525e-08,4.2078e-08,2.53356e-08,-160.215,4.47565e-08,4.45285e-08
48000,C_os2_direct,0.7,1.2,0,4,0.133966,0.335312,0.110933,0.122266,-106.987,0.133966,0.135201
48000,D_os2_midpoint,0.7,1.2,0,4,0.134807,0.348196,0.107629,0.123756,-112.588,0.134807,0.135322
48000,E_os2_all,0.7,1.2,0,4,0.155801,0.482894,0.104215,0.146905,-118.36,0.155801,0.162415
48000,F_adaa_direct,0.7,1.2,0,4,1.15048e-08,5.93724e-08,1.15039e-08,5.75284e-09,-178.941,1.15003e-08,1.21401e-08
48000,G_os4_direct,0.7,1.2,0,4,0.151831,0.477155,0.101747,0.143268,-118.438,0.151831,0.148103
48000,H_os2adaa_direct,0.7,1.2,0,4,0.137409,0.358057,0.108308,0.12678,-108.611,0.137409,0.138735
48000,A_direct,0.7,1.2,0,5,0,0,0,0,-300,0,0
48000,B_midpoint,0.7,1.2,0,5,0,0,0,0,-300,0,0
48000,C_os2_direct,0.7,1.2,0,5,0,0,0,0,-300,0,0
48000,D_os2_midpoint,0.7,1.2,0,5,0,0,0,0,-300,0,0
48000,E_os2_all,0.7,1.2,0,5,0,0,0,0,-300,0,0
48000,F_adaa_direct,0.7,1.2,0,5,0,0,0,0,-300,0,0
48000,G_os4_direct,0.7,1.2,0,5,0,0,0,0,-300,0,0
48000,H_os2adaa_direct,0.7,1.2,0,5,0,0,0,0,-300,0,0
96000,A_direct,0,0.18,1,0,0.525279,0.687787,0.00172167,0.525446,-24.256,0,0.525471
96000,B_midpoint,0,0.18,1,0,0.455639,0.6121,0.00142371,0.456098,-29.3826,0.129365,0.45619
96000,C_os2_direct,0,0.18,1,0,0.239105,0.37282,0.00214093,0.238518,-27.5551,0.351147,0.238387
96000,D_os2_midpoint,0,0.18,1,0,0.239105,0.37282,0.00214093,0.238518,-27.5551,0.351147,0.238387
96000,E_os2_all,0,0.18,1,0,0.239105,0.37282,0.00214093,0.238518,-27.5551,0.351147,0.238387
96000,F_adaa_direct,0,0.18,1,0,0.493147,0.656358,0.00161407,0.493482,-26.4416,0.0886342,0.493548
96000,G_os4_direct,0,0.18,1,0,0.465121,0.647036,0.00151893,0.464645,-29.3562,0.317816,0.464488
96000,H_os2adaa_direct,0,0.18,1,0,0.276677,0.390956,0.00200167,0.275907,-27.8918,0.359161,0.275734
96000,A_direct,0,0.18,1,1,0.292516,0.650266,0.00150374,0.292613,-16.2175,0,0.292687
96000,B_midpoint,0,0.18,1,1,0.219002,0.519982,0.00140845,0.219247,-19.6879,0.0971285,0.219305
96000,C_os2_direct,0,0.18,1,1,0.231338,0.501519,0.00154001,0.231169,-15.346,0.207182,0.231026
96000,D_os2_midpoint,0,0.18,1,1,0.231338,0.501519,0.00154001,0.231169,-15.346,0.207182,0.231026
96000,E_os2_all,0,0.18,1,1,0.231338,0.501519,0.00154001,0.231169,-15.346,0.207182,0.231026
96000,F_adaa_direct,0,0.18,1,1,0.253353,0.588614,0.00143222,0.253563,-18.2298,0.0676607,0.253637
96000,G_os4_direct,0,0.18,1,1,0.246734,0.548473,0.00151374,0.246654,-23.1399,0.172349,0.246585
96000,H_os2adaa_direct,0,0.18,1,1,0.239499,0.534829,0.00150746,0.239341,-15.7035,0.198237,0.239206
96000,A_direct,0,0.18,1,2,0.13103,0.543857,0.0229665,0.128642,-53.8488,0,0.076749
96000,B_midpoint,0,0.18,1,2,0.125796,0.512418,0.0230453,0.123189,-58.5756,0.0228668,0.0728106
96000,C_os2_direct,0,0.18,1,2,0.120412,0.446994,0.0230714,0.117384,-55.7035,0.063044,0.0683755
96000,D_os2_midpoint,0,0.18,1,2,0.120412,0.446994,0.0230714,0.117384,-55.7035,0.063044,0.0683755
96000,E_os2_all,0,0.18,1,2,0.120412,0.446994,0.0230714,0.117384,-55.7035,0.063044,0.0683755
96000,F_adaa_direct,0,0.18,1,2,0.128467,0.52772,0.0230102,0.125972,-55.6253,0.0141069,0.0748068
96000,G_os4_direct,0,0.18,1,2,0.132561,0.543567,0.0229227,0.129766,-55.0162,0.0533491,0.0771537
96000,H_os2adaa_direct,0,0.18,1,2,0.121734,0.463602,0.023059,0.11872,-56.0807,0.0631365,0.0693088
96000,A_direct,0,0.18,1,3,0.00319802,0.575892,1.33651e-05,0.00319795,-183.006,0,2.78272e-09
96000,B_midpoint,0,0.18,1,3,0.00308351,0.549476,1.81052e-05,0.00308348,-187.338,0.000338619,2.49131e-09
96000,C_os2_direct,0,0.18,1,3,0.00311646,0.542781,8.81457e-06,0.00311654,-164.651,0.000874997,3.32973e-09
96000,D_os2_midpoint,0,0.18,1,3,0.00311646,0.542781,8.81457e-06,0.00311654,-164.651,0.000874997,3.32973e-09
96000,E_os2_all,0,0.18,1,3,0.00311646,0.542781,8.81457e-06,0.00311654,-164.651,0.000874997,3.32973e-09
96000,F_adaa_direct,0,0.18,1,3,0.00313959,0.556724,1.99416e-05,0.00313955,-183.507,0.000355753,2.38835e-09
96000,G_os4_direct,0,0.18,1,3,0.00312373,0.542781,8.85596e-06,0.00312382,-162.888,0.000916487,3.35211e-09
96000,H_os2adaa_direct,0,0.18,1,3,0.00308842,0.542781,1.0858e-05,0.00308851,-166.272,0.000778961,3.06375e-09
96000,A_direct,0,0.18,1,4,6.16536e-09,3.61059e-08,4.96883e-11,6.14052e-09,-300,0,3.17966e-14
96000,B_midpoint,0,0.18,1,4,6.17949e-09,3.61886e-08,4.9782e-11,6.1546e-09,-300,1.41238e-11,3.18695e-14
96000,C_os2_direct,0,0.18,1,4,6.19889e-09,3.63023e-08,4.99172e-11,6.17393e-09,-300,3.35288e-11,3.19696e-14
96000,D_os2_midpoint,0,0.18,1,4,6.19889e-09,3.63023e-08,4.99172e-11,6.17393e-09,-300,3.35288e-11,3.19696e-14
96000,E_os2_all,0,0.18,1,4,6.19889e-09,3.63023e-08,4.99172e-11,6.17393e-09,-300,3.35288e-11,3.19696e-14
96000,F_adaa_direct,0,0.18,1,4,6.17298e-09,3.61505e-08,4.97427e-11,6.14811e-09,-300,7.61795e-12,3.18359e-14
96000,G_os4_direct,0,0.18,1,4,6.21499e-09,3.63965e-08,5.00373e-11,6.18997e-09,-300,4.96222e-11,3.20526e-14
96000,H_os2adaa_direct,0,0.18,1,4,6.20155e-09,3.63178e-08,4.99271e-11,6.17658e-09,-300,3.61851e-11,3.19833e-14
96000,A_direct,0,0.18,1,5,0,0,0,0,-300,0,0
96000,B_midpoint,0,0.18,1,5,0,0,0,0,-300,0,0
96000,C_os2_direct,0,0.18,1,5,0,0,0,0,-300,0,0
96000,D_os2_midpoint,0,0.18,1,5,0,0,0,0,-300,0,0
96000,E_os2_all,0,0.18,1,5,0,0,0,0,-300,0,0
96000,F_adaa_direct,0,0.18,1,5,0,0,0,0,-300,0,0
96000,G_os4_direct,0,0.18,1,5,0,0,0,0,-300,0,0
96000,H_os2adaa_direct,0,0.18,1,5,0,0,0,0,-300,0,0
96000,A_direct,0,1.2,0.6,0,0.527696,0.691364,0.00924478,0.527469,-24.7138,0,0.528536
96000,B_midpoint,0,1.2,0.6,0,0.488349,0.658607,0.00774084,0.487281,-28.1911,0.120166,0.476178
96000,C_os2_direct,0,1.2,0.6,0,0.245401,0.393644,0.0117082,0.245759,-28.9454,0.294529,0.247345
96000,D_os2_midpoint,0,1.2,0.6,0,0.245401,0.393644,0.0117082,0.245759,-28.9454,0.294529,0.247345
96000,E_os2_all,0,1.2,0.6,0,0.245401,0.393644,0.0117082,0.245759,-28.9454,0.294529,0.247345
96000,F_adaa_direct,0,1.2,0.6,0,0.51513,0.686283,0.00894828,0.514415,-26.1093,0.080755,0.507422
96000,G_os4_direct,0,1.2,0.6,0,0.429047,0.639801,0.00783235,0.430883,-30.3221,0.277446,0.451396
96000,H_os2adaa_direct,0,1.2,0.6,0,0.256928,0.406093,0.0113927,0.258359,-29.1917,0.298493,0.271889
96000,A_direct,0,1.2,0.6,1,0.297019,0.653045,0.00577508,0.296803,-16.011,0,0.29498
96000,B_midpoint,0,1.2,0.6,1,0.238453,0.56646,0.00523021,0.237792,-18.8719,0.0887317,0.230757
96000,C_os2_direct,0,1.2,0.6,1,0.221949,0.496751,0.00599838,0.222367,-15.3526,0.186115,0.226925
96000,D_os2_midpoint,0,1.2,0.6,1,0.221949,0.496751,0.00599838,0.222367,-15.3526,0.186115,0.226925
96000,E_os2_all,0,1.2,0.6,1,0.221949,0.496751,0.00599838,0.222367,-15.3526,0.186115,0.226925
96000,F_adaa_direct,0,1.2,0.6,1,0.267639,0.614372,0.00557717,0.267095,-17.5962,0.0619932,0.261527
96000,G_os4_direct,0,1.2,0.6,1,0.240696,0.549982,0.0060094,0.240971,-21.4253,0.153402,0.244307
96000,H_os2adaa_direct,0,1.2,0.6,1,0.230224,0.530051,0.00591098,0.230633,-15.5114,0.17788,0.235139
96000,A_direct,0,1.2,0.6,2,0.209164,0.667982,0.0210991,0.207365,-52.8855,0,0.107828
96000,B_midpoint,0,1.2,0.6,2,0.206399,0.652262,0.0211328,0.20453,-56.4255,0.0209544,0.104802
96000,C_os2_direct,0,1.2,0.6,2,0.199584,0.582449,0.0212202,0.197694,-57.5972,0.0576071,0.0990706
96000,D_os2_midpoint,0,1.2,0.6,2,0.199584,0.582449,0.0212202,0.197694,-57.5972,0.0576071,0.0990706
96000,E_os2_all,0,1.2,0.6,2,0.199584,0.582449,0.0212202,0.197694,-57.5972,0.0576071,0.0990706
96000,F_adaa_direct,0,1.2,0.6,2,0.207951,0.662996,0.0211172,0.206108,-54.2725,0.0129297,0.106362
96000,G_os4_direct,0,1.2,0.6,2,0.202256,0.623357,0.0211928,0.200481,-57.67,0.0483414,0.102943
96000,H_os2adaa_direct,0,1.2,0.6,2,0.199536,0.582257,0.0212231,0.197664,-58.0457,0.0576528,0.0992817
96000,A_direct,0,1.2,0.6,3,0.00325767,0.586401,6.79445e-05,0.0032565,-186.781,0,4.42449e-10
96000,B_midpoint,0,1.2,0.6,3,0.00315271,0.563121,9.1137e-05,0.00315199,-191.887,0.000340909,3.63573e-10
96000,C_os2_direct,0,1.2,0.6,3,0.00318254,0.557373,6.5178e-05,0.00318245,-165.578,0.000839191,5.75479e-10
96000,D_os2_midpoint,0,1.2,0.6,3,0.00318254,0.557373,6.5178e-05,0.00318245,-165.578,0.000839191,5.75479e-10
96000,E_os2_all,0,1.2,0.6,3,0.00318254,0.557373,6.5178e-05,0.00318245,-165.578,0.000839191,5.75479e-10
96000,F_adaa_direct,0,1.2,0.6,3,0.00320238,0.569299,0.000101713,0.00320143,-187.88,0.00034757,3.39695e-10
96000,G_os4_direct,0,1.2,0.6,3,0.00318804,0.557373,6.627e-05,0.00318791,-163.811,0.000883366,5.82303e-10
96000,H_os2adaa_direct,0,1.2,0.6,3,0.00316234,0.557373,7.27349e-05,0.00316235,-167.181,0.000771386,5.03206e-10
96000,A_direct,0,1.2,0.6,4,1.92923e-08,5.98726e-08,1.7743e-08,1.82649e-08,-187.952,0,2.53346e-08
96000,B_midpoint,0,1.2,0.6,4,1.92952e-08,5.98726e-08,1.77445e-08,1.82669e-08,-187.952,5.70406e-10,2.53377e-08
96000,C_os2_direct,0,1.2,0.6,4,1.92963e-08,5.98726e-08,1.77591e-08,1.82705e-08,-187.952,1.31737e-09,2.53351e-08
96000,D_os2_midpoint,0,1.2,0.6,4,1.92963e-08,5.98726e-08,1.77591e-08,1.82705e-08,-187.952,1.31737e-09,2.53351e-08
96000,E_os2_all,0,1.2,0.6,4,1.92963e-08,5.98726e-08,1.77591e-08,1.82705e-08,-187.952,1.31737e-09,2.53351e-08
96000,F_adaa_direct,0,1.2,0.6,4,1.92922e-08,5.98724e-08,1.77459e-08,1.82655e-08,-187.952,7.36423e-10,2.53325e-08
96000,G_os4_direct,0,1.2,0.6,4,1.92956e-08,5.98731e-08,1.77577e-08,1.82719e-08,-187.951,1.8034e-09,2.53283e-08
96000,H_os2adaa_direct,0,1.2,0.6,4,1.92956e-08,5.98727e-08,1.77531e-08,1.82711e-08,-187.951,1.43553e-09,2.53319e-08
96000,A_direct,0,1.2,0.6,5,0,0,0,0,-300,0,0
96000,B_midpoint,0,1.2,0.6,5,0,0,0,0,-300,0,0
96000,C_os2_direct,0,1.2,0.6,5,0,0,0,0,-300,0,0
96000,D_os2_midpoint,0,1.2,0.6,5,0,0,0,0,-300,0,0
96000,E_os2_all,0,1.2,0.6,5,0,0,0,0,-300,0,0
96000,F_adaa_direct,0,1.2,0.6,5,0,0,0,0,-300,0,0
96000,G_os4_direct,0,1.2,0.6,5,0,0,0,0,-300,0,0
96000,H_os2adaa_direct,0,1.2,0.6,5,0,0,0,0,-300,0,0
96000,A_direct,0,7,1,0,0.526442,0.691751,0.0116276,0.526425,-24.6036,0,0.526159
96000,B_midpoint,0,7,1,0,0.487396,0.669777,0.010065,0.487483,-28.299,0.129936,0.486627
96000,C_os2_direct,0,7,1,0,0.230113,0.384592,0.0145653,0.229981,-28.3301,0.321329,0.232913
96000,D_os2_midpoint,0,7,1,0,0.230113,0.384592,0.0145653,0.229981,-28.3301,0.321329,0.232913
96000,E_os2_all,0,7,1,0,0.230113,0.384592,0.0145653,0.229981,-28.3301,0.321329,0.232913
96000,F_adaa_direct,0,7,1,0,0.513316,0.691719,0.0114371,0.513354,-26.1736,0.0859166,0.512593
96000,G_os4_direct,0,7,1,0,0.409742,0.633396,0.0103602,0.409474,-29.9862,0.291811,0.409823
96000,H_os2adaa_direct,0,7,1,0,0.235883,0.374646,0.0144892,0.235604,-28.6197,0.323511,0.238818
96000,A_direct,0,7,1,1,0.297692,0.657161,0.00708735,0.297689,-16.0549,0,0.297381
96000,B_midpoint,0,7,1,1,0.238652,0.573126,0.00642958,0.238701,-19.1763,0.096238,0.238344
96000,C_os2_direct,0,7,1,1,0.218144,0.497785,0.00741492,0.21806,-15.3862,0.200353,0.218313
96000,D_os2_midpoint,0,7,1,1,0.218144,0.497785,0.00741492,0.21806,-15.3862,0.200353,0.218313
96000,E_os2_all,0,7,1,1,0.218144,0.497785,0.00741492,0.21806,-15.3862,0.200353,0.218313
96000,F_adaa_direct,0,7,1,1,0.26884,0.616455,0.00688272,0.268874,-17.7474,0.0671006,0.268494
96000,G_os4_direct,0,7,1,1,0.237597,0.553691,0.00743101,0.237528,-21.9422,0.165379,0.237561
96000,H_os2adaa_direct,0,7,1,1,0.226551,0.532708,0.00729539,0.226469,-15.5531,0.191498,0.226675
96000,A_direct,0,7,1,2,0.200449,0.681662,0.0248824,0.199731,-52.9585,0,0.117502
96000,B_midpoint,0,7,1,2,0.197233,0.669785,0.0249744,0.196484,-56.9085,0.0230505,0.114944
96000,C_os2_direct,0,7,1,2,0.189816,0.595742,0.0251213,0.189026,-56.6031,0.0634202,0.109133
96000,D_os2_midpoint,0,7,1,2,0.189816,0.595742,0.0251213,0.189026,-56.6031,0.0634202,0.109133
96000,E_os2_all,0,7,1,2,0.189816,0.595742,0.0251213,0.189026,-56.6031,0.0634202,0.109133
96000,F_adaa_direct,0,7,1,2,0.199023,0.676873,0.0249315,0.198287,-54.4969,0.0142209,0.116358
96000,G_os4_direct,0,7,1,2,0.193014,0.636604,0.0250618,0.192256,-56.1822,0.0533395,0.112021
96000,H_os2adaa_direct,0,7,1,2,0.189798,0.595632,0.0251291,0.189011,-57.0004,0.0634821,0.109155
96000,A_direct,0,7,1,3,0.00319176,0.574549,7.21229e-05,0.0031907,-187.152,0,2.92154e-10
96000,B_midpoint,0,7,1,3,0.0030795,0.549171,9.82731e-05,0.00307876,-192.278,0.00034793,2.2582e-10
96000,C_os2_direct,0,7,1,3,0.00311969,0.542781,6.183e-05,0.00311976,-164.695,0.000884671,4.36689e-10
96000,D_os2_midpoint,0,7,1,3,0.00311969,0.542781,6.183e-05,0.00311976,-164.695,0.000884671,4.36689e-10
96000,E_os2_all,0,7,1,3,0.00311969,0.542781,6.183e-05,0.00311976,-164.695,0.000884671,4.36689e-10
96000,F_adaa_direct,0,7,1,3,0.00313476,0.556104,0.000109557,0.00313382,-188.081,0.000360791,2.06021e-10
96000,G_os4_direct,0,7,1,3,0.0031267,0.542781,6.30562e-05,0.00312673,-162.917,0.000930282,4.43966e-10
96000,H_os2adaa_direct,0,7,1,3,0.00309228,0.542781,6.95721e-05,0.0030925,-166.333,0.000798166,3.66264e-10
96000,A_direct,0,7,1,4,2.4597e-08,5.6204e-08,2.67306e-08,2.14331e-08,-181.283,0,2.53934e-08
96000,B_midpoint,0,7,1,4,2.45968e-08,5.62047e-08,2.67164e-08,2.14329e-08,-181.279,1.23225e-09,2.53921e-08
96000,C_os2_direct,0,7,1,4,2.45919e-08,5.62202e-08,2.67291e-08,2.14271e-08,-181.287,2.20891e-09,2.53925e-08
96000,D_os2_midpoint,0,7,1,4,2.45919e-08,5.62202e-08,2.67291e-08,2.14271e-08,-181.287,2.20891e-09,2.53925e-08
96000,E_os2_all,0,7,1,4,2.45919e-08,5.62202e-08,2.67291e-08,2.14271e-08,-181.287,2.20891e-09,2.53925e-08
96000,F_adaa_direct,0,7,1,4,2.4597e-08,5.62043e-08,2.67199e-08,2.14326e-08,-181.287,7.36447e-10,2.53936e-08
96000,G_os4_direct,0,7,1,4,2.45943e-08,5.62191e-08,2.67224e-08,2.14291e-08,-181.289,2.57204e-09,2.53889e-08
96000,H_os2adaa_direct,0,7,1,4,2.45927e-08,5.62203e-08,2.6721e-08,2.14272e-08,-181.283,2.30507e-09,2.53917e-08
96000,A_direct,0,7,1,5,0,0,0,0,-300,0,0
96000,B_midpoint,0,7,1,5,0,0,0,0,-300,0,0
96000,C_os2_direct,0,7,1,5,0,0,0,0,-300,0,0
96000,D_os2_midpoint,0,7,1,5,0,0,0,0,-300,0,0
96000,E_os2_all,0,7,1,5,0,0,0,0,-300,0,0
96000,F_adaa_direct,0,7,1,5,0,0,0,0,-300,0,0
96000,G_os4_direct,0,7,1,5,0,0,0,0,-300,0,0
96000,H_os2adaa_direct,0,7,1,5,0,0,0,0,-300,0,0
96000,A_direct,0,1.2,0,0,0.529378,0.690951,0.000144412,0.52936,-24.5507,0,0.52937
96000,B_midpoint,0,1.2,0,0,0.477174,0.634573,0.000110446,0.477132,-29.0002,0.106242,0.477179
96000,C_os2_direct,0,1.2,0,0,0.287407,0.437223,0.000182274,0.287451,-29.0573,0.285122,0.287381
96000,D_os2_midpoint,0,1.2,0,0,0.287407,0.437223,0.000182274,0.287451,-29.0573,0.285122,0.287381
96000,E_os2_all,0,1.2,0,0,0.287407,0.437223,0.000182274,0.287451,-29.0573,0.285122,0.287381
96000,F_adaa_direct,0,1.2,0,0,0.508714,0.671483,0.000130344,0.508681,-26.4069,0.0740233,0.508716
96000,G_os4_direct,0,1.2,0,0,0.473425,0.654036,0.00012735,0.473469,-29.4625,0.272585,0.473359
96000,H_os2adaa_direct,0,1.2,0,0,0.313564,0.449552,0.000168807,0.313626,-29.1522,0.293958,0.313531
96000,A_direct,0,1.2,0,1,0.290767,0.643271,9.32897e-05,0.290756,-16.1034,0,0.290815
96000,B_midpoint,0,1.2,0,1,0.230838,0.538602,8.27037e-05,0.230816,-18.683,0.0759957,0.23086
96000,C_os2_direct,0,1.2,0,1,0.23346,0.506688,9.55477e-05,0.233473,-15.3587,0.163315,0.233367
96000,D_os2_midpoint,0,1.2,0,1,0.23346,0.506688,9.55477e-05,0.233473,-15.3587,0.163315,0.233367
96000,E_os2_all,0,1.2,0,1,0.23346,0.506688,9.55477e-05,0.233473,-15.3587,0.163315,0.233367
96000,F_adaa_direct,0,1.2,0,1,0.258234,0.590644,8.7969e-05,0.258214,-17.6808,0.0530697,0.258271
96000,G_os4_direct,0,1.2,0,1,0.247791,0.549411,9.52049e-05,0.247796,-21.0975,0.134506,0.247744
96000,H_os2adaa_direct,0,1.2,0,1,0.240911,0.528497,9.40225e-05,0.240923,-15.6351,0.15608,0.240821
96000,A_direct,0,1.2,0,2,0.137201,0.603533,0.000597955,0.137163,-56.2444,0,0.0820259
96000,B_midpoint,0,1.2,0,2,0.132133,0.58085,0.000600758,0.132096,-60.6494,0.0178652,0.0785741
96000,C_os2_direct,0,1.2,0,2,0.124068,0.511691,0.000604443,0.124043,-58.6636,0.0492984,0.073011
96000,D_os2_midpoint,0,1.2,0,2,0.124068,0.511691,0.000604443,0.124043,-58.6636,0.0492984,0.073011
96000,E_os2_all,0,1.2,0,2,0.124068,0.511691,0.000604443,0.124043,-58.6636,0.0492984,0.073011
96000,F_adaa_direct,0,1.2,0,2,0.134675,0.592355,0.000599573,0.134637,-58.0545,0.0110229,0.0802997
96000,G_os4_direct,0,1.2,0,2,0.132688,0.593851,0.000600315,0.132673,-57.8763,0.0417906,0.0790444
96000,H_os2adaa_direct,0,1.2,0,2,0.124828,0.527835,0.000604214,0.124805,-59.0394,0.0493799,0.0735494
96000,A_direct,0,1.2,0,3,0.00336237,0.605988,1.40592e-06,0.00336238,-186.396,0,9.58016e-10
96000,B_midpoint,0,1.2,0,3,0.00326271,0.583876,1.87416e-06,0.00326271,-190.494,0.000302918,8.21016e-10
96000,C_os2_direct,0,1.2,0,3,0.00327374,0.57852,1.21069e-06,0.00327373,-167.043,0.000734779,1.10203e-09
96000,D_os2_midpoint,0,1.2,0,3,0.00327374,0.57852,1.21069e-06,0.00327373,-167.043,0.000734779,1.10203e-09
96000,E_os2_all,0,1.2,0,3,0.00327374,0.57852,1.21069e-06,0.00327373,-167.043,0.000734779,1.10203e-09
96000,F_adaa_direct,0,1.2,0,3,0.00330557,0.589525,2.05341e-06,0.00330557,-186.758,0.00030834,7.77726e-10
96000,G_os4_direct,0,1.2,0,3,0.00327774,0.57852,1.21634e-06,0.00327773,-165.292,0.000771794,1.10909e-09
96000,H_os2adaa_direct,0,1.2,0,3,0.00326074,0.57852,1.44268e-06,0.00326073,-168.592,0.000685294,1.00238e-09
96000,A_direct,0,1.2,0,4,8.43374e-10,4.93901e-09,1.70432e-11,8.34852e-10,-300,0,4.34953e-15
96000,B_midpoint,0,1.2,0,4,8.50916e-10,4.98318e-09,1.70572e-11,8.42388e-10,-300,7.54242e-12,4.38844e-15
96000,C_os2_direct,0,1.2,0,4,8.5861e-10,5.02824e-09,1.70615e-11,8.50079e-10,-300,1.52362e-11,4.42811e-15
96000,D_os2_midpoint,0,1.2,0,4,8.5861e-10,5.02824e-09,1.70615e-11,8.50079e-10,-300,1.52362e-11,4.42811e-15
96000,E_os2_all,0,1.2,0,4,8.5861e-10,5.02824e-09,1.70615e-11,8.50079e-10,-300,1.52362e-11,4.42811e-15
96000,F_adaa_direct,0,1.2,0,4,8.47349e-10,4.96229e-09,1.70394e-11,8.38829e-10,-300,3.97462e-12,4.37004e-15
96000,G_os4_direct,0,1.2,0,4,8.6594e-10,5.07116e-09,1.70872e-11,8.57396e-10,-300,2.2566e-11,4.4659e-15
96000,H_os2adaa_direct,0,1.2,0,4,8.59804e-10,5.03523e-09,1.70662e-11,8.51271e-10,-300,1.64299e-11,4.43427e-15
96000,A_direct,0,1.2,0,5,0,0,0,0,-300,0,0
96000,B_midpoint,0,1.2,0,5,0,0,0,0,-300,0,0
96000,C_os2_direct,0,1.2,0,5,0,0,0,0,-300,0,0
96000,D_os2_midpoint,0,1.2,0,5,0,0,0,0,-300,0,0
96000,E_os2_all,0,1.2,0,5,0,0,0,0,-300,0,0
96000,F_adaa_direct,0,1.2,0,5,0,0,0,0,-300,0,0
96000,G_os4_direct,0,1.2,0,5,0,0,0,0,-300,0,0
96000,H_os2adaa_direct,0,1.2,0,5,0,0,0,0,-300,0,0
96000,A_direct,0.25,0.18,1,0,0.519784,0.675575,0.00226179,0.520086,-24.1606,0,0.520014
96000,B_midpoint,0.25,0.18,1,0,0.429452,0.583677,0.00152331,0.430062,-31.2997,0.134023,0.429755
96000,C_os2_direct,0.25,0.18,1,0,0.275148,0.386222,0.00176598,0.274427,-29.115,0.37474,0.274913
96000,D_os2_midpoint,0.25,0.18,1,0,0.265175,0.385041,0.00161403,0.264575,-28.5238,0.364303,0.264887
96000,E_os2_all,0.25,0.18,1,0,0.245639,0.379598,0.00150239,0.245295,-27.4434,0.343582,0.245404
96000,F_adaa_direct,0.25,0.18,1,0,0.475784,0.635482,0.00197511,0.476318,-27.5888,0.0940659,0.476115
96000,G_os4_direct,0.25,0.18,1,0,0.467629,0.646074,0.00115497,0.467304,-28.26,0.332223,0.467197
96000,H_os2adaa_direct,0.25,0.18,1,0,0.314992,0.445127,0.00155668,0.314279,-29.3061,0.378254,0.314743
96000,A_direct,0.25,0.18,1,1,0.301042,0.64405,0.00299157,0.301308,-16.6501,0,0.301434
96000,B_midpoint,0.25,0.18,1,1,0.204819,0.4975,0.00198193,0.205147,-20.0437,0.11409,0.20496
96000,C_os2_direct,0.25,0.18,1,1,0.226852,0.501016,0.00144234,0.226728,-15.8836,0.233727,0.226564
96000,D_os2_midpoint,0.25,0.18,1,1,0.22663,0.502542,0.00133915,0.226494,-15.5483,0.233408,0.226299
96000,E_os2_all,0.25,0.18,1,1,0.241352,0.536855,0.00147356,0.241282,-14.0666,0.235103,0.241433
96000,F_adaa_direct,0.25,0.18,1,1,0.244986,0.570747,0.00266298,0.245393,-19.3262,0.0847292,0.245277
96000,G_os4_direct,0.25,0.18,1,1,0.240885,0.544072,0.0012365,0.240898,-21.8071,0.186307,0.240786
96000,H_os2adaa_direct,0.25,0.18,1,1,0.23555,0.521983,0.00136889,0.235441,-16.0385,0.224976,0.235272
96000,A_direct,0.25,0.18,1,2,0.128877,0.548896,0.0165569,0.126089,-46.4109,0,0.0746676
96000,B_midpoint,0.25,0.18,1,2,0.11222,0.493098,0.0168714,0.108387,-58.4336,0.0411394,0.0627079
96000,C_os2_direct,0.25,0.18,1,2,0.111179,0.482715,0.0170654,0.106695,-57.955,0.0805994,0.0609582
96000,D_os2_midpoint,0.25,0.18,1,2,0.111197,0.479068,0.0172228,0.106603,-57.8812,0.0784936,0.0608521
96000,E_os2_all,0.25,0.18,1,2,0.111893,0.469616,0.0176466,0.107045,-57.1404,0.0745222,0.0609614
96000,F_adaa_direct,0.25,0.18,1,2,0.118953,0.517994,0.0166642,0.115669,-50.8667,0.0276999,0.0677789
96000,G_os4_direct,0.25,0.18,1,2,0.123214,0.555217,0.0172457,0.118938,-57.0041,0.0703656,0.0694687
96000,H_os2adaa_direct,0.25,0.18,1,2,0.112978,0.498558,0.017095,0.10852,-58.4465,0.0799885,0.0622305
96000,A_direct,0.25,0.18,1,3,0.00319514,0.571675,1.82015e-05,0.00319498,-179.738,0,3.17948e-08
96000,B_midpoint,0.25,0.18,1,3,0.0030937,0.54698,2.63783e-05,0.00309353,-184.689,0.000397939,2.78964e-08
96000,C_os2_direct,0.25,0.18,1,3,0.00313539,0.540616,1.62818e-05,0.0031355,-161.445,0.000983336,4.51462e-08
96000,D_os2_midpoint,0.25,0.18,1,3,0.00311349,0.540616,1.28733e-05,0.00311363,-164.179,0.000923244,4.25878e-08
96000,E_os2_all,0.25,0.18,1,3,0.00313029,0.540616,1.55711e-05,0.00313036,-158.149,0.000971583,4.53936e-08
96000,F_adaa_direct,0.25,0.18,1,3,0.00315843,0.554,2.75221e-05,0.00315824,-180.871,0.000372675,2.73349e-08
96000,G_os4_direct,0.25,0.18,1,3,0.00314173,0.540616,1.68277e-05,0.00314178,-158.33,0.00103304,4.58505e-08
96000,H_os2adaa_direct,0.25,0.18,1,3,0.00308457,0.540616,1.36469e-05,0.00308477,-165.006,0.000840955,3.91502e-08
96000,A_direct,0.25,0.18,1,4,3.63909e-07,1.81572e-06,2.46044e-08,3.58475e-07,-178.064,0,2.21449e-08
96000,B_midpoint,0.25,0.18,1,4,3.64926e-07,1.8233e-06,2.46351e-08,3.5953e-07,-178.049,9.40666e-09,2.27169e-08
96000,C_os2_direct,0.25,0.18,1,4,3.65979e-07,1.83057e-06,2.45917e-08,3.60569e-07,-178.201,1.33957e-08,2.20436e-08
96000,D_os2_midpoint,0.25,0.18,1,4,3.66323e-07,1.8304e-06,2.45353e-08,3.6091e-07,-178.173,1.35619e-08,2.33525e-08
96000,E_os2_all,0.25,0.18,1,4,3.6703e-07,1.82789e-06,2.46191e-08,3.61646e-07,-178.614,1.48643e-08,2.27732e-08
96000,F_adaa_direct,0.25,0.18,1,4,3.64315e-07,1.81865e-06,2.46159e-08,3.58881e-07,-177.99,5.89095e-09,2.23983e-08
96000,G_os4_direct,0.25,0.18,1,4,3.66915e-07,1.83044e-06,2.4653e-08,3.61573e-07,-178.314,1.45658e-08,2.21358e-08
96000,H_os2adaa_direct,0.25,0.18,1,4,3.66151e-07,1.83089e-06,2.45822e-08,3.60747e-07,-178.281,1.36636e-08,2.22573e-08
96000,A_direct,0.25,0.18,1,5,0,0,0,0,-300,0,0
96000,B_midpoint,0.25,0.18,1,5,0,0,0,0,-300,0,0
96000,C_os2_direct,0.25,0.18,1,5,0,0,0,0,-300,0,0
96000,D_os2_midpoint,0.25,0.18,1,5,0,0,0,0,-300,0,0
96000,E_os2_all,0.25,0.18,1,5,0,0,0,0,-300,0,0
96000,F_adaa_direct,0.25,0.18,1,5,0,0,0,0,-300,0,0
96000,G_os4_direct,0.25,0.18,1,5,0,0,0,0,-300,0,0
96000,H_os2adaa_direct,0.25,0.18,1,5,0,0,0,0,-300,0,0
96000,A_direct,0.25,1.2,0.6,0,0.531936,0.690158,0.0133857,0.531398,-24.2156,0,0.530864
96000,B_midpoint,0.25,1.2,0.6,0,0.472321,0.645254,0.00896261,0.470719,-29.5756,0.137566,0.454409
96000,C_os2_direct,0.25,1.2,0.6,0,0.256025,0.401676,0.0113901,0.257809,-30.8139,0.317825,0.274297
96000,D_os2_midpoint,0.25,1.2,0.6,0,0.256362,0.403258,0.00954482,0.257683,-29.9487,0.309178,0.269699
96000,E_os2_all,0.25,1.2,0.6,0,0.259655,0.405166,0.00768475,0.260024,-28.2298,0.288836,0.261967
96000,F_adaa_direct,0.25,1.2,0.6,0,0.509324,0.682745,0.0120123,0.508061,-26.6178,0.0907059,0.49589
96000,G_os4_direct,0.25,1.2,0.6,0,0.446409,0.642377,0.00594656,0.447577,-29.2209,0.279155,0.460436
96000,H_os2adaa_direct,0.25,1.2,0.6,0,0.286894,0.439268,0.00994503,0.289049,-30.6207,0.318787,0.30983
96000,A_direct,0.25,1.2,0.6,1,0.317206,0.661458,0.0124739,0.316504,-16.204,0,0.309941
96000,B_midpoint,0.25,1.2,0.6,1,0.230099,0.555424,0.010028,0.229096,-19.3221,0.122011,0.218771
96000,C_os2_direct,0.25,1.2,0.6,1,0.219207,0.508375,0.00818463,0.21963,-15.9554,0.222974,0.224849
96000,D_os2_midpoint,0.25,1.2,0.6,1,0.2185,0.496267,0.00780518,0.218924,-15.7403,0.220796,0.224215
96000,E_os2_all,0.25,1.2,0.6,1,0.241808,0.531368,0.00804495,0.241988,-13.8371,0.22289,0.243352
96000,F_adaa_direct,0.25,1.2,0.6,1,0.273253,0.619079,0.0119544,0.272037,-18.5846,0.0889716,0.259488
96000,G_os4_direct,0.25,1.2,0.6,1,0.24321,0.572636,0.00775425,0.243187,-19.924,0.164381,0.243597
96000,H_os2adaa_direct,0.25,1.2,0.6,1,0.228698,0.536341,0.00782215,0.229076,-15.9961,0.212564,0.233818
96000,A_direct,0.25,1.2,0.6,2,0.240514,0.664673,0.0318269,0.236567,-41.7177,0,0.114535
96000,B_midpoint,0.25,1.2,0.6,2,0.232084,0.63797,0.0314421,0.228057,-54.7246,0.062842,0.102198
96000,C_os2_direct,0.25,1.2,0.6,2,0.228452,0.612336,0.0314873,0.224388,-59.2219,0.0885323,0.0969562
96000,D_os2_midpoint,0.25,1.2,0.6,2,0.228673,0.613281,0.0314115,0.22459,-59.5572,0.0862035,0.0966594
96000,E_os2_all,0.25,1.2,0.6,2,0.229053,0.614522,0.0311687,0.224932,-58.6471,0.0821578,0.0961747
96000,F_adaa_direct,0.25,1.2,0.6,2,0.236516,0.657086,0.0314901,0.232367,-45.6487,0.0430607,0.108102
96000,G_os4_direct,0.25,1.2,0.6,2,0.230911,0.617074,0.03133,0.226856,-59.175,0.0683589,0.0998149
96000,H_os2adaa_direct,0.25,1.2,0.6,2,0.228801,0.612483,0.0314724,0.224738,-60.0181,0.0857032,0.0973003
96000,A_direct,0.25,1.2,0.6,3,0.0032534,0.582526,9.21603e-05,0.0032514,-181.132,0,2.00846e-09
96000,B_midpoint,0.25,1.2,0.6,3,0.0031573,0.560715,0.000130721,0.00315516,-186.527,0.000498331,1.77968e-09
96000,C_os2_direct,0.25,1.2,0.6,3,0.00320576,0.555213,0.000125992,0.00320497,-160.821,0.0010621,2.71436e-09
96000,D_os2_midpoint,0.25,1.2,0.6,3,0.00318249,0.555213,0.000109578,0.00318237,-165.016,0.000991333,2.50709e-09
96000,E_os2_all,0.25,1.2,0.6,3,0.00319746,0.555213,0.000112026,0.00319687,-156.681,0.00103696,2.77802e-09
96000,F_adaa_direct,0.25,1.2,0.6,3,0.00321582,0.566741,0.000138677,0.00321318,-182.523,0.000408999,1.75518e-09
96000,G_os4_direct,0.25,1.2,0.6,3,0.00320748,0.555213,0.000122345,0.00320674,-157.548,0.00109027,3.52067e-09
96000,H_os2adaa_direct,0.25,1.2,0.6,3,0.00316959,0.555213,0.000122996,0.00316943,-165.161,0.000974441,2.37294e-09
96000,A_direct,0.25,1.2,0.6,4,1.17305e-07,6.6141e-07,4.37703e-08,1.00652e-07,-170.654,0,3.40147e-08
96000,B_midpoint,0.25,1.2,0.6,4,1.17605e-07,6.63211e-07,4.36531e-08,1.01018e-07,-171.07,9.53631e-09,3.38637e-08
96000,C_os2_direct,0.25,1.2,0.6,4,1.18199e-07,6.67095e-07,4.3868e-08,1.01499e-07,-170.398,1.10444e-08,3.37419e-08
96000,D_os2_midpoint,0.25,1.2,0.6,4,1.18344e-07,6.67906e-07,4.3985e-08,1.01594e-07,-171.651,1.03415e-08,3.37298e-08
96000,E_os2_all,0.25,1.2,0.6,4,1.18668e-07,6.69726e-07,4.44503e-08,1.01814e-07,-169.681,1.09534e-08,3.39933e-08
96000,F_adaa_direct,0.25,1.2,0.6,4,1.17462e-07,6.62291e-07,4.36993e-08,1.0085e-07,-170.881,7.5233e-09,3.3899e-08
96000,G_os4_direct,0.25,1.2,0.6,4,1.1863e-07,6.69484e-07,4.44932e-08,1.01737e-07,-169.973,1.16104e-08,3.38351e-08
96000,H_os2adaa_direct,0.25,1.2,0.6,4,1.18291e-07,6.67512e-07,4.39006e-08,1.01564e-07,-171.415,1.04445e-08,3.37394e-08
96000,A_direct,0.25,1.2,0.6,5,0,0,0,0,-300,0,0
96000,B_midpoint,0.25,1.2,0.6,5,0,0,0,0,-300,0,0
96000,C_os2_direct,0.25,1.2,0.6,5,0,0,0,0,-300,0,0
96000,D_os2_midpoint,0.25,1.2,0.6,5,0,0,0,0,-300,0,0
96000,E_os2_all,0.25,1.2,0.6,5,0,0,0,0,-300,0,0
96000,F_adaa_direct,0.25,1.2,0.6,5,0,0,0,0,-300,0,0
96000,G_os4_direct,0.25,1.2,0.6,5,0,0,0,0,-300,0,0
96000,H_os2adaa_direct,0.25,1.2,0.6,5,0,0,0,0,-300,0,0
96000,A_direct,0.25,7,1,0,0.529755,0.690319,0.0168907,0.529735,-24.1815,0,0.528898
96000,B_midpoint,0.25,7,1,0,0.47315,0.665999,0.0122044,0.473301,-29.6144,0.15082,0.472126
96000,C_os2_direct,0.25,7,1,0,0.233216,0.369135,0.015814,0.232789,-30.2693,0.341673,0.236339
96000,D_os2_midpoint,0.25,7,1,0,0.232548,0.37066,0.0131054,0.23225,-29.4148,0.33358,0.234876
96000,E_os2_all,0.25,7,1,0,0.237783,0.384852,0.00981096,0.237697,-27.6629,0.314131,0.239184
96000,F_adaa_direct,0.25,7,1,0,0.5082,0.691332,0.0157056,0.50828,-26.7249,0.0965153,0.506918
96000,G_os4_direct,0.25,7,1,0,0.431505,0.637183,0.0080083,0.431358,-28.9465,0.289333,0.431336
96000,H_os2adaa_direct,0.25,7,1,0,0.260189,0.427668,0.0142294,0.259758,-30.2884,0.339859,0.262311
96000,A_direct,0.25,7,1,1,0.318788,0.662102,0.014695,0.318765,-16.2297,0,0.31785
96000,B_midpoint,0.25,7,1,1,0.232754,0.568277,0.0110743,0.232809,-19.6916,0.133327,0.23255
96000,C_os2_direct,0.25,7,1,1,0.213154,0.508924,0.00939354,0.213033,-16.0476,0.236119,0.213087
96000,D_os2_midpoint,0.25,7,1,1,0.212108,0.493977,0.00902126,0.211995,-15.8102,0.232845,0.212035
96000,E_os2_all,0.25,7,1,1,0.237299,0.521671,0.010389,0.237209,-13.8816,0.233989,0.237162
96000,F_adaa_direct,0.25,7,1,1,0.276861,0.633245,0.0140015,0.276915,-18.7944,0.0959328,0.275972
96000,G_os4_direct,0.25,7,1,1,0.239177,0.570741,0.00920358,0.239124,-20.2716,0.169583,0.238867
96000,H_os2adaa_direct,0.25,7,1,1,0.222809,0.537349,0.00897399,0.222704,-16.0868,0.224254,0.222646
96000,A_direct,0.25,7,1,2,0.216418,0.674318,0.0353433,0.215199,-43.0777,0,0.127832
96000,B_midpoint,0.25,7,1,2,0.204259,0.648236,0.0352379,0.202902,-54.9847,0.063976,0.116182
96000,C_os2_direct,0.25,7,1,2,0.198143,0.60983,0.0356093,0.196701,-58.3141,0.0931372,0.109942
96000,D_os2_midpoint,0.25,7,1,2,0.198113,0.610732,0.0356267,0.196658,-58.805,0.0904221,0.10975
96000,E_os2_all,0.25,7,1,2,0.198262,0.612255,0.0355185,0.196793,-58.2775,0.0856239,0.109662
96000,F_adaa_direct,0.25,7,1,2,0.211466,0.665117,0.0351755,0.210193,-46.6444,0.0428673,0.123779
96000,G_os4_direct,0.25,7,1,2,0.201274,0.624627,0.0355998,0.199849,-58.1748,0.072906,0.112739
96000,H_os2adaa_direct,0.25,7,1,2,0.198506,0.610057,0.0356317,0.197065,-58.9715,0.0903563,0.11022
96000,A_direct,0.25,7,1,3,0.00318946,0.570401,0.00010078,0.00318749,-181.819,0,2.36252e-09
96000,B_midpoint,0.25,7,1,3,0.00308837,0.546689,0.000145981,0.00308601,-187.821,0.000485505,2.11318e-09
96000,C_os2_direct,0.25,7,1,3,0.00315241,0.540616,0.000137515,0.00315165,-159.976,0.00108134,3.12515e-09
96000,D_os2_midpoint,0.25,7,1,3,0.00312168,0.540616,0.000112952,0.00312173,-164.232,0.000997565,3.05596e-09
96000,E_os2_all,0.25,7,1,3,0.0031419,0.540616,0.000120157,0.00314124,-155.904,0.00105668,4.35204e-09
96000,F_adaa_direct,0.25,7,1,3,0.00315352,0.553404,0.000153306,0.00315074,-183.051,0.000408754,2.08364e-09
96000,G_os4_direct,0.25,7,1,3,0.00315485,0.540616,0.00013403,0.00315397,-156.788,0.00113706,3.55515e-09
96000,H_os2adaa_direct,0.25,7,1,3,0.00310129,0.540616,0.000123711,0.00310165,-164.438,0.000968299,3.00802e-09
96000,A_direct,0.25,7,1,4,7.67508e-08,1.88933e-07,2.9721e-08,7.63597e-08,-168.481,0,8.40783e-08
96000,B_midpoint,0.25,7,1,4,7.68531e-08,1.89236e-07,2.96472e-08,7.63721e-08,-169.238,1.33329e-08,8.42439e-08
96000,C_os2_direct,0.25,7,1,4,7.67379e-08,2.21703e-07,2.9702e-08,7.61725e-08,-167.858,1.49976e-08,8.37372e-08
96000,D_os2_midpoint,0.25,7,1,4,7.69538e-08,2.21793e-07,2.96821e-08,7.63452e-08,-167.906,1.45244e-08,8.43196e-08
96000,E_os2_all,0.25,7,1,4,7.6647e-08,2.21925e-07,2.99205e-08,7.60799e-08,-168.086,1.69251e-08,8.35687e-08
96000,F_adaa_direct,0.25,7,1,4,7.67651e-08,1.89144e-07,2.96563e-08,7.63655e-08,-168.524,1.02348e-08,8.41399e-08
96000,G_os4_direct,0.25,7,1,4,7.67783e-08,2.21943e-07,2.95206e-08,7.62376e-08,-167.69,1.66251e-08,8.36617e-08
96000,H_os2adaa_direct,0.25,7,1,4,7.68881e-08,2.21902e-07,2.97726e-08,7.63458e-08,-168.593,1.48009e-08,8.42776e-08
96000,A_direct,0.25,7,1,5,0,0,0,0,-300,0,0
96000,B_midpoint,0.25,7,1,5,0,0,0,0,-300,0,0
96000,C_os2_direct,0.25,7,1,5,0,0,0,0,-300,0,0
96000,D_os2_midpoint,0.25,7,1,5,0,0,0,0,-300,0,0
96000,E_os2_all,0.25,7,1,5,0,0,0,0,-300,0,0
96000,F_adaa_direct,0.25,7,1,5,0,0,0,0,-300,0,0
96000,G_os4_direct,0.25,7,1,5,0,0,0,0,-300,0,0
96000,H_os2adaa_direct,0.25,7,1,5,0,0,0,0,-300,0,0
96000,A_direct,0.25,1.2,0,0,0.532086,0.688025,0.00020007,0.532052,-24.1527,0,0.532082
96000,B_midpoint,0.25,1.2,0,0,0.454015,0.61296,0.000123479,0.453958,-31.0025,0.115446,0.454022
96000,C_os2_direct,0.25,1.2,0,0,0.31516,0.446377,0.000147805,0.315226,-30.3368,0.317965,0.315123
96000,D_os2_midpoint,0.25,1.2,0,0,0.309317,0.447286,0.000126236,0.30937,-29.8783,0.306819,0.309284
96000,E_os2_all,0.25,1.2,0,0,0.298319,0.446776,0.000132422,0.298355,-28.854,0.285054,0.298294
96000,F_adaa_direct,0.25,1.2,0,0,0.494,0.655094,0.000164,0.493946,-27.6439,0.0820402,0.494005
96000,G_os4_direct,0.25,1.2,0,0,0.477606,0.654839,9.8758e-05,0.477628,-28.5231,0.28777,0.477543
96000,H_os2adaa_direct,0.25,1.2,0,0,0.347232,0.469572,0.000124677,0.347293,-30.0393,0.321882,0.347189
96000,A_direct,0.25,1.2,0,1,0.303977,0.650387,0.000235213,0.30394,-16.423,0,0.304044
96000,B_midpoint,0.25,1.2,0,1,0.218666,0.52786,0.000155893,0.218639,-18.9744,0.0995936,0.218672
96000,C_os2_direct,0.25,1.2,0,1,0.232265,0.509135,0.000107653,0.232275,-15.8031,0.19951,0.232183
96000,D_os2_midpoint,0.25,1.2,0,1,0.232016,0.510792,9.75197e-05,0.232027,-15.5287,0.199157,0.231936
96000,E_os2_all,0.25,1.2,0,1,0.247167,0.548083,0.000115228,0.247167,-14.0409,0.202768,0.247048
96000,F_adaa_direct,0.25,1.2,0,1,0.25295,0.589516,0.000214763,0.252906,-18.5752,0.0739609,0.252972
96000,G_os4_direct,0.25,1.2,0,1,0.246523,0.551288,9.22192e-05,0.24652,-20.2619,0.15781,0.246473
96000,H_os2adaa_direct,0.25,1.2,0,1,0.240332,0.527338,0.000101293,0.240341,-15.9144,0.192136,0.240249
96000,A_direct,0.25,1.2,0,2,0.129753,0.564834,0.000404739,0.129699,-48.6269,0,0.075085
96000,B_midpoint,0.25,1.2,0,2,0.111931,0.490409,0.000398604,0.111885,-60.1545,0.0356637,0.0644794
96000,C_os2_direct,0.25,1.2,0,2,0.105334,0.453075,0.000400914,0.105305,-60.0853,0.0674206,0.0600016
96000,D_os2_midpoint,0.25,1.2,0,2,0.104912,0.445876,0.000402081,0.104882,-60.2589,0.065428,0.0598011
96000,E_os2_all,0.25,1.2,0,2,0.104294,0.433567,0.000405822,0.104263,-59.9337,0.0615795,0.0594503
96000,F_adaa_direct,0.25,1.2,0,2,0.119593,0.532489,0.000401739,0.119541,-52.8701,0.0242596,0.0691006
96000,G_os4_direct,0.25,1.2,0,2,0.113912,0.51036,0.000400512,0.113893,-59.5815,0.0571418,0.0659571
96000,H_os2adaa_direct,0.25,1.2,0,2,0.106546,0.465253,0.000400825,0.106519,-60.5154,0.0666314,0.0608602
96000,A_direct,0.25,1.2,0,3,0.00336064,0.602431,2.12164e-06,0.00336066,-182.235,0,1.29195e-08
96000,B_midpoint,0.25,1.2,0,3,0.00327061,0.581569,3.04757e-06,0.00327063,-186.848,0.000396346,1.24066e-08
96000,C_os2_direct,0.25,1.2,0,3,0.00328022,0.576378,1.96591e-06,0.00328019,-163.262,0.000850722,1.44414e-08
96000,D_os2_midpoint,0.25,1.2,0,3,0.00326735,0.576378,1.78105e-06,0.00326733,-166.394,0.000810371,1.41908e-08
96000,E_os2_all,0.25,1.2,0,3,0.00327715,0.576378,1.88399e-06,0.00327714,-159.687,0.000845981,1.45384e-08
96000,F_adaa_direct,0.25,1.2,0,3,0.00332184,0.587149,3.14858e-06,0.00332187,-182.875,0.000342408,1.19863e-08
96000,G_os4_direct,0.25,1.2,0,3,0.0032833,0.576378,1.97064e-06,0.00328328,-160.078,0.000908501,1.45896e-08
96000,H_os2adaa_direct,0.25,1.2,0,3,0.00325794,0.576378,2.1647e-06,0.00325792,-166.967,0.000797492,1.37793e-08
96000,A_direct,0.25,1.2,0,4,6.28045e-08,3.44494e-07,1.51634e-09,6.24607e-08,-203.869,0,3.32072e-13
96000,B_midpoint,0.25,1.2,0,4,6.30069e-08,3.44204e-07,1.52414e-09,6.26568e-08,-208.666,1.72091e-09,3.33629e-13
96000,C_os2_direct,0.25,1.2,0,4,6.43242e-08,3.4334e-07,1.26018e-08,6.35201e-08,-197.503,1.04417e-08,2.04991e-12
96000,D_os2_midpoint,0.25,1.2,0,4,6.43483e-08,3.42836e-07,1.25776e-08,6.3563e-08,-197.481,1.04699e-08,2.05388e-12
96000,E_os2_all,0.25,1.2,0,4,6.4492e-08,3.42108e-07,1.25893e-08,6.37309e-08,-197.113,1.05494e-08,2.08442e-12
96000,F_adaa_direct,0.25,1.2,0,4,6.28757e-08,3.44531e-07,1.23965e-09,6.25365e-08,-208.218,9.34087e-10,3.32694e-13
96000,G_os4_direct,0.25,1.2,0,4,6.42342e-08,3.42981e-07,1.03444e-08,6.32091e-08,-193.488,1.04828e-08,7.22614e-12
96000,H_os2adaa_direct,0.25,1.2,0,4,6.43598e-08,3.43026e-07,1.25906e-08,6.35637e-08,-197.563,1.0465e-08,2.04753e-12
96000,A_direct,0.25,1.2,0,5,0,0,0,0,-300,0,0
96000,B_midpoint,0.25,1.2,0,5,0,0,0,0,-300,0,0
96000,C_os2_direct,0.25,1.2,0,5,0,0,0,0,-300,0,0
96000,D_os2_midpoint,0.25,1.2,0,5,0,0,0,0,-300,0,0
96000,E_os2_all,0.25,1.2,0,5,0,0,0,0,-300,0,0
96000,F_adaa_direct,0.25,1.2,0,5,0,0,0,0,-300,0,0
96000,G_os4_direct,0.25,1.2,0,5,0,0,0,0,-300,0,0
96000,H_os2adaa_direct,0.25,1.2,0,5,0,0,0,0,-300,0,0
96000,A_direct,0.45,0.18,1,0,0.510027,0.663597,0.00269906,0.510491,-24.557,0,0.510214
96000,B_midpoint,0.45,0.18,1,0,0.40225,0.557822,0.00165923,0.402992,-33.3567,0.137002,0.402301
96000,C_os2_direct,0.45,0.18,1,0,0.309545,0.422305,0.00144787,0.308871,-29.7788,0.392516,0.30974
96000,D_os2_midpoint,0.45,0.18,1,0,0.287763,0.396804,0.00121593,0.287236,-29.5097,0.372699,0.287829
96000,E_os2_all,0.45,0.18,1,0,0.25678,0.389894,0.00107128,0.256575,-26.9159,0.33533,0.256987
96000,F_adaa_direct,0.45,0.18,1,0,0.455516,0.614202,0.00227589,0.456259,-29.2547,0.0956515,0.455745
96000,G_os4_direct,0.45,0.18,1,0,0.466131,0.642867,0.000886227,0.465911,-27.7686,0.344004,0.465743
96000,H_os2adaa_direct,0.45,0.18,1,0,0.346645,0.491488,0.00124152,0.346064,-30.3694,0.390892,0.346807
96000,A_direct,0.45,0.18,1,1,0.297621,0.626652,0.00721337,0.298165,-17.5414,0,0.298015
96000,B_midpoint,0.45,0.18,1,1,0.193733,0.469177,0.00512105,0.19416,-20.2235,0.138901,0.193976
96000,C_os2_direct,0.45,0.18,1,1,0.223966,0.508384,0.0033359,0.223915,-16.3112,0.257724,0.223722
96000,D_os2_midpoint,0.45,0.18,1,1,0.222151,0.50721,0.0032449,0.222052,-15.8447,0.257487,0.221807
96000,E_os2_all,0.45,0.18,1,1,0.263302,0.564165,0.00241934,0.263375,-12.7525,0.252241,0.263932
96000,F_adaa_direct,0.45,0.18,1,1,0.233166,0.552249,0.00702151,0.233653,-20.1816,0.10613,0.233335
96000,G_os4_direct,0.45,0.18,1,1,0.238837,0.549911,0.00422555,0.238856,-19.902,0.214462,0.238767
96000,H_os2adaa_direct,0.45,0.18,1,1,0.232034,0.526239,0.00315359,0.231973,-16.3273,0.253047,0.231755
96000,A_direct,0.45,0.18,1,2,0.117806,0.500937,0.0129277,0.116194,-42.0615,0,0.0692841
96000,B_midpoint,0.45,0.18,1,2,0.119356,0.504811,0.0449432,0.11135,-60.2938,0.0879821,0.0552399
96000,C_os2_direct,0.45,0.18,1,2,0.126656,0.537465,0.0598173,0.116224,-60.8781,0.118437,0.0624381
96000,D_os2_midpoint,0.45,0.18,1,2,0.122747,0.529635,0.0577351,0.113207,-60.517,0.113637,0.0616656
96000,E_os2_all,0.45,0.18,1,2,0.126755,0.535543,0.0663584,0.114217,-56.1711,0.111871,0.0594736
96000,F_adaa_direct,0.45,0.18,1,2,0.10879,0.441583,0.0295498,0.101955,-49.604,0.0557165,0.0555108
96000,G_os4_direct,0.45,0.18,1,2,0.131397,0.586451,0.0599258,0.122846,-59.5267,0.115465,0.0670528
96000,H_os2adaa_direct,0.45,0.18,1,2,0.128534,0.547627,0.060014,0.117757,-61.5476,0.119708,0.06452
96000,A_direct,0.45,0.18,1,3,0.00323715,0.568325,5.4497e-05,0.00323653,-173.277,0,1.92082e-07
96000,B_midpoint,0.45,0.18,1,3,0.00318626,0.544867,0.000100735,0.00318468,-178.843,0.000778921,1.78348e-07
96000,C_os2_direct,0.45,0.18,1,3,0.00362472,0.538772,0.000198378,0.0036144,-149.406,0.00182331,3.78191e-07
96000,D_os2_midpoint,0.45,0.18,1,3,0.0031802,0.538772,8.1507e-05,0.00317985,-163.32,0.00103624,2.53464e-07
96000,E_os2_all,0.45,0.18,1,3,0.00340929,0.538772,0.000176651,0.00340366,-143.688,0.00156484,3.54136e-07
96000,F_adaa_direct,0.45,0.18,1,3,0.00326104,0.551703,9.01125e-05,0.0032599,-175.116,0.000519356,1.81724e-07
96000,G_os4_direct,0.45,0.18,1,3,0.00359876,0.538772,0.000217333,0.00358795,-145.37,0.00194328,3.91414e-07
96000,H_os2adaa_direct,0.45,0.18,1,3,0.00324728,0.538772,0.000112842,0.00324604,-160.26,0.00118195,2.73739e-07
96000,A_direct,0.45,0.18,1,4,3.84306e-06,1.60597e-05,1.06352e-07,3.79248e-06,-167.877,0,1.20075e-08
96000,B_midpoint,0.45,0.18,1,4,3.85201e-06,1.60794e-05,1.06768e-07,3.80143e-06,-167.173,3.13763e-08,2.22793e-08
96000,C_os2_direct,0.45,0.18,1,4,3.86014e-06,1.6096e-05,1.0893e-07,3.80931e-06,-163.279,4.78297e-08,4.83739e-08
96000,D_os2_midpoint,0.45,0.18,1,4,3.86289e-06,1.61121e-05,1.07588e-07,3.8121e-06,-165.222,4.2869e-08,3.32763e-08
96000,E_os2_all,0.45,0.18,1,4,3.8697e-06,1.61163e-05,1.08744e-07,3.81891e-06,-161.826,5.20443e-08,4.8097e-08
96000,F_adaa_direct,0.45,0.18,1,4,3.84659e-06,1.60305e-05,1.06569e-07,3.79601e-06,-166.104,2.25957e-08,1.42101e-08
96000,G_os4_direct,0.45,0.18,1,4,3.86826e-06,1.61499e-05,1.0907e-07,3.81741e-06,-162.83,5.10716e-08,4.75459e-08
96000,H_os2adaa_direct,0.45,0.18,1,4,3.86132e-06,1.60994e-05,1.08893e-07,3.81058e-06,-163.506,4.68872e-08,4.70453e-08
96000,A_direct,0.45,0.18,1,5,0,0,0,0,-300,0,0
96000,B_midpoint,0.45,0.18,1,5,0,0,0,0,-300,0,0
96000,C_os2_direct,0.45,0.18,1,5,0,0,0,0,-300,0,0
96000,D_os2_midpoint,0.45,0.18,1,5,0,0,0,0,-300,0,0
96000,E_os2_all,0.45,0.18,1,5,0,0,0,0,-300,0,0
96000,F_adaa_direct,0.45,0.18,1,5,0,0,0,0,-300,0,0
96000,G_os4_direct,0.45,0.18,1,5,0,0,0,0,-300,0,0
96000,H_os2adaa_direct,0.45,0.18,1,5,0,0,0,0,-300,0,0
96000,A_direct,0.45,1.2,0.6,0,0.531398,0.688884,0.0170457,0.530443,-24.1306,0,0.525569
96000,B_midpoint,0.45,1.2,0.6,0,0.455089,0.632158,0.0101459,0.452971,-31.2787,0.1476,0.431435
96000,C_os2_direct,0.45,1.2,0.6,0,0.283175,0.422948,0.0106123,0.285507,-30.9511,0.334639,0.307626
96000,D_os2_midpoint,0.45,1.2,0.6,0,0.27787,0.414051,0.00727382,0.279413,-30.4588,0.317942,0.293594
96000,E_os2_all,0.45,1.2,0.6,0,0.276376,0.418445,0.00525847,0.276728,-27.0336,0.281043,0.278061
96000,F_adaa_direct,0.45,1.2,0.6,0,0.501474,0.679309,0.0145138,0.499619,-27.4474,0.0950884,0.48175
96000,G_os4_direct,0.45,1.2,0.6,0,0.454818,0.640647,0.00459341,0.455499,-28.5244,0.278819,0.463075
96000,H_os2adaa_direct,0.45,1.2,0.6,0,0.321987,0.492508,0.00846793,0.3241,-31.1353,0.331147,0.344612
96000,A_direct,0.45,1.2,0.6,1,0.326099,0.662461,0.0267571,0.324651,-17.2282,0,0.314576
96000,B_midpoint,0.45,1.2,0.6,1,0.216233,0.543923,0.0249923,0.215116,-19.557,0.165832,0.204816
96000,C_os2_direct,0.45,1.2,0.6,1,0.222141,0.547598,0.0226408,0.222093,-16.4226,0.246957,0.227424
96000,D_os2_midpoint,0.45,1.2,0.6,1,0.218994,0.520922,0.023207,0.218879,-16.1787,0.247094,0.222806
96000,E_os2_all,0.45,1.2,0.6,1,0.270203,0.583416,0.0119877,0.270196,-12.5769,0.250024,0.270124
96000,F_adaa_direct,0.45,1.2,0.6,1,0.27473,0.6162,0.0259211,0.27241,-19.4969,0.121548,0.2487
96000,G_os4_direct,0.45,1.2,0.6,1,0.246443,0.608033,0.0301629,0.245602,-18.6336,0.189124,0.243403
96000,H_os2adaa_direct,0.45,1.2,0.6,1,0.23044,0.561814,0.0208084,0.230364,-16.37,0.238785,0.234535
96000,A_direct,0.45,1.2,0.6,2,0.269229,0.650006,0.0667633,0.263237,-35.0257,0,0.128773
96000,B_midpoint,0.45,1.2,0.6,2,0.260728,0.632227,0.0540612,0.252753,-58.0769,0.100348,0.0953589
96000,C_os2_direct,0.45,1.2,0.6,2,0.259867,0.633639,0.0513749,0.25204,-37.6127,0.119691,0.0916997
96000,D_os2_midpoint,0.45,1.2,0.6,2,0.259935,0.634045,0.0532007,0.251696,-60.7418,0.118751,0.0902961
96000,E_os2_all,0.45,1.2,0.6,2,0.259844,0.63471,0.0517865,0.251862,-33.9882,0.114503,0.0902261
96000,F_adaa_direct,0.45,1.2,0.6,2,0.261977,0.636449,0.0625882,0.255892,-42.4377,0.0923048,0.106197
96000,G_os4_direct,0.45,1.2,0.6,2,0.260952,0.632748,0.0512842,0.252666,-40.0115,0.11254,0.0927854
96000,H_os2adaa_direct,0.45,1.2,0.6,2,0.260104,0.633606,0.051407,0.251959,-40.4711,0.118938,0.0917974
96000,A_direct,0.45,1.2,0.6,3,0.0033506,0.57956,0.000399135,0.00333688,-172.284,0,2.56756e-08
96000,B_midpoint,0.45,1.2,0.6,3,0.00323626,0.558707,0.000444993,0.00321752,-180.727,0.00137496,1.42141e-08
96000,C_os2_direct,0.45,1.2,0.6,3,0.00355222,0.553373,0.000683361,0.00351814,-137.025,0.00226649,4.95874e-08
96000,D_os2_midpoint,0.45,1.2,0.6,3,0.00326058,0.553373,0.000489966,0.00324939,-164.054,0.0017105,3.03243e-08
96000,E_os2_all,0.45,1.2,0.6,3,0.00345409,0.553373,0.000540087,0.00343831,-132.448,0.00199648,4.61365e-08
96000,F_adaa_direct,0.45,1.2,0.6,3,0.00338084,0.564646,0.000551013,0.00335444,-175.634,0.00102675,1.64237e-08
96000,G_os4_direct,0.45,1.2,0.6,3,0.00349035,0.553373,0.000616619,0.00346033,-135.139,0.00210501,4.85989e-08
96000,H_os2adaa_direct,0.45,1.2,0.6,3,0.00336919,0.553373,0.000665756,0.00334204,-157.244,0.00197556,3.40766e-08
96000,A_direct,0.45,1.2,0.6,4,1.69431e-06,7.91284e-06,4.5945e-07,1.46631e-06,-164.854,0,6.35766e-08
96000,B_midpoint,0.45,1.2,0.6,4,1.69954e-06,7.90242e-06,4.60588e-07,1.47101e-06,-164.638,2.96095e-08,6.25213e-08
96000,C_os2_direct,0.45,1.2,0.6,4,1.70367e-06,7.95212e-06,4.61431e-07,1.47477e-06,-159.815,3.22657e-08,6.21659e-08
96000,D_os2_midpoint,0.45,1.2,0.6,4,1.70548e-06,7.9571e-06,4.62012e-07,1.47633e-06,-161.209,3.70834e-08,6.34972e-08
96000,E_os2_all,0.45,1.2,0.6,4,1.70969e-06,7.96473e-06,4.62888e-07,1.48004e-06,-157.787,3.69151e-08,6.33044e-08
96000,F_adaa_direct,0.45,1.2,0.6,4,1.69655e-06,7.91538e-06,4.60226e-07,1.46817e-06,-162.483,2.98912e-08,6.34668e-08
96000,G_os4_direct,0.45,1.2,0.6,4,1.70784e-06,7.95512e-06,4.62051e-07,1.47861e-06,-159.101,3.50762e-08,6.296e-08
96000,H_os2adaa_direct,0.45,1.2,0.6,4,1.70455e-06,7.95463e-06,4.61731e-07,1.47552e-06,-161.193,3.55454e-08,6.3411e-08
96000,A_direct,0.45,1.2,0.6,5,0,0,0,0,-300,0,0
96000,B_midpoint,0.45,1.2,0.6,5,0,0,0,0,-300,0,0
96000,C_os2_direct,0.45,1.2,0.6,5,0,0,0,0,-300,0,0
96000,D_os2_midpoint,0.45,1.2,0.6,5,0,0,0,0,-300,0,0
96000,E_os2_all,0.45,1.2,0.6,5,0,0,0,0,-300,0,0
96000,F_adaa_direct,0.45,1.2,0.6,5,0,0,0,0,-300,0,0
96000,G_os4_direct,0.45,1.2,0.6,5,0,0,0,0,-300,0,0
96000,H_os2adaa_direct,0.45,1.2,0.6,5,0,0,0,0,-300,0,0
96000,A_direct,0.45,7,1,0,0.528763,0.688901,0.021664,0.52875,-24.1966,0,0.527351
96000,B_midpoint,0.45,7,1,0,0.457907,0.662371,0.0141169,0.45812,-31.1062,0.164343,0.456688
96000,C_os2_direct,0.45,7,1,0,0.255476,0.41322,0.0164252,0.254928,-30.6665,0.354499,0.257853
96000,D_os2_midpoint,0.45,7,1,0,0.250194,0.384492,0.0110561,0.249894,-30.0685,0.339268,0.251558
96000,E_os2_all,0.45,7,1,0,0.252487,0.394266,0.0069006,0.252437,-26.45,0.3045,0.253229
96000,F_adaa_direct,0.45,7,1,0,0.50122,0.690246,0.0193349,0.501347,-27.5401,0.10169,0.499351
96000,G_os4_direct,0.45,7,1,0,0.44356,0.636242,0.00633891,0.443484,-28.3407,0.284721,0.44322
96000,H_os2adaa_direct,0.45,7,1,0,0.293431,0.485722,0.0135028,0.293021,-31.0026,0.348088,0.294301
96000,A_direct,0.45,7,1,1,0.326264,0.666637,0.0291554,0.326002,-17.2004,0,0.324126
96000,B_midpoint,0.45,7,1,1,0.225056,0.575147,0.0234568,0.224836,-19.9741,0.183825,0.226293
96000,C_os2_direct,0.45,7,1,1,0.215525,0.547777,0.0214042,0.215151,-16.5264,0.257776,0.214921
96000,D_os2_midpoint,0.45,7,1,1,0.210427,0.51268,0.0207101,0.21009,-16.2264,0.256003,0.209804
96000,E_os2_all,0.45,7,1,1,0.265655,0.575572,0.0159744,0.265499,-12.6074,0.263346,0.264801
96000,F_adaa_direct,0.45,7,1,1,0.280764,0.65596,0.0289279,0.280736,-19.7712,0.1285,0.278932
96000,G_os4_direct,0.45,7,1,1,0.241109,0.58297,0.0261224,0.240738,-18.8207,0.187711,0.240567
96000,H_os2adaa_direct,0.45,7,1,1,0.223613,0.559211,0.0195628,0.223314,-16.4861,0.247526,0.22287
96000,A_direct,0.45,7,1,2,0.231581,0.658503,0.0728895,0.228454,-35.9659,0,0.162587
96000,B_midpoint,0.45,7,1,2,0.21302,0.633049,0.0647362,0.209689,-55.5086,0.115035,0.128247
96000,C_os2_direct,0.45,7,1,2,0.211533,0.630117,0.0588181,0.208673,-33.4575,0.125844,0.128876
96000,D_os2_midpoint,0.45,7,1,2,0.211507,0.629983,0.0654669,0.207947,-60.8077,0.126408,0.119984
96000,E_os2_all,0.45,7,1,2,0.212263,0.632917,0.0617685,0.209188,-30.6801,0.121195,0.129728
96000,F_adaa_direct,0.45,7,1,2,0.227259,0.644077,0.0722346,0.224069,-40.4697,0.115873,0.158108
96000,G_os4_direct,0.45,7,1,2,0.213908,0.629742,0.0647001,0.210405,-37.4888,0.120469,0.123964
96000,H_os2adaa_direct,0.45,7,1,2,0.211925,0.629689,0.063543,0.208622,-37.6904,0.125604,0.125406
96000,A_direct,0.45,7,1,3,0.00329513,0.567099,0.000448409,0.00328018,-169.914,0,2.27991e-08
96000,B_midpoint,0.45,7,1,3,0.00319449,0.544588,0.000547902,0.00316774,-177.806,0.00139633,4.26506e-08
96000,C_os2_direct,0.45,7,1,3,0.00365613,0.538772,0.000908614,0.00358333,-137.564,0.00247845,6.16093e-08
96000,D_os2_midpoint,0.45,7,1,3,0.00322632,0.538772,0.000569937,0.00320881,-163.095,0.00168434,4.37112e-08
96000,E_os2_all,0.45,7,1,3,0.00347733,0.538772,0.000694501,0.00343544,-132.494,0.00211078,5.26244e-08
96000,F_adaa_direct,0.45,7,1,3,0.00335095,0.551125,0.000651262,0.00331808,-172.489,0.000985733,3.40473e-08
96000,G_os4_direct,0.45,7,1,3,0.00360143,0.538772,0.000840283,0.00352688,-134.396,0.00245189,6.17437e-08
96000,H_os2adaa_direct,0.45,7,1,3,0.00338186,0.538772,0.000791374,0.00333701,-157.073,0.00210631,5.20209e-08
96000,A_direct,0.45,7,1,4,3.44131e-07,1.65209e-06,4.34357e-08,3.31234e-07,-161.281,0,1.68895e-07
96000,B_midpoint,0.45,7,1,4,3.45206e-07,1.66158e-06,4.50845e-08,3.32181e-07,-161.176,3.82644e-08,1.69257e-07
96000,C_os2_direct,0.45,7,1,4,3.45865e-07,1.66764e-06,4.34406e-08,3.3291e-07,-158.343,3.56195e-08,1.69873e-07
96000,D_os2_midpoint,0.45,7,1,4,3.46669e-07,1.6702e-06,4.48886e-08,3.33668e-07,-160.274,3.8563e-08,1.69196e-07
96000,E_os2_all,0.45,7,1,4,3.47449e-07,1.6808e-06,4.34061e-08,3.34275e-07,-158.224,3.55109e-08,1.69722e-07
96000,F_adaa_direct,0.45,7,1,4,3.44071e-07,1.65475e-06,4.42962e-08,3.31265e-07,-160.382,3.72116e-08,1.68733e-07
96000,G_os4_direct,0.45,7,1,4,3.46773e-07,1.67611e-06,4.32649e-08,3.33744e-07,-157.976,3.59239e-08,1.69359e-07
96000,H_os2adaa_direct,0.45,7,1,4,3.46298e-07,1.65304e-06,4.43717e-08,3.33229e-07,-159.076,3.66193e-08,1.69171e-07
96000,A_direct,0.45,7,1,5,0,0,0,0,-300,0,0
96000,B_midpoint,0.45,7,1,5,0,0,0,0,-300,0,0
96000,C_os2_direct,0.45,7,1,5,0,0,0,0,-300,0,0
96000,D_os2_midpoint,0.45,7,1,5,0,0,0,0,-300,0,0
96000,E_os2_all,0.45,7,1,5,0,0,0,0,-300,0,0
96000,F_adaa_direct,0.45,7,1,5,0,0,0,0,-300,0,0
96000,G_os4_direct,0.45,7,1,5,0,0,0,0,-300,0,0
96000,H_os2adaa_direct,0.45,7,1,5,0,0,0,0,-300,0,0
96000,A_direct,0.45,1.2,0,0,0.523931,0.679057,0.00024978,0.523879,-24.6123,0,0.52393
96000,B_midpoint,0.45,1.2,0,0,0.430057,0.590861,0.000148489,0.429986,-33.2082,0.11802,0.430065
96000,C_os2_direct,0.45,1.2,0,0,0.344646,0.458301,0.000134564,0.34471,-30.3197,0.337346,0.344602
96000,D_os2_midpoint,0.45,1.2,0,0,0.329861,0.45749,9.93314e-05,0.329907,-30.5368,0.316315,0.329824
96000,E_os2_all,0.45,1.2,0,0,0.311394,0.457932,0.000106548,0.311427,-28.2178,0.278656,0.31137
96000,F_adaa_direct,0.45,1.2,0,0,0.476583,0.638206,0.000199772,0.476507,-29.5244,0.0828537,0.476591
96000,G_os4_direct,0.45,1.2,0,0,0.477219,0.652184,7.97658e-05,0.477223,-28.0957,0.296653,0.47716
96000,H_os2adaa_direct,0.45,1.2,0,0,0.376171,0.514694,0.000117437,0.376216,-30.4191,0.335511,0.376122
96000,A_direct,0.45,1.2,0,1,0.302233,0.630536,0.000664345,0.302155,-17.2532,0,0.302305
96000,B_midpoint,0.45,1.2,0,1,0.209421,0.522671,0.000465901,0.209394,-19.1109,0.1362,0.209372
96000,C_os2_direct,0.45,1.2,0,1,0.232775,0.515532,0.000171243,0.232775,-16.1336,0.23036,0.232696
96000,D_os2_midpoint,0.45,1.2,0,1,0.230313,0.518202,0.000126702,0.230319,-15.7618,0.229572,0.230233
96000,E_os2_all,0.45,1.2,0,1,0.27031,0.580056,0.000229805,0.270284,-12.8046,0.225296,0.270174
96000,F_adaa_direct,0.45,1.2,0,1,0.239324,0.582204,0.000636611,0.239278,-19.1638,0.10044,0.239269
96000,G_os4_direct,0.45,1.2,0,1,0.247079,0.553528,0.000143811,0.247071,-18.8744,0.191406,0.247032
96000,H_os2adaa_direct,0.45,1.2,0,1,0.23982,0.533001,0.000144524,0.23982,-16.1353,0.226271,0.239735
96000,A_direct,0.45,1.2,0,2,0.135799,0.540609,0.00114371,0.13568,-42.2137,0,0.0807408
96000,B_midpoint,0.45,1.2,0,2,0.109525,0.594885,0.0100671,0.109381,-60.657,0.0857696,0.0567999
96000,C_os2_direct,0.45,1.2,0,2,0.1145,0.61817,0.0101253,0.114502,-60.9467,0.11406,0.055215
96000,D_os2_midpoint,0.45,1.2,0,2,0.113521,0.61892,0.00821778,0.113523,-61.2838,0.111608,0.054647
96000,E_os2_all,0.45,1.2,0,2,0.113112,0.634843,0.00678153,0.113138,-55.0039,0.108076,0.053986
96000,F_adaa_direct,0.45,1.2,0,2,0.109253,0.502181,0.00512765,0.109081,-49.3608,0.0709057,0.0606655
96000,G_os4_direct,0.45,1.2,0,2,0.121575,0.658529,0.0080435,0.121605,-60.0131,0.114325,0.0603548
96000,H_os2adaa_direct,0.45,1.2,0,2,0.115754,0.636618,0.00924083,0.115714,-61.8977,0.11433,0.056064
96000,A_direct,0.45,1.2,0,3,0.00341899,0.599663,7.83042e-06,0.00341904,-176.3,0,7.55695e-08
96000,B_midpoint,0.45,1.2,0,3,0.00337032,0.579632,1.35865e-05,0.0033705,-182.569,0.0010668,6.81113e-08
96000,C_os2_direct,0.45,1.2,0,3,0.00353005,0.574552,1.93526e-05,0.00353042,-147.702,0.00168154,1.40206e-07
96000,D_os2_midpoint,0.45,1.2,0,3,0.00330381,0.574552,9.97349e-06,0.00330376,-165.48,0.00117872,8.79663e-08
96000,E_os2_all,0.45,1.2,0,3,0.0034431,0.574552,1.98248e-05,0.00344329,-141.911,0.0015415,1.34211e-07
96000,F_adaa_direct,0.45,1.2,0,3,0.00345097,0.585182,1.26345e-05,0.00345107,-177.724,0.000671781,7.11423e-08
96000,G_os4_direct,0.45,1.2,0,3,0.00352017,0.574552,2.18301e-05,0.00352059,-143.934,0.00182519,1.46252e-07
96000,H_os2adaa_direct,0.45,1.2,0,3,0.00337829,0.574552,1.51182e-05,0.00337829,-161.168,0.00144904,9.85028e-08
96000,A_direct,0.45,1.2,0,4,1.08661e-06,4.9234e-06,3.01705e-08,1.07562e-06,-170.754,0,2.21976e-10
96000,B_midpoint,0.45,1.2,0,4,1.08977e-06,4.93176e-06,3.03577e-08,1.07883e-06,-171.487,2.18035e-08,2.46595e-10
96000,C_os2_direct,0.45,1.2,0,4,1.09247e-06,4.97056e-06,3.02844e-08,1.08151e-06,-166.979,2.57609e-08,2.01457e-10
96000,D_os2_midpoint,0.45,1.2,0,4,1.09349e-06,4.9562e-06,3.07858e-08,1.08258e-06,-165.787,2.62777e-08,2.21324e-10
96000,E_os2_all,0.45,1.2,0,4,1.09657e-06,4.99901e-06,3.08181e-08,1.08557e-06,-166.909,2.71163e-08,1.90961e-10
96000,F_adaa_direct,0.45,1.2,0,4,1.08778e-06,4.93261e-06,2.99832e-08,1.07679e-06,-170.555,2.02975e-08,1.9451e-10
96000,G_os4_direct,0.45,1.2,0,4,1.09531e-06,4.93411e-06,3.06351e-08,1.08438e-06,-166.892,2.67481e-08,1.95913e-10
96000,H_os2adaa_direct,0.45,1.2,0,4,1.09295e-06,4.96387e-06,2.99382e-08,1.08198e-06,-167.381,2.47644e-08,1.45796e-10
96000,A_direct,0.45,1.2,0,5,0,0,0,0,-300,0,0
96000,B_midpoint,0.45,1.2,0,5,0,0,0,0,-300,0,0
96000,C_os2_direct,0.45,1.2,0,5,0,0,0,0,-300,0,0
96000,D_os2_midpoint,0.45,1.2,0,5,0,0,0,0,-300,0,0
96000,E_os2_all,0.45,1.2,0,5,0,0,0,0,-300,0,0
96000,F_adaa_direct,0.45,1.2,0,5,0,0,0,0,-300,0,0
96000,G_os4_direct,0.45,1.2,0,5,0,0,0,0,-300,0,0
96000,H_os2adaa_direct,0.45,1.2,0,5,0,0,0,0,-300,0,0
96000,A_direct,0.6,0.18,1,0,0.512451,0.665845,0.00300825,0.512987,-24.3158,0,0.512643
96000,B_midpoint,0.6,0.18,1,0,0.393874,0.549609,0.00182591,0.394702,-33.5406,0.147071,0.393873
96000,C_os2_direct,0.6,0.18,1,0,0.317734,0.440965,0.00144422,0.317056,-29.5028,0.420819,0.317989
96000,D_os2_midpoint,0.6,0.18,1,0,0.289626,0.40351,0.00118158,0.289091,-29.4147,0.396984,0.289746
96000,E_os2_all,0.6,0.18,1,0,0.252175,0.381684,0.00100666,0.251989,-26.1852,0.352522,0.252506
96000,F_adaa_direct,0.6,0.18,1,0,0.45252,0.611685,0.0025316,0.453367,-29.3322,0.102248,0.452752
96000,G_os4_direct,0.6,0.18,1,0,0.469455,0.646323,0.000864486,0.469261,-27.384,0.366703,0.469065
96000,H_os2adaa_direct,0.6,0.18,1,0,0.355282,0.507527,0.00124728,0.354721,-30.43,0.416854,0.355476
96000,A_direct,0.6,0.18,1,1,0.302967,0.633069,0.0134426,0.303471,-17.8291,0,0.303039
96000,B_midpoint,0.6,0.18,1,1,0.196033,0.507061,0.0123738,0.196246,-20.4611,0.161288,0.196383
96000,C_os2_direct,0.6,0.18,1,1,0.227869,0.526952,0.0182615,0.226842,-16.3616,0.283246,0.228375
96000,D_os2_midpoint,0.6,0.18,1,1,0.223933,0.517967,0.0116477,0.223584,-15.8184,0.281455,0.223676
96000,E_os2_all,0.6,0.18,1,1,0.276886,0.578714,0.00306781,0.277013,-12.1791,0.273415,0.277466
96000,F_adaa_direct,0.6,0.18,1,1,0.238362,0.555801,0.0129904,0.238536,-20.6486,0.128999,0.23843
96000,G_os4_direct,0.6,0.18,1,1,0.242051,0.559196,0.0120519,0.241949,-19.2116,0.242232,0.241934
96000,H_os2adaa_direct,0.6,0.18,1,1,0.234771,0.539504,0.0120171,0.234314,-16.2877,0.279399,0.234594
96000,A_direct,0.6,0.18,1,2,0.1736,0.591481,0.100028,0.16108,-41.5611,0,0.169538
96000,B_midpoint,0.6,0.18,1,2,0.188459,0.600456,0.115124,0.16348,-59.5219,0.21387,0.170218
96000,C_os2_direct,0.6,0.18,1,2,0.190757,0.566618,0.119808,0.165655,-60.8136,0.233806,0.181851
96000,D_os2_midpoint,0.6,0.18,1,2,0.185639,0.617797,0.122378,0.16366,-60.8776,0.219793,0.183774
96000,E_os2_all,0.6,0.18,1,2,0.182073,0.537391,0.12594,0.160318,-55.2176,0.21216,0.173424
96000,F_adaa_direct,0.6,0.18,1,2,0.176849,0.628101,0.105969,0.156293,-48.886,0.192505,0.166683
96000,G_os4_direct,0.6,0.18,1,2,0.192038,0.611692,0.124877,0.169606,-59.8642,0.224254,0.191091
96000,H_os2adaa_direct,0.6,0.18,1,2,0.194226,0.576184,0.121772,0.167348,-62.0091,0.237562,0.183341
96000,A_direct,0.6,0.18,1,3,0.00343958,0.56832,0.000218168,0.00343238,-171.001,0,3.26903e-07
96000,B_midpoint,0.6,0.18,1,3,0.00360386,0.543788,0.000529005,0.00357292,-176.329,0.00222585,3.46592e-07
96000,C_os2_direct,0.6,0.18,1,3,0.00654131,0.537389,0.00246488,0.00620148,-142.295,0.00571447,1.57558e-06
96000,D_os2_midpoint,0.6,0.18,1,3,0.00355278,0.537389,0.000767487,0.00351046,-161.958,0.00192059,4.88679e-07
96000,E_os2_all,0.6,0.18,1,3,0.00517534,0.537389,0.00235257,0.00485367,-133.823,0.00433445,1.24198e-06
96000,F_adaa_direct,0.6,0.18,1,3,0.00374386,0.551004,0.000418625,0.00372068,-172.068,0.00135916,3.56159e-07
96000,G_os4_direct,0.6,0.18,1,3,0.00625023,0.537389,0.00283959,0.00583197,-134.472,0.00565461,1.72341e-06
96000,H_os2adaa_direct,0.6,0.18,1,3,0.00438756,0.537389,0.00130633,0.0042688,-155.478,0.00317587,7.18893e-07
96000,A_direct,0.6,0.18,1,4,7.45006e-06,2.86361e-05,1.85571e-07,7.3634e-06,-163.19,0,3.46559e-08
96000,B_midpoint,0.6,0.18,1,4,7.46322e-06,2.8681e-05,1.86784e-07,7.3765e-06,-162.14,6.14673e-08,3.68407e-08
96000,C_os2_direct,0.6,0.18,1,4,7.47469e-06,2.88532e-05,1.9428e-07,7.3878e-06,-158.984,7.95558e-08,5.18968e-08
96000,D_os2_midpoint,0.6,0.18,1,4,7.47812e-06,2.87729e-05,1.94815e-07,7.3912e-06,-159.457,8.77107e-08,5.46684e-08
96000,E_os2_all,0.6,0.18,1,4,7.48677e-06,2.89459e-05,1.96178e-07,7.39971e-06,-158.495,9.42926e-08,6.12668e-08
96000,F_adaa_direct,0.6,0.18,1,4,7.45574e-06,2.86613e-05,1.86491e-07,7.369e-06,-162.853,4.33845e-08,3.68749e-08
96000,G_os4_direct,0.6,0.18,1,4,7.48634e-06,2.89116e-05,1.96093e-07,7.39911e-06,-158.773,9.30032e-08,5.6308e-08
96000,H_os2adaa_direct,0.6,0.18,1,4,7.47655e-06,2.8813e-05,1.94875e-07,7.38967e-06,-159.213,8.50735e-08,5.47303e-08
96000,A_direct,0.6,0.18,1,5,0,0,0,0,-300,0,0
96000,B_midpoint,0.6,0.18,1,5,0,0,0,0,-300,0,0
96000,C_os2_direct,0.6,0.18,1,5,0,0,0,0,-300,0,0
96000,D_os2_midpoint,0.6,0.18,1,5,0,0,0,0,-300,0,0
96000,E_os2_all,0.6,0.18,1,5,0,0,0,0,-300,0,0
96000,F_adaa_direct,0.6,0.18,1,5,0,0,0,0,-300,0,0
96000,G_os4_direct,0.6,0.18,1,5,0,0,0,0,-300,0,0
96000,H_os2adaa_direct,0.6,0.18,1,5,0,0,0,0,-300,0,0
96000,A_direct,0.6,1.2,0.6,0,0.532948,0.688588,0.0192128,0.531803,-23.9826,0,0.529748
96000,B_midpoint,0.6,1.2,0.6,0,0.452474,0.632623,0.0113005,0.450069,-31.5244,0.157656,0.425522
96000,C_os2_direct,0.6,1.2,0.6,0,0.286781,0.441201,0.01094,0.289355,-30.5032,0.357629,0.314103
96000,D_os2_midpoint,0.6,1.2,0.6,0,0.277369,0.408788,0.00709063,0.279037,-30.1307,0.336741,0.294467
96000,E_os2_all,0.6,1.2,0.6,0,0.272971,0.410868,0.00489111,0.273331,-26.1027,0.292164,0.274382
96000,F_adaa_direct,0.6,1.2,0.6,0,0.504312,0.684497,0.0163544,0.502178,-27.294,0.100848,0.481646
96000,G_os4_direct,0.6,1.2,0.6,0,0.460115,0.644055,0.00456453,0.460679,-28.0387,0.292601,0.467062
96000,H_os2adaa_direct,0.6,1.2,0.6,0,0.329355,0.508805,0.00862293,0.331507,-31.0913,0.351877,0.352668
96000,A_direct,0.6,1.2,0.6,1,0.335662,0.671446,0.0362957,0.333691,-17.5183,0,0.321391
96000,B_midpoint,0.6,1.2,0.6,1,0.213809,0.549676,0.0418562,0.212584,-19.6917,0.195892,0.201563
96000,C_os2_direct,0.6,1.2,0.6,1,0.245204,0.610571,0.0602178,0.242555,-16.8396,0.288921,0.233163
96000,D_os2_midpoint,0.6,1.2,0.6,1,0.225548,0.550371,0.0489802,0.223442,-16.321,0.273588,0.225212
96000,E_os2_all,0.6,1.2,0.6,1,0.282568,0.597917,0.0145871,0.282534,-12.0878,0.273089,0.283288
96000,F_adaa_direct,0.6,1.2,0.6,1,0.279531,0.6296,0.0356616,0.276673,-19.6831,0.144024,0.247685
96000,G_os4_direct,0.6,1.2,0.6,1,0.245449,0.567572,0.0243424,0.245071,-17.9878,0.206542,0.24504
96000,H_os2adaa_direct,0.6,1.2,0.6,1,0.250653,0.606507,0.0584632,0.248229,-16.8,0.279448,0.238783
96000,A_direct,0.6,1.2,0.6,2,0.292225,0.653536,0.102139,0.28473,-34.4702,0,0.175611
96000,B_midpoint,0.6,1.2,0.6,2,0.279018,0.648226,0.0836729,0.271266,-56.4973,0.142222,0.111702
96000,C_os2_direct,0.6,1.2,0.6,2,0.273227,0.651958,0.0731555,0.266307,-33.1383,0.149568,0.103593
96000,D_os2_midpoint,0.6,1.2,0.6,2,0.283083,0.651701,0.0905982,0.274419,-60.3911,0.162491,0.130951
96000,E_os2_all,0.6,1.2,0.6,2,0.278861,0.650391,0.0839246,0.269246,-29.0769,0.158348,0.11392
96000,F_adaa_direct,0.6,1.2,0.6,2,0.286616,0.642087,0.0979438,0.278171,-42.2283,0.147959,0.154217
96000,G_os4_direct,0.6,1.2,0.6,2,0.277497,0.650223,0.0792575,0.270251,-33.8915,0.150064,0.119654
96000,H_os2adaa_direct,0.6,1.2,0.6,2,0.275806,0.650307,0.074785,0.26817,-35.1747,0.149313,0.104806
96000,A_direct,0.6,1.2,0.6,3,0.00537425,0.578768,0.00272904,0.0046931,-142.349,0,2.21663e-07
96000,B_midpoint,0.6,1.2,0.6,3,0.00364587,0.557482,0.00126093,0.00346857,-175.541,0.00477602,9.77138e-08
96000,C_os2_direct,0.6,1.2,0.6,3,0.0672639,0.551992,0.0699426,0.087079,-32.2884,0.0673043,0.0822958
96000,D_os2_midpoint,0.6,1.2,0.6,3,0.0137306,0.551992,0.0106513,0.0133161,-149.015,0.0141206,0.0112754
96000,E_os2_all,0.6,1.2,0.6,3,0.0587497,0.551992,0.0498815,0.0581488,-24.3058,0.058834,0.0574568
96000,F_adaa_direct,0.6,1.2,0.6,3,0.00479324,0.563666,0.00227617,0.00428803,-160.407,0.00522601,1.4822e-07
96000,G_os4_direct,0.6,1.2,0.6,3,0.0692593,0.551992,0.0491369,0.0599097,-38.4558,0.0693361,0.0557454
96000,H_os2adaa_direct,0.6,1.2,0.6,3,0.0565004,0.551992,0.0482348,0.0595448,-82.7826,0.0566055,0.0521196
96000,A_direct,0.6,1.2,0.6,4,3.7847e-06,1.65527e-05,9.63757e-07,3.30697e-06,-157.297,0,9.26289e-08
96000,B_midpoint,0.6,1.2,0.6,4,3.79451e-06,1.66228e-05,9.65186e-07,3.31572e-06,-158.506,9.02194e-08,9.22847e-08
96000,C_os2_direct,0.6,1.2,0.6,4,0.072268,0.366376,0.0418937,0.0513225,-24.0303,0.0722679,0.0952355
96000,D_os2_midpoint,0.6,1.2,0.6,4,0.0595641,0.285663,0.034522,0.0423035,-85.9795,0.0595639,0.00064373
96000,E_os2_all,0.6,1.2,0.6,4,0.120137,0.424336,0.0802721,0.0994004,-34.4131,0.120137,0.13587
96000,F_adaa_direct,0.6,1.2,0.6,4,3.78821e-06,1.6629e-05,9.64188e-07,3.31007e-06,-157.791,9.77842e-08,9.73922e-08
96000,G_os4_direct,0.6,1.2,0.6,4,0.0555835,0.327288,0.0486619,0.0601052,-33.014,0.0555834,0.0537004
96000,H_os2adaa_direct,0.6,1.2,0.6,4,0.0731529,0.294424,0.0460367,0.0565158,-72.6529,0.073153,0.0322207
96000,A_direct,0.6,1.2,0.6,5,0,0,0,0,-300,0,0
96000,B_midpoint,0.6,1.2,0.6,5,0,0,0,0,-300,0,0
96000,C_os2_direct,0.6,1.2,0.6,5,0,0,0,0,-300,0,0
96000,D_os2_midpoint,0.6,1.2,0.6,5,0,0,0,0,-300,0,0
96000,E_os2_all,0.6,1.2,0.6,5,0,0,0,0,-300,0,0
96000,F_adaa_direct,0.6,1.2,0.6,5,0,0,0,0,-300,0,0
96000,G_os4_direct,0.6,1.2,0.6,5,0,0,0,0,-300,0,0
96000,H_os2adaa_direct,0.6,1.2,0.6,5,0,0,0,0,-300,0,0
96000,A_direct,0.6,7,1,0,0.530764,0.689074,0.0243568,0.530742,-23.9956,0,0.529451
96000,B_midpoint,0.6,7,1,0,0.456655,0.667302,0.0157053,0.456892,-31.1987,0.176734,0.455307
96000,C_os2_direct,0.6,7,1,0,0.257207,0.434453,0.0175251,0.256595,-30.247,0.376483,0.259291
96000,D_os2_midpoint,0.6,7,1,0,0.248827,0.398654,0.0110647,0.248514,-29.7718,0.357701,0.249929
96000,E_os2_all,0.6,7,1,0,0.248885,0.38836,0.0065301,0.24884,-25.494,0.315728,0.24954
96000,F_adaa_direct,0.6,7,1,0,0.502308,0.690123,0.021725,0.502447,-27.5012,0.108172,0.499813
96000,G_os4_direct,0.6,7,1,0,0.450101,0.639928,0.00632618,0.450036,-27.8813,0.296616,0.449699
96000,H_os2adaa_direct,0.6,7,1,0,0.300145,0.503797,0.0140542,0.299734,-30.922,0.367786,0.300564
96000,A_direct,0.6,7,1,1,0.334455,0.676734,0.0384064,0.333994,-17.4483,0,0.331744
96000,B_midpoint,0.6,7,1,1,0.227709,0.585314,0.038381,0.226756,-20.1118,0.216501,0.230756
96000,C_os2_direct,0.6,7,1,1,0.224562,0.599045,0.052505,0.222924,-16.6336,0.283113,0.222462
96000,D_os2_midpoint,0.6,7,1,1,0.215961,0.558439,0.0451214,0.214718,-16.277,0.28077,0.214732
96000,E_os2_all,0.6,7,1,1,0.276869,0.594721,0.0191452,0.276665,-12.1508,0.286474,0.275662
96000,F_adaa_direct,0.6,7,1,1,0.287351,0.669672,0.0386393,0.287148,-19.992,0.149958,0.285318
96000,G_os4_direct,0.6,7,1,1,0.243526,0.565102,0.0298145,0.242957,-18.1474,0.205699,0.243754
96000,H_os2adaa_direct,0.6,7,1,1,0.23139,0.622118,0.0500979,0.229929,-16.5884,0.273904,0.229342
96000,A_direct,0.6,7,1,2,0.248553,0.661432,0.110184,0.24124,-34.67,0,0.191426
96000,B_midpoint,0.6,7,1,2,0.235959,0.650211,0.100695,0.229378,-53.1073,0.172361,0.171006
96000,C_os2_direct,0.6,7,1,2,0.228562,0.647866,0.074944,0.224686,-28.1744,0.169173,0.161598
96000,D_os2_midpoint,0.6,7,1,2,0.237539,0.647833,0.103782,0.229774,-60.3375,0.183444,0.181816
96000,E_os2_all,0.6,7,1,2,0.232046,0.650215,0.0905552,0.226405,-26.0632,0.170461,0.172329
96000,F_adaa_direct,0.6,7,1,2,0.250242,0.644078,0.110142,0.242871,-38.7799,0.172646,0.195223
96000,G_os4_direct,0.6,7,1,2,0.231691,0.650783,0.0896515,0.227507,-30.3006,0.166367,0.155745
96000,H_os2adaa_direct,0.6,7,1,2,0.229408,0.648219,0.0871818,0.224521,-31.6615,0.168069,0.161134
96000,A_direct,0.6,7,1,3,0.136616,0.567034,0.0919681,0.126521,-40.8184,0,0.152375
96000,B_midpoint,0.6,7,1,3,0.00468798,0.543495,0.00226664,0.00404931,-174.819,0.136625,1.43461e-07
96000,C_os2_direct,0.6,7,1,3,0.123831,0.537389,0.093737,0.115085,-31.2344,0.183783,0.126165
96000,D_os2_midpoint,0.6,7,1,3,0.0190349,0.537389,0.0111268,0.0137619,-137.192,0.137831,2.21205e-05
96000,E_os2_all,0.6,7,1,3,0.073472,0.537389,0.0523893,0.0625809,-27.7178,0.154647,0.0553731
96000,F_adaa_direct,0.6,7,1,3,0.00717448,0.550395,0.00397177,0.00572713,-134.525,0.136709,3.37192e-07
96000,G_os4_direct,0.6,7,1,3,0.0734428,0.537389,0.0433644,0.0526748,-48.4902,0.154169,0.0971265
96000,H_os2adaa_direct,0.6,7,1,3,0.0331404,0.537389,0.0195105,0.0240143,-86.3031,0.140197,0.00419342
96000,A_direct,0.6,7,1,4,0.0117707,0.0891066,0.00751342,0.00892253,-61.1329,0,0.013562
96000,B_midpoint,0.6,7,1,4,8.2934e-07,3.91869e-06,7.97881e-08,7.97438e-07,-159.426,0.0117707,2.10402e-07
96000,C_os2_direct,0.6,7,1,4,0.00208687,0.00988649,0.00122848,0.00147284,-93.8301,0.0119541,0.0031496
96000,D_os2_midpoint,0.6,7,1,4,3.2203e-05,0.000241647,1.8949e-05,2.2732e-05,-155.893,0.0117708,7.11588e-06
96000,E_os2_all,0.6,7,1,4,0.0740467,0.385743,0.0650453,0.0806256,-29.199,0.0748527,0.0707155
96000,F_adaa_direct,0.6,7,1,4,8.29841e-07,3.958e-06,8.90598e-08,7.96977e-07,-157.462,0.0117707,2.2909e-07
96000,G_os4_direct,0.6,7,1,4,0.00277859,0.0144323,0.00163551,0.00196091,-117.199,0.0120932,0.00229683
96000,H_os2adaa_direct,0.6,7,1,4,0.000211446,0.000879284,0.000124466,0.000149213,-154.844,0.0117726,0.00027474
96000,A_direct,0.6,7,1,5,0,0,0,0,-300,0,0
96000,B_midpoint,0.6,7,1,5,0,0,0,0,-300,0,0
96000,C_os2_direct,0.6,7,1,5,0,0,0,0,-300,0,0
96000,D_os2_midpoint,0.6,7,1,5,0,0,0,0,-300,0,0
96000,E_os2_all,0.6,7,1,5,0,0,0,0,-300,0,0
96000,F_adaa_direct,0.6,7,1,5,0,0,0,0,-300,0,0
96000,G_os4_direct,0.6,7,1,5,0,0,0,0,-300,0,0
96000,H_os2adaa_direct,0.6,7,1,5,0,0,0,0,-300,0,0
96000,A_direct,0.6,1.2,0,0,0.526699,0.681875,0.000286248,0.526638,-24.392,0,0.526699
96000,B_midpoint,0.6,1.2,0,0,0.422376,0.583748,0.000171067,0.422295,-33.6257,0.127731,0.422386
96000,C_os2_direct,0.6,1.2,0,0,0.349924,0.466655,0.000149247,0.349988,-29.8574,0.365581,0.349877
96000,D_os2_midpoint,0.6,1.2,0,0,0.329975,0.45198,0.000110035,0.33002,-30.3257,0.340164,0.329936
96000,E_os2_all,0.6,1.2,0,0,0.307032,0.450664,0.000110737,0.307068,-27.481,0.295643,0.30701
96000,F_adaa_direct,0.6,1.2,0,0,0.474231,0.636662,0.000229271,0.474143,-29.7523,0.0890577,0.474242
96000,G_os4_direct,0.6,1.2,0,0,0.480183,0.655005,8.25224e-05,0.480181,-27.7391,0.318186,0.480125
96000,H_os2adaa_direct,0.6,1.2,0,0,0.382559,0.527876,0.000135555,0.382599,-30.2985,0.361087,0.382506
96000,A_direct,0.6,1.2,0,1,0.306553,0.639392,0.00130353,0.306462,-17.4321,0,0.306496
96000,B_midpoint,0.6,1.2,0,1,0.212349,0.540777,0.000890017,0.212298,-19.2677,0.167002,0.212271
96000,C_os2_direct,0.6,1.2,0,1,0.234211,0.524693,0.000678315,0.2342,-16.1441,0.254351,0.234126
96000,D_os2_midpoint,0.6,1.2,0,1,0.231133,0.525445,0.000171882,0.231138,-15.7203,0.253645,0.231051
96000,E_os2_all,0.6,1.2,0,1,0.282428,0.593091,0.00029978,0.282394,-12.2801,0.247256,0.28229
96000,F_adaa_direct,0.6,1.2,0,1,0.240269,0.595794,0.00116285,0.240245,-19.3919,0.125182,0.240079
96000,G_os4_direct,0.6,1.2,0,1,0.25005,0.574773,0.000207527,0.250041,-18.3467,0.217983,0.250063
96000,H_os2adaa_direct,0.6,1.2,0,1,0.241005,0.543185,0.000268292,0.241004,-16.0891,0.252067,0.240921
96000,A_direct,0.6,1.2,0,2,0.185455,0.571166,0.07891,0.181504,-40.2751,0,0.158846
96000,B_midpoint,0.6,1.2,0,2,0.151389,0.634737,0.0370381,0.150392,-56.9513,0.194974,0.108381
96000,C_os2_direct,0.6,1.2,0,2,0.168604,0.639112,0.0650439,0.165813,-46.9908,0.217153,0.136629
96000,D_os2_midpoint,0.6,1.2,0,2,0.167696,0.619029,0.0728015,0.164329,-60.8306,0.213617,0.130561
96000,E_os2_all,0.6,1.2,0,2,0.165166,0.628271,0.0843029,0.158916,-37.5112,0.214127,0.143975
96000,F_adaa_direct,0.6,1.2,0,2,0.162532,0.613444,0.0482885,0.160332,-46.4366,0.200746,0.120792
96000,G_os4_direct,0.6,1.2,0,2,0.173195,0.694255,0.0811328,0.168339,-57.1355,0.21654,0.143503
96000,H_os2adaa_direct,0.6,1.2,0,2,0.163464,0.638927,0.0817432,0.160848,-56.8063,0.210923,0.11922
96000,A_direct,0.6,1.2,0,3,0.00388995,0.599122,4.88652e-05,0.00389169,-172.847,0,2.039e-07
96000,B_midpoint,0.6,1.2,0,3,0.00394719,0.578488,0.000115898,0.00395093,-178.429,0.0032197,1.9896e-07
96000,C_os2_direct,0.6,1.2,0,3,0.00768545,0.573181,0.00160857,0.00772733,-133.649,0.00737401,1.20003e-06
96000,D_os2_midpoint,0.6,1.2,0,3,0.00423426,0.573181,0.000678484,0.00424275,-163.764,0.00346486,3.1559e-07
96000,E_os2_all,0.6,1.2,0,3,0.121399,0.573181,0.0913748,0.114331,-101.632,0.121376,0.131247
96000,F_adaa_direct,0.6,1.2,0,3,0.00424224,0.584352,8.51601e-05,0.00424581,-173.187,0.00241197,2.32155e-07
96000,G_os4_direct,0.6,1.2,0,3,0.0920542,0.573181,0.0703275,0.0913529,-93.9358,0.0920306,0.133164
96000,H_os2adaa_direct,0.6,1.2,0,3,0.00592366,0.573181,0.00112568,0.00594653,-154.984,0.00553323,6.54212e-07
96000,A_direct,0.6,1.2,0,4,2.61179e-06,1.10064e-05,7.02665e-08,2.58502e-06,-160.035,0,3.65856e-08
96000,B_midpoint,0.6,1.2,0,4,2.61901e-06,1.108e-05,7.17675e-08,2.59216e-06,-161.108,5.54035e-08,2.85633e-08
96000,C_os2_direct,0.6,1.2,0,4,2.6252e-06,1.10689e-05,8.59323e-08,2.59829e-06,-158.159,8.27732e-08,6.28044e-08
96000,D_os2_midpoint,0.6,1.2,0,4,2.62804e-06,1.11336e-05,9.57058e-08,2.6009e-06,-158.139,8.68293e-08,5.91169e-08
96000,E_os2_all,0.6,1.2,0,4,0.104829,0.443815,0.0794593,0.102851,-104.413,0.104829,0.14051
96000,F_adaa_direct,0.6,1.2,0,4,2.61467e-06,1.11414e-05,7.24731e-08,2.58782e-06,-159.587,5.47519e-08,2.81097e-08
96000,G_os4_direct,0.6,1.2,0,4,2.6326e-06,1.11915e-05,1.11035e-07,2.60608e-06,-158.006,1.13413e-07,6.38235e-08
96000,H_os2adaa_direct,0.6,1.2,0,4,2.62643e-06,1.10814e-05,9.04139e-08,2.59939e-06,-158.364,8.34796e-08,7.3793e-08
96000,A_direct,0.6,1.2,0,5,0,0,0,0,-300,0,0
96000,B_midpoint,0.6,1.2,0,5,0,0,0,0,-300,0,0
96000,C_os2_direct,0.6,1.2,0,5,0,0,0,0,-300,0,0
96000,D_os2_midpoint,0.6,1.2,0,5,0,0,0,0,-300,0,0
96000,E_os2_all,0.6,1.2,0,5,0,0,0,0,-300,0,0
96000,F_adaa_direct,0.6,1.2,0,5,0,0,0,0,-300,0,0
96000,G_os4_direct,0.6,1.2,0,5,0,0,0,0,-300,0,0
96000,H_os2adaa_direct,0.6,1.2,0,5,0,0,0,0,-300,0,0
96000,A_direct,0.7,0.18,1,0,0.514884,0.668085,0.00307145,0.515422,-24.1462,0,0.515082
96000,B_midpoint,0.7,0.18,1,0,0.394685,0.550479,0.00186564,0.395528,-33.3573,0.150239,0.394696
96000,C_os2_direct,0.7,0.18,1,0,0.316742,0.441843,0.00147908,0.316049,-29.3774,0.429489,0.316989
96000,D_os2_midpoint,0.7,0.18,1,0,0.287692,0.403534,0.00121004,0.287142,-29.2517,0.405241,0.2878
96000,E_os2_all,0.7,0.18,1,0,0.248782,0.377367,0.00103047,0.248588,-25.9806,0.359941,0.249106
96000,F_adaa_direct,0.7,0.18,1,0,0.454389,0.613758,0.00258809,0.455244,-29.1125,0.104531,0.454632
96000,G_os4_direct,0.7,0.18,1,0,0.471025,0.648135,0.000883494,0.47083,-27.2435,0.373867,0.470629
96000,H_os2adaa_direct,0.7,0.18,1,0,0.355041,0.50891,0.00127733,0.35447,-30.3554,0.42535,0.355225
96000,A_direct,0.7,0.18,1,1,0.305926,0.636325,0.0136608,0.306432,-17.8008,0,0.306013
96000,B_midpoint,0.7,0.18,1,1,0.197047,0.509243,0.0125862,0.197276,-20.5112,0.164449,0.197419
96000,C_os2_direct,0.7,0.18,1,1,0.228893,0.528539,0.0182961,0.227862,-16.3143,0.289064,0.229357
96000,D_os2_midpoint,0.7,0.18,1,1,0.224916,0.51925,0.0118116,0.22456,-15.7612,0.287315,0.224648
96000,E_os2_all,0.7,0.18,1,1,0.278938,0.580829,0.0031262,0.279066,-12.0874,0.278871,0.279521
96000,F_adaa_direct,0.7,0.18,1,1,0.240658,0.558913,0.0132038,0.240832,-20.6873,0.13154,0.240738
96000,G_os4_direct,0.7,0.18,1,1,0.24335,0.561204,0.0122682,0.243241,-19.1891,0.247153,0.243223
96000,H_os2adaa_direct,0.7,0.18,1,1,0.235897,0.541092,0.0121697,0.235432,-16.2399,0.28518,0.235709
96000,A_direct,0.7,0.18,1,2,0.175744,0.590911,0.101518,0.16275,-41.3975,0,0.172062
96000,B_midpoint,0.7,0.18,1,2,0.190978,0.604393,0.117167,0.165514,-59.3195,0.217296,0.173019
96000,C_os2_direct,0.7,0.18,1,2,0.191556,0.573459,0.120579,0.166772,-60.8406,0.236563,0.184383
96000,D_os2_midpoint,0.7,0.18,1,2,0.187666,0.621423,0.123917,0.164888,-60.7319,0.223717,0.186044
96000,E_os2_all,0.7,0.18,1,2,0.183795,0.5474,0.128707,0.161111,-55.0622,0.214436,0.175845
96000,F_adaa_direct,0.7,0.18,1,2,0.179269,0.630678,0.107736,0.158315,-48.6916,0.196004,0.169937
96000,G_os4_direct,0.7,0.18,1,2,0.194148,0.61737,0.127039,0.171295,-59.6353,0.227757,0.193284
96000,H_os2adaa_direct,0.7,0.18,1,2,0.196781,0.579333,0.123903,0.169359,-61.8481,0.240839,0.186139
96000,A_direct,0.7,0.18,1,3,0.00345351,0.568752,0.00022166,0.00344612,-170.978,0,3.35611e-07
96000,B_midpoint,0.7,0.18,1,3,0.00362506,0.543628,0.000536243,0.00359343,-175.908,0.00226668,3.53329e-07
96000,C_os2_direct,0.7,0.18,1,3,0.00662902,0.537068,0.00248537,0.00628738,-142.094,0.0058089,1.59134e-06
96000,D_os2_midpoint,0.7,0.18,1,3,0.0035722,0.537068,0.000774971,0.00352936,-161.775,0.00195567,4.98939e-07
96000,E_os2_all,0.7,0.18,1,3,0.00522283,0.537068,0.00236864,0.00490081,-133.648,0.00439498,1.24907e-06
96000,F_adaa_direct,0.7,0.18,1,3,0.00376921,0.551023,0.000424806,0.00374555,-172.064,0.00138277,3.62691e-07
96000,G_os4_direct,0.7,0.18,1,3,0.00632523,0.537068,0.00286236,0.00590582,-134.304,0.00574353,1.7379e-06
96000,H_os2adaa_direct,0.7,0.18,1,3,0.00442873,0.537068,0.00131803,0.00430891,-155.32,0.00323009,7.29225e-07
96000,A_direct,0.7,0.18,1,4,7.59918e-06,2.92473e-05,1.89025e-07,7.51078e-06,-163.232,0,3.12968e-08
96000,B_midpoint,0.7,0.18,1,4,7.61264e-06,2.92494e-05,1.90478e-07,7.52426e-06,-162.192,6.25074e-08,3.73128e-08
96000,C_os2_direct,0.7,0.18,1,4,7.62434e-06,2.93503e-05,1.98025e-07,7.53566e-06,-158.54,8.76767e-08,6.13471e-08
96000,D_os2_midpoint,0.7,0.18,1,4,7.628e-06,2.93907e-05,1.99136e-07,7.53926e-06,-159.171,9.20912e-08,6.0823e-08
96000,E_os2_all,0.7,0.18,1,4,7.63679e-06,2.93734e-05,1.99677e-07,7.5479e-06,-158.293,9.60501e-08,6.80141e-08
96000,F_adaa_direct,0.7,0.18,1,4,7.60468e-06,2.92575e-05,1.89369e-07,7.51629e-06,-162.918,4.40201e-08,3.20061e-08
96000,G_os4_direct,0.7,0.18,1,4,7.63626e-06,2.93661e-05,1.99486e-07,7.54745e-06,-158.384,9.46128e-08,6.59542e-08
96000,H_os2adaa_direct,0.7,0.18,1,4,7.62626e-06,2.93707e-05,1.98494e-07,7.53762e-06,-158.815,8.77148e-08,6.45484e-08
96000,A_direct,0.7,0.18,1,5,0,0,0,0,-300,0,0
96000,B_midpoint,0.7,0.18,1,5,0,0,0,0,-300,0,0
96000,C_os2_direct,0.7,0.18,1,5,0,0,0,0,-300,0,0
96000,D_os2_midpoint,0.7,0.18,1,5,0,0,0,0,-300,0,0
96000,E_os2_all,0.7,0.18,1,5,0,0,0,0,-300,0,0
96000,F_adaa_direct,0.7,0.18,1,5,0,0,0,0,-300,0,0
96000,G_os4_direct,0.7,0.18,1,5,0,0,0,0,-300,0,0
96000,H_os2adaa_direct,0.7,0.18,1,5,0,0,0,0,-300,0,0
96000,A_direct,0.7,1.2,0.6,0,0.533569,0.688653,0.0195171,0.532419,-23.9269,0,0.531727
96000,B_midpoint,0.7,1.2,0.6,0,0.453954,0.63459,0.011562,0.451514,-31.3676,0.160131,0.426622
96000,C_os2_direct,0.7,1.2,0.6,0,0.284105,0.441457,0.0112166,0.286759,-30.3488,0.364179,0.312304
96000,D_os2_midpoint,0.7,1.2,0.6,0,0.274149,0.407829,0.00728019,0.275873,-29.9513,0.34283,0.291851
96000,E_os2_all,0.7,1.2,0.6,0,0.269226,0.406656,0.00502229,0.269601,-25.8924,0.297214,0.270764
96000,F_adaa_direct,0.7,1.2,0.6,0,0.506452,0.686716,0.0167176,0.504302,-27.1162,0.102488,0.483651
96000,G_os4_direct,0.7,1.2,0.6,0,0.461397,0.645763,0.00467646,0.461967,-27.8973,0.297844,0.468444
96000,H_os2adaa_direct,0.7,1.2,0.6,0,0.32789,0.509616,0.00884467,0.330095,-30.9911,0.358323,0.351822
96000,A_direct,0.7,1.2,0.6,1,0.338757,0.674476,0.0369334,0.336774,-17.4877,0,0.324527
96000,B_midpoint,0.7,1.2,0.6,1,0.214873,0.55245,0.042284,0.213634,-19.7263,0.199723,0.202398
96000,C_os2_direct,0.7,1.2,0.6,1,0.246493,0.612757,0.061078,0.243782,-16.8083,0.294739,0.234159
96000,D_os2_midpoint,0.7,1.2,0.6,1,0.226177,0.552385,0.0493553,0.224092,-16.2716,0.279195,0.226058
96000,E_os2_all,0.7,1.2,0.6,1,0.28458,0.600453,0.0148789,0.284543,-11.9937,0.278838,0.285302
96000,F_adaa_direct,0.7,1.2,0.6,1,0.282183,0.633154,0.0363099,0.279289,-19.7084,0.146916,0.250042
96000,G_os4_direct,0.7,1.2,0.6,1,0.246716,0.569601,0.0245678,0.246316,-17.9567,0.210924,0.24621
96000,H_os2adaa_direct,0.7,1.2,0.6,1,0.251892,0.609051,0.0593823,0.249418,-16.7676,0.284995,0.239836
96000,A_direct,0.7,1.2,0.6,2,0.295676,0.65811,0.103023,0.288194,-34.2683,0,0.180596
96000,B_midpoint,0.7,1.2,0.6,2,0.281878,0.652849,0.086335,0.273692,-56.3402,0.145422,0.114044
96000,C_os2_direct,0.7,1.2,0.6,2,0.275956,0.655102,0.0745149,0.268941,-33.0779,0.153072,0.105021
96000,D_os2_midpoint,0.7,1.2,0.6,2,0.284339,0.656439,0.0957468,0.275148,-60.3972,0.168091,0.13149
96000,E_os2_all,0.7,1.2,0.6,2,0.279251,0.65502,0.079958,0.271131,-28.8725,0.154664,0.11519
96000,F_adaa_direct,0.7,1.2,0.6,2,0.290659,0.645067,0.099645,0.281961,-42.0024,0.146147,0.156726
96000,G_os4_direct,0.7,1.2,0.6,2,0.280153,0.653038,0.0793893,0.272464,-33.7686,0.152474,0.120197
96000,H_os2adaa_direct,0.7,1.2,0.6,2,0.277115,0.652327,0.0750057,0.269911,-35.0673,0.150912,0.105866
96000,A_direct,0.7,1.2,0.6,3,0.00497386,0.578713,0.00241505,0.00444814,-148.78,0,1.7489e-07
96000,B_midpoint,0.7,1.2,0.6,3,0.00363754,0.557222,0.00125272,0.00346445,-175.245,0.00431893,9.46207e-08
96000,C_os2_direct,0.7,1.2,0.6,3,0.0633736,0.551671,0.0695063,0.0868342,-32.1016,0.063384,0.0837916
96000,D_os2_midpoint,0.7,1.2,0.6,3,0.0102915,0.551671,0.00584995,0.00776008,-160.324,0.0106105,1.17879e-06
96000,E_os2_all,0.7,1.2,0.6,3,0.0598864,0.551671,0.0510117,0.0594721,-24.1339,0.0599336,0.0587169
96000,F_adaa_direct,0.7,1.2,0.6,3,0.00465881,0.563491,0.00217002,0.00421269,-163.86,0.00468193,1.41778e-07
96000,G_os4_direct,0.7,1.2,0.6,3,0.0697586,0.551671,0.0601893,0.0738707,-72.7294,0.0698039,0.0661864
96000,H_os2adaa_direct,0.7,1.2,0.6,3,0.0493634,0.551671,0.0414695,0.0511637,-86.5233,0.0494425,0.0478757
96000,A_direct,0.7,1.2,0.6,4,3.85371e-06,1.68524e-05,9.81574e-07,3.36704e-06,-156.961,0,8.84113e-08
96000,B_midpoint,0.7,1.2,0.6,4,3.86371e-06,1.6906e-05,9.83424e-07,3.3759e-06,-159.079,7.9613e-08,8.87178e-08
96000,C_os2_direct,0.7,1.2,0.6,4,0.0741324,0.388325,0.0434188,0.0533275,-23.8435,0.0741322,0.0982421
96000,D_os2_midpoint,0.7,1.2,0.6,4,0.0552343,0.30394,0.031991,0.0392516,-88.9201,0.0552342,0.00110734
96000,E_os2_all,0.7,1.2,0.6,4,0.120065,0.451782,0.07978,0.0972232,-34.0794,0.120065,0.134808
96000,F_adaa_direct,0.7,1.2,0.6,4,3.85733e-06,1.68525e-05,9.82058e-07,3.37041e-06,-157.345,8.57229e-08,9.09811e-08
96000,G_os4_direct,0.7,1.2,0.6,4,0.0881847,0.317599,0.0601073,0.0739789,-57.0209,0.0881847,0.071442
96000,H_os2adaa_direct,0.7,1.2,0.6,4,0.0730915,0.290701,0.0463749,0.0569437,-76.7801,0.0730915,0.0312884
96000,A_direct,0.7,1.2,0.6,5,0,0,0,0,-300,0,0
96000,B_midpoint,0.7,1.2,0.6,5,0,0,0,0,-300,0,0
96000,C_os2_direct,0.7,1.2,0.6,5,0,0,0,0,-300,0,0
96000,D_os2_midpoint,0.7,1.2,0.6,5,0,0,0,0,-300,0,0
96000,E_os2_all,0.7,1.2,0.6,5,0,0,0,0,-300,0,0
96000,F_adaa_direct,0.7,1.2,0.6,5,0,0,0,0,-300,0,0
96000,G_os4_direct,0.7,1.2,0.6,5,0,0,0,0,-300,0,0
96000,H_os2adaa_direct,0.7,1.2,0.6,5,0,0,0,0,-300,0,0
96000,A_direct,0.7,7,1,0,0.531556,0.689131,0.0246903,0.53153,-23.9108,0,0.530417
96000,B_midpoint,0.7,7,1,0,0.458317,0.66952,0.0160402,0.458554,-31.035,0.179502,0.456941
96000,C_os2_direct,0.7,7,1,0,0.254385,0.435057,0.0179332,0.253749,-30.0922,0.383147,0.256528
96000,D_os2_midpoint,0.7,7,1,0,0.245491,0.398329,0.0113377,0.245166,-29.5941,0.36398,0.246627
96000,E_os2_all,0.7,7,1,0,0.245113,0.384202,0.00669531,0.245066,-25.2938,0.321079,0.245794
96000,F_adaa_direct,0.7,7,1,0,0.503539,0.690194,0.0221114,0.503675,-27.3811,0.109879,0.50096
96000,G_os4_direct,0.7,7,1,0,0.451425,0.641674,0.00646795,0.451359,-27.7389,0.301715,0.451013
96000,H_os2adaa_direct,0.7,7,1,0,0.298503,0.504911,0.0143863,0.298079,-30.8118,0.374279,0.298917
96000,A_direct,0.7,7,1,1,0.337533,0.679659,0.0390493,0.337056,-17.4102,0,0.334815
96000,B_midpoint,0.7,7,1,1,0.229357,0.589162,0.0388855,0.228399,-20.1488,0.220608,0.232452
96000,C_os2_direct,0.7,7,1,1,0.225653,0.601865,0.0532444,0.223977,-16.5899,0.288936,0.22352
96000,D_os2_midpoint,0.7,7,1,1,0.216782,0.56098,0.0453657,0.215475,-16.2232,0.286497,0.215528
96000,E_os2_all,0.7,7,1,1,0.278924,0.597197,0.0195025,0.278715,-12.0568,0.292169,0.277708
96000,F_adaa_direct,0.7,7,1,1,0.290046,0.672658,0.0392898,0.289828,-20.0135,0.152798,0.287978
96000,G_os4_direct,0.7,7,1,1,0.244857,0.566877,0.0308766,0.244238,-18.1372,0.209824,0.245014
96000,H_os2adaa_direct,0.7,7,1,1,0.232514,0.625463,0.050736,0.231022,-16.544,0.279459,0.230446
96000,A_direct,0.7,7,1,2,0.253187,0.665227,0.107379,0.246286,-34.4743,0,0.209644
96000,B_midpoint,0.7,7,1,2,0.238341,0.654,0.102395,0.231494,-52.8853,0.177396,0.172837
96000,C_os2_direct,0.7,7,1,2,0.231073,0.65097,0.0760218,0.227137,-28.0061,0.175322,0.164288
96000,D_os2_midpoint,0.7,7,1,2,0.239563,0.651294,0.105292,0.231729,-60.2232,0.188415,0.183688
96000,E_os2_all,0.7,7,1,2,0.234554,0.653297,0.0919138,0.22881,-25.9303,0.176088,0.174807
96000,F_adaa_direct,0.7,7,1,2,0.253305,0.649198,0.111042,0.245902,-38.5802,0.177027,0.198734
96000,G_os4_direct,0.7,7,1,2,0.23909,0.654051,0.095603,0.232349,-30.5666,0.178392,0.185878
96000,H_os2adaa_direct,0.7,7,1,2,0.231879,0.651308,0.0885023,0.226882,-31.5429,0.173817,0.163468
96000,A_direct,0.7,7,1,3,0.120866,0.567437,0.0699122,0.0859946,-41.7897,0,0.138132
96000,B_midpoint,0.7,7,1,3,0.00452751,0.543328,0.0021509,0.00395947,-174.46,0.12087,1.40592e-07
96000,C_os2_direct,0.7,7,1,3,0.119739,0.537068,0.0916346,0.111524,-30.5713,0.175827,0.113848
96000,D_os2_midpoint,0.7,7,1,3,0.0181908,0.537068,0.0106256,0.0131693,-139.246,0.122158,1.71165e-05
96000,E_os2_all,0.7,7,1,3,0.0960771,0.537068,0.0633252,0.0768559,-33.1452,0.15736,0.117365
96000,F_adaa_direct,0.7,7,1,3,0.00629427,0.550399,0.00340694,0.00518744,-143.838,0.120916,2.66014e-07
96000,G_os4_direct,0.7,7,1,3,0.0691038,0.537068,0.0404623,0.0490386,-34.5732,0.13955,0.0887276
96000,H_os2adaa_direct,0.7,7,1,3,0.0265972,0.537068,0.015721,0.0192595,-101.821,0.123392,0.000182531
96000,A_direct,0.7,7,1,4,0.00477976,0.0376371,0.00281734,0.00337931,-73.2177,0,0.00384148
96000,B_midpoint,0.7,7,1,4,8.29443e-07,3.97858e-06,7.81991e-08,7.97665e-07,-159.702,0.00477976,2.12912e-07
96000,C_os2_direct,0.7,7,1,4,9.8398e-05,0.000416545,5.80101e-05,6.9542e-05,-103.064,0.00478077,0.000103736
96000,D_os2_midpoint,0.7,7,1,4,4.99163e-06,3.53602e-05,2.89836e-06,3.56467e-06,-156.246,0.00477976,3.29224e-06
96000,E_os2_all,0.7,7,1,4,0.0630351,0.428178,0.0551288,0.066345,-64.8457,0.0632481,0.101211
96000,F_adaa_direct,0.7,7,1,4,8.30914e-07,4.05863e-06,9.12364e-08,7.97977e-07,-157.66,0.00477976,2.28771e-07
96000,G_os4_direct,0.7,7,1,4,0.00297017,0.0142492,0.00174829,0.00209603,-122.235,0.00562728,0.00453478
96000,H_os2adaa_direct,0.7,7,1,4,7.47771e-05,0.000378371,4.40136e-05,5.27719e-05,-154.988,0.00478034,5.91623e-05
96000,A_direct,0.7,7,1,5,0,0,0,0,-300,0,0
96000,B_midpoint,0.7,7,1,5,0,0,0,0,-300,0,0
96000,C_os2_direct,0.7,7,1,5,0,0,0,0,-300,0,0
96000,D_os2_midpoint,0.7,7,1,5,0,0,0,0,-300,0,0
96000,E_os2_all,0.7,7,1,5,0,0,0,0,-300,0,0
96000,F_adaa_direct,0.7,7,1,5,0,0,0,0,-300,0,0
96000,G_os4_direct,0.7,7,1,5,0,0,0,0,-300,0,0
96000,H_os2adaa_direct,0.7,7,1,5,0,0,0,0,-300,0,0
96000,A_direct,0.7,1.2,0,0,0.529018,0.683939,0.000293068,0.528956,-24.2162,0,0.529018
96000,B_midpoint,0.7,1.2,0,0,0.422941,0.584464,0.000174951,0.422858,-33.5002,0.130865,0.422952
96000,C_os2_direct,0.7,1.2,0,0,0.348304,0.465881,0.000153538,0.34837,-29.7333,0.374155,0.348257
96000,D_os2_midpoint,0.7,1.2,0,0,0.327536,0.448159,0.000113156,0.327582,-30.168,0.348218,0.327497
96000,E_os2_all,0.7,1.2,0,0,0.303548,0.446719,0.000113693,0.303585,-27.2613,0.302709,0.303526
96000,F_adaa_direct,0.7,1.2,0,0,0.475901,0.638515,0.000234871,0.475811,-29.5411,0.0913254,0.475912
96000,G_os4_direct,0.7,1.2,0,0,0.48149,0.656589,8.45696e-05,0.481488,-27.6042,0.325323,0.481431
96000,H_os2adaa_direct,0.7,1.2,0,0,0.381776,0.528433,0.00013922,0.381817,-30.2366,0.369485,0.381723
96000,A_direct,0.7,1.2,0,1,0.309494,0.643006,0.00132482,0.309401,-17.4126,0,0.309442
96000,B_midpoint,0.7,1.2,0,1,0.213091,0.542047,0.000904497,0.213037,-19.307,0.170612,0.213008
96000,C_os2_direct,0.7,1.2,0,1,0.234846,0.525249,0.000674823,0.234834,-16.1062,0.260154,0.234758
96000,D_os2_midpoint,0.7,1.2,0,1,0.231704,0.526138,0.000175164,0.231709,-15.6739,0.25945,0.231621
96000,E_os2_all,0.7,1.2,0,1,0.284305,0.594965,0.000306208,0.28427,-12.1858,0.252906,0.284164
96000,F_adaa_direct,0.7,1.2,0,1,0.242213,0.598768,0.00118035,0.242188,-19.4296,0.127886,0.242024
96000,G_os4_direct,0.7,1.2,0,1,0.250962,0.576137,0.000209475,0.250953,-18.339,0.222868,0.250972
96000,H_os2adaa_direct,0.7,1.2,0,1,0.241749,0.544067,0.000271765,0.241748,-16.0507,0.257807,0.241664
96000,A_direct,0.7,1.2,0,2,0.188133,0.575463,0.0800188,0.183907,-40.1178,0,0.139522
96000,B_midpoint,0.7,1.2,0,2,0.153794,0.640265,0.0344636,0.152798,-56.7318,0.199566,0.11539
96000,C_os2_direct,0.7,1.2,0,2,0.169566,0.643892,0.0684836,0.166453,-47.064,0.220981,0.13242
96000,D_os2_midpoint,0.7,1.2,0,2,0.167613,0.62554,0.075375,0.164074,-60.6828,0.215783,0.11957
96000,E_os2_all,0.7,1.2,0,2,0.16783,0.631801,0.084693,0.161726,-37.9754,0.215312,0.141124
96000,F_adaa_direct,0.7,1.2,0,2,0.164209,0.617245,0.0489882,0.161991,-46.2153,0.203713,0.121368
96000,G_os4_direct,0.7,1.2,0,2,0.1765,0.699217,0.0789761,0.171681,-56.9426,0.221814,0.152204
96000,H_os2adaa_direct,0.7,1.2,0,2,0.169059,0.642675,0.0771964,0.167795,-56.6453,0.219455,0.119162
96000,A_direct,0.7,1.2,0,3,0.00392285,0.599156,5.11406e-05,0.00392475,-172.348,0,2.11515e-07
96000,B_midpoint,0.7,1.2,0,3,0.00398125,0.578255,0.00012116,0.00398521,-178.24,0.00331,2.06166e-07
96000,C_os2_direct,0.7,1.2,0,3,0.00828626,0.572862,0.00187506,0.00833304,-133.606,0.00801768,1.38309e-06
96000,D_os2_midpoint,0.7,1.2,0,3,0.00440656,0.572862,0.000797281,0.00441672,-163.426,0.00369697,3.58128e-07
96000,E_os2_all,0.7,1.2,0,3,0.12865,0.572862,0.0876232,0.121682,-100.977,0.128629,0.143779
96000,F_adaa_direct,0.7,1.2,0,3,0.00429728,0.584228,8.93536e-05,0.00430114,-173.222,0.00249499,2.47802e-07
96000,G_os4_direct,0.7,1.2,0,3,0.109156,0.572862,0.0701236,0.106471,-91.9545,0.109138,0.145409
96000,H_os2adaa_direct,0.7,1.2,0,3,0.00627157,0.572862,0.0012878,0.00629728,-154.72,0.00592945,7.32963e-07
96000,A_direct,0.7,1.2,0,4,2.69067e-06,1.14022e-05,6.65587e-08,2.66238e-06,-160.239,0,2.10886e-08
96000,B_midpoint,0.7,1.2,0,4,2.69841e-06,1.13763e-05,7.19865e-08,2.66999e-06,-159.27,7.05181e-08,6.82046e-08
96000,C_os2_direct,0.7,1.2,0,4,2.70432e-06,1.14843e-05,7.90249e-08,2.67596e-06,-157.664,8.63588e-08,7.17233e-08
96000,D_os2_midpoint,0.7,1.2,0,4,2.70763e-06,1.14572e-05,9.23643e-08,2.67882e-06,-157.647,1.07213e-07,1.03453e-07
96000,E_os2_all,0.7,1.2,0,4,0.108978,0.329127,0.0926093,0.104412,-101.791,0.108978,0.125752
96000,F_adaa_direct,0.7,1.2,0,4,2.69358e-06,1.14251e-05,6.94847e-08,2.66521e-06,-158.925,6.47776e-08,3.56146e-08
96000,G_os4_direct,0.7,1.2,0,4,2.71198e-06,1.14801e-05,1.18464e-07,2.68339e-06,-157.808,1.14524e-07,1.22187e-07
96000,H_os2adaa_direct,0.7,1.2,0,4,2.70547e-06,1.14337e-05,8.39432e-08,2.67698e-06,-157.927,8.9464e-08,7.77936e-08
96000,A_direct,0.7,1.2,0,5,0,0,0,0,-300,0,0
96000,B_midpoint,0.7,1.2,0,5,0,0,0,0,-300,0,0
96000,C_os2_direct,0.7,1.2,0,5,0,0,0,0,-300,0,0
96000,D_os2_midpoint,0.7,1.2,0,5,0,0,0,0,-300,0,0
96000,E_os2_all,0.7,1.2,0,5,0,0,0,0,-300,0,0
96000,F_adaa_direct,0.7,1.2,0,5,0,0,0,0,-300,0,0
96000,G_os4_direct,0.7,1.2,0,5,0,0,0,0,-300,0,0
96000,H_os2adaa_direct,0.7,1.2,0,5,0,0,0,0,-300,0,0
192000,A_direct,0,0.18,1,0,0.519271,0.681376,0.0005908,0.519343,-24.6156,0,0.519322
192000,B_midpoint,0,0.18,1,0,0.488182,0.649713,0.000550957,0.488308,-26.728,0.0755789,0.488266
192000,C_os2_direct,0,0.18,1,0,0.349749,0.523381,0.000584801,0.350024,-29.1334,0.228872,0.349926
192000,D_os2_midpoint,0,0.18,1,0,0.349749,0.523381,0.000584801,0.350024,-29.1334,0.228872,0.349926
192000,E_os2_all,0,0.18,1,0,0.349749,0.523381,0.000584801,0.350024,-29.1334,0.228872,0.349926
192000,F_adaa_direct,0,0.18,1,0,0.504289,0.666368,0.000574229,0.504391,-25.4712,0.0460551,0.504359
192000,G_os4_direct,0,0.18,1,0,0.229692,0.335282,0.000731291,0.229875,-27.6641,0.298111,0.229817
192000,H_os2adaa_direct,0,0.18,1,0,0.32951,0.501483,0.000606344,0.329793,-28.8841,0.239923,0.329693
192000,A_direct,0,0.18,1,1,0.285444,0.637826,0.000543414,0.285487,-16.5393,0,0.285501
192000,B_midpoint,0,0.18,1,1,0.249248,0.577125,0.000536939,0.249325,-18.4091,0.0583229,0.249408
192000,C_os2_direct,0,0.18,1,1,0.145944,0.368632,0.000586512,0.146024,-22.3453,0.18328,0.146252
192000,D_os2_midpoint,0,0.18,1,1,0.145944,0.368632,0.000586512,0.146024,-22.3453,0.18328,0.146252
192000,E_os2_all,0,0.18,1,1,0.145944,0.368632,0.000586512,0.146024,-22.3453,0.18328,0.146252
192000,F_adaa_direct,0,0.18,1,1,0.26726,0.608954,0.000537606,0.267324,-17.4619,0.0354566,0.267374
192000,G_os4_direct,0,0.18,1,1,0.178326,0.399854,0.000577675,0.178277,-16.8135,0.217249,0.178334
192000,H_os2adaa_direct,0,0.18,1,1,0.143588,0.360143,0.000586784,0.143646,-21.2852,0.191018,0.143871
192000,A_direct,0,0.18,1,2,0.0785232,0.246816,0.00503416,0.0777964,-67.8502,0,0.0535016
192000,B_midpoint,0,0.18,1,2,0.0769821,0.238117,0.00503586,0.0762342,-69.1626,0.00728272,0.0524112
192000,C_os2_direct,0,0.18,1,2,0.0727307,0.207889,0.00504005,0.0719167,-68.0535,0.0244885,0.0493734
192000,D_os2_midpoint,0,0.18,1,2,0.0727307,0.207889,0.00504005,0.0719167,-68.0535,0.0244885,0.0493734
192000,E_os2_all,0,0.18,1,2,0.0727307,0.207889,0.00504005,0.0719167,-68.0535,0.0244885,0.0493734
192000,F_adaa_direct,0,0.18,1,2,0.077772,0.24298,0.00503504,0.0770348,-68.2498,0.0041977,0.0529688
192000,G_os4_direct,0,0.18,1,2,0.0710333,0.180945,0.00504149,0.0701805,-67.9745,0.0327133,0.0481492
192000,H_os2adaa_direct,0,0.18,1,2,0.0723115,0.203249,0.00504047,0.0714899,-68.1344,0.0259888,0.0490737
192000,A_direct,0,0.18,1,3,0.00311397,0.561526,4.07839e-06,0.00311396,-174.74,0,1.2017e-06
192000,B_midpoint,0,0.18,1,3,0.0030488,0.546506,5.55199e-06,0.0030488,-176.658,0.000215667,1.07158e-06
192000,C_os2_direct,0,0.18,1,3,0.00303991,0.542781,2.28786e-06,0.00303993,-169.237,0.000507384,1.44003e-06
192000,D_os2_midpoint,0,0.18,1,3,0.00303991,0.542781,2.28786e-06,0.00303993,-169.237,0.000507384,1.44003e-06
192000,E_os2_all,0,0.18,1,3,0.00303991,0.542781,2.28786e-06,0.00303993,-169.237,0.000507384,1.44003e-06
192000,F_adaa_direct,0,0.18,1,3,0.00307923,0.550572,6.10581e-06,0.00307922,-175.103,0.000230639,1.02617e-06
192000,G_os4_direct,0,0.18,1,3,0.00304254,0.542781,2.27587e-06,0.00304256,-167.875,0.000544499,1.4485e-06
192000,H_os2adaa_direct,0,0.18,1,3,0.00303227,0.542781,3.07535e-06,0.00303229,-170.339,0.000457726,1.32227e-06
192000,A_direct,0,0.18,1,4,4.60766e-05,0.00019015,4.18905e-07,4.58675e-05,-189.476,0,1.53205e-07
192000,B_midpoint,0,0.18,1,4,4.61295e-05,0.000190369,4.19135e-07,4.59204e-05,-189.477,5.29853e-08,1.53369e-07
192000,C_os2_direct,0,0.18,1,4,4.62005e-05,0.000190668,4.18523e-07,4.59914e-05,-198.677,1.2501e-07,1.55423e-07
192000,D_os2_midpoint,0,0.18,1,4,4.62005e-05,0.000190668,4.18523e-07,4.59914e-05,-198.677,1.2501e-07,1.55423e-07
192000,E_os2_all,0,0.18,1,4,4.62005e-05,0.000190668,4.18523e-07,4.59914e-05,-198.677,1.2501e-07,1.55423e-07
192000,F_adaa_direct,0,0.18,1,4,4.61052e-05,0.000190268,4.19366e-07,4.58959e-05,-189.478,2.86488e-08,1.53297e-07
192000,G_os4_direct,0,0.18,1,4,4.626e-05,0.000190865,4.18796e-07,4.60508e-05,-198.667,1.84207e-07,1.55605e-07
192000,H_os2adaa_direct,0,0.18,1,4,4.62102e-05,0.000190709,4.18655e-07,4.60011e-05,-198.674,1.34651e-07,1.55455e-07
192000,A_direct,0,0.18,1,5,0,0,0,0,-300,0,0
192000,B_midpoint,0,0.18,1,5,0,0,0,0,-300,0,0
192000,C_os2_direct,0,0.18,1,5,0,0,0,0,-300,0,0
192000,D_os2_midpoint,0,0.18,1,5,0,0,0,0,-300,0,0
192000,E_os2_all,0,0.18,1,5,0,0,0,0,-300,0,0
192000,F_adaa_direct,0,0.18,1,5,0,0,0,0,-300,0,0
192000,G_os4_direct,0,0.18,1,5,0,0,0,0,-300,0,0
192000,H_os2adaa_direct,0,0.18,1,5,0,0,0,0,-300,0,0
192000,A_direct,0,1.2,0.6,0,0.524876,0.688028,0.0105465,0.52553,-24.6906,0,0.524665
192000,B_midpoint,0,1.2,0.6,0,0.502317,0.6755,0.00996585,0.503855,-26.5731,0.0701625,0.508923
192000,C_os2_direct,0,1.2,0.6,0,0.386033,0.586556,0.00953631,0.390232,-29.941,0.210973,0.403475
192000,D_os2_midpoint,0,1.2,0.6,0,0.386033,0.586556,0.00953631,0.390232,-29.941,0.210973,0.403475
192000,E_os2_all,0,1.2,0.6,0,0.386033,0.586556,0.00953631,0.390232,-29.941,0.210973,0.403475
192000,F_adaa_direct,0,1.2,0.6,0,0.515495,0.686299,0.0104137,0.516627,-25.425,0.042729,0.520417
192000,G_os4_direct,0,1.2,0.6,0,0.273859,0.436032,0.0119047,0.278035,-28.4062,0.267496,0.290751
192000,H_os2adaa_direct,0,1.2,0.6,0,0.368461,0.5703,0.00974099,0.372893,-29.6981,0.22041,0.386807
192000,A_direct,0,1.2,0.6,1,0.288693,0.647782,0.00681565,0.289269,-16.386,0,0.291188
192000,B_midpoint,0,1.2,0.6,1,0.257321,0.606144,0.00663291,0.258475,-18.0204,0.0535066,0.262277
192000,C_os2_direct,0,1.2,0.6,1,0.160722,0.402249,0.00723786,0.162239,-21.9558,0.166672,0.167211
192000,D_os2_midpoint,0,1.2,0.6,1,0.160722,0.402249,0.00723786,0.162239,-21.9558,0.166672,0.167211
192000,E_os2_all,0,1.2,0.6,1,0.160722,0.402249,0.00723786,0.162239,-21.9558,0.166672,0.167211
192000,F_adaa_direct,0,1.2,0.6,1,0.273176,0.6295,0.00675181,0.274103,-17.1927,0.0325583,0.277163
192000,G_os4_direct,0,1.2,0.6,1,0.179101,0.404815,0.00726401,0.178621,-16.9456,0.197428,0.17713
192000,H_os2adaa_direct,0,1.2,0.6,1,0.156774,0.399157,0.00726805,0.158004,-21.1156,0.173567,0.162072
192000,A_direct,0,1.2,0.6,2,0.0872726,0.26115,0.0232079,0.091227,-69.4614,0,0.0766476
192000,B_midpoint,0,1.2,0.6,2,0.0857491,0.252525,0.0232186,0.0897696,-70.7746,0.00658532,0.0758406
192000,C_os2_direct,0,1.2,0.6,2,0.0811892,0.221524,0.0232551,0.0853647,-69.744,0.0221357,0.0732301
192000,D_os2_midpoint,0,1.2,0.6,2,0.0811892,0.221524,0.0232551,0.0853647,-69.744,0.0221357,0.0732301
192000,E_os2_all,0,1.2,0.6,2,0.0811892,0.221524,0.0232551,0.0853647,-69.744,0.0221357,0.0732301
192000,F_adaa_direct,0,1.2,0.6,2,0.0865238,0.256731,0.0232137,0.0905125,-69.8716,0.0037961,0.0762595
192000,G_os4_direct,0,1.2,0.6,2,0.0787052,0.197259,0.0232773,0.0828871,-69.6305,0.0295547,0.0715438
192000,H_os2adaa_direct,0,1.2,0.6,2,0.0806866,0.216786,0.0232592,0.0848717,-69.8209,0.0234901,0.0729162
192000,A_direct,0,1.2,0.6,3,0.00318704,0.574897,3.03106e-05,0.00318693,-175.939,0,4.82214e-07
192000,B_midpoint,0,1.2,0.6,3,0.00312485,0.560812,4.07921e-05,0.00312474,-177.404,0.000205959,4.17982e-07
192000,C_os2_direct,0,1.2,0.6,3,0.00311475,0.557373,1.99571e-05,0.00311489,-170.224,0.0004678,5.80349e-07
192000,D_os2_midpoint,0,1.2,0.6,3,0.00311475,0.557373,1.99571e-05,0.00311489,-170.224,0.0004678,5.80349e-07
192000,E_os2_all,0,1.2,0.6,3,0.00311475,0.557373,1.99571e-05,0.00311489,-170.224,0.0004678,5.80349e-07
192000,F_adaa_direct,0,1.2,0.6,3,0.00315233,0.564524,4.4663e-05,0.00315221,-176.183,0.000216998,3.97192e-07
192000,G_os4_direct,0,1.2,0.6,3,0.00311682,0.557373,1.98701e-05,0.00311696,-168.812,0.000506263,5.84305e-07
192000,H_os2adaa_direct,0,1.2,0.6,3,0.00310997,0.557373,2.59354e-05,0.00311008,-171.317,0.000438134,5.25905e-07
192000,A_direct,0,1.2,0.6,4,3.43934e-05,0.000142287,3.86414e-06,3.24615e-05,-179.405,0,1.33648e-07
192000,B_midpoint,0,1.2,0.6,4,3.44395e-05,0.000142478,3.86701e-06,3.25062e-05,-179.404,4.61064e-08,1.33789e-07
192000,C_os2_direct,0,1.2,0.6,4,3.44968e-05,0.000142715,3.87206e-06,3.25609e-05,-179.387,1.03535e-07,1.33807e-07
192000,D_os2_midpoint,0,1.2,0.6,4,3.44968e-05,0.000142715,3.87206e-06,3.25609e-05,-179.387,1.03535e-07,1.33807e-07
192000,E_os2_all,0,1.2,0.6,4,3.44968e-05,0.000142715,3.87206e-06,3.25609e-05,-179.387,1.03535e-07,1.33807e-07
192000,F_adaa_direct,0,1.2,0.6,4,3.44176e-05,0.000142387,3.86562e-06,3.24849e-05,-179.408,2.41643e-08,1.33729e-07
192000,G_os4_direct,0,1.2,0.6,4,3.4547e-05,0.000142923,3.87625e-06,3.2609e-05,-179.385,1.53712e-07,1.33961e-07
192000,H_os2adaa_direct,0,1.2,0.6,4,3.45052e-05,0.00014275,3.87301e-06,3.25689e-05,-179.386,1.11948e-07,1.33834e-07
192000,A_direct,0,1.2,0.6,5,0,0,0,0,-300,0,0
192000,B_midpoint,0,1.2,0.6,5,0,0,0,0,-300,0,0
192000,C_os2_direct,0,1.2,0.6,5,0,0,0,0,-300,0,0
192000,D_os2_midpoint,0,1.2,0.6,5,0,0,0,0,-300,0,0
192000,E_os2_all,0,1.2,0.6,5,0,0,0,0,-300,0,0
192000,F_adaa_direct,0,1.2,0.6,5,0,0,0,0,-300,0,0
192000,G_os4_direct,0,1.2,0.6,5,0,0,0,0,-300,0,0
192000,H_os2adaa_direct,0,1.2,0.6,5,0,0,0,0,-300,0,0
192000,A_direct,0,7,1,0,0.52432,0.69047,0.0101879,0.524336,-25.0548,0,0.524886
192000,B_midpoint,0,7,1,0,0.507097,0.689006,0.00986065,0.507111,-26.3308,0.0747008,0.49874
192000,C_os2_direct,0,7,1,0,0.403656,0.627885,0.00930926,0.403634,-29.7949,0.228968,0.374406
192000,D_os2_midpoint,0,7,1,0,0.403656,0.627885,0.00930926,0.403634,-29.7949,0.228968,0.374406
192000,E_os2_all,0,7,1,0,0.403656,0.627885,0.00930926,0.403634,-29.7949,0.228968,0.374406
192000,F_adaa_direct,0,7,1,0,0.517094,0.690872,0.0101813,0.517108,-25.5683,0.045074,0.512623
192000,G_os4_direct,0,7,1,0,0.287364,0.513709,0.0108888,0.287202,-28.799,0.288974,0.249668
192000,H_os2adaa_direct,0,7,1,0,0.386858,0.61601,0.00936117,0.386824,-29.7403,0.239774,0.355201
192000,A_direct,0,7,1,1,0.29222,0.651093,0.00629226,0.292221,-16.2285,0,0.289426
192000,B_midpoint,0,7,1,1,0.26341,0.613519,0.00614783,0.263405,-17.7104,0.0580322,0.256424
192000,C_os2_direct,0,7,1,1,0.165994,0.431158,0.00670216,0.165939,-23.3855,0.179877,0.154132
192000,D_os2_midpoint,0,7,1,1,0.165994,0.431158,0.00670216,0.165939,-23.3855,0.179877,0.154132
192000,E_os2_all,0,7,1,1,0.165994,0.431158,0.00670216,0.165939,-23.3855,0.179877,0.154132
192000,F_adaa_direct,0,7,1,1,0.278471,0.632794,0.00625862,0.278469,-16.9221,0.0352675,0.273183
192000,G_os4_direct,0,7,1,1,0.172735,0.407044,0.00677768,0.172673,-17.7719,0.211125,0.174569
192000,H_os2adaa_direct,0,7,1,1,0.160041,0.424317,0.0067328,0.159979,-22.675,0.187,0.149824
192000,A_direct,0,7,1,2,0.113431,0.309944,0.0149808,0.113754,-68.6103,0,0.0691971
192000,B_midpoint,0,7,1,2,0.112396,0.306285,0.0149847,0.112726,-69.7723,0.00727223,0.0681723
192000,C_os2_direct,0,7,1,2,0.108959,0.291439,0.0150103,0.1093,-68.9666,0.0244439,0.0651231
192000,D_os2_midpoint,0,7,1,2,0.108959,0.291439,0.0150103,0.1093,-68.9666,0.0244439,0.0651231
192000,E_os2_all,0,7,1,2,0.108959,0.291439,0.0150103,0.1093,-68.9666,0.0244439,0.0651231
192000,F_adaa_direct,0,7,1,2,0.112952,0.308934,0.0149832,0.11328,-68.9604,0.00419199,0.0686928
192000,G_os4_direct,0,7,1,2,0.10658,0.271739,0.0150282,0.106917,-68.9015,0.0326331,0.0633869
192000,H_os2adaa_direct,0,7,1,2,0.108521,0.288494,0.0150133,0.108863,-69.0565,0.0259394,0.0647807
192000,A_direct,0,7,1,3,0.00311304,0.561298,1.2066e-05,0.00311307,-176.286,0,2.86489e-07
192000,B_midpoint,0,7,1,3,0.00304839,0.546456,1.66313e-05,0.00304839,-178.115,0.00021691,2.40338e-07
192000,C_os2_direct,0,7,1,3,0.00304147,0.542781,7.05735e-06,0.0030414,-169.678,0.000502461,3.78556e-07
192000,D_os2_midpoint,0,7,1,3,0.00304147,0.542781,7.05735e-06,0.0030414,-169.678,0.000502461,3.78556e-07
192000,E_os2_all,0,7,1,3,0.00304147,0.542781,7.05735e-06,0.0030414,-169.678,0.000502461,3.78556e-07
192000,F_adaa_direct,0,7,1,3,0.00307883,0.550469,1.83702e-05,0.00307882,-176.773,0.000231356,2.25613e-07
192000,G_os4_direct,0,7,1,3,0.0030441,0.542781,7.07382e-06,0.00304403,-168.21,0.000540912,3.82349e-07
192000,H_os2adaa_direct,0,7,1,3,0.00303384,0.542781,9.39245e-06,0.00303377,-170.903,0.000459899,3.33229e-07
192000,A_direct,0,7,1,4,3.35802e-06,1.4088e-05,3.7308e-06,1.49728e-06,-171.114,0,1.99147e-07
192000,B_midpoint,0,7,1,4,3.38103e-06,1.41834e-05,3.73301e-06,1.5191e-06,-171.11,2.32403e-08,1.99202e-07
192000,C_os2_direct,0,7,1,4,3.3992e-06,1.42585e-05,3.73458e-06,1.53642e-06,-171.093,4.17887e-08,1.99368e-07
192000,D_os2_midpoint,0,7,1,4,3.3992e-06,1.42585e-05,3.73458e-06,1.53642e-06,-171.093,4.17887e-08,1.99368e-07
192000,E_os2_all,0,7,1,4,3.3992e-06,1.42585e-05,3.73458e-06,1.53642e-06,-171.093,4.17887e-08,1.99368e-07
192000,F_adaa_direct,0,7,1,4,3.37015e-06,1.41383e-05,3.73174e-06,1.5089e-06,-171.119,1.23163e-08,1.9918e-07
192000,G_os4_direct,0,7,1,4,3.41808e-06,1.43367e-05,3.73635e-06,1.55434e-06,-171.093,6.06506e-08,1.99411e-07
192000,H_os2adaa_direct,0,7,1,4,3.40215e-06,1.42708e-05,3.73459e-06,1.53935e-06,-171.09,4.47341e-08,1.99357e-07
192000,A_direct,0,7,1,5,0,0,0,0,-300,0,0
192000,B_midpoint,0,7,1,5,0,0,0,0,-300,0,0
192000,C_os2_direct,0,7,1,5,0,0,0,0,-300,0,0
192000,D_os2_midpoint,0,7,1,5,0,0,0,0,-300,0,0
192000,E_os2_all,0,7,1,5,0,0,0,0,-300,0,0
192000,F_adaa_direct,0,7,1,5,0,0,0,0,-300,0,0
192000,G_os4_direct,0,7,1,5,0,0,0,0,-300,0,0
192000,H_os2adaa_direct,0,7,1,5,0,0,0,0,-300,0,0
192000,A_direct,0,1.2,0,0,0.527721,0.689337,0.000143275,0.527699,-24.7589,0,0.527731
192000,B_midpoint,0,1.2,0,0,0.504963,0.666993,0.000128367,0.504929,-26.66,0.0637124,0.504997
192000,C_os2_direct,0,1.2,0,0,0.39047,0.566918,0.000135152,0.390405,-30.2124,0.189291,0.390552
192000,D_os2_midpoint,0,1.2,0,0,0.39047,0.566918,0.000135152,0.390405,-30.2124,0.189291,0.390552
192000,E_os2_all,0,1.2,0,0,0.39047,0.566918,0.000135152,0.390405,-30.2124,0.189291,0.390552
192000,F_adaa_direct,0,1.2,0,0,0.518543,0.680699,0.000136806,0.518515,-25.4833,0.0389728,0.518569
192000,G_os4_direct,0,1.2,0,0,0.293457,0.41532,0.000178561,0.293418,-28.8899,0.241924,0.293517
192000,H_os2adaa_direct,0,1.2,0,0,0.374208,0.548728,0.000141495,0.374143,-29.9434,0.197521,0.374294
192000,A_direct,0,1.2,0,1,0.285083,0.633325,9.3341e-05,0.285069,-16.3591,0,0.285092
192000,B_midpoint,0,1.2,0,1,0.255077,0.584088,8.97881e-05,0.255056,-17.8104,0.0457117,0.255164
192000,C_os2_direct,0,1.2,0,1,0.16928,0.401871,9.94324e-05,0.169261,-20.696,0.142724,0.169504
192000,D_os2_midpoint,0,1.2,0,1,0.16928,0.401871,9.94324e-05,0.169261,-20.696,0.142724,0.169504
192000,E_os2_all,0,1.2,0,1,0.16928,0.401871,9.94324e-05,0.169261,-20.696,0.142724,0.169504
192000,F_adaa_direct,0,1.2,0,1,0.269902,0.60965,9.16701e-05,0.269884,-17.0969,0.0278324,0.269954
192000,G_os4_direct,0,1.2,0,1,0.189873,0.425633,9.87423e-05,0.189883,-16.7128,0.170461,0.18992
192000,H_os2adaa_direct,0,1.2,0,1,0.166865,0.401467,9.97187e-05,0.166852,-20.0604,0.148847,0.167079
192000,A_direct,0,1.2,0,2,0.078652,0.270633,0.000344191,0.078633,-71.7036,0,0.0542722
192000,B_midpoint,0,1.2,0,2,0.0771401,0.263281,0.000344349,0.0771212,-73.0449,0.0056094,0.0532267
192000,C_os2_direct,0,1.2,0,2,0.0726321,0.236091,0.000344875,0.0726148,-72.1857,0.0188579,0.0500947
192000,D_os2_midpoint,0,1.2,0,2,0.0726321,0.236091,0.000344875,0.0726148,-72.1857,0.0188579,0.0500947
192000,E_os2_all,0,1.2,0,2,0.0726321,0.236091,0.000344875,0.0726148,-72.1857,0.0188579,0.0500947
192000,F_adaa_direct,0,1.2,0,2,0.0778993,0.26736,0.00034427,0.0778803,-72.1369,0.00323327,0.0537515
192000,G_os4_direct,0,1.2,0,2,0.0703681,0.218454,0.000345166,0.0703537,-72.0769,0.0251894,0.0485256
192000,H_os2adaa_direct,0,1.2,0,2,0.0721579,0.232079,0.000344938,0.072141,-72.2663,0.020013,0.0497659
192000,A_direct,0,1.2,0,3,0.00329254,0.594179,9.89758e-07,0.00329254,-177.579,0,4.14956e-07
192000,B_midpoint,0,1.2,0,3,0.0032354,0.581524,1.3281e-06,0.0032354,-178.841,0.000189103,3.54918e-07
192000,C_os2_direct,0,1.2,0,3,0.0032246,0.57852,7.6085e-07,0.0032246,-171.644,0.000421716,4.76368e-07
192000,D_os2_midpoint,0,1.2,0,3,0.0032246,0.57852,7.6085e-07,0.0032246,-171.644,0.000421716,4.76368e-07
192000,E_os2_all,0,1.2,0,3,0.0032246,0.57852,7.6085e-07,0.0032246,-171.644,0.000421716,4.76368e-07
192000,F_adaa_direct,0,1.2,0,3,0.00325857,0.584715,1.44841e-06,0.00325857,-177.695,0.000195036,3.36184e-07
192000,G_os4_direct,0,1.2,0,3,0.00322603,0.57852,7.58125e-07,0.00322602,-170.298,0.000460603,4.78824e-07
192000,H_os2adaa_direct,0,1.2,0,3,0.00322245,0.57852,9.59163e-07,0.00322245,-172.793,0.00040962,4.32877e-07
192000,A_direct,0,1.2,0,4,6.69097e-06,2.76508e-05,1.48125e-07,6.61729e-06,-198.15,0,2.15353e-08
192000,B_midpoint,0,1.2,0,4,6.71982e-06,2.77704e-05,1.48386e-07,6.64601e-06,-198.136,2.88654e-08,2.16277e-08
192000,C_os2_direct,0,1.2,0,4,6.74972e-06,2.78901e-05,1.49238e-07,6.67544e-06,-201.33,5.95621e-08,2.16744e-08
192000,D_os2_midpoint,0,1.2,0,4,6.74972e-06,2.78901e-05,1.49238e-07,6.67544e-06,-201.33,5.95621e-08,2.16744e-08
192000,E_os2_all,0,1.2,0,4,6.74972e-06,2.78901e-05,1.49238e-07,6.67544e-06,-201.33,5.95621e-08,2.16744e-08
192000,F_adaa_direct,0,1.2,0,4,6.70629e-06,2.77143e-05,1.48426e-07,6.63245e-06,-198.136,1.53417e-08,2.15844e-08
192000,G_os4_direct,0,1.2,0,4,6.77777e-06,2.8005e-05,1.49451e-07,6.70336e-06,-202.267,8.74633e-08,2.17532e-08
192000,H_os2adaa_direct,0,1.2,0,4,6.75432e-06,2.79092e-05,1.49308e-07,6.68e-06,-201.33,6.40993e-08,2.16891e-08
192000,A_direct,0,1.2,0,5,0,0,0,0,-300,0,0
192000,B_midpoint,0,1.2,0,5,0,0,0,0,-300,0,0
192000,C_os2_direct,0,1.2,0,5,0,0,0,0,-300,0,0
192000,D_os2_midpoint,0,1.2,0,5,0,0,0,0,-300,0,0
192000,E_os2_all,0,1.2,0,5,0,0,0,0,-300,0,0
192000,F_adaa_direct,0,1.2,0,5,0,0,0,0,-300,0,0
192000,G_os4_direct,0,1.2,0,5,0,0,0,0,-300,0,0
192000,H_os2adaa_direct,0,1.2,0,5,0,0,0,0,-300,0,0
192000,A_direct,0.25,0.18,1,0,0.517039,0.672525,0.000802123,0.517153,-24.238,0,0.517095
192000,B_midpoint,0.25,0.18,1,0,0.471542,0.629791,0.000675736,0.471734,-27.8018,0.0903616,0.471586
192000,C_os2_direct,0.25,0.18,1,0,0.305167,0.46994,0.000741158,0.305502,-29.5892,0.244705,0.305201
192000,D_os2_midpoint,0.25,0.18,1,0,0.304544,0.468577,0.000706153,0.304863,-29.6777,0.244475,0.304568
192000,E_os2_all,0.25,0.18,1,0,0.305653,0.468532,0.00060642,0.305926,-29.8931,0.241579,0.305665
192000,F_adaa_direct,0.25,0.18,1,0,0.495735,0.653849,0.000757443,0.495894,-25.7188,0.0544901,0.495788
192000,G_os4_direct,0.25,0.18,1,0,0.207608,0.333945,0.00080984,0.20764,-28.8502,0.324441,0.2076
192000,H_os2adaa_direct,0.25,0.18,1,0,0.28387,0.439778,0.000762208,0.284195,-29.2894,0.257011,0.283898
192000,A_direct,0.25,0.18,1,1,0.301338,0.634654,0.00114552,0.301428,-16.5731,0,0.301482
192000,B_midpoint,0.25,0.18,1,1,0.241905,0.559665,0.000986633,0.242045,-19.47,0.0891359,0.242164
192000,C_os2_direct,0.25,0.18,1,1,0.143618,0.368036,0.000905466,0.143678,-20.7143,0.228856,0.144
192000,D_os2_midpoint,0.25,0.18,1,1,0.141298,0.361958,0.000806864,0.141362,-20.9536,0.222061,0.141662
192000,E_os2_all,0.25,0.18,1,1,0.137474,0.34582,0.000597603,0.137542,-21.6467,0.203678,0.137776
192000,F_adaa_direct,0.25,0.18,1,1,0.272678,0.600804,0.00111928,0.272802,-18.1101,0.0532621,0.272897
192000,G_os4_direct,0.25,0.18,1,1,0.18632,0.414984,0.000715073,0.186273,-16.9254,0.255016,0.186373
192000,H_os2adaa_direct,0.25,0.18,1,1,0.145661,0.3682,0.00087456,0.145691,-19.8827,0.235926,0.146003
192000,A_direct,0.25,0.18,1,2,0.0793567,0.295468,0.00383365,0.0784319,-55.5717,0,0.0531481
192000,B_midpoint,0.25,0.18,1,2,0.0720846,0.249608,0.0038406,0.0710555,-62.1795,0.0183188,0.0487665
192000,C_os2_direct,0.25,0.18,1,2,0.0648401,0.19696,0.0038565,0.0636293,-64.6362,0.0429187,0.0437631
192000,D_os2_midpoint,0.25,0.18,1,2,0.0647747,0.192224,0.00386779,0.0635537,-66.4825,0.0415174,0.043758
192000,E_os2_all,0.25,0.18,1,2,0.0651427,0.190343,0.00390548,0.0639017,-70.1319,0.0385838,0.0440412
192000,F_adaa_direct,0.25,0.18,1,2,0.076404,0.27886,0.00383602,0.0754415,-57.4156,0.00979581,0.0513598
192000,G_os4_direct,0.25,0.18,1,2,0.0645447,0.182206,0.0038769,0.0632772,-67.8156,0.0495427,0.0435334
192000,H_os2adaa_direct,0.25,0.18,1,2,0.064465,0.191125,0.00385933,0.0632385,-65.3012,0.0444039,0.0434986
192000,A_direct,0.25,0.18,1,3,0.00310793,0.558173,5.44004e-06,0.0031079,-173.993,0,2.10698e-06
192000,B_midpoint,0.25,0.18,1,3,0.00305465,0.544157,7.91504e-06,0.00305461,-176.605,0.000272654,1.86274e-06
192000,C_os2_direct,0.25,0.18,1,3,0.00304511,0.540616,3.76438e-06,0.00304512,-166.892,0.000619126,2.85372e-06
192000,D_os2_midpoint,0.25,0.18,1,3,0.00303362,0.540616,2.82836e-06,0.00303364,-169.054,0.000566891,2.71121e-06
192000,E_os2_all,0.25,0.18,1,3,0.00303938,0.540616,3.71854e-06,0.00303939,-163.951,0.000593549,2.85094e-06
192000,F_adaa_direct,0.25,0.18,1,3,0.00308902,0.548094,8.25377e-06,0.00308896,-174.431,0.000260628,1.82511e-06
192000,G_os4_direct,0.25,0.18,1,3,0.00304588,0.540616,3.99254e-06,0.00304589,-164.094,0.00064689,2.88556e-06
192000,H_os2adaa_direct,0.25,0.18,1,3,0.00302427,0.540616,3.0463e-06,0.0030243,-169.776,0.000509062,2.52712e-06
192000,A_direct,0.25,0.18,1,4,0.000208349,0.0006834,2.19405e-06,0.000207258,-157.743,0,4.73872e-06
192000,B_midpoint,0.25,0.18,1,4,0.000208507,0.000683847,2.19488e-06,0.000207416,-157.778,1.60816e-07,4.74498e-06
192000,C_os2_direct,0.25,0.18,1,4,0.000208674,0.000684334,2.19582e-06,0.000207582,-157.792,3.26993e-07,4.75144e-06
192000,D_os2_midpoint,0.25,0.18,1,4,0.000208688,0.000684324,2.19601e-06,0.000207596,-157.793,3.42028e-07,4.75319e-06
192000,E_os2_all,0.25,0.18,1,4,0.000208724,0.000684419,2.19616e-06,0.000207632,-157.779,3.79974e-07,4.75783e-06
192000,F_adaa_direct,0.25,0.18,1,4,0.000208428,0.000683636,2.19444e-06,0.000207337,-157.771,8.16599e-08,4.74113e-06
192000,G_os4_direct,0.25,0.18,1,4,0.000208827,0.000684817,2.19699e-06,0.000207735,-157.787,4.80607e-07,4.75758e-06
192000,H_os2adaa_direct,0.25,0.18,1,4,0.0002087,0.000684419,2.19579e-06,0.000207608,-157.777,3.53524e-07,4.75251e-06
192000,A_direct,0.25,0.18,1,5,0,0,0,0,-300,0,0
192000,B_midpoint,0.25,0.18,1,5,0,0,0,0,-300,0,0
192000,C_os2_direct,0.25,0.18,1,5,0,0,0,0,-300,0,0
192000,D_os2_midpoint,0.25,0.18,1,5,0,0,0,0,-300,0,0
192000,E_os2_all,0.25,0.18,1,5,0,0,0,0,-300,0,0
192000,F_adaa_direct,0.25,0.18,1,5,0,0,0,0,-300,0,0
192000,G_os4_direct,0.25,0.18,1,5,0,0,0,0,-300,0,0
192000,H_os2adaa_direct,0.25,0.18,1,5,0,0,0,0,-300,0,0
192000,A_direct,0.25,1.2,0.6,0,0.526735,0.686156,0.0154996,0.527843,-24.1514,0,0.528922
192000,B_midpoint,0.25,1.2,0.6,0,0.490201,0.6676,0.0131865,0.492824,-27.6162,0.0880397,0.50091
192000,C_os2_direct,0.25,1.2,0.6,0,0.346207,0.550689,0.0127922,0.352066,-30.5933,0.227839,0.368817
192000,D_os2_midpoint,0.25,1.2,0.6,0,0.344006,0.546295,0.0123087,0.349636,-30.6303,0.228555,0.365572
192000,E_os2_all,0.25,1.2,0.6,0,0.340745,0.536195,0.0107228,0.345611,-30.7146,0.228144,0.35904
192000,F_adaa_direct,0.25,1.2,0.6,0,0.510911,0.682667,0.0148009,0.512844,-25.5938,0.0522184,0.519058
192000,G_os4_direct,0.25,1.2,0.6,0,0.241106,0.372636,0.015174,0.244027,-29.7155,0.293835,0.251565
192000,H_os2adaa_direct,0.25,1.2,0.6,0,0.32654,0.526831,0.013165,0.33248,-30.1769,0.238099,0.349299
192000,A_direct,0.25,1.2,0.6,1,0.309693,0.656972,0.0148162,0.310849,-16.36,0,0.315592
192000,B_midpoint,0.25,1.2,0.6,1,0.255098,0.607049,0.0141671,0.257462,-19.0822,0.0925766,0.265122
192000,C_os2_direct,0.25,1.2,0.6,1,0.154594,0.385211,0.0146242,0.155836,-20.3732,0.224328,0.15977
192000,D_os2_midpoint,0.25,1.2,0.6,1,0.152486,0.389085,0.0138683,0.153566,-20.5648,0.218033,0.15696
192000,E_os2_all,0.25,1.2,0.6,1,0.150171,0.398032,0.0112641,0.151127,-21.0779,0.198245,0.154139
192000,F_adaa_direct,0.25,1.2,0.6,1,0.284106,0.638702,0.0148,0.286016,-17.8277,0.053941,0.292843
192000,G_os4_direct,0.25,1.2,0.6,1,0.187053,0.424996,0.0131412,0.185961,-16.9052,0.246586,0.183157
192000,H_os2adaa_direct,0.25,1.2,0.6,1,0.154449,0.386229,0.0144437,0.155117,-19.6457,0.230768,0.157421
192000,A_direct,0.25,1.2,0.6,2,0.0883967,0.271192,0.0228738,0.0946118,-54.5667,0,0.0836462
192000,B_midpoint,0.25,1.2,0.6,2,0.0806393,0.21941,0.0224848,0.0873746,-61.8264,0.0207509,0.0804179
192000,C_os2_direct,0.25,1.2,0.6,2,0.0714605,0.18086,0.0222642,0.0785524,-64.921,0.0451945,0.0751202
192000,D_os2_midpoint,0.25,1.2,0.6,2,0.0711298,0.180414,0.0221226,0.0781473,-67.1388,0.0435403,0.0747217
192000,E_os2_all,0.25,1.2,0.6,2,0.070996,0.180728,0.0219169,0.0778946,-71.479,0.0401948,0.0743529
192000,F_adaa_direct,0.25,1.2,0.6,2,0.0855779,0.252506,0.0228083,0.0920858,-56.4861,0.010751,0.0827781
192000,G_os4_direct,0.25,1.2,0.6,2,0.0693787,0.17011,0.0220567,0.0763188,-68.6971,0.0501158,0.0732596
192000,H_os2adaa_direct,0.25,1.2,0.6,2,0.0707936,0.178326,0.0222217,0.0778772,-65.7022,0.0464434,0.0746311
192000,A_direct,0.25,1.2,0.6,3,0.00318198,0.57169,4.12396e-05,0.0031816,-175.19,0,1.2147e-06
192000,B_midpoint,0.25,1.2,0.6,3,0.00313108,0.558505,5.94633e-05,0.00313055,-177.469,0.000279133,1.06735e-06
192000,C_os2_direct,0.25,1.2,0.6,3,0.00311653,0.555213,3.07165e-05,0.00311674,-167.199,0.000556049,1.61168e-06
192000,D_os2_midpoint,0.25,1.2,0.6,3,0.00310649,0.555213,2.56499e-05,0.00310674,-169.865,0.000511223,1.51856e-06
192000,E_os2_all,0.25,1.2,0.6,3,0.00311151,0.555213,3.00866e-05,0.00311168,-163.879,0.000535073,1.61023e-06
192000,F_adaa_direct,0.25,1.2,0.6,3,0.00316255,0.562126,6.10855e-05,0.00316192,-175.652,0.000253047,1.05024e-06
192000,G_os4_direct,0.25,1.2,0.6,3,0.00311673,0.555213,3.17635e-05,0.00311689,-164.281,0.00059585,1.62992e-06
192000,H_os2adaa_direct,0.25,1.2,0.6,3,0.00310277,0.555213,3.08432e-05,0.00310304,-170.422,0.000495074,1.42493e-06
192000,A_direct,0.25,1.2,0.6,4,0.000168886,0.000572637,1.8106e-05,0.000159934,-159.886,0,2.21098e-06
192000,B_midpoint,0.25,1.2,0.6,4,0.000169029,0.000573139,1.81146e-05,0.000160073,-159.901,1.44987e-07,2.21419e-06
192000,C_os2_direct,0.25,1.2,0.6,4,0.000169173,0.000573586,1.81225e-05,0.000160213,-159.84,2.88482e-07,2.21721e-06
192000,D_os2_midpoint,0.25,1.2,0.6,4,0.000169187,0.000573624,1.81224e-05,0.000160227,-159.811,3.03442e-07,2.21853e-06
192000,E_os2_all,0.25,1.2,0.6,4,0.000169225,0.000573695,1.81215e-05,0.000160265,-159.788,3.42336e-07,2.22095e-06
192000,F_adaa_direct,0.25,1.2,0.6,4,0.000168956,0.000572869,1.811e-05,0.000160002,-159.93,7.21173e-08,2.21221e-06
192000,G_os4_direct,0.25,1.2,0.6,4,0.000169308,0.000573992,1.81305e-05,0.000160344,-159.858,4.23722e-07,2.22081e-06
192000,H_os2adaa_direct,0.25,1.2,0.6,4,0.000169196,0.000573647,1.81241e-05,0.000160235,-159.816,3.11746e-07,2.21784e-06
192000,A_direct,0.25,1.2,0.6,5,0,0,0,0,-300,0,0
192000,B_midpoint,0.25,1.2,0.6,5,0,0,0,0,-300,0,0
192000,C_os2_direct,0.25,1.2,0.6,5,0,0,0,0,-300,0,0
192000,D_os2_midpoint,0.25,1.2,0.6,5,0,0,0,0,-300,0,0
192000,E_os2_all,0.25,1.2,0.6,5,0,0,0,0,-300,0,0
192000,F_adaa_direct,0.25,1.2,0.6,5,0,0,0,0,-300,0,0
192000,G_os4_direct,0.25,1.2,0.6,5,0,0,0,0,-300,0,0
192000,H_os2adaa_direct,0.25,1.2,0.6,5,0,0,0,0,-300,0,0
192000,A_direct,0.25,7,1,0,0.527496,0.68933,0.0149148,0.52752,-24.3734,0,0.525834
192000,B_midpoint,0.25,7,1,0,0.500228,0.689296,0.013449,0.500256,-26.6033,0.0961878,0.486039
192000,C_os2_direct,0.25,7,1,0,0.373248,0.618511,0.0124052,0.373179,-31.4903,0.251152,0.330802
192000,D_os2_midpoint,0.25,7,1,0,0.369801,0.613633,0.012046,0.369722,-31.5184,0.253001,0.328441
192000,E_os2_all,0.25,7,1,0,0.362156,0.599602,0.0108349,0.362054,-31.4863,0.255936,0.325
192000,F_adaa_direct,0.25,7,1,0,0.515841,0.689944,0.0145822,0.515868,-25.2969,0.0553674,0.507964
192000,G_os4_direct,0.25,7,1,0,0.250895,0.460584,0.0145811,0.250505,-29.8848,0.315206,0.21273
192000,H_os2adaa_direct,0.25,7,1,0,0.353894,0.602691,0.0125714,0.353792,-31.1173,0.262341,0.309001
192000,A_direct,0.25,7,1,1,0.317097,0.660619,0.0128319,0.317089,-15.6971,0,0.312219
192000,B_midpoint,0.25,7,1,1,0.269118,0.626845,0.0123489,0.269091,-18.6167,0.10392,0.254993
192000,C_os2_direct,0.25,7,1,1,0.165096,0.438359,0.0128083,0.164875,-21.7981,0.244761,0.149634
192000,D_os2_midpoint,0.25,7,1,1,0.160775,0.423938,0.011967,0.160559,-21.8609,0.238858,0.146892
192000,E_os2_all,0.25,7,1,1,0.15325,0.406234,0.00973201,0.153094,-22.0343,0.219331,0.14283
192000,F_adaa_direct,0.25,7,1,1,0.295846,0.649928,0.0129391,0.295832,-17.035,0.059394,0.285861
192000,G_os4_direct,0.25,7,1,1,0.179353,0.430648,0.0113444,0.179201,-17.4316,0.264112,0.183788
192000,H_os2adaa_direct,0.25,7,1,1,0.161283,0.420855,0.0126284,0.161052,-20.9289,0.251012,0.149435
192000,A_direct,0.25,7,1,2,0.126224,0.388167,0.022733,0.12679,-53.9872,0,0.0682138
192000,B_midpoint,0.25,7,1,2,0.122826,0.415544,0.022512,0.123563,-57.6031,0.0304001,0.0632621
192000,C_os2_direct,0.25,7,1,2,0.115151,0.393506,0.0220082,0.115889,-59.4069,0.0627068,0.0570006
192000,D_os2_midpoint,0.25,7,1,2,0.113375,0.361554,0.0216074,0.114089,-62.462,0.05942,0.0566949
192000,E_os2_all,0.25,7,1,2,0.111539,0.318312,0.0212204,0.112234,-68.4495,0.0527805,0.0564427
192000,F_adaa_direct,0.25,7,1,2,0.125509,0.401522,0.0228601,0.126152,-54.7388,0.0140504,0.066486
192000,G_os4_direct,0.25,7,1,2,0.110641,0.323389,0.021454,0.111342,-64.7744,0.06323,0.0552526
192000,H_os2adaa_direct,0.25,7,1,2,0.114055,0.380752,0.0218775,0.114784,-60.454,0.0635716,0.0565021
192000,A_direct,0.25,7,1,3,0.00310741,0.557958,1.68576e-05,0.00310755,-173.078,0,6.684e-07
192000,B_midpoint,0.25,7,1,3,0.00305508,0.544109,2.50916e-05,0.00305523,-176.448,0.000303239,5.82753e-07
192000,C_os2_direct,0.25,7,1,3,0.00305243,0.540616,1.60273e-05,0.00305236,-166.057,0.00061119,9.61371e-07
192000,D_os2_midpoint,0.25,7,1,3,0.00303719,0.540616,1.18941e-05,0.00303707,-169.084,0.000551516,8.91233e-07
192000,E_os2_all,0.25,7,1,3,0.00304433,0.540616,1.50097e-05,0.00304427,-162.596,0.000580451,9.60006e-07
192000,F_adaa_direct,0.25,7,1,3,0.00308909,0.547995,2.57001e-05,0.0030893,-174.284,0.000269284,5.74007e-07
192000,G_os4_direct,0.25,7,1,3,0.0030519,0.540616,1.65691e-05,0.00305186,-163.165,0.000650715,9.75096e-07
192000,H_os2adaa_direct,0.25,7,1,3,0.00303022,0.540616,1.30611e-05,0.00303005,-169.459,0.00052926,8.31245e-07
192000,A_direct,0.25,7,1,4,5.14756e-05,0.000191666,8.62882e-06,4.71799e-05,-163.831,0,6.13961e-07
192000,B_midpoint,0.25,7,1,4,5.155e-05,0.000191957,8.6368e-06,4.72504e-05,-164.306,7.71371e-08,6.14204e-07
192000,C_os2_direct,0.25,7,1,4,5.16163e-05,0.000192211,8.64664e-06,4.73118e-05,-163.986,1.42756e-07,6.14698e-07
192000,D_os2_midpoint,0.25,7,1,4,5.16293e-05,0.00019228,8.64845e-06,4.73239e-05,-163.858,1.55881e-07,6.14999e-07
192000,E_os2_all,0.25,7,1,4,5.16635e-05,0.000192349,8.65262e-06,4.73561e-05,-163.7,1.90246e-07,6.15353e-07
192000,F_adaa_direct,0.25,7,1,4,5.1509e-05,0.00019182,8.63243e-06,4.72116e-05,-164.17,3.66299e-08,6.14212e-07
192000,G_os4_direct,0.25,7,1,4,5.16823e-05,0.000192465,8.65494e-06,4.73737e-05,-164.009,2.08498e-07,6.15363e-07
192000,H_os2adaa_direct,0.25,7,1,4,5.16273e-05,0.000192263,8.64773e-06,4.73223e-05,-163.869,1.53709e-07,6.14876e-07
192000,A_direct,0.25,7,1,5,0,0,0,0,-300,0,0
192000,B_midpoint,0.25,7,1,5,0,0,0,0,-300,0,0
192000,C_os2_direct,0.25,7,1,5,0,0,0,0,-300,0,0
192000,D_os2_midpoint,0.25,7,1,5,0,0,0,0,-300,0,0
192000,E_os2_all,0.25,7,1,5,0,0,0,0,-300,0,0
192000,F_adaa_direct,0.25,7,1,5,0,0,0,0,-300,0,0
192000,G_os4_direct,0.25,7,1,5,0,0,0,0,-300,0,0
192000,H_os2adaa_direct,0.25,7,1,5,0,0,0,0,-300,0,0
192000,A_direct,0.25,1.2,0,0,0.530344,0.686325,0.00020572,0.530309,-24.2167,0,0.530373
192000,B_midpoint,0.25,1.2,0,0,0.490793,0.651221,0.000162921,0.490738,-27.8551,0.0798075,0.490841
192000,C_os2_direct,0.25,1.2,0,0,0.351659,0.518259,0.00019206,0.351579,-30.5581,0.205732,0.351751
192000,D_os2_midpoint,0.25,1.2,0,0,0.35055,0.516274,0.000184438,0.350475,-30.6238,0.205875,0.350639
192000,E_os2_all,0.25,1.2,0,0,0.350231,0.514305,0.000159061,0.350171,-30.7657,0.20399,0.350311
192000,F_adaa_direct,0.25,1.2,0,0,0.511918,0.671505,0.000187266,0.511871,-25.7906,0.0483487,0.511957
192000,G_os4_direct,0.25,1.2,0,0,0.270032,0.40882,0.0002184,0.270034,-30.3355,0.271626,0.270041
192000,H_os2adaa_direct,0.25,1.2,0,0,0.334421,0.491659,0.000200193,0.334347,-30.2025,0.215384,0.334509
192000,A_direct,0.25,1.2,0,1,0.305399,0.644058,0.000240362,0.305361,-16.3278,0,0.305473
192000,B_midpoint,0.25,1.2,0,1,0.250637,0.58338,0.000217367,0.250593,-18.7028,0.0807956,0.250866
192000,C_os2_direct,0.25,1.2,0,1,0.161442,0.393603,0.000206791,0.161436,-19.5861,0.199155,0.161737
192000,D_os2_midpoint,0.25,1.2,0,1,0.160845,0.39586,0.000184579,0.160839,-19.7291,0.192196,0.161125
192000,E_os2_all,0.25,1.2,0,1,0.161864,0.402315,0.000130818,0.161858,-20.1118,0.174477,0.162088
192000,F_adaa_direct,0.25,1.2,0,1,0.278911,0.617406,0.000237689,0.278865,-17.672,0.0480541,0.279077
192000,G_os4_direct,0.25,1.2,0,1,0.196309,0.440021,0.000164663,0.196324,-16.6549,0.219773,0.196339
192000,H_os2adaa_direct,0.25,1.2,0,1,0.162852,0.397369,0.000200539,0.162853,-18.9828,0.205017,0.163108
192000,A_direct,0.25,1.2,0,2,0.0735866,0.266965,0.000233375,0.0735587,-58.5626,0,0.0503022
192000,B_midpoint,0.25,1.2,0,2,0.0666233,0.225429,0.000229891,0.0665945,-65.0711,0.0153744,0.0460035
192000,C_os2_direct,0.25,1.2,0,2,0.057714,0.19713,0.00022905,0.0576902,-67.7608,0.0353339,0.0399794
192000,D_os2_midpoint,0.25,1.2,0,2,0.0576908,0.196861,0.000228502,0.0576678,-69.766,0.0341647,0.0399784
192000,E_os2_all,0.25,1.2,0,2,0.0579803,0.197174,0.000228239,0.0579582,-73.7562,0.0316937,0.0401901
192000,F_adaa_direct,0.25,1.2,0,2,0.0708108,0.251858,0.000232454,0.0707814,-60.2913,0.00807935,0.0485825
192000,G_os4_direct,0.25,1.2,0,2,0.0562054,0.188028,0.000228378,0.0561874,-71.1805,0.0401756,0.0389157
192000,H_os2adaa_direct,0.25,1.2,0,2,0.0571446,0.19491,0.000228874,0.0571218,-68.4723,0.0364751,0.039586
192000,A_direct,0.25,1.2,0,3,0.0032871,0.591214,1.45211e-06,0.00328711,-176.04,0,1.08276e-06
192000,B_midpoint,0.25,1.2,0,3,0.00323924,0.579289,2.10668e-06,0.00323925,-178.622,0.000263343,9.37758e-07
192000,C_os2_direct,0.25,1.2,0,3,0.00322087,0.576378,9.90437e-07,0.00322085,-168.626,0.000490333,1.36373e-06
192000,D_os2_midpoint,0.25,1.2,0,3,0.00321508,0.576378,9.65526e-07,0.00321507,-171.159,0.000463583,1.29219e-06
192000,E_os2_all,0.25,1.2,0,3,0.0032177,0.576378,1.0034e-06,0.00321769,-165.405,0.00047839,1.36285e-06
192000,F_adaa_direct,0.25,1.2,0,3,0.00326598,0.582442,2.15587e-06,0.00326599,-176.643,0.000231929,9.21453e-07
192000,G_os4_direct,0.25,1.2,0,3,0.00322094,0.576378,1.00954e-06,0.00322093,-165.779,0.000539439,1.37693e-06
192000,H_os2adaa_direct,0.25,1.2,0,3,0.00321502,0.576378,1.25448e-06,0.00321501,-171.507,0.000473349,1.21389e-06
192000,A_direct,0.25,1.2,0,4,8.63115e-05,0.000296879,8.54845e-07,8.58844e-05,-162.659,0,1.09355e-06
192000,B_midpoint,0.25,1.2,0,4,8.64071e-05,0.000297179,8.56098e-07,8.59794e-05,-162.694,9.77988e-08,1.09519e-06
192000,C_os2_direct,0.25,1.2,0,4,8.64894e-05,0.000297478,8.56308e-07,8.60615e-05,-162.666,1.79538e-07,1.09685e-06
192000,D_os2_midpoint,0.25,1.2,0,4,8.65015e-05,0.000297491,8.56446e-07,8.60736e-05,-162.662,1.91869e-07,1.09742e-06
192000,E_os2_all,0.25,1.2,0,4,8.65331e-05,0.000297561,8.57366e-07,8.61047e-05,-162.66,2.23988e-07,1.09859e-06
192000,F_adaa_direct,0.25,1.2,0,4,8.63558e-05,0.000297036,8.55017e-07,8.59287e-05,-162.609,4.73075e-08,1.0941e-06
192000,G_os4_direct,0.25,1.2,0,4,8.65741e-05,0.000297727,8.56814e-07,8.6146e-05,-162.719,2.64127e-07,1.09846e-06
192000,H_os2adaa_direct,0.25,1.2,0,4,8.65039e-05,0.000297491,8.5656e-07,8.6076e-05,-162.651,1.94032e-07,1.09716e-06
192000,A_direct,0.25,1.2,0,5,0,0,0,0,-300,0,0
192000,B_midpoint,0.25,1.2,0,5,0,0,0,0,-300,0,0
192000,C_os2_direct,0.25,1.2,0,5,0,0,0,0,-300,0,0
192000,D_os2_midpoint,0.25,1.2,0,5,0,0,0,0,-300,0,0
192000,E_os2_all,0.25,1.2,0,5,0,0,0,0,-300,0,0
192000,F_adaa_direct,0.25,1.2,0,5,0,0,0,0,-300,0,0
192000,G_os4_direct,0.25,1.2,0,5,0,0,0,0,-300,0,0
192000,H_os2adaa_direct,0.25,1.2,0,5,0,0,0,0,-300,0,0
192000,A_direct,0.45,0.18,1,0,0.509455,0.662359,0.000979819,0.509623,-24.4601,0,0.509481
192000,B_midpoint,0.45,0.18,1,0,0.452186,0.60947,0.000776633,0.452448,-29.3817,0.0966131,0.452181
192000,C_os2_direct,0.45,0.18,1,0,0.264782,0.408619,0.00089951,0.265144,-29.56,0.258415,0.264718
192000,D_os2_midpoint,0.45,0.18,1,0,0.263803,0.406108,0.000832552,0.264132,-29.7083,0.258502,0.263722
192000,E_os2_all,0.45,0.18,1,0,0.269184,0.4115,0.000621788,0.269419,-30.0448,0.251681,0.269107
192000,F_adaa_direct,0.45,0.18,1,0,0.482581,0.640109,0.000902065,0.482807,-26.5701,0.057963,0.482597
192000,G_os4_direct,0.45,0.18,1,0,0.209286,0.338707,0.000856365,0.209136,-29.9107,0.350385,0.209325
192000,H_os2adaa_direct,0.45,0.18,1,0,0.244411,0.370018,0.000915221,0.244732,-29.4437,0.2731,0.244343
192000,A_direct,0.45,0.18,1,1,0.304581,0.615309,0.00243426,0.304789,-17.3483,0,0.304832
192000,B_midpoint,0.45,0.18,1,1,0.230979,0.538496,0.00242834,0.231175,-20.3773,0.13248,0.231414
192000,C_os2_direct,0.45,0.18,1,1,0.157603,0.4341,0.00226944,0.157649,-19.8707,0.273812,0.15821
192000,D_os2_midpoint,0.45,0.18,1,1,0.149781,0.417154,0.00203781,0.149883,-20.2391,0.259721,0.150311
192000,E_os2_all,0.45,0.18,1,1,0.1375,0.368079,0.00154446,0.137571,-21.1687,0.223823,0.137817
192000,F_adaa_direct,0.45,0.18,1,1,0.267709,0.576804,0.00252532,0.267962,-19.2582,0.0733352,0.268007
192000,G_os4_direct,0.45,0.18,1,1,0.199306,0.451556,0.0018099,0.199335,-17.1196,0.289011,0.199446
192000,H_os2adaa_direct,0.45,0.18,1,1,0.162137,0.431839,0.00219932,0.162172,-19.2514,0.279246,0.162665
192000,A_direct,0.45,0.18,1,2,0.0875113,0.313839,0.00325423,0.087091,-41.1888,0,0.0597816
192000,B_midpoint,0.45,0.18,1,2,0.0594984,0.195746,0.00367782,0.0586344,-58.4357,0.0419143,0.0405953
192000,C_os2_direct,0.45,0.18,1,2,0.0543037,0.213538,0.0105573,0.052285,-64.843,0.0716413,0.0346493
192000,D_os2_midpoint,0.45,0.18,1,2,0.0549549,0.224523,0.0126211,0.0529491,-67.7306,0.0697871,0.0348103
192000,E_os2_all,0.45,0.18,1,2,0.0617179,0.303439,0.0168156,0.0584499,-73.2922,0.071014,0.0355557
192000,F_adaa_direct,0.45,0.18,1,2,0.0726516,0.2485,0.00306246,0.07209,-47.3498,0.0230524,0.0497422
192000,G_os4_direct,0.45,0.18,1,2,0.0577567,0.295783,0.0138189,0.0554184,-69.8799,0.0804085,0.0359601
192000,H_os2adaa_direct,0.45,0.18,1,2,0.0546851,0.20711,0.0114982,0.0526018,-65.8781,0.0734932,0.0346472
192000,A_direct,0.45,0.18,1,3,0.00312878,0.555469,1.42536e-05,0.00312861,-168.405,0,3.10524e-06
192000,B_midpoint,0.45,0.18,1,3,0.00311232,0.542166,2.58421e-05,0.00311199,-173.343,0.000490506,2.7861e-06
192000,C_os2_direct,0.45,0.18,1,3,0.00342919,0.538772,5.76121e-05,0.00342612,-155.612,0.00155614,6.36921e-06
192000,D_os2_midpoint,0.45,0.18,1,3,0.00306982,0.538772,1.79626e-05,0.00306975,-167.546,0.000750768,4.21224e-06
192000,E_os2_all,0.45,0.18,1,3,0.00324167,0.538772,5.14534e-05,0.00323992,-150.291,0.00114802,5.99637e-06
192000,F_adaa_direct,0.45,0.18,1,3,0.00314722,0.546,2.28012e-05,0.00314691,-169.812,0.00035504,2.84003e-06
192000,G_os4_direct,0.45,0.18,1,3,0.00340624,0.538772,6.4162e-05,0.00340296,-151.733,0.00150196,6.64219e-06
192000,H_os2adaa_direct,0.45,0.18,1,3,0.00311424,0.538772,2.54859e-05,0.00311403,-165.447,0.000835111,4.51771e-06
192000,A_direct,0.45,0.18,1,4,0.000386306,0.00106275,4.57232e-06,0.000384121,-155.129,0,3.02669e-05
192000,B_midpoint,0.45,0.18,1,4,0.000386565,0.0010621,4.57398e-06,0.000384382,-155.429,3.71494e-07,3.02981e-05
192000,C_os2_direct,0.45,0.18,1,4,0.000386792,0.00106125,4.5717e-06,0.000384611,-155.409,7.22737e-07,3.03253e-05
192000,D_os2_midpoint,0.45,0.18,1,4,0.000386823,0.00106066,4.56922e-06,0.000384644,-155.407,8.36589e-07,3.03333e-05
192000,E_os2_all,0.45,0.18,1,4,0.000386905,0.00105916,4.56875e-06,0.000384729,-155.347,1.14295e-06,3.03549e-05
192000,F_adaa_direct,0.45,0.18,1,4,0.000386435,0.00106265,4.57674e-06,0.000384249,-155.258,1.54853e-07,3.02798e-05
192000,G_os4_direct,0.45,0.18,1,4,0.000387011,0.00106037,4.57106e-06,0.000384833,-155.382,1.07021e-06,3.03525e-05
192000,H_os2adaa_direct,0.45,0.18,1,4,0.000386831,0.0010611,4.5747e-06,0.000384649,-155.391,7.80831e-07,3.03299e-05
192000,A_direct,0.45,0.18,1,5,0,0,0,0,-300,0,0
192000,B_midpoint,0.45,0.18,1,5,0,0,0,0,-300,0,0
192000,C_os2_direct,0.45,0.18,1,5,0,0,0,0,-300,0,0
192000,D_os2_midpoint,0.45,0.18,1,5,0,0,0,0,-300,0,0
192000,E_os2_all,0.45,0.18,1,5,0,0,0,0,-300,0,0
192000,F_adaa_direct,0.45,0.18,1,5,0,0,0,0,-300,0,0
192000,G_os4_direct,0.45,0.18,1,5,0,0,0,0,-300,0,0
192000,H_os2adaa_direct,0.45,0.18,1,5,0,0,0,0,-300,0,0
192000,A_direct,0.45,1.2,0.6,0,0.522982,0.68395,0.019918,0.52481,-24.3305,0,0.529148
192000,B_midpoint,0.45,1.2,0.6,0,0.475562,0.659857,0.0157653,0.479376,-29.2467,0.0953047,0.490648
192000,C_os2_direct,0.45,1.2,0.6,0,0.310547,0.510995,0.0163284,0.317765,-30.4315,0.238862,0.337353
192000,D_os2_midpoint,0.45,1.2,0.6,0,0.306505,0.501474,0.0155003,0.313235,-30.4729,0.240689,0.331183
192000,E_os2_all,0.45,1.2,0.6,0,0.302786,0.479806,0.0121792,0.307654,-30.5895,0.239386,0.31992
192000,F_adaa_direct,0.45,1.2,0.6,0,0.502005,0.678242,0.0184237,0.504942,-26.4124,0.055831,0.513962
192000,G_os4_direct,0.45,1.2,0.6,0,0.230344,0.36874,0.0180783,0.2306,-30.9278,0.31803,0.230284
192000,H_os2adaa_direct,0.45,1.2,0.6,0,0.290226,0.478584,0.016865,0.297216,-30.2205,0.251154,0.315914
192000,A_direct,0.45,1.2,0.6,1,0.315661,0.652902,0.0310676,0.317024,-17.2826,0,0.32321
192000,B_midpoint,0.45,1.2,0.6,1,0.245964,0.577046,0.0306011,0.249795,-19.8653,0.140407,0.261642
192000,C_os2_direct,0.45,1.2,0.6,1,0.159625,0.457618,0.0341881,0.158064,-19.5374,0.271606,0.156468
192000,D_os2_midpoint,0.45,1.2,0.6,1,0.155929,0.449173,0.0361004,0.153989,-19.8318,0.258254,0.152577
192000,E_os2_all,0.45,1.2,0.6,1,0.150382,0.409318,0.0339889,0.14935,-20.5217,0.223252,0.150763
192000,F_adaa_direct,0.45,1.2,0.6,1,0.285238,0.627114,0.0311574,0.287921,-19.073,0.0762029,0.29828
192000,G_os4_direct,0.45,1.2,0.6,1,0.202554,0.503041,0.036755,0.200013,-17.126,0.279561,0.197265
192000,H_os2adaa_direct,0.45,1.2,0.6,1,0.163763,0.463618,0.0347485,0.161541,-19.024,0.275824,0.158711
192000,A_direct,0.45,1.2,0.6,2,0.137751,0.463682,0.0723301,0.139766,-38.7854,0,0.124023
192000,B_midpoint,0.45,1.2,0.6,2,0.0798821,0.238067,0.0398033,0.0944809,-56.1724,0.0999271,0.0952053
192000,C_os2_direct,0.45,1.2,0.6,2,0.0707643,0.355024,0.0345925,0.0827365,-60.7069,0.118835,0.0885589
192000,D_os2_midpoint,0.45,1.2,0.6,2,0.0697191,0.346595,0.0309342,0.0794469,-68.0662,0.116095,0.0831682
192000,E_os2_all,0.45,1.2,0.6,2,0.0699859,0.36358,0.0280945,0.0777704,-65.4728,0.112758,0.0793526
192000,F_adaa_direct,0.45,1.2,0.6,2,0.120482,0.454042,0.0696109,0.126585,-43.3184,0.138348,0.112033
192000,G_os4_direct,0.45,1.2,0.6,2,0.0695844,0.347087,0.0280505,0.0778064,-60.4448,0.121854,0.0801467
192000,H_os2adaa_direct,0.45,1.2,0.6,2,0.0704517,0.341994,0.0337833,0.0818125,-65.7635,0.119512,0.0871322
192000,A_direct,0.45,1.2,0.6,3,0.00321159,0.569167,0.000119643,0.00320977,-168.884,0,2.10869e-06
192000,B_midpoint,0.45,1.2,0.6,3,0.00320552,0.556565,0.000223043,0.00320057,-174.366,0.000658969,1.88409e-06
192000,C_os2_direct,0.45,1.2,0.6,3,0.00348748,0.553373,0.000434666,0.00345745,-152.716,0.00143715,4.61638e-06
192000,D_os2_midpoint,0.45,1.2,0.6,3,0.00313244,0.553373,0.000134605,0.00313203,-168.715,0.000614445,2.72805e-06
192000,E_os2_all,0.45,1.2,0.6,3,0.00329212,0.553373,0.000374672,0.00327426,-146.848,0.00110064,4.27353e-06
192000,F_adaa_direct,0.45,1.2,0.6,3,0.003239,0.560133,0.000195682,0.00323549,-170.549,0.000415067,1.9483e-06
192000,G_os4_direct,0.45,1.2,0.6,3,0.00345224,0.553373,0.000479675,0.00341851,-148.466,0.00149447,4.89482e-06
192000,H_os2adaa_direct,0.45,1.2,0.6,3,0.00320652,0.553373,0.000229858,0.00320282,-165.14,0.000828951,3.09884e-06
192000,A_direct,0.45,1.2,0.6,4,0.000327505,0.000992483,2.78539e-05,0.000314347,-155.484,0,1.76794e-05
192000,B_midpoint,0.45,1.2,0.6,4,0.000327773,0.00099365,2.79212e-05,0.000314584,-155.679,3.23698e-07,1.77002e-05
192000,C_os2_direct,0.45,1.2,0.6,4,0.000328019,0.000994617,2.79867e-05,0.0003148,-155.658,6.23996e-07,1.7719e-05
192000,D_os2_midpoint,0.45,1.2,0.6,4,0.000328061,0.000994904,2.80133e-05,0.000314831,-155.689,7.0629e-07,1.77246e-05
192000,E_os2_all,0.45,1.2,0.6,4,0.000328177,0.000995578,2.80842e-05,0.000314916,-155.574,9.31835e-07,1.77407e-05
192000,F_adaa_direct,0.45,1.2,0.6,4,0.000327629,0.000992923,2.78769e-05,0.00031446,-155.592,1.37986e-07,1.7688e-05
192000,G_os4_direct,0.45,1.2,0.6,4,0.000328258,0.000995617,2.80534e-05,0.000315009,-155.629,9.205e-07,1.77379e-05
192000,H_os2adaa_direct,0.45,1.2,0.6,4,0.000328059,0.000994774,2.7997e-05,0.000314835,-155.681,6.71855e-07,1.77221e-05
192000,A_direct,0.45,1.2,0.6,5,0,0,0,0,-300,0,0
192000,B_midpoint,0.45,1.2,0.6,5,0,0,0,0,-300,0,0
192000,C_os2_direct,0.45,1.2,0.6,5,0,0,0,0,-300,0,0
192000,D_os2_midpoint,0.45,1.2,0.6,5,0,0,0,0,-300,0,0
192000,E_os2_all,0.45,1.2,0.6,5,0,0,0,0,-300,0,0
192000,F_adaa_direct,0.45,1.2,0.6,5,0,0,0,0,-300,0,0
192000,G_os4_direct,0.45,1.2,0.6,5,0,0,0,0,-300,0,0
192000,H_os2adaa_direct,0.45,1.2,0.6,5,0,0,0,0,-300,0,0
192000,A_direct,0.45,7,1,0,0.526489,0.68763,0.0193196,0.526523,-24.1402,0,0.521466
192000,B_midpoint,0.45,7,1,0,0.491334,0.688585,0.0164956,0.491371,-27.0503,0.107059,0.470642
192000,C_os2_direct,0.45,7,1,0,0.346735,0.609806,0.0155398,0.346575,-32.1316,0.264794,0.291069
192000,D_os2_midpoint,0.45,7,1,0,0.340081,0.600053,0.0149514,0.339898,-31.9022,0.268328,0.286734
192000,E_os2_all,0.45,7,1,0,0.325808,0.568958,0.0126929,0.325575,-31.3127,0.273145,0.282832
192000,F_adaa_direct,0.45,7,1,0,0.511478,0.688707,0.0184549,0.511517,-25.3017,0.0602031,0.498808
192000,G_os4_direct,0.45,7,1,0,0.230609,0.413742,0.0181573,0.229936,-30.6328,0.336394,0.201547
192000,H_os2adaa_direct,0.45,7,1,0,0.325833,0.590489,0.0158778,0.325607,-31.5477,0.277211,0.268209
192000,A_direct,0.45,7,1,1,0.325438,0.6667,0.0245709,0.325302,-16.0475,0,0.321188
192000,B_midpoint,0.45,7,1,1,0.27066,0.646069,0.0252066,0.270483,-19.7355,0.158173,0.24717
192000,C_os2_direct,0.45,7,1,1,0.173128,0.529914,0.0264792,0.172245,-20.606,0.300099,0.158074
192000,D_os2_midpoint,0.45,7,1,1,0.163308,0.491116,0.0257481,0.16243,-20.8461,0.289182,0.155698
192000,E_os2_all,0.45,7,1,1,0.148495,0.42127,0.0242731,0.14795,-21.3278,0.249045,0.14908
192000,F_adaa_direct,0.45,7,1,1,0.30135,0.662076,0.0252631,0.301191,-18.0365,0.0844653,0.290535
192000,G_os4_direct,0.45,7,1,1,0.194884,0.513795,0.0258095,0.194346,-17.3727,0.300374,0.205653
192000,H_os2adaa_direct,0.45,7,1,1,0.171122,0.503869,0.0262162,0.17025,-19.9586,0.304473,0.163129
192000,A_direct,0.45,7,1,2,0.171775,0.487248,0.0702414,0.168872,-30.5924,0,0.125502
192000,B_midpoint,0.45,7,1,2,0.154079,0.516527,0.0655254,0.151373,-43.5993,0.124323,0.055188
192000,C_os2_direct,0.45,7,1,2,0.140834,0.535484,0.0602251,0.138385,-48.5636,0.137753,0.0456254
192000,D_os2_midpoint,0.45,7,1,2,0.13817,0.549998,0.0579696,0.136933,-53.8442,0.12888,0.045537
192000,E_os2_all,0.45,7,1,2,0.131293,0.415371,0.0442596,0.130949,-34.5981,0.111994,0.0461
192000,F_adaa_direct,0.45,7,1,2,0.163936,0.49207,0.0724419,0.16077,-39.6648,0.0995431,0.0941788
192000,G_os4_direct,0.45,7,1,2,0.135108,0.544377,0.0507714,0.133948,-40.4881,0.125475,0.0455429
192000,H_os2adaa_direct,0.45,7,1,2,0.140055,0.543046,0.0609448,0.137832,-50.0292,0.135745,0.0454018
192000,A_direct,0.45,7,1,3,0.00314258,0.555262,5.42075e-05,0.00314292,-162.549,0,1.36008e-06
192000,B_midpoint,0.45,7,1,3,0.00314274,0.54212,0.00010128,0.00314371,-173.013,0.000854009,1.21589e-06
192000,C_os2_direct,0.45,7,1,3,0.00358008,0.538772,0.000236377,0.00359353,-150.433,0.00183089,3.4628e-06
192000,D_os2_midpoint,0.45,7,1,3,0.00309894,0.538772,8.64972e-05,0.00309885,-167.851,0.00078495,1.84668e-06
192000,E_os2_all,0.45,7,1,3,0.00328971,0.538772,0.000202142,0.00329503,-144.345,0.00136684,3.10399e-06
192000,F_adaa_direct,0.45,7,1,3,0.00318506,0.545904,9.10419e-05,0.00318552,-167.517,0.000525486,1.27229e-06
192000,G_os4_direct,0.45,7,1,3,0.00349512,0.538772,0.000255603,0.00350732,-145.941,0.00185679,3.65723e-06
192000,H_os2adaa_direct,0.45,7,1,3,0.00322141,0.538772,0.000137193,0.00322292,-163.908,0.00117183,2.20653e-06
192000,A_direct,0.45,7,1,4,0.00014949,0.000475763,1.64087e-05,0.000141407,-156.427,0,4.29874e-06
192000,B_midpoint,0.45,7,1,4,0.000149635,0.000476131,1.64218e-05,0.000141546,-157.35,1.52416e-07,4.30546e-06
192000,C_os2_direct,0.45,7,1,4,0.000149753,0.000476465,1.64424e-05,0.000141653,-157.219,2.68499e-07,4.31103e-06
192000,D_os2_midpoint,0.45,7,1,4,0.000149781,0.000476537,1.64435e-05,0.000141681,-157.327,2.96611e-07,4.31312e-06
192000,E_os2_all,0.45,7,1,4,0.000149853,0.000476741,1.64506e-05,0.00014175,-157.207,3.71282e-07,4.32029e-06
192000,F_adaa_direct,0.45,7,1,4,0.000149555,0.000475947,1.6414e-05,0.00014147,-157.152,7.44647e-08,4.30145e-06
192000,G_os4_direct,0.45,7,1,4,0.000149875,0.000476885,1.64584e-05,0.000141767,-157.32,3.89858e-07,4.31792e-06
192000,H_os2adaa_direct,0.45,7,1,4,0.000149774,0.000476468,1.64442e-05,0.000141674,-157.091,2.89293e-07,4.31275e-06
192000,A_direct,0.45,7,1,5,0,0,0,0,-300,0,0
192000,B_midpoint,0.45,7,1,5,0,0,0,0,-300,0,0
192000,C_os2_direct,0.45,7,1,5,0,0,0,0,-300,0,0
192000,D_os2_midpoint,0.45,7,1,5,0,0,0,0,-300,0,0
192000,E_os2_all,0.45,7,1,5,0,0,0,0,-300,0,0
192000,F_adaa_direct,0.45,7,1,5,0,0,0,0,-300,0,0
192000,G_os4_direct,0.45,7,1,5,0,0,0,0,-300,0,0
192000,H_os2adaa_direct,0.45,7,1,5,0,0,0,0,-300,0,0
192000,A_direct,0.45,1.2,0,0,0.524178,0.678773,0.000264405,0.524125,-24.5013,0,0.524217
192000,B_midpoint,0.45,1.2,0,0,0.474062,0.634902,0.000199471,0.473985,-29.6961,0.0850446,0.474126
192000,C_os2_direct,0.45,1.2,0,0,0.317512,0.461558,0.000259639,0.317425,-30.3543,0.216838,0.317599
192000,D_os2_midpoint,0.45,1.2,0,0,0.315681,0.457636,0.000245838,0.315604,-30.4744,0.217738,0.315762
192000,E_os2_all,0.45,1.2,0,0,0.318269,0.45882,0.000184414,0.31823,-30.7211,0.213453,0.318331
192000,F_adaa_direct,0.45,1.2,0,0,0.500797,0.661005,0.000234494,0.500729,-26.8001,0.0511961,0.50085
192000,G_os4_direct,0.45,1.2,0,0,0.266413,0.40932,0.000254134,0.266466,-31.7684,0.297921,0.266372
192000,H_os2adaa_direct,0.45,1.2,0,0,0.300933,0.426529,0.000267965,0.300859,-30.2873,0.229078,0.301007
192000,A_direct,0.45,1.2,0,1,0.310143,0.627049,0.000587318,0.310077,-17.1642,0,0.310447
192000,B_midpoint,0.45,1.2,0,1,0.238267,0.57322,0.000633333,0.238212,-19.3333,0.128313,0.238613
192000,C_os2_direct,0.45,1.2,0,1,0.171711,0.466292,0.000620151,0.171744,-18.9151,0.25102,0.172008
192000,D_os2_midpoint,0.45,1.2,0,1,0.169916,0.46252,0.000573048,0.169927,-19.1535,0.239611,0.170242
192000,E_os2_all,0.45,1.2,0,1,0.163776,0.43162,0.000282859,0.163766,-19.7497,0.204031,0.164001
192000,F_adaa_direct,0.45,1.2,0,1,0.276187,0.586662,0.00061683,0.276096,-18.7248,0.0703349,0.276572
192000,G_os4_direct,0.45,1.2,0,1,0.213098,0.502282,0.000489386,0.213093,-16.7994,0.262534,0.213138
192000,H_os2adaa_direct,0.45,1.2,0,1,0.176924,0.472942,0.000614105,0.176955,-18.4706,0.255752,0.177178
192000,A_direct,0.45,1.2,0,2,0.118254,0.441823,0.00435596,0.118237,-41.0634,0,0.0771009
192000,B_midpoint,0.45,1.2,0,2,0.0590348,0.201504,0.000172813,0.0590063,-59.5301,0.0884979,0.0412397
192000,C_os2_direct,0.45,1.2,0,2,0.049983,0.174945,0.000161972,0.0499678,-67.0601,0.104081,0.0346853
192000,D_os2_midpoint,0.45,1.2,0,2,0.0504265,0.176127,0.000161019,0.0504114,-70.3198,0.102512,0.0350469
192000,E_os2_all,0.45,1.2,0,2,0.0516197,0.179631,0.000170905,0.0516039,-76.4701,0.10045,0.0359134
192000,F_adaa_direct,0.45,1.2,0,2,0.0937854,0.448541,0.000856781,0.0936625,-46.9284,0.11234,0.0517078
192000,G_os4_direct,0.45,1.2,0,2,0.051155,0.171327,0.000162318,0.0511437,-72.6238,0.108283,0.035503
192000,H_os2adaa_direct,0.45,1.2,0,2,0.0499276,0.172818,0.000161563,0.0499133,-68.2053,0.105,0.0346446
192000,A_direct,0.45,1.2,0,3,0.00331284,0.588842,4.36751e-06,0.00331289,-170.815,0,1.85102e-06
192000,B_midpoint,0.45,1.2,0,3,0.00330439,0.577402,8.19482e-06,0.00330448,-176.349,0.000668618,1.62299e-06
192000,C_os2_direct,0.45,1.2,0,3,0.00339182,0.574552,1.14663e-05,0.00339209,-154.204,0.00103934,3.51058e-06
192000,D_os2_midpoint,0.45,1.2,0,3,0.00322385,0.574552,4.06274e-06,0.00322382,-170.273,0.000598007,2.25912e-06
192000,E_os2_all,0.45,1.2,0,3,0.00331125,0.574552,1.12129e-05,0.00331142,-148.444,0.000927135,3.36707e-06
192000,F_adaa_direct,0.45,1.2,0,3,0.00333356,0.580537,7.11307e-06,0.00333362,-172.607,0.000408594,1.68917e-06
192000,G_os4_direct,0.45,1.2,0,3,0.00338151,0.574552,1.3237e-05,0.00338184,-150.324,0.00118076,3.68713e-06
192000,H_os2adaa_direct,0.45,1.2,0,3,0.00326936,0.574552,6.95805e-06,0.00326933,-166.709,0.000765827,2.51587e-06
192000,A_direct,0.45,1.2,0,4,0.000207567,0.00061938,2.12101e-06,0.000206512,-156.051,0,1.07508e-05
192000,B_midpoint,0.45,1.2,0,4,0.000207733,0.000620105,2.12204e-06,0.000206677,-156.204,1.83084e-07,1.07644e-05
192000,C_os2_direct,0.45,1.2,0,4,0.000207851,0.000620676,2.12324e-06,0.000206795,-156.156,3.1591e-07,1.0776e-05
192000,D_os2_midpoint,0.45,1.2,0,4,0.000207873,0.000620882,2.12161e-06,0.000206818,-156.127,3.49734e-07,1.07792e-05
192000,E_os2_all,0.45,1.2,0,4,0.000207934,0.000621343,2.12246e-06,0.000206878,-156.057,4.45311e-07,1.07912e-05
192000,F_adaa_direct,0.45,1.2,0,4,0.000207643,0.000619694,2.12186e-06,0.000206587,-156.155,8.32051e-08,1.0756e-05
192000,G_os4_direct,0.45,1.2,0,4,0.000207982,0.000621317,2.12307e-06,0.000206925,-156.092,4.61205e-07,1.07875e-05
192000,H_os2adaa_direct,0.45,1.2,0,4,0.000207873,0.0006208,2.12201e-06,0.000206817,-156.141,3.39333e-07,1.07779e-05
192000,A_direct,0.45,1.2,0,5,0,0,0,0,-300,0,0
192000,B_midpoint,0.45,1.2,0,5,0,0,0,0,-300,0,0
192000,C_os2_direct,0.45,1.2,0,5,0,0,0,0,-300,0,0
192000,D_os2_midpoint,0.45,1.2,0,5,0,0,0,0,-300,0,0
192000,E_os2_all,0.45,1.2,0,5,0,0,0,0,-300,0,0
192000,F_adaa_direct,0.45,1.2,0,5,0,0,0,0,-300,0,0
192000,G_os4_direct,0.45,1.2,0,5,0,0,0,0,-300,0,0
192000,H_os2adaa_direct,0.45,1.2,0,5,0,0,0,0,-300,0,0
192000,A_direct,0.6,0.18,1,0,0.512647,0.664976,0.00109856,0.512839,-24.1538,0,0.512669
192000,B_midpoint,0.6,0.18,1,0,0.449431,0.607105,0.000862373,0.449728,-29.4234,0.104478,0.449417
192000,C_os2_direct,0.6,0.18,1,0,0.243168,0.380323,0.00101853,0.243567,-29.0667,0.28147,0.243076
192000,D_os2_midpoint,0.6,0.18,1,0,0.24196,0.377096,0.000934498,0.242316,-29.2433,0.281688,0.241849
192000,E_os2_all,0.6,0.18,1,0,0.2504,0.386784,0.000660653,0.250633,-29.6265,0.271875,0.250305
192000,F_adaa_direct,0.6,0.18,1,0,0.483166,0.640978,0.00100727,0.483423,-26.4095,0.0624791,0.483177
192000,G_os4_direct,0.6,0.18,1,0,0.202516,0.32651,0.000921169,0.20228,-29.5395,0.382464,0.202604
192000,H_os2adaa_direct,0.6,0.18,1,0,0.221488,0.336895,0.0010318,0.22183,-29.0152,0.298024,0.221398
192000,A_direct,0.6,0.18,1,1,0.31154,0.612329,0.00449986,0.311821,-17.6194,0,0.311775
192000,B_midpoint,0.6,0.18,1,1,0.235363,0.539206,0.00431341,0.235516,-20.8415,0.165384,0.236073
192000,C_os2_direct,0.6,0.18,1,1,0.176776,0.49195,0.00502085,0.176753,-19.6706,0.31028,0.177766
192000,D_os2_midpoint,0.6,0.18,1,1,0.162805,0.459496,0.00557796,0.162884,-20.1426,0.292025,0.163552
192000,E_os2_all,0.6,0.18,1,1,0.139483,0.384306,0.0065818,0.139153,-21.2249,0.244494,0.139802
192000,F_adaa_direct,0.6,0.18,1,1,0.271807,0.580494,0.00481777,0.272122,-19.6389,0.0937131,0.272054
192000,G_os4_direct,0.6,0.18,1,1,0.209594,0.460539,0.00591841,0.209509,-17.0803,0.317374,0.209793
192000,H_os2adaa_direct,0.6,0.18,1,1,0.180752,0.482048,0.00519869,0.180738,-19.079,0.314781,0.181588
192000,A_direct,0.6,0.18,1,2,0.185667,0.528432,0.133715,0.16754,-39.847,0,0.189404
192000,B_midpoint,0.6,0.18,1,2,0.15339,0.55699,0.115695,0.131378,-55.3195,0.22715,0.134235
192000,C_os2_direct,0.6,0.18,1,2,0.165055,0.527579,0.106794,0.146218,-62.9693,0.236096,0.147452
192000,D_os2_midpoint,0.6,0.18,1,2,0.16624,0.536634,0.107509,0.147933,-66.4298,0.236418,0.155227
192000,E_os2_all,0.6,0.18,1,2,0.161326,0.522178,0.0943117,0.147303,-73.8572,0.226688,0.138072
192000,F_adaa_direct,0.6,0.18,1,2,0.165752,0.552477,0.116329,0.149951,-44.8368,0.228584,0.151075
192000,G_os4_direct,0.6,0.18,1,2,0.155624,0.526717,0.106715,0.141244,-69.2442,0.232054,0.148325
192000,H_os2adaa_direct,0.6,0.18,1,2,0.165359,0.538235,0.103133,0.148005,-63.6465,0.237175,0.14918
192000,A_direct,0.6,0.18,1,3,0.00319618,0.554845,4.00761e-05,0.00319541,-165.729,0,4.52419e-06
192000,B_midpoint,0.6,0.18,1,3,0.00330705,0.540946,9.94117e-05,0.00330384,-172.632,0.00113099,4.34235e-06
192000,C_os2_direct,0.6,0.18,1,3,0.00682966,0.537389,0.000738792,0.00672834,-147.812,0.00574117,2.65365e-05
192000,D_os2_midpoint,0.6,0.18,1,3,0.00325078,0.537389,0.000119106,0.00324769,-166.693,0.00110693,6.40438e-06
192000,E_os2_all,0.6,0.18,1,3,0.00476802,0.537389,0.000584245,0.0047198,-141.179,0.00352863,1.65738e-05
192000,F_adaa_direct,0.6,0.18,1,3,0.00331047,0.54499,7.37846e-05,0.00330858,-168.211,0.000620254,4.40656e-06
192000,G_os4_direct,0.6,0.18,1,3,0.00660324,0.537389,0.000885982,0.00649546,-139.907,0.00570837,3.00999e-05
192000,H_os2adaa_direct,0.6,0.18,1,3,0.00386102,0.537389,0.000228712,0.00384688,-160.71,0.00206811,9.22625e-06
192000,A_direct,0.6,0.18,1,4,0.000499824,0.00145169,8.55724e-06,0.000496467,-155.003,0,5.04548e-05
192000,B_midpoint,0.6,0.18,1,4,0.000500348,0.00145137,8.56501e-06,0.000496999,-155.394,1.19966e-06,5.05006e-05
192000,C_os2_direct,0.6,0.18,1,4,0.000500809,0.00145071,8.56679e-06,0.00049747,-155.349,2.38027e-06,5.05393e-05
192000,D_os2_midpoint,0.6,0.18,1,4,0.000500951,0.00145033,8.57065e-06,0.000497615,-155.299,2.89705e-06,5.05501e-05
192000,E_os2_all,0.6,0.18,1,4,0.00050131,0.00144942,8.57719e-06,0.000497985,-155.255,4.23047e-06,5.05793e-05
192000,F_adaa_direct,0.6,0.18,1,4,0.000500039,0.00145171,8.55977e-06,0.000496685,-155.224,3.92817e-07,5.04742e-05
192000,G_os4_direct,0.6,0.18,1,4,0.00050127,0.00145017,8.57257e-06,0.000497939,-155.292,3.57343e-06,5.05788e-05
192000,H_os2adaa_direct,0.6,0.18,1,4,0.000500887,0.00145065,8.56885e-06,0.000497549,-155.335,2.56958e-06,5.05466e-05
192000,A_direct,0.6,0.18,1,5,0,0,0,0,-300,0,0
192000,B_midpoint,0.6,0.18,1,5,0,0,0,0,-300,0,0
192000,C_os2_direct,0.6,0.18,1,5,0,0,0,0,-300,0,0
192000,D_os2_midpoint,0.6,0.18,1,5,0,0,0,0,-300,0,0
192000,E_os2_all,0.6,0.18,1,5,0,0,0,0,-300,0,0
192000,F_adaa_direct,0.6,0.18,1,5,0,0,0,0,-300,0,0
192000,G_os4_direct,0.6,0.18,1,5,0,0,0,0,-300,0,0
192000,H_os2adaa_direct,0.6,0.18,1,5,0,0,0,0,-300,0,0
192000,A_direct,0.6,1.2,0.6,0,0.52554,0.683302,0.0225275,0.527677,-24.0561,0,0.529233
192000,B_midpoint,0.6,1.2,0.6,0,0.475102,0.663065,0.0177244,0.479473,-29.3423,0.102375,0.492331
192000,C_os2_direct,0.6,1.2,0.6,0,0.292786,0.496291,0.0188977,0.301073,-29.9737,0.258206,0.323239
192000,D_os2_midpoint,0.6,1.2,0.6,0,0.287727,0.484481,0.0178745,0.295385,-30.0243,0.260551,0.315483
192000,E_os2_all,0.6,1.2,0.6,0,0.284345,0.458349,0.0135032,0.28946,-30.1719,0.257923,0.302028
192000,F_adaa_direct,0.6,1.2,0.6,0,0.504419,0.680808,0.0208759,0.507792,-26.2501,0.0595626,0.517801
192000,G_os4_direct,0.6,1.2,0.6,0,0.217465,0.356125,0.0203282,0.216399,-30.4874,0.346622,0.212217
192000,H_os2adaa_direct,0.6,1.2,0.6,0,0.270521,0.460196,0.0195162,0.278466,-29.8273,0.272132,0.299357
192000,A_direct,0.6,1.2,0.6,1,0.323125,0.658998,0.041968,0.324439,-17.6034,0,0.331411
192000,B_midpoint,0.6,1.2,0.6,1,0.246869,0.575797,0.0429438,0.2508,-20.103,0.168336,0.26313
192000,C_os2_direct,0.6,1.2,0.6,1,0.169078,0.522646,0.0513616,0.164661,-19.4717,0.301194,0.161098
192000,D_os2_midpoint,0.6,1.2,0.6,1,0.1639,0.513567,0.0597515,0.158261,-19.8082,0.285229,0.161645
192000,E_os2_all,0.6,1.2,0.6,1,0.155627,0.448419,0.0617892,0.156971,-20.5453,0.246091,0.167392
192000,F_adaa_direct,0.6,1.2,0.6,1,0.291247,0.627091,0.0429239,0.294056,-19.4129,0.0904477,0.306024
192000,G_os4_direct,0.6,1.2,0.6,1,0.212521,0.548685,0.0624298,0.208412,-17.154,0.304524,0.210786
192000,H_os2adaa_direct,0.6,1.2,0.6,1,0.174071,0.525835,0.0542958,0.168909,-18.9758,0.304414,0.166537
192000,A_direct,0.6,1.2,0.6,2,0.184544,0.49828,0.111815,0.174675,-36.5739,0,0.171576
192000,B_midpoint,0.6,1.2,0.6,2,0.155525,0.524389,0.103533,0.146455,-48.91,0.207142,0.171187
192000,C_os2_direct,0.6,1.2,0.6,2,0.144414,0.546484,0.0950622,0.133534,-47.9461,0.215643,0.126058
192000,D_os2_midpoint,0.6,1.2,0.6,2,0.152644,0.536522,0.0962636,0.135805,-57.446,0.219987,0.152548
192000,E_os2_all,0.6,1.2,0.6,2,0.164832,0.532376,0.0987029,0.135546,-43.7483,0.22561,0.164247
192000,F_adaa_direct,0.6,1.2,0.6,2,0.18159,0.501583,0.113359,0.170244,-40.1493,0.227439,0.177739
192000,G_os4_direct,0.6,1.2,0.6,2,0.15787,0.515305,0.0931641,0.131219,-43.8483,0.224435,0.154324
192000,H_os2adaa_direct,0.6,1.2,0.6,2,0.146435,0.542539,0.0965907,0.133423,-55.3949,0.218628,0.137738
192000,A_direct,0.6,1.2,0.6,3,0.00342577,0.568168,0.000571491,0.0033987,-164.404,0,3.2237e-06
192000,B_midpoint,0.6,1.2,0.6,3,0.00356844,0.555281,0.000980071,0.00347438,-172.47,0.00212553,3.34509e-06
192000,C_os2_direct,0.6,1.2,0.6,3,0.0135785,0.551992,0.00771747,0.0103025,-144.375,0.0132218,7.98667e-05
192000,D_os2_midpoint,0.6,1.2,0.6,3,0.00350478,0.551992,0.00101443,0.00338316,-167.055,0.00171152,4.62852e-06
192000,E_os2_all,0.6,1.2,0.6,3,0.119855,0.551992,0.0686021,0.0856019,-42.4805,0.119822,0.0795735
192000,F_adaa_direct,0.6,1.2,0.6,3,0.00374833,0.559003,0.00100844,0.00365537,-167.739,0.0014298,3.79466e-06
192000,G_os4_direct,0.6,1.2,0.6,3,0.126249,0.551992,0.072089,0.0902644,-46.0581,0.126227,0.0727185
192000,H_os2adaa_direct,0.6,1.2,0.6,3,0.00492979,0.551992,0.00230709,0.00439429,-157.914,0.00381773,1.08767e-05
192000,A_direct,0.6,1.2,0.6,4,0.000403578,0.00129643,4.12288e-05,0.000391656,-154.922,0,3.28285e-05
192000,B_midpoint,0.6,1.2,0.6,4,0.000404048,0.00129963,4.15396e-05,0.000392023,-155.61,1.0691e-06,3.28595e-05
192000,C_os2_direct,0.6,1.2,0.6,4,0.000404499,0.00130274,4.18359e-05,0.000392366,-155.483,2.10561e-06,3.2886e-05
192000,D_os2_midpoint,0.6,1.2,0.6,4,0.000404625,0.00130395,4.19848e-05,0.000392445,-155.513,2.56215e-06,3.2894e-05
192000,E_os2_all,0.6,1.2,0.6,4,0.0258539,0.169026,0.0150473,0.0183314,-121.954,0.0258503,0.0516048
192000,F_adaa_direct,0.6,1.2,0.6,4,0.00040377,0.00129755,4.13225e-05,0.000391816,-155.43,3.59023e-07,3.28405e-05
192000,G_os4_direct,0.6,1.2,0.6,4,0.000404944,0.0013058,4.21505e-05,0.000392701,-155.305,3.16321e-06,3.2914e-05
192000,H_os2adaa_direct,0.6,1.2,0.6,4,0.000404573,0.00130325,4.1884e-05,0.000392424,-155.489,2.27403e-06,3.28907e-05
192000,A_direct,0.6,1.2,0.6,5,0,0,0,0,-300,0,0
192000,B_midpoint,0.6,1.2,0.6,5,0,0,0,0,-300,0,0
192000,C_os2_direct,0.6,1.2,0.6,5,0,0,0,0,-300,0,0
192000,D_os2_midpoint,0.6,1.2,0.6,5,0,0,0,0,-300,0,0
192000,E_os2_all,0.6,1.2,0.6,5,0,0,0,0,-300,0,0
192000,F_adaa_direct,0.6,1.2,0.6,5,0,0,0,0,-300,0,0
192000,G_os4_direct,0.6,1.2,0.6,5,0,0,0,0,-300,0,0
192000,H_os2adaa_direct,0.6,1.2,0.6,5,0,0,0,0,-300,0,0
192000,A_direct,0.6,7,1,0,0.529436,0.687613,0.0217841,0.529466,-23.9376,0,0.526265
192000,B_midpoint,0.6,7,1,0,0.4925,0.688756,0.0185553,0.492535,-26.9142,0.115681,0.470246
192000,C_os2_direct,0.6,7,1,0,0.3369,0.612529,0.0178233,0.336679,-32.0609,0.28462,0.27228
192000,D_os2_midpoint,0.6,7,1,0,0.328593,0.60069,0.0171016,0.328342,-31.7249,0.288913,0.266866
192000,E_os2_all,0.6,7,1,0,0.311117,0.561936,0.0142487,0.310804,-30.9458,0.293927,0.263264
192000,F_adaa_direct,0.6,7,1,0,0.513811,0.688478,0.0207834,0.513847,-25.1141,0.0645507,0.5015
192000,G_os4_direct,0.6,7,1,0,0.215865,0.397364,0.0206638,0.214983,-30.2963,0.362908,0.189209
192000,H_os2adaa_direct,0.6,7,1,0,0.314163,0.591665,0.0182454,0.313854,-31.4166,0.298293,0.247194
192000,A_direct,0.6,7,1,1,0.334403,0.675592,0.0316505,0.334141,-16.1843,0,0.331145
192000,B_midpoint,0.6,7,1,1,0.276539,0.659084,0.033934,0.276147,-20.0204,0.186884,0.248533
192000,C_os2_direct,0.6,7,1,1,0.182246,0.544595,0.0369646,0.180738,-20.5147,0.332774,0.171765
192000,D_os2_midpoint,0.6,7,1,1,0.170895,0.51149,0.0433321,0.16907,-20.8011,0.319753,0.169336
192000,E_os2_all,0.6,7,1,1,0.158245,0.475652,0.0552559,0.15582,-21.3536,0.277354,0.15798
192000,F_adaa_direct,0.6,7,1,1,0.309136,0.673147,0.0336476,0.308815,-18.3754,0.099748,0.298025
192000,G_os4_direct,0.6,7,1,1,0.208978,0.559604,0.0514324,0.207321,-17.3915,0.327018,0.221314
192000,H_os2adaa_direct,0.6,7,1,1,0.18067,0.518328,0.0381064,0.179098,-19.8777,0.336252,0.177931
192000,A_direct,0.6,7,1,2,0.201017,0.531723,0.121622,0.19233,-27.8038,0,0.172824
192000,B_midpoint,0.6,7,1,2,0.192048,0.540959,0.111724,0.183961,-39.8683,0.195605,0.14751
192000,C_os2_direct,0.6,7,1,2,0.182958,0.570834,0.10973,0.172355,-44.2797,0.202064,0.155369
192000,D_os2_midpoint,0.6,7,1,2,0.18215,0.568281,0.103994,0.175628,-49.7359,0.200922,0.146149
192000,E_os2_all,0.6,7,1,2,0.167366,0.528613,0.0880737,0.157388,-29.0592,0.181054,0.144444
192000,F_adaa_direct,0.6,7,1,2,0.209682,0.538304,0.10258,0.20373,-35.9158,0.166328,0.203833
192000,G_os4_direct,0.6,7,1,2,0.172322,0.57715,0.095298,0.164762,-35.0783,0.190001,0.150388
192000,H_os2adaa_direct,0.6,7,1,2,0.181522,0.56577,0.111593,0.172525,-46.0675,0.201287,0.154695
192000,A_direct,0.6,7,1,3,0.0894411,0.554627,0.0520222,0.063543,-37.4305,0,0.132249
192000,B_midpoint,0.6,7,1,3,0.00354712,0.540897,0.000540819,0.00355704,-171.908,0.0894109,2.10659e-06
192000,C_os2_direct,0.6,7,1,3,0.00665621,0.537389,0.00322843,0.0068191,-101.499,0.0895905,1.39208e-05
192000,D_os2_midpoint,0.6,7,1,3,0.00345901,0.537389,0.000865382,0.00345982,-166.717,0.0893967,2.98536e-06
192000,E_os2_all,0.6,7,1,3,0.031486,0.537389,0.0185475,0.0226677,-76.4876,0.0949746,0.000934634
192000,F_adaa_direct,0.6,7,1,3,0.00392547,0.544889,0.000551375,0.00394777,-164.345,0.0893906,2.71201e-06
192000,G_os4_direct,0.6,7,1,3,0.0127935,0.537389,0.00751529,0.0101164,-90.3525,0.0903384,0.000223707
192000,H_os2adaa_direct,0.6,7,1,3,0.00453017,0.537389,0.00171689,0.00456809,-157.913,0.089452,5.98562e-06
192000,A_direct,0.6,7,1,4,0.0030645,0.0354659,0.00244134,0.00266114,-47.2713,0,6.89486e-05
192000,B_midpoint,0.6,7,1,4,0.000208317,0.000625415,2.15204e-05,0.000197739,-156.344,0.00305654,9.04436e-06
192000,C_os2_direct,0.6,7,1,4,0.000208478,0.000625705,2.18092e-05,0.000197899,-107.399,0.00305654,9.05446e-06
192000,D_os2_midpoint,0.6,7,1,4,0.000208472,0.000625685,2.15497e-05,0.00019788,-156.217,0.00305654,9.06154e-06
192000,E_os2_all,0.6,7,1,4,0.000212641,0.000625707,3.26026e-05,0.000200106,-130.957,0.00305682,9.07335e-06
192000,F_adaa_direct,0.6,7,1,4,0.000208231,0.000625258,2.15126e-05,0.000197656,-155.602,0.00305654,9.03638e-06
192000,G_os4_direct,0.6,7,1,4,0.000210022,0.000625954,2.59907e-05,0.000198737,-119.525,0.00305664,9.0685e-06
192000,H_os2adaa_direct,0.6,7,1,4,0.000208475,0.000625734,2.1569e-05,0.000197879,-154.971,0.00305654,9.05774e-06
192000,A_direct,0.6,7,1,5,0,0,0,0,-300,0,0
192000,B_midpoint,0.6,7,1,5,0,0,0,0,-300,0,0
192000,C_os2_direct,0.6,7,1,5,0,0,0,0,-300,0,0
192000,D_os2_midpoint,0.6,7,1,5,0,0,0,0,-300,0,0
192000,E_os2_all,0.6,7,1,5,0,0,0,0,-300,0,0
192000,F_adaa_direct,0.6,7,1,5,0,0,0,0,-300,0,0
192000,G_os4_direct,0.6,7,1,5,0,0,0,0,-300,0,0
192000,H_os2adaa_direct,0.6,7,1,5,0,0,0,0,-300,0,0
192000,A_direct,0.6,1.2,0,0,0.527701,0.681963,0.000305395,0.527639,-24.2109,0,0.527748
192000,B_midpoint,0.6,1.2,0,0,0.4719,0.63361,0.000229188,0.471811,-29.9017,0.0925566,0.471974
192000,C_os2_direct,0.6,1.2,0,0,0.297865,0.43465,0.000307532,0.297767,-29.9187,0.238269,0.297956
192000,D_os2_midpoint,0.6,1.2,0,0,0.29565,0.429652,0.00029037,0.295565,-30.0679,0.239538,0.295733
192000,E_os2_all,0.6,1.2,0,0,0.300647,0.434136,0.000205222,0.300616,-30.3699,0.233086,0.300705
192000,F_adaa_direct,0.6,1.2,0,0,0.501847,0.662634,0.000269854,0.501768,-26.709,0.055511,0.501909
192000,G_os4_direct,0.6,1.2,0,0,0.256186,0.396071,0.000286589,0.256266,-31.2792,0.329523,0.256125
192000,H_os2adaa_direct,0.6,1.2,0,0,0.280038,0.39461,0.000316297,0.279958,-29.9296,0.252421,0.280113
192000,A_direct,0.6,1.2,0,1,0.317669,0.624546,0.000921653,0.317581,-17.4528,0,0.318042
192000,B_midpoint,0.6,1.2,0,1,0.239452,0.580493,0.00109482,0.239415,-19.5624,0.161924,0.239667
192000,C_os2_direct,0.6,1.2,0,1,0.185974,0.525343,0.00114861,0.186036,-18.8929,0.287394,0.186289
192000,D_os2_midpoint,0.6,1.2,0,1,0.183065,0.522258,0.00112613,0.183068,-19.1578,0.274988,0.183474
192000,E_os2_all,0.6,1.2,0,1,0.164898,0.485309,0.0010604,0.164863,-19.789,0.227649,0.165118
192000,F_adaa_direct,0.6,1.2,0,1,0.281016,0.591003,0.000985222,0.280922,-19.0015,0.0935885,0.281259
192000,G_os4_direct,0.6,1.2,0,1,0.224658,0.5467,0.000981801,0.224614,-16.7893,0.294603,0.224736
192000,H_os2adaa_direct,0.6,1.2,0,1,0.192054,0.528297,0.00117294,0.192103,-18.4638,0.291801,0.192319
192000,A_direct,0.6,1.2,0,2,0.177258,0.518239,0.101379,0.169787,-37.5049,0,0.142316
192000,B_midpoint,0.6,1.2,0,2,0.114383,0.472923,0.0492157,0.111985,-53.955,0.190586,0.0510395
192000,C_os2_direct,0.6,1.2,0,2,0.0971054,0.486019,0.0460047,0.0951168,-61.0099,0.192395,0.0393867
192000,D_os2_midpoint,0.6,1.2,0,2,0.115285,0.488393,0.0652309,0.114087,-62.3487,0.201781,0.111854
192000,E_os2_all,0.6,1.2,0,2,0.125403,0.497587,0.0935278,0.117755,-71.1163,0.205977,0.133837
192000,F_adaa_direct,0.6,1.2,0,2,0.157697,0.48489,0.100424,0.149296,-42.805,0.240443,0.139119
192000,G_os4_direct,0.6,1.2,0,2,0.124939,0.528108,0.0672439,0.121337,-65.25,0.210512,0.143324
192000,H_os2adaa_direct,0.6,1.2,0,2,0.107233,0.501331,0.0624741,0.105008,-60.7442,0.197331,0.0837733
192000,A_direct,0.6,1.2,0,3,0.00351913,0.587958,2.15256e-05,0.0035195,-167.495,0,2.74276e-06
192000,B_midpoint,0.6,1.2,0,3,0.0036368,0.57616,4.54461e-05,0.00363814,-173.819,0.00218886,2.6108e-06
192000,C_os2_direct,0.6,1.2,0,3,0.00540581,0.573181,0.000216029,0.00541894,-141.507,0.00449533,1.22685e-05
192000,D_os2_midpoint,0.6,1.2,0,3,0.00336236,0.573181,5.10409e-05,0.00336281,-168.473,0.00151514,3.20098e-06
192000,E_os2_all,0.6,1.2,0,3,0.00483662,0.573181,0.000440515,0.00485277,-132.606,0.00387379,1.04946e-05
192000,F_adaa_direct,0.6,1.2,0,3,0.00377409,0.579476,3.78332e-05,0.00377532,-170.347,0.00140822,3.00823e-06
192000,G_os4_direct,0.6,1.2,0,3,0.00529834,0.573181,0.000352762,0.00531653,-133.434,0.00453458,1.45954e-05
192000,H_os2adaa_direct,0.6,1.2,0,3,0.00400643,0.573181,0.000111777,0.00401013,-160.241,0.00268456,5.56719e-06
192000,A_direct,0.6,1.2,0,4,0.000273003,0.000828298,2.84359e-06,0.000271628,-155.418,0,2.1674e-05
192000,B_midpoint,0.6,1.2,0,4,0.000273264,0.000831932,2.84064e-06,0.000271891,-155.691,6.89089e-07,2.16981e-05
192000,C_os2_direct,0.6,1.2,0,4,0.000273463,0.000835076,2.83939e-06,0.000272092,-155.694,1.30798e-06,2.17162e-05
192000,D_os2_midpoint,0.6,1.2,0,4,0.000273521,0.000836561,2.83715e-06,0.000272152,-155.689,1.61537e-06,2.17231e-05
192000,E_os2_all,0.6,1.2,0,4,0.000273678,0.000840406,2.83356e-06,0.000272313,-155.515,2.41209e-06,2.17403e-05
192000,F_adaa_direct,0.6,1.2,0,4,0.000273116,0.000829422,2.8427e-06,0.000271742,-155.632,2.23733e-07,2.16836e-05
192000,G_os4_direct,0.6,1.2,0,4,0.000273684,0.00083839,2.83737e-06,0.000272315,-155.645,1.96711e-06,2.17359e-05
192000,H_os2adaa_direct,0.6,1.2,0,4,0.000273498,0.000835606,2.83732e-06,0.000272129,-155.713,1.41279e-06,2.17192e-05
192000,A_direct,0.6,1.2,0,5,0,0,0,0,-300,0,0
192000,B_midpoint,0.6,1.2,0,5,0,0,0,0,-300,0,0
192000,C_os2_direct,0.6,1.2,0,5,0,0,0,0,-300,0,0
192000,D_os2_midpoint,0.6,1.2,0,5,0,0,0,0,-300,0,0
192000,E_os2_all,0.6,1.2,0,5,0,0,0,0,-300,0,0
192000,F_adaa_direct,0.6,1.2,0,5,0,0,0,0,-300,0,0
192000,G_os4_direct,0.6,1.2,0,5,0,0,0,0,-300,0,0
192000,H_os2adaa_direct,0.6,1.2,0,5,0,0,0,0,-300,0,0
192000,A_direct,0.7,0.18,1,0,0.515096,0.667245,0.0011217,0.515289,-23.9836,0,0.51512
192000,B_midpoint,0.7,0.18,1,0,0.451256,0.609128,0.000881802,0.451556,-29.2013,0.106808,0.451243
192000,C_os2_direct,0.7,0.18,1,0,0.240509,0.379191,0.00104158,0.240922,-28.8952,0.287761,0.240416
192000,D_os2_midpoint,0.7,0.18,1,0,0.239204,0.375841,0.000955574,0.239574,-29.0709,0.287967,0.239091
192000,E_os2_all,0.7,0.18,1,0,0.247701,0.38541,0.000675307,0.247945,-29.4581,0.277889,0.247604
192000,F_adaa_direct,0.7,0.18,1,0,0.4854,0.643159,0.00102956,0.485659,-26.2068,0.0638738,0.485413
192000,G_os4_direct,0.7,0.18,1,0,0.19788,0.320654,0.000942718,0.197632,-29.3031,0.390681,0.19797
192000,H_os2adaa_direct,0.7,0.18,1,0,0.217934,0.335127,0.00105532,0.21829,-28.8345,0.30464,0.217841
192000,A_direct,0.7,0.18,1,1,0.314667,0.615559,0.00455684,0.314949,-17.5772,0,0.314913
192000,B_midpoint,0.7,0.18,1,1,0.237629,0.542121,0.00438933,0.237783,-20.8819,0.168651,0.238352
192000,C_os2_direct,0.7,0.18,1,1,0.178109,0.493422,0.00510465,0.178091,-19.6906,0.316555,0.179113
192000,D_os2_midpoint,0.7,0.18,1,1,0.163578,0.461424,0.00565891,0.163659,-20.1756,0.298054,0.164327
192000,E_os2_all,0.7,0.18,1,1,0.138688,0.386549,0.00668866,0.138348,-21.2978,0.249586,0.139012
192000,F_adaa_direct,0.7,0.18,1,1,0.274621,0.583655,0.00489871,0.274939,-19.6312,0.0956125,0.27488
192000,G_os4_direct,0.7,0.18,1,1,0.210825,0.4623,0.00601688,0.210741,-17.0477,0.324142,0.211027
192000,H_os2adaa_direct,0.7,0.18,1,1,0.181992,0.483388,0.00528191,0.181985,-19.0859,0.321143,0.182842
192000,A_direct,0.7,0.18,1,2,0.196863,0.540827,0.121517,0.182613,-39.5658,0,0.203235
192000,B_midpoint,0.7,0.18,1,2,0.156093,0.548337,0.118544,0.13366,-55.0378,0.234433,0.136418
192000,C_os2_direct,0.7,0.18,1,2,0.167934,0.536695,0.107733,0.149106,-62.7389,0.246725,0.150086
192000,D_os2_midpoint,0.7,0.18,1,2,0.168643,0.542083,0.108937,0.150275,-66.1893,0.245915,0.15699
192000,E_os2_all,0.7,0.18,1,2,0.163252,0.528254,0.0968313,0.14853,-73.7533,0.236606,0.139989
192000,F_adaa_direct,0.7,0.18,1,2,0.167836,0.545085,0.120484,0.151169,-44.5866,0.237004,0.152215
192000,G_os4_direct,0.7,0.18,1,2,0.158191,0.53213,0.108383,0.143471,-69.0706,0.242958,0.150546
192000,H_os2adaa_direct,0.7,0.18,1,2,0.168554,0.543232,0.105603,0.150542,-63.3938,0.247927,0.153083
192000,A_direct,0.7,0.18,1,3,0.00320266,0.554959,4.08669e-05,0.00320186,-165.658,0,4.61929e-06
192000,B_midpoint,0.7,0.18,1,3,0.00331918,0.540715,0.000101203,0.00331586,-172.271,0.00115385,4.42942e-06
192000,C_os2_direct,0.7,0.18,1,3,0.00693054,0.537068,0.000747057,0.0068278,-147.634,0.00584343,2.68942e-05
192000,D_os2_midpoint,0.7,0.18,1,3,0.00326095,0.537068,0.000120951,0.00325777,-166.492,0.00113107,6.53339e-06
192000,E_os2_all,0.7,0.18,1,3,0.00482226,0.537068,0.000591009,0.00477319,-140.993,0.00359344,1.68416e-05
192000,F_adaa_direct,0.7,0.18,1,3,0.00332265,0.544861,7.51776e-05,0.00332071,-168.403,0.000633304,4.49781e-06
192000,G_os4_direct,0.7,0.18,1,3,0.00669865,0.537068,0.000896289,0.00658927,-139.735,0.00581008,3.05048e-05
192000,H_os2adaa_direct,0.7,0.18,1,3,0.0038914,0.537068,0.000232044,0.00387692,-160.505,0.00210843,9.39511e-06
192000,A_direct,0.7,0.18,1,4,0.000510975,0.00148449,8.73074e-06,0.000507549,-154.954,0,5.14898e-05
192000,B_midpoint,0.7,0.18,1,4,0.000511511,0.00148417,8.73762e-06,0.000508092,-155.352,1.22415e-06,5.15365e-05
192000,C_os2_direct,0.7,0.18,1,4,0.000511979,0.00148351,8.74143e-06,0.00050857,-155.296,2.42666e-06,5.15764e-05
192000,D_os2_midpoint,0.7,0.18,1,4,0.000512124,0.00148308,8.74413e-06,0.000508719,-155.313,2.95543e-06,5.15876e-05
192000,E_os2_all,0.7,0.18,1,4,0.000512492,0.00148211,8.75171e-06,0.000509097,-155.189,4.31401e-06,5.16173e-05
192000,F_adaa_direct,0.7,0.18,1,4,0.000511191,0.00148445,8.73406e-06,0.000507767,-155.139,3.98674e-07,5.15095e-05
192000,G_os4_direct,0.7,0.18,1,4,0.00051245,0.0014829,8.74672e-06,0.00050905,-155.28,3.64356e-06,5.1617e-05
192000,H_os2adaa_direct,0.7,0.18,1,4,0.000512062,0.00148342,8.74462e-06,0.000508653,-155.288,2.62109e-06,5.15831e-05
192000,A_direct,0.7,0.18,1,5,0,0,0,0,-300,0,0
192000,B_midpoint,0.7,0.18,1,5,0,0,0,0,-300,0,0
192000,C_os2_direct,0.7,0.18,1,5,0,0,0,0,-300,0,0
192000,D_os2_midpoint,0.7,0.18,1,5,0,0,0,0,-300,0,0
192000,E_os2_all,0.7,0.18,1,5,0,0,0,0,-300,0,0
192000,F_adaa_direct,0.7,0.18,1,5,0,0,0,0,-300,0,0
192000,G_os4_direct,0.7,0.18,1,5,0,0,0,0,-300,0,0
192000,H_os2adaa_direct,0.7,0.18,1,5,0,0,0,0,-300,0,0
192000,A_direct,0.7,1.2,0.6,0,0.526866,0.683322,0.0229009,0.529,-23.9334,0,0.529417
192000,B_midpoint,0.7,1.2,0.6,0,0.477039,0.665206,0.018129,0.48144,-29.1236,0.104175,0.494406
192000,C_os2_direct,0.7,1.2,0.6,0,0.290998,0.497054,0.0193307,0.299532,-29.8304,0.263353,0.322361
192000,D_os2_midpoint,0.7,1.2,0.6,0,0.285754,0.485195,0.0182829,0.293652,-29.8764,0.265722,0.314388
192000,E_os2_all,0.7,1.2,0.6,0,0.282078,0.458529,0.0138121,0.287383,-30.021,0.262964,0.300437
192000,F_adaa_direct,0.7,1.2,0.6,0,0.506435,0.680883,0.0213104,0.509816,-26.0511,0.0605993,0.519137
192000,G_os4_direct,0.7,1.2,0.6,0,0.212264,0.350298,0.0208162,0.211167,-30.2233,0.353493,0.20682
192000,H_os2adaa_direct,0.7,1.2,0.6,0,0.267939,0.460385,0.019964,0.276161,-29.6665,0.277542,0.297772
192000,A_direct,0.7,1.2,0.6,1,0.326255,0.662172,0.0427187,0.32753,-17.5636,0,0.334472
192000,B_midpoint,0.7,1.2,0.6,1,0.249214,0.579444,0.0437202,0.253161,-20.14,0.171761,0.265655
192000,C_os2_direct,0.7,1.2,0.6,1,0.169976,0.524062,0.0522813,0.165485,-19.5018,0.307653,0.161872
192000,D_os2_midpoint,0.7,1.2,0.6,1,0.16428,0.514831,0.0607255,0.158533,-19.8472,0.291327,0.161828
192000,E_os2_all,0.7,1.2,0.6,1,0.154974,0.447214,0.0628272,0.156357,-20.6119,0.251373,0.167204
192000,F_adaa_direct,0.7,1.2,0.6,1,0.294154,0.630104,0.0437127,0.296938,-19.4143,0.0923792,0.308946
192000,G_os4_direct,0.7,1.2,0.6,1,0.213376,0.551212,0.0634247,0.209156,-17.1308,0.310956,0.211554
192000,H_os2adaa_direct,0.7,1.2,0.6,1,0.174882,0.527343,0.0552146,0.169634,-18.9925,0.310939,0.167154
192000,A_direct,0.7,1.2,0.6,2,0.18867,0.504689,0.1118,0.178781,-36.3582,0,0.17418
192000,B_midpoint,0.7,1.2,0.6,2,0.154867,0.531479,0.103987,0.146844,-49.1316,0.213738,0.166761
192000,C_os2_direct,0.7,1.2,0.6,2,0.149387,0.551985,0.0973568,0.135927,-47.5995,0.22275,0.140746
192000,D_os2_midpoint,0.7,1.2,0.6,2,0.153124,0.543534,0.0971644,0.136566,-57.2378,0.224272,0.154986
192000,E_os2_all,0.7,1.2,0.6,2,0.162875,0.536352,0.0962468,0.135557,-43.8535,0.227835,0.150434
192000,F_adaa_direct,0.7,1.2,0.6,2,0.183171,0.521484,0.116963,0.171234,-39.9542,0.234565,0.17985
192000,G_os4_direct,0.7,1.2,0.6,2,0.155191,0.51964,0.0904679,0.130871,-43.6391,0.225431,0.140703
192000,H_os2adaa_direct,0.7,1.2,0.6,2,0.155858,0.547356,0.1003,0.1401,-55.7162,0.226854,0.170483
192000,A_direct,0.7,1.2,0.6,3,0.00342943,0.568014,0.000575724,0.00340208,-164.182,0,3.29395e-06
192000,B_midpoint,0.7,1.2,0.6,3,0.00357369,0.554997,0.000985072,0.00347896,-172.077,0.00214028,3.41298e-06
192000,C_os2_direct,0.7,1.2,0.6,3,0.0157128,0.551671,0.00898767,0.011777,-138.105,0.0154061,0.000103357
192000,D_os2_midpoint,0.7,1.2,0.6,3,0.00355847,0.551671,0.00108072,0.00342187,-166.767,0.00178126,4.88711e-06
192000,E_os2_all,0.7,1.2,0.6,3,0.121158,0.551671,0.0693003,0.0865588,-42.841,0.121125,0.0817326
192000,F_adaa_direct,0.7,1.2,0.6,3,0.00376234,0.558771,0.00102178,0.00366714,-167.842,0.00145113,3.88681e-06
192000,G_os4_direct,0.7,1.2,0.6,3,0.127645,0.551671,0.0728126,0.0913027,-45.5331,0.127624,0.0723971
192000,H_os2adaa_direct,0.7,1.2,0.6,3,0.00510176,0.551671,0.00243669,0.00452002,-157.503,0.00402324,1.17312e-05
192000,A_direct,0.7,1.2,0.6,4,0.000412537,0.00132541,4.19849e-05,0.000400365,-155.085,0,3.34728e-05
192000,B_midpoint,0.7,1.2,0.6,4,0.000413019,0.00132866,4.23009e-05,0.000400739,-155.585,1.0882e-06,3.35051e-05
192000,C_os2_direct,0.7,1.2,0.6,4,0.000413478,0.00133187,4.26026e-05,0.00040109,-155.451,2.14205e-06,3.35323e-05
192000,D_os2_midpoint,0.7,1.2,0.6,4,0.000413609,0.0013331,4.27546e-05,0.00040117,-155.514,2.60616e-06,3.35399e-05
192000,E_os2_all,0.7,1.2,0.6,4,0.0114836,0.0483067,0.00669755,0.00813739,-149.459,0.0114761,0.0229335
192000,F_adaa_direct,0.7,1.2,0.6,4,0.000412737,0.00132657,4.208e-05,0.00040053,-155.429,3.67197e-07,3.34862e-05
192000,G_os4_direct,0.7,1.2,0.6,4,0.000413932,0.00133498,4.29223e-05,0.000401431,-155.235,3.22577e-06,3.35612e-05
192000,H_os2adaa_direct,0.7,1.2,0.6,4,0.000413555,0.00133245,4.26512e-05,0.000401148,-155.537,2.31107e-06,3.35372e-05
192000,A_direct,0.7,1.2,0.6,5,0,0,0,0,-300,0,0
192000,B_midpoint,0.7,1.2,0.6,5,0,0,0,0,-300,0,0
192000,C_os2_direct,0.7,1.2,0.6,5,0,0,0,0,-300,0,0
192000,D_os2_midpoint,0.7,1.2,0.6,5,0,0,0,0,-300,0,0
192000,E_os2_all,0.7,1.2,0.6,5,0,0,0,0,-300,0,0
192000,F_adaa_direct,0.7,1.2,0.6,5,0,0,0,0,-300,0,0
192000,G_os4_direct,0.7,1.2,0.6,5,0,0,0,0,-300,0,0
192000,H_os2adaa_direct,0.7,1.2,0.6,5,0,0,0,0,-300,0,0
192000,A_direct,0.7,7,1,0,0.53061,0.687687,0.0220884,0.530637,-23.8849,0,0.528718
192000,B_midpoint,0.7,7,1,0,0.494047,0.68882,0.0189021,0.49408,-26.8181,0.117632,0.47232
192000,C_os2_direct,0.7,7,1,0,0.336786,0.61465,0.0182112,0.336561,-32.0131,0.289906,0.270735
192000,D_os2_midpoint,0.7,7,1,0,0.32831,0.602781,0.017473,0.328055,-31.6728,0.294257,0.265128
192000,E_os2_all,0.7,7,1,0,0.310398,0.563964,0.0145566,0.31008,-30.8738,0.299294,0.261199
192000,F_adaa_direct,0.7,7,1,0,0.515237,0.688537,0.0211136,0.515271,-25.0428,0.0656446,0.503873
192000,G_os4_direct,0.7,7,1,0,0.211978,0.397917,0.0211191,0.211055,-30.1038,0.369655,0.183911
192000,H_os2adaa_direct,0.7,7,1,0,0.313526,0.593725,0.0186404,0.31321,-31.3564,0.303831,0.2448
192000,A_direct,0.7,7,1,1,0.337501,0.678631,0.032201,0.337229,-16.1196,0,0.334417
192000,B_midpoint,0.7,7,1,1,0.279206,0.661982,0.0345071,0.278803,-20.0362,0.190434,0.251172
192000,C_os2_direct,0.7,7,1,1,0.183974,0.54766,0.0375848,0.182437,-20.5603,0.339454,0.173212
192000,D_os2_midpoint,0.7,7,1,1,0.172175,0.514877,0.0438172,0.170296,-20.8549,0.326184,0.170454
192000,E_os2_all,0.7,7,1,1,0.158328,0.475589,0.0559248,0.155772,-21.4397,0.283153,0.158148
192000,F_adaa_direct,0.7,7,1,1,0.312111,0.676139,0.0342267,0.311779,-18.3338,0.101645,0.301158
192000,G_os4_direct,0.7,7,1,1,0.210274,0.563408,0.0520574,0.208575,-17.3683,0.333548,0.222723
192000,H_os2adaa_direct,0.7,7,1,1,0.182271,0.52118,0.0387061,0.180668,-19.9061,0.343009,0.179325
192000,A_direct,0.7,7,1,2,0.204149,0.535905,0.123357,0.195238,-27.6411,0,0.174882
192000,B_midpoint,0.7,7,1,2,0.194189,0.548453,0.115639,0.185239,-39.718,0.197907,0.152713
192000,C_os2_direct,0.7,7,1,2,0.186004,0.578228,0.113312,0.177214,-44.9416,0.206338,0.159875
192000,D_os2_midpoint,0.7,7,1,2,0.184638,0.572242,0.10543,0.177911,-49.5882,0.204979,0.148703
192000,E_os2_all,0.7,7,1,2,0.171252,0.512373,0.0939309,0.164065,-28.8445,0.185425,0.152323
192000,F_adaa_direct,0.7,7,1,2,0.212887,0.544165,0.104074,0.206862,-35.7941,0.167484,0.20731
192000,G_os4_direct,0.7,7,1,2,0.175723,0.586028,0.0950343,0.168288,-35.3206,0.194889,0.153157
192000,H_os2adaa_direct,0.7,7,1,2,0.183698,0.573431,0.112702,0.174181,-45.8875,0.204544,0.157046
192000,A_direct,0.7,7,1,3,0.00357514,0.554736,0.000360634,0.00358169,-69.4502,0,2.77701e-06
192000,B_midpoint,0.7,7,1,3,0.00355957,0.540665,0.000537394,0.00356957,-171.949,0.00272929,2.12963e-06
192000,C_os2_direct,0.7,7,1,3,0.00669057,0.537068,0.00315665,0.00684768,-122.72,0.00630022,1.377e-05
192000,D_os2_midpoint,0.7,7,1,3,0.00346743,0.537068,0.000848102,0.00346803,-166.534,0.00219622,3.01701e-06
192000,E_os2_all,0.7,7,1,3,0.0255785,0.537068,0.0150921,0.0185464,-85.3741,0.0254683,0.000607317
192000,F_adaa_direct,0.7,7,1,3,0.00393605,0.544757,0.000544414,0.00395752,-164.492,0.00193271,2.71861e-06
192000,G_os4_direct,0.7,7,1,3,0.00784011,0.537068,0.00453619,0.0071319,-111.426,0.00760109,6.26459e-05
192000,H_os2adaa_direct,0.7,7,1,3,0.00455037,0.537068,0.00167858,0.00458737,-157.77,0.00384802,5.96763e-06
192000,A_direct,0.7,7,1,4,0.000220744,0.000639381,4.16129e-05,0.000206123,-80.9853,0,9.10322e-06
192000,B_midpoint,0.7,7,1,4,0.000212635,0.000639778,2.19263e-05,0.000201855,-156.18,5.98587e-05,9.14235e-06
192000,C_os2_direct,0.7,7,1,4,0.000212765,0.000640068,2.19594e-05,0.00020197,-120.161,5.98638e-05,9.15548e-06
192000,D_os2_midpoint,0.7,7,1,4,0.000212792,0.00064006,2.19565e-05,0.000201997,-156.178,5.98597e-05,9.16203e-06
192000,E_os2_all,0.7,7,1,4,0.00021295,0.000640155,2.2257e-05,0.000202111,-138.992,6.01741e-05,9.18014e-06
192000,F_adaa_direct,0.7,7,1,4,0.000212545,0.000639603,2.19183e-05,0.000201769,-155.49,5.98586e-05,9.13358e-06
192000,G_os4_direct,0.7,7,1,4,0.000212901,0.000640406,2.19836e-05,0.000202096,-137.809,5.98688e-05,9.16899e-06
192000,H_os2adaa_direct,0.7,7,1,4,0.00021279,0.000640113,2.19592e-05,0.000201994,-155.792,5.98603e-05,9.15795e-06
192000,A_direct,0.7,7,1,5,0,0,0,0,-300,0,0
192000,B_midpoint,0.7,7,1,5,0,0,0,0,-300,0,0
192000,C_os2_direct,0.7,7,1,5,0,0,0,0,-300,0,0
192000,D_os2_midpoint,0.7,7,1,5,0,0,0,0,-300,0,0
192000,E_os2_all,0.7,7,1,5,0,0,0,0,-300,0,0
192000,F_adaa_direct,0.7,7,1,5,0,0,0,0,-300,0,0
192000,G_os4_direct,0.7,7,1,5,0,0,0,0,-300,0,0
192000,H_os2adaa_direct,0.7,7,1,5,0,0,0,0,-300,0,0
192000,A_direct,0.7,1.2,0,0,0.530042,0.684043,0.000312679,0.529979,-24.0345,0,0.530089
192000,B_midpoint,0.7,1.2,0,0,0.473537,0.635291,0.000234803,0.473446,-29.6858,0.0949049,0.473612
192000,C_os2_direct,0.7,1.2,0,0,0.29502,0.433317,0.000315021,0.294918,-29.7676,0.244295,0.295115
192000,D_os2_midpoint,0.7,1.2,0,0,0.292682,0.428158,0.000297446,0.292593,-29.914,0.245574,0.292769
192000,E_os2_all,0.7,1.2,0,0,0.297656,0.432426,0.000210277,0.297623,-30.2222,0.238914,0.297717
192000,F_adaa_direct,0.7,1.2,0,0,0.503929,0.664642,0.000276533,0.50385,-26.5012,0.05692,0.503992
192000,G_os4_direct,0.7,1.2,0,0,0.251204,0.390396,0.000294166,0.251288,-30.9833,0.337509,0.251142
192000,H_os2adaa_direct,0.7,1.2,0,0,0.276419,0.392489,0.000324105,0.276335,-29.758,0.258751,0.276497
192000,A_direct,0.7,1.2,0,1,0.320782,0.627492,0.000926303,0.320693,-17.4222,0,0.321163
192000,B_midpoint,0.7,1.2,0,1,0.241435,0.583198,0.00111398,0.241397,-19.6037,0.165405,0.241658
192000,C_os2_direct,0.7,1.2,0,1,0.18674,0.526414,0.00116948,0.186802,-18.9225,0.293946,0.187058
192000,D_os2_midpoint,0.7,1.2,0,1,0.183484,0.523203,0.00114551,0.183486,-19.1954,0.28123,0.183901
192000,E_os2_all,0.7,1.2,0,1,0.163957,0.485297,0.00105266,0.16392,-19.8455,0.232858,0.164186
192000,F_adaa_direct,0.7,1.2,0,1,0.283763,0.594326,0.00100378,0.283668,-19.0116,0.0956537,0.284015
192000,G_os4_direct,0.7,1.2,0,1,0.225564,0.548358,0.000996133,0.225518,-16.7678,0.30131,0.225645
192000,H_os2adaa_direct,0.7,1.2,0,1,0.192821,0.529581,0.00119361,0.19287,-18.4813,0.298442,0.193089
192000,A_direct,0.7,1.2,0,2,0.180166,0.52444,0.103786,0.172461,-37.3078,0,0.143497
192000,B_midpoint,0.7,1.2,0,2,0.125187,0.479227,0.0600169,0.117384,-53.4498,0.200125,0.107666
192000,C_os2_direct,0.7,1.2,0,2,0.0964293,0.481962,0.0536124,0.0952952,-61.3161,0.194836,0.045024
192000,D_os2_midpoint,0.7,1.2,0,2,0.115824,0.493979,0.0712957,0.112875,-62.0079,0.206369,0.120819
192000,E_os2_all,0.7,1.2,0,2,0.131888,0.507024,0.0870132,0.125316,-71.3828,0.212302,0.15724
192000,F_adaa_direct,0.7,1.2,0,2,0.160539,0.491911,0.102175,0.152575,-42.7781,0.247645,0.150428
192000,G_os4_direct,0.7,1.2,0,2,0.122686,0.5337,0.0758997,0.117356,-65.2584,0.209361,0.129576
192000,H_os2adaa_direct,0.7,1.2,0,2,0.106342,0.507282,0.0551164,0.108352,-61.2186,0.199875,0.066275
192000,A_direct,0.7,1.2,0,3,0.00353386,0.587846,2.23918e-05,0.00353427,-167.238,0,2.85009e-06
192000,B_midpoint,0.7,1.2,0,3,0.00365629,0.57589,4.71252e-05,0.00365772,-173.876,0.00225224,2.71966e-06
192000,C_os2_direct,0.7,1.2,0,3,0.00571065,0.572862,0.000245669,0.00572603,-141.614,0.00486911,1.36093e-05
192000,D_os2_midpoint,0.7,1.2,0,3,0.00339054,0.572862,5.68534e-05,0.00339112,-168.237,0.00157451,3.38464e-06
192000,E_os2_all,0.7,1.2,0,3,0.0050636,0.572862,0.000499431,0.00508235,-132.288,0.00416515,1.1478e-05
192000,F_adaa_direct,0.7,1.2,0,3,0.00380718,0.579269,3.95472e-05,0.00380852,-169.614,0.00146224,3.14893e-06
192000,G_os4_direct,0.7,1.2,0,3,0.00557323,0.572862,0.000402447,0.00559449,-132.946,0.00487133,1.61659e-05
192000,H_os2adaa_direct,0.7,1.2,0,3,0.0041133,0.572862,0.000123099,0.00411766,-159.896,0.00284595,6.0183e-06
192000,A_direct,0.7,1.2,0,4,0.000280645,0.000852816,2.91655e-06,0.000279236,-155.328,0,2.22792e-05
192000,B_midpoint,0.7,1.2,0,4,0.00028091,0.000856528,2.91339e-06,0.000279504,-155.697,7.12129e-07,2.2304e-05
192000,C_os2_direct,0.7,1.2,0,4,0.000281117,0.000859768,2.91136e-06,0.000279713,-155.59,1.35159e-06,2.23214e-05
192000,D_os2_midpoint,0.7,1.2,0,4,0.000281177,0.00086132,2.90948e-06,0.000279774,-155.615,1.66961e-06,2.23285e-05
192000,E_os2_all,0.7,1.2,0,4,0.000281339,0.000865301,2.90745e-06,0.000279939,-155.56,2.49199e-06,2.23475e-05
192000,F_adaa_direct,0.7,1.2,0,4,0.000280759,0.000854008,2.9155e-06,0.00027935,-155.574,2.29706e-07,2.22895e-05
192000,G_os4_direct,0.7,1.2,0,4,0.000281344,0.00086323,2.90884e-06,0.000279942,-155.549,2.03175e-06,2.23427e-05
192000,H_os2adaa_direct,0.7,1.2,0,4,0.000281157,0.000860319,2.9103e-06,0.000279753,-155.611,1.46004e-06,2.23249e-05
192000,A_direct,0.7,1.2,0,5,0,0,0,0,-300,0,0
192000,B_midpoint,0.7,1.2,0,5,0,0,0,0,-300,0,0
192000,C_os2_direct,0.7,1.2,0,5,0,0,0,0,-300,0,0
192000,D_os2_midpoint,0.7,1.2,0,5,0,0,0,0,-300,0,0
192000,E_os2_all,0.7,1.2,0,5,0,0,0,0,-300,0,0
192000,F_adaa_direct,0.7,1.2,0,5,0,0,0,0,-300,0,0
192000,G_os4_direct,0.7,1.2,0,5,0,0,0,0,-300,0,0
192000,H_os2adaa_direct,0.7,1.2,0,5,0,0,0,0,-300,0,0
