algorithm,frequency_over_sample_rate,gain_db,phase_unwrapped_rad
direct,0,-2.19424e-07,0
direct,0.000488281,-2.19424e-07,0
direct,0.000976562,-2.19424e-07,0
direct,0.00146484,-2.19424e-07,0
direct,0.00195312,-2.19424e-07,0
direct,0.00244141,-2.19424e-07,0
direct,0.00292969,-2.19424e-07,0
direct,0.00341797,-2.19424e-07,0
direct,0.00390625,-2.19424e-07,0
direct,0.00439453,-2.19424e-07,0
direct,0.00488281,-2.19424e-07,0
direct,0.00537109,-2.19424e-07,0
direct,0.00585938,-2.19424e-07,0
direct,0.00634766,-2.19424e-07,0
direct,0.00683594,-2.19424e-07,0
direct,0.00732422,-2.19424e-07,0
direct,0.0078125,-2.19424e-07,0
direct,0.00830078,-2.19424e-07,0
direct,0.00878906,-2.19424e-07,0
direct,0.00927734,-2.19424e-07,0
direct,0.00976562,-2.19424e-07,0
direct,0.0102539,-2.19424e-07,0
direct,0.0107422,-2.19424e-07,0
direct,0.0112305,-2.19424e-07,0
direct,0.0117188,-2.19424e-07,0
direct,0.012207,-2.19424e-07,0
direct,0.0126953,-2.19424e-07,0
direct,0.0131836,-2.19424e-07,0
direct,0.0136719,-2.19424e-07,0
direct,0.0141602,-2.19424e-07,0
direct,0.0146484,-2.19424e-07,0
direct,0.0151367,-2.19424e-07,0
direct,0.015625,-2.19424e-07,0
direct,0.0161133,-2.19424e-07,0
direct,0.0166016,-2.19424e-07,0
direct,0.0170898,-2.19424e-07,0
direct,0.0175781,-2.19424e-07,0
direct,0.0180664,-2.19424e-07,0
direct,0.0185547,-2.19424e-07,0
direct,0.019043,-2.19424e-07,0
direct,0.0195312,-2.19424e-07,0
direct,0.0200195,-2.19424e-07,0
direct,0.0205078,-2.19424e-07,0
direct,0.0209961,-2.19424e-07,0
direct,0.0214844,-2.19424e-07,0
direct,0.0219727,-2.19424e-07,0
direct,0.0224609,-2.19424e-07,0
direct,0.0229492,-2.19424e-07,0
direct,0.0234375,-2.19424e-07,0
direct,0.0239258,-2.19424e-07,0
direct,0.0244141,-2.19424e-07,0
direct,0.0249023,-2.19424e-07,0
direct,0.0253906,-2.19424e-07,0
direct,0.0258789,-2.19424e-07,0
direct,0.0263672,-2.19424e-07,0
direct,0.0268555,-2.19424e-07,0
direct,0.0273438,-2.19424e-07,0
direct,0.027832,-2.19424e-07,0
direct,0.0283203,-2.19424e-07,0
direct,0.0288086,-2.19424e-07,0
direct,0.0292969,-2.19424e-07,0
direct,0.0297852,-2.19424e-07,0
direct,0.0302734,-2.19424e-07,0
direct,0.0307617,-2.19424e-07,0
direct,0.03125,-2.19424e-07,0
direct,0.0317383,-2.19424e-07,0
direct,0.0322266,-2.19424e-07,0
direct,0.0327148,-2.19424e-07,0
direct,0.0332031,-2.19424e-07,0
direct,0.0336914,-2.19424e-07,0
direct,0.0341797,-2.19424e-07,0
direct,0.034668,-2.19424e-07,0
direct,0.0351562,-2.19424e-07,0
direct,0.0356445,-2.19424e-07,0
direct,0.0361328,-2.19424e-07,0
direct,0.0366211,-2.19424e-07,0
direct,0.0371094,-2.19424e-07,0
direct,0.0375977,-2.19424e-07,0
direct,0.0380859,-2.19424e-07,0
direct,0.0385742,-2.19424e-07,0
direct,0.0390625,-2.19424e-07,0
direct,0.0395508,-2.19424e-07,0
direct,0.0400391,-2.19424e-07,0
direct,0.0405273,-2.19424e-07,0
direct,0.0410156,-2.19424e-07,0
direct,0.0415039,-2.19424e-07,0
direct,0.0419922,-2.19424e-07,0
direct,0.0424805,-2.19424e-07,0
direct,0.0429688,-2.19424e-07,0
direct,0.043457,-2.19424e-07,0
direct,0.0439453,-2.19424e-07,0
direct,0.0444336,-2.19424e-07,0
direct,0.0449219,-2.19424e-07,0
direct,0.0454102,-2.19424e-07,0
direct,0.0458984,-2.19424e-07,0
direct,0.0463867,-2.19424e-07,0
direct,0.046875,-2.19424e-07,0
direct,0.0473633,-2.19424e-07,0
direct,0.0478516,-2.19424e-07,0
direct,0.0483398,-2.19424e-07,0
direct,0.0488281,-2.19424e-07,0
direct,0.0493164,-2.19424e-07,0
direct,0.0498047,-2.19424e-07,0
direct,0.050293,-2.19424e-07,0
direct,0.0507812,-2.19424e-07,0
direct,0.0512695,-2.19424e-07,0
direct,0.0517578,-2.19424e-07,0
direct,0.0522461,-2.19424e-07,0
direct,0.0527344,-2.19424e-07,0
direct,0.0532227,-2.19424e-07,0
direct,0.0537109,-2.19424e-07,0
direct,0.0541992,-2.19424e-07,0
direct,0.0546875,-2.19424e-07,0
direct,0.0551758,-2.19424e-07,0
direct,0.0556641,-2.19424e-07,0
direct,0.0561523,-2.19424e-07,0
direct,0.0566406,-2.19424e-07,0
direct,0.0571289,-2.19424e-07,0
direct,0.0576172,-2.19424e-07,0
direct,0.0581055,-2.19424e-07,0
direct,0.0585938,-2.19424e-07,0
direct,0.059082,-2.19424e-07,0
direct,0.0595703,-2.19424e-07,0
direct,0.0600586,-2.19424e-07,0
direct,0.0605469,-2.19424e-07,0
direct,0.0610352,-2.19424e-07,0
direct,0.0615234,-2.19424e-07,0
direct,0.0620117,-2.19424e-07,0
direct,0.0625,-2.19424e-07,0
direct,0.0629883,-2.19424e-07,0
direct,0.0634766,-2.19424e-07,0
direct,0.0639648,-2.19424e-07,0
direct,0.0644531,-2.19424e-07,0
direct,0.0649414,-2.19424e-07,0
direct,0.0654297,-2.19424e-07,0
direct,0.065918,-2.19424e-07,0
direct,0.0664062,-2.19424e-07,0
direct,0.0668945,-2.19424e-07,0
direct,0.0673828,-2.19424e-07,0
direct,0.0678711,-2.19424e-07,0
direct,0.0683594,-2.19424e-07,0
direct,0.0688477,-2.19424e-07,0
direct,0.0693359,-2.19424e-07,0
direct,0.0698242,-2.19424e-07,0
direct,0.0703125,-2.19424e-07,0
direct,0.0708008,-2.19424e-07,0
direct,0.0712891,-2.19424e-07,0
direct,0.0717773,-2.19424e-07,0
direct,0.0722656,-2.19424e-07,0
direct,0.0727539,-2.19424e-07,0
direct,0.0732422,-2.19424e-07,0
direct,0.0737305,-2.19424e-07,0
direct,0.0742188,-2.19424e-07,0
direct,0.074707,-2.19424e-07,0
direct,0.0751953,-2.19424e-07,0
direct,0.0756836,-2.19424e-07,0
direct,0.0761719,-2.19424e-07,0
direct,0.0766602,-2.19424e-07,0
direct,0.0771484,-2.19424e-07,0
direct,0.0776367,-2.19424e-07,0
direct,0.078125,-2.19424e-07,0
direct,0.0786133,-2.19424e-07,0
direct,0.0791016,-2.19424e-07,0
direct,0.0795898,-2.19424e-07,0
direct,0.0800781,-2.19424e-07,0
direct,0.0805664,-2.19424e-07,0
direct,0.0810547,-2.19424e-07,0
direct,0.081543,-2.19424e-07,0
direct,0.0820312,-2.19424e-07,0
direct,0.0825195,-2.19424e-07,0
direct,0.0830078,-2.19424e-07,0
direct,0.0834961,-2.19424e-07,0
direct,0.0839844,-2.19424e-07,0
direct,0.0844727,-2.19424e-07,0
direct,0.0849609,-2.19424e-07,0
direct,0.0854492,-2.19424e-07,0
direct,0.0859375,-2.19424e-07,0
direct,0.0864258,-2.19424e-07,0
direct,0.0869141,-2.19424e-07,0
direct,0.0874023,-2.19424e-07,0
direct,0.0878906,-2.19424e-07,0
direct,0.0883789,-2.19424e-07,0
direct,0.0888672,-2.19424e-07,0
direct,0.0893555,-2.19424e-07,0
direct,0.0898438,-2.19424e-07,0
direct,0.090332,-2.19424e-07,0
direct,0.0908203,-2.19424e-07,0
direct,0.0913086,-2.19424e-07,0
direct,0.0917969,-2.19424e-07,0
direct,0.0922852,-2.19424e-07,0
direct,0.0927734,-2.19424e-07,0
direct,0.0932617,-2.19424e-07,0
direct,0.09375,-2.19424e-07,0
direct,0.0942383,-2.19424e-07,0
direct,0.0947266,-2.19424e-07,0
direct,0.0952148,-2.19424e-07,0
direct,0.0957031,-2.19424e-07,0
direct,0.0961914,-2.19424e-07,0
direct,0.0966797,-2.19424e-07,0
direct,0.097168,-2.19424e-07,0
direct,0.0976562,-2.19424e-07,0
direct,0.0981445,-2.19424e-07,0
direct,0.0986328,-2.19424e-07,0
direct,0.0991211,-2.19424e-07,0
direct,0.0996094,-2.19424e-07,0
direct,0.100098,-2.19424e-07,0
direct,0.100586,-2.19424e-07,0
direct,0.101074,-2.19424e-07,0
direct,0.101562,-2.19424e-07,0
direct,0.102051,-2.19424e-07,0
direct,0.102539,-2.19424e-07,0
direct,0.103027,-2.19424e-07,0
direct,0.103516,-2.19424e-07,0
direct,0.104004,-2.19424e-07,0
direct,0.104492,-2.19424e-07,0
direct,0.10498,-2.19424e-07,0
direct,0.105469,-2.19424e-07,0
direct,0.105957,-2.19424e-07,0
direct,0.106445,-2.19424e-07,0
direct,0.106934,-2.19424e-07,0
direct,0.107422,-2.19424e-07,0
direct,0.10791,-2.19424e-07,0
direct,0.108398,-2.19424e-07,0
direct,0.108887,-2.19424e-07,0
direct,0.109375,-2.19424e-07,0
direct,0.109863,-2.19424e-07,0
direct,0.110352,-2.19424e-07,0
direct,0.11084,-2.19424e-07,0
direct,0.111328,-2.19424e-07,0
direct,0.111816,-2.19424e-07,0
direct,0.112305,-2.19424e-07,0
direct,0.112793,-2.19424e-07,0
direct,0.113281,-2.19424e-07,0
direct,0.11377,-2.19424e-07,0
direct,0.114258,-2.19424e-07,0
direct,0.114746,-2.19424e-07,0
direct,0.115234,-2.19424e-07,0
direct,0.115723,-2.19424e-07,0
direct,0.116211,-2.19424e-07,0
direct,0.116699,-2.19424e-07,0
direct,0.117188,-2.19424e-07,0
direct,0.117676,-2.19424e-07,0
direct,0.118164,-2.19424e-07,0
direct,0.118652,-2.19424e-07,0
direct,0.119141,-2.19424e-07,0
direct,0.119629,-2.19424e-07,0
direct,0.120117,-2.19424e-07,0
direct,0.120605,-2.19424e-07,0
direct,0.121094,-2.19424e-07,0
direct,0.121582,-2.19424e-07,0
direct,0.12207,-2.19424e-07,0
direct,0.122559,-2.19424e-07,0
direct,0.123047,-2.19424e-07,0
direct,0.123535,-2.19424e-07,0
direct,0.124023,-2.19424e-07,0
direct,0.124512,-2.19424e-07,0
direct,0.125,-2.19424e-07,0
direct,0.125488,-2.19424e-07,0
direct,0.125977,-2.19424e-07,0
direct,0.126465,-2.19424e-07,0
direct,0.126953,-2.19424e-07,0
direct,0.127441,-2.19424e-07,0
direct,0.12793,-2.19424e-07,0
direct,0.128418,-2.19424e-07,0
direct,0.128906,-2.19424e-07,0
direct,0.129395,-2.19424e-07,0
direct,0.129883,-2.19424e-07,0
direct,0.130371,-2.19424e-07,0
direct,0.130859,-2.19424e-07,0
direct,0.131348,-2.19424e-07,0
direct,0.131836,-2.19424e-07,0
direct,0.132324,-2.19424e-07,0
direct,0.132812,-2.19424e-07,0
direct,0.133301,-2.19424e-07,0
direct,0.133789,-2.19424e-07,0
direct,0.134277,-2.19424e-07,0
direct,0.134766,-2.19424e-07,0
direct,0.135254,-2.19424e-07,0
direct,0.135742,-2.19424e-07,0
direct,0.13623,-2.19424e-07,0
direct,0.136719,-2.19424e-07,0
direct,0.137207,-2.19424e-07,0
direct,0.137695,-2.19424e-07,0
direct,0.138184,-2.19424e-07,0
direct,0.138672,-2.19424e-07,0
direct,0.13916,-2.19424e-07,0
direct,0.139648,-2.19424e-07,0
direct,0.140137,-2.19424e-07,0
direct,0.140625,-2.19424e-07,0
direct,0.141113,-2.19424e-07,0
direct,0.141602,-2.19424e-07,0
direct,0.14209,-2.19424e-07,0
direct,0.142578,-2.19424e-07,0
direct,0.143066,-2.19424e-07,0
direct,0.143555,-2.19424e-07,0
direct,0.144043,-2.19424e-07,0
direct,0.144531,-2.19424e-07,0
direct,0.14502,-2.19424e-07,0
direct,0.145508,-2.19424e-07,0
direct,0.145996,-2.19424e-07,0
direct,0.146484,-2.19424e-07,0
direct,0.146973,-2.19424e-07,0
direct,0.147461,-2.19424e-07,0
direct,0.147949,-2.19424e-07,0
direct,0.148438,-2.19424e-07,0
direct,0.148926,-2.19424e-07,0
direct,0.149414,-2.19424e-07,0
direct,0.149902,-2.19424e-07,0
direct,0.150391,-2.19424e-07,0
direct,0.150879,-2.19424e-07,0
direct,0.151367,-2.19424e-07,0
direct,0.151855,-2.19424e-07,0
direct,0.152344,-2.19424e-07,0
direct,0.152832,-2.19424e-07,0
direct,0.15332,-2.19424e-07,0
direct,0.153809,-2.19424e-07,0
direct,0.154297,-2.19424e-07,0
direct,0.154785,-2.19424e-07,0
direct,0.155273,-2.19424e-07,0
direct,0.155762,-2.19424e-07,0
direct,0.15625,-2.19424e-07,0
direct,0.156738,-2.19424e-07,0
direct,0.157227,-2.19424e-07,0
direct,0.157715,-2.19424e-07,0
direct,0.158203,-2.19424e-07,0
direct,0.158691,-2.19424e-07,0
direct,0.15918,-2.19424e-07,0
direct,0.159668,-2.19424e-07,0
direct,0.160156,-2.19424e-07,0
direct,0.160645,-2.19424e-07,0
direct,0.161133,-2.19424e-07,0
direct,0.161621,-2.19424e-07,0
direct,0.162109,-2.19424e-07,0
direct,0.162598,-2.19424e-07,0
direct,0.163086,-2.19424e-07,0
direct,0.163574,-2.19424e-07,0
direct,0.164062,-2.19424e-07,0
direct,0.164551,-2.19424e-07,0
direct,0.165039,-2.19424e-07,0
direct,0.165527,-2.19424e-07,0
direct,0.166016,-2.19424e-07,0
direct,0.166504,-2.19424e-07,0
direct,0.166992,-2.19424e-07,0
direct,0.16748,-2.19424e-07,0
direct,0.167969,-2.19424e-07,0
direct,0.168457,-2.19424e-07,0
direct,0.168945,-2.19424e-07,0
direct,0.169434,-2.19424e-07,0
direct,0.169922,-2.19424e-07,0
direct,0.17041,-2.19424e-07,0
direct,0.170898,-2.19424e-07,0
direct,0.171387,-2.19424e-07,0
direct,0.171875,-2.19424e-07,0
direct,0.172363,-2.19424e-07,0
direct,0.172852,-2.19424e-07,0
direct,0.17334,-2.19424e-07,0
direct,0.173828,-2.19424e-07,0
direct,0.174316,-2.19424e-07,0
direct,0.174805,-2.19424e-07,0
direct,0.175293,-2.19424e-07,0
direct,0.175781,-2.19424e-07,0
direct,0.17627,-2.19424e-07,0
direct,0.176758,-2.19424e-07,0
direct,0.177246,-2.19424e-07,0
direct,0.177734,-2.19424e-07,0
direct,0.178223,-2.19424e-07,0
direct,0.178711,-2.19424e-07,0
direct,0.179199,-2.19424e-07,0
direct,0.179688,-2.19424e-07,0
direct,0.180176,-2.19424e-07,0
direct,0.180664,-2.19424e-07,0
direct,0.181152,-2.19424e-07,0
direct,0.181641,-2.19424e-07,0
direct,0.182129,-2.19424e-07,0
direct,0.182617,-2.19424e-07,0
direct,0.183105,-2.19424e-07,0
direct,0.183594,-2.19424e-07,0
direct,0.184082,-2.19424e-07,0
direct,0.18457,-2.19424e-07,0
direct,0.185059,-2.19424e-07,0
direct,0.185547,-2.19424e-07,0
direct,0.186035,-2.19424e-07,0
direct,0.186523,-2.19424e-07,0
direct,0.187012,-2.19424e-07,0
direct,0.1875,-2.19424e-07,0
direct,0.187988,-2.19424e-07,0
direct,0.188477,-2.19424e-07,0
direct,0.188965,-2.19424e-07,0
direct,0.189453,-2.19424e-07,0
direct,0.189941,-2.19424e-07,0
direct,0.19043,-2.19424e-07,0
direct,0.190918,-2.19424e-07,0
direct,0.191406,-2.19424e-07,0
direct,0.191895,-2.19424e-07,0
direct,0.192383,-2.19424e-07,0
direct,0.192871,-2.19424e-07,0
direct,0.193359,-2.19424e-07,0
direct,0.193848,-2.19424e-07,0
direct,0.194336,-2.19424e-07,0
direct,0.194824,-2.19424e-07,0
direct,0.195312,-2.19424e-07,0
direct,0.195801,-2.19424e-07,0
direct,0.196289,-2.19424e-07,0
direct,0.196777,-2.19424e-07,0
direct,0.197266,-2.19424e-07,0
direct,0.197754,-2.19424e-07,0
direct,0.198242,-2.19424e-07,0
direct,0.19873,-2.19424e-07,0
direct,0.199219,-2.19424e-07,0
direct,0.199707,-2.19424e-07,0
direct,0.200195,-2.19424e-07,0
direct,0.200684,-2.19424e-07,0
direct,0.201172,-2.19424e-07,0
direct,0.20166,-2.19424e-07,0
direct,0.202148,-2.19424e-07,0
direct,0.202637,-2.19424e-07,0
direct,0.203125,-2.19424e-07,0
direct,0.203613,-2.19424e-07,0
direct,0.204102,-2.19424e-07,0
direct,0.20459,-2.19424e-07,0
direct,0.205078,-2.19424e-07,0
direct,0.205566,-2.19424e-07,0
direct,0.206055,-2.19424e-07,0
direct,0.206543,-2.19424e-07,0
direct,0.207031,-2.19424e-07,0
direct,0.20752,-2.19424e-07,0
direct,0.208008,-2.19424e-07,0
direct,0.208496,-2.19424e-07,0
direct,0.208984,-2.19424e-07,0
direct,0.209473,-2.19424e-07,0
direct,0.209961,-2.19424e-07,0
direct,0.210449,-2.19424e-07,0
direct,0.210938,-2.19424e-07,0
direct,0.211426,-2.19424e-07,0
direct,0.211914,-2.19424e-07,0
direct,0.212402,-2.19424e-07,0
direct,0.212891,-2.19424e-07,0
direct,0.213379,-2.19424e-07,0
direct,0.213867,-2.19424e-07,0
direct,0.214355,-2.19424e-07,0
direct,0.214844,-2.19424e-07,0
direct,0.215332,-2.19424e-07,0
direct,0.21582,-2.19424e-07,0
direct,0.216309,-2.19424e-07,0
direct,0.216797,-2.19424e-07,0
direct,0.217285,-2.19424e-07,0
direct,0.217773,-2.19424e-07,0
direct,0.218262,-2.19424e-07,0
direct,0.21875,-2.19424e-07,0
direct,0.219238,-2.19424e-07,0
direct,0.219727,-2.19424e-07,0
direct,0.220215,-2.19424e-07,0
direct,0.220703,-2.19424e-07,0
direct,0.221191,-2.19424e-07,0
direct,0.22168,-2.19424e-07,0
direct,0.222168,-2.19424e-07,0
direct,0.222656,-2.19424e-07,0
direct,0.223145,-2.19424e-07,0
direct,0.223633,-2.19424e-07,0
direct,0.224121,-2.19424e-07,0
direct,0.224609,-2.19424e-07,0
direct,0.225098,-2.19424e-07,0
direct,0.225586,-2.19424e-07,0
direct,0.226074,-2.19424e-07,0
direct,0.226562,-2.19424e-07,0
direct,0.227051,-2.19424e-07,0
direct,0.227539,-2.19424e-07,0
direct,0.228027,-2.19424e-07,0
direct,0.228516,-2.19424e-07,0
direct,0.229004,-2.19424e-07,0
direct,0.229492,-2.19424e-07,0
direct,0.22998,-2.19424e-07,0
direct,0.230469,-2.19424e-07,0
direct,0.230957,-2.19424e-07,0
direct,0.231445,-2.19424e-07,0
direct,0.231934,-2.19424e-07,0
direct,0.232422,-2.19424e-07,0
direct,0.23291,-2.19424e-07,0
direct,0.233398,-2.19424e-07,0
direct,0.233887,-2.19424e-07,0
direct,0.234375,-2.19424e-07,0
direct,0.234863,-2.19424e-07,0
direct,0.235352,-2.19424e-07,0
direct,0.23584,-2.19424e-07,0
direct,0.236328,-2.19424e-07,0
direct,0.236816,-2.19424e-07,0
direct,0.237305,-2.19424e-07,0
direct,0.237793,-2.19424e-07,0
direct,0.238281,-2.19424e-07,0
direct,0.23877,-2.19424e-07,0
direct,0.239258,-2.19424e-07,0
direct,0.239746,-2.19424e-07,0
direct,0.240234,-2.19424e-07,0
direct,0.240723,-2.19424e-07,0
direct,0.241211,-2.19424e-07,0
direct,0.241699,-2.19424e-07,0
direct,0.242188,-2.19424e-07,0
direct,0.242676,-2.19424e-07,0
direct,0.243164,-2.19424e-07,0
direct,0.243652,-2.19424e-07,0
direct,0.244141,-2.19424e-07,0
direct,0.244629,-2.19424e-07,0
direct,0.245117,-2.19424e-07,0
direct,0.245605,-2.19424e-07,0
direct,0.246094,-2.19424e-07,0
direct,0.246582,-2.19424e-07,0
direct,0.24707,-2.19424e-07,0
direct,0.247559,-2.19424e-07,0
direct,0.248047,-2.19424e-07,0
direct,0.248535,-2.19424e-07,0
direct,0.249023,-2.19424e-07,0
direct,0.249512,-2.19424e-07,0
direct,0.25,-2.19424e-07,0
direct,0.250488,-2.19424e-07,0
direct,0.250977,-2.19424e-07,0
direct,0.251465,-2.19424e-07,0
direct,0.251953,-2.19424e-07,0
direct,0.252441,-2.19424e-07,0
direct,0.25293,-2.19424e-07,0
direct,0.253418,-2.19424e-07,0
direct,0.253906,-2.19424e-07,0
direct,0.254395,-2.19424e-07,0
direct,0.254883,-2.19424e-07,0
direct,0.255371,-2.19424e-07,0
direct,0.255859,-2.19424e-07,0
direct,0.256348,-2.19424e-07,0
direct,0.256836,-2.19424e-07,0
direct,0.257324,-2.19424e-07,0
direct,0.257812,-2.19424e-07,0
direct,0.258301,-2.19424e-07,0
direct,0.258789,-2.19424e-07,0
direct,0.259277,-2.19424e-07,0
direct,0.259766,-2.19424e-07,0
direct,0.260254,-2.19424e-07,0
direct,0.260742,-2.19424e-07,0
direct,0.26123,-2.19424e-07,0
direct,0.261719,-2.19424e-07,0
direct,0.262207,-2.19424e-07,0
direct,0.262695,-2.19424e-07,0
direct,0.263184,-2.19424e-07,0
direct,0.263672,-2.19424e-07,0
direct,0.26416,-2.19424e-07,0
direct,0.264648,-2.19424e-07,0
direct,0.265137,-2.19424e-07,0
direct,0.265625,-2.19424e-07,0
direct,0.266113,-2.19424e-07,0
direct,0.266602,-2.19424e-07,0
direct,0.26709,-2.19424e-07,0
direct,0.267578,-2.19424e-07,0
direct,0.268066,-2.19424e-07,0
direct,0.268555,-2.19424e-07,0
direct,0.269043,-2.19424e-07,0
direct,0.269531,-2.19424e-07,0
direct,0.27002,-2.19424e-07,0
direct,0.270508,-2.19424e-07,0
direct,0.270996,-2.19424e-07,0
direct,0.271484,-2.19424e-07,0
direct,0.271973,-2.19424e-07,0
direct,0.272461,-2.19424e-07,0
direct,0.272949,-2.19424e-07,0
direct,0.273438,-2.19424e-07,0
direct,0.273926,-2.19424e-07,0
direct,0.274414,-2.19424e-07,0
direct,0.274902,-2.19424e-07,0
direct,0.275391,-2.19424e-07,0
direct,0.275879,-2.19424e-07,0
direct,0.276367,-2.19424e-07,0
direct,0.276855,-2.19424e-07,0
direct,0.277344,-2.19424e-07,0
direct,0.277832,-2.19424e-07,0
direct,0.27832,-2.19424e-07,0
direct,0.278809,-2.19424e-07,0
direct,0.279297,-2.19424e-07,0
direct,0.279785,-2.19424e-07,0
direct,0.280273,-2.19424e-07,0
direct,0.280762,-2.19424e-07,0
direct,0.28125,-2.19424e-07,0
direct,0.281738,-2.19424e-07,0
direct,0.282227,-2.19424e-07,0
direct,0.282715,-2.19424e-07,0
direct,0.283203,-2.19424e-07,0
direct,0.283691,-2.19424e-07,0
direct,0.28418,-2.19424e-07,0
direct,0.284668,-2.19424e-07,0
direct,0.285156,-2.19424e-07,0
direct,0.285645,-2.19424e-07,0
direct,0.286133,-2.19424e-07,0
direct,0.286621,-2.19424e-07,0
direct,0.287109,-2.19424e-07,0
direct,0.287598,-2.19424e-07,0
direct,0.288086,-2.19424e-07,0
direct,0.288574,-2.19424e-07,0
direct,0.289062,-2.19424e-07,0
direct,0.289551,-2.19424e-07,0
direct,0.290039,-2.19424e-07,0
direct,0.290527,-2.19424e-07,0
direct,0.291016,-2.19424e-07,0
direct,0.291504,-2.19424e-07,0
direct,0.291992,-2.19424e-07,0
direct,0.29248,-2.19424e-07,0
direct,0.292969,-2.19424e-07,0
direct,0.293457,-2.19424e-07,0
direct,0.293945,-2.19424e-07,0
direct,0.294434,-2.19424e-07,0
direct,0.294922,-2.19424e-07,0
direct,0.29541,-2.19424e-07,0
direct,0.295898,-2.19424e-07,0
direct,0.296387,-2.19424e-07,0
direct,0.296875,-2.19424e-07,0
direct,0.297363,-2.19424e-07,0
direct,0.297852,-2.19424e-07,0
direct,0.29834,-2.19424e-07,0
direct,0.298828,-2.19424e-07,0
direct,0.299316,-2.19424e-07,0
direct,0.299805,-2.19424e-07,0
direct,0.300293,-2.19424e-07,0
direct,0.300781,-2.19424e-07,0
direct,0.30127,-2.19424e-07,0
direct,0.301758,-2.19424e-07,0
direct,0.302246,-2.19424e-07,0
direct,0.302734,-2.19424e-07,0
direct,0.303223,-2.19424e-07,0
direct,0.303711,-2.19424e-07,0
direct,0.304199,-2.19424e-07,0
direct,0.304688,-2.19424e-07,0
direct,0.305176,-2.19424e-07,0
direct,0.305664,-2.19424e-07,0
direct,0.306152,-2.19424e-07,0
direct,0.306641,-2.19424e-07,0
direct,0.307129,-2.19424e-07,0
direct,0.307617,-2.19424e-07,0
direct,0.308105,-2.19424e-07,0
direct,0.308594,-2.19424e-07,0
direct,0.309082,-2.19424e-07,0
direct,0.30957,-2.19424e-07,0
direct,0.310059,-2.19424e-07,0
direct,0.310547,-2.19424e-07,0
direct,0.311035,-2.19424e-07,0
direct,0.311523,-2.19424e-07,0
direct,0.312012,-2.19424e-07,0
direct,0.3125,-2.19424e-07,0
direct,0.312988,-2.19424e-07,0
direct,0.313477,-2.19424e-07,0
direct,0.313965,-2.19424e-07,0
direct,0.314453,-2.19424e-07,0
direct,0.314941,-2.19424e-07,0
direct,0.31543,-2.19424e-07,0
direct,0.315918,-2.19424e-07,0
direct,0.316406,-2.19424e-07,0
direct,0.316895,-2.19424e-07,0
direct,0.317383,-2.19424e-07,0
direct,0.317871,-2.19424e-07,0
direct,0.318359,-2.19424e-07,0
direct,0.318848,-2.19424e-07,0
direct,0.319336,-2.19424e-07,0
direct,0.319824,-2.19424e-07,0
direct,0.320312,-2.19424e-07,0
direct,0.320801,-2.19424e-07,0
direct,0.321289,-2.19424e-07,0
direct,0.321777,-2.19424e-07,0
direct,0.322266,-2.19424e-07,0
direct,0.322754,-2.19424e-07,0
direct,0.323242,-2.19424e-07,0
direct,0.32373,-2.19424e-07,0
direct,0.324219,-2.19424e-07,0
direct,0.324707,-2.19424e-07,0
direct,0.325195,-2.19424e-07,0
direct,0.325684,-2.19424e-07,0
direct,0.326172,-2.19424e-07,0
direct,0.32666,-2.19424e-07,0
direct,0.327148,-2.19424e-07,0
direct,0.327637,-2.19424e-07,0
direct,0.328125,-2.19424e-07,0
direct,0.328613,-2.19424e-07,0
direct,0.329102,-2.19424e-07,0
direct,0.32959,-2.19424e-07,0
direct,0.330078,-2.19424e-07,0
direct,0.330566,-2.19424e-07,0
direct,0.331055,-2.19424e-07,0
direct,0.331543,-2.19424e-07,0
direct,0.332031,-2.19424e-07,0
direct,0.33252,-2.19424e-07,0
direct,0.333008,-2.19424e-07,0
direct,0.333496,-2.19424e-07,0
direct,0.333984,-2.19424e-07,0
direct,0.334473,-2.19424e-07,0
direct,0.334961,-2.19424e-07,0
direct,0.335449,-2.19424e-07,0
direct,0.335938,-2.19424e-07,0
direct,0.336426,-2.19424e-07,0
direct,0.336914,-2.19424e-07,0
direct,0.337402,-2.19424e-07,0
direct,0.337891,-2.19424e-07,0
direct,0.338379,-2.19424e-07,0
direct,0.338867,-2.19424e-07,0
direct,0.339355,-2.19424e-07,0
direct,0.339844,-2.19424e-07,0
direct,0.340332,-2.19424e-07,0
direct,0.34082,-2.19424e-07,0
direct,0.341309,-2.19424e-07,0
direct,0.341797,-2.19424e-07,0
direct,0.342285,-2.19424e-07,0
direct,0.342773,-2.19424e-07,0
direct,0.343262,-2.19424e-07,0
direct,0.34375,-2.19424e-07,0
direct,0.344238,-2.19424e-07,0
direct,0.344727,-2.19424e-07,0
direct,0.345215,-2.19424e-07,0
direct,0.345703,-2.19424e-07,0
direct,0.346191,-2.19424e-07,0
direct,0.34668,-2.19424e-07,0
direct,0.347168,-2.19424e-07,0
direct,0.347656,-2.19424e-07,0
direct,0.348145,-2.19424e-07,0
direct,0.348633,-2.19424e-07,0
direct,0.349121,-2.19424e-07,0
direct,0.349609,-2.19424e-07,0
direct,0.350098,-2.19424e-07,0
direct,0.350586,-2.19424e-07,0
direct,0.351074,-2.19424e-07,0
direct,0.351562,-2.19424e-07,0
direct,0.352051,-2.19424e-07,0
direct,0.352539,-2.19424e-07,0
direct,0.353027,-2.19424e-07,0
direct,0.353516,-2.19424e-07,0
direct,0.354004,-2.19424e-07,0
direct,0.354492,-2.19424e-07,0
direct,0.35498,-2.19424e-07,0
direct,0.355469,-2.19424e-07,0
direct,0.355957,-2.19424e-07,0
direct,0.356445,-2.19424e-07,0
direct,0.356934,-2.19424e-07,0
direct,0.357422,-2.19424e-07,0
direct,0.35791,-2.19424e-07,0
direct,0.358398,-2.19424e-07,0
direct,0.358887,-2.19424e-07,0
direct,0.359375,-2.19424e-07,0
direct,0.359863,-2.19424e-07,0
direct,0.360352,-2.19424e-07,0
direct,0.36084,-2.19424e-07,0
direct,0.361328,-2.19424e-07,0
direct,0.361816,-2.19424e-07,0
direct,0.362305,-2.19424e-07,0
direct,0.362793,-2.19424e-07,0
direct,0.363281,-2.19424e-07,0
direct,0.36377,-2.19424e-07,0
direct,0.364258,-2.19424e-07,0
direct,0.364746,-2.19424e-07,0
direct,0.365234,-2.19424e-07,0
direct,0.365723,-2.19424e-07,0
direct,0.366211,-2.19424e-07,0
direct,0.366699,-2.19424e-07,0
direct,0.367188,-2.19424e-07,0
direct,0.367676,-2.19424e-07,0
direct,0.368164,-2.19424e-07,0
direct,0.368652,-2.19424e-07,0
direct,0.369141,-2.19424e-07,0
direct,0.369629,-2.19424e-07,0
direct,0.370117,-2.19424e-07,0
direct,0.370605,-2.19424e-07,0
direct,0.371094,-2.19424e-07,0
direct,0.371582,-2.19424e-07,0
direct,0.37207,-2.19424e-07,0
direct,0.372559,-2.19424e-07,0
direct,0.373047,-2.19424e-07,0
direct,0.373535,-2.19424e-07,0
direct,0.374023,-2.19424e-07,0
direct,0.374512,-2.19424e-07,0
direct,0.375,-2.19424e-07,0
direct,0.375488,-2.19424e-07,0
direct,0.375977,-2.19424e-07,0
direct,0.376465,-2.19424e-07,0
direct,0.376953,-2.19424e-07,0
direct,0.377441,-2.19424e-07,0
direct,0.37793,-2.19424e-07,0
direct,0.378418,-2.19424e-07,0
direct,0.378906,-2.19424e-07,0
direct,0.379395,-2.19424e-07,0
direct,0.379883,-2.19424e-07,0
direct,0.380371,-2.19424e-07,0
direct,0.380859,-2.19424e-07,0
direct,0.381348,-2.19424e-07,0
direct,0.381836,-2.19424e-07,0
direct,0.382324,-2.19424e-07,0
direct,0.382812,-2.19424e-07,0
direct,0.383301,-2.19424e-07,0
direct,0.383789,-2.19424e-07,0
direct,0.384277,-2.19424e-07,0
direct,0.384766,-2.19424e-07,0
direct,0.385254,-2.19424e-07,0
direct,0.385742,-2.19424e-07,0
direct,0.38623,-2.19424e-07,0
direct,0.386719,-2.19424e-07,0
direct,0.387207,-2.19424e-07,0
direct,0.387695,-2.19424e-07,0
direct,0.388184,-2.19424e-07,0
direct,0.388672,-2.19424e-07,0
direct,0.38916,-2.19424e-07,0
direct,0.389648,-2.19424e-07,0
direct,0.390137,-2.19424e-07,0
direct,0.390625,-2.19424e-07,0
direct,0.391113,-2.19424e-07,0
direct,0.391602,-2.19424e-07,0
direct,0.39209,-2.19424e-07,0
direct,0.392578,-2.19424e-07,0
direct,0.393066,-2.19424e-07,0
direct,0.393555,-2.19424e-07,0
direct,0.394043,-2.19424e-07,0
direct,0.394531,-2.19424e-07,0
direct,0.39502,-2.19424e-07,0
direct,0.395508,-2.19424e-07,0
direct,0.395996,-2.19424e-07,0
direct,0.396484,-2.19424e-07,0
direct,0.396973,-2.19424e-07,0
direct,0.397461,-2.19424e-07,0
direct,0.397949,-2.19424e-07,0
direct,0.398438,-2.19424e-07,0
direct,0.398926,-2.19424e-07,0
direct,0.399414,-2.19424e-07,0
direct,0.399902,-2.19424e-07,0
direct,0.400391,-2.19424e-07,0
direct,0.400879,-2.19424e-07,0
direct,0.401367,-2.19424e-07,0
direct,0.401855,-2.19424e-07,0
direct,0.402344,-2.19424e-07,0
direct,0.402832,-2.19424e-07,0
direct,0.40332,-2.19424e-07,0
direct,0.403809,-2.19424e-07,0
direct,0.404297,-2.19424e-07,0
direct,0.404785,-2.19424e-07,0
direct,0.405273,-2.19424e-07,0
direct,0.405762,-2.19424e-07,0
direct,0.40625,-2.19424e-07,0
direct,0.406738,-2.19424e-07,0
direct,0.407227,-2.19424e-07,0
direct,0.407715,-2.19424e-07,0
direct,0.408203,-2.19424e-07,0
direct,0.408691,-2.19424e-07,0
direct,0.40918,-2.19424e-07,0
direct,0.409668,-2.19424e-07,0
direct,0.410156,-2.19424e-07,0
direct,0.410645,-2.19424e-07,0
direct,0.411133,-2.19424e-07,0
direct,0.411621,-2.19424e-07,0
direct,0.412109,-2.19424e-07,0
direct,0.412598,-2.19424e-07,0
direct,0.413086,-2.19424e-07,0
direct,0.413574,-2.19424e-07,0
direct,0.414062,-2.19424e-07,0
direct,0.414551,-2.19424e-07,0
direct,0.415039,-2.19424e-07,0
direct,0.415527,-2.19424e-07,0
direct,0.416016,-2.19424e-07,0
direct,0.416504,-2.19424e-07,0
direct,0.416992,-2.19424e-07,0
direct,0.41748,-2.19424e-07,0
direct,0.417969,-2.19424e-07,0
direct,0.418457,-2.19424e-07,0
direct,0.418945,-2.19424e-07,0
direct,0.419434,-2.19424e-07,0
direct,0.419922,-2.19424e-07,0
direct,0.42041,-2.19424e-07,0
direct,0.420898,-2.19424e-07,0
direct,0.421387,-2.19424e-07,0
direct,0.421875,-2.19424e-07,0
direct,0.422363,-2.19424e-07,0
direct,0.422852,-2.19424e-07,0
direct,0.42334,-2.19424e-07,0
direct,0.423828,-2.19424e-07,0
direct,0.424316,-2.19424e-07,0
direct,0.424805,-2.19424e-07,0
direct,0.425293,-2.19424e-07,0
direct,0.425781,-2.19424e-07,0
direct,0.42627,-2.19424e-07,0
direct,0.426758,-2.19424e-07,0
direct,0.427246,-2.19424e-07,0
direct,0.427734,-2.19424e-07,0
direct,0.428223,-2.19424e-07,0
direct,0.428711,-2.19424e-07,0
direct,0.429199,-2.19424e-07,0
direct,0.429688,-2.19424e-07,0
direct,0.430176,-2.19424e-07,0
direct,0.430664,-2.19424e-07,0
direct,0.431152,-2.19424e-07,0
direct,0.431641,-2.19424e-07,0
direct,0.432129,-2.19424e-07,0
direct,0.432617,-2.19424e-07,0
direct,0.433105,-2.19424e-07,0
direct,0.433594,-2.19424e-07,0
direct,0.434082,-2.19424e-07,0
direct,0.43457,-2.19424e-07,0
direct,0.435059,-2.19424e-07,0
direct,0.435547,-2.19424e-07,0
direct,0.436035,-2.19424e-07,0
direct,0.436523,-2.19424e-07,0
direct,0.437012,-2.19424e-07,0
direct,0.4375,-2.19424e-07,0
direct,0.437988,-2.19424e-07,0
direct,0.438477,-2.19424e-07,0
direct,0.438965,-2.19424e-07,0
direct,0.439453,-2.19424e-07,0
direct,0.439941,-2.19424e-07,0
direct,0.44043,-2.19424e-07,0
direct,0.440918,-2.19424e-07,0
direct,0.441406,-2.19424e-07,0
direct,0.441895,-2.19424e-07,0
direct,0.442383,-2.19424e-07,0
direct,0.442871,-2.19424e-07,0
direct,0.443359,-2.19424e-07,0
direct,0.443848,-2.19424e-07,0
direct,0.444336,-2.19424e-07,0
direct,0.444824,-2.19424e-07,0
direct,0.445312,-2.19424e-07,0
direct,0.445801,-2.19424e-07,0
direct,0.446289,-2.19424e-07,0
direct,0.446777,-2.19424e-07,0
direct,0.447266,-2.19424e-07,0
direct,0.447754,-2.19424e-07,0
direct,0.448242,-2.19424e-07,0
direct,0.44873,-2.19424e-07,0
direct,0.449219,-2.19424e-07,0
direct,0.449707,-2.19424e-07,0
direct,0.450195,-2.19424e-07,0
direct,0.450684,-2.19424e-07,0
direct,0.451172,-2.19424e-07,0
direct,0.45166,-2.19424e-07,0
direct,0.452148,-2.19424e-07,0
direct,0.452637,-2.19424e-07,0
direct,0.453125,-2.19424e-07,0
direct,0.453613,-2.19424e-07,0
direct,0.454102,-2.19424e-07,0
direct,0.45459,-2.19424e-07,0
direct,0.455078,-2.19424e-07,0
direct,0.455566,-2.19424e-07,0
direct,0.456055,-2.19424e-07,0
direct,0.456543,-2.19424e-07,0
direct,0.457031,-2.19424e-07,0
direct,0.45752,-2.19424e-07,0
direct,0.458008,-2.19424e-07,0
direct,0.458496,-2.19424e-07,0
direct,0.458984,-2.19424e-07,0
direct,0.459473,-2.19424e-07,0
direct,0.459961,-2.19424e-07,0
direct,0.460449,-2.19424e-07,0
direct,0.460938,-2.19424e-07,0
direct,0.461426,-2.19424e-07,0
direct,0.461914,-2.19424e-07,0
direct,0.462402,-2.19424e-07,0
direct,0.462891,-2.19424e-07,0
direct,0.463379,-2.19424e-07,0
direct,0.463867,-2.19424e-07,0
direct,0.464355,-2.19424e-07,0
direct,0.464844,-2.19424e-07,0
direct,0.465332,-2.19424e-07,0
direct,0.46582,-2.19424e-07,0
direct,0.466309,-2.19424e-07,0
direct,0.466797,-2.19424e-07,0
direct,0.467285,-2.19424e-07,0
direct,0.467773,-2.19424e-07,0
direct,0.468262,-2.19424e-07,0
direct,0.46875,-2.19424e-07,0
direct,0.469238,-2.19424e-07,0
direct,0.469727,-2.19424e-07,0
direct,0.470215,-2.19424e-07,0
direct,0.470703,-2.19424e-07,0
direct,0.471191,-2.19424e-07,0
direct,0.47168,-2.19424e-07,0
direct,0.472168,-2.19424e-07,0
direct,0.472656,-2.19424e-07,0
direct,0.473145,-2.19424e-07,0
direct,0.473633,-2.19424e-07,0
direct,0.474121,-2.19424e-07,0
direct,0.474609,-2.19424e-07,0
direct,0.475098,-2.19424e-07,0
direct,0.475586,-2.19424e-07,0
direct,0.476074,-2.19424e-07,0
direct,0.476562,-2.19424e-07,0
direct,0.477051,-2.19424e-07,0
direct,0.477539,-2.19424e-07,0
direct,0.478027,-2.19424e-07,0
direct,0.478516,-2.19424e-07,0
direct,0.479004,-2.19424e-07,0
direct,0.479492,-2.19424e-07,0
direct,0.47998,-2.19424e-07,0
direct,0.480469,-2.19424e-07,0
direct,0.480957,-2.19424e-07,0
direct,0.481445,-2.19424e-07,0
direct,0.481934,-2.19424e-07,0
direct,0.482422,-2.19424e-07,0
direct,0.48291,-2.19424e-07,0
direct,0.483398,-2.19424e-07,0
direct,0.483887,-2.19424e-07,0
direct,0.484375,-2.19424e-07,0
direct,0.484863,-2.19424e-07,0
direct,0.485352,-2.19424e-07,0
direct,0.48584,-2.19424e-07,0
direct,0.486328,-2.19424e-07,0
direct,0.486816,-2.19424e-07,0
direct,0.487305,-2.19424e-07,0
direct,0.487793,-2.19424e-07,0
direct,0.488281,-2.19424e-07,0
direct,0.48877,-2.19424e-07,0
direct,0.489258,-2.19424e-07,0
direct,0.489746,-2.19424e-07,0
direct,0.490234,-2.19424e-07,0
direct,0.490723,-2.19424e-07,0
direct,0.491211,-2.19424e-07,0
direct,0.491699,-2.19424e-07,0
direct,0.492188,-2.19424e-07,0
direct,0.492676,-2.19424e-07,0
direct,0.493164,-2.19424e-07,0
direct,0.493652,-2.19424e-07,0
direct,0.494141,-2.19424e-07,0
direct,0.494629,-2.19424e-07,0
direct,0.495117,-2.19424e-07,0
direct,0.495605,-2.19424e-07,0
direct,0.496094,-2.19424e-07,0
direct,0.496582,-2.19424e-07,0
direct,0.49707,-2.19424e-07,0
direct,0.497559,-2.19424e-07,0
direct,0.498047,-2.19424e-07,0
direct,0.498535,-2.19424e-07,0
direct,0.499023,-2.19424e-07,0
direct,0.499512,-2.19424e-07,0
midpoint,0,-1.23877e-07,0
midpoint,0.000488281,-3.24221e-05,-0.00272707
midpoint,0.000976562,-0.000129316,-0.00545412
midpoint,0.00146484,-0.000290803,-0.00818111
midpoint,0.00195312,-0.000516878,-0.010908
midpoint,0.00244141,-0.000807537,-0.0136348
midpoint,0.00292969,-0.00116277,-0.0163615
midpoint,0.00341797,-0.00158257,-0.019088
midpoint,0.00390625,-0.00206693,-0.0218142
midpoint,0.00439453,-0.00261583,-0.0245403
midpoint,0.00488281,-0.00322926,-0.0272661
midpoint,0.00537109,-0.0039072,-0.0299917
midpoint,0.00585938,-0.00464963,-0.0327169
midpoint,0.00634766,-0.00545655,-0.0354419
midpoint,0.00683594,-0.00632792,-0.0381664
midpoint,0.00732422,-0.00726372,-0.0408906
midpoint,0.0078125,-0.00826393,-0.0436143
midpoint,0.00830078,-0.00932853,-0.0463376
midpoint,0.00878906,-0.0104575,-0.0490605
midpoint,0.00927734,-0.0116508,-0.0517828
midpoint,0.00976562,-0.0129083,-0.0545046
midpoint,0.0102539,-0.0142302,-0.0572259
midpoint,0.0107422,-0.0156162,-0.0599466
midpoint,0.0112305,-0.0170665,-0.0626666
midpoint,0.0117188,-0.0185809,-0.0653861
midpoint,0.012207,-0.0201595,-0.0681049
midpoint,0.0126953,-0.0218021,-0.070823
midpoint,0.0131836,-0.0235088,-0.0735403
midpoint,0.0136719,-0.0252794,-0.076257
midpoint,0.0141602,-0.027114,-0.0789729
midpoint,0.0146484,-0.0290125,-0.0816879
midpoint,0.0151367,-0.0309749,-0.0844022
midpoint,0.015625,-0.033001,-0.0871156
midpoint,0.0161133,-0.035091,-0.0898281
midpoint,0.0166016,-0.0372446,-0.0925397
midpoint,0.0170898,-0.0394618,-0.0952504
midpoint,0.0175781,-0.0417427,-0.0979601
midpoint,0.0180664,-0.044087,-0.100669
midpoint,0.0185547,-0.0464949,-0.103377
midpoint,0.019043,-0.0489661,-0.106083
midpoint,0.0195312,-0.0515007,-0.108789
midpoint,0.0200195,-0.0540986,-0.111494
midpoint,0.0205078,-0.0567598,-0.114197
midpoint,0.0209961,-0.059484,-0.116899
midpoint,0.0214844,-0.0622714,-0.1196
midpoint,0.0219727,-0.0651217,-0.1223
midpoint,0.0224609,-0.068035,-0.124999
midpoint,0.0229492,-0.0710112,-0.127697
midpoint,0.0234375,-0.0740502,-0.130393
midpoint,0.0239258,-0.0771519,-0.133088
midpoint,0.0244141,-0.0803162,-0.135781
midpoint,0.0249023,-0.0835431,-0.138473
midpoint,0.0253906,-0.0868325,-0.141164
midpoint,0.0258789,-0.0901843,-0.143854
midpoint,0.0263672,-0.0935985,-0.146542
midpoint,0.0268555,-0.0970748,-0.149228
midpoint,0.0273438,-0.100613,-0.151914
midpoint,0.027832,-0.104214,-0.154597
midpoint,0.0283203,-0.107876,-0.157279
midpoint,0.0288086,-0.111601,-0.15996
midpoint,0.0292969,-0.115387,-0.162639
midpoint,0.0297852,-0.119235,-0.165316
midpoint,0.0302734,-0.123145,-0.167992
midpoint,0.0307617,-0.127116,-0.170666
midpoint,0.03125,-0.131148,-0.173339
midpoint,0.0317383,-0.135242,-0.176009
midpoint,0.0322266,-0.139397,-0.178678
midpoint,0.0327148,-0.143613,-0.181346
midpoint,0.0332031,-0.14789,-0.184011
midpoint,0.0336914,-0.152229,-0.186675
midpoint,0.0341797,-0.156627,-0.189337
midpoint,0.034668,-0.161087,-0.191997
midpoint,0.0351562,-0.165607,-0.194655
midpoint,0.0356445,-0.170188,-0.197312
midpoint,0.0361328,-0.174829,-0.199966
midpoint,0.0366211,-0.179531,-0.202619
midpoint,0.0371094,-0.184292,-0.205269
midpoint,0.0375977,-0.189114,-0.207918
midpoint,0.0380859,-0.193995,-0.210565
midpoint,0.0385742,-0.198937,-0.213209
midpoint,0.0390625,-0.203938,-0.215852
midpoint,0.0395508,-0.208999,-0.218492
midpoint,0.0400391,-0.214119,-0.221131
midpoint,0.0405273,-0.219299,-0.223767
midpoint,0.0410156,-0.224537,-0.226401
midpoint,0.0415039,-0.229835,-0.229034
midpoint,0.0419922,-0.235192,-0.231663
midpoint,0.0424805,-0.240608,-0.234291
midpoint,0.0429688,-0.246083,-0.236917
midpoint,0.043457,-0.251616,-0.23954
midpoint,0.0439453,-0.257207,-0.242161
midpoint,0.0444336,-0.262858,-0.24478
midpoint,0.0449219,-0.268566,-0.247396
midpoint,0.0454102,-0.274332,-0.25001
midpoint,0.0458984,-0.280157,-0.252622
midpoint,0.0463867,-0.286039,-0.255231
midpoint,0.046875,-0.291979,-0.257839
midpoint,0.0473633,-0.297977,-0.260443
midpoint,0.0478516,-0.304032,-0.263045
midpoint,0.0483398,-0.310144,-0.265645
midpoint,0.0488281,-0.316314,-0.268243
midpoint,0.0493164,-0.32254,-0.270837
midpoint,0.0498047,-0.328824,-0.27343
midpoint,0.050293,-0.335164,-0.27602
midpoint,0.0507812,-0.341561,-0.278607
midpoint,0.0512695,-0.348015,-0.281192
midpoint,0.0517578,-0.354525,-0.283774
midpoint,0.0522461,-0.361091,-0.286354
midpoint,0.0527344,-0.367713,-0.288931
midpoint,0.0532227,-0.374391,-0.291505
midpoint,0.0537109,-0.381125,-0.294077
midpoint,0.0541992,-0.387915,-0.296646
midpoint,0.0546875,-0.39476,-0.299213
midpoint,0.0551758,-0.401661,-0.301776
midpoint,0.0556641,-0.408616,-0.304337
midpoint,0.0561523,-0.415627,-0.306896
midpoint,0.0566406,-0.422693,-0.309451
midpoint,0.0571289,-0.429813,-0.312004
midpoint,0.0576172,-0.436989,-0.314554
midpoint,0.0581055,-0.444218,-0.317101
midpoint,0.0585938,-0.451502,-0.319646
midpoint,0.059082,-0.45884,-0.322187
midpoint,0.0595703,-0.466233,-0.324726
midpoint,0.0600586,-0.473679,-0.327262
midpoint,0.0605469,-0.481179,-0.329795
midpoint,0.0610352,-0.488732,-0.332325
midpoint,0.0615234,-0.496339,-0.334852
midpoint,0.0620117,-0.503999,-0.337377
midpoint,0.0625,-0.511713,-0.339898
midpoint,0.0629883,-0.519479,-0.342416
midpoint,0.0634766,-0.527298,-0.344932
midpoint,0.0639648,-0.53517,-0.347444
midpoint,0.0644531,-0.543094,-0.349954
midpoint,0.0649414,-0.551071,-0.35246
midpoint,0.0654297,-0.5591,-0.354963
midpoint,0.065918,-0.567181,-0.357464
midpoint,0.0664062,-0.575313,-0.359961
midpoint,0.0668945,-0.583498,-0.362455
midpoint,0.0673828,-0.591734,-0.364946
midpoint,0.0678711,-0.600022,-0.367435
midpoint,0.0683594,-0.608361,-0.36992
midpoint,0.0688477,-0.616751,-0.372401
midpoint,0.0693359,-0.625191,-0.37488
midpoint,0.0698242,-0.633683,-0.377356
midpoint,0.0703125,-0.642226,-0.379828
midpoint,0.0708008,-0.650818,-0.382297
midpoint,0.0712891,-0.659461,-0.384763
midpoint,0.0717773,-0.668155,-0.387226
midpoint,0.0722656,-0.676898,-0.389686
midpoint,0.0727539,-0.685691,-0.392142
midpoint,0.0732422,-0.694534,-0.394595
midpoint,0.0737305,-0.703426,-0.397045
midpoint,0.0742188,-0.712368,-0.399492
midpoint,0.074707,-0.721359,-0.401935
midpoint,0.0751953,-0.730399,-0.404376
midpoint,0.0756836,-0.739488,-0.406812
midpoint,0.0761719,-0.748625,-0.409246
midpoint,0.0766602,-0.757812,-0.411676
midpoint,0.0771484,-0.767046,-0.414103
midpoint,0.0776367,-0.776329,-0.416527
midpoint,0.078125,-0.78566,-0.418947
midpoint,0.0786133,-0.795039,-0.421364
midpoint,0.0791016,-0.804465,-0.423777
midpoint,0.0795898,-0.813939,-0.426188
midpoint,0.0800781,-0.823461,-0.428594
midpoint,0.0805664,-0.83303,-0.430998
midpoint,0.0810547,-0.842646,-0.433398
midpoint,0.081543,-0.852309,-0.435794
midpoint,0.0820312,-0.862018,-0.438188
midpoint,0.0825195,-0.871775,-0.440577
midpoint,0.0830078,-0.881578,-0.442964
midpoint,0.0834961,-0.891427,-0.445346
midpoint,0.0839844,-0.901322,-0.447726
midpoint,0.0844727,-0.911264,-0.450102
midpoint,0.0849609,-0.921251,-0.452474
midpoint,0.0854492,-0.931284,-0.454843
midpoint,0.0859375,-0.941362,-0.457209
midpoint,0.0864258,-0.951486,-0.459571
midpoint,0.0869141,-0.961655,-0.461929
midpoint,0.0874023,-0.971869,-0.464285
midpoint,0.0878906,-0.982128,-0.466636
midpoint,0.0883789,-0.992431,-0.468984
midpoint,0.0888672,-1.00278,-0.471329
midpoint,0.0893555,-1.01317,-0.473669
midpoint,0.0898438,-1.02361,-0.476007
midpoint,0.090332,-1.03409,-0.478341
midpoint,0.0908203,-1.04461,-0.480671
midpoint,0.0913086,-1.05518,-0.482998
midpoint,0.0917969,-1.0658,-0.485321
midpoint,0.0922852,-1.07645,-0.487641
midpoint,0.0927734,-1.08715,-0.489957
midpoint,0.0932617,-1.09789,-0.492269
midpoint,0.09375,-1.10868,-0.494578
midpoint,0.0942383,-1.11951,-0.496883
midpoint,0.0947266,-1.13038,-0.499185
midpoint,0.0952148,-1.14129,-0.501483
midpoint,0.0957031,-1.15225,-0.503777
midpoint,0.0961914,-1.16324,-0.506068
midpoint,0.0966797,-1.17428,-0.508355
midpoint,0.097168,-1.18536,-0.510639
midpoint,0.0976562,-1.19649,-0.512919
midpoint,0.0981445,-1.20765,-0.515195
midpoint,0.0986328,-1.21886,-0.517468
midpoint,0.0991211,-1.23011,-0.519737
midpoint,0.0996094,-1.2414,-0.522003
midpoint,0.100098,-1.25273,-0.524264
midpoint,0.100586,-1.2641,-0.526522
midpoint,0.101074,-1.27551,-0.528777
midpoint,0.101562,-1.28696,-0.531028
midpoint,0.102051,-1.29846,-0.533275
midpoint,0.102539,-1.30999,-0.535518
midpoint,0.103027,-1.32156,-0.537758
midpoint,0.103516,-1.33317,-0.539994
midpoint,0.104004,-1.34483,-0.542227
midpoint,0.104492,-1.35652,-0.544456
midpoint,0.10498,-1.36825,-0.546681
midpoint,0.105469,-1.38002,-0.548902
midpoint,0.105957,-1.39183,-0.55112
midpoint,0.106445,-1.40368,-0.553334
midpoint,0.106934,-1.41557,-0.555544
midpoint,0.107422,-1.4275,-0.557751
midpoint,0.10791,-1.43947,-0.559954
midpoint,0.108398,-1.45147,-0.562153
midpoint,0.108887,-1.46351,-0.564349
midpoint,0.109375,-1.47559,-0.566541
midpoint,0.109863,-1.48771,-0.568729
midpoint,0.110352,-1.49987,-0.570914
midpoint,0.11084,-1.51207,-0.573094
midpoint,0.111328,-1.5243,-0.575272
midpoint,0.111816,-1.53657,-0.577445
midpoint,0.112305,-1.54888,-0.579615
midpoint,0.112793,-1.56122,-0.581781
midpoint,0.113281,-1.5736,-0.583943
midpoint,0.11377,-1.58602,-0.586102
midpoint,0.114258,-1.59848,-0.588256
midpoint,0.114746,-1.61097,-0.590408
midpoint,0.115234,-1.6235,-0.592555
midpoint,0.115723,-1.63607,-0.594699
midpoint,0.116211,-1.64867,-0.596839
midpoint,0.116699,-1.66131,-0.598975
midpoint,0.117188,-1.67398,-0.601108
midpoint,0.117676,-1.68669,-0.603237
midpoint,0.118164,-1.69944,-0.605362
midpoint,0.118652,-1.71222,-0.607484
midpoint,0.119141,-1.72503,-0.609601
midpoint,0.119629,-1.73789,-0.611716
midpoint,0.120117,-1.75077,-0.613826
midpoint,0.120605,-1.7637,-0.615933
midpoint,0.121094,-1.77665,-0.618036
midpoint,0.121582,-1.78965,-0.620135
midpoint,0.12207,-1.80267,-0.622231
midpoint,0.122559,-1.81574,-0.624323
midpoint,0.123047,-1.82883,-0.626411
midpoint,0.123535,-1.84196,-0.628495
midpoint,0.124023,-1.85513,-0.630576
midpoint,0.124512,-1.86833,-0.632653
midpoint,0.125,-1.88156,-0.634727
midpoint,0.125488,-1.89483,-0.636797
midpoint,0.125977,-1.90813,-0.638863
midpoint,0.126465,-1.92146,-0.640925
midpoint,0.126953,-1.93483,-0.642984
midpoint,0.127441,-1.94823,-0.645039
midpoint,0.12793,-1.96167,-0.64709
midpoint,0.128418,-1.97514,-0.649138
midpoint,0.128906,-1.98864,-0.651182
midpoint,0.129395,-2.00217,-0.653222
midpoint,0.129883,-2.01574,-0.655259
midpoint,0.130371,-2.02934,-0.657292
midpoint,0.130859,-2.04297,-0.659321
midpoint,0.131348,-2.05664,-0.661347
midpoint,0.131836,-2.07034,-0.663369
midpoint,0.132324,-2.08406,-0.665388
midpoint,0.132812,-2.09783,-0.667402
midpoint,0.133301,-2.11162,-0.669413
midpoint,0.133789,-2.12545,-0.671421
midpoint,0.134277,-2.1393,-0.673425
midpoint,0.134766,-2.15319,-0.675425
midpoint,0.135254,-2.16711,-0.677421
midpoint,0.135742,-2.18107,-0.679414
midpoint,0.13623,-2.19505,-0.681403
midpoint,0.136719,-2.20907,-0.683389
midpoint,0.137207,-2.22311,-0.685371
midpoint,0.137695,-2.23719,-0.687349
midpoint,0.138184,-2.2513,-0.689324
midpoint,0.138672,-2.26544,-0.691295
midpoint,0.13916,-2.27961,-0.693263
midpoint,0.139648,-2.29381,-0.695227
midpoint,0.140137,-2.30804,-0.697187
midpoint,0.140625,-2.32231,-0.699144
midpoint,0.141113,-2.3366,-0.701097
midpoint,0.141602,-2.35092,-0.703047
midpoint,0.14209,-2.36528,-0.704993
midpoint,0.142578,-2.37966,-0.706935
midpoint,0.143066,-2.39407,-0.708874
midpoint,0.143555,-2.40852,-0.710809
midpoint,0.144043,-2.42299,-0.712741
midpoint,0.144531,-2.4375,-0.714669
midpoint,0.14502,-2.45203,-0.716594
midpoint,0.145508,-2.46659,-0.718515
midpoint,0.145996,-2.48118,-0.720432
midpoint,0.146484,-2.49581,-0.722346
midpoint,0.146973,-2.51046,-0.724257
midpoint,0.147461,-2.52514,-0.726164
midpoint,0.147949,-2.53985,-0.728067
midpoint,0.148438,-2.55459,-0.729967
midpoint,0.148926,-2.56935,-0.731863
midpoint,0.149414,-2.58415,-0.733756
midpoint,0.149902,-2.59897,-0.735645
midpoint,0.150391,-2.61383,-0.737531
midpoint,0.150879,-2.62871,-0.739414
midpoint,0.151367,-2.64362,-0.741292
midpoint,0.151855,-2.65856,-0.743168
midpoint,0.152344,-2.67353,-0.74504
midpoint,0.152832,-2.68853,-0.746908
midpoint,0.15332,-2.70355,-0.748773
midpoint,0.153809,-2.71861,-0.750634
midpoint,0.154297,-2.73369,-0.752492
midpoint,0.154785,-2.7488,-0.754347
midpoint,0.155273,-2.76394,-0.756198
midpoint,0.155762,-2.7791,-0.758046
midpoint,0.15625,-2.7943,-0.75989
midpoint,0.156738,-2.80952,-0.761731
midpoint,0.157227,-2.82477,-0.763568
midpoint,0.157715,-2.84004,-0.765402
midpoint,0.158203,-2.85535,-0.767233
midpoint,0.158691,-2.87068,-0.76906
midpoint,0.15918,-2.88604,-0.770883
midpoint,0.159668,-2.90143,-0.772704
midpoint,0.160156,-2.91684,-0.774521
midpoint,0.160645,-2.93228,-0.776334
midpoint,0.161133,-2.94775,-0.778144
midpoint,0.161621,-2.96325,-0.779951
midpoint,0.162109,-2.97877,-0.781755
midpoint,0.162598,-2.99432,-0.783555
midpoint,0.163086,-3.00989,-0.785351
midpoint,0.163574,-3.0255,-0.787145
midpoint,0.164062,-3.04113,-0.788935
midpoint,0.164551,-3.05679,-0.790722
midpoint,0.165039,-3.07247,-0.792505
midpoint,0.165527,-3.08818,-0.794285
midpoint,0.166016,-3.10392,-0.796062
midpoint,0.166504,-3.11968,-0.797835
midpoint,0.166992,-3.13547,-0.799605
midpoint,0.16748,-3.15129,-0.801372
midpoint,0.167969,-3.16713,-0.803136
midpoint,0.168457,-3.183,-0.804896
midpoint,0.168945,-3.1989,-0.806653
midpoint,0.169434,-3.21482,-0.808407
midpoint,0.169922,-3.23077,-0.810157
midpoint,0.17041,-3.24674,-0.811904
midpoint,0.170898,-3.26274,-0.813648
midpoint,0.171387,-3.27877,-0.815389
midpoint,0.171875,-3.29482,-0.817127
midpoint,0.172363,-3.3109,-0.818861
midpoint,0.172852,-3.32701,-0.820592
midpoint,0.17334,-3.34314,-0.82232
midpoint,0.173828,-3.3593,-0.824044
midpoint,0.174316,-3.37548,-0.825766
midpoint,0.174805,-3.39169,-0.827484
midpoint,0.175293,-3.40792,-0.829199
midpoint,0.175781,-3.42418,-0.830911
midpoint,0.17627,-3.44047,-0.832619
midpoint,0.176758,-3.45678,-0.834325
midpoint,0.177246,-3.47311,-0.836027
midpoint,0.177734,-3.48948,-0.837726
midpoint,0.178223,-3.50586,-0.839422
midpoint,0.178711,-3.52228,-0.841115
midpoint,0.179199,-3.53872,-0.842805
midpoint,0.179688,-3.55518,-0.844492
midpoint,0.180176,-3.57167,-0.846175
midpoint,0.180664,-3.58819,-0.847856
midpoint,0.181152,-3.60473,-0.849533
midpoint,0.181641,-3.62129,-0.851207
midpoint,0.182129,-3.63788,-0.852878
midpoint,0.182617,-3.6545,-0.854546
midpoint,0.183105,-3.67114,-0.856211
midpoint,0.183594,-3.68781,-0.857873
midpoint,0.184082,-3.7045,-0.859532
midpoint,0.18457,-3.72122,-0.861187
midpoint,0.185059,-3.73796,-0.86284
midpoint,0.185547,-3.75473,-0.86449
midpoint,0.186035,-3.77152,-0.866136
midpoint,0.186523,-3.78834,-0.86778
midpoint,0.187012,-3.80518,-0.869421
midpoint,0.1875,-3.82205,-0.871058
midpoint,0.187988,-3.83894,-0.872693
midpoint,0.188477,-3.85586,-0.874324
midpoint,0.188965,-3.8728,-0.875953
midpoint,0.189453,-3.88977,-0.877578
midpoint,0.189941,-3.90676,-0.879201
midpoint,0.19043,-3.92378,-0.880821
midpoint,0.190918,-3.94082,-0.882437
midpoint,0.191406,-3.95789,-0.884051
midpoint,0.191895,-3.97499,-0.885662
midpoint,0.192383,-3.9921,-0.88727
midpoint,0.192871,-4.00925,-0.888875
midpoint,0.193359,-4.02641,-0.890477
midpoint,0.193848,-4.04361,-0.892076
midpoint,0.194336,-4.06082,-0.893672
midpoint,0.194824,-4.07807,-0.895265
midpoint,0.195312,-4.09533,-0.896855
midpoint,0.195801,-4.11263,-0.898443
midpoint,0.196289,-4.12994,-0.900028
midpoint,0.196777,-4.14728,-0.901609
midpoint,0.197266,-4.16465,-0.903188
midpoint,0.197754,-4.18204,-0.904764
midpoint,0.198242,-4.19946,-0.906337
midpoint,0.19873,-4.2169,-0.907907
midpoint,0.199219,-4.23437,-0.909475
midpoint,0.199707,-4.25186,-0.91104
midpoint,0.200195,-4.26937,-0.912601
midpoint,0.200684,-4.28691,-0.91416
midpoint,0.201172,-4.30448,-0.915716
midpoint,0.20166,-4.32207,-0.91727
midpoint,0.202148,-4.33969,-0.91882
midpoint,0.202637,-4.35733,-0.920368
midpoint,0.203125,-4.37499,-0.921913
midpoint,0.203613,-4.39268,-0.923455
midpoint,0.204102,-4.4104,-0.924995
midpoint,0.20459,-4.42814,-0.926532
midpoint,0.205078,-4.44591,-0.928066
midpoint,0.205566,-4.4637,-0.929597
midpoint,0.206055,-4.48151,-0.931125
midpoint,0.206543,-4.49935,-0.932651
midpoint,0.207031,-4.51722,-0.934174
midpoint,0.20752,-4.53511,-0.935695
midpoint,0.208008,-4.55302,-0.937212
midpoint,0.208496,-4.57096,-0.938727
midpoint,0.208984,-4.58893,-0.940239
midpoint,0.209473,-4.60692,-0.941749
midpoint,0.209961,-4.62494,-0.943256
midpoint,0.210449,-4.64298,-0.94476
midpoint,0.210938,-4.66104,-0.946262
midpoint,0.211426,-4.67913,-0.947761
midpoint,0.211914,-4.69725,-0.949257
midpoint,0.212402,-4.71539,-0.95075
midpoint,0.212891,-4.73356,-0.952241
midpoint,0.213379,-4.75175,-0.95373
midpoint,0.213867,-4.76997,-0.955216
midpoint,0.214355,-4.78821,-0.956699
midpoint,0.214844,-4.80648,-0.958179
midpoint,0.215332,-4.82478,-0.959657
midpoint,0.21582,-4.8431,-0.961133
midpoint,0.216309,-4.86144,-0.962605
midpoint,0.216797,-4.87981,-0.964075
midpoint,0.217285,-4.89821,-0.965543
midpoint,0.217773,-4.91663,-0.967008
midpoint,0.218262,-4.93508,-0.968471
midpoint,0.21875,-4.95355,-0.969931
midpoint,0.219238,-4.97205,-0.971388
midpoint,0.219727,-4.99057,-0.972843
midpoint,0.220215,-5.00912,-0.974296
midpoint,0.220703,-5.0277,-0.975745
midpoint,0.221191,-5.0463,-0.977193
midpoint,0.22168,-5.06493,-0.978638
midpoint,0.222168,-5.08358,-0.98008
midpoint,0.222656,-5.10226,-0.98152
midpoint,0.223145,-5.12097,-0.982957
midpoint,0.223633,-5.1397,-0.984392
midpoint,0.224121,-5.15846,-0.985825
midpoint,0.224609,-5.17724,-0.987255
midpoint,0.225098,-5.19605,-0.988682
midpoint,0.225586,-5.21489,-0.990108
midpoint,0.226074,-5.23375,-0.99153
midpoint,0.226562,-5.25264,-0.992951
midpoint,0.227051,-5.27155,-0.994368
midpoint,0.227539,-5.29049,-0.995784
midpoint,0.228027,-5.30946,-0.997197
midpoint,0.228516,-5.32846,-0.998608
midpoint,0.229004,-5.34748,-1.00002
midpoint,0.229492,-5.36652,-1.00142
midpoint,0.22998,-5.3856,-1.00283
midpoint,0.230469,-5.4047,-1.00423
midpoint,0.230957,-5.42383,-1.00562
midpoint,0.231445,-5.44298,-1.00702
midpoint,0.231934,-5.46217,-1.00842
midpoint,0.232422,-5.48137,-1.00981
midpoint,0.23291,-5.50061,-1.0112
midpoint,0.233398,-5.51987,-1.01258
midpoint,0.233887,-5.53916,-1.01397
midpoint,0.234375,-5.55848,-1.01535
midpoint,0.234863,-5.57783,-1.01673
midpoint,0.235352,-5.5972,-1.01811
midpoint,0.23584,-5.6166,-1.01948
midpoint,0.236328,-5.63602,-1.02086
midpoint,0.236816,-5.65548,-1.02223
midpoint,0.237305,-5.67496,-1.0236
midpoint,0.237793,-5.69447,-1.02496
midpoint,0.238281,-5.71401,-1.02633
midpoint,0.23877,-5.73357,-1.02769
midpoint,0.239258,-5.75317,-1.02905
midpoint,0.239746,-5.77279,-1.03041
midpoint,0.240234,-5.79244,-1.03176
midpoint,0.240723,-5.81212,-1.03311
midpoint,0.241211,-5.83182,-1.03447
midpoint,0.241699,-5.85156,-1.03581
midpoint,0.242188,-5.87132,-1.03716
midpoint,0.242676,-5.89111,-1.0385
midpoint,0.243164,-5.91093,-1.03985
midpoint,0.243652,-5.93078,-1.04119
midpoint,0.244141,-5.95066,-1.04252
midpoint,0.244629,-5.97056,-1.04386
midpoint,0.245117,-5.9905,-1.04519
midpoint,0.245605,-6.01046,-1.04652
midpoint,0.246094,-6.03045,-1.04785
midpoint,0.246582,-6.05047,-1.04918
midpoint,0.24707,-6.07052,-1.0505
midpoint,0.247559,-6.09061,-1.05183
midpoint,0.248047,-6.11071,-1.05315
midpoint,0.248535,-6.13085,-1.05446
midpoint,0.249023,-6.15102,-1.05578
midpoint,0.249512,-6.17122,-1.05709
midpoint,0.25,-6.19145,-1.05841
midpoint,0.250488,-6.21171,-1.05972
midpoint,0.250977,-6.23199,-1.06102
midpoint,0.251465,-6.25231,-1.06233
midpoint,0.251953,-6.27266,-1.06363
midpoint,0.252441,-6.29304,-1.06494
midpoint,0.25293,-6.31345,-1.06624
midpoint,0.253418,-6.33389,-1.06753
midpoint,0.253906,-6.35436,-1.06883
midpoint,0.254395,-6.37486,-1.07012
midpoint,0.254883,-6.39539,-1.07141
midpoint,0.255371,-6.41595,-1.0727
midpoint,0.255859,-6.43654,-1.07399
midpoint,0.256348,-6.45717,-1.07527
midpoint,0.256836,-6.47782,-1.07656
midpoint,0.257324,-6.49851,-1.07784
midpoint,0.257812,-6.51923,-1.07912
midpoint,0.258301,-6.53997,-1.0804
midpoint,0.258789,-6.56076,-1.08167
midpoint,0.259277,-6.58157,-1.08295
midpoint,0.259766,-6.60241,-1.08422
midpoint,0.260254,-6.62329,-1.08549
midpoint,0.260742,-6.6442,-1.08675
midpoint,0.26123,-6.66514,-1.08802
midpoint,0.261719,-6.68611,-1.08928
midpoint,0.262207,-6.70712,-1.09054
midpoint,0.262695,-6.72816,-1.0918
midpoint,0.263184,-6.74923,-1.09306
midpoint,0.263672,-6.77033,-1.09432
midpoint,0.26416,-6.79147,-1.09557
midpoint,0.264648,-6.81264,-1.09682
midpoint,0.265137,-6.83384,-1.09807
midpoint,0.265625,-6.85508,-1.09932
midpoint,0.266113,-6.87635,-1.10057
midpoint,0.266602,-6.89765,-1.10181
midpoint,0.26709,-6.91899,-1.10306
midpoint,0.267578,-6.94036,-1.1043
midpoint,0.268066,-6.96176,-1.10554
midpoint,0.268555,-6.9832,-1.10677
midpoint,0.269043,-7.00467,-1.10801
midpoint,0.269531,-7.02618,-1.10924
midpoint,0.27002,-7.04772,-1.11047
midpoint,0.270508,-7.0693,-1.1117
midpoint,0.270996,-7.09091,-1.11293
midpoint,0.271484,-7.11256,-1.11416
midpoint,0.271973,-7.13424,-1.11538
midpoint,0.272461,-7.15596,-1.11661
midpoint,0.272949,-7.17771,-1.11783
midpoint,0.273438,-7.1995,-1.11905
midpoint,0.273926,-7.22132,-1.12026
midpoint,0.274414,-7.24318,-1.12148
midpoint,0.274902,-7.26508,-1.12269
midpoint,0.275391,-7.28701,-1.1239
midpoint,0.275879,-7.30898,-1.12511
midpoint,0.276367,-7.33098,-1.12632
midpoint,0.276855,-7.35302,-1.12753
midpoint,0.277344,-7.3751,-1.12873
midpoint,0.277832,-7.39721,-1.12994
midpoint,0.27832,-7.41937,-1.13114
midpoint,0.278809,-7.44155,-1.13234
midpoint,0.279297,-7.46378,-1.13354
midpoint,0.279785,-7.48605,-1.13473
midpoint,0.280273,-7.50835,-1.13593
midpoint,0.280762,-7.53069,-1.13712
midpoint,0.28125,-7.55307,-1.13831
midpoint,0.281738,-7.57548,-1.1395
midpoint,0.282227,-7.59794,-1.14069
midpoint,0.282715,-7.62043,-1.14188
midpoint,0.283203,-7.64296,-1.14306
midpoint,0.283691,-7.66553,-1.14424
midpoint,0.28418,-7.68814,-1.14542
midpoint,0.284668,-7.71079,-1.1466
midpoint,0.285156,-7.73348,-1.14778
midpoint,0.285645,-7.75621,-1.14896
midpoint,0.286133,-7.77898,-1.15013
midpoint,0.286621,-7.80179,-1.1513
midpoint,0.287109,-7.82464,-1.15248
midpoint,0.287598,-7.84753,-1.15365
midpoint,0.288086,-7.87046,-1.15481
midpoint,0.288574,-7.89343,-1.15598
midpoint,0.289062,-7.91644,-1.15714
midpoint,0.289551,-7.93949,-1.15831
midpoint,0.290039,-7.96259,-1.15947
midpoint,0.290527,-7.98573,-1.16063
midpoint,0.291016,-8.0089,-1.16179
midpoint,0.291504,-8.03212,-1.16295
midpoint,0.291992,-8.05539,-1.1641
midpoint,0.29248,-8.07869,-1.16525
midpoint,0.292969,-8.10204,-1.16641
midpoint,0.293457,-8.12543,-1.16756
midpoint,0.293945,-8.14886,-1.16871
midpoint,0.294434,-8.17234,-1.16985
midpoint,0.294922,-8.19586,-1.171
midpoint,0.29541,-8.21943,-1.17214
midpoint,0.295898,-8.24303,-1.17329
midpoint,0.296387,-8.26669,-1.17443
midpoint,0.296875,-8.29038,-1.17557
midpoint,0.297363,-8.31413,-1.17671
midpoint,0.297852,-8.33791,-1.17784
midpoint,0.29834,-8.36174,-1.17898
midpoint,0.298828,-8.38562,-1.18011
midpoint,0.299316,-8.40954,-1.18125
midpoint,0.299805,-8.43351,-1.18238
midpoint,0.300293,-8.45752,-1.18351
midpoint,0.300781,-8.48158,-1.18464
midpoint,0.30127,-8.50569,-1.18576
midpoint,0.301758,-8.52984,-1.18689
midpoint,0.302246,-8.55404,-1.18801
midpoint,0.302734,-8.57829,-1.18913
midpoint,0.303223,-8.60259,-1.19025
midpoint,0.303711,-8.62693,-1.19137
midpoint,0.304199,-8.65132,-1.19249
midpoint,0.304688,-8.67576,-1.19361
midpoint,0.305176,-8.70025,-1.19472
midpoint,0.305664,-8.72478,-1.19584
midpoint,0.306152,-8.74937,-1.19695
midpoint,0.306641,-8.774,-1.19806
midpoint,0.307129,-8.79869,-1.19917
midpoint,0.307617,-8.82342,-1.20028
midpoint,0.308105,-8.8482,-1.20138
midpoint,0.308594,-8.87304,-1.20249
midpoint,0.309082,-8.89792,-1.20359
midpoint,0.30957,-8.92286,-1.20469
midpoint,0.310059,-8.94785,-1.2058
midpoint,0.310547,-8.97288,-1.20689
midpoint,0.311035,-8.99797,-1.20799
midpoint,0.311523,-9.02312,-1.20909
midpoint,0.312012,-9.04831,-1.21019
midpoint,0.3125,-9.07356,-1.21128
midpoint,0.312988,-9.09886,-1.21237
midpoint,0.313477,-9.12421,-1.21346
midpoint,0.313965,-9.14962,-1.21456
midpoint,0.314453,-9.17508,-1.21564
midpoint,0.314941,-9.20059,-1.21673
midpoint,0.31543,-9.22616,-1.21782
midpoint,0.315918,-9.25178,-1.2189
midpoint,0.316406,-9.27746,-1.21999
midpoint,0.316895,-9.3032,-1.22107
midpoint,0.317383,-9.32899,-1.22215
midpoint,0.317871,-9.35483,-1.22323
midpoint,0.318359,-9.38073,-1.22431
midpoint,0.318848,-9.40669,-1.22539
midpoint,0.319336,-9.43271,-1.22646
midpoint,0.319824,-9.45878,-1.22754
midpoint,0.320312,-9.48491,-1.22861
midpoint,0.320801,-9.5111,-1.22968
midpoint,0.321289,-9.53734,-1.23075
midpoint,0.321777,-9.56365,-1.23182
midpoint,0.322266,-9.59001,-1.23289
midpoint,0.322754,-9.61644,-1.23396
midpoint,0.323242,-9.64292,-1.23502
midpoint,0.32373,-9.66946,-1.23609
midpoint,0.324219,-9.69607,-1.23715
midpoint,0.324707,-9.72273,-1.23821
midpoint,0.325195,-9.74946,-1.23927
midpoint,0.325684,-9.77624,-1.24033
midpoint,0.326172,-9.80309,-1.24139
midpoint,0.32666,-9.83,-1.24245
midpoint,0.327148,-9.85698,-1.24351
midpoint,0.327637,-9.88401,-1.24456
midpoint,0.328125,-9.91111,-1.24562
midpoint,0.328613,-9.93828,-1.24667
midpoint,0.329102,-9.9655,-1.24772
midpoint,0.32959,-9.9928,-1.24877
midpoint,0.330078,-10.0202,-1.24982
midpoint,0.330566,-10.0476,-1.25087
midpoint,0.331055,-10.0751,-1.25191
midpoint,0.331543,-10.1026,-1.25296
midpoint,0.332031,-10.1302,-1.254
midpoint,0.33252,-10.1579,-1.25505
midpoint,0.333008,-10.1857,-1.25609
midpoint,0.333496,-10.2135,-1.25713
midpoint,0.333984,-10.2414,-1.25817
midpoint,0.334473,-10.2694,-1.25921
midpoint,0.334961,-10.2974,-1.26024
midpoint,0.335449,-10.3255,-1.26128
midpoint,0.335938,-10.3537,-1.26232
midpoint,0.336426,-10.3819,-1.26335
midpoint,0.336914,-10.4102,-1.26438
midpoint,0.337402,-10.4386,-1.26542
midpoint,0.337891,-10.467,-1.26645
midpoint,0.338379,-10.4956,-1.26748
midpoint,0.338867,-10.5242,-1.2685
midpoint,0.339355,-10.5528,-1.26953
midpoint,0.339844,-10.5816,-1.27056
midpoint,0.340332,-10.6104,-1.27158
midpoint,0.34082,-10.6393,-1.27261
midpoint,0.341309,-10.6683,-1.27363
midpoint,0.341797,-10.6973,-1.27465
midpoint,0.342285,-10.7264,-1.27567
midpoint,0.342773,-10.7556,-1.27669
midpoint,0.343262,-10.7849,-1.27771
midpoint,0.34375,-10.8143,-1.27873
midpoint,0.344238,-10.8437,-1.27975
midpoint,0.344727,-10.8732,-1.28076
midpoint,0.345215,-10.9028,-1.28178
midpoint,0.345703,-10.9325,-1.28279
midpoint,0.346191,-10.9622,-1.28381
midpoint,0.34668,-10.992,-1.28482
midpoint,0.347168,-11.022,-1.28583
midpoint,0.347656,-11.052,-1.28684
midpoint,0.348145,-11.082,-1.28785
midpoint,0.348633,-11.1122,-1.28885
midpoint,0.349121,-11.1424,-1.28986
midpoint,0.349609,-11.1728,-1.29087
midpoint,0.350098,-11.2032,-1.29187
midpoint,0.350586,-11.2337,-1.29288
midpoint,0.351074,-11.2643,-1.29388
midpoint,0.351562,-11.2949,-1.29488
midpoint,0.352051,-11.3257,-1.29588
midpoint,0.352539,-11.3565,-1.29688
midpoint,0.353027,-11.3875,-1.29788
midpoint,0.353516,-11.4185,-1.29888
midpoint,0.354004,-11.4496,-1.29987
midpoint,0.354492,-11.4808,-1.30087
midpoint,0.35498,-11.5121,-1.30186
midpoint,0.355469,-11.5435,-1.30286
midpoint,0.355957,-11.575,-1.30385
midpoint,0.356445,-11.6065,-1.30484
midpoint,0.356934,-11.6382,-1.30583
midpoint,0.357422,-11.67,-1.30682
midpoint,0.35791,-11.7018,-1.30781
midpoint,0.358398,-11.7338,-1.3088
midpoint,0.358887,-11.7658,-1.30979
midpoint,0.359375,-11.798,-1.31078
midpoint,0.359863,-11.8302,-1.31176
midpoint,0.360352,-11.8626,-1.31275
midpoint,0.36084,-11.895,-1.31373
midpoint,0.361328,-11.9275,-1.31471
midpoint,0.361816,-11.9602,-1.3157
midpoint,0.362305,-11.9929,-1.31668
midpoint,0.362793,-12.0258,-1.31766
midpoint,0.363281,-12.0587,-1.31864
midpoint,0.36377,-12.0918,-1.31961
midpoint,0.364258,-12.1249,-1.32059
midpoint,0.364746,-12.1582,-1.32157
midpoint,0.365234,-12.1916,-1.32254
midpoint,0.365723,-12.225,-1.32352
midpoint,0.366211,-12.2586,-1.32449
midpoint,0.366699,-12.2923,-1.32547
midpoint,0.367188,-12.3261,-1.32644
midpoint,0.367676,-12.36,-1.32741
midpoint,0.368164,-12.3941,-1.32838
midpoint,0.368652,-12.4282,-1.32935
midpoint,0.369141,-12.4625,-1.33032
midpoint,0.369629,-12.4968,-1.33129
midpoint,0.370117,-12.5313,-1.33226
midpoint,0.370605,-12.5659,-1.33322
midpoint,0.371094,-12.6006,-1.33419
midpoint,0.371582,-12.6355,-1.33515
midpoint,0.37207,-12.6704,-1.33612
midpoint,0.372559,-12.7055,-1.33708
midpoint,0.373047,-12.7407,-1.33804
midpoint,0.373535,-12.776,-1.339
midpoint,0.374023,-12.8114,-1.33997
midpoint,0.374512,-12.847,-1.34093
midpoint,0.375,-12.8827,-1.34189
midpoint,0.375488,-12.9185,-1.34284
midpoint,0.375977,-12.9544,-1.3438
midpoint,0.376465,-12.9905,-1.34476
midpoint,0.376953,-13.0266,-1.34571
midpoint,0.377441,-13.063,-1.34667
midpoint,0.37793,-13.0994,-1.34762
midpoint,0.378418,-13.136,-1.34858
midpoint,0.378906,-13.1727,-1.34953
midpoint,0.379395,-13.2096,-1.35048
midpoint,0.379883,-13.2466,-1.35143
midpoint,0.380371,-13.2837,-1.35239
midpoint,0.380859,-13.3209,-1.35334
midpoint,0.381348,-13.3584,-1.35428
midpoint,0.381836,-13.3959,-1.35523
midpoint,0.382324,-13.4336,-1.35618
midpoint,0.382812,-13.4714,-1.35713
midpoint,0.383301,-13.5094,-1.35807
midpoint,0.383789,-13.5475,-1.35902
midpoint,0.384277,-13.5857,-1.35996
midpoint,0.384766,-13.6241,-1.36091
midpoint,0.385254,-13.6627,-1.36185
midpoint,0.385742,-13.7014,-1.3628
midpoint,0.38623,-13.7403,-1.36374
midpoint,0.386719,-13.7793,-1.36468
midpoint,0.387207,-13.8185,-1.36562
midpoint,0.387695,-13.8578,-1.36656
midpoint,0.388184,-13.8973,-1.3675
midpoint,0.388672,-13.9369,-1.36844
midpoint,0.38916,-13.9767,-1.36937
midpoint,0.389648,-14.0166,-1.37031
midpoint,0.390137,-14.0568,-1.37125
midpoint,0.390625,-14.0971,-1.37218
midpoint,0.391113,-14.1375,-1.37312
midpoint,0.391602,-14.1781,-1.37405
midpoint,0.39209,-14.2189,-1.37499
midpoint,0.392578,-14.2599,-1.37592
midpoint,0.393066,-14.301,-1.37685
midpoint,0.393555,-14.3423,-1.37778
midpoint,0.394043,-14.3838,-1.37872
midpoint,0.394531,-14.4255,-1.37965
midpoint,0.39502,-14.4673,-1.38058
midpoint,0.395508,-14.5093,-1.38151
midpoint,0.395996,-14.5515,-1.38243
midpoint,0.396484,-14.5939,-1.38336
midpoint,0.396973,-14.6365,-1.38429
midpoint,0.397461,-14.6793,-1.38522
midpoint,0.397949,-14.7222,-1.38614
midpoint,0.398438,-14.7654,-1.38707
midpoint,0.398926,-14.8087,-1.38799
midpoint,0.399414,-14.8522,-1.38892
midpoint,0.399902,-14.896,-1.38984
midpoint,0.400391,-14.9399,-1.39076
midpoint,0.400879,-14.984,-1.39168
midpoint,0.401367,-15.0284,-1.39261
midpoint,0.401855,-15.0729,-1.39353
midpoint,0.402344,-15.1177,-1.39445
midpoint,0.402832,-15.1626,-1.39537
midpoint,0.40332,-15.2078,-1.39629
midpoint,0.403809,-15.2532,-1.39721
midpoint,0.404297,-15.2988,-1.39812
midpoint,0.404785,-15.3446,-1.39904
midpoint,0.405273,-15.3906,-1.39996
midpoint,0.405762,-15.4369,-1.40088
midpoint,0.40625,-15.4834,-1.40179
midpoint,0.406738,-15.5301,-1.40271
midpoint,0.407227,-15.5771,-1.40362
midpoint,0.407715,-15.6243,-1.40454
midpoint,0.408203,-15.6717,-1.40545
midpoint,0.408691,-15.7194,-1.40636
midpoint,0.40918,-15.7673,-1.40727
midpoint,0.409668,-15.8154,-1.40819
midpoint,0.410156,-15.8638,-1.4091
midpoint,0.410645,-15.9124,-1.41001
midpoint,0.411133,-15.9613,-1.41092
midpoint,0.411621,-16.0105,-1.41183
midpoint,0.412109,-16.0599,-1.41274
midpoint,0.412598,-16.1096,-1.41365
midpoint,0.413086,-16.1595,-1.41456
midpoint,0.413574,-16.2097,-1.41546
midpoint,0.414062,-16.2602,-1.41637
midpoint,0.414551,-16.3109,-1.41728
midpoint,0.415039,-16.3619,-1.41818
midpoint,0.415527,-16.4132,-1.41909
midpoint,0.416016,-16.4648,-1.41999
midpoint,0.416504,-16.5167,-1.4209
midpoint,0.416992,-16.5689,-1.4218
midpoint,0.41748,-16.6213,-1.42271
midpoint,0.417969,-16.6741,-1.42361
midpoint,0.418457,-16.7271,-1.42451
midpoint,0.418945,-16.7805,-1.42542
midpoint,0.419434,-16.8341,-1.42632
midpoint,0.419922,-16.8881,-1.42722
midpoint,0.42041,-16.9424,-1.42812
midpoint,0.420898,-16.997,-1.42902
midpoint,0.421387,-17.052,-1.42992
midpoint,0.421875,-17.1072,-1.43082
midpoint,0.422363,-17.1628,-1.43172
midpoint,0.422852,-17.2187,-1.43262
midpoint,0.42334,-17.275,-1.43351
midpoint,0.423828,-17.3316,-1.43441
midpoint,0.424316,-17.3886,-1.43531
midpoint,0.424805,-17.4459,-1.43621
midpoint,0.425293,-17.5036,-1.4371
midpoint,0.425781,-17.5617,-1.438
midpoint,0.42627,-17.6201,-1.43889
midpoint,0.426758,-17.6789,-1.43979
midpoint,0.427246,-17.738,-1.44068
midpoint,0.427734,-17.7976,-1.44158
midpoint,0.428223,-17.8575,-1.44247
midpoint,0.428711,-17.9179,-1.44336
midpoint,0.429199,-17.9786,-1.44426
midpoint,0.429688,-18.0397,-1.44515
midpoint,0.430176,-18.1013,-1.44604
midpoint,0.430664,-18.1633,-1.44693
midpoint,0.431152,-18.2257,-1.44782
midpoint,0.431641,-18.2885,-1.44871
midpoint,0.432129,-18.3518,-1.4496
midpoint,0.432617,-18.4155,-1.45049
midpoint,0.433105,-18.4796,-1.45138
midpoint,0.433594,-18.5442,-1.45227
midpoint,0.434082,-18.6093,-1.45316
midpoint,0.43457,-18.6748,-1.45405
midpoint,0.435059,-18.7408,-1.45494
midpoint,0.435547,-18.8073,-1.45582
midpoint,0.436035,-18.8743,-1.45671
midpoint,0.436523,-18.9418,-1.4576
midpoint,0.437012,-19.0098,-1.45849
midpoint,0.4375,-19.0783,-1.45937
midpoint,0.437988,-19.1474,-1.46026
midpoint,0.438477,-19.2169,-1.46114
midpoint,0.438965,-19.2871,-1.46203
midpoint,0.439453,-19.3577,-1.46291
midpoint,0.439941,-19.4289,-1.4638
midpoint,0.44043,-19.5007,-1.46468
midpoint,0.440918,-19.5731,-1.46556
midpoint,0.441406,-19.646,-1.46645
midpoint,0.441895,-19.7196,-1.46733
midpoint,0.442383,-19.7937,-1.46821
midpoint,0.442871,-19.8685,-1.4691
midpoint,0.443359,-19.9439,-1.46998
midpoint,0.443848,-20.0199,-1.47086
midpoint,0.444336,-20.0966,-1.47174
midpoint,0.444824,-20.1739,-1.47262
midpoint,0.445312,-20.2519,-1.4735
midpoint,0.445801,-20.3306,-1.47438
midpoint,0.446289,-20.41,-1.47526
midpoint,0.446777,-20.4901,-1.47614
midpoint,0.447266,-20.5709,-1.47702
midpoint,0.447754,-20.6525,-1.4779
midpoint,0.448242,-20.7348,-1.47878
midpoint,0.44873,-20.8179,-1.47966
midpoint,0.449219,-20.9018,-1.48054
midpoint,0.449707,-20.9864,-1.48141
midpoint,0.450195,-21.0719,-1.48229
midpoint,0.450684,-21.1582,-1.48317
midpoint,0.451172,-21.2454,-1.48404
midpoint,0.45166,-21.3334,-1.48492
midpoint,0.452148,-21.4223,-1.4858
midpoint,0.452637,-21.512,-1.48667
midpoint,0.453125,-21.6027,-1.48755
midpoint,0.453613,-21.6944,-1.48843
midpoint,0.454102,-21.787,-1.4893
midpoint,0.45459,-21.8805,-1.49018
midpoint,0.455078,-21.9751,-1.49105
midpoint,0.455566,-22.0707,-1.49193
midpoint,0.456055,-22.1673,-1.4928
midpoint,0.456543,-22.265,-1.49367
midpoint,0.457031,-22.3638,-1.49455
midpoint,0.45752,-22.4637,-1.49542
midpoint,0.458008,-22.5647,-1.49629
midpoint,0.458496,-22.6669,-1.49717
midpoint,0.458984,-22.7703,-1.49804
midpoint,0.459473,-22.8749,-1.49891
midpoint,0.459961,-22.9808,-1.49979
midpoint,0.460449,-23.088,-1.50066
midpoint,0.460938,-23.1964,-1.50153
midpoint,0.461426,-23.3063,-1.5024
midpoint,0.461914,-23.4175,-1.50327
midpoint,0.462402,-23.5301,-1.50414
midpoint,0.462891,-23.6442,-1.50501
midpoint,0.463379,-23.7598,-1.50589
midpoint,0.463867,-23.8769,-1.50676
midpoint,0.464355,-23.9956,-1.50763
midpoint,0.464844,-24.1159,-1.5085
midpoint,0.465332,-24.2379,-1.50937
midpoint,0.46582,-24.3617,-1.51024
midpoint,0.466309,-24.4871,-1.51111
midpoint,0.466797,-24.6144,-1.51198
midpoint,0.467285,-24.7436,-1.51284
midpoint,0.467773,-24.8747,-1.51371
midpoint,0.468262,-25.0078,-1.51458
midpoint,0.46875,-25.1429,-1.51545
midpoint,0.469238,-25.2801,-1.51632
midpoint,0.469727,-25.4196,-1.51719
midpoint,0.470215,-25.5612,-1.51806
midpoint,0.470703,-25.7052,-1.51892
midpoint,0.471191,-25.8517,-1.51979
midpoint,0.47168,-26.0006,-1.52066
midpoint,0.472168,-26.152,-1.52153
midpoint,0.472656,-26.3062,-1.52239
midpoint,0.473145,-26.4631,-1.52326
midpoint,0.473633,-26.6228,-1.52413
midpoint,0.474121,-26.7856,-1.525
midpoint,0.474609,-26.9514,-1.52586
midpoint,0.475098,-27.1204,-1.52673
midpoint,0.475586,-27.2928,-1.52759
midpoint,0.476074,-27.4686,-1.52846
midpoint,0.476562,-27.6481,-1.52933
midpoint,0.477051,-27.8313,-1.53019
midpoint,0.477539,-28.0184,-1.53106
midpoint,0.478027,-28.2097,-1.53192
midpoint,0.478516,-28.4052,-1.53279
midpoint,0.479004,-28.6052,-1.53366
midpoint,0.479492,-28.8099,-1.53452
midpoint,0.47998,-29.0195,-1.53539
midpoint,0.480469,-29.2342,-1.53625
midpoint,0.480957,-29.4544,-1.53712
midpoint,0.481445,-29.6803,-1.53798
midpoint,0.481934,-29.9122,-1.53885
midpoint,0.482422,-30.1505,-1.53971
midpoint,0.48291,-30.3954,-1.54058
midpoint,0.483398,-30.6474,-1.54144
midpoint,0.483887,-30.907,-1.5423
midpoint,0.484375,-31.1745,-1.54317
midpoint,0.484863,-31.4505,-1.54403
midpoint,0.485352,-31.7355,-1.5449
midpoint,0.48584,-32.0302,-1.54576
midpoint,0.486328,-32.3352,-1.54663
midpoint,0.486816,-32.6513,-1.54749
midpoint,0.487305,-32.9793,-1.54835
midpoint,0.487793,-33.3201,-1.54922
midpoint,0.488281,-33.6749,-1.55008
midpoint,0.48877,-34.0447,-1.55094
midpoint,0.489258,-34.431,-1.55181
midpoint,0.489746,-34.8352,-1.55267
midpoint,0.490234,-35.2591,-1.55353
midpoint,0.490723,-35.7048,-1.5544
midpoint,0.491211,-36.1745,-1.55526
midpoint,0.491699,-36.6711,-1.55612
midpoint,0.492188,-37.1978,-1.55699
midpoint,0.492676,-37.7585,-1.55785
midpoint,0.493164,-38.3579,-1.55871
midpoint,0.493652,-39.0017,-1.55958
midpoint,0.494141,-39.697,-1.56044
midpoint,0.494629,-40.4529,-1.5613
midpoint,0.495117,-41.2808,-1.56217
midpoint,0.495605,-42.196,-1.56303
midpoint,0.496094,-43.2191,-1.56389
midpoint,0.496582,-44.379,-1.56475
midpoint,0.49707,-45.718,-1.56562
midpoint,0.497559,-47.3017,-1.56648
midpoint,0.498047,-49.2399,-1.56734
midpoint,0.498535,-51.7387,-1.5682
midpoint,0.499023,-55.2605,-1.56906
midpoint,0.499512,-61.2811,-1.56992
adaa1,0,-2.19424e-07,0
adaa1,0.000488281,-1.04388e-05,-0.00153398
adaa1,0.000976562,-4.1097e-05,-0.00306796
adaa1,0.00146484,-9.21941e-05,-0.00460194
adaa1,0.00195312,-0.00016373,-0.00613592
adaa1,0.00244141,-0.000255706,-0.0076699
adaa1,0.00292969,-0.000368122,-0.00920388
adaa1,0.00341797,-0.000500978,-0.0107379
adaa1,0.00390625,-0.000654276,-0.0122718
adaa1,0.00439453,-0.000828015,-0.0138058
adaa1,0.00488281,-0.0010222,-0.0153398
adaa1,0.00537109,-0.00123682,-0.0168738
adaa1,0.00585938,-0.00147189,-0.0184078
adaa1,0.00634766,-0.00172741,-0.0199418
adaa1,0.00683594,-0.00200337,-0.0214757
adaa1,0.00732422,-0.00229978,-0.0230097
adaa1,0.0078125,-0.00261664,-0.0245437
adaa1,0.00830078,-0.00295395,-0.0260777
adaa1,0.00878906,-0.00331172,-0.0276117
adaa1,0.00927734,-0.00368993,-0.0291456
adaa1,0.00976562,-0.00408861,-0.0306796
adaa1,0.0102539,-0.00450774,-0.0322136
adaa1,0.0107422,-0.00494733,-0.0337476
adaa1,0.0112305,-0.00540739,-0.0352816
adaa1,0.0117188,-0.00588791,-0.0368155
adaa1,0.012207,-0.00638889,-0.0383495
adaa1,0.0126953,-0.00691035,-0.0398835
adaa1,0.0131836,-0.00745227,-0.0414175
adaa1,0.0136719,-0.00801467,-0.0429515
adaa1,0.0141602,-0.00859755,-0.0444854
adaa1,0.0146484,-0.0092009,-0.0460194
adaa1,0.0151367,-0.00982474,-0.0475534
adaa1,0.015625,-0.0104691,-0.0490874
adaa1,0.0161133,-0.0111339,-0.0506214
adaa1,0.0166016,-0.0118192,-0.0521553
adaa1,0.0170898,-0.012525,-0.0536893
adaa1,0.0175781,-0.0132513,-0.0552233
adaa1,0.0180664,-0.0139981,-0.0567573
adaa1,0.0185547,-0.0147654,-0.0582913
adaa1,0.019043,-0.0155532,-0.0598253
adaa1,0.0195312,-0.0163615,-0.0613592
adaa1,0.0200195,-0.0171903,-0.0628932
adaa1,0.0205078,-0.0180397,-0.0644272
adaa1,0.0209961,-0.0189096,-0.0659612
adaa1,0.0214844,-0.0198,-0.0674952
adaa1,0.0219727,-0.0207109,-0.0690291
adaa1,0.0224609,-0.0216424,-0.0705631
adaa1,0.0229492,-0.0225944,-0.0720971
adaa1,0.0234375,-0.023567,-0.0736311
adaa1,0.0239258,-0.0245601,-0.0751651
adaa1,0.0244141,-0.0255737,-0.076699
adaa1,0.0249023,-0.026608,-0.078233
adaa1,0.0253906,-0.0276628,-0.079767
adaa1,0.0258789,-0.0287381,-0.081301
adaa1,0.0263672,-0.029834,-0.082835
adaa1,0.0268555,-0.0309506,-0.0843689
adaa1,0.0273438,-0.0320877,-0.0859029
adaa1,0.027832,-0.0332453,-0.0874369
adaa1,0.0283203,-0.0344236,-0.0889709
adaa1,0.0288086,-0.0356225,-0.0905049
adaa1,0.0292969,-0.036842,-0.0920388
adaa1,0.0297852,-0.0380821,-0.0935728
adaa1,0.0302734,-0.0393428,-0.0951068
adaa1,0.0307617,-0.0406242,-0.0966408
adaa1,0.03125,-0.0419262,-0.0981748
adaa1,0.0317383,-0.0432488,-0.0997088
adaa1,0.0322266,-0.0445921,-0.101243
adaa1,0.0327148,-0.045956,-0.102777
adaa1,0.0332031,-0.0473405,-0.104311
adaa1,0.0336914,-0.0487458,-0.105845
adaa1,0.0341797,-0.0501717,-0.107379
adaa1,0.034668,-0.0516182,-0.108913
adaa1,0.0351562,-0.0530855,-0.110447
adaa1,0.0356445,-0.0545734,-0.111981
adaa1,0.0361328,-0.0560821,-0.113515
adaa1,0.0366211,-0.0576114,-0.115049
adaa1,0.0371094,-0.0591615,-0.116583
adaa1,0.0375977,-0.0607323,-0.118117
adaa1,0.0380859,-0.0623238,-0.119651
adaa1,0.0385742,-0.063936,-0.121184
adaa1,0.0390625,-0.065569,-0.122718
adaa1,0.0395508,-0.0672227,-0.124252
adaa1,0.0400391,-0.0688972,-0.125786
adaa1,0.0405273,-0.0705925,-0.12732
adaa1,0.0410156,-0.0723085,-0.128854
adaa1,0.0415039,-0.0740453,-0.130388
adaa1,0.0419922,-0.0758029,-0.131922
adaa1,0.0424805,-0.0775813,-0.133456
adaa1,0.0429688,-0.0793805,-0.13499
adaa1,0.043457,-0.0812006,-0.136524
adaa1,0.0439453,-0.0830414,-0.138058
adaa1,0.0444336,-0.0849031,-0.139592
adaa1,0.0449219,-0.0867856,-0.141126
adaa1,0.0454102,-0.088689,-0.14266
adaa1,0.0458984,-0.0906132,-0.144194
adaa1,0.0463867,-0.0925583,-0.145728
adaa1,0.046875,-0.0945243,-0.147262
adaa1,0.0473633,-0.0965112,-0.148796
adaa1,0.0478516,-0.098519,-0.15033
adaa1,0.0483398,-0.100548,-0.151864
adaa1,0.0488281,-0.102597,-0.153398
adaa1,0.0493164,-0.104668,-0.154932
adaa1,0.0498047,-0.106759,-0.156466
adaa1,0.050293,-0.108872,-0.158
adaa1,0.0507812,-0.111005,-0.159534
adaa1,0.0512695,-0.113159,-0.161068
adaa1,0.0517578,-0.115335,-0.162602
adaa1,0.0522461,-0.117531,-0.164136
adaa1,0.0527344,-0.119748,-0.16567
adaa1,0.0532227,-0.121987,-0.167204
adaa1,0.0537109,-0.124246,-0.168738
adaa1,0.0541992,-0.126526,-0.170272
adaa1,0.0546875,-0.128828,-0.171806
adaa1,0.0551758,-0.13115,-0.17334
adaa1,0.0556641,-0.133494,-0.174874
adaa1,0.0561523,-0.135858,-0.176408
adaa1,0.0566406,-0.138244,-0.177942
adaa1,0.0571289,-0.140651,-0.179476
adaa1,0.0576172,-0.143079,-0.18101
adaa1,0.0581055,-0.145528,-0.182544
adaa1,0.0585938,-0.147998,-0.184078
adaa1,0.059082,-0.150489,-0.185612
adaa1,0.0595703,-0.153002,-0.187146
adaa1,0.0600586,-0.155535,-0.18868
adaa1,0.0605469,-0.15809,-0.190214
adaa1,0.0610352,-0.160666,-0.191748
adaa1,0.0615234,-0.163263,-0.193282
adaa1,0.0620117,-0.165882,-0.194816
adaa1,0.0625,-0.168521,-0.19635
adaa1,0.0629883,-0.171182,-0.197884
adaa1,0.0634766,-0.173865,-0.199418
adaa1,0.0639648,-0.176568,-0.200951
adaa1,0.0644531,-0.179293,-0.202485
adaa1,0.0649414,-0.182039,-0.204019
adaa1,0.0654297,-0.184806,-0.205553
adaa1,0.065918,-0.187595,-0.207087
adaa1,0.0664062,-0.190405,-0.208621
adaa1,0.0668945,-0.193236,-0.210155
adaa1,0.0673828,-0.196089,-0.211689
adaa1,0.0678711,-0.198963,-0.213223
adaa1,0.0683594,-0.201859,-0.214757
adaa1,0.0688477,-0.204776,-0.216291
adaa1,0.0693359,-0.207714,-0.217825
adaa1,0.0698242,-0.210674,-0.219359
adaa1,0.0703125,-0.213655,-0.220893
adaa1,0.0708008,-0.216658,-0.222427
adaa1,0.0712891,-0.219682,-0.223961
adaa1,0.0717773,-0.222728,-0.225495
adaa1,0.0722656,-0.225795,-0.227029
adaa1,0.0727539,-0.228884,-0.228563
adaa1,0.0732422,-0.231994,-0.230097
adaa1,0.0737305,-0.235126,-0.231631
adaa1,0.0742188,-0.238279,-0.233165
adaa1,0.074707,-0.241455,-0.234699
adaa1,0.0751953,-0.244651,-0.236233
adaa1,0.0756836,-0.247869,-0.237767
adaa1,0.0761719,-0.251109,-0.239301
adaa1,0.0766602,-0.254371,-0.240835
adaa1,0.0771484,-0.257654,-0.242369
adaa1,0.0776367,-0.260959,-0.243903
adaa1,0.078125,-0.264286,-0.245437
adaa1,0.0786133,-0.267634,-0.246971
adaa1,0.0791016,-0.271004,-0.248505
adaa1,0.0795898,-0.274396,-0.250039
adaa1,0.0800781,-0.27781,-0.251573
adaa1,0.0805664,-0.281245,-0.253107
adaa1,0.0810547,-0.284702,-0.254641
adaa1,0.081543,-0.288181,-0.256175
adaa1,0.0820312,-0.291682,-0.257709
adaa1,0.0825195,-0.295205,-0.259243
adaa1,0.0830078,-0.298749,-0.260777
adaa1,0.0834961,-0.302316,-0.262311
adaa1,0.0839844,-0.305904,-0.263845
adaa1,0.0844727,-0.309515,-0.265379
adaa1,0.0849609,-0.313147,-0.266913
adaa1,0.0854492,-0.316801,-0.268447
adaa1,0.0859375,-0.320477,-0.269981
adaa1,0.0864258,-0.324176,-0.271515
adaa1,0.0869141,-0.327896,-0.273049
adaa1,0.0874023,-0.331638,-0.274583
adaa1,0.0878906,-0.335403,-0.276117
adaa1,0.0883789,-0.339189,-0.277651
adaa1,0.0888672,-0.342998,-0.279185
adaa1,0.0893555,-0.346828,-0.280718
adaa1,0.0898438,-0.350681,-0.282252
adaa1,0.090332,-0.354556,-0.283786
adaa1,0.0908203,-0.358453,-0.28532
adaa1,0.0913086,-0.362373,-0.286854
adaa1,0.0917969,-0.366314,-0.288388
adaa1,0.0922852,-0.370278,-0.289922
adaa1,0.0927734,-0.374264,-0.291456
adaa1,0.0932617,-0.378272,-0.29299
adaa1,0.09375,-0.382303,-0.294524
adaa1,0.0942383,-0.386356,-0.296058
adaa1,0.0947266,-0.390431,-0.297592
adaa1,0.0952148,-0.394529,-0.299126
adaa1,0.0957031,-0.398649,-0.30066
adaa1,0.0961914,-0.402791,-0.302194
adaa1,0.0966797,-0.406956,-0.303728
adaa1,0.097168,-0.411144,-0.305262
adaa1,0.0976562,-0.415353,-0.306796
adaa1,0.0981445,-0.419586,-0.30833
adaa1,0.0986328,-0.42384,-0.309864
adaa1,0.0991211,-0.428118,-0.311398
adaa1,0.0996094,-0.432418,-0.312932
adaa1,0.100098,-0.43674,-0.314466
adaa1,0.100586,-0.441085,-0.316
adaa1,0.101074,-0.445453,-0.317534
adaa1,0.101562,-0.449843,-0.319068
adaa1,0.102051,-0.454256,-0.320602
adaa1,0.102539,-0.458692,-0.322136
adaa1,0.103027,-0.46315,-0.32367
adaa1,0.103516,-0.467631,-0.325204
adaa1,0.104004,-0.472135,-0.326738
adaa1,0.104492,-0.476662,-0.328272
adaa1,0.10498,-0.481211,-0.329806
adaa1,0.105469,-0.485784,-0.33134
adaa1,0.105957,-0.490379,-0.332874
adaa1,0.106445,-0.494997,-0.334408
adaa1,0.106934,-0.499638,-0.335942
adaa1,0.107422,-0.504302,-0.337476
adaa1,0.10791,-0.508989,-0.33901
adaa1,0.108398,-0.513698,-0.340544
adaa1,0.108887,-0.518431,-0.342078
adaa1,0.109375,-0.523187,-0.343612
adaa1,0.109863,-0.527966,-0.345146
adaa1,0.110352,-0.532768,-0.34668
adaa1,0.11084,-0.537593,-0.348214
adaa1,0.111328,-0.542442,-0.349748
adaa1,0.111816,-0.547313,-0.351282
adaa1,0.112305,-0.552208,-0.352816
adaa1,0.112793,-0.557125,-0.35435
adaa1,0.113281,-0.562066,-0.355884
adaa1,0.11377,-0.567031,-0.357418
adaa1,0.114258,-0.572018,-0.358952
adaa1,0.114746,-0.577029,-0.360485
adaa1,0.115234,-0.582063,-0.362019
adaa1,0.115723,-0.587121,-0.363553
adaa1,0.116211,-0.592202,-0.365087
adaa1,0.116699,-0.597306,-0.366621
adaa1,0.117188,-0.602434,-0.368155
adaa1,0.117676,-0.607586,-0.369689
adaa1,0.118164,-0.612761,-0.371223
adaa1,0.118652,-0.617959,-0.372757
adaa1,0.119141,-0.623181,-0.374291
adaa1,0.119629,-0.628427,-0.375825
adaa1,0.120117,-0.633696,-0.377359
adaa1,0.120605,-0.638989,-0.378893
adaa1,0.121094,-0.644305,-0.380427
adaa1,0.121582,-0.649645,-0.381961
adaa1,0.12207,-0.655009,-0.383495
adaa1,0.122559,-0.660397,-0.385029
adaa1,0.123047,-0.665809,-0.386563
adaa1,0.123535,-0.671244,-0.388097
adaa1,0.124023,-0.676703,-0.389631
adaa1,0.124512,-0.682186,-0.391165
adaa1,0.125,-0.687693,-0.392699
adaa1,0.125488,-0.693224,-0.394233
adaa1,0.125977,-0.698779,-0.395767
adaa1,0.126465,-0.704358,-0.397301
adaa1,0.126953,-0.709961,-0.398835
adaa1,0.127441,-0.715588,-0.400369
adaa1,0.12793,-0.721239,-0.401903
adaa1,0.128418,-0.726915,-0.403437
adaa1,0.128906,-0.732614,-0.404971
adaa1,0.129395,-0.738338,-0.406505
adaa1,0.129883,-0.744085,-0.408039
adaa1,0.130371,-0.749858,-0.409573
adaa1,0.130859,-0.755654,-0.411107
adaa1,0.131348,-0.761475,-0.412641
adaa1,0.131836,-0.76732,-0.414175
adaa1,0.132324,-0.773189,-0.415709
adaa1,0.132812,-0.779083,-0.417243
adaa1,0.133301,-0.785002,-0.418777
adaa1,0.133789,-0.790944,-0.420311
adaa1,0.134277,-0.796912,-0.421845
adaa1,0.134766,-0.802904,-0.423379
adaa1,0.135254,-0.80892,-0.424913
adaa1,0.135742,-0.814961,-0.426447
adaa1,0.13623,-0.821027,-0.427981
adaa1,0.136719,-0.827118,-0.429515
adaa1,0.137207,-0.833233,-0.431049
adaa1,0.137695,-0.839373,-0.432583
adaa1,0.138184,-0.845537,-0.434117
adaa1,0.138672,-0.851727,-0.435651
adaa1,0.13916,-0.857942,-0.437185
adaa1,0.139648,-0.864181,-0.438719
adaa1,0.140137,-0.870445,-0.440252
adaa1,0.140625,-0.876734,-0.441786
adaa1,0.141113,-0.883049,-0.44332
adaa1,0.141602,-0.889388,-0.444854
adaa1,0.14209,-0.895753,-0.446388
adaa1,0.142578,-0.902142,-0.447922
adaa1,0.143066,-0.908557,-0.449456
adaa1,0.143555,-0.914997,-0.45099
adaa1,0.144043,-0.921462,-0.452524
adaa1,0.144531,-0.927952,-0.454058
adaa1,0.14502,-0.934468,-0.455592
adaa1,0.145508,-0.941009,-0.457126
adaa1,0.145996,-0.947575,-0.45866
adaa1,0.146484,-0.954167,-0.460194
adaa1,0.146973,-0.960785,-0.461728
adaa1,0.147461,-0.967427,-0.463262
adaa1,0.147949,-0.974096,-0.464796
adaa1,0.148438,-0.98079,-0.46633
adaa1,0.148926,-0.987509,-0.467864
adaa1,0.149414,-0.994254,-0.469398
adaa1,0.149902,-1.00103,-0.470932
adaa1,0.150391,-1.00782,-0.472466
adaa1,0.150879,-1.01464,-0.474
adaa1,0.151367,-1.02149,-0.475534
adaa1,0.151855,-1.02837,-0.477068
adaa1,0.152344,-1.03527,-0.478602
adaa1,0.152832,-1.04219,-0.480136
adaa1,0.15332,-1.04914,-0.48167
adaa1,0.153809,-1.05612,-0.483204
adaa1,0.154297,-1.06313,-0.484738
adaa1,0.154785,-1.07016,-0.486272
adaa1,0.155273,-1.07721,-0.487806
adaa1,0.155762,-1.0843,-0.48934
adaa1,0.15625,-1.0914,-0.490874
adaa1,0.156738,-1.09854,-0.492408
adaa1,0.157227,-1.1057,-0.493942
adaa1,0.157715,-1.11289,-0.495476
adaa1,0.158203,-1.1201,-0.49701
adaa1,0.158691,-1.12734,-0.498544
adaa1,0.15918,-1.13461,-0.500078
adaa1,0.159668,-1.1419,-0.501612
adaa1,0.160156,-1.14922,-0.503146
adaa1,0.160645,-1.15657,-0.50468
adaa1,0.161133,-1.16394,-0.506214
adaa1,0.161621,-1.17134,-0.507748
adaa1,0.162109,-1.17877,-0.509282
adaa1,0.162598,-1.18622,-0.510816
adaa1,0.163086,-1.1937,-0.51235
adaa1,0.163574,-1.20121,-0.513884
adaa1,0.164062,-1.20875,-0.515418
adaa1,0.164551,-1.21631,-0.516952
adaa1,0.165039,-1.2239,-0.518486
adaa1,0.165527,-1.23151,-0.520019
adaa1,0.166016,-1.23915,-0.521553
adaa1,0.166504,-1.24682,-0.523087
adaa1,0.166992,-1.25452,-0.524621
adaa1,0.16748,-1.26225,-0.526155
adaa1,0.167969,-1.27,-0.527689
adaa1,0.168457,-1.27778,-0.529223
adaa1,0.168945,-1.28558,-0.530757
adaa1,0.169434,-1.29342,-0.532291
adaa1,0.169922,-1.30128,-0.533825
adaa1,0.17041,-1.30917,-0.535359
adaa1,0.170898,-1.31709,-0.536893
adaa1,0.171387,-1.32503,-0.538427
adaa1,0.171875,-1.333,-0.539961
adaa1,0.172363,-1.341,-0.541495
adaa1,0.172852,-1.34903,-0.543029
adaa1,0.17334,-1.35709,-0.544563
adaa1,0.173828,-1.36517,-0.546097
adaa1,0.174316,-1.37328,-0.547631
adaa1,0.174805,-1.38142,-0.549165
adaa1,0.175293,-1.38959,-0.550699
adaa1,0.175781,-1.39778,-0.552233
adaa1,0.17627,-1.40601,-0.553767
adaa1,0.176758,-1.41426,-0.555301
adaa1,0.177246,-1.42254,-0.556835
adaa1,0.177734,-1.43085,-0.558369
adaa1,0.178223,-1.43919,-0.559903
adaa1,0.178711,-1.44755,-0.561437
adaa1,0.179199,-1.45595,-0.562971
adaa1,0.179688,-1.46437,-0.564505
adaa1,0.180176,-1.47282,-0.566039
adaa1,0.180664,-1.4813,-0.567573
adaa1,0.181152,-1.48981,-0.569107
adaa1,0.181641,-1.49835,-0.570641
adaa1,0.182129,-1.50692,-0.572175
adaa1,0.182617,-1.51551,-0.573709
adaa1,0.183105,-1.52414,-0.575243
adaa1,0.183594,-1.53279,-0.576777
adaa1,0.184082,-1.54147,-0.578311
adaa1,0.18457,-1.55019,-0.579845
adaa1,0.185059,-1.55893,-0.581379
adaa1,0.185547,-1.5677,-0.582913
adaa1,0.186035,-1.5765,-0.584447
adaa1,0.186523,-1.58533,-0.585981
adaa1,0.187012,-1.59418,-0.587515
adaa1,0.1875,-1.60307,-0.589049
adaa1,0.187988,-1.61199,-0.590583
adaa1,0.188477,-1.62094,-0.592117
adaa1,0.188965,-1.62991,-0.593651
adaa1,0.189453,-1.63892,-0.595185
adaa1,0.189941,-1.64796,-0.596719
adaa1,0.19043,-1.65702,-0.598253
adaa1,0.190918,-1.66612,-0.599786
adaa1,0.191406,-1.67525,-0.60132
adaa1,0.191895,-1.6844,-0.602854
adaa1,0.192383,-1.69359,-0.604388
adaa1,0.192871,-1.70281,-0.605922
adaa1,0.193359,-1.71205,-0.607456
adaa1,0.193848,-1.72133,-0.60899
adaa1,0.194336,-1.73064,-0.610524
adaa1,0.194824,-1.73998,-0.612058
adaa1,0.195312,-1.74934,-0.613592
adaa1,0.195801,-1.75874,-0.615126
adaa1,0.196289,-1.76817,-0.61666
adaa1,0.196777,-1.77763,-0.618194
adaa1,0.197266,-1.78712,-0.619728
adaa1,0.197754,-1.79665,-0.621262
adaa1,0.198242,-1.8062,-0.622796
adaa1,0.19873,-1.81578,-0.62433
adaa1,0.199219,-1.8254,-0.625864
adaa1,0.199707,-1.83504,-0.627398
adaa1,0.200195,-1.84472,-0.628932
adaa1,0.200684,-1.85443,-0.630466
adaa1,0.201172,-1.86417,-0.632
adaa1,0.20166,-1.87394,-0.633534
adaa1,0.202148,-1.88374,-0.635068
adaa1,0.202637,-1.89358,-0.636602
adaa1,0.203125,-1.90344,-0.638136
adaa1,0.203613,-1.91334,-0.63967
adaa1,0.204102,-1.92327,-0.641204
adaa1,0.20459,-1.93323,-0.642738
adaa1,0.205078,-1.94323,-0.644272
adaa1,0.205566,-1.95325,-0.645806
adaa1,0.206055,-1.96331,-0.64734
adaa1,0.206543,-1.9734,-0.648874
adaa1,0.207031,-1.98352,-0.650408
adaa1,0.20752,-1.99367,-0.651942
adaa1,0.208008,-2.00386,-0.653476
adaa1,0.208496,-2.01408,-0.65501
adaa1,0.208984,-2.02433,-0.656544
adaa1,0.209473,-2.03461,-0.658078
adaa1,0.209961,-2.04493,-0.659612
adaa1,0.210449,-2.05528,-0.661146
adaa1,0.210938,-2.06566,-0.66268
adaa1,0.211426,-2.07607,-0.664214
adaa1,0.211914,-2.08652,-0.665748
adaa1,0.212402,-2.097,-0.667282
adaa1,0.212891,-2.10751,-0.668816
adaa1,0.213379,-2.11806,-0.67035
adaa1,0.213867,-2.12864,-0.671884
adaa1,0.214355,-2.13926,-0.673418
adaa1,0.214844,-2.1499,-0.674952
adaa1,0.215332,-2.16058,-0.676486
adaa1,0.21582,-2.1713,-0.67802
adaa1,0.216309,-2.18205,-0.679553
adaa1,0.216797,-2.19283,-0.681087
adaa1,0.217285,-2.20364,-0.682621
adaa1,0.217773,-2.21449,-0.684155
adaa1,0.218262,-2.22538,-0.685689
adaa1,0.21875,-2.23629,-0.687223
adaa1,0.219238,-2.24724,-0.688757
adaa1,0.219727,-2.25823,-0.690291
adaa1,0.220215,-2.26925,-0.691825
adaa1,0.220703,-2.28031,-0.693359
adaa1,0.221191,-2.2914,-0.694893
adaa1,0.22168,-2.30252,-0.696427
adaa1,0.222168,-2.31368,-0.697961
adaa1,0.222656,-2.32487,-0.699495
adaa1,0.223145,-2.3361,-0.701029
adaa1,0.223633,-2.34736,-0.702563
adaa1,0.224121,-2.35866,-0.704097
adaa1,0.224609,-2.37,-0.705631
adaa1,0.225098,-2.38137,-0.707165
adaa1,0.225586,-2.39277,-0.708699
adaa1,0.226074,-2.40421,-0.710233
adaa1,0.226562,-2.41569,-0.711767
adaa1,0.227051,-2.4272,-0.713301
adaa1,0.227539,-2.43874,-0.714835
adaa1,0.228027,-2.45033,-0.716369
adaa1,0.228516,-2.46195,-0.717903
adaa1,0.229004,-2.4736,-0.719437
adaa1,0.229492,-2.48529,-0.720971
adaa1,0.22998,-2.49702,-0.722505
adaa1,0.230469,-2.50878,-0.724039
adaa1,0.230957,-2.52058,-0.725573
adaa1,0.231445,-2.53242,-0.727107
adaa1,0.231934,-2.54429,-0.728641
adaa1,0.232422,-2.5562,-0.730175
adaa1,0.23291,-2.56815,-0.731709
adaa1,0.233398,-2.58013,-0.733243
adaa1,0.233887,-2.59215,-0.734777
adaa1,0.234375,-2.60421,-0.736311
adaa1,0.234863,-2.6163,-0.737845
adaa1,0.235352,-2.62844,-0.739379
adaa1,0.23584,-2.64061,-0.740913
adaa1,0.236328,-2.65281,-0.742447
adaa1,0.236816,-2.66506,-0.743981
adaa1,0.237305,-2.67734,-0.745515
adaa1,0.237793,-2.68966,-0.747049
adaa1,0.238281,-2.70202,-0.748583
adaa1,0.23877,-2.71441,-0.750117
adaa1,0.239258,-2.72685,-0.751651
adaa1,0.239746,-2.73932,-0.753185
adaa1,0.240234,-2.75183,-0.754719
adaa1,0.240723,-2.76438,-0.756253
adaa1,0.241211,-2.77697,-0.757787
adaa1,0.241699,-2.7896,-0.75932
adaa1,0.242188,-2.80227,-0.760854
adaa1,0.242676,-2.81497,-0.762388
adaa1,0.243164,-2.82771,-0.763922
adaa1,0.243652,-2.8405,-0.765456
adaa1,0.244141,-2.85332,-0.76699
adaa1,0.244629,-2.86618,-0.768524
adaa1,0.245117,-2.87908,-0.770058
adaa1,0.245605,-2.89202,-0.771592
adaa1,0.246094,-2.90501,-0.773126
adaa1,0.246582,-2.91803,-0.77466
adaa1,0.24707,-2.93109,-0.776194
adaa1,0.247559,-2.94419,-0.777728
adaa1,0.248047,-2.95733,-0.779262
adaa1,0.248535,-2.97051,-0.780796
adaa1,0.249023,-2.98373,-0.78233
adaa1,0.249512,-2.997,-0.783864
adaa1,0.25,-3.0103,-0.785398
adaa1,0.250488,-3.02364,-0.786932
adaa1,0.250977,-3.03703,-0.788466
adaa1,0.251465,-3.05046,-0.79
adaa1,0.251953,-3.06392,-0.791534
adaa1,0.252441,-3.07743,-0.793068
adaa1,0.25293,-3.09098,-0.794602
adaa1,0.253418,-3.10458,-0.796136
adaa1,0.253906,-3.11821,-0.79767
adaa1,0.254395,-3.13189,-0.799204
adaa1,0.254883,-3.14561,-0.800738
adaa1,0.255371,-3.15937,-0.802272
adaa1,0.255859,-3.17317,-0.803806
adaa1,0.256348,-3.18701,-0.80534
adaa1,0.256836,-3.2009,-0.806874
adaa1,0.257324,-3.21483,-0.808408
adaa1,0.257812,-3.2288,-0.809942
adaa1,0.258301,-3.24282,-0.811476
adaa1,0.258789,-3.25688,-0.81301
adaa1,0.259277,-3.27098,-0.814544
adaa1,0.259766,-3.28513,-0.816078
adaa1,0.260254,-3.29932,-0.817612
adaa1,0.260742,-3.31355,-0.819146
adaa1,0.26123,-3.32783,-0.82068
adaa1,0.261719,-3.34215,-0.822214
adaa1,0.262207,-3.35651,-0.823748
adaa1,0.262695,-3.37092,-0.825282
adaa1,0.263184,-3.38538,-0.826816
adaa1,0.263672,-3.39988,-0.82835
adaa1,0.26416,-3.41442,-0.829884
adaa1,0.264648,-3.42901,-0.831418
adaa1,0.265137,-3.44364,-0.832952
adaa1,0.265625,-3.45832,-0.834486
adaa1,0.266113,-3.47304,-0.83602
adaa1,0.266602,-3.48781,-0.837554
adaa1,0.26709,-3.50262,-0.839087
adaa1,0.267578,-3.51748,-0.840621
adaa1,0.268066,-3.53239,-0.842155
adaa1,0.268555,-3.54734,-0.843689
adaa1,0.269043,-3.56234,-0.845223
adaa1,0.269531,-3.57739,-0.846757
adaa1,0.27002,-3.59248,-0.848291
adaa1,0.270508,-3.60762,-0.849825
adaa1,0.270996,-3.6228,-0.851359
adaa1,0.271484,-3.63803,-0.852893
adaa1,0.271973,-3.65331,-0.854427
adaa1,0.272461,-3.66864,-0.855961
adaa1,0.272949,-3.68402,-0.857495
adaa1,0.273438,-3.69944,-0.859029
adaa1,0.273926,-3.71491,-0.860563
adaa1,0.274414,-3.73043,-0.862097
adaa1,0.274902,-3.74599,-0.863631
adaa1,0.275391,-3.76161,-0.865165
adaa1,0.275879,-3.77727,-0.866699
adaa1,0.276367,-3.79298,-0.868233
adaa1,0.276855,-3.80874,-0.869767
adaa1,0.277344,-3.82456,-0.871301
adaa1,0.277832,-3.84041,-0.872835
adaa1,0.27832,-3.85632,-0.874369
adaa1,0.278809,-3.87228,-0.875903
adaa1,0.279297,-3.88829,-0.877437
adaa1,0.279785,-3.90435,-0.878971
adaa1,0.280273,-3.92046,-0.880505
adaa1,0.280762,-3.93662,-0.882039
adaa1,0.28125,-3.95283,-0.883573
adaa1,0.281738,-3.96909,-0.885107
adaa1,0.282227,-3.9854,-0.886641
adaa1,0.282715,-4.00176,-0.888175
adaa1,0.283203,-4.01818,-0.889709
adaa1,0.283691,-4.03464,-0.891243
adaa1,0.28418,-4.05116,-0.892777
adaa1,0.284668,-4.06773,-0.894311
adaa1,0.285156,-4.08435,-0.895845
adaa1,0.285645,-4.10103,-0.897379
adaa1,0.286133,-4.11775,-0.898913
adaa1,0.286621,-4.13453,-0.900447
adaa1,0.287109,-4.15136,-0.901981
adaa1,0.287598,-4.16825,-0.903515
adaa1,0.288086,-4.18519,-0.905049
adaa1,0.288574,-4.20218,-0.906583
adaa1,0.289062,-4.21923,-0.908117
adaa1,0.289551,-4.23633,-0.909651
adaa1,0.290039,-4.25348,-0.911185
adaa1,0.290527,-4.27069,-0.912719
adaa1,0.291016,-4.28795,-0.914253
adaa1,0.291504,-4.30527,-0.915787
adaa1,0.291992,-4.32265,-0.917321
adaa1,0.29248,-4.34007,-0.918854
adaa1,0.292969,-4.35756,-0.920388
adaa1,0.293457,-4.3751,-0.921922
adaa1,0.293945,-4.39269,-0.923456
adaa1,0.294434,-4.41035,-0.92499
adaa1,0.294922,-4.42806,-0.926524
adaa1,0.29541,-4.44582,-0.928058
adaa1,0.295898,-4.46364,-0.929592
adaa1,0.296387,-4.48152,-0.931126
adaa1,0.296875,-4.49946,-0.93266
adaa1,0.297363,-4.51745,-0.934194
adaa1,0.297852,-4.5355,-0.935728
adaa1,0.29834,-4.55361,-0.937262
adaa1,0.298828,-4.57178,-0.938796
adaa1,0.299316,-4.59001,-0.94033
adaa1,0.299805,-4.6083,-0.941864
adaa1,0.300293,-4.62664,-0.943398
adaa1,0.300781,-4.64504,-0.944932
adaa1,0.30127,-4.66351,-0.946466
adaa1,0.301758,-4.68203,-0.948
adaa1,0.302246,-4.70062,-0.949534
adaa1,0.302734,-4.71926,-0.951068
adaa1,0.303223,-4.73796,-0.952602
adaa1,0.303711,-4.75673,-0.954136
adaa1,0.304199,-4.77556,-0.95567
adaa1,0.304688,-4.79444,-0.957204
adaa1,0.305176,-4.81339,-0.958738
adaa1,0.305664,-4.8324,-0.960272
adaa1,0.306152,-4.85148,-0.961806
adaa1,0.306641,-4.87061,-0.96334
adaa1,0.307129,-4.88981,-0.964874
adaa1,0.307617,-4.90907,-0.966408
adaa1,0.308105,-4.9284,-0.967942
adaa1,0.308594,-4.94779,-0.969476
adaa1,0.309082,-4.96724,-0.97101
adaa1,0.30957,-4.98676,-0.972544
adaa1,0.310059,-5.00634,-0.974078
adaa1,0.310547,-5.02598,-0.975612
adaa1,0.311035,-5.0457,-0.977146
adaa1,0.311523,-5.06547,-0.97868
adaa1,0.312012,-5.08531,-0.980214
adaa1,0.3125,-5.10522,-0.981748
adaa1,0.312988,-5.12519,-0.983282
adaa1,0.313477,-5.14524,-0.984816
adaa1,0.313965,-5.16534,-0.98635
adaa1,0.314453,-5.18552,-0.987884
adaa1,0.314941,-5.20576,-0.989418
adaa1,0.31543,-5.22607,-0.990952
adaa1,0.315918,-5.24645,-0.992486
adaa1,0.316406,-5.26689,-0.99402
adaa1,0.316895,-5.28741,-0.995554
adaa1,0.317383,-5.30799,-0.997088
adaa1,0.317871,-5.32864,-0.998621
adaa1,0.318359,-5.34937,-1.00016
adaa1,0.318848,-5.37016,-1.00169
adaa1,0.319336,-5.39102,-1.00322
adaa1,0.319824,-5.41196,-1.00476
adaa1,0.320312,-5.43296,-1.00629
adaa1,0.320801,-5.45404,-1.00783
adaa1,0.321289,-5.47519,-1.00936
adaa1,0.321777,-5.49641,-1.01089
adaa1,0.322266,-5.5177,-1.01243
adaa1,0.322754,-5.53907,-1.01396
adaa1,0.323242,-5.56051,-1.0155
adaa1,0.32373,-5.58202,-1.01703
adaa1,0.324219,-5.60361,-1.01856
adaa1,0.324707,-5.62527,-1.0201
adaa1,0.325195,-5.647,-1.02163
adaa1,0.325684,-5.66881,-1.02317
adaa1,0.326172,-5.6907,-1.0247
adaa1,0.32666,-5.71266,-1.02623
adaa1,0.327148,-5.7347,-1.02777
adaa1,0.327637,-5.75681,-1.0293
adaa1,0.328125,-5.779,-1.03084
adaa1,0.328613,-5.80127,-1.03237
adaa1,0.329102,-5.82362,-1.0339
adaa1,0.32959,-5.84604,-1.03544
adaa1,0.330078,-5.86854,-1.03697
adaa1,0.330566,-5.89113,-1.0385
adaa1,0.331055,-5.91379,-1.04004
adaa1,0.331543,-5.93653,-1.04157
adaa1,0.332031,-5.95935,-1.04311
adaa1,0.33252,-5.98225,-1.04464
adaa1,0.333008,-6.00523,-1.04617
adaa1,0.333496,-6.0283,-1.04771
adaa1,0.333984,-6.05144,-1.04924
adaa1,0.334473,-6.07467,-1.05078
adaa1,0.334961,-6.09798,-1.05231
adaa1,0.335449,-6.12138,-1.05384
adaa1,0.335938,-6.14486,-1.05538
adaa1,0.336426,-6.16842,-1.05691
adaa1,0.336914,-6.19206,-1.05845
adaa1,0.337402,-6.2158,-1.05998
adaa1,0.337891,-6.23961,-1.06151
adaa1,0.338379,-6.26352,-1.06305
adaa1,0.338867,-6.28751,-1.06458
adaa1,0.339355,-6.31158,-1.06612
adaa1,0.339844,-6.33575,-1.06765
adaa1,0.340332,-6.36,-1.06918
adaa1,0.34082,-6.38434,-1.07072
adaa1,0.341309,-6.40877,-1.07225
adaa1,0.341797,-6.43329,-1.07379
adaa1,0.342285,-6.4579,-1.07532
adaa1,0.342773,-6.4826,-1.07685
adaa1,0.343262,-6.50739,-1.07839
adaa1,0.34375,-6.53227,-1.07992
adaa1,0.344238,-6.55724,-1.08146
adaa1,0.344727,-6.58231,-1.08299
adaa1,0.345215,-6.60747,-1.08452
adaa1,0.345703,-6.63272,-1.08606
adaa1,0.346191,-6.65807,-1.08759
adaa1,0.34668,-6.68351,-1.08913
adaa1,0.347168,-6.70904,-1.09066
adaa1,0.347656,-6.73468,-1.09219
adaa1,0.348145,-6.76041,-1.09373
adaa1,0.348633,-6.78623,-1.09526
adaa1,0.349121,-6.81216,-1.0968
adaa1,0.349609,-6.83818,-1.09833
adaa1,0.350098,-6.8643,-1.09986
adaa1,0.350586,-6.89052,-1.1014
adaa1,0.351074,-6.91684,-1.10293
adaa1,0.351562,-6.94326,-1.10447
adaa1,0.352051,-6.96978,-1.106
adaa1,0.352539,-6.9964,-1.10753
adaa1,0.353027,-7.02312,-1.10907
adaa1,0.353516,-7.04995,-1.1106
adaa1,0.354004,-7.07688,-1.11214
adaa1,0.354492,-7.10392,-1.11367
adaa1,0.35498,-7.13106,-1.1152
adaa1,0.355469,-7.15831,-1.11674
adaa1,0.355957,-7.18566,-1.11827
adaa1,0.356445,-7.21312,-1.11981
adaa1,0.356934,-7.24069,-1.12134
adaa1,0.357422,-7.26836,-1.12287
adaa1,0.35791,-7.29614,-1.12441
adaa1,0.358398,-7.32404,-1.12594
adaa1,0.358887,-7.35204,-1.12748
adaa1,0.359375,-7.38016,-1.12901
adaa1,0.359863,-7.40839,-1.13054
adaa1,0.360352,-7.43673,-1.13208
adaa1,0.36084,-7.46518,-1.13361
adaa1,0.361328,-7.49375,-1.13515
adaa1,0.361816,-7.52243,-1.13668
adaa1,0.362305,-7.55122,-1.13821
adaa1,0.362793,-7.58014,-1.13975
adaa1,0.363281,-7.60917,-1.14128
adaa1,0.36377,-7.63832,-1.14282
adaa1,0.364258,-7.66759,-1.14435
adaa1,0.364746,-7.69697,-1.14588
adaa1,0.365234,-7.72648,-1.14742
adaa1,0.365723,-7.75611,-1.14895
adaa1,0.366211,-7.78586,-1.15049
adaa1,0.366699,-7.81573,-1.15202
adaa1,0.367188,-7.84573,-1.15355
adaa1,0.367676,-7.87585,-1.15509
adaa1,0.368164,-7.90609,-1.15662
adaa1,0.368652,-7.93647,-1.15816
adaa1,0.369141,-7.96696,-1.15969
adaa1,0.369629,-7.99759,-1.16122
adaa1,0.370117,-8.02835,-1.16276
adaa1,0.370605,-8.05923,-1.16429
adaa1,0.371094,-8.09025,-1.16583
adaa1,0.371582,-8.1214,-1.16736
adaa1,0.37207,-8.15268,-1.16889
adaa1,0.372559,-8.1841,-1.17043
adaa1,0.373047,-8.21564,-1.17196
adaa1,0.373535,-8.24733,-1.1735
adaa1,0.374023,-8.27915,-1.17503
adaa1,0.374512,-8.31111,-1.17656
adaa1,0.375,-8.34321,-1.1781
adaa1,0.375488,-8.37544,-1.17963
adaa1,0.375977,-8.40782,-1.18117
adaa1,0.376465,-8.44034,-1.1827
adaa1,0.376953,-8.473,-1.18423
adaa1,0.377441,-8.50581,-1.18577
adaa1,0.37793,-8.53876,-1.1873
adaa1,0.378418,-8.57186,-1.18884
adaa1,0.378906,-8.6051,-1.19037
adaa1,0.379395,-8.63849,-1.1919
adaa1,0.379883,-8.67203,-1.19344
adaa1,0.380371,-8.70572,-1.19497
adaa1,0.380859,-8.73957,-1.19651
adaa1,0.381348,-8.77356,-1.19804
adaa1,0.381836,-8.80771,-1.19957
adaa1,0.382324,-8.84202,-1.20111
adaa1,0.382812,-8.87648,-1.20264
adaa1,0.383301,-8.9111,-1.20417
adaa1,0.383789,-8.94588,-1.20571
adaa1,0.384277,-8.98082,-1.20724
adaa1,0.384766,-9.01592,-1.20878
adaa1,0.385254,-9.05119,-1.21031
adaa1,0.385742,-9.08662,-1.21184
adaa1,0.38623,-9.12221,-1.21338
adaa1,0.386719,-9.15797,-1.21491
adaa1,0.387207,-9.1939,-1.21645
adaa1,0.387695,-9.23,-1.21798
adaa1,0.388184,-9.26627,-1.21951
adaa1,0.388672,-9.30271,-1.22105
adaa1,0.38916,-9.33933,-1.22258
adaa1,0.389648,-9.37612,-1.22412
adaa1,0.390137,-9.41309,-1.22565
adaa1,0.390625,-9.45024,-1.22718
adaa1,0.391113,-9.48757,-1.22872
adaa1,0.391602,-9.52508,-1.23025
adaa1,0.39209,-9.56277,-1.23179
adaa1,0.392578,-9.60065,-1.23332
adaa1,0.393066,-9.63872,-1.23485
adaa1,0.393555,-9.67697,-1.23639
adaa1,0.394043,-9.71541,-1.23792
adaa1,0.394531,-9.75404,-1.23946
adaa1,0.39502,-9.79287,-1.24099
adaa1,0.395508,-9.83189,-1.24252
adaa1,0.395996,-9.87111,-1.24406
adaa1,0.396484,-9.91053,-1.24559
adaa1,0.396973,-9.95014,-1.24713
adaa1,0.397461,-9.98996,-1.24866
adaa1,0.397949,-10.03,-1.25019
adaa1,0.398438,-10.0702,-1.25173
adaa1,0.398926,-10.1107,-1.25326
adaa1,0.399414,-10.1513,-1.2548
adaa1,0.399902,-10.1922,-1.25633
adaa1,0.400391,-10.2332,-1.25786
adaa1,0.400879,-10.2745,-1.2594
adaa1,0.401367,-10.316,-1.26093
adaa1,0.401855,-10.3577,-1.26247
adaa1,0.402344,-10.3997,-1.264
adaa1,0.402832,-10.4419,-1.26553
adaa1,0.40332,-10.4843,-1.26707
adaa1,0.403809,-10.5269,-1.2686
adaa1,0.404297,-10.5697,-1.27014
adaa1,0.404785,-10.6128,-1.27167
adaa1,0.405273,-10.6562,-1.2732
adaa1,0.405762,-10.6997,-1.27474
adaa1,0.40625,-10.7435,-1.27627
adaa1,0.406738,-10.7876,-1.27781
adaa1,0.407227,-10.8319,-1.27934
adaa1,0.407715,-10.8764,-1.28087
adaa1,0.408203,-10.9212,-1.28241
adaa1,0.408691,-10.9662,-1.28394
adaa1,0.40918,-11.0115,-1.28548
adaa1,0.409668,-11.0571,-1.28701
adaa1,0.410156,-11.1029,-1.28854
adaa1,0.410645,-11.149,-1.29008
adaa1,0.411133,-11.1953,-1.29161
adaa1,0.411621,-11.2419,-1.29315
adaa1,0.412109,-11.2888,-1.29468
adaa1,0.412598,-11.336,-1.29621
adaa1,0.413086,-11.3834,-1.29775
adaa1,0.413574,-11.4311,-1.29928
adaa1,0.414062,-11.4791,-1.30082
adaa1,0.414551,-11.5274,-1.30235
adaa1,0.415039,-11.576,-1.30388
adaa1,0.415527,-11.6249,-1.30542
adaa1,0.416016,-11.674,-1.30695
adaa1,0.416504,-11.7235,-1.30849
adaa1,0.416992,-11.7733,-1.31002
adaa1,0.41748,-11.8234,-1.31155
adaa1,0.417969,-11.8738,-1.31309
adaa1,0.418457,-11.9245,-1.31462
adaa1,0.418945,-11.9755,-1.31616
adaa1,0.419434,-12.0269,-1.31769
adaa1,0.419922,-12.0785,-1.31922
adaa1,0.42041,-12.1305,-1.32076
adaa1,0.420898,-12.1829,-1.32229
adaa1,0.421387,-12.2356,-1.32383
adaa1,0.421875,-12.2886,-1.32536
adaa1,0.422363,-12.3419,-1.32689
adaa1,0.422852,-12.3957,-1.32843
adaa1,0.42334,-12.4497,-1.32996
adaa1,0.423828,-12.5042,-1.3315
adaa1,0.424316,-12.559,-1.33303
adaa1,0.424805,-12.6141,-1.33456
adaa1,0.425293,-12.6697,-1.3361
adaa1,0.425781,-12.7256,-1.33763
adaa1,0.42627,-12.7819,-1.33917
adaa1,0.426758,-12.8386,-1.3407
adaa1,0.427246,-12.8956,-1.34223
adaa1,0.427734,-12.9531,-1.34377
adaa1,0.428223,-13.011,-1.3453
adaa1,0.428711,-13.0693,-1.34684
adaa1,0.429199,-13.128,-1.34837
adaa1,0.429688,-13.1871,-1.3499
adaa1,0.430176,-13.2467,-1.35144
adaa1,0.430664,-13.3066,-1.35297
adaa1,0.431152,-13.367,-1.35451
adaa1,0.431641,-13.4279,-1.35604
adaa1,0.432129,-13.4892,-1.35757
adaa1,0.432617,-13.551,-1.35911
adaa1,0.433105,-13.6132,-1.36064
adaa1,0.433594,-13.6759,-1.36217
adaa1,0.434082,-13.7391,-1.36371
adaa1,0.43457,-13.8028,-1.36524
adaa1,0.435059,-13.8669,-1.36678
adaa1,0.435547,-13.9316,-1.36831
adaa1,0.436035,-13.9967,-1.36984
adaa1,0.436523,-14.0624,-1.37138
adaa1,0.437012,-14.1286,-1.37291
adaa1,0.4375,-14.1953,-1.37445
adaa1,0.437988,-14.2625,-1.37598
adaa1,0.438477,-14.3303,-1.37751
adaa1,0.438965,-14.3987,-1.37905
adaa1,0.439453,-14.4676,-1.38058
adaa1,0.439941,-14.5371,-1.38212
adaa1,0.44043,-14.6072,-1.38365
adaa1,0.440918,-14.6778,-1.38518
adaa1,0.441406,-14.7491,-1.38672
adaa1,0.441895,-14.821,-1.38825
adaa1,0.442383,-14.8934,-1.38979
adaa1,0.442871,-14.9666,-1.39132
adaa1,0.443359,-15.0403,-1.39285
adaa1,0.443848,-15.1147,-1.39439
adaa1,0.444336,-15.1898,-1.39592
adaa1,0.444824,-15.2656,-1.39746
adaa1,0.445312,-15.342,-1.39899
adaa1,0.445801,-15.4192,-1.40052
adaa1,0.446289,-15.497,-1.40206
adaa1,0.446777,-15.5756,-1.40359
adaa1,0.447266,-15.6549,-1.40513
adaa1,0.447754,-15.735,-1.40666
adaa1,0.448242,-15.8158,-1.40819
adaa1,0.44873,-15.8974,-1.40973
adaa1,0.449219,-15.9798,-1.41126
adaa1,0.449707,-16.063,-1.4128
adaa1,0.450195,-16.1471,-1.41433
adaa1,0.450684,-16.232,-1.41586
adaa1,0.451172,-16.3177,-1.4174
adaa1,0.45166,-16.4043,-1.41893
adaa1,0.452148,-16.4918,-1.42047
adaa1,0.452637,-16.5802,-1.422
adaa1,0.453125,-16.6696,-1.42353
adaa1,0.453613,-16.7599,-1.42507
adaa1,0.454102,-16.8512,-1.4266
adaa1,0.45459,-16.9434,-1.42814
adaa1,0.455078,-17.0367,-1.42967
adaa1,0.455566,-17.131,-1.4312
adaa1,0.456055,-17.2264,-1.43274
adaa1,0.456543,-17.3228,-1.43427
adaa1,0.457031,-17.4203,-1.43581
adaa1,0.45752,-17.519,-1.43734
adaa1,0.458008,-17.6188,-1.43887
adaa1,0.458496,-17.7198,-1.44041
adaa1,0.458984,-17.8221,-1.44194
adaa1,0.459473,-17.9255,-1.44348
adaa1,0.459961,-18.0302,-1.44501
adaa1,0.460449,-18.1363,-1.44654
adaa1,0.460938,-18.2436,-1.44808
adaa1,0.461426,-18.3523,-1.44961
adaa1,0.461914,-18.4624,-1.45115
adaa1,0.462402,-18.574,-1.45268
adaa1,0.462891,-18.687,-1.45421
adaa1,0.463379,-18.8015,-1.45575
adaa1,0.463867,-18.9176,-1.45728
adaa1,0.464355,-19.0353,-1.45882
adaa1,0.464844,-19.1546,-1.46035
adaa1,0.465332,-19.2756,-1.46188
adaa1,0.46582,-19.3983,-1.46342
adaa1,0.466309,-19.5228,-1.46495
adaa1,0.466797,-19.6492,-1.46649
adaa1,0.467285,-19.7774,-1.46802
adaa1,0.467773,-19.9076,-1.46955
adaa1,0.468262,-20.0397,-1.47109
adaa1,0.46875,-20.174,-1.47262
adaa1,0.469238,-20.3103,-1.47416
adaa1,0.469727,-20.4489,-1.47569
adaa1,0.470215,-20.5897,-1.47722
adaa1,0.470703,-20.7328,-1.47876
adaa1,0.471191,-20.8784,-1.48029
adaa1,0.47168,-21.0265,-1.48183
adaa1,0.472168,-21.1772,-1.48336
adaa1,0.472656,-21.3305,-1.48489
adaa1,0.473145,-21.4867,-1.48643
adaa1,0.473633,-21.6457,-1.48796
adaa1,0.474121,-21.8077,-1.4895
adaa1,0.474609,-21.9727,-1.49103
adaa1,0.475098,-22.1411,-1.49256
adaa1,0.475586,-22.3127,-1.4941
adaa1,0.476074,-22.4879,-1.49563
adaa1,0.476562,-22.6666,-1.49717
adaa1,0.477051,-22.8492,-1.4987
adaa1,0.477539,-23.0357,-1.50023
adaa1,0.478027,-23.2263,-1.50177
adaa1,0.478516,-23.4211,-1.5033
adaa1,0.479004,-23.6205,-1.50484
adaa1,0.479492,-23.8246,-1.50637
adaa1,0.47998,-24.0337,-1.5079
adaa1,0.480469,-24.2479,-1.50944
adaa1,0.480957,-24.4675,-1.51097
adaa1,0.481445,-24.6928,-1.51251
adaa1,0.481934,-24.9242,-1.51404
adaa1,0.482422,-25.162,-1.51557
adaa1,0.48291,-25.4064,-1.51711
adaa1,0.483398,-25.658,-1.51864
adaa1,0.483887,-25.917,-1.52017
adaa1,0.484375,-26.1841,-1.52171
adaa1,0.484863,-26.4596,-1.52324
adaa1,0.485352,-26.7442,-1.52478
adaa1,0.48584,-27.0385,-1.52631
adaa1,0.486328,-27.3431,-1.52784
adaa1,0.486816,-27.6588,-1.52938
adaa1,0.487305,-27.9864,-1.53091
adaa1,0.487793,-28.3269,-1.53245
adaa1,0.488281,-28.6813,-1.53398
adaa1,0.48877,-29.0508,-1.53551
adaa1,0.489258,-29.4368,-1.53705
adaa1,0.489746,-29.8407,-1.53858
adaa1,0.490234,-30.2644,-1.54012
adaa1,0.490723,-30.7098,-1.54165
adaa1,0.491211,-31.1793,-1.54318
adaa1,0.491699,-31.6756,-1.54472
adaa1,0.492188,-32.2021,-1.54625
adaa1,0.492676,-32.7625,-1.54779
adaa1,0.493164,-33.3617,-1.54932
adaa1,0.493652,-34.0053,-1.55085
adaa1,0.494141,-34.7005,-1.55239
adaa1,0.494629,-35.4562,-1.55392
adaa1,0.495117,-36.2839,-1.55546
adaa1,0.495605,-37.199,-1.55699
adaa1,0.496094,-38.222,-1.55852
adaa1,0.496582,-39.3818,-1.56006
adaa1,0.49707,-40.7207,-1.56159
adaa1,0.497559,-42.3043,-1.56313
adaa1,0.498047,-44.2425,-1.56466
adaa1,0.498535,-46.7412,-1.56619
adaa1,0.499023,-50.263,-1.56773
adaa1,0.499512,-56.2836,-1.56926
fir2,0,3.10293e-07,0
fir2,0.000488281,3.28303e-07,-0.19635
fir2,0.000976562,3.82236e-07,-0.392699
fir2,0.00146484,4.71793e-07,-0.589049
fir2,0.00195312,5.9648e-07,-0.785398
fir2,0.00244141,7.55607e-07,-0.981748
fir2,0.00292969,9.48287e-07,-1.1781
fir2,0.00341797,1.17344e-06,-1.37445
fir2,0.00390625,1.42981e-06,-1.5708
fir2,0.00439453,1.71594e-06,-1.76715
fir2,0.00488281,2.03018e-06,-1.9635
fir2,0.00537109,2.37074e-06,-2.15984
fir2,0.00585938,2.73563e-06,-2.35619
fir2,0.00634766,3.12269e-06,-2.55254
fir2,0.00683594,3.52964e-06,-2.74889
fir2,0.00732422,3.954e-06,-2.94524
fir2,0.0078125,4.3932e-06,-3.14159
fir2,0.00830078,4.8445e-06,-3.33794
fir2,0.00878906,5.30506e-06,-3.53429
fir2,0.00927734,5.77195e-06,-3.73064
fir2,0.00976562,6.24213e-06,-3.92699
fir2,0.0102539,6.71248e-06,-4.12334
fir2,0.0107422,7.17983e-06,-4.31969
fir2,0.0112305,7.64097e-06,-4.51604
fir2,0.0117188,8.09266e-06,-4.71239
fir2,0.012207,8.53166e-06,-4.90874
fir2,0.0126953,8.95473e-06,-5.10509
fir2,0.0131836,9.35869e-06,-5.30144
fir2,0.0136719,9.7404e-06,-5.49779
fir2,0.0141602,1.00968e-05,-5.69414
fir2,0.0146484,1.0425e-05,-5.89049
fir2,0.0151367,1.07221e-05,-6.08684
fir2,0.015625,1.09855e-05,-6.28319
fir2,0.0161133,1.12127e-05,-6.47953
fir2,0.0166016,1.14013e-05,-6.67588
fir2,0.0170898,1.15494e-05,-6.87223
fir2,0.0175781,1.16551e-05,-7.06858
fir2,0.0180664,1.17168e-05,-7.26493
fir2,0.0185547,1.17332e-05,-7.46128
fir2,0.019043,1.17035e-05,-7.65763
fir2,0.0195312,1.16269e-05,-7.85398
fir2,0.0200195,1.1503e-05,-8.05033
fir2,0.0205078,1.13321e-05,-8.24668
fir2,0.0209961,1.11144e-05,-8.44303
fir2,0.0214844,1.08507e-05,-8.63938
fir2,0.0219727,1.05421e-05,-8.83573
fir2,0.0224609,1.01902e-05,-9.03208
fir2,0.0229492,9.79685e-06,-9.22843
fir2,0.0234375,9.36432e-06,-9.42478
fir2,0.0239258,8.89523e-06,-9.62113
fir2,0.0244141,8.39258e-06,-9.81748
fir2,0.0249023,7.85968e-06,-10.0138
fir2,0.0253906,7.30018e-06,-10.2102
fir2,0.0258789,6.71804e-06,-10.4065
fir2,0.0263672,6.1175e-06,-10.6029
fir2,0.0268555,5.50303e-06,-10.7992
fir2,0.0273438,4.87935e-06,-10.9956
fir2,0.027832,4.25136e-06,-11.1919
fir2,0.0283203,3.62411e-06,-11.3883
fir2,0.0288086,3.00275e-06,-11.5846
fir2,0.0292969,2.39254e-06,-11.781
fir2,0.0297852,1.79874e-06,-11.9773
fir2,0.0302734,1.2266e-06,-12.1737
fir2,0.0307617,6.81326e-07,-12.37
fir2,0.03125,1.68001e-07,-12.5664
fir2,0.0317383,-3.08434e-07,-12.7627
fir2,0.0322266,-7.43243e-07,-12.9591
fir2,0.0327148,-1.13194e-06,-13.1554
fir2,0.0332031,-1.47031e-06,-13.3518
fir2,0.0336914,-1.75451e-06,-13.5481
fir2,0.0341797,-1.98105e-06,-13.7445
fir2,0.034668,-2.14687e-06,-13.9408
fir2,0.0351562,-2.24936e-06,-14.1372
fir2,0.0356445,-2.28641e-06,-14.3335
fir2,0.0361328,-2.25642e-06,-14.5299
fir2,0.0366211,-2.15835e-06,-14.7262
fir2,0.0371094,-1.99174e-06,-14.9226
fir2,0.0375977,-1.75671e-06,-15.1189
fir2,0.0380859,-1.45397e-06,-15.3153
fir2,0.0385742,-1.08486e-06,-15.5116
fir2,0.0390625,-6.51339e-07,-15.708
fir2,0.0395508,-1.55955e-07,-15.9043
fir2,0.0400391,3.98129e-07,-16.1007
fir2,0.0405273,1.00717e-06,-16.297
fir2,0.0410156,1.66684e-06,-16.4934
fir2,0.0415039,2.37231e-06,-16.6897
fir2,0.0419922,3.11821e-06,-16.8861
fir2,0.0424805,3.8987e-06,-17.0824
fir2,0.0429688,4.70754e-06,-17.2788
fir2,0.043457,5.53808e-06,-17.4751
fir2,0.0439453,6.38336e-06,-17.6715
fir2,0.0444336,7.23614e-06,-17.8678
fir2,0.0449219,8.08897e-06,-18.0642
fir2,0.0454102,8.93426e-06,-18.2605
fir2,0.0458984,9.76434e-06,-18.4569
fir2,0.0463867,1.05715e-05,-18.6532
fir2,0.046875,1.13482e-05,-18.8496
fir2,0.0473633,1.20868e-05,-19.0459
fir2,0.0478516,1.27801e-05,-19.2423
fir2,0.0483398,1.34211e-05,-19.4386
fir2,0.0488281,1.4003e-05,-19.635
fir2,0.0493164,1.45197e-05,-19.8313
fir2,0.0498047,1.49653e-05,-20.0277
fir2,0.050293,1.53346e-05,-20.224
fir2,0.0507812,1.56229e-05,-20.4204
fir2,0.0512695,1.58263e-05,-20.6167
fir2,0.0517578,1.59414e-05,-20.8131
fir2,0.0522461,1.59658e-05,-21.0094
fir2,0.0527344,1.58976e-05,-21.2058
fir2,0.0532227,1.5736e-05,-21.4021
fir2,0.0537109,1.54808e-05,-21.5984
fir2,0.0541992,1.51329e-05,-21.7948
fir2,0.0546875,1.46939e-05,-21.9911
fir2,0.0551758,1.41662e-05,-22.1875
fir2,0.0556641,1.35533e-05,-22.3838
fir2,0.0561523,1.28594e-05,-22.5802
fir2,0.0566406,1.20894e-05,-22.7765
fir2,0.0571289,1.12493e-05,-22.9729
fir2,0.0576172,1.03457e-05,-23.1692
fir2,0.0581055,9.38564e-06,-23.3656
fir2,0.0585938,8.37724e-06,-23.5619
fir2,0.059082,7.32894e-06,-23.7583
fir2,0.0595703,6.24978e-06,-23.9546
fir2,0.0600586,5.14919e-06,-24.151
fir2,0.0605469,4.037e-06,-24.3473
fir2,0.0610352,2.92329e-06,-24.5437
fir2,0.0615234,1.81831e-06,-24.74
fir2,0.0620117,7.32416e-07,-24.9364
fir2,0.0625,-3.24056e-07,-25.1327
fir2,0.0629883,-1.34087e-06,-25.3291
fir2,0.0634766,-2.308e-06,-25.5254
fir2,0.0639648,-3.21573e-06,-25.7218
fir2,0.0644531,-4.05471e-06,-25.9181
fir2,0.0649414,-4.81613e-06,-26.1145
fir2,0.0654297,-5.49173e-06,-26.3108
fir2,0.065918,-6.07395e-06,-26.5072
fir2,0.0664062,-6.55595e-06,-26.7035
fir2,0.0668945,-6.93175e-06,-26.8999
fir2,0.0673828,-7.19626e-06,-27.0962
fir2,0.0678711,-7.34537e-06,-27.2926
fir2,0.0683594,-7.37596e-06,-27.4889
fir2,0.0688477,-7.286e-06,-27.6853
fir2,0.0693359,-7.07454e-06,-27.8816
fir2,0.0698242,-6.74178e-06,-28.078
fir2,0.0703125,-6.28903e-06,-28.2743
fir2,0.0708008,-5.71879e-06,-28.4707
fir2,0.0712891,-5.03466e-06,-28.667
fir2,0.0717773,-4.24139e-06,-28.8634
fir2,0.0722656,-3.34483e-06,-29.0597
fir2,0.0727539,-2.35187e-06,-29.2561
fir2,0.0732422,-1.27043e-06,-29.4524
fir2,0.0737305,-1.09371e-07,-29.6488
fir2,0.0742188,1.12156e-06,-29.8451
fir2,0.074707,2.41182e-06,-30.0415
fir2,0.0751953,3.75015e-06,-30.2378
fir2,0.0756836,5.12466e-06,-30.4342
fir2,0.0761719,6.52298e-06,-30.6305
fir2,0.0766602,7.9323e-06,-30.8269
fir2,0.0771484,9.33953e-06,-31.0232
fir2,0.0776367,1.07314e-05,-31.2196
fir2,0.078125,1.20947e-05,-31.4159
fir2,0.0786133,1.34161e-05,-31.6123
fir2,0.0791016,1.46827e-05,-31.8086
fir2,0.0795898,1.58817e-05,-32.005
fir2,0.0800781,1.7001e-05,-32.2013
fir2,0.0805664,1.80289e-05,-32.3977
fir2,0.0810547,1.89544e-05,-32.594
fir2,0.081543,1.97676e-05,-32.7904
fir2,0.0820312,2.04591e-05,-32.9867
fir2,0.0825195,2.10209e-05,-33.1831
fir2,0.0830078,2.14458e-05,-33.3794
fir2,0.0834961,2.1728e-05,-33.5758
fir2,0.0839844,2.1863e-05,-33.7721
fir2,0.0844727,2.18475e-05,-33.9685
fir2,0.0849609,2.16796e-05,-34.1648
fir2,0.0854492,2.13589e-05,-34.3612
fir2,0.0859375,2.08864e-05,-34.5575
fir2,0.0864258,2.02646e-05,-34.7539
fir2,0.0869141,1.94974e-05,-34.9502
fir2,0.0874023,1.859e-05,-35.1466
fir2,0.0878906,1.75494e-05,-35.3429
fir2,0.0883789,1.63835e-05,-35.5393
fir2,0.0888672,1.51018e-05,-35.7356
fir2,0.0893555,1.37149e-05,-35.932
fir2,0.0898438,1.22346e-05,-36.1283
fir2,0.090332,1.06737e-05,-36.3247
fir2,0.0908203,9.046e-06,-36.521
fir2,0.0913086,7.36598e-06,-36.7174
fir2,0.0917969,5.64896e-06,-36.9137
fir2,0.0922852,3.91073e-06,-37.1101
fir2,0.0927734,2.16753e-06,-37.3064
fir2,0.0932617,4.35832e-07,-37.5028
fir2,0.09375,-1.26778e-06,-37.6991
fir2,0.0942383,-2.92676e-06,-37.8955
fir2,0.0947266,-4.52479e-06,-38.0918
fir2,0.0952148,-6.04593e-06,-38.2882
fir2,0.0957031,-7.47473e-06,-38.4845
fir2,0.0961914,-8.79646e-06,-38.6809
fir2,0.0966797,-9.9972e-06,-38.8772
fir2,0.097168,-1.1064e-05,-39.0736
fir2,0.0976562,-1.19851e-05,-39.2699
fir2,0.0981445,-1.27498e-05,-39.4663
fir2,0.0986328,-1.3349e-05,-39.6626
fir2,0.0991211,-1.37748e-05,-39.859
fir2,0.0996094,-1.40211e-05,-40.0553
fir2,0.100098,-1.40832e-05,-40.2517
fir2,0.100586,-1.39584e-05,-40.448
fir2,0.101074,-1.36455e-05,-40.6444
fir2,0.101562,-1.31451e-05,-40.8407
fir2,0.102051,-1.24597e-05,-41.0371
fir2,0.102539,-1.15935e-05,-41.2334
fir2,0.103027,-1.05526e-05,-41.4298
fir2,0.103516,-9.34481e-06,-41.6261
fir2,0.104004,-7.97954e-06,-41.8225
fir2,0.104492,-6.46791e-06,-42.0188
fir2,0.10498,-4.82254e-06,-42.2152
fir2,0.105469,-3.0575e-06,-42.4115
fir2,0.105957,-1.18819e-06,-42.6079
fir2,0.106445,7.68837e-07,-42.8042
fir2,0.106934,2.79595e-06,-43.0005
fir2,0.107422,4.87465e-06,-43.1969
fir2,0.10791,6.98571e-06,-43.3932
fir2,0.108398,9.10936e-06,-43.5896
fir2,0.108887,1.12255e-05,-43.7859
fir2,0.109375,1.33137e-05,-43.9823
fir2,0.109863,1.53539e-05,-44.1786
fir2,0.110352,1.73258e-05,-44.375
fir2,0.11084,1.92098e-05,-44.5713
fir2,0.111328,2.09869e-05,-44.7677
fir2,0.111816,2.26388e-05,-44.964
fir2,0.112305,2.41482e-05,-45.1604
fir2,0.112793,2.5499e-05,-45.3567
fir2,0.113281,2.66763e-05,-45.5531
fir2,0.11377,2.76668e-05,-45.7494
fir2,0.114258,2.84589e-05,-45.9458
fir2,0.114746,2.90426e-05,-46.1421
fir2,0.115234,2.94098e-05,-46.3385
fir2,0.115723,2.95545e-05,-46.5348
fir2,0.116211,2.94726e-05,-46.7312
fir2,0.116699,2.91622e-05,-46.9275
fir2,0.117188,2.86236e-05,-47.1239
fir2,0.117676,2.78593e-05,-47.3202
fir2,0.118164,2.6874e-05,-47.5166
fir2,0.118652,2.56744e-05,-47.7129
fir2,0.119141,2.42695e-05,-47.9093
fir2,0.119629,2.26704e-05,-48.1056
fir2,0.120117,2.08901e-05,-48.302
fir2,0.120605,1.89436e-05,-48.4983
fir2,0.121094,1.68475e-05,-48.6947
fir2,0.121582,1.46202e-05,-48.891
fir2,0.12207,1.22815e-05,-49.0874
fir2,0.122559,9.85252e-06,-49.2837
fir2,0.123047,7.35548e-06,-49.4801
fir2,0.123535,4.81353e-06,-49.6764
fir2,0.124023,2.25052e-06,-49.8728
fir2,0.124512,-3.09218e-07,-50.0691
fir2,0.125,-2.8411e-06,-50.2655
fir2,0.125488,-5.32052e-06,-50.4618
fir2,0.125977,-7.72308e-06,-50.6582
fir2,0.126465,-1.00249e-05,-50.8545
fir2,0.126953,-1.22026e-05,-51.0509
fir2,0.127441,-1.42339e-05,-51.2472
fir2,0.12793,-1.60977e-05,-51.4436
fir2,0.128418,-1.77741e-05,-51.6399
fir2,0.128906,-1.92449e-05,-51.8363
fir2,0.129395,-2.04935e-05,-52.0326
fir2,0.129883,-2.15055e-05,-52.229
fir2,0.130371,-2.22683e-05,-52.4253
fir2,0.130859,-2.27718e-05,-52.6217
fir2,0.131348,-2.30082e-05,-52.818
fir2,0.131836,-2.29721e-05,-53.0144
fir2,0.132324,-2.26608e-05,-53.2107
fir2,0.132812,-2.2074e-05,-53.4071
fir2,0.133301,-2.12143e-05,-53.6034
fir2,0.133789,-2.00868e-05,-53.7998
fir2,0.134277,-1.86992e-05,-53.9961
fir2,0.134766,-1.70619e-05,-54.1925
fir2,0.135254,-1.51877e-05,-54.3888
fir2,0.135742,-1.30921e-05,-54.5852
fir2,0.13623,-1.07925e-05,-54.7815
fir2,0.136719,-8.30878e-06,-54.9779
fir2,0.137207,-5.6627e-06,-55.1742
fir2,0.137695,-2.87785e-06,-55.3706
fir2,0.138184,2.05777e-08,-55.5669
fir2,0.138672,3.00601e-06,-55.7633
fir2,0.13916,6.05071e-06,-55.9596
fir2,0.139648,9.12608e-06,-56.156
fir2,0.140137,1.22029e-05,-56.3523
fir2,0.140625,1.52515e-05,-56.5487
fir2,0.141113,1.82423e-05,-56.745
fir2,0.141602,2.11458e-05,-56.9414
fir2,0.14209,2.39332e-05,-57.1377
fir2,0.142578,2.65761e-05,-57.3341
fir2,0.143066,2.90477e-05,-57.5304
fir2,0.143555,3.1322e-05,-57.7268
fir2,0.144043,3.33749e-05,-57.9231
fir2,0.144531,3.51842e-05,-58.1195
fir2,0.14502,3.67297e-05,-58.3158
fir2,0.145508,3.79934e-05,-58.5122
fir2,0.145996,3.89599e-05,-58.7085
fir2,0.146484,3.96166e-05,-58.9049
fir2,0.146973,3.99536e-05,-59.1012
fir2,0.147461,3.9964e-05,-59.2976
fir2,0.147949,3.96439e-05,-59.4939
fir2,0.148438,3.89926e-05,-59.6903
fir2,0.148926,3.80127e-05,-59.8866
fir2,0.149414,3.67098e-05,-60.083
fir2,0.149902,3.50928e-05,-60.2793
fir2,0.150391,3.31736e-05,-60.4757
fir2,0.150879,3.09674e-05,-60.672
fir2,0.151367,2.84919e-05,-60.8684
fir2,0.151855,2.57681e-05,-61.0647
fir2,0.152344,2.28193e-05,-61.2611
fir2,0.152832,1.96714e-05,-61.4574
fir2,0.15332,1.63524e-05,-61.6538
fir2,0.153809,1.28923e-05,-61.8501
fir2,0.154297,9.32293e-06,-62.0465
fir2,0.154785,5.67732e-06,-62.2428
fir2,0.155273,1.98977e-06,-62.4392
fir2,0.155762,-1.70466e-06,-62.6355
fir2,0.15625,-5.37045e-06,-62.8319
fir2,0.156738,-8.97194e-06,-63.0282
fir2,0.157227,-1.24737e-05,-63.2246
fir2,0.157715,-1.58408e-05,-63.4209
fir2,0.158203,-1.90393e-05,-63.6173
fir2,0.158691,-2.20364e-05,-63.8136
fir2,0.15918,-2.4801e-05,-64.01
fir2,0.159668,-2.73036e-05,-64.2063
fir2,0.160156,-2.95173e-05,-64.4026
fir2,0.160645,-3.14173e-05,-64.599
fir2,0.161133,-3.29818e-05,-64.7953
fir2,0.161621,-3.41919e-05,-64.9917
fir2,0.162109,-3.50317e-05,-65.188
fir2,0.162598,-3.54891e-05,-65.3844
fir2,0.163086,-3.55551e-05,-65.5807
fir2,0.163574,-3.52248e-05,-65.7771
fir2,0.164062,-3.44967e-05,-65.9734
fir2,0.164551,-3.33734e-05,-66.1698
fir2,0.165039,-3.18612e-05,-66.3661
fir2,0.165527,-2.99701e-05,-66.5625
fir2,0.166016,-2.77142e-05,-66.7588
fir2,0.166504,-2.5111e-05,-66.9552
fir2,0.166992,-2.21817e-05,-67.1515
fir2,0.16748,-1.89508e-05,-67.3479
fir2,0.167969,-1.5446e-05,-67.5442
fir2,0.168457,-1.16981e-05,-67.7406
fir2,0.168945,-7.74038e-06,-67.9369
fir2,0.169434,-3.60874e-06,-68.1333
fir2,0.169922,6.5895e-07,-68.3296
fir2,0.17041,5.02304e-06,-68.526
fir2,0.170898,9.44248e-06,-68.7223
fir2,0.171387,1.38752e-05,-68.9187
fir2,0.171875,1.82786e-05,-69.115
fir2,0.172363,2.26097e-05,-69.3114
fir2,0.172852,2.6826e-05,-69.5077
fir2,0.17334,3.08852e-05,-69.7041
fir2,0.173828,3.47464e-05,-69.9004
fir2,0.174316,3.837e-05,-70.0968
fir2,0.174805,4.17181e-05,-70.2931
fir2,0.175293,4.47554e-05,-70.4895
fir2,0.175781,4.74487e-05,-70.6858
fir2,0.17627,4.97681e-05,-70.8822
fir2,0.176758,5.16867e-05,-71.0785
fir2,0.177246,5.31815e-05,-71.2749
fir2,0.177734,5.4233e-05,-71.4712
fir2,0.178223,5.48258e-05,-71.6676
fir2,0.178711,5.49489e-05,-71.8639
fir2,0.179199,5.45956e-05,-72.0603
fir2,0.179688,5.37637e-05,-72.2566
fir2,0.180176,5.24558e-05,-72.453
fir2,0.180664,5.06788e-05,-72.6493
fir2,0.181152,4.84444e-05,-72.8457
fir2,0.181641,4.57689e-05,-73.042
fir2,0.182129,4.26729e-05,-73.2384
fir2,0.182617,3.91815e-05,-73.4347
fir2,0.183105,3.53238e-05,-73.6311
fir2,0.183594,3.11327e-05,-73.8274
fir2,0.184082,2.66448e-05,-74.0238
fir2,0.18457,2.19001e-05,-74.2201
fir2,0.185059,1.69413e-05,-74.4165
fir2,0.185547,1.18139e-05,-74.6128
fir2,0.186035,6.5655e-06,-74.8092
fir2,0.186523,1.24538e-06,-75.0055
fir2,0.187012,-4.09586e-06,-75.2019
fir2,0.1875,-9.40682e-06,-75.3982
fir2,0.187988,-1.46358e-05,-75.5946
fir2,0.188477,-1.97312e-05,-75.7909
fir2,0.188965,-2.46422e-05,-75.9873
fir2,0.189453,-2.93192e-05,-76.1836
fir2,0.189941,-3.3714e-05,-76.38
fir2,0.19043,-3.77809e-05,-76.5763
fir2,0.190918,-4.14766e-05,-76.7727
fir2,0.191406,-4.4761e-05,-76.969
fir2,0.191895,-4.75973e-05,-77.1654
fir2,0.192383,-4.99528e-05,-77.3617
fir2,0.192871,-5.1799e-05,-77.5581
fir2,0.193359,-5.3112e-05,-77.7544
fir2,0.193848,-5.38726e-05,-77.9508
fir2,0.194336,-5.40668e-05,-78.1471
fir2,0.194824,-5.36861e-05,-78.3435
fir2,0.195312,-5.27272e-05,-78.5398
fir2,0.195801,-5.11924e-05,-78.7362
fir2,0.196289,-4.90897e-05,-78.9325
fir2,0.196777,-4.64326e-05,-79.1289
fir2,0.197266,-4.32402e-05,-79.3252
fir2,0.197754,-3.95368e-05,-79.5216
fir2,0.198242,-3.53523e-05,-79.7179
fir2,0.19873,-3.07212e-05,-79.9143
fir2,0.199219,-2.5683e-05,-80.1106
fir2,0.199707,-2.02816e-05,-80.307
fir2,0.200195,-1.45648e-05,-80.5033
fir2,0.200684,-8.5842e-06,-80.6997
fir2,0.201172,-2.39446e-06,-80.896
fir2,0.20166,3.94701e-06,-81.0924
fir2,0.202148,1.03807e-05,-81.2887
fir2,0.202637,1.68453e-05,-81.4851
fir2,0.203125,2.32787e-05,-81.6814
fir2,0.203613,2.96182e-05,-81.8778
fir2,0.204102,3.58013e-05,-82.0741
fir2,0.20459,4.1766e-05,-82.2705
fir2,0.205078,4.74521e-05,-82.4668
fir2,0.205566,5.28009e-05,-82.6632
fir2,0.206055,5.77566e-05,-82.8595
fir2,0.206543,6.22662e-05,-83.0559
fir2,0.207031,6.62806e-05,-83.2522
fir2,0.20752,6.97549e-05,-83.4486
fir2,0.208008,7.26485e-05,-83.6449
fir2,0.208496,7.49264e-05,-83.8413
fir2,0.208984,7.65588e-05,-84.0376
fir2,0.209473,7.7522e-05,-84.234
fir2,0.209961,7.77981e-05,-84.4303
fir2,0.210449,7.73761e-05,-84.6267
fir2,0.210938,7.62513e-05,-84.823
fir2,0.211426,7.44259e-05,-85.0194
fir2,0.211914,7.19087e-05,-85.2157
fir2,0.212402,6.87156e-05,-85.4121
fir2,0.212891,6.4869e-05,-85.6084
fir2,0.213379,6.03979e-05,-85.8047
fir2,0.213867,5.53379e-05,-86.0011
fir2,0.214355,4.97307e-05,-86.1974
fir2,0.214844,4.36236e-05,-86.3938
fir2,0.215332,3.70696e-05,-86.5901
fir2,0.21582,3.01265e-05,-86.7865
fir2,0.216309,2.28568e-05,-86.9828
fir2,0.216797,1.53267e-05,-87.1792
fir2,0.217285,7.60602e-06,-87.3755
fir2,0.217773,-2.32853e-07,-87.5719
fir2,0.218262,-8.11542e-06,-87.7682
fir2,0.21875,-1.59658e-05,-87.9646
fir2,0.219238,-2.37075e-05,-88.1609
fir2,0.219727,-3.1264e-05,-88.3573
fir2,0.220215,-3.85597e-05,-88.5536
fir2,0.220703,-4.55205e-05,-88.75
fir2,0.221191,-5.20745e-05,-88.9463
fir2,0.22168,-5.81531e-05,-89.1427
fir2,0.222168,-6.36911e-05,-89.339
fir2,0.222656,-6.86279e-05,-89.5354
fir2,0.223145,-7.29078e-05,-89.7317
fir2,0.223633,-7.64807e-05,-89.9281
fir2,0.224121,-7.93029e-05,-90.1244
fir2,0.224609,-8.13373e-05,-90.3208
fir2,0.225098,-8.25539e-05,-90.5171
fir2,0.225586,-8.29303e-05,-90.7135
fir2,0.226074,-8.24517e-05,-90.9098
fir2,0.226562,-8.11118e-05,-91.1062
fir2,0.227051,-7.89123e-05,-91.3025
fir2,0.227539,-7.58632e-05,-91.4989
fir2,0.228027,-7.19831e-05,-91.6952
fir2,0.228516,-6.72985e-05,-91.8916
fir2,0.229004,-6.18444e-05,-92.0879
fir2,0.229492,-5.56636e-05,-92.2843
fir2,0.22998,-4.88065e-05,-92.4806
fir2,0.230469,-4.13306e-05,-92.677
fir2,0.230957,-3.33003e-05,-92.8733
fir2,0.231445,-2.47862e-05,-93.0697
fir2,0.231934,-1.58645e-05,-93.266
fir2,0.232422,-6.61639e-06,-93.4624
fir2,0.23291,2.8728e-06,-93.6587
fir2,0.233398,1.25142e-05,-93.8551
fir2,0.233887,2.22161e-05,-94.0514
fir2,0.234375,3.18853e-05,-94.2478
fir2,0.234863,4.14275e-05,-94.4441
fir2,0.235352,5.07483e-05,-94.6405
fir2,0.23584,5.97543e-05,-94.8368
fir2,0.236328,6.83537e-05,-95.0332
fir2,0.236816,7.64577e-05,-95.2295
fir2,0.237305,8.39808e-05,-95.4259
fir2,0.237793,9.08421e-05,-95.6222
fir2,0.238281,9.6966e-05,-95.8186
fir2,0.23877,0.000102283,-96.0149
fir2,0.239258,0.000106731,-96.2113
fir2,0.239746,0.000110254,-96.4076
fir2,0.240234,0.000112805,-96.604
fir2,0.240723,0.000114347,-96.8003
fir2,0.241211,0.000114851,-96.9967
fir2,0.241699,0.000114297,-97.193
fir2,0.242188,0.000112677,-97.3894
fir2,0.242676,0.000109991,-97.5857
fir2,0.243164,0.00010625,-97.7821
fir2,0.243652,0.000101477,-97.9784
fir2,0.244141,9.5704e-05,-98.1748
fir2,0.244629,8.89723e-05,-98.3711
fir2,0.245117,8.13343e-05,-98.5675
fir2,0.245605,7.28516e-05,-98.7638
fir2,0.246094,6.35948e-05,-98.9602
fir2,0.246582,5.36431e-05,-99.1565
fir2,0.24707,4.30832e-05,-99.3529
fir2,0.247559,3.20094e-05,-99.5492
fir2,0.248047,2.0522e-05,-99.7456
fir2,0.248535,8.72674e-06,-99.9419
fir2,0.249023,-3.26603e-06,-100.138
fir2,0.249512,-1.53426e-05,-100.335
fir2,0.25,-2.73868e-05,-100.531
fir2,0.250488,-3.9281e-05,-100.727
fir2,0.250977,-5.09076e-05,-100.924
fir2,0.251465,-6.21496e-05,-101.12
fir2,0.251953,-7.28924e-05,-101.316
fir2,0.252441,-8.30244e-05,-101.513
fir2,0.25293,-9.24381e-05,-101.709
fir2,0.253418,-0.000101032,-101.905
fir2,0.253906,-0.00010871,-102.102
fir2,0.254395,-0.000115386,-102.298
fir2,0.254883,-0.000120978,-102.494
fir2,0.255371,-0.000125418,-102.691
fir2,0.255859,-0.000128645,-102.887
fir2,0.256348,-0.00013061,-103.084
fir2,0.256836,-0.000131277,-103.28
fir2,0.257324,-0.000130618,-103.476
fir2,0.257812,-0.000128622,-103.673
fir2,0.258301,-0.000125288,-103.869
fir2,0.258789,-0.000120628,-104.065
fir2,0.259277,-0.00011467,-104.262
fir2,0.259766,-0.00010745,-104.458
fir2,0.260254,-9.90215e-05,-104.654
fir2,0.260742,-8.94478e-05,-104.851
fir2,0.26123,-7.88052e-05,-105.047
fir2,0.261719,-6.71813e-05,-105.243
fir2,0.262207,-5.46745e-05,-105.44
fir2,0.262695,-4.13933e-05,-105.636
fir2,0.263184,-2.74552e-05,-105.832
fir2,0.263672,-1.2986e-05,-106.029
fir2,0.26416,1.88141e-06,-106.225
fir2,0.264648,1.70085e-05,-106.421
fir2,0.265137,3.2252e-05,-106.618
fir2,0.265625,4.74652e-05,-106.814
fir2,0.266113,6.24998e-05,-107.01
fir2,0.266602,7.72065e-05,-107.207
fir2,0.26709,9.14375e-05,-107.403
fir2,0.267578,0.000105047,-107.6
fir2,0.268066,0.000117892,-107.796
fir2,0.268555,0.000129838,-107.992
fir2,0.269043,0.000140752,-108.189
fir2,0.269531,0.000150514,-108.385
fir2,0.27002,0.000159011,-108.581
fir2,0.270508,0.00016614,-108.778
fir2,0.270996,0.00017181,-108.974
fir2,0.271484,0.000175944,-109.17
fir2,0.271973,0.000178477,-109.367
fir2,0.272461,0.00017936,-109.563
fir2,0.272949,0.000178559,-109.759
fir2,0.273438,0.000176054,-109.956
fir2,0.273926,0.000171843,-110.152
fir2,0.274414,0.000165941,-110.348
fir2,0.274902,0.000158378,-110.545
fir2,0.275391,0.000149202,-110.741
fir2,0.275879,0.000138475,-110.937
fir2,0.276367,0.000126279,-111.134
fir2,0.276855,0.000112708,-111.33
fir2,0.277344,9.78732e-05,-111.527
fir2,0.277832,8.1898e-05,-111.723
fir2,0.27832,6.492e-05,-111.919
fir2,0.278809,4.70886e-05,-112.116
fir2,0.279297,2.85637e-05,-112.312
fir2,0.279785,9.51454e-06,-112.508
fir2,0.280273,-9.88167e-06,-112.705
fir2,0.280762,-2.94415e-05,-112.901
fir2,0.28125,-4.89771e-05,-113.097
fir2,0.281738,-6.82976e-05,-113.294
fir2,0.282227,-8.72112e-05,-113.49
fir2,0.282715,-0.000105527,-113.686
fir2,0.283203,-0.000123056,-113.883
fir2,0.283691,-0.000139615,-114.079
fir2,0.28418,-0.000155026,-114.275
fir2,0.284668,-0.00016912,-114.472
fir2,0.285156,-0.000181738,-114.668
fir2,0.285645,-0.000192732,-114.864
fir2,0.286133,-0.000201967,-115.061
fir2,0.286621,-0.000209325,-115.257
fir2,0.287109,-0.000214701,-115.454
fir2,0.287598,-0.00021801,-115.65
fir2,0.288086,-0.000219186,-115.846
fir2,0.288574,-0.000218179,-116.043
fir2,0.289062,-0.000214964,-116.239
fir2,0.289551,-0.000209534,-116.435
fir2,0.290039,-0.000201904,-116.632
fir2,0.290527,-0.00019211,-116.828
fir2,0.291016,-0.000180212,-117.024
fir2,0.291504,-0.00016629,-117.221
fir2,0.291992,-0.000150444,-117.417
fir2,0.29248,-0.000132795,-117.613
fir2,0.292969,-0.000113486,-117.81
fir2,0.293457,-9.26744e-05,-118.006
fir2,0.293945,-7.05384e-05,-118.202
fir2,0.294434,-4.72705e-05,-118.399
fir2,0.294922,-2.30782e-05,-118.595
fir2,0.29541,1.81871e-06,-118.791
fir2,0.295898,2.71896e-05,-118.988
fir2,0.296387,5.27951e-05,-119.184
fir2,0.296875,7.83894e-05,-119.381
fir2,0.297363,0.000103722,-119.577
fir2,0.297852,0.000128542,-119.773
fir2,0.29834,0.000152597,-119.97
fir2,0.298828,0.000175639,-120.166
fir2,0.299316,0.000197425,-120.362
fir2,0.299805,0.000217719,-120.559
fir2,0.300293,0.000236296,-120.755
fir2,0.300781,0.000252944,-120.951
fir2,0.30127,0.000267465,-121.148
fir2,0.301758,0.000279679,-121.344
fir2,0.302246,0.000289425,-121.54
fir2,0.302734,0.000296561,-121.737
fir2,0.303223,0.000300972,-121.933
fir2,0.303711,0.000302563,-122.129
fir2,0.304199,0.000301267,-122.326
fir2,0.304688,0.000297044,-122.522
fir2,0.305176,0.00028988,-122.718
fir2,0.305664,0.000279792,-122.915
fir2,0.306152,0.000266822,-123.111
fir2,0.306641,0.000251045,-123.308
fir2,0.307129,0.000232561,-123.504
fir2,0.307617,0.000211502,-123.7
fir2,0.308105,0.000188023,-123.897
fir2,0.308594,0.000162309,-124.093
fir2,0.309082,0.000134569,-124.289
fir2,0.30957,0.000105037,-124.486
fir2,0.310059,7.39653e-05,-124.682
fir2,0.310547,4.163e-05,-124.878
fir2,0.311035,8.32268e-06,-125.075
fir2,0.311523,-2.56495e-05,-125.271
fir2,0.312012,-5.99669e-05,-125.467
fir2,0.3125,-9.43006e-05,-125.664
fir2,0.312988,-0.000128315,-125.86
fir2,0.313477,-0.000161671,-126.056
fir2,0.313965,-0.000194029,-126.253
fir2,0.314453,-0.000225054,-126.449
fir2,0.314941,-0.000254415,-126.645
fir2,0.31543,-0.000281793,-126.842
fir2,0.315918,-0.000306879,-127.038
fir2,0.316406,-0.000329384,-127.235
fir2,0.316895,-0.000349036,-127.431
fir2,0.317383,-0.000365586,-127.627
fir2,0.317871,-0.000378809,-127.824
fir2,0.318359,-0.000388509,-128.02
fir2,0.318848,-0.000394521,-128.216
fir2,0.319336,-0.000396712,-128.413
fir2,0.319824,-0.000394983,-128.609
fir2,0.320312,-0.000389271,-128.805
fir2,0.320801,-0.000379551,-129.002
fir2,0.321289,-0.000365837,-129.198
fir2,0.321777,-0.000348182,-129.394
fir2,0.322266,-0.000326677,-129.591
fir2,0.322754,-0.000301454,-129.787
fir2,0.323242,-0.000272684,-129.983
fir2,0.32373,-0.000240575,-130.18
fir2,0.324219,-0.000205373,-130.376
fir2,0.324707,-0.000167357,-130.572
fir2,0.325195,-0.000126842,-130.769
fir2,0.325684,-8.41732e-05,-130.965
fir2,0.326172,-3.97229e-05,-131.161
fir2,0.32666,6.11053e-06,-131.358
fir2,0.327148,5.29068e-05,-131.554
fir2,0.327637,0.000100227,-131.751
fir2,0.328125,0.000147619,-131.947
fir2,0.328613,0.000194619,-132.143
fir2,0.329102,0.000240758,-132.34
fir2,0.32959,0.000285564,-132.536
fir2,0.330078,0.00032857,-132.732
fir2,0.330566,0.000369313,-132.929
fir2,0.331055,0.000407346,-133.125
fir2,0.331543,0.000442236,-133.321
fir2,0.332031,0.000473572,-133.518
fir2,0.33252,0.000500969,-133.714
fir2,0.333008,0.00052407,-133.91
fir2,0.333496,0.000542555,-134.107
fir2,0.333984,0.00055614,-134.303
fir2,0.334473,0.000564582,-134.499
fir2,0.334961,0.000567684,-134.696
fir2,0.335449,0.000565296,-134.892
fir2,0.335938,0.00055732,-135.088
fir2,0.336426,0.000543706,-135.285
fir2,0.336914,0.000524462,-135.481
fir2,0.337402,0.00049965,-135.678
fir2,0.337891,0.000469386,-135.874
fir2,0.338379,0.000433845,-136.07
fir2,0.338867,0.000393254,-136.267
fir2,0.339355,0.000347896,-136.463
fir2,0.339844,0.000298109,-136.659
fir2,0.340332,0.000244278,-136.856
fir2,0.34082,0.000186841,-137.052
fir2,0.341309,0.000126277,-137.248
fir2,0.341797,6.31092e-05,-137.445
fir2,0.342285,-2.10142e-06,-137.641
fir2,0.342773,-6.87615e-05,-137.837
fir2,0.343262,-0.000136249,-138.034
fir2,0.34375,-0.00020392,-138.23
fir2,0.344238,-0.000271113,-138.426
fir2,0.344727,-0.000337155,-138.623
fir2,0.345215,-0.000401367,-138.819
fir2,0.345703,-0.000463075,-139.015
fir2,0.346191,-0.00052161,-139.212
fir2,0.34668,-0.000576319,-139.408
fir2,0.347168,-0.000626571,-139.605
fir2,0.347656,-0.000671763,-139.801
fir2,0.348145,-0.000711326,-139.997
fir2,0.348633,-0.000744732,-140.194
fir2,0.349121,-0.000771502,-140.39
fir2,0.349609,-0.000791207,-140.586
fir2,0.350098,-0.000803481,-140.783
fir2,0.350586,-0.000808016,-140.979
fir2,0.351074,-0.000804577,-141.175
fir2,0.351562,-0.000792998,-141.372
fir2,0.352051,-0.00077319,-141.568
fir2,0.352539,-0.000745142,-141.764
fir2,0.353027,-0.000708922,-141.961
fir2,0.353516,-0.000664682,-142.157
fir2,0.354004,-0.000612654,-142.353
fir2,0.354492,-0.000553154,-142.55
fir2,0.35498,-0.000486579,-142.746
fir2,0.355469,-0.000413405,-142.942
fir2,0.355957,-0.000334184,-143.139
fir2,0.356445,-0.000249544,-143.335
fir2,0.356934,-0.000160179,-143.532
fir2,0.357422,-6.68497e-05,-143.728
fir2,0.35791,2.96246e-05,-143.924
fir2,0.358398,0.000128373,-144.121
fir2,0.358887,0.000228479,-144.317
fir2,0.359375,0.00032899,-144.513
fir2,0.359863,0.000428922,-144.71
fir2,0.360352,0.000527271,-144.906
fir2,0.36084,0.000623025,-145.102
fir2,0.361328,0.000715165,-145.299
fir2,0.361816,0.000802686,-145.495
fir2,0.362305,0.000884596,-145.691
fir2,0.362793,0.000959935,-145.888
fir2,0.363281,0.00102778,-146.084
fir2,0.36377,0.00108726,-146.28
fir2,0.364258,0.00113755,-146.477
fir2,0.364746,0.00117791,-146.673
fir2,0.365234,0.00120767,-146.869
fir2,0.365723,0.00122624,-147.066
fir2,0.366211,0.00123314,-147.262
fir2,0.366699,0.00122796,-147.459
fir2,0.367188,0.00121044,-147.655
fir2,0.367676,0.0011804,-147.851
fir2,0.368164,0.00113779,-148.048
fir2,0.368652,0.00108269,-148.244
fir2,0.369141,0.00101529,-148.44
fir2,0.369629,0.000935914,-148.637
fir2,0.370117,0.000845021,-148.833
fir2,0.370605,0.000743186,-149.029
fir2,0.371094,0.000631111,-149.226
fir2,0.371582,0.000509619,-149.422
fir2,0.37207,0.00037965,-149.618
fir2,0.372559,0.000242256,-149.815
fir2,0.373047,9.85892e-05,-150.011
fir2,0.373535,-5.01008e-05,-150.207
fir2,0.374023,-0.000202479,-150.404
fir2,0.374512,-0.000357137,-150.6
fir2,0.375,-0.000512601,-150.796
fir2,0.375488,-0.000667347,-150.993
fir2,0.375977,-0.000819816,-151.189
fir2,0.376465,-0.000968425,-151.385
fir2,0.376953,-0.00111158,-151.582
fir2,0.377441,-0.0012477,-151.778
fir2,0.37793,-0.00137523,-151.975
fir2,0.378418,-0.00149265,-152.171
fir2,0.378906,-0.00159849,-152.367
fir2,0.379395,-0.00169136,-152.564
fir2,0.379883,-0.00176997,-152.76
fir2,0.380371,-0.00183311,-152.956
fir2,0.380859,-0.00187972,-153.153
fir2,0.381348,-0.00190883,-153.349
fir2,0.381836,-0.00191967,-153.545
fir2,0.382324,-0.00191159,-153.742
fir2,0.382812,-0.00188413,-153.938
fir2,0.383301,-0.00183701,-154.134
fir2,0.383789,-0.00177013,-154.331
fir2,0.384277,-0.00168359,-154.527
fir2,0.384766,-0.0015777,-154.723
fir2,0.385254,-0.00145298,-154.92
fir2,0.385742,-0.00131013,-155.116
fir2,0.38623,-0.00115007,-155.312
fir2,0.386719,-0.000973923,-155.509
fir2,0.387207,-0.00078301,-155.705
fir2,0.387695,-0.000578835,-155.902
fir2,0.388184,-0.000363082,-156.098
fir2,0.388672,-0.000137601,-156.294
fir2,0.38916,9.56046e-05,-156.491
fir2,0.389648,0.000334396,-156.687
fir2,0.390137,0.000576517,-156.883
fir2,0.390625,0.000819614,-157.08
fir2,0.391113,0.00106126,-157.276
fir2,0.391602,0.00129898,-157.472
fir2,0.39209,0.00153027,-157.669
fir2,0.392578,0.00175262,-157.865
fir2,0.393066,0.00196357,-158.061
fir2,0.393555,0.0021607,-158.258
fir2,0.394043,0.00234169,-158.454
fir2,0.394531,0.00250432,-158.65
fir2,0.39502,0.00264654,-158.847
fir2,0.395508,0.00276645,-159.043
fir2,0.395996,0.00286236,-159.239
fir2,0.396484,0.00293283,-159.436
fir2,0.396973,0.00297664,-159.632
fir2,0.397461,0.00299288,-159.829
fir2,0.397949,0.00298092,-160.025
fir2,0.398438,0.00294046,-160.221
fir2,0.398926,0.00287154,-160.418
fir2,0.399414,0.00277452,-160.614
fir2,0.399902,0.00265015,-160.81
fir2,0.400391,0.00249951,-161.007
fir2,0.400879,0.00232406,-161.203
fir2,0.401367,0.00212559,-161.399
fir2,0.401855,0.00190625,-161.596
fir2,0.402344,0.00166852,-161.792
fir2,0.402832,0.00141516,-161.988
fir2,0.40332,0.00114923,-162.185
fir2,0.403809,0.000874007,-162.381
fir2,0.404297,0.00059298,-162.577
fir2,0.404785,0.000309781,-162.774
fir2,0.405273,2.81374e-05,-162.97
fir2,0.405762,-0.000248194,-163.166
fir2,0.40625,-0.000515496,-163.363
fir2,0.406738,-0.000770166,-163.559
fir2,0.407227,-0.0010088,-163.756
fir2,0.407715,-0.0012283,-163.952
fir2,0.408203,-0.00142594,-164.148
fir2,0.408691,-0.00159948,-164.345
fir2,0.40918,-0.00174731,-164.541
fir2,0.409668,-0.00186853,-164.737
fir2,0.410156,-0.00196307,-164.934
fir2,0.410645,-0.00203186,-165.13
fir2,0.411133,-0.00207691,-165.326
fir2,0.411621,-0.00210147,-165.523
fir2,0.412109,-0.00211018,-165.719
fir2,0.412598,-0.00210922,-165.915
fir2,0.413086,-0.0021064,-166.112
fir2,0.413574,-0.00211139,-166.308
fir2,0.414062,-0.0021358,-166.504
fir2,0.414551,-0.00219336,-166.701
fir2,0.415039,-0.00230006,-166.897
fir2,0.415527,-0.00247431,-167.093
fir2,0.416016,-0.00273707,-167.29
fir2,0.416504,-0.00311198,-167.486
fir2,0.416992,-0.00362554,-167.683
fir2,0.41748,-0.00430717,-167.879
fir2,0.417969,-0.00518943,-168.075
fir2,0.418457,-0.00630805,-168.272
fir2,0.418945,-0.00770212,-168.468
fir2,0.419434,-0.00941413,-168.664
fir2,0.419922,-0.0114901,-168.861
fir2,0.42041,-0.0139797,-169.057
fir2,0.420898,-0.0169363,-169.253
fir2,0.421387,-0.0204169,-169.45
fir2,0.421875,-0.0244825,-169.646
fir2,0.422363,-0.0291979,-169.842
fir2,0.422852,-0.0346318,-170.039
fir2,0.42334,-0.0408567,-170.235
fir2,0.423828,-0.0479493,-170.431
fir2,0.424316,-0.0559901,-170.628
fir2,0.424805,-0.0650634,-170.824
fir2,0.425293,-0.0752576,-171.02
fir2,0.425781,-0.0866649,-171.217
fir2,0.42627,-0.0993815,-171.413
fir2,0.426758,-0.113507,-171.609
fir2,0.427246,-0.129145,-171.806
fir2,0.427734,-0.146403,-172.002
fir2,0.428223,-0.165391,-172.199
fir2,0.428711,-0.186223,-172.395
fir2,0.429199,-0.209018,-172.591
fir2,0.429688,-0.233895,-172.788
fir2,0.430176,-0.260979,-172.984
fir2,0.430664,-0.290397,-173.18
fir2,0.431152,-0.322278,-173.377
fir2,0.431641,-0.356754,-173.573
fir2,0.432129,-0.393962,-173.769
fir2,0.432617,-0.434038,-173.966
fir2,0.433105,-0.477123,-174.162
fir2,0.433594,-0.523359,-174.358
fir2,0.434082,-0.572889,-174.555
fir2,0.43457,-0.625861,-174.751
fir2,0.435059,-0.682421,-174.947
fir2,0.435547,-0.742719,-175.144
fir2,0.436035,-0.806907,-175.34
fir2,0.436523,-0.875136,-175.536
fir2,0.437012,-0.947561,-175.733
fir2,0.4375,-1.02434,-175.929
fir2,0.437988,-1.10562,-176.126
fir2,0.438477,-1.19156,-176.322
fir2,0.438965,-1.28232,-176.518
fir2,0.439453,-1.37806,-176.715
fir2,0.439941,-1.47893,-176.911
fir2,0.44043,-1.5851,-177.107
fir2,0.440918,-1.69672,-177.304
fir2,0.441406,-1.81395,-177.5
fir2,0.441895,-1.93696,-177.696
fir2,0.442383,-2.0659,-177.893
fir2,0.442871,-2.20093,-178.089
fir2,0.443359,-2.34221,-178.285
fir2,0.443848,-2.4899,-178.482
fir2,0.444336,-2.64417,-178.678
fir2,0.444824,-2.80517,-178.874
fir2,0.445312,-2.97306,-179.071
fir2,0.445801,-3.148,-179.267
fir2,0.446289,-3.33015,-179.463
fir2,0.446777,-3.51966,-179.66
fir2,0.447266,-3.71671,-179.856
fir2,0.447754,-3.92144,-180.053
fir2,0.448242,-4.13402,-180.249
fir2,0.44873,-4.3546,-180.445
fir2,0.449219,-4.58334,-180.642
fir2,0.449707,-4.8204,-180.838
fir2,0.450195,-5.06594,-181.034
fir2,0.450684,-5.32012,-181.231
fir2,0.451172,-5.5831,-181.427
fir2,0.45166,-5.85503,-181.623
fir2,0.452148,-6.13608,-181.82
fir2,0.452637,-6.4264,-182.016
fir2,0.453125,-6.72616,-182.212
fir2,0.453613,-7.03551,-182.409
fir2,0.454102,-7.35462,-182.605
fir2,0.45459,-7.68364,-182.801
fir2,0.455078,-8.02275,-182.998
fir2,0.455566,-8.37209,-183.194
fir2,0.456055,-8.73185,-183.39
fir2,0.456543,-9.10218,-183.587
fir2,0.457031,-9.48325,-183.783
fir2,0.45752,-9.87523,-183.98
fir2,0.458008,-10.2783,-184.176
fir2,0.458496,-10.6926,-184.372
fir2,0.458984,-11.1183,-184.569
fir2,0.459473,-11.5556,-184.765
fir2,0.459961,-12.0048,-184.961
fir2,0.460449,-12.4658,-185.158
fir2,0.460938,-12.939,-185.354
fir2,0.461426,-13.4245,-185.55
fir2,0.461914,-13.9226,-185.747
fir2,0.462402,-14.4333,-185.943
fir2,0.462891,-14.9569,-186.139
fir2,0.463379,-15.4937,-186.336
fir2,0.463867,-16.0437,-186.532
fir2,0.464355,-16.6072,-186.728
fir2,0.464844,-17.1845,-186.925
fir2,0.465332,-17.7756,-187.121
fir2,0.46582,-18.3809,-187.317
fir2,0.466309,-19.0006,-187.514
fir2,0.466797,-19.6349,-187.71
fir2,0.467285,-20.284,-187.907
fir2,0.467773,-20.9482,-188.103
fir2,0.468262,-21.6278,-188.299
fir2,0.46875,-22.3229,-188.496
fir2,0.469238,-23.0339,-188.692
fir2,0.469727,-23.7609,-188.888
fir2,0.470215,-24.5044,-189.085
fir2,0.470703,-25.2646,-189.281
fir2,0.471191,-26.0417,-189.477
fir2,0.47168,-26.8362,-189.674
fir2,0.472168,-27.6482,-189.87
fir2,0.472656,-28.4782,-190.066
fir2,0.473145,-29.3264,-190.263
fir2,0.473633,-30.1932,-190.459
fir2,0.474121,-31.0791,-190.655
fir2,0.474609,-31.9843,-190.852
fir2,0.475098,-32.9092,-191.048
fir2,0.475586,-33.8543,-191.244
fir2,0.476074,-34.82,-191.441
fir2,0.476562,-35.8068,-191.637
fir2,0.477051,-36.815,-191.834
fir2,0.477539,-37.8452,-192.03
fir2,0.478027,-38.8978,-192.226
fir2,0.478516,-39.9735,-192.423
fir2,0.479004,-41.0727,-192.619
fir2,0.479492,-42.196,-192.815
fir2,0.47998,-43.344,-193.012
fir2,0.480469,-44.5173,-193.208
fir2,0.480957,-45.7167,-193.404
fir2,0.481445,-46.9427,-193.601
fir2,0.481934,-48.1962,-193.797
fir2,0.482422,-49.4779,-193.993
fir2,0.48291,-50.7885,-194.19
fir2,0.483398,-52.129,-194.386
fir2,0.483887,-53.5003,-194.582
fir2,0.484375,-54.9032,-194.779
fir2,0.484863,-56.3388,-194.975
fir2,0.485352,-57.8082,-195.171
fir2,0.48584,-59.3124,-195.368
fir2,0.486328,-60.8527,-195.564
fir2,0.486816,-62.4304,-195.76
fir2,0.487305,-64.0467,-195.957
fir2,0.487793,-65.703,-196.153
fir2,0.488281,-67.401,-196.35
fir2,0.48877,-69.1422,-196.546
fir2,0.489258,-70.9284,-196.742
fir2,0.489746,-72.7613,-196.939
fir2,0.490234,-74.643,-197.135
fir2,0.490723,-76.5755,-197.331
fir2,0.491211,-78.5611,-197.528
fir2,0.491699,-80.6021,-197.724
fir2,0.492188,-82.7011,-197.92
fir2,0.492676,-84.8608,-198.117
fir2,0.493164,-87.084,-198.313
fir2,0.493652,-89.3736,-198.509
fir2,0.494141,-91.7328,-198.706
fir2,0.494629,-94.1645,-198.902
fir2,0.495117,-96.6717,-199.098
fir2,0.495605,-99.2566,-199.295
fir2,0.496094,-101.92,-199.491
fir2,0.496582,-104.661,-199.687
fir2,0.49707,-107.469,-199.884
fir2,0.497559,-110.322,-200.08
fir2,0.498047,-113.167,-200.277
fir2,0.498535,-115.891,-200.473
fir2,0.499023,-118.277,-200.669
fir2,0.499512,-119.979,-200.866
fir4,0,8.88226e-08,0
fir4,0.000488281,1.07318e-07,-0.19635
fir4,0.000976562,1.62698e-07,-0.392699
fir4,0.00146484,2.5465e-07,-0.589049
fir4,0.00195312,3.82653e-07,-0.785398
fir4,0.00244141,5.45979e-07,-0.981748
fir4,0.00292969,7.43695e-07,-1.1781
fir4,0.00341797,9.74668e-07,-1.37445
fir4,0.00390625,1.23757e-06,-1.5708
fir4,0.00439453,1.53086e-06,-1.76715
fir4,0.00488281,1.85284e-06,-1.9635
fir4,0.00537109,2.20161e-06,-2.15984
fir4,0.00585938,2.57508e-06,-2.35619
fir4,0.00634766,2.97103e-06,-2.55254
fir4,0.00683594,3.38703e-06,-2.74889
fir4,0.00732422,3.82054e-06,-2.94524
fir4,0.0078125,4.26886e-06,-3.14159
fir4,0.00830078,4.72915e-06,-3.33794
fir4,0.00878906,5.19849e-06,-3.53429
fir4,0.00927734,5.67382e-06,-3.73064
fir4,0.00976562,6.15201e-06,-3.92699
fir4,0.0102539,6.62986e-06,-4.12334
fir4,0.0107422,7.10411e-06,-4.31969
fir4,0.0112305,7.57145e-06,-4.51604
fir4,0.0117188,8.02859e-06,-4.71239
fir4,0.012207,8.4722e-06,-4.90874
fir4,0.0126953,8.89901e-06,-5.10509
fir4,0.0131836,9.30577e-06,-5.30144
fir4,0.0136719,9.68932e-06,-5.49779
fir4,0.0141602,1.00466e-05,-5.69414
fir4,0.0146484,1.03746e-05,-5.89049
fir4,0.0151367,1.06705e-05,-6.08684
fir4,0.015625,1.09317e-05,-6.28319
fir4,0.0161133,1.11557e-05,-6.47953
fir4,0.0166016,1.13402e-05,-6.67588
fir4,0.0170898,1.14831e-05,-6.87223
fir4,0.0175781,1.15828e-05,-7.06858
fir4,0.0180664,1.16377e-05,-7.26493
fir4,0.0185547,1.16466e-05,-7.46128
fir4,0.019043,1.16086e-05,-7.65763
fir4,0.0195312,1.15231e-05,-7.85398
fir4,0.0200195,1.13899e-05,-8.05033
fir4,0.0205078,1.12092e-05,-8.24668
fir4,0.0209961,1.09814e-05,-8.44303
fir4,0.0214844,1.07074e-05,-8.63938
fir4,0.0219727,1.03884e-05,-8.83573
fir4,0.0224609,1.00261e-05,-9.03208
fir4,0.0229492,9.6225e-06,-9.22843
fir4,0.0234375,9.1799e-06,-9.42478
fir4,0.0239258,8.70107e-06,-9.62113
fir4,0.0244141,8.1891e-06,-9.81748
fir4,0.0249023,7.6474e-06,-10.0138
fir4,0.0253906,7.07973e-06,-10.2102
fir4,0.0258789,6.49013e-06,-10.4065
fir4,0.0263672,5.8829e-06,-10.6029
fir4,0.0268555,5.2626e-06,-10.7992
fir4,0.0273438,4.63401e-06,-10.9956
fir4,0.027832,4.00207e-06,-11.1919
fir4,0.0283203,3.37188e-06,-11.3883
fir4,0.0288086,2.74864e-06,-11.5846
fir4,0.0292969,2.13759e-06,-11.781
fir4,0.0297852,1.54403e-06,-11.9773
fir4,0.0302734,9.73194e-07,-12.1737
fir4,0.0307617,4.30274e-07,-12.37
fir4,0.03125,-7.96684e-08,-12.5664
fir4,0.0317383,-5.51733e-07,-12.7627
fir4,0.0322266,-9.81231e-07,-12.9591
fir4,0.0327148,-1.36373e-06,-13.1554
fir4,0.0332031,-1.6951e-06,-13.3518
fir4,0.0336914,-1.97156e-06,-13.5481
fir4,0.0341797,-2.18971e-06,-13.7445
fir4,0.034668,-2.34657e-06,-13.9408
fir4,0.0351562,-2.43965e-06,-14.1372
fir4,0.0356445,-2.46694e-06,-14.3335
fir4,0.0361328,-2.42694e-06,-14.5299
fir4,0.0366211,-2.31874e-06,-14.7262
fir4,0.0371094,-2.14198e-06,-14.9226
fir4,0.0375977,-1.89689e-06,-15.1189
fir4,0.0380859,-1.58432e-06,-15.3153
fir4,0.0385742,-1.2057e-06,-15.5116
fir4,0.0390625,-7.63102e-07,-15.708
fir4,0.0395508,-2.59188e-07,-15.9043
fir4,0.0400391,3.02783e-07,-16.1007
fir4,0.0405273,9.1897e-07,-16.297
fir4,0.0410156,1.58497e-06,-16.4934
fir4,0.0415039,2.29586e-06,-16.6897
fir4,0.0419922,3.0462e-06,-16.8861
fir4,0.0424805,3.83012e-06,-17.0824
fir4,0.0429688,4.64129e-06,-17.2788
fir4,0.043457,5.47305e-06,-17.4751
fir4,0.0439453,6.3184e-06,-17.6715
fir4,0.0444336,7.1701e-06,-17.8678
fir4,0.0449219,8.0207e-06,-18.0642
fir4,0.0454102,8.86261e-06,-18.2605
fir4,0.0458984,9.68819e-06,-18.4569
fir4,0.0463867,1.04898e-05,-18.6532
fir4,0.046875,1.12598e-05,-18.8496
fir4,0.0473633,1.19908e-05,-19.0459
fir4,0.0478516,1.26756e-05,-19.2423
fir4,0.0483398,1.33073e-05,-19.4386
fir4,0.0488281,1.38792e-05,-19.635
fir4,0.0493164,1.43851e-05,-19.8313
fir4,0.0498047,1.48195e-05,-20.0277
fir4,0.050293,1.51771e-05,-20.224
fir4,0.0507812,1.54535e-05,-20.4204
fir4,0.0512695,1.56447e-05,-20.6167
fir4,0.0517578,1.57476e-05,-20.8131
fir4,0.0522461,1.57599e-05,-21.0094
fir4,0.0527344,1.56798e-05,-21.2058
fir4,0.0532227,1.55066e-05,-21.4021
fir4,0.0537109,1.52403e-05,-21.5984
fir4,0.0541992,1.48818e-05,-21.7948
fir4,0.0546875,1.44328e-05,-21.9911
fir4,0.0551758,1.3896e-05,-22.1875
fir4,0.0556641,1.32749e-05,-22.3838
fir4,0.0561523,1.25737e-05,-22.5802
fir4,0.0566406,1.17975e-05,-22.7765
fir4,0.0571289,1.09523e-05,-22.9729
fir4,0.0576172,1.00447e-05,-23.1692
fir4,0.0581055,9.08207e-06,-23.3656
fir4,0.0585938,8.07228e-06,-23.5619
fir4,0.059082,7.02391e-06,-23.7583
fir4,0.0595703,5.94596e-06,-23.9546
fir4,0.0600586,4.8479e-06,-24.151
fir4,0.0605469,3.73951e-06,-24.3473
fir4,0.0610352,2.63085e-06,-24.5437
fir4,0.0615234,1.53214e-06,-24.74
fir4,0.0620117,4.53655e-07,-24.9364
fir4,0.0625,-5.94324e-07,-25.1327
fir4,0.0629883,-1.60165e-06,-25.3291
fir4,0.0634766,-2.55839e-06,-25.5254
fir4,0.0639648,-3.45491e-06,-25.7218
fir4,0.0644531,-4.28201e-06,-25.9181
fir4,0.0649414,-5.03096e-06,-26.1145
fir4,0.0654297,-5.69366e-06,-26.3108
fir4,0.065918,-6.26265e-06,-26.5072
fir4,0.0664062,-6.73125e-06,-26.7035
fir4,0.0668945,-7.09362e-06,-26.8999
fir4,0.0673828,-7.34479e-06,-27.0962
fir4,0.0678711,-7.4808e-06,-27.2926
fir4,0.0683594,-7.49867e-06,-27.4889
fir4,0.0688477,-7.3965e-06,-27.6853
fir4,0.0693359,-7.17348e-06,-27.8816
fir4,0.0698242,-6.82992e-06,-28.078
fir4,0.0703125,-6.36727e-06,-28.2743
fir4,0.0708008,-5.78811e-06,-28.4707
fir4,0.0712891,-5.09617e-06,-28.667
fir4,0.0717773,-4.29627e-06,-28.8634
fir4,0.0722656,-3.39433e-06,-29.0597
fir4,0.0727539,-2.39733e-06,-29.2561
fir4,0.0732422,-1.31322e-06,-29.4524
fir4,0.0737305,-1.50912e-07,-29.6488
fir4,0.0742188,1.07984e-06,-29.8451
fir4,0.074707,2.36847e-06,-30.0415
fir4,0.0751953,3.70373e-06,-30.2378
fir4,0.0756836,5.07377e-06,-30.4342
fir4,0.0761719,6.46622e-06,-30.6305
fir4,0.0766602,7.86835e-06,-30.8269
fir4,0.0771484,9.26713e-06,-31.0232
fir4,0.0776367,1.06494e-05,-31.2196
fir4,0.078125,1.20019e-05,-31.4159
fir4,0.0786133,1.33116e-05,-31.6123
fir4,0.0791016,1.45656e-05,-31.8086
fir4,0.0795898,1.57513e-05,-32.005
fir4,0.0800781,1.68566e-05,-32.2013
fir4,0.0805664,1.78701e-05,-32.3977
fir4,0.0810547,1.8781e-05,-32.594
fir4,0.081543,1.95792e-05,-32.7904
fir4,0.0820312,2.02558e-05,-32.9867
fir4,0.0825195,2.08027e-05,-33.1831
fir4,0.0830078,2.12132e-05,-33.3794
fir4,0.0834961,2.14813e-05,-33.5758
fir4,0.0839844,2.16028e-05,-33.7721
fir4,0.0844727,2.15746e-05,-33.9685
fir4,0.0849609,2.13949e-05,-34.1648
fir4,0.0854492,2.10633e-05,-34.3612
fir4,0.0859375,2.05812e-05,-34.5575
fir4,0.0864258,1.99509e-05,-34.7539
fir4,0.0869141,1.91766e-05,-34.9502
fir4,0.0874023,1.82636e-05,-35.1466
fir4,0.0878906,1.72188e-05,-35.3429
fir4,0.0883789,1.60503e-05,-35.5393
fir4,0.0888672,1.47676e-05,-35.7356
fir4,0.0893555,1.33813e-05,-35.932
fir4,0.0898438,1.19033e-05,-36.1283
fir4,0.090332,1.03463e-05,-36.3247
fir4,0.0908203,8.72412e-06,-36.521
fir4,0.0913086,7.05121e-06,-36.7174
fir4,0.0917969,5.34281e-06,-36.9137
fir4,0.0922852,3.61465e-06,-37.1101
fir4,0.0927734,1.88288e-06,-37.3064
fir4,0.0932617,1.6387e-07,-37.5028
fir4,0.09375,-1.5259e-06,-37.6991
fir4,0.0942383,-3.17003e-06,-37.8955
fir4,0.0947266,-4.75232e-06,-38.0918
fir4,0.0952148,-6.25698e-06,-38.2882
fir4,0.0957031,-7.66873e-06,-38.4845
fir4,0.0961914,-8.97298e-06,-38.6809
fir4,0.0966797,-1.0156e-05,-38.8772
fir4,0.097168,-1.1205e-05,-39.0736
fir4,0.0976562,-1.21084e-05,-39.2699
fir4,0.0981445,-1.28557e-05,-39.4663
fir4,0.0986328,-1.34379e-05,-39.6626
fir4,0.0991211,-1.38473e-05,-39.859
fir4,0.0996094,-1.4078e-05,-40.0553
fir4,0.100098,-1.41255e-05,-40.2517
fir4,0.100586,-1.39871e-05,-40.448
fir4,0.101074,-1.36618e-05,-40.6444
fir4,0.101562,-1.31503e-05,-40.8407
fir4,0.102051,-1.24553e-05,-41.0371
fir4,0.102539,-1.15812e-05,-41.2334
fir4,0.103027,-1.05339e-05,-41.4298
fir4,0.103516,-9.32149e-06,-41.6261
fir4,0.104004,-7.95335e-06,-41.8225
fir4,0.104492,-6.44064e-06,-42.0188
fir4,0.10498,-4.79601e-06,-42.2152
fir4,0.105469,-3.03354e-06,-42.4115
fir4,0.105957,-1.16859e-06,-42.6079
fir4,0.106445,7.82313e-07,-42.8042
fir4,0.106934,2.8016e-06,-43.0005
fir4,0.107422,4.87083e-06,-43.1969
fir4,0.10791,6.97089e-06,-43.3932
fir4,0.108398,9.0821e-06,-43.5896
fir4,0.108887,1.11845e-05,-43.7859
fir4,0.109375,1.32578e-05,-43.9823
fir4,0.109863,1.52819e-05,-44.1786
fir4,0.110352,1.7237e-05,-44.375
fir4,0.11084,1.91035e-05,-44.5713
fir4,0.111328,2.08625e-05,-44.7677
fir4,0.111816,2.2496e-05,-44.964
fir4,0.112305,2.39868e-05,-45.1604
fir4,0.112793,2.53191e-05,-45.3567
fir4,0.113281,2.64781e-05,-45.5531
fir4,0.11377,2.74507e-05,-45.7494
fir4,0.114258,2.82255e-05,-45.9458
fir4,0.114746,2.87927e-05,-46.1421
fir4,0.115234,2.91443e-05,-46.3385
fir4,0.115723,2.92745e-05,-46.5348
fir4,0.116211,2.91795e-05,-46.7312
fir4,0.116699,2.88574e-05,-46.9275
fir4,0.117188,2.83086e-05,-47.1239
fir4,0.117676,2.75359e-05,-47.3202
fir4,0.118164,2.65438e-05,-47.5166
fir4,0.118652,2.53393e-05,-47.7129
fir4,0.119141,2.39315e-05,-47.9093
fir4,0.119629,2.23314e-05,-48.1056
fir4,0.120117,2.05521e-05,-48.302
fir4,0.120605,1.86086e-05,-48.4983
fir4,0.121094,1.65175e-05,-48.6947
fir4,0.121582,1.42971e-05,-48.891
fir4,0.12207,1.19673e-05,-49.0874
fir4,0.122559,9.54894e-06,-49.2837
fir4,0.123047,7.06428e-06,-49.4801
fir4,0.123535,4.53632e-06,-49.6764
fir4,0.124023,1.9888e-06,-49.8728
fir4,0.124512,-5.54107e-07,-50.0691
fir4,0.125,-3.06796e-06,-50.2655
fir4,0.125488,-5.52834e-06,-50.4618
fir4,0.125977,-7.91101e-06,-50.6582
fir4,0.126465,-1.01922e-05,-50.8545
fir4,0.126953,-1.2349e-05,-51.0509
fir4,0.127441,-1.43591e-05,-51.2472
fir4,0.12793,-1.62016e-05,-51.4436
fir4,0.128418,-1.78569e-05,-51.6399
fir4,0.128906,-1.9307e-05,-51.8363
fir4,0.129395,-2.05355e-05,-52.0326
fir4,0.129883,-2.15282e-05,-52.229
fir4,0.130371,-2.22727e-05,-52.4253
fir4,0.130859,-2.2759e-05,-52.6217
fir4,0.131348,-2.29796e-05,-52.818
fir4,0.131836,-2.29293e-05,-53.0144
fir4,0.132324,-2.26053e-05,-53.2107
fir4,0.132812,-2.20078e-05,-53.4071
fir4,0.133301,-2.11392e-05,-53.6034
fir4,0.133789,-2.00047e-05,-53.7998
fir4,0.134277,-1.86124e-05,-53.9961
fir4,0.134766,-1.69725e-05,-54.1925
fir4,0.135254,-1.50979e-05,-54.3888
fir4,0.135742,-1.3004e-05,-54.5852
fir4,0.13623,-1.07085e-05,-54.7815
fir4,0.136719,-8.23094e-06,-54.9779
fir4,0.137207,-5.59317e-06,-55.1742
fir4,0.137695,-2.81868e-06,-55.3706
fir4,0.138184,6.74269e-08,-55.5669
fir4,0.138672,3.03868e-06,-55.7633
fir4,0.13916,6.06749e-06,-55.9596
fir4,0.139648,9.12539e-06,-56.156
fir4,0.140137,1.21833e-05,-56.3523
fir4,0.140625,1.52119e-05,-56.5487
fir4,0.141113,1.81815e-05,-56.745
fir4,0.141602,2.10632e-05,-56.9414
fir4,0.14209,2.38279e-05,-57.1377
fir4,0.142578,2.6448e-05,-57.3341
fir4,0.143066,2.88964e-05,-57.5304
fir4,0.143555,3.11477e-05,-57.7268
fir4,0.144043,3.3178e-05,-57.9231
fir4,0.144531,3.49651e-05,-58.1195
fir4,0.14502,3.64892e-05,-58.3158
fir4,0.145508,3.77325e-05,-58.5122
fir4,0.145996,3.86799e-05,-58.7085
fir4,0.146484,3.93188e-05,-58.9049
fir4,0.146973,3.96395e-05,-59.1012
fir4,0.147461,3.96354e-05,-59.2976
fir4,0.147949,3.93028e-05,-59.4939
fir4,0.148438,3.86411e-05,-59.6903
fir4,0.148926,3.76529e-05,-59.8866
fir4,0.149414,3.63441e-05,-60.083
fir4,0.149902,3.47234e-05,-60.2793
fir4,0.150391,3.2803e-05,-60.4757
fir4,0.150879,3.05979e-05,-60.672
fir4,0.151367,2.81262e-05,-60.8684
fir4,0.151855,2.54085e-05,-61.0647
fir4,0.152344,2.24682e-05,-61.2611
fir4,0.152832,1.93312e-05,-61.4574
fir4,0.15332,1.60252e-05,-61.6538
fir4,0.153809,1.25804e-05,-61.8501
fir4,0.154297,9.02823e-06,-62.0465
fir4,0.154785,5.40171e-06,-62.2428
fir4,0.155273,1.73493e-06,-62.4392
fir4,0.155762,-1.93724e-06,-62.6355
fir4,0.15625,-5.57947e-06,-62.8319
fir4,0.156738,-9.15635e-06,-63.0282
fir4,0.157227,-1.26326e-05,-63.2246
fir4,0.157715,-1.59737e-05,-63.4209
fir4,0.158203,-1.91458e-05,-63.6173
fir4,0.158691,-2.21164e-05,-63.8136
fir4,0.15918,-2.48546e-05,-64.01
fir4,0.159668,-2.73313e-05,-64.2063
fir4,0.160156,-2.95197e-05,-64.4026
fir4,0.160645,-3.13953e-05,-64.599
fir4,0.161133,-3.29366e-05,-64.7953
fir4,0.161621,-3.41247e-05,-64.9917
fir4,0.162109,-3.49443e-05,-65.188
fir4,0.162598,-3.53831e-05,-65.3844
fir4,0.163086,-3.54326e-05,-65.5807
fir4,0.163574,-3.50879e-05,-65.7771
fir4,0.164062,-3.43477e-05,-65.9734
fir4,0.164551,-3.32147e-05,-66.1698
fir4,0.165039,-3.16952e-05,-66.3661
fir4,0.165527,-2.97996e-05,-66.5625
fir4,0.166016,-2.75417e-05,-66.7588
fir4,0.166504,-2.49392e-05,-66.9552
fir4,0.166992,-2.20132e-05,-67.1515
fir4,0.16748,-1.87883e-05,-67.3479
fir4,0.167969,-1.52921e-05,-67.5442
fir4,0.168457,-1.15553e-05,-67.7406
fir4,0.168945,-7.61108e-06,-67.9369
fir4,0.169434,-3.49521e-06,-68.1333
fir4,0.169922,7.5457e-07,-68.3296
fir4,0.17041,5.0988e-06,-68.526
fir4,0.170898,9.49662e-06,-68.7223
fir4,0.171387,1.39062e-05,-68.9187
fir4,0.171875,1.82851e-05,-69.115
fir4,0.172363,2.25906e-05,-69.3114
fir4,0.172852,2.67804e-05,-69.5077
fir4,0.17334,3.08127e-05,-69.7041
fir4,0.173828,3.46466e-05,-69.9004
fir4,0.174316,3.82429e-05,-70.0968
fir4,0.174805,4.1564e-05,-70.2931
fir4,0.175293,4.45747e-05,-70.4895
fir4,0.175781,4.72423e-05,-70.6858
fir4,0.17627,4.9537e-05,-70.8822
fir4,0.176758,5.14323e-05,-71.0785
fir4,0.177246,5.29052e-05,-71.2749
fir4,0.177734,5.39367e-05,-71.4712
fir4,0.178223,5.45115e-05,-71.6676
fir4,0.178711,5.46188e-05,-71.8639
fir4,0.179199,5.4252e-05,-72.0603
fir4,0.179688,5.34092e-05,-72.2566
fir4,0.180176,5.2093e-05,-72.453
fir4,0.180664,5.03105e-05,-72.6493
fir4,0.181152,4.80734e-05,-72.8457
fir4,0.181641,4.5398e-05,-73.042
fir4,0.182129,4.23052e-05,-73.2384
fir4,0.182617,3.88197e-05,-73.4347
fir4,0.183105,3.49707e-05,-73.6311
fir4,0.183594,3.07912e-05,-73.8274
fir4,0.184082,2.63176e-05,-74.0238
fir4,0.18457,2.15896e-05,-74.2201
fir4,0.185059,1.66501e-05,-74.4165
fir4,0.185547,1.15442e-05,-74.6128
fir4,0.186035,6.3193e-06,-74.8092
fir4,0.186523,1.02456e-06,-75.0055
fir4,0.187012,-4.28968e-06,-75.2019
fir4,0.1875,-9.57228e-06,-75.3982
fir4,0.187988,-1.47718e-05,-75.5946
fir4,0.188477,-1.98369e-05,-75.7909
fir4,0.188965,-2.47172e-05,-75.9873
fir4,0.189453,-2.93631e-05,-76.1836
fir4,0.189941,-3.3727e-05,-76.38
fir4,0.19043,-3.77633e-05,-76.5763
fir4,0.190918,-4.1429e-05,-76.7727
fir4,0.191406,-4.46844e-05,-76.969
fir4,0.191895,-4.7493e-05,-77.1654
fir4,0.192383,-4.98222e-05,-77.3617
fir4,0.192871,-5.1644e-05,-77.5581
fir4,0.193359,-5.29344e-05,-77.7544
fir4,0.193848,-5.36747e-05,-77.9508
fir4,0.194336,-5.38512e-05,-78.1471
fir4,0.194824,-5.34552e-05,-78.3435
fir4,0.195312,-5.24839e-05,-78.5398
fir4,0.195801,-5.09396e-05,-78.7362
fir4,0.196289,-4.88304e-05,-78.9325
fir4,0.196777,-4.61699e-05,-79.1289
fir4,0.197266,-4.29772e-05,-79.3252
fir4,0.197754,-3.92767e-05,-79.5216
fir4,0.198242,-3.50981e-05,-79.7179
fir4,0.19873,-3.04761e-05,-79.9143
fir4,0.199219,-2.54499e-05,-80.1106
fir4,0.199707,-2.00634e-05,-80.307
fir4,0.200195,-1.43643e-05,-80.5033
fir4,0.200684,-8.404e-06,-80.6997
fir4,0.201172,-2.23693e-06,-80.896
fir4,0.20166,4.07969e-06,-81.0924
fir4,0.202148,1.04865e-05,-81.2887
fir4,0.202637,1.69227e-05,-81.4851
fir4,0.203125,2.33262e-05,-81.6814
fir4,0.203613,2.96347e-05,-81.8778
fir4,0.204102,3.57859e-05,-82.0741
fir4,0.20459,4.17183e-05,-82.2705
fir4,0.205078,4.73718e-05,-82.4668
fir4,0.205566,5.26882e-05,-82.6632
fir4,0.206055,5.76119e-05,-82.8595
fir4,0.206543,6.20904e-05,-83.0559
fir4,0.207031,6.60747e-05,-83.2522
fir4,0.20752,6.95201e-05,-83.4486
fir4,0.208008,7.23867e-05,-83.6449
fir4,0.208496,7.46395e-05,-83.8413
fir4,0.208984,7.6249e-05,-84.0376
fir4,0.209473,7.71917e-05,-84.234
fir4,0.209961,7.745e-05,-84.4303
fir4,0.210449,7.70131e-05,-84.6267
fir4,0.210938,7.58763e-05,-84.823
fir4,0.211426,7.4042e-05,-85.0194
fir4,0.211914,7.15193e-05,-85.2157
fir4,0.212402,6.83239e-05,-85.4121
fir4,0.212891,6.44784e-05,-85.6084
fir4,0.213379,6.00118e-05,-85.8047
fir4,0.213867,5.49596e-05,-86.0011
fir4,0.214355,4.93634e-05,-86.1974
fir4,0.214844,4.32705e-05,-86.3938
fir4,0.215332,3.67338e-05,-86.5901
fir4,0.21582,2.98109e-05,-86.7865
fir4,0.216309,2.25641e-05,-86.9828
fir4,0.216797,1.50595e-05,-87.1792
fir4,0.217285,7.36649e-06,-87.3755
fir4,0.217773,-4.42679e-07,-87.5719
fir4,0.218262,-8.29381e-06,-87.7682
fir4,0.21875,-1.61113e-05,-87.9646
fir4,0.219238,-2.3819e-05,-88.1609
fir4,0.219727,-3.13408e-05,-88.3573
fir4,0.220215,-3.86013e-05,-88.5536
fir4,0.220703,-4.55268e-05,-88.75
fir4,0.221191,-5.20458e-05,-88.9463
fir4,0.22168,-5.80899e-05,-89.1427
fir4,0.222168,-6.35944e-05,-89.339
fir4,0.222656,-6.84988e-05,-89.5354
fir4,0.223145,-7.2748e-05,-89.7317
fir4,0.223633,-7.62921e-05,-89.9281
fir4,0.224121,-7.90878e-05,-90.1244
fir4,0.224609,-8.1098e-05,-90.3208
fir4,0.225098,-8.22932e-05,-90.5171
fir4,0.225586,-8.2651e-05,-90.7135
fir4,0.226074,-8.21571e-05,-90.9098
fir4,0.226562,-8.08052e-05,-91.1062
fir4,0.227051,-7.8597e-05,-91.3025
fir4,0.227539,-7.55429e-05,-91.4989
fir4,0.228027,-7.16612e-05,-91.6952
fir4,0.228516,-6.69788e-05,-91.8916
fir4,0.229004,-6.15305e-05,-92.0879
fir4,0.229492,-5.53591e-05,-92.2843
fir4,0.22998,-4.85149e-05,-92.4806
fir4,0.230469,-4.10554e-05,-92.677
fir4,0.230957,-3.30448e-05,-92.8733
fir4,0.231445,-2.45535e-05,-93.0697
fir4,0.231934,-1.56574e-05,-93.266
fir4,0.232422,-6.43763e-06,-93.4624
fir4,0.23291,3.02081e-06,-93.6587
fir4,0.233398,1.26293e-05,-93.8551
fir4,0.233887,2.22966e-05,-94.0514
fir4,0.234375,3.19296e-05,-94.2478
fir4,0.234863,4.14344e-05,-94.4441
fir4,0.235352,5.07171e-05,-94.6405
fir4,0.23584,5.96845e-05,-94.8368
fir4,0.236328,6.82454e-05,-95.0332
fir4,0.236816,7.6311e-05,-95.2295
fir4,0.237305,8.37965e-05,-95.4259
fir4,0.237793,9.06213e-05,-95.6222
fir4,0.238281,9.67101e-05,-95.8186
fir4,0.23877,0.000101994,-96.0149
fir4,0.239258,0.00010641,-96.2113
fir4,0.239746,0.000109904,-96.4076
fir4,0.240234,0.000112429,-96.604
fir4,0.240723,0.000113948,-96.8003
fir4,0.241211,0.000114432,-96.9967
fir4,0.241699,0.000113862,-97.193
fir4,0.242188,0.000112228,-97.3894
fir4,0.242676,0.000109533,-97.5857
fir4,0.243164,0.000105787,-97.7821
fir4,0.243652,0.000101012,-97.9784
fir4,0.244141,9.52414e-05,-98.1748
fir4,0.244629,8.85159e-05,-98.3711
fir4,0.245117,8.0888e-05,-98.5675
fir4,0.245605,7.24193e-05,-98.7638
fir4,0.246094,6.318e-05,-98.9602
fir4,0.246582,5.32493e-05,-99.1565
fir4,0.24707,4.27139e-05,-99.3529
fir4,0.247559,3.16676e-05,-99.5492
fir4,0.248047,2.02106e-05,-99.7456
fir4,0.248535,8.44823e-06,-99.9419
fir4,0.249023,-3.50938e-06,-100.138
fir4,0.249512,-1.55489e-05,-100.335
fir4,0.25,-2.75544e-05,-100.531
fir4,0.250488,-3.94087e-05,-100.727
fir4,0.250977,-5.09946e-05,-100.924
fir4,0.251465,-6.21956e-05,-101.12
fir4,0.251953,-7.28973e-05,-101.316
fir4,0.252441,-8.29885e-05,-101.513
fir4,0.25293,-9.23623e-05,-101.709
fir4,0.253418,-0.000100917,-101.905
fir4,0.253906,-0.000108559,-102.102
fir4,0.254395,-0.000115198,-102.298
fir4,0.254883,-0.000120758,-102.494
fir4,0.255371,-0.000125167,-102.691
fir4,0.255859,-0.000128367,-102.887
fir4,0.256348,-0.000130308,-103.084
fir4,0.256836,-0.000130953,-103.28
fir4,0.257324,-0.000130277,-103.476
fir4,0.257812,-0.000128267,-103.673
fir4,0.258301,-0.000124924,-103.869
fir4,0.258789,-0.000120259,-104.065
fir4,0.259277,-0.000114299,-104.262
fir4,0.259766,-0.000107082,-104.458
fir4,0.260254,-9.86608e-05,-104.654
fir4,0.260742,-8.90984e-05,-104.851
fir4,0.26123,-7.84711e-05,-105.047
fir4,0.261719,-6.68663e-05,-105.243
fir4,0.262207,-5.43823e-05,-105.44
fir4,0.262695,-4.11274e-05,-105.636
fir4,0.263184,-2.7219e-05,-105.832
fir4,0.263672,-1.27824e-05,-106.029
fir4,0.26416,2.04974e-06,-106.225
fir4,0.264648,1.71392e-05,-106.421
fir4,0.265137,3.2343e-05,-106.618
fir4,0.265625,4.7515e-05,-106.814
fir4,0.266113,6.25071e-05,-107.01
fir4,0.266602,7.71706e-05,-107.207
fir4,0.26709,9.13579e-05,-107.403
fir4,0.267578,0.000104924,-107.6
fir4,0.268066,0.000117726,-107.796
fir4,0.268555,0.000129629,-107.992
fir4,0.269043,0.000140503,-108.189
fir4,0.269531,0.000150226,-108.385
fir4,0.27002,0.000158685,-108.581
fir4,0.270508,0.000165779,-108.778
fir4,0.270996,0.000171417,-108.974
fir4,0.271484,0.000175523,-109.17
fir4,0.271973,0.000178031,-109.367
fir4,0.272461,0.000178892,-109.563
fir4,0.272949,0.000178073,-109.759
fir4,0.273438,0.000175555,-109.956
fir4,0.273926,0.000171335,-110.152
fir4,0.274414,0.000165428,-110.348
fir4,0.274902,0.000157864,-110.545
fir4,0.275391,0.000148692,-110.741
fir4,0.275879,0.000137974,-110.937
fir4,0.276367,0.000125791,-111.134
fir4,0.276855,0.000112237,-111.33
fir4,0.277344,9.7423e-05,-111.527
fir4,0.277832,8.1473e-05,-111.723
fir4,0.27832,6.45239e-05,-111.919
fir4,0.278809,4.67248e-05,-112.116
fir4,0.279297,2.82353e-05,-112.312
fir4,0.279785,9.22446e-06,-112.508
fir4,0.280273,-1.0131e-05,-112.705
fir4,0.280762,-2.96481e-05,-112.901
fir4,0.28125,-4.91392e-05,-113.097
fir4,0.281738,-6.84139e-05,-113.294
fir4,0.282227,-8.7281e-05,-113.49
fir4,0.282715,-0.00010555,-113.686
fir4,0.283203,-0.000123032,-113.883
fir4,0.283691,-0.000139545,-114.079
fir4,0.28418,-0.000154911,-114.275
fir4,0.284668,-0.000168961,-114.472
fir4,0.285156,-0.000181537,-114.668
fir4,0.285645,-0.000192491,-114.864
fir4,0.286133,-0.00020169,-115.061
fir4,0.286621,-0.000209013,-115.257
fir4,0.287109,-0.000214359,-115.454
fir4,0.287598,-0.000217642,-115.65
fir4,0.288086,-0.000218795,-115.846
fir4,0.288574,-0.00021777,-116.043
fir4,0.289062,-0.000214541,-116.239
fir4,0.289551,-0.000209101,-116.435
fir4,0.290039,-0.000201466,-116.632
fir4,0.290527,-0.000191672,-116.828
fir4,0.291016,-0.000179779,-117.024
fir4,0.291504,-0.000165866,-117.221
fir4,0.291992,-0.000150034,-117.417
fir4,0.29248,-0.000132405,-117.613
fir4,0.292969,-0.000113118,-117.81
fir4,0.293457,-9.23339e-05,-118.006
fir4,0.293945,-7.0229e-05,-118.202
fir4,0.294434,-4.6996e-05,-118.399
fir4,0.294922,-2.28419e-05,-118.595
fir4,0.29541,2.01383e-06,-118.791
fir4,0.295898,2.73409e-05,-118.988
fir4,0.296387,5.29004e-05,-119.184
fir4,0.296875,7.84471e-05,-119.381
fir4,0.297363,0.000103731,-119.577
fir4,0.297852,0.000128501,-119.773
fir4,0.29834,0.000152506,-119.97
fir4,0.298828,0.000175498,-120.166
fir4,0.299316,0.000197234,-120.362
fir4,0.299805,0.00021748,-120.559
fir4,0.300293,0.00023601,-120.755
fir4,0.300781,0.000252614,-120.951
fir4,0.30127,0.000267092,-121.148
fir4,0.301758,0.000279267,-121.344
fir4,0.302246,0.000288977,-121.54
fir4,0.302734,0.000296081,-121.737
fir4,0.303223,0.000300463,-121.933
fir4,0.303711,0.00030203,-122.129
fir4,0.304199,0.000300714,-122.326
fir4,0.304688,0.000296476,-122.522
fir4,0.305176,0.000289302,-122.718
fir4,0.305664,0.000279208,-122.915
fir4,0.306152,0.000266238,-123.111
fir4,0.306641,0.000250466,-123.308
fir4,0.307129,0.000231992,-123.504
fir4,0.307617,0.000210947,-123.7
fir4,0.308105,0.000187488,-123.897
fir4,0.308594,0.000161799,-124.093
fir4,0.309082,0.000134088,-124.289
fir4,0.30957,0.000104588,-124.486
fir4,0.310059,7.35529e-05,-124.682
fir4,0.310547,4.12577e-05,-124.878
fir4,0.311035,7.99356e-06,-125.075
fir4,0.311523,-2.59327e-05,-125.271
fir4,0.312012,-6.0202e-05,-125.467
fir4,0.3125,-9.44858e-05,-125.664
fir4,0.312988,-0.000128449,-125.86
fir4,0.313477,-0.000161753,-126.056
fir4,0.313965,-0.000194059,-126.253
fir4,0.314453,-0.000225032,-126.449
fir4,0.314941,-0.000254342,-126.645
fir4,0.31543,-0.000281669,-126.842
fir4,0.315918,-0.000306707,-127.038
fir4,0.316406,-0.000329166,-127.235
fir4,0.316895,-0.000348775,-127.431
fir4,0.317383,-0.000365284,-127.627
fir4,0.317871,-0.00037847,-127.824
fir4,0.318359,-0.000388137,-128.02
fir4,0.318848,-0.000394121,-128.216
fir4,0.319336,-0.000396288,-128.413
fir4,0.319824,-0.000394539,-128.609
fir4,0.320312,-0.000388813,-128.805
fir4,0.320801,-0.000379084,-129.002
fir4,0.321289,-0.000365367,-129.198
fir4,0.321777,-0.000347713,-129.394
fir4,0.322266,-0.000326216,-129.591
fir4,0.322754,-0.000301006,-129.787
fir4,0.323242,-0.000272253,-129.983
fir4,0.32373,-0.000240167,-130.18
fir4,0.324219,-0.000204992,-130.376
fir4,0.324707,-0.000167009,-130.572
fir4,0.325195,-0.000126531,-130.769
fir4,0.325684,-8.39029e-05,-130.965
fir4,0.326172,-3.94971e-05,-131.161
fir4,0.32666,6.28841e-06,-131.358
fir4,0.327148,5.30339e-05,-131.554
fir4,0.327637,0.000100301,-131.751
fir4,0.328125,0.000147639,-131.947
fir4,0.328613,0.000194582,-132.143
fir4,0.329102,0.000240664,-132.34
fir4,0.32959,0.000285413,-132.536
fir4,0.330078,0.000328361,-132.732
fir4,0.330566,0.000369049,-132.929
fir4,0.331055,0.000407027,-133.125
fir4,0.331543,0.000441864,-133.321
fir4,0.332031,0.000473149,-133.518
fir4,0.33252,0.000500497,-133.714
fir4,0.333008,0.000523554,-133.91
fir4,0.333496,0.000541999,-134.107
fir4,0.333984,0.000555547,-134.303
fir4,0.334473,0.000563957,-134.499
fir4,0.334961,0.000567032,-134.696
fir4,0.335449,0.000564622,-134.892
fir4,0.335938,0.000556629,-135.088
fir4,0.336426,0.000543004,-135.285
fir4,0.336914,0.000523755,-135.481
fir4,0.337402,0.000498943,-135.678
fir4,0.337891,0.000468685,-135.874
fir4,0.338379,0.000433155,-136.07
fir4,0.338867,0.000392581,-136.267
fir4,0.339355,0.000347247,-136.463
fir4,0.339844,0.000297487,-136.659
fir4,0.340332,0.000243689,-136.856
fir4,0.34082,0.000186289,-137.052
fir4,0.341309,0.000125766,-137.248
fir4,0.341797,6.26445e-05,-137.445
fir4,0.342285,-2.51709e-06,-137.641
fir4,0.342773,-6.91252e-05,-137.837
fir4,0.343262,-0.000136559,-138.034
fir4,0.34375,-0.000204173,-138.23
fir4,0.344238,-0.000271308,-138.426
fir4,0.344727,-0.000337291,-138.623
fir4,0.345215,-0.000401445,-138.819
fir4,0.345703,-0.000463094,-139.015
fir4,0.346191,-0.000521571,-139.212
fir4,0.34668,-0.000576224,-139.408
fir4,0.347168,-0.000626422,-139.605
fir4,0.347656,-0.000671562,-139.801
fir4,0.348145,-0.000711076,-139.997
fir4,0.348633,-0.000744438,-140.194
fir4,0.349121,-0.000771166,-140.39
fir4,0.349609,-0.000790835,-140.586
fir4,0.350098,-0.000803077,-140.783
fir4,0.350586,-0.000807586,-140.979
fir4,0.351074,-0.000804126,-141.175
fir4,0.351562,-0.000792531,-141.372
fir4,0.352051,-0.000772714,-141.568
fir4,0.352539,-0.000744661,-141.764
fir4,0.353027,-0.000708444,-141.961
fir4,0.353516,-0.000664212,-142.157
fir4,0.354004,-0.000612199,-142.353
fir4,0.354492,-0.000552719,-142.55
fir4,0.35498,-0.00048617,-142.746
fir4,0.355469,-0.000413027,-142.942
fir4,0.355957,-0.000333843,-143.139
fir4,0.356445,-0.000249244,-143.335
fir4,0.356934,-0.000159925,-143.532
fir4,0.357422,-6.66459e-05,-143.728
fir4,0.35791,2.97748e-05,-143.924
fir4,0.358398,0.000128467,-144.121
fir4,0.358887,0.000228514,-144.317
fir4,0.359375,0.000328963,-144.513
fir4,0.359863,0.000428832,-144.71
fir4,0.360352,0.000527118,-144.906
fir4,0.36084,0.000622808,-145.102
fir4,0.361328,0.000714885,-145.299
fir4,0.361816,0.000802344,-145.495
fir4,0.362305,0.000884193,-145.691
fir4,0.362793,0.000959474,-145.888
fir4,0.363281,0.00102726,-146.084
fir4,0.36377,0.00108669,-146.28
fir4,0.364258,0.00113693,-146.477
fir4,0.364746,0.00117725,-146.673
fir4,0.365234,0.00120697,-146.869
fir4,0.365723,0.00122551,-147.066
fir4,0.366211,0.00123237,-147.262
fir4,0.366699,0.00122718,-147.459
fir4,0.367188,0.00120964,-147.655
fir4,0.367676,0.00117958,-147.851
fir4,0.368164,0.00113697,-148.048
fir4,0.368652,0.00108187,-148.244
fir4,0.369141,0.00101448,-148.44
fir4,0.369629,0.000935121,-148.637
fir4,0.370117,0.000844249,-148.833
fir4,0.370605,0.000742441,-149.029
fir4,0.371094,0.000630399,-149.226
fir4,0.371582,0.000508945,-149.422
fir4,0.37207,0.000379021,-149.618
fir4,0.372559,0.000241675,-149.815
fir4,0.373047,9.80605e-05,-150.011
fir4,0.373535,-5.0573e-05,-150.207
fir4,0.374023,-0.000202892,-150.404
fir4,0.374512,-0.000357487,-150.6
fir4,0.375,-0.000512886,-150.796
fir4,0.375488,-0.000667567,-150.993
fir4,0.375977,-0.000819969,-151.189
fir4,0.376465,-0.00096851,-151.385
fir4,0.376953,-0.0011116,-151.582
fir4,0.377441,-0.00124766,-151.778
fir4,0.37793,-0.00137512,-151.975
fir4,0.378418,-0.00149247,-152.171
fir4,0.378906,-0.00159826,-152.367
fir4,0.379395,-0.00169108,-152.564
fir4,0.379883,-0.00176963,-152.76
fir4,0.380371,-0.00183273,-152.956
fir4,0.380859,-0.00187929,-153.153
fir4,0.381348,-0.00190837,-153.349
fir4,0.381836,-0.00191918,-153.545
fir4,0.382324,-0.00191108,-153.742
fir4,0.382812,-0.0018836,-153.938
fir4,0.383301,-0.00183646,-154.134
fir4,0.383789,-0.00176958,-154.331
fir4,0.384277,-0.00168304,-154.527
fir4,0.384766,-0.00157717,-154.723
fir4,0.385254,-0.00145246,-154.92
fir4,0.385742,-0.00130963,-155.116
fir4,0.38623,-0.0011496,-155.312
fir4,0.386719,-0.000973486,-155.509
fir4,0.387207,-0.000782614,-155.705
fir4,0.387695,-0.000578485,-155.902
fir4,0.388184,-0.000362782,-156.098
fir4,0.388672,-0.000137357,-156.294
fir4,0.38916,9.57894e-05,-156.491
fir4,0.389648,0.000334518,-156.687
fir4,0.390137,0.000576573,-156.883
fir4,0.390625,0.000819603,-157.08
fir4,0.391113,0.00106118,-157.276
fir4,0.391602,0.00129883,-157.472
fir4,0.39209,0.00153005,-157.669
fir4,0.392578,0.00175233,-157.865
fir4,0.393066,0.00196321,-158.061
fir4,0.393555,0.00216028,-158.258
fir4,0.394043,0.0023412,-158.454
fir4,0.394531,0.00250377,-158.65
fir4,0.39502,0.00264593,-158.847
fir4,0.395508,0.00276579,-159.043
fir4,0.395996,0.00286165,-159.239
fir4,0.396484,0.00293207,-159.436
fir4,0.396973,0.00297585,-159.632
fir4,0.397461,0.00299206,-159.829
fir4,0.397949,0.00298008,-160.025
fir4,0.398438,0.0029396,-160.221
fir4,0.398926,0.00287066,-160.418
fir4,0.399414,0.00277365,-160.614
fir4,0.399902,0.00264928,-160.81
fir4,0.400391,0.00249865,-161.007
fir4,0.400879,0.00232321,-161.203
fir4,0.401367,0.00212477,-161.399
fir4,0.401855,0.00190546,-161.596
fir4,0.402344,0.00166777,-161.792
fir4,0.402832,0.00141445,-161.988
fir4,0.40332,0.00114857,-162.185
fir4,0.403809,0.000873403,-162.381
fir4,0.404297,0.000592435,-162.577
fir4,0.404785,0.0003093,-162.774
fir4,0.405273,2.77238e-05,-162.97
fir4,0.405762,-0.000248537,-163.166
fir4,0.40625,-0.000515767,-163.363
fir4,0.406738,-0.000770363,-163.559
fir4,0.407227,-0.00100893,-163.756
fir4,0.407715,-0.00122835,-163.952
fir4,0.408203,-0.00142591,-164.148
fir4,0.408691,-0.00159938,-164.345
fir4,0.40918,-0.00174714,-164.541
fir4,0.409668,-0.00186829,-164.737
fir4,0.410156,-0.00196277,-164.934
fir4,0.410645,-0.0020315,-165.13
fir4,0.411133,-0.00207648,-165.326
fir4,0.411621,-0.00210099,-165.523
fir4,0.412109,-0.00210966,-165.719
fir4,0.412598,-0.00210866,-165.915
fir4,0.413086,-0.00210581,-166.112
fir4,0.413574,-0.00211077,-166.308
fir4,0.414062,-0.00213516,-166.504
fir4,0.414551,-0.00219271,-166.701
fir4,0.415039,-0.00229941,-166.897
fir4,0.415527,-0.00247366,-167.093
fir4,0.416016,-0.00273643,-167.29
fir4,0.416504,-0.00311137,-167.486
fir4,0.416992,-0.00362495,-167.683
fir4,0.41748,-0.00430661,-167.879
fir4,0.417969,-0.00518891,-168.075
fir4,0.418457,-0.00630758,-168.272
fir4,0.418945,-0.0077017,-168.468
fir4,0.419434,-0.00941377,-168.664
fir4,0.419922,-0.0114898,-168.861
fir4,0.42041,-0.0139795,-169.057
fir4,0.420898,-0.0169361,-169.253
fir4,0.421387,-0.0204168,-169.45
fir4,0.421875,-0.0244825,-169.646
fir4,0.422363,-0.029198,-169.842
fir4,0.422852,-0.0346319,-170.039
fir4,0.42334,-0.040857,-170.235
fir4,0.423828,-0.0479496,-170.431
fir4,0.424316,-0.0559904,-170.628
fir4,0.424805,-0.0650638,-170.824
fir4,0.425293,-0.0752581,-171.02
fir4,0.425781,-0.0866656,-171.217
fir4,0.42627,-0.0993821,-171.413
fir4,0.426758,-0.113508,-171.609
fir4,0.427246,-0.129146,-171.806
fir4,0.427734,-0.146403,-172.002
fir4,0.428223,-0.165391,-172.199
fir4,0.428711,-0.186224,-172.395
fir4,0.429199,-0.209019,-172.591
fir4,0.429688,-0.233896,-172.788
fir4,0.430176,-0.26098,-172.984
fir4,0.430664,-0.290398,-173.18
fir4,0.431152,-0.322279,-173.377
fir4,0.431641,-0.356755,-173.573
fir4,0.432129,-0.393963,-173.769
fir4,0.432617,-0.434039,-173.966
fir4,0.433105,-0.477124,-174.162
fir4,0.433594,-0.52336,-174.358
fir4,0.434082,-0.57289,-174.555
fir4,0.43457,-0.625862,-174.751
fir4,0.435059,-0.682422,-174.947
fir4,0.435547,-0.74272,-175.144
fir4,0.436035,-0.806908,-175.34
fir4,0.436523,-0.875137,-175.536
fir4,0.437012,-0.947561,-175.733
fir4,0.4375,-1.02434,-175.929
fir4,0.437988,-1.10562,-176.126
fir4,0.438477,-1.19156,-176.322
fir4,0.438965,-1.28232,-176.518
fir4,0.439453,-1.37806,-176.715
fir4,0.439941,-1.47893,-176.911
fir4,0.44043,-1.5851,-177.107
fir4,0.440918,-1.69672,-177.304
fir4,0.441406,-1.81395,-177.5
fir4,0.441895,-1.93696,-177.696
fir4,0.442383,-2.0659,-177.893
fir4,0.442871,-2.20093,-178.089
fir4,0.443359,-2.34221,-178.285
fir4,0.443848,-2.4899,-178.482
fir4,0.444336,-2.64417,-178.678
fir4,0.444824,-2.80517,-178.874
fir4,0.445312,-2.97306,-179.071
fir4,0.445801,-3.148,-179.267
fir4,0.446289,-3.33014,-179.463
fir4,0.446777,-3.51966,-179.66
fir4,0.447266,-3.71671,-179.856
fir4,0.447754,-3.92144,-180.053
fir4,0.448242,-4.13401,-180.249
fir4,0.44873,-4.35459,-180.445
fir4,0.449219,-4.58334,-180.642
fir4,0.449707,-4.8204,-180.838
fir4,0.450195,-5.06594,-181.034
fir4,0.450684,-5.32012,-181.231
fir4,0.451172,-5.5831,-181.427
fir4,0.45166,-5.85503,-181.623
fir4,0.452148,-6.13608,-181.82
fir4,0.452637,-6.4264,-182.016
fir4,0.453125,-6.72616,-182.212
fir4,0.453613,-7.03551,-182.409
fir4,0.454102,-7.35462,-182.605
fir4,0.45459,-7.68364,-182.801
fir4,0.455078,-8.02275,-182.998
fir4,0.455566,-8.3721,-183.194
fir4,0.456055,-8.73185,-183.39
fir4,0.456543,-9.10218,-183.587
fir4,0.457031,-9.48325,-183.783
fir4,0.45752,-9.87523,-183.98
fir4,0.458008,-10.2783,-184.176
fir4,0.458496,-10.6926,-184.372
fir4,0.458984,-11.1183,-184.569
fir4,0.459473,-11.5556,-184.765
fir4,0.459961,-12.0048,-184.961
fir4,0.460449,-12.4658,-185.158
fir4,0.460938,-12.939,-185.354
fir4,0.461426,-13.4245,-185.55
fir4,0.461914,-13.9226,-185.747
fir4,0.462402,-14.4333,-185.943
fir4,0.462891,-14.9569,-186.139
fir4,0.463379,-15.4937,-186.336
fir4,0.463867,-16.0437,-186.532
fir4,0.464355,-16.6072,-186.728
fir4,0.464844,-17.1845,-186.925
fir4,0.465332,-17.7756,-187.121
fir4,0.46582,-18.3809,-187.317
fir4,0.466309,-19.0006,-187.514
fir4,0.466797,-19.6349,-187.71
fir4,0.467285,-20.284,-187.907
fir4,0.467773,-20.9482,-188.103
fir4,0.468262,-21.6278,-188.299
fir4,0.46875,-22.3229,-188.496
fir4,0.469238,-23.0339,-188.692
fir4,0.469727,-23.7609,-188.888
fir4,0.470215,-24.5044,-189.085
fir4,0.470703,-25.2646,-189.281
fir4,0.471191,-26.0417,-189.477
fir4,0.47168,-26.8362,-189.674
fir4,0.472168,-27.6482,-189.87
fir4,0.472656,-28.4781,-190.066
fir4,0.473145,-29.3264,-190.263
fir4,0.473633,-30.1932,-190.459
fir4,0.474121,-31.0791,-190.655
fir4,0.474609,-31.9843,-190.852
fir4,0.475098,-32.9092,-191.048
fir4,0.475586,-33.8543,-191.244
fir4,0.476074,-34.82,-191.441
fir4,0.476562,-35.8068,-191.637
fir4,0.477051,-36.815,-191.834
fir4,0.477539,-37.8452,-192.03
fir4,0.478027,-38.8978,-192.226
fir4,0.478516,-39.9735,-192.423
fir4,0.479004,-41.0726,-192.619
fir4,0.479492,-42.196,-192.815
fir4,0.47998,-43.344,-193.012
fir4,0.480469,-44.5173,-193.208
fir4,0.480957,-45.7167,-193.404
fir4,0.481445,-46.9427,-193.601
fir4,0.481934,-48.1962,-193.797
fir4,0.482422,-49.4779,-193.993
fir4,0.48291,-50.7885,-194.19
fir4,0.483398,-52.129,-194.386
fir4,0.483887,-53.5003,-194.582
fir4,0.484375,-54.9032,-194.779
fir4,0.484863,-56.3388,-194.975
fir4,0.485352,-57.8082,-195.171
fir4,0.48584,-59.3124,-195.368
fir4,0.486328,-60.8528,-195.564
fir4,0.486816,-62.4304,-195.76
fir4,0.487305,-64.0467,-195.957
fir4,0.487793,-65.7031,-196.153
fir4,0.488281,-67.4011,-196.35
fir4,0.48877,-69.1423,-196.546
fir4,0.489258,-70.9284,-196.742
fir4,0.489746,-72.7614,-196.939
fir4,0.490234,-74.6431,-197.135
fir4,0.490723,-76.5756,-197.331
fir4,0.491211,-78.5612,-197.528
fir4,0.491699,-80.6023,-197.724
fir4,0.492188,-82.7013,-197.92
fir4,0.492676,-84.861,-198.117
fir4,0.493164,-87.0842,-198.313
fir4,0.493652,-89.3738,-198.509
fir4,0.494141,-91.733,-198.706
fir4,0.494629,-94.1648,-198.902
fir4,0.495117,-96.672,-199.098
fir4,0.495605,-99.2569,-199.295
fir4,0.496094,-101.921,-199.491
fir4,0.496582,-104.661,-199.687
fir4,0.49707,-107.469,-199.884
fir4,0.497559,-110.323,-200.08
fir4,0.498047,-113.168,-200.277
fir4,0.498535,-115.892,-200.473
fir4,0.499023,-118.278,-200.669
fir4,0.499512,-119.98,-200.866
allpass2,0,-1.60447e-07,0
allpass2,0.000488281,-1.60517e-07,-0.00969424
allpass2,0.000976562,-1.60722e-07,-0.0193885
allpass2,0.00146484,-1.61042e-07,-0.0290828
allpass2,0.00195312,-1.6145e-07,-0.0387772
allpass2,0.00244141,-1.61906e-07,-0.0484716
allpass2,0.00292969,-1.62362e-07,-0.0581662
allpass2,0.00341797,-1.62763e-07,-0.0678608
allpass2,0.00390625,-1.6305e-07,-0.0775556
allpass2,0.00439453,-1.63161e-07,-0.0872506
allpass2,0.00488281,-1.63036e-07,-0.0969457
allpass2,0.00537109,-1.62612e-07,-0.106641
allpass2,0.00585938,-1.61837e-07,-0.116337
allpass2,0.00634766,-1.60658e-07,-0.126032
allpass2,0.00683594,-1.59037e-07,-0.135728
allpass2,0.00732422,-1.56939e-07,-0.145425
allpass2,0.0078125,-1.54343e-07,-0.155121
allpass2,0.00830078,-1.51238e-07,-0.164818
allpass2,0.00878906,-1.47623e-07,-0.174516
allpass2,0.00927734,-1.4351e-07,-0.184213
allpass2,0.00976562,-1.38918e-07,-0.193911
allpass2,0.0102539,-1.33879e-07,-0.20361
allpass2,0.0107422,-1.28431e-07,-0.213309
allpass2,0.0112305,-1.22619e-07,-0.223008
allpass2,0.0117188,-1.16492e-07,-0.232708
allpass2,0.012207,-1.10104e-07,-0.242408
allpass2,0.0126953,-1.0351e-07,-0.252109
allpass2,0.0131836,-9.67629e-08,-0.26181
allpass2,0.0136719,-8.99156e-08,-0.271512
allpass2,0.0141602,-8.30163e-08,-0.281214
allpass2,0.0146484,-7.61083e-08,-0.290917
allpass2,0.0151367,-6.92291e-08,-0.30062
allpass2,0.015625,-6.24097e-08,-0.310324
allpass2,0.0161133,-5.56738e-08,-0.320029
allpass2,0.0166016,-4.90381e-08,-0.329735
allpass2,0.0170898,-4.25121e-08,-0.339441
allpass2,0.0175781,-3.60991e-08,-0.349148
allpass2,0.0180664,-2.9796e-08,-0.358855
allpass2,0.0185547,-2.35949e-08,-0.368563
allpass2,0.019043,-1.74835e-08,-0.378272
allpass2,0.0195312,-1.14464e-08,-0.387982
allpass2,0.0200195,-5.46593e-09,-0.397693
allpass2,0.0205078,4.76688e-10,-0.407404
allpass2,0.0209961,6.40068e-09,-0.417116
allpass2,0.0214844,1.23247e-08,-0.42683
allpass2,0.0219727,1.82663e-08,-0.436544
allpass2,0.0224609,2.42412e-08,-0.446258
allpass2,0.0229492,3.0263e-08,-0.455974
allpass2,0.0234375,3.63431e-08,-0.465691
allpass2,0.0239258,4.24903e-08,-0.475409
allpass2,0.0244141,4.87112e-08,-0.485127
allpass2,0.0249023,5.501e-08,-0.494847
allpass2,0.0253906,6.13892e-08,-0.504568
allpass2,0.0258789,6.78495e-08,-0.514289
allpass2,0.0263672,7.43909e-08,-0.524012
allpass2,0.0268555,8.10126e-08,-0.533736
allpass2,0.0273438,8.77138e-08,-0.543461
allpass2,0.027832,9.44939e-08,-0.553187
allpass2,0.0283203,1.01354e-07,-0.562915
allpass2,0.0288086,1.08294e-07,-0.572643
allpass2,0.0292969,1.1532e-07,-0.582373
allpass2,0.0297852,1.22435e-07,-0.592103
allpass2,0.0302734,1.29648e-07,-0.601835
allpass2,0.0307617,1.36968e-07,-0.611569
allpass2,0.03125,1.44408e-07,-0.621303
allpass2,0.0317383,1.5198e-07,-0.631039
allpass2,0.0322266,1.597e-07,-0.640776
allpass2,0.0327148,1.67586e-07,-0.650514
allpass2,0.0332031,1.75654e-07,-0.660254
allpass2,0.0336914,1.83923e-07,-0.669995
allpass2,0.0341797,1.92409e-07,-0.679738
allpass2,0.034668,2.01126e-07,-0.689482
allpass2,0.0351562,2.10087e-07,-0.699227
allpass2,0.0356445,2.193e-07,-0.708974
allpass2,0.0361328,2.28769e-07,-0.718722
allpass2,0.0366211,2.38493e-07,-0.728472
allpass2,0.0371094,2.48464e-07,-0.738223
allpass2,0.0375977,2.58669e-07,-0.747976
allpass2,0.0380859,2.69085e-07,-0.75773
allpass2,0.0385742,2.79687e-07,-0.767486
allpass2,0.0390625,2.90439e-07,-0.777244
allpass2,0.0395508,3.01303e-07,-0.787003
allpass2,0.0400391,3.12233e-07,-0.796764
allpass2,0.0405273,3.23182e-07,-0.806526
allpass2,0.0410156,3.34099e-07,-0.81629
allpass2,0.0415039,3.44931e-07,-0.826056
allpass2,0.0419922,3.55627e-07,-0.835823
allpass2,0.0424805,3.66136e-07,-0.845593
allpass2,0.0429688,3.7641e-07,-0.855364
allpass2,0.043457,3.86407e-07,-0.865136
allpass2,0.0439453,3.96087e-07,-0.874911
allpass2,0.0444336,4.05418e-07,-0.884687
allpass2,0.0449219,4.14372e-07,-0.894465
allpass2,0.0454102,4.22931e-07,-0.904245
allpass2,0.0458984,4.31078e-07,-0.914027
allpass2,0.0463867,4.38808e-07,-0.923811
allpass2,0.046875,4.46119e-07,-0.933597
allpass2,0.0473633,4.53013e-07,-0.943385
allpass2,0.0478516,4.59499e-07,-0.953174
allpass2,0.0483398,4.65588e-07,-0.962966
allpass2,0.0488281,4.71297e-07,-0.97276
allpass2,0.0493164,4.7664e-07,-0.982555
allpass2,0.0498047,4.81638e-07,-0.992353
allpass2,0.050293,4.86309e-07,-1.00215
allpass2,0.0507812,4.90673e-07,-1.01195
allpass2,0.0512695,4.94748e-07,-1.02176
allpass2,0.0517578,4.98554e-07,-1.03156
allpass2,0.0522461,5.02108e-07,-1.04137
allpass2,0.0527344,5.05427e-07,-1.05118
allpass2,0.0532227,5.08528e-07,-1.061
allpass2,0.0537109,5.11424e-07,-1.07081
allpass2,0.0541992,5.1413e-07,-1.08063
allpass2,0.0546875,5.16659e-07,-1.09045
allpass2,0.0551758,5.19023e-07,-1.10027
allpass2,0.0556641,5.21234e-07,-1.11009
allpass2,0.0561523,5.23301e-07,-1.11992
allpass2,0.0566406,5.25235e-07,-1.12975
allpass2,0.0571289,5.27043e-07,-1.13958
allpass2,0.0576172,5.28732e-07,-1.14941
allpass2,0.0581055,5.30309e-07,-1.15925
allpass2,0.0585938,5.31775e-07,-1.16909
allpass2,0.059082,5.33132e-07,-1.17893
allpass2,0.0595703,5.3438e-07,-1.18877
allpass2,0.0600586,5.35514e-07,-1.19861
allpass2,0.0605469,5.36528e-07,-1.20846
allpass2,0.0610352,5.37411e-07,-1.21831
allpass2,0.0615234,5.38152e-07,-1.22817
allpass2,0.0620117,5.38734e-07,-1.23802
allpass2,0.0625,5.39138e-07,-1.24788
allpass2,0.0629883,5.39343e-07,-1.25774
allpass2,0.0634766,5.39327e-07,-1.26761
allpass2,0.0639648,5.39063e-07,-1.27747
allpass2,0.0644531,5.38526e-07,-1.28734
allpass2,0.0649414,5.3769e-07,-1.29721
allpass2,0.0654297,5.36528e-07,-1.30709
allpass2,0.065918,5.35016e-07,-1.31696
allpass2,0.0664062,5.3313e-07,-1.32684
allpass2,0.0668945,5.30851e-07,-1.33673
allpass2,0.0673828,5.28163e-07,-1.34661
allpass2,0.0678711,5.25051e-07,-1.3565
allpass2,0.0683594,5.21509e-07,-1.36639
allpass2,0.0688477,5.17532e-07,-1.37629
allpass2,0.0693359,5.13121e-07,-1.38618
allpass2,0.0698242,5.08285e-07,-1.39608
allpass2,0.0703125,5.03033e-07,-1.40598
allpass2,0.0708008,4.97385e-07,-1.41589
allpass2,0.0712891,4.91361e-07,-1.4258
allpass2,0.0717773,4.84989e-07,-1.43571
allpass2,0.0722656,4.783e-07,-1.44563
allpass2,0.0727539,4.71329e-07,-1.45554
allpass2,0.0732422,4.64116e-07,-1.46547
allpass2,0.0737305,4.56703e-07,-1.47539
allpass2,0.0742188,4.49134e-07,-1.48532
allpass2,0.074707,4.41458e-07,-1.49525
allpass2,0.0751953,4.33724e-07,-1.50518
allpass2,0.0756836,4.2598e-07,-1.51512
allpass2,0.0761719,4.18278e-07,-1.52506
allpass2,0.0766602,4.10667e-07,-1.535
allpass2,0.0771484,4.03199e-07,-1.54495
allpass2,0.0776367,3.95921e-07,-1.5549
allpass2,0.078125,3.88881e-07,-1.56485
allpass2,0.0786133,3.82122e-07,-1.57481
allpass2,0.0791016,3.75686e-07,-1.58477
allpass2,0.0795898,3.69613e-07,-1.59473
allpass2,0.0800781,3.63936e-07,-1.6047
allpass2,0.0805664,3.58688e-07,-1.61467
allpass2,0.0810547,3.53894e-07,-1.62464
allpass2,0.081543,3.49577e-07,-1.63462
allpass2,0.0820312,3.45756e-07,-1.6446
allpass2,0.0825195,3.42443e-07,-1.65458
allpass2,0.0830078,3.39647e-07,-1.66457
allpass2,0.0834961,3.37371e-07,-1.67456
allpass2,0.0839844,3.35615e-07,-1.68455
allpass2,0.0844727,3.34372e-07,-1.69455
allpass2,0.0849609,3.33634e-07,-1.70455
allpass2,0.0854492,3.33383e-07,-1.71456
allpass2,0.0859375,3.33603e-07,-1.72457
allpass2,0.0864258,3.34267e-07,-1.73458
allpass2,0.0869141,3.3535e-07,-1.7446
allpass2,0.0874023,3.36819e-07,-1.75462
allpass2,0.0878906,3.38639e-07,-1.76464
allpass2,0.0883789,3.40771e-07,-1.77467
allpass2,0.0888672,3.43173e-07,-1.7847
allpass2,0.0893555,3.458e-07,-1.79473
allpass2,0.0898438,3.48604e-07,-1.80477
allpass2,0.090332,3.51535e-07,-1.81482
allpass2,0.0908203,3.54541e-07,-1.82486
allpass2,0.0913086,3.57569e-07,-1.83491
allpass2,0.0917969,3.60564e-07,-1.84497
allpass2,0.0922852,3.63471e-07,-1.85503
allpass2,0.0927734,3.66233e-07,-1.86509
allpass2,0.0932617,3.68795e-07,-1.87516
allpass2,0.09375,3.71101e-07,-1.88523
allpass2,0.0942383,3.73097e-07,-1.8953
allpass2,0.0947266,3.7473e-07,-1.90538
allpass2,0.0952148,3.75952e-07,-1.91547
allpass2,0.0957031,3.76714e-07,-1.92555
allpass2,0.0961914,3.76974e-07,-1.93564
allpass2,0.0966797,3.76696e-07,-1.94574
allpass2,0.097168,3.75847e-07,-1.95584
allpass2,0.0976562,3.74402e-07,-1.96594
allpass2,0.0981445,3.72345e-07,-1.97605
allpass2,0.0986328,3.69666e-07,-1.98617
allpass2,0.0991211,3.66367e-07,-1.99628
allpass2,0.0996094,3.62458e-07,-2.0064
allpass2,0.100098,3.57959e-07,-2.01653
allpass2,0.100586,3.52901e-07,-2.02666
allpass2,0.101074,3.47324e-07,-2.03679
allpass2,0.101562,3.4128e-07,-2.04693
allpass2,0.102051,3.34827e-07,-2.05708
allpass2,0.102539,3.28033e-07,-2.06722
allpass2,0.103027,3.20973e-07,-2.07738
allpass2,0.103516,3.13729e-07,-2.08753
allpass2,0.104004,3.06384e-07,-2.09769
allpass2,0.104492,2.99029e-07,-2.10786
allpass2,0.10498,2.91753e-07,-2.11803
allpass2,0.105469,2.84647e-07,-2.12821
allpass2,0.105957,2.778e-07,-2.13839
allpass2,0.106445,2.71298e-07,-2.14857
allpass2,0.106934,2.65224e-07,-2.15876
allpass2,0.107422,2.59655e-07,-2.16895
allpass2,0.10791,2.54663e-07,-2.17915
allpass2,0.108398,2.50314e-07,-2.18936
allpass2,0.108887,2.46664e-07,-2.19957
allpass2,0.109375,2.43762e-07,-2.20978
allpass2,0.109863,2.41649e-07,-2.22
allpass2,0.110352,2.40359e-07,-2.23022
allpass2,0.11084,2.39913e-07,-2.24045
allpass2,0.111328,2.40328e-07,-2.25068
allpass2,0.111816,2.4161e-07,-2.26092
allpass2,0.112305,2.43757e-07,-2.27116
allpass2,0.112793,2.4676e-07,-2.28141
allpass2,0.113281,2.50604e-07,-2.29166
allpass2,0.11377,2.55265e-07,-2.30192
allpass2,0.114258,2.60715e-07,-2.31218
allpass2,0.114746,2.66919e-07,-2.32245
allpass2,0.115234,2.73839e-07,-2.33272
allpass2,0.115723,2.81431e-07,-2.343
allpass2,0.116211,2.89649e-07,-2.35329
allpass2,0.116699,2.98444e-07,-2.36358
allpass2,0.117188,3.07763e-07,-2.37387
allpass2,0.117676,3.17553e-07,-2.38417
allpass2,0.118164,3.27757e-07,-2.39447
allpass2,0.118652,3.3832e-07,-2.40478
allpass2,0.119141,3.49182e-07,-2.4151
allpass2,0.119629,3.60284e-07,-2.42542
allpass2,0.120117,3.71567e-07,-2.43575
allpass2,0.120605,3.82969e-07,-2.44608
allpass2,0.121094,3.94428e-07,-2.45641
allpass2,0.121582,4.0588e-07,-2.46676
allpass2,0.12207,4.17261e-07,-2.4771
allpass2,0.122559,4.28505e-07,-2.48746
allpass2,0.123047,4.39543e-07,-2.49782
allpass2,0.123535,4.50306e-07,-2.50818
allpass2,0.124023,4.60722e-07,-2.51855
allpass2,0.124512,4.7072e-07,-2.52893
allpass2,0.125,4.80226e-07,-2.53931
allpass2,0.125488,4.89168e-07,-2.5497
allpass2,0.125977,4.97472e-07,-2.56009
allpass2,0.126465,5.05069e-07,-2.57049
allpass2,0.126953,5.11894e-07,-2.58089
allpass2,0.127441,5.17885e-07,-2.5913
allpass2,0.12793,5.22988e-07,-2.60172
allpass2,0.128418,5.27159e-07,-2.61214
allpass2,0.128906,5.30363e-07,-2.62257
allpass2,0.129395,5.32577e-07,-2.63301
allpass2,0.129883,5.33791e-07,-2.64345
allpass2,0.130371,5.3401e-07,-2.65389
allpass2,0.130859,5.33253e-07,-2.66434
allpass2,0.131348,5.3155e-07,-2.6748
allpass2,0.131836,5.2895e-07,-2.68527
allpass2,0.132324,5.25509e-07,-2.69574
allpass2,0.132812,5.21299e-07,-2.70621
allpass2,0.133301,5.16398e-07,-2.71669
allpass2,0.133789,5.10892e-07,-2.72718
allpass2,0.134277,5.0487e-07,-2.73768
allpass2,0.134766,4.98426e-07,-2.74818
allpass2,0.135254,4.91649e-07,-2.75869
allpass2,0.135742,4.84628e-07,-2.7692
allpass2,0.13623,4.77446e-07,-2.77972
allpass2,0.136719,4.70177e-07,-2.79025
allpass2,0.137207,4.6289e-07,-2.80078
allpass2,0.137695,4.55639e-07,-2.81132
allpass2,0.138184,4.48471e-07,-2.82186
allpass2,0.138672,4.41423e-07,-2.83242
allpass2,0.13916,4.34519e-07,-2.84297
allpass2,0.139648,4.27775e-07,-2.85354
allpass2,0.140137,4.21198e-07,-2.86411
allpass2,0.140625,4.14788e-07,-2.87469
allpass2,0.141113,4.08538e-07,-2.88527
allpass2,0.141602,4.02438e-07,-2.89587
allpass2,0.14209,3.96472e-07,-2.90646
allpass2,0.142578,3.90627e-07,-2.91707
allpass2,0.143066,3.84884e-07,-2.92768
allpass2,0.143555,3.79231e-07,-2.9383
allpass2,0.144043,3.73652e-07,-2.94892
allpass2,0.144531,3.68136e-07,-2.95956
allpass2,0.14502,3.62676e-07,-2.97019
allpass2,0.145508,3.57266e-07,-2.98084
allpass2,0.145996,3.51903e-07,-2.99149
allpass2,0.146484,3.46588e-07,-3.00215
allpass2,0.146973,3.41324e-07,-3.01282
allpass2,0.147461,3.36116e-07,-3.02349
allpass2,0.147949,3.3097e-07,-3.03417
allpass2,0.148438,3.25892e-07,-3.04486
allpass2,0.148926,3.20891e-07,-3.05556
allpass2,0.149414,3.15972e-07,-3.06626
allpass2,0.149902,3.11141e-07,-3.07697
allpass2,0.150391,3.06401e-07,-3.08768
allpass2,0.150879,3.01753e-07,-3.09841
allpass2,0.151367,2.97196e-07,-3.10914
allpass2,0.151855,2.92724e-07,-3.11988
allpass2,0.152344,2.8833e-07,-3.13062
allpass2,0.152832,2.84002e-07,-3.14137
allpass2,0.15332,2.79724e-07,-3.15213
allpass2,0.153809,2.75479e-07,-3.1629
allpass2,0.154297,2.71242e-07,-3.17368
allpass2,0.154785,2.6699e-07,-3.18446
allpass2,0.155273,2.62695e-07,-3.19525
allpass2,0.155762,2.58326e-07,-3.20605
allpass2,0.15625,2.53852e-07,-3.21685
allpass2,0.156738,2.49242e-07,-3.22767
allpass2,0.157227,2.44462e-07,-3.23849
allpass2,0.157715,2.39482e-07,-3.24931
allpass2,0.158203,2.34273e-07,-3.26015
allpass2,0.158691,2.28809e-07,-3.27099
allpass2,0.15918,2.23068e-07,-3.28185
allpass2,0.159668,2.17034e-07,-3.29271
allpass2,0.160156,2.10696e-07,-3.30357
allpass2,0.160645,2.04051e-07,-3.31445
allpass2,0.161133,1.97101e-07,-3.32533
allpass2,0.161621,1.8986e-07,-3.33622
allpass2,0.162109,1.82348e-07,-3.34712
allpass2,0.162598,1.74594e-07,-3.35803
allpass2,0.163086,1.66634e-07,-3.36894
allpass2,0.163574,1.58515e-07,-3.37986
allpass2,0.164062,1.50288e-07,-3.3908
allpass2,0.164551,1.42011e-07,-3.40174
allpass2,0.165039,1.33749e-07,-3.41268
allpass2,0.165527,1.25566e-07,-3.42364
allpass2,0.166016,1.1753e-07,-3.4346
allpass2,0.166504,1.09709e-07,-3.44557
allpass2,0.166992,1.02166e-07,-3.45656
allpass2,0.16748,9.49625e-08,-3.46754
allpass2,0.167969,8.81508e-08,-3.47854
allpass2,0.168457,8.17767e-08,-3.48955
allpass2,0.168945,7.58756e-08,-3.50056
allpass2,0.169434,7.04723e-08,-3.51158
allpass2,0.169922,6.55796e-08,-3.52262
allpass2,0.17041,6.1198e-08,-3.53366
allpass2,0.170898,5.73157e-08,-3.5447
allpass2,0.171387,5.39088e-08,-3.55576
allpass2,0.171875,5.09424e-08,-3.56683
allpass2,0.172363,4.83716e-08,-3.5779
allpass2,0.172852,4.61434e-08,-3.58898
allpass2,0.17334,4.41978e-08,-3.60008
allpass2,0.173828,4.24705e-08,-3.61118
allpass2,0.174316,4.08947e-08,-3.62229
allpass2,0.174805,3.94031e-08,-3.63341
allpass2,0.175293,3.79299e-08,-3.64453
allpass2,0.175781,3.64129e-08,-3.65567
allpass2,0.17627,3.47946e-08,-3.66681
allpass2,0.176758,3.30237e-08,-3.67797
allpass2,0.177246,3.1056e-08,-3.68913
allpass2,0.177734,2.8855e-08,-3.70031
allpass2,0.178223,2.63922e-08,-3.71149
allpass2,0.178711,2.3647e-08,-3.72268
allpass2,0.179199,2.06065e-08,-3.73388
allpass2,0.179688,1.72647e-08,-3.74509
allpass2,0.180176,1.36224e-08,-3.75631
allpass2,0.180664,9.68572e-09,-3.76754
allpass2,0.181152,5.46593e-09,-3.77877
allpass2,0.181641,9.78085e-10,-3.79002
allpass2,0.182129,-3.75957e-09,-3.80128
allpass2,0.182617,-8.72648e-09,-3.81254
allpass2,0.183105,-1.39005e-08,-3.82382
allpass2,0.183594,-1.92585e-08,-3.8351
allpass2,0.184082,-2.4777e-08,-3.8464
allpass2,0.18457,-3.04326e-08,-3.8577
allpass2,0.185059,-3.62021e-08,-3.86902
allpass2,0.185547,-4.20631e-08,-3.88034
allpass2,0.186035,-4.79938e-08,-3.89168
allpass2,0.186523,-5.3973e-08,-3.90302
allpass2,0.187012,-5.99799e-08,-3.91437
allpass2,0.1875,-6.59941e-08,-3.92574
allpass2,0.187988,-7.1995e-08,-3.93711
allpass2,0.188477,-7.79619e-08,-3.94849
allpass2,0.188965,-8.3873e-08,-3.95989
allpass2,0.189453,-8.97055e-08,-3.97129
allpass2,0.189941,-9.54355e-08,-3.9827
allpass2,0.19043,-1.01037e-07,-3.99413
allpass2,0.190918,-1.06484e-07,-4.00556
allpass2,0.191406,-1.11746e-07,-4.017
allpass2,0.191895,-1.16796e-07,-4.02846
allpass2,0.192383,-1.21601e-07,-4.03992
allpass2,0.192871,-1.26132e-07,-4.0514
allpass2,0.193359,-1.30359e-07,-4.06288
allpass2,0.193848,-1.34253e-07,-4.07438
allpass2,0.194336,-1.37786e-07,-4.08588
allpass2,0.194824,-1.40936e-07,-4.0974
allpass2,0.195312,-1.43681e-07,-4.10893
allpass2,0.195801,-1.46004e-07,-4.12047
allpass2,0.196289,-1.47895e-07,-4.13201
allpass2,0.196777,-1.49346e-07,-4.14357
allpass2,0.197266,-1.50355e-07,-4.15514
allpass2,0.197754,-1.50925e-07,-4.16672
allpass2,0.198242,-1.51064e-07,-4.17831
allpass2,0.19873,-1.50785e-07,-4.18992
allpass2,0.199219,-1.50104e-07,-4.20153
allpass2,0.199707,-1.4904e-07,-4.21315
allpass2,0.200195,-1.47618e-07,-4.22479
allpass2,0.200684,-1.4586e-07,-4.23644
allpass2,0.201172,-1.43794e-07,-4.24809
allpass2,0.20166,-1.41445e-07,-4.25976
allpass2,0.202148,-1.38841e-07,-4.27144
allpass2,0.202637,-1.36006e-07,-4.28313
allpass2,0.203125,-1.32968e-07,-4.29483
allpass2,0.203613,-1.29748e-07,-4.30655
allpass2,0.204102,-1.26371e-07,-4.31827
allpass2,0.20459,-1.22856e-07,-4.33001
allpass2,0.205078,-1.19225e-07,-4.34176
allpass2,0.205566,-1.15495e-07,-4.35351
allpass2,0.206055,-1.11685e-07,-4.36529
allpass2,0.206543,-1.0781e-07,-4.37707
allpass2,0.207031,-1.03885e-07,-4.38886
allpass2,0.20752,-9.99244e-08,-4.40067
allpass2,0.208008,-9.59411e-08,-4.41248
allpass2,0.208496,-9.1946e-08,-4.42431
allpass2,0.208984,-8.7948e-08,-4.43615
allpass2,0.209473,-8.39541e-08,-4.44801
allpass2,0.209961,-7.99684e-08,-4.45987
allpass2,0.210449,-7.59917e-08,-4.47175
allpass2,0.210938,-7.20215e-08,-4.48364
allpass2,0.211426,-6.80513e-08,-4.49554
allpass2,0.211914,-6.40707e-08,-4.50745
allpass2,0.212402,-6.00653e-08,-4.51937
allpass2,0.212891,-5.60168e-08,-4.53131
allpass2,0.213379,-5.19036e-08,-4.54326
allpass2,0.213867,-4.77012e-08,-4.55522
allpass2,0.214355,-4.33829e-08,-4.5672
allpass2,0.214844,-3.89207e-08,-4.57918
allpass2,0.215332,-3.42864e-08,-4.59118
allpass2,0.21582,-2.94525e-08,-4.60319
allpass2,0.216309,-2.43934e-08,-4.61522
allpass2,0.216797,-1.90864e-08,-4.62725
allpass2,0.217285,-1.35127e-08,-4.6393
allpass2,0.217773,-7.65849e-09,-4.65136
allpass2,0.218262,-1.51542e-09,-4.66344
allpass2,0.21875,4.91845e-09,-4.67553
allpass2,0.219238,1.16383e-08,-4.68763
allpass2,0.219727,1.86322e-08,-4.69974
allpass2,0.220215,2.5881e-08,-4.71187
allpass2,0.220703,3.33585e-08,-4.724
allpass2,0.221191,4.10315e-08,-4.73616
allpass2,0.22168,4.88604e-08,-4.74832
allpass2,0.222168,5.67998e-08,-4.7605
allpass2,0.222656,6.4799e-08,-4.77269
allpass2,0.223145,7.28032e-08,-4.7849
allpass2,0.223633,8.07541e-08,-4.79712
allpass2,0.224121,8.85911e-08,-4.80935
allpass2,0.224609,9.62525e-08,-4.82159
allpass2,0.225098,1.03676e-07,-4.83385
allpass2,0.225586,1.10801e-07,-4.84612
allpass2,0.226074,1.17567e-07,-4.85841
allpass2,0.226562,1.23919e-07,-4.87071
allpass2,0.227051,1.29802e-07,-4.88302
allpass2,0.227539,1.35169e-07,-4.89535
allpass2,0.228027,1.39974e-07,-4.90769
allpass2,0.228516,1.4418e-07,-4.92004
allpass2,0.229004,1.47753e-07,-4.93241
allpass2,0.229492,1.50667e-07,-4.94479
allpass2,0.22998,1.52902e-07,-4.95719
allpass2,0.230469,1.54443e-07,-4.9696
allpass2,0.230957,1.55284e-07,-4.98203
allpass2,0.231445,1.55425e-07,-4.99446
allpass2,0.231934,1.54874e-07,-5.00692
allpass2,0.232422,1.53647e-07,-5.01939
allpass2,0.23291,1.51768e-07,-5.03187
allpass2,0.233398,1.49269e-07,-5.04436
allpass2,0.233887,1.46189e-07,-5.05687
allpass2,0.234375,1.42578e-07,-5.0694
allpass2,0.234863,1.38493e-07,-5.08194
allpass2,0.235352,1.34001e-07,-5.09449
allpass2,0.23584,1.29175e-07,-5.10706
allpass2,0.236328,1.24095e-07,-5.11965
allpass2,0.236816,1.18849e-07,-5.13225
allpass2,0.237305,1.13529e-07,-5.14486
allpass2,0.237793,1.08228e-07,-5.15749
allpass2,0.238281,1.03044e-07,-5.17014
allpass2,0.23877,9.80707e-08,-5.18279
allpass2,0.239258,9.33999e-08,-5.19547
allpass2,0.239746,8.91172e-08,-5.20816
allpass2,0.240234,8.52996e-08,-5.22086
allpass2,0.240723,8.20135e-08,-5.23358
allpass2,0.241211,7.93123e-08,-5.24632
allpass2,0.241699,7.72343e-08,-5.25907
allpass2,0.242188,7.58017e-08,-5.27184
allpass2,0.242676,7.50192e-08,-5.28462
allpass2,0.243164,7.48741e-08,-5.29742
allpass2,0.243652,7.53364e-08,-5.31023
allpass2,0.244141,7.63594e-08,-5.32306
allpass2,0.244629,7.78821e-08,-5.33591
allpass2,0.245117,7.98304e-08,-5.34877
allpass2,0.245605,8.21201e-08,-5.36165
allpass2,0.246094,8.46599e-08,-5.37454
allpass2,0.246582,8.73544e-08,-5.38745
allpass2,0.24707,9.01076e-08,-5.40037
allpass2,0.247559,9.28257e-08,-5.41332
allpass2,0.248047,9.54203e-08,-5.42627
allpass2,0.248535,9.78112e-08,-5.43925
allpass2,0.249023,9.9928e-08,-5.45224
allpass2,0.249512,1.01712e-07,-5.46525
allpass2,0.25,1.03119e-07,-5.47827
allpass2,0.250488,1.04115e-07,-5.49131
allpass2,0.250977,1.04682e-07,-5.50437
allpass2,0.251465,1.04812e-07,-5.51744
allpass2,0.251953,1.04512e-07,-5.53054
allpass2,0.252441,1.03796e-07,-5.54364
allpass2,0.25293,1.02687e-07,-5.55677
allpass2,0.253418,1.01214e-07,-5.56991
allpass2,0.253906,9.94136e-08,-5.58307
allpass2,0.254395,9.73204e-08,-5.59625
allpass2,0.254883,9.49721e-08,-5.60944
allpass2,0.255371,9.2405e-08,-5.62265
allpass2,0.255859,8.96529e-08,-5.63588
allpass2,0.256348,8.67463e-08,-5.64913
allpass2,0.256836,8.37113e-08,-5.66239
allpass2,0.257324,8.05697e-08,-5.67567
allpass2,0.257812,7.73388e-08,-5.68897
allpass2,0.258301,7.4032e-08,-5.70229
allpass2,0.258789,7.06594e-08,-5.71563
allpass2,0.259277,6.72292e-08,-5.72898
allpass2,0.259766,6.37488e-08,-5.74235
allpass2,0.260254,6.02267e-08,-5.75574
allpass2,0.260742,5.66739e-08,-5.76915
allpass2,0.26123,5.31058e-08,-5.78257
allpass2,0.261719,4.95435e-08,-5.79602
allpass2,0.262207,4.60155e-08,-5.80948
allpass2,0.262695,4.25582e-08,-5.82296
allpass2,0.263184,3.92168e-08,-5.83646
allpass2,0.263672,3.60452e-08,-5.84998
allpass2,0.26416,3.31055e-08,-5.86351
allpass2,0.264648,3.04668e-08,-5.87707
allpass2,0.265137,2.82039e-08,-5.89064
allpass2,0.265625,2.63948e-08,-5.90424
allpass2,0.266113,2.51185e-08,-5.91785
allpass2,0.266602,2.44519e-08,-5.93148
allpass2,0.26709,2.44672e-08,-5.94513
allpass2,0.267578,2.52284e-08,-5.9588
allpass2,0.268066,2.67888e-08,-5.97249
allpass2,0.268555,2.91881e-08,-5.9862
allpass2,0.269043,3.24502e-08,-5.99993
allpass2,0.269531,3.65813e-08,-6.01367
allpass2,0.27002,4.15682e-08,-6.02744
allpass2,0.270508,4.73778e-08,-6.04123
allpass2,0.270996,5.39566e-08,-6.05504
allpass2,0.271484,6.12309e-08,-6.06886
allpass2,0.271973,6.91077e-08,-6.08271
allpass2,0.272461,7.74758e-08,-6.09658
allpass2,0.272949,8.62076e-08,-6.11047
allpass2,0.273438,9.51612e-08,-6.12437
allpass2,0.273926,1.04183e-07,-6.1383
allpass2,0.274414,1.1311e-07,-6.15225
allpass2,0.274902,1.21775e-07,-6.16622
allpass2,0.275391,1.30006e-07,-6.18021
allpass2,0.275879,1.37633e-07,-6.19422
allpass2,0.276367,1.44491e-07,-6.20825
allpass2,0.276855,1.50421e-07,-6.2223
allpass2,0.277344,1.55277e-07,-6.23638
allpass2,0.277832,1.58927e-07,-6.25047
allpass2,0.27832,1.61257e-07,-6.26459
allpass2,0.278809,1.62174e-07,-6.27872
allpass2,0.279297,1.61608e-07,-6.29288
allpass2,0.279785,1.59511e-07,-6.30706
allpass2,0.280273,1.55867e-07,-6.32126
allpass2,0.280762,1.50681e-07,-6.33549
allpass2,0.28125,1.4399e-07,-6.34973
allpass2,0.281738,1.35856e-07,-6.364
allpass2,0.282227,1.26367e-07,-6.37829
allpass2,0.282715,1.15635e-07,-6.3926
allpass2,0.283203,1.03794e-07,-6.40693
allpass2,0.283691,9.09973e-08,-6.42128
allpass2,0.28418,7.74151e-08,-6.43566
allpass2,0.284668,6.32292e-08,-6.45006
allpass2,0.285156,4.86311e-08,-6.46448
allpass2,0.285645,3.38175e-08,-6.47893
allpass2,0.286133,1.89864e-08,-6.49339
allpass2,0.286621,4.33406e-09,-6.50788
allpass2,0.287109,-9.94945e-09,-6.5224
allpass2,0.287598,-2.36832e-08,-6.53693
allpass2,0.288086,-3.66987e-08,-6.55149
allpass2,0.288574,-4.8843e-08,-6.56608
allpass2,0.289062,-5.99815e-08,-6.58068
allpass2,0.289551,-6.99995e-08,-6.59531
allpass2,0.290039,-7.88053e-08,-6.60996
allpass2,0.290527,-8.63306e-08,-6.62464
allpass2,0.291016,-9.25326e-08,-6.63934
allpass2,0.291504,-9.73941e-08,-6.65406
allpass2,0.291992,-1.00924e-07,-6.66881
allpass2,0.29248,-1.03156e-07,-6.68358
allpass2,0.292969,-1.04148e-07,-6.69838
allpass2,0.293457,-1.03983e-07,-6.7132
allpass2,0.293945,-1.02763e-07,-6.72805
allpass2,0.294434,-1.00609e-07,-6.74292
allpass2,0.294922,-9.76553e-08,-6.75781
allpass2,0.29541,-9.40485e-08,-6.77273
allpass2,0.295898,-8.99415e-08,-6.78767
allpass2,0.296387,-8.54895e-08,-6.80264
allpass2,0.296875,-8.08451e-08,-6.81763
allpass2,0.297363,-7.61535e-08,-6.83265
allpass2,0.297852,-7.15485e-08,-6.8477
allpass2,0.29834,-6.71478e-08,-6.86277
allpass2,0.298828,-6.30498e-08,-6.87786
allpass2,0.299316,-5.93305e-08,-6.89298
allpass2,0.299805,-5.60417e-08,-6.90813
allpass2,0.300293,-5.32098e-08,-6.9233
allpass2,0.300781,-5.08359e-08,-6.9385
allpass2,0.30127,-4.88967e-08,-6.95372
allpass2,0.301758,-4.73467e-08,-6.96897
allpass2,0.302246,-4.61208e-08,-6.98425
allpass2,0.302734,-4.51382e-08,-6.99956
allpass2,0.303223,-4.43061e-08,-7.01489
allpass2,0.303711,-4.35247e-08,-7.03024
allpass2,0.304199,-4.26916e-08,-7.04563
allpass2,0.304688,-4.17063e-08,-7.06104
allpass2,0.305176,-4.04745e-08,-7.07647
allpass2,0.305664,-3.89117e-08,-7.09194
allpass2,0.306152,-3.69466e-08,-7.10743
allpass2,0.306641,-3.45237e-08,-7.12295
allpass2,0.307129,-3.16044e-08,-7.1385
allpass2,0.307617,-2.81684e-08,-7.15407
allpass2,0.308105,-2.4214e-08,-7.16968
allpass2,0.308594,-1.97567e-08,-7.18531
allpass2,0.309082,-1.4829e-08,-7.20097
allpass2,0.30957,-9.47811e-09,-7.21665
allpass2,0.310059,-3.76376e-09,-7.23237
allpass2,0.310547,2.24394e-09,-7.24811
allpass2,0.311035,8.46734e-09,-7.26389
allpass2,0.311523,1.48238e-08,-7.27969
allpass2,0.312012,2.12286e-08,-7.29552
allpass2,0.3125,2.75972e-08,-7.31138
allpass2,0.312988,3.38479e-08,-7.32727
allpass2,0.313477,3.99036e-08,-7.34319
allpass2,0.313965,4.5694e-08,-7.35914
allpass2,0.314453,5.11567e-08,-7.37511
allpass2,0.314941,5.62387e-08,-7.39112
allpass2,0.31543,6.0897e-08,-7.40716
allpass2,0.315918,6.50993e-08,-7.42322
allpass2,0.316406,6.8824e-08,-7.43932
allpass2,0.316895,7.206e-08,-7.45545
allpass2,0.317383,7.48066e-08,-7.47161
allpass2,0.317871,7.70728e-08,-7.4878
allpass2,0.318359,7.88767e-08,-7.50402
allpass2,0.318848,8.02442e-08,-7.52027
allpass2,0.319336,8.12086e-08,-7.53655
allpass2,0.319824,8.18088e-08,-7.55286
allpass2,0.320312,8.20889e-08,-7.56921
allpass2,0.320801,8.20963e-08,-7.58558
allpass2,0.321289,8.18807e-08,-7.60199
allpass2,0.321777,8.14934e-08,-7.61843
allpass2,0.322266,8.09853e-08,-7.6349
allpass2,0.322754,8.04061e-08,-7.65141
allpass2,0.323242,7.98037e-08,-7.66794
allpass2,0.32373,7.92223e-08,-7.68451
allpass2,0.324219,7.87024e-08,-7.70111
allpass2,0.324707,7.82798e-08,-7.71775
allpass2,0.325195,7.79848e-08,-7.73441
allpass2,0.325684,7.78423e-08,-7.75112
allpass2,0.326172,7.78715e-08,-7.76785
allpass2,0.32666,7.80857e-08,-7.78462
allpass2,0.327148,7.84926e-08,-7.80142
allpass2,0.327637,7.90948e-08,-7.81825
allpass2,0.328125,7.98898e-08,-7.83512
allpass2,0.328613,8.08708e-08,-7.85202
allpass2,0.329102,8.20273e-08,-7.86896
allpass2,0.32959,8.33452e-08,-7.88593
allpass2,0.330078,8.48081e-08,-7.90294
allpass2,0.330566,8.6397e-08,-7.91998
allpass2,0.331055,8.80913e-08,-7.93706
allpass2,0.331543,8.9869e-08,-7.95417
allpass2,0.332031,9.17072e-08,-7.97132
allpass2,0.33252,9.35821e-08,-7.9885
allpass2,0.333008,9.54695e-08,-8.00572
allpass2,0.333496,9.73452e-08,-8.02297
allpass2,0.333984,9.91849e-08,-8.04026
allpass2,0.334473,1.00965e-07,-8.05759
allpass2,0.334961,1.02662e-07,-8.07495
allpass2,0.335449,1.04255e-07,-8.09235
allpass2,0.335938,1.05725e-07,-8.10979
allpass2,0.336426,1.07053e-07,-8.12726
allpass2,0.336914,1.08226e-07,-8.14477
allpass2,0.337402,1.09235e-07,-8.16232
allpass2,0.337891,1.10072e-07,-8.17991
allpass2,0.338379,1.10737e-07,-8.19753
allpass2,0.338867,1.11236e-07,-8.21519
allpass2,0.339355,1.11578e-07,-8.2329
allpass2,0.339844,1.11779e-07,-8.25063
allpass2,0.340332,1.1186e-07,-8.26841
allpass2,0.34082,1.11845e-07,-8.28623
allpass2,0.341309,1.11764e-07,-8.30408
allpass2,0.341797,1.11648e-07,-8.32198
allpass2,0.342285,1.1153e-07,-8.33991
allpass2,0.342773,1.11441e-07,-8.35789
allpass2,0.343262,1.11413e-07,-8.3759
allpass2,0.34375,1.11474e-07,-8.39396
allpass2,0.344238,1.11649e-07,-8.41205
allpass2,0.344727,1.1196e-07,-8.43019
allpass2,0.345215,1.12421e-07,-8.44836
allpass2,0.345703,1.13043e-07,-8.46658
allpass2,0.346191,1.13833e-07,-8.48484
allpass2,0.34668,1.14793e-07,-8.50314
allpass2,0.347168,1.1592e-07,-8.52148
allpass2,0.347656,1.17209e-07,-8.53986
allpass2,0.348145,1.18652e-07,-8.55829
allpass2,0.348633,1.2024e-07,-8.57676
allpass2,0.349121,1.21963e-07,-8.59527
allpass2,0.349609,1.23811e-07,-8.61382
allpass2,0.350098,1.25772e-07,-8.63242
allpass2,0.350586,1.27835e-07,-8.65106
allpass2,0.351074,1.29991e-07,-8.66974
allpass2,0.351562,1.32228e-07,-8.68847
allpass2,0.352051,1.34535e-07,-8.70724
allpass2,0.352539,1.36903e-07,-8.72606
allpass2,0.353027,1.39318e-07,-8.74492
allpass2,0.353516,1.41771e-07,-8.76382
allpass2,0.354004,1.44251e-07,-8.78277
allpass2,0.354492,1.46745e-07,-8.80177
allpass2,0.35498,1.49245e-07,-8.82081
allpass2,0.355469,1.51744e-07,-8.83989
allpass2,0.355957,1.54235e-07,-8.85903
allpass2,0.356445,1.56717e-07,-8.87821
allpass2,0.356934,1.59192e-07,-8.89743
allpass2,0.357422,1.61668e-07,-8.9167
allpass2,0.35791,1.64156e-07,-8.93602
allpass2,0.358398,1.66672e-07,-8.95539
allpass2,0.358887,1.69239e-07,-8.97481
allpass2,0.359375,1.71881e-07,-8.99427
allpass2,0.359863,1.74628e-07,-9.01378
allpass2,0.360352,1.77508e-07,-9.03334
allpass2,0.36084,1.80553e-07,-9.05295
allpass2,0.361328,1.83792e-07,-9.07261
allpass2,0.361816,1.8725e-07,-9.09231
allpass2,0.362305,1.90949e-07,-9.11207
allpass2,0.362793,1.94904e-07,-9.13188
allpass2,0.363281,1.99121e-07,-9.15173
allpass2,0.36377,2.03601e-07,-9.17164
allpass2,0.364258,2.08333e-07,-9.1916
allpass2,0.364746,2.13297e-07,-9.21161
allpass2,0.365234,2.18467e-07,-9.23167
allpass2,0.365723,2.23805e-07,-9.25178
allpass2,0.366211,2.29268e-07,-9.27195
allpass2,0.366699,2.34806e-07,-9.29217
allpass2,0.367188,2.40363e-07,-9.31244
allpass2,0.367676,2.45881e-07,-9.33276
allpass2,0.368164,2.51301e-07,-9.35314
allpass2,0.368652,2.56561e-07,-9.37357
allpass2,0.369141,2.61604e-07,-9.39405
allpass2,0.369629,2.66369e-07,-9.41459
allpass2,0.370117,2.70803e-07,-9.43518
allpass2,0.370605,2.74852e-07,-9.45583
allpass2,0.371094,2.78469e-07,-9.47654
allpass2,0.371582,2.81607e-07,-9.4973
allpass2,0.37207,2.84226e-07,-9.51811
allpass2,0.372559,2.86286e-07,-9.53898
allpass2,0.373047,2.87754e-07,-9.55991
allpass2,0.373535,2.88599e-07,-9.5809
allpass2,0.374023,2.88792e-07,-9.60194
allpass2,0.374512,2.8831e-07,-9.62304
allpass2,0.375,2.87134e-07,-9.6442
allpass2,0.375488,2.85249e-07,-9.66542
allpass2,0.375977,2.82644e-07,-9.6867
allpass2,0.376465,2.79316e-07,-9.70803
allpass2,0.376953,2.75265e-07,-9.72943
allpass2,0.377441,2.70499e-07,-9.75089
allpass2,0.37793,2.65033e-07,-9.7724
allpass2,0.378418,2.58884e-07,-9.79398
allpass2,0.378906,2.5208e-07,-9.81562
allpass2,0.379395,2.44651e-07,-9.83732
allpass2,0.379883,2.36635e-07,-9.85908
allpass2,0.380371,2.28073e-07,-9.88091
allpass2,0.380859,2.19009e-07,-9.90279
allpass2,0.381348,2.09494e-07,-9.92475
allpass2,0.381836,1.99578e-07,-9.94676
allpass2,0.382324,1.89315e-07,-9.96884
allpass2,0.382812,1.7876e-07,-9.99098
allpass2,0.383301,1.67967e-07,-10.0132
allpass2,0.383789,1.56994e-07,-10.0355
allpass2,0.384277,1.45894e-07,-10.0578
allpass2,0.384766,1.34722e-07,-10.0802
allpass2,0.385254,1.2353e-07,-10.1027
allpass2,0.385742,1.12368e-07,-10.1252
allpass2,0.38623,1.01282e-07,-10.1478
allpass2,0.386719,9.03164e-08,-10.1705
allpass2,0.387207,7.95089e-08,-10.1933
allpass2,0.387695,6.88944e-08,-10.2161
allpass2,0.388184,5.8502e-08,-10.2389
allpass2,0.388672,4.83553e-08,-10.2619
allpass2,0.38916,3.84723e-08,-10.2849
allpass2,0.389648,2.88655e-08,-10.308
allpass2,0.390137,1.95418e-08,-10.3312
allpass2,0.390625,1.05027e-08,-10.3544
allpass2,0.391113,1.74547e-09,-10.3777
allpass2,0.391602,-6.73696e-09,-10.4011
allpass2,0.39209,-1.49547e-08,-10.4246
allpass2,0.392578,-2.29202e-08,-10.4481
allpass2,0.393066,-3.06473e-08,-10.4717
allpass2,0.393555,-3.81502e-08,-10.4954
allpass2,0.394043,-4.54429e-08,-10.5191
allpass2,0.394531,-5.2538e-08,-10.543
allpass2,0.39502,-5.94465e-08,-10.5669
allpass2,0.395508,-6.61774e-08,-10.5909
allpass2,0.395996,-7.27373e-08,-10.6149
allpass2,0.396484,-7.91304e-08,-10.6391
allpass2,0.396973,-8.5359e-08,-10.6633
allpass2,0.397461,-9.14238e-08,-10.6876
allpass2,0.397949,-9.73243e-08,-10.712
allpass2,0.398438,-1.0306e-07,-10.7364
allpass2,0.398926,-1.08631e-07,-10.761
allpass2,0.399414,-1.14038e-07,-10.7856
allpass2,0.399902,-1.19284e-07,-10.8103
allpass2,0.400391,-1.24375e-07,-10.8351
allpass2,0.400879,-1.29321e-07,-10.86
allpass2,0.401367,-1.34134e-07,-10.8849
allpass2,0.401855,-1.38831e-07,-10.91
allpass2,0.402344,-1.43433e-07,-10.9351
allpass2,0.402832,-1.47967e-07,-10.9603
allpass2,0.40332,-1.52461e-07,-10.9856
allpass2,0.403809,-1.5695e-07,-11.011
allpass2,0.404297,-1.61469e-07,-11.0365
allpass2,0.404785,-1.66059e-07,-11.0621
allpass2,0.405273,-1.70761e-07,-11.0877
allpass2,0.405762,-1.75619e-07,-11.1135
allpass2,0.40625,-1.80676e-07,-11.1393
allpass2,0.406738,-1.85976e-07,-11.1653
allpass2,0.407227,-1.91563e-07,-11.1913
allpass2,0.407715,-1.97475e-07,-11.2174
allpass2,0.408203,-2.03752e-07,-11.2436
allpass2,0.408691,-2.10427e-07,-11.2699
allpass2,0.40918,-2.17529e-07,-11.2963
allpass2,0.409668,-2.2508e-07,-11.3228
allpass2,0.410156,-2.33098e-07,-11.3494
allpass2,0.410645,-2.41593e-07,-11.3761
allpass2,0.411133,-2.50566e-07,-11.4029
allpass2,0.411621,-2.60014e-07,-11.4298
allpass2,0.412109,-2.69925e-07,-11.4568
allpass2,0.412598,-2.8028e-07,-11.4839
allpass2,0.413086,-2.91056e-07,-11.5111
allpass2,0.413574,-3.02225e-07,-11.5384
allpass2,0.414062,-3.13757e-07,-11.5658
allpass2,0.414551,-3.25622e-07,-11.5933
allpass2,0.415039,-3.37794e-07,-11.6209
allpass2,0.415527,-3.50252e-07,-11.6487
allpass2,0.416016,-3.62987e-07,-11.6765
allpass2,0.416504,-3.76003e-07,-11.7044
allpass2,0.416992,-3.89325e-07,-11.7325
allpass2,0.41748,-4.03005e-07,-11.7606
allpass2,0.417969,-4.17127e-07,-11.7889
allpass2,0.418457,-4.31817e-07,-11.8173
allpass2,0.418945,-4.4725e-07,-11.8458
allpass2,0.419434,-4.63657e-07,-11.8744
allpass2,0.419922,-4.81345e-07,-11.9031
allpass2,0.42041,-5.00697e-07,-11.932
allpass2,0.420898,-5.22197e-07,-11.9609
allpass2,0.421387,-5.46438e-07,-11.99
allpass2,0.421875,-5.74142e-07,-12.0192
allpass2,0.422363,-6.06184e-07,-12.0485
allpass2,0.422852,-6.43605e-07,-12.078
allpass2,0.42334,-6.8765e-07,-12.1075
allpass2,0.423828,-7.39788e-07,-12.1372
allpass2,0.424316,-8.01748e-07,-12.167
allpass2,0.424805,-8.75562e-07,-12.197
allpass2,0.425293,-9.63602e-07,-12.227
allpass2,0.425781,-1.06863e-06,-12.2572
allpass2,0.42627,-1.19387e-06,-12.2876
allpass2,0.426758,-1.34303e-06,-12.318
allpass2,0.427246,-1.52043e-06,-12.3486
allpass2,0.427734,-1.73104e-06,-12.3793
allpass2,0.428223,-1.98058e-06,-12.4102
allpass2,0.428711,-2.27565e-06,-12.4412
allpass2,0.429199,-2.6238e-06,-12.4723
allpass2,0.429688,-3.03368e-06,-12.5036
allpass2,0.430176,-3.51519e-06,-12.535
allpass2,0.430664,-4.07963e-06,-12.5666
allpass2,0.431152,-4.73987e-06,-12.5983
allpass2,0.431641,-5.51056e-06,-12.6301
allpass2,0.432129,-6.40835e-06,-12.6621
allpass2,0.432617,-7.45212e-06,-12.6943
allpass2,0.433105,-8.66327e-06,-12.7266
allpass2,0.433594,-1.0066e-05,-12.759
allpass2,0.434082,-1.16876e-05,-12.7916
allpass2,0.43457,-1.35591e-05,-12.8243
allpass2,0.435059,-1.57151e-05,-12.8573
allpass2,0.435547,-1.81949e-05,-12.8903
allpass2,0.436035,-2.10425e-05,-12.9235
allpass2,0.436523,-2.43074e-05,-12.9569
allpass2,0.437012,-2.80451e-05,-12.9905
allpass2,0.4375,-3.23181e-05,-13.0242
allpass2,0.437988,-3.71961e-05,-13.0581
allpass2,0.438477,-4.27573e-05,-13.0921
allpass2,0.438965,-4.90891e-05,-13.1263
allpass2,0.439453,-5.62893e-05,-13.1607
allpass2,0.439941,-6.44671e-05,-13.1953
allpass2,0.44043,-7.37443e-05,-13.2301
allpass2,0.440918,-8.42568e-05,-13.265
allpass2,0.441406,-9.61562e-05,-13.3001
allpass2,0.441895,-0.000109611,-13.3354
allpass2,0.442383,-0.00012481,-13.3708
allpass2,0.442871,-0.000141961,-13.4065
allpass2,0.443359,-0.000161298,-13.4424
allpass2,0.443848,-0.000183078,-13.4784
allpass2,0.444336,-0.000207589,-13.5146
allpass2,0.444824,-0.00023515,-13.5511
allpass2,0.445312,-0.000266114,-13.5877
allpass2,0.445801,-0.000300874,-13.6245
allpass2,0.446289,-0.000339865,-13.6616
allpass2,0.446777,-0.00038357,-13.6988
allpass2,0.447266,-0.000432521,-13.7363
allpass2,0.447754,-0.000487311,-13.7739
allpass2,0.448242,-0.000548594,-13.8118
allpass2,0.44873,-0.000617094,-13.8499
allpass2,0.449219,-0.000693612,-13.8883
allpass2,0.449707,-0.000779032,-13.9268
allpass2,0.450195,-0.000874332,-13.9656
allpass2,0.450684,-0.000980593,-14.0046
allpass2,0.451172,-0.00109901,-14.0438
allpass2,0.45166,-0.00123089,-14.0833
allpass2,0.452148,-0.00137769,-14.123
allpass2,0.452637,-0.00154102,-14.163
allpass2,0.453125,-0.00172264,-14.2032
allpass2,0.453613,-0.00192449,-14.2437
allpass2,0.454102,-0.00214872,-14.2844
allpass2,0.45459,-0.0023977,-14.3253
allpass2,0.455078,-0.00267403,-14.3666
allpass2,0.455566,-0.00298057,-14.4081
allpass2,0.456055,-0.00332047,-14.4499
allpass2,0.456543,-0.00369721,-14.4919
allpass2,0.457031,-0.0041146,-14.5342
allpass2,0.45752,-0.00457685,-14.5769
allpass2,0.458008,-0.00508856,-14.6198
allpass2,0.458496,-0.00565481,-14.663
allpass2,0.458984,-0.00628119,-14.7065
allpass2,0.459473,-0.00697381,-14.7503
allpass2,0.459961,-0.0077394,-14.7944
allpass2,0.460449,-0.00858537,-14.8388
allpass2,0.460938,-0.00951982,-14.8836
allpass2,0.461426,-0.0105517,-14.9286
allpass2,0.461914,-0.0116907,-14.9741
allpass2,0.462402,-0.0129477,-15.0198
allpass2,0.462891,-0.0143343,-15.0659
allpass2,0.463379,-0.0158635,-15.1123
allpass2,0.463867,-0.0175496,-15.1591
allpass2,0.464355,-0.0194079,-15.2063
allpass2,0.464844,-0.0214556,-15.2538
allpass2,0.465332,-0.0237114,-15.3017
allpass2,0.46582,-0.0261957,-15.3501
allpass2,0.466309,-0.0289309,-15.3988
allpass2,0.466797,-0.0319417,-15.4479
allpass2,0.467285,-0.0352549,-15.4974
allpass2,0.467773,-0.0389002,-15.5473
allpass2,0.468262,-0.0429098,-15.5977
allpass2,0.46875,-0.0473191,-15.6485
allpass2,0.469238,-0.052167,-15.6997
allpass2,0.469727,-0.0574959,-15.7514
allpass2,0.470215,-0.0633522,-15.8036
allpass2,0.470703,-0.0697869,-15.8563
allpass2,0.471191,-0.0768557,-15.9094
allpass2,0.47168,-0.0846195,-15.9631
allpass2,0.472168,-0.0931452,-16.0172
allpass2,0.472656,-0.102506,-16.0719
allpass2,0.473145,-0.112781,-16.1272
allpass2,0.473633,-0.124058,-16.183
allpass2,0.474121,-0.136434,-16.2393
allpass2,0.474609,-0.150012,-16.2962
allpass2,0.475098,-0.164907,-16.3538
allpass2,0.475586,-0.181245,-16.4119
allpass2,0.476074,-0.199162,-16.4707
allpass2,0.476562,-0.218808,-16.5301
allpass2,0.477051,-0.240348,-16.5901
allpass2,0.477539,-0.263961,-16.6509
allpass2,0.478027,-0.289844,-16.7123
allpass2,0.478516,-0.31821,-16.7744
allpass2,0.479004,-0.349294,-16.8373
allpass2,0.479492,-0.383355,-16.9009
allpass2,0.47998,-0.420672,-16.9653
allpass2,0.480469,-0.461554,-17.0305
allpass2,0.480957,-0.506337,-17.0965
allpass2,0.481445,-0.55539,-17.1633
allpass2,0.481934,-0.609117,-17.2309
allpass2,0.482422,-0.667958,-17.2994
allpass2,0.48291,-0.732399,-17.3688
allpass2,0.483398,-0.80297,-17.4391
allpass2,0.483887,-0.880254,-17.5104
allpass2,0.484375,-0.964887,-17.5826
allpass2,0.484863,-1.05757,-17.6558
allpass2,0.485352,-1.15908,-17.7299
allpass2,0.48584,-1.27025,-17.8051
allpass2,0.486328,-1.39203,-17.8813
allpass2,0.486816,-1.52543,-17.9585
allpass2,0.487305,-1.67161,-18.0368
allpass2,0.487793,-1.83181,-18.1162
allpass2,0.488281,-2.00744,-18.1967
allpass2,0.48877,-2.20004,-18.2782
allpass2,0.489258,-2.41136,-18.3609
allpass2,0.489746,-2.64334,-18.4446
allpass2,0.490234,-2.89817,-18.5295
allpass2,0.490723,-3.17834,-18.6155
allpass2,0.491211,-3.48669,-18.7026
allpass2,0.491699,-3.82646,-18.7908
allpass2,0.492188,-4.20141,-18.88
allpass2,0.492676,-4.61598,-18.9703
allpass2,0.493164,-5.07537,-19.0617
allpass2,0.493652,-5.58586,-19.154
allpass2,0.494141,-6.15512,-19.2473
allpass2,0.494629,-6.79263,-19.3415
allpass2,0.495117,-7.51048,-19.4366
allpass2,0.495605,-8.32438,-19.5325
allpass2,0.496094,-9.25541,-19.6291
allpass2,0.496582,-10.3329,-19.7265
allpass2,0.49707,-11.5996,-19.8244
allpass2,0.497559,-13.1214,-19.9229
allpass2,0.498047,-15.0085,-20.0218
allpass2,0.498535,-17.4673,-20.1211
allpass2,0.499023,-20.9604,-20.2207
allpass2,0.499512,-26.9638,-20.3205
allpass4,0,1.34225e-07,0
allpass4,0.000488281,1.34105e-07,-0.0145414
allpass4,0.000976562,1.33745e-07,-0.0290828
allpass4,0.00146484,1.33145e-07,-0.0436242
allpass4,0.00195312,1.32303e-07,-0.0581657
allpass4,0.00244141,1.31216e-07,-0.0727073
allpass4,0.00292969,1.29882e-07,-0.087249
allpass4,0.00341797,1.28296e-07,-0.101791
allpass4,0.00390625,1.26454e-07,-0.116333
allpass4,0.00439453,1.24349e-07,-0.130875
allpass4,0.00488281,1.21974e-07,-0.145417
allpass4,0.00537109,1.19318e-07,-0.15996
allpass4,0.00585938,1.16372e-07,-0.174503
allpass4,0.00634766,1.13124e-07,-0.189046
allpass4,0.00683594,1.0956e-07,-0.203589
allpass4,0.00732422,1.05666e-07,-0.218133
allpass4,0.0078125,1.01427e-07,-0.232677
allpass4,0.00830078,9.68273e-08,-0.247221
allpass4,0.00878906,9.18519e-08,-0.261766
allpass4,0.00927734,8.64855e-08,-0.276311
allpass4,0.00976562,8.07139e-08,-0.290857
allpass4,0.0102539,7.45244e-08,-0.305403
allpass4,0.0107422,6.79063e-08,-0.31995
allpass4,0.0112305,6.08514e-08,-0.334497
allpass4,0.0117188,5.33545e-08,-0.349044
allpass4,0.012207,4.54137e-08,-0.363592
allpass4,0.0126953,3.70311e-08,-0.378141
allpass4,0.0131836,2.82126e-08,-0.39269
allpass4,0.0136719,1.89685e-08,-0.40724
allpass4,0.0141602,9.31344e-09,-0.421791
allpass4,0.0146484,-7.33778e-10,-0.436342
allpass4,0.0151367,-1.115e-08,-0.450893
allpass4,0.015625,-2.19081e-08,-0.465446
allpass4,0.0161133,-3.29772e-08,-0.479999
allpass4,0.0166016,-4.43231e-08,-0.494553
allpass4,0.0170898,-5.59087e-08,-0.509108
allpass4,0.0175781,-6.76946e-08,-0.523663
allpass4,0.0180664,-7.96396e-08,-0.53822
allpass4,0.0185547,-9.17016e-08,-0.552777
allpass4,0.019043,-1.03838e-07,-0.567335
allpass4,0.0195312,-1.16008e-07,-0.581894
allpass4,0.0200195,-1.2817e-07,-0.596453
allpass4,0.0205078,-1.40286e-07,-0.611014
allpass4,0.0209961,-1.52322e-07,-0.625576
allpass4,0.0214844,-1.64245e-07,-0.640138
allpass4,0.0219727,-1.76029e-07,-0.654702
allpass4,0.0224609,-1.87651e-07,-0.669266
allpass4,0.0229492,-1.99095e-07,-0.683832
allpass4,0.0234375,-2.10349e-07,-0.698399
allpass4,0.0239258,-2.21408e-07,-0.712966
allpass4,0.0244141,-2.32269e-07,-0.727535
allpass4,0.0249023,-2.42939e-07,-0.742105
allpass4,0.0253906,-2.53423e-07,-0.756676
allpass4,0.0258789,-2.63733e-07,-0.771249
allpass4,0.0263672,-2.73884e-07,-0.785822
allpass4,0.0268555,-2.83889e-07,-0.800397
allpass4,0.0273438,-2.93765e-07,-0.814973
allpass4,0.027832,-3.03525e-07,-0.82955
allpass4,0.0283203,-3.13183e-07,-0.844129
allpass4,0.0288086,-3.22749e-07,-0.858708
allpass4,0.0292969,-3.32229e-07,-0.873289
allpass4,0.0297852,-3.41625e-07,-0.887872
allpass4,0.0302734,-3.50935e-07,-0.902456
allpass4,0.0307617,-3.60151e-07,-0.917041
allpass4,0.03125,-3.69259e-07,-0.931628
allpass4,0.0317383,-3.78242e-07,-0.946216
allpass4,0.0322266,-3.87074e-07,-0.960805
allpass4,0.0327148,-3.95726e-07,-0.975396
allpass4,0.0332031,-4.04165e-07,-0.989989
allpass4,0.0336914,-4.12352e-07,-1.00458
allpass4,0.0341797,-4.20246e-07,-1.01918
allpass4,0.034668,-4.27804e-07,-1.03378
allpass4,0.0351562,-4.34981e-07,-1.04837
allpass4,0.0356445,-4.41731e-07,-1.06298
allpass4,0.0361328,-4.4801e-07,-1.07758
allpass4,0.0366211,-4.53772e-07,-1.09218
allpass4,0.0371094,-4.58979e-07,-1.10679
allpass4,0.0375977,-4.63591e-07,-1.12139
allpass4,0.0380859,-4.67576e-07,-1.136
allpass4,0.0385742,-4.70905e-07,-1.15061
allpass4,0.0390625,-4.73556e-07,-1.16523
allpass4,0.0395508,-4.7551e-07,-1.17984
allpass4,0.0400391,-4.76758e-07,-1.19446
allpass4,0.0405273,-4.77296e-07,-1.20907
allpass4,0.0410156,-4.77127e-07,-1.22369
allpass4,0.0415039,-4.76259e-07,-1.23832
allpass4,0.0419922,-4.74711e-07,-1.25294
allpass4,0.0424805,-4.72504e-07,-1.26757
allpass4,0.0429688,-4.69667e-07,-1.28219
allpass4,0.043457,-4.66237e-07,-1.29682
allpass4,0.0439453,-4.62255e-07,-1.31145
allpass4,0.0444336,-4.57765e-07,-1.32609
allpass4,0.0449219,-4.52819e-07,-1.34072
allpass4,0.0454102,-4.4747e-07,-1.35536
allpass4,0.0458984,-4.41773e-07,-1.37
allpass4,0.0463867,-4.35787e-07,-1.38464
allpass4,0.046875,-4.29569e-07,-1.39929
allpass4,0.0473633,-4.23175e-07,-1.41393
allpass4,0.0478516,-4.1666e-07,-1.42858
allpass4,0.0483398,-4.10076e-07,-1.44323
allpass4,0.0488281,-4.0347e-07,-1.45789
allpass4,0.0493164,-3.96885e-07,-1.47254
allpass4,0.0498047,-3.90357e-07,-1.4872
allpass4,0.050293,-3.83916e-07,-1.50186
allpass4,0.0507812,-3.77588e-07,-1.51652
allpass4,0.0512695,-3.71391e-07,-1.53119
allpass4,0.0517578,-3.65337e-07,-1.54585
allpass4,0.0522461,-3.59434e-07,-1.56052
allpass4,0.0527344,-3.53684e-07,-1.5752
allpass4,0.0532227,-3.48087e-07,-1.58987
allpass4,0.0537109,-3.42641e-07,-1.60455
allpass4,0.0541992,-3.37341e-07,-1.61923
allpass4,0.0546875,-3.32182e-07,-1.63391
allpass4,0.0551758,-3.27163e-07,-1.64859
allpass4,0.0556641,-3.22281e-07,-1.66328
allpass4,0.0561523,-3.17538e-07,-1.67797
allpass4,0.0566406,-3.12938e-07,-1.69266
allpass4,0.0571289,-3.08491e-07,-1.70736
allpass4,0.0576172,-3.04208e-07,-1.72205
allpass4,0.0581055,-3.00106e-07,-1.73676
allpass4,0.0585938,-2.96203e-07,-1.75146
allpass4,0.059082,-2.92523e-07,-1.76616
allpass4,0.0595703,-2.89088e-07,-1.78087
allpass4,0.0600586,-2.85924e-07,-1.79558
allpass4,0.0605469,-2.83055e-07,-1.8103
allpass4,0.0610352,-2.80504e-07,-1.82502
allpass4,0.0615234,-2.78291e-07,-1.83974
allpass4,0.0620117,-2.76432e-07,-1.85446
allpass4,0.0625,-2.74938e-07,-1.86918
allpass4,0.0629883,-2.73813e-07,-1.88391
allpass4,0.0634766,-2.73054e-07,-1.89864
allpass4,0.0639648,-2.72651e-07,-1.91338
allpass4,0.0644531,-2.72585e-07,-1.92812
allpass4,0.0649414,-2.72831e-07,-1.94286
allpass4,0.0654297,-2.73355e-07,-1.9576
allpass4,0.065918,-2.74118e-07,-1.97235
allpass4,0.0664062,-2.75073e-07,-1.9871
allpass4,0.0668945,-2.76171e-07,-2.00185
allpass4,0.0673828,-2.77358e-07,-2.01661
allpass4,0.0678711,-2.78581e-07,-2.03137
allpass4,0.0683594,-2.79785e-07,-2.04613
allpass4,0.0688477,-2.80918e-07,-2.06089
allpass4,0.0693359,-2.81931e-07,-2.07566
allpass4,0.0698242,-2.8278e-07,-2.09044
allpass4,0.0703125,-2.83425e-07,-2.10521
allpass4,0.0708008,-2.83836e-07,-2.11999
allpass4,0.0712891,-2.83987e-07,-2.13477
allpass4,0.0717773,-2.83862e-07,-2.14956
allpass4,0.0722656,-2.83452e-07,-2.16435
allpass4,0.0727539,-2.82756e-07,-2.17914
allpass4,0.0732422,-2.81779e-07,-2.19394
allpass4,0.0737305,-2.80534e-07,-2.20874
allpass4,0.0742188,-2.79039e-07,-2.22354
allpass4,0.074707,-2.77318e-07,-2.23835
allpass4,0.0751953,-2.75398e-07,-2.25316
allpass4,0.0756836,-2.73308e-07,-2.26797
allpass4,0.0761719,-2.7108e-07,-2.28279
allpass4,0.0766602,-2.68744e-07,-2.29761
allpass4,0.0771484,-2.66333e-07,-2.31243
allpass4,0.0776367,-2.63875e-07,-2.32726
allpass4,0.078125,-2.61398e-07,-2.34209
allpass4,0.0786133,-2.58924e-07,-2.35693
allpass4,0.0791016,-2.56474e-07,-2.37177
allpass4,0.0795898,-2.54065e-07,-2.38661
allpass4,0.0800781,-2.51709e-07,-2.40146
allpass4,0.0805664,-2.49414e-07,-2.41631
allpass4,0.0810547,-2.47187e-07,-2.43116
allpass4,0.081543,-2.45029e-07,-2.44602
allpass4,0.0820312,-2.42941e-07,-2.46089
allpass4,0.0825195,-2.40922e-07,-2.47575
allpass4,0.0830078,-2.38969e-07,-2.49062
allpass4,0.0834961,-2.37081e-07,-2.5055
allpass4,0.0839844,-2.35254e-07,-2.52038
allpass4,0.0844727,-2.33488e-07,-2.53526
allpass4,0.0849609,-2.31784e-07,-2.55014
allpass4,0.0854492,-2.30142e-07,-2.56504
allpass4,0.0859375,-2.28564e-07,-2.57993
allpass4,0.0864258,-2.27055e-07,-2.59483
allpass4,0.0869141,-2.25618e-07,-2.60973
allpass4,0.0874023,-2.24258e-07,-2.62464
allpass4,0.0878906,-2.22976e-07,-2.63955
allpass4,0.0883789,-2.21776e-07,-2.65447
allpass4,0.0888672,-2.20657e-07,-2.66939
allpass4,0.0893555,-2.19617e-07,-2.68431
allpass4,0.0898438,-2.1865e-07,-2.69924
allpass4,0.090332,-2.17749e-07,-2.71417
allpass4,0.0908203,-2.16902e-07,-2.72911
allpass4,0.0913086,-2.16097e-07,-2.74405
allpass4,0.0917969,-2.15317e-07,-2.759
allpass4,0.0922852,-2.14546e-07,-2.77395
allpass4,0.0927734,-2.13767e-07,-2.7889
allpass4,0.0932617,-2.1296e-07,-2.80386
allpass4,0.09375,-2.12112e-07,-2.81883
allpass4,0.0942383,-2.11207e-07,-2.83379
allpass4,0.0947266,-2.10233e-07,-2.84877
allpass4,0.0952148,-2.09184e-07,-2.86374
allpass4,0.0957031,-2.08055e-07,-2.87873
allpass4,0.0961914,-2.06847e-07,-2.89371
allpass4,0.0966797,-2.05563e-07,-2.90871
allpass4,0.097168,-2.04212e-07,-2.9237
allpass4,0.0976562,-2.02806e-07,-2.9387
allpass4,0.0981445,-2.01358e-07,-2.95371
allpass4,0.0986328,-1.99884e-07,-2.96872
allpass4,0.0991211,-1.98403e-07,-2.98374
allpass4,0.0996094,-1.9693e-07,-2.99876
allpass4,0.100098,-1.95482e-07,-3.01378
allpass4,0.100586,-1.94072e-07,-3.02881
allpass4,0.101074,-1.92713e-07,-3.04385
allpass4,0.101562,-1.91413e-07,-3.05889
allpass4,0.102051,-1.90176e-07,-3.07393
allpass4,0.102539,-1.89005e-07,-3.08898
allpass4,0.103027,-1.87898e-07,-3.10404
allpass4,0.103516,-1.8685e-07,-3.1191
allpass4,0.104004,-1.85854e-07,-3.13416
allpass4,0.104492,-1.84902e-07,-3.14923
allpass4,0.10498,-1.83984e-07,-3.16431
allpass4,0.105469,-1.83091e-07,-3.17939
allpass4,0.105957,-1.82216e-07,-3.19448
allpass4,0.106445,-1.81351e-07,-3.20957
allpass4,0.106934,-1.80492e-07,-3.22466
allpass4,0.107422,-1.79639e-07,-3.23977
allpass4,0.10791,-1.78795e-07,-3.25487
allpass4,0.108398,-1.77964e-07,-3.26999
allpass4,0.108887,-1.77157e-07,-3.2851
allpass4,0.109375,-1.76388e-07,-3.30023
allpass4,0.109863,-1.75674e-07,-3.31535
allpass4,0.110352,-1.75033e-07,-3.33049
allpass4,0.11084,-1.74488e-07,-3.34563
allpass4,0.111328,-1.74062e-07,-3.36077
allpass4,0.111816,-1.73782e-07,-3.37592
allpass4,0.112305,-1.73671e-07,-3.39108
allpass4,0.112793,-1.73754e-07,-3.40624
allpass4,0.113281,-1.74056e-07,-3.42141
allpass4,0.11377,-1.74597e-07,-3.43658
allpass4,0.114258,-1.75397e-07,-3.45176
allpass4,0.114746,-1.76471e-07,-3.46695
allpass4,0.115234,-1.77833e-07,-3.48214
allpass4,0.115723,-1.79491e-07,-3.49733
allpass4,0.116211,-1.81448e-07,-3.51253
allpass4,0.116699,-1.83706e-07,-3.52774
allpass4,0.117188,-1.86259e-07,-3.54295
allpass4,0.117676,-1.891e-07,-3.55817
allpass4,0.118164,-1.92217e-07,-3.5734
allpass4,0.118652,-1.95594e-07,-3.58863
allpass4,0.119141,-1.99214e-07,-3.60387
allpass4,0.119629,-2.03057e-07,-3.61911
allpass4,0.120117,-2.07101e-07,-3.63436
allpass4,0.120605,-2.11324e-07,-3.64962
allpass4,0.121094,-2.15704e-07,-3.66488
allpass4,0.121582,-2.20219e-07,-3.68014
allpass4,0.12207,-2.24849e-07,-3.69542
allpass4,0.122559,-2.29573e-07,-3.7107
allpass4,0.123047,-2.34375e-07,-3.72598
allpass4,0.123535,-2.3924e-07,-3.74128
allpass4,0.124023,-2.44155e-07,-3.75657
allpass4,0.124512,-2.49109e-07,-3.77188
allpass4,0.125,-2.54093e-07,-3.78719
allpass4,0.125488,-2.59102e-07,-3.80251
allpass4,0.125977,-2.64128e-07,-3.81783
allpass4,0.126465,-2.69168e-07,-3.83316
allpass4,0.126953,-2.74217e-07,-3.8485
allpass4,0.127441,-2.79271e-07,-3.86384
allpass4,0.12793,-2.84325e-07,-3.87919
allpass4,0.128418,-2.89374e-07,-3.89455
allpass4,0.128906,-2.94409e-07,-3.90991
allpass4,0.129395,-2.99423e-07,-3.92528
allpass4,0.129883,-3.04405e-07,-3.94066
allpass4,0.130371,-3.09345e-07,-3.95604
allpass4,0.130859,-3.14228e-07,-3.97143
allpass4,0.131348,-3.19044e-07,-3.98683
allpass4,0.131836,-3.23778e-07,-4.00223
allpass4,0.132324,-3.28418e-07,-4.01764
allpass4,0.132812,-3.32954e-07,-4.03306
allpass4,0.133301,-3.37375e-07,-4.04848
allpass4,0.133789,-3.41676e-07,-4.06391
allpass4,0.134277,-3.4585e-07,-4.07935
allpass4,0.134766,-3.49897e-07,-4.09479
allpass4,0.135254,-3.53817e-07,-4.11024
allpass4,0.135742,-3.57612e-07,-4.1257
allpass4,0.13623,-3.61287e-07,-4.14116
allpass4,0.136719,-3.64848e-07,-4.15664
allpass4,0.137207,-3.683e-07,-4.17212
allpass4,0.137695,-3.71648e-07,-4.1876
allpass4,0.138184,-3.74895e-07,-4.2031
allpass4,0.138672,-3.78042e-07,-4.2186
allpass4,0.13916,-3.81085e-07,-4.23411
allpass4,0.139648,-3.84019e-07,-4.24962
allpass4,0.140137,-3.86832e-07,-4.26514
allpass4,0.140625,-3.8951e-07,-4.28067
allpass4,0.141113,-3.92034e-07,-4.29621
allpass4,0.141602,-3.9438e-07,-4.31176
allpass4,0.14209,-3.96522e-07,-4.32731
allpass4,0.142578,-3.98433e-07,-4.34287
allpass4,0.143066,-4.00082e-07,-4.35843
allpass4,0.143555,-4.01439e-07,-4.37401
allpass4,0.144043,-4.02475e-07,-4.38959
allpass4,0.144531,-4.03162e-07,-4.40518
allpass4,0.14502,-4.03476e-07,-4.42078
allpass4,0.145508,-4.03395e-07,-4.43638
allpass4,0.145996,-4.02902e-07,-4.452
allpass4,0.146484,-4.01987e-07,-4.46762
allpass4,0.146973,-4.00642e-07,-4.48325
allpass4,0.147461,-3.98867e-07,-4.49888
allpass4,0.147949,-3.96667e-07,-4.51453
allpass4,0.148438,-3.94053e-07,-4.53018
allpass4,0.148926,-3.91042e-07,-4.54584
allpass4,0.149414,-3.87654e-07,-4.5615
allpass4,0.149902,-3.83916e-07,-4.57718
allpass4,0.150391,-3.79856e-07,-4.59286
allpass4,0.150879,-3.75508e-07,-4.60856
allpass4,0.151367,-3.70907e-07,-4.62426
allpass4,0.151855,-3.6609e-07,-4.63996
allpass4,0.152344,-3.61095e-07,-4.65568
allpass4,0.152832,-3.5596e-07,-4.6714
allpass4,0.15332,-3.50723e-07,-4.68713
allpass4,0.153809,-3.4542e-07,-4.70288
allpass4,0.154297,-3.40086e-07,-4.71862
allpass4,0.154785,-3.34752e-07,-4.73438
allpass4,0.155273,-3.29446e-07,-4.75015
allpass4,0.155762,-3.24194e-07,-4.76592
allpass4,0.15625,-3.19015e-07,-4.7817
allpass4,0.156738,-3.13926e-07,-4.79749
allpass4,0.157227,-3.0894e-07,-4.81329
allpass4,0.157715,-3.04063e-07,-4.8291
allpass4,0.158203,-2.99301e-07,-4.84492
allpass4,0.158691,-2.94653e-07,-4.86074
allpass4,0.15918,-2.90118e-07,-4.87657
allpass4,0.159668,-2.8569e-07,-4.89242
allpass4,0.160156,-2.81364e-07,-4.90827
allpass4,0.160645,-2.77131e-07,-4.92413
allpass4,0.161133,-2.72985e-07,-4.94
allpass4,0.161621,-2.68917e-07,-4.95587
allpass4,0.162109,-2.64921e-07,-4.97176
allpass4,0.162598,-2.60992e-07,-4.98765
allpass4,0.163086,-2.57125e-07,-5.00356
allpass4,0.163574,-2.53318e-07,-5.01947
allpass4,0.164062,-2.49568e-07,-5.03539
allpass4,0.164551,-2.45874e-07,-5.05132
allpass4,0.165039,-2.42237e-07,-5.06726
allpass4,0.165527,-2.38656e-07,-5.08321
allpass4,0.166016,-2.35129e-07,-5.09917
allpass4,0.166504,-2.31656e-07,-5.11514
allpass4,0.166992,-2.28233e-07,-5.13111
allpass4,0.16748,-2.24858e-07,-5.1471
allpass4,0.167969,-2.21525e-07,-5.16309
allpass4,0.168457,-2.18229e-07,-5.1791
allpass4,0.168945,-2.14964e-07,-5.19511
allpass4,0.169434,-2.11724e-07,-5.21113
allpass4,0.169922,-2.08503e-07,-5.22717
allpass4,0.17041,-2.05297e-07,-5.24321
allpass4,0.170898,-2.02103e-07,-5.25926
allpass4,0.171387,-1.98921e-07,-5.27532
allpass4,0.171875,-1.95755e-07,-5.29139
allpass4,0.172363,-1.92609e-07,-5.30747
allpass4,0.172852,-1.89493e-07,-5.32356
allpass4,0.17334,-1.86418e-07,-5.33966
allpass4,0.173828,-1.83401e-07,-5.35577
allpass4,0.174316,-1.80458e-07,-5.37189
allpass4,0.174805,-1.77609e-07,-5.38802
allpass4,0.175293,-1.74874e-07,-5.40416
allpass4,0.175781,-1.72274e-07,-5.42031
allpass4,0.17627,-1.69828e-07,-5.43647
allpass4,0.176758,-1.67557e-07,-5.45264
allpass4,0.177246,-1.65475e-07,-5.46882
allpass4,0.177734,-1.63598e-07,-5.485
allpass4,0.178223,-1.61936e-07,-5.5012
allpass4,0.178711,-1.60497e-07,-5.51741
allpass4,0.179199,-1.59285e-07,-5.53363
allpass4,0.179688,-1.58301e-07,-5.54986
allpass4,0.180176,-1.57543e-07,-5.5661
allpass4,0.180664,-1.57004e-07,-5.58235
allpass4,0.181152,-1.56678e-07,-5.59861
allpass4,0.181641,-1.56552e-07,-5.61488
allpass4,0.182129,-1.56614e-07,-5.63117
allpass4,0.182617,-1.5685e-07,-5.64746
allpass4,0.183105,-1.57242e-07,-5.66376
allpass4,0.183594,-1.57773e-07,-5.68007
allpass4,0.184082,-1.58423e-07,-5.6964
allpass4,0.18457,-1.59172e-07,-5.71273
allpass4,0.185059,-1.59999e-07,-5.72908
allpass4,0.185547,-1.60881e-07,-5.74543
allpass4,0.186035,-1.61796e-07,-5.7618
allpass4,0.186523,-1.62719e-07,-5.77818
allpass4,0.187012,-1.63626e-07,-5.79456
allpass4,0.1875,-1.64495e-07,-5.81096
allpass4,0.187988,-1.65301e-07,-5.82737
allpass4,0.188477,-1.66023e-07,-5.8438
allpass4,0.188965,-1.66639e-07,-5.86023
allpass4,0.189453,-1.67132e-07,-5.87667
allpass4,0.189941,-1.67485e-07,-5.89313
allpass4,0.19043,-1.67686e-07,-5.90959
allpass4,0.190918,-1.67726e-07,-5.92607
allpass4,0.191406,-1.67602e-07,-5.94256
allpass4,0.191895,-1.67314e-07,-5.95906
allpass4,0.192383,-1.66867e-07,-5.97557
allpass4,0.192871,-1.66271e-07,-5.99209
allpass4,0.193359,-1.65541e-07,-6.00862
allpass4,0.193848,-1.64696e-07,-6.02517
allpass4,0.194336,-1.63757e-07,-6.04172
allpass4,0.194824,-1.6275e-07,-6.05829
allpass4,0.195312,-1.61701e-07,-6.07487
allpass4,0.195801,-1.60639e-07,-6.09146
allpass4,0.196289,-1.59588e-07,-6.10807
allpass4,0.196777,-1.58575e-07,-6.12468
allpass4,0.197266,-1.57622e-07,-6.14131
allpass4,0.197754,-1.56749e-07,-6.15795
allpass4,0.198242,-1.55968e-07,-6.1746
allpass4,0.19873,-1.55291e-07,-6.19126
allpass4,0.199219,-1.5472e-07,-6.20793
allpass4,0.199707,-1.54255e-07,-6.22462
allpass4,0.200195,-1.53887e-07,-6.24132
allpass4,0.200684,-1.53605e-07,-6.25803
allpass4,0.201172,-1.53393e-07,-6.27475
allpass4,0.20166,-1.53229e-07,-6.29149
allpass4,0.202148,-1.53091e-07,-6.30824
allpass4,0.202637,-1.52952e-07,-6.32499
allpass4,0.203125,-1.52786e-07,-6.34177
allpass4,0.203613,-1.52567e-07,-6.35855
allpass4,0.204102,-1.52268e-07,-6.37535
allpass4,0.20459,-1.51864e-07,-6.39216
allpass4,0.205078,-1.51333e-07,-6.40898
allpass4,0.205566,-1.50655e-07,-6.42581
allpass4,0.206055,-1.49814e-07,-6.44266
allpass4,0.206543,-1.48795e-07,-6.45952
allpass4,0.207031,-1.4759e-07,-6.47639
allpass4,0.20752,-1.46193e-07,-6.49328
allpass4,0.208008,-1.44602e-07,-6.51018
allpass4,0.208496,-1.4282e-07,-6.52709
allpass4,0.208984,-1.40851e-07,-6.54401
allpass4,0.209473,-1.38704e-07,-6.56095
allpass4,0.209961,-1.3639e-07,-6.5779
allpass4,0.210449,-1.33922e-07,-6.59487
allpass4,0.210938,-1.31313e-07,-6.61184
allpass4,0.211426,-1.28578e-07,-6.62883
allpass4,0.211914,-1.25732e-07,-6.64584
allpass4,0.212402,-1.22788e-07,-6.66285
allpass4,0.212891,-1.1976e-07,-6.67988
allpass4,0.213379,-1.16658e-07,-6.69693
allpass4,0.213867,-1.1349e-07,-6.71398
allpass4,0.214355,-1.10265e-07,-6.73105
allpass4,0.214844,-1.06985e-07,-6.74814
allpass4,0.215332,-1.03655e-07,-6.76524
allpass4,0.21582,-1.00273e-07,-6.78235
allpass4,0.216309,-9.68379e-08,-6.79947
allpass4,0.216797,-9.33475e-08,-6.81661
allpass4,0.217285,-8.97975e-08,-6.83376
allpass4,0.217773,-8.61832e-08,-6.85093
allpass4,0.218262,-8.24996e-08,-6.86811
allpass4,0.21875,-7.87417e-08,-6.8853
allpass4,0.219238,-7.49044e-08,-6.90251
allpass4,0.219727,-7.09831e-08,-6.91974
allpass4,0.220215,-6.69735e-08,-6.93697
allpass4,0.220703,-6.28714e-08,-6.95422
allpass4,0.221191,-5.86732e-08,-6.97149
allpass4,0.22168,-5.43756e-08,-6.98877
allpass4,0.222168,-4.99755e-08,-7.00606
allpass4,0.222656,-4.54701e-08,-7.02337
allpass4,0.223145,-4.08572e-08,-7.0407
allpass4,0.223633,-3.6135e-08,-7.05803
allpass4,0.224121,-3.13027e-08,-7.07539
allpass4,0.224609,-2.63609e-08,-7.09275
allpass4,0.225098,-2.13117e-08,-7.11013
allpass4,0.225586,-1.61594e-08,-7.12753
allpass4,0.226074,-1.09109e-08,-7.14494
allpass4,0.226562,-5.5762e-09,-7.16237
allpass4,0.227051,-1.68704e-10,-7.17981
allpass4,0.227539,5.2946e-09,-7.19727
allpass4,0.228027,1.07929e-08,-7.21474
allpass4,0.228516,1.63019e-08,-7.23223
allpass4,0.229004,2.17938e-08,-7.24973
allpass4,0.229492,2.72379e-08,-7.26724
allpass4,0.22998,3.26012e-08,-7.28478
allpass4,0.230469,3.78492e-08,-7.30232
allpass4,0.230957,4.29467e-08,-7.31989
allpass4,0.231445,4.78585e-08,-7.33747
allpass4,0.231934,5.25506e-08,-7.35506
allpass4,0.232422,5.69909e-08,-7.37267
allpass4,0.23291,6.115e-08,-7.3903
allpass4,0.233398,6.50016e-08,-7.40794
allpass4,0.233887,6.85231e-08,-7.4256
allpass4,0.234375,7.16962e-08,-7.44327
allpass4,0.234863,7.45065e-08,-7.46096
allpass4,0.235352,7.69437e-08,-7.47866
allpass4,0.23584,7.90016e-08,-7.49638
allpass4,0.236328,8.06775e-08,-7.51412
allpass4,0.236816,8.19722e-08,-7.53188
allpass4,0.237305,8.28892e-08,-7.54965
allpass4,0.237793,8.34343e-08,-7.56743
allpass4,0.238281,8.36156e-08,-7.58523
allpass4,0.23877,8.34424e-08,-7.60305
allpass4,0.239258,8.2925e-08,-7.62089
allpass4,0.239746,8.20744e-08,-7.63874
allpass4,0.240234,8.0902e-08,-7.65661
allpass4,0.240723,7.94188e-08,-7.67449
allpass4,0.241211,7.76357e-08,-7.6924
allpass4,0.241699,7.5563e-08,-7.71032
allpass4,0.242188,7.321e-08,-7.72825
allpass4,0.242676,7.05856e-08,-7.7462
allpass4,0.243164,6.76976e-08,-7.76417
allpass4,0.243652,6.45533e-08,-7.78216
allpass4,0.244141,6.11596e-08,-7.80017
allpass4,0.244629,5.75233e-08,-7.81819
allpass4,0.245117,5.36516e-08,-7.83623
allpass4,0.245605,4.95524e-08,-7.85428
allpass4,0.246094,4.52353e-08,-7.87236
allpass4,0.246582,4.07116e-08,-7.89045
allpass4,0.24707,3.59951e-08,-7.90856
allpass4,0.247559,3.11024e-08,-7.92668
allpass4,0.248047,2.60532e-08,-7.94483
allpass4,0.248535,2.08704e-08,-7.96299
allpass4,0.249023,1.55801e-08,-7.98117
allpass4,0.249512,1.02109e-08,-7.99937
allpass4,0.25,4.79451e-09,-8.01758
allpass4,0.250488,-6.37455e-10,-8.03582
allpass4,0.250977,-6.05133e-09,-8.05407
allpass4,0.251465,-1.14143e-08,-8.07234
allpass4,0.251953,-1.6695e-08,-8.09063
allpass4,0.252441,-2.18649e-08,-8.10893
allpass4,0.25293,-2.68989e-08,-8.12726
allpass4,0.253418,-3.17767e-08,-8.1456
allpass4,0.253906,-3.64835e-08,-8.16397
allpass4,0.254395,-4.10108e-08,-8.18235
allpass4,0.254883,-4.5356e-08,-8.20075
allpass4,0.255371,-4.95235e-08,-8.21917
allpass4,0.255859,-5.35232e-08,-8.2376
allpass4,0.256348,-5.7371e-08,-8.25606
allpass4,0.256836,-6.10874e-08,-8.27454
allpass4,0.257324,-6.46965e-08,-8.29303
allpass4,0.257812,-6.82249e-08,-8.31154
allpass4,0.258301,-7.17003e-08,-8.33008
allpass4,0.258789,-7.51501e-08,-8.34863
allpass4,0.259277,-7.86005e-08,-8.3672
allpass4,0.259766,-8.20747e-08,-8.38579
allpass4,0.260254,-8.55926e-08,-8.40441
allpass4,0.260742,-8.91698e-08,-8.42304
allpass4,0.26123,-9.28171e-08,-8.44169
allpass4,0.261719,-9.65404e-08,-8.46036
allpass4,0.262207,-1.00341e-07,-8.47905
allpass4,0.262695,-1.04215e-07,-8.49776
allpass4,0.263184,-1.08156e-07,-8.51649
allpass4,0.263672,-1.12153e-07,-8.53524
allpass4,0.26416,-1.16194e-07,-8.55401
allpass4,0.264648,-1.20264e-07,-8.5728
allpass4,0.265137,-1.2435e-07,-8.59161
allpass4,0.265625,-1.28435e-07,-8.61045
allpass4,0.266113,-1.32509e-07,-8.6293
allpass4,0.266602,-1.36558e-07,-8.64817
allpass4,0.26709,-1.40573e-07,-8.66707
allpass4,0.267578,-1.44547e-07,-8.68598
allpass4,0.268066,-1.48476e-07,-8.70492
allpass4,0.268555,-1.52357e-07,-8.72388
allpass4,0.269043,-1.5619e-07,-8.74285
allpass4,0.269531,-1.59978e-07,-8.76185
allpass4,0.27002,-1.63722e-07,-8.78087
allpass4,0.270508,-1.67429e-07,-8.79991
allpass4,0.270996,-1.71102e-07,-8.81898
allpass4,0.271484,-1.74747e-07,-8.83806
allpass4,0.271973,-1.78369e-07,-8.85717
allpass4,0.272461,-1.81972e-07,-8.8763
allpass4,0.272949,-1.85559e-07,-8.89545
allpass4,0.273438,-1.89132e-07,-8.91462
allpass4,0.273926,-1.9269e-07,-8.93381
allpass4,0.274414,-1.96232e-07,-8.95303
allpass4,0.274902,-1.99754e-07,-8.97227
allpass4,0.275391,-2.0325e-07,-8.99153
allpass4,0.275879,-2.06713e-07,-9.01081
allpass4,0.276367,-2.10133e-07,-9.03011
allpass4,0.276855,-2.13498e-07,-9.04944
allpass4,0.277344,-2.16793e-07,-9.06879
allpass4,0.277832,-2.20003e-07,-9.08816
allpass4,0.27832,-2.23111e-07,-9.10756
allpass4,0.278809,-2.26097e-07,-9.12698
allpass4,0.279297,-2.28941e-07,-9.14642
allpass4,0.279785,-2.31622e-07,-9.16589
allpass4,0.280273,-2.34118e-07,-9.18537
allpass4,0.280762,-2.36406e-07,-9.20488
allpass4,0.28125,-2.38463e-07,-9.22442
allpass4,0.281738,-2.40268e-07,-9.24398
allpass4,0.282227,-2.41797e-07,-9.26356
allpass4,0.282715,-2.43028e-07,-9.28316
allpass4,0.283203,-2.43942e-07,-9.30279
allpass4,0.283691,-2.44518e-07,-9.32245
allpass4,0.28418,-2.44738e-07,-9.34212
allpass4,0.284668,-2.44583e-07,-9.36182
allpass4,0.285156,-2.44037e-07,-9.38155
allpass4,0.285645,-2.43086e-07,-9.4013
allpass4,0.286133,-2.41717e-07,-9.42107
allpass4,0.286621,-2.39916e-07,-9.44087
allpass4,0.287109,-2.37676e-07,-9.4607
allpass4,0.287598,-2.34988e-07,-9.48054
allpass4,0.288086,-2.31847e-07,-9.50042
allpass4,0.288574,-2.2825e-07,-9.52031
allpass4,0.289062,-2.24197e-07,-9.54024
allpass4,0.289551,-2.19691e-07,-9.56018
allpass4,0.290039,-2.1474e-07,-9.58016
allpass4,0.290527,-2.09352e-07,-9.60016
allpass4,0.291016,-2.03544e-07,-9.62018
allpass4,0.291504,-1.97331e-07,-9.64023
allpass4,0.291992,-1.90735e-07,-9.6603
allpass4,0.29248,-1.83783e-07,-9.68041
allpass4,0.292969,-1.76502e-07,-9.70053
allpass4,0.293457,-1.68925e-07,-9.72069
allpass4,0.293945,-1.61086e-07,-9.74087
allpass4,0.294434,-1.53021e-07,-9.76107
allpass4,0.294922,-1.4477e-07,-9.7813
allpass4,0.29541,-1.36371e-07,-9.80156
allpass4,0.295898,-1.27864e-07,-9.82185
allpass4,0.296387,-1.19288e-07,-9.84216
allpass4,0.296875,-1.1068e-07,-9.8625
allpass4,0.297363,-1.02076e-07,-9.88286
allpass4,0.297852,-9.35103e-08,-9.90325
allpass4,0.29834,-8.50126e-08,-9.92367
allpass4,0.298828,-7.66104e-08,-9.94412
allpass4,0.299316,-6.83271e-08,-9.96459
allpass4,0.299805,-6.01825e-08,-9.9851
allpass4,0.300293,-5.21921e-08,-10.0056
allpass4,0.300781,-4.43678e-08,-10.0262
allpass4,0.30127,-3.67174e-08,-10.0468
allpass4,0.301758,-2.92455e-08,-10.0674
allpass4,0.302246,-2.19532e-08,-10.088
allpass4,0.302734,-1.48389e-08,-10.1087
allpass4,0.303223,-7.89861e-09,-10.1294
allpass4,0.303711,-1.12659e-09,-10.1501
allpass4,0.304199,5.4843e-09,-10.1709
allpass4,0.304688,1.1942e-08,-10.1917
allpass4,0.305176,1.82546e-08,-10.2125
allpass4,0.305664,2.44305e-08,-10.2333
allpass4,0.306152,3.04772e-08,-10.2542
allpass4,0.306641,3.64016e-08,-10.2751
allpass4,0.307129,4.22097e-08,-10.296
allpass4,0.307617,4.79063e-08,-10.317
allpass4,0.308105,5.34952e-08,-10.338
allpass4,0.308594,5.8979e-08,-10.359
allpass4,0.309082,6.43593e-08,-10.38
allpass4,0.30957,6.96367e-08,-10.4011
allpass4,0.310059,7.4811e-08,-10.4222
allpass4,0.310547,7.98812e-08,-10.4434
allpass4,0.311035,8.48455e-08,-10.4645
allpass4,0.311523,8.97015e-08,-10.4857
allpass4,0.312012,9.44459e-08,-10.507
allpass4,0.3125,9.90747e-08,-10.5282
allpass4,0.312988,1.03583e-07,-10.5495
allpass4,0.313477,1.07965e-07,-10.5709
allpass4,0.313965,1.12213e-07,-10.5922
allpass4,0.314453,1.1632e-07,-10.6136
allpass4,0.314941,1.20276e-07,-10.635
allpass4,0.31543,1.2407e-07,-10.6565
allpass4,0.315918,1.27691e-07,-10.678
allpass4,0.316406,1.31127e-07,-10.6995
allpass4,0.316895,1.34364e-07,-10.721
allpass4,0.317383,1.37389e-07,-10.7426
allpass4,0.317871,1.40188e-07,-10.7642
allpass4,0.318359,1.42749e-07,-10.7859
allpass4,0.318848,1.45059e-07,-10.8075
allpass4,0.319336,1.47106e-07,-10.8293
allpass4,0.319824,1.48881e-07,-10.851
allpass4,0.320312,1.50375e-07,-10.8728
allpass4,0.320801,1.51581e-07,-10.8946
allpass4,0.321289,1.52496e-07,-10.9164
allpass4,0.321777,1.53116e-07,-10.9383
allpass4,0.322266,1.53441e-07,-10.9602
allpass4,0.322754,1.53474e-07,-10.9822
allpass4,0.323242,1.53218e-07,-11.0042
allpass4,0.32373,1.52678e-07,-11.0262
allpass4,0.324219,1.51863e-07,-11.0482
allpass4,0.324707,1.50783e-07,-11.0703
allpass4,0.325195,1.49449e-07,-11.0924
allpass4,0.325684,1.47877e-07,-11.1146
allpass4,0.326172,1.46082e-07,-11.1368
allpass4,0.32666,1.44083e-07,-11.159
allpass4,0.327148,1.41902e-07,-11.1813
allpass4,0.327637,1.39563e-07,-11.2036
allpass4,0.328125,1.37093e-07,-11.2259
allpass4,0.328613,1.3452e-07,-11.2483
allpass4,0.329102,1.31877e-07,-11.2707
allpass4,0.32959,1.29196e-07,-11.2931
allpass4,0.330078,1.26511e-07,-11.3156
allpass4,0.330566,1.23856e-07,-11.3381
allpass4,0.331055,1.21264e-07,-11.3607
allpass4,0.331543,1.18767e-07,-11.3833
allpass4,0.332031,1.16391e-07,-11.4059
allpass4,0.33252,1.14159e-07,-11.4286
allpass4,0.333008,1.12086e-07,-11.4513
allpass4,0.333496,1.10181e-07,-11.474
allpass4,0.333984,1.08444e-07,-11.4968
allpass4,0.334473,1.06866e-07,-11.5196
allpass4,0.334961,1.0543e-07,-11.5425
allpass4,0.335449,1.0411e-07,-11.5654
allpass4,0.335938,1.02871e-07,-11.5883
allpass4,0.336426,1.01674e-07,-11.6113
allpass4,0.336914,1.00473e-07,-11.6343
allpass4,0.337402,9.92198e-08,-11.6574
allpass4,0.337891,9.78664e-08,-11.6805
allpass4,0.338379,9.63663e-08,-11.7036
allpass4,0.338867,9.46778e-08,-11.7268
allpass4,0.339355,9.2766e-08,-11.75
allpass4,0.339844,9.06049e-08,-11.7732
allpass4,0.340332,8.81792e-08,-11.7965
allpass4,0.34082,8.54857e-08,-11.8199
allpass4,0.341309,8.25341e-08,-11.8433
allpass4,0.341797,7.93468e-08,-11.8667
allpass4,0.342285,7.59593e-08,-11.8901
allpass4,0.342773,7.24189e-08,-11.9136
allpass4,0.343262,6.87836e-08,-11.9372
allpass4,0.34375,6.51201e-08,-11.9608
allpass4,0.344238,6.15027e-08,-11.9844
allpass4,0.344727,5.80099e-08,-12.0081
allpass4,0.345215,5.47234e-08,-12.0318
allpass4,0.345703,5.17247e-08,-12.0556
allpass4,0.346191,4.90939e-08,-12.0794
allpass4,0.34668,4.69071e-08,-12.1032
allpass4,0.347168,4.52346e-08,-12.1271
allpass4,0.347656,4.41398e-08,-12.151
allpass4,0.348145,4.36776e-08,-12.175
allpass4,0.348633,4.38937e-08,-12.199
allpass4,0.349121,4.48239e-08,-12.2231
allpass4,0.349609,4.64937e-08,-12.2472
allpass4,0.350098,4.89186e-08,-12.2714
allpass4,0.350586,5.2104e-08,-12.2956
allpass4,0.351074,5.60458e-08,-12.3198
allpass4,0.351562,6.07309e-08,-12.3441
allpass4,0.352051,6.61378e-08,-12.3685
allpass4,0.352539,7.22378e-08,-12.3929
allpass4,0.353027,7.89952e-08,-12.4173
allpass4,0.353516,8.63686e-08,-12.4418
allpass4,0.354004,9.43117e-08,-12.4663
allpass4,0.354492,1.02774e-07,-12.4909
allpass4,0.35498,1.11701e-07,-12.5155
allpass4,0.355469,1.21036e-07,-12.5402
allpass4,0.355957,1.3072e-07,-12.5649
allpass4,0.356445,1.40693e-07,-12.5897
allpass4,0.356934,1.50894e-07,-12.6145
allpass4,0.357422,1.61263e-07,-12.6394
allpass4,0.35791,1.71737e-07,-12.6643
allpass4,0.358398,1.82259e-07,-12.6893
allpass4,0.358887,1.92772e-07,-12.7143
allpass4,0.359375,2.0322e-07,-12.7394
allpass4,0.359863,2.13553e-07,-12.7645
allpass4,0.360352,2.23723e-07,-12.7896
allpass4,0.36084,2.33687e-07,-12.8149
allpass4,0.361328,2.43408e-07,-12.8401
allpass4,0.361816,2.52853e-07,-12.8655
allpass4,0.362305,2.61994e-07,-12.8908
allpass4,0.362793,2.7081e-07,-12.9163
allpass4,0.363281,2.79285e-07,-12.9418
allpass4,0.36377,2.87409e-07,-12.9673
allpass4,0.364258,2.95175e-07,-12.9929
allpass4,0.364746,3.02581e-07,-13.0185
allpass4,0.365234,3.09631e-07,-13.0442
allpass4,0.365723,3.16328e-07,-13.07
allpass4,0.366211,3.2268e-07,-13.0958
allpass4,0.366699,3.28694e-07,-13.1216
allpass4,0.367188,3.34378e-07,-13.1475
allpass4,0.367676,3.39738e-07,-13.1735
allpass4,0.368164,3.44778e-07,-13.1995
allpass4,0.368652,3.49499e-07,-13.2256
allpass4,0.369141,3.53899e-07,-13.2518
allpass4,0.369629,3.57971e-07,-13.278
allpass4,0.370117,3.61704e-07,-13.3042
allpass4,0.370605,3.65082e-07,-13.3305
allpass4,0.371094,3.68084e-07,-13.3569
allpass4,0.371582,3.70688e-07,-13.3833
allpass4,0.37207,3.72865e-07,-13.4098
allpass4,0.372559,3.74587e-07,-13.4363
allpass4,0.373047,3.75823e-07,-13.4629
allpass4,0.373535,3.76544e-07,-13.4896
allpass4,0.374023,3.76721e-07,-13.5163
allpass4,0.374512,3.76329e-07,-13.5431
allpass4,0.375,3.7535e-07,-13.5699
allpass4,0.375488,3.73766e-07,-13.5968
allpass4,0.375977,3.71572e-07,-13.6238
allpass4,0.376465,3.68766e-07,-13.6508
allpass4,0.376953,3.65353e-07,-13.6779
allpass4,0.377441,3.61347e-07,-13.7051
allpass4,0.37793,3.56766e-07,-13.7323
allpass4,0.378418,3.51636e-07,-13.7596
allpass4,0.378906,3.45985e-07,-13.7869
allpass4,0.379395,3.39844e-07,-13.8143
allpass4,0.379883,3.33244e-07,-13.8418
allpass4,0.380371,3.26217e-07,-13.8693
allpass4,0.380859,3.18794e-07,-13.8969
allpass4,0.381348,3.11e-07,-13.9246
allpass4,0.381836,3.02859e-07,-13.9523
allpass4,0.382324,2.94391e-07,-13.9801
allpass4,0.382812,2.8561e-07,-14.008
allpass4,0.383301,2.76526e-07,-14.0359
allpass4,0.383789,2.67148e-07,-14.0639
allpass4,0.384277,2.57481e-07,-14.092
allpass4,0.384766,2.4753e-07,-14.1201
allpass4,0.385254,2.37298e-07,-14.1483
allpass4,0.385742,2.26792e-07,-14.1766
allpass4,0.38623,2.16021e-07,-14.205
allpass4,0.386719,2.04998e-07,-14.2334
allpass4,0.387207,1.93742e-07,-14.2619
allpass4,0.387695,1.82276e-07,-14.2904
allpass4,0.388184,1.70631e-07,-14.3191
allpass4,0.388672,1.58844e-07,-14.3478
allpass4,0.38916,1.46958e-07,-14.3766
allpass4,0.389648,1.35025e-07,-14.4054
allpass4,0.390137,1.23098e-07,-14.4343
allpass4,0.390625,1.11239e-07,-14.4633
allpass4,0.391113,9.95092e-08,-14.4924
allpass4,0.391602,8.7975e-08,-14.5216
allpass4,0.39209,7.67022e-08,-14.5508
allpass4,0.392578,6.57561e-08,-14.5801
allpass4,0.393066,5.51998e-08,-14.6095
allpass4,0.393555,4.50928e-08,-14.639
allpass4,0.394043,3.54904e-08,-14.6685
allpass4,0.394531,2.64419e-08,-14.6981
allpass4,0.39502,1.7991e-08,-14.7278
allpass4,0.395508,1.01743e-08,-14.7576
allpass4,0.395996,3.02211e-09,-14.7875
allpass4,0.396484,-3.44206e-09,-14.8174
allpass4,0.396973,-9.20084e-09,-14.8474
allpass4,0.397461,-1.42425e-08,-14.8775
allpass4,0.397949,-1.85603e-08,-14.9077
allpass4,0.398438,-2.21517e-08,-14.938
allpass4,0.398926,-2.50178e-08,-14.9683
allpass4,0.399414,-2.71627e-08,-14.9988
allpass4,0.399902,-2.85926e-08,-15.0293
allpass4,0.400391,-2.93159e-08,-15.0599
allpass4,0.400879,-2.93423e-08,-15.0906
allpass4,0.401367,-2.86831e-08,-15.1214
allpass4,0.401855,-2.73508e-08,-15.1523
allpass4,0.402344,-2.53599e-08,-15.1832
allpass4,0.402832,-2.27266e-08,-15.2143
allpass4,0.40332,-1.94692e-08,-15.2454
allpass4,0.403809,-1.56089e-08,-15.2766
allpass4,0.404297,-1.11695e-08,-15.308
allpass4,0.404785,-6.17852e-09,-15.3394
allpass4,0.405273,-6.67032e-10,-15.3709
allpass4,0.405762,5.32994e-09,-15.4025
allpass4,0.40625,1.17733e-08,-15.4342
allpass4,0.406738,1.86201e-08,-15.466
allpass4,0.407227,2.58233e-08,-15.4978
allpass4,0.407715,3.33329e-08,-15.5298
allpass4,0.408203,4.10959e-08,-15.5619
allpass4,0.408691,4.90574e-08,-15.5941
allpass4,0.40918,5.71614e-08,-15.6263
allpass4,0.409668,6.5352e-08,-15.6587
allpass4,0.410156,7.35743e-08,-15.6912
allpass4,0.410645,8.17762e-08,-15.7238
allpass4,0.411133,8.99091e-08,-15.7564
allpass4,0.411621,9.7929e-08,-15.7892
allpass4,0.412109,1.05798e-07,-15.8221
allpass4,0.412598,1.13484e-07,-15.8551
allpass4,0.413086,1.20962e-07,-15.8882
allpass4,0.413574,1.28215e-07,-15.9214
allpass4,0.414062,1.3523e-07,-15.9547
allpass4,0.414551,1.42e-07,-15.9881
allpass4,0.415039,1.48523e-07,-16.0216
allpass4,0.415527,1.54799e-07,-16.0552
allpass4,0.416016,1.60826e-07,-16.089
allpass4,0.416504,1.666e-07,-16.1228
allpass4,0.416992,1.7211e-07,-16.1568
allpass4,0.41748,1.77334e-07,-16.1909
allpass4,0.417969,1.82233e-07,-16.2251
allpass4,0.418457,1.86752e-07,-16.2594
allpass4,0.418945,1.90808e-07,-16.2938
allpass4,0.419434,1.94289e-07,-16.3283
allpass4,0.419922,1.97043e-07,-16.363
allpass4,0.42041,1.98876e-07,-16.3978
allpass4,0.420898,1.99543e-07,-16.4327
allpass4,0.421387,1.98739e-07,-16.4677
allpass4,0.421875,1.96086e-07,-16.5028
allpass4,0.422363,1.91129e-07,-16.5381
allpass4,0.422852,1.8332e-07,-16.5735
allpass4,0.42334,1.72004e-07,-16.609
allpass4,0.423828,1.56405e-07,-16.6447
allpass4,0.424316,1.35608e-07,-16.6804
allpass4,0.424805,1.08539e-07,-16.7163
allpass4,0.425293,7.3942e-08,-16.7524
allpass4,0.425781,3.03555e-08,-16.7885
allpass4,0.42627,-2.39183e-08,-16.8248
allpass4,0.426758,-9.08437e-08,-16.8613
allpass4,0.427246,-1.72689e-07,-16.8979
allpass4,0.427734,-2.72064e-07,-16.9346
allpass4,0.428223,-3.91969e-07,-16.9714
allpass4,0.428711,-5.35844e-07,-17.0084
allpass4,0.429199,-7.07622e-07,-17.0455
allpass4,0.429688,-9.11795e-07,-17.0828
allpass4,0.430176,-1.15348e-06,-17.1202
allpass4,0.430664,-1.43852e-06,-17.1578
allpass4,0.431152,-1.77352e-06,-17.1955
allpass4,0.431641,-2.166e-06,-17.2333
allpass4,0.432129,-2.62448e-06,-17.2713
allpass4,0.432617,-3.15858e-06,-17.3095
allpass4,0.433105,-3.77918e-06,-17.3478
allpass4,0.433594,-4.49859e-06,-17.3863
allpass4,0.434082,-5.33066e-06,-17.4249
allpass4,0.43457,-6.29098e-06,-17.4637
allpass4,0.435059,-7.39713e-06,-17.5026
allpass4,0.435547,-8.66884e-06,-17.5417
allpass4,0.436035,-1.01283e-05,-17.5809
allpass4,0.436523,-1.18003e-05,-17.6204
allpass4,0.437012,-1.37129e-05,-17.66
allpass4,0.4375,-1.58972e-05,-17.6997
allpass4,0.437988,-1.83883e-05,-17.7397
allpass4,0.438477,-2.12253e-05,-17.7798
allpass4,0.438965,-2.44518e-05,-17.82
allpass4,0.439453,-2.81168e-05,-17.8605
allpass4,0.439941,-3.22747e-05,-17.9011
allpass4,0.44043,-3.69865e-05,-17.9419
allpass4,0.440918,-4.23197e-05,-17.9829
allpass4,0.441406,-4.83501e-05,-18.0241
allpass4,0.441895,-5.51615e-05,-18.0654
allpass4,0.442383,-6.28475e-05,-18.107
allpass4,0.442871,-7.15121e-05,-18.1487
allpass4,0.443359,-8.12709e-05,-18.1907
allpass4,0.443848,-9.22521e-05,-18.2328
allpass4,0.444336,-0.000104598,-18.2751
allpass4,0.444824,-0.000118467,-18.3176
allpass4,0.445312,-0.000134035,-18.3604
allpass4,0.445801,-0.000151494,-18.4033
allpass4,0.446289,-0.000171062,-18.4465
allpass4,0.446777,-0.000192975,-18.4898
allpass4,0.447266,-0.000217498,-18.5334
allpass4,0.447754,-0.000244923,-18.5771
allpass4,0.448242,-0.000275572,-18.6211
allpass4,0.44873,-0.000309801,-18.6654
allpass4,0.449219,-0.000348005,-18.7098
allpass4,0.449707,-0.000390619,-18.7545
allpass4,0.450195,-0.000438124,-18.7994
allpass4,0.450684,-0.00049105,-18.8445
allpass4,0.451172,-0.000549982,-18.8899
allpass4,0.45166,-0.000615565,-18.9355
allpass4,0.452148,-0.000688511,-18.9813
allpass4,0.452637,-0.000769604,-19.0274
allpass4,0.453125,-0.000859708,-19.0738
allpass4,0.453613,-0.000959774,-19.1204
allpass4,0.454102,-0.00107085,-19.1673
allpass4,0.45459,-0.00119409,-19.2144
allpass4,0.455078,-0.00133076,-19.2618
allpass4,0.455566,-0.00148227,-19.3094
allpass4,0.456055,-0.00165013,-19.3574
allpass4,0.456543,-0.00183605,-19.4056
allpass4,0.457031,-0.00204188,-19.4541
allpass4,0.45752,-0.00226966,-19.5028
allpass4,0.458008,-0.00252163,-19.5519
allpass4,0.458496,-0.00280025,-19.6012
allpass4,0.458984,-0.00310823,-19.6509
allpass4,0.459473,-0.00344853,-19.7009
allpass4,0.459961,-0.0038244,-19.7511
allpass4,0.460449,-0.00423943,-19.8017
allpass4,0.460938,-0.00469754,-19.8526
allpass4,0.461426,-0.00520302,-19.9038
allpass4,0.461914,-0.00576059,-19.9554
allpass4,0.462402,-0.00637542,-20.0073
allpass4,0.462891,-0.00705318,-20.0595
allpass4,0.463379,-0.00780008,-20.1121
allpass4,0.463867,-0.00862291,-20.165
allpass4,0.464355,-0.00952914,-20.2183
allpass4,0.464844,-0.0105269,-20.272
allpass4,0.465332,-0.0116252,-20.326
allpass4,0.46582,-0.0128337,-20.3804
allpass4,0.466309,-0.0141632,-20.4352
allpass4,0.466797,-0.0156254,-20.4904
allpass4,0.467285,-0.017233,-20.546
allpass4,0.467773,-0.0190001,-20.6019
allpass4,0.468262,-0.0209419,-20.6583
allpass4,0.46875,-0.0230753,-20.7151
allpass4,0.469238,-0.0254184,-20.7724
allpass4,0.469727,-0.0279911,-20.8301
allpass4,0.470215,-0.0308154,-20.8882
allpass4,0.470703,-0.0339149,-20.9467
allpass4,0.471191,-0.0373156,-21.0058
allpass4,0.47168,-0.0410457,-21.0653
allpass4,0.472168,-0.0451361,-21.1252
allpass4,0.472656,-0.0496203,-21.1857
allpass4,0.473145,-0.054535,-21.2466
allpass4,0.473633,-0.0599199,-21.3081
allpass4,0.474121,-0.0658183,-21.37
allpass4,0.474609,-0.0722772,-21.4325
allpass4,0.475098,-0.079348,-21.4955
allpass4,0.475586,-0.0870859,-21.559
allpass4,0.476074,-0.0955514,-21.623
allpass4,0.476562,-0.10481,-21.6876
allpass4,0.477051,-0.114931,-21.7528
allpass4,0.477539,-0.125992,-21.8185
allpass4,0.478027,-0.138076,-21.8848
allpass4,0.478516,-0.151271,-21.9516
allpass4,0.479004,-0.165674,-22.019
allpass4,0.479492,-0.181387,-22.087
allpass4,0.47998,-0.198521,-22.1556
allpass4,0.480469,-0.217195,-22.2248
allpass4,0.480957,-0.237537,-22.2946
allpass4,0.481445,-0.25968,-22.3649
allpass4,0.481934,-0.28377,-22.4359
allpass4,0.482422,-0.309958,-22.5074
allpass4,0.48291,-0.338406,-22.5795
allpass4,0.483398,-0.369282,-22.6522
allpass4,0.483887,-0.402764,-22.7254
allpass4,0.484375,-0.439036,-22.7991
allpass4,0.484863,-0.478287,-22.8734
allpass4,0.485352,-0.520712,-22.9482
allpass4,0.48584,-0.566508,-23.0235
allpass4,0.486328,-0.615874,-23.0992
allpass4,0.486816,-0.669002,-23.1753
allpass4,0.487305,-0.726081,-23.2518
allpass4,0.487793,-0.787288,-23.3286
allpass4,0.488281,-0.852782,-23.4057
allpass4,0.48877,-0.922698,-23.483
allpass4,0.489258,-0.99714,-23.5605
allpass4,0.489746,-1.07617,-23.638
allpass4,0.490234,-1.15979,-23.7156
allpass4,0.490723,-1.24796,-23.793
allpass4,0.491211,-1.34053,-23.8703
allpass4,0.491699,-1.43729,-23.9472
allpass4,0.492188,-1.53788,-24.0238
allpass4,0.492676,-1.64186,-24.0999
allpass4,0.493164,-1.7486,-24.1753
allpass4,0.493652,-1.85736,-24.25
allpass4,0.494141,-1.96719,-24.3239
allpass4,0.494629,-2.07699,-24.3969
allpass4,0.495117,-2.18548,-24.4688
allpass4,0.495605,-2.2912,-24.5397
allpass4,0.496094,-2.39255,-24.6094
allpass4,0.496582,-2.48782,-24.678
allpass4,0.49707,-2.57522,-24.7455
allpass4,0.497559,-2.65297,-24.8119
allpass4,0.498047,-2.71937,-24.8774
allpass4,0.498535,-2.77283,-24.942
allpass4,0.499023,-2.81205,-25.006
allpass4,0.499512,-2.836,-25.0695
allpass2_adaa,0,5.32844e-07,0
allpass2_adaa,0.000488281,-2.02216e-06,-0.0104612
allpass2_adaa,0.000976562,-9.68716e-06,-0.0209225
allpass2_adaa,0.00146484,-2.24622e-05,-0.0313838
allpass2_adaa,0.00195312,-4.03472e-05,-0.0418451
allpass2_adaa,0.00244141,-6.33422e-05,-0.0523066
allpass2_adaa,0.00292969,-9.14473e-05,-0.0627681
allpass2_adaa,0.00341797,-0.000124662,-0.0732298
allpass2_adaa,0.00390625,-0.000162988,-0.0836916
allpass2_adaa,0.00439453,-0.000206423,-0.0941535
allpass2_adaa,0.00488281,-0.000254969,-0.104616
allpass2_adaa,0.00537109,-0.000308624,-0.115078
allpass2_adaa,0.00585938,-0.00036739,-0.125541
allpass2_adaa,0.00634766,-0.000431267,-0.136003
allpass2_adaa,0.00683594,-0.000500253,-0.146466
allpass2_adaa,0.00732422,-0.00057435,-0.15693
allpass2_adaa,0.0078125,-0.000653558,-0.167393
allpass2_adaa,0.00830078,-0.000737876,-0.177857
allpass2_adaa,0.00878906,-0.000827305,-0.188322
allpass2_adaa,0.00927734,-0.000921844,-0.198786
allpass2_adaa,0.00976562,-0.00102149,-0.209251
allpass2_adaa,0.0102539,-0.00112626,-0.219717
allpass2_adaa,0.0107422,-0.00123613,-0.230182
allpass2_adaa,0.0112305,-0.00135111,-0.240649
allpass2_adaa,0.0117188,-0.00147121,-0.251115
allpass2_adaa,0.012207,-0.00159641,-0.261583
allpass2_adaa,0.0126953,-0.00172673,-0.27205
allpass2_adaa,0.0131836,-0.00186216,-0.282519
allpass2_adaa,0.0136719,-0.0020027,-0.292987
allpass2_adaa,0.0141602,-0.00214836,-0.303457
allpass2_adaa,0.0146484,-0.00229912,-0.313927
allpass2_adaa,0.0151367,-0.002455,-0.324397
allpass2_adaa,0.015625,-0.00261599,-0.334868
allpass2_adaa,0.0161133,-0.0027821,-0.34534
allpass2_adaa,0.0166016,-0.00295331,-0.355812
allpass2_adaa,0.0170898,-0.00312964,-0.366285
allpass2_adaa,0.0175781,-0.00331108,-0.376759
allpass2_adaa,0.0180664,-0.00349764,-0.387234
allpass2_adaa,0.0185547,-0.00368931,-0.397709
allpass2_adaa,0.019043,-0.00388609,-0.408185
allpass2_adaa,0.0195312,-0.00408799,-0.418662
allpass2_adaa,0.0200195,-0.00429501,-0.429139
allpass2_adaa,0.0205078,-0.00450713,-0.439618
allpass2_adaa,0.0209961,-0.00472437,-0.450097
allpass2_adaa,0.0214844,-0.00494673,-0.460577
allpass2_adaa,0.0219727,-0.0051742,-0.471058
allpass2_adaa,0.0224609,-0.00540679,-0.48154
allpass2_adaa,0.0229492,-0.00564449,-0.492023
allpass2_adaa,0.0234375,-0.00588731,-0.502507
allpass2_adaa,0.0239258,-0.00613525,-0.512991
allpass2_adaa,0.0244141,-0.0063883,-0.523477
allpass2_adaa,0.0249023,-0.00664647,-0.533964
allpass2_adaa,0.0253906,-0.00690976,-0.544451
allpass2_adaa,0.0258789,-0.00717816,-0.55494
allpass2_adaa,0.0263672,-0.00745168,-0.56543
allpass2_adaa,0.0268555,-0.00773032,-0.575921
allpass2_adaa,0.0273438,-0.00801408,-0.586413
allpass2_adaa,0.027832,-0.00830296,-0.596906
allpass2_adaa,0.0283203,-0.00859696,-0.6074
allpass2_adaa,0.0288086,-0.00889608,-0.617895
allpass2_adaa,0.0292969,-0.00920031,-0.628392
allpass2_adaa,0.0297852,-0.00950967,-0.63889
allpass2_adaa,0.0302734,-0.00982415,-0.649389
allpass2_adaa,0.0307617,-0.0101437,-0.659889
allpass2_adaa,0.03125,-0.0104685,-0.670391
allpass2_adaa,0.0317383,-0.0107983,-0.680893
allpass2_adaa,0.0322266,-0.0111333,-0.691397
allpass2_adaa,0.0327148,-0.0114734,-0.701903
allpass2_adaa,0.0332031,-0.0118186,-0.71241
allpass2_adaa,0.0336914,-0.0121689,-0.722918
allpass2_adaa,0.0341797,-0.0125244,-0.733427
allpass2_adaa,0.034668,-0.0128849,-0.743938
allpass2_adaa,0.0351562,-0.0132507,-0.754451
allpass2_adaa,0.0356445,-0.0136215,-0.764964
allpass2_adaa,0.0361328,-0.0139974,-0.77548
allpass2_adaa,0.0366211,-0.0143785,-0.785996
allpass2_adaa,0.0371094,-0.0147647,-0.796515
allpass2_adaa,0.0375977,-0.0151561,-0.807034
allpass2_adaa,0.0380859,-0.0155525,-0.817556
allpass2_adaa,0.0385742,-0.0159541,-0.828079
allpass2_adaa,0.0390625,-0.0163609,-0.838603
allpass2_adaa,0.0395508,-0.0167727,-0.849129
allpass2_adaa,0.0400391,-0.0171897,-0.859657
allpass2_adaa,0.0405273,-0.0176118,-0.870186
allpass2_adaa,0.0410156,-0.018039,-0.880717
allpass2_adaa,0.0415039,-0.0184714,-0.89125
allpass2_adaa,0.0419922,-0.0189089,-0.901785
allpass2_adaa,0.0424805,-0.0193515,-0.912321
allpass2_adaa,0.0429688,-0.0197993,-0.922859
allpass2_adaa,0.043457,-0.0202522,-0.933399
allpass2_adaa,0.0439453,-0.0207102,-0.94394
allpass2_adaa,0.0444336,-0.0211734,-0.954483
allpass2_adaa,0.0449219,-0.0216417,-0.965029
allpass2_adaa,0.0454102,-0.0221152,-0.975576
allpass2_adaa,0.0458984,-0.0225937,-0.986125
allpass2_adaa,0.0463867,-0.0230774,-0.996675
allpass2_adaa,0.046875,-0.0235663,-1.00723
allpass2_adaa,0.0473633,-0.0240603,-1.01778
allpass2_adaa,0.0478516,-0.0245594,-1.02834
allpass2_adaa,0.0483398,-0.0250637,-1.0389
allpass2_adaa,0.0488281,-0.0255731,-1.04946
allpass2_adaa,0.0493164,-0.0260876,-1.06002
allpass2_adaa,0.0498047,-0.0266073,-1.07059
allpass2_adaa,0.050293,-0.0271321,-1.08115
allpass2_adaa,0.0507812,-0.0276621,-1.09172
allpass2_adaa,0.0512695,-0.0281972,-1.10229
allpass2_adaa,0.0517578,-0.0287375,-1.11287
allpass2_adaa,0.0522461,-0.0292829,-1.12344
allpass2_adaa,0.0527344,-0.0298334,-1.13402
allpass2_adaa,0.0532227,-0.0303891,-1.1446
allpass2_adaa,0.0537109,-0.03095,-1.15518
allpass2_adaa,0.0541992,-0.0315159,-1.16576
allpass2_adaa,0.0546875,-0.0320871,-1.17635
allpass2_adaa,0.0551758,-0.0326633,-1.18694
allpass2_adaa,0.0556641,-0.0332448,-1.19753
allpass2_adaa,0.0561523,-0.0338313,-1.20812
allpass2_adaa,0.0566406,-0.0344231,-1.21872
allpass2_adaa,0.0571289,-0.0350199,-1.22932
allpass2_adaa,0.0576172,-0.035622,-1.23992
allpass2_adaa,0.0581055,-0.0362291,-1.25052
allpass2_adaa,0.0585938,-0.0368415,-1.26112
allpass2_adaa,0.059082,-0.037459,-1.27173
allpass2_adaa,0.0595703,-0.0380816,-1.28234
allpass2_adaa,0.0600586,-0.0387094,-1.29295
allpass2_adaa,0.0605469,-0.0393423,-1.30357
allpass2_adaa,0.0610352,-0.0399804,-1.31419
allpass2_adaa,0.0615234,-0.0406237,-1.32481
allpass2_adaa,0.0620117,-0.0412721,-1.33543
allpass2_adaa,0.0625,-0.0419257,-1.34606
allpass2_adaa,0.0629883,-0.0425844,-1.35668
allpass2_adaa,0.0634766,-0.0432483,-1.36731
allpass2_adaa,0.0639648,-0.0439174,-1.37795
allpass2_adaa,0.0644531,-0.0445916,-1.38858
allpass2_adaa,0.0649414,-0.0452709,-1.39922
allpass2_adaa,0.0654297,-0.0459555,-1.40986
allpass2_adaa,0.065918,-0.0466452,-1.42051
allpass2_adaa,0.0664062,-0.04734,-1.43115
allpass2_adaa,0.0668945,-0.0480401,-1.4418
allpass2_adaa,0.0673828,-0.0487453,-1.45246
allpass2_adaa,0.0678711,-0.0494556,-1.46311
allpass2_adaa,0.0683594,-0.0501712,-1.47377
allpass2_adaa,0.0688477,-0.0508919,-1.48443
allpass2_adaa,0.0693359,-0.0516177,-1.49509
allpass2_adaa,0.0698242,-0.0523488,-1.50576
allpass2_adaa,0.0703125,-0.053085,-1.51643
allpass2_adaa,0.0708008,-0.0538264,-1.5271
allpass2_adaa,0.0712891,-0.0545729,-1.53778
allpass2_adaa,0.0717773,-0.0553247,-1.54846
allpass2_adaa,0.0722656,-0.0560816,-1.55914
allpass2_adaa,0.0727539,-0.0568436,-1.56983
allpass2_adaa,0.0732422,-0.0576109,-1.58051
allpass2_adaa,0.0737305,-0.0583833,-1.5912
allpass2_adaa,0.0742188,-0.059161,-1.6019
allpass2_adaa,0.074707,-0.0599438,-1.6126
allpass2_adaa,0.0751953,-0.0607317,-1.6233
allpass2_adaa,0.0756836,-0.0615249,-1.634
allpass2_adaa,0.0761719,-0.0623232,-1.64471
allpass2_adaa,0.0766602,-0.0631268,-1.65542
allpass2_adaa,0.0771484,-0.0639355,-1.66613
allpass2_adaa,0.0776367,-0.0647494,-1.67685
allpass2_adaa,0.078125,-0.0655684,-1.68757
allpass2_adaa,0.0786133,-0.0663927,-1.69829
allpass2_adaa,0.0791016,-0.0672222,-1.70902
allpass2_adaa,0.0795898,-0.0680568,-1.71975
allpass2_adaa,0.0800781,-0.0688967,-1.73048
allpass2_adaa,0.0805664,-0.0697417,-1.74122
allpass2_adaa,0.0810547,-0.0705919,-1.75196
allpass2_adaa,0.081543,-0.0714474,-1.7627
allpass2_adaa,0.0820312,-0.072308,-1.77345
allpass2_adaa,0.0825195,-0.0731738,-1.7842
allpass2_adaa,0.0830078,-0.0740448,-1.79496
allpass2_adaa,0.0834961,-0.074921,-1.80571
allpass2_adaa,0.0839844,-0.0758024,-1.81647
allpass2_adaa,0.0844727,-0.076689,-1.82724
allpass2_adaa,0.0849609,-0.0775808,-1.83801
allpass2_adaa,0.0854492,-0.0784778,-1.84878
allpass2_adaa,0.0859375,-0.07938,-1.85956
allpass2_adaa,0.0864258,-0.0802875,-1.87034
allpass2_adaa,0.0869141,-0.0812001,-1.88112
allpass2_adaa,0.0874023,-0.0821179,-1.89191
allpass2_adaa,0.0878906,-0.0830409,-1.9027
allpass2_adaa,0.0883789,-0.0839692,-1.91349
allpass2_adaa,0.0888672,-0.0849026,-1.92429
allpass2_adaa,0.0893555,-0.0858413,-1.93509
allpass2_adaa,0.0898438,-0.0867852,-1.9459
allpass2_adaa,0.090332,-0.0877342,-1.95671
allpass2_adaa,0.0908203,-0.0886885,-1.96752
allpass2_adaa,0.0913086,-0.0896481,-1.97834
allpass2_adaa,0.0917969,-0.0906128,-1.98916
allpass2_adaa,0.0922852,-0.0915827,-1.99999
allpass2_adaa,0.0927734,-0.0925579,-2.01082
allpass2_adaa,0.0932617,-0.0935383,-2.02165
allpass2_adaa,0.09375,-0.0945239,-2.03249
allpass2_adaa,0.0942383,-0.0955147,-2.04333
allpass2_adaa,0.0947266,-0.0965108,-2.05418
allpass2_adaa,0.0952148,-0.097512,-2.06503
allpass2_adaa,0.0957031,-0.0985185,-2.07588
allpass2_adaa,0.0961914,-0.0995303,-2.08674
allpass2_adaa,0.0966797,-0.100547,-2.0976
allpass2_adaa,0.097168,-0.101569,-2.10847
allpass2_adaa,0.0976562,-0.102597,-2.11934
allpass2_adaa,0.0981445,-0.103629,-2.13022
allpass2_adaa,0.0986328,-0.104667,-2.1411
allpass2_adaa,0.0991211,-0.10571,-2.15198
allpass2_adaa,0.0996094,-0.106759,-2.16287
allpass2_adaa,0.100098,-0.107812,-2.17376
allpass2_adaa,0.100586,-0.108871,-2.18466
allpass2_adaa,0.101074,-0.109935,-2.19556
allpass2_adaa,0.101562,-0.111005,-2.20647
allpass2_adaa,0.102051,-0.112079,-2.21738
allpass2_adaa,0.102539,-0.113159,-2.22829
allpass2_adaa,0.103027,-0.114244,-2.23921
allpass2_adaa,0.103516,-0.115334,-2.25014
allpass2_adaa,0.104004,-0.11643,-2.26106
allpass2_adaa,0.104492,-0.11753,-2.272
allpass2_adaa,0.10498,-0.118636,-2.28293
allpass2_adaa,0.105469,-0.119748,-2.29388
allpass2_adaa,0.105957,-0.120864,-2.30482
allpass2_adaa,0.106445,-0.121986,-2.31578
allpass2_adaa,0.106934,-0.123113,-2.32673
allpass2_adaa,0.107422,-0.124245,-2.33769
allpass2_adaa,0.10791,-0.125383,-2.34866
allpass2_adaa,0.108398,-0.126526,-2.35963
allpass2_adaa,0.108887,-0.127674,-2.3706
allpass2_adaa,0.109375,-0.128827,-2.38158
allpass2_adaa,0.109863,-0.129986,-2.39257
allpass2_adaa,0.110352,-0.13115,-2.40356
allpass2_adaa,0.11084,-0.132319,-2.41455
allpass2_adaa,0.111328,-0.133493,-2.42555
allpass2_adaa,0.111816,-0.134673,-2.43656
allpass2_adaa,0.112305,-0.135858,-2.44757
allpass2_adaa,0.112793,-0.137048,-2.45858
allpass2_adaa,0.113281,-0.138243,-2.4696
allpass2_adaa,0.11377,-0.139444,-2.48063
allpass2_adaa,0.114258,-0.14065,-2.49166
allpass2_adaa,0.114746,-0.141862,-2.50269
allpass2_adaa,0.115234,-0.143078,-2.51373
allpass2_adaa,0.115723,-0.1443,-2.52478
allpass2_adaa,0.116211,-0.145527,-2.53583
allpass2_adaa,0.116699,-0.14676,-2.54689
allpass2_adaa,0.117188,-0.147997,-2.55795
allpass2_adaa,0.117676,-0.14924,-2.56901
allpass2_adaa,0.118164,-0.150489,-2.58008
allpass2_adaa,0.118652,-0.151742,-2.59116
allpass2_adaa,0.119141,-0.153001,-2.60224
allpass2_adaa,0.119629,-0.154265,-2.61333
allpass2_adaa,0.120117,-0.155535,-2.62443
allpass2_adaa,0.120605,-0.15681,-2.63552
allpass2_adaa,0.121094,-0.15809,-2.64663
allpass2_adaa,0.121582,-0.159375,-2.65774
allpass2_adaa,0.12207,-0.160666,-2.66885
allpass2_adaa,0.122559,-0.161962,-2.67997
allpass2_adaa,0.123047,-0.163263,-2.6911
allpass2_adaa,0.123535,-0.164569,-2.70223
allpass2_adaa,0.124023,-0.165881,-2.71337
allpass2_adaa,0.124512,-0.167199,-2.72451
allpass2_adaa,0.125,-0.168521,-2.73566
allpass2_adaa,0.125488,-0.169849,-2.74681
allpass2_adaa,0.125977,-0.171182,-2.75797
allpass2_adaa,0.126465,-0.17252,-2.76914
allpass2_adaa,0.126953,-0.173864,-2.78031
allpass2_adaa,0.127441,-0.175213,-2.79149
allpass2_adaa,0.12793,-0.176568,-2.80267
allpass2_adaa,0.128418,-0.177927,-2.81386
allpass2_adaa,0.128906,-0.179292,-2.82506
allpass2_adaa,0.129395,-0.180663,-2.83626
allpass2_adaa,0.129883,-0.182039,-2.84746
allpass2_adaa,0.130371,-0.18342,-2.85868
allpass2_adaa,0.130859,-0.184806,-2.8699
allpass2_adaa,0.131348,-0.186198,-2.88112
allpass2_adaa,0.131836,-0.187595,-2.89235
allpass2_adaa,0.132324,-0.188997,-2.90359
allpass2_adaa,0.132812,-0.190405,-2.91483
allpass2_adaa,0.133301,-0.191818,-2.92608
allpass2_adaa,0.133789,-0.193236,-2.93734
allpass2_adaa,0.134277,-0.19466,-2.9486
allpass2_adaa,0.134766,-0.196089,-2.95987
allpass2_adaa,0.135254,-0.197523,-2.97114
allpass2_adaa,0.135742,-0.198963,-2.98242
allpass2_adaa,0.13623,-0.200408,-2.99371
allpass2_adaa,0.136719,-0.201858,-3.005
allpass2_adaa,0.137207,-0.203314,-3.0163
allpass2_adaa,0.137695,-0.204775,-3.02761
allpass2_adaa,0.138184,-0.206242,-3.03892
allpass2_adaa,0.138672,-0.207714,-3.05024
allpass2_adaa,0.13916,-0.209191,-3.06157
allpass2_adaa,0.139648,-0.210674,-3.0729
allpass2_adaa,0.140137,-0.212161,-3.08424
allpass2_adaa,0.140625,-0.213655,-3.09558
allpass2_adaa,0.141113,-0.215153,-3.10693
allpass2_adaa,0.141602,-0.216658,-3.11829
allpass2_adaa,0.14209,-0.218167,-3.12966
allpass2_adaa,0.142578,-0.219682,-3.14103
allpass2_adaa,0.143066,-0.221202,-3.15241
allpass2_adaa,0.143555,-0.222727,-3.16379
allpass2_adaa,0.144043,-0.224258,-3.17519
allpass2_adaa,0.144531,-0.225795,-3.18658
allpass2_adaa,0.14502,-0.227336,-3.19799
allpass2_adaa,0.145508,-0.228883,-3.2094
allpass2_adaa,0.145996,-0.230436,-3.22082
allpass2_adaa,0.146484,-0.231994,-3.23225
allpass2_adaa,0.146973,-0.233557,-3.24368
allpass2_adaa,0.147461,-0.235126,-3.25512
allpass2_adaa,0.147949,-0.2367,-3.26657
allpass2_adaa,0.148438,-0.238279,-3.27803
allpass2_adaa,0.148926,-0.239864,-3.28949
allpass2_adaa,0.149414,-0.241454,-3.30096
allpass2_adaa,0.149902,-0.24305,-3.31243
allpass2_adaa,0.150391,-0.244651,-3.32392
allpass2_adaa,0.150879,-0.246257,-3.33541
allpass2_adaa,0.151367,-0.247869,-3.3469
allpass2_adaa,0.151855,-0.249486,-3.35841
allpass2_adaa,0.152344,-0.251109,-3.36992
allpass2_adaa,0.152832,-0.252737,-3.38144
allpass2_adaa,0.15332,-0.25437,-3.39297
allpass2_adaa,0.153809,-0.256009,-3.4045
allpass2_adaa,0.154297,-0.257654,-3.41605
allpass2_adaa,0.154785,-0.259303,-3.4276
allpass2_adaa,0.155273,-0.260958,-3.43915
allpass2_adaa,0.155762,-0.262619,-3.45072
allpass2_adaa,0.15625,-0.264285,-3.46229
allpass2_adaa,0.156738,-0.265957,-3.47387
allpass2_adaa,0.157227,-0.267633,-3.48546
allpass2_adaa,0.157715,-0.269316,-3.49705
allpass2_adaa,0.158203,-0.271003,-3.50866
allpass2_adaa,0.158691,-0.272697,-3.52027
allpass2_adaa,0.15918,-0.274395,-3.53188
allpass2_adaa,0.159668,-0.276099,-3.54351
allpass2_adaa,0.160156,-0.277809,-3.55515
allpass2_adaa,0.160645,-0.279524,-3.56679
allpass2_adaa,0.161133,-0.281244,-3.57844
allpass2_adaa,0.161621,-0.28297,-3.59009
allpass2_adaa,0.162109,-0.284702,-3.60176
allpass2_adaa,0.162598,-0.286438,-3.61343
allpass2_adaa,0.163086,-0.288181,-3.62512
allpass2_adaa,0.163574,-0.289928,-3.63681
allpass2_adaa,0.164062,-0.291681,-3.6485
allpass2_adaa,0.164551,-0.29344,-3.66021
allpass2_adaa,0.165039,-0.295204,-3.67193
allpass2_adaa,0.165527,-0.296974,-3.68365
allpass2_adaa,0.166016,-0.298749,-3.69538
allpass2_adaa,0.166504,-0.300529,-3.70712
allpass2_adaa,0.166992,-0.302315,-3.71887
allpass2_adaa,0.16748,-0.304107,-3.73062
allpass2_adaa,0.167969,-0.305904,-3.74239
allpass2_adaa,0.168457,-0.307706,-3.75416
allpass2_adaa,0.168945,-0.309514,-3.76594
allpass2_adaa,0.169434,-0.311327,-3.77773
allpass2_adaa,0.169922,-0.313146,-3.78953
allpass2_adaa,0.17041,-0.314971,-3.80133
allpass2_adaa,0.170898,-0.316801,-3.81315
allpass2_adaa,0.171387,-0.318636,-3.82497
allpass2_adaa,0.171875,-0.320477,-3.83681
allpass2_adaa,0.172363,-0.322323,-3.84865
allpass2_adaa,0.172852,-0.324175,-3.8605
allpass2_adaa,0.17334,-0.326032,-3.87236
allpass2_adaa,0.173828,-0.327895,-3.88423
allpass2_adaa,0.174316,-0.329764,-3.8961
allpass2_adaa,0.174805,-0.331638,-3.90799
allpass2_adaa,0.175293,-0.333517,-3.91988
allpass2_adaa,0.175781,-0.335402,-3.93179
allpass2_adaa,0.17627,-0.337292,-3.9437
allpass2_adaa,0.176758,-0.339188,-3.95562
allpass2_adaa,0.177246,-0.34109,-3.96755
allpass2_adaa,0.177734,-0.342997,-3.97949
allpass2_adaa,0.178223,-0.34491,-3.99144
allpass2_adaa,0.178711,-0.346828,-4.0034
allpass2_adaa,0.179199,-0.348751,-4.01536
allpass2_adaa,0.179688,-0.35068,-4.02734
allpass2_adaa,0.180176,-0.352615,-4.03933
allpass2_adaa,0.180664,-0.354555,-4.05132
allpass2_adaa,0.181152,-0.356501,-4.06333
allpass2_adaa,0.181641,-0.358452,-4.07534
allpass2_adaa,0.182129,-0.360409,-4.08736
allpass2_adaa,0.182617,-0.362372,-4.0994
allpass2_adaa,0.183105,-0.36434,-4.11144
allpass2_adaa,0.183594,-0.366313,-4.12349
allpass2_adaa,0.184082,-0.368292,-4.13555
allpass2_adaa,0.18457,-0.370277,-4.14763
allpass2_adaa,0.185059,-0.372267,-4.15971
allpass2_adaa,0.185547,-0.374263,-4.1718
allpass2_adaa,0.186035,-0.376265,-4.1839
allpass2_adaa,0.186523,-0.378271,-4.19601
allpass2_adaa,0.187012,-0.380284,-4.20813
allpass2_adaa,0.1875,-0.382302,-4.22026
allpass2_adaa,0.187988,-0.384326,-4.2324
allpass2_adaa,0.188477,-0.386355,-4.24455
allpass2_adaa,0.188965,-0.38839,-4.25671
allpass2_adaa,0.189453,-0.39043,-4.26888
allpass2_adaa,0.189941,-0.392476,-4.28106
allpass2_adaa,0.19043,-0.394528,-4.29325
allpass2_adaa,0.190918,-0.396585,-4.30545
allpass2_adaa,0.191406,-0.398648,-4.31766
allpass2_adaa,0.191895,-0.400716,-4.32988
allpass2_adaa,0.192383,-0.40279,-4.34212
allpass2_adaa,0.192871,-0.40487,-4.35436
allpass2_adaa,0.193359,-0.406955,-4.36661
allpass2_adaa,0.193848,-0.409046,-4.37887
allpass2_adaa,0.194336,-0.411143,-4.39115
allpass2_adaa,0.194824,-0.413245,-4.40343
allpass2_adaa,0.195312,-0.415352,-4.41572
allpass2_adaa,0.195801,-0.417466,-4.42803
allpass2_adaa,0.196289,-0.419585,-4.44034
allpass2_adaa,0.196777,-0.421709,-4.45267
allpass2_adaa,0.197266,-0.42384,-4.46501
allpass2_adaa,0.197754,-0.425975,-4.47735
allpass2_adaa,0.198242,-0.428117,-4.48971
allpass2_adaa,0.19873,-0.430264,-4.50208
allpass2_adaa,0.199219,-0.432417,-4.51446
allpass2_adaa,0.199707,-0.434575,-4.52685
allpass2_adaa,0.200195,-0.436739,-4.53926
allpass2_adaa,0.200684,-0.438909,-4.55167
allpass2_adaa,0.201172,-0.441084,-4.56409
allpass2_adaa,0.20166,-0.443265,-4.57653
allpass2_adaa,0.202148,-0.445452,-4.58898
allpass2_adaa,0.202637,-0.447644,-4.60143
allpass2_adaa,0.203125,-0.449842,-4.6139
allpass2_adaa,0.203613,-0.452046,-4.62638
allpass2_adaa,0.204102,-0.454255,-4.63887
allpass2_adaa,0.20459,-0.45647,-4.65138
allpass2_adaa,0.205078,-0.458691,-4.66389
allpass2_adaa,0.205566,-0.460917,-4.67642
allpass2_adaa,0.206055,-0.463149,-4.68896
allpass2_adaa,0.206543,-0.465387,-4.7015
allpass2_adaa,0.207031,-0.467631,-4.71407
allpass2_adaa,0.20752,-0.46988,-4.72664
allpass2_adaa,0.208008,-0.472134,-4.73922
allpass2_adaa,0.208496,-0.474395,-4.75182
allpass2_adaa,0.208984,-0.476661,-4.76443
allpass2_adaa,0.209473,-0.478933,-4.77705
allpass2_adaa,0.209961,-0.481211,-4.78968
allpass2_adaa,0.210449,-0.483494,-4.80232
allpass2_adaa,0.210938,-0.485783,-4.81498
allpass2_adaa,0.211426,-0.488078,-4.82764
allpass2_adaa,0.211914,-0.490378,-4.84032
allpass2_adaa,0.212402,-0.492684,-4.85302
allpass2_adaa,0.212891,-0.494996,-4.86572
allpass2_adaa,0.213379,-0.497314,-4.87844
allpass2_adaa,0.213867,-0.499637,-4.89116
allpass2_adaa,0.214355,-0.501966,-4.90391
allpass2_adaa,0.214844,-0.504301,-4.91666
allpass2_adaa,0.215332,-0.506641,-4.92942
allpass2_adaa,0.21582,-0.508988,-4.9422
allpass2_adaa,0.216309,-0.51134,-4.95499
allpass2_adaa,0.216797,-0.513698,-4.9678
allpass2_adaa,0.217285,-0.516061,-4.98061
allpass2_adaa,0.217773,-0.51843,-4.99344
allpass2_adaa,0.218262,-0.520805,-5.00628
allpass2_adaa,0.21875,-0.523186,-5.01914
allpass2_adaa,0.219238,-0.525573,-5.032
allpass2_adaa,0.219727,-0.527965,-5.04488
allpass2_adaa,0.220215,-0.530363,-5.05778
allpass2_adaa,0.220703,-0.532767,-5.07068
allpass2_adaa,0.221191,-0.535177,-5.0836
allpass2_adaa,0.22168,-0.537592,-5.09654
allpass2_adaa,0.222168,-0.540014,-5.10948
allpass2_adaa,0.222656,-0.542441,-5.12244
allpass2_adaa,0.223145,-0.544873,-5.13541
allpass2_adaa,0.223633,-0.547312,-5.1484
allpass2_adaa,0.224121,-0.549756,-5.1614
allpass2_adaa,0.224609,-0.552207,-5.17441
allpass2_adaa,0.225098,-0.554663,-5.18743
allpass2_adaa,0.225586,-0.557124,-5.20047
allpass2_adaa,0.226074,-0.559592,-5.21352
allpass2_adaa,0.226562,-0.562065,-5.22659
allpass2_adaa,0.227051,-0.564545,-5.23967
allpass2_adaa,0.227539,-0.56703,-5.25277
allpass2_adaa,0.228027,-0.569521,-5.26587
allpass2_adaa,0.228516,-0.572017,-5.27899
allpass2_adaa,0.229004,-0.57452,-5.29213
allpass2_adaa,0.229492,-0.577028,-5.30528
allpass2_adaa,0.22998,-0.579542,-5.31844
allpass2_adaa,0.230469,-0.582063,-5.33162
allpass2_adaa,0.230957,-0.584588,-5.34481
allpass2_adaa,0.231445,-0.58712,-5.35802
allpass2_adaa,0.231934,-0.589658,-5.37124
allpass2_adaa,0.232422,-0.592201,-5.38447
allpass2_adaa,0.23291,-0.594751,-5.39772
allpass2_adaa,0.233398,-0.597306,-5.41099
allpass2_adaa,0.233887,-0.599867,-5.42426
allpass2_adaa,0.234375,-0.602434,-5.43756
allpass2_adaa,0.234863,-0.605006,-5.45086
allpass2_adaa,0.235352,-0.607585,-5.46418
allpass2_adaa,0.23584,-0.61017,-5.47752
allpass2_adaa,0.236328,-0.61276,-5.49087
allpass2_adaa,0.236816,-0.615356,-5.50424
allpass2_adaa,0.237305,-0.617958,-5.51762
allpass2_adaa,0.237793,-0.620566,-5.53102
allpass2_adaa,0.238281,-0.62318,-5.54443
allpass2_adaa,0.23877,-0.6258,-5.55785
allpass2_adaa,0.239258,-0.628426,-5.57129
allpass2_adaa,0.239746,-0.631058,-5.58475
allpass2_adaa,0.240234,-0.633695,-5.59822
allpass2_adaa,0.240723,-0.636339,-5.61171
allpass2_adaa,0.241211,-0.638988,-5.62521
allpass2_adaa,0.241699,-0.641643,-5.63873
allpass2_adaa,0.242188,-0.644305,-5.65226
allpass2_adaa,0.242676,-0.646972,-5.66581
allpass2_adaa,0.243164,-0.649645,-5.67938
allpass2_adaa,0.243652,-0.652324,-5.69296
allpass2_adaa,0.244141,-0.655009,-5.70656
allpass2_adaa,0.244629,-0.6577,-5.72017
allpass2_adaa,0.245117,-0.660397,-5.7338
allpass2_adaa,0.245605,-0.663099,-5.74744
allpass2_adaa,0.246094,-0.665808,-5.7611
allpass2_adaa,0.246582,-0.668523,-5.77478
allpass2_adaa,0.24707,-0.671243,-5.78847
allpass2_adaa,0.247559,-0.67397,-5.80218
allpass2_adaa,0.248047,-0.676703,-5.81591
allpass2_adaa,0.248535,-0.679441,-5.82965
allpass2_adaa,0.249023,-0.682186,-5.84341
allpass2_adaa,0.249512,-0.684936,-5.85718
allpass2_adaa,0.25,-0.687693,-5.87097
allpass2_adaa,0.250488,-0.690455,-5.88478
allpass2_adaa,0.250977,-0.693224,-5.8986
allpass2_adaa,0.251465,-0.695998,-5.91244
allpass2_adaa,0.251953,-0.698779,-5.9263
allpass2_adaa,0.252441,-0.701565,-5.94018
allpass2_adaa,0.25293,-0.704358,-5.95407
allpass2_adaa,0.253418,-0.707156,-5.96798
allpass2_adaa,0.253906,-0.709961,-5.98191
allpass2_adaa,0.254395,-0.712771,-5.99585
allpass2_adaa,0.254883,-0.715588,-6.00981
allpass2_adaa,0.255371,-0.71841,-6.02379
allpass2_adaa,0.255859,-0.721239,-6.03779
allpass2_adaa,0.256348,-0.724073,-6.0518
allpass2_adaa,0.256836,-0.726914,-6.06583
allpass2_adaa,0.257324,-0.729761,-6.07988
allpass2_adaa,0.257812,-0.732613,-6.09394
allpass2_adaa,0.258301,-0.735472,-6.10803
allpass2_adaa,0.258789,-0.738337,-6.12213
allpass2_adaa,0.259277,-0.741208,-6.13625
allpass2_adaa,0.259766,-0.744085,-6.15039
allpass2_adaa,0.260254,-0.746968,-6.16454
allpass2_adaa,0.260742,-0.749857,-6.17872
allpass2_adaa,0.26123,-0.752752,-6.19291
allpass2_adaa,0.261719,-0.755653,-6.20712
allpass2_adaa,0.262207,-0.758561,-6.22135
allpass2_adaa,0.262695,-0.761474,-6.2356
allpass2_adaa,0.263184,-0.764394,-6.24987
allpass2_adaa,0.263672,-0.767319,-6.26415
allpass2_adaa,0.26416,-0.770251,-6.27845
allpass2_adaa,0.264648,-0.773189,-6.29278
allpass2_adaa,0.265137,-0.776133,-6.30712
allpass2_adaa,0.265625,-0.779083,-6.32148
allpass2_adaa,0.266113,-0.782039,-6.33586
allpass2_adaa,0.266602,-0.785001,-6.35026
allpass2_adaa,0.26709,-0.787969,-6.36467
allpass2_adaa,0.267578,-0.790944,-6.37911
allpass2_adaa,0.268066,-0.793924,-6.39357
allpass2_adaa,0.268555,-0.796911,-6.40804
allpass2_adaa,0.269043,-0.799904,-6.42254
allpass2_adaa,0.269531,-0.802903,-6.43705
allpass2_adaa,0.27002,-0.805908,-6.45159
allpass2_adaa,0.270508,-0.80892,-6.46614
allpass2_adaa,0.270996,-0.811937,-6.48072
allpass2_adaa,0.271484,-0.814961,-6.49531
allpass2_adaa,0.271973,-0.81799,-6.50992
allpass2_adaa,0.272461,-0.821026,-6.52456
allpass2_adaa,0.272949,-0.824069,-6.53921
allpass2_adaa,0.273438,-0.827117,-6.55389
allpass2_adaa,0.273926,-0.830171,-6.56858
allpass2_adaa,0.274414,-0.833232,-6.5833
allpass2_adaa,0.274902,-0.836299,-6.59803
allpass2_adaa,0.275391,-0.839372,-6.61279
allpass2_adaa,0.275879,-0.842451,-6.62757
allpass2_adaa,0.276367,-0.845537,-6.64237
allpass2_adaa,0.276855,-0.848629,-6.65719
allpass2_adaa,0.277344,-0.851726,-6.67203
allpass2_adaa,0.277832,-0.854831,-6.68689
allpass2_adaa,0.27832,-0.857941,-6.70177
allpass2_adaa,0.278809,-0.861058,-6.71667
allpass2_adaa,0.279297,-0.86418,-6.7316
allpass2_adaa,0.279785,-0.867309,-6.74655
allpass2_adaa,0.280273,-0.870445,-6.76152
allpass2_adaa,0.280762,-0.873586,-6.77651
allpass2_adaa,0.28125,-0.876734,-6.79152
allpass2_adaa,0.281738,-0.879888,-6.80655
allpass2_adaa,0.282227,-0.883048,-6.82161
allpass2_adaa,0.282715,-0.886215,-6.83668
allpass2_adaa,0.283203,-0.889388,-6.85178
allpass2_adaa,0.283691,-0.892567,-6.8669
allpass2_adaa,0.28418,-0.895752,-6.88205
allpass2_adaa,0.284668,-0.898944,-6.89722
allpass2_adaa,0.285156,-0.902141,-6.9124
allpass2_adaa,0.285645,-0.905346,-6.92762
allpass2_adaa,0.286133,-0.908556,-6.94285
allpass2_adaa,0.286621,-0.911773,-6.95811
allpass2_adaa,0.287109,-0.914996,-6.97339
allpass2_adaa,0.287598,-0.918225,-6.98869
allpass2_adaa,0.288086,-0.921461,-7.00402
allpass2_adaa,0.288574,-0.924703,-7.01937
allpass2_adaa,0.289062,-0.927952,-7.03474
allpass2_adaa,0.289551,-0.931206,-7.05014
allpass2_adaa,0.290039,-0.934467,-7.06556
allpass2_adaa,0.290527,-0.937735,-7.081
allpass2_adaa,0.291016,-0.941008,-7.09647
allpass2_adaa,0.291504,-0.944288,-7.11196
allpass2_adaa,0.291992,-0.947575,-7.12747
allpass2_adaa,0.29248,-0.950867,-7.14301
allpass2_adaa,0.292969,-0.954167,-7.15857
allpass2_adaa,0.293457,-0.957472,-7.17416
allpass2_adaa,0.293945,-0.960784,-7.18977
allpass2_adaa,0.294434,-0.964102,-7.20541
allpass2_adaa,0.294922,-0.967427,-7.22107
allpass2_adaa,0.29541,-0.970758,-7.23676
allpass2_adaa,0.295898,-0.974095,-7.25247
allpass2_adaa,0.296387,-0.977439,-7.2682
allpass2_adaa,0.296875,-0.980789,-7.28396
allpass2_adaa,0.297363,-0.984146,-7.29975
allpass2_adaa,0.297852,-0.987509,-7.31556
allpass2_adaa,0.29834,-0.990878,-7.3314
allpass2_adaa,0.298828,-0.994254,-7.34726
allpass2_adaa,0.299316,-0.997636,-7.36315
allpass2_adaa,0.299805,-1.00102,-7.37906
allpass2_adaa,0.300293,-1.00442,-7.395
allpass2_adaa,0.300781,-1.00782,-7.41097
allpass2_adaa,0.30127,-1.01123,-7.42696
allpass2_adaa,0.301758,-1.01464,-7.44297
allpass2_adaa,0.302246,-1.01806,-7.45902
allpass2_adaa,0.302734,-1.02149,-7.47509
allpass2_adaa,0.303223,-1.02493,-7.49119
allpass2_adaa,0.303711,-1.02837,-7.50731
allpass2_adaa,0.304199,-1.03181,-7.52346
allpass2_adaa,0.304688,-1.03527,-7.53964
allpass2_adaa,0.305176,-1.03873,-7.55584
allpass2_adaa,0.305664,-1.04219,-7.57208
allpass2_adaa,0.306152,-1.04566,-7.58833
allpass2_adaa,0.306641,-1.04914,-7.60462
allpass2_adaa,0.307129,-1.05263,-7.62094
allpass2_adaa,0.307617,-1.05612,-7.63728
allpass2_adaa,0.308105,-1.05962,-7.65365
allpass2_adaa,0.308594,-1.06313,-7.67005
allpass2_adaa,0.309082,-1.06664,-7.68647
allpass2_adaa,0.30957,-1.07016,-7.70293
allpass2_adaa,0.310059,-1.07368,-7.71941
allpass2_adaa,0.310547,-1.07721,-7.73592
allpass2_adaa,0.311035,-1.08075,-7.75246
allpass2_adaa,0.311523,-1.08429,-7.76903
allpass2_adaa,0.312012,-1.08785,-7.78563
allpass2_adaa,0.3125,-1.0914,-7.80225
allpass2_adaa,0.312988,-1.09497,-7.81891
allpass2_adaa,0.313477,-1.09854,-7.8356
allpass2_adaa,0.313965,-1.10212,-7.85231
allpass2_adaa,0.314453,-1.1057,-7.86905
allpass2_adaa,0.314941,-1.10929,-7.88583
allpass2_adaa,0.31543,-1.11289,-7.90263
allpass2_adaa,0.315918,-1.11649,-7.91947
allpass2_adaa,0.316406,-1.1201,-7.93633
allpass2_adaa,0.316895,-1.12372,-7.95323
allpass2_adaa,0.317383,-1.12734,-7.97015
allpass2_adaa,0.317871,-1.13097,-7.98711
allpass2_adaa,0.318359,-1.13461,-8.00409
allpass2_adaa,0.318848,-1.13825,-8.02111
allpass2_adaa,0.319336,-1.1419,-8.03816
allpass2_adaa,0.319824,-1.14556,-8.05524
allpass2_adaa,0.320312,-1.14922,-8.07235
allpass2_adaa,0.320801,-1.15289,-8.0895
allpass2_adaa,0.321289,-1.15657,-8.10667
allpass2_adaa,0.321777,-1.16025,-8.12388
allpass2_adaa,0.322266,-1.16394,-8.14112
allpass2_adaa,0.322754,-1.16764,-8.15839
allpass2_adaa,0.323242,-1.17134,-8.17569
allpass2_adaa,0.32373,-1.17505,-8.19303
allpass2_adaa,0.324219,-1.17877,-8.21039
allpass2_adaa,0.324707,-1.18249,-8.2278
allpass2_adaa,0.325195,-1.18622,-8.24523
allpass2_adaa,0.325684,-1.18996,-8.2627
allpass2_adaa,0.326172,-1.1937,-8.2802
allpass2_adaa,0.32666,-1.19745,-8.29773
allpass2_adaa,0.327148,-1.20121,-8.3153
allpass2_adaa,0.327637,-1.20498,-8.3329
allpass2_adaa,0.328125,-1.20875,-8.35054
allpass2_adaa,0.328613,-1.21252,-8.36821
allpass2_adaa,0.329102,-1.21631,-8.38591
allpass2_adaa,0.32959,-1.2201,-8.40365
allpass2_adaa,0.330078,-1.2239,-8.42142
allpass2_adaa,0.330566,-1.2277,-8.43923
allpass2_adaa,0.331055,-1.23151,-8.45708
allpass2_adaa,0.331543,-1.23533,-8.47495
allpass2_adaa,0.332031,-1.23915,-8.49287
allpass2_adaa,0.33252,-1.24299,-8.51082
allpass2_adaa,0.333008,-1.24682,-8.5288
allpass2_adaa,0.333496,-1.25067,-8.54682
allpass2_adaa,0.333984,-1.25452,-8.56488
allpass2_adaa,0.334473,-1.25838,-8.58298
allpass2_adaa,0.334961,-1.26225,-8.60111
allpass2_adaa,0.335449,-1.26612,-8.61927
allpass2_adaa,0.335938,-1.27,-8.63748
allpass2_adaa,0.336426,-1.27388,-8.65572
allpass2_adaa,0.336914,-1.27778,-8.674
allpass2_adaa,0.337402,-1.28168,-8.69231
allpass2_adaa,0.337891,-1.28558,-8.71067
allpass2_adaa,0.338379,-1.2895,-8.72906
allpass2_adaa,0.338867,-1.29342,-8.74749
allpass2_adaa,0.339355,-1.29734,-8.76595
allpass2_adaa,0.339844,-1.30128,-8.78446
allpass2_adaa,0.340332,-1.30522,-8.803
allpass2_adaa,0.34082,-1.30917,-8.82159
allpass2_adaa,0.341309,-1.31312,-8.84021
allpass2_adaa,0.341797,-1.31708,-8.85887
allpass2_adaa,0.342285,-1.32105,-8.87757
allpass2_adaa,0.342773,-1.32503,-8.89632
allpass2_adaa,0.343262,-1.32901,-8.9151
allpass2_adaa,0.34375,-1.333,-8.93392
allpass2_adaa,0.344238,-1.337,-8.95278
allpass2_adaa,0.344727,-1.341,-8.97168
allpass2_adaa,0.345215,-1.34501,-8.99063
allpass2_adaa,0.345703,-1.34903,-9.00961
allpass2_adaa,0.346191,-1.35305,-9.02863
allpass2_adaa,0.34668,-1.35709,-9.0477
allpass2_adaa,0.347168,-1.36112,-9.06681
allpass2_adaa,0.347656,-1.36517,-9.08596
allpass2_adaa,0.348145,-1.36922,-9.10515
allpass2_adaa,0.348633,-1.37328,-9.12439
allpass2_adaa,0.349121,-1.37735,-9.14367
allpass2_adaa,0.349609,-1.38142,-9.16299
allpass2_adaa,0.350098,-1.3855,-9.18235
allpass2_adaa,0.350586,-1.38959,-9.20176
allpass2_adaa,0.351074,-1.39368,-9.22121
allpass2_adaa,0.351562,-1.39778,-9.2407
allpass2_adaa,0.352051,-1.40189,-9.26024
allpass2_adaa,0.352539,-1.40601,-9.27982
allpass2_adaa,0.353027,-1.41013,-9.29945
allpass2_adaa,0.353516,-1.41426,-9.31912
allpass2_adaa,0.354004,-1.4184,-9.33884
allpass2_adaa,0.354492,-1.42254,-9.3586
allpass2_adaa,0.35498,-1.42669,-9.37841
allpass2_adaa,0.355469,-1.43085,-9.39826
allpass2_adaa,0.355957,-1.43502,-9.41816
allpass2_adaa,0.356445,-1.43919,-9.43811
allpass2_adaa,0.356934,-1.44337,-9.4581
allpass2_adaa,0.357422,-1.44755,-9.47814
allpass2_adaa,0.35791,-1.45175,-9.49823
allpass2_adaa,0.358398,-1.45595,-9.51836
allpass2_adaa,0.358887,-1.46016,-9.53854
allpass2_adaa,0.359375,-1.46437,-9.55877
allpass2_adaa,0.359863,-1.46859,-9.57905
allpass2_adaa,0.360352,-1.47282,-9.59938
allpass2_adaa,0.36084,-1.47706,-9.61976
allpass2_adaa,0.361328,-1.4813,-9.64018
allpass2_adaa,0.361816,-1.48555,-9.66065
allpass2_adaa,0.362305,-1.48981,-9.68118
allpass2_adaa,0.362793,-1.49408,-9.70175
allpass2_adaa,0.363281,-1.49835,-9.72238
allpass2_adaa,0.36377,-1.50263,-9.74305
allpass2_adaa,0.364258,-1.50692,-9.76378
allpass2_adaa,0.364746,-1.51121,-9.78455
allpass2_adaa,0.365234,-1.51551,-9.80538
allpass2_adaa,0.365723,-1.51982,-9.82626
allpass2_adaa,0.366211,-1.52414,-9.84719
allpass2_adaa,0.366699,-1.52846,-9.86818
allpass2_adaa,0.367188,-1.53279,-9.88921
allpass2_adaa,0.367676,-1.53713,-9.9103
allpass2_adaa,0.368164,-1.54147,-9.93145
allpass2_adaa,0.368652,-1.54583,-9.95265
allpass2_adaa,0.369141,-1.55018,-9.9739
allpass2_adaa,0.369629,-1.55455,-9.9952
allpass2_adaa,0.370117,-1.55893,-10.0166
allpass2_adaa,0.370605,-1.56331,-10.038
allpass2_adaa,0.371094,-1.5677,-10.0594
allpass2_adaa,0.371582,-1.57209,-10.081
allpass2_adaa,0.37207,-1.5765,-10.1026
allpass2_adaa,0.372559,-1.58091,-10.1242
allpass2_adaa,0.373047,-1.58533,-10.1459
allpass2_adaa,0.373535,-1.58975,-10.1676
allpass2_adaa,0.374023,-1.59418,-10.1895
allpass2_adaa,0.374512,-1.59862,-10.2113
allpass2_adaa,0.375,-1.60307,-10.2333
allpass2_adaa,0.375488,-1.60753,-10.2552
allpass2_adaa,0.375977,-1.61199,-10.2773
allpass2_adaa,0.376465,-1.61646,-10.2994
allpass2_adaa,0.376953,-1.62094,-10.3215
allpass2_adaa,0.377441,-1.62542,-10.3438
allpass2_adaa,0.37793,-1.62991,-10.3661
allpass2_adaa,0.378418,-1.63441,-10.3884
allpass2_adaa,0.378906,-1.63892,-10.4108
allpass2_adaa,0.379395,-1.64343,-10.4333
allpass2_adaa,0.379883,-1.64796,-10.4558
allpass2_adaa,0.380371,-1.65249,-10.4784
allpass2_adaa,0.380859,-1.65702,-10.501
allpass2_adaa,0.381348,-1.66157,-10.5238
allpass2_adaa,0.381836,-1.66612,-10.5465
allpass2_adaa,0.382324,-1.67068,-10.5694
allpass2_adaa,0.382812,-1.67525,-10.5923
allpass2_adaa,0.383301,-1.67982,-10.6153
allpass2_adaa,0.383789,-1.6844,-10.6383
allpass2_adaa,0.384277,-1.68899,-10.6614
allpass2_adaa,0.384766,-1.69359,-10.6846
allpass2_adaa,0.385254,-1.69819,-10.7078
allpass2_adaa,0.385742,-1.70281,-10.7311
allpass2_adaa,0.38623,-1.70742,-10.7545
allpass2_adaa,0.386719,-1.71205,-10.778
allpass2_adaa,0.387207,-1.71669,-10.8015
allpass2_adaa,0.387695,-1.72133,-10.8251
allpass2_adaa,0.388184,-1.72598,-10.8487
allpass2_adaa,0.388672,-1.73064,-10.8724
allpass2_adaa,0.38916,-1.7353,-10.8962
allpass2_adaa,0.389648,-1.73998,-10.9201
allpass2_adaa,0.390137,-1.74466,-10.944
allpass2_adaa,0.390625,-1.74934,-10.968
allpass2_adaa,0.391113,-1.75404,-10.9921
allpass2_adaa,0.391602,-1.75874,-11.0162
allpass2_adaa,0.39209,-1.76345,-11.0405
allpass2_adaa,0.392578,-1.76817,-11.0648
allpass2_adaa,0.393066,-1.7729,-11.0891
allpass2_adaa,0.393555,-1.77763,-11.1136
allpass2_adaa,0.394043,-1.78237,-11.1381
allpass2_adaa,0.394531,-1.78712,-11.1627
allpass2_adaa,0.39502,-1.79188,-11.1874
allpass2_adaa,0.395508,-1.79665,-11.2121
allpass2_adaa,0.395996,-1.80142,-11.237
allpass2_adaa,0.396484,-1.8062,-11.2619
allpass2_adaa,0.396973,-1.81099,-11.2869
allpass2_adaa,0.397461,-1.81578,-11.3119
allpass2_adaa,0.397949,-1.82059,-11.3371
allpass2_adaa,0.398438,-1.8254,-11.3623
allpass2_adaa,0.398926,-1.83022,-11.3876
allpass2_adaa,0.399414,-1.83504,-11.413
allpass2_adaa,0.399902,-1.83988,-11.4385
allpass2_adaa,0.400391,-1.84472,-11.464
allpass2_adaa,0.400879,-1.84957,-11.4897
allpass2_adaa,0.401367,-1.85443,-11.5154
allpass2_adaa,0.401855,-1.8593,-11.5412
allpass2_adaa,0.402344,-1.86417,-11.5671
allpass2_adaa,0.402832,-1.86905,-11.5931
allpass2_adaa,0.40332,-1.87394,-11.6192
allpass2_adaa,0.403809,-1.87884,-11.6453
allpass2_adaa,0.404297,-1.88374,-11.6716
allpass2_adaa,0.404785,-1.88866,-11.6979
allpass2_adaa,0.405273,-1.89358,-11.7243
allpass2_adaa,0.405762,-1.89851,-11.7509
allpass2_adaa,0.40625,-1.90344,-11.7775
allpass2_adaa,0.406738,-1.90839,-11.8042
allpass2_adaa,0.407227,-1.91334,-11.831
allpass2_adaa,0.407715,-1.9183,-11.8578
allpass2_adaa,0.408203,-1.92327,-11.8848
allpass2_adaa,0.408691,-1.92825,-11.9119
allpass2_adaa,0.40918,-1.93323,-11.9391
allpass2_adaa,0.409668,-1.93823,-11.9663
allpass2_adaa,0.410156,-1.94323,-11.9937
allpass2_adaa,0.410645,-1.94823,-12.0212
allpass2_adaa,0.411133,-1.95325,-12.0487
allpass2_adaa,0.411621,-1.95828,-12.0764
allpass2_adaa,0.412109,-1.96331,-12.1042
allpass2_adaa,0.412598,-1.96835,-12.132
allpass2_adaa,0.413086,-1.9734,-12.16
allpass2_adaa,0.413574,-1.97845,-12.188
allpass2_adaa,0.414062,-1.98352,-12.2162
allpass2_adaa,0.414551,-1.98859,-12.2445
allpass2_adaa,0.415039,-1.99367,-12.2729
allpass2_adaa,0.415527,-1.99876,-12.3014
allpass2_adaa,0.416016,-2.00386,-12.33
allpass2_adaa,0.416504,-2.00896,-12.3587
allpass2_adaa,0.416992,-2.01408,-12.3875
allpass2_adaa,0.41748,-2.0192,-12.4164
allpass2_adaa,0.417969,-2.02433,-12.4455
allpass2_adaa,0.418457,-2.02947,-12.4746
allpass2_adaa,0.418945,-2.03461,-12.5039
allpass2_adaa,0.419434,-2.03977,-12.5332
allpass2_adaa,0.419922,-2.04493,-12.5627
allpass2_adaa,0.42041,-2.0501,-12.5923
allpass2_adaa,0.420898,-2.05528,-12.6221
allpass2_adaa,0.421387,-2.06046,-12.6519
allpass2_adaa,0.421875,-2.06566,-12.6819
allpass2_adaa,0.422363,-2.07086,-12.712
allpass2_adaa,0.422852,-2.07607,-12.7422
allpass2_adaa,0.42334,-2.08129,-12.7725
allpass2_adaa,0.423828,-2.08652,-12.803
allpass2_adaa,0.424316,-2.09176,-12.8335
allpass2_adaa,0.424805,-2.097,-12.8643
allpass2_adaa,0.425293,-2.10225,-12.8951
allpass2_adaa,0.425781,-2.10752,-12.9261
allpass2_adaa,0.42627,-2.11278,-12.9571
allpass2_adaa,0.426758,-2.11806,-12.9884
allpass2_adaa,0.427246,-2.12335,-13.0197
allpass2_adaa,0.427734,-2.12864,-13.0512
allpass2_adaa,0.428223,-2.13395,-13.0828
allpass2_adaa,0.428711,-2.13926,-13.1146
allpass2_adaa,0.429199,-2.14458,-13.1465
allpass2_adaa,0.429688,-2.1499,-13.1786
allpass2_adaa,0.430176,-2.15524,-13.2107
allpass2_adaa,0.430664,-2.16059,-13.2431
allpass2_adaa,0.431152,-2.16594,-13.2755
allpass2_adaa,0.431641,-2.1713,-13.3082
allpass2_adaa,0.432129,-2.17667,-13.3409
allpass2_adaa,0.432617,-2.18205,-13.3738
allpass2_adaa,0.433105,-2.18744,-13.4069
allpass2_adaa,0.433594,-2.19283,-13.4401
allpass2_adaa,0.434082,-2.19824,-13.4735
allpass2_adaa,0.43457,-2.20365,-13.507
allpass2_adaa,0.435059,-2.20907,-13.5406
allpass2_adaa,0.435547,-2.2145,-13.5745
allpass2_adaa,0.436035,-2.21994,-13.6085
allpass2_adaa,0.436523,-2.22539,-13.6426
allpass2_adaa,0.437012,-2.23084,-13.6769
allpass2_adaa,0.4375,-2.23631,-13.7114
allpass2_adaa,0.437988,-2.24178,-13.7461
allpass2_adaa,0.438477,-2.24727,-13.7809
allpass2_adaa,0.438965,-2.25276,-13.8159
allpass2_adaa,0.439453,-2.25826,-13.851
allpass2_adaa,0.439941,-2.26377,-13.8864
allpass2_adaa,0.44043,-2.26929,-13.9219
allpass2_adaa,0.440918,-2.27482,-13.9576
allpass2_adaa,0.441406,-2.28036,-13.9934
allpass2_adaa,0.441895,-2.2859,-14.0295
allpass2_adaa,0.442383,-2.29146,-14.0657
allpass2_adaa,0.442871,-2.29703,-14.1022
allpass2_adaa,0.443359,-2.3026,-14.1388
allpass2_adaa,0.443848,-2.30819,-14.1756
allpass2_adaa,0.444336,-2.31378,-14.2126
allpass2_adaa,0.444824,-2.31939,-14.2498
allpass2_adaa,0.445312,-2.32501,-14.2872
allpass2_adaa,0.445801,-2.33063,-14.3248
allpass2_adaa,0.446289,-2.33627,-14.3626
allpass2_adaa,0.446777,-2.34192,-14.4006
allpass2_adaa,0.447266,-2.34758,-14.4389
allpass2_adaa,0.447754,-2.35325,-14.4773
allpass2_adaa,0.448242,-2.35894,-14.516
allpass2_adaa,0.44873,-2.36464,-14.5548
allpass2_adaa,0.449219,-2.37035,-14.5939
allpass2_adaa,0.449707,-2.37607,-14.6332
allpass2_adaa,0.450195,-2.3818,-14.6728
allpass2_adaa,0.450684,-2.38756,-14.7126
allpass2_adaa,0.451172,-2.39332,-14.7526
allpass2_adaa,0.45166,-2.3991,-14.7928
allpass2_adaa,0.452148,-2.4049,-14.8333
allpass2_adaa,0.452637,-2.41072,-14.8741
allpass2_adaa,0.453125,-2.41655,-14.915
allpass2_adaa,0.453613,-2.4224,-14.9563
allpass2_adaa,0.454102,-2.42827,-14.9978
allpass2_adaa,0.45459,-2.43417,-15.0395
allpass2_adaa,0.455078,-2.44008,-15.0816
allpass2_adaa,0.455566,-2.44602,-15.1238
allpass2_adaa,0.456055,-2.45199,-15.1664
allpass2_adaa,0.456543,-2.45798,-15.2092
allpass2_adaa,0.457031,-2.464,-15.2524
allpass2_adaa,0.45752,-2.47006,-15.2958
allpass2_adaa,0.458008,-2.47615,-15.3395
allpass2_adaa,0.458496,-2.48227,-15.3835
allpass2_adaa,0.458984,-2.48843,-15.4278
allpass2_adaa,0.459473,-2.49464,-15.4724
allpass2_adaa,0.459961,-2.50089,-15.5173
allpass2_adaa,0.460449,-2.50719,-15.5625
allpass2_adaa,0.460938,-2.51354,-15.6081
allpass2_adaa,0.461426,-2.51995,-15.654
allpass2_adaa,0.461914,-2.52643,-15.7002
allpass2_adaa,0.462402,-2.53297,-15.7468
allpass2_adaa,0.462891,-2.53958,-15.7937
allpass2_adaa,0.463379,-2.54628,-15.841
allpass2_adaa,0.463867,-2.55306,-15.8887
allpass2_adaa,0.464355,-2.55994,-15.9367
allpass2_adaa,0.464844,-2.56692,-15.9851
allpass2_adaa,0.465332,-2.57401,-16.0339
allpass2_adaa,0.46582,-2.58123,-16.0831
allpass2_adaa,0.466309,-2.58858,-16.1327
allpass2_adaa,0.466797,-2.59608,-16.1828
allpass2_adaa,0.467285,-2.60373,-16.2332
allpass2_adaa,0.467773,-2.61156,-16.2841
allpass2_adaa,0.468262,-2.61958,-16.3354
allpass2_adaa,0.46875,-2.62781,-16.3872
allpass2_adaa,0.469238,-2.63627,-16.4395
allpass2_adaa,0.469727,-2.64497,-16.4923
allpass2_adaa,0.470215,-2.65394,-16.5455
allpass2_adaa,0.470703,-2.6632,-16.5993
allpass2_adaa,0.471191,-2.67279,-16.6536
allpass2_adaa,0.47168,-2.68273,-16.7084
allpass2_adaa,0.472168,-2.69305,-16.7638
allpass2_adaa,0.472656,-2.70379,-16.8198
allpass2_adaa,0.473145,-2.71499,-16.8763
allpass2_adaa,0.473633,-2.72668,-16.9335
allpass2_adaa,0.474121,-2.73892,-16.9913
allpass2_adaa,0.474609,-2.75175,-17.0497
allpass2_adaa,0.475098,-2.76523,-17.1088
allpass2_adaa,0.475586,-2.77941,-17.1686
allpass2_adaa,0.476074,-2.79436,-17.2291
allpass2_adaa,0.476562,-2.81014,-17.2904
allpass2_adaa,0.477051,-2.82684,-17.3524
allpass2_adaa,0.477539,-2.84453,-17.4151
allpass2_adaa,0.478027,-2.86329,-17.4788
allpass2_adaa,0.478516,-2.88323,-17.5432
allpass2_adaa,0.479004,-2.90444,-17.6085
allpass2_adaa,0.479492,-2.92703,-17.6748
allpass2_adaa,0.47998,-2.95112,-17.742
allpass2_adaa,0.480469,-2.97684,-17.8102
allpass2_adaa,0.480957,-3.00432,-17.8794
allpass2_adaa,0.481445,-3.0337,-17.9496
allpass2_adaa,0.481934,-3.06514,-18.021
allpass2_adaa,0.482422,-3.0988,-18.0936
allpass2_adaa,0.48291,-3.13485,-18.1673
allpass2_adaa,0.483398,-3.17347,-18.2423
allpass2_adaa,0.483887,-3.21486,-18.3186
allpass2_adaa,0.484375,-3.25922,-18.3962
allpass2_adaa,0.484863,-3.30674,-18.4753
allpass2_adaa,0.485352,-3.35765,-18.5558
allpass2_adaa,0.48584,-3.41215,-18.6379
allpass2_adaa,0.486328,-3.47047,-18.7217
allpass2_adaa,0.486816,-3.53282,-18.807
allpass2_adaa,0.487305,-3.59941,-18.8942
allpass2_adaa,0.487793,-3.67044,-18.9832
allpass2_adaa,0.488281,-3.7461,-19.0741
allpass2_adaa,0.48877,-3.82655,-19.167
allpass2_adaa,0.489258,-3.91191,-19.262
allpass2_adaa,0.489746,-4.00227,-19.3591
allpass2_adaa,0.490234,-4.09766,-19.4585
allpass2_adaa,0.490723,-4.19804,-19.5603
allpass2_adaa,0.491211,-4.30329,-19.6645
allpass2_adaa,0.491699,-4.4132,-19.7713
allpass2_adaa,0.492188,-4.52741,-19.8806
allpass2_adaa,0.492676,-4.64545,-19.9927
allpass2_adaa,0.493164,-4.76667,-20.1076
allpass2_adaa,0.493652,-4.89025,-20.2253
allpass2_adaa,0.494141,-5.01517,-20.3458
allpass2_adaa,0.494629,-5.14022,-20.4693
allpass2_adaa,0.495117,-5.26396,-20.5957
allpass2_adaa,0.495605,-5.38474,-20.7251
allpass2_adaa,0.496094,-5.50075,-20.8572
allpass2_adaa,0.496582,-5.61,-20.992
allpass2_adaa,0.49707,-5.71042,-21.1294
allpass2_adaa,0.497559,-5.79993,-21.2691
allpass2_adaa,0.498047,-5.87648,-21.4109
allpass2_adaa,0.498535,-5.93822,-21.5543
allpass2_adaa,0.499023,-5.98355,-21.6992
allpass2_adaa,0.499512,-6.01127,-21.8449
elliptic2,0,-0.0399994,0
elliptic2,0.000488281,-0.0399975,-0.00957627
elliptic2,0.000976562,-0.0399919,-0.0191526
elliptic2,0.00146484,-0.0399824,-0.0287289
elliptic2,0.00195312,-0.0399692,-0.0383054
elliptic2,0.00244141,-0.0399522,-0.0478819
elliptic2,0.00292969,-0.0399314,-0.0574586
elliptic2,0.00341797,-0.0399069,-0.0670355
elliptic2,0.00390625,-0.0398786,-0.0766126
elliptic2,0.00439453,-0.0398466,-0.0861899
elliptic2,0.00488281,-0.0398108,-0.0957674
elliptic2,0.00537109,-0.0397712,-0.105345
elliptic2,0.00585938,-0.0397279,-0.114923
elliptic2,0.00634766,-0.0396809,-0.124502
elliptic2,0.00683594,-0.0396302,-0.134081
elliptic2,0.00732422,-0.0395757,-0.14366
elliptic2,0.0078125,-0.0395176,-0.15324
elliptic2,0.00830078,-0.0394557,-0.16282
elliptic2,0.00878906,-0.0393902,-0.172401
elliptic2,0.00927734,-0.039321,-0.181982
elliptic2,0.00976562,-0.0392481,-0.191564
elliptic2,0.0102539,-0.0391716,-0.201146
elliptic2,0.0107422,-0.0390915,-0.210729
elliptic2,0.0112305,-0.0390077,-0.220312
elliptic2,0.0117188,-0.0389204,-0.229897
elliptic2,0.012207,-0.0388294,-0.239482
elliptic2,0.0126953,-0.0387349,-0.249067
elliptic2,0.0131836,-0.0386368,-0.258654
elliptic2,0.0136719,-0.0385352,-0.268241
elliptic2,0.0141602,-0.0384301,-0.277829
elliptic2,0.0146484,-0.0383215,-0.287417
elliptic2,0.0151367,-0.0382094,-0.297007
elliptic2,0.015625,-0.0380938,-0.306598
elliptic2,0.0161133,-0.0379748,-0.316189
elliptic2,0.0166016,-0.0378524,-0.325782
elliptic2,0.0170898,-0.0377266,-0.335375
elliptic2,0.0175781,-0.0375974,-0.344969
elliptic2,0.0180664,-0.0374649,-0.354565
elliptic2,0.0185547,-0.037329,-0.364161
elliptic2,0.019043,-0.0371899,-0.373759
elliptic2,0.0195312,-0.0370474,-0.383357
elliptic2,0.0200195,-0.0369017,-0.392957
elliptic2,0.0205078,-0.0367528,-0.402558
elliptic2,0.0209961,-0.0366007,-0.41216
elliptic2,0.0214844,-0.0364454,-0.421764
elliptic2,0.0219727,-0.0362869,-0.431369
elliptic2,0.0224609,-0.0361254,-0.440975
elliptic2,0.0229492,-0.0359608,-0.450582
elliptic2,0.0234375,-0.0357931,-0.460191
elliptic2,0.0239258,-0.0356224,-0.469801
elliptic2,0.0244141,-0.0354486,-0.479412
elliptic2,0.0249023,-0.035272,-0.489025
elliptic2,0.0253906,-0.0350924,-0.498639
elliptic2,0.0258789,-0.0349098,-0.508255
elliptic2,0.0263672,-0.0347245,-0.517872
elliptic2,0.0268555,-0.0345363,-0.527491
elliptic2,0.0273438,-0.0343453,-0.537111
elliptic2,0.027832,-0.0341515,-0.546733
elliptic2,0.0283203,-0.033955,-0.556357
elliptic2,0.0288086,-0.0337558,-0.565982
elliptic2,0.0292969,-0.0335539,-0.575609
elliptic2,0.0297852,-0.0333495,-0.585238
elliptic2,0.0302734,-0.0331424,-0.594868
elliptic2,0.0307617,-0.0329328,-0.6045
elliptic2,0.03125,-0.0327207,-0.614134
elliptic2,0.0317383,-0.0325061,-0.62377
elliptic2,0.0322266,-0.0322891,-0.633407
elliptic2,0.0327148,-0.0320697,-0.643047
elliptic2,0.0332031,-0.0318479,-0.652688
elliptic2,0.0336914,-0.0316239,-0.662332
elliptic2,0.0341797,-0.0313975,-0.671977
elliptic2,0.034668,-0.031169,-0.681624
elliptic2,0.0351562,-0.0309382,-0.691273
elliptic2,0.0356445,-0.0307053,-0.700924
elliptic2,0.0361328,-0.0304704,-0.710578
elliptic2,0.0366211,-0.0302333,-0.720233
elliptic2,0.0371094,-0.0299943,-0.729891
elliptic2,0.0375977,-0.0297532,-0.73955
elliptic2,0.0380859,-0.0295103,-0.749212
elliptic2,0.0385742,-0.0292654,-0.758876
elliptic2,0.0390625,-0.0290188,-0.768542
elliptic2,0.0395508,-0.0287703,-0.778211
elliptic2,0.0400391,-0.0285201,-0.787882
elliptic2,0.0405273,-0.0282682,-0.797555
elliptic2,0.0410156,-0.0280146,-0.80723
elliptic2,0.0415039,-0.0277595,-0.816908
elliptic2,0.0419922,-0.0275028,-0.826588
elliptic2,0.0424805,-0.0272445,-0.836271
elliptic2,0.0429688,-0.0269848,-0.845956
elliptic2,0.043457,-0.0267237,-0.855643
elliptic2,0.0439453,-0.0264613,-0.865333
elliptic2,0.0444336,-0.0261975,-0.875026
elliptic2,0.0449219,-0.0259325,-0.884721
elliptic2,0.0454102,-0.0256662,-0.894418
elliptic2,0.0458984,-0.0253988,-0.904118
elliptic2,0.0463867,-0.0251303,-0.913821
elliptic2,0.046875,-0.0248607,-0.923527
elliptic2,0.0473633,-0.02459,-0.933235
elliptic2,0.0478516,-0.0243185,-0.942946
elliptic2,0.0483398,-0.024046,-0.952659
elliptic2,0.0488281,-0.0237726,-0.962375
elliptic2,0.0493164,-0.0234985,-0.972095
elliptic2,0.0498047,-0.0232235,-0.981816
elliptic2,0.050293,-0.0229479,-0.991541
elliptic2,0.0507812,-0.0226717,-1.00127
elliptic2,0.0512695,-0.0223948,-1.011
elliptic2,0.0517578,-0.0221174,-1.02073
elliptic2,0.0522461,-0.0218394,-1.03047
elliptic2,0.0527344,-0.0215611,-1.04021
elliptic2,0.0532227,-0.0212824,-1.04995
elliptic2,0.0537109,-0.0210033,-1.0597
elliptic2,0.0541992,-0.0207239,-1.06944
elliptic2,0.0546875,-0.0204443,-1.0792
elliptic2,0.0551758,-0.0201646,-1.08895
elliptic2,0.0556641,-0.0198847,-1.09871
elliptic2,0.0561523,-0.0196047,-1.10847
elliptic2,0.0566406,-0.0193248,-1.11823
elliptic2,0.0571289,-0.0190449,-1.128
elliptic2,0.0576172,-0.0187651,-1.13777
elliptic2,0.0581055,-0.0184854,-1.14754
elliptic2,0.0585938,-0.0182059,-1.15732
elliptic2,0.059082,-0.0179267,-1.1671
elliptic2,0.0595703,-0.0176479,-1.17688
elliptic2,0.0600586,-0.0173693,-1.18667
elliptic2,0.0605469,-0.0170913,-1.19646
elliptic2,0.0610352,-0.0168137,-1.20625
elliptic2,0.0615234,-0.0165366,-1.21605
elliptic2,0.0620117,-0.0162601,-1.22585
elliptic2,0.0625,-0.0159842,-1.23565
elliptic2,0.0629883,-0.0157091,-1.24546
elliptic2,0.0634766,-0.0154347,-1.25527
elliptic2,0.0639648,-0.0151611,-1.26509
elliptic2,0.0644531,-0.0148884,-1.2749
elliptic2,0.0649414,-0.0146165,-1.28472
elliptic2,0.0654297,-0.0143457,-1.29455
elliptic2,0.065918,-0.0140759,-1.30438
elliptic2,0.0664062,-0.0138071,-1.31421
elliptic2,0.0668945,-0.0135395,-1.32405
elliptic2,0.0673828,-0.0132731,-1.33389
elliptic2,0.0678711,-0.0130079,-1.34373
elliptic2,0.0683594,-0.012744,-1.35358
elliptic2,0.0688477,-0.0124814,-1.36343
elliptic2,0.0693359,-0.0122203,-1.37328
elliptic2,0.0698242,-0.0119606,-1.38314
elliptic2,0.0703125,-0.0117024,-1.393
elliptic2,0.0708008,-0.0114458,-1.40287
elliptic2,0.0712891,-0.0111907,-1.41274
elliptic2,0.0717773,-0.0109374,-1.42261
elliptic2,0.0722656,-0.0106857,-1.43249
elliptic2,0.0727539,-0.0104359,-1.44237
elliptic2,0.0732422,-0.0101878,-1.45226
elliptic2,0.0737305,-0.00994161,-1.46215
elliptic2,0.0742188,-0.00969735,-1.47204
elliptic2,0.074707,-0.00945506,-1.48194
elliptic2,0.0751953,-0.0092148,-1.49184
elliptic2,0.0756836,-0.00897661,-1.50175
elliptic2,0.0761719,-0.00874054,-1.51166
elliptic2,0.0766602,-0.00850666,-1.52157
elliptic2,0.0771484,-0.00827499,-1.53149
elliptic2,0.0776367,-0.0080456,-1.54142
elliptic2,0.078125,-0.00781854,-1.55134
elliptic2,0.0786133,-0.00759384,-1.56127
elliptic2,0.0791016,-0.00737156,-1.57121
elliptic2,0.0795898,-0.00715176,-1.58115
elliptic2,0.0800781,-0.00693446,-1.59109
elliptic2,0.0805664,-0.00671973,-1.60104
elliptic2,0.0810547,-0.00650761,-1.611
elliptic2,0.081543,-0.00629814,-1.62095
elliptic2,0.0820312,-0.00609138,-1.63091
elliptic2,0.0825195,-0.00588736,-1.64088
elliptic2,0.0830078,-0.00568613,-1.65085
elliptic2,0.0834961,-0.00548774,-1.66083
elliptic2,0.0839844,-0.00529223,-1.67081
elliptic2,0.0844727,-0.00509964,-1.68079
elliptic2,0.0849609,-0.00491002,-1.69078
elliptic2,0.0854492,-0.00472341,-1.70077
elliptic2,0.0859375,-0.00453985,-1.71077
elliptic2,0.0864258,-0.00435939,-1.72077
elliptic2,0.0869141,-0.00418206,-1.73078
elliptic2,0.0874023,-0.00400791,-1.74079
elliptic2,0.0878906,-0.00383697,-1.75081
elliptic2,0.0883789,-0.00366929,-1.76083
elliptic2,0.0888672,-0.0035049,-1.77085
elliptic2,0.0893555,-0.00334385,-1.78088
elliptic2,0.0898438,-0.00318617,-1.79092
elliptic2,0.090332,-0.0030319,-1.80096
elliptic2,0.0908203,-0.00288108,-1.81101
elliptic2,0.0913086,-0.00273373,-1.82106
elliptic2,0.0917969,-0.00258991,-1.83111
elliptic2,0.0922852,-0.00244964,-1.84117
elliptic2,0.0927734,-0.00231295,-1.85123
elliptic2,0.0932617,-0.00217989,-1.8613
elliptic2,0.09375,-0.00205048,-1.87138
elliptic2,0.0942383,-0.00192475,-1.88146
elliptic2,0.0947266,-0.00180275,-1.89154
elliptic2,0.0952148,-0.00168449,-1.90163
elliptic2,0.0957031,-0.00157002,-1.91173
elliptic2,0.0961914,-0.00145935,-1.92182
elliptic2,0.0966797,-0.00135253,-1.93193
elliptic2,0.097168,-0.00124957,-1.94204
elliptic2,0.0976562,-0.0011505,-1.95215
elliptic2,0.0981445,-0.00105536,-1.96227
elliptic2,0.0986328,-0.00096417,-1.9724
elliptic2,0.0991211,-0.000876952,-1.98253
elliptic2,0.0996094,-0.000793733,-1.99267
elliptic2,0.100098,-0.000714537,-2.00281
elliptic2,0.100586,-0.000639387,-2.01295
elliptic2,0.101074,-0.000568306,-2.0231
elliptic2,0.101562,-0.000501317,-2.03326
elliptic2,0.102051,-0.000438439,-2.04342
elliptic2,0.102539,-0.000379693,-2.05359
elliptic2,0.103027,-0.000325099,-2.06376
elliptic2,0.103516,-0.000274676,-2.07394
elliptic2,0.104004,-0.00022844,-2.08413
elliptic2,0.104492,-0.000186409,-2.09431
elliptic2,0.10498,-0.0001486,-2.10451
elliptic2,0.105469,-0.000115028,-2.11471
elliptic2,0.105957,-8.57074e-05,-2.12492
elliptic2,0.106445,-6.06518e-05,-2.13513
elliptic2,0.106934,-3.98743e-05,-2.14534
elliptic2,0.107422,-2.33869e-05,-2.15557
elliptic2,0.10791,-1.12008e-05,-2.16579
elliptic2,0.108398,-3.32639e-06,-2.17603
elliptic2,0.108887,2.26856e-07,-2.18627
elliptic2,0.109375,-5.49647e-07,-2.19651
elliptic2,0.109863,-5.66363e-06,-2.20676
elliptic2,0.110352,-1.51219e-05,-2.21702
elliptic2,0.11084,-2.89305e-05,-2.22728
elliptic2,0.111328,-4.70944e-05,-2.23755
elliptic2,0.111816,-6.96178e-05,-2.24782
elliptic2,0.112305,-9.6504e-05,-2.2581
elliptic2,0.112793,-0.000127755,-2.26839
elliptic2,0.113281,-0.000163373,-2.27868
elliptic2,0.11377,-0.000203358,-2.28898
elliptic2,0.114258,-0.000247709,-2.29928
elliptic2,0.114746,-0.000296426,-2.30959
elliptic2,0.115234,-0.000349506,-2.31991
elliptic2,0.115723,-0.000406946,-2.33023
elliptic2,0.116211,-0.000468742,-2.34055
elliptic2,0.116699,-0.000534888,-2.35089
elliptic2,0.117188,-0.000605379,-2.36123
elliptic2,0.117676,-0.000680207,-2.37157
elliptic2,0.118164,-0.000759366,-2.38192
elliptic2,0.118652,-0.000842845,-2.39228
elliptic2,0.119141,-0.000930636,-2.40265
elliptic2,0.119629,-0.00102273,-2.41302
elliptic2,0.120117,-0.00111911,-2.42339
elliptic2,0.120605,-0.00121976,-2.43378
elliptic2,0.121094,-0.00132468,-2.44417
elliptic2,0.121582,-0.00143384,-2.45456
elliptic2,0.12207,-0.00154724,-2.46496
elliptic2,0.122559,-0.00166485,-2.47537
elliptic2,0.123047,-0.00178666,-2.48578
elliptic2,0.123535,-0.00191265,-2.49621
elliptic2,0.124023,-0.0020428,-2.50663
elliptic2,0.124512,-0.00217709,-2.51707
elliptic2,0.125,-0.0023155,-2.52751
elliptic2,0.125488,-0.002458,-2.53795
elliptic2,0.125977,-0.00260457,-2.54841
elliptic2,0.126465,-0.00275519,-2.55887
elliptic2,0.126953,-0.00290984,-2.56933
elliptic2,0.127441,-0.00306848,-2.57981
elliptic2,0.12793,-0.00323109,-2.59029
elliptic2,0.128418,-0.00339764,-2.60077
elliptic2,0.128906,-0.0035681,-2.61126
elliptic2,0.129395,-0.00374244,-2.62176
elliptic2,0.129883,-0.00392063,-2.63227
elliptic2,0.130371,-0.00410264,-2.64278
elliptic2,0.130859,-0.00428844,-2.6533
elliptic2,0.131348,-0.00447798,-2.66383
elliptic2,0.131836,-0.00467125,-2.67437
elliptic2,0.132324,-0.00486819,-2.68491
elliptic2,0.132812,-0.00506877,-2.69545
elliptic2,0.133301,-0.00527296,-2.70601
elliptic2,0.133789,-0.00548071,-2.71657
elliptic2,0.134277,-0.00569199,-2.72714
elliptic2,0.134766,-0.00590676,-2.73771
elliptic2,0.135254,-0.00612497,-2.7483
elliptic2,0.135742,-0.00634658,-2.75889
elliptic2,0.13623,-0.00657155,-2.76948
elliptic2,0.136719,-0.00679983,-2.78009
elliptic2,0.137207,-0.00703138,-2.7907
elliptic2,0.137695,-0.00726615,-2.80132
elliptic2,0.138184,-0.00750409,-2.81194
elliptic2,0.138672,-0.00774516,-2.82258
elliptic2,0.13916,-0.00798931,-2.83322
elliptic2,0.139648,-0.00823649,-2.84386
elliptic2,0.140137,-0.00848664,-2.85452
elliptic2,0.140625,-0.00873971,-2.86518
elliptic2,0.141113,-0.00899566,-2.87585
elliptic2,0.141602,-0.00925443,-2.88653
elliptic2,0.14209,-0.00951596,-2.89721
elliptic2,0.142578,-0.0097802,-2.90791
elliptic2,0.143066,-0.0100471,-2.91861
elliptic2,0.143555,-0.0103166,-2.92931
elliptic2,0.144043,-0.0105886,-2.94003
elliptic2,0.144531,-0.0108631,-2.95075
elliptic2,0.14502,-0.0111401,-2.96148
elliptic2,0.145508,-0.0114193,-2.97222
elliptic2,0.145996,-0.0117009,-2.98297
elliptic2,0.146484,-0.0119848,-2.99372
elliptic2,0.146973,-0.0122708,-3.00448
elliptic2,0.147461,-0.0125589,-3.01525
elliptic2,0.147949,-0.012849,-3.02603
elliptic2,0.148438,-0.0131412,-3.03682
elliptic2,0.148926,-0.0134352,-3.04761
elliptic2,0.149414,-0.0137312,-3.05841
elliptic2,0.149902,-0.0140289,-3.06922
elliptic2,0.150391,-0.0143283,-3.08004
elliptic2,0.150879,-0.0146293,-3.09086
elliptic2,0.151367,-0.014932,-3.1017
elliptic2,0.151855,-0.0152361,-3.11254
elliptic2,0.152344,-0.0155417,-3.12339
elliptic2,0.152832,-0.0158487,-3.13425
elliptic2,0.15332,-0.0161569,-3.14512
elliptic2,0.153809,-0.0164664,-3.15599
elliptic2,0.154297,-0.0167771,-3.16687
elliptic2,0.154785,-0.0170888,-3.17777
elliptic2,0.155273,-0.0174015,-3.18867
elliptic2,0.155762,-0.0177151,-3.19958
elliptic2,0.15625,-0.0180296,-3.21049
elliptic2,0.156738,-0.0183449,-3.22142
elliptic2,0.157227,-0.0186608,-3.23235
elliptic2,0.157715,-0.0189774,-3.2433
elliptic2,0.158203,-0.0192946,-3.25425
elliptic2,0.158691,-0.0196122,-3.26521
elliptic2,0.15918,-0.0199302,-3.27618
elliptic2,0.159668,-0.0202485,-3.28716
elliptic2,0.160156,-0.020567,-3.29814
elliptic2,0.160645,-0.0208857,-3.30914
elliptic2,0.161133,-0.0212045,-3.32014
elliptic2,0.161621,-0.0215232,-3.33116
elliptic2,0.162109,-0.0218419,-3.34218
elliptic2,0.162598,-0.0221604,-3.35321
elliptic2,0.163086,-0.0224786,-3.36425
elliptic2,0.163574,-0.0227965,-3.3753
elliptic2,0.164062,-0.023114,-3.38636
elliptic2,0.164551,-0.023431,-3.39743
elliptic2,0.165039,-0.0237474,-3.40851
elliptic2,0.165527,-0.0240631,-3.4196
elliptic2,0.166016,-0.0243781,-3.43069
elliptic2,0.166504,-0.0246923,-3.4418
elliptic2,0.166992,-0.0250056,-3.45292
elliptic2,0.16748,-0.0253178,-3.46404
elliptic2,0.167969,-0.025629,-3.47518
elliptic2,0.168457,-0.025939,-3.48632
elliptic2,0.168945,-0.0262477,-3.49747
elliptic2,0.169434,-0.0265551,-3.50864
elliptic2,0.169922,-0.0268611,-3.51981
elliptic2,0.17041,-0.0271656,-3.53099
elliptic2,0.170898,-0.0274685,-3.54219
elliptic2,0.171387,-0.0277697,-3.55339
elliptic2,0.171875,-0.0280692,-3.5646
elliptic2,0.172363,-0.0283668,-3.57582
elliptic2,0.172852,-0.0286625,-3.58706
elliptic2,0.17334,-0.0289562,-3.5983
elliptic2,0.173828,-0.0292477,-3.60955
elliptic2,0.174316,-0.0295371,-3.62081
elliptic2,0.174805,-0.0298243,-3.63209
elliptic2,0.175293,-0.0301091,-3.64337
elliptic2,0.175781,-0.0303914,-3.65467
elliptic2,0.17627,-0.0306713,-3.66597
elliptic2,0.176758,-0.0309485,-3.67728
elliptic2,0.177246,-0.031223,-3.68861
elliptic2,0.177734,-0.0314948,-3.69995
elliptic2,0.178223,-0.0317638,-3.71129
elliptic2,0.178711,-0.0320298,-3.72265
elliptic2,0.179199,-0.0322928,-3.73402
elliptic2,0.179688,-0.0325527,-3.7454
elliptic2,0.180176,-0.0328094,-3.75679
elliptic2,0.180664,-0.0330629,-3.76819
elliptic2,0.181152,-0.033313,-3.7796
elliptic2,0.181641,-0.0335597,-3.79102
elliptic2,0.182129,-0.0338029,-3.80245
elliptic2,0.182617,-0.0340426,-3.8139
elliptic2,0.183105,-0.0342786,-3.82535
elliptic2,0.183594,-0.0345108,-3.83682
elliptic2,0.184082,-0.0347393,-3.8483
elliptic2,0.18457,-0.0349638,-3.85979
elliptic2,0.185059,-0.0351844,-3.87129
elliptic2,0.185547,-0.035401,-3.8828
elliptic2,0.186035,-0.0356135,-3.89432
elliptic2,0.186523,-0.0358218,-3.90586
elliptic2,0.187012,-0.0360258,-3.91741
elliptic2,0.1875,-0.0362255,-3.92896
elliptic2,0.187988,-0.0364207,-3.94053
elliptic2,0.188477,-0.0366116,-3.95212
elliptic2,0.188965,-0.0367978,-3.96371
elliptic2,0.189453,-0.0369795,-3.97532
elliptic2,0.189941,-0.0371565,-3.98693
elliptic2,0.19043,-0.0373287,-3.99856
elliptic2,0.190918,-0.0374961,-4.01021
elliptic2,0.191406,-0.0376587,-4.02186
elliptic2,0.191895,-0.0378163,-4.03353
elliptic2,0.192383,-0.0379689,-4.04521
elliptic2,0.192871,-0.0381164,-4.0569
elliptic2,0.193359,-0.0382588,-4.0686
elliptic2,0.193848,-0.038396,-4.08032
elliptic2,0.194336,-0.0385279,-4.09205
elliptic2,0.194824,-0.0386546,-4.10379
elliptic2,0.195312,-0.0387759,-4.11554
elliptic2,0.195801,-0.0388917,-4.12731
elliptic2,0.196289,-0.0390021,-4.13909
elliptic2,0.196777,-0.039107,-4.15088
elliptic2,0.197266,-0.0392063,-4.16269
elliptic2,0.197754,-0.0392999,-4.17451
elliptic2,0.198242,-0.0393879,-4.18634
elliptic2,0.19873,-0.0394702,-4.19819
elliptic2,0.199219,-0.0395467,-4.21005
elliptic2,0.199707,-0.0396173,-4.22192
elliptic2,0.200195,-0.0396821,-4.2338
elliptic2,0.200684,-0.0397411,-4.2457
elliptic2,0.201172,-0.039794,-4.25761
elliptic2,0.20166,-0.039841,-4.26954
elliptic2,0.202148,-0.039882,-4.28148
elliptic2,0.202637,-0.0399169,-4.29343
elliptic2,0.203125,-0.0399457,-4.3054
elliptic2,0.203613,-0.0399684,-4.31738
elliptic2,0.204102,-0.039985,-4.32938
elliptic2,0.20459,-0.0399954,-4.34139
elliptic2,0.205078,-0.0399996,-4.35341
elliptic2,0.205566,-0.0399975,-4.36545
elliptic2,0.206055,-0.0399892,-4.3775
elliptic2,0.206543,-0.0399746,-4.38957
elliptic2,0.207031,-0.0399537,-4.40165
elliptic2,0.20752,-0.0399264,-4.41375
elliptic2,0.208008,-0.0398929,-4.42586
elliptic2,0.208496,-0.039853,-4.43798
elliptic2,0.208984,-0.0398067,-4.45012
elliptic2,0.209473,-0.039754,-4.46228
elliptic2,0.209961,-0.039695,-4.47445
elliptic2,0.210449,-0.0396296,-4.48663
elliptic2,0.210938,-0.0395577,-4.49883
elliptic2,0.211426,-0.0394795,-4.51104
elliptic2,0.211914,-0.0393949,-4.52328
elliptic2,0.212402,-0.0393038,-4.53552
elliptic2,0.212891,-0.0392064,-4.54778
elliptic2,0.213379,-0.0391026,-4.56006
elliptic2,0.213867,-0.0389923,-4.57235
elliptic2,0.214355,-0.0388757,-4.58466
elliptic2,0.214844,-0.0387528,-4.59698
elliptic2,0.215332,-0.0386235,-4.60932
elliptic2,0.21582,-0.0384878,-4.62168
elliptic2,0.216309,-0.0383458,-4.63405
elliptic2,0.216797,-0.0381975,-4.64643
elliptic2,0.217285,-0.038043,-4.65884
elliptic2,0.217773,-0.0378821,-4.67126
elliptic2,0.218262,-0.0377151,-4.68369
elliptic2,0.21875,-0.0375418,-4.69615
elliptic2,0.219238,-0.0373624,-4.70862
elliptic2,0.219727,-0.0371769,-4.7211
elliptic2,0.220215,-0.0369852,-4.7336
elliptic2,0.220703,-0.0367875,-4.74612
elliptic2,0.221191,-0.0365838,-4.75866
elliptic2,0.22168,-0.036374,-4.77121
elliptic2,0.222168,-0.0361584,-4.78378
elliptic2,0.222656,-0.0359368,-4.79637
elliptic2,0.223145,-0.0357095,-4.80897
elliptic2,0.223633,-0.0354763,-4.8216
elliptic2,0.224121,-0.0352374,-4.83424
elliptic2,0.224609,-0.0349928,-4.84689
elliptic2,0.225098,-0.0347427,-4.85957
elliptic2,0.225586,-0.0344869,-4.87226
elliptic2,0.226074,-0.0342257,-4.88497
elliptic2,0.226562,-0.033959,-4.8977
elliptic2,0.227051,-0.033687,-4.91044
elliptic2,0.227539,-0.0334098,-4.92321
elliptic2,0.228027,-0.0331273,-4.93599
elliptic2,0.228516,-0.0328396,-4.94879
elliptic2,0.229004,-0.032547,-4.96161
elliptic2,0.229492,-0.0322493,-4.97444
elliptic2,0.22998,-0.0319468,-4.9873
elliptic2,0.230469,-0.0316394,-5.00017
elliptic2,0.230957,-0.0313274,-5.01307
elliptic2,0.231445,-0.0310107,-5.02598
elliptic2,0.231934,-0.0306895,-5.03891
elliptic2,0.232422,-0.0303638,-5.05186
elliptic2,0.23291,-0.0300339,-5.06483
elliptic2,0.233398,-0.0296996,-5.07782
elliptic2,0.233887,-0.0293613,-5.09082
elliptic2,0.234375,-0.0290189,-5.10385
elliptic2,0.234863,-0.0286726,-5.1169
elliptic2,0.235352,-0.0283225,-5.12996
elliptic2,0.23584,-0.0279687,-5.14305
elliptic2,0.236328,-0.0276113,-5.15615
elliptic2,0.236816,-0.0272504,-5.16928
elliptic2,0.237305,-0.0268862,-5.18242
elliptic2,0.237793,-0.0265187,-5.19559
elliptic2,0.238281,-0.0261482,-5.20877
elliptic2,0.23877,-0.0257747,-5.22198
elliptic2,0.239258,-0.0253983,-5.23521
elliptic2,0.239746,-0.0250192,-5.24845
elliptic2,0.240234,-0.0246375,-5.26172
elliptic2,0.240723,-0.0242534,-5.27501
elliptic2,0.241211,-0.023867,-5.28832
elliptic2,0.241699,-0.0234783,-5.30165
elliptic2,0.242188,-0.0230877,-5.315
elliptic2,0.242676,-0.0226951,-5.32837
elliptic2,0.243164,-0.0223008,-5.34176
elliptic2,0.243652,-0.0219049,-5.35518
elliptic2,0.244141,-0.0215076,-5.36861
elliptic2,0.244629,-0.0211089,-5.38207
elliptic2,0.245117,-0.0207091,-5.39555
elliptic2,0.245605,-0.0203083,-5.40905
elliptic2,0.246094,-0.0199067,-5.42257
elliptic2,0.246582,-0.0195044,-5.43612
elliptic2,0.24707,-0.0191016,-5.44968
elliptic2,0.247559,-0.0186984,-5.46327
elliptic2,0.248047,-0.018295,-5.47688
elliptic2,0.248535,-0.0178916,-5.49052
elliptic2,0.249023,-0.0174883,-5.50417
elliptic2,0.249512,-0.0170853,-5.51785
elliptic2,0.25,-0.0166828,-5.53155
elliptic2,0.250488,-0.0162809,-5.54528
elliptic2,0.250977,-0.0158799,-5.55902
elliptic2,0.251465,-0.0154798,-5.57279
elliptic2,0.251953,-0.0150809,-5.58659
elliptic2,0.252441,-0.0146834,-5.6004
elliptic2,0.25293,-0.0142873,-5.61424
elliptic2,0.253418,-0.0138929,-5.6281
elliptic2,0.253906,-0.0135004,-5.64199
elliptic2,0.254395,-0.01311,-5.6559
elliptic2,0.254883,-0.0127217,-5.66983
elliptic2,0.255371,-0.0123359,-5.68379
elliptic2,0.255859,-0.0119527,-5.69777
elliptic2,0.256348,-0.0115722,-5.71178
elliptic2,0.256836,-0.0111947,-5.72581
elliptic2,0.257324,-0.0108203,-5.73986
elliptic2,0.257812,-0.0104493,-5.75394
elliptic2,0.258301,-0.0100817,-5.76805
elliptic2,0.258789,-0.00971783,-5.78218
elliptic2,0.259277,-0.00935784,-5.79633
elliptic2,0.259766,-0.00900189,-5.81051
elliptic2,0.260254,-0.00865019,-5.82471
elliptic2,0.260742,-0.00830291,-5.83894
elliptic2,0.26123,-0.00796024,-5.85319
elliptic2,0.261719,-0.00762236,-5.86747
elliptic2,0.262207,-0.00728946,-5.88177
elliptic2,0.262695,-0.00696171,-5.8961
elliptic2,0.263184,-0.0066393,-5.91046
elliptic2,0.263672,-0.00632241,-5.92484
elliptic2,0.26416,-0.00601122,-5.93924
elliptic2,0.264648,-0.00570591,-5.95368
elliptic2,0.265137,-0.00540666,-5.96814
elliptic2,0.265625,-0.00511366,-5.98262
elliptic2,0.266113,-0.00482706,-5.99713
elliptic2,0.266602,-0.00454706,-6.01167
elliptic2,0.26709,-0.00427383,-6.02624
elliptic2,0.267578,-0.00400753,-6.04083
elliptic2,0.268066,-0.00374834,-6.05545
elliptic2,0.268555,-0.00349643,-6.07009
elliptic2,0.269043,-0.00325196,-6.08476
elliptic2,0.269531,-0.00301511,-6.09946
elliptic2,0.27002,-0.00278604,-6.11419
elliptic2,0.270508,-0.0025649,-6.12894
elliptic2,0.270996,-0.00235187,-6.14373
elliptic2,0.271484,-0.00214708,-6.15853
elliptic2,0.271973,-0.00195071,-6.17337
elliptic2,0.272461,-0.0017629,-6.18824
elliptic2,0.272949,-0.0015838,-6.20313
elliptic2,0.273438,-0.00141356,-6.21805
elliptic2,0.273926,-0.00125232,-6.233
elliptic2,0.274414,-0.00110022,-6.24798
elliptic2,0.274902,-0.000957405,-6.26299
elliptic2,0.275391,-0.000824002,-6.27802
elliptic2,0.275879,-0.000700144,-6.29309
elliptic2,0.276367,-0.000585958,-6.30818
elliptic2,0.276855,-0.000481568,-6.3233
elliptic2,0.277344,-0.000387093,-6.33845
elliptic2,0.277832,-0.00030265,-6.35363
elliptic2,0.27832,-0.000228349,-6.36884
elliptic2,0.278809,-0.000164298,-6.38408
elliptic2,0.279297,-0.000110602,-6.39935
elliptic2,0.279785,-6.73575e-05,-6.41465
elliptic2,0.280273,-3.46601e-05,-6.42998
elliptic2,0.280762,-1.25991e-05,-6.44534
elliptic2,0.28125,-1.25926e-06,-6.46073
elliptic2,0.281738,-7.20513e-07,-6.47614
elliptic2,0.282227,-1.10576e-05,-6.49159
elliptic2,0.282715,-3.23402e-05,-6.50707
elliptic2,0.283203,-6.46325e-05,-6.52259
elliptic2,0.283691,-0.000107994,-6.53813
elliptic2,0.28418,-0.000162477,-6.5537
elliptic2,0.284668,-0.000228129,-6.56931
elliptic2,0.285156,-0.000304993,-6.58494
elliptic2,0.285645,-0.000393105,-6.60061
elliptic2,0.286133,-0.000492493,-6.61631
elliptic2,0.286621,-0.000603183,-6.63204
elliptic2,0.287109,-0.000725191,-6.6478
elliptic2,0.287598,-0.000858528,-6.66359
elliptic2,0.288086,-0.0010032,-6.67942
elliptic2,0.288574,-0.0011592,-6.69528
elliptic2,0.289062,-0.00132653,-6.71117
elliptic2,0.289551,-0.00150516,-6.72709
elliptic2,0.290039,-0.00169508,-6.74305
elliptic2,0.290527,-0.00189625,-6.75904
elliptic2,0.291016,-0.00210864,-6.77506
elliptic2,0.291504,-0.00233221,-6.79111
elliptic2,0.291992,-0.0025669,-6.8072
elliptic2,0.29248,-0.00281265,-6.82332
elliptic2,0.292969,-0.0030694,-6.83948
elliptic2,0.293457,-0.00333707,-6.85567
elliptic2,0.293945,-0.00361558,-6.87189
elliptic2,0.294434,-0.00390484,-6.88815
elliptic2,0.294922,-0.00420476,-6.90444
elliptic2,0.29541,-0.00451522,-6.92077
elliptic2,0.295898,-0.00483612,-6.93713
elliptic2,0.296387,-0.00516733,-6.95353
elliptic2,0.296875,-0.00550873,-6.96996
elliptic2,0.297363,-0.00586017,-6.98642
elliptic2,0.297852,-0.0062215,-7.00292
elliptic2,0.29834,-0.00659258,-7.01946
elliptic2,0.298828,-0.00697324,-7.03603
elliptic2,0.299316,-0.00736331,-7.05264
elliptic2,0.299805,-0.00776261,-7.06928
elliptic2,0.300293,-0.00817094,-7.08597
elliptic2,0.300781,-0.00858811,-7.10268
elliptic2,0.30127,-0.00901393,-7.11944
elliptic2,0.301758,-0.00944816,-7.13623
elliptic2,0.302246,-0.00989059,-7.15305
elliptic2,0.302734,-0.010341,-7.16992
elliptic2,0.303223,-0.0107991,-7.18682
elliptic2,0.303711,-0.0112647,-7.20376
elliptic2,0.304199,-0.0117375,-7.22074
elliptic2,0.304688,-0.0122173,-7.23775
elliptic2,0.305176,-0.0127037,-7.2548
elliptic2,0.305664,-0.0131966,-7.2719
elliptic2,0.306152,-0.0136955,-7.28903
elliptic2,0.306641,-0.0142003,-7.30619
elliptic2,0.307129,-0.0147105,-7.3234
elliptic2,0.307617,-0.015226,-7.34065
elliptic2,0.308105,-0.0157462,-7.35794
elliptic2,0.308594,-0.016271,-7.37526
elliptic2,0.309082,-0.0168,-7.39263
elliptic2,0.30957,-0.0173328,-7.41004
elliptic2,0.310059,-0.0178691,-7.42748
elliptic2,0.310547,-0.0184084,-7.44497
elliptic2,0.311035,-0.0189506,-7.4625
elliptic2,0.311523,-0.019495,-7.48007
elliptic2,0.312012,-0.0200414,-7.49768
elliptic2,0.3125,-0.0205895,-7.51533
elliptic2,0.312988,-0.0211386,-7.53303
elliptic2,0.313477,-0.0216886,-7.55076
elliptic2,0.313965,-0.0222388,-7.56854
elliptic2,0.314453,-0.022789,-7.58636
elliptic2,0.314941,-0.0233387,-7.60423
elliptic2,0.31543,-0.0238875,-7.62213
elliptic2,0.315918,-0.0244349,-7.64009
elliptic2,0.316406,-0.0249805,-7.65808
elliptic2,0.316895,-0.0255237,-7.67612
elliptic2,0.317383,-0.0260643,-7.6942
elliptic2,0.317871,-0.0266017,-7.71233
elliptic2,0.318359,-0.0271354,-7.7305
elliptic2,0.318848,-0.027665,-7.74872
elliptic2,0.319336,-0.0281899,-7.76699
elliptic2,0.319824,-0.0287099,-7.7853
elliptic2,0.320312,-0.0292242,-7.80365
elliptic2,0.320801,-0.0297325,-7.82205
elliptic2,0.321289,-0.0302343,-7.8405
elliptic2,0.321777,-0.0307291,-7.859
elliptic2,0.322266,-0.0312164,-7.87754
elliptic2,0.322754,-0.0316956,-7.89614
elliptic2,0.323242,-0.0321664,-7.91478
elliptic2,0.32373,-0.0326282,-7.93346
elliptic2,0.324219,-0.0330806,-7.9522
elliptic2,0.324707,-0.033523,-7.97099
elliptic2,0.325195,-0.0339549,-7.98982
elliptic2,0.325684,-0.0343759,-8.00871
elliptic2,0.326172,-0.0347854,-8.02765
elliptic2,0.32666,-0.035183,-8.04663
elliptic2,0.327148,-0.0355682,-8.06567
elliptic2,0.327637,-0.0359405,-8.08476
elliptic2,0.328125,-0.0362995,-8.1039
elliptic2,0.328613,-0.0366446,-8.1231
elliptic2,0.329102,-0.0369755,-8.14234
elliptic2,0.32959,-0.0372915,-8.16164
elliptic2,0.330078,-0.0375924,-8.181
elliptic2,0.330566,-0.0378775,-8.2004
elliptic2,0.331055,-0.0381466,-8.21987
elliptic2,0.331543,-0.0383991,-8.23938
elliptic2,0.332031,-0.0386347,-8.25896
elliptic2,0.33252,-0.0388529,-8.27858
elliptic2,0.333008,-0.0390533,-8.29827
elliptic2,0.333496,-0.0392355,-8.31801
elliptic2,0.333984,-0.0393991,-8.33781
elliptic2,0.334473,-0.0395438,-8.35766
elliptic2,0.334961,-0.0396692,-8.37758
elliptic2,0.335449,-0.039775,-8.39755
elliptic2,0.335938,-0.0398608,-8.41758
elliptic2,0.336426,-0.0399264,-8.43767
elliptic2,0.336914,-0.0399713,-8.45782
elliptic2,0.337402,-0.0399954,-8.47803
elliptic2,0.337891,-0.0399984,-8.49831
elliptic2,0.338379,-0.0399799,-8.51864
elliptic2,0.338867,-0.0399399,-8.53904
elliptic2,0.339355,-0.039878,-8.5595
elliptic2,0.339844,-0.0397942,-8.58002
elliptic2,0.340332,-0.0396882,-8.60061
elliptic2,0.34082,-0.0395598,-8.62126
elliptic2,0.341309,-0.039409,-8.64198
elliptic2,0.341797,-0.0392357,-8.66276
elliptic2,0.342285,-0.0390398,-8.68361
elliptic2,0.342773,-0.0388212,-8.70453
elliptic2,0.343262,-0.0385799,-8.72551
elliptic2,0.34375,-0.0383159,-8.74656
elliptic2,0.344238,-0.0380293,-8.76768
elliptic2,0.344727,-0.0377201,-8.78887
elliptic2,0.345215,-0.0373884,-8.81013
elliptic2,0.345703,-0.0370342,-8.83146
elliptic2,0.346191,-0.0366579,-8.85286
elliptic2,0.34668,-0.0362595,-8.87433
elliptic2,0.347168,-0.0358393,-8.89587
elliptic2,0.347656,-0.0353974,-8.91749
elliptic2,0.348145,-0.0349343,-8.93918
elliptic2,0.348633,-0.0344501,-8.96095
elliptic2,0.349121,-0.0339453,-8.98279
elliptic2,0.349609,-0.0334202,-9.00471
elliptic2,0.350098,-0.0328752,-9.0267
elliptic2,0.350586,-0.0323109,-9.04877
elliptic2,0.351074,-0.0317276,-9.07092
elliptic2,0.351562,-0.0311259,-9.09315
elliptic2,0.352051,-0.0305065,-9.11546
elliptic2,0.352539,-0.0298698,-9.13785
elliptic2,0.353027,-0.0292166,-9.16032
elliptic2,0.353516,-0.0285475,-9.18287
elliptic2,0.354004,-0.0278632,-9.2055
elliptic2,0.354492,-0.0271645,-9.22822
elliptic2,0.35498,-0.0264523,-9.25102
elliptic2,0.355469,-0.0257273,-9.2739
elliptic2,0.355957,-0.0249904,-9.29687
elliptic2,0.356445,-0.0242426,-9.31993
elliptic2,0.356934,-0.0234849,-9.34308
elliptic2,0.357422,-0.0227181,-9.36631
elliptic2,0.35791,-0.0219434,-9.38963
elliptic2,0.358398,-0.0211618,-9.41304
elliptic2,0.358887,-0.0203745,-9.43655
elliptic2,0.359375,-0.0195826,-9.46014
elliptic2,0.359863,-0.0187873,-9.48382
elliptic2,0.360352,-0.0179899,-9.5076
elliptic2,0.36084,-0.0171915,-9.53148
elliptic2,0.361328,-0.0163935,-9.55544
elliptic2,0.361816,-0.0155973,-9.57951
elliptic2,0.362305,-0.0148042,-9.60366
elliptic2,0.362793,-0.0140155,-9.62792
elliptic2,0.363281,-0.0132328,-9.65228
elliptic2,0.36377,-0.0124575,-9.67673
elliptic2,0.364258,-0.011691,-9.70129
elliptic2,0.364746,-0.0109349,-9.72594
elliptic2,0.365234,-0.0101907,-9.7507
elliptic2,0.365723,-0.00945999,-9.77556
elliptic2,0.366211,-0.00874426,-9.80052
elliptic2,0.366699,-0.00804515,-9.82559
elliptic2,0.367188,-0.00736425,-9.85077
elliptic2,0.367676,-0.00670316,-9.87605
elliptic2,0.368164,-0.00606351,-9.90144
elliptic2,0.368652,-0.00544692,-9.92693
elliptic2,0.369141,-0.00485502,-9.95254
elliptic2,0.369629,-0.00428943,-9.97826
elliptic2,0.370117,-0.00375175,-10.0041
elliptic2,0.370605,-0.00324361,-10.03
elliptic2,0.371094,-0.0027666,-10.0561
elliptic2,0.371582,-0.00232229,-10.0822
elliptic2,0.37207,-0.00191223,-10.1085
elliptic2,0.372559,-0.00153795,-10.1349
elliptic2,0.373047,-0.00120094,-10.1615
elliptic2,0.373535,-0.000902673,-10.1881
elliptic2,0.374023,-0.000644553,-10.2148
elliptic2,0.374512,-0.000427951,-10.2417
elliptic2,0.375,-0.000254182,-10.2687
elliptic2,0.375488,-0.000124504,-10.2958
elliptic2,0.375977,-4.01088e-05,-10.3231
elliptic2,0.376465,-2.11641e-06,-10.3505
elliptic2,0.376953,-1.15705e-05,-10.378
elliptic2,0.377441,-6.94305e-05,-10.4056
elliptic2,0.37793,-0.000176565,-10.4333
elliptic2,0.378418,-0.000333745,-10.4612
elliptic2,0.378906,-0.000541637,-10.4892
elliptic2,0.379395,-0.000800796,-10.5174
elliptic2,0.379883,-0.00111166,-10.5457
elliptic2,0.380371,-0.00147453,-10.5741
elliptic2,0.380859,-0.00188959,-10.6026
elliptic2,0.381348,-0.00235687,-10.6313
elliptic2,0.381836,-0.00287625,-10.6602
elliptic2,0.382324,-0.00344747,-10.6891
elliptic2,0.382812,-0.00407009,-10.7182
elliptic2,0.383301,-0.00474349,-10.7475
elliptic2,0.383789,-0.0054669,-10.7769
elliptic2,0.384277,-0.00623932,-10.8064
elliptic2,0.384766,-0.00705961,-10.8361
elliptic2,0.385254,-0.00792637,-10.8659
elliptic2,0.385742,-0.00883804,-10.8959
elliptic2,0.38623,-0.00979282,-10.9261
elliptic2,0.386719,-0.0107887,-10.9564
elliptic2,0.387207,-0.0118234,-10.9868
elliptic2,0.387695,-0.0128945,-11.0174
elliptic2,0.388184,-0.0139992,-11.0482
elliptic2,0.388672,-0.0151346,-11.0791
elliptic2,0.38916,-0.0162974,-11.1102
elliptic2,0.389648,-0.0174843,-11.1415
elliptic2,0.390137,-0.0186914,-11.1729
elliptic2,0.390625,-0.0199149,-11.2045
elliptic2,0.391113,-0.0211505,-11.2362
elliptic2,0.391602,-0.0223936,-11.2682
elliptic2,0.39209,-0.0236397,-11.3003
elliptic2,0.392578,-0.0248836,-11.3326
elliptic2,0.393066,-0.0261201,-11.365
elliptic2,0.393555,-0.0273438,-11.3977
elliptic2,0.394043,-0.0285489,-11.4305
elliptic2,0.394531,-0.0297296,-11.4636
elliptic2,0.39502,-0.0308796,-11.4968
elliptic2,0.395508,-0.0319926,-11.5302
elliptic2,0.395996,-0.0330621,-11.5639
elliptic2,0.396484,-0.0340813,-11.5977
elliptic2,0.396973,-0.0350435,-11.6317
elliptic2,0.397461,-0.0359418,-11.666
elliptic2,0.397949,-0.036769,-11.7004
elliptic2,0.398438,-0.037518,-11.7351
elliptic2,0.398926,-0.0381819,-11.77
elliptic2,0.399414,-0.0387535,-11.8052
elliptic2,0.399902,-0.0392258,-11.8405
elliptic2,0.400391,-0.039592,-11.8761
elliptic2,0.400879,-0.0398453,-11.912
elliptic2,0.401367,-0.0399794,-11.9481
elliptic2,0.401855,-0.039988,-11.9844
elliptic2,0.402344,-0.0398655,-12.021
elliptic2,0.402832,-0.0396067,-12.0579
elliptic2,0.40332,-0.0392068,-12.0951
elliptic2,0.403809,-0.0386619,-12.1325
elliptic2,0.404297,-0.0379687,-12.1702
elliptic2,0.404785,-0.0371251,-12.2082
elliptic2,0.405273,-0.0361297,-12.2465
elliptic2,0.405762,-0.0349826,-12.2852
elliptic2,0.40625,-0.0336852,-12.3241
elliptic2,0.406738,-0.0322402,-12.3634
elliptic2,0.407227,-0.0306523,-12.403
elliptic2,0.407715,-0.0289281,-12.443
elliptic2,0.408203,-0.0270763,-12.4833
elliptic2,0.408691,-0.025108,-12.524
elliptic2,0.40918,-0.023037,-12.565
elliptic2,0.409668,-0.0208801,-12.6065
elliptic2,0.410156,-0.0186573,-12.6483
elliptic2,0.410645,-0.0163923,-12.6906
elliptic2,0.411133,-0.0141126,-12.7333
elliptic2,0.411621,-0.0118503,-12.7765
elliptic2,0.412109,-0.00964191,-12.8201
elliptic2,0.412598,-0.00752948,-12.8642
elliptic2,0.413086,-0.00556058,-12.9087
elliptic2,0.413574,-0.00378903,-12.9538
elliptic2,0.414062,-0.00227537,-12.9993
elliptic2,0.414551,-0.00108747,-13.0455
elliptic2,0.415039,-0.000301139,-13.0921
elliptic2,0.415527,-7.5843e-07,-13.1394
elliptic2,0.416016,-0.000279989,-13.1872
elliptic2,0.416504,-0.00124248,-13.2356
elliptic2,0.416992,-0.00300263,-13.2846
elliptic2,0.41748,-0.00568638,-13.3343
elliptic2,0.417969,-0.009432,-13.3847
elliptic2,0.418457,-0.014391,-13.4357
elliptic2,0.418945,-0.0207288,-13.4875
elliptic2,0.419434,-0.028626,-13.5399
elliptic2,0.419922,-0.0382788,-13.5931
elliptic2,0.42041,-0.0499002,-13.6471
elliptic2,0.420898,-0.0637206,-13.7018
elliptic2,0.421387,-0.0799888,-13.7574
elliptic2,0.421875,-0.0989731,-13.8137
elliptic2,0.422363,-0.120961,-13.8709
elliptic2,0.422852,-0.146261,-13.929
elliptic2,0.42334,-0.175203,-13.9879
elliptic2,0.423828,-0.208136,-14.0477
elliptic2,0.424316,-0.245434,-14.1085
elliptic2,0.424805,-0.287489,-14.1701
elliptic2,0.425293,-0.334717,-14.2326
elliptic2,0.425781,-0.387553,-14.2961
elliptic2,0.42627,-0.446453,-14.3604
elliptic2,0.426758,-0.51189,-14.4257
elliptic2,0.427246,-0.584356,-14.492
elliptic2,0.427734,-0.664355,-14.5591
elliptic2,0.428223,-0.752408,-14.6271
elliptic2,0.428711,-0.849041,-14.6961
elliptic2,0.429199,-0.954788,-14.7658
elliptic2,0.429688,-1.07019,-14.8365
elliptic2,0.430176,-1.19577,-14.9079
elliptic2,0.430664,-1.33207,-14.9801
elliptic2,0.431152,-1.4796,-15.053
elliptic2,0.431641,-1.63886,-15.1266
elliptic2,0.432129,-1.81032,-15.2008
elliptic2,0.432617,-1.99444,-15.2756
elliptic2,0.433105,-2.19163,-15.3508
elliptic2,0.433594,-2.40227,-15.4265
elliptic2,0.434082,-2.62668,-15.5026
elliptic2,0.43457,-2.86515,-15.5789
elliptic2,0.435059,-3.11791,-15.6555
elliptic2,0.435547,-3.38512,-15.7321
elliptic2,0.436035,-3.66691,-15.8088
elliptic2,0.436523,-3.96332,-15.8854
elliptic2,0.437012,-4.27434,-15.9619
elliptic2,0.4375,-4.59989,-16.0381
elliptic2,0.437988,-4.93985,-16.1141
elliptic2,0.438477,-5.29401,-16.1896
elliptic2,0.438965,-5.66213,-16.2647
elliptic2,0.439453,-6.0439,-16.3392
elliptic2,0.439941,-6.43897,-16.413
elliptic2,0.44043,-6.84695,-16.4862
elliptic2,0.440918,-7.26739,-16.5586
elliptic2,0.441406,-7.69983,-16.6302
elliptic2,0.441895,-8.14377,-16.701
elliptic2,0.442383,-8.5987,-16.7708
elliptic2,0.442871,-9.06407,-16.8396
elliptic2,0.443359,-9.53935,-16.9075
elliptic2,0.443848,-10.024,-16.9743
elliptic2,0.444336,-10.5174,-17.0401
elliptic2,0.444824,-11.0191,-17.1048
elliptic2,0.445312,-11.5285,-17.1684
elliptic2,0.445801,-12.045,-17.2309
elliptic2,0.446289,-12.5682,-17.2924
elliptic2,0.446777,-13.0976,-17.3527
elliptic2,0.447266,-13.6326,-17.4119
elliptic2,0.447754,-14.1728,-17.47
elliptic2,0.448242,-14.7177,-17.527
elliptic2,0.44873,-15.267,-17.583
elliptic2,0.449219,-15.8201,-17.6378
elliptic2,0.449707,-16.3768,-17.6916
elliptic2,0.450195,-16.9366,-17.7444
elliptic2,0.450684,-17.4993,-17.7961
elliptic2,0.451172,-18.0644,-17.8469
elliptic2,0.45166,-18.6318,-17.8966
elliptic2,0.452148,-19.2011,-17.9454
elliptic2,0.452637,-19.772,-17.9933
elliptic2,0.453125,-20.3444,-18.0402
elliptic2,0.453613,-20.918,-18.0862
elliptic2,0.454102,-21.4926,-18.1314
elliptic2,0.45459,-22.0679,-18.1757
elliptic2,0.455078,-22.644,-18.2191
elliptic2,0.455566,-23.2205,-18.2618
elliptic2,0.456055,-23.7973,-18.3036
elliptic2,0.456543,-24.3743,-18.3447
elliptic2,0.457031,-24.9515,-18.3851
elliptic2,0.45752,-25.5285,-18.4247
elliptic2,0.458008,-26.1055,-18.4636
elliptic2,0.458496,-26.6823,-18.5018
elliptic2,0.458984,-27.2587,-18.5393
elliptic2,0.459473,-27.8348,-18.5762
elliptic2,0.459961,-28.4104,-18.6125
elliptic2,0.460449,-28.9856,-18.6481
elliptic2,0.460938,-29.5602,-18.6832
elliptic2,0.461426,-30.1343,-18.7177
elliptic2,0.461914,-30.7077,-18.7516
elliptic2,0.462402,-31.2805,-18.7849
elliptic2,0.462891,-31.8526,-18.8178
elliptic2,0.463379,-32.424,-18.8501
elliptic2,0.463867,-32.9947,-18.8819
elliptic2,0.464355,-33.5647,-18.9132
elliptic2,0.464844,-34.1339,-18.9441
elliptic2,0.465332,-34.7024,-18.9745
elliptic2,0.46582,-35.2702,-19.0044
elliptic2,0.466309,-35.8372,-19.0339
elliptic2,0.466797,-36.4034,-19.063
elliptic2,0.467285,-36.9689,-19.0917
elliptic2,0.467773,-37.5337,-19.1199
elliptic2,0.468262,-38.0977,-19.1478
elliptic2,0.46875,-38.6611,-19.1753
elliptic2,0.469238,-39.2237,-19.2024
elliptic2,0.469727,-39.7856,-19.2291
elliptic2,0.470215,-40.3469,-19.2555
elliptic2,0.470703,-40.9076,-19.2816
elliptic2,0.471191,-41.4676,-19.3073
elliptic2,0.47168,-42.027,-19.3327
elliptic2,0.472168,-42.5859,-19.3577
elliptic2,0.472656,-43.1442,-19.3825
elliptic2,0.473145,-43.702,-19.4069
elliptic2,0.473633,-44.2593,-19.4311
elliptic2,0.474121,-44.8162,-19.4549
elliptic2,0.474609,-45.3727,-19.4785
elliptic2,0.475098,-45.9288,-19.5018
elliptic2,0.475586,-46.4847,-19.5248
elliptic2,0.476074,-47.0402,-19.5476
elliptic2,0.476562,-47.5956,-19.5701
elliptic2,0.477051,-48.1508,-19.5923
elliptic2,0.477539,-48.7059,-19.6143
elliptic2,0.478027,-49.261,-19.6361
elliptic2,0.478516,-49.8162,-19.6576
elliptic2,0.479004,-50.3715,-19.6789
elliptic2,0.479492,-50.9271,-19.6999
elliptic2,0.47998,-51.483,-19.7208
elliptic2,0.480469,-52.0394,-19.7414
elliptic2,0.480957,-52.5963,-19.7618
elliptic2,0.481445,-53.154,-19.782
elliptic2,0.481934,-53.7126,-19.8019
elliptic2,0.482422,-54.2723,-19.8217
elliptic2,0.48291,-54.8332,-19.8413
elliptic2,0.483398,-55.3956,-19.8607
elliptic2,0.483887,-55.9598,-19.8799
elliptic2,0.484375,-56.526,-19.8989
elliptic2,0.484863,-57.0946,-19.9178
elliptic2,0.485352,-57.6659,-19.9364
elliptic2,0.48584,-58.2404,-19.9549
elliptic2,0.486328,-58.8186,-19.9733
elliptic2,0.486816,-59.4009,-19.9914
elliptic2,0.487305,-59.988,-20.0095
elliptic2,0.487793,-60.5808,-20.0274
elliptic2,0.488281,-61.1799,-20.0451
elliptic2,0.48877,-61.7863,-20.0627
elliptic2,0.489258,-62.4013,-20.0802
elliptic2,0.489746,-63.026,-20.0975
elliptic2,0.490234,-63.662,-20.1148
elliptic2,0.490723,-64.3112,-20.1319
elliptic2,0.491211,-64.9757,-20.149
elliptic2,0.491699,-65.6579,-20.166
elliptic2,0.492188,-66.361,-20.1829
elliptic2,0.492676,-67.0886,-20.1998
elliptic2,0.493164,-67.8452,-20.2167
elliptic2,0.493652,-68.6363,-20.2336
elliptic2,0.494141,-69.4689,-20.2506
elliptic2,0.494629,-70.3517,-20.2677
elliptic2,0.495117,-71.2961,-20.2849
elliptic2,0.495605,-72.3171,-20.3025
elliptic2,0.496094,-73.4352,-20.3204
elliptic2,0.496582,-74.6789,-20.339
elliptic2,0.49707,-76.0904,-20.3586
elliptic2,0.497559,-77.7347,-20.3798
elliptic2,0.498047,-79.7211,-20.404
elliptic2,0.498535,-82.2531,-20.434
elliptic2,0.499023,-85.7845,-20.4786
elliptic2,0.499512,-91.7213,-20.5811
