drive,asymmetry,input,output,derivative,local_gain,tanh_output
0.8,-0.25,-4,-0.533546,0.000178814,0.133387,-0.529634
0.8,-0.25,-3.99,-0.533545,0.000208616,0.13372,-0.529578
0.8,-0.25,-3.98,-0.533543,0.000208616,0.134056,-0.529522
0.8,-0.25,-3.97,-0.53354,0.000238419,0.134393,-0.529465
0.8,-0.25,-3.96,-0.533538,0.000327826,0.134732,-0.529407
0.8,-0.25,-3.95,-0.533535,0.000208616,0.135072,-0.529349
0.8,-0.25,-3.94,-0.533532,0.00038743,0.135414,-0.52929
0.8,-0.25,-3.93,-0.533529,0.000327826,0.135758,-0.529229
0.8,-0.25,-3.92,-0.533525,0.00038743,0.136103,-0.529169
0.8,-0.25,-3.91,-0.533521,0.00038743,0.13645,-0.529107
0.8,-0.25,-3.9,-0.533517,0.000476837,0.136799,-0.529044
0.8,-0.25,-3.89,-0.533512,0.000476837,0.13715,-0.528981
0.8,-0.25,-3.88,-0.533507,0.000506639,0.137502,-0.528917
0.8,-0.25,-3.87,-0.533502,0.000566244,0.137856,-0.528852
0.8,-0.25,-3.86,-0.533496,0.000655651,0.138211,-0.528786
0.8,-0.25,-3.85,-0.533489,0.000715256,0.138569,-0.528719
0.8,-0.25,-3.84,-0.533483,0.000715256,0.138928,-0.528651
0.8,-0.25,-3.83,-0.533476,0.000685453,0.139289,-0.528582
0.8,-0.25,-3.82,-0.533468,0.000804663,0.139651,-0.528513
0.8,-0.25,-3.81,-0.53346,0.000804663,0.140016,-0.528442
0.8,-0.25,-3.8,-0.533451,0.00089407,0.140382,-0.528371
0.8,-0.25,-3.79,-0.533442,0.000983477,0.14075,-0.528298
0.8,-0.25,-3.78,-0.533432,0.00101328,0.14112,-0.528225
0.8,-0.25,-3.77,-0.533422,0.00107288,0.141491,-0.528151
0.8,-0.25,-3.76,-0.533411,0.00110269,0.141865,-0.528075
0.8,-0.25,-3.75,-0.5334,0.00113249,0.14224,-0.527999
0.8,-0.25,-3.74,-0.533387,0.0012815,0.142617,-0.527921
0.8,-0.25,-3.73,-0.533375,0.0012517,0.142996,-0.527843
0.8,-0.25,-3.72,-0.533361,0.00140071,0.143377,-0.527763
0.8,-0.25,-3.71,-0.533347,0.00143051,0.143759,-0.527683
0.8,-0.25,-3.7,-0.533332,0.00154972,0.144144,-0.527601
0.8,-0.25,-3.69,-0.533317,0.00157952,0.14453,-0.527518
0.8,-0.25,-3.68,-0.533301,0.00166893,0.144919,-0.527435
0.8,-0.25,-3.67,-0.533284,0.00178814,0.145309,-0.52735
0.8,-0.25,-3.66,-0.533266,0.00181794,0.145701,-0.527264
0.8,-0.25,-3.65,-0.533247,0.00187755,0.146095,-0.527176
0.8,-0.25,-3.64,-0.533228,0.00199676,0.146491,-0.527088
0.8,-0.25,-3.63,-0.533208,0.00211596,0.146889,-0.526998
0.8,-0.25,-3.62,-0.533187,0.00217557,0.147289,-0.526907
0.8,-0.25,-3.61,-0.533165,0.00232458,0.147691,-0.526815
0.8,-0.25,-3.6,-0.533142,0.00235438,0.148095,-0.526722
0.8,-0.25,-3.59,-0.533118,0.00238419,0.148501,-0.526628
0.8,-0.25,-3.58,-0.533093,0.0025332,0.148909,-0.526532
0.8,-0.25,-3.57,-0.533067,0.00265241,0.149319,-0.526435
0.8,-0.25,-3.56,-0.53304,0.00274181,0.14973,-0.526336
0.8,-0.25,-3.55,-0.533013,0.00280142,0.150144,-0.526237
0.8,-0.25,-3.54,-0.532984,0.00292063,0.15056,-0.526136
0.8,-0.25,-3.53,-0.532954,0.00306964,0.150978,-0.526033
0.8,-0.25,-3.52,-0.532923,0.00318885,0.151398,-0.52593
0.8,-0.25,-3.51,-0.53289,0.00330806,0.151821,-0.525824
0.8,-0.25,-3.5,-0.532857,0.00336766,0.152245,-0.525718
0.8,-0.25,-3.49,-0.532823,0.00351667,0.152671,-0.52561
0.8,-0.25,-3.48,-0.532787,0.00360608,0.1531,-0.525501
0.8,-0.25,-3.47,-0.53275,0.00375509,0.15353,-0.52539
0.8,-0.25,-3.46,-0.532712,0.0038743,0.153963,-0.525277
0.8,-0.25,-3.45,-0.532672,0.00405312,0.154398,-0.525163
0.8,-0.25,-3.44,-0.532631,0.00417233,0.154835,-0.525048
0.8,-0.25,-3.43,-0.532589,0.00429153,0.155274,-0.524931
0.8,-0.25,-3.42,-0.532546,0.00441074,0.155715,-0.524813
0.8,-0.25,-3.41,-0.532501,0.00458956,0.156159,-0.524693
0.8,-0.25,-3.4,-0.532454,0.00473857,0.156604,-0.524571
0.8,-0.25,-3.39,-0.532406,0.00485778,0.157052,-0.524448
0.8,-0.25,-3.38,-0.532357,0.00503659,0.157502,-0.524323
0.8,-0.25,-3.37,-0.532306,0.0051558,0.157954,-0.524196
0.8,-0.25,-3.36,-0.532254,0.00533462,0.158409,-0.524068
0.8,-0.25,-3.35,-0.5322,0.00548363,0.158866,-0.523938
0.8,-0.25,-3.34,-0.532144,0.00563264,0.159325,-0.523806
0.8,-0.25,-3.33,-0.532087,0.00584126,0.159786,-0.523673
0.8,-0.25,-3.32,-0.532028,0.00590086,0.160249,-0.523538
0.8,-0.25,-3.31,-0.531968,0.00613928,0.160715,-0.523401
0.8,-0.25,-3.3,-0.531905,0.00628829,0.161183,-0.523262
0.8,-0.25,-3.29,-0.531841,0.00649691,0.161654,-0.523121
0.8,-0.25,-3.28,-0.531775,0.00664592,0.162127,-0.522978
0.8,-0.25,-3.27,-0.531708,0.00685453,0.162602,-0.522834
0.8,-0.25,-3.26,-0.531638,0.00709295,0.163079,-0.522688
0.8,-0.25,-3.25,-0.531567,0.00730157,0.163559,-0.522539
0.8,-0.25,-3.24,-0.531493,0.00742078,0.164041,-0.522389
0.8,-0.25,-3.23,-0.531418,0.00762939,0.164526,-0.522236
0.8,-0.25,-3.22,-0.53134,0.0077486,0.165013,-0.522082
0.8,-0.25,-3.21,-0.531261,0.00804663,0.165502,-0.521926
0.8,-0.25,-3.2,-0.531179,0.00822544,0.165994,-0.521767
0.8,-0.25,-3.19,-0.531096,0.00843406,0.166488,-0.521607
0.8,-0.25,-3.18,-0.53101,0.00870228,0.166984,-0.521444
0.8,-0.25,-3.17,-0.530922,0.0089407,0.167483,-0.521279
0.8,-0.25,-3.16,-0.530832,0.00914931,0.167985,-0.521112
0.8,-0.25,-3.15,-0.530739,0.00941753,0.168489,-0.520943
0.8,-0.25,-3.14,-0.530645,0.00959635,0.168995,-0.520771
0.8,-0.25,-3.13,-0.530548,0.00986457,0.169504,-0.520597
0.8,-0.25,-3.12,-0.530448,0.0100732,0.170015,-0.520421
0.8,-0.25,-3.11,-0.530346,0.0103414,0.170529,-0.520243
0.8,-0.25,-3.1,-0.530242,0.0106096,0.171046,-0.520062
0.8,-0.25,-3.09,-0.530135,0.0108182,0.171565,-0.519879
0.8,-0.25,-3.08,-0.530026,0.0109971,0.172086,-0.519693
0.8,-0.25,-3.07,-0.529914,0.0113249,0.17261,-0.519505
0.8,-0.25,-3.06,-0.529799,0.0116229,0.173137,-0.519314
0.8,-0.25,-3.05,-0.529682,0.0118613,0.173666,-0.519121
0.8,-0.25,-3.04,-0.529562,0.0120997,0.174198,-0.518926
0.8,-0.25,-3.03,-0.52944,0.0123978,0.174733,-0.518727
0.8,-0.25,-3.02,-0.529314,0.0126064,0.17527,-0.518526
0.8,-0.25,-3.01,-0.529186,0.0129342,0.175809,-0.518323
0.8,-0.25,-3,-0.529055,0.013262,0.176352,-0.518117
0.8,-0.25,-2.99,-0.52892,0.0135303,0.176896,-0.517908
0.8,-0.25,-2.98,-0.528783,0.0138283,0.177444,-0.517696
0.8,-0.25,-2.97,-0.528643,0.0141859,0.177994,-0.517481
0.8,-0.25,-2.96,-0.5285,0.0144839,0.178547,-0.517264
0.8,-0.25,-2.95,-0.528353,0.014782,0.179103,-0.517044
0.8,-0.25,-2.94,-0.528204,0.01508,0.179661,-0.516821
0.8,-0.25,-2.93,-0.528051,0.0154674,0.180222,-0.516595
0.8,-0.25,-2.92,-0.527895,0.0157654,0.180786,-0.516366
0.8,-0.25,-2.91,-0.527736,0.0161231,0.181352,-0.516134
0.8,-0.25,-2.9,-0.527573,0.0164509,0.181922,-0.515899
0.8,-0.25,-2.89,-0.527407,0.0167787,0.182494,-0.51566
0.8,-0.25,-2.88,-0.527238,0.0171363,0.183069,-0.515419
0.8,-0.25,-2.87,-0.527065,0.017494,0.183646,-0.515175
0.8,-0.25,-2.86,-0.526888,0.0178516,0.184227,-0.514927
0.8,-0.25,-2.85,-0.526708,0.018239,0.18481,-0.514676
0.8,-0.25,-2.84,-0.526524,0.018537,0.185396,-0.514422
0.8,-0.25,-2.83,-0.526336,0.0189841,0.185984,-0.514164
0.8,-0.25,-2.82,-0.526145,0.0193119,0.186576,-0.513903
0.8,-0.25,-2.81,-0.525949,0.0197291,0.187171,-0.513639
0.8,-0.25,-2.8,-0.52575,0.0201166,0.187768,-0.513371
0.8,-0.25,-2.79,-0.525547,0.0204444,0.188368,-0.513099
0.8,-0.25,-2.78,-0.52534,0.0209212,0.188971,-0.512824
0.8,-0.25,-2.77,-0.525129,0.0212193,0.189577,-0.512546
0.8,-0.25,-2.76,-0.524914,0.0217259,0.190186,-0.512264
0.8,-0.25,-2.75,-0.524694,0.0221133,0.190798,-0.511978
0.8,-0.25,-2.74,-0.52447,0.0225902,0.191413,-0.511688
0.8,-0.25,-2.73,-0.524243,0.0229776,0.19203,-0.511395
0.8,-0.25,-2.72,-0.52401,0.0233948,0.192651,-0.511097
0.8,-0.25,-2.71,-0.523773,0.0239015,0.193274,-0.510796
0.8,-0.25,-2.7,-0.523532,0.0243485,0.193901,-0.510491
0.8,-0.25,-2.69,-0.523286,0.0247955,0.19453,-0.510182
0.8,-0.25,-2.68,-0.523036,0.0252724,0.195163,-0.509869
0.8,-0.25,-2.67,-0.522781,0.0257492,0.195798,-0.509552
0.8,-0.25,-2.66,-0.522521,0.0261664,0.196437,-0.50923
0.8,-0.25,-2.65,-0.522257,0.0266731,0.197078,-0.508905
0.8,-0.25,-2.64,-0.521987,0.0272393,0.197723,-0.508575
0.8,-0.25,-2.63,-0.521713,0.0276566,0.19837,-0.508241
0.8,-0.25,-2.62,-0.521434,0.0281632,0.199021,-0.507903
0.8,-0.25,-2.61,-0.52115,0.0286996,0.199674,-0.50756
0.8,-0.25,-2.6,-0.52086,0.0291765,0.200331,-0.507213
0.8,-0.25,-2.59,-0.520566,0.0297129,0.200991,-0.506861
0.8,-0.25,-2.58,-0.520266,0.0302494,0.201653,-0.506505
0.8,-0.25,-2.57,-0.51996,0.0307858,0.202319,-0.506144
0.8,-0.25,-2.56,-0.51965,0.0313222,0.202988,-0.505778
0.8,-0.25,-2.55,-0.519334,0.0318587,0.20366,-0.505408
0.8,-0.25,-2.54,-0.519012,0.0324249,0.204336,-0.505032
0.8,-0.25,-2.53,-0.518685,0.0329912,0.205014,-0.504652
0.8,-0.25,-2.52,-0.518352,0.0335276,0.205695,-0.504268
0.8,-0.25,-2.51,-0.518013,0.0341535,0.20638,-0.503878
0.8,-0.25,-2.5,-0.517669,0.0347495,0.207068,-0.503483
0.8,-0.25,-2.49,-0.517319,0.0353456,0.207759,-0.503083
0.8,-0.25,-2.48,-0.516962,0.0359118,0.208453,-0.502677
0.8,-0.25,-2.47,-0.5166,0.0365674,0.20915,-0.502267
0.8,-0.25,-2.46,-0.516232,0.0371337,0.20985,-0.501851
0.8,-0.25,-2.45,-0.515857,0.0377893,0.210554,-0.50143
0.8,-0.25,-2.44,-0.515476,0.0384152,0.211261,-0.501004
0.8,-0.25,-2.43,-0.515088,0.0391006,0.211971,-0.500572
0.8,-0.25,-2.42,-0.514695,0.0396967,0.212684,-0.500134
0.8,-0.25,-2.41,-0.514294,0.0403225,0.2134,-0.499691
0.8,-0.25,-2.4,-0.513888,0.0409782,0.21412,-0.499242
0.8,-0.25,-2.39,-0.513474,0.0417233,0.214843,-0.498788
0.8,-0.25,-2.38,-0.513054,0.0423789,0.215569,-0.498327
0.8,-0.25,-2.37,-0.512627,0.0430346,0.216298,-0.497861
0.8,-0.25,-2.36,-0.512192,0.0437498,0.217031,-0.497389
0.8,-0.25,-2.35,-0.511751,0.0444651,0.217767,-0.49691
0.8,-0.25,-2.34,-0.511303,0.0452101,0.218506,-0.496426
0.8,-0.25,-2.33,-0.510848,0.0458956,0.219248,-0.495935
0.8,-0.25,-2.32,-0.510385,0.0466406,0.219994,-0.495439
0.8,-0.25,-2.31,-0.509915,0.0473559,0.220742,-0.494935
0.8,-0.25,-2.3,-0.509438,0.0481308,0.221495,-0.494426
0.8,-0.25,-2.29,-0.508953,0.0488758,0.22225,-0.49391
0.8,-0.25,-2.28,-0.50846,0.0495613,0.223009,-0.493387
0.8,-0.25,-2.27,-0.50796,0.0503957,0.223771,-0.492858
0.8,-0.25,-2.26,-0.507452,0.0512004,0.224536,-0.492322
0.8,-0.25,-2.25,-0.506936,0.0520051,0.225305,-0.491779
0.8,-0.25,-2.24,-0.506412,0.0528097,0.226077,-0.491229
0.8,-0.25,-2.23,-0.50588,0.0536144,0.226852,-0.490673
0.8,-0.25,-2.22,-0.50534,0.054419,0.227631,-0.490109
0.8,-0.25,-2.21,-0.504791,0.0552535,0.228412,-0.489538
0.8,-0.25,-2.2,-0.504235,0.056088,0.229198,-0.48896
0.8,-0.25,-2.19,-0.503669,0.0569522,0.229986,-0.488375
0.8,-0.25,-2.18,-0.503096,0.0578165,0.230778,-0.487782
0.8,-0.25,-2.17,-0.502513,0.058651,0.231573,-0.487182
0.8,-0.25,-2.16,-0.501922,0.0595152,0.232371,-0.486574
0.8,-0.25,-2.15,-0.501322,0.0604391,0.233173,-0.485959
0.8,-0.25,-2.14,-0.500713,0.0613332,0.233978,-0.485336
0.8,-0.25,-2.13,-0.500095,0.0622869,0.234787,-0.484705
0.8,-0.25,-2.12,-0.499468,0.0631362,0.235598,-0.484066
0.8,-0.25,-2.11,-0.498832,0.0640452,0.236413,-0.483419
0.8,-0.25,-2.1,-0.498186,0.0649989,0.237232,-0.482765
0.8,-0.25,-2.09,-0.497531,0.0659972,0.238053,-0.482102
0.8,-0.25,-2.08,-0.496867,0.0668913,0.238878,-0.48143
0.8,-0.25,-2.07,-0.496193,0.0678897,0.239707,-0.480751
0.8,-0.25,-2.06,-0.495509,0.0688434,0.240538,-0.480063
0.8,-0.25,-2.05,-0.494815,0.0698715,0.241373,-0.479366
0.8,-0.25,-2.04,-0.494111,0.0708103,0.242211,-0.478661
0.8,-0.25,-2.03,-0.493398,0.0718683,0.243053,-0.477946
0.8,-0.25,-2.02,-0.492674,0.0728369,0.243898,-0.477224
0.8,-0.25,-2.01,-0.491939,0.0739545,0.244746,-0.476492
0.8,-0.25,-2,-0.491195,0.0749975,0.245597,-0.475751
0.8,-0.25,-1.99,-0.49044,0.0760257,0.246452,-0.475001
0.8,-0.25,-1.98,-0.489674,0.0770986,0.24731,-0.474241
0.8,-0.25,-1.97,-0.488898,0.0782013,0.248171,-0.473473
0.8,-0.25,-1.96,-0.488111,0.0792742,0.249036,-0.472695
0.8,-0.25,-1.95,-0.487312,0.0803471,0.249904,-0.471907
0.8,-0.25,-1.94,-0.486503,0.0814497,0.250775,-0.47111
0.8,-0.25,-1.93,-0.485683,0.0826269,0.251649,-0.470303
0.8,-0.25,-1.92,-0.484852,0.0837147,0.252527,-0.469486
0.8,-0.25,-1.91,-0.484009,0.0848919,0.253408,-0.468659
0.8,-0.25,-1.9,-0.483154,0.0860244,0.254292,-0.467822
0.8,-0.25,-1.89,-0.482288,0.0872016,0.255179,-0.466975
0.8,-0.25,-1.88,-0.481411,0.0883639,0.256069,-0.466117
0.8,-0.25,-1.87,-0.480521,0.089556,0.256963,-0.465249
0.8,-0.25,-1.86,-0.47962,0.090763,0.25786,-0.464371
0.8,-0.25,-1.85,-0.478706,0.09197,0.25876,-0.463482
0.8,-0.25,-1.84,-0.47778,0.0931472,0.259663,-0.462582
0.8,-0.25,-1.83,-0.476842,0.0943691,0.26057,-0.461671
0.8,-0.25,-1.82,-0.475892,0.0956655,0.261479,-0.460749
0.8,-0.25,-1.81,-0.474929,0.0968874,0.262392,-0.459817
0.8,-0.25,-1.8,-0.473953,0.098139,0.263307,-0.458873
0.8,-0.25,-1.79,-0.472965,0.0994802,0.264226,-0.457917
0.8,-0.25,-1.78,-0.471964,0.100762,0.265148,-0.45695
0.8,-0.25,-1.77,-0.47095,0.102073,0.266073,-0.455972
0.8,-0.25,-1.76,-0.469922,0.103369,0.267001,-0.454982
0.8,-0.25,-1.75,-0.468882,0.104725,0.267932,-0.45398
0.8,-0.25,-1.74,-0.467828,0.106111,0.268866,-0.452967
0.8,-0.25,-1.73,-0.46676,0.107422,0.269804,-0.451941
0.8,-0.25,-1.72,-0.465679,0.108719,0.270744,-0.450903
0.8,-0.25,-1.71,-0.464584,0.110105,0.271687,-0.449853
0.8,-0.25,-1.7,-0.463476,0.11158,0.272633,-0.44879
0.8,-0.25,-1.69,-0.462353,0.112921,0.273582,-0.447715
0.8,-0.25,-1.68,-0.461216,0.114396,0.274534,-0.446627
0.8,-0.25,-1.67,-0.460065,0.115812,0.275488,-0.445526
0.8,-0.25,-1.66,-0.4589,0.117257,0.276446,-0.444413
0.8,-0.25,-1.65,-0.45772,0.118718,0.277406,-0.443286
0.8,-0.25,-1.64,-0.456526,0.120178,0.27837,-0.442147
0.8,-0.25,-1.63,-0.455317,0.121683,0.279336,-0.440994
0.8,-0.25,-1.62,-0.454093,0.123158,0.280304,-0.439827
0.8,-0.25,-1.61,-0.452854,0.124663,0.281276,-0.438648
0.8,-0.25,-1.6,-0.4516,0.126153,0.28225,-0.437454
0.8,-0.25,-1.59,-0.450331,0.127688,0.283227,-0.436247
0.8,-0.25,-1.58,-0.449046,0.129163,0.284207,-0.435025
0.8,-0.25,-1.57,-0.447747,0.130758,0.285189,-0.43379
0.8,-0.25,-1.56,-0.446431,0.132307,0.286174,-0.43254
0.8,-0.25,-1.55,-0.4451,0.133932,0.287161,-0.431276
0.8,-0.25,-1.54,-0.443753,0.135511,0.288151,-0.429998
0.8,-0.25,-1.53,-0.44239,0.13715,0.289144,-0.428705
0.8,-0.25,-1.52,-0.44101,0.138685,0.290138,-0.427398
0.8,-0.25,-1.51,-0.439615,0.140354,0.291136,-0.426075
0.8,-0.25,-1.5,-0.438203,0.141948,0.292136,-0.424738
0.8,-0.25,-1.49,-0.436775,0.143647,0.293138,-0.423385
0.8,-0.25,-1.48,-0.435331,0.145242,0.294142,-0.422017
0.8,-0.25,-1.47,-0.433869,0.146985,0.295149,-0.420634
0.8,-0.25,-1.46,-0.432391,0.148684,0.296158,-0.419235
0.8,-0.25,-1.45,-0.430896,0.150353,0.29717,-0.417821
0.8,-0.25,-1.44,-0.429384,0.152096,0.298183,-0.416391
0.8,-0.25,-1.43,-0.427854,0.15375,0.299199,-0.414945
0.8,-0.25,-1.42,-0.426307,0.155568,0.300217,-0.413483
0.8,-0.25,-1.41,-0.424743,0.157297,0.301236,-0.412004
0.8,-0.25,-1.4,-0.423162,0.15907,0.302258,-0.41051
0.8,-0.25,-1.39,-0.421562,0.160828,0.303282,-0.408999
0.8,-0.25,-1.38,-0.419945,0.162676,0.304308,-0.407471
0.8,-0.25,-1.37,-0.41831,0.164419,0.305336,-0.405927
0.8,-0.25,-1.36,-0.416657,0.166208,0.306365,-0.404365
0.8,-0.25,-1.35,-0.414985,0.168055,0.307397,-0.402787
0.8,-0.25,-1.34,-0.413296,0.169873,0.30843,-0.401192
0.8,-0.25,-1.33,-0.411588,0.171676,0.309465,-0.399579
0.8,-0.25,-1.32,-0.409862,0.173584,0.310501,-0.397949
0.8,-0.25,-1.31,-0.408117,0.175461,0.311539,-0.396302
0.8,-0.25,-1.3,-0.406353,0.177309,0.312579,-0.394637
0.8,-0.25,-1.29,-0.40457,0.179216,0.31362,-0.392954
0.8,-0.25,-1.28,-0.402768,0.181124,0.314663,-0.391253
0.8,-0.25,-1.27,-0.400948,0.183016,0.315707,-0.389534
0.8,-0.25,-1.26,-0.399108,0.184894,0.316752,-0.387796
0.8,-0.25,-1.25,-0.397249,0.18689,0.317799,-0.386041
0.8,-0.25,-1.24,-0.39537,0.188872,0.318847,-0.384267
0.8,-0.25,-1.23,-0.393472,0.190809,0.319896,-0.382475
0.8,-0.25,-1.22,-0.391555,0.192747,0.320946,-0.380663
0.8,-0.25,-1.21,-0.389617,0.194728,0.321998,-0.378833
0.8,-0.25,-1.2,-0.38766,0.196725,0.32305,-0.376984
0.8,-0.25,-1.19,-0.385683,0.198752,0.324103,-0.375116
0.8,-0.25,-1.18,-0.383686,0.200674,0.325158,-0.373229
0.8,-0.25,-1.17,-0.381669,0.2027,0.326213,-0.371322
0.8,-0.25,-1.16,-0.379631,0.204802,0.327268,-0.369396
0.8,-0.25,-1.15,-0.377574,0.206783,0.328325,-0.36745
0.8,-0.25,-1.14,-0.375495,0.208899,0.329382,-0.365485
0.8,-0.25,-1.13,-0.373397,0.210911,0.330439,-0.3635
0.8,-0.25,-1.12,-0.371277,0.213012,0.331498,-0.361494
0.8,-0.25,-1.11,-0.369137,0.215024,0.332556,-0.359469
0.8,-0.25,-1.1,-0.366977,0.217125,0.333615,-0.357424
0.8,-0.25,-1.09,-0.364795,0.219241,0.334674,-0.355358
0.8,-0.25,-1.08,-0.362592,0.221297,0.335733,-0.353272
0.8,-0.25,-1.07,-0.360369,0.223458,0.336793,-0.351165
0.8,-0.25,-1.06,-0.358124,0.225529,0.337853,-0.349038
0.8,-0.25,-1.05,-0.355858,0.2276,0.338912,-0.34689
0.8,-0.25,-1.04,-0.35357,0.229791,0.339972,-0.344721
0.8,-0.25,-1.03,-0.351262,0.231966,0.341031,-0.342531
0.8,-0.25,-1.02,-0.348932,0.234097,0.34209,-0.34032
0.8,-0.25,-1.01,-0.34658,0.236228,0.343149,-0.338087
0.8,-0.25,-1,-0.344207,0.238404,0.344207,-0.335834
0.8,-0.25,-0.99,-0.341812,0.240564,0.345265,-0.333559
0.8,-0.25,-0.98,-0.339396,0.242755,0.346322,-0.331263
0.8,-0.25,-0.97,-0.336958,0.244886,0.347379,-0.328945
0.8,-0.25,-0.96,-0.334497,0.247076,0.348435,-0.326606
0.8,-0.25,-0.95,-0.332015,0.249282,0.34949,-0.324244
0.8,-0.25,-0.94,-0.329511,0.251487,0.350544,-0.321861
0.8,-0.25,-0.93,-0.326986,0.253722,0.351597,-0.319456
0.8,-0.25,-0.92,-0.324438,0.255898,0.35265,-0.317029
0.8,-0.25,-0.91,-0.321868,0.258148,0.353701,-0.31458
0.8,-0.25,-0.9,-0.319275,0.260338,0.35475,-0.312109
0.8,-0.25,-0.89,-0.316661,0.262544,0.355799,-0.309615
0.8,-0.25,-0.88,-0.314024,0.264764,0.356846,-0.307099
0.8,-0.25,-0.87,-0.311366,0.267014,0.357891,-0.304561
0.8,-0.25,-0.86,-0.308684,0.269219,0.358935,-0.302
0.8,-0.25,-0.85,-0.305981,0.271469,0.359978,-0.299417
0.8,-0.25,-0.84,-0.303255,0.27369,0.361018,-0.296811
0.8,-0.25,-0.83,-0.300507,0.275925,0.362056,-0.294183
0.8,-0.25,-0.82,-0.297736,0.27819,0.363093,-0.291532
0.8,-0.25,-0.81,-0.294943,0.280425,0.364128,-0.288858
0.8,-0.25,-0.8,-0.292128,0.28269,0.36516,-0.286161
0.8,-0.25,-0.79,-0.28929,0.284925,0.36619,-0.283442
0.8,-0.25,-0.78,-0.28643,0.28716,0.367218,-0.280699
0.8,-0.25,-0.77,-0.283547,0.289395,0.368243,-0.277934
0.8,-0.25,-0.76,-0.280642,0.291646,0.369265,-0.275146
0.8,-0.25,-0.75,-0.277714,0.293881,0.370285,-0.272334
0.8,-0.25,-0.74,-0.274764,0.296146,0.371303,-0.2695
0.8,-0.25,-0.73,-0.271791,0.298411,0.372317,-0.266643
0.8,-0.25,-0.72,-0.268796,0.300631,0.373328,-0.263762
0.8,-0.25,-0.71,-0.265779,0.302881,0.374336,-0.260859
0.8,-0.25,-0.7,-0.262739,0.305086,0.375342,-0.257932
0.8,-0.25,-0.69,-0.259677,0.307336,0.376343,-0.254982
0.8,-0.25,-0.68,-0.256592,0.309542,0.377342,-0.252009
0.8,-0.25,-0.67,-0.253486,0.311807,0.378337,-0.249013
0.8,-0.25,-0.66,-0.250356,0.314027,0.379328,-0.245994
0.8,-0.25,-0.65,-0.247205,0.31624,0.380316,-0.242952
0.8,-0.25,-0.64,-0.244032,0.318475,0.381299,-0.239887
0.8,-0.25,-0.63,-0.240836,0.320651,0.382279,-0.236798
0.8,-0.25,-0.62,-0.237618,0.322886,0.383255,-0.233687
0.8,-0.25,-0.61,-0.234378,0.325061,0.384227,-0.230552
0.8,-0.25,-0.6,-0.231116,0.327289,0.385194,-0.227395
0.8,-0.25,-0.59,-0.227833,0.329472,0.386157,-0.224215
0.8,-0.25,-0.58,-0.224527,0.331648,0.387116,-0.221011
0.8,-0.25,-0.57,-0.2212,0.333808,0.38807,-0.217785
0.8,-0.25,-0.56,-0.217851,0.335984,0.389019,-0.214536
0.8,-0.25,-0.55,-0.21448,0.338115,0.389964,-0.211264
0.8,-0.25,-0.54,-0.211088,0.340283,0.390903,-0.207969
0.8,-0.25,-0.53,-0.207674,0.342451,0.391838,-0.204652
0.8,-0.25,-0.52,-0.204239,0.34456,0.392768,-0.201312
0.8,-0.25,-0.51,-0.200783,0.34669,0.393692,-0.19795
0.8,-0.25,-0.5,-0.197305,0.348806,0.394611,-0.194565
0.8,-0.25,-0.49,-0.193807,0.3509,0.395524,-0.191158
0.8,-0.25,-0.48,-0.190287,0.352994,0.396432,-0.187728
0.8,-0.25,-0.47,-0.186747,0.355072,0.397334,-0.184277
0.8,-0.25,-0.46,-0.183186,0.357136,0.398231,-0.180803
0.8,-0.25,-0.45,-0.179605,0.35917,0.399121,-0.177307
0.8,-0.25,-0.44,-0.176003,0.361212,0.400006,-0.17379
0.8,-0.25,-0.43,-0.17238,0.363253,0.400884,-0.17025
0.8,-0.25,-0.42,-0.168738,0.365257,0.401756,-0.166689
0.8,-0.25,-0.41,-0.165075,0.367261,0.402622,-0.163107
0.8,-0.25,-0.4,-0.161393,0.369236,0.403481,-0.159503
0.8,-0.25,-0.39,-0.15769,0.371203,0.404334,-0.155878
0.8,-0.25,-0.38,-0.153968,0.37317,0.40518,-0.152232
0.8,-0.25,-0.37,-0.150227,0.375085,0.406019,-0.148564
0.8,-0.25,-0.36,-0.146467,0.377007,0.406852,-0.144876
0.8,-0.25,-0.35,-0.142687,0.378929,0.407677,-0.141168
0.8,-0.25,-0.34,-0.138888,0.380777,0.408495,-0.137439
0.8,-0.25,-0.33,-0.135071,0.382677,0.409306,-0.133689
0.8,-0.25,-0.32,-0.131235,0.384517,0.41011,-0.12992
0.8,-0.25,-0.31,-0.127381,0.386342,0.410906,-0.126131
0.8,-0.25,-0.3,-0.123508,0.388131,0.411694,-0.122321
0.8,-0.25,-0.29,-0.119618,0.389952,0.412475,-0.118493
0.8,-0.25,-0.28,-0.11571,0.391714,0.413249,-0.114644
0.8,-0.25,-0.27,-0.111784,0.393458,0.414014,-0.110777
0.8,-0.25,-0.26,-0.107841,0.39519,0.414771,-0.106891
0.8,-0.25,-0.25,-0.10388,0.396904,0.41552,-0.102986
0.8,-0.25,-0.24,-0.0999028,0.39858,0.416262,-0.0990622
0.8,-0.25,-0.23,-0.0959087,0.400241,0.416994,-0.0951203
0.8,-0.25,-0.22,-0.0918981,0.401869,0.417719,-0.0911604
0.8,-0.25,-0.21,-0.0878713,0.403497,0.418435,-0.0871826
0.8,-0.25,-0.2,-0.0838284,0.405092,0.419142,-0.0831872
0.8,-0.25,-0.19,-0.0797697,0.406656,0.41984,-0.0791744
0.8,-0.25,-0.18,-0.0756954,0.408191,0.42053,-0.0751446
0.8,-0.25,-0.17,-0.0716059,0.409711,0.421211,-0.0710979
0.8,-0.25,-0.16,-0.0675013,0.411183,0.421883,-0.0670346
0.8,-0.25,-0.15,-0.0633819,0.412684,0.422546,-0.062955
0.8,-0.25,-0.14,-0.0592479,0.414111,0.4232,-0.0588594
0.8,-0.25,-0.13,-0.0550997,0.415536,0.423844,-0.054748
0.8,-0.25,-0.12,-0.0509374,0.416914,0.424479,-0.0506211
0.8,-0.25,-0.11,-0.0467615,0.418281,0.425105,-0.046479
0.8,-0.25,-0.1,-0.042572,0.419609,0.42572,-0.0423221
0.8,-0.25,-0.09,-0.0383694,0.420917,0.426327,-0.0381505
0.8,-0.25,-0.08,-0.0341539,0.4222,0.426924,-0.0339646
0.8,-0.25,-0.07,-0.0299257,0.423432,0.42751,-0.0297647
0.8,-0.25,-0.06,-0.0256853,0.424647,0.428088,-0.0255511
0.8,-0.25,-0.05,-0.0214327,0.425847,0.428655,-0.0213241
0.8,-0.25,-0.04,-0.0171685,0.42701,0.429211,-0.0170841
0.8,-0.25,-0.03,-0.0128927,0.428125,0.429758,-0.0128313
0.8,-0.25,-0.02,-0.0086059,0.42923,0.430295,-0.00856618
0.8,-0.25,-0.01,-0.00430819,0.430305,0.430819,-0.00428896
0.8,-0.25,0,0,0.431346,0.431346,0
0.8,-0.25,0.01,0.00431842,0.432342,0.431842,0.00430035
0.8,-0.25,0.02,0.00864677,0.433322,0.432339,0.00861174
0.8,-0.25,0.03,0.0129847,0.434264,0.432823,0.0129338
0.8,-0.25,0.04,0.0173319,0.435171,0.433297,0.0172663
0.8,-0.25,0.05,0.021688,0.436048,0.43376,0.0216087
0.8,-0.25,0.06,0.0260527,0.436895,0.434212,0.0259608
0.8,-0.25,0.07,0.0304257,0.437712,0.434653,0.0303221
0.8,-0.25,0.08,0.0348067,0.438491,0.435084,0.0346924
0.8,-0.25,0.09,0.0391953,0.43924,0.435504,0.0390712
0.8,-0.25,0.1,0.0435912,0.439942,0.435912,0.0434581
0.8,-0.25,0.11,0.0479941,0.44062,0.43631,0.0478528
0.8,-0.25,0.12,0.0524035,0.441264,0.436696,0.052255
0.8,-0.25,0.13,0.0568193,0.441875,0.437071,0.0566642
0.8,-0.25,0.14,0.0612409,0.442455,0.437435,0.06108
0.8,-0.25,0.15,0.0656682,0.442989,0.437788,0.0655021
0.8,-0.25,0.16,0.0701007,0.443496,0.438129,0.0699301
0.8,-0.25,0.17,0.074538,0.443965,0.438459,0.0743636
0.8,-0.25,0.18,0.0789799,0.444397,0.438777,0.0788022
0.8,-0.25,0.19,0.083426,0.444803,0.439084,0.0832455
0.8,-0.25,0.2,0.087876,0.44518,0.43938,0.0876931
0.8,-0.25,0.21,0.0923294,0.445496,0.439664,0.0921446
0.8,-0.25,0.22,0.096786,0.445798,0.439936,0.0965996
0.8,-0.25,0.23,0.101245,0.446063,0.440197,0.101058
0.8,-0.25,0.24,0.105707,0.446286,0.440446,0.105519
0.8,-0.25,0.25,0.110171,0.446476,0.440684,0.109982
0.8,-0.25,0.26,0.114636,0.446625,0.440909,0.114447
0.8,-0.25,0.27,0.119103,0.446744,0.441123,0.118914
0.8,-0.25,0.28,0.123571,0.446815,0.441326,0.123381
0.8,-0.25,0.29,0.12804,0.446878,0.441516,0.12785
0.8,-0.25,0.3,0.132508,0.446878,0.441695,0.132319
0.8,-0.25,0.31,0.136977,0.446849,0.441862,0.136787
0.8,-0.25,0.32,0.141445,0.446796,0.442017,0.141255
0.8,-0.25,0.33,0.145913,0.446692,0.44216,0.145723
0.8,-0.25,0.34,0.150379,0.446565,0.442291,0.150189
0.8,-0.25,0.35,0.154844,0.446394,0.442411,0.154653
0.8,-0.25,0.36,0.159307,0.446185,0.442519,0.159115
0.8,-0.25,0.37,0.163767,0.445955,0.442615,0.163575
0.8,-0.25,0.38,0.168225,0.445671,0.442699,0.168031
0.8,-0.25,0.39,0.172681,0.445351,0.442771,0.172485
0.8,-0.25,0.4,0.177132,0.445016,0.442831,0.176935
0.8,-0.25,0.41,0.181581,0.444621,0.442879,0.18138
0.8,-0.25,0.42,0.186025,0.444189,0.442916,0.185821
0.8,-0.25,0.43,0.190464,0.443749,0.442941,0.190257
0.8,-0.25,0.44,0.1949,0.443265,0.442954,0.194688
0.8,-0.25,0.45,0.19933,0.442751,0.442955,0.199114
0.8,-0.25,0.46,0.203754,0.442192,0.442944,0.203533
0.8,-0.25,0.47,0.208173,0.441574,0.442922,0.207945
0.8,-0.25,0.48,0.212586,0.440963,0.442887,0.212351
0.8,-0.25,0.49,0.216992,0.4403,0.442841,0.21675
0.8,-0.25,0.5,0.221392,0.439592,0.442784,0.221141
0.8,-0.25,0.51,0.225784,0.438854,0.442714,0.225524
0.8,-0.25,0.52,0.230169,0.438131,0.442633,0.229899
0.8,-0.25,0.53,0.234547,0.437327,0.442541,0.234265
0.8,-0.25,0.54,0.238916,0.4365,0.442436,0.238622
0.8,-0.25,0.55,0.243276,0.435628,0.442321,0.24297
0.8,-0.25,0.56,0.247628,0.434719,0.442193,0.247307
0.8,-0.25,0.57,0.251971,0.433818,0.442055,0.251635
0.8,-0.25,0.58,0.256304,0.432849,0.441904,0.255952
0.8,-0.25,0.59,0.260628,0.431865,0.441742,0.260258
0.8,-0.25,0.6,0.264942,0.430852,0.44157,0.264553
0.8,-0.25,0.61,0.269245,0.429794,0.441385,0.268836
0.8,-0.25,0.62,0.273538,0.428692,0.44119,0.273108
0.8,-0.25,0.63,0.277819,0.427604,0.440983,0.277367
0.8,-0.25,0.64,0.282089,0.426471,0.440765,0.281614
0.8,-0.25,0.65,0.286348,0.425309,0.440536,0.285848
0.8,-0.25,0.66,0.290595,0.424087,0.440295,0.290068
0.8,-0.25,0.67,0.29483,0.42285,0.440044,0.294276
0.8,-0.25,0.68,0.299052,0.421584,0.439782,0.298469
0.8,-0.25,0.69,0.303261,0.420302,0.439509,0.302648
0.8,-0.25,0.7,0.307458,0.418961,0.439225,0.306813
0.8,-0.25,0.71,0.311641,0.41765,0.43893,0.310963
0.8,-0.25,0.72,0.31581,0.416279,0.438625,0.315097
0.8,-0.25,0.73,0.319966,0.414848,0.438309,0.319217
0.8,-0.25,0.74,0.324107,0.413418,0.437983,0.323321
0.8,-0.25,0.75,0.328234,0.411958,0.437646,0.327409
0.8,-0.25,0.76,0.332347,0.410467,0.437298,0.331481
0.8,-0.25,0.77,0.336444,0.409022,0.43694,0.335536
0.8,-0.25,0.78,0.340526,0.407502,0.436572,0.339575
0.8,-0.25,0.79,0.344593,0.405937,0.436194,0.343597
0.8,-0.25,0.8,0.348644,0.404343,0.435806,0.347601
0.8,-0.25,0.81,0.35268,0.402704,0.435407,0.351588
0.8,-0.25,0.82,0.356699,0.401095,0.434999,0.355557
0.8,-0.25,0.83,0.360702,0.399426,0.43458,0.359509
0.8,-0.25,0.84,0.364688,0.397757,0.434152,0.363442
0.8,-0.25,0.85,0.368657,0.396103,0.433714,0.367357
0.8,-0.25,0.86,0.372609,0.394344,0.433267,0.371253
0.8,-0.25,0.87,0.376544,0.392631,0.432809,0.37513
0.8,-0.25,0.88,0.380462,0.390872,0.432343,0.378988
0.8,-0.25,0.89,0.384362,0.389099,0.431867,0.382827
0.8,-0.25,0.9,0.388244,0.387326,0.431382,0.386647
0.8,-0.25,0.91,0.392107,0.385508,0.430887,0.390447
0.8,-0.25,0.92,0.395953,0.38363,0.430384,0.394227
0.8,-0.25,0.93,0.39978,0.381783,0.429871,0.397987
0.8,-0.25,0.94,0.403588,0.37989,0.429349,0.401726
0.8,-0.25,0.95,0.407378,0.378013,0.428819,0.405446
0.8,-0.25,0.96,0.411149,0.376105,0.42828,0.409144
0.8,-0.25,0.97,0.4149,0.374168,0.427732,0.412822
0.8,-0.25,0.98,0.418632,0.372216,0.427176,0.41648
0.8,-0.25,0.99,0.422345,0.370294,0.426611,0.420116
0.8,-0.25,1,0.426037,0.368327,0.426037,0.423731
0.8,-0.25,1.01,0.429711,0.36633,0.425456,0.427325
0.8,-0.25,1.02,0.433364,0.364304,0.424866,0.430897
0.8,-0.25,1.03,0.436997,0.362262,0.424268,0.434447
0.8,-0.25,1.04,0.440609,0.36028,0.423663,0.437976
0.8,-0.25,1.05,0.444201,0.358194,0.423049,0.441484
0.8,-0.25,1.06,0.447773,0.356138,0.422428,0.444969
0.8,-0.25,1.07,0.451325,0.354096,0.421799,0.448432
0.8,-0.25,1.08,0.454855,0.351995,0.421162,0.451873
0.8,-0.25,1.09,0.458364,0.349879,0.420518,0.455292
0.8,-0.25,1.1,0.461853,0.347778,0.419866,0.458689
0.8,-0.25,1.11,0.46532,0.345677,0.419207,0.462063
0.8,-0.25,1.12,0.468766,0.343561,0.418541,0.465415
0.8,-0.25,1.13,0.472191,0.34143,0.417868,0.468744
0.8,-0.25,1.14,0.475595,0.339285,0.417188,0.47205
0.8,-0.25,1.15,0.478977,0.337124,0.416502,0.475334
0.8,-0.25,1.16,0.482337,0.334993,0.415808,0.478595
0.8,-0.25,1.17,0.485676,0.332817,0.415108,0.481833
0.8,-0.25,1.18,0.488993,0.330627,0.414401,0.485049
0.8,-0.25,1.19,0.492288,0.328422,0.413687,0.488241
0.8,-0.25,1.2,0.495561,0.326261,0.412968,0.491411
0.8,-0.25,1.21,0.498813,0.324026,0.412242,0.494557
0.8,-0.25,1.22,0.502042,0.321805,0.41151,0.497681
0.8,-0.25,1.23,0.505249,0.31966,0.410772,0.500781
0.8,-0.25,1.24,0.508434,0.317395,0.410028,0.503858
0.8,-0.25,1.25,0.511597,0.31516,0.409278,0.506913
0.8,-0.25,1.26,0.514738,0.312924,0.408522,0.509944
0.8,-0.25,1.27,0.517857,0.310689,0.407761,0.512952
0.8,-0.25,1.28,0.520953,0.308514,0.406994,0.515937
0.8,-0.25,1.29,0.524027,0.306278,0.406222,0.518899
0.8,-0.25,1.3,0.527078,0.304043,0.405445,0.521838
0.8,-0.25,1.31,0.530107,0.301749,0.404662,0.524753
0.8,-0.25,1.32,0.533114,0.299573,0.403874,0.527646
0.8,-0.25,1.33,0.536099,0.297308,0.403082,0.530515
0.8,-0.25,1.34,0.53906,0.295103,0.402284,0.533362
0.8,-0.25,1.35,0.542,0.292808,0.401481,0.536185
0.8,-0.25,1.36,0.544917,0.290573,0.400674,0.538985
0.8,-0.25,1.37,0.547811,0.288308,0.399862,0.541763
0.8,-0.25,1.38,0.550683,0.286132,0.399046,0.544517
0.8,-0.25,1.39,0.553533,0.283778,0.398225,0.547249
0.8,-0.25,1.4,0.55636,0.281543,0.3974,0.549957
0.8,-0.25,1.41,0.559165,0.279337,0.396571,0.552643
0.8,-0.25,1.42,0.561947,0.277102,0.395738,0.555306
0.8,-0.25,1.43,0.564707,0.274867,0.3949,0.557947
0.8,-0.25,1.44,0.567445,0.272632,0.394059,0.560564
0.8,-0.25,1.45,0.57016,0.270337,0.393214,0.563159
0.8,-0.25,1.46,0.572853,0.268191,0.392365,0.565732
0.8,-0.25,1.47,0.575523,0.265956,0.391512,0.568282
0.8,-0.25,1.48,0.578172,0.263691,0.390656,0.570809
0.8,-0.25,1.49,0.580798,0.261456,0.389797,0.573315
0.8,-0.25,1.5,0.583401,0.25925,0.388934,0.575797
0.8,-0.25,1.51,0.585983,0.257105,0.388068,0.578258
0.8,-0.25,1.52,0.588543,0.254869,0.387199,0.580697
0.8,-0.25,1.53,0.59108,0.252604,0.386327,0.583113
0.8,-0.25,1.54,0.593596,0.250429,0.385452,0.585508
0.8,-0.25,1.55,0.596089,0.248253,0.384574,0.587881
0.8,-0.25,1.56,0.59856,0.246048,0.383693,0.590231
0.8,-0.25,1.57,0.60101,0.243902,0.382809,0.592561
0.8,-0.25,1.58,0.603438,0.241697,0.381923,0.594868
0.8,-0.25,1.59,0.605844,0.239521,0.381034,0.597154
0.8,-0.25,1.6,0.608229,0.237375,0.380143,0.599419
0.8,-0.25,1.61,0.610592,0.23517,0.379249,0.601662
0.8,-0.25,1.62,0.612933,0.233054,0.378354,0.603884
0.8,-0.25,1.63,0.615253,0.230968,0.377456,0.606085
0.8,-0.25,1.64,0.617551,0.228763,0.376556,0.608265
0.8,-0.25,1.65,0.619828,0.226617,0.375654,0.610424
0.8,-0.25,1.66,0.622084,0.224501,0.374749,0.612562
0.8,-0.25,1.67,0.624319,0.222385,0.373844,0.61468
0.8,-0.25,1.68,0.626533,0.220299,0.372936,0.616777
0.8,-0.25,1.69,0.628725,0.218213,0.372027,0.618853
0.8,-0.25,1.7,0.630897,0.216156,0.371116,0.620909
0.8,-0.25,1.71,0.633048,0.21404,0.370203,0.622945
0.8,-0.25,1.72,0.635178,0.211984,0.36929,0.624961
0.8,-0.25,1.73,0.637287,0.209957,0.368374,0.626957
0.8,-0.25,1.74,0.639376,0.207871,0.367458,0.628932
0.8,-0.25,1.75,0.641445,0.205815,0.36654,0.630888
0.8,-0.25,1.76,0.643493,0.203758,0.365621,0.632825
0.8,-0.25,1.77,0.645521,0.201762,0.364701,0.634742
0.8,-0.25,1.78,0.647529,0.199795,0.36378,0.636639
0.8,-0.25,1.79,0.649516,0.197679,0.362858,0.638517
0.8,-0.25,1.8,0.651484,0.195742,0.361935,0.640376
0.8,-0.25,1.81,0.653431,0.193775,0.361012,0.642216
0.8,-0.25,1.82,0.655359,0.191778,0.360088,0.644037
0.8,-0.25,1.83,0.657268,0.189871,0.359163,0.64584
0.8,-0.25,1.84,0.659156,0.187844,0.358237,0.647623
0.8,-0.25,1.85,0.661026,0.185996,0.357311,0.649388
0.8,-0.25,1.86,0.662875,0.184,0.356385,0.651135
0.8,-0.25,1.87,0.664706,0.182092,0.355458,0.652864
0.8,-0.25,1.88,0.666518,0.180215,0.354531,0.654574
0.8,-0.25,1.89,0.66831,0.178277,0.353603,0.656266
0.8,-0.25,1.9,0.670084,0.1764,0.352676,0.657941
0.8,-0.25,1.91,0.671839,0.174552,0.351748,0.659598
0.8,-0.25,1.92,0.673575,0.172645,0.35082,0.661237
0.8,-0.25,1.93,0.675292,0.170767,0.349892,0.662859
0.8,-0.25,1.94,0.676992,0.168979,0.348965,0.664463
0.8,-0.25,1.95,0.678673,0.167161,0.348037,0.66605
0.8,-0.25,1.96,0.680335,0.165373,0.34711,0.66762
0.8,-0.25,1.97,0.68198,0.163525,0.346183,0.669173
0.8,-0.25,1.98,0.683606,0.161767,0.345256,0.67071
0.8,-0.25,1.99,0.685215,0.159949,0.344329,0.67223
0.8,-0.25,2,0.686806,0.158221,0.343403,0.673733
0.8,-0.25,2.01,0.688379,0.156462,0.342477,0.67522
0.8,-0.25,2.02,0.689935,0.154674,0.341552,0.67669
0.8,-0.25,2.03,0.691474,0.153005,0.340627,0.678145
0.8,-0.25,2.04,0.692995,0.151247,0.339703,0.679583
0.8,-0.25,2.05,0.694499,0.149578,0.33878,0.681006
0.8,-0.25,2.06,0.695986,0.147879,0.337857,0.682413
0.8,-0.25,2.07,0.697456,0.14618,0.336935,0.683804
0.8,-0.25,2.08,0.69891,0.144571,0.336014,0.68518
0.8,-0.25,2.09,0.700346,0.142813,0.335094,0.68654
0.8,-0.25,2.1,0.701767,0.141144,0.334175,0.687886
0.8,-0.25,2.11,0.703171,0.139505,0.333256,0.689216
0.8,-0.25,2.12,0.704558,0.137925,0.332339,0.690531
0.8,-0.25,2.13,0.70593,0.136375,0.331422,0.691832
0.8,-0.25,2.14,0.707285,0.134706,0.330507,0.693118
0.8,-0.25,2.15,0.708625,0.133187,0.329593,0.694389
0.8,-0.25,2.16,0.709948,0.131547,0.32868,0.695646
0.8,-0.25,2.17,0.711256,0.130087,0.327768,0.696889
0.8,-0.25,2.18,0.712549,0.128508,0.326857,0.698118
0.8,-0.25,2.19,0.713826,0.127017,0.325948,0.699332
0.8,-0.25,2.2,0.715088,0.125438,0.32504,0.700533
0.8,-0.25,2.21,0.716335,0.123948,0.324133,0.70172
0.8,-0.25,2.22,0.717567,0.122398,0.323228,0.702894
0.8,-0.25,2.23,0.718783,0.120908,0.322324,0.704054
0.8,-0.25,2.24,0.719985,0.119418,0.321422,0.7052
0.8,-0.25,2.25,0.721173,0.118017,0.320521,0.706334
0.8,-0.25,2.26,0.722346,0.116557,0.319622,0.707454
0.8,-0.25,2.27,0.723504,0.115156,0.318724,0.708561
0.8,-0.25,2.28,0.724648,0.113696,0.317828,0.709656
0.8,-0.25,2.29,0.725778,0.112265,0.316934,0.710738
0.8,-0.25,2.3,0.726894,0.110894,0.316041,0.711807
0.8,-0.25,2.31,0.727996,0.109494,0.31515,0.712863
0.8,-0.25,2.32,0.729085,0.108123,0.314261,0.713908
0.8,-0.25,2.33,0.730159,0.106782,0.313373,0.71494
0.8,-0.25,2.34,0.73122,0.10547,0.312487,0.71596
0.8,-0.25,2.35,0.732268,0.104129,0.311603,0.716968
0.8,-0.25,2.36,0.733302,0.102818,0.310721,0.717964
0.8,-0.25,2.37,0.734323,0.101477,0.309841,0.718949
0.8,-0.25,2.38,0.735331,0.100166,0.308963,0.719921
0.8,-0.25,2.39,0.736326,0.0988245,0.308086,0.720883
0.8,-0.25,2.4,0.737309,0.0976324,0.307212,0.721833
0.8,-0.25,2.41,0.738278,0.0963211,0.306339,0.722771
0.8,-0.25,2.42,0.739235,0.0950396,0.305469,0.723699
0.8,-0.25,2.43,0.740179,0.0938475,0.304601,0.724615
0.8,-0.25,2.44,0.741112,0.0926256,0.303734,0.725521
0.8,-0.25,2.45,0.742032,0.0914335,0.30287,0.726415
0.8,-0.25,2.46,0.742939,0.090152,0.302008,0.727299
0.8,-0.25,2.47,0.743835,0.0889897,0.301148,0.728173
0.8,-0.25,2.48,0.744719,0.0877976,0.30029,0.729036
0.8,-0.25,2.49,0.745591,0.0866055,0.299434,0.729888
0.8,-0.25,2.5,0.746451,0.0854433,0.298581,0.730731
0.8,-0.25,2.51,0.7473,0.084281,0.297729,0.731563
0.8,-0.25,2.52,0.748138,0.0832081,0.29688,0.732385
0.8,-0.25,2.53,0.748964,0.0821054,0.296033,0.733197
0.8,-0.25,2.54,0.749779,0.0809431,0.295189,0.734
0.8,-0.25,2.55,0.750583,0.0798702,0.294346,0.734793
0.8,-0.25,2.56,0.751376,0.0787973,0.293506,0.735576
0.8,-0.25,2.57,0.752158,0.0776649,0.292668,0.736349
0.8,-0.25,2.58,0.752929,0.076592,0.291833,0.737113
0.8,-0.25,2.59,0.753689,0.0755787,0.291,0.737868
0.8,-0.25,2.6,0.75444,0.074476,0.290169,0.738614
0.8,-0.25,2.61,0.755179,0.0734329,0.289341,0.739351
0.8,-0.25,2.62,0.755908,0.0724196,0.288515,0.740078
0.8,-0.25,2.63,0.756628,0.0714362,0.287691,0.740797
0.8,-0.25,2.64,0.757337,0.0703633,0.28687,0.741507
0.8,-0.25,2.65,0.758036,0.0694394,0.286051,0.742208
0.8,-0.25,2.66,0.758725,0.0683665,0.285235,0.7429
0.8,-0.25,2.67,0.759404,0.0674129,0.284421,0.743585
0.8,-0.25,2.68,0.760073,0.0664592,0.283609,0.74426
0.8,-0.25,2.69,0.760733,0.0655055,0.282801,0.744928
0.8,-0.25,2.7,0.761384,0.0645816,0.281994,0.745587
0.8,-0.25,2.71,0.762025,0.063628,0.28119,0.746238
0.8,-0.25,2.72,0.762657,0.0627637,0.280389,0.746881
0.8,-0.25,2.73,0.76328,0.0617802,0.27959,0.747516
0.8,-0.25,2.74,0.763893,0.0609457,0.278793,0.748143
0.8,-0.25,2.75,0.764498,0.0600219,0.277999,0.748762
0.8,-0.25,2.76,0.765094,0.059098,0.277208,0.749374
0.8,-0.25,2.77,0.76568,0.0582635,0.276419,0.749978
0.8,-0.25,2.78,0.766259,0.0573993,0.275633,0.750574
0.8,-0.25,2.79,0.766828,0.056535,0.274849,0.751164
0.8,-0.25,2.8,0.76739,0.0556409,0.274068,0.751745
0.8,-0.25,2.81,0.767942,0.0548661,0.273289,0.75232
0.8,-0.25,2.82,0.768487,0.0540614,0.272513,0.752887
0.8,-0.25,2.83,0.769023,0.0532269,0.27174,0.753448
0.8,-0.25,2.84,0.769551,0.0524223,0.270969,0.754001
0.8,-0.25,2.85,0.770071,0.0515878,0.2702,0.754547
0.8,-0.25,2.86,0.770584,0.0508428,0.269435,0.755087
0.8,-0.25,2.87,0.771088,0.0500083,0.268672,0.75562
0.8,-0.25,2.88,0.771585,0.0492632,0.267911,0.756146
0.8,-0.25,2.89,0.772074,0.0485182,0.267153,0.756665
0.8,-0.25,2.9,0.772555,0.0478029,0.266398,0.757178
0.8,-0.25,2.91,0.773029,0.0470281,0.265646,0.757685
0.8,-0.25,2.92,0.773495,0.046283,0.264896,0.758185
0.8,-0.25,2.93,0.773954,0.0455678,0.264148,0.758679
0.8,-0.25,2.94,0.774406,0.0448227,0.263404,0.759167
0.8,-0.25,2.95,0.774851,0.0441372,0.262661,0.759648
0.8,-0.25,2.96,0.775289,0.0434518,0.261922,0.760124
0.8,-0.25,2.97,0.77572,0.0427365,0.261185,0.760593
0.8,-0.25,2.98,0.776144,0.0420511,0.260451,0.761056
0.8,-0.25,2.99,0.776561,0.0413656,0.259719,0.761514
0.8,-0.25,3,0.776971,0.0406802,0.25899,0.761966
0.8,-0.25,3.01,0.777375,0.0400543,0.258264,0.762412
0.8,-0.25,3.02,0.777772,0.0393987,0.25754,0.762852
0.8,-0.25,3.03,0.778163,0.0387132,0.256819,0.763287
0.8,-0.25,3.04,0.778547,0.0381172,0.256101,0.763717
0.8,-0.25,3.05,0.778925,0.0374913,0.255385,0.764141
0.8,-0.25,3.06,0.779297,0.0368357,0.254672,0.764559
0.8,-0.25,3.07,0.779662,0.0362098,0.253962,0.764972
0.8,-0.25,3.08,0.780022,0.0356734,0.253254,0.76538
0.8,-0.25,3.09,0.780375,0.0350177,0.252549,0.765783
0.8,-0.25,3.1,0.780723,0.0344217,0.251846,0.766181
0.8,-0.25,3.11,0.781064,0.0338554,0.251146,0.766573
0.8,-0.25,3.12,0.7814,0.0332892,0.250449,0.766961
0.8,-0.25,3.13,0.78173,0.0327229,0.249754,0.767343
0.8,-0.25,3.14,0.782055,0.0321865,0.249062,0.767721
0.8,-0.25,3.15,0.782374,0.0316203,0.248373,0.768094
0.8,-0.25,3.16,0.782687,0.0310838,0.247686,0.768462
0.8,-0.25,3.17,0.782995,0.0305474,0.247002,0.768825
0.8,-0.25,3.18,0.783298,0.0300109,0.24632,0.769184
0.8,-0.25,3.19,0.783595,0.0294447,0.245641,0.769538
0.8,-0.25,3.2,0.783888,0.0289679,0.244965,0.769888
0.8,-0.25,3.21,0.784175,0.0284314,0.244291,0.770233
0.8,-0.25,3.22,0.784456,0.027895,0.24362,0.770573
0.8,-0.25,3.23,0.784733,0.0273883,0.242951,0.77091
0.8,-0.25,3.24,0.785005,0.0269413,0.242286,0.771242
0.8,-0.25,3.25,0.785272,0.0264645,0.241622,0.771569
0.8,-0.25,3.26,0.785535,0.0259876,0.240962,0.771893
0.8,-0.25,3.27,0.785792,0.025481,0.240303,0.772212
0.8,-0.25,3.28,0.786045,0.0250936,0.239648,0.772528
0.8,-0.25,3.29,0.786293,0.0246167,0.238995,0.772839
0.8,-0.25,3.3,0.786537,0.0241399,0.238344,0.773146
0.8,-0.25,3.31,0.786776,0.0236332,0.237697,0.773449
0.8,-0.25,3.32,0.78701,0.0232458,0.237051,0.773748
0.8,-0.25,3.33,0.787241,0.022769,0.236409,0.774044
0.8,-0.25,3.34,0.787466,0.0223815,0.235768,0.774336
0.8,-0.25,3.35,0.787688,0.0219345,0.235131,0.774623
0.8,-0.25,3.36,0.787906,0.0215173,0.234496,0.774908
0.8,-0.25,3.37,0.788119,0.0211,0.233863,0.775188
0.8,-0.25,3.38,0.788328,0.0207424,0.233233,0.775465
0.8,-0.25,3.39,0.788533,0.0202954,0.232606,0.775738
0.8,-0.25,3.4,0.788734,0.019908,0.231981,0.776008
0.8,-0.25,3.41,0.788932,0.0196099,0.231358,0.776274
0.8,-0.25,3.42,0.789125,0.0191927,0.230738,0.776537
0.8,-0.25,3.43,0.789315,0.0187755,0.230121,0.776796
0.8,-0.25,3.44,0.789501,0.0184476,0.229506,0.777052
0.8,-0.25,3.45,0.789683,0.0180006,0.228894,0.777305
0.8,-0.25,3.46,0.789861,0.0176728,0.228284,0.777554
0.8,-0.25,3.47,0.790036,0.017345,0.227676,0.777801
0.8,-0.25,3.48,0.790208,0.0169873,0.227071,0.778044
0.8,-0.25,3.49,0.790376,0.0166297,0.226469,0.778283
0.8,-0.25,3.5,0.79054,0.0162721,0.225869,0.77852
0.8,-0.25,3.51,0.790701,0.0159442,0.225271,0.778754
0.8,-0.25,3.52,0.790859,0.0156164,0.224676,0.778984
0.8,-0.25,3.53,0.791013,0.0152588,0.224083,0.779212
0.8,-0.25,3.54,0.791164,0.0149608,0.223493,0.779437
0.8,-0.25,3.55,0.791312,0.0146329,0.222905,0.779658
0.8,-0.25,3.56,0.791457,0.0142455,0.222319,0.779877
0.8,-0.25,3.57,0.791599,0.0140369,0.221736,0.780093
0.8,-0.25,3.58,0.791738,0.0137687,0.221156,0.780306
0.8,-0.25,3.59,0.791874,0.0134408,0.220578,0.780517
0.8,-0.25,3.6,0.792006,0.0131428,0.220002,0.780724
0.8,-0.25,3.61,0.792136,0.012815,0.219428,0.780929
0.8,-0.25,3.62,0.792263,0.0125468,0.218857,0.781132
0.8,-0.25,3.63,0.792387,0.0122786,0.218288,0.781331
0.8,-0.25,3.64,0.792509,0.0120997,0.217722,0.781528
0.8,-0.25,3.65,0.792627,0.0117421,0.217158,0.781723
0.8,-0.25,3.66,0.792743,0.0114143,0.216597,0.781915
0.8,-0.25,3.67,0.792857,0.0112355,0.216037,0.782104
0.8,-0.25,3.68,0.792967,0.0109375,0.21548,0.782291
0.8,-0.25,3.69,0.793075,0.0106692,0.214926,0.782475
0.8,-0.25,3.7,0.793181,0.0104308,0.214373,0.782657
0.8,-0.25,3.71,0.793284,0.0102222,0.213823,0.782837
0.8,-0.25,3.72,0.793385,0.00989437,0.213276,0.783014
0.8,-0.25,3.73,0.793483,0.00974536,0.21273,0.78319
0.8,-0.25,3.74,0.793579,0.00950694,0.212187,0.783362
0.8,-0.25,3.75,0.793673,0.00923872,0.211646,0.783533
0.8,-0.25,3.76,0.793764,0.0090003,0.211107,0.783701
0.8,-0.25,3.77,0.793853,0.00882149,0.210571,0.783867
0.8,-0.25,3.78,0.79394,0.00858307,0.210037,0.784031
0.8,-0.25,3.79,0.794025,0.00840425,0.209505,0.784193
0.8,-0.25,3.8,0.794107,0.00822544,0.208976,0.784352
0.8,-0.25,3.81,0.794188,0.00792742,0.208448,0.78451
0.8,-0.25,3.82,0.794266,0.0077486,0.207923,0.784665
0.8,-0.25,3.83,0.794343,0.00756979,0.2074,0.784818
0.8,-0.25,3.84,0.794417,0.00730157,0.206879,0.78497
0.8,-0.25,3.85,0.79449,0.00712276,0.206361,0.785119
0.8,-0.25,3.86,0.79456,0.00694394,0.205845,0.785267
0.8,-0.25,3.87,0.794629,0.00673532,0.20533,0.785412
0.8,-0.25,3.88,0.794696,0.00661612,0.204818,0.785556
0.8,-0.25,3.89,0.794761,0.0063777,0.204309,0.785697
0.8,-0.25,3.9,0.794824,0.00622869,0.203801,0.785837
0.8,-0.25,3.91,0.794886,0.00604987,0.203296,0.785975
0.8,-0.25,3.92,0.794945,0.00590086,0.202792,0.786111
0.8,-0.25,3.93,0.795003,0.00575185,0.202291,0.786246
0.8,-0.25,3.94,0.79506,0.00557303,0.201792,0.786378
0.8,-0.25,3.95,0.795115,0.00542402,0.201295,0.786509
0.8,-0.25,3.96,0.795168,0.00527501,0.2008,0.786638
0.8,-0.25,3.97,0.795219,0.0050962,0.200307,0.786766
0.8,-0.25,3.98,0.79527,0.00488758,0.199816,0.786892
0.8,-0.25,3.99,0.795318,0.00476837,0.199328,0.787016
0.8,-0.25,4,0.795365,0.00464916,0.198841,0.787138
0.8,0,-4,-0.66478,0.00151992,0.166195,-0.658875
0.8,0,-3.99,-0.664765,0.00154972,0.166608,-0.658793
0.8,0,-3.98,-0.664749,0.00163913,0.167022,-0.658709
0.8,0,-3.97,-0.664732,0.00169873,0.167439,-0.658625
0.8,0,-3.96,-0.664715,0.00181794,0.167857,-0.658539
0.8,0,-3.95,-0.664696,0.00187755,0.168278,-0.658452
0.8,0,-3.94,-0.664677,0.00199676,0.1687,-0.658364
0.8,0,-3.93,-0.664657,0.00202656,0.169124,-0.658274
0.8,0,-3.92,-0.664636,0.00214577,0.16955,-0.658184
0.8,0,-3.91,-0.664614,0.00226498,0.169978,-0.658092
0.8,0,-3.9,-0.664592,0.00229478,0.170408,-0.657999
0.8,0,-3.89,-0.664568,0.00244379,0.17084,-0.657905
0.8,0,-3.88,-0.664544,0.00247359,0.171274,-0.657809
0.8,0,-3.87,-0.664518,0.0025928,0.17171,-0.657713
0.8,0,-3.86,-0.664491,0.00274181,0.172148,-0.657614
0.8,0,-3.85,-0.664464,0.00283122,0.172588,-0.657515
0.8,0,-3.84,-0.664435,0.00286102,0.17303,-0.657414
0.8,0,-3.83,-0.664405,0.00306964,0.173474,-0.657312
0.8,0,-3.82,-0.664375,0.00318885,0.17392,-0.657209
0.8,0,-3.81,-0.664343,0.00321865,0.174368,-0.657104
0.8,0,-3.8,-0.66431,0.00336766,0.174818,-0.656998
0.8,0,-3.79,-0.664275,0.00345707,0.175271,-0.65689
0.8,0,-3.78,-0.66424,0.00357628,0.175725,-0.656781
0.8,0,-3.77,-0.664203,0.00372529,0.176181,-0.656671
0.8,0,-3.76,-0.664165,0.0038445,0.17664,-0.656559
0.8,0,-3.75,-0.664126,0.00399351,0.1771,-0.656445
0.8,0,-3.74,-0.664086,0.00408292,0.177563,-0.65633
0.8,0,-3.73,-0.664044,0.00420213,0.178028,-0.656214
0.8,0,-3.72,-0.664,0.00435114,0.178495,-0.656096
0.8,0,-3.71,-0.663956,0.00450015,0.178964,-0.655976
0.8,0,-3.7,-0.66391,0.00464916,0.179435,-0.655855
0.8,0,-3.69,-0.663862,0.00485778,0.179908,-0.655732
0.8,0,-3.68,-0.663813,0.00497699,0.180384,-0.655607
0.8,0,-3.67,-0.663763,0.0051558,0.180862,-0.655481
0.8,0,-3.66,-0.663711,0.00527501,0.181342,-0.655353
0.8,0,-3.65,-0.663657,0.00539422,0.181824,-0.655224
0.8,0,-3.64,-0.663602,0.00560284,0.182308,-0.655092
0.8,0,-3.63,-0.663545,0.00575185,0.182795,-0.654959
0.8,0,-3.62,-0.663487,0.00593066,0.183284,-0.654825
0.8,0,-3.61,-0.663427,0.00607967,0.183775,-0.654688
0.8,0,-3.6,-0.663365,0.00628829,0.184268,-0.65455
0.8,0,-3.59,-0.663301,0.0064671,0.184764,-0.654409
0.8,0,-3.58,-0.663236,0.00664592,0.185261,-0.654267
0.8,0,-3.57,-0.663168,0.00685453,0.185761,-0.654123
0.8,0,-3.56,-0.663099,0.00703335,0.186264,-0.653977
0.8,0,-3.55,-0.663028,0.00718236,0.186768,-0.653829
0.8,0,-3.54,-0.662955,0.00739098,0.187276,-0.653679
0.8,0,-3.53,-0.66288,0.00759959,0.187785,-0.653528
0.8,0,-3.52,-0.662804,0.00777841,0.188296,-0.653374
0.8,0,-3.51,-0.662725,0.00798702,0.18881,-0.653218
0.8,0,-3.5,-0.662644,0.00822544,0.189327,-0.65306
0.8,0,-3.49,-0.66256,0.00843406,0.189845,-0.6529
0.8,0,-3.48,-0.662475,0.00858307,0.190366,-0.652737
0.8,0,-3.47,-0.662388,0.00879169,0.19089,-0.652573
0.8,0,-3.46,-0.662298,0.0090301,0.191416,-0.652407
0.8,0,-3.45,-0.662206,0.00929832,0.191944,-0.652238
0.8,0,-3.44,-0.662112,0.00950694,0.192474,-0.652067
0.8,0,-3.43,-0.662016,0.00980496,0.193007,-0.651893
0.8,0,-3.42,-0.661917,0.00998378,0.193543,-0.651718
0.8,0,-3.41,-0.661815,0.0102222,0.194081,-0.65154
0.8,0,-3.4,-0.661712,0.0104904,0.194621,-0.65136
0.8,0,-3.39,-0.661605,0.0107884,0.195164,-0.651177
0.8,0,-3.38,-0.661497,0.0109673,0.195709,-0.650992
0.8,0,-3.37,-0.661385,0.0112951,0.196257,-0.650805
0.8,0,-3.36,-0.661271,0.0115037,0.196807,-0.650615
0.8,0,-3.35,-0.661155,0.0118315,0.19736,-0.650422
0.8,0,-3.34,-0.661036,0.0120699,0.197915,-0.650227
0.8,0,-3.33,-0.660913,0.0123084,0.198473,-0.650029
0.8,0,-3.32,-0.660789,0.0126958,0.199033,-0.649829
0.8,0,-3.31,-0.660661,0.0129044,0.199595,-0.649626
0.8,0,-3.3,-0.66053,0.0131428,0.200161,-0.649421
0.8,0,-3.29,-0.660397,0.0134706,0.200729,-0.649212
0.8,0,-3.28,-0.660261,0.0137985,0.201299,-0.649001
0.8,0,-3.27,-0.660121,0.0141263,0.201872,-0.648787
0.8,0,-3.26,-0.659979,0.0144243,0.202447,-0.648571
0.8,0,-3.25,-0.659833,0.0147223,0.203026,-0.648351
0.8,0,-3.24,-0.659684,0.0150502,0.203606,-0.648129
0.8,0,-3.23,-0.659532,0.0153482,0.20419,-0.647903
0.8,0,-3.22,-0.659377,0.0157356,0.204775,-0.647675
0.8,0,-3.21,-0.659218,0.0160336,0.205364,-0.647444
0.8,0,-3.2,-0.659057,0.0163317,0.205955,-0.647209
0.8,0,-3.19,-0.658891,0.0167191,0.206549,-0.646972
0.8,0,-3.18,-0.658723,0.0170171,0.207146,-0.646731
0.8,0,-3.17,-0.65855,0.017345,0.207745,-0.646488
0.8,0,-3.16,-0.658375,0.0177324,0.208346,-0.646241
0.8,0,-3.15,-0.658195,0.0181198,0.208951,-0.645991
0.8,0,-3.14,-0.658012,0.0184774,0.209558,-0.645737
0.8,0,-3.13,-0.657825,0.0188649,0.210168,-0.64548
0.8,0,-3.12,-0.657635,0.0192225,0.21078,-0.64522
0.8,0,-3.11,-0.657441,0.0196099,0.211396,-0.644956
0.8,0,-3.1,-0.657243,0.0200868,0.212014,-0.644689
0.8,0,-3.09,-0.65704,0.0204444,0.212634,-0.644419
0.8,0,-3.08,-0.656834,0.0208318,0.213258,-0.644145
0.8,0,-3.07,-0.656624,0.0211895,0.213884,-0.643867
0.8,0,-3.06,-0.65641,0.0216663,0.214513,-0.643586
0.8,0,-3.05,-0.656191,0.0220537,0.215145,-0.643301
0.8,0,-3.04,-0.655969,0.022471,0.215779,-0.643012
0.8,0,-3.03,-0.655742,0.0228584,0.216416,-0.642719
0.8,0,-3.02,-0.65551,0.0233352,0.217056,-0.642423
0.8,0,-3.01,-0.655275,0.0237525,0.217699,-0.642123
0.8,0,-3,-0.655034,0.0242293,0.218345,-0.641819
0.8,0,-2.99,-0.65479,0.0246763,0.218993,-0.64151
0.8,0,-2.98,-0.654541,0.025183,0.219644,-0.641198
0.8,0,-2.97,-0.654287,0.02563,0.220299,-0.640882
0.8,0,-2.96,-0.654028,0.0261068,0.220955,-0.640562
0.8,0,-2.95,-0.653765,0.0265837,0.221615,-0.640237
0.8,0,-2.94,-0.653497,0.0270605,0.222278,-0.639909
0.8,0,-2.93,-0.653223,0.0275373,0.222943,-0.639576
0.8,0,-2.92,-0.652945,0.028044,0.223611,-0.639238
0.8,0,-2.91,-0.652662,0.0285804,0.224283,-0.638896
0.8,0,-2.9,-0.652374,0.0291169,0.224957,-0.63855
0.8,0,-2.89,-0.652081,0.0296235,0.225633,-0.6382
0.8,0,-2.88,-0.651782,0.0301003,0.226313,-0.637844
0.8,0,-2.87,-0.651478,0.0306666,0.226996,-0.637485
0.8,0,-2.86,-0.651169,0.031203,0.227681,-0.63712
0.8,0,-2.85,-0.650854,0.0317395,0.22837,-0.636751
0.8,0,-2.84,-0.650534,0.0323355,0.229061,-0.636377
0.8,0,-2.83,-0.650208,0.0328422,0.229755,-0.635998
0.8,0,-2.82,-0.649876,0.0334382,0.230453,-0.635614
0.8,0,-2.81,-0.649539,0.0339746,0.231153,-0.635225
0.8,0,-2.8,-0.649196,0.0346005,0.231856,-0.634832
0.8,0,-2.79,-0.648847,0.0351965,0.232562,-0.634433
0.8,0,-2.78,-0.648492,0.0357926,0.233271,-0.634029
0.8,0,-2.77,-0.648131,0.0363886,0.233982,-0.63362
0.8,0,-2.76,-0.647764,0.0370443,0.234697,-0.633205
0.8,0,-2.75,-0.647391,0.0376701,0.235415,-0.632786
0.8,0,-2.74,-0.647012,0.0382662,0.236136,-0.63236
0.8,0,-2.73,-0.646626,0.0389218,0.236859,-0.63193
0.8,0,-2.72,-0.646234,0.0395179,0.237586,-0.631494
0.8,0,-2.71,-0.645835,0.0402033,0.238315,-0.631052
0.8,0,-2.7,-0.645429,0.040859,0.239048,-0.630604
0.8,0,-2.69,-0.645018,0.0415146,0.239783,-0.630151
0.8,0,-2.68,-0.644599,0.0422299,0.240522,-0.629692
0.8,0,-2.67,-0.644173,0.0429451,0.241263,-0.629227
0.8,0,-2.66,-0.643741,0.043571,0.242008,-0.628756
0.8,0,-2.65,-0.643301,0.0442564,0.242755,-0.628279
0.8,0,-2.64,-0.642855,0.0450015,0.243506,-0.627796
0.8,0,-2.63,-0.642401,0.045687,0.244259,-0.627307
0.8,0,-2.62,-0.64194,0.046432,0.245015,-0.626812
0.8,0,-2.61,-0.641472,0.0472069,0.245775,-0.62631
0.8,0,-2.6,-0.640997,0.0479519,0.246537,-0.625802
0.8,0,-2.59,-0.640513,0.0487268,0.247302,-0.625288
0.8,0,-2.58,-0.640023,0.0494421,0.248071,-0.624767
0.8,0,-2.57,-0.639524,0.0502169,0.248842,-0.624239
0.8,0,-2.56,-0.639018,0.0510514,0.249616,-0.623705
0.8,0,-2.55,-0.638504,0.0517964,0.250394,-0.623163
0.8,0,-2.54,-0.637982,0.0526011,0.251174,-0.622615
0.8,0,-2.53,-0.637452,0.0534654,0.251957,-0.62206
0.8,0,-2.52,-0.636914,0.0542402,0.252743,-0.621498
0.8,0,-2.51,-0.636367,0.0550449,0.253533,-0.620929
0.8,0,-2.5,-0.635812,0.0559092,0.254325,-0.620353
0.8,0,-2.49,-0.635249,0.0567436,0.25512,-0.619769
0.8,0,-2.48,-0.634677,0.0576079,0.255918,-0.619178
0.8,0,-2.47,-0.634097,0.0584722,0.256719,-0.61858
0.8,0,-2.46,-0.633508,0.059396,0.257524,-0.617974
0.8,0,-2.45,-0.63291,0.0602007,0.258331,-0.617361
0.8,0,-2.44,-0.632304,0.0611246,0.259141,-0.61674
0.8,0,-2.43,-0.631688,0.0620186,0.259954,-0.616111
0.8,0,-2.42,-0.631063,0.0629127,0.26077,-0.615474
0.8,0,-2.41,-0.630429,0.0638962,0.261589,-0.614829
0.8,0,-2.4,-0.629786,0.0648201,0.262411,-0.614176
0.8,0,-2.39,-0.629133,0.0657439,0.263235,-0.613515
0.8,0,-2.38,-0.62847,0.0666678,0.264063,-0.612845
0.8,0,-2.37,-0.627799,0.0676811,0.264894,-0.612168
0.8,0,-2.36,-0.627117,0.0686646,0.265728,-0.611482
0.8,0,-2.35,-0.626426,0.069648,0.266564,-0.610787
0.8,0,-2.34,-0.625724,0.0706315,0.267404,-0.610084
0.8,0,-2.33,-0.625013,0.071615,0.268246,-0.609372
0.8,0,-2.32,-0.624291,0.0726879,0.269091,-0.608651
0.8,0,-2.31,-0.62356,0.0736415,0.269939,-0.607921
0.8,0,-2.3,-0.622817,0.0747144,0.27079,-0.607183
0.8,0,-2.29,-0.622065,0.0758171,0.271644,-0.606435
0.8,0,-2.28,-0.621302,0.0768602,0.272501,-0.605678
0.8,0,-2.27,-0.620528,0.0779331,0.27336,-0.604911
0.8,0,-2.26,-0.619743,0.079006,0.274223,-0.604135
0.8,0,-2.25,-0.618948,0.0800788,0.275088,-0.60335
0.8,0,-2.24,-0.618141,0.0812113,0.275956,-0.602555
0.8,0,-2.23,-0.617324,0.082314,0.276827,-0.60175
0.8,0,-2.22,-0.616495,0.0834465,0.2777,-0.600936
0.8,0,-2.21,-0.615655,0.084579,0.278577,-0.600111
0.8,0,-2.2,-0.614803,0.0857413,0.279456,-0.599277
0.8,0,-2.19,-0.61394,0.0868738,0.280338,-0.598432
0.8,0,-2.18,-0.613065,0.0880659,0.281223,-0.597577
0.8,0,-2.17,-0.612178,0.0893176,0.28211,-0.596711
0.8,0,-2.16,-0.61128,0.0904799,0.283,-0.595835
0.8,0,-2.15,-0.610369,0.0916719,0.283893,-0.594949
0.8,0,-2.14,-0.609446,0.0929236,0.284788,-0.594052
0.8,0,-2.13,-0.608511,0.0941157,0.285686,-0.593143
0.8,0,-2.12,-0.607564,0.0953972,0.286587,-0.592224
0.8,0,-2.11,-0.606604,0.0966191,0.28749,-0.591294
0.8,0,-2.1,-0.605631,0.0979006,0.288396,-0.590353
0.8,0,-2.09,-0.604646,0.0991821,0.289304,-0.5894
0.8,0,-2.08,-0.603648,0.100464,0.290215,-0.588436
0.8,0,-2.07,-0.602637,0.101775,0.291129,-0.587461
0.8,0,-2.06,-0.601613,0.103116,0.292045,-0.586473
0.8,0,-2.05,-0.600575,0.104457,0.292963,-0.585474
0.8,0,-2.04,-0.599524,0.105768,0.293884,-0.584464
0.8,0,-2.03,-0.59846,0.10708,0.294808,-0.583441
0.8,0,-2.02,-0.597382,0.108451,0.295734,-0.582406
0.8,0,-2.01,-0.596291,0.109792,0.296662,-0.581358
0.8,0,-2,-0.595185,0.111222,0.297593,-0.580299
0.8,0,-1.99,-0.594066,0.112653,0.298526,-0.579227
0.8,0,-1.98,-0.592933,0.114053,0.299461,-0.578142
0.8,0,-1.97,-0.591785,0.115424,0.300399,-0.577044
0.8,0,-1.96,-0.590623,0.116915,0.301338,-0.575934
0.8,0,-1.95,-0.589447,0.118345,0.302281,-0.57481
0.8,0,-1.94,-0.588256,0.119805,0.303225,-0.573674
0.8,0,-1.93,-0.587051,0.121266,0.304171,-0.572524
0.8,0,-1.92,-0.58583,0.122786,0.30512,-0.571361
0.8,0,-1.91,-0.584595,0.124276,0.306071,-0.570184
0.8,0,-1.9,-0.583345,0.125796,0.307023,-0.568994
0.8,0,-1.89,-0.582079,0.127316,0.307978,-0.56779
0.8,0,-1.88,-0.580798,0.128895,0.308935,-0.566572
0.8,0,-1.87,-0.579502,0.130415,0.309894,-0.56534
0.8,0,-1.86,-0.57819,0.131994,0.310855,-0.564094
0.8,0,-1.85,-0.576863,0.133544,0.311818,-0.562833
0.8,0,-1.84,-0.575519,0.135154,0.312782,-0.561558
0.8,0,-1.83,-0.57416,0.136733,0.313749,-0.560269
0.8,0,-1.82,-0.572785,0.138342,0.314717,-0.558965
0.8,0,-1.81,-0.571393,0.139922,0.315687,-0.557646
0.8,0,-1.8,-0.569986,0.141621,0.316659,-0.556312
0.8,0,-1.79,-0.568561,0.14326,0.317632,-0.554963
0.8,0,-1.78,-0.567121,0.144929,0.318607,-0.553599
0.8,0,-1.77,-0.565663,0.146568,0.319584,-0.552219
0.8,0,-1.76,-0.564189,0.148237,0.320562,-0.550824
0.8,0,-1.75,-0.562698,0.149935,0.321542,-0.549414
0.8,0,-1.74,-0.56119,0.151664,0.322523,-0.547987
0.8,0,-1.73,-0.559664,0.153363,0.323505,-0.546545
0.8,0,-1.72,-0.558122,0.155121,0.324489,-0.545087
0.8,0,-1.71,-0.556562,0.15685,0.325475,-0.543612
0.8,0,-1.7,-0.554984,0.158638,0.326461,-0.542122
0.8,0,-1.69,-0.553389,0.160396,0.327449,-0.540615
0.8,0,-1.68,-0.551776,0.162184,0.328438,-0.539091
0.8,0,-1.67,-0.550145,0.163972,0.329428,-0.537551
0.8,0,-1.66,-0.548496,0.16579,0.33042,-0.535993
0.8,0,-1.65,-0.54683,0.167638,0.331412,-0.534419
0.8,0,-1.64,-0.545144,0.169426,0.332405,-0.532828
0.8,0,-1.63,-0.543441,0.171274,0.333399,-0.531219
0.8,0,-1.62,-0.541719,0.173092,0.334394,-0.529594
0.8,0,-1.61,-0.539978,0.174969,0.33539,-0.52795
0.8,0,-1.6,-0.538219,0.176877,0.336387,-0.526289
0.8,0,-1.59,-0.536441,0.178754,0.337384,-0.52461
0.8,0,-1.58,-0.534644,0.180662,0.338382,-0.522914
0.8,0,-1.57,-0.532828,0.182599,0.339381,-0.521199
0.8,0,-1.56,-0.530992,0.184506,0.34038,-0.519466
0.8,0,-1.55,-0.529138,0.186443,0.341379,-0.517715
0.8,0,-1.54,-0.527264,0.188351,0.342379,-0.515946
0.8,0,-1.53,-0.525371,0.190258,0.343379,-0.514158
0.8,0,-1.52,-0.523457,0.192255,0.34438,-0.512351
0.8,0,-1.51,-0.521525,0.194252,0.345381,-0.510525
0.8,0,-1.5,-0.519572,0.196218,0.346382,-0.508681
0.8,0,-1.49,-0.5176,0.198275,0.347383,-0.506817
0.8,0,-1.48,-0.515608,0.200212,0.348384,-0.504935
0.8,0,-1.47,-0.513595,0.202239,0.349385,-0.503032
0.8,0,-1.46,-0.511563,0.204265,0.350385,-0.501111
0.8,0,-1.45,-0.50951,0.206292,0.351386,-0.49917
0.8,0,-1.44,-0.507436,0.208318,0.352386,-0.497209
0.8,0,-1.43,-0.505343,0.210404,0.353386,-0.495229
0.8,0,-1.42,-0.503228,0.212491,0.354386,-0.493228
0.8,0,-1.41,-0.501093,0.214607,0.355385,-0.491208
0.8,0,-1.4,-0.498937,0.216648,0.356384,-0.489167
0.8,0,-1.39,-0.496761,0.218704,0.357382,-0.487106
0.8,0,-1.38,-0.494563,0.220805,0.358379,-0.485025
0.8,0,-1.37,-0.492344,0.222966,0.359375,-0.482923
0.8,0,-1.36,-0.490105,0.225082,0.360371,-0.480801
0.8,0,-1.35,-0.487844,0.227153,0.361366,-0.478657
0.8,0,-1.34,-0.485561,0.229299,0.362359,-0.476493
0.8,0,-1.33,-0.483258,0.23143,0.363352,-0.474309
0.8,0,-1.32,-0.480933,0.233576,0.364343,-0.472103
0.8,0,-1.31,-0.478586,0.235692,0.365333,-0.469875
0.8,0,-1.3,-0.476218,0.237882,0.366322,-0.467627
0.8,0,-1.29,-0.473829,0.240028,0.367309,-0.465357
0.8,0,-1.28,-0.471418,0.242203,0.368295,-0.463066
0.8,0,-1.27,-0.468984,0.244379,0.369279,-0.460753
0.8,0,-1.26,-0.46653,0.246599,0.370262,-0.458419
0.8,0,-1.25,-0.464053,0.248775,0.371242,-0.456063
0.8,0,-1.24,-0.461554,0.25101,0.372221,-0.453685
0.8,0,-1.23,-0.459033,0.253156,0.373198,-0.451285
0.8,0,-1.22,-0.456491,0.255361,0.374173,-0.448864
0.8,0,-1.21,-0.453926,0.257581,0.375145,-0.44642
0.8,0,-1.2,-0.451339,0.259817,0.376116,-0.443954
0.8,0,-1.19,-0.44873,0.262007,0.377084,-0.441465
0.8,0,-1.18,-0.446099,0.264242,0.37805,-0.438955
0.8,0,-1.17,-0.443445,0.266433,0.379013,-0.436422
0.8,0,-1.16,-0.440769,0.268713,0.379973,-0.433867
0.8,0,-1.15,-0.438071,0.270933,0.380931,-0.431289
0.8,0,-1.14,-0.435351,0.273183,0.381886,-0.428688
0.8,0,-1.13,-0.432608,0.275433,0.382839,-0.426065
0.8,0,-1.12,-0.429842,0.277668,0.383788,-0.42342
0.8,0,-1.11,-0.427055,0.279844,0.384734,-0.420751
0.8,0,-1.1,-0.424245,0.282139,0.385677,-0.41806
0.8,0,-1.09,-0.421412,0.284344,0.386617,-0.415346
0.8,0,-1.08,-0.418557,0.286579,0.387553,-0.412609
0.8,0,-1.07,-0.41568,0.288889,0.388486,-0.409849
0.8,0,-1.06,-0.41278,0.291109,0.389415,-0.407066
0.8,0,-1.05,-0.409858,0.293359,0.39034,-0.40426
0.8,0,-1.04,-0.406913,0.295565,0.391262,-0.401431
0.8,0,-1.03,-0.403946,0.297844,0.39218,-0.39858
0.8,0,-1.02,-0.400956,0.300094,0.393094,-0.395705
0.8,0,-1.01,-0.397944,0.30233,0.394004,-0.392807
0.8,0,-1,-0.394909,0.30455,0.394909,-0.389885
0.8,0,-0.99,-0.391852,0.306815,0.395811,-0.386941
0.8,0,-0.98,-0.388773,0.309035,0.396707,-0.383974
0.8,0,-0.97,-0.385672,0.31127,0.3976,-0.380983
0.8,0,-0.96,-0.382548,0.313491,0.398487,-0.37797
0.8,0,-0.95,-0.379402,0.315696,0.39937,-0.374933
0.8,0,-0.94,-0.376234,0.317946,0.400249,-0.371873
0.8,0,-0.93,-0.373043,0.320107,0.401122,-0.36879
0.8,0,-0.92,-0.369831,0.322342,0.40199,-0.365684
0.8,0,-0.91,-0.366596,0.324577,0.402853,-0.362555
0.8,0,-0.9,-0.36334,0.326753,0.403711,-0.359403
0.8,0,-0.89,-0.360061,0.328928,0.404563,-0.356228
0.8,0,-0.88,-0.356761,0.331134,0.40541,-0.353031
0.8,0,-0.87,-0.353438,0.333309,0.406251,-0.34981
0.8,0,-0.86,-0.350095,0.335455,0.407087,-0.346566
0.8,0,-0.85,-0.346729,0.337645,0.407917,-0.3433
0.8,0,-0.84,-0.343342,0.339806,0.40874,-0.34001
0.8,0,-0.83,-0.339933,0.341922,0.409558,-0.336699
0.8,0,-0.82,-0.336503,0.344053,0.41037,-0.333364
0.8,0,-0.81,-0.333052,0.346169,0.411176,-0.330007
0.8,0,-0.8,-0.32958,0.348315,0.411975,-0.326627
0.8,0,-0.79,-0.326086,0.350401,0.412767,-0.323226
0.8,0,-0.78,-0.322572,0.352472,0.413554,-0.319801
0.8,0,-0.77,-0.319036,0.354588,0.414333,-0.316355
0.8,0,-0.76,-0.31548,0.356644,0.415106,-0.312886
0.8,0,-0.75,-0.311904,0.358686,0.415872,-0.309396
0.8,0,-0.74,-0.308306,0.360727,0.41663,-0.305884
0.8,0,-0.73,-0.304689,0.362769,0.417382,-0.302349
0.8,0,-0.72,-0.301051,0.364795,0.418127,-0.298794
0.8,0,-0.71,-0.297393,0.366807,0.418864,-0.295216
0.8,0,-0.7,-0.293716,0.368744,0.419594,-0.291617
0.8,0,-0.69,-0.290018,0.370741,0.420316,-0.287997
0.8,0,-0.68,-0.286301,0.372678,0.421031,-0.284356
0.8,0,-0.67,-0.282564,0.374645,0.421738,-0.280694
0.8,0,-0.66,-0.278808,0.376552,0.422437,-0.277011
0.8,0,-0.65,-0.275033,0.37846,0.423128,-0.273307
0.8,0,-0.64,-0.271239,0.380337,0.423811,-0.269583
0.8,0,-0.63,-0.267426,0.3822,0.424486,-0.265839
0.8,0,-0.62,-0.263595,0.384077,0.425153,-0.262074
0.8,0,-0.61,-0.259745,0.385895,0.425811,-0.258289
0.8,0,-0.6,-0.255876,0.387758,0.426461,-0.254485
0.8,0,-0.59,-0.25199,0.389531,0.427102,-0.250661
0.8,0,-0.58,-0.248086,0.39126,0.427735,-0.246817
0.8,0,-0.57,-0.244165,0.393048,0.428359,-0.242954
0.8,0,-0.56,-0.240225,0.394776,0.428974,-0.239072
0.8,0,-0.55,-0.236269,0.396498,0.42958,-0.235172
0.8,0,-0.54,-0.232296,0.398196,0.430177,-0.231253
0.8,0,-0.53,-0.228306,0.399843,0.430765,-0.227315
0.8,0,-0.52,-0.224299,0.401475,0.431344,-0.223359
0.8,0,-0.51,-0.220276,0.403091,0.431914,-0.219386
0.8,0,-0.5,-0.216237,0.404693,0.432474,-0.215395
0.8,0,-0.49,-0.212182,0.406273,0.433024,-0.211386
0.8,0,-0.48,-0.208111,0.40783,0.433565,-0.20736
0.8,0,-0.47,-0.204025,0.40935,0.434097,-0.203317
0.8,0,-0.46,-0.199924,0.410862,0.434618,-0.199258
0.8,0,-0.45,-0.195808,0.412337,0.43513,-0.195182
0.8,0,-0.44,-0.191678,0.413761,0.435632,-0.191091
0.8,0,-0.43,-0.187533,0.415199,0.436124,-0.186983
0.8,0,-0.42,-0.183374,0.416584,0.436605,-0.18286
0.8,0,-0.41,-0.179201,0.417948,0.437077,-0.178721
0.8,0,-0.4,-0.175015,0.419289,0.437538,-0.174568
0.8,0,-0.39,-0.170816,0.420615,0.437989,-0.1704
0.8,0,-0.38,-0.166603,0.421882,0.438429,-0.166217
0.8,0,-0.37,-0.162378,0.423148,0.438859,-0.16202
0.8,0,-0.36,-0.15814,0.42437,0.439279,-0.15781
0.8,0,-0.35,-0.153891,0.42557,0.439688,-0.153586
0.8,0,-0.34,-0.149629,0.426732,0.440086,-0.149349
0.8,0,-0.33,-0.145356,0.427879,0.440473,-0.1451
0.8,0,-0.32,-0.141072,0.428975,0.44085,-0.140837
0.8,0,-0.31,-0.136777,0.430055,0.441216,-0.136563
0.8,0,-0.3,-0.132471,0.431083,0.44157,-0.132277
0.8,0,-0.29,-0.128155,0.432104,0.441914,-0.127979
0.8,0,-0.28,-0.123829,0.433087,0.442247,-0.12367
0.8,0,-0.27,-0.119493,0.434037,0.442568,-0.119351
0.8,0,-0.26,-0.115148,0.434957,0.442879,-0.115021
0.8,0,-0.25,-0.110794,0.435848,0.443178,-0.110681
0.8,0,-0.24,-0.106432,0.436701,0.443465,-0.106331
0.8,0,-0.23,-0.102061,0.437509,0.443742,-0.101972
0.8,0,-0.22,-0.0976815,0.438303,0.444007,-0.0976035
0.8,0,-0.21,-0.0932947,0.439052,0.444261,-0.0932268
0.8,0,-0.2,-0.0889005,0.439778,0.444502,-0.0888417
0.8,0,-0.19,-0.0844993,0.440463,0.444733,-0.0844488
0.8,0,-0.18,-0.0800914,0.441108,0.444952,-0.0800484
0.8,0,-0.17,-0.0756771,0.44173,0.445159,-0.0756408
0.8,0,-0.16,-0.0712568,0.442315,0.445355,-0.0712265
0.8,0,-0.15,-0.0668309,0.44287,0.445539,-0.0668059
0.8,0,-0.14,-0.0623996,0.443386,0.445711,-0.0623793
0.8,0,-0.13,-0.0579634,0.443865,0.445872,-0.0579471
0.8,0,-0.12,-0.0535225,0.4443,0.446021,-0.0535097
0.8,0,-0.11,-0.0490774,0.444721,0.446158,-0.0490675
0.8,0,-0.1,-0.0446283,0.445092,0.446283,-0.0446209
0.8,0,-0.09,-0.0401757,0.445433,0.446396,-0.0401702
0.8,0,-0.08,-0.0357198,0.445733,0.446498,-0.035716
0.8,0,-0.07,-0.0312611,0.446004,0.446587,-0.0312585
0.8,0,-0.06,-0.0267999,0.446234,0.446665,-0.0267983
0.8,0,-0.05,-0.0223365,0.446431,0.446731,-0.0223356
0.8,0,-0.04,-0.0178714,0.446594,0.446784,-0.0178709
0.8,0,-0.03,-0.0134048,0.44672,0.446826,-0.0134046
0.8,0,-0.02,-0.00893712,0.446808,0.446856,-0.00893706
0.8,0,-0.01,-0.00446874,0.446862,0.446874,-0.00446873
0.8,0,0,0,0.44688,0.44688,0
0.8,0,0.01,0.00446874,0.446862,0.446874,0.00446873
0.8,0,0.02,0.00893712,0.446808,0.446856,0.00893706
0.8,0,0.03,0.0134048,0.44672,0.446826,0.0134046
0.8,0,0.04,0.0178714,0.446594,0.446784,0.0178709
0.8,0,0.05,0.0223365,0.446431,0.446731,0.0223356
0.8,0,0.06,0.0267999,0.446234,0.446665,0.0267983
0.8,0,0.07,0.0312611,0.446004,0.446587,0.0312585
0.8,0,0.08,0.0357198,0.445733,0.446498,0.035716
0.8,0,0.09,0.0401757,0.445433,0.446396,0.0401702
0.8,0,0.1,0.0446283,0.445092,0.446283,0.0446209
0.8,0,0.11,0.0490774,0.444721,0.446158,0.0490675
0.8,0,0.12,0.0535225,0.4443,0.446021,0.0535097
0.8,0,0.13,0.0579634,0.443865,0.445872,0.0579471
0.8,0,0.14,0.0623996,0.443386,0.445711,0.0623793
0.8,0,0.15,0.0668309,0.44287,0.445539,0.0668059
0.8,0,0.16,0.0712568,0.442315,0.445355,0.0712265
0.8,0,0.17,0.0756771,0.44173,0.445159,0.0756408
0.8,0,0.18,0.0800914,0.441108,0.444952,0.0800484
0.8,0,0.19,0.0844993,0.440463,0.444733,0.0844488
0.8,0,0.2,0.0889005,0.439778,0.444502,0.0888417
0.8,0,0.21,0.0932947,0.439052,0.444261,0.0932268
0.8,0,0.22,0.0976815,0.438303,0.444007,0.0976035
0.8,0,0.23,0.102061,0.437509,0.443742,0.101972
0.8,0,0.24,0.106432,0.436701,0.443465,0.106331
0.8,0,0.25,0.110794,0.435848,0.443178,0.110681
0.8,0,0.26,0.115148,0.434957,0.442879,0.115021
0.8,0,0.27,0.119493,0.434037,0.442568,0.119351
0.8,0,0.28,0.123829,0.433087,0.442247,0.12367
0.8,0,0.29,0.128155,0.432104,0.441914,0.127979
0.8,0,0.3,0.132471,0.431083,0.44157,0.132277
0.8,0,0.31,0.136777,0.430055,0.441216,0.136563
0.8,0,0.32,0.141072,0.428975,0.44085,0.140837
0.8,0,0.33,0.145356,0.427879,0.440473,0.1451
0.8,0,0.34,0.149629,0.426732,0.440086,0.149349
0.8,0,0.35,0.153891,0.42557,0.439688,0.153586
0.8,0,0.36,0.15814,0.42437,0.439279,0.15781
0.8,0,0.37,0.162378,0.423148,0.438859,0.16202
0.8,0,0.38,0.166603,0.421882,0.438429,0.166217
0.8,0,0.39,0.170816,0.420615,0.437989,0.1704
0.8,0,0.4,0.175015,0.419289,0.437538,0.174568
0.8,0,0.41,0.179201,0.417948,0.437077,0.178721
0.8,0,0.42,0.183374,0.416584,0.436605,0.18286
0.8,0,0.43,0.187533,0.415199,0.436124,0.186983
0.8,0,0.44,0.191678,0.413761,0.435632,0.191091
0.8,0,0.45,0.195808,0.412337,0.43513,0.195182
0.8,0,0.46,0.199924,0.410862,0.434618,0.199258
0.8,0,0.47,0.204025,0.40935,0.434097,0.203317
0.8,0,0.48,0.208111,0.40783,0.433565,0.20736
0.8,0,0.49,0.212182,0.406273,0.433024,0.211386
0.8,0,0.5,0.216237,0.404693,0.432474,0.215395
0.8,0,0.51,0.220276,0.403091,0.431914,0.219386
0.8,0,0.52,0.224299,0.401475,0.431344,0.223359
0.8,0,0.53,0.228306,0.399843,0.430765,0.227315
0.8,0,0.54,0.232296,0.398196,0.430177,0.231253
0.8,0,0.55,0.236269,0.396498,0.42958,0.235172
0.8,0,0.56,0.240225,0.394776,0.428974,0.239072
0.8,0,0.57,0.244165,0.393048,0.428359,0.242954
0.8,0,0.58,0.248086,0.39126,0.427735,0.246817
0.8,0,0.59,0.25199,0.389531,0.427102,0.250661
0.8,0,0.6,0.255876,0.387758,0.426461,0.254485
0.8,0,0.61,0.259745,0.385895,0.425811,0.258289
0.8,0,0.62,0.263595,0.384077,0.425153,0.262074
0.8,0,0.63,0.267426,0.3822,0.424486,0.265839
0.8,0,0.64,0.271239,0.380337,0.423811,0.269583
0.8,0,0.65,0.275033,0.37846,0.423128,0.273307
0.8,0,0.66,0.278808,0.376552,0.422437,0.277011
0.8,0,0.67,0.282564,0.374645,0.421738,0.280694
0.8,0,0.68,0.286301,0.372678,0.421031,0.284356
0.8,0,0.69,0.290018,0.370741,0.420316,0.287997
0.8,0,0.7,0.293716,0.368744,0.419594,0.291617
0.8,0,0.71,0.297393,0.366807,0.418864,0.295216
0.8,0,0.72,0.301051,0.364795,0.418127,0.298794
0.8,0,0.73,0.304689,0.362769,0.417382,0.302349
0.8,0,0.74,0.308306,0.360727,0.41663,0.305884
0.8,0,0.75,0.311904,0.358686,0.415872,0.309396
0.8,0,0.76,0.31548,0.356644,0.415106,0.312886
0.8,0,0.77,0.319036,0.354588,0.414333,0.316355
0.8,0,0.78,0.322572,0.352472,0.413554,0.319801
0.8,0,0.79,0.326086,0.350401,0.412767,0.323226
0.8,0,0.8,0.32958,0.348315,0.411975,0.326627
0.8,0,0.81,0.333052,0.346169,0.411176,0.330007
0.8,0,0.82,0.336503,0.344053,0.41037,0.333364
0.8,0,0.83,0.339933,0.341922,0.409558,0.336699
0.8,0,0.84,0.343342,0.339806,0.40874,0.34001
0.8,0,0.85,0.346729,0.337645,0.407917,0.3433
0.8,0,0.86,0.350095,0.335455,0.407087,0.346566
0.8,0,0.87,0.353438,0.333309,0.406251,0.34981
0.8,0,0.88,0.356761,0.331134,0.40541,0.353031
0.8,0,0.89,0.360061,0.328928,0.404563,0.356228
0.8,0,0.9,0.36334,0.326753,0.403711,0.359403
0.8,0,0.91,0.366596,0.324577,0.402853,0.362555
0.8,0,0.92,0.369831,0.322342,0.40199,0.365684
0.8,0,0.93,0.373043,0.320107,0.401122,0.36879
0.8,0,0.94,0.376234,0.317946,0.400249,0.371873
0.8,0,0.95,0.379402,0.315696,0.39937,0.374933
0.8,0,0.96,0.382548,0.313491,0.398487,0.37797
0.8,0,0.97,0.385672,0.31127,0.3976,0.380983
0.8,0,0.98,0.388773,0.309035,0.396707,0.383974
0.8,0,0.99,0.391852,0.306815,0.395811,0.386941
0.8,0,1,0.394909,0.30455,0.394909,0.389885
0.8,0,1.01,0.397944,0.30233,0.394004,0.392807
0.8,0,1.02,0.400956,0.300094,0.393094,0.395705
0.8,0,1.03,0.403946,0.297844,0.39218,0.39858
0.8,0,1.04,0.406913,0.295565,0.391262,0.401431
0.8,0,1.05,0.409858,0.293359,0.39034,0.40426
0.8,0,1.06,0.41278,0.291109,0.389415,0.407066
0.8,0,1.07,0.41568,0.288889,0.388486,0.409849
0.8,0,1.08,0.418557,0.286579,0.387553,0.412609
0.8,0,1.09,0.421412,0.284344,0.386617,0.415346
0.8,0,1.1,0.424245,0.282139,0.385677,0.41806
0.8,0,1.11,0.427055,0.279844,0.384734,0.420751
0.8,0,1.12,0.429842,0.277668,0.383788,0.42342
0.8,0,1.13,0.432608,0.275433,0.382839,0.426065
0.8,0,1.14,0.435351,0.273183,0.381886,0.428688
0.8,0,1.15,0.438071,0.270933,0.380931,0.431289
0.8,0,1.16,0.440769,0.268713,0.379973,0.433867
0.8,0,1.17,0.443445,0.266433,0.379013,0.436422
0.8,0,1.18,0.446099,0.264242,0.37805,0.438955
0.8,0,1.19,0.44873,0.262007,0.377084,0.441465
0.8,0,1.2,0.451339,0.259817,0.376116,0.443954
0.8,0,1.21,0.453926,0.257581,0.375145,0.44642
0.8,0,1.22,0.456491,0.255361,0.374173,0.448864
0.8,0,1.23,0.459033,0.253156,0.373198,0.451285
0.8,0,1.24,0.461554,0.25101,0.372221,0.453685
0.8,0,1.25,0.464053,0.248775,0.371242,0.456063
0.8,0,1.26,0.46653,0.246599,0.370262,0.458419
0.8,0,1.27,0.468984,0.244379,0.369279,0.460753
0.8,0,1.28,0.471418,0.242203,0.368295,0.463066
0.8,0,1.29,0.473829,0.240028,0.367309,0.465357
0.8,0,1.3,0.476218,0.237882,0.366322,0.467627
0.8,0,1.31,0.478586,0.235692,0.365333,0.469875
0.8,0,1.32,0.480933,0.233576,0.364343,0.472103
0.8,0,1.33,0.483258,0.23143,0.363352,0.474309
0.8,0,1.34,0.485561,0.229299,0.362359,0.476493
0.8,0,1.35,0.487844,0.227153,0.361366,0.478657
0.8,0,1.36,0.490105,0.225082,0.360371,0.480801
0.8,0,1.37,0.492344,0.222966,0.359375,0.482923
0.8,0,1.38,0.494563,0.220805,0.358379,0.485025
0.8,0,1.39,0.496761,0.218704,0.357382,0.487106
0.8,0,1.4,0.498937,0.216648,0.356384,0.489167
0.8,0,1.41,0.501093,0.214607,0.355385,0.491208
0.8,0,1.42,0.503228,0.212491,0.354386,0.493228
0.8,0,1.43,0.505343,0.210404,0.353386,0.495229
0.8,0,1.44,0.507436,0.208318,0.352386,0.497209
0.8,0,1.45,0.50951,0.206292,0.351386,0.49917
0.8,0,1.46,0.511563,0.204265,0.350385,0.501111
0.8,0,1.47,0.513595,0.202239,0.349385,0.503032
0.8,0,1.48,0.515608,0.200212,0.348384,0.504935
0.8,0,1.49,0.5176,0.198275,0.347383,0.506817
0.8,0,1.5,0.519572,0.196218,0.346382,0.508681
0.8,0,1.51,0.521525,0.194252,0.345381,0.510525
0.8,0,1.52,0.523457,0.192255,0.34438,0.512351
0.8,0,1.53,0.525371,0.190258,0.343379,0.514158
0.8,0,1.54,0.527264,0.188351,0.342379,0.515946
0.8,0,1.55,0.529138,0.186443,0.341379,0.517715
0.8,0,1.56,0.530992,0.184506,0.34038,0.519466
0.8,0,1.57,0.532828,0.182599,0.339381,0.521199
0.8,0,1.58,0.534644,0.180662,0.338382,0.522914
0.8,0,1.59,0.536441,0.178754,0.337384,0.52461
0.8,0,1.6,0.538219,0.176877,0.336387,0.526289
0.8,0,1.61,0.539978,0.174969,0.33539,0.52795
0.8,0,1.62,0.541719,0.173092,0.334394,0.529594
0.8,0,1.63,0.543441,0.171274,0.333399,0.531219
0.8,0,1.64,0.545144,0.169426,0.332405,0.532828
0.8,0,1.65,0.54683,0.167638,0.331412,0.534419
0.8,0,1.66,0.548496,0.16579,0.33042,0.535993
0.8,0,1.67,0.550145,0.163972,0.329428,0.537551
0.8,0,1.68,0.551776,0.162184,0.328438,0.539091
0.8,0,1.69,0.553389,0.160396,0.327449,0.540615
0.8,0,1.7,0.554984,0.158638,0.326461,0.542122
0.8,0,1.71,0.556562,0.15685,0.325475,0.543612
0.8,0,1.72,0.558122,0.155121,0.324489,0.545087
0.8,0,1.73,0.559664,0.153363,0.323505,0.546545
0.8,0,1.74,0.56119,0.151664,0.322523,0.547987
0.8,0,1.75,0.562698,0.149935,0.321542,0.549414
0.8,0,1.76,0.564189,0.148237,0.320562,0.550824
0.8,0,1.77,0.565663,0.146568,0.319584,0.552219
0.8,0,1.78,0.567121,0.144929,0.318607,0.553599
0.8,0,1.79,0.568561,0.14326,0.317632,0.554963
0.8,0,1.8,0.569986,0.141621,0.316659,0.556312
0.8,0,1.81,0.571393,0.139922,0.315687,0.557646
0.8,0,1.82,0.572785,0.138342,0.314717,0.558965
0.8,0,1.83,0.57416,0.136733,0.313749,0.560269
0.8,0,1.84,0.575519,0.135154,0.312782,0.561558
0.8,0,1.85,0.576863,0.133544,0.311818,0.562833
0.8,0,1.86,0.57819,0.131994,0.310855,0.564094
0.8,0,1.87,0.579502,0.130415,0.309894,0.56534
0.8,0,1.88,0.580798,0.128895,0.308935,0.566572
0.8,0,1.89,0.582079,0.127316,0.307978,0.56779
0.8,0,1.9,0.583345,0.125796,0.307023,0.568994
0.8,0,1.91,0.584595,0.124276,0.306071,0.570184
0.8,0,1.92,0.58583,0.122786,0.30512,0.571361
0.8,0,1.93,0.587051,0.121266,0.304171,0.572524
0.8,0,1.94,0.588256,0.119805,0.303225,0.573674
0.8,0,1.95,0.589447,0.118345,0.302281,0.57481
0.8,0,1.96,0.590623,0.116915,0.301338,0.575934
0.8,0,1.97,0.591785,0.115424,0.300399,0.577044
0.8,0,1.98,0.592933,0.114053,0.299461,0.578142
0.8,0,1.99,0.594066,0.112653,0.298526,0.579227
0.8,0,2,0.595185,0.111222,0.297593,0.580299
0.8,0,2.01,0.596291,0.109792,0.296662,0.581358
0.8,0,2.02,0.597382,0.108451,0.295734,0.582406
0.8,0,2.03,0.59846,0.10708,0.294808,0.583441
0.8,0,2.04,0.599524,0.105768,0.293884,0.584464
0.8,0,2.05,0.600575,0.104457,0.292963,0.585474
0.8,0,2.06,0.601613,0.103116,0.292045,0.586473
0.8,0,2.07,0.602637,0.101775,0.291129,0.587461
0.8,0,2.08,0.603648,0.100464,0.290215,0.588436
0.8,0,2.09,0.604646,0.0991821,0.289304,0.5894
0.8,0,2.1,0.605631,0.0979006,0.288396,0.590353
0.8,0,2.11,0.606604,0.0966191,0.28749,0.591294
0.8,0,2.12,0.607564,0.0953972,0.286587,0.592224
0.8,0,2.13,0.608511,0.0941157,0.285686,0.593143
0.8,0,2.14,0.609446,0.0929236,0.284788,0.594052
0.8,0,2.15,0.610369,0.0916719,0.283893,0.594949
0.8,0,2.16,0.61128,0.0904799,0.283,0.595835
0.8,0,2.17,0.612178,0.0893176,0.28211,0.596711
0.8,0,2.18,0.613065,0.0880659,0.281223,0.597577
0.8,0,2.19,0.61394,0.0868738,0.280338,0.598432
0.8,0,2.2,0.614803,0.0857413,0.279456,0.599277
0.8,0,2.21,0.615655,0.084579,0.278577,0.600111
0.8,0,2.22,0.616495,0.0834465,0.2777,0.600936
0.8,0,2.23,0.617324,0.082314,0.276827,0.60175
0.8,0,2.24,0.618141,0.0812113,0.275956,0.602555
0.8,0,2.25,0.618948,0.0800788,0.275088,0.60335
0.8,0,2.26,0.619743,0.079006,0.274223,0.604135
0.8,0,2.27,0.620528,0.0779331,0.27336,0.604911
0.8,0,2.28,0.621302,0.0768602,0.272501,0.605678
0.8,0,2.29,0.622065,0.0758171,0.271644,0.606435
0.8,0,2.3,0.622817,0.0747144,0.27079,0.607183
0.8,0,2.31,0.62356,0.0736415,0.269939,0.607921
0.8,0,2.32,0.624291,0.0726879,0.269091,0.608651
0.8,0,2.33,0.625013,0.071615,0.268246,0.609372
0.8,0,2.34,0.625724,0.0706315,0.267404,0.610084
0.8,0,2.35,0.626426,0.069648,0.266564,0.610787
0.8,0,2.36,0.627117,0.0686646,0.265728,0.611482
0.8,0,2.37,0.627799,0.0676811,0.264894,0.612168
0.8,0,2.38,0.62847,0.0666678,0.264063,0.612845
0.8,0,2.39,0.629133,0.0657439,0.263235,0.613515
0.8,0,2.4,0.629786,0.0648201,0.262411,0.614176
0.8,0,2.41,0.630429,0.0638962,0.261589,0.614829
0.8,0,2.42,0.631063,0.0629127,0.26077,0.615474
0.8,0,2.43,0.631688,0.0620186,0.259954,0.616111
0.8,0,2.44,0.632304,0.0611246,0.259141,0.61674
0.8,0,2.45,0.63291,0.0602007,0.258331,0.617361
0.8,0,2.46,0.633508,0.059396,0.257524,0.617974
0.8,0,2.47,0.634097,0.0584722,0.256719,0.61858
0.8,0,2.48,0.634677,0.0576079,0.255918,0.619178
0.8,0,2.49,0.635249,0.0567436,0.25512,0.619769
0.8,0,2.5,0.635812,0.0559092,0.254325,0.620353
0.8,0,2.51,0.636367,0.0550449,0.253533,0.620929
0.8,0,2.52,0.636914,0.0542402,0.252743,0.621498
0.8,0,2.53,0.637452,0.0534654,0.251957,0.62206
0.8,0,2.54,0.637982,0.0526011,0.251174,0.622615
0.8,0,2.55,0.638504,0.0517964,0.250394,0.623163
0.8,0,2.56,0.639018,0.0510514,0.249616,0.623705
0.8,0,2.57,0.639524,0.0502169,0.248842,0.624239
0.8,0,2.58,0.640023,0.0494421,0.248071,0.624767
0.8,0,2.59,0.640513,0.0487268,0.247302,0.625288
0.8,0,2.6,0.640997,0.0479519,0.246537,0.625802
0.8,0,2.61,0.641472,0.0472069,0.245775,0.62631
0.8,0,2.62,0.64194,0.046432,0.245015,0.626812
0.8,0,2.63,0.642401,0.045687,0.244259,0.627307
0.8,0,2.64,0.642855,0.0450015,0.243506,0.627796
0.8,0,2.65,0.643301,0.0442564,0.242755,0.628279
0.8,0,2.66,0.643741,0.043571,0.242008,0.628756
0.8,0,2.67,0.644173,0.0429451,0.241263,0.629227
0.8,0,2.68,0.644599,0.0422299,0.240522,0.629692
0.8,0,2.69,0.645018,0.0415146,0.239783,0.630151
0.8,0,2.7,0.645429,0.040859,0.239048,0.630604
0.8,0,2.71,0.645835,0.0402033,0.238315,0.631052
0.8,0,2.72,0.646234,0.0395179,0.237586,0.631494
0.8,0,2.73,0.646626,0.0389218,0.236859,0.63193
0.8,0,2.74,0.647012,0.0382662,0.236136,0.63236
0.8,0,2.75,0.647391,0.0376701,0.235415,0.632786
0.8,0,2.76,0.647764,0.0370443,0.234697,0.633205
0.8,0,2.77,0.648131,0.0363886,0.233982,0.63362
0.8,0,2.78,0.648492,0.0357926,0.233271,0.634029
0.8,0,2.79,0.648847,0.0351965,0.232562,0.634433
0.8,0,2.8,0.649196,0.0346005,0.231856,0.634832
0.8,0,2.81,0.649539,0.0339746,0.231153,0.635225
0.8,0,2.82,0.649876,0.0334382,0.230453,0.635614
0.8,0,2.83,0.650208,0.0328422,0.229755,0.635998
0.8,0,2.84,0.650534,0.0323355,0.229061,0.636377
0.8,0,2.85,0.650854,0.0317395,0.22837,0.636751
0.8,0,2.86,0.651169,0.031203,0.227681,0.63712
0.8,0,2.87,0.651478,0.0306666,0.226996,0.637485
0.8,0,2.88,0.651782,0.0301003,0.226313,0.637844
0.8,0,2.89,0.652081,0.0296235,0.225633,0.6382
0.8,0,2.9,0.652374,0.0291169,0.224957,0.63855
0.8,0,2.91,0.652662,0.0285804,0.224283,0.638896
0.8,0,2.92,0.652945,0.028044,0.223611,0.639238
0.8,0,2.93,0.653223,0.0275373,0.222943,0.639576
0.8,0,2.94,0.653497,0.0270605,0.222278,0.639909
0.8,0,2.95,0.653765,0.0265837,0.221615,0.640237
0.8,0,2.96,0.654028,0.0261068,0.220955,0.640562
0.8,0,2.97,0.654287,0.02563,0.220299,0.640882
0.8,0,2.98,0.654541,0.025183,0.219644,0.641198
0.8,0,2.99,0.65479,0.0246763,0.218993,0.64151
0.8,0,3,0.655034,0.0242293,0.218345,0.641819
0.8,0,3.01,0.655275,0.0237525,0.217699,0.642123
0.8,0,3.02,0.65551,0.0233352,0.217056,0.642423
0.8,0,3.03,0.655742,0.0228584,0.216416,0.642719
0.8,0,3.04,0.655969,0.022471,0.215779,0.643012
0.8,0,3.05,0.656191,0.0220537,0.215145,0.643301
0.8,0,3.06,0.65641,0.0216663,0.214513,0.643586
0.8,0,3.07,0.656624,0.0211895,0.213884,0.643867
0.8,0,3.08,0.656834,0.0208318,0.213258,0.644145
0.8,0,3.09,0.65704,0.0204444,0.212634,0.644419
0.8,0,3.1,0.657243,0.0200868,0.212014,0.644689
0.8,0,3.11,0.657441,0.0196099,0.211396,0.644956
0.8,0,3.12,0.657635,0.0192225,0.21078,0.64522
0.8,0,3.13,0.657825,0.0188649,0.210168,0.64548
0.8,0,3.14,0.658012,0.0184774,0.209558,0.645737
0.8,0,3.15,0.658195,0.0181198,0.208951,0.645991
0.8,0,3.16,0.658375,0.0177324,0.208346,0.646241
0.8,0,3.17,0.65855,0.017345,0.207745,0.646488
0.8,0,3.18,0.658723,0.0170171,0.207146,0.646731
0.8,0,3.19,0.658891,0.0167191,0.206549,0.646972
0.8,0,3.2,0.659057,0.0163317,0.205955,0.647209
0.8,0,3.21,0.659218,0.0160336,0.205364,0.647444
0.8,0,3.22,0.659377,0.0157356,0.204775,0.647675
0.8,0,3.23,0.659532,0.0153482,0.20419,0.647903
0.8,0,3.24,0.659684,0.0150502,0.203606,0.648129
0.8,0,3.25,0.659833,0.0147223,0.203026,0.648351
0.8,0,3.26,0.659979,0.0144243,0.202447,0.648571
0.8,0,3.27,0.660121,0.0141263,0.201872,0.648787
0.8,0,3.28,0.660261,0.0137985,0.201299,0.649001
0.8,0,3.29,0.660397,0.0134706,0.200729,0.649212
0.8,0,3.3,0.66053,0.0131428,0.200161,0.649421
0.8,0,3.31,0.660661,0.0129044,0.199595,0.649626
0.8,0,3.32,0.660789,0.0126958,0.199033,0.649829
0.8,0,3.33,0.660913,0.0123084,0.198473,0.650029
0.8,0,3.34,0.661036,0.0120699,0.197915,0.650227
0.8,0,3.35,0.661155,0.0118315,0.19736,0.650422
0.8,0,3.36,0.661271,0.0115037,0.196807,0.650615
0.8,0,3.37,0.661385,0.0112951,0.196257,0.650805
0.8,0,3.38,0.661497,0.0109673,0.195709,0.650992
0.8,0,3.39,0.661605,0.0107884,0.195164,0.651177
0.8,0,3.4,0.661712,0.0104904,0.194621,0.65136
0.8,0,3.41,0.661815,0.0102222,0.194081,0.65154
0.8,0,3.42,0.661917,0.00998378,0.193543,0.651718
0.8,0,3.43,0.662016,0.00980496,0.193007,0.651893
0.8,0,3.44,0.662112,0.00950694,0.192474,0.652067
0.8,0,3.45,0.662206,0.00929832,0.191944,0.652238
0.8,0,3.46,0.662298,0.0090301,0.191416,0.652407
0.8,0,3.47,0.662388,0.00879169,0.19089,0.652573
0.8,0,3.48,0.662475,0.00858307,0.190366,0.652737
0.8,0,3.49,0.66256,0.00843406,0.189845,0.6529
0.8,0,3.5,0.662644,0.00822544,0.189327,0.65306
0.8,0,3.51,0.662725,0.00798702,0.18881,0.653218
0.8,0,3.52,0.662804,0.00777841,0.188296,0.653374
0.8,0,3.53,0.66288,0.00759959,0.187785,0.653528
0.8,0,3.54,0.662955,0.00739098,0.187276,0.653679
0.8,0,3.55,0.663028,0.00718236,0.186768,0.653829
0.8,0,3.56,0.663099,0.00703335,0.186264,0.653977
0.8,0,3.57,0.663168,0.00685453,0.185761,0.654123
0.8,0,3.58,0.663236,0.00664592,0.185261,0.654267
0.8,0,3.59,0.663301,0.0064671,0.184764,0.654409
0.8,0,3.6,0.663365,0.00628829,0.184268,0.65455
0.8,0,3.61,0.663427,0.00607967,0.183775,0.654688
0.8,0,3.62,0.663487,0.00593066,0.183284,0.654825
0.8,0,3.63,0.663545,0.00575185,0.182795,0.654959
0.8,0,3.64,0.663602,0.00560284,0.182308,0.655092
0.8,0,3.65,0.663657,0.00539422,0.181824,0.655224
0.8,0,3.66,0.663711,0.00527501,0.181342,0.655353
0.8,0,3.67,0.663763,0.0051558,0.180862,0.655481
0.8,0,3.68,0.663813,0.00497699,0.180384,0.655607
0.8,0,3.69,0.663862,0.00485778,0.179908,0.655732
0.8,0,3.7,0.66391,0.00464916,0.179435,0.655855
0.8,0,3.71,0.663956,0.00450015,0.178964,0.655976
0.8,0,3.72,0.664,0.00435114,0.178495,0.656096
0.8,0,3.73,0.664044,0.00420213,0.178028,0.656214
0.8,0,3.74,0.664086,0.00408292,0.177563,0.65633
0.8,0,3.75,0.664126,0.00399351,0.1771,0.656445
0.8,0,3.76,0.664165,0.0038445,0.17664,0.656559
0.8,0,3.77,0.664203,0.00372529,0.176181,0.656671
0.8,0,3.78,0.66424,0.00357628,0.175725,0.656781
0.8,0,3.79,0.664275,0.00345707,0.175271,0.65689
0.8,0,3.8,0.66431,0.00336766,0.174818,0.656998
0.8,0,3.81,0.664343,0.00321865,0.174368,0.657104
0.8,0,3.82,0.664375,0.00318885,0.17392,0.657209
0.8,0,3.83,0.664405,0.00306964,0.173474,0.657312
0.8,0,3.84,0.664435,0.00286102,0.17303,0.657414
0.8,0,3.85,0.664464,0.00283122,0.172588,0.657515
0.8,0,3.86,0.664491,0.00274181,0.172148,0.657614
0.8,0,3.87,0.664518,0.0025928,0.17171,0.657713
0.8,0,3.88,0.664544,0.00247359,0.171274,0.657809
0.8,0,3.89,0.664568,0.00244379,0.17084,0.657905
0.8,0,3.9,0.664592,0.00229478,0.170408,0.657999
0.8,0,3.91,0.664614,0.00226498,0.169978,0.658092
0.8,0,3.92,0.664636,0.00214577,0.16955,0.658184
0.8,0,3.93,0.664657,0.00202656,0.169124,0.658274
0.8,0,3.94,0.664677,0.00199676,0.1687,0.658364
0.8,0,3.95,0.664696,0.00187755,0.168278,0.658452
0.8,0,3.96,0.664715,0.00181794,0.167857,0.658539
0.8,0,3.97,0.664732,0.00169873,0.167439,0.658625
0.8,0,3.98,0.664749,0.00163913,0.167022,0.658709
0.8,0,3.99,0.664765,0.00154972,0.166608,0.658793
0.8,0,4,0.66478,0.00151992,0.166195,0.658875
0.8,0.08,-4,-0.707111,0.00226498,0.176778,-0.700545
0.8,0.08,-3.99,-0.707088,0.00238419,0.177215,-0.700452
0.8,0.08,-3.98,-0.707064,0.00247359,0.177654,-0.700357
0.8,0.08,-3.97,-0.707039,0.0025332,0.178095,-0.700261
0.8,0.08,-3.96,-0.707013,0.00265241,0.178539,-0.700163
0.8,0.08,-3.95,-0.706985,0.00277162,0.178984,-0.700065
0.8,0.08,-3.94,-0.706957,0.00286102,0.179431,-0.699964
0.8,0.08,-3.93,-0.706928,0.00292063,0.17988,-0.699863
0.8,0.08,-3.92,-0.706898,0.00309944,0.180331,-0.69976
0.8,0.08,-3.91,-0.706867,0.00318885,0.180784,-0.699656
0.8,0.08,-3.9,-0.706834,0.00336766,0.181239,-0.699551
0.8,0.08,-3.89,-0.7068,0.00342727,0.181697,-0.699444
0.8,0.08,-3.88,-0.706765,0.00354648,0.182156,-0.699335
0.8,0.08,-3.87,-0.706729,0.00366569,0.182617,-0.699226
0.8,0.08,-3.86,-0.706692,0.0038147,0.183081,-0.699114
0.8,0.08,-3.85,-0.706653,0.00393391,0.183546,-0.699002
0.8,0.08,-3.84,-0.706613,0.00414252,0.184014,-0.698887
0.8,0.08,-3.83,-0.706572,0.00417233,0.184484,-0.698771
0.8,0.08,-3.82,-0.70653,0.00432134,0.184955,-0.698654
0.8,0.08,-3.81,-0.706486,0.00444055,0.185429,-0.698535
0.8,0.08,-3.8,-0.70644,0.00464916,0.185905,-0.698415
0.8,0.08,-3.79,-0.706394,0.00479817,0.186384,-0.698293
0.8,0.08,-3.78,-0.706345,0.00494719,0.186864,-0.698169
0.8,0.08,-3.77,-0.706295,0.0050962,0.187346,-0.698043
0.8,0.08,-3.76,-0.706244,0.0051856,0.187831,-0.697916
0.8,0.08,-3.75,-0.706191,0.00527501,0.188318,-0.697788
0.8,0.08,-3.74,-0.706137,0.00551343,0.188807,-0.697657
0.8,0.08,-3.73,-0.706081,0.00569224,0.189298,-0.697525
0.8,0.08,-3.72,-0.706023,0.00590086,0.189791,-0.697391
0.8,0.08,-3.71,-0.705964,0.00599027,0.190287,-0.697255
0.8,0.08,-3.7,-0.705903,0.00622869,0.190785,-0.697118
0.8,0.08,-3.69,-0.70584,0.00634789,0.191285,-0.696978
0.8,0.08,-3.68,-0.705775,0.00652671,0.191787,-0.696837
0.8,0.08,-3.67,-0.705709,0.00682473,0.192291,-0.696694
0.8,0.08,-3.66,-0.705641,0.00688434,0.192798,-0.696549
0.8,0.08,-3.65,-0.705571,0.00715256,0.193307,-0.696402
0.8,0.08,-3.64,-0.705499,0.00724196,0.193818,-0.696253
0.8,0.08,-3.63,-0.705425,0.00751019,0.194332,-0.696102
0.8,0.08,-3.62,-0.705349,0.0077188,0.194848,-0.695949
0.8,0.08,-3.61,-0.705271,0.00786781,0.195366,-0.695794
0.8,0.08,-3.6,-0.705191,0.00810623,0.195886,-0.695637
0.8,0.08,-3.59,-0.705109,0.00834465,0.196409,-0.695478
0.8,0.08,-3.58,-0.705025,0.00855327,0.196934,-0.695317
0.8,0.08,-3.57,-0.704938,0.00879169,0.197462,-0.695154
0.8,0.08,-3.56,-0.70485,0.0089407,0.197991,-0.694988
0.8,0.08,-3.55,-0.704759,0.00914931,0.198524,-0.69482
0.8,0.08,-3.54,-0.704666,0.00941753,0.199058,-0.69465
0.8,0.08,-3.53,-0.70457,0.00971556,0.199595,-0.694478
0.8,0.08,-3.52,-0.704473,0.00989437,0.200134,-0.694304
0.8,0.08,-3.51,-0.704372,0.010103,0.200676,-0.694127
0.8,0.08,-3.5,-0.70427,0.0103712,0.20122,-0.693948
0.8,0.08,-3.49,-0.704165,0.0106096,0.201766,-0.693766
0.8,0.08,-3.48,-0.704057,0.0108778,0.202315,-0.693582
0.8,0.08,-3.47,-0.703947,0.0111759,0.202867,-0.693396
0.8,0.08,-3.46,-0.703834,0.0114441,0.20342,-0.693207
0.8,0.08,-3.45,-0.703719,0.0117123,0.203977,-0.693016
0.8,0.08,-3.44,-0.703601,0.0118911,0.204535,-0.692822
0.8,0.08,-3.43,-0.70348,0.0121891,0.205096,-0.692626
0.8,0.08,-3.42,-0.703357,0.0124872,0.20566,-0.692427
0.8,0.08,-3.41,-0.703231,0.0127554,0.206226,-0.692225
0.8,0.08,-3.4,-0.703101,0.0130832,0.206795,-0.692021
0.8,0.08,-3.39,-0.702969,0.0133812,0.207366,-0.691814
0.8,0.08,-3.38,-0.702834,0.0136793,0.207939,-0.691604
0.8,0.08,-3.37,-0.702696,0.0139773,0.208515,-0.691392
0.8,0.08,-3.36,-0.702555,0.0142455,0.209094,-0.691176
0.8,0.08,-3.35,-0.702411,0.0145733,0.209675,-0.690958
0.8,0.08,-3.34,-0.702264,0.0148714,0.210259,-0.690737
0.8,0.08,-3.33,-0.702113,0.0151992,0.210845,-0.690513
0.8,0.08,-3.32,-0.70196,0.0156164,0.211434,-0.690286
0.8,0.08,-3.31,-0.701803,0.0158846,0.212025,-0.690056
0.8,0.08,-3.3,-0.701643,0.0161827,0.212619,-0.689823
0.8,0.08,-3.29,-0.701479,0.0165999,0.213215,-0.689587
0.8,0.08,-3.28,-0.701312,0.0168979,0.213815,-0.689348
0.8,0.08,-3.27,-0.701141,0.0171959,0.214416,-0.689106
0.8,0.08,-3.26,-0.700967,0.0176132,0.215021,-0.688861
0.8,0.08,-3.25,-0.70079,0.0179112,0.215628,-0.688612
0.8,0.08,-3.24,-0.700608,0.0183582,0.216237,-0.68836
0.8,0.08,-3.23,-0.700423,0.0186563,0.216849,-0.688105
0.8,0.08,-3.22,-0.700235,0.0189841,0.217464,-0.687846
0.8,0.08,-3.21,-0.700042,0.0194311,0.218082,-0.687584
0.8,0.08,-3.2,-0.699846,0.0198483,0.218702,-0.687319
0.8,0.08,-3.19,-0.699646,0.0202656,0.219325,-0.68705
0.8,0.08,-3.18,-0.699441,0.0206232,0.21995,-0.686778
0.8,0.08,-3.17,-0.699233,0.0210404,0.220578,-0.686502
0.8,0.08,-3.16,-0.699021,0.0214577,0.221209,-0.686222
0.8,0.08,-3.15,-0.698804,0.0218451,0.221843,-0.685939
0.8,0.08,-3.14,-0.698584,0.0222921,0.222479,-0.685652
0.8,0.08,-3.13,-0.698359,0.0226796,0.223118,-0.685361
0.8,0.08,-3.12,-0.698129,0.0231862,0.223759,-0.685067
0.8,0.08,-3.11,-0.697896,0.0235736,0.224404,-0.684768
0.8,0.08,-3.1,-0.697658,0.0240505,0.225051,-0.684466
0.8,0.08,-3.09,-0.697415,0.0244677,0.225701,-0.68416
0.8,0.08,-3.08,-0.697168,0.0249445,0.226353,-0.683849
0.8,0.08,-3.07,-0.696917,0.0253916,0.227009,-0.683535
0.8,0.08,-3.06,-0.69666,0.0258684,0.227667,-0.683217
0.8,0.08,-3.05,-0.696399,0.0263453,0.228328,-0.682894
0.8,0.08,-3.04,-0.696133,0.0268519,0.228991,-0.682568
0.8,0.08,-3.03,-0.695863,0.0272989,0.229658,-0.682237
0.8,0.08,-3.02,-0.695587,0.0278354,0.230327,-0.681901
0.8,0.08,-3.01,-0.695306,0.028342,0.230999,-0.681562
0.8,0.08,-3,-0.69502,0.0288188,0.231673,-0.681218
0.8,0.08,-2.99,-0.694729,0.0293553,0.232351,-0.680869
0.8,0.08,-2.98,-0.694433,0.0298023,0.233031,-0.680516
0.8,0.08,-2.97,-0.694132,0.0303686,0.233714,-0.680158
0.8,0.08,-2.96,-0.693825,0.0309646,0.2344,-0.679796
0.8,0.08,-2.95,-0.693513,0.0315011,0.235089,-0.679429
0.8,0.08,-2.94,-0.693195,0.0320077,0.235781,-0.679057
0.8,0.08,-2.93,-0.692872,0.0326037,0.236475,-0.678681
0.8,0.08,-2.92,-0.692543,0.0331402,0.237172,-0.6783
0.8,0.08,-2.91,-0.692209,0.0337362,0.237872,-0.677913
0.8,0.08,-2.9,-0.691869,0.0343323,0.238575,-0.677522
0.8,0.08,-2.89,-0.691522,0.0348687,0.239281,-0.677125
0.8,0.08,-2.88,-0.69117,0.0354946,0.23999,-0.676724
0.8,0.08,-2.87,-0.690812,0.0361204,0.240701,-0.676317
0.8,0.08,-2.86,-0.690448,0.0367463,0.241415,-0.675905
0.8,0.08,-2.85,-0.690078,0.0373125,0.242133,-0.675488
0.8,0.08,-2.84,-0.689701,0.0379682,0.242853,-0.675066
0.8,0.08,-2.83,-0.689319,0.0386238,0.243576,-0.674637
0.8,0.08,-2.82,-0.688929,0.0392497,0.244301,-0.674204
0.8,0.08,-2.81,-0.688534,0.0398755,0.24503,-0.673765
0.8,0.08,-2.8,-0.688132,0.0405312,0.245761,-0.67332
0.8,0.08,-2.79,-0.687723,0.0412166,0.246496,-0.67287
0.8,0.08,-2.78,-0.687308,0.0418723,0.247233,-0.672413
0.8,0.08,-2.77,-0.686885,0.0425577,0.247973,-0.671951
0.8,0.08,-2.76,-0.686456,0.043273,0.248716,-0.671483
0.8,0.08,-2.75,-0.68602,0.0439882,0.249462,-0.671009
0.8,0.08,-2.74,-0.685577,0.0446737,0.250211,-0.670529
0.8,0.08,-2.73,-0.685127,0.0453293,0.250962,-0.670043
0.8,0.08,-2.72,-0.684669,0.0461042,0.251717,-0.669551
0.8,0.08,-2.71,-0.684204,0.0468493,0.252474,-0.669052
0.8,0.08,-2.7,-0.683732,0.0475645,0.253234,-0.668547
0.8,0.08,-2.69,-0.683253,0.0483394,0.253997,-0.668036
0.8,0.08,-2.68,-0.682766,0.0491142,0.254763,-0.667518
0.8,0.08,-2.67,-0.682271,0.0497997,0.255532,-0.666993
0.8,0.08,-2.66,-0.681768,0.0506341,0.256304,-0.666462
0.8,0.08,-2.65,-0.681258,0.0514388,0.257079,-0.665924
0.8,0.08,-2.64,-0.68074,0.0522435,0.257856,-0.665379
0.8,0.08,-2.63,-0.680214,0.0530481,0.258636,-0.664827
0.8,0.08,-2.62,-0.679679,0.053823,0.25942,-0.664269
0.8,0.08,-2.61,-0.679137,0.0546575,0.260206,-0.663703
0.8,0.08,-2.6,-0.678586,0.0554919,0.260995,-0.66313
0.8,0.08,-2.59,-0.678027,0.0563264,0.261786,-0.66255
0.8,0.08,-2.58,-0.677459,0.0571907,0.262581,-0.661963
0.8,0.08,-2.57,-0.676883,0.0580549,0.263379,-0.661368
0.8,0.08,-2.56,-0.676298,0.0589192,0.264179,-0.660766
0.8,0.08,-2.55,-0.675704,0.0598431,0.264982,-0.660156
0.8,0.08,-2.54,-0.675102,0.0607371,0.265788,-0.659538
0.8,0.08,-2.53,-0.674491,0.0616014,0.266597,-0.658913
0.8,0.08,-2.52,-0.67387,0.0625849,0.267409,-0.65828
0.8,0.08,-2.51,-0.67324,0.0634193,0.268223,-0.657639
0.8,0.08,-2.5,-0.672602,0.064373,0.269041,-0.65699
0.8,0.08,-2.49,-0.671953,0.0652969,0.269861,-0.656333
0.8,0.08,-2.48,-0.671295,0.066191,0.270684,-0.655667
0.8,0.08,-2.47,-0.670628,0.0671744,0.271509,-0.654994
0.8,0.08,-2.46,-0.669951,0.0681579,0.272338,-0.654311
0.8,0.08,-2.45,-0.669264,0.0691712,0.273169,-0.653621
0.8,0.08,-2.44,-0.668568,0.0701547,0.274003,-0.652922
0.8,0.08,-2.43,-0.667861,0.0711679,0.27484,-0.652214
0.8,0.08,-2.42,-0.667145,0.0721812,0.27568,-0.651497
0.8,0.08,-2.41,-0.666418,0.0732243,0.276522,-0.650772
0.8,0.08,-2.4,-0.665681,0.0742376,0.277367,-0.650038
0.8,0.08,-2.39,-0.664933,0.0752807,0.278215,-0.649294
0.8,0.08,-2.38,-0.664175,0.0763834,0.279065,-0.648541
0.8,0.08,-2.37,-0.663406,0.0774562,0.279918,-0.647779
0.8,0.08,-2.36,-0.662627,0.0784993,0.280774,-0.647008
0.8,0.08,-2.35,-0.661837,0.0795722,0.281633,-0.646227
0.8,0.08,-2.34,-0.661035,0.0807047,0.282494,-0.645437
0.8,0.08,-2.33,-0.660223,0.0817478,0.283357,-0.644637
0.8,0.08,-2.32,-0.6594,0.0828505,0.284224,-0.643827
0.8,0.08,-2.31,-0.658565,0.0840425,0.285093,-0.643007
0.8,0.08,-2.3,-0.657719,0.085175,0.285965,-0.642177
0.8,0.08,-2.29,-0.656861,0.0863075,0.286839,-0.641337
0.8,0.08,-2.28,-0.655991,0.0875294,0.287716,-0.640487
0.8,0.08,-2.27,-0.655111,0.0887215,0.288595,-0.639627
0.8,0.08,-2.26,-0.654218,0.089854,0.289477,-0.638756
0.8,0.08,-2.25,-0.653313,0.0911057,0.290361,-0.637874
0.8,0.08,-2.24,-0.652396,0.0923276,0.291248,-0.636982
0.8,0.08,-2.23,-0.651467,0.0935495,0.292137,-0.636079
0.8,0.08,-2.22,-0.650525,0.0947416,0.293029,-0.635165
0.8,0.08,-2.21,-0.649571,0.0960529,0.293924,-0.63424
0.8,0.08,-2.2,-0.648605,0.0973046,0.29482,-0.633305
0.8,0.08,-2.19,-0.647625,0.0985265,0.295719,-0.632357
0.8,0.08,-2.18,-0.646633,0.0998676,0.296621,-0.631399
0.8,0.08,-2.17,-0.645628,0.101119,0.297525,-0.630429
0.8,0.08,-2.16,-0.64461,0.10249,0.298431,-0.629447
0.8,0.08,-2.15,-0.643579,0.103772,0.299339,-0.628454
0.8,0.08,-2.14,-0.642535,0.105143,0.30025,-0.627448
0.8,0.08,-2.13,-0.641477,0.106454,0.301163,-0.626431
0.8,0.08,-2.12,-0.640406,0.107795,0.302078,-0.625402
0.8,0.08,-2.11,-0.639321,0.109136,0.302996,-0.624361
0.8,0.08,-2.1,-0.638222,0.110596,0.303915,-0.623307
0.8,0.08,-2.09,-0.637109,0.111967,0.304837,-0.622241
0.8,0.08,-2.08,-0.635983,0.113428,0.305761,-0.621162
0.8,0.08,-2.07,-0.634842,0.114799,0.306687,-0.62007
0.8,0.08,-2.06,-0.633687,0.116289,0.307615,-0.618966
0.8,0.08,-2.05,-0.632517,0.117689,0.308545,-0.617849
0.8,0.08,-2.04,-0.631333,0.11909,0.309477,-0.616719
0.8,0.08,-2.03,-0.630135,0.12058,0.310411,-0.615575
0.8,0.08,-2.02,-0.628922,0.122041,0.311347,-0.614418
0.8,0.08,-2.01,-0.627693,0.123531,0.312285,-0.613248
0.8,0.08,-2,-0.62645,0.125051,0.313225,-0.612064
0.8,0.08,-1.99,-0.625192,0.12657,0.314167,-0.610867
0.8,0.08,-1.98,-0.623918,0.12812,0.31511,-0.609656
0.8,0.08,-1.97,-0.62263,0.12967,0.316056,-0.60843
0.8,0.08,-1.96,-0.621325,0.13119,0.317003,-0.607191
0.8,0.08,-1.95,-0.620005,0.132769,0.317951,-0.605937
0.8,0.08,-1.94,-0.618669,0.134379,0.318902,-0.604669
0.8,0.08,-1.93,-0.617318,0.135899,0.319854,-0.603387
0.8,0.08,-1.92,-0.61595,0.137597,0.320807,-0.60209
0.8,0.08,-1.91,-0.614566,0.139177,0.321762,-0.600778
0.8,0.08,-1.9,-0.613166,0.140905,0.322719,-0.599451
0.8,0.08,-1.89,-0.61175,0.142455,0.323677,-0.598109
0.8,0.08,-1.88,-0.610317,0.144094,0.324637,-0.596752
0.8,0.08,-1.87,-0.608868,0.145793,0.325598,-0.59538
0.8,0.08,-1.86,-0.607401,0.147432,0.32656,-0.593993
0.8,0.08,-1.85,-0.605918,0.149131,0.327523,-0.592589
0.8,0.08,-1.84,-0.604418,0.150859,0.328488,-0.591171
0.8,0.08,-1.83,-0.602901,0.152618,0.329454,-0.589736
0.8,0.08,-1.82,-0.601367,0.154316,0.330421,-0.588285
0.8,0.08,-1.81,-0.599815,0.156045,0.33139,-0.586819
0.8,0.08,-1.8,-0.598246,0.157833,0.332359,-0.585336
0.8,0.08,-1.79,-0.596659,0.159532,0.333329,-0.583836
0.8,0.08,-1.78,-0.595055,0.16129,0.3343,-0.582321
0.8,0.08,-1.77,-0.593433,0.163138,0.335273,-0.580788
0.8,0.08,-1.76,-0.591792,0.164986,0.336246,-0.579239
0.8,0.08,-1.75,-0.590134,0.166744,0.337219,-0.577673
0.8,0.08,-1.74,-0.588458,0.168592,0.338194,-0.57609
0.8,0.08,-1.73,-0.586763,0.17038,0.339169,-0.574489
0.8,0.08,-1.72,-0.58505,0.172228,0.340145,-0.572872
0.8,0.08,-1.71,-0.583318,0.174135,0.341122,-0.571237
0.8,0.08,-1.7,-0.581567,0.175983,0.342098,-0.569584
0.8,0.08,-1.69,-0.579798,0.17789,0.343076,-0.567914
0.8,0.08,-1.68,-0.57801,0.179768,0.344054,-0.566226
0.8,0.08,-1.67,-0.576203,0.181675,0.345032,-0.56452
0.8,0.08,-1.66,-0.574377,0.183523,0.34601,-0.562796
0.8,0.08,-1.65,-0.572532,0.185519,0.346989,-0.561053
0.8,0.08,-1.64,-0.570667,0.187397,0.347968,-0.559293
0.8,0.08,-1.63,-0.568783,0.189394,0.348947,-0.557513
0.8,0.08,-1.62,-0.566879,0.191331,0.349926,-0.555716
0.8,0.08,-1.61,-0.564956,0.193328,0.350904,-0.553899
0.8,0.08,-1.6,-0.563013,0.195324,0.351883,-0.552063
0.8,0.08,-1.59,-0.56105,0.197351,0.352862,-0.550209
0.8,0.08,-1.58,-0.559067,0.199258,0.35384,-0.548335
0.8,0.08,-1.57,-0.557065,0.201285,0.354818,-0.546443
0.8,0.08,-1.56,-0.555042,0.203311,0.355796,-0.54453
0.8,0.08,-1.55,-0.552998,0.205368,0.356773,-0.542599
0.8,0.08,-1.54,-0.550935,0.207394,0.35775,-0.540647
0.8,0.08,-1.53,-0.548851,0.209421,0.358726,-0.538676
0.8,0.08,-1.52,-0.546746,0.211447,0.359701,-0.536685
0.8,0.08,-1.51,-0.544621,0.213623,0.360676,-0.534674
0.8,0.08,-1.5,-0.542475,0.21565,0.36165,-0.532643
0.8,0.08,-1.49,-0.540308,0.217676,0.362623,-0.530592
0.8,0.08,-1.48,-0.53812,0.219762,0.363595,-0.52852
0.8,0.08,-1.47,-0.535912,0.221908,0.364566,-0.526428
0.8,0.08,-1.46,-0.533682,0.224054,0.365536,-0.524316
0.8,0.08,-1.45,-0.531431,0.22611,0.366504,-0.522183
0.8,0.08,-1.44,-0.529159,0.228226,0.367472,-0.520029
0.8,0.08,-1.43,-0.526866,0.230402,0.368438,-0.517854
0.8,0.08,-1.42,-0.524551,0.232548,0.369402,-0.515658
0.8,0.08,-1.41,-0.522215,0.234693,0.370365,-0.513441
0.8,0.08,-1.4,-0.519857,0.236869,0.371327,-0.511202
0.8,0.08,-1.39,-0.517478,0.239015,0.372286,-0.508943
0.8,0.08,-1.38,-0.515077,0.24119,0.373244,-0.506662
0.8,0.08,-1.37,-0.512654,0.243366,0.3742,-0.504359
0.8,0.08,-1.36,-0.51021,0.245541,0.375154,-0.502035
0.8,0.08,-1.35,-0.507743,0.247687,0.376106,-0.49969
0.8,0.08,-1.34,-0.505255,0.249892,0.377056,-0.497322
0.8,0.08,-1.33,-0.502745,0.252128,0.378004,-0.494933
0.8,0.08,-1.32,-0.500213,0.254363,0.378949,-0.492522
0.8,0.08,-1.31,-0.497658,0.256538,0.379892,-0.490088
0.8,0.08,-1.3,-0.495082,0.258684,0.380832,-0.487633
0.8,0.08,-1.29,-0.492484,0.260949,0.38177,-0.485155
0.8,0.08,-1.28,-0.489863,0.263155,0.382705,-0.482655
0.8,0.08,-1.27,-0.48722,0.265375,0.383638,-0.480133
0.8,0.08,-1.26,-0.484555,0.26767,0.384567,-0.477588
0.8,0.08,-1.25,-0.481867,0.269935,0.385494,-0.475021
0.8,0.08,-1.24,-0.479157,0.27214,0.386417,-0.472432
0.8,0.08,-1.23,-0.476425,0.274345,0.387337,-0.469819
0.8,0.08,-1.22,-0.47367,0.276551,0.388254,-0.467184
0.8,0.08,-1.21,-0.470893,0.278801,0.389168,-0.464527
0.8,0.08,-1.2,-0.468094,0.281066,0.390078,-0.461846
0.8,0.08,-1.19,-0.465272,0.283331,0.390985,-0.459143
0.8,0.08,-1.18,-0.462428,0.285536,0.391888,-0.456417
0.8,0.08,-1.17,-0.459561,0.287801,0.392787,-0.453668
0.8,0.08,-1.16,-0.456672,0.290066,0.393683,-0.450896
0.8,0.08,-1.15,-0.45376,0.292286,0.394574,-0.448101
0.8,0.08,-1.14,-0.450826,0.294536,0.395462,-0.445283
0.8,0.08,-1.13,-0.44787,0.296772,0.396345,-0.442443
0.8,0.08,-1.12,-0.444891,0.299066,0.397224,-0.439579
0.8,0.08,-1.11,-0.441889,0.301272,0.398098,-0.436691
0.8,0.08,-1.1,-0.438865,0.303477,0.398969,-0.433781
0.8,0.08,-1.09,-0.435819,0.305727,0.399834,-0.430848
0.8,0.08,-1.08,-0.432751,0.307992,0.400695,-0.427892
0.8,0.08,-1.07,-0.42966,0.310153,0.401551,-0.424912
0.8,0.08,-1.06,-0.426547,0.312418,0.402402,-0.42191
0.8,0.08,-1.05,-0.423411,0.314623,0.403249,-0.418884
0.8,0.08,-1.04,-0.420254,0.316858,0.40409,-0.415835
0.8,0.08,-1.03,-0.417074,0.319079,0.404926,-0.412763
0.8,0.08,-1.02,-0.413872,0.321299,0.405757,-0.409668
0.8,0.08,-1.01,-0.410648,0.323519,0.406582,-0.40655
0.8,0.08,-1,-0.407401,0.325769,0.407401,-0.403409
0.8,0.08,-0.99,-0.404133,0.32793,0.408216,-0.400245
0.8,0.08,-0.98,-0.400843,0.330105,0.409024,-0.397058
0.8,0.08,-0.97,-0.397532,0.332266,0.409826,-0.393848
0.8,0.08,-0.96,-0.394198,0.334457,0.410623,-0.390616
0.8,0.08,-0.95,-0.390843,0.336602,0.411414,-0.38736
0.8,0.08,-0.94,-0.387466,0.338763,0.412198,-0.384082
0.8,0.08,-0.93,-0.384068,0.340924,0.412976,-0.38078
0.8,0.08,-0.92,-0.380648,0.343025,0.413748,-0.377457
0.8,0.08,-0.91,-0.377207,0.3452,0.414513,-0.37411
0.8,0.08,-0.9,-0.373744,0.347316,0.415272,-0.370742
0.8,0.08,-0.89,-0.370261,0.349402,0.416023,-0.36735
0.8,0.08,-0.88,-0.366756,0.351489,0.416769,-0.363937
0.8,0.08,-0.87,-0.363231,0.35359,0.417507,-0.360501
0.8,0.08,-0.86,-0.359685,0.355661,0.418238,-0.357043
0.8,0.08,-0.85,-0.356118,0.357717,0.418962,-0.353563
0.8,0.08,-0.84,-0.35253,0.359774,0.419679,-0.350061
0.8,0.08,-0.83,-0.348923,0.3618,0.420389,-0.346537
0.8,0.08,-0.82,-0.345294,0.363842,0.421091,-0.342992
0.8,0.08,-0.81,-0.341646,0.365824,0.421785,-0.339424
0.8,0.08,-0.8,-0.337978,0.367835,0.422472,-0.335836
0.8,0.08,-0.79,-0.33429,0.369817,0.423151,-0.332226
0.8,0.08,-0.78,-0.330582,0.371799,0.423823,-0.328595
0.8,0.08,-0.77,-0.326854,0.373721,0.424486,-0.324943
0.8,0.08,-0.76,-0.323108,0.375628,0.425142,-0.321269
0.8,0.08,-0.75,-0.319342,0.377551,0.425789,-0.317576
0.8,0.08,-0.74,-0.315556,0.379443,0.426428,-0.313861
0.8,0.08,-0.73,-0.311752,0.381351,0.427058,-0.310126
0.8,0.08,-0.72,-0.30793,0.383198,0.42768,-0.306371
0.8,0.08,-0.71,-0.304089,0.385046,0.428294,-0.302596
0.8,0.08,-0.7,-0.300229,0.386849,0.428899,-0.298801
0.8,0.08,-0.69,-0.296351,0.388652,0.429495,-0.294986
0.8,0.08,-0.68,-0.292456,0.39044,0.430082,-0.291152
0.8,0.08,-0.67,-0.288543,0.392213,0.430661,-0.287298
0.8,0.08,-0.66,-0.284612,0.393957,0.43123,-0.283425
0.8,0.08,-0.65,-0.280664,0.395671,0.43179,-0.279534
0.8,0.08,-0.64,-0.276698,0.397384,0.432341,-0.275623
0.8,0.08,-0.63,-0.272716,0.399038,0.432883,-0.271694
0.8,0.08,-0.62,-0.268717,0.400692,0.433415,-0.267747
0.8,0.08,-0.61,-0.264702,0.402331,0.433938,-0.263782
0.8,0.08,-0.6,-0.260671,0.403956,0.434451,-0.259799
0.8,0.08,-0.59,-0.256623,0.405535,0.434955,-0.255799
0.8,0.08,-0.58,-0.25256,0.4071,0.435448,-0.251781
0.8,0.08,-0.57,-0.248481,0.408612,0.435932,-0.247747
0.8,0.08,-0.56,-0.244388,0.410154,0.436406,-0.243695
0.8,0.08,-0.55,-0.240279,0.411615,0.43687,-0.239627
0.8,0.08,-0.54,-0.236155,0.413097,0.437324,-0.235543
0.8,0.08,-0.53,-0.232017,0.414528,0.437768,-0.231443
0.8,0.08,-0.52,-0.227865,0.415944,0.438201,-0.227327
0.8,0.08,-0.51,-0.223699,0.417292,0.438625,-0.223196
0.8,0.08,-0.5,-0.219519,0.418656,0.439037,-0.219049
0.8,0.08,-0.49,-0.215326,0.419989,0.43944,-0.214888
0.8,0.08,-0.48,-0.211119,0.421293,0.439832,-0.210713
0.8,0.08,-0.47,-0.2069,0.42253,0.440213,-0.206523
0.8,0.08,-0.46,-0.202668,0.423796,0.440583,-0.202319
0.8,0.08,-0.45,-0.198424,0.425011,0.440943,-0.198101
0.8,0.08,-0.44,-0.194168,0.426188,0.441292,-0.193871
0.8,0.08,-0.43,-0.189901,0.427321,0.44163,-0.189627
0.8,0.08,-0.42,-0.185622,0.428438,0.441957,-0.185371
0.8,0.08,-0.41,-0.181332,0.429533,0.442273,-0.181102
0.8,0.08,-0.4,-0.177031,0.430599,0.442578,-0.176821
0.8,0.08,-0.39,-0.17272,0.43162,0.442872,-0.172529
0.8,0.08,-0.38,-0.168399,0.432633,0.443155,-0.168226
0.8,0.08,-0.37,-0.164068,0.433594,0.443426,-0.163911
0.8,0.08,-0.36,-0.159727,0.434533,0.443686,-0.159586
0.8,0.08,-0.35,-0.155377,0.435427,0.443935,-0.155251
0.8,0.08,-0.34,-0.151019,0.436299,0.444173,-0.150905
0.8,0.08,-0.33,-0.146652,0.437126,0.444399,-0.146551
0.8,0.08,-0.32,-0.142276,0.437938,0.444613,-0.142187
0.8,0.08,-0.31,-0.137893,0.43869,0.444816,-0.137814
0.8,0.08,-0.3,-0.133502,0.439428,0.445008,-0.133433
0.8,0.08,-0.29,-0.129104,0.440143,0.445188,-0.129044
0.8,0.08,-0.28,-0.1247,0.440799,0.445356,-0.124647
0.8,0.08,-0.27,-0.120288,0.441436,0.445512,-0.120243
0.8,0.08,-0.26,-0.115871,0.442047,0.445657,-0.115831
0.8,0.08,-0.25,-0.111448,0.442609,0.44579,-0.111414
0.8,0.08,-0.24,-0.107019,0.443142,0.445912,-0.10699
0.8,0.08,-0.23,-0.102585,0.443637,0.446021,-0.10256
0.8,0.08,-0.22,-0.0981462,0.444099,0.446119,-0.0981253
0.8,0.08,-0.21,-0.093703,0.444524,0.446205,-0.0936854
0.8,0.08,-0.2,-0.0892558,0.444923,0.446279,-0.0892408
0.8,0.08,-0.19,-0.0848048,0.445273,0.446341,-0.084792
0.8,0.08,-0.18,-0.0803504,0.445586,0.446391,-0.0803395
0.8,0.08,-0.17,-0.0758931,0.445887,0.44643,-0.0758835
0.8,0.08,-0.16,-0.071433,0.44613,0.446456,-0.0714245
0.8,0.08,-0.15,-0.0669706,0.446342,0.446471,-0.0669629
0.8,0.08,-0.14,-0.0625063,0.446523,0.446473,-0.0624992
0.8,0.08,-0.13,-0.0580403,0.446664,0.446464,-0.0580336
0.8,0.08,-0.12,-0.0535731,0.446767,0.446443,-0.0535666
0.8,0.08,-0.11,-0.049105,0.446843,0.446409,-0.0490986
0.8,0.08,-0.1,-0.0446364,0.446877,0.446364,-0.04463
0.8,0.08,-0.09,-0.0401676,0.446877,0.446307,-0.0401612
0.8,0.08,-0.08,-0.035699,0.446837,0.446238,-0.0356926
0.8,0.08,-0.07,-0.031231,0.446767,0.446157,-0.0312247
0.8,0.08,-0.06,-0.0267638,0.446656,0.446064,-0.0267577
0.8,0.08,-0.05,-0.022298,0.446513,0.445959,-0.0222922
0.8,0.08,-0.04,-0.0178337,0.446334,0.445842,-0.0178285
0.8,0.08,-0.03,-0.0133714,0.446117,0.445714,-0.013367
0.8,0.08,-0.02,-0.00891147,0.445866,0.445573,-0.00890821
0.8,0.08,-0.01,-0.00445421,0.44558,0.445421,-0.00445239
0.8,0.08,0,0,0.445261,0.445261,0
0.8,0.08,0.01,0.00445081,0.444899,0.445081,0.00444857
0.8,0.08,0.02,0.00889786,0.444505,0.444893,0.00889292
0.8,0.08,0.03,0.0133408,0.444082,0.444693,0.0133327
0.8,0.08,0.04,0.0177793,0.443614,0.444482,0.0177674
0.8,0.08,0.05,0.022213,0.443112,0.444259,0.0221967
0.8,0.08,0.06,0.0266415,0.442578,0.444025,0.0266203
0.8,0.08,0.07,0.0310645,0.442021,0.443779,0.0310376
0.8,0.08,0.08,0.0354817,0.441412,0.443521,0.0354484
0.8,0.08,0.09,0.0398927,0.440773,0.443252,0.0398523
0.8,0.08,0.1,0.0442971,0.440106,0.442971,0.0442488
0.8,0.08,0.11,0.0486947,0.439402,0.442679,0.0486377
0.8,0.08,0.12,0.0530851,0.438664,0.442376,0.0530184
0.8,0.08,0.13,0.0574679,0.437897,0.442061,0.0573907
0.8,0.08,0.14,0.0618429,0.437094,0.441735,0.0617542
0.8,0.08,0.15,0.0662096,0.436258,0.441397,0.0661085
0.8,0.08,0.16,0.0705678,0.435382,0.441049,0.0704533
0.8,0.08,0.17,0.0749171,0.434481,0.440689,0.0747882
0.8,0.08,0.18,0.0792573,0.433542,0.440318,0.0791127
0.8,0.08,0.19,0.0835879,0.432577,0.439936,0.0834267
0.8,0.08,0.2,0.0879087,0.431579,0.439544,0.0877297
0.8,0.08,0.21,0.0922194,0.430554,0.43914,0.0920214
0.8,0.08,0.22,0.0965197,0.429492,0.438726,0.0963015
0.8,0.08,0.23,0.100809,0.42839,0.4383,0.10057
0.8,0.08,0.24,0.105087,0.427283,0.437865,0.104825
0.8,0.08,0.25,0.109355,0.426114,0.437418,0.109068
0.8,0.08,0.26,0.11361,0.42494,0.436961,0.113298
0.8,0.08,0.27,0.117853,0.423726,0.436493,0.117515
0.8,0.08,0.28,0.122084,0.422481,0.436016,0.121718
0.8,0.08,0.29,0.126303,0.421233,0.435527,0.125908
0.8,0.08,0.3,0.130509,0.419907,0.435029,0.130083
0.8,0.08,0.31,0.134701,0.418581,0.43452,0.134243
0.8,0.08,0.32,0.13888,0.417262,0.434001,0.138389
0.8,0.08,0.33,0.143046,0.415847,0.433473,0.142519
0.8,0.08,0.34,0.147198,0.414453,0.432934,0.146635
0.8,0.08,0.35,0.151335,0.41303,0.432386,0.150734
0.8,0.08,0.36,0.155458,0.411548,0.431827,0.154817
0.8,0.08,0.37,0.159566,0.410065,0.431259,0.158885
0.8,0.08,0.38,0.163659,0.408553,0.430682,0.162935
0.8,0.08,0.39,0.167737,0.407033,0.430095,0.166969
0.8,0.08,0.4,0.171799,0.405446,0.429499,0.170986
0.8,0.08,0.41,0.175846,0.403866,0.428893,0.174985
0.8,0.08,0.42,0.179877,0.402249,0.428278,0.178967
0.8,0.08,0.43,0.183891,0.400625,0.427654,0.182932
0.8,0.08,0.44,0.187889,0.398979,0.427021,0.186878
0.8,0.08,0.45,0.191871,0.397317,0.426379,0.190806
0.8,0.08,0.46,0.195835,0.395596,0.425729,0.194715
0.8,0.08,0.47,0.199782,0.393867,0.425069,0.198606
0.8,0.08,0.48,0.203712,0.392109,0.424401,0.202478
0.8,0.08,0.49,0.207625,0.390373,0.423724,0.206331
0.8,0.08,0.5,0.21152,0.388578,0.423039,0.210164
0.8,0.08,0.51,0.215396,0.38676,0.422346,0.213978
0.8,0.08,0.52,0.219255,0.384942,0.421644,0.217772
0.8,0.08,0.53,0.223095,0.383124,0.420935,0.221546
0.8,0.08,0.54,0.226917,0.381246,0.420217,0.225301
0.8,0.08,0.55,0.23072,0.379369,0.419491,0.229034
0.8,0.08,0.56,0.234504,0.377446,0.418758,0.232748
0.8,0.08,0.57,0.23827,0.375576,0.418017,0.236441
0.8,0.08,0.58,0.242015,0.373624,0.417268,0.240113
0.8,0.08,0.59,0.245742,0.371687,0.416512,0.243764
0.8,0.08,0.6,0.249449,0.369735,0.415748,0.247394
0.8,0.08,0.61,0.253136,0.367731,0.414977,0.251003
0.8,0.08,0.62,0.256803,0.365734,0.414199,0.254591
0.8,0.08,0.63,0.260451,0.363708,0.413414,0.258157
0.8,0.08,0.64,0.264078,0.361726,0.412622,0.261701
0.8,0.08,0.65,0.267685,0.359684,0.411823,0.265224
0.8,0.08,0.66,0.271271,0.357628,0.411017,0.268725
0.8,0.08,0.67,0.274837,0.355557,0.410205,0.272204
0.8,0.08,0.68,0.278382,0.35347,0.409386,0.275661
0.8,0.08,0.69,0.281907,0.351399,0.408561,0.279096
0.8,0.08,0.7,0.28541,0.349268,0.407729,0.282508
0.8,0.08,0.71,0.288893,0.347212,0.406891,0.285898
0.8,0.08,0.72,0.292354,0.345066,0.406048,0.289266
0.8,0.08,0.73,0.295794,0.342965,0.405198,0.292611
0.8,0.08,0.74,0.299213,0.34079,0.404342,0.295934
0.8,0.08,0.75,0.30261,0.338659,0.403481,0.299234
0.8,0.08,0.76,0.305986,0.336498,0.402613,0.302511
0.8,0.08,0.77,0.30934,0.334337,0.401741,0.305766
0.8,0.08,0.78,0.312673,0.332192,0.400863,0.308998
0.8,0.08,0.79,0.315984,0.330016,0.399979,0.312207
0.8,0.08,0.8,0.319273,0.327796,0.399091,0.315392
0.8,0.08,0.81,0.32254,0.325575,0.398197,0.318555
0.8,0.08,0.82,0.325785,0.323445,0.397298,0.321695
0.8,0.08,0.83,0.329008,0.321195,0.396395,0.324812
0.8,0.08,0.84,0.332209,0.318989,0.395487,0.327906
0.8,0.08,0.85,0.335387,0.316769,0.394573,0.330977
0.8,0.08,0.86,0.338544,0.314519,0.393656,0.334025
0.8,0.08,0.87,0.341679,0.312328,0.392734,0.337049
0.8,0.08,0.88,0.344791,0.310108,0.391808,0.340051
0.8,0.08,0.89,0.347881,0.307888,0.390877,0.343029
0.8,0.08,0.9,0.350948,0.305593,0.389942,0.345984
0.8,0.08,0.91,0.353993,0.303373,0.389004,0.348916
0.8,0.08,0.92,0.357016,0.301167,0.388061,0.351826
0.8,0.08,0.93,0.360016,0.298947,0.387114,0.354711
0.8,0.08,0.94,0.362994,0.296682,0.386164,0.357574
0.8,0.08,0.95,0.36595,0.294387,0.38521,0.360414
0.8,0.08,0.96,0.368883,0.292212,0.384253,0.363231
0.8,0.08,0.97,0.371793,0.289947,0.383292,0.366025
0.8,0.08,0.98,0.374681,0.287652,0.382328,0.368796
0.8,0.08,0.99,0.377547,0.285417,0.381361,0.371543
0.8,0.08,1,0.38039,0.283256,0.38039,0.374268
0.8,0.08,1.01,0.383211,0.280946,0.379417,0.376971
0.8,0.08,1.02,0.386009,0.278726,0.378441,0.37965
0.8,0.08,1.03,0.388785,0.276476,0.377461,0.382306
0.8,0.08,1.04,0.391539,0.274196,0.37648,0.38494
0.8,0.08,1.05,0.39427,0.271976,0.375495,0.387551
0.8,0.08,1.06,0.396979,0.269726,0.374508,0.39014
0.8,0.08,1.07,0.399665,0.26755,0.373519,0.392706
0.8,0.08,1.08,0.402329,0.265285,0.372527,0.39525
0.8,0.08,1.09,0.404971,0.263035,0.371533,0.397771
0.8,0.08,1.1,0.407591,0.260845,0.370537,0.40027
0.8,0.08,1.11,0.410188,0.258625,0.369539,0.402746
0.8,0.08,1.12,0.412764,0.256449,0.368539,0.405201
0.8,0.08,1.13,0.415317,0.254229,0.367537,0.407633
0.8,0.08,1.14,0.417848,0.251979,0.366533,0.410043
0.8,0.08,1.15,0.420357,0.249788,0.365528,0.412431
0.8,0.08,1.16,0.422845,0.247657,0.364521,0.414798
0.8,0.08,1.17,0.42531,0.245467,0.363513,0.417143
0.8,0.08,1.18,0.427753,0.243276,0.362503,0.419466
0.8,0.08,1.19,0.430175,0.241086,0.361492,0.421767
0.8,0.08,1.2,0.432575,0.23894,0.360479,0.424047
0.8,0.08,1.21,0.434953,0.23672,0.359465,0.426305
0.8,0.08,1.22,0.43731,0.234619,0.358451,0.428543
0.8,0.08,1.23,0.439645,0.232473,0.357435,0.430759
0.8,0.08,1.24,0.441959,0.230327,0.356418,0.432954
0.8,0.08,1.25,0.444251,0.228241,0.355401,0.435128
0.8,0.08,1.26,0.446522,0.226006,0.354383,0.437281
0.8,0.08,1.27,0.448772,0.223905,0.353364,0.439413
0.8,0.08,1.28,0.451001,0.221804,0.352344,0.441525
0.8,0.08,1.29,0.453208,0.219658,0.351324,0.443616
0.8,0.08,1.3,0.455395,0.217661,0.350304,0.445686
0.8,0.08,1.31,0.457561,0.215515,0.349283,0.447737
0.8,0.08,1.32,0.459706,0.213489,0.348262,0.449767
0.8,0.08,1.33,0.46183,0.211433,0.347241,0.451777
0.8,0.08,1.34,0.463934,0.209332,0.346219,0.453767
0.8,0.08,1.35,0.466017,0.207275,0.345197,0.455737
0.8,0.08,1.36,0.468079,0.205234,0.344176,0.457687
0.8,0.08,1.37,0.470122,0.203252,0.343154,0.459618
0.8,0.08,1.38,0.472144,0.201195,0.342133,0.461529
0.8,0.08,1.39,0.474146,0.199214,0.341112,0.463421
0.8,0.08,1.4,0.476127,0.197202,0.340091,0.465294
0.8,0.08,1.41,0.478089,0.19522,0.33907,0.467147
0.8,0.08,1.42,0.480031,0.193223,0.33805,0.468982
0.8,0.08,1.43,0.481954,0.191242,0.33703,0.470798
0.8,0.08,1.44,0.483856,0.18926,0.336011,0.472595
0.8,0.08,1.45,0.485739,0.187337,0.334993,0.474373
0.8,0.08,1.46,0.487603,0.185415,0.333975,0.476133
0.8,0.08,1.47,0.489448,0.183493,0.332958,0.477874
0.8,0.08,1.48,0.491273,0.181586,0.331941,0.479598
0.8,0.08,1.49,0.493079,0.179663,0.330925,0.481303
0.8,0.08,1.5,0.494866,0.177801,0.329911,0.48299
0.8,0.08,1.51,0.496634,0.175878,0.328897,0.484659
0.8,0.08,1.52,0.498384,0.174001,0.327884,0.486311
0.8,0.08,1.53,0.500115,0.172108,0.326872,0.487945
0.8,0.08,1.54,0.501827,0.17035,0.325862,0.489562
0.8,0.08,1.55,0.503521,0.168473,0.324852,0.491162
0.8,0.08,1.56,0.505197,0.166625,0.323844,0.492744
0.8,0.08,1.57,0.506854,0.164837,0.322837,0.494309
0.8,0.08,1.58,0.508493,0.163049,0.321831,0.495857
0.8,0.08,1.59,0.510115,0.161231,0.320827,0.497389
0.8,0.08,1.6,0.511718,0.159502,0.319824,0.498904
0.8,0.08,1.61,0.513304,0.157654,0.318823,0.500403
0.8,0.08,1.62,0.514873,0.155985,0.317823,0.501885
0.8,0.08,1.63,0.516424,0.154227,0.316824,0.503351
0.8,0.08,1.64,0.517957,0.152498,0.315828,0.504801
0.8,0.08,1.65,0.519473,0.1508,0.314832,0.506235
0.8,0.08,1.66,0.520973,0.149101,0.313839,0.507653
0.8,0.08,1.67,0.522455,0.147372,0.312847,0.509055
0.8,0.08,1.68,0.52392,0.145674,0.311857,0.510442
0.8,0.08,1.69,0.525369,0.144064,0.310869,0.511813
0.8,0.08,1.7,0.526801,0.142425,0.309883,0.51317
0.8,0.08,1.71,0.528217,0.140697,0.308899,0.514511
0.8,0.08,1.72,0.529616,0.139117,0.307916,0.515837
0.8,0.08,1.73,0.530999,0.137478,0.306936,0.517148
0.8,0.08,1.74,0.532366,0.135928,0.305957,0.518444
0.8,0.08,1.75,0.533716,0.134319,0.304981,0.519726
0.8,0.08,1.76,0.535052,0.13268,0.304007,0.520993
0.8,0.08,1.77,0.536371,0.13116,0.303034,0.522246
0.8,0.08,1.78,0.537674,0.12961,0.302064,0.523485
0.8,0.08,1.79,0.538963,0.128031,0.301096,0.52471
0.8,0.08,1.8,0.540236,0.126511,0.300131,0.52592
0.8,0.08,1.81,0.541493,0.125021,0.299167,0.527117
0.8,0.08,1.82,0.542735,0.123501,0.298206,0.5283
0.8,0.08,1.83,0.543963,0.122011,0.297247,0.52947
0.8,0.08,1.84,0.545176,0.120521,0.296291,0.530626
0.8,0.08,1.85,0.546373,0.11903,0.295337,0.531769
0.8,0.08,1.86,0.547557,0.11757,0.294385,0.532899
0.8,0.08,1.87,0.548725,0.11614,0.293436,0.534015
0.8,0.08,1.88,0.54988,0.114739,0.292489,0.535119
0.8,0.08,1.89,0.55102,0.113279,0.291545,0.53621
0.8,0.08,1.9,0.552146,0.111878,0.290603,0.537288
0.8,0.08,1.91,0.553258,0.110507,0.289664,0.538353
0.8,0.08,1.92,0.554356,0.109106,0.288727,0.539407
0.8,0.08,1.93,0.55544,0.107735,0.287793,0.540447
0.8,0.08,1.94,0.556511,0.106364,0.286861,0.541476
0.8,0.08,1.95,0.557568,0.105023,0.285932,0.542493
0.8,0.08,1.96,0.558612,0.103682,0.285006,0.543497
0.8,0.08,1.97,0.559642,0.102371,0.284082,0.54449
0.8,0.08,1.98,0.56066,0.10103,0.283161,0.545471
0.8,0.08,1.99,0.561664,0.099808,0.282243,0.546441
0.8,0.08,2,0.562655,0.0984669,0.281328,0.547399
0.8,0.08,2.01,0.563634,0.0972748,0.280415,0.548345
0.8,0.08,2.02,0.5646,0.0959039,0.279505,0.549281
0.8,0.08,2.03,0.565553,0.0946522,0.278598,0.550205
0.8,0.08,2.04,0.566494,0.0934303,0.277693,0.551118
0.8,0.08,2.05,0.567423,0.092268,0.276792,0.552021
0.8,0.08,2.06,0.568339,0.0910461,0.275893,0.552913
0.8,0.08,2.07,0.569243,0.0897944,0.274997,0.553794
0.8,0.08,2.08,0.570136,0.0886619,0.274104,0.554664
0.8,0.08,2.09,0.571016,0.08744,0.273214,0.555524
0.8,0.08,2.1,0.571885,0.0862777,0.272326,0.556374
0.8,0.08,2.11,0.572742,0.0851154,0.271442,0.557213
0.8,0.08,2.12,0.573588,0.0839829,0.27056,0.558042
0.8,0.08,2.13,0.574422,0.0828207,0.269682,0.558862
0.8,0.08,2.14,0.575245,0.0817478,0.268806,0.559671
0.8,0.08,2.15,0.576057,0.0805855,0.267933,0.560471
0.8,0.08,2.16,0.576858,0.0795424,0.267064,0.561261
0.8,0.08,2.17,0.577647,0.0784397,0.266197,0.562041
0.8,0.08,2.18,0.578426,0.077337,0.265333,0.562812
0.8,0.08,2.19,0.579194,0.0762939,0.264472,0.563573
0.8,0.08,2.2,0.579952,0.0752211,0.263615,0.564326
0.8,0.08,2.21,0.580699,0.074178,0.26276,0.565069
0.8,0.08,2.22,0.581436,0.0731647,0.261908,0.565803
0.8,0.08,2.23,0.582162,0.0720918,0.261059,0.566528
0.8,0.08,2.24,0.582878,0.0710785,0.260214,0.567244
0.8,0.08,2.25,0.583584,0.0701547,0.259371,0.567951
0.8,0.08,2.26,0.584281,0.0691414,0.258531,0.56865
0.8,0.08,2.27,0.584967,0.0681281,0.257695,0.56934
0.8,0.08,2.28,0.585643,0.0671446,0.256861,0.570022
0.8,0.08,2.29,0.58631,0.0662208,0.256031,0.570695
0.8,0.08,2.3,0.586967,0.0652075,0.255203,0.57136
0.8,0.08,2.31,0.587615,0.0643134,0.254379,0.572017
0.8,0.08,2.32,0.588254,0.0633895,0.253558,0.572666
0.8,0.08,2.33,0.588883,0.0624359,0.252739,0.573306
0.8,0.08,2.34,0.589503,0.0615716,0.251924,0.573939
0.8,0.08,2.35,0.590114,0.0606477,0.251112,0.574564
0.8,0.08,2.36,0.590716,0.0597537,0.250303,0.575181
0.8,0.08,2.37,0.591309,0.0589192,0.249498,0.575791
0.8,0.08,2.38,0.591894,0.0580549,0.248695,0.576392
0.8,0.08,2.39,0.59247,0.0571609,0.247895,0.576987
0.8,0.08,2.4,0.593037,0.0563562,0.247099,0.577574
0.8,0.08,2.41,0.593596,0.0554919,0.246305,0.578154
0.8,0.08,2.42,0.594146,0.0546277,0.245515,0.578726
0.8,0.08,2.43,0.594688,0.053823,0.244728,0.579292
0.8,0.08,2.44,0.595222,0.0530183,0.243943,0.57985
0.8,0.08,2.45,0.595748,0.0521839,0.243162,0.580401
0.8,0.08,2.46,0.596266,0.051409,0.242384,0.580946
0.8,0.08,2.47,0.596776,0.0506043,0.24161,0.581483
0.8,0.08,2.48,0.597278,0.0498295,0.240838,0.582014
0.8,0.08,2.49,0.597772,0.048995,0.240069,0.582538
0.8,0.08,2.5,0.598259,0.0482798,0.239304,0.583056
0.8,0.08,2.51,0.598738,0.0475645,0.238541,0.583567
0.8,0.08,2.52,0.59921,0.0468194,0.237782,0.584072
0.8,0.08,2.53,0.599674,0.0461042,0.237025,0.58457
0.8,0.08,2.54,0.600131,0.0453591,0.236272,0.585062
0.8,0.08,2.55,0.600581,0.0446141,0.235522,0.585548
0.8,0.08,2.56,0.601024,0.043869,0.234775,0.586028
0.8,0.08,2.57,0.60146,0.0432134,0.234031,0.586502
0.8,0.08,2.58,0.601889,0.0425279,0.23329,0.586969
0.8,0.08,2.59,0.602311,0.0418425,0.232552,0.587431
0.8,0.08,2.6,0.602726,0.0411868,0.231818,0.587887
0.8,0.08,2.61,0.603134,0.0405312,0.231086,0.588337
0.8,0.08,2.62,0.603536,0.0398755,0.230357,0.588782
0.8,0.08,2.63,0.603931,0.0392199,0.229632,0.589221
0.8,0.08,2.64,0.60432,0.038594,0.228909,0.589654
0.8,0.08,2.65,0.604703,0.0379682,0.22819,0.590082
0.8,0.08,2.66,0.605079,0.0373125,0.227473,0.590504
0.8,0.08,2.67,0.605449,0.0366867,0.22676,0.590921
0.8,0.08,2.68,0.605813,0.0361204,0.22605,0.591333
0.8,0.08,2.69,0.60617,0.0354648,0.225342,0.591739
0.8,0.08,2.7,0.606522,0.0348985,0.224638,0.59214
0.8,0.08,2.71,0.606868,0.0342727,0.223937,0.592537
0.8,0.08,2.72,0.607208,0.0337362,0.223238,0.592928
0.8,0.08,2.73,0.607542,0.03317,0.222543,0.593314
0.8,0.08,2.74,0.607871,0.0325739,0.221851,0.593695
0.8,0.08,2.75,0.608194,0.0320077,0.221161,0.594071
0.8,0.08,2.76,0.608511,0.0315011,0.220475,0.594443
0.8,0.08,2.77,0.608823,0.030905,0.219792,0.59481
0.8,0.08,2.78,0.60913,0.0303388,0.219111,0.595172
0.8,0.08,2.79,0.609431,0.0298619,0.218434,0.595529
0.8,0.08,2.8,0.609726,0.0293255,0.217759,0.595882
0.8,0.08,2.81,0.610017,0.0287592,0.217088,0.59623
0.8,0.08,2.82,0.610303,0.0282824,0.216419,0.596574
0.8,0.08,2.83,0.610583,0.0278056,0.215754,0.596913
0.8,0.08,2.84,0.610859,0.0273585,0.215091,0.597248
0.8,0.08,2.85,0.611129,0.0267923,0.214431,0.597579
0.8,0.08,2.86,0.611395,0.0263155,0.213774,0.597906
0.8,0.08,2.87,0.611656,0.0258386,0.21312,0.598228
0.8,0.08,2.88,0.611912,0.0253618,0.212469,0.598546
0.8,0.08,2.89,0.612163,0.0248849,0.211821,0.59886
0.8,0.08,2.9,0.61241,0.0244379,0.211176,0.59917
0.8,0.08,2.91,0.612652,0.0240505,0.210533,0.599476
0.8,0.08,2.92,0.61289,0.0235736,0.209894,0.599778
0.8,0.08,2.93,0.613124,0.0231564,0.209257,0.600077
0.8,0.08,2.94,0.613353,0.0227094,0.208623,0.600371
0.8,0.08,2.95,0.613577,0.0222623,0.207992,0.600662
0.8,0.08,2.96,0.613798,0.0218153,0.207364,0.600948
0.8,0.08,2.97,0.614014,0.0214279,0.206739,0.601231
0.8,0.08,2.98,0.614226,0.0210106,0.206116,0.601511
0.8,0.08,2.99,0.614434,0.0205934,0.205496,0.601787
0.8,0.08,3,0.614638,0.0201762,0.204879,0.602059
0.8,0.08,3.01,0.614838,0.0198185,0.204265,0.602328
0.8,0.08,3.02,0.615035,0.0194013,0.203654,0.602593
0.8,0.08,3.03,0.615227,0.0190139,0.203045,0.602855
0.8,0.08,3.04,0.615415,0.0186265,0.202439,0.603113
0.8,0.08,3.05,0.6156,0.0182688,0.201836,0.603368
0.8,0.08,3.06,0.615781,0.017941,0.201236,0.60362
0.8,0.08,3.07,0.615959,0.0175834,0.200638,0.603868
0.8,0.08,3.08,0.616133,0.0171959,0.200043,0.604114
0.8,0.08,3.09,0.616303,0.0168383,0.199451,0.604356
0.8,0.08,3.1,0.61647,0.0165403,0.198861,0.604595
0.8,0.08,3.11,0.616633,0.0161827,0.198274,0.604831
0.8,0.08,3.12,0.616794,0.015825,0.19769,0.605063
0.8,0.08,3.13,0.61695,0.0154972,0.197109,0.605293
0.8,0.08,3.14,0.617104,0.0151694,0.19653,0.60552
0.8,0.08,3.15,0.617254,0.0148118,0.195954,0.605744
0.8,0.08,3.16,0.617401,0.0145435,0.19538,0.605965
0.8,0.08,3.17,0.617545,0.0141859,0.194809,0.606183
0.8,0.08,3.18,0.617686,0.0139475,0.194241,0.606398
0.8,0.08,3.19,0.617824,0.0136197,0.193675,0.60661
0.8,0.08,3.2,0.617959,0.0133514,0.193112,0.60682
0.8,0.08,3.21,0.618091,0.0130832,0.192552,0.607027
0.8,0.08,3.22,0.61822,0.0127554,0.191994,0.607231
0.8,0.08,3.23,0.618346,0.0124872,0.191438,0.607432
0.8,0.08,3.24,0.618469,0.012219,0.190886,0.607631
0.8,0.08,3.25,0.61859,0.0118911,0.190335,0.607827
0.8,0.08,3.26,0.618708,0.0116229,0.189788,0.608021
0.8,0.08,3.27,0.618823,0.0114143,0.189243,0.608212
0.8,0.08,3.28,0.618936,0.0110865,0.1887,0.608401
0.8,0.08,3.29,0.619046,0.0108778,0.18816,0.608587
0.8,0.08,3.3,0.619153,0.0106096,0.187622,0.608771
0.8,0.08,3.31,0.619258,0.010401,0.187087,0.608952
0.8,0.08,3.32,0.61936,0.0100434,0.186554,0.609131
0.8,0.08,3.33,0.61946,0.00989437,0.186024,0.609308
0.8,0.08,3.34,0.619558,0.00962615,0.185496,0.609483
0.8,0.08,3.35,0.619653,0.00944734,0.184971,0.609655
0.8,0.08,3.36,0.619746,0.00920892,0.184448,0.609824
0.8,0.08,3.37,0.619837,0.00891089,0.183928,0.609992
0.8,0.08,3.38,0.619925,0.00882149,0.18341,0.610157
0.8,0.08,3.39,0.620012,0.00855327,0.182894,0.610321
0.8,0.08,3.4,0.620096,0.00837445,0.182381,0.610482
0.8,0.08,3.41,0.620178,0.00810623,0.18187,0.610641
0.8,0.08,3.42,0.620258,0.00789762,0.181362,0.610798
0.8,0.08,3.43,0.620336,0.0076592,0.180856,0.610953
0.8,0.08,3.44,0.620411,0.00748038,0.180352,0.611105
0.8,0.08,3.45,0.620485,0.00733137,0.179851,0.611256
0.8,0.08,3.46,0.620557,0.00709295,0.179352,0.611405
0.8,0.08,3.47,0.620627,0.00691414,0.178855,0.611552
0.8,0.08,3.48,0.620695,0.00670552,0.178361,0.611697
0.8,0.08,3.49,0.620762,0.00652671,0.177869,0.61184
0.8,0.08,3.5,0.620826,0.00634789,0.177379,0.611981
0.8,0.08,3.51,0.620889,0.00619888,0.176891,0.61212
0.8,0.08,3.52,0.62095,0.00604987,0.176406,0.612258
0.8,0.08,3.53,0.621009,0.00584126,0.175923,0.612393
0.8,0.08,3.54,0.621067,0.00572205,0.175443,0.612527
0.8,0.08,3.55,0.621123,0.00554323,0.174964,0.612659
0.8,0.08,3.56,0.621177,0.00536442,0.174488,0.61279
0.8,0.08,3.57,0.62123,0.0051856,0.174014,0.612919
0.8,0.08,3.58,0.621281,0.0050962,0.173542,0.613045
0.8,0.08,3.59,0.621331,0.00488758,0.173073,0.613171
0.8,0.08,3.6,0.621379,0.00476837,0.172605,0.613294
0.8,0.08,3.61,0.621426,0.00461936,0.17214,0.613416
0.8,0.08,3.62,0.621471,0.00447035,0.171677,0.613537
0.8,0.08,3.63,0.621515,0.00429153,0.171216,0.613656
0.8,0.08,3.64,0.621557,0.00417233,0.170758,0.613773
0.8,0.08,3.65,0.621599,0.00408292,0.170301,0.613889
0.8,0.08,3.66,0.621638,0.0039041,0.169847,0.614003
0.8,0.08,3.67,0.621677,0.00375509,0.169394,0.614116
0.8,0.08,3.68,0.621714,0.00369549,0.168944,0.614227
0.8,0.08,3.69,0.62175,0.00348687,0.168496,0.614337
0.8,0.08,3.7,0.621785,0.00336766,0.16805,0.614445
0.8,0.08,3.71,0.621819,0.00324845,0.167606,0.614552
0.8,0.08,3.72,0.621851,0.00321865,0.167164,0.614657
0.8,0.08,3.73,0.621883,0.00309944,0.166725,0.614761
0.8,0.08,3.74,0.621913,0.00298023,0.166287,0.614864
0.8,0.08,3.75,0.621942,0.00283122,0.165851,0.614965
0.8,0.08,3.76,0.62197,0.00277162,0.165418,0.615065
0.8,0.08,3.77,0.621997,0.00265241,0.164986,0.615164
0.8,0.08,3.78,0.622023,0.0025034,0.164556,0.615261
0.8,0.08,3.79,0.622048,0.00247359,0.164129,0.615357
0.8,0.08,3.8,0.622072,0.00235438,0.163703,0.615452
0.8,0.08,3.81,0.622095,0.00226498,0.16328,0.615546
0.8,0.08,3.82,0.622117,0.00217557,0.162858,0.615638
0.8,0.08,3.83,0.622139,0.00208616,0.162438,0.615729
0.8,0.08,3.84,0.622159,0.00202656,0.162021,0.615819
0.8,0.08,3.85,0.622179,0.00190735,0.161605,0.615908
0.8,0.08,3.86,0.622198,0.00184774,0.161191,0.615995
0.8,0.08,3.87,0.622216,0.00172853,0.160779,0.616082
0.8,0.08,3.88,0.622233,0.00160933,0.160369,0.616167
0.8,0.08,3.89,0.622249,0.00157952,0.159961,0.616251
0.8,0.08,3.9,0.622265,0.00157952,0.159555,0.616334
0.8,0.08,3.91,0.62228,0.00149012,0.159151,0.616416
0.8,0.08,3.92,0.622294,0.00140071,0.158748,0.616497
0.8,0.08,3.93,0.622308,0.0013411,0.158348,0.616577
0.8,0.08,3.94,0.622321,0.0012815,0.157949,0.616655
0.8,0.08,3.95,0.622333,0.00119209,0.157553,0.616733
0.8,0.08,3.96,0.622344,0.00116229,0.157158,0.61681
0.8,0.08,3.97,0.622355,0.00101328,0.156765,0.616885
0.8,0.08,3.98,0.622366,0.000983477,0.156373,0.61696
0.8,0.08,3.99,0.622376,0.000983477,0.155984,0.617034
0.8,0.08,4,0.622385,0.000953674,0.155596,0.617106
0.8,0.25,-4,-0.795365,0.00464916,0.198841,-0.787138
0.8,0.25,-3.99,-0.795318,0.00476837,0.199328,-0.787016
0.8,0.25,-3.98,-0.79527,0.00488758,0.199816,-0.786892
0.8,0.25,-3.97,-0.795219,0.0050962,0.200307,-0.786766
0.8,0.25,-3.96,-0.795168,0.00527501,0.2008,-0.786638
0.8,0.25,-3.95,-0.795115,0.00542402,0.201295,-0.786509
0.8,0.25,-3.94,-0.79506,0.00557303,0.201792,-0.786378
0.8,0.25,-3.93,-0.795003,0.00575185,0.202291,-0.786246
0.8,0.25,-3.92,-0.794945,0.00590086,0.202792,-0.786111
0.8,0.25,-3.91,-0.794886,0.00604987,0.203296,-0.785975
0.8,0.25,-3.9,-0.794824,0.00622869,0.203801,-0.785837
0.8,0.25,-3.89,-0.794761,0.0063777,0.204309,-0.785697
0.8,0.25,-3.88,-0.794696,0.00661612,0.204818,-0.785556
0.8,0.25,-3.87,-0.794629,0.00673532,0.20533,-0.785412
0.8,0.25,-3.86,-0.79456,0.00694394,0.205845,-0.785267
0.8,0.25,-3.85,-0.79449,0.00712276,0.206361,-0.785119
0.8,0.25,-3.84,-0.794417,0.00730157,0.206879,-0.78497
0.8,0.25,-3.83,-0.794343,0.00756979,0.2074,-0.784818
0.8,0.25,-3.82,-0.794266,0.0077486,0.207923,-0.784665
0.8,0.25,-3.81,-0.794188,0.00792742,0.208448,-0.78451
0.8,0.25,-3.8,-0.794107,0.00822544,0.208976,-0.784352
0.8,0.25,-3.79,-0.794025,0.00840425,0.209505,-0.784193
0.8,0.25,-3.78,-0.79394,0.00858307,0.210037,-0.784031
0.8,0.25,-3.77,-0.793853,0.00882149,0.210571,-0.783867
0.8,0.25,-3.76,-0.793764,0.0090003,0.211107,-0.783701
0.8,0.25,-3.75,-0.793673,0.00923872,0.211646,-0.783533
0.8,0.25,-3.74,-0.793579,0.00950694,0.212187,-0.783362
0.8,0.25,-3.73,-0.793483,0.00974536,0.21273,-0.78319
0.8,0.25,-3.72,-0.793385,0.00989437,0.213276,-0.783014
0.8,0.25,-3.71,-0.793284,0.0102222,0.213823,-0.782837
0.8,0.25,-3.7,-0.793181,0.0104308,0.214373,-0.782657
0.8,0.25,-3.69,-0.793075,0.0106692,0.214926,-0.782475
0.8,0.25,-3.68,-0.792967,0.0109375,0.21548,-0.782291
0.8,0.25,-3.67,-0.792857,0.0112355,0.216037,-0.782104
0.8,0.25,-3.66,-0.792743,0.0114143,0.216597,-0.781915
0.8,0.25,-3.65,-0.792627,0.0117421,0.217158,-0.781723
0.8,0.25,-3.64,-0.792509,0.0120997,0.217722,-0.781528
0.8,0.25,-3.63,-0.792387,0.0122786,0.218288,-0.781331
0.8,0.25,-3.62,-0.792263,0.0125468,0.218857,-0.781132
0.8,0.25,-3.61,-0.792136,0.012815,0.219428,-0.780929
0.8,0.25,-3.6,-0.792006,0.0131428,0.220002,-0.780724
0.8,0.25,-3.59,-0.791874,0.0134408,0.220578,-0.780517
0.8,0.25,-3.58,-0.791738,0.0137687,0.221156,-0.780306
0.8,0.25,-3.57,-0.791599,0.0140369,0.221736,-0.780093
0.8,0.25,-3.56,-0.791457,0.0142455,0.222319,-0.779877
0.8,0.25,-3.55,-0.791312,0.0146329,0.222905,-0.779658
0.8,0.25,-3.54,-0.791164,0.0149608,0.223493,-0.779437
0.8,0.25,-3.53,-0.791013,0.0152588,0.224083,-0.779212
0.8,0.25,-3.52,-0.790859,0.0156164,0.224676,-0.778984
0.8,0.25,-3.51,-0.790701,0.0159442,0.225271,-0.778754
0.8,0.25,-3.5,-0.79054,0.0162721,0.225869,-0.77852
0.8,0.25,-3.49,-0.790376,0.0166297,0.226469,-0.778283
0.8,0.25,-3.48,-0.790208,0.0169873,0.227071,-0.778044
0.8,0.25,-3.47,-0.790036,0.017345,0.227676,-0.777801
0.8,0.25,-3.46,-0.789861,0.0176728,0.228284,-0.777554
0.8,0.25,-3.45,-0.789683,0.0180006,0.228894,-0.777305
0.8,0.25,-3.44,-0.789501,0.0184476,0.229506,-0.777052
0.8,0.25,-3.43,-0.789315,0.0187755,0.230121,-0.776796
0.8,0.25,-3.42,-0.789125,0.0191927,0.230738,-0.776537
0.8,0.25,-3.41,-0.788932,0.0196099,0.231358,-0.776274
0.8,0.25,-3.4,-0.788734,0.019908,0.231981,-0.776008
0.8,0.25,-3.39,-0.788533,0.0202954,0.232606,-0.775738
0.8,0.25,-3.38,-0.788328,0.0207424,0.233233,-0.775465
0.8,0.25,-3.37,-0.788119,0.0211,0.233863,-0.775188
0.8,0.25,-3.36,-0.787906,0.0215173,0.234496,-0.774908
0.8,0.25,-3.35,-0.787688,0.0219345,0.235131,-0.774623
0.8,0.25,-3.34,-0.787466,0.0223815,0.235768,-0.774336
0.8,0.25,-3.33,-0.787241,0.022769,0.236409,-0.774044
0.8,0.25,-3.32,-0.78701,0.0232458,0.237051,-0.773748
0.8,0.25,-3.31,-0.786776,0.0236332,0.237697,-0.773449
0.8,0.25,-3.3,-0.786537,0.0241399,0.238344,-0.773146
0.8,0.25,-3.29,-0.786293,0.0246167,0.238995,-0.772839
0.8,0.25,-3.28,-0.786045,0.0250936,0.239648,-0.772528
0.8,0.25,-3.27,-0.785792,0.025481,0.240303,-0.772212
0.8,0.25,-3.26,-0.785535,0.0259876,0.240962,-0.771893
0.8,0.25,-3.25,-0.785272,0.0264645,0.241622,-0.771569
0.8,0.25,-3.24,-0.785005,0.0269413,0.242286,-0.771242
0.8,0.25,-3.23,-0.784733,0.0273883,0.242951,-0.77091
0.8,0.25,-3.22,-0.784456,0.027895,0.24362,-0.770573
0.8,0.25,-3.21,-0.784175,0.0284314,0.244291,-0.770233
0.8,0.25,-3.2,-0.783888,0.0289679,0.244965,-0.769888
0.8,0.25,-3.19,-0.783595,0.0294447,0.245641,-0.769538
0.8,0.25,-3.18,-0.783298,0.0300109,0.24632,-0.769184
0.8,0.25,-3.17,-0.782995,0.0305474,0.247002,-0.768825
0.8,0.25,-3.16,-0.782687,0.0310838,0.247686,-0.768462
0.8,0.25,-3.15,-0.782374,0.0316203,0.248373,-0.768094
0.8,0.25,-3.14,-0.782055,0.0321865,0.249062,-0.767721
0.8,0.25,-3.13,-0.78173,0.0327229,0.249754,-0.767343
0.8,0.25,-3.12,-0.7814,0.0332892,0.250449,-0.766961
0.8,0.25,-3.11,-0.781064,0.0338554,0.251146,-0.766573
0.8,0.25,-3.1,-0.780723,0.0344217,0.251846,-0.766181
0.8,0.25,-3.09,-0.780375,0.0350177,0.252549,-0.765783
0.8,0.25,-3.08,-0.780022,0.0356734,0.253254,-0.76538
0.8,0.25,-3.07,-0.779662,0.0362098,0.253962,-0.764972
0.8,0.25,-3.06,-0.779297,0.0368357,0.254672,-0.764559
0.8,0.25,-3.05,-0.778925,0.0374913,0.255385,-0.764141
0.8,0.25,-3.04,-0.778547,0.0381172,0.256101,-0.763717
0.8,0.25,-3.03,-0.778163,0.0387132,0.256819,-0.763287
0.8,0.25,-3.02,-0.777772,0.0393987,0.25754,-0.762852
0.8,0.25,-3.01,-0.777375,0.0400543,0.258264,-0.762412
0.8,0.25,-3,-0.776971,0.0406802,0.25899,-0.761966
0.8,0.25,-2.99,-0.776561,0.0413656,0.259719,-0.761514
0.8,0.25,-2.98,-0.776144,0.0420511,0.260451,-0.761056
0.8,0.25,-2.97,-0.77572,0.0427365,0.261185,-0.760593
0.8,0.25,-2.96,-0.775289,0.0434518,0.261922,-0.760124
0.8,0.25,-2.95,-0.774851,0.0441372,0.262661,-0.759648
0.8,0.25,-2.94,-0.774406,0.0448227,0.263404,-0.759167
0.8,0.25,-2.93,-0.773954,0.0455678,0.264148,-0.758679
0.8,0.25,-2.92,-0.773495,0.046283,0.264896,-0.758185
0.8,0.25,-2.91,-0.773029,0.0470281,0.265646,-0.757685
0.8,0.25,-2.9,-0.772555,0.0478029,0.266398,-0.757178
0.8,0.25,-2.89,-0.772074,0.0485182,0.267153,-0.756665
0.8,0.25,-2.88,-0.771585,0.0492632,0.267911,-0.756146
0.8,0.25,-2.87,-0.771088,0.0500083,0.268672,-0.75562
0.8,0.25,-2.86,-0.770584,0.0508428,0.269435,-0.755087
0.8,0.25,-2.85,-0.770071,0.0515878,0.2702,-0.754547
0.8,0.25,-2.84,-0.769551,0.0524223,0.270969,-0.754001
0.8,0.25,-2.83,-0.769023,0.0532269,0.27174,-0.753448
0.8,0.25,-2.82,-0.768487,0.0540614,0.272513,-0.752887
0.8,0.25,-2.81,-0.767942,0.0548661,0.273289,-0.75232
0.8,0.25,-2.8,-0.76739,0.0556409,0.274068,-0.751745
0.8,0.25,-2.79,-0.766828,0.056535,0.274849,-0.751164
0.8,0.25,-2.78,-0.766259,0.0573993,0.275633,-0.750574
0.8,0.25,-2.77,-0.76568,0.0582635,0.276419,-0.749978
0.8,0.25,-2.76,-0.765094,0.059098,0.277208,-0.749374
0.8,0.25,-2.75,-0.764498,0.0600219,0.277999,-0.748762
0.8,0.25,-2.74,-0.763893,0.0609457,0.278793,-0.748143
0.8,0.25,-2.73,-0.76328,0.0617802,0.27959,-0.747516
0.8,0.25,-2.72,-0.762657,0.0627637,0.280389,-0.746881
0.8,0.25,-2.71,-0.762025,0.063628,0.28119,-0.746238
0.8,0.25,-2.7,-0.761384,0.0645816,0.281994,-0.745587
0.8,0.25,-2.69,-0.760733,0.0655055,0.282801,-0.744928
0.8,0.25,-2.68,-0.760073,0.0664592,0.283609,-0.74426
0.8,0.25,-2.67,-0.759404,0.0674129,0.284421,-0.743585
0.8,0.25,-2.66,-0.758725,0.0683665,0.285235,-0.7429
0.8,0.25,-2.65,-0.758036,0.0694394,0.286051,-0.742208
0.8,0.25,-2.64,-0.757337,0.0703633,0.28687,-0.741507
0.8,0.25,-2.63,-0.756628,0.0714362,0.287691,-0.740797
0.8,0.25,-2.62,-0.755908,0.0724196,0.288515,-0.740078
0.8,0.25,-2.61,-0.755179,0.0734329,0.289341,-0.739351
0.8,0.25,-2.6,-0.75444,0.074476,0.290169,-0.738614
0.8,0.25,-2.59,-0.753689,0.0755787,0.291,-0.737868
0.8,0.25,-2.58,-0.752929,0.076592,0.291833,-0.737113
0.8,0.25,-2.57,-0.752158,0.0776649,0.292668,-0.736349
0.8,0.25,-2.56,-0.751376,0.0787973,0.293506,-0.735576
0.8,0.25,-2.55,-0.750583,0.0798702,0.294346,-0.734793
0.8,0.25,-2.54,-0.749779,0.0809431,0.295189,-0.734
0.8,0.25,-2.53,-0.748964,0.0821054,0.296033,-0.733197
0.8,0.25,-2.52,-0.748138,0.0832081,0.29688,-0.732385
0.8,0.25,-2.51,-0.7473,0.084281,0.297729,-0.731563
0.8,0.25,-2.5,-0.746451,0.0854433,0.298581,-0.730731
0.8,0.25,-2.49,-0.745591,0.0866055,0.299434,-0.729888
0.8,0.25,-2.48,-0.744719,0.0877976,0.30029,-0.729036
0.8,0.25,-2.47,-0.743835,0.0889897,0.301148,-0.728173
0.8,0.25,-2.46,-0.742939,0.090152,0.302008,-0.727299
0.8,0.25,-2.45,-0.742032,0.0914335,0.30287,-0.726415
0.8,0.25,-2.44,-0.741112,0.0926256,0.303734,-0.725521
0.8,0.25,-2.43,-0.740179,0.0938475,0.304601,-0.724615
0.8,0.25,-2.42,-0.739235,0.0950396,0.305469,-0.723699
0.8,0.25,-2.41,-0.738278,0.0963211,0.306339,-0.722771
0.8,0.25,-2.4,-0.737309,0.0976324,0.307212,-0.721833
0.8,0.25,-2.39,-0.736326,0.0988245,0.308086,-0.720883
0.8,0.25,-2.38,-0.735331,0.100166,0.308963,-0.719921
0.8,0.25,-2.37,-0.734323,0.101477,0.309841,-0.718949
0.8,0.25,-2.36,-0.733302,0.102818,0.310721,-0.717964
0.8,0.25,-2.35,-0.732268,0.104129,0.311603,-0.716968
0.8,0.25,-2.34,-0.73122,0.10547,0.312487,-0.71596
0.8,0.25,-2.33,-0.730159,0.106782,0.313373,-0.71494
0.8,0.25,-2.32,-0.729085,0.108123,0.314261,-0.713908
0.8,0.25,-2.31,-0.727996,0.109494,0.31515,-0.712863
0.8,0.25,-2.3,-0.726894,0.110894,0.316041,-0.711807
0.8,0.25,-2.29,-0.725778,0.112265,0.316934,-0.710738
0.8,0.25,-2.28,-0.724648,0.113696,0.317828,-0.709656
0.8,0.25,-2.27,-0.723504,0.115156,0.318724,-0.708561
0.8,0.25,-2.26,-0.722346,0.116557,0.319622,-0.707454
0.8,0.25,-2.25,-0.721173,0.118017,0.320521,-0.706334
0.8,0.25,-2.24,-0.719985,0.119418,0.321422,-0.7052
0.8,0.25,-2.23,-0.718783,0.120908,0.322324,-0.704054
0.8,0.25,-2.22,-0.717567,0.122398,0.323228,-0.702894
0.8,0.25,-2.21,-0.716335,0.123948,0.324133,-0.70172
0.8,0.25,-2.2,-0.715088,0.125438,0.32504,-0.700533
0.8,0.25,-2.19,-0.713826,0.127017,0.325948,-0.699332
0.8,0.25,-2.18,-0.712549,0.128508,0.326857,-0.698118
0.8,0.25,-2.17,-0.711256,0.130087,0.327768,-0.696889
0.8,0.25,-2.16,-0.709948,0.131547,0.32868,-0.695646
0.8,0.25,-2.15,-0.708625,0.133187,0.329593,-0.694389
0.8,0.25,-2.14,-0.707285,0.134706,0.330507,-0.693118
0.8,0.25,-2.13,-0.70593,0.136375,0.331422,-0.691832
0.8,0.25,-2.12,-0.704558,0.137925,0.332339,-0.690531
0.8,0.25,-2.11,-0.703171,0.139505,0.333256,-0.689216
0.8,0.25,-2.1,-0.701767,0.141144,0.334175,-0.687886
0.8,0.25,-2.09,-0.700346,0.142813,0.335094,-0.68654
0.8,0.25,-2.08,-0.69891,0.144571,0.336014,-0.68518
0.8,0.25,-2.07,-0.697456,0.14618,0.336935,-0.683804
0.8,0.25,-2.06,-0.695986,0.147879,0.337857,-0.682413
0.8,0.25,-2.05,-0.694499,0.149578,0.33878,-0.681006
0.8,0.25,-2.04,-0.692995,0.151247,0.339703,-0.679583
0.8,0.25,-2.03,-0.691474,0.153005,0.340627,-0.678145
0.8,0.25,-2.02,-0.689935,0.154674,0.341552,-0.67669
0.8,0.25,-2.01,-0.688379,0.156462,0.342477,-0.67522
0.8,0.25,-2,-0.686806,0.158221,0.343403,-0.673733
0.8,0.25,-1.99,-0.685215,0.159949,0.344329,-0.67223
0.8,0.25,-1.98,-0.683606,0.161767,0.345256,-0.67071
0.8,0.25,-1.97,-0.68198,0.163525,0.346183,-0.669173
0.8,0.25,-1.96,-0.680335,0.165373,0.34711,-0.66762
0.8,0.25,-1.95,-0.678673,0.167161,0.348037,-0.66605
0.8,0.25,-1.94,-0.676992,0.168979,0.348965,-0.664463
0.8,0.25,-1.93,-0.675292,0.170767,0.349892,-0.662859
0.8,0.25,-1.92,-0.673575,0.172645,0.35082,-0.661237
0.8,0.25,-1.91,-0.671839,0.174552,0.351748,-0.659598
0.8,0.25,-1.9,-0.670084,0.1764,0.352676,-0.657941
0.8,0.25,-1.89,-0.66831,0.178277,0.353603,-0.656266
0.8,0.25,-1.88,-0.666518,0.180215,0.354531,-0.654574
0.8,0.25,-1.87,-0.664706,0.182092,0.355458,-0.652864
0.8,0.25,-1.86,-0.662875,0.184,0.356385,-0.651135
0.8,0.25,-1.85,-0.661026,0.185996,0.357311,-0.649388
0.8,0.25,-1.84,-0.659156,0.187844,0.358237,-0.647623
0.8,0.25,-1.83,-0.657268,0.189871,0.359163,-0.64584
0.8,0.25,-1.82,-0.655359,0.191778,0.360088,-0.644037
0.8,0.25,-1.81,-0.653431,0.193775,0.361012,-0.642216
0.8,0.25,-1.8,-0.651484,0.195742,0.361935,-0.640376
0.8,0.25,-1.79,-0.649516,0.197679,0.362858,-0.638517
0.8,0.25,-1.78,-0.647529,0.199795,0.36378,-0.636639
0.8,0.25,-1.77,-0.645521,0.201762,0.364701,-0.634742
0.8,0.25,-1.76,-0.643493,0.203758,0.365621,-0.632825
0.8,0.25,-1.75,-0.641445,0.205815,0.36654,-0.630888
0.8,0.25,-1.74,-0.639376,0.207871,0.367458,-0.628932
0.8,0.25,-1.73,-0.637287,0.209957,0.368374,-0.626957
0.8,0.25,-1.72,-0.635178,0.211984,0.36929,-0.624961
0.8,0.25,-1.71,-0.633048,0.21404,0.370203,-0.622945
0.8,0.25,-1.7,-0.630897,0.216156,0.371116,-0.620909
0.8,0.25,-1.69,-0.628725,0.218213,0.372027,-0.618853
0.8,0.25,-1.68,-0.626533,0.220299,0.372936,-0.616777
0.8,0.25,-1.67,-0.624319,0.222385,0.373844,-0.61468
0.8,0.25,-1.66,-0.622084,0.224501,0.374749,-0.612562
0.8,0.25,-1.65,-0.619828,0.226617,0.375654,-0.610424
0.8,0.25,-1.64,-0.617551,0.228763,0.376556,-0.608265
0.8,0.25,-1.63,-0.615253,0.230968,0.377456,-0.606085
0.8,0.25,-1.62,-0.612933,0.233054,0.378354,-0.603884
0.8,0.25,-1.61,-0.610592,0.23517,0.379249,-0.601662
0.8,0.25,-1.6,-0.608229,0.237375,0.380143,-0.599419
0.8,0.25,-1.59,-0.605844,0.239521,0.381034,-0.597154
0.8,0.25,-1.58,-0.603438,0.241697,0.381923,-0.594868
0.8,0.25,-1.57,-0.60101,0.243902,0.382809,-0.592561
0.8,0.25,-1.56,-0.59856,0.246048,0.383693,-0.590231
0.8,0.25,-1.55,-0.596089,0.248253,0.384574,-0.587881
0.8,0.25,-1.54,-0.593596,0.250429,0.385452,-0.585508
0.8,0.25,-1.53,-0.59108,0.252604,0.386327,-0.583113
0.8,0.25,-1.52,-0.588543,0.254869,0.387199,-0.580697
0.8,0.25,-1.51,-0.585983,0.257105,0.388068,-0.578258
0.8,0.25,-1.5,-0.583401,0.25925,0.388934,-0.575797
0.8,0.25,-1.49,-0.580798,0.261456,0.389797,-0.573315
0.8,0.25,-1.48,-0.578172,0.263691,0.390656,-0.570809
0.8,0.25,-1.47,-0.575523,0.265956,0.391512,-0.568282
0.8,0.25,-1.46,-0.572853,0.268191,0.392365,-0.565732
0.8,0.25,-1.45,-0.57016,0.270337,0.393214,-0.563159
0.8,0.25,-1.44,-0.567445,0.272632,0.394059,-0.560564
0.8,0.25,-1.43,-0.564707,0.274867,0.3949,-0.557947
0.8,0.25,-1.42,-0.561947,0.277102,0.395738,-0.555306
0.8,0.25,-1.41,-0.559165,0.279337,0.396571,-0.552643
0.8,0.25,-1.4,-0.55636,0.281543,0.3974,-0.549957
0.8,0.25,-1.39,-0.553533,0.283778,0.398225,-0.547249
0.8,0.25,-1.38,-0.550683,0.286132,0.399046,-0.544517
0.8,0.25,-1.37,-0.547811,0.288308,0.399862,-0.541763
0.8,0.25,-1.36,-0.544917,0.290573,0.400674,-0.538985
0.8,0.25,-1.35,-0.542,0.292808,0.401481,-0.536185
0.8,0.25,-1.34,-0.53906,0.295103,0.402284,-0.533362
0.8,0.25,-1.33,-0.536099,0.297308,0.403082,-0.530515
0.8,0.25,-1.32,-0.533114,0.299573,0.403874,-0.527646
0.8,0.25,-1.31,-0.530107,0.301749,0.404662,-0.524753
0.8,0.25,-1.3,-0.527078,0.304043,0.405445,-0.521838
0.8,0.25,-1.29,-0.524027,0.306278,0.406222,-0.518899
0.8,0.25,-1.28,-0.520953,0.308514,0.406994,-0.515937
0.8,0.25,-1.27,-0.517857,0.310689,0.407761,-0.512952
0.8,0.25,-1.26,-0.514738,0.312924,0.408522,-0.509944
0.8,0.25,-1.25,-0.511597,0.31516,0.409278,-0.506913
0.8,0.25,-1.24,-0.508434,0.317395,0.410028,-0.503858
0.8,0.25,-1.23,-0.505249,0.31966,0.410772,-0.500781
0.8,0.25,-1.22,-0.502042,0.321805,0.41151,-0.497681
0.8,0.25,-1.21,-0.498813,0.324026,0.412242,-0.494557
0.8,0.25,-1.2,-0.495561,0.326261,0.412968,-0.491411
0.8,0.25,-1.19,-0.492288,0.328422,0.413687,-0.488241
0.8,0.25,-1.18,-0.488993,0.330627,0.414401,-0.485049
0.8,0.25,-1.17,-0.485676,0.332817,0.415108,-0.481833
0.8,0.25,-1.16,-0.482337,0.334993,0.415808,-0.478595
0.8,0.25,-1.15,-0.478977,0.337124,0.416502,-0.475334
0.8,0.25,-1.14,-0.475595,0.339285,0.417188,-0.47205
0.8,0.25,-1.13,-0.472191,0.34143,0.417868,-0.468744
0.8,0.25,-1.12,-0.468766,0.343561,0.418541,-0.465415
0.8,0.25,-1.11,-0.46532,0.345677,0.419207,-0.462063
0.8,0.25,-1.1,-0.461853,0.347778,0.419866,-0.458689
0.8,0.25,-1.09,-0.458364,0.349879,0.420518,-0.455292
0.8,0.25,-1.08,-0.454855,0.351995,0.421162,-0.451873
0.8,0.25,-1.07,-0.451325,0.354096,0.421799,-0.448432
0.8,0.25,-1.06,-0.447773,0.356138,0.422428,-0.444969
0.8,0.25,-1.05,-0.444201,0.358194,0.423049,-0.441484
0.8,0.25,-1.04,-0.440609,0.36028,0.423663,-0.437976
0.8,0.25,-1.03,-0.436997,0.362262,0.424268,-0.434447
0.8,0.25,-1.02,-0.433364,0.364304,0.424866,-0.430897
0.8,0.25,-1.01,-0.429711,0.36633,0.425456,-0.427325
0.8,0.25,-1,-0.426037,0.368327,0.426037,-0.423731
0.8,0.25,-0.99,-0.422345,0.370294,0.426611,-0.420116
0.8,0.25,-0.98,-0.418632,0.372216,0.427176,-0.41648
0.8,0.25,-0.97,-0.4149,0.374168,0.427732,-0.412822
0.8,0.25,-0.96,-0.411149,0.376105,0.42828,-0.409144
0.8,0.25,-0.95,-0.407378,0.378013,0.428819,-0.405446
0.8,0.25,-0.94,-0.403588,0.37989,0.429349,-0.401726
0.8,0.25,-0.93,-0.39978,0.381783,0.429871,-0.397987
0.8,0.25,-0.92,-0.395953,0.38363,0.430384,-0.394227
0.8,0.25,-0.91,-0.392107,0.385508,0.430887,-0.390447
0.8,0.25,-0.9,-0.388244,0.387326,0.431382,-0.386647
0.8,0.25,-0.89,-0.384362,0.389099,0.431867,-0.382827
0.8,0.25,-0.88,-0.380462,0.390872,0.432343,-0.378988
0.8,0.25,-0.87,-0.376544,0.392631,0.432809,-0.37513
0.8,0.25,-0.86,-0.372609,0.394344,0.433267,-0.371253
0.8,0.25,-0.85,-0.368657,0.396103,0.433714,-0.367357
0.8,0.25,-0.84,-0.364688,0.397757,0.434152,-0.363442
0.8,0.25,-0.83,-0.360702,0.399426,0.43458,-0.359509
0.8,0.25,-0.82,-0.356699,0.401095,0.434999,-0.355557
0.8,0.25,-0.81,-0.35268,0.402704,0.435407,-0.351588
0.8,0.25,-0.8,-0.348644,0.404343,0.435806,-0.347601
0.8,0.25,-0.79,-0.344593,0.405937,0.436194,-0.343597
0.8,0.25,-0.78,-0.340526,0.407502,0.436572,-0.339575
0.8,0.25,-0.77,-0.336444,0.409022,0.43694,-0.335536
0.8,0.25,-0.76,-0.332347,0.410467,0.437298,-0.331481
0.8,0.25,-0.75,-0.328234,0.411958,0.437646,-0.327409
0.8,0.25,-0.74,-0.324107,0.413418,0.437983,-0.323321
0.8,0.25,-0.73,-0.319966,0.414848,0.438309,-0.319217
0.8,0.25,-0.72,-0.31581,0.416279,0.438625,-0.315097
0.8,0.25,-0.71,-0.311641,0.41765,0.43893,-0.310963
0.8,0.25,-0.7,-0.307458,0.418961,0.439225,-0.306813
0.8,0.25,-0.69,-0.303261,0.420302,0.439509,-0.302648
0.8,0.25,-0.68,-0.299052,0.421584,0.439782,-0.298469
0.8,0.25,-0.67,-0.29483,0.42285,0.440044,-0.294276
0.8,0.25,-0.66,-0.290595,0.424087,0.440295,-0.290068
0.8,0.25,-0.65,-0.286348,0.425309,0.440536,-0.285848
0.8,0.25,-0.64,-0.282089,0.426471,0.440765,-0.281614
0.8,0.25,-0.63,-0.277819,0.427604,0.440983,-0.277367
0.8,0.25,-0.62,-0.273538,0.428692,0.44119,-0.273108
0.8,0.25,-0.61,-0.269245,0.429794,0.441385,-0.268836
0.8,0.25,-0.6,-0.264942,0.430852,0.44157,-0.264553
0.8,0.25,-0.59,-0.260628,0.431865,0.441742,-0.260258
0.8,0.25,-0.58,-0.256304,0.432849,0.441904,-0.255952
0.8,0.25,-0.57,-0.251971,0.433818,0.442055,-0.251635
0.8,0.25,-0.56,-0.247628,0.434719,0.442193,-0.247307
0.8,0.25,-0.55,-0.243276,0.435628,0.442321,-0.24297
0.8,0.25,-0.54,-0.238916,0.4365,0.442436,-0.238622
0.8,0.25,-0.53,-0.234547,0.437327,0.442541,-0.234265
0.8,0.25,-0.52,-0.230169,0.438131,0.442633,-0.229899
0.8,0.25,-0.51,-0.225784,0.438854,0.442714,-0.225524
0.8,0.25,-0.5,-0.221392,0.439592,0.442784,-0.221141
0.8,0.25,-0.49,-0.216992,0.4403,0.442841,-0.21675
0.8,0.25,-0.48,-0.212586,0.440963,0.442887,-0.212351
0.8,0.25,-0.47,-0.208173,0.441574,0.442922,-0.207945
0.8,0.25,-0.46,-0.203754,0.442192,0.442944,-0.203533
0.8,0.25,-0.45,-0.19933,0.442751,0.442955,-0.199114
0.8,0.25,-0.44,-0.1949,0.443265,0.442954,-0.194688
0.8,0.25,-0.43,-0.190464,0.443749,0.442941,-0.190257
0.8,0.25,-0.42,-0.186025,0.444189,0.442916,-0.185821
0.8,0.25,-0.41,-0.181581,0.444621,0.442879,-0.18138
0.8,0.25,-0.4,-0.177132,0.445016,0.442831,-0.176935
0.8,0.25,-0.39,-0.172681,0.445351,0.442771,-0.172485
0.8,0.25,-0.38,-0.168225,0.445671,0.442699,-0.168031
0.8,0.25,-0.37,-0.163767,0.445955,0.442615,-0.163575
0.8,0.25,-0.36,-0.159307,0.446185,0.442519,-0.159115
0.8,0.25,-0.35,-0.154844,0.446394,0.442411,-0.154653
0.8,0.25,-0.34,-0.150379,0.446565,0.442291,-0.150189
0.8,0.25,-0.33,-0.145913,0.446692,0.44216,-0.145723
0.8,0.25,-0.32,-0.141445,0.446796,0.442017,-0.141255
0.8,0.25,-0.31,-0.136977,0.446849,0.441862,-0.136787
0.8,0.25,-0.3,-0.132508,0.446878,0.441695,-0.132319
0.8,0.25,-0.29,-0.12804,0.446878,0.441516,-0.12785
0.8,0.25,-0.28,-0.123571,0.446815,0.441326,-0.123381
0.8,0.25,-0.27,-0.119103,0.446744,0.441123,-0.118914
0.8,0.25,-0.26,-0.114636,0.446625,0.440909,-0.114447
0.8,0.25,-0.25,-0.110171,0.446476,0.440684,-0.109982
0.8,0.25,-0.24,-0.105707,0.446286,0.440446,-0.105519
0.8,0.25,-0.23,-0.101245,0.446063,0.440197,-0.101058
0.8,0.25,-0.22,-0.096786,0.445798,0.439936,-0.0965996
0.8,0.25,-0.21,-0.0923294,0.445496,0.439664,-0.0921446
0.8,0.25,-0.2,-0.087876,0.44518,0.43938,-0.0876931
0.8,0.25,-0.19,-0.083426,0.444803,0.439084,-0.0832455
0.8,0.25,-0.18,-0.0789799,0.444397,0.438777,-0.0788022
0.8,0.25,-0.17,-0.074538,0.443965,0.438459,-0.0743636
0.8,0.25,-0.16,-0.0701007,0.443496,0.438129,-0.0699301
0.8,0.25,-0.15,-0.0656682,0.442989,0.437788,-0.0655021
0.8,0.25,-0.14,-0.0612409,0.442455,0.437435,-0.06108
0.8,0.25,-0.13,-0.0568193,0.441875,0.437071,-0.0566642
0.8,0.25,-0.12,-0.0524035,0.441264,0.436696,-0.052255
0.8,0.25,-0.11,-0.0479941,0.44062,0.43631,-0.0478528
0.8,0.25,-0.1,-0.0435912,0.439942,0.435912,-0.0434581
0.8,0.25,-0.09,-0.0391953,0.43924,0.435504,-0.0390712
0.8,0.25,-0.08,-0.0348067,0.438491,0.435084,-0.0346924
0.8,0.25,-0.07,-0.0304257,0.437712,0.434653,-0.0303221
0.8,0.25,-0.06,-0.0260527,0.436895,0.434212,-0.0259608
0.8,0.25,-0.05,-0.021688,0.436048,0.43376,-0.0216087
0.8,0.25,-0.04,-0.0173319,0.435171,0.433297,-0.0172663
0.8,0.25,-0.03,-0.0129847,0.434264,0.432823,-0.0129338
0.8,0.25,-0.02,-0.00864677,0.433322,0.432339,-0.00861174
0.8,0.25,-0.01,-0.00431842,0.432342,0.431842,-0.00430035
0.8,0.25,0,0,0.431346,0.431346,0
0.8,0.25,0.01,0.00430819,0.430305,0.430819,0.00428896
0.8,0.25,0.02,0.0086059,0.42923,0.430295,0.00856618
0.8,0.25,0.03,0.0128927,0.428125,0.429758,0.0128313
0.8,0.25,0.04,0.0171685,0.42701,0.429211,0.0170841
0.8,0.25,0.05,0.0214327,0.425847,0.428655,0.0213241
0.8,0.25,0.06,0.0256853,0.424647,0.428088,0.0255511
0.8,0.25,0.07,0.0299257,0.423432,0.42751,0.0297647
0.8,0.25,0.08,0.0341539,0.4222,0.426924,0.0339646
0.8,0.25,0.09,0.0383694,0.420917,0.426327,0.0381505
0.8,0.25,0.1,0.042572,0.419609,0.42572,0.0423221
0.8,0.25,0.11,0.0467615,0.418281,0.425105,0.046479
0.8,0.25,0.12,0.0509374,0.416914,0.424479,0.0506211
0.8,0.25,0.13,0.0550997,0.415536,0.423844,0.054748
0.8,0.25,0.14,0.0592479,0.414111,0.4232,0.0588594
0.8,0.25,0.15,0.0633819,0.412684,0.422546,0.062955
0.8,0.25,0.16,0.0675013,0.411183,0.421883,0.0670346
0.8,0.25,0.17,0.0716059,0.409711,0.421211,0.0710979
0.8,0.25,0.18,0.0756954,0.408191,0.42053,0.0751446
0.8,0.25,0.19,0.0797697,0.406656,0.41984,0.0791744
0.8,0.25,0.2,0.0838284,0.405092,0.419142,0.0831872
0.8,0.25,0.21,0.0878713,0.403497,0.418435,0.0871826
0.8,0.25,0.22,0.0918981,0.401869,0.417719,0.0911604
0.8,0.25,0.23,0.0959087,0.400241,0.416994,0.0951203
0.8,0.25,0.24,0.0999028,0.39858,0.416262,0.0990622
0.8,0.25,0.25,0.10388,0.396904,0.41552,0.102986
0.8,0.25,0.26,0.107841,0.39519,0.414771,0.106891
0.8,0.25,0.27,0.111784,0.393458,0.414014,0.110777
0.8,0.25,0.28,0.11571,0.391714,0.413249,0.114644
0.8,0.25,0.29,0.119618,0.389952,0.412475,0.118493
0.8,0.25,0.3,0.123508,0.388131,0.411694,0.122321
0.8,0.25,0.31,0.127381,0.386342,0.410906,0.126131
0.8,0.25,0.32,0.131235,0.384517,0.41011,0.12992
0.8,0.25,0.33,0.135071,0.382677,0.409306,0.133689
0.8,0.25,0.34,0.138888,0.380777,0.408495,0.137439
0.8,0.25,0.35,0.142687,0.378929,0.407677,0.141168
0.8,0.25,0.36,0.146467,0.377007,0.406852,0.144876
0.8,0.25,0.37,0.150227,0.375085,0.406019,0.148564
0.8,0.25,0.38,0.153968,0.37317,0.40518,0.152232
0.8,0.25,0.39,0.15769,0.371203,0.404334,0.155878
0.8,0.25,0.4,0.161393,0.369236,0.403481,0.159503
0.8,0.25,0.41,0.165075,0.367261,0.402622,0.163107
0.8,0.25,0.42,0.168738,0.365257,0.401756,0.166689
0.8,0.25,0.43,0.17238,0.363253,0.400884,0.17025
0.8,0.25,0.44,0.176003,0.361212,0.400006,0.17379
0.8,0.25,0.45,0.179605,0.35917,0.399121,0.177307
0.8,0.25,0.46,0.183186,0.357136,0.398231,0.180803
0.8,0.25,0.47,0.186747,0.355072,0.397334,0.184277
0.8,0.25,0.48,0.190287,0.352994,0.396432,0.187728
0.8,0.25,0.49,0.193807,0.3509,0.395524,0.191158
0.8,0.25,0.5,0.197305,0.348806,0.394611,0.194565
0.8,0.25,0.51,0.200783,0.34669,0.393692,0.19795
0.8,0.25,0.52,0.204239,0.34456,0.392768,0.201312
0.8,0.25,0.53,0.207674,0.342451,0.391838,0.204652
0.8,0.25,0.54,0.211088,0.340283,0.390903,0.207969
0.8,0.25,0.55,0.21448,0.338115,0.389964,0.211264
0.8,0.25,0.56,0.217851,0.335984,0.389019,0.214536
0.8,0.25,0.57,0.2212,0.333808,0.38807,0.217785
0.8,0.25,0.58,0.224527,0.331648,0.387116,0.221011
0.8,0.25,0.59,0.227833,0.329472,0.386157,0.224215
0.8,0.25,0.6,0.231116,0.327289,0.385194,0.227395
0.8,0.25,0.61,0.234378,0.325061,0.384227,0.230552
0.8,0.25,0.62,0.237618,0.322886,0.383255,0.233687
0.8,0.25,0.63,0.240836,0.320651,0.382279,0.236798
0.8,0.25,0.64,0.244032,0.318475,0.381299,0.239887
0.8,0.25,0.65,0.247205,0.31624,0.380316,0.242952
0.8,0.25,0.66,0.250356,0.314027,0.379328,0.245994
0.8,0.25,0.67,0.253486,0.311807,0.378337,0.249013
0.8,0.25,0.68,0.256592,0.309542,0.377342,0.252009
0.8,0.25,0.69,0.259677,0.307336,0.376343,0.254982
0.8,0.25,0.7,0.262739,0.305086,0.375342,0.257932
0.8,0.25,0.71,0.265779,0.302881,0.374336,0.260859
0.8,0.25,0.72,0.268796,0.300631,0.373328,0.263762
0.8,0.25,0.73,0.271791,0.298411,0.372317,0.266643
0.8,0.25,0.74,0.274764,0.296146,0.371303,0.2695
0.8,0.25,0.75,0.277714,0.293881,0.370285,0.272334
0.8,0.25,0.76,0.280642,0.291646,0.369265,0.275146
0.8,0.25,0.77,0.283547,0.289395,0.368243,0.277934
0.8,0.25,0.78,0.28643,0.28716,0.367218,0.280699
0.8,0.25,0.79,0.28929,0.284925,0.36619,0.283442
0.8,0.25,0.8,0.292128,0.28269,0.36516,0.286161
0.8,0.25,0.81,0.294943,0.280425,0.364128,0.288858
0.8,0.25,0.82,0.297736,0.27819,0.363093,0.291532
0.8,0.25,0.83,0.300507,0.275925,0.362056,0.294183
0.8,0.25,0.84,0.303255,0.27369,0.361018,0.296811
0.8,0.25,0.85,0.305981,0.271469,0.359978,0.299417
0.8,0.25,0.86,0.308684,0.269219,0.358935,0.302
0.8,0.25,0.87,0.311366,0.267014,0.357891,0.304561
0.8,0.25,0.88,0.314024,0.264764,0.356846,0.307099
0.8,0.25,0.89,0.316661,0.262544,0.355799,0.309615
0.8,0.25,0.9,0.319275,0.260338,0.35475,0.312109
0.8,0.25,0.91,0.321868,0.258148,0.353701,0.31458
0.8,0.25,0.92,0.324438,0.255898,0.35265,0.317029
0.8,0.25,0.93,0.326986,0.253722,0.351597,0.319456
0.8,0.25,0.94,0.329511,0.251487,0.350544,0.321861
0.8,0.25,0.95,0.332015,0.249282,0.34949,0.324244
0.8,0.25,0.96,0.334497,0.247076,0.348435,0.326606
0.8,0.25,0.97,0.336958,0.244886,0.347379,0.328945
0.8,0.25,0.98,0.339396,0.242755,0.346322,0.331263
0.8,0.25,0.99,0.341812,0.240564,0.345265,0.333559
0.8,0.25,1,0.344207,0.238404,0.344207,0.335834
0.8,0.25,1.01,0.34658,0.236228,0.343149,0.338087
0.8,0.25,1.02,0.348932,0.234097,0.34209,0.34032
0.8,0.25,1.03,0.351262,0.231966,0.341031,0.342531
0.8,0.25,1.04,0.35357,0.229791,0.339972,0.344721
0.8,0.25,1.05,0.355858,0.2276,0.338912,0.34689
0.8,0.25,1.06,0.358124,0.225529,0.337853,0.349038
0.8,0.25,1.07,0.360369,0.223458,0.336793,0.351165
0.8,0.25,1.08,0.362592,0.221297,0.335733,0.353272
0.8,0.25,1.09,0.364795,0.219241,0.334674,0.355358
0.8,0.25,1.1,0.366977,0.217125,0.333615,0.357424
0.8,0.25,1.11,0.369137,0.215024,0.332556,0.359469
0.8,0.25,1.12,0.371277,0.213012,0.331498,0.361494
0.8,0.25,1.13,0.373397,0.210911,0.330439,0.3635
0.8,0.25,1.14,0.375495,0.208899,0.329382,0.365485
0.8,0.25,1.15,0.377574,0.206783,0.328325,0.36745
0.8,0.25,1.16,0.379631,0.204802,0.327268,0.369396
0.8,0.25,1.17,0.381669,0.2027,0.326213,0.371322
0.8,0.25,1.18,0.383686,0.200674,0.325158,0.373229
0.8,0.25,1.19,0.385683,0.198752,0.324103,0.375116
0.8,0.25,1.2,0.38766,0.196725,0.32305,0.376984
0.8,0.25,1.21,0.389617,0.194728,0.321998,0.378833
0.8,0.25,1.22,0.391555,0.192747,0.320946,0.380663
0.8,0.25,1.23,0.393472,0.190809,0.319896,0.382475
0.8,0.25,1.24,0.39537,0.188872,0.318847,0.384267
0.8,0.25,1.25,0.397249,0.18689,0.317799,0.386041
0.8,0.25,1.26,0.399108,0.184894,0.316752,0.387796
0.8,0.25,1.27,0.400948,0.183016,0.315707,0.389534
0.8,0.25,1.28,0.402768,0.181124,0.314663,0.391253
0.8,0.25,1.29,0.40457,0.179216,0.31362,0.392954
0.8,0.25,1.3,0.406353,0.177309,0.312579,0.394637
0.8,0.25,1.31,0.408117,0.175461,0.311539,0.396302
0.8,0.25,1.32,0.409862,0.173584,0.310501,0.397949
0.8,0.25,1.33,0.411588,0.171676,0.309465,0.399579
0.8,0.25,1.34,0.413296,0.169873,0.30843,0.401192
0.8,0.25,1.35,0.414985,0.168055,0.307397,0.402787
0.8,0.25,1.36,0.416657,0.166208,0.306365,0.404365
0.8,0.25,1.37,0.41831,0.164419,0.305336,0.405927
0.8,0.25,1.38,0.419945,0.162676,0.304308,0.407471
0.8,0.25,1.39,0.421562,0.160828,0.303282,0.408999
0.8,0.25,1.4,0.423162,0.15907,0.302258,0.41051
0.8,0.25,1.41,0.424743,0.157297,0.301236,0.412004
0.8,0.25,1.42,0.426307,0.155568,0.300217,0.413483
0.8,0.25,1.43,0.427854,0.15375,0.299199,0.414945
0.8,0.25,1.44,0.429384,0.152096,0.298183,0.416391
0.8,0.25,1.45,0.430896,0.150353,0.29717,0.417821
0.8,0.25,1.46,0.432391,0.148684,0.296158,0.419235
0.8,0.25,1.47,0.433869,0.146985,0.295149,0.420634
0.8,0.25,1.48,0.435331,0.145242,0.294142,0.422017
0.8,0.25,1.49,0.436775,0.143647,0.293138,0.423385
0.8,0.25,1.5,0.438203,0.141948,0.292136,0.424738
0.8,0.25,1.51,0.439615,0.140354,0.291136,0.426075
0.8,0.25,1.52,0.44101,0.138685,0.290138,0.427398
0.8,0.25,1.53,0.44239,0.13715,0.289144,0.428705
0.8,0.25,1.54,0.443753,0.135511,0.288151,0.429998
0.8,0.25,1.55,0.4451,0.133932,0.287161,0.431276
0.8,0.25,1.56,0.446431,0.132307,0.286174,0.43254
0.8,0.25,1.57,0.447747,0.130758,0.285189,0.43379
0.8,0.25,1.58,0.449046,0.129163,0.284207,0.435025
0.8,0.25,1.59,0.450331,0.127688,0.283227,0.436247
0.8,0.25,1.6,0.4516,0.126153,0.28225,0.437454
0.8,0.25,1.61,0.452854,0.124663,0.281276,0.438648
0.8,0.25,1.62,0.454093,0.123158,0.280304,0.439827
0.8,0.25,1.63,0.455317,0.121683,0.279336,0.440994
0.8,0.25,1.64,0.456526,0.120178,0.27837,0.442147
0.8,0.25,1.65,0.45772,0.118718,0.277406,0.443286
0.8,0.25,1.66,0.4589,0.117257,0.276446,0.444413
0.8,0.25,1.67,0.460065,0.115812,0.275488,0.445526
0.8,0.25,1.68,0.461216,0.114396,0.274534,0.446627
0.8,0.25,1.69,0.462353,0.112921,0.273582,0.447715
0.8,0.25,1.7,0.463476,0.11158,0.272633,0.44879
0.8,0.25,1.71,0.464584,0.110105,0.271687,0.449853
0.8,0.25,1.72,0.465679,0.108719,0.270744,0.450903
0.8,0.25,1.73,0.46676,0.107422,0.269804,0.451941
0.8,0.25,1.74,0.467828,0.106111,0.268866,0.452967
0.8,0.25,1.75,0.468882,0.104725,0.267932,0.45398
0.8,0.25,1.76,0.469922,0.103369,0.267001,0.454982
0.8,0.25,1.77,0.47095,0.102073,0.266073,0.455972
0.8,0.25,1.78,0.471964,0.100762,0.265148,0.45695
0.8,0.25,1.79,0.472965,0.0994802,0.264226,0.457917
0.8,0.25,1.8,0.473953,0.098139,0.263307,0.458873
0.8,0.25,1.81,0.474929,0.0968874,0.262392,0.459817
0.8,0.25,1.82,0.475892,0.0956655,0.261479,0.460749
0.8,0.25,1.83,0.476842,0.0943691,0.26057,0.461671
0.8,0.25,1.84,0.47778,0.0931472,0.259663,0.462582
0.8,0.25,1.85,0.478706,0.09197,0.25876,0.463482
0.8,0.25,1.86,0.47962,0.090763,0.25786,0.464371
0.8,0.25,1.87,0.480521,0.089556,0.256963,0.465249
0.8,0.25,1.88,0.481411,0.0883639,0.256069,0.466117
0.8,0.25,1.89,0.482288,0.0872016,0.255179,0.466975
0.8,0.25,1.9,0.483154,0.0860244,0.254292,0.467822
0.8,0.25,1.91,0.484009,0.0848919,0.253408,0.468659
0.8,0.25,1.92,0.484852,0.0837147,0.252527,0.469486
0.8,0.25,1.93,0.485683,0.0826269,0.251649,0.470303
0.8,0.25,1.94,0.486503,0.0814497,0.250775,0.47111
0.8,0.25,1.95,0.487312,0.0803471,0.249904,0.471907
0.8,0.25,1.96,0.488111,0.0792742,0.249036,0.472695
0.8,0.25,1.97,0.488898,0.0782013,0.248171,0.473473
0.8,0.25,1.98,0.489674,0.0770986,0.24731,0.474241
0.8,0.25,1.99,0.49044,0.0760257,0.246452,0.475001
0.8,0.25,2,0.491195,0.0749975,0.245597,0.475751
0.8,0.25,2.01,0.491939,0.0739545,0.244746,0.476492
0.8,0.25,2.02,0.492674,0.0728369,0.243898,0.477224
0.8,0.25,2.03,0.493398,0.0718683,0.243053,0.477946
0.8,0.25,2.04,0.494111,0.0708103,0.242211,0.478661
0.8,0.25,2.05,0.494815,0.0698715,0.241373,0.479366
0.8,0.25,2.06,0.495509,0.0688434,0.240538,0.480063
0.8,0.25,2.07,0.496193,0.0678897,0.239707,0.480751
0.8,0.25,2.08,0.496867,0.0668913,0.238878,0.48143
0.8,0.25,2.09,0.497531,0.0659972,0.238053,0.482102
0.8,0.25,2.1,0.498186,0.0649989,0.237232,0.482765
0.8,0.25,2.11,0.498832,0.0640452,0.236413,0.483419
0.8,0.25,2.12,0.499468,0.0631362,0.235598,0.484066
0.8,0.25,2.13,0.500095,0.0622869,0.234787,0.484705
0.8,0.25,2.14,0.500713,0.0613332,0.233978,0.485336
0.8,0.25,2.15,0.501322,0.0604391,0.233173,0.485959
0.8,0.25,2.16,0.501922,0.0595152,0.232371,0.486574
0.8,0.25,2.17,0.502513,0.058651,0.231573,0.487182
0.8,0.25,2.18,0.503096,0.0578165,0.230778,0.487782
0.8,0.25,2.19,0.503669,0.0569522,0.229986,0.488375
0.8,0.25,2.2,0.504235,0.056088,0.229198,0.48896
0.8,0.25,2.21,0.504791,0.0552535,0.228412,0.489538
0.8,0.25,2.22,0.50534,0.054419,0.227631,0.490109
0.8,0.25,2.23,0.50588,0.0536144,0.226852,0.490673
0.8,0.25,2.24,0.506412,0.0528097,0.226077,0.491229
0.8,0.25,2.25,0.506936,0.0520051,0.225305,0.491779
0.8,0.25,2.26,0.507452,0.0512004,0.224536,0.492322
0.8,0.25,2.27,0.50796,0.0503957,0.223771,0.492858
0.8,0.25,2.28,0.50846,0.0495613,0.223009,0.493387
0.8,0.25,2.29,0.508953,0.0488758,0.22225,0.49391
0.8,0.25,2.3,0.509438,0.0481308,0.221495,0.494426
0.8,0.25,2.31,0.509915,0.0473559,0.220742,0.494935
0.8,0.25,2.32,0.510385,0.0466406,0.219994,0.495439
0.8,0.25,2.33,0.510848,0.0458956,0.219248,0.495935
0.8,0.25,2.34,0.511303,0.0452101,0.218506,0.496426
0.8,0.25,2.35,0.511751,0.0444651,0.217767,0.49691
0.8,0.25,2.36,0.512192,0.0437498,0.217031,0.497389
0.8,0.25,2.37,0.512627,0.0430346,0.216298,0.497861
0.8,0.25,2.38,0.513054,0.0423789,0.215569,0.498327
0.8,0.25,2.39,0.513474,0.0417233,0.214843,0.498788
0.8,0.25,2.4,0.513888,0.0409782,0.21412,0.499242
0.8,0.25,2.41,0.514294,0.0403225,0.2134,0.499691
0.8,0.25,2.42,0.514695,0.0396967,0.212684,0.500134
0.8,0.25,2.43,0.515088,0.0391006,0.211971,0.500572
0.8,0.25,2.44,0.515476,0.0384152,0.211261,0.501004
0.8,0.25,2.45,0.515857,0.0377893,0.210554,0.50143
0.8,0.25,2.46,0.516232,0.0371337,0.20985,0.501851
0.8,0.25,2.47,0.5166,0.0365674,0.20915,0.502267
0.8,0.25,2.48,0.516962,0.0359118,0.208453,0.502677
0.8,0.25,2.49,0.517319,0.0353456,0.207759,0.503083
0.8,0.25,2.5,0.517669,0.0347495,0.207068,0.503483
0.8,0.25,2.51,0.518013,0.0341535,0.20638,0.503878
0.8,0.25,2.52,0.518352,0.0335276,0.205695,0.504268
0.8,0.25,2.53,0.518685,0.0329912,0.205014,0.504652
0.8,0.25,2.54,0.519012,0.0324249,0.204336,0.505032
0.8,0.25,2.55,0.519334,0.0318587,0.20366,0.505408
0.8,0.25,2.56,0.51965,0.0313222,0.202988,0.505778
0.8,0.25,2.57,0.51996,0.0307858,0.202319,0.506144
0.8,0.25,2.58,0.520266,0.0302494,0.201653,0.506505
0.8,0.25,2.59,0.520566,0.0297129,0.200991,0.506861
0.8,0.25,2.6,0.52086,0.0291765,0.200331,0.507213
0.8,0.25,2.61,0.52115,0.0286996,0.199674,0.50756
0.8,0.25,2.62,0.521434,0.0281632,0.199021,0.507903
0.8,0.25,2.63,0.521713,0.0276566,0.19837,0.508241
0.8,0.25,2.64,0.521987,0.0272393,0.197723,0.508575
0.8,0.25,2.65,0.522257,0.0266731,0.197078,0.508905
0.8,0.25,2.66,0.522521,0.0261664,0.196437,0.50923
0.8,0.25,2.67,0.522781,0.0257492,0.195798,0.509552
0.8,0.25,2.68,0.523036,0.0252724,0.195163,0.509869
0.8,0.25,2.69,0.523286,0.0247955,0.19453,0.510182
0.8,0.25,2.7,0.523532,0.0243485,0.193901,0.510491
0.8,0.25,2.71,0.523773,0.0239015,0.193274,0.510796
0.8,0.25,2.72,0.52401,0.0233948,0.192651,0.511097
0.8,0.25,2.73,0.524243,0.0229776,0.19203,0.511395
0.8,0.25,2.74,0.52447,0.0225902,0.191413,0.511688
0.8,0.25,2.75,0.524694,0.0221133,0.190798,0.511978
0.8,0.25,2.76,0.524914,0.0217259,0.190186,0.512264
0.8,0.25,2.77,0.525129,0.0212193,0.189577,0.512546
0.8,0.25,2.78,0.52534,0.0209212,0.188971,0.512824
0.8,0.25,2.79,0.525547,0.0204444,0.188368,0.513099
0.8,0.25,2.8,0.52575,0.0201166,0.187768,0.513371
0.8,0.25,2.81,0.525949,0.0197291,0.187171,0.513639
0.8,0.25,2.82,0.526145,0.0193119,0.186576,0.513903
0.8,0.25,2.83,0.526336,0.0189841,0.185984,0.514164
0.8,0.25,2.84,0.526524,0.018537,0.185396,0.514422
0.8,0.25,2.85,0.526708,0.018239,0.18481,0.514676
0.8,0.25,2.86,0.526888,0.0178516,0.184227,0.514927
0.8,0.25,2.87,0.527065,0.017494,0.183646,0.515175
0.8,0.25,2.88,0.527238,0.0171363,0.183069,0.515419
0.8,0.25,2.89,0.527407,0.0167787,0.182494,0.51566
0.8,0.25,2.9,0.527573,0.0164509,0.181922,0.515899
0.8,0.25,2.91,0.527736,0.0161231,0.181352,0.516134
0.8,0.25,2.92,0.527895,0.0157654,0.180786,0.516366
0.8,0.25,2.93,0.528051,0.0154674,0.180222,0.516595
0.8,0.25,2.94,0.528204,0.01508,0.179661,0.516821
0.8,0.25,2.95,0.528353,0.014782,0.179103,0.517044
0.8,0.25,2.96,0.5285,0.0144839,0.178547,0.517264
0.8,0.25,2.97,0.528643,0.0141859,0.177994,0.517481
0.8,0.25,2.98,0.528783,0.0138283,0.177444,0.517696
0.8,0.25,2.99,0.52892,0.0135303,0.176896,0.517908
0.8,0.25,3,0.529055,0.013262,0.176352,0.518117
0.8,0.25,3.01,0.529186,0.0129342,0.175809,0.518323
0.8,0.25,3.02,0.529314,0.0126064,0.17527,0.518526
0.8,0.25,3.03,0.52944,0.0123978,0.174733,0.518727
0.8,0.25,3.04,0.529562,0.0120997,0.174198,0.518926
0.8,0.25,3.05,0.529682,0.0118613,0.173666,0.519121
0.8,0.25,3.06,0.529799,0.0116229,0.173137,0.519314
0.8,0.25,3.07,0.529914,0.0113249,0.17261,0.519505
0.8,0.25,3.08,0.530026,0.0109971,0.172086,0.519693
0.8,0.25,3.09,0.530135,0.0108182,0.171565,0.519879
0.8,0.25,3.1,0.530242,0.0106096,0.171046,0.520062
0.8,0.25,3.11,0.530346,0.0103414,0.170529,0.520243
0.8,0.25,3.12,0.530448,0.0100732,0.170015,0.520421
0.8,0.25,3.13,0.530548,0.00986457,0.169504,0.520597
0.8,0.25,3.14,0.530645,0.00959635,0.168995,0.520771
0.8,0.25,3.15,0.530739,0.00941753,0.168489,0.520943
0.8,0.25,3.16,0.530832,0.00914931,0.167985,0.521112
0.8,0.25,3.17,0.530922,0.0089407,0.167483,0.521279
0.8,0.25,3.18,0.53101,0.00870228,0.166984,0.521444
0.8,0.25,3.19,0.531096,0.00843406,0.166488,0.521607
0.8,0.25,3.2,0.531179,0.00822544,0.165994,0.521767
0.8,0.25,3.21,0.531261,0.00804663,0.165502,0.521926
0.8,0.25,3.22,0.53134,0.0077486,0.165013,0.522082
0.8,0.25,3.23,0.531418,0.00762939,0.164526,0.522236
0.8,0.25,3.24,0.531493,0.00742078,0.164041,0.522389
0.8,0.25,3.25,0.531567,0.00730157,0.163559,0.522539
0.8,0.25,3.26,0.531638,0.00709295,0.163079,0.522688
0.8,0.25,3.27,0.531708,0.00685453,0.162602,0.522834
0.8,0.25,3.28,0.531775,0.00664592,0.162127,0.522978
0.8,0.25,3.29,0.531841,0.00649691,0.161654,0.523121
0.8,0.25,3.3,0.531905,0.00628829,0.161183,0.523262
0.8,0.25,3.31,0.531968,0.00613928,0.160715,0.523401
0.8,0.25,3.32,0.532028,0.00590086,0.160249,0.523538
0.8,0.25,3.33,0.532087,0.00584126,0.159786,0.523673
0.8,0.25,3.34,0.532144,0.00563264,0.159325,0.523806
0.8,0.25,3.35,0.5322,0.00548363,0.158866,0.523938
0.8,0.25,3.36,0.532254,0.00533462,0.158409,0.524068
0.8,0.25,3.37,0.532306,0.0051558,0.157954,0.524196
0.8,0.25,3.38,0.532357,0.00503659,0.157502,0.524323
0.8,0.25,3.39,0.532406,0.00485778,0.157052,0.524448
0.8,0.25,3.4,0.532454,0.00473857,0.156604,0.524571
0.8,0.25,3.41,0.532501,0.00458956,0.156159,0.524693
0.8,0.25,3.42,0.532546,0.00441074,0.155715,0.524813
0.8,0.25,3.43,0.532589,0.00429153,0.155274,0.524931
0.8,0.25,3.44,0.532631,0.00417233,0.154835,0.525048
0.8,0.25,3.45,0.532672,0.00405312,0.154398,0.525163
0.8,0.25,3.46,0.532712,0.0038743,0.153963,0.525277
0.8,0.25,3.47,0.53275,0.00375509,0.15353,0.52539
0.8,0.25,3.48,0.532787,0.00360608,0.1531,0.525501
0.8,0.25,3.49,0.532823,0.00351667,0.152671,0.52561
0.8,0.25,3.5,0.532857,0.00336766,0.152245,0.525718
0.8,0.25,3.51,0.53289,0.00330806,0.151821,0.525824
0.8,0.25,3.52,0.532923,0.00318885,0.151398,0.52593
0.8,0.25,3.53,0.532954,0.00306964,0.150978,0.526033
0.8,0.25,3.54,0.532984,0.00292063,0.15056,0.526136
0.8,0.25,3.55,0.533013,0.00280142,0.150144,0.526237
0.8,0.25,3.56,0.53304,0.00274181,0.14973,0.526336
0.8,0.25,3.57,0.533067,0.00265241,0.149319,0.526435
0.8,0.25,3.58,0.533093,0.0025332,0.148909,0.526532
0.8,0.25,3.59,0.533118,0.00238419,0.148501,0.526628
0.8,0.25,3.6,0.533142,0.00235438,0.148095,0.526722
0.8,0.25,3.61,0.533165,0.00232458,0.147691,0.526815
0.8,0.25,3.62,0.533187,0.00217557,0.147289,0.526907
0.8,0.25,3.63,0.533208,0.00211596,0.146889,0.526998
0.8,0.25,3.64,0.533228,0.00199676,0.146491,0.527088
0.8,0.25,3.65,0.533247,0.00187755,0.146095,0.527176
0.8,0.25,3.66,0.533266,0.00181794,0.145701,0.527264
0.8,0.25,3.67,0.533284,0.00178814,0.145309,0.52735
0.8,0.25,3.68,0.533301,0.00166893,0.144919,0.527435
0.8,0.25,3.69,0.533317,0.00157952,0.14453,0.527518
0.8,0.25,3.7,0.533332,0.00154972,0.144144,0.527601
0.8,0.25,3.71,0.533347,0.00143051,0.143759,0.527683
0.8,0.25,3.72,0.533361,0.00140071,0.143377,0.527763
0.8,0.25,3.73,0.533375,0.0012517,0.142996,0.527843
0.8,0.25,3.74,0.533387,0.0012815,0.142617,0.527921
0.8,0.25,3.75,0.5334,0.00113249,0.14224,0.527999
0.8,0.25,3.76,0.533411,0.00110269,0.141865,0.528075
0.8,0.25,3.77,0.533422,0.00107288,0.141491,0.528151
0.8,0.25,3.78,0.533432,0.00101328,0.14112,0.528225
0.8,0.25,3.79,0.533442,0.000983477,0.14075,0.528298
0.8,0.25,3.8,0.533451,0.00089407,0.140382,0.528371
0.8,0.25,3.81,0.53346,0.000804663,0.140016,0.528442
0.8,0.25,3.82,0.533468,0.000804663,0.139651,0.528513
0.8,0.25,3.83,0.533476,0.000685453,0.139289,0.528582
0.8,0.25,3.84,0.533483,0.000715256,0.138928,0.528651
0.8,0.25,3.85,0.533489,0.000715256,0.138569,0.528719
0.8,0.25,3.86,0.533496,0.000655651,0.138211,0.528786
0.8,0.25,3.87,0.533502,0.000566244,0.137856,0.528852
0.8,0.25,3.88,0.533507,0.000506639,0.137502,0.528917
0.8,0.25,3.89,0.533512,0.000476837,0.13715,0.528981
0.8,0.25,3.9,0.533517,0.000476837,0.136799,0.529044
0.8,0.25,3.91,0.533521,0.00038743,0.13645,0.529107
0.8,0.25,3.92,0.533525,0.00038743,0.136103,0.529169
0.8,0.25,3.93,0.533529,0.000327826,0.135758,0.529229
0.8,0.25,3.94,0.533532,0.00038743,0.135414,0.52929
0.8,0.25,3.95,0.533535,0.000208616,0.135072,0.529349
0.8,0.25,3.96,0.533538,0.000327826,0.134732,0.529407
0.8,0.25,3.97,0.53354,0.000238419,0.134393,0.529465
0.8,0.25,3.98,0.533543,0.000208616,0.134056,0.529522
0.8,0.25,3.99,0.533545,0.000208616,0.13372,0.529578
0.8,0.25,4,0.533546,0.000178814,0.133387,0.529634
1.5,-0.25,-4,-0.457748,0.0368208,0.114437,-0.426666
1.5,-0.25,-3.99,-0.457381,0.0366122,0.114632,-0.426665
1.5,-0.25,-3.98,-0.457016,0.0364184,0.114828,-0.426665
1.5,-0.25,-3.97,-0.456653,0.03618,0.115026,-0.426664
1.5,-0.25,-3.96,-0.456291,0.0361204,0.115225,-0.426663
1.5,-0.25,-3.95,-0.455931,0.035882,0.115426,-0.426662
1.5,-0.25,-3.94,-0.455573,0.0356287,0.115628,-0.426662
1.5,-0.25,-3.93,-0.455217,0.0355244,0.115831,-0.426661
1.5,-0.25,-3.92,-0.454863,0.0353605,0.116037,-0.42666
1.5,-0.25,-3.91,-0.454511,0.0351518,0.116243,-0.426659
1.5,-0.25,-3.9,-0.454161,0.0349283,0.116452,-0.426658
1.5,-0.25,-3.89,-0.453812,0.0347048,0.116661,-0.426658
1.5,-0.25,-3.88,-0.453466,0.034526,0.116873,-0.426657
1.5,-0.25,-3.87,-0.453121,0.0344068,0.117086,-0.426656
1.5,-0.25,-3.86,-0.452779,0.0341684,0.1173,-0.426655
1.5,-0.25,-3.85,-0.452438,0.0339299,0.117516,-0.426654
1.5,-0.25,-3.84,-0.452099,0.0338107,0.117734,-0.426653
1.5,-0.25,-3.83,-0.451762,0.0335723,0.117954,-0.426652
1.5,-0.25,-3.82,-0.451427,0.0333786,0.118175,-0.426651
1.5,-0.25,-3.81,-0.451094,0.03317,0.118398,-0.42665
1.5,-0.25,-3.8,-0.450764,0.0329465,0.118622,-0.426649
1.5,-0.25,-3.79,-0.450435,0.0328124,0.118848,-0.426648
1.5,-0.25,-3.78,-0.450107,0.0325739,0.119076,-0.426646
1.5,-0.25,-3.77,-0.449782,0.0323951,0.119306,-0.426645
1.5,-0.25,-3.76,-0.449459,0.0321865,0.119537,-0.426644
1.5,-0.25,-3.75,-0.449138,0.0319928,0.11977,-0.426643
1.5,-0.25,-3.74,-0.448819,0.0317842,0.120005,-0.426642
1.5,-0.25,-3.73,-0.448502,0.0315905,0.120242,-0.42664
1.5,-0.25,-3.72,-0.448187,0.0314265,0.12048,-0.426639
1.5,-0.25,-3.71,-0.447874,0.0311583,0.120721,-0.426638
1.5,-0.25,-3.7,-0.447563,0.0310093,0.120963,-0.426636
1.5,-0.25,-3.69,-0.447254,0.0308156,0.121207,-0.426635
1.5,-0.25,-3.68,-0.446947,0.0305921,0.121453,-0.426633
1.5,-0.25,-3.67,-0.446642,0.0303686,0.121701,-0.426632
1.5,-0.25,-3.66,-0.446339,0.0302047,0.121951,-0.42663
1.5,-0.25,-3.65,-0.446039,0.0299811,0.122202,-0.426629
1.5,-0.25,-3.64,-0.44574,0.0297278,0.122456,-0.426627
1.5,-0.25,-3.63,-0.445443,0.0295341,0.122712,-0.426625
1.5,-0.25,-3.62,-0.445149,0.0293702,0.122969,-0.426624
1.5,-0.25,-3.61,-0.444856,0.0291318,0.123229,-0.426622
1.5,-0.25,-3.6,-0.444566,0.028953,0.12349,-0.42662
1.5,-0.25,-3.59,-0.444277,0.0287294,0.123754,-0.426618
1.5,-0.25,-3.58,-0.443991,0.028491,0.12402,-0.426616
1.5,-0.25,-3.57,-0.443707,0.0282973,0.124288,-0.426615
1.5,-0.25,-3.56,-0.443425,0.0281334,0.124558,-0.426613
1.5,-0.25,-3.55,-0.443145,0.0279248,0.12483,-0.426611
1.5,-0.25,-3.54,-0.442868,0.0277162,0.125104,-0.426608
1.5,-0.25,-3.53,-0.442592,0.0274777,0.12538,-0.426606
1.5,-0.25,-3.52,-0.442319,0.0272244,0.125659,-0.426604
1.5,-0.25,-3.51,-0.442047,0.0270307,0.125939,-0.426602
1.5,-0.25,-3.5,-0.441778,0.0267476,0.126222,-0.4266
1.5,-0.25,-3.49,-0.441511,0.0265986,0.126507,-0.426597
1.5,-0.25,-3.48,-0.441246,0.0263453,0.126795,-0.426595
1.5,-0.25,-3.47,-0.440984,0.0262111,0.127085,-0.426592
1.5,-0.25,-3.46,-0.440723,0.0258684,0.127377,-0.42659
1.5,-0.25,-3.45,-0.440465,0.0257194,0.127671,-0.426587
1.5,-0.25,-3.44,-0.440209,0.0255108,0.127968,-0.426584
1.5,-0.25,-3.43,-0.439955,0.0252724,0.128267,-0.426582
1.5,-0.25,-3.42,-0.439703,0.0250489,0.128568,-0.426579
1.5,-0.25,-3.41,-0.439453,0.0248104,0.128872,-0.426576
1.5,-0.25,-3.4,-0.439206,0.0246465,0.129178,-0.426573
1.5,-0.25,-3.39,-0.438961,0.0243783,0.129487,-0.42657
1.5,-0.25,-3.38,-0.438718,0.024125,0.129798,-0.426567
1.5,-0.25,-3.37,-0.438477,0.0239015,0.130112,-0.426564
1.5,-0.25,-3.36,-0.438239,0.0237375,0.130428,-0.42656
1.5,-0.25,-3.35,-0.438002,0.0235587,0.130747,-0.426557
1.5,-0.25,-3.34,-0.437768,0.0232756,0.131068,-0.426553
1.5,-0.25,-3.33,-0.437537,0.023067,0.131392,-0.42655
1.5,-0.25,-3.32,-0.437307,0.0228584,0.131719,-0.426546
1.5,-0.25,-3.31,-0.43708,0.0226647,0.132048,-0.426543
1.5,-0.25,-3.3,-0.436855,0.0223964,0.13238,-0.426539
1.5,-0.25,-3.29,-0.436632,0.022158,0.132715,-0.426535
1.5,-0.25,-3.28,-0.436411,0.0219494,0.133052,-0.426531
1.5,-0.25,-3.27,-0.436193,0.021711,0.133392,-0.426527
1.5,-0.25,-3.26,-0.435977,0.0215322,0.133735,-0.426522
1.5,-0.25,-3.25,-0.435764,0.0212938,0.134081,-0.426518
1.5,-0.25,-3.24,-0.435552,0.0210553,0.13443,-0.426514
1.5,-0.25,-3.23,-0.435343,0.020802,0.134781,-0.426509
1.5,-0.25,-3.22,-0.435136,0.0205636,0.135135,-0.426504
1.5,-0.25,-3.21,-0.434932,0.0203252,0.135493,-0.4265
1.5,-0.25,-3.2,-0.434729,0.0201017,0.135853,-0.426495
1.5,-0.25,-3.19,-0.434529,0.0199378,0.136216,-0.42649
1.5,-0.25,-3.18,-0.434332,0.0196248,0.136582,-0.426484
1.5,-0.25,-3.17,-0.434136,0.0194609,0.136952,-0.426479
1.5,-0.25,-3.16,-0.433943,0.0191927,0.137324,-0.426474
1.5,-0.25,-3.15,-0.433752,0.0189543,0.137699,-0.426468
1.5,-0.25,-3.14,-0.433564,0.0187606,0.138078,-0.426462
1.5,-0.25,-3.13,-0.433378,0.0185072,0.138459,-0.426457
1.5,-0.25,-3.12,-0.433194,0.0182241,0.138844,-0.426451
1.5,-0.25,-3.11,-0.433012,0.0180751,0.139232,-0.426444
1.5,-0.25,-3.1,-0.432833,0.0178069,0.139624,-0.426438
1.5,-0.25,-3.09,-0.432656,0.0175983,0.140018,-0.426432
1.5,-0.25,-3.08,-0.432482,0.0172853,0.140416,-0.426425
1.5,-0.25,-3.07,-0.432309,0.0170767,0.140817,-0.426418
1.5,-0.25,-3.06,-0.432139,0.0168383,0.141222,-0.426411
1.5,-0.25,-3.05,-0.431972,0.0166446,0.14163,-0.426404
1.5,-0.25,-3.04,-0.431807,0.0164062,0.142042,-0.426397
1.5,-0.25,-3.03,-0.431644,0.0161827,0.142457,-0.426389
1.5,-0.25,-3.02,-0.431483,0.0158995,0.142875,-0.426381
1.5,-0.25,-3.01,-0.431325,0.0157058,0.143297,-0.426373
1.5,-0.25,-3,-0.431169,0.0154525,0.143723,-0.426365
1.5,-0.25,-2.99,-0.431015,0.0152588,0.144152,-0.426357
1.5,-0.25,-2.98,-0.430864,0.0150055,0.144585,-0.426348
1.5,-0.25,-2.97,-0.430715,0.014782,0.145022,-0.426339
1.5,-0.25,-2.96,-0.430568,0.0145882,0.145462,-0.42633
1.5,-0.25,-2.95,-0.430423,0.01432,0.145906,-0.426321
1.5,-0.25,-2.94,-0.430281,0.0141114,0.146354,-0.426312
1.5,-0.25,-2.93,-0.430142,0.0138432,0.146806,-0.426302
1.5,-0.25,-2.92,-0.430004,0.0135899,0.147262,-0.426292
1.5,-0.25,-2.91,-0.429869,0.013411,0.147721,-0.426282
1.5,-0.25,-2.9,-0.429736,0.0131726,0.148185,-0.426271
1.5,-0.25,-2.89,-0.429606,0.0129193,0.148652,-0.426261
1.5,-0.25,-2.88,-0.429477,0.0127554,0.149124,-0.42625
1.5,-0.25,-2.87,-0.429351,0.0124872,0.1496,-0.426238
1.5,-0.25,-2.86,-0.429228,0.0122488,0.15008,-0.426227
1.5,-0.25,-2.85,-0.429107,0.0120252,0.150564,-0.426215
1.5,-0.25,-2.84,-0.428988,0.0117719,0.151052,-0.426203
1.5,-0.25,-2.83,-0.428871,0.0115782,0.151544,-0.42619
1.5,-0.25,-2.82,-0.428756,0.0113696,0.152041,-0.426177
1.5,-0.25,-2.81,-0.428644,0.011012,0.152542,-0.426164
1.5,-0.25,-2.8,-0.428534,0.010848,0.153048,-0.426151
1.5,-0.25,-2.79,-0.428427,0.0106096,0.153558,-0.426137
1.5,-0.25,-2.78,-0.428321,0.010401,0.154072,-0.426123
1.5,-0.25,-2.77,-0.428218,0.0101924,0.154591,-0.426108
1.5,-0.25,-2.76,-0.428117,0.00995398,0.155115,-0.426093
1.5,-0.25,-2.75,-0.428018,0.00983477,0.155643,-0.426078
1.5,-0.25,-2.74,-0.427922,0.00955164,0.156176,-0.426063
1.5,-0.25,-2.73,-0.427828,0.00931323,0.156713,-0.426046
1.5,-0.25,-2.72,-0.427735,0.00914931,0.157256,-0.42603
1.5,-0.25,-2.71,-0.427646,0.00882149,0.157803,-0.426013
1.5,-0.25,-2.7,-0.427558,0.00870228,0.158355,-0.425996
1.5,-0.25,-2.69,-0.427472,0.00844896,0.158912,-0.425978
1.5,-0.25,-2.68,-0.427389,0.00825524,0.159473,-0.42596
1.5,-0.25,-2.67,-0.427308,0.00798702,0.16004,-0.425941
1.5,-0.25,-2.66,-0.427229,0.00780821,0.160612,-0.425922
1.5,-0.25,-2.65,-0.427152,0.00756979,0.161189,-0.425902
1.5,-0.25,-2.64,-0.427077,0.00737607,0.161772,-0.425882
1.5,-0.25,-2.63,-0.427004,0.00718236,0.162359,-0.425861
1.5,-0.25,-2.62,-0.426934,0.00697374,0.162952,-0.42584
1.5,-0.25,-2.61,-0.426865,0.00682473,0.16355,-0.425819
1.5,-0.25,-2.6,-0.426799,0.00649691,0.164153,-0.425796
1.5,-0.25,-2.59,-0.426734,0.00628829,0.164762,-0.425773
1.5,-0.25,-2.58,-0.426672,0.00610948,0.165377,-0.42575
1.5,-0.25,-2.57,-0.426612,0.00594556,0.165997,-0.425726
1.5,-0.25,-2.56,-0.426553,0.00575185,0.166622,-0.425701
1.5,-0.25,-2.55,-0.426497,0.00554323,0.167254,-0.425676
1.5,-0.25,-2.54,-0.426442,0.00530481,0.167891,-0.42565
1.5,-0.25,-2.53,-0.42639,0.0051558,0.168533,-0.425624
1.5,-0.25,-2.52,-0.426339,0.00496209,0.169182,-0.425596
1.5,-0.25,-2.51,-0.42629,0.00475347,0.169837,-0.425568
1.5,-0.25,-2.5,-0.426244,0.00460446,0.170497,-0.42554
1.5,-0.25,-2.49,-0.426199,0.00441074,0.171164,-0.42551
1.5,-0.25,-2.48,-0.426155,0.00423193,0.171837,-0.42548
1.5,-0.25,-2.47,-0.426114,0.00400841,0.172516,-0.425449
1.5,-0.25,-2.46,-0.426074,0.0038445,0.173201,-0.425418
1.5,-0.25,-2.45,-0.426037,0.00368059,0.173892,-0.425385
1.5,-0.25,-2.44,-0.426001,0.00345707,0.17459,-0.425352
1.5,-0.25,-2.43,-0.425966,0.00332296,0.175295,-0.425318
1.5,-0.25,-2.42,-0.425933,0.00326335,0.176006,-0.425282
1.5,-0.25,-2.41,-0.425902,0.00305474,0.176723,-0.425247
1.5,-0.25,-2.4,-0.425873,0.00289083,0.177447,-0.42521
1.5,-0.25,-2.39,-0.425845,0.00268221,0.178178,-0.425172
1.5,-0.25,-2.38,-0.425819,0.0025779,0.178915,-0.425133
1.5,-0.25,-2.37,-0.425794,0.00242889,0.17966,-0.425093
1.5,-0.25,-2.36,-0.425771,0.00230968,0.180411,-0.425053
1.5,-0.25,-2.35,-0.425749,0.00208616,0.18117,-0.425011
1.5,-0.25,-2.34,-0.425728,0.00198185,0.181935,-0.424968
1.5,-0.25,-2.33,-0.425709,0.00181794,0.182708,-0.424924
1.5,-0.25,-2.32,-0.425692,0.00171363,0.183488,-0.424879
1.5,-0.25,-2.31,-0.425675,0.00154972,0.184275,-0.424833
1.5,-0.25,-2.3,-0.42566,0.00143051,0.18507,-0.424785
1.5,-0.25,-2.29,-0.425646,0.0013113,0.185872,-0.424737
1.5,-0.25,-2.28,-0.425633,0.0012368,0.186681,-0.424687
1.5,-0.25,-2.27,-0.425622,0.00110269,0.187499,-0.424636
1.5,-0.25,-2.26,-0.425611,0.000953674,0.188324,-0.424583
1.5,-0.25,-2.25,-0.425602,0.000864267,0.189156,-0.42453
1.5,-0.25,-2.24,-0.425593,0.000789762,0.189997,-0.424475
1.5,-0.25,-2.23,-0.425586,0.000670552,0.190846,-0.424418
1.5,-0.25,-2.22,-0.425579,0.00064075,0.191702,-0.42436
1.5,-0.25,-2.21,-0.425573,0.000476837,0.192567,-0.424301
1.5,-0.25,-2.2,-0.425569,0.000432134,0.19344,-0.42424
1.5,-0.25,-2.19,-0.425564,0.000447035,0.194322,-0.424177
1.5,-0.25,-2.18,-0.425561,0.000357628,0.195211,-0.424113
1.5,-0.25,-2.17,-0.425558,0.000223517,0.19611,-0.424048
1.5,-0.25,-2.16,-0.425556,0.000208616,0.197017,-0.42398
1.5,-0.25,-2.15,-0.425554,0.000163913,0.197932,-0.423911
1.5,-0.25,-2.14,-0.425552,0.000104308,0.198856,-0.42384
1.5,-0.25,-2.13,-0.425552,0.00013411,0.199789,-0.423768
1.5,-0.25,-2.12,-0.425551,7.45058e-05,0.200732,-0.423693
1.5,-0.25,-2.11,-0.425551,2.98023e-05,0.201683,-0.423617
1.5,-0.25,-2.1,-0.42555,0,0.202643,-0.423539
1.5,-0.25,-2.09,-0.42555,4.47035e-05,0.203613,-0.423458
1.5,-0.25,-2.08,-0.42555,-1.49012e-05,0.204592,-0.423376
1.5,-0.25,-2.07,-0.42555,1.49012e-05,0.20558,-0.423292
1.5,-0.25,-2.06,-0.42555,1.49012e-05,0.206578,-0.423205
1.5,-0.25,-2.05,-0.42555,4.47035e-05,0.207585,-0.423116
1.5,-0.25,-2.04,-0.425549,0.000104308,0.208603,-0.423025
1.5,-0.25,-2.03,-0.425548,0.00013411,0.20963,-0.422932
1.5,-0.25,-2.02,-0.425547,0.000163913,0.210667,-0.422836
1.5,-0.25,-2.01,-0.425545,0.000193715,0.211714,-0.422738
1.5,-0.25,-2,-0.425543,0.000312924,0.212771,-0.422638
1.5,-0.25,-1.99,-0.42554,0.000342727,0.213839,-0.422534
1.5,-0.25,-1.98,-0.425536,0.000461936,0.214917,-0.422429
1.5,-0.25,-1.97,-0.425531,0.000521541,0.216006,-0.42232
1.5,-0.25,-1.96,-0.425525,0.000625849,0.217105,-0.422209
1.5,-0.25,-1.95,-0.425519,0.000789762,0.218215,-0.422095
1.5,-0.25,-1.94,-0.425511,0.000864267,0.219335,-0.421978
1.5,-0.25,-1.93,-0.425501,0.000983477,0.220467,-0.421858
1.5,-0.25,-1.92,-0.425491,0.00113249,0.22161,-0.421735
1.5,-0.25,-1.91,-0.425479,0.0012815,0.222764,-0.421609
1.5,-0.25,-1.9,-0.425465,0.00143051,0.223929,-0.42148
1.5,-0.25,-1.89,-0.42545,0.00159442,0.225106,-0.421348
1.5,-0.25,-1.88,-0.425432,0.00180304,0.226294,-0.421212
1.5,-0.25,-1.87,-0.425413,0.00207126,0.227494,-0.421073
1.5,-0.25,-1.86,-0.425392,0.00220537,0.228705,-0.42093
1.5,-0.25,-1.85,-0.425368,0.00239909,0.229929,-0.420783
1.5,-0.25,-1.84,-0.425343,0.00271201,0.231164,-0.420633
1.5,-0.25,-1.83,-0.425314,0.00293553,0.232412,-0.420479
1.5,-0.25,-1.82,-0.425284,0.00321865,0.233672,-0.420321
1.5,-0.25,-1.81,-0.42525,0.00347197,0.234945,-0.42016
1.5,-0.25,-1.8,-0.425214,0.00378489,0.23623,-0.419994
1.5,-0.25,-1.79,-0.425174,0.00409782,0.237528,-0.419824
1.5,-0.25,-1.78,-0.425132,0.00439584,0.238838,-0.419649
1.5,-0.25,-1.77,-0.425086,0.00476837,0.240161,-0.419471
1.5,-0.25,-1.76,-0.425036,0.0050962,0.241498,-0.419287
1.5,-0.25,-1.75,-0.424983,0.00545382,0.242848,-0.419099
1.5,-0.25,-1.74,-0.424927,0.00591576,0.244211,-0.418907
1.5,-0.25,-1.73,-0.424866,0.00630319,0.245587,-0.418709
1.5,-0.25,-1.72,-0.424801,0.00669062,0.246977,-0.418507
1.5,-0.25,-1.71,-0.424732,0.00712276,0.248381,-0.418299
1.5,-0.25,-1.7,-0.424659,0.00753999,0.249799,-0.418086
1.5,-0.25,-1.69,-0.42458,0.00807643,0.251231,-0.417868
1.5,-0.25,-1.68,-0.424497,0.00849366,0.252677,-0.417645
1.5,-0.25,-1.67,-0.424409,0.00908971,0.254137,-0.417415
1.5,-0.25,-1.66,-0.424316,0.00964105,0.255612,-0.41718
1.5,-0.25,-1.65,-0.424217,0.0101626,0.257101,-0.416939
1.5,-0.25,-1.64,-0.424113,0.0106692,0.258606,-0.416692
1.5,-0.25,-1.63,-0.424003,0.01131,0.260125,-0.416439
1.5,-0.25,-1.62,-0.423887,0.0119209,0.261659,-0.416179
1.5,-0.25,-1.61,-0.423765,0.0125319,0.263208,-0.415913
1.5,-0.25,-1.6,-0.423636,0.013262,0.264772,-0.415641
1.5,-0.25,-1.59,-0.4235,0.0139475,0.266352,-0.415361
1.5,-0.25,-1.58,-0.423358,0.0145584,0.267948,-0.415074
1.5,-0.25,-1.57,-0.423209,0.0153184,0.26956,-0.41478
1.5,-0.25,-1.56,-0.423052,0.0160784,0.271187,-0.414479
1.5,-0.25,-1.55,-0.422887,0.0168085,0.27283,-0.41417
1.5,-0.25,-1.54,-0.422715,0.0176728,0.27449,-0.413854
1.5,-0.25,-1.53,-0.422534,0.0184625,0.276166,-0.41353
1.5,-0.25,-1.52,-0.422346,0.0193119,0.277859,-0.413197
1.5,-0.25,-1.51,-0.422148,0.0201762,0.279568,-0.412856
1.5,-0.25,-1.5,-0.421942,0.0211149,0.281295,-0.412507
1.5,-0.25,-1.49,-0.421726,0.0220388,0.283038,-0.412149
1.5,-0.25,-1.48,-0.421501,0.0229478,0.284798,-0.411782
1.5,-0.25,-1.47,-0.421266,0.0239462,0.286576,-0.411406
1.5,-0.25,-1.46,-0.421022,0.025034,0.288371,-0.41102
1.5,-0.25,-1.45,-0.420766,0.0260472,0.290184,-0.410625
1.5,-0.25,-1.44,-0.420501,0.0271499,0.292014,-0.41022
1.5,-0.25,-1.43,-0.420224,0.0282526,0.293863,-0.409805
1.5,-0.25,-1.42,-0.419936,0.0293404,0.295729,-0.40938
1.5,-0.25,-1.41,-0.419636,0.0305623,0.297614,-0.408944
1.5,-0.25,-1.4,-0.419325,0.0317693,0.299518,-0.408497
1.5,-0.25,-1.39,-0.419001,0.0330359,0.301439,-0.408039
1.5,-0.25,-1.38,-0.418664,0.0342727,0.30338,-0.40757
1.5,-0.25,-1.37,-0.418315,0.0355691,0.305339,-0.407089
1.5,-0.25,-1.36,-0.417952,0.0369847,0.307318,-0.406597
1.5,-0.25,-1.35,-0.417576,0.0383109,0.309316,-0.406092
1.5,-0.25,-1.34,-0.417186,0.0397116,0.311333,-0.405574
1.5,-0.25,-1.33,-0.416781,0.0412017,0.313369,-0.405044
1.5,-0.25,-1.32,-0.416361,0.0427365,0.315425,-0.404501
1.5,-0.25,-1.31,-0.415927,0.0442266,0.317501,-0.403944
1.5,-0.25,-1.3,-0.415476,0.045836,0.319597,-0.403374
1.5,-0.25,-1.29,-0.41501,0.0474304,0.321713,-0.402789
1.5,-0.25,-1.28,-0.414527,0.0491142,0.323849,-0.402191
1.5,-0.25,-1.27,-0.414028,0.0508279,0.326006,-0.401577
1.5,-0.25,-1.26,-0.413511,0.0525415,0.328183,-0.400949
1.5,-0.25,-1.25,-0.412976,0.0543445,0.330381,-0.400305
1.5,-0.25,-1.24,-0.412424,0.0561774,0.3326,-0.399645
1.5,-0.25,-1.23,-0.411852,0.0580698,0.334839,-0.398969
1.5,-0.25,-1.22,-0.411262,0.0599772,0.3371,-0.398277
1.5,-0.25,-1.21,-0.410652,0.0619441,0.339382,-0.397567
1.5,-0.25,-1.2,-0.410023,0.0639707,0.341685,-0.396841
1.5,-0.25,-1.19,-0.409372,0.0660568,0.34401,-0.396097
1.5,-0.25,-1.18,-0.408701,0.0681728,0.346357,-0.395334
1.5,-0.25,-1.17,-0.408009,0.0703484,0.348725,-0.394553
1.5,-0.25,-1.16,-0.407294,0.0725538,0.351115,-0.393753
1.5,-0.25,-1.15,-0.406557,0.0748485,0.353528,-0.392934
1.5,-0.25,-1.14,-0.405797,0.077188,0.355962,-0.392095
1.5,-0.25,-1.13,-0.405013,0.079602,0.358419,-0.391236
1.5,-0.25,-1.12,-0.404205,0.0819713,0.360898,-0.390355
1.5,-0.25,-1.11,-0.403373,0.0845045,0.363399,-0.389454
1.5,-0.25,-1.1,-0.402516,0.0870526,0.365923,-0.388531
1.5,-0.25,-1.09,-0.401632,0.0896752,0.36847,-0.387586
1.5,-0.25,-1.08,-0.400723,0.0922978,0.37104,-0.386618
1.5,-0.25,-1.07,-0.399786,0.0950694,0.373632,-0.385627
1.5,-0.25,-1.06,-0.398822,0.0977665,0.376247,-0.384612
1.5,-0.25,-1.05,-0.39783,0.100583,0.378886,-0.383573
1.5,-0.25,-1.04,-0.396809,0.103533,0.381547,-0.382509
1.5,-0.25,-1.03,-0.395759,0.106484,0.384232,-0.38142
1.5,-0.25,-1.02,-0.394679,0.109509,0.38694,-0.380305
1.5,-0.25,-1.01,-0.393568,0.112623,0.389671,-0.379163
1.5,-0.25,-1,-0.392426,0.115812,0.392426,-0.377995
1.5,-0.25,-0.99,-0.391252,0.119001,0.395204,-0.376798
1.5,-0.25,-0.98,-0.390046,0.122309,0.398006,-0.375574
1.5,-0.25,-0.97,-0.388806,0.125661,0.400831,-0.374321
1.5,-0.25,-0.96,-0.387532,0.129089,0.40368,-0.373038
1.5,-0.25,-0.95,-0.386224,0.132561,0.406552,-0.371726
1.5,-0.25,-0.94,-0.384881,0.136107,0.409447,-0.370382
1.5,-0.25,-0.93,-0.383501,0.139788,0.412367,-0.369008
1.5,-0.25,-0.92,-0.382085,0.143439,0.41531,-0.367601
1.5,-0.25,-0.91,-0.380631,0.147268,0.418276,-0.366161
1.5,-0.25,-0.9,-0.37914,0.151083,0.421266,-0.364689
1.5,-0.25,-0.89,-0.377609,0.155032,0.42428,-0.363182
1.5,-0.25,-0.88,-0.376039,0.15901,0.427317,-0.36164
1.5,-0.25,-0.87,-0.374428,0.163138,0.430377,-0.360063
1.5,-0.25,-0.86,-0.372777,0.167266,0.433461,-0.35845
1.5,-0.25,-0.85,-0.371083,0.171483,0.436568,-0.3568
1.5,-0.25,-0.84,-0.369347,0.175744,0.439699,-0.355113
1.5,-0.25,-0.83,-0.367567,0.18017,0.442852,-0.353387
1.5,-0.25,-0.82,-0.365743,0.18464,0.446029,-0.351621
1.5,-0.25,-0.81,-0.363875,0.18917,0.449228,-0.349816
1.5,-0.25,-0.8,-0.36196,0.193745,0.45245,-0.34797
1.5,-0.25,-0.79,-0.359999,0.198469,0.455695,-0.346083
1.5,-0.25,-0.78,-0.357991,0.203267,0.458963,-0.344154
1.5,-0.25,-0.77,-0.355934,0.208095,0.462252,-0.342181
1.5,-0.25,-0.76,-0.353829,0.212997,0.465564,-0.340165
1.5,-0.25,-0.75,-0.351673,0.218034,0.468898,-0.338104
1.5,-0.25,-0.74,-0.349468,0.22319,0.472254,-0.335997
1.5,-0.25,-0.73,-0.34721,0.22833,0.475631,-0.333844
1.5,-0.25,-0.72,-0.344901,0.233606,0.479029,-0.331644
1.5,-0.25,-0.71,-0.342538,0.23894,0.482449,-0.329396
1.5,-0.25,-0.7,-0.340122,0.244319,0.485889,-0.327099
1.5,-0.25,-0.69,-0.337651,0.249833,0.48935,-0.324752
1.5,-0.25,-0.68,-0.335125,0.255436,0.492831,-0.322354
1.5,-0.25,-0.67,-0.332542,0.261113,0.496331,-0.319905
1.5,-0.25,-0.66,-0.329902,0.26685,0.499852,-0.317404
1.5,-0.25,-0.65,-0.327204,0.272691,0.503391,-0.31485
1.5,-0.25,-0.64,-0.324448,0.278637,0.50695,-0.312241
1.5,-0.25,-0.63,-0.321632,0.284612,0.510527,-0.309577
1.5,-0.25,-0.62,-0.318755,0.290722,0.514121,-0.306858
1.5,-0.25,-0.61,-0.315818,0.296861,0.517734,-0.304081
1.5,-0.25,-0.6,-0.312818,0.303105,0.521363,-0.301248
1.5,-0.25,-0.59,-0.309756,0.309438,0.52501,-0.298355
1.5,-0.25,-0.58,-0.30663,0.31583,0.528672,-0.295403
1.5,-0.25,-0.57,-0.30344,0.322282,0.53235,-0.292391
1.5,-0.25,-0.56,-0.300184,0.328794,0.536044,-0.289318
1.5,-0.25,-0.55,-0.296863,0.335455,0.539752,-0.286182
1.5,-0.25,-0.54,-0.293476,0.342116,0.543473,-0.282984
1.5,-0.25,-0.53,-0.290021,0.348926,0.547209,-0.279722
1.5,-0.25,-0.52,-0.286498,0.355765,0.550957,-0.276395
1.5,-0.25,-0.51,-0.282906,0.362635,0.554718,-0.273002
1.5,-0.25,-0.5,-0.279245,0.369608,0.55849,-0.269544
1.5,-0.25,-0.49,-0.275514,0.376627,0.562273,-0.266018
1.5,-0.25,-0.48,-0.271711,0.383735,0.566066,-0.262424
1.5,-0.25,-0.47,-0.267838,0.390962,0.569868,-0.258761
1.5,-0.25,-0.46,-0.263892,0.398189,0.573679,-0.255028
1.5,-0.25,-0.45,-0.259874,0.405505,0.577498,-0.251225
1.5,-0.25,-0.44,-0.255783,0.412837,0.581324,-0.247351
1.5,-0.25,-0.43,-0.251617,0.420243,0.585157,-0.243405
1.5,-0.25,-0.42,-0.247378,0.427715,0.588995,-0.239386
1.5,-0.25,-0.41,-0.243063,0.435226,0.592837,-0.235294
1.5,-0.25,-0.4,-0.238673,0.442803,0.596684,-0.231128
1.5,-0.25,-0.39,-0.234208,0.450373,0.600533,-0.226887
1.5,-0.25,-0.38,-0.229666,0.458032,0.604383,-0.22257
1.5,-0.25,-0.37,-0.225047,0.465736,0.608235,-0.218178
1.5,-0.25,-0.36,-0.220351,0.473432,0.612087,-0.213708
1.5,-0.25,-0.35,-0.215578,0.481211,0.615938,-0.209162
1.5,-0.25,-0.34,-0.210727,0.488967,0.619787,-0.204538
1.5,-0.25,-0.33,-0.205799,0.496812,0.623632,-0.199836
1.5,-0.25,-0.32,-0.200791,0.504628,0.627473,-0.195054
1.5,-0.25,-0.31,-0.195706,0.512503,0.631309,-0.190194
1.5,-0.25,-0.3,-0.190542,0.520334,0.635138,-0.185254
1.5,-0.25,-0.29,-0.185299,0.528246,0.63896,-0.180235
1.5,-0.25,-0.28,-0.179977,0.536114,0.642774,-0.175135
1.5,-0.25,-0.27,-0.174576,0.544019,0.646577,-0.169954
1.5,-0.25,-0.26,-0.169096,0.551924,0.650369,-0.164693
1.5,-0.25,-0.25,-0.163537,0.559822,0.654149,-0.15935
1.5,-0.25,-0.24,-0.1579,0.567667,0.657916,-0.153927
1.5,-0.25,-0.23,-0.152184,0.57555,0.661668,-0.148422
1.5,-0.25,-0.22,-0.146389,0.58338,0.665404,-0.142837
1.5,-0.25,-0.21,-0.140516,0.591226,0.669122,-0.137169
1.5,-0.25,-0.2,-0.134564,0.599042,0.672822,-0.131421
1.5,-0.25,-0.19,-0.128535,0.60679,0.676502,-0.125592
1.5,-0.25,-0.18,-0.122429,0.614487,0.680161,-0.119681
1.5,-0.25,-0.17,-0.116246,0.622164,0.683798,-0.11369
1.5,-0.25,-0.16,-0.109986,0.629816,0.68741,-0.107619
1.5,-0.25,-0.15,-0.10365,0.637386,0.690997,-0.101467
1.5,-0.25,-0.14,-0.0972381,0.644915,0.694558,-0.0952355
1.5,-0.25,-0.13,-0.0907518,0.652377,0.698091,-0.0889249
1.5,-0.25,-0.12,-0.0841912,0.659723,0.701593,-0.0825355
1.5,-0.25,-0.11,-0.0775573,0.667032,0.705066,-0.076068
1.5,-0.25,-0.1,-0.0708507,0.674255,0.708507,-0.069523
1.5,-0.25,-0.09,-0.0640722,0.68143,0.711914,-0.0629012
1.5,-0.25,-0.08,-0.0572229,0.688458,0.715286,-0.0562033
1.5,-0.25,-0.07,-0.0503035,0.695413,0.718621,-0.0494303
1.5,-0.25,-0.06,-0.0433152,0.702249,0.72192,-0.0425831
1.5,-0.25,-0.05,-0.0362589,0.708988,0.725178,-0.0356625
1.5,-0.25,-0.04,-0.0291359,0.715617,0.728397,-0.0286698
1.5,-0.25,-0.03,-0.0219472,0.722108,0.731574,-0.0216059
1.5,-0.25,-0.02,-0.0146941,0.72848,0.734706,-0.0144722
1.5,-0.25,-0.01,-0.00737795,0.734753,0.737795,-0.00726976
1.5,-0.25,0,0,0.740827,0.740827,0
1.5,-0.25,0.01,0.00743834,0.746802,0.743834,0.0073357
1.5,-0.25,0.02,0.0149356,0.752629,0.746782,0.0147359
1.5,-0.25,0.03,0.0224903,0.758298,0.749678,0.022199
1.5,-0.25,0.04,0.030101,0.763806,0.752524,0.0297236
1.5,-0.25,0.05,0.0377658,0.769138,0.755317,0.0373078
1.5,-0.25,0.06,0.0454833,0.774341,0.758056,0.04495
1.5,-0.25,0.07,0.0532518,0.779334,0.76074,0.0526484
1.5,-0.25,0.08,0.0610694,0.78417,0.763368,0.0604012
1.5,-0.25,0.09,0.0689344,0.788815,0.765938,0.0682064
1.5,-0.25,0.1,0.0768449,0.793263,0.768449,0.076062
1.5,-0.25,0.11,0.0847991,0.797536,0.770901,0.0839661
1.5,-0.25,0.12,0.092795,0.801601,0.773292,0.0919166
1.5,-0.25,0.13,0.100831,0.805479,0.77562,0.0999113
1.5,-0.25,0.14,0.108904,0.809163,0.777886,0.107948
1.5,-0.25,0.15,0.117013,0.812612,0.780087,0.116025
1.5,-0.25,0.16,0.125156,0.815872,0.782223,0.124139
1.5,-0.25,0.17,0.13333,0.818916,0.784293,0.132288
1.5,-0.25,0.18,0.141533,0.821732,0.786296,0.14047
1.5,-0.25,0.19,0.149764,0.824347,0.788231,0.148682
1.5,-0.25,0.2,0.158019,0.826731,0.790097,0.156923
1.5,-0.25,0.21,0.166298,0.828877,0.791894,0.165188
1.5,-0.25,0.22,0.174596,0.830814,0.79362,0.173477
1.5,-0.25,0.23,0.182913,0.83252,0.795275,0.181786
1.5,-0.25,0.24,0.191246,0.833988,0.796858,0.190113
1.5,-0.25,0.25,0.199592,0.835225,0.798369,0.198455
1.5,-0.25,0.26,0.20795,0.836223,0.799806,0.20681
1.5,-0.25,0.27,0.216316,0.837006,0.80117,0.215175
1.5,-0.25,0.28,0.224689,0.83752,0.80246,0.223547
1.5,-0.25,0.29,0.233066,0.837825,0.803675,0.231924
1.5,-0.25,0.3,0.241445,0.837885,0.804815,0.240303
1.5,-0.25,0.31,0.249823,0.837706,0.80588,0.248681
1.5,-0.25,0.32,0.258198,0.837296,0.806869,0.257056
1.5,-0.25,0.33,0.266568,0.83667,0.807783,0.265425
1.5,-0.25,0.34,0.274931,0.835791,0.80862,0.273785
1.5,-0.25,0.35,0.283283,0.834674,0.80938,0.282134
1.5,-0.25,0.36,0.291623,0.833318,0.810064,0.290469
1.5,-0.25,0.37,0.299949,0.831723,0.810672,0.298788
1.5,-0.25,0.38,0.308257,0.829905,0.811203,0.307088
1.5,-0.25,0.39,0.316546,0.827879,0.811657,0.315366
1.5,-0.25,0.4,0.324814,0.825614,0.812035,0.32362
1.5,-0.25,0.41,0.333058,0.82314,0.812336,0.331847
1.5,-0.25,0.42,0.341276,0.820398,0.812562,0.340046
1.5,-0.25,0.43,0.349466,0.817493,0.812711,0.348212
1.5,-0.25,0.44,0.357625,0.814348,0.812784,0.356345
1.5,-0.25,0.45,0.365752,0.810996,0.812782,0.364442
1.5,-0.25,0.46,0.373844,0.807419,0.812705,0.372499
1.5,-0.25,0.47,0.3819,0.803649,0.812553,0.380516
1.5,-0.25,0.48,0.389917,0.799686,0.812327,0.38849
1.5,-0.25,0.49,0.397893,0.795513,0.812027,0.396419
1.5,-0.25,0.5,0.405827,0.791162,0.811654,0.4043
1.5,-0.25,0.51,0.413716,0.786588,0.811207,0.412132
1.5,-0.25,0.52,0.421558,0.781909,0.810689,0.419913
1.5,-0.25,0.53,0.429353,0.777006,0.8101,0.42764
1.5,-0.25,0.54,0.437097,0.77191,0.80944,0.435312
1.5,-0.25,0.55,0.44479,0.76662,0.808709,0.442926
1.5,-0.25,0.56,0.452429,0.761196,0.807909,0.450482
1.5,-0.25,0.57,0.460013,0.755623,0.807041,0.457978
1.5,-0.25,0.58,0.467541,0.749841,0.806105,0.465411
1.5,-0.25,0.59,0.47501,0.74394,0.805102,0.472781
1.5,-0.25,0.6,0.48242,0.73795,0.804034,0.480085
1.5,-0.25,0.61,0.489769,0.731722,0.8029,0.487323
1.5,-0.25,0.62,0.497055,0.725463,0.801702,0.494493
1.5,-0.25,0.63,0.504278,0.719011,0.800441,0.501594
1.5,-0.25,0.64,0.511435,0.712514,0.799118,0.508624
1.5,-0.25,0.65,0.518527,0.705808,0.797733,0.515582
1.5,-0.25,0.66,0.525551,0.699013,0.796289,0.522468
1.5,-0.25,0.67,0.532506,0.692129,0.794786,0.52928
1.5,-0.25,0.68,0.539392,0.685126,0.793224,0.536018
1.5,-0.25,0.69,0.546208,0.678003,0.791606,0.542679
1.5,-0.25,0.7,0.552953,0.670791,0.789932,0.549265
1.5,-0.25,0.71,0.559625,0.663608,0.788204,0.555773
1.5,-0.25,0.72,0.566224,0.656247,0.786422,0.562203
1.5,-0.25,0.73,0.572749,0.648826,0.784588,0.568555
1.5,-0.25,0.74,0.5792,0.641346,0.782702,0.574828
1.5,-0.25,0.75,0.585575,0.633776,0.780767,0.581022
1.5,-0.25,0.76,0.591875,0.626147,0.778783,0.587135
1.5,-0.25,0.77,0.598099,0.618547,0.776752,0.593168
1.5,-0.25,0.78,0.604246,0.610858,0.774674,0.599121
1.5,-0.25,0.79,0.610315,0.603139,0.772551,0.604993
1.5,-0.25,0.8,0.616307,0.595331,0.770384,0.610784
1.5,-0.25,0.81,0.622221,0.587523,0.768175,0.616493
1.5,-0.25,0.82,0.628057,0.579685,0.765923,0.622122
1.5,-0.25,0.83,0.633815,0.571758,0.763632,0.627669
1.5,-0.25,0.84,0.639493,0.563949,0.761302,0.633135
1.5,-0.25,0.85,0.645093,0.556052,0.758933,0.63852
1.5,-0.25,0.86,0.650615,0.548154,0.756529,0.643823
1.5,-0.25,0.87,0.656057,0.540257,0.754088,0.649046
1.5,-0.25,0.88,0.66142,0.532389,0.751614,0.654188
1.5,-0.25,0.89,0.666704,0.524491,0.749106,0.65925
1.5,-0.25,0.9,0.67191,0.516653,0.746566,0.664232
1.5,-0.25,0.91,0.677037,0.508785,0.743996,0.669134
1.5,-0.25,0.92,0.682085,0.500828,0.741396,0.673956
1.5,-0.25,0.93,0.687055,0.493079,0.738768,0.6787
1.5,-0.25,0.94,0.691946,0.485301,0.736113,0.683365
1.5,-0.25,0.95,0.69676,0.477493,0.733432,0.687952
1.5,-0.25,0.96,0.701496,0.469774,0.730725,0.692462
1.5,-0.25,0.97,0.706155,0.462085,0.727995,0.696894
1.5,-0.25,0.98,0.710737,0.454426,0.725242,0.70125
1.5,-0.25,0.99,0.715243,0.446707,0.722468,0.705531
1.5,-0.25,1,0.719673,0.439197,0.719673,0.709736
1.5,-0.25,1.01,0.724026,0.431687,0.716858,0.713867
1.5,-0.25,1.02,0.728305,0.424117,0.714025,0.717924
1.5,-0.25,1.03,0.732509,0.416696,0.711174,0.721909
1.5,-0.25,1.04,0.736639,0.409305,0.708307,0.72582
1.5,-0.25,1.05,0.740696,0.402004,0.705425,0.72966
1.5,-0.25,1.06,0.744679,0.394702,0.702528,0.73343
1.5,-0.25,1.07,0.748591,0.387549,0.699617,0.737129
1.5,-0.25,1.08,0.75243,0.380337,0.696695,0.740759
1.5,-0.25,1.09,0.756198,0.373244,0.69376,0.74432
1.5,-0.25,1.1,0.759896,0.3663,0.690815,0.747814
1.5,-0.25,1.11,0.763524,0.359356,0.68786,0.751241
1.5,-0.25,1.12,0.767083,0.352472,0.684896,0.754602
1.5,-0.25,1.13,0.770574,0.345737,0.681924,0.757898
1.5,-0.25,1.14,0.773996,0.338882,0.678944,0.76113
1.5,-0.25,1.15,0.777352,0.332236,0.675958,0.764298
1.5,-0.25,1.16,0.780642,0.32568,0.672967,0.767404
1.5,-0.25,1.17,0.783866,0.319183,0.669971,0.770448
1.5,-0.25,1.18,0.787026,0.312716,0.666971,0.773432
1.5,-0.25,1.19,0.790121,0.306368,0.663967,0.776355
1.5,-0.25,1.2,0.793153,0.30005,0.660961,0.77922
1.5,-0.25,1.21,0.796123,0.29394,0.657953,0.782026
1.5,-0.25,1.22,0.799032,0.287771,0.654944,0.784775
1.5,-0.25,1.23,0.80188,0.281811,0.651935,0.787468
1.5,-0.25,1.24,0.804667,0.27585,0.648925,0.790105
1.5,-0.25,1.25,0.807396,0.270009,0.645916,0.792688
1.5,-0.25,1.26,0.810066,0.264168,0.642909,0.795217
1.5,-0.25,1.27,0.812678,0.258386,0.639904,0.797693
1.5,-0.25,1.28,0.815234,0.252813,0.636902,0.800118
1.5,-0.25,1.29,0.817734,0.247151,0.633902,0.802491
1.5,-0.25,1.3,0.820179,0.241727,0.630907,0.804814
1.5,-0.25,1.31,0.822569,0.236362,0.627916,0.807088
1.5,-0.25,1.32,0.824907,0.231087,0.624929,0.809313
1.5,-0.25,1.33,0.827191,0.225872,0.621948,0.81149
1.5,-0.25,1.34,0.829424,0.220746,0.618973,0.813621
1.5,-0.25,1.35,0.831605,0.21562,0.616004,0.815706
1.5,-0.25,1.36,0.833737,0.210702,0.613042,0.817746
1.5,-0.25,1.37,0.835819,0.205874,0.610087,0.819741
1.5,-0.25,1.38,0.837852,0.201046,0.607139,0.821693
1.5,-0.25,1.39,0.839838,0.196189,0.6042,0.823602
1.5,-0.25,1.4,0.841777,0.19154,0.601269,0.82547
1.5,-0.25,1.41,0.843669,0.18698,0.598347,0.827296
1.5,-0.25,1.42,0.845517,0.18248,0.595434,0.829082
1.5,-0.25,1.43,0.847319,0.178039,0.592531,0.830829
1.5,-0.25,1.44,0.849078,0.173688,0.589638,0.832536
1.5,-0.25,1.45,0.850794,0.169516,0.586755,0.834206
1.5,-0.25,1.46,0.852468,0.165254,0.583882,0.835838
1.5,-0.25,1.47,0.854099,0.161141,0.58102,0.837434
1.5,-0.25,1.48,0.855691,0.157177,0.578169,0.838994
1.5,-0.25,1.49,0.857242,0.153124,0.57533,0.840519
1.5,-0.25,1.5,0.858754,0.14925,0.572503,0.84201
1.5,-0.25,1.51,0.860228,0.145465,0.569687,0.843466
1.5,-0.25,1.52,0.861663,0.14168,0.566884,0.84489
1.5,-0.25,1.53,0.863062,0.138044,0.564093,0.846281
1.5,-0.25,1.54,0.864424,0.134408,0.561314,0.847641
1.5,-0.25,1.55,0.865751,0.130892,0.558549,0.84897
1.5,-0.25,1.56,0.867042,0.127435,0.555796,0.850268
1.5,-0.25,1.57,0.8683,0.123978,0.553057,0.851537
1.5,-0.25,1.58,0.869524,0.120759,0.550331,0.852776
1.5,-0.25,1.59,0.870714,0.117481,0.547619,0.853987
1.5,-0.25,1.6,0.871873,0.114292,0.544921,0.85517
1.5,-0.25,1.61,0.873,0.111133,0.542236,0.856325
1.5,-0.25,1.62,0.874096,0.108093,0.539566,0.857454
1.5,-0.25,1.63,0.875162,0.105083,0.536909,0.858557
1.5,-0.25,1.64,0.876198,0.102192,0.534267,0.859634
1.5,-0.25,1.65,0.877205,0.0993609,0.53164,0.860686
1.5,-0.25,1.66,0.878184,0.0964701,0.529026,0.861713
1.5,-0.25,1.67,0.879135,0.0937283,0.526428,0.862717
1.5,-0.25,1.68,0.880058,0.0909865,0.523844,0.863697
1.5,-0.25,1.69,0.880955,0.0883937,0.521275,0.864654
1.5,-0.25,1.7,0.881826,0.0858009,0.518721,0.865589
1.5,-0.25,1.71,0.882672,0.0833273,0.516182,0.866501
1.5,-0.25,1.72,0.883492,0.0808835,0.513658,0.867393
1.5,-0.25,1.73,0.884289,0.0784099,0.511149,0.868263
1.5,-0.25,1.74,0.885061,0.0761151,0.508656,0.869112
1.5,-0.25,1.75,0.88581,0.0737607,0.506177,0.869942
1.5,-0.25,1.76,0.886536,0.0714958,0.503714,0.870752
1.5,-0.25,1.77,0.88724,0.0692606,0.501266,0.871543
1.5,-0.25,1.78,0.887923,0.0672042,0.498833,0.872315
1.5,-0.25,1.79,0.888584,0.0650585,0.496415,0.873069
1.5,-0.25,1.8,0.889224,0.0630319,0.494013,0.873804
1.5,-0.25,1.81,0.889844,0.0610054,0.491627,0.874523
1.5,-0.25,1.82,0.890445,0.0590682,0.489255,0.875224
1.5,-0.25,1.83,0.891026,0.0571609,0.486899,0.875908
1.5,-0.25,1.84,0.891588,0.0552833,0.484559,0.876576
1.5,-0.25,1.85,0.892132,0.0534654,0.482234,0.877229
1.5,-0.25,1.86,0.892658,0.0517368,0.479924,0.877865
1.5,-0.25,1.87,0.893167,0.0500083,0.477629,0.878487
1.5,-0.25,1.88,0.893658,0.0483692,0.47535,0.879093
1.5,-0.25,1.89,0.894133,0.0467002,0.473086,0.879685
1.5,-0.25,1.9,0.894592,0.0450611,0.470838,0.880263
1.5,-0.25,1.91,0.895035,0.0435412,0.468605,0.880826
1.5,-0.25,1.92,0.895462,0.0419915,0.466387,0.881377
1.5,-0.25,1.93,0.895875,0.0405312,0.464184,0.881914
1.5,-0.25,1.94,0.896273,0.0390112,0.461996,0.882438
1.5,-0.25,1.95,0.896656,0.0376701,0.459824,0.882949
1.5,-0.25,1.96,0.897026,0.0362992,0.457666,0.883448
1.5,-0.25,1.97,0.897382,0.0349283,0.455524,0.883935
1.5,-0.25,1.98,0.897726,0.0336766,0.453397,0.88441
1.5,-0.25,1.99,0.898056,0.0324547,0.451284,0.884874
1.5,-0.25,2,0.898374,0.031203,0.449187,0.885327
1.5,-0.25,2.01,0.89868,0.0300407,0.447104,0.885768
1.5,-0.25,2.02,0.898974,0.0288486,0.445036,0.886199
1.5,-0.25,2.03,0.899256,0.0276864,0.442983,0.886619
1.5,-0.25,2.04,0.899528,0.0266135,0.440945,0.88703
1.5,-0.25,2.05,0.899788,0.025481,0.438921,0.88743
1.5,-0.25,2.06,0.900039,0.0244975,0.436912,0.88782
1.5,-0.25,2.07,0.900279,0.0235438,0.434917,0.888201
1.5,-0.25,2.08,0.900509,0.022471,0.432937,0.888573
1.5,-0.25,2.09,0.900729,0.0215471,0.430971,0.888936
1.5,-0.25,2.1,0.90094,0.020653,0.429019,0.88929
1.5,-0.25,2.11,0.901143,0.0197887,0.427082,0.889635
1.5,-0.25,2.12,0.901336,0.0188649,0.425158,0.889972
1.5,-0.25,2.13,0.901521,0.0181198,0.423249,0.8903
1.5,-0.25,2.14,0.901697,0.0173151,0.421354,0.890621
1.5,-0.25,2.15,0.901866,0.0164807,0.419472,0.890934
1.5,-0.25,2.16,0.902027,0.0157654,0.417605,0.891239
1.5,-0.25,2.17,0.90218,0.0149906,0.415751,0.891537
1.5,-0.25,2.18,0.902326,0.0142455,0.413911,0.891827
1.5,-0.25,2.19,0.902465,0.0135601,0.412084,0.89211
1.5,-0.25,2.2,0.902597,0.0129044,0.410271,0.892387
1.5,-0.25,2.21,0.902723,0.0122488,0.408472,0.892656
1.5,-0.25,2.22,0.902842,0.0115931,0.406686,0.892919
1.5,-0.25,2.23,0.902955,0.0109673,0.404913,0.893176
1.5,-0.25,2.24,0.903063,0.0104308,0.403153,0.893426
1.5,-0.25,2.25,0.903164,0.00989437,0.401406,0.89367
1.5,-0.25,2.26,0.90326,0.00932813,0.399673,0.893908
1.5,-0.25,2.27,0.903351,0.00888109,0.397952,0.894141
1.5,-0.25,2.28,0.903437,0.00834465,0.396244,0.894367
1.5,-0.25,2.29,0.903517,0.00780821,0.394549,0.894588
1.5,-0.25,2.3,0.903593,0.00733137,0.392867,0.894804
1.5,-0.25,2.31,0.903665,0.00688434,0.391197,0.895014
1.5,-0.25,2.32,0.903732,0.00652671,0.38954,0.895219
1.5,-0.25,2.33,0.903795,0.00610948,0.387895,0.895419
1.5,-0.25,2.34,0.903853,0.00566244,0.386262,0.895614
1.5,-0.25,2.35,0.903908,0.00533462,0.384642,0.895805
1.5,-0.25,2.36,0.90396,0.00488758,0.383034,0.895991
1.5,-0.25,2.37,0.904007,0.00464916,0.381438,0.896172
1.5,-0.25,2.38,0.904052,0.00426173,0.379854,0.896348
1.5,-0.25,2.39,0.904093,0.00396371,0.378281,0.896521
1.5,-0.25,2.4,0.904131,0.00366569,0.376721,0.896689
1.5,-0.25,2.41,0.904166,0.00333786,0.375173,0.896853
1.5,-0.25,2.42,0.904198,0.00309944,0.373636,0.897012
1.5,-0.25,2.43,0.904227,0.00277162,0.37211,0.897168
1.5,-0.25,2.44,0.904255,0.0025332,0.370596,0.89732
1.5,-0.25,2.45,0.904279,0.00238419,0.369094,0.897469
1.5,-0.25,2.46,0.904302,0.00214577,0.367602,0.897613
1.5,-0.25,2.47,0.904322,0.00199676,0.366122,0.897755
1.5,-0.25,2.48,0.90434,0.00172853,0.364653,0.897892
1.5,-0.25,2.49,0.904356,0.00151992,0.363195,0.898026
1.5,-0.25,2.5,0.904371,0.00137091,0.361748,0.898157
1.5,-0.25,2.51,0.904384,0.0012517,0.360312,0.898285
1.5,-0.25,2.52,0.904395,0.00107288,0.358887,0.89841
1.5,-0.25,2.53,0.904405,0.00089407,0.357472,0.898531
1.5,-0.25,2.54,0.904414,0.000715256,0.356068,0.898649
1.5,-0.25,2.55,0.904421,0.000655651,0.354675,0.898765
1.5,-0.25,2.56,0.904427,0.000625849,0.353292,0.898878
1.5,-0.25,2.57,0.904433,0.000476837,0.351919,0.898988
1.5,-0.25,2.58,0.904437,0.00038743,0.350557,0.899095
1.5,-0.25,2.59,0.904441,0.00038743,0.349205,0.899199
1.5,-0.25,2.6,0.904443,0.000298023,0.347863,0.899301
1.5,-0.25,2.61,0.904445,0.000208616,0.346531,0.899401
1.5,-0.25,2.62,0.904447,0.000178814,0.345209,0.899498
1.5,-0.25,2.63,0.904448,8.9407e-05,0.343897,0.899592
1.5,-0.25,2.64,0.904449,0,0.342594,0.899684
1.5,-0.25,2.65,0.904449,5.96046e-05,0.341302,0.899774
1.5,-0.25,2.66,0.90445,5.96046e-05,0.340019,0.899862
1.5,-0.25,2.67,0.90445,2.98023e-05,0.338745,0.899947
1.5,-0.25,2.68,0.90445,-2.98023e-05,0.337481,0.900031
1.5,-0.25,2.69,0.90445,0,0.336227,0.900112
1.5,-0.25,2.7,0.90445,5.96046e-05,0.334981,0.900192
1.5,-0.25,2.71,0.90445,0,0.333745,0.900269
1.5,-0.25,2.72,0.90445,8.9407e-05,0.332519,0.900344
1.5,-0.25,2.73,0.904451,8.9407e-05,0.331301,0.900418
1.5,-0.25,2.74,0.904452,0.000119209,0.330092,0.90049
1.5,-0.25,2.75,0.904454,0.000208616,0.328892,0.90056
1.5,-0.25,2.76,0.904456,0.000208616,0.327701,0.900628
1.5,-0.25,2.77,0.904459,0.000268221,0.326519,0.900694
1.5,-0.25,2.78,0.904462,0.000327826,0.325346,0.900759
1.5,-0.25,2.79,0.904465,0.00038743,0.324181,0.900823
1.5,-0.25,2.8,0.90447,0.000536442,0.323025,0.900884
1.5,-0.25,2.81,0.904475,0.000596046,0.321877,0.900945
1.5,-0.25,2.82,0.904481,0.000715256,0.320738,0.901003
1.5,-0.25,2.83,0.904489,0.000715256,0.319607,0.901061
1.5,-0.25,2.84,0.904496,0.000834465,0.318485,0.901116
1.5,-0.25,2.85,0.904505,0.00089407,0.31737,0.901171
1.5,-0.25,2.86,0.904515,0.00110269,0.316264,0.901224
1.5,-0.25,2.87,0.904526,0.00119209,0.315166,0.901276
1.5,-0.25,2.88,0.904539,0.0012815,0.314076,0.901326
1.5,-0.25,2.89,0.904552,0.00140071,0.312994,0.901375
1.5,-0.25,2.9,0.904566,0.00149012,0.311919,0.901423
1.5,-0.25,2.91,0.904582,0.00163913,0.310853,0.90147
1.5,-0.25,2.92,0.904599,0.00175834,0.309794,0.901516
1.5,-0.25,2.93,0.904617,0.00190735,0.308743,0.90156
1.5,-0.25,2.94,0.904637,0.00199676,0.3077,0.901604
1.5,-0.25,2.95,0.904658,0.00217557,0.306664,0.901646
1.5,-0.25,2.96,0.904681,0.00232458,0.305635,0.901688
1.5,-0.25,2.97,0.904705,0.00247359,0.304614,0.901728
1.5,-0.25,2.98,0.90473,0.0025928,0.303601,0.901767
1.5,-0.25,2.99,0.904757,0.00277162,0.302594,0.901805
1.5,-0.25,3,0.904786,0.00298023,0.301595,0.901843
1.5,-0.25,3.01,0.904816,0.00306964,0.300603,0.901879
1.5,-0.25,3.02,0.904848,0.00330806,0.299619,0.901915
1.5,-0.25,3.03,0.904881,0.00342727,0.298641,0.901949
1.5,-0.25,3.04,0.904917,0.00366569,0.29767,0.901983
1.5,-0.25,3.05,0.904954,0.00375509,0.296706,0.902016
1.5,-0.25,3.06,0.904992,0.00393391,0.295749,0.902048
1.5,-0.25,3.07,0.905033,0.00417233,0.294799,0.902079
1.5,-0.25,3.08,0.905075,0.00429153,0.293855,0.90211
1.5,-0.25,3.09,0.905119,0.00450015,0.292919,0.90214
1.5,-0.25,3.1,0.905165,0.00467896,0.291989,0.902169
1.5,-0.25,3.11,0.905213,0.00488758,0.291065,0.902197
1.5,-0.25,3.12,0.905262,0.0050962,0.290148,0.902225
1.5,-0.25,3.13,0.905314,0.00521541,0.289238,0.902252
1.5,-0.25,3.14,0.905367,0.00542402,0.288333,0.902278
1.5,-0.25,3.15,0.905423,0.00563264,0.287436,0.902303
1.5,-0.25,3.16,0.90548,0.00587106,0.286544,0.902328
1.5,-0.25,3.17,0.905539,0.00610948,0.285659,0.902353
1.5,-0.25,3.18,0.905601,0.00625849,0.28478,0.902377
1.5,-0.25,3.19,0.905664,0.0064671,0.283907,0.9024
1.5,-0.25,3.2,0.905729,0.00670552,0.28304,0.902422
1.5,-0.25,3.21,0.905797,0.00682473,0.28218,0.902444
1.5,-0.25,3.22,0.905866,0.00703335,0.281325,0.902466
1.5,-0.25,3.23,0.905938,0.00724196,0.280476,0.902487
1.5,-0.25,3.24,0.906012,0.00745058,0.279633,0.902507
1.5,-0.25,3.25,0.906087,0.0076592,0.278796,0.902527
1.5,-0.25,3.26,0.906165,0.00789762,0.277965,0.902546
1.5,-0.25,3.27,0.906245,0.00810623,0.277139,0.902565
1.5,-0.25,3.28,0.906328,0.00837445,0.276319,0.902584
1.5,-0.25,3.29,0.906412,0.00855327,0.275505,0.902602
1.5,-0.25,3.3,0.906499,0.00879169,0.274697,0.902619
1.5,-0.25,3.31,0.906587,0.0089407,0.273893,0.902637
1.5,-0.25,3.32,0.906678,0.00917912,0.273096,0.902653
1.5,-0.25,3.33,0.906771,0.00935793,0.272304,0.902669
1.5,-0.25,3.34,0.906867,0.00968575,0.271517,0.902685
1.5,-0.25,3.35,0.906964,0.00986457,0.270736,0.902701
1.5,-0.25,3.36,0.907064,0.0100434,0.26996,0.902716
1.5,-0.25,3.37,0.907166,0.0102818,0.269189,0.902731
1.5,-0.25,3.38,0.90727,0.0105202,0.268423,0.902745
1.5,-0.25,3.39,0.907377,0.0107586,0.267663,0.902759
1.5,-0.25,3.4,0.907486,0.0109673,0.266908,0.902773
1.5,-0.25,3.41,0.907597,0.0112653,0.266157,0.902786
1.5,-0.25,3.42,0.90771,0.0114143,0.265412,0.902799
1.5,-0.25,3.43,0.907825,0.0117123,0.264672,0.902812
1.5,-0.25,3.44,0.907943,0.0118911,0.263937,0.902824
1.5,-0.25,3.45,0.908063,0.0121593,0.263207,0.902836
1.5,-0.25,3.46,0.908186,0.0123382,0.262481,0.902848
1.5,-0.25,3.47,0.90831,0.0125468,0.261761,0.902859
1.5,-0.25,3.48,0.908437,0.012815,0.261045,0.90287
1.5,-0.25,3.49,0.908567,0.0130236,0.260334,0.902881
1.5,-0.25,3.5,0.908698,0.013262,0.259628,0.902892
1.5,-0.25,3.51,0.908832,0.0135005,0.258927,0.902902
1.5,-0.25,3.52,0.908969,0.0137985,0.25823,0.902912
1.5,-0.25,3.53,0.909107,0.0139773,0.257537,0.902922
1.5,-0.25,3.54,0.909248,0.0142157,0.25685,0.902932
1.5,-0.25,3.55,0.909391,0.0144243,0.256167,0.902941
1.5,-0.25,3.56,0.909537,0.0146925,0.255488,0.90295
1.5,-0.25,3.57,0.909684,0.0149608,0.254814,0.902959
1.5,-0.25,3.58,0.909835,0.0151098,0.254144,0.902968
1.5,-0.25,3.59,0.909987,0.0153184,0.253478,0.902976
1.5,-0.25,3.6,0.910142,0.0155568,0.252817,0.902984
1.5,-0.25,3.61,0.910299,0.015825,0.25216,0.902992
1.5,-0.25,3.62,0.910458,0.0160635,0.251508,0.903
1.5,-0.25,3.63,0.91062,0.0163019,0.25086,0.903008
1.5,-0.25,3.64,0.910784,0.0164807,0.250215,0.903015
1.5,-0.25,3.65,0.910951,0.0168085,0.249576,0.903023
1.5,-0.25,3.66,0.911119,0.0170469,0.24894,0.90303
1.5,-0.25,3.67,0.91129,0.0172257,0.248308,0.903037
1.5,-0.25,3.68,0.911464,0.017494,0.24768,0.903043
1.5,-0.25,3.69,0.911639,0.017643,0.247057,0.90305
1.5,-0.25,3.7,0.911818,0.017941,0.246437,0.903056
1.5,-0.25,3.71,0.911998,0.0181496,0.245821,0.903063
1.5,-0.25,3.72,0.91218,0.0183582,0.24521,0.903069
1.5,-0.25,3.73,0.912365,0.0186265,0.244602,0.903075
1.5,-0.25,3.74,0.912553,0.0188053,0.243998,0.90308
1.5,-0.25,3.75,0.912742,0.0190735,0.243398,0.903086
1.5,-0.25,3.76,0.912934,0.0193417,0.242802,0.903092
1.5,-0.25,3.77,0.913128,0.0195503,0.242209,0.903097
1.5,-0.25,3.78,0.913325,0.0197887,0.24162,0.903102
1.5,-0.25,3.79,0.913524,0.0199974,0.241035,0.903107
1.5,-0.25,3.8,0.913725,0.020206,0.240454,0.903112
1.5,-0.25,3.81,0.913928,0.0204444,0.239876,0.903117
1.5,-0.25,3.82,0.914134,0.0206828,0.239302,0.903122
1.5,-0.25,3.83,0.914342,0.0209212,0.238731,0.903127
1.5,-0.25,3.84,0.914552,0.0211298,0.238165,0.903131
1.5,-0.25,3.85,0.914764,0.0213981,0.237601,0.903135
1.5,-0.25,3.86,0.914979,0.0215471,0.237041,0.90314
1.5,-0.25,3.87,0.915196,0.0218451,0.236485,0.903144
1.5,-0.25,3.88,0.915416,0.0220239,0.235932,0.903148
1.5,-0.25,3.89,0.915637,0.0222623,0.235382,0.903152
1.5,-0.25,3.9,0.915861,0.0225008,0.234836,0.903156
1.5,-0.25,3.91,0.916087,0.0227392,0.234293,0.90316
1.5,-0.25,3.92,0.916315,0.022918,0.233754,0.903163
1.5,-0.25,3.93,0.916546,0.0231862,0.233218,0.903167
1.5,-0.25,3.94,0.916779,0.0233948,0.232685,0.90317
1.5,-0.25,3.95,0.917014,0.0236034,0.232155,0.903174
1.5,-0.25,3.96,0.917251,0.0238419,0.231629,0.903177
1.5,-0.25,3.97,0.917491,0.0240505,0.231106,0.90318
1.5,-0.25,3.98,0.917733,0.0243187,0.230586,0.903184
1.5,-0.25,3.99,0.917977,0.0244677,0.230069,0.903187
1.5,-0.25,4,0.918223,0.0247359,0.229556,0.90319
1.5,0,-4,-0.687087,0.0310242,0.171772,-0.664944
1.5,0,-3.99,-0.686777,0.0308454,0.172125,-0.664943
1.5,0,-3.98,-0.68647,0.0306666,0.17248,-0.664941
1.5,0,-3.97,-0.686164,0.030458,0.172837,-0.66494
1.5,0,-3.96,-0.685861,0.0302196,0.173197,-0.664938
1.5,0,-3.95,-0.68556,0.0300109,0.173559,-0.664937
1.5,0,-3.94,-0.68526,0.0298321,0.173924,-0.664935
1.5,0,-3.93,-0.684963,0.0295341,0.174291,-0.664934
1.5,0,-3.92,-0.684668,0.0294149,0.17466,-0.664932
1.5,0,-3.91,-0.684375,0.0291467,0.175032,-0.66493
1.5,0,-3.9,-0.684084,0.0290275,0.175406,-0.664928
1.5,0,-3.89,-0.683796,0.0287592,0.175783,-0.664926
1.5,0,-3.88,-0.683509,0.0285506,0.176162,-0.664925
1.5,0,-3.87,-0.683224,0.0283718,0.176544,-0.664923
1.5,0,-3.86,-0.682942,0.0281632,0.176928,-0.664921
1.5,0,-3.85,-0.682661,0.0279844,0.177315,-0.664919
1.5,0,-3.84,-0.682383,0.0277162,0.177704,-0.664917
1.5,0,-3.83,-0.682107,0.0274479,0.178096,-0.664914
1.5,0,-3.82,-0.681833,0.0273287,0.17849,-0.664912
1.5,0,-3.81,-0.681561,0.0270903,0.178887,-0.66491
1.5,0,-3.8,-0.681292,0.0269115,0.179287,-0.664908
1.5,0,-3.79,-0.681024,0.0266135,0.17969,-0.664905
1.5,0,-3.78,-0.680759,0.0264049,0.180095,-0.664903
1.5,0,-3.77,-0.680496,0.026226,0.180503,-0.6649
1.5,0,-3.76,-0.680234,0.0259578,0.180913,-0.664898
1.5,0,-3.75,-0.679976,0.0258386,0.181327,-0.664895
1.5,0,-3.74,-0.679719,0.0255704,0.181743,-0.664893
1.5,0,-3.73,-0.679465,0.0253916,0.182162,-0.66489
1.5,0,-3.72,-0.679212,0.025183,0.182584,-0.664887
1.5,0,-3.71,-0.678962,0.0249147,0.183009,-0.664884
1.5,0,-3.7,-0.678714,0.0246763,0.183436,-0.664881
1.5,0,-3.69,-0.678469,0.0244677,0.183867,-0.664878
1.5,0,-3.68,-0.678225,0.0242591,0.1843,-0.664875
1.5,0,-3.67,-0.677984,0.0239611,0.184737,-0.664872
1.5,0,-3.66,-0.677745,0.0237525,0.185176,-0.664869
1.5,0,-3.65,-0.677508,0.0235438,0.185619,-0.664865
1.5,0,-3.64,-0.677274,0.0233352,0.186064,-0.664862
1.5,0,-3.63,-0.677041,0.0231266,0.186513,-0.664858
1.5,0,-3.62,-0.676811,0.0228584,0.186964,-0.664855
1.5,0,-3.61,-0.676583,0.0226796,0.187419,-0.664851
1.5,0,-3.6,-0.676358,0.0224113,0.187877,-0.664847
1.5,0,-3.59,-0.676134,0.0222027,0.188338,-0.664843
1.5,0,-3.58,-0.675914,0.0220239,0.188803,-0.664839
1.5,0,-3.57,-0.675695,0.0217855,0.18927,-0.664835
1.5,0,-3.56,-0.675478,0.0215173,0.189741,-0.664831
1.5,0,-3.55,-0.675264,0.0213087,0.190215,-0.664827
1.5,0,-3.54,-0.675052,0.0211298,0.190693,-0.664822
1.5,0,-3.53,-0.674842,0.0208318,0.191173,-0.664818
1.5,0,-3.52,-0.674635,0.020653,0.191658,-0.664813
1.5,0,-3.51,-0.67443,0.0204146,0.192145,-0.664808
1.5,0,-3.5,-0.674227,0.0201762,0.192636,-0.664804
1.5,0,-3.49,-0.674026,0.019908,0.193131,-0.664799
1.5,0,-3.48,-0.673828,0.0196993,0.193629,-0.664793
1.5,0,-3.47,-0.673632,0.0194609,0.19413,-0.664788
1.5,0,-3.46,-0.673439,0.0192225,0.194635,-0.664783
1.5,0,-3.45,-0.673247,0.0190437,0.195144,-0.664777
1.5,0,-3.44,-0.673058,0.0188351,0.195656,-0.664771
1.5,0,-3.43,-0.672871,0.0185668,0.196172,-0.664766
1.5,0,-3.42,-0.672687,0.0182986,0.196692,-0.66476
1.5,0,-3.41,-0.672505,0.0181198,0.197216,-0.664754
1.5,0,-3.4,-0.672325,0.0178218,0.197743,-0.664747
1.5,0,-3.39,-0.672148,0.0177026,0.198274,-0.664741
1.5,0,-3.38,-0.671973,0.0173748,0.198808,-0.664734
1.5,0,-3.37,-0.6718,0.0171363,0.199347,-0.664727
1.5,0,-3.36,-0.671629,0.0169575,0.19989,-0.66472
1.5,0,-3.35,-0.671461,0.0166893,0.200436,-0.664713
1.5,0,-3.34,-0.671295,0.0164807,0.200987,-0.664706
1.5,0,-3.33,-0.671132,0.0162423,0.201541,-0.664698
1.5,0,-3.32,-0.670971,0.0160038,0.2021,-0.664691
1.5,0,-3.31,-0.670812,0.0157654,0.202662,-0.664683
1.5,0,-3.3,-0.670655,0.0155568,0.203229,-0.664675
1.5,0,-3.29,-0.670501,0.0152588,0.2038,-0.664667
1.5,0,-3.28,-0.670349,0.0151396,0.204375,-0.664658
1.5,0,-3.27,-0.6702,0.014782,0.204954,-0.664649
1.5,0,-3.26,-0.670052,0.0145435,0.205537,-0.66464
1.5,0,-3.25,-0.669907,0.0144243,0.206125,-0.664631
1.5,0,-3.24,-0.669765,0.0141859,0.206717,-0.664622
1.5,0,-3.23,-0.669624,0.0138879,0.207314,-0.664612
1.5,0,-3.22,-0.669486,0.0136793,0.207915,-0.664602
1.5,0,-3.21,-0.669351,0.0134408,0.20852,-0.664592
1.5,0,-3.2,-0.669217,0.0131726,0.20913,-0.664582
1.5,0,-3.19,-0.669086,0.0130236,0.209745,-0.664571
1.5,0,-3.18,-0.668957,0.0127256,0.210364,-0.66456
1.5,0,-3.17,-0.668831,0.0124872,0.210988,-0.664549
1.5,0,-3.16,-0.668707,0.0122786,0.211616,-0.664537
1.5,0,-3.15,-0.668585,0.0120699,0.212249,-0.664525
1.5,0,-3.14,-0.668465,0.0118315,0.212887,-0.664513
1.5,0,-3.13,-0.668348,0.0116229,0.21353,-0.664501
1.5,0,-3.12,-0.668233,0.0113547,0.214177,-0.664488
1.5,0,-3.11,-0.66812,0.0112355,0.21483,-0.664475
1.5,0,-3.1,-0.66801,0.0109076,0.215487,-0.664462
1.5,0,-3.09,-0.667902,0.010699,0.216149,-0.664448
1.5,0,-3.08,-0.667796,0.0104904,0.216817,-0.664434
1.5,0,-3.07,-0.667692,0.0102222,0.217489,-0.66442
1.5,0,-3.06,-0.66759,0.00998378,0.218167,-0.664405
1.5,0,-3.05,-0.667491,0.00986457,0.21885,-0.66439
1.5,0,-3.04,-0.667394,0.00959635,0.219538,-0.664374
1.5,0,-3.03,-0.667299,0.00941753,0.220231,-0.664358
1.5,0,-3.02,-0.667207,0.00911951,0.220929,-0.664342
1.5,0,-3.01,-0.667116,0.00891089,0.221633,-0.664325
1.5,0,-3,-0.667028,0.00870228,0.222343,-0.664308
1.5,0,-2.99,-0.666942,0.00843406,0.223058,-0.66429
1.5,0,-2.98,-0.666858,0.00831485,0.223778,-0.664272
1.5,0,-2.97,-0.666777,0.00804663,0.224504,-0.664253
1.5,0,-2.96,-0.666697,0.00789762,0.225235,-0.664234
1.5,0,-2.95,-0.66662,0.00762939,0.225973,-0.664215
1.5,0,-2.94,-0.666544,0.00733137,0.226716,-0.664195
1.5,0,-2.93,-0.666471,0.00715256,0.227465,-0.664174
1.5,0,-2.92,-0.6664,0.00697374,0.228219,-0.664153
1.5,0,-2.91,-0.666331,0.00676513,0.22898,-0.664131
1.5,0,-2.9,-0.666264,0.00661612,0.229746,-0.664109
1.5,0,-2.89,-0.666199,0.0064671,0.230519,-0.664087
1.5,0,-2.88,-0.666136,0.00616908,0.231297,-0.664063
1.5,0,-2.87,-0.666075,0.00599027,0.232082,-0.664039
1.5,0,-2.86,-0.666016,0.00578165,0.232873,-0.664015
1.5,0,-2.85,-0.66596,0.00557303,0.23367,-0.66399
1.5,0,-2.84,-0.665905,0.00539422,0.234473,-0.663964
1.5,0,-2.83,-0.665852,0.00524521,0.235283,-0.663938
1.5,0,-2.82,-0.665801,0.00503659,0.236099,-0.663911
1.5,0,-2.81,-0.665751,0.00485778,0.236922,-0.663883
1.5,0,-2.8,-0.665704,0.00464916,0.237751,-0.663854
1.5,0,-2.79,-0.665659,0.00447035,0.238587,-0.663825
1.5,0,-2.78,-0.665615,0.00426173,0.23943,-0.663795
1.5,0,-2.77,-0.665573,0.00411272,0.240279,-0.663764
1.5,0,-2.76,-0.665533,0.0038743,0.241135,-0.663733
1.5,0,-2.75,-0.665495,0.00369549,0.241998,-0.663701
1.5,0,-2.74,-0.665459,0.00357628,0.242868,-0.663667
1.5,0,-2.73,-0.665424,0.00342727,0.243745,-0.663633
1.5,0,-2.72,-0.665391,0.00321865,0.244629,-0.663599
1.5,0,-2.71,-0.665359,0.00303984,0.24552,-0.663563
1.5,0,-2.7,-0.665329,0.00289083,0.246418,-0.663526
1.5,0,-2.69,-0.665301,0.00271201,0.247324,-0.663489
1.5,0,-2.68,-0.665275,0.0026226,0.248237,-0.66345
1.5,0,-2.67,-0.665249,0.00241399,0.249157,-0.663411
1.5,0,-2.66,-0.665226,0.00232458,0.250085,-0.66337
1.5,0,-2.65,-0.665203,0.00217557,0.25102,-0.663329
1.5,0,-2.64,-0.665183,0.00196695,0.251963,-0.663286
1.5,0,-2.63,-0.665163,0.00184774,0.252914,-0.663242
1.5,0,-2.62,-0.665145,0.00175834,0.253872,-0.663197
1.5,0,-2.61,-0.665129,0.00163913,0.254839,-0.663152
1.5,0,-2.6,-0.665113,0.00149012,0.255813,-0.663104
1.5,0,-2.59,-0.665099,0.00137091,0.256795,-0.663056
1.5,0,-2.58,-0.665086,0.0012219,0.257785,-0.663007
1.5,0,-2.57,-0.665074,0.00119209,0.258784,-0.662956
1.5,0,-2.56,-0.665063,0.00101328,0.25979,-0.662904
1.5,0,-2.55,-0.665054,0.000923872,0.260805,-0.66285
1.5,0,-2.54,-0.665045,0.000804663,0.261829,-0.662796
1.5,0,-2.53,-0.665037,0.000715256,0.262861,-0.662739
1.5,0,-2.52,-0.66503,0.000625849,0.263901,-0.662682
1.5,0,-2.51,-0.665024,0.000566244,0.26495,-0.662623
1.5,0,-2.5,-0.665019,0.000506639,0.266008,-0.662562
1.5,0,-2.49,-0.665015,0.000447035,0.267074,-0.6625
1.5,0,-2.48,-0.665011,0.000298023,0.26815,-0.662436
1.5,0,-2.47,-0.665008,0.000298023,0.269234,-0.662371
1.5,0,-2.46,-0.665006,0.000208616,0.270328,-0.662304
1.5,0,-2.45,-0.665004,0.000149012,0.27143,-0.662236
1.5,0,-2.44,-0.665002,0.000119209,0.272542,-0.662165
1.5,0,-2.43,-0.665001,2.98023e-05,0.273663,-0.662093
1.5,0,-2.42,-0.665001,8.9407e-05,0.274794,-0.662019
1.5,0,-2.41,-0.665,5.96046e-05,0.275934,-0.661943
1.5,0,-2.4,-0.665,0,0.277083,-0.661865
1.5,0,-2.39,-0.665,0,0.278243,-0.661785
1.5,0,-2.38,-0.665,0,0.279412,-0.661704
1.5,0,-2.37,-0.665,0,0.280591,-0.66162
1.5,0,-2.36,-0.665,5.96046e-05,0.28178,-0.661534
1.5,0,-2.35,-0.665,5.96046e-05,0.282979,-0.661445
1.5,0,-2.34,-0.664999,0,0.284188,-0.661355
1.5,0,-2.33,-0.664998,8.9407e-05,0.285407,-0.661262
1.5,0,-2.32,-0.664997,0.000208616,0.286637,-0.661167
1.5,0,-2.31,-0.664995,0.000149012,0.287877,-0.661069
1.5,0,-2.3,-0.664993,0.000238419,0.289127,-0.660969
1.5,0,-2.29,-0.66499,0.00038743,0.290389,-0.660867
1.5,0,-2.28,-0.664986,0.00038743,0.291661,-0.660762
1.5,0,-2.27,-0.664982,0.000476837,0.292944,-0.660654
1.5,0,-2.26,-0.664976,0.000596046,0.294237,-0.660543
1.5,0,-2.25,-0.66497,0.000715256,0.295542,-0.66043
1.5,0,-2.24,-0.664962,0.000834465,0.296858,-0.660314
1.5,0,-2.23,-0.664953,0.000953674,0.298185,-0.660195
1.5,0,-2.22,-0.664943,0.00107288,0.299524,-0.660073
1.5,0,-2.21,-0.664931,0.0012219,0.300874,-0.659947
1.5,0,-2.2,-0.664918,0.00140071,0.302235,-0.659819
1.5,0,-2.19,-0.664903,0.00157952,0.303609,-0.659687
1.5,0,-2.18,-0.664886,0.00184774,0.304994,-0.659552
1.5,0,-2.17,-0.664868,0.00199676,0.306391,-0.659414
1.5,0,-2.16,-0.664847,0.00217557,0.307799,-0.659272
1.5,0,-2.15,-0.664824,0.00244379,0.30922,-0.659126
1.5,0,-2.14,-0.664799,0.00268221,0.310654,-0.658977
1.5,0,-2.13,-0.664771,0.00289083,0.312099,-0.658824
1.5,0,-2.12,-0.664741,0.00315905,0.313557,-0.658667
1.5,0,-2.11,-0.664708,0.00345707,0.315027,-0.658506
1.5,0,-2.1,-0.664672,0.00372529,0.316511,-0.658341
1.5,0,-2.09,-0.664634,0.00402331,0.318006,-0.658172
1.5,0,-2.08,-0.664592,0.00435114,0.319515,-0.657999
1.5,0,-2.07,-0.664547,0.00464916,0.321037,-0.657821
1.5,0,-2.06,-0.664498,0.00503659,0.322572,-0.657639
1.5,0,-2.05,-0.664446,0.00542402,0.32412,-0.657452
1.5,0,-2.04,-0.66439,0.00581145,0.325681,-0.657261
1.5,0,-2.03,-0.66433,0.00616908,0.327256,-0.657064
1.5,0,-2.02,-0.664267,0.00658631,0.328845,-0.656863
1.5,0,-2.01,-0.664199,0.00703335,0.330447,-0.656657
1.5,0,-2,-0.664126,0.00748038,0.332063,-0.656445
1.5,0,-1.99,-0.664049,0.00795722,0.333693,-0.656228
1.5,0,-1.98,-0.663967,0.00843406,0.335337,-0.656006
1.5,0,-1.97,-0.66388,0.00891089,0.336995,-0.655778
1.5,0,-1.96,-0.663788,0.00947714,0.338667,-0.655544
1.5,0,-1.95,-0.663691,0.00995398,0.340354,-0.655305
1.5,0,-1.94,-0.663588,0.0105798,0.342056,-0.655059
1.5,0,-1.93,-0.663479,0.0111461,0.343772,-0.654808
1.5,0,-1.92,-0.663365,0.0117719,0.345502,-0.65455
1.5,0,-1.91,-0.663244,0.012368,0.347248,-0.654285
1.5,0,-1.9,-0.663117,0.0130236,0.349009,-0.654014
1.5,0,-1.89,-0.662983,0.0137091,0.350785,-0.653736
1.5,0,-1.88,-0.662842,0.0144243,0.352576,-0.653451
1.5,0,-1.87,-0.662694,0.0151694,0.354382,-0.653159
1.5,0,-1.86,-0.662539,0.0159442,0.356204,-0.652859
1.5,0,-1.85,-0.662377,0.0166893,0.358041,-0.652552
1.5,0,-1.84,-0.662206,0.0174344,0.359895,-0.652238
1.5,0,-1.83,-0.662028,0.0182986,0.361764,-0.651915
1.5,0,-1.82,-0.661841,0.0190735,0.363649,-0.651585
1.5,0,-1.81,-0.661645,0.0199974,0.36555,-0.651246
1.5,0,-1.8,-0.661441,0.0208914,0.367467,-0.650899
1.5,0,-1.79,-0.661228,0.0218153,0.369401,-0.650543
1.5,0,-1.78,-0.661005,0.0227094,0.371351,-0.650178
1.5,0,-1.77,-0.660773,0.0237226,0.373318,-0.649804
1.5,0,-1.76,-0.66053,0.0247359,0.375301,-0.649421
1.5,0,-1.75,-0.660278,0.0257194,0.377302,-0.649028
1.5,0,-1.74,-0.660015,0.0269115,0.379319,-0.648625
1.5,0,-1.73,-0.65974,0.0280142,0.381353,-0.648213
1.5,0,-1.72,-0.659455,0.0291169,0.383404,-0.64779
1.5,0,-1.71,-0.659158,0.030309,0.385473,-0.647356
1.5,0,-1.7,-0.65885,0.0314415,0.387559,-0.646912
1.5,0,-1.69,-0.658529,0.0327528,0.389662,-0.646457
1.5,0,-1.68,-0.658195,0.0339746,0.391783,-0.645991
1.5,0,-1.67,-0.657849,0.0352263,0.393922,-0.645512
1.5,0,-1.66,-0.65749,0.0366569,0.396078,-0.645023
1.5,0,-1.65,-0.657117,0.0380278,0.398252,-0.644521
1.5,0,-1.64,-0.65673,0.0394285,0.400445,-0.644006
1.5,0,-1.63,-0.656328,0.0408292,0.402655,-0.643479
1.5,0,-1.62,-0.655912,0.0423789,0.404884,-0.642939
1.5,0,-1.61,-0.655481,0.0438988,0.407131,-0.642386
1.5,0,-1.6,-0.655034,0.0454783,0.409397,-0.641819
1.5,0,-1.59,-0.654572,0.0470579,0.411681,-0.641238
1.5,0,-1.58,-0.654093,0.0487268,0.413983,-0.640642
1.5,0,-1.57,-0.653598,0.0503957,0.416304,-0.640032
1.5,0,-1.56,-0.653085,0.0521243,0.418644,-0.639407
1.5,0,-1.55,-0.652555,0.0539124,0.421003,-0.638767
1.5,0,-1.54,-0.652007,0.0557601,0.423381,-0.638111
1.5,0,-1.53,-0.65144,0.0575781,0.425778,-0.637439
1.5,0,-1.52,-0.650854,0.0595152,0.428193,-0.636751
1.5,0,-1.51,-0.650249,0.0614822,0.430628,-0.636046
1.5,0,-1.5,-0.649624,0.0634789,0.433083,-0.635323
1.5,0,-1.49,-0.648979,0.0655651,0.435556,-0.634583
1.5,0,-1.48,-0.648313,0.0676513,0.438049,-0.633825
1.5,0,-1.47,-0.647625,0.0698566,0.440561,-0.633049
1.5,0,-1.46,-0.646916,0.0720322,0.443093,-0.632253
1.5,0,-1.45,-0.646184,0.0742972,0.445644,-0.631439
1.5,0,-1.44,-0.645429,0.0766218,0.448215,-0.630604
1.5,0,-1.43,-0.644651,0.079006,0.450805,-0.62975
1.5,0,-1.42,-0.64385,0.0814497,0.453415,-0.628875
1.5,0,-1.41,-0.643023,0.0838637,0.456045,-0.627978
1.5,0,-1.4,-0.642172,0.0864267,0.458694,-0.62706
1.5,0,-1.39,-0.641295,0.0890195,0.461363,-0.626121
1.5,0,-1.38,-0.640391,0.0916719,0.464052,-0.625158
1.5,0,-1.37,-0.639461,0.094384,0.46676,-0.624173
1.5,0,-1.36,-0.638504,0.097096,0.469488,-0.623163
1.5,0,-1.35,-0.637518,0.0999868,0.472236,-0.62213
1.5,0,-1.34,-0.636505,0.102848,0.475003,-0.621072
1.5,0,-1.33,-0.635461,0.105768,0.47779,-0.619989
1.5,0,-1.32,-0.634388,0.108808,0.480597,-0.61888
1.5,0,-1.31,-0.633285,0.111878,0.483424,-0.617745
1.5,0,-1.3,-0.63215,0.115007,0.48627,-0.616583
1.5,0,-1.29,-0.630984,0.118226,0.489135,-0.615393
1.5,0,-1.28,-0.629786,0.121474,0.49202,-0.614176
1.5,0,-1.27,-0.628554,0.124842,0.494924,-0.61293
1.5,0,-1.26,-0.627288,0.128269,0.497848,-0.611654
1.5,0,-1.25,-0.625988,0.131756,0.500791,-0.610349
1.5,0,-1.24,-0.624653,0.135332,0.503753,-0.609013
1.5,0,-1.23,-0.623283,0.138879,0.506734,-0.607645
1.5,0,-1.22,-0.621875,0.142574,0.509734,-0.606246
1.5,0,-1.21,-0.620431,0.146359,0.512753,-0.604815
1.5,0,-1.2,-0.618948,0.150174,0.51579,-0.60335
1.5,0,-1.19,-0.617427,0.154048,0.518846,-0.601851
1.5,0,-1.18,-0.615866,0.158101,0.52192,-0.600318
1.5,0,-1.17,-0.614265,0.162125,0.525013,-0.59875
1.5,0,-1.16,-0.612623,0.166267,0.528123,-0.597145
1.5,0,-1.15,-0.61094,0.170469,0.531252,-0.595504
1.5,0,-1.14,-0.609214,0.174701,0.534398,-0.593826
1.5,0,-1.13,-0.607445,0.179112,0.537562,-0.592109
1.5,0,-1.12,-0.605631,0.183582,0.540742,-0.590353
1.5,0,-1.11,-0.603773,0.188112,0.54394,-0.588557
1.5,0,-1.1,-0.60187,0.192642,0.547154,-0.586721
1.5,0,-1.09,-0.59992,0.197321,0.550385,-0.584844
1.5,0,-1.08,-0.597923,0.20209,0.553632,-0.582925
1.5,0,-1.07,-0.595878,0.206888,0.556895,-0.580962
1.5,0,-1.06,-0.593784,0.211835,0.560174,-0.578957
1.5,0,-1.05,-0.591641,0.216812,0.563467,-0.576906
1.5,0,-1.04,-0.589447,0.221908,0.566776,-0.57481
1.5,0,-1.03,-0.587202,0.227064,0.570099,-0.572669
1.5,0,-1.02,-0.584905,0.232309,0.573436,-0.57048
1.5,0,-1.01,-0.582555,0.237614,0.576788,-0.568243
1.5,0,-1,-0.580152,0.243038,0.580152,-0.565958
1.5,0,-0.99,-0.577694,0.248581,0.583529,-0.563623
1.5,0,-0.98,-0.575181,0.254095,0.586919,-0.561237
1.5,0,-0.97,-0.572612,0.259787,0.590321,-0.558801
1.5,0,-0.96,-0.569986,0.265539,0.593735,-0.556312
1.5,0,-0.95,-0.567302,0.27132,0.59716,-0.55377
1.5,0,-0.94,-0.564559,0.277132,0.600595,-0.551175
1.5,0,-0.93,-0.561757,0.283182,0.60404,-0.548524
1.5,0,-0.92,-0.558895,0.289232,0.607495,-0.545818
1.5,0,-0.91,-0.555972,0.295371,0.610959,-0.543055
1.5,0,-0.9,-0.552988,0.3016,0.614431,-0.540235
1.5,0,-0.89,-0.54994,0.307858,0.61791,-0.537357
1.5,0,-0.88,-0.54683,0.314236,0.621397,-0.534419
1.5,0,-0.87,-0.543655,0.320703,0.624891,-0.531421
1.5,0,-0.86,-0.540415,0.327289,0.62839,-0.528363
1.5,0,-0.85,-0.53711,0.333875,0.631894,-0.525242
1.5,0,-0.84,-0.533738,0.340581,0.635402,-0.522059
1.5,0,-0.83,-0.530299,0.347227,0.638915,-0.518812
1.5,0,-0.82,-0.526792,0.354111,0.64243,-0.5155
1.5,0,-0.81,-0.523217,0.360936,0.645947,-0.512124
1.5,0,-0.8,-0.519572,0.367939,0.649466,-0.508681
1.5,0,-0.79,-0.515858,0.375032,0.652985,-0.505171
1.5,0,-0.78,-0.512073,0.382096,0.656504,-0.501593
1.5,0,-0.77,-0.508216,0.389218,0.660021,-0.497947
1.5,0,-0.76,-0.504288,0.39643,0.663537,-0.494231
1.5,0,-0.75,-0.500287,0.403717,0.66705,-0.490445
1.5,0,-0.74,-0.496213,0.411063,0.670558,-0.486588
1.5,0,-0.73,-0.492066,0.418469,0.674062,-0.482659
1.5,0,-0.72,-0.487844,0.42595,0.677561,-0.478657
1.5,0,-0.71,-0.483547,0.43346,0.681052,-0.474583
1.5,0,-0.7,-0.479175,0.44097,0.684536,-0.470434
1.5,0,-0.69,-0.474727,0.44854,0.688011,-0.466211
1.5,0,-0.68,-0.470204,0.456154,0.691476,-0.461913
1.5,0,-0.67,-0.465603,0.463858,0.69493,-0.457538
1.5,0,-0.66,-0.460926,0.471637,0.698373,-0.453087
1.5,0,-0.65,-0.456171,0.479341,0.701802,-0.448559
1.5,0,-0.64,-0.451339,0.487104,0.705217,-0.443954
1.5,0,-0.63,-0.446429,0.494882,0.708617,-0.43927
1.5,0,-0.62,-0.44144,0.50275,0.712,-0.434508
1.5,0,-0.61,-0.436373,0.510573,0.715366,-0.429666
1.5,0,-0.6,-0.431228,0.518516,0.718713,-0.424745
1.5,0,-0.59,-0.426004,0.526354,0.72204,-0.419745
1.5,0,-0.58,-0.4207,0.534266,0.725346,-0.414664
1.5,0,-0.57,-0.415319,0.542134,0.728629,-0.409502
1.5,0,-0.56,-0.409858,0.550032,0.731888,-0.40426
1.5,0,-0.55,-0.404318,0.557899,0.735123,-0.398937
1.5,0,-0.54,-0.398699,0.565842,0.738331,-0.393533
1.5,0,-0.53,-0.393001,0.57371,0.741512,-0.388048
1.5,0,-0.52,-0.387225,0.581577,0.744664,-0.382482
1.5,0,-0.51,-0.381371,0.589341,0.747786,-0.376834
1.5,0,-0.5,-0.375438,0.597149,0.750876,-0.371105
1.5,0,-0.49,-0.369428,0.604942,0.753934,-0.365295
1.5,0,-0.48,-0.36334,0.612676,0.756957,-0.359403
1.5,0,-0.47,-0.357174,0.62035,0.759946,-0.353432
1.5,0,-0.46,-0.350933,0.628024,0.762897,-0.347379
1.5,0,-0.45,-0.344615,0.635579,0.76581,-0.341247
1.5,0,-0.44,-0.338221,0.643134,0.768684,-0.335034
1.5,0,-0.43,-0.331753,0.650585,0.771517,-0.328742
1.5,0,-0.42,-0.32521,0.657961,0.774308,-0.322372
1.5,0,-0.41,-0.318593,0.665307,0.777056,-0.315923
1.5,0,-0.4,-0.311904,0.672579,0.779759,-0.309396
1.5,0,-0.39,-0.305142,0.679716,0.782416,-0.302792
1.5,0,-0.38,-0.29831,0.68678,0.785025,-0.296113
1.5,0,-0.37,-0.291407,0.693753,0.787586,-0.289357
1.5,0,-0.36,-0.284435,0.700668,0.790097,-0.282528
1.5,0,-0.35,-0.277395,0.707418,0.792556,-0.275625
1.5,0,-0.34,-0.270287,0.714049,0.794963,-0.268649
1.5,0,-0.33,-0.263114,0.720575,0.797316,-0.261602
1.5,0,-0.32,-0.255876,0.726983,0.799614,-0.254485
1.5,0,-0.31,-0.248575,0.733227,0.801855,-0.247298
1.5,0,-0.3,-0.241212,0.739403,0.804039,-0.240045
1.5,0,-0.29,-0.233788,0.745386,0.806164,-0.232724
1.5,0,-0.28,-0.226304,0.751227,0.80823,-0.225339
1.5,0,-0.27,-0.218763,0.756964,0.810234,-0.217891
1.5,0,-0.26,-0.211166,0.7625,0.812176,-0.210381
1.5,0,-0.25,-0.203514,0.767894,0.814054,-0.202811
1.5,0,-0.24,-0.195808,0.773102,0.815869,-0.195182
1.5,0,-0.23,-0.188052,0.778161,0.817617,-0.187497
1.5,0,-0.22,-0.180246,0.783004,0.8193,-0.179757
1.5,0,-0.21,-0.172392,0.787713,0.820914,-0.171964
1.5,0,-0.2,-0.164492,0.792235,0.822461,-0.164121
1.5,0,-0.19,-0.156548,0.796527,0.823938,-0.156228
1.5,0,-0.18,-0.148562,0.800654,0.825345,-0.148288
1.5,0,-0.17,-0.140536,0.804581,0.826681,-0.140304
1.5,0,-0.16,-0.132471,0.808306,0.827945,-0.132277
1.5,0,-0.15,-0.12437,0.811815,0.829136,-0.12421
1.5,0,-0.14,-0.116236,0.815131,0.830254,-0.116104
1.5,0,-0.13,-0.108069,0.818208,0.831298,-0.107963
1.5,0,-0.12,-0.0998721,0.82108,0.832267,-0.0997887
1.5,0,-0.11,-0.0916477,0.823755,0.833161,-0.0915833
1.5,0,-0.1,-0.0833979,0.82618,0.833979,-0.0833494
1.5,0,-0.09,-0.0751249,0.828393,0.834721,-0.0750894
1.5,0,-0.08,-0.0668309,0.830371,0.835386,-0.0668059
1.5,0,-0.07,-0.0585182,0.832135,0.835974,-0.0585014
1.5,0,-0.06,-0.050189,0.833655,0.836484,-0.0501784
1.5,0,-0.05,-0.0418458,0.834947,0.836916,-0.0418397
1.5,0,-0.04,-0.0334908,0.836011,0.83727,-0.0334877
1.5,0,-0.03,-0.0251264,0.836836,0.837545,-0.025125
1.5,0,-0.02,-0.0167548,0.837428,0.837742,-0.0167545
1.5,0,-0.01,-0.00837861,0.837781,0.837861,-0.00837856
1.5,0,0,0,0.8379,0.8379,0
1.5,0,0.01,0.00837861,0.837781,0.837861,0.00837856
1.5,0,0.02,0.0167548,0.837428,0.837742,0.0167545
1.5,0,0.03,0.0251264,0.836836,0.837545,0.025125
1.5,0,0.04,0.0334908,0.836011,0.83727,0.0334877
1.5,0,0.05,0.0418458,0.834947,0.836916,0.0418397
1.5,0,0.06,0.050189,0.833655,0.836484,0.0501784
1.5,0,0.07,0.0585182,0.832135,0.835974,0.0585014
1.5,0,0.08,0.0668309,0.830371,0.835386,0.0668059
1.5,0,0.09,0.0751249,0.828393,0.834721,0.0750894
1.5,0,0.1,0.0833979,0.82618,0.833979,0.0833494
1.5,0,0.11,0.0916477,0.823755,0.833161,0.0915833
1.5,0,0.12,0.0998721,0.82108,0.832267,0.0997887
1.5,0,0.13,0.108069,0.818208,0.831298,0.107963
1.5,0,0.14,0.116236,0.815131,0.830254,0.116104
1.5,0,0.15,0.12437,0.811815,0.829136,0.12421
1.5,0,0.16,0.132471,0.808306,0.827945,0.132277
1.5,0,0.17,0.140536,0.804581,0.826681,0.140304
1.5,0,0.18,0.148562,0.800654,0.825345,0.148288
1.5,0,0.19,0.156548,0.796527,0.823938,0.156228
1.5,0,0.2,0.164492,0.792235,0.822461,0.164121
1.5,0,0.21,0.172392,0.787713,0.820914,0.171964
1.5,0,0.22,0.180246,0.783004,0.8193,0.179757
1.5,0,0.23,0.188052,0.778161,0.817617,0.187497
1.5,0,0.24,0.195808,0.773102,0.815869,0.195182
1.5,0,0.25,0.203514,0.767894,0.814054,0.202811
1.5,0,0.26,0.211166,0.7625,0.812176,0.210381
1.5,0,0.27,0.218763,0.756964,0.810234,0.217891
1.5,0,0.28,0.226304,0.751227,0.80823,0.225339
1.5,0,0.29,0.233788,0.745386,0.806164,0.232724
1.5,0,0.3,0.241212,0.739403,0.804039,0.240045
1.5,0,0.31,0.248575,0.733227,0.801855,0.247298
1.5,0,0.32,0.255876,0.726983,0.799614,0.254485
1.5,0,0.33,0.263114,0.720575,0.797316,0.261602
1.5,0,0.34,0.270287,0.714049,0.794963,0.268649
1.5,0,0.35,0.277395,0.707418,0.792556,0.275625
1.5,0,0.36,0.284435,0.700668,0.790097,0.282528
1.5,0,0.37,0.291407,0.693753,0.787586,0.289357
1.5,0,0.38,0.29831,0.68678,0.785025,0.296113
1.5,0,0.39,0.305142,0.679716,0.782416,0.302792
1.5,0,0.4,0.311904,0.672579,0.779759,0.309396
1.5,0,0.41,0.318593,0.665307,0.777056,0.315923
1.5,0,0.42,0.32521,0.657961,0.774308,0.322372
1.5,0,0.43,0.331753,0.650585,0.771517,0.328742
1.5,0,0.44,0.338221,0.643134,0.768684,0.335034
1.5,0,0.45,0.344615,0.635579,0.76581,0.341247
1.5,0,0.46,0.350933,0.628024,0.762897,0.347379
1.5,0,0.47,0.357174,0.62035,0.759946,0.353432
1.5,0,0.48,0.36334,0.612676,0.756957,0.359403
1.5,0,0.49,0.369428,0.604942,0.753934,0.365295
1.5,0,0.5,0.375438,0.597149,0.750876,0.371105
1.5,0,0.51,0.381371,0.589341,0.747786,0.376834
1.5,0,0.52,0.387225,0.581577,0.744664,0.382482
1.5,0,0.53,0.393001,0.57371,0.741512,0.388048
1.5,0,0.54,0.398699,0.565842,0.738331,0.393533
1.5,0,0.55,0.404318,0.557899,0.735123,0.398937
1.5,0,0.56,0.409858,0.550032,0.731888,0.40426
1.5,0,0.57,0.415319,0.542134,0.728629,0.409502
1.5,0,0.58,0.4207,0.534266,0.725346,0.414664
1.5,0,0.59,0.426004,0.526354,0.72204,0.419745
1.5,0,0.6,0.431228,0.518516,0.718713,0.424745
1.5,0,0.61,0.436373,0.510573,0.715366,0.429666
1.5,0,0.62,0.44144,0.50275,0.712,0.434508
1.5,0,0.63,0.446429,0.494882,0.708617,0.43927
1.5,0,0.64,0.451339,0.487104,0.705217,0.443954
1.5,0,0.65,0.456171,0.479341,0.701802,0.448559
1.5,0,0.66,0.460926,0.471637,0.698373,0.453087
1.5,0,0.67,0.465603,0.463858,0.69493,0.457538
1.5,0,0.68,0.470204,0.456154,0.691476,0.461913
1.5,0,0.69,0.474727,0.44854,0.688011,0.466211
1.5,0,0.7,0.479175,0.44097,0.684536,0.470434
1.5,0,0.71,0.483547,0.43346,0.681052,0.474583
1.5,0,0.72,0.487844,0.42595,0.677561,0.478657
1.5,0,0.73,0.492066,0.418469,0.674062,0.482659
1.5,0,0.74,0.496213,0.411063,0.670558,0.486588
1.5,0,0.75,0.500287,0.403717,0.66705,0.490445
1.5,0,0.76,0.504288,0.39643,0.663537,0.494231
1.5,0,0.77,0.508216,0.389218,0.660021,0.497947
1.5,0,0.78,0.512073,0.382096,0.656504,0.501593
1.5,0,0.79,0.515858,0.375032,0.652985,0.505171
1.5,0,0.8,0.519572,0.367939,0.649466,0.508681
1.5,0,0.81,0.523217,0.360936,0.645947,0.512124
1.5,0,0.82,0.526792,0.354111,0.64243,0.5155
1.5,0,0.83,0.530299,0.347227,0.638915,0.518812
1.5,0,0.84,0.533738,0.340581,0.635402,0.522059
1.5,0,0.85,0.53711,0.333875,0.631894,0.525242
1.5,0,0.86,0.540415,0.327289,0.62839,0.528363
1.5,0,0.87,0.543655,0.320703,0.624891,0.531421
1.5,0,0.88,0.54683,0.314236,0.621397,0.534419
1.5,0,0.89,0.54994,0.307858,0.61791,0.537357
1.5,0,0.9,0.552988,0.3016,0.614431,0.540235
1.5,0,0.91,0.555972,0.295371,0.610959,0.543055
1.5,0,0.92,0.558895,0.289232,0.607495,0.545818
1.5,0,0.93,0.561757,0.283182,0.60404,0.548524
1.5,0,0.94,0.564559,0.277132,0.600595,0.551175
1.5,0,0.95,0.567302,0.27132,0.59716,0.55377
1.5,0,0.96,0.569986,0.265539,0.593735,0.556312
1.5,0,0.97,0.572612,0.259787,0.590321,0.558801
1.5,0,0.98,0.575181,0.254095,0.586919,0.561237
1.5,0,0.99,0.577694,0.248581,0.583529,0.563623
1.5,0,1,0.580152,0.243038,0.580152,0.565958
1.5,0,1.01,0.582555,0.237614,0.576788,0.568243
1.5,0,1.02,0.584905,0.232309,0.573436,0.57048
1.5,0,1.03,0.587202,0.227064,0.570099,0.572669
1.5,0,1.04,0.589447,0.221908,0.566776,0.57481
1.5,0,1.05,0.591641,0.216812,0.563467,0.576906
1.5,0,1.06,0.593784,0.211835,0.560174,0.578957
1.5,0,1.07,0.595878,0.206888,0.556895,0.580962
1.5,0,1.08,0.597923,0.20209,0.553632,0.582925
1.5,0,1.09,0.59992,0.197321,0.550385,0.584844
1.5,0,1.1,0.60187,0.192642,0.547154,0.586721
1.5,0,1.11,0.603773,0.188112,0.54394,0.588557
1.5,0,1.12,0.605631,0.183582,0.540742,0.590353
1.5,0,1.13,0.607445,0.179112,0.537562,0.592109
1.5,0,1.14,0.609214,0.174701,0.534398,0.593826
1.5,0,1.15,0.61094,0.170469,0.531252,0.595504
1.5,0,1.16,0.612623,0.166267,0.528123,0.597145
1.5,0,1.17,0.614265,0.162125,0.525013,0.59875
1.5,0,1.18,0.615866,0.158101,0.52192,0.600318
1.5,0,1.19,0.617427,0.154048,0.518846,0.601851
1.5,0,1.2,0.618948,0.150174,0.51579,0.60335
1.5,0,1.21,0.620431,0.146359,0.512753,0.604815
1.5,0,1.22,0.621875,0.142574,0.509734,0.606246
1.5,0,1.23,0.623283,0.138879,0.506734,0.607645
1.5,0,1.24,0.624653,0.135332,0.503753,0.609013
1.5,0,1.25,0.625988,0.131756,0.500791,0.610349
1.5,0,1.26,0.627288,0.128269,0.497848,0.611654
1.5,0,1.27,0.628554,0.124842,0.494924,0.61293
1.5,0,1.28,0.629786,0.121474,0.49202,0.614176
1.5,0,1.29,0.630984,0.118226,0.489135,0.615393
1.5,0,1.3,0.63215,0.115007,0.48627,0.616583
1.5,0,1.31,0.633285,0.111878,0.483424,0.617745
1.5,0,1.32,0.634388,0.108808,0.480597,0.61888
1.5,0,1.33,0.635461,0.105768,0.47779,0.619989
1.5,0,1.34,0.636505,0.102848,0.475003,0.621072
1.5,0,1.35,0.637518,0.0999868,0.472236,0.62213
1.5,0,1.36,0.638504,0.097096,0.469488,0.623163
1.5,0,1.37,0.639461,0.094384,0.46676,0.624173
1.5,0,1.38,0.640391,0.0916719,0.464052,0.625158
1.5,0,1.39,0.641295,0.0890195,0.461363,0.626121
1.5,0,1.4,0.642172,0.0864267,0.458694,0.62706
1.5,0,1.41,0.643023,0.0838637,0.456045,0.627978
1.5,0,1.42,0.64385,0.0814497,0.453415,0.628875
1.5,0,1.43,0.644651,0.079006,0.450805,0.62975
1.5,0,1.44,0.645429,0.0766218,0.448215,0.630604
1.5,0,1.45,0.646184,0.0742972,0.445644,0.631439
1.5,0,1.46,0.646916,0.0720322,0.443093,0.632253
1.5,0,1.47,0.647625,0.0698566,0.440561,0.633049
1.5,0,1.48,0.648313,0.0676513,0.438049,0.633825
1.5,0,1.49,0.648979,0.0655651,0.435556,0.634583
1.5,0,1.5,0.649624,0.0634789,0.433083,0.635323
1.5,0,1.51,0.650249,0.0614822,0.430628,0.636046
1.5,0,1.52,0.650854,0.0595152,0.428193,0.636751
1.5,0,1.53,0.65144,0.0575781,0.425778,0.637439
1.5,0,1.54,0.652007,0.0557601,0.423381,0.638111
1.5,0,1.55,0.652555,0.0539124,0.421003,0.638767
1.5,0,1.56,0.653085,0.0521243,0.418644,0.639407
1.5,0,1.57,0.653598,0.0503957,0.416304,0.640032
1.5,0,1.58,0.654093,0.0487268,0.413983,0.640642
1.5,0,1.59,0.654572,0.0470579,0.411681,0.641238
1.5,0,1.6,0.655034,0.0454783,0.409397,0.641819
1.5,0,1.61,0.655481,0.0438988,0.407131,0.642386
1.5,0,1.62,0.655912,0.0423789,0.404884,0.642939
1.5,0,1.63,0.656328,0.0408292,0.402655,0.643479
1.5,0,1.64,0.65673,0.0394285,0.400445,0.644006
1.5,0,1.65,0.657117,0.0380278,0.398252,0.644521
1.5,0,1.66,0.65749,0.0366569,0.396078,0.645023
1.5,0,1.67,0.657849,0.0352263,0.393922,0.645512
1.5,0,1.68,0.658195,0.0339746,0.391783,0.645991
1.5,0,1.69,0.658529,0.0327528,0.389662,0.646457
1.5,0,1.7,0.65885,0.0314415,0.387559,0.646912
1.5,0,1.71,0.659158,0.030309,0.385473,0.647356
1.5,0,1.72,0.659455,0.0291169,0.383404,0.64779
1.5,0,1.73,0.65974,0.0280142,0.381353,0.648213
1.5,0,1.74,0.660015,0.0269115,0.379319,0.648625
1.5,0,1.75,0.660278,0.0257194,0.377302,0.649028
1.5,0,1.76,0.66053,0.0247359,0.375301,0.649421
1.5,0,1.77,0.660773,0.0237226,0.373318,0.649804
1.5,0,1.78,0.661005,0.0227094,0.371351,0.650178
1.5,0,1.79,0.661228,0.0218153,0.369401,0.650543
1.5,0,1.8,0.661441,0.0208914,0.367467,0.650899
1.5,0,1.81,0.661645,0.0199974,0.36555,0.651246
1.5,0,1.82,0.661841,0.0190735,0.363649,0.651585
1.5,0,1.83,0.662028,0.0182986,0.361764,0.651915
1.5,0,1.84,0.662206,0.0174344,0.359895,0.652238
1.5,0,1.85,0.662377,0.0166893,0.358041,0.652552
1.5,0,1.86,0.662539,0.0159442,0.356204,0.652859
1.5,0,1.87,0.662694,0.0151694,0.354382,0.653159
1.5,0,1.88,0.662842,0.0144243,0.352576,0.653451
1.5,0,1.89,0.662983,0.0137091,0.350785,0.653736
1.5,0,1.9,0.663117,0.0130236,0.349009,0.654014
1.5,0,1.91,0.663244,0.012368,0.347248,0.654285
1.5,0,1.92,0.663365,0.0117719,0.345502,0.65455
1.5,0,1.93,0.663479,0.0111461,0.343772,0.654808
1.5,0,1.94,0.663588,0.0105798,0.342056,0.655059
1.5,0,1.95,0.663691,0.00995398,0.340354,0.655305
1.5,0,1.96,0.663788,0.00947714,0.338667,0.655544
1.5,0,1.97,0.66388,0.00891089,0.336995,0.655778
1.5,0,1.98,0.663967,0.00843406,0.335337,0.656006
1.5,0,1.99,0.664049,0.00795722,0.333693,0.656228
1.5,0,2,0.664126,0.00748038,0.332063,0.656445
1.5,0,2.01,0.664199,0.00703335,0.330447,0.656657
1.5,0,2.02,0.664267,0.00658631,0.328845,0.656863
1.5,0,2.03,0.66433,0.00616908,0.327256,0.657064
1.5,0,2.04,0.66439,0.00581145,0.325681,0.657261
1.5,0,2.05,0.664446,0.00542402,0.32412,0.657452
1.5,0,2.06,0.664498,0.00503659,0.322572,0.657639
1.5,0,2.07,0.664547,0.00464916,0.321037,0.657821
1.5,0,2.08,0.664592,0.00435114,0.319515,0.657999
1.5,0,2.09,0.664634,0.00402331,0.318006,0.658172
1.5,0,2.1,0.664672,0.00372529,0.316511,0.658341
1.5,0,2.11,0.664708,0.00345707,0.315027,0.658506
1.5,0,2.12,0.664741,0.00315905,0.313557,0.658667
1.5,0,2.13,0.664771,0.00289083,0.312099,0.658824
1.5,0,2.14,0.664799,0.00268221,0.310654,0.658977
1.5,0,2.15,0.664824,0.00244379,0.30922,0.659126
1.5,0,2.16,0.664847,0.00217557,0.307799,0.659272
1.5,0,2.17,0.664868,0.00199676,0.306391,0.659414
1.5,0,2.18,0.664886,0.00184774,0.304994,0.659552
1.5,0,2.19,0.664903,0.00157952,0.303609,0.659687
1.5,0,2.2,0.664918,0.00140071,0.302235,0.659819
1.5,0,2.21,0.664931,0.0012219,0.300874,0.659947
1.5,0,2.22,0.664943,0.00107288,0.299524,0.660073
1.5,0,2.23,0.664953,0.000953674,0.298185,0.660195
1.5,0,2.24,0.664962,0.000834465,0.296858,0.660314
1.5,0,2.25,0.66497,0.000715256,0.295542,0.66043
1.5,0,2.26,0.664976,0.000596046,0.294237,0.660543
1.5,0,2.27,0.664982,0.000476837,0.292944,0.660654
1.5,0,2.28,0.664986,0.00038743,0.291661,0.660762
1.5,0,2.29,0.66499,0.00038743,0.290389,0.660867
1.5,0,2.3,0.664993,0.000238419,0.289127,0.660969
1.5,0,2.31,0.664995,0.000149012,0.287877,0.661069
1.5,0,2.32,0.664997,0.000208616,0.286637,0.661167
1.5,0,2.33,0.664998,8.9407e-05,0.285407,0.661262
1.5,0,2.34,0.664999,0,0.284188,0.661355
1.5,0,2.35,0.665,5.96046e-05,0.282979,0.661445
1.5,0,2.36,0.665,5.96046e-05,0.28178,0.661534
1.5,0,2.37,0.665,0,0.280591,0.66162
1.5,0,2.38,0.665,0,0.279412,0.661704
1.5,0,2.39,0.665,0,0.278243,0.661785
1.5,0,2.4,0.665,0,0.277083,0.661865
1.5,0,2.41,0.665,5.96046e-05,0.275934,0.661943
1.5,0,2.42,0.665001,8.9407e-05,0.274794,0.662019
1.5,0,2.43,0.665001,2.98023e-05,0.273663,0.662093
1.5,0,2.44,0.665002,0.000119209,0.272542,0.662165
1.5,0,2.45,0.665004,0.000149012,0.27143,0.662236
1.5,0,2.46,0.665006,0.000208616,0.270328,0.662304
1.5,0,2.47,0.665008,0.000298023,0.269234,0.662371
1.5,0,2.48,0.665011,0.000298023,0.26815,0.662436
1.5,0,2.49,0.665015,0.000447035,0.267074,0.6625
1.5,0,2.5,0.665019,0.000506639,0.266008,0.662562
1.5,0,2.51,0.665024,0.000566244,0.26495,0.662623
1.5,0,2.52,0.66503,0.000625849,0.263901,0.662682
1.5,0,2.53,0.665037,0.000715256,0.262861,0.662739
1.5,0,2.54,0.665045,0.000804663,0.261829,0.662796
1.5,0,2.55,0.665054,0.000923872,0.260805,0.66285
1.5,0,2.56,0.665063,0.00101328,0.25979,0.662904
1.5,0,2.57,0.665074,0.00119209,0.258784,0.662956
1.5,0,2.58,0.665086,0.0012219,0.257785,0.663007
1.5,0,2.59,0.665099,0.00137091,0.256795,0.663056
1.5,0,2.6,0.665113,0.00149012,0.255813,0.663104
1.5,0,2.61,0.665129,0.00163913,0.254839,0.663152
1.5,0,2.62,0.665145,0.00175834,0.253872,0.663197
1.5,0,2.63,0.665163,0.00184774,0.252914,0.663242
1.5,0,2.64,0.665183,0.00196695,0.251963,0.663286
1.5,0,2.65,0.665203,0.00217557,0.25102,0.663329
1.5,0,2.66,0.665226,0.00232458,0.250085,0.66337
1.5,0,2.67,0.665249,0.00241399,0.249157,0.663411
1.5,0,2.68,0.665275,0.0026226,0.248237,0.66345
1.5,0,2.69,0.665301,0.00271201,0.247324,0.663489
1.5,0,2.7,0.665329,0.00289083,0.246418,0.663526
1.5,0,2.71,0.665359,0.00303984,0.24552,0.663563
1.5,0,2.72,0.665391,0.00321865,0.244629,0.663599
1.5,0,2.73,0.665424,0.00342727,0.243745,0.663633
1.5,0,2.74,0.665459,0.00357628,0.242868,0.663667
1.5,0,2.75,0.665495,0.00369549,0.241998,0.663701
1.5,0,2.76,0.665533,0.0038743,0.241135,0.663733
1.5,0,2.77,0.665573,0.00411272,0.240279,0.663764
1.5,0,2.78,0.665615,0.00426173,0.23943,0.663795
1.5,0,2.79,0.665659,0.00447035,0.238587,0.663825
1.5,0,2.8,0.665704,0.00464916,0.237751,0.663854
1.5,0,2.81,0.665751,0.00485778,0.236922,0.663883
1.5,0,2.82,0.665801,0.00503659,0.236099,0.663911
1.5,0,2.83,0.665852,0.00524521,0.235283,0.663938
1.5,0,2.84,0.665905,0.00539422,0.234473,0.663964
1.5,0,2.85,0.66596,0.00557303,0.23367,0.66399
1.5,0,2.86,0.666016,0.00578165,0.232873,0.664015
1.5,0,2.87,0.666075,0.00599027,0.232082,0.664039
1.5,0,2.88,0.666136,0.00616908,0.231297,0.664063
1.5,0,2.89,0.666199,0.0064671,0.230519,0.664087
1.5,0,2.9,0.666264,0.00661612,0.229746,0.664109
1.5,0,2.91,0.666331,0.00676513,0.22898,0.664131
1.5,0,2.92,0.6664,0.00697374,0.228219,0.664153
1.5,0,2.93,0.666471,0.00715256,0.227465,0.664174
1.5,0,2.94,0.666544,0.00733137,0.226716,0.664195
1.5,0,2.95,0.66662,0.00762939,0.225973,0.664215
1.5,0,2.96,0.666697,0.00789762,0.225235,0.664234
1.5,0,2.97,0.666777,0.00804663,0.224504,0.664253
1.5,0,2.98,0.666858,0.00831485,0.223778,0.664272
1.5,0,2.99,0.666942,0.00843406,0.223058,0.66429
1.5,0,3,0.667028,0.00870228,0.222343,0.664308
1.5,0,3.01,0.667116,0.00891089,0.221633,0.664325
1.5,0,3.02,0.667207,0.00911951,0.220929,0.664342
1.5,0,3.03,0.667299,0.00941753,0.220231,0.664358
1.5,0,3.04,0.667394,0.00959635,0.219538,0.664374
1.5,0,3.05,0.667491,0.00986457,0.21885,0.66439
1.5,0,3.06,0.66759,0.00998378,0.218167,0.664405
1.5,0,3.07,0.667692,0.0102222,0.217489,0.66442
1.5,0,3.08,0.667796,0.0104904,0.216817,0.664434
1.5,0,3.09,0.667902,0.010699,0.216149,0.664448
1.5,0,3.1,0.66801,0.0109076,0.215487,0.664462
1.5,0,3.11,0.66812,0.0112355,0.21483,0.664475
1.5,0,3.12,0.668233,0.0113547,0.214177,0.664488
1.5,0,3.13,0.668348,0.0116229,0.21353,0.664501
1.5,0,3.14,0.668465,0.0118315,0.212887,0.664513
1.5,0,3.15,0.668585,0.0120699,0.212249,0.664525
1.5,0,3.16,0.668707,0.0122786,0.211616,0.664537
1.5,0,3.17,0.668831,0.0124872,0.210988,0.664549
1.5,0,3.18,0.668957,0.0127256,0.210364,0.66456
1.5,0,3.19,0.669086,0.0130236,0.209745,0.664571
1.5,0,3.2,0.669217,0.0131726,0.20913,0.664582
1.5,0,3.21,0.669351,0.0134408,0.20852,0.664592
1.5,0,3.22,0.669486,0.0136793,0.207915,0.664602
1.5,0,3.23,0.669624,0.0138879,0.207314,0.664612
1.5,0,3.24,0.669765,0.0141859,0.206717,0.664622
1.5,0,3.25,0.669907,0.0144243,0.206125,0.664631
1.5,0,3.26,0.670052,0.0145435,0.205537,0.66464
1.5,0,3.27,0.6702,0.014782,0.204954,0.664649
1.5,0,3.28,0.670349,0.0151396,0.204375,0.664658
1.5,0,3.29,0.670501,0.0152588,0.2038,0.664667
1.5,0,3.3,0.670655,0.0155568,0.203229,0.664675
1.5,0,3.31,0.670812,0.0157654,0.202662,0.664683
1.5,0,3.32,0.670971,0.0160038,0.2021,0.664691
1.5,0,3.33,0.671132,0.0162423,0.201541,0.664698
1.5,0,3.34,0.671295,0.0164807,0.200987,0.664706
1.5,0,3.35,0.671461,0.0166893,0.200436,0.664713
1.5,0,3.36,0.671629,0.0169575,0.19989,0.66472
1.5,0,3.37,0.6718,0.0171363,0.199347,0.664727
1.5,0,3.38,0.671973,0.0173748,0.198808,0.664734
1.5,0,3.39,0.672148,0.0177026,0.198274,0.664741
1.5,0,3.4,0.672325,0.0178218,0.197743,0.664747
1.5,0,3.41,0.672505,0.0181198,0.197216,0.664754
1.5,0,3.42,0.672687,0.0182986,0.196692,0.66476
1.5,0,3.43,0.672871,0.0185668,0.196172,0.664766
1.5,0,3.44,0.673058,0.0188351,0.195656,0.664771
1.5,0,3.45,0.673247,0.0190437,0.195144,0.664777
1.5,0,3.46,0.673439,0.0192225,0.194635,0.664783
1.5,0,3.47,0.673632,0.0194609,0.19413,0.664788
1.5,0,3.48,0.673828,0.0196993,0.193629,0.664793
1.5,0,3.49,0.674026,0.019908,0.193131,0.664799
1.5,0,3.5,0.674227,0.0201762,0.192636,0.664804
1.5,0,3.51,0.67443,0.0204146,0.192145,0.664808
1.5,0,3.52,0.674635,0.020653,0.191658,0.664813
1.5,0,3.53,0.674842,0.0208318,0.191173,0.664818
1.5,0,3.54,0.675052,0.0211298,0.190693,0.664822
1.5,0,3.55,0.675264,0.0213087,0.190215,0.664827
1.5,0,3.56,0.675478,0.0215173,0.189741,0.664831
1.5,0,3.57,0.675695,0.0217855,0.18927,0.664835
1.5,0,3.58,0.675914,0.0220239,0.188803,0.664839
1.5,0,3.59,0.676134,0.0222027,0.188338,0.664843
1.5,0,3.6,0.676358,0.0224113,0.187877,0.664847
1.5,0,3.61,0.676583,0.0226796,0.187419,0.664851
1.5,0,3.62,0.676811,0.0228584,0.186964,0.664855
1.5,0,3.63,0.677041,0.0231266,0.186513,0.664858
1.5,0,3.64,0.677274,0.0233352,0.186064,0.664862
1.5,0,3.65,0.677508,0.0235438,0.185619,0.664865
1.5,0,3.66,0.677745,0.0237525,0.185176,0.664869
1.5,0,3.67,0.677984,0.0239611,0.184737,0.664872
1.5,0,3.68,0.678225,0.0242591,0.1843,0.664875
1.5,0,3.69,0.678469,0.0244677,0.183867,0.664878
1.5,0,3.7,0.678714,0.0246763,0.183436,0.664881
1.5,0,3.71,0.678962,0.0249147,0.183009,0.664884
1.5,0,3.72,0.679212,0.025183,0.182584,0.664887
1.5,0,3.73,0.679465,0.0253916,0.182162,0.66489
1.5,0,3.74,0.679719,0.0255704,0.181743,0.664893
1.5,0,3.75,0.679976,0.0258386,0.181327,0.664895
1.5,0,3.76,0.680234,0.0259578,0.180913,0.664898
1.5,0,3.77,0.680496,0.026226,0.180503,0.6649
1.5,0,3.78,0.680759,0.0264049,0.180095,0.664903
1.5,0,3.79,0.681024,0.0266135,0.17969,0.664905
1.5,0,3.8,0.681292,0.0269115,0.179287,0.664908
1.5,0,3.81,0.681561,0.0270903,0.178887,0.66491
1.5,0,3.82,0.681833,0.0273287,0.17849,0.664912
1.5,0,3.83,0.682107,0.0274479,0.178096,0.664914
1.5,0,3.84,0.682383,0.0277162,0.177704,0.664917
1.5,0,3.85,0.682661,0.0279844,0.177315,0.664919
1.5,0,3.86,0.682942,0.0281632,0.176928,0.664921
1.5,0,3.87,0.683224,0.0283718,0.176544,0.664923
1.5,0,3.88,0.683509,0.0285506,0.176162,0.664925
1.5,0,3.89,0.683796,0.0287592,0.175783,0.664926
1.5,0,3.9,0.684084,0.0290275,0.175406,0.664928
1.5,0,3.91,0.684375,0.0291467,0.175032,0.66493
1.5,0,3.92,0.684668,0.0294149,0.17466,0.664932
1.5,0,3.93,0.684963,0.0295341,0.174291,0.664934
1.5,0,3.94,0.68526,0.0298321,0.173924,0.664935
1.5,0,3.95,0.68556,0.0300109,0.173559,0.664937
1.5,0,3.96,0.685861,0.0302196,0.173197,0.664938
1.5,0,3.97,0.686164,0.030458,0.172837,0.66494
1.5,0,3.98,0.68647,0.0306666,0.17248,0.664941
1.5,0,3.99,0.686777,0.0308454,0.172125,0.664943
1.5,0,4,0.687087,0.0310242,0.171772,0.664944
1.5,0.08,-4,-0.763684,0.0290871,0.190921,-0.744348
1.5,0.08,-3.99,-0.763394,0.0289381,0.191327,-0.744346
1.5,0.08,-3.98,-0.763106,0.0286102,0.191735,-0.744345
1.5,0.08,-3.97,-0.762821,0.0284314,0.192146,-0.744343
1.5,0.08,-3.96,-0.762537,0.0283122,0.19256,-0.744341
1.5,0.08,-3.95,-0.762256,0.0280738,0.192976,-0.744339
1.5,0.08,-3.94,-0.761977,0.027746,0.193395,-0.744337
1.5,0.08,-3.93,-0.761699,0.0275671,0.193817,-0.744335
1.5,0.08,-3.92,-0.761424,0.0273287,0.194241,-0.744332
1.5,0.08,-3.91,-0.761151,0.0272095,0.194668,-0.74433
1.5,0.08,-3.9,-0.760881,0.0269711,0.195098,-0.744328
1.5,0.08,-3.89,-0.760612,0.0267327,0.19553,-0.744326
1.5,0.08,-3.88,-0.760346,0.0264645,0.195965,-0.744323
1.5,0.08,-3.87,-0.760082,0.0263155,0.196404,-0.744321
1.5,0.08,-3.86,-0.75982,0.0261366,0.196844,-0.744318
1.5,0.08,-3.85,-0.75956,0.0258088,0.197288,-0.744316
1.5,0.08,-3.84,-0.759302,0.02563,0.197735,-0.744313
1.5,0.08,-3.83,-0.759047,0.0253916,0.198184,-0.74431
1.5,0.08,-3.82,-0.758793,0.0252724,0.198637,-0.744308
1.5,0.08,-3.81,-0.758542,0.025034,0.199092,-0.744305
1.5,0.08,-3.8,-0.758293,0.0247955,0.199551,-0.744302
1.5,0.08,-3.79,-0.758046,0.0245571,0.200012,-0.744299
1.5,0.08,-3.78,-0.757802,0.0243485,0.200477,-0.744296
1.5,0.08,-3.77,-0.75756,0.0241399,0.200944,-0.744293
1.5,0.08,-3.76,-0.75732,0.0238717,0.201415,-0.744289
1.5,0.08,-3.75,-0.757082,0.0236034,0.201888,-0.744286
1.5,0.08,-3.74,-0.756846,0.023365,0.202365,-0.744283
1.5,0.08,-3.73,-0.756613,0.023216,0.202845,-0.744279
1.5,0.08,-3.72,-0.756382,0.0230074,0.203328,-0.744276
1.5,0.08,-3.71,-0.756153,0.0227392,0.203815,-0.744272
1.5,0.08,-3.7,-0.755926,0.02262,0.204304,-0.744268
1.5,0.08,-3.69,-0.755702,0.0223815,0.204797,-0.744264
1.5,0.08,-3.68,-0.75548,0.0221133,0.205293,-0.74426
1.5,0.08,-3.67,-0.75526,0.0219047,0.205793,-0.744256
1.5,0.08,-3.66,-0.755042,0.0217259,0.206296,-0.744252
1.5,0.08,-3.65,-0.754827,0.0213981,0.206802,-0.744248
1.5,0.08,-3.64,-0.754614,0.0211,0.207311,-0.744244
1.5,0.08,-3.63,-0.754403,0.020951,0.207824,-0.744239
1.5,0.08,-3.62,-0.754194,0.0207722,0.208341,-0.744235
1.5,0.08,-3.61,-0.753988,0.020504,0.208861,-0.74423
1.5,0.08,-3.6,-0.753784,0.0202954,0.209385,-0.744225
1.5,0.08,-3.59,-0.753583,0.020057,0.209912,-0.74422
1.5,0.08,-3.58,-0.753383,0.0198185,0.210442,-0.744215
1.5,0.08,-3.57,-0.753186,0.0196397,0.210977,-0.74421
1.5,0.08,-3.56,-0.752992,0.0193417,0.211514,-0.744204
1.5,0.08,-3.55,-0.752799,0.0191331,0.212056,-0.744199
1.5,0.08,-3.54,-0.752609,0.0189543,0.212601,-0.744193
1.5,0.08,-3.53,-0.752421,0.0186265,0.21315,-0.744188
1.5,0.08,-3.52,-0.752236,0.0185072,0.213703,-0.744182
1.5,0.08,-3.51,-0.752053,0.0181496,0.21426,-0.744176
1.5,0.08,-3.5,-0.751872,0.017941,0.21482,-0.744169
1.5,0.08,-3.49,-0.751693,0.0176728,0.215385,-0.744163
1.5,0.08,-3.48,-0.751517,0.0175238,0.215953,-0.744156
1.5,0.08,-3.47,-0.751343,0.0172555,0.216525,-0.74415
1.5,0.08,-3.46,-0.751171,0.0170469,0.217102,-0.744143
1.5,0.08,-3.45,-0.751002,0.0167489,0.217682,-0.744136
1.5,0.08,-3.44,-0.750835,0.0165701,0.218266,-0.744129
1.5,0.08,-3.43,-0.75067,0.0163317,0.218854,-0.744121
1.5,0.08,-3.42,-0.750508,0.0160933,0.219447,-0.744114
1.5,0.08,-3.41,-0.750348,0.0159442,0.220043,-0.744106
1.5,0.08,-3.4,-0.750191,0.015676,0.220644,-0.744098
1.5,0.08,-3.39,-0.750035,0.015378,0.221249,-0.74409
1.5,0.08,-3.38,-0.749882,0.0151396,0.221859,-0.744081
1.5,0.08,-3.37,-0.749732,0.0149608,0.222472,-0.744073
1.5,0.08,-3.36,-0.749583,0.0147223,0.22309,-0.744064
1.5,0.08,-3.35,-0.749437,0.0144541,0.223713,-0.744055
1.5,0.08,-3.34,-0.749293,0.0142753,0.224339,-0.744045
1.5,0.08,-3.33,-0.749152,0.0139475,0.224971,-0.744036
1.5,0.08,-3.32,-0.749013,0.0137985,0.225606,-0.744026
1.5,0.08,-3.31,-0.748876,0.0135601,0.226247,-0.744016
1.5,0.08,-3.3,-0.748742,0.0133514,0.226891,-0.744006
1.5,0.08,-3.29,-0.748609,0.0130832,0.227541,-0.743995
1.5,0.08,-3.28,-0.74848,0.0129342,0.228195,-0.743984
1.5,0.08,-3.27,-0.748352,0.012666,0.228854,-0.743973
1.5,0.08,-3.26,-0.748227,0.0123382,0.229517,-0.743962
1.5,0.08,-3.25,-0.748104,0.0122488,0.230186,-0.74395
1.5,0.08,-3.24,-0.747983,0.0119805,0.230859,-0.743938
1.5,0.08,-3.23,-0.747865,0.0117421,0.231537,-0.743926
1.5,0.08,-3.22,-0.747749,0.0115037,0.23222,-0.743913
1.5,0.08,-3.21,-0.747635,0.0112653,0.232908,-0.743901
1.5,0.08,-3.2,-0.747523,0.0110567,0.233601,-0.743887
1.5,0.08,-3.19,-0.747414,0.0107884,0.234299,-0.743874
1.5,0.08,-3.18,-0.747307,0.0105202,0.235002,-0.74386
1.5,0.08,-3.17,-0.747202,0.0103712,0.23571,-0.743846
1.5,0.08,-3.16,-0.7471,0.0101328,0.236424,-0.743831
1.5,0.08,-3.15,-0.746999,0.00989437,0.237143,-0.743816
1.5,0.08,-3.14,-0.746901,0.00959635,0.237867,-0.743801
1.5,0.08,-3.13,-0.746805,0.00950694,0.238596,-0.743785
1.5,0.08,-3.12,-0.746712,0.00926852,0.239331,-0.743769
1.5,0.08,-3.11,-0.74662,0.0089407,0.240071,-0.743752
1.5,0.08,-3.1,-0.746531,0.00882149,0.240816,-0.743735
1.5,0.08,-3.09,-0.746444,0.00855327,0.241568,-0.743718
1.5,0.08,-3.08,-0.746359,0.00837445,0.242324,-0.7437
1.5,0.08,-3.07,-0.746276,0.00816584,0.243087,-0.743681
1.5,0.08,-3.06,-0.746196,0.00792742,0.243855,-0.743662
1.5,0.08,-3.05,-0.746117,0.007689,0.244629,-0.743643
1.5,0.08,-3.04,-0.746041,0.00751019,0.245408,-0.743623
1.5,0.08,-3.03,-0.745967,0.00730157,0.246194,-0.743603
1.5,0.08,-3.02,-0.745895,0.00706315,0.246985,-0.743582
1.5,0.08,-3.01,-0.745825,0.00679493,0.247782,-0.743561
1.5,0.08,-3,-0.745757,0.00673532,0.248586,-0.743539
1.5,0.08,-2.99,-0.745691,0.00649691,0.249395,-0.743517
1.5,0.08,-2.98,-0.745627,0.00634789,0.25021,-0.743494
1.5,0.08,-2.97,-0.745565,0.00610948,0.251032,-0.74347
1.5,0.08,-2.96,-0.745505,0.00596046,0.25186,-0.743446
1.5,0.08,-2.95,-0.745448,0.00572205,0.252694,-0.743421
1.5,0.08,-2.94,-0.745392,0.00548363,0.253535,-0.743396
1.5,0.08,-2.93,-0.745338,0.00530481,0.254381,-0.743369
1.5,0.08,-2.92,-0.745286,0.0050962,0.255235,-0.743343
1.5,0.08,-2.91,-0.745236,0.00491738,0.256095,-0.743315
1.5,0.08,-2.9,-0.745188,0.00476837,0.256961,-0.743287
1.5,0.08,-2.89,-0.745141,0.00452995,0.257834,-0.743258
1.5,0.08,-2.88,-0.745097,0.00444055,0.258714,-0.743229
1.5,0.08,-2.87,-0.745054,0.00423193,0.259601,-0.743198
1.5,0.08,-2.86,-0.745013,0.00405312,0.260494,-0.743167
1.5,0.08,-2.85,-0.744974,0.00378489,0.261394,-0.743135
1.5,0.08,-2.84,-0.744937,0.00357628,0.262302,-0.743102
1.5,0.08,-2.83,-0.744901,0.00345707,0.263216,-0.743069
1.5,0.08,-2.82,-0.744867,0.00327826,0.264137,-0.743034
1.5,0.08,-2.81,-0.744835,0.00315905,0.265066,-0.742999
1.5,0.08,-2.8,-0.744805,0.00298023,0.266002,-0.742963
1.5,0.08,-2.79,-0.744776,0.00286102,0.266945,-0.742926
1.5,0.08,-2.78,-0.744748,0.00277162,0.267895,-0.742888
1.5,0.08,-2.77,-0.744722,0.00247359,0.268853,-0.742849
1.5,0.08,-2.76,-0.744698,0.00238419,0.269818,-0.742809
1.5,0.08,-2.75,-0.744675,0.00223517,0.270791,-0.742768
1.5,0.08,-2.74,-0.744654,0.00205636,0.271771,-0.742726
1.5,0.08,-2.73,-0.744633,0.00196695,0.27276,-0.742682
1.5,0.08,-2.72,-0.744615,0.00181794,0.273755,-0.742638
1.5,0.08,-2.71,-0.744597,0.00166893,0.274759,-0.742593
1.5,0.08,-2.7,-0.744581,0.00151992,0.275771,-0.742546
1.5,0.08,-2.69,-0.744567,0.00143051,0.276791,-0.742498
1.5,0.08,-2.68,-0.744553,0.0013411,0.277818,-0.74245
1.5,0.08,-2.67,-0.744541,0.0012815,0.278854,-0.742399
1.5,0.08,-2.66,-0.744529,0.00113249,0.279898,-0.742348
1.5,0.08,-2.65,-0.744519,0.00104308,0.280951,-0.742295
1.5,0.08,-2.64,-0.74451,0.000923872,0.282011,-0.742241
1.5,0.08,-2.63,-0.744502,0.000804663,0.283081,-0.742185
1.5,0.08,-2.62,-0.744495,0.000715256,0.284158,-0.742129
1.5,0.08,-2.61,-0.744488,0.000536442,0.285245,-0.74207
1.5,0.08,-2.6,-0.744483,0.000506639,0.28634,-0.74201
1.5,0.08,-2.59,-0.744478,0.000476837,0.287443,-0.741949
1.5,0.08,-2.58,-0.744474,0.00038743,0.288556,-0.741886
1.5,0.08,-2.57,-0.744471,0.000327826,0.289677,-0.741822
1.5,0.08,-2.56,-0.744468,0.000238419,0.290808,-0.741755
1.5,0.08,-2.55,-0.744466,0.000178814,0.291947,-0.741688
1.5,0.08,-2.54,-0.744464,5.96046e-05,0.293096,-0.741618
1.5,0.08,-2.53,-0.744463,0.000149012,0.294254,-0.741547
1.5,0.08,-2.52,-0.744462,8.9407e-05,0.295422,-0.741474
1.5,0.08,-2.51,-0.744462,0,0.296598,-0.741399
1.5,0.08,-2.5,-0.744461,0,0.297784,-0.741322
1.5,0.08,-2.49,-0.744461,8.9407e-05,0.29898,-0.741243
1.5,0.08,-2.48,-0.744461,0,0.300186,-0.741162
1.5,0.08,-2.47,-0.744461,0,0.301401,-0.741079
1.5,0.08,-2.46,-0.744461,0,0.302626,-0.740994
1.5,0.08,-2.45,-0.744461,0,0.303862,-0.740907
1.5,0.08,-2.44,-0.74446,8.9407e-05,0.305107,-0.740817
1.5,0.08,-2.43,-0.74446,8.9407e-05,0.306362,-0.740726
1.5,0.08,-2.42,-0.744459,0.000178814,0.307628,-0.740632
1.5,0.08,-2.41,-0.744457,0.000149012,0.308903,-0.740535
1.5,0.08,-2.4,-0.744455,0.000238419,0.31019,-0.740437
1.5,0.08,-2.39,-0.744453,0.000268221,0.311487,-0.740335
1.5,0.08,-2.38,-0.744449,0.000327826,0.312794,-0.740231
1.5,0.08,-2.37,-0.744445,0.000417233,0.314112,-0.740125
1.5,0.08,-2.36,-0.74444,0.000536442,0.315441,-0.740016
1.5,0.08,-2.35,-0.744434,0.000625849,0.316781,-0.739904
1.5,0.08,-2.34,-0.744427,0.000745058,0.318131,-0.739789
1.5,0.08,-2.33,-0.744419,0.000834465,0.319493,-0.739671
1.5,0.08,-2.32,-0.744409,0.00101328,0.320866,-0.73955
1.5,0.08,-2.31,-0.744398,0.00119209,0.32225,-0.739426
1.5,0.08,-2.3,-0.744386,0.00137091,0.323646,-0.7393
1.5,0.08,-2.29,-0.744372,0.00154972,0.325053,-0.739169
1.5,0.08,-2.28,-0.744356,0.00166893,0.326472,-0.739036
1.5,0.08,-2.27,-0.744338,0.00184774,0.327902,-0.738899
1.5,0.08,-2.26,-0.744318,0.00208616,0.329344,-0.738759
1.5,0.08,-2.25,-0.744296,0.00235438,0.330798,-0.738615
1.5,0.08,-2.24,-0.744272,0.0025332,0.332264,-0.738468
1.5,0.08,-2.23,-0.744246,0.00271201,0.333742,-0.738316
1.5,0.08,-2.22,-0.744217,0.00303984,0.335233,-0.738161
1.5,0.08,-2.21,-0.744185,0.00327826,0.336735,-0.738002
1.5,0.08,-2.2,-0.744151,0.00357628,0.33825,-0.73784
1.5,0.08,-2.19,-0.744114,0.0038743,0.339778,-0.737672
1.5,0.08,-2.18,-0.744073,0.00423193,0.341318,-0.737501
1.5,0.08,-2.17,-0.74403,0.00455976,0.342871,-0.737326
1.5,0.08,-2.16,-0.743983,0.00479817,0.344436,-0.737146
1.5,0.08,-2.15,-0.743932,0.00524521,0.346015,-0.736961
1.5,0.08,-2.14,-0.743878,0.00557303,0.347607,-0.736772
1.5,0.08,-2.13,-0.743821,0.00602007,0.349212,-0.736578
1.5,0.08,-2.12,-0.743759,0.0064373,0.35083,-0.736379
1.5,0.08,-2.11,-0.743693,0.00682473,0.352461,-0.736175
1.5,0.08,-2.1,-0.743622,0.00730157,0.354106,-0.735966
1.5,0.08,-2.09,-0.743547,0.0077486,0.355764,-0.735752
1.5,0.08,-2.08,-0.743468,0.00819564,0.357436,-0.735532
1.5,0.08,-2.07,-0.743383,0.00864267,0.359122,-0.735307
1.5,0.08,-2.06,-0.743294,0.00920892,0.360822,-0.735076
1.5,0.08,-2.05,-0.743199,0.00977516,0.362536,-0.734839
1.5,0.08,-2.04,-0.743099,0.0103116,0.364264,-0.734596
1.5,0.08,-2.03,-0.742993,0.0109375,0.366006,-0.734347
1.5,0.08,-2.02,-0.742881,0.0114143,0.367763,-0.734092
1.5,0.08,-2.01,-0.742763,0.0121593,0.369534,-0.733831
1.5,0.08,-2,-0.742639,0.0127256,0.37132,-0.733563
1.5,0.08,-1.99,-0.742509,0.013411,0.37312,-0.733288
1.5,0.08,-1.98,-0.742371,0.0141263,0.374935,-0.733007
1.5,0.08,-1.97,-0.742227,0.0148416,0.376765,-0.732718
1.5,0.08,-1.96,-0.742075,0.015527,0.37861,-0.732422
1.5,0.08,-1.95,-0.741916,0.0163317,0.38047,-0.732119
1.5,0.08,-1.94,-0.74175,0.0170469,0.382345,-0.731808
1.5,0.08,-1.93,-0.741575,0.0178516,0.384236,-0.731489
1.5,0.08,-1.92,-0.741392,0.0186861,0.386142,-0.731162
1.5,0.08,-1.91,-0.741201,0.0195801,0.388063,-0.730827
1.5,0.08,-1.9,-0.741001,0.0204146,0.39,-0.730484
1.5,0.08,-1.89,-0.740792,0.0213981,0.391953,-0.730132
1.5,0.08,-1.88,-0.740574,0.0222027,0.393922,-0.729772
1.5,0.08,-1.87,-0.740346,0.0232458,0.395907,-0.729402
1.5,0.08,-1.86,-0.740108,0.0242591,0.397908,-0.729023
1.5,0.08,-1.85,-0.739861,0.0252426,0.399925,-0.728635
1.5,0.08,-1.84,-0.739602,0.0263155,0.401958,-0.728237
1.5,0.08,-1.83,-0.739333,0.0274777,0.404007,-0.727829
1.5,0.08,-1.82,-0.739053,0.0285506,0.406073,-0.727411
1.5,0.08,-1.81,-0.738762,0.0297129,0.408156,-0.726983
1.5,0.08,-1.8,-0.738459,0.0310242,0.410255,-0.726544
1.5,0.08,-1.79,-0.738144,0.0320971,0.412371,-0.726094
1.5,0.08,-1.78,-0.737817,0.0333488,0.414504,-0.725633
1.5,0.08,-1.77,-0.737477,0.0346601,0.416654,-0.725161
1.5,0.08,-1.76,-0.737124,0.0360012,0.41882,-0.724677
1.5,0.08,-1.75,-0.736757,0.0372827,0.421004,-0.72418
1.5,0.08,-1.74,-0.736377,0.0387132,0.423205,-0.723672
1.5,0.08,-1.73,-0.735982,0.0401735,0.425423,-0.723151
1.5,0.08,-1.72,-0.735573,0.0416338,0.427659,-0.722617
1.5,0.08,-1.71,-0.73515,0.0430942,0.429912,-0.72207
1.5,0.08,-1.7,-0.73471,0.0446737,0.432183,-0.721509
1.5,0.08,-1.69,-0.734255,0.046283,0.434471,-0.720935
1.5,0.08,-1.68,-0.733784,0.0479817,0.436776,-0.720347
1.5,0.08,-1.67,-0.733297,0.0496209,0.4391,-0.719744
1.5,0.08,-1.66,-0.732792,0.0513196,0.441441,-0.719126
1.5,0.08,-1.65,-0.732271,0.0531077,0.4438,-0.718493
1.5,0.08,-1.64,-0.731731,0.0548363,0.446177,-0.717845
1.5,0.08,-1.63,-0.731173,0.0567138,0.448572,-0.71718
1.5,0.08,-1.62,-0.730596,0.058651,0.450985,-0.7165
1.5,0.08,-1.61,-0.730001,0.0605583,0.453417,-0.715803
1.5,0.08,-1.6,-0.729385,0.0625253,0.455866,-0.715088
1.5,0.08,-1.59,-0.72875,0.0645816,0.458333,-0.714357
1.5,0.08,-1.58,-0.728094,0.0666678,0.460819,-0.713607
1.5,0.08,-1.57,-0.727416,0.0688136,0.463322,-0.71284
1.5,0.08,-1.56,-0.726717,0.0709891,0.465844,-0.712053
1.5,0.08,-1.55,-0.725996,0.0731945,0.468385,-0.711248
1.5,0.08,-1.54,-0.725253,0.0755191,0.470943,-0.710423
1.5,0.08,-1.53,-0.724486,0.0779033,0.47352,-0.709578
1.5,0.08,-1.52,-0.723696,0.0802875,0.476116,-0.708713
1.5,0.08,-1.51,-0.722881,0.0826716,0.478729,-0.707827
1.5,0.08,-1.5,-0.722041,0.0852346,0.481361,-0.706919
1.5,0.08,-1.49,-0.721177,0.0877976,0.484011,-0.70599
1.5,0.08,-1.48,-0.720286,0.0903606,0.48668,-0.705038
1.5,0.08,-1.47,-0.719369,0.0931323,0.489367,-0.704064
1.5,0.08,-1.46,-0.718424,0.0957549,0.492071,-0.703066
1.5,0.08,-1.45,-0.717452,0.0986159,0.494795,-0.702044
1.5,0.08,-1.44,-0.716452,0.101477,0.497536,-0.700998
1.5,0.08,-1.43,-0.715423,0.104398,0.500296,-0.699927
1.5,0.08,-1.42,-0.714364,0.107348,0.503073,-0.698831
1.5,0.08,-1.41,-0.713275,0.110418,0.505869,-0.697708
1.5,0.08,-1.4,-0.712156,0.113517,0.508683,-0.696559
1.5,0.08,-1.39,-0.711005,0.116706,0.511514,-0.695383
1.5,0.08,-1.38,-0.709822,0.119954,0.514363,-0.694178
1.5,0.08,-1.37,-0.708606,0.123262,0.51723,-0.692946
1.5,0.08,-1.36,-0.707356,0.12666,0.520115,-0.691684
1.5,0.08,-1.35,-0.706073,0.130057,0.523017,-0.690393
1.5,0.08,-1.34,-0.704755,0.133574,0.525936,-0.689072
1.5,0.08,-1.33,-0.703401,0.13718,0.528873,-0.68772
1.5,0.08,-1.32,-0.702011,0.140786,0.531827,-0.686336
1.5,0.08,-1.31,-0.700584,0.144541,0.534797,-0.68492
1.5,0.08,-1.3,-0.69912,0.148356,0.537785,-0.683471
1.5,0.08,-1.29,-0.697617,0.1522,0.540788,-0.681988
1.5,0.08,-1.28,-0.696075,0.156164,0.543809,-0.680472
1.5,0.08,-1.27,-0.694494,0.160217,0.546845,-0.67892
1.5,0.08,-1.26,-0.692871,0.1643,0.549898,-0.677333
1.5,0.08,-1.25,-0.691208,0.168443,0.552966,-0.675709
1.5,0.08,-1.24,-0.689502,0.172645,0.55605,-0.674049
1.5,0.08,-1.23,-0.687754,0.177056,0.559149,-0.67235
1.5,0.08,-1.22,-0.685961,0.181407,0.562263,-0.670613
1.5,0.08,-1.21,-0.684125,0.185937,0.565392,-0.668837
1.5,0.08,-1.2,-0.682243,0.190496,0.568536,-0.66702
1.5,0.08,-1.19,-0.680315,0.195116,0.571694,-0.665162
1.5,0.08,-1.18,-0.678341,0.199825,0.574865,-0.663263
1.5,0.08,-1.17,-0.676319,0.204593,0.57805,-0.661321
1.5,0.08,-1.16,-0.674248,0.20954,0.581249,-0.659336
1.5,0.08,-1.15,-0.672129,0.214428,0.58446,-0.657307
1.5,0.08,-1.14,-0.669959,0.219554,0.587683,-0.655233
1.5,0.08,-1.13,-0.667739,0.22465,0.590919,-0.653113
1.5,0.08,-1.12,-0.665467,0.229865,0.594167,-0.650947
1.5,0.08,-1.11,-0.663142,0.235051,0.597425,-0.648733
1.5,0.08,-1.1,-0.660764,0.240415,0.600695,-0.646471
1.5,0.08,-1.09,-0.658333,0.245899,0.603975,-0.64416
1.5,0.08,-1.08,-0.655846,0.251412,0.607265,-0.641799
1.5,0.08,-1.07,-0.653303,0.257045,0.610564,-0.639387
1.5,0.08,-1.06,-0.650704,0.262767,0.613872,-0.636923
1.5,0.08,-1.05,-0.648048,0.268549,0.617189,-0.634406
1.5,0.08,-1.04,-0.645334,0.27436,0.620513,-0.631837
1.5,0.08,-1.03,-0.64256,0.280291,0.623845,-0.629212
1.5,0.08,-1.02,-0.639727,0.286311,0.627183,-0.626533
1.5,0.08,-1.01,-0.636833,0.29245,0.630528,-0.623797
1.5,0.08,-1,-0.633878,0.298619,0.633878,-0.621005
1.5,0.08,-0.99,-0.63086,0.304848,0.637233,-0.618154
1.5,0.08,-0.98,-0.62778,0.311226,0.640592,-0.615245
1.5,0.08,-0.97,-0.624636,0.317633,0.643954,-0.612276
1.5,0.08,-0.96,-0.621427,0.32413,0.64732,-0.609246
1.5,0.08,-0.95,-0.618153,0.330687,0.650688,-0.606155
1.5,0.08,-0.94,-0.614813,0.337332,0.654056,-0.603002
1.5,0.08,-0.93,-0.611406,0.344098,0.657426,-0.599785
1.5,0.08,-0.92,-0.607932,0.350863,0.660796,-0.596505
1.5,0.08,-0.91,-0.604389,0.357717,0.664164,-0.593159
1.5,0.08,-0.9,-0.600778,0.364631,0.667531,-0.589748
1.5,0.08,-0.89,-0.597097,0.371605,0.670895,-0.58627
1.5,0.08,-0.88,-0.593345,0.378698,0.674256,-0.582725
1.5,0.08,-0.87,-0.589523,0.385791,0.677612,-0.579111
1.5,0.08,-0.86,-0.585629,0.393003,0.680964,-0.575428
1.5,0.08,-0.85,-0.581663,0.400245,0.684309,-0.571676
1.5,0.08,-0.84,-0.577623,0.407547,0.687647,-0.567853
1.5,0.08,-0.83,-0.573511,0.414908,0.690977,-0.563958
1.5,0.08,-0.82,-0.569324,0.422359,0.694298,-0.559991
1.5,0.08,-0.81,-0.565064,0.429809,0.697609,-0.555951
1.5,0.08,-0.8,-0.560728,0.437349,0.700909,-0.551838
1.5,0.08,-0.79,-0.556316,0.444949,0.704197,-0.547651
1.5,0.08,-0.78,-0.551829,0.452548,0.707473,-0.543388
1.5,0.08,-0.77,-0.547265,0.460237,0.710733,-0.53905
1.5,0.08,-0.76,-0.542624,0.467867,0.713979,-0.534635
1.5,0.08,-0.75,-0.537906,0.475705,0.717208,-0.530144
1.5,0.08,-0.74,-0.533111,0.483394,0.72042,-0.525576
1.5,0.08,-0.73,-0.528238,0.491202,0.723614,-0.520929
1.5,0.08,-0.72,-0.523287,0.49901,0.726787,-0.516204
1.5,0.08,-0.71,-0.518257,0.506878,0.72994,-0.511401
1.5,0.08,-0.7,-0.513149,0.514686,0.73307,-0.506518
1.5,0.08,-0.69,-0.507962,0.522614,0.736177,-0.501555
1.5,0.08,-0.68,-0.502697,0.530481,0.73926,-0.496512
1.5,0.08,-0.67,-0.497352,0.538409,0.742317,-0.491389
1.5,0.08,-0.66,-0.491929,0.546262,0.745347,-0.486186
1.5,0.08,-0.65,-0.486427,0.554204,0.748349,-0.480901
1.5,0.08,-0.64,-0.480845,0.562027,0.751321,-0.475536
1.5,0.08,-0.63,-0.475185,0.569955,0.754263,-0.470089
1.5,0.08,-0.62,-0.469447,0.577837,0.757172,-0.464562
1.5,0.08,-0.61,-0.46363,0.585645,0.760048,-0.458952
1.5,0.08,-0.6,-0.457734,0.593498,0.76289,-0.453262
1.5,0.08,-0.59,-0.451761,0.601217,0.765696,-0.447491
1.5,0.08,-0.58,-0.445709,0.608951,0.768464,-0.441638
1.5,0.08,-0.57,-0.439581,0.616685,0.771195,-0.435705
1.5,0.08,-0.56,-0.433376,0.624344,0.773885,-0.42969
1.5,0.08,-0.55,-0.427094,0.631958,0.776534,-0.423596
1.5,0.08,-0.54,-0.420736,0.639573,0.779141,-0.417421
1.5,0.08,-0.53,-0.414303,0.647038,0.781704,-0.411167
1.5,0.08,-0.52,-0.407796,0.654474,0.784222,-0.404834
1.5,0.08,-0.51,-0.401214,0.661805,0.786694,-0.398422
1.5,0.08,-0.5,-0.394559,0.669077,0.789119,-0.391933
1.5,0.08,-0.49,-0.387832,0.676304,0.791494,-0.385366
1.5,0.08,-0.48,-0.381033,0.683442,0.793819,-0.378722
1.5,0.08,-0.47,-0.374164,0.69043,0.796093,-0.372003
1.5,0.08,-0.46,-0.367225,0.697389,0.798314,-0.365208
1.5,0.08,-0.45,-0.360217,0.704169,0.800482,-0.35834
1.5,0.08,-0.44,-0.353141,0.710905,0.802594,-0.351399
1.5,0.08,-0.43,-0.345999,0.717491,0.80465,-0.344386
1.5,0.08,-0.42,-0.338792,0.723928,0.806648,-0.337302
1.5,0.08,-0.41,-0.331521,0.730276,0.808588,-0.330148
1.5,0.08,-0.4,-0.324187,0.736475,0.810467,-0.322926
1.5,0.08,-0.39,-0.316792,0.742555,0.812286,-0.315638
1.5,0.08,-0.38,-0.309336,0.74847,0.814043,-0.308283
1.5,0.08,-0.37,-0.301822,0.754267,0.815736,-0.300865
1.5,0.08,-0.36,-0.294252,0.759885,0.817365,-0.293384
1.5,0.08,-0.35,-0.286625,0.765339,0.81893,-0.285842
1.5,0.08,-0.34,-0.278945,0.770658,0.820427,-0.278241
1.5,0.08,-0.33,-0.271213,0.775784,0.821858,-0.270583
1.5,0.08,-0.32,-0.26343,0.780746,0.82322,-0.262869
1.5,0.08,-0.31,-0.255599,0.7855,0.824513,-0.255101
1.5,0.08,-0.3,-0.247721,0.790082,0.825736,-0.247281
1.5,0.08,-0.29,-0.239798,0.794508,0.826888,-0.239411
1.5,0.08,-0.28,-0.231831,0.798717,0.827969,-0.231494
1.5,0.08,-0.27,-0.223824,0.802726,0.828977,-0.22353
1.5,0.08,-0.26,-0.215777,0.80657,0.829912,-0.215523
1.5,0.08,-0.25,-0.207693,0.810176,0.830774,-0.207475
1.5,0.08,-0.24,-0.199575,0.813559,0.831561,-0.199388
1.5,0.08,-0.23,-0.191423,0.816755,0.832272,-0.191263
1.5,0.08,-0.22,-0.18324,0.819758,0.832909,-0.183104
1.5,0.08,-0.21,-0.175029,0.822514,0.833469,-0.174914
1.5,0.08,-0.2,-0.166791,0.82504,0.833953,-0.166693
1.5,0.08,-0.19,-0.158528,0.827365,0.83436,-0.158445
1.5,0.08,-0.18,-0.150244,0.829451,0.834689,-0.150172
1.5,0.08,-0.17,-0.14194,0.831336,0.834941,-0.141878
1.5,0.08,-0.16,-0.133618,0.83296,0.835115,-0.133563
1.5,0.08,-0.15,-0.125282,0.834368,0.83521,-0.125231
1.5,0.08,-0.14,-0.116932,0.835542,0.835227,-0.116885
1.5,0.08,-0.13,-0.108572,0.836477,0.835166,-0.108528
1.5,0.08,-0.12,-0.100203,0.83717,0.835026,-0.10016
1.5,0.08,-0.11,-0.0918289,0.83765,0.834808,-0.0917867
1.5,0.08,-0.1,-0.0834511,0.83787,0.834511,-0.0834091
1.5,0.08,-0.09,-0.0750722,0.837866,0.834136,-0.0750302
1.5,0.08,-0.08,-0.0666945,0.837624,0.833682,-0.0666527
1.5,0.08,-0.07,-0.0583205,0.837153,0.83315,-0.0582793
1.5,0.08,-0.06,-0.0499524,0.836432,0.83254,-0.0499125
1.5,0.08,-0.05,-0.0415926,0.835484,0.831852,-0.0415552
1.5,0.08,-0.04,-0.0332435,0.834303,0.831087,-0.0332097
1.5,0.08,-0.03,-0.0249073,0.832885,0.830245,-0.0248789
1.5,0.08,-0.02,-0.0165865,0.831236,0.829326,-0.0165653
1.5,0.08,-0.01,-0.0082833,0.829366,0.82833,-0.0082715
1.5,0.08,0,0,0.827261,0.827261,0
1.5,0.08,0.01,0.00826113,0.824927,0.826113,0.00824665
1.5,0.08,0.02,0.0164979,0.822375,0.824894,0.0164659
1.5,0.08,0.03,0.024708,0.819606,0.8236,0.0246554
1.5,0.08,0.04,0.0328893,0.816623,0.822232,0.0328127
1.5,0.08,0.05,0.0410396,0.813408,0.820793,0.0409353
1.5,0.08,0.06,0.0491569,0.809997,0.819281,0.049021
1.5,0.08,0.07,0.0572389,0.806388,0.817699,0.0570674
1.5,0.08,0.08,0.0652837,0.802547,0.816047,0.0650723
1.5,0.08,0.09,0.0732893,0.798512,0.814325,0.0730335
1.5,0.08,0.1,0.0812536,0.79431,0.812536,0.0809489
1.5,0.08,0.11,0.0891747,0.789907,0.810679,0.0888163
1.5,0.08,0.12,0.0970507,0.78528,0.808756,0.0966337
1.5,0.08,0.13,0.10488,0.780504,0.806767,0.104399
1.5,0.08,0.14,0.11266,0.775538,0.804715,0.112111
1.5,0.08,0.15,0.12039,0.770405,0.802599,0.119766
1.5,0.08,0.16,0.128067,0.7651,0.800421,0.127365
1.5,0.08,0.17,0.135691,0.759624,0.798183,0.134903
1.5,0.08,0.18,0.143259,0.753984,0.795885,0.142381
1.5,0.08,0.19,0.15077,0.748195,0.793528,0.149797
1.5,0.08,0.2,0.158223,0.742286,0.791114,0.157148
1.5,0.08,0.21,0.165615,0.736214,0.788644,0.164433
1.5,0.08,0.22,0.172946,0.729971,0.78612,0.171652
1.5,0.08,0.23,0.180215,0.72363,0.783541,0.178802
1.5,0.08,0.24,0.187419,0.717163,0.780911,0.185883
1.5,0.08,0.25,0.194557,0.710584,0.77823,0.192893
1.5,0.08,0.26,0.20163,0.703864,0.775499,0.19983
1.5,0.08,0.27,0.208634,0.697054,0.77272,0.206695
1.5,0.08,0.28,0.21557,0.690103,0.769893,0.213486
1.5,0.08,0.29,0.222436,0.683092,0.767022,0.220202
1.5,0.08,0.3,0.229232,0.675969,0.764106,0.226842
1.5,0.08,0.31,0.235955,0.668794,0.761147,0.233405
1.5,0.08,0.32,0.242607,0.661485,0.758146,0.239891
1.5,0.08,0.33,0.249185,0.654124,0.755106,0.246299
1.5,0.08,0.34,0.255689,0.646681,0.752026,0.252629
1.5,0.08,0.35,0.262118,0.6392,0.748909,0.258879
1.5,0.08,0.36,0.268472,0.631616,0.745757,0.26505
1.5,0.08,0.37,0.274751,0.624031,0.742569,0.27114
1.5,0.08,0.38,0.280952,0.616312,0.739348,0.277151
1.5,0.08,0.39,0.287077,0.608653,0.736095,0.28308
1.5,0.08,0.4,0.293124,0.60083,0.732811,0.288929
1.5,0.08,0.41,0.299094,0.593066,0.729498,0.294697
1.5,0.08,0.42,0.304986,0.585258,0.726157,0.300383
1.5,0.08,0.43,0.310799,0.577435,0.722789,0.305988
1.5,0.08,0.44,0.316534,0.569597,0.719396,0.311512
1.5,0.08,0.45,0.322191,0.561699,0.715979,0.316955
1.5,0.08,0.46,0.327768,0.553817,0.71254,0.322317
1.5,0.08,0.47,0.333267,0.545904,0.709078,0.327597
1.5,0.08,0.48,0.338686,0.538021,0.705597,0.332797
1.5,0.08,0.49,0.344027,0.530124,0.702096,0.337916
1.5,0.08,0.5,0.349289,0.522241,0.698578,0.342955
1.5,0.08,0.51,0.354472,0.514343,0.695043,0.347914
1.5,0.08,0.52,0.359576,0.506505,0.691493,0.352793
1.5,0.08,0.53,0.364602,0.498667,0.687928,0.357593
1.5,0.08,0.54,0.369549,0.490814,0.684351,0.362314
1.5,0.08,0.55,0.374419,0.483051,0.680761,0.366957
1.5,0.08,0.56,0.37921,0.475317,0.677161,0.371522
1.5,0.08,0.57,0.383925,0.467539,0.673552,0.376009
1.5,0.08,0.58,0.388561,0.45985,0.669934,0.38042
1.5,0.08,0.59,0.393122,0.452206,0.666308,0.384754
1.5,0.08,0.6,0.397606,0.444606,0.662676,0.389013
1.5,0.08,0.61,0.402013,0.437006,0.659038,0.393197
1.5,0.08,0.62,0.406346,0.429481,0.655397,0.397307
1.5,0.08,0.63,0.410603,0.422031,0.651751,0.401343
1.5,0.08,0.64,0.414786,0.414595,0.648103,0.405307
1.5,0.08,0.65,0.418895,0.407234,0.644454,0.409198
1.5,0.08,0.66,0.422931,0.399947,0.640804,0.413018
1.5,0.08,0.67,0.426894,0.392675,0.637155,0.416767
1.5,0.08,0.68,0.430784,0.385448,0.633506,0.420446
1.5,0.08,0.69,0.434603,0.378355,0.62986,0.424057
1.5,0.08,0.7,0.438351,0.371292,0.626216,0.427599
1.5,0.08,0.71,0.442029,0.364318,0.622576,0.431073
1.5,0.08,0.72,0.445637,0.357389,0.618941,0.434481
1.5,0.08,0.73,0.449177,0.350505,0.61531,0.437824
1.5,0.08,0.74,0.452648,0.34374,0.611686,0.441101
1.5,0.08,0.75,0.456051,0.33696,0.608068,0.444315
1.5,0.08,0.76,0.459388,0.330329,0.604458,0.447465
1.5,0.08,0.77,0.462659,0.323802,0.600856,0.450553
1.5,0.08,0.78,0.465865,0.317305,0.597262,0.45358
1.5,0.08,0.79,0.469006,0.310898,0.593678,0.456546
1.5,0.08,0.8,0.472083,0.304595,0.590104,0.459453
1.5,0.08,0.81,0.475098,0.298306,0.58654,0.462301
1.5,0.08,0.82,0.47805,0.292152,0.582988,0.46509
1.5,0.08,0.83,0.480941,0.286043,0.579447,0.467823
1.5,0.08,0.84,0.483771,0.280038,0.575918,0.4705
1.5,0.08,0.85,0.486542,0.274092,0.572402,0.473122
1.5,0.08,0.86,0.489254,0.268206,0.5689,0.475689
1.5,0.08,0.87,0.491907,0.262484,0.565411,0.478203
1.5,0.08,0.88,0.494503,0.256762,0.561936,0.480664
1.5,0.08,0.89,0.497043,0.251159,0.558475,0.483074
1.5,0.08,0.9,0.499527,0.245646,0.55503,0.485433
1.5,0.08,0.91,0.501957,0.240177,0.551601,0.487742
1.5,0.08,0.92,0.504332,0.234842,0.548187,0.490001
1.5,0.08,0.93,0.506654,0.229537,0.544789,0.492213
1.5,0.08,0.94,0.508923,0.224352,0.541408,0.494377
1.5,0.08,0.95,0.511141,0.219256,0.538043,0.496495
1.5,0.08,0.96,0.513309,0.214249,0.534696,0.498567
1.5,0.08,0.97,0.515426,0.209242,0.531367,0.500594
1.5,0.08,0.98,0.517494,0.204414,0.528055,0.502577
1.5,0.08,0.99,0.519514,0.199586,0.524761,0.504516
1.5,0.08,1,0.521486,0.194877,0.521486,0.506413
1.5,0.08,1.01,0.523412,0.190228,0.518229,0.508269
1.5,0.08,1.02,0.525291,0.185698,0.514991,0.510084
1.5,0.08,1.03,0.527125,0.181228,0.511772,0.511858
1.5,0.08,1.04,0.528916,0.176817,0.508573,0.513594
1.5,0.08,1.05,0.530662,0.172466,0.505392,0.51529
1.5,0.08,1.06,0.532366,0.168234,0.502232,0.516949
1.5,0.08,1.07,0.534027,0.164092,0.499091,0.518571
1.5,0.08,1.08,0.535647,0.160009,0.49597,0.520157
1.5,0.08,1.09,0.537227,0.155985,0.492869,0.521707
1.5,0.08,1.1,0.538767,0.151992,0.489788,0.523222
1.5,0.08,1.11,0.540268,0.148118,0.486728,0.524702
1.5,0.08,1.12,0.541731,0.144392,0.483688,0.52615
1.5,0.08,1.13,0.543156,0.140667,0.480669,0.527564
1.5,0.08,1.14,0.544544,0.137031,0.47767,0.528946
1.5,0.08,1.15,0.545896,0.133425,0.474692,0.530297
1.5,0.08,1.16,0.547212,0.129908,0.471735,0.531617
1.5,0.08,1.17,0.548494,0.126451,0.468798,0.532907
1.5,0.08,1.18,0.549742,0.123084,0.465883,0.534167
1.5,0.08,1.19,0.550956,0.119805,0.462988,0.535398
1.5,0.08,1.2,0.552138,0.116557,0.460115,0.536601
1.5,0.08,1.21,0.553288,0.113398,0.457262,0.537776
1.5,0.08,1.22,0.554406,0.110239,0.454431,0.538924
1.5,0.08,1.23,0.555493,0.107229,0.45162,0.540045
1.5,0.08,1.24,0.55655,0.104249,0.448831,0.54114
1.5,0.08,1.25,0.557578,0.101358,0.446062,0.54221
1.5,0.08,1.26,0.558577,0.0984371,0.443315,0.543255
1.5,0.08,1.27,0.559548,0.0956953,0.440589,0.544276
1.5,0.08,1.28,0.560491,0.0929534,0.437883,0.545273
1.5,0.08,1.29,0.561407,0.0902414,0.435199,0.546246
1.5,0.08,1.3,0.562296,0.0876784,0.432536,0.547197
1.5,0.08,1.31,0.56316,0.0850856,0.429893,0.548125
1.5,0.08,1.32,0.563998,0.0825524,0.427271,0.549031
1.5,0.08,1.33,0.564812,0.0801384,0.42467,0.549916
1.5,0.08,1.34,0.565601,0.0777543,0.42209,0.550781
1.5,0.08,1.35,0.566366,0.0753999,0.419531,0.551625
1.5,0.08,1.36,0.567109,0.0731051,0.416992,0.552449
1.5,0.08,1.37,0.567829,0.0709295,0.414474,0.553253
1.5,0.08,1.38,0.568527,0.0687242,0.411976,0.554038
1.5,0.08,1.39,0.569203,0.0665486,0.409499,0.554805
1.5,0.08,1.4,0.569858,0.0644624,0.407042,0.555554
1.5,0.08,1.41,0.570493,0.0624359,0.404605,0.556285
1.5,0.08,1.42,0.571107,0.0604093,0.402188,0.556998
1.5,0.08,1.43,0.571702,0.0585318,0.399792,0.557694
1.5,0.08,1.44,0.572278,0.0566244,0.397415,0.558374
1.5,0.08,1.45,0.572835,0.0547767,0.395058,0.559038
1.5,0.08,1.46,0.573374,0.0530183,0.392722,0.559685
1.5,0.08,1.47,0.573895,0.0512302,0.390404,0.560317
1.5,0.08,1.48,0.574398,0.0494719,0.388107,0.560934
1.5,0.08,1.49,0.574885,0.0478029,0.385829,0.561537
1.5,0.08,1.5,0.575355,0.0461936,0.38357,0.562125
1.5,0.08,1.51,0.575809,0.0446141,0.381331,0.562698
1.5,0.08,1.52,0.576248,0.0430346,0.37911,0.563258
1.5,0.08,1.53,0.576671,0.0415444,0.376909,0.563804
1.5,0.08,1.54,0.577079,0.0401139,0.374727,0.564338
1.5,0.08,1.55,0.577473,0.0386536,0.372563,0.564858
1.5,0.08,1.56,0.577853,0.0373423,0.370418,0.565366
1.5,0.08,1.57,0.578218,0.035882,0.368292,0.565862
1.5,0.08,1.58,0.578571,0.0346005,0.366184,0.566345
1.5,0.08,1.59,0.57891,0.0332594,0.364095,0.566817
1.5,0.08,1.6,0.579237,0.0320971,0.362023,0.567278
1.5,0.08,1.61,0.579552,0.0308454,0.35997,0.567727
1.5,0.08,1.62,0.579854,0.0296533,0.357935,0.568165
1.5,0.08,1.63,0.580145,0.0285506,0.355917,0.568593
1.5,0.08,1.64,0.580424,0.0274181,0.353917,0.569011
1.5,0.08,1.65,0.580693,0.0263155,0.351935,0.569418
1.5,0.08,1.66,0.58095,0.0252128,0.34997,0.569816
1.5,0.08,1.67,0.581198,0.0242293,0.348022,0.570203
1.5,0.08,1.68,0.581435,0.0231564,0.346092,0.570582
1.5,0.08,1.69,0.581662,0.0222623,0.344179,0.570951
1.5,0.08,1.7,0.58188,0.0213385,0.342282,0.571311
1.5,0.08,1.71,0.582088,0.020355,0.340403,0.571662
1.5,0.08,1.72,0.582288,0.0195801,0.338539,0.572005
1.5,0.08,1.73,0.582479,0.0186563,0.336693,0.57234
1.5,0.08,1.74,0.582661,0.0178814,0.334863,0.572666
1.5,0.08,1.75,0.582835,0.0170469,0.333049,0.572984
1.5,0.08,1.76,0.583002,0.0162423,0.331251,0.573295
1.5,0.08,1.77,0.58316,0.015527,0.329469,0.573598
1.5,0.08,1.78,0.583312,0.0147223,0.327703,0.573893
1.5,0.08,1.79,0.583456,0.0140965,0.325953,0.574182
1.5,0.08,1.8,0.583593,0.0133216,0.324218,0.574463
1.5,0.08,1.81,0.583723,0.0127256,0.322499,0.574738
1.5,0.08,1.82,0.583847,0.0120401,0.320795,0.575005
1.5,0.08,1.83,0.583964,0.0114143,0.319106,0.575266
1.5,0.08,1.84,0.584076,0.010848,0.317433,0.575521
1.5,0.08,1.85,0.584181,0.0103116,0.315774,0.57577
1.5,0.08,1.86,0.584282,0.00971556,0.31413,0.576012
1.5,0.08,1.87,0.584376,0.00917912,0.312501,0.576248
1.5,0.08,1.88,0.584465,0.00873208,0.310886,0.576479
1.5,0.08,1.89,0.584549,0.00813603,0.309285,0.576704
1.5,0.08,1.9,0.584629,0.007689,0.307699,0.576924
1.5,0.08,1.91,0.584703,0.00727177,0.306127,0.577138
1.5,0.08,1.92,0.584774,0.00682473,0.30457,0.577346
1.5,0.08,1.93,0.584839,0.0063777,0.303026,0.57755
1.5,0.08,1.94,0.584901,0.00596046,0.301495,0.577749
1.5,0.08,1.95,0.584959,0.00554323,0.299979,0.577943
1.5,0.08,1.96,0.585013,0.0051856,0.298476,0.578132
1.5,0.08,1.97,0.585063,0.00482798,0.296986,0.578316
1.5,0.08,1.98,0.58511,0.00452995,0.29551,0.578496
1.5,0.08,1.99,0.585153,0.00420213,0.294047,0.578671
1.5,0.08,2,0.585193,0.0038743,0.292597,0.578842
1.5,0.08,2.01,0.58523,0.00360608,0.291159,0.579009
1.5,0.08,2.02,0.585264,0.00327826,0.289735,0.579172
1.5,0.08,2.03,0.585296,0.00298023,0.288323,0.579331
1.5,0.08,2.04,0.585325,0.00277162,0.286924,0.579485
1.5,0.08,2.05,0.585351,0.0025332,0.285537,0.579636
1.5,0.08,2.06,0.585375,0.00226498,0.284163,0.579784
1.5,0.08,2.07,0.585397,0.00202656,0.2828,0.579927
1.5,0.08,2.08,0.585416,0.00184774,0.28145,0.580067
1.5,0.08,2.09,0.585434,0.00166893,0.280112,0.580204
1.5,0.08,2.1,0.58545,0.00151992,0.278786,0.580337
1.5,0.08,2.11,0.585464,0.00137091,0.277471,0.580467
1.5,0.08,2.12,0.585477,0.00113249,0.276168,0.580594
1.5,0.08,2.13,0.585487,0.000983477,0.274877,0.580718
1.5,0.08,2.14,0.585497,0.000953674,0.273597,0.580838
1.5,0.08,2.15,0.585505,0.000745058,0.272328,0.580956
1.5,0.08,2.16,0.585512,0.000625849,0.271071,0.581071
1.5,0.08,2.17,0.585518,0.000506639,0.269824,0.581183
1.5,0.08,2.18,0.585523,0.000417233,0.268589,0.581292
1.5,0.08,2.19,0.585527,0.000327826,0.267364,0.581398
1.5,0.08,2.2,0.585531,0.000268221,0.26615,0.581502
1.5,0.08,2.21,0.585533,0.000238419,0.264947,0.581603
1.5,0.08,2.22,0.585535,0.000149012,0.263755,0.581702
1.5,0.08,2.23,0.585537,8.9407e-05,0.262572,0.581798
1.5,0.08,2.24,0.585538,5.96046e-05,0.261401,0.581892
1.5,0.08,2.25,0.585538,5.96046e-05,0.260239,0.581983
1.5,0.08,2.26,0.585539,2.98023e-05,0.259088,0.582073
1.5,0.08,2.27,0.585539,2.98023e-05,0.257947,0.58216
1.5,0.08,2.28,0.585539,-2.98023e-05,0.256815,0.582245
1.5,0.08,2.29,0.585539,0,0.255694,0.582327
1.5,0.08,2.3,0.585539,0,0.254582,0.582408
1.5,0.08,2.31,0.585539,2.98023e-05,0.25348,0.582487
1.5,0.08,2.32,0.585539,8.9407e-05,0.252388,0.582564
1.5,0.08,2.33,0.58554,5.96046e-05,0.251305,0.582639
1.5,0.08,2.34,0.585541,0.000119209,0.250231,0.582712
1.5,0.08,2.35,0.585542,0.000149012,0.249167,0.582783
1.5,0.08,2.36,0.585544,0.000149012,0.248112,0.582853
1.5,0.08,2.37,0.585546,0.000268221,0.247066,0.58292
1.5,0.08,2.38,0.585549,0.000327826,0.246029,0.582986
1.5,0.08,2.39,0.585552,0.000357628,0.245001,0.583051
1.5,0.08,2.4,0.585556,0.000447035,0.243982,0.583114
1.5,0.08,2.41,0.585561,0.000506639,0.242971,0.583175
1.5,0.08,2.42,0.585566,0.000596046,0.24197,0.583235
1.5,0.08,2.43,0.585573,0.000685453,0.240976,0.583293
1.5,0.08,2.44,0.58558,0.00077486,0.239992,0.58335
1.5,0.08,2.45,0.585588,0.000804663,0.239016,0.583405
1.5,0.08,2.46,0.585597,0.000983477,0.238048,0.583459
1.5,0.08,2.47,0.585608,0.00107288,0.237088,0.583512
1.5,0.08,2.48,0.585619,0.00119209,0.236137,0.583563
1.5,0.08,2.49,0.585631,0.0012815,0.235193,0.583614
1.5,0.08,2.5,0.585645,0.00143051,0.234258,0.583662
1.5,0.08,2.51,0.58566,0.00154972,0.233331,0.58371
1.5,0.08,2.52,0.585676,0.00166893,0.232411,0.583757
1.5,0.08,2.53,0.585693,0.00175834,0.231499,0.583802
1.5,0.08,2.54,0.585712,0.00199676,0.230595,0.583846
1.5,0.08,2.55,0.585732,0.00211596,0.229699,0.583889
1.5,0.08,2.56,0.585754,0.00217557,0.22881,0.583931
1.5,0.08,2.57,0.585777,0.00241399,0.227929,0.583972
1.5,0.08,2.58,0.585801,0.00247359,0.227055,0.584012
1.5,0.08,2.59,0.585827,0.00265241,0.226188,0.584051
1.5,0.08,2.6,0.585855,0.00283122,0.225329,0.584089
1.5,0.08,2.61,0.585884,0.00298023,0.224477,0.584126
1.5,0.08,2.62,0.585914,0.00312924,0.223631,0.584163
1.5,0.08,2.63,0.585947,0.00327826,0.222793,0.584198
1.5,0.08,2.64,0.585981,0.00345707,0.221962,0.584232
1.5,0.08,2.65,0.586016,0.00360608,0.221138,0.584266
1.5,0.08,2.66,0.586054,0.00375509,0.220321,0.584298
1.5,0.08,2.67,0.586093,0.00402331,0.21951,0.58433
1.5,0.08,2.68,0.586134,0.00417233,0.218707,0.584361
1.5,0.08,2.69,0.586177,0.00432134,0.217909,0.584392
1.5,0.08,2.7,0.586221,0.00461936,0.217119,0.584421
1.5,0.08,2.71,0.586268,0.00476837,0.216335,0.58445
1.5,0.08,2.72,0.586316,0.00485778,0.215557,0.584478
1.5,0.08,2.73,0.586366,0.0050962,0.214786,0.584506
1.5,0.08,2.74,0.586418,0.00527501,0.214021,0.584532
1.5,0.08,2.75,0.586472,0.00548363,0.213263,0.584558
1.5,0.08,2.76,0.586528,0.00566244,0.21251,0.584584
1.5,0.08,2.77,0.586586,0.00587106,0.211764,0.584609
1.5,0.08,2.78,0.586646,0.00616908,0.211024,0.584633
1.5,0.08,2.79,0.586708,0.00625849,0.21029,0.584656
1.5,0.08,2.8,0.586772,0.00652671,0.209561,0.584679
1.5,0.08,2.81,0.586838,0.00673532,0.208839,0.584702
1.5,0.08,2.82,0.586906,0.00685453,0.208123,0.584724
1.5,0.08,2.83,0.586976,0.00712276,0.207412,0.584745
1.5,0.08,2.84,0.587048,0.00727177,0.206707,0.584766
1.5,0.08,2.85,0.587122,0.00753999,0.206008,0.584786
1.5,0.08,2.86,0.587199,0.0077486,0.205314,0.584806
1.5,0.08,2.87,0.587277,0.00801682,0.204626,0.584825
1.5,0.08,2.88,0.587358,0.00816584,0.203944,0.584844
1.5,0.08,2.89,0.587441,0.00840425,0.203267,0.584862
1.5,0.08,2.9,0.587526,0.00855327,0.202595,0.58488
1.5,0.08,2.91,0.587613,0.00882149,0.201929,0.584898
1.5,0.08,2.92,0.587702,0.00908971,0.201268,0.584915
1.5,0.08,2.93,0.587794,0.00923872,0.200612,0.584931
1.5,0.08,2.94,0.587888,0.00944734,0.199962,0.584947
1.5,0.08,2.95,0.587984,0.00971556,0.199316,0.584963
1.5,0.08,2.96,0.588082,0.00992417,0.198676,0.584978
1.5,0.08,2.97,0.588182,0.0101328,0.198041,0.584993
1.5,0.08,2.98,0.588285,0.0104308,0.197411,0.585008
1.5,0.08,2.99,0.58839,0.0106096,0.196786,0.585022
1.5,0.08,3,0.588497,0.0108182,0.196166,0.585036
1.5,0.08,3.01,0.588606,0.0109971,0.19555,0.58505
1.5,0.08,3.02,0.588718,0.0113249,0.19494,0.585063
1.5,0.08,3.03,0.588832,0.0115037,0.194334,0.585076
1.5,0.08,3.04,0.588948,0.0117123,0.193733,0.585088
1.5,0.08,3.05,0.589067,0.0119805,0.193137,0.585101
1.5,0.08,3.06,0.589187,0.0121891,0.192545,0.585113
1.5,0.08,3.07,0.58931,0.012368,0.191958,0.585124
1.5,0.08,3.08,0.589436,0.0126362,0.191375,0.585136
1.5,0.08,3.09,0.589563,0.012815,0.190797,0.585147
1.5,0.08,3.1,0.589693,0.0130534,0.190224,0.585157
1.5,0.08,3.11,0.589826,0.0133514,0.189655,0.585168
1.5,0.08,3.12,0.58996,0.0135899,0.18909,0.585178
1.5,0.08,3.13,0.590097,0.0137985,0.188529,0.585188
1.5,0.08,3.14,0.590236,0.0140667,0.187973,0.585198
1.5,0.08,3.15,0.590378,0.0142753,0.187422,0.585208
1.5,0.08,3.16,0.590522,0.0145435,0.186874,0.585217
1.5,0.08,3.17,0.590668,0.0147521,0.186331,0.585226
1.5,0.08,3.18,0.590816,0.014931,0.185791,0.585235
1.5,0.08,3.19,0.590967,0.015229,0.185256,0.585243
1.5,0.08,3.2,0.59112,0.0154078,0.184725,0.585252
1.5,0.08,3.21,0.591276,0.015676,0.184198,0.58526
1.5,0.08,3.22,0.591433,0.0159442,0.183675,0.585268
1.5,0.08,3.23,0.591594,0.0161827,0.183156,0.585276
1.5,0.08,3.24,0.591756,0.0163615,0.182641,0.585283
1.5,0.08,3.25,0.591921,0.0165701,0.182129,0.585291
1.5,0.08,3.26,0.592088,0.0168085,0.181622,0.585298
1.5,0.08,3.27,0.592257,0.0170767,0.181118,0.585305
1.5,0.08,3.28,0.592429,0.0172257,0.180619,0.585312
1.5,0.08,3.29,0.592603,0.0175238,0.180122,0.585318
1.5,0.08,3.3,0.592779,0.0177324,0.17963,0.585325
1.5,0.08,3.31,0.592958,0.0179708,0.179141,0.585331
1.5,0.08,3.32,0.593139,0.0182092,0.178656,0.585338
1.5,0.08,3.33,0.593322,0.018388,0.178175,0.585344
1.5,0.08,3.34,0.593508,0.0186563,0.177697,0.58535
1.5,0.08,3.35,0.593696,0.0189245,0.177223,0.585355
1.5,0.08,3.36,0.593886,0.0191331,0.176752,0.585361
1.5,0.08,3.37,0.594079,0.0194311,0.176284,0.585366
1.5,0.08,3.38,0.594273,0.0195801,0.175821,0.585372
1.5,0.08,3.39,0.594471,0.0198781,0.17536,0.585377
1.5,0.08,3.4,0.59467,0.0200272,0.174903,0.585382
1.5,0.08,3.41,0.594872,0.0202954,0.174449,0.585387
1.5,0.08,3.42,0.595076,0.0205338,0.173999,0.585392
1.5,0.08,3.43,0.595282,0.020802,0.173552,0.585396
1.5,0.08,3.44,0.595491,0.0210106,0.173108,0.585401
1.5,0.08,3.45,0.595702,0.0212193,0.172667,0.585406
1.5,0.08,3.46,0.595915,0.0213981,0.17223,0.58541
1.5,0.08,3.47,0.59613,0.0216663,0.171795,0.585414
1.5,0.08,3.48,0.596348,0.0219047,0.171364,0.585418
1.5,0.08,3.49,0.596568,0.0220537,0.170936,0.585422
1.5,0.08,3.5,0.59679,0.0223219,0.170511,0.585426
1.5,0.08,3.51,0.597015,0.0225604,0.17009,0.58543
1.5,0.08,3.52,0.597241,0.0228286,0.169671,0.585434
1.5,0.08,3.53,0.59747,0.0229776,0.169255,0.585438
1.5,0.08,3.54,0.597702,0.0233054,0.168842,0.585441
1.5,0.08,3.55,0.597935,0.0234842,0.168432,0.585445
1.5,0.08,3.56,0.598171,0.0236928,0.168025,0.585448
1.5,0.08,3.57,0.598409,0.0239015,0.167621,0.585451
1.5,0.08,3.58,0.598649,0.0241399,0.16722,0.585455
1.5,0.08,3.59,0.598891,0.0243485,0.166822,0.585458
1.5,0.08,3.6,0.599136,0.0245273,0.166427,0.585461
1.5,0.08,3.61,0.599383,0.0248253,0.166034,0.585464
1.5,0.08,3.62,0.599632,0.0250041,0.165644,0.585467
1.5,0.08,3.63,0.599883,0.0252426,0.165257,0.585469
1.5,0.08,3.64,0.600136,0.0254512,0.164873,0.585472
1.5,0.08,3.65,0.600392,0.0256598,0.164491,0.585475
1.5,0.08,3.66,0.60065,0.0258684,0.164112,0.585478
1.5,0.08,3.67,0.60091,0.0261664,0.163736,0.58548
1.5,0.08,3.68,0.601172,0.0263155,0.163362,0.585483
1.5,0.08,3.69,0.601436,0.0265539,0.162991,0.585485
1.5,0.08,3.7,0.601703,0.0267625,0.162622,0.585487
1.5,0.08,3.71,0.601971,0.0270307,0.162256,0.58549
1.5,0.08,3.72,0.602242,0.0272095,0.161893,0.585492
1.5,0.08,3.73,0.602515,0.0273883,0.161532,0.585494
1.5,0.08,3.74,0.60279,0.0276268,0.161174,0.585496
1.5,0.08,3.75,0.603067,0.0277758,0.160818,0.585499
1.5,0.08,3.76,0.603347,0.0280142,0.160465,0.585501
1.5,0.08,3.77,0.603628,0.0282526,0.160114,0.585503
1.5,0.08,3.78,0.603912,0.028491,0.159765,0.585505
1.5,0.08,3.79,0.604198,0.0286996,0.159419,0.585506
1.5,0.08,3.8,0.604485,0.0288486,0.159075,0.585508
1.5,0.08,3.81,0.604775,0.0291169,0.158734,0.58551
1.5,0.08,3.82,0.605067,0.0293255,0.158395,0.585512
1.5,0.08,3.83,0.605361,0.0295341,0.158058,0.585514
1.5,0.08,3.84,0.605658,0.0296533,0.157723,0.585515
1.5,0.08,3.85,0.605956,0.0299811,0.157391,0.585517
1.5,0.08,3.86,0.606256,0.03016,0.157061,0.585518
1.5,0.08,3.87,0.606558,0.030309,0.156733,0.58552
1.5,0.08,3.88,0.606863,0.0305176,0.156408,0.585522
1.5,0.08,3.89,0.607169,0.0306964,0.156085,0.585523
1.5,0.08,3.9,0.607478,0.0309348,0.155764,0.585524
1.5,0.08,3.91,0.607788,0.0311434,0.155445,0.585526
1.5,0.08,3.92,0.608101,0.0313818,0.155128,0.585527
1.5,0.08,3.93,0.608415,0.0315309,0.154813,0.585529
1.5,0.08,3.94,0.608732,0.0317693,0.1545,0.58553
1.5,0.08,3.95,0.609051,0.0319779,0.15419,0.585531
1.5,0.08,3.96,0.609371,0.0321567,0.153882,0.585532
1.5,0.08,3.97,0.609694,0.0323951,0.153575,0.585534
1.5,0.08,3.98,0.610018,0.0326335,0.153271,0.585535
1.5,0.08,3.99,0.610345,0.0327528,0.152969,0.585536
1.5,0.08,4,0.610673,0.0329912,0.152668,0.585537
1.5,0.25,-4,-0.918223,0.0247359,0.229556,-0.90319
1.5,0.25,-3.99,-0.917977,0.0244677,0.230069,-0.903187
1.5,0.25,-3.98,-0.917733,0.0243187,0.230586,-0.903184
1.5,0.25,-3.97,-0.917491,0.0240505,0.231106,-0.90318
1.5,0.25,-3.96,-0.917251,0.0238419,0.231629,-0.903177
1.5,0.25,-3.95,-0.917014,0.0236034,0.232155,-0.903174
1.5,0.25,-3.94,-0.916779,0.0233948,0.232685,-0.90317
1.5,0.25,-3.93,-0.916546,0.0231862,0.233218,-0.903167
1.5,0.25,-3.92,-0.916315,0.022918,0.233754,-0.903163
1.5,0.25,-3.91,-0.916087,0.0227392,0.234293,-0.90316
1.5,0.25,-3.9,-0.915861,0.0225008,0.234836,-0.903156
1.5,0.25,-3.89,-0.915637,0.0222623,0.235382,-0.903152
1.5,0.25,-3.88,-0.915416,0.0220239,0.235932,-0.903148
1.5,0.25,-3.87,-0.915196,0.0218451,0.236485,-0.903144
1.5,0.25,-3.86,-0.914979,0.0215471,0.237041,-0.90314
1.5,0.25,-3.85,-0.914764,0.0213981,0.237601,-0.903135
1.5,0.25,-3.84,-0.914552,0.0211298,0.238165,-0.903131
1.5,0.25,-3.83,-0.914342,0.0209212,0.238731,-0.903127
1.5,0.25,-3.82,-0.914134,0.0206828,0.239302,-0.903122
1.5,0.25,-3.81,-0.913928,0.0204444,0.239876,-0.903117
1.5,0.25,-3.8,-0.913725,0.020206,0.240454,-0.903112
1.5,0.25,-3.79,-0.913524,0.0199974,0.241035,-0.903107
1.5,0.25,-3.78,-0.913325,0.0197887,0.24162,-0.903102
1.5,0.25,-3.77,-0.913128,0.0195503,0.242209,-0.903097
1.5,0.25,-3.76,-0.912934,0.0193417,0.242802,-0.903092
1.5,0.25,-3.75,-0.912742,0.0190735,0.243398,-0.903086
1.5,0.25,-3.74,-0.912553,0.0188053,0.243998,-0.90308
1.5,0.25,-3.73,-0.912365,0.0186265,0.244602,-0.903075
1.5,0.25,-3.72,-0.91218,0.0183582,0.24521,-0.903069
1.5,0.25,-3.71,-0.911998,0.0181496,0.245821,-0.903063
1.5,0.25,-3.7,-0.911818,0.017941,0.246437,-0.903056
1.5,0.25,-3.69,-0.911639,0.017643,0.247057,-0.90305
1.5,0.25,-3.68,-0.911464,0.017494,0.24768,-0.903043
1.5,0.25,-3.67,-0.91129,0.0172257,0.248308,-0.903037
1.5,0.25,-3.66,-0.911119,0.0170469,0.24894,-0.90303
1.5,0.25,-3.65,-0.910951,0.0168085,0.249576,-0.903023
1.5,0.25,-3.64,-0.910784,0.0164807,0.250215,-0.903015
1.5,0.25,-3.63,-0.91062,0.0163019,0.25086,-0.903008
1.5,0.25,-3.62,-0.910458,0.0160635,0.251508,-0.903
1.5,0.25,-3.61,-0.910299,0.015825,0.25216,-0.902992
1.5,0.25,-3.6,-0.910142,0.0155568,0.252817,-0.902984
1.5,0.25,-3.59,-0.909987,0.0153184,0.253478,-0.902976
1.5,0.25,-3.58,-0.909835,0.0151098,0.254144,-0.902968
1.5,0.25,-3.57,-0.909684,0.0149608,0.254814,-0.902959
1.5,0.25,-3.56,-0.909537,0.0146925,0.255488,-0.90295
1.5,0.25,-3.55,-0.909391,0.0144243,0.256167,-0.902941
1.5,0.25,-3.54,-0.909248,0.0142157,0.25685,-0.902932
1.5,0.25,-3.53,-0.909107,0.0139773,0.257537,-0.902922
1.5,0.25,-3.52,-0.908969,0.0137985,0.25823,-0.902912
1.5,0.25,-3.51,-0.908832,0.0135005,0.258927,-0.902902
1.5,0.25,-3.5,-0.908698,0.013262,0.259628,-0.902892
1.5,0.25,-3.49,-0.908567,0.0130236,0.260334,-0.902881
1.5,0.25,-3.48,-0.908437,0.012815,0.261045,-0.90287
1.5,0.25,-3.47,-0.90831,0.0125468,0.261761,-0.902859
1.5,0.25,-3.46,-0.908186,0.0123382,0.262481,-0.902848
1.5,0.25,-3.45,-0.908063,0.0121593,0.263207,-0.902836
1.5,0.25,-3.44,-0.907943,0.0118911,0.263937,-0.902824
1.5,0.25,-3.43,-0.907825,0.0117123,0.264672,-0.902812
1.5,0.25,-3.42,-0.90771,0.0114143,0.265412,-0.902799
1.5,0.25,-3.41,-0.907597,0.0112653,0.266157,-0.902786
1.5,0.25,-3.4,-0.907486,0.0109673,0.266908,-0.902773
1.5,0.25,-3.39,-0.907377,0.0107586,0.267663,-0.902759
1.5,0.25,-3.38,-0.90727,0.0105202,0.268423,-0.902745
1.5,0.25,-3.37,-0.907166,0.0102818,0.269189,-0.902731
1.5,0.25,-3.36,-0.907064,0.0100434,0.26996,-0.902716
1.5,0.25,-3.35,-0.906964,0.00986457,0.270736,-0.902701
1.5,0.25,-3.34,-0.906867,0.00968575,0.271517,-0.902685
1.5,0.25,-3.33,-0.906771,0.00935793,0.272304,-0.902669
1.5,0.25,-3.32,-0.906678,0.00917912,0.273096,-0.902653
1.5,0.25,-3.31,-0.906587,0.0089407,0.273893,-0.902637
1.5,0.25,-3.3,-0.906499,0.00879169,0.274697,-0.902619
1.5,0.25,-3.29,-0.906412,0.00855327,0.275505,-0.902602
1.5,0.25,-3.28,-0.906328,0.00837445,0.276319,-0.902584
1.5,0.25,-3.27,-0.906245,0.00810623,0.277139,-0.902565
1.5,0.25,-3.26,-0.906165,0.00789762,0.277965,-0.902546
1.5,0.25,-3.25,-0.906087,0.0076592,0.278796,-0.902527
1.5,0.25,-3.24,-0.906012,0.00745058,0.279633,-0.902507
1.5,0.25,-3.23,-0.905938,0.00724196,0.280476,-0.902487
1.5,0.25,-3.22,-0.905866,0.00703335,0.281325,-0.902466
1.5,0.25,-3.21,-0.905797,0.00682473,0.28218,-0.902444
1.5,0.25,-3.2,-0.905729,0.00670552,0.28304,-0.902422
1.5,0.25,-3.19,-0.905664,0.0064671,0.283907,-0.9024
1.5,0.25,-3.18,-0.905601,0.00625849,0.28478,-0.902377
1.5,0.25,-3.17,-0.905539,0.00610948,0.285659,-0.902353
1.5,0.25,-3.16,-0.90548,0.00587106,0.286544,-0.902328
1.5,0.25,-3.15,-0.905423,0.00563264,0.287436,-0.902303
1.5,0.25,-3.14,-0.905367,0.00542402,0.288333,-0.902278
1.5,0.25,-3.13,-0.905314,0.00521541,0.289238,-0.902252
1.5,0.25,-3.12,-0.905262,0.0050962,0.290148,-0.902225
1.5,0.25,-3.11,-0.905213,0.00488758,0.291065,-0.902197
1.5,0.25,-3.1,-0.905165,0.00467896,0.291989,-0.902169
1.5,0.25,-3.09,-0.905119,0.00450015,0.292919,-0.90214
1.5,0.25,-3.08,-0.905075,0.00429153,0.293855,-0.90211
1.5,0.25,-3.07,-0.905033,0.00417233,0.294799,-0.902079
1.5,0.25,-3.06,-0.904992,0.00393391,0.295749,-0.902048
1.5,0.25,-3.05,-0.904954,0.00375509,0.296706,-0.902016
1.5,0.25,-3.04,-0.904917,0.00366569,0.29767,-0.901983
1.5,0.25,-3.03,-0.904881,0.00342727,0.298641,-0.901949
1.5,0.25,-3.02,-0.904848,0.00330806,0.299619,-0.901915
1.5,0.25,-3.01,-0.904816,0.00306964,0.300603,-0.901879
1.5,0.25,-3,-0.904786,0.00298023,0.301595,-0.901843
1.5,0.25,-2.99,-0.904757,0.00277162,0.302594,-0.901805
1.5,0.25,-2.98,-0.90473,0.0025928,0.303601,-0.901767
1.5,0.25,-2.97,-0.904705,0.00247359,0.304614,-0.901728
1.5,0.25,-2.96,-0.904681,0.00232458,0.305635,-0.901688
1.5,0.25,-2.95,-0.904658,0.00217557,0.306664,-0.901646
1.5,0.25,-2.94,-0.904637,0.00199676,0.3077,-0.901604
1.5,0.25,-2.93,-0.904617,0.00190735,0.308743,-0.90156
1.5,0.25,-2.92,-0.904599,0.00175834,0.309794,-0.901516
1.5,0.25,-2.91,-0.904582,0.00163913,0.310853,-0.90147
1.5,0.25,-2.9,-0.904566,0.00149012,0.311919,-0.901423
1.5,0.25,-2.89,-0.904552,0.00140071,0.312994,-0.901375
1.5,0.25,-2.88,-0.904539,0.0012815,0.314076,-0.901326
1.5,0.25,-2.87,-0.904526,0.00119209,0.315166,-0.901276
1.5,0.25,-2.86,-0.904515,0.00110269,0.316264,-0.901224
1.5,0.25,-2.85,-0.904505,0.00089407,0.31737,-0.901171
1.5,0.25,-2.84,-0.904496,0.000834465,0.318485,-0.901116
1.5,0.25,-2.83,-0.904489,0.000715256,0.319607,-0.901061
1.5,0.25,-2.82,-0.904481,0.000715256,0.320738,-0.901003
1.5,0.25,-2.81,-0.904475,0.000596046,0.321877,-0.900945
1.5,0.25,-2.8,-0.90447,0.000536442,0.323025,-0.900884
1.5,0.25,-2.79,-0.904465,0.00038743,0.324181,-0.900823
1.5,0.25,-2.78,-0.904462,0.000327826,0.325346,-0.900759
1.5,0.25,-2.77,-0.904459,0.000268221,0.326519,-0.900694
1.5,0.25,-2.76,-0.904456,0.000208616,0.327701,-0.900628
1.5,0.25,-2.75,-0.904454,0.000208616,0.328892,-0.90056
1.5,0.25,-2.74,-0.904452,0.000119209,0.330092,-0.90049
1.5,0.25,-2.73,-0.904451,8.9407e-05,0.331301,-0.900418
1.5,0.25,-2.72,-0.90445,8.9407e-05,0.332519,-0.900344
1.5,0.25,-2.71,-0.90445,0,0.333745,-0.900269
1.5,0.25,-2.7,-0.90445,5.96046e-05,0.334981,-0.900192
1.5,0.25,-2.69,-0.90445,0,0.336227,-0.900112
1.5,0.25,-2.68,-0.90445,-2.98023e-05,0.337481,-0.900031
1.5,0.25,-2.67,-0.90445,2.98023e-05,0.338745,-0.899947
1.5,0.25,-2.66,-0.90445,5.96046e-05,0.340019,-0.899862
1.5,0.25,-2.65,-0.904449,5.96046e-05,0.341302,-0.899774
1.5,0.25,-2.64,-0.904449,0,0.342594,-0.899684
1.5,0.25,-2.63,-0.904448,8.9407e-05,0.343897,-0.899592
1.5,0.25,-2.62,-0.904447,0.000178814,0.345209,-0.899498
1.5,0.25,-2.61,-0.904445,0.000208616,0.346531,-0.899401
1.5,0.25,-2.6,-0.904443,0.000298023,0.347863,-0.899301
1.5,0.25,-2.59,-0.904441,0.00038743,0.349205,-0.899199
1.5,0.25,-2.58,-0.904437,0.00038743,0.350557,-0.899095
1.5,0.25,-2.57,-0.904433,0.000476837,0.351919,-0.898988
1.5,0.25,-2.56,-0.904427,0.000625849,0.353292,-0.898878
1.5,0.25,-2.55,-0.904421,0.000655651,0.354675,-0.898765
1.5,0.25,-2.54,-0.904414,0.000715256,0.356068,-0.898649
1.5,0.25,-2.53,-0.904405,0.00089407,0.357472,-0.898531
1.5,0.25,-2.52,-0.904395,0.00107288,0.358887,-0.89841
1.5,0.25,-2.51,-0.904384,0.0012517,0.360312,-0.898285
1.5,0.25,-2.5,-0.904371,0.00137091,0.361748,-0.898157
1.5,0.25,-2.49,-0.904356,0.00151992,0.363195,-0.898026
1.5,0.25,-2.48,-0.90434,0.00172853,0.364653,-0.897892
1.5,0.25,-2.47,-0.904322,0.00199676,0.366122,-0.897755
1.5,0.25,-2.46,-0.904302,0.00214577,0.367602,-0.897613
1.5,0.25,-2.45,-0.904279,0.00238419,0.369094,-0.897469
1.5,0.25,-2.44,-0.904255,0.0025332,0.370596,-0.89732
1.5,0.25,-2.43,-0.904227,0.00277162,0.37211,-0.897168
1.5,0.25,-2.42,-0.904198,0.00309944,0.373636,-0.897012
1.5,0.25,-2.41,-0.904166,0.00333786,0.375173,-0.896853
1.5,0.25,-2.4,-0.904131,0.00366569,0.376721,-0.896689
1.5,0.25,-2.39,-0.904093,0.00396371,0.378281,-0.896521
1.5,0.25,-2.38,-0.904052,0.00426173,0.379854,-0.896348
1.5,0.25,-2.37,-0.904007,0.00464916,0.381438,-0.896172
1.5,0.25,-2.36,-0.90396,0.00488758,0.383034,-0.895991
1.5,0.25,-2.35,-0.903908,0.00533462,0.384642,-0.895805
1.5,0.25,-2.34,-0.903853,0.00566244,0.386262,-0.895614
1.5,0.25,-2.33,-0.903795,0.00610948,0.387895,-0.895419
1.5,0.25,-2.32,-0.903732,0.00652671,0.38954,-0.895219
1.5,0.25,-2.31,-0.903665,0.00688434,0.391197,-0.895014
1.5,0.25,-2.3,-0.903593,0.00733137,0.392867,-0.894804
1.5,0.25,-2.29,-0.903517,0.00780821,0.394549,-0.894588
1.5,0.25,-2.28,-0.903437,0.00834465,0.396244,-0.894367
1.5,0.25,-2.27,-0.903351,0.00888109,0.397952,-0.894141
1.5,0.25,-2.26,-0.90326,0.00932813,0.399673,-0.893908
1.5,0.25,-2.25,-0.903164,0.00989437,0.401406,-0.89367
1.5,0.25,-2.24,-0.903063,0.0104308,0.403153,-0.893426
1.5,0.25,-2.23,-0.902955,0.0109673,0.404913,-0.893176
1.5,0.25,-2.22,-0.902842,0.0115931,0.406686,-0.892919
1.5,0.25,-2.21,-0.902723,0.0122488,0.408472,-0.892656
1.5,0.25,-2.2,-0.902597,0.0129044,0.410271,-0.892387
1.5,0.25,-2.19,-0.902465,0.0135601,0.412084,-0.89211
1.5,0.25,-2.18,-0.902326,0.0142455,0.413911,-0.891827
1.5,0.25,-2.17,-0.90218,0.0149906,0.415751,-0.891537
1.5,0.25,-2.16,-0.902027,0.0157654,0.417605,-0.891239
1.5,0.25,-2.15,-0.901866,0.0164807,0.419472,-0.890934
1.5,0.25,-2.14,-0.901697,0.0173151,0.421354,-0.890621
1.5,0.25,-2.13,-0.901521,0.0181198,0.423249,-0.8903
1.5,0.25,-2.12,-0.901336,0.0188649,0.425158,-0.889972
1.5,0.25,-2.11,-0.901143,0.0197887,0.427082,-0.889635
1.5,0.25,-2.1,-0.90094,0.020653,0.429019,-0.88929
1.5,0.25,-2.09,-0.900729,0.0215471,0.430971,-0.888936
1.5,0.25,-2.08,-0.900509,0.022471,0.432937,-0.888573
1.5,0.25,-2.07,-0.900279,0.0235438,0.434917,-0.888201
1.5,0.25,-2.06,-0.900039,0.0244975,0.436912,-0.88782
1.5,0.25,-2.05,-0.899788,0.025481,0.438921,-0.88743
1.5,0.25,-2.04,-0.899528,0.0266135,0.440945,-0.88703
1.5,0.25,-2.03,-0.899256,0.0276864,0.442983,-0.886619
1.5,0.25,-2.02,-0.898974,0.0288486,0.445036,-0.886199
1.5,0.25,-2.01,-0.89868,0.0300407,0.447104,-0.885768
1.5,0.25,-2,-0.898374,0.031203,0.449187,-0.885327
1.5,0.25,-1.99,-0.898056,0.0324547,0.451284,-0.884874
1.5,0.25,-1.98,-0.897726,0.0336766,0.453397,-0.88441
1.5,0.25,-1.97,-0.897382,0.0349283,0.455524,-0.883935
1.5,0.25,-1.96,-0.897026,0.0362992,0.457666,-0.883448
1.5,0.25,-1.95,-0.896656,0.0376701,0.459824,-0.882949
1.5,0.25,-1.94,-0.896273,0.0390112,0.461996,-0.882438
1.5,0.25,-1.93,-0.895875,0.0405312,0.464184,-0.881914
1.5,0.25,-1.92,-0.895462,0.0419915,0.466387,-0.881377
1.5,0.25,-1.91,-0.895035,0.0435412,0.468605,-0.880826
1.5,0.25,-1.9,-0.894592,0.0450611,0.470838,-0.880263
1.5,0.25,-1.89,-0.894133,0.0467002,0.473086,-0.879685
1.5,0.25,-1.88,-0.893658,0.0483692,0.47535,-0.879093
1.5,0.25,-1.87,-0.893167,0.0500083,0.477629,-0.878487
1.5,0.25,-1.86,-0.892658,0.0517368,0.479924,-0.877865
1.5,0.25,-1.85,-0.892132,0.0534654,0.482234,-0.877229
1.5,0.25,-1.84,-0.891588,0.0552833,0.484559,-0.876576
1.5,0.25,-1.83,-0.891026,0.0571609,0.486899,-0.875908
1.5,0.25,-1.82,-0.890445,0.0590682,0.489255,-0.875224
1.5,0.25,-1.81,-0.889844,0.0610054,0.491627,-0.874523
1.5,0.25,-1.8,-0.889224,0.0630319,0.494013,-0.873804
1.5,0.25,-1.79,-0.888584,0.0650585,0.496415,-0.873069
1.5,0.25,-1.78,-0.887923,0.0672042,0.498833,-0.872315
1.5,0.25,-1.77,-0.88724,0.0692606,0.501266,-0.871543
1.5,0.25,-1.76,-0.886536,0.0714958,0.503714,-0.870752
1.5,0.25,-1.75,-0.88581,0.0737607,0.506177,-0.869942
1.5,0.25,-1.74,-0.885061,0.0761151,0.508656,-0.869112
1.5,0.25,-1.73,-0.884289,0.0784099,0.511149,-0.868263
1.5,0.25,-1.72,-0.883492,0.0808835,0.513658,-0.867393
1.5,0.25,-1.71,-0.882672,0.0833273,0.516182,-0.866501
1.5,0.25,-1.7,-0.881826,0.0858009,0.518721,-0.865589
1.5,0.25,-1.69,-0.880955,0.0883937,0.521275,-0.864654
1.5,0.25,-1.68,-0.880058,0.0909865,0.523844,-0.863697
1.5,0.25,-1.67,-0.879135,0.0937283,0.526428,-0.862717
1.5,0.25,-1.66,-0.878184,0.0964701,0.529026,-0.861713
1.5,0.25,-1.65,-0.877205,0.0993609,0.53164,-0.860686
1.5,0.25,-1.64,-0.876198,0.102192,0.534267,-0.859634
1.5,0.25,-1.63,-0.875162,0.105083,0.536909,-0.858557
1.5,0.25,-1.62,-0.874096,0.108093,0.539566,-0.857454
1.5,0.25,-1.61,-0.873,0.111133,0.542236,-0.856325
1.5,0.25,-1.6,-0.871873,0.114292,0.544921,-0.85517
1.5,0.25,-1.59,-0.870714,0.117481,0.547619,-0.853987
1.5,0.25,-1.58,-0.869524,0.120759,0.550331,-0.852776
1.5,0.25,-1.57,-0.8683,0.123978,0.553057,-0.851537
1.5,0.25,-1.56,-0.867042,0.127435,0.555796,-0.850268
1.5,0.25,-1.55,-0.865751,0.130892,0.558549,-0.84897
1.5,0.25,-1.54,-0.864424,0.134408,0.561314,-0.847641
1.5,0.25,-1.53,-0.863062,0.138044,0.564093,-0.846281
1.5,0.25,-1.52,-0.861663,0.14168,0.566884,-0.84489
1.5,0.25,-1.51,-0.860228,0.145465,0.569687,-0.843466
1.5,0.25,-1.5,-0.858754,0.14925,0.572503,-0.84201
1.5,0.25,-1.49,-0.857242,0.153124,0.57533,-0.840519
1.5,0.25,-1.48,-0.855691,0.157177,0.578169,-0.838994
1.5,0.25,-1.47,-0.854099,0.161141,0.58102,-0.837434
1.5,0.25,-1.46,-0.852468,0.165254,0.583882,-0.835838
1.5,0.25,-1.45,-0.850794,0.169516,0.586755,-0.834206
1.5,0.25,-1.44,-0.849078,0.173688,0.589638,-0.832536
1.5,0.25,-1.43,-0.847319,0.178039,0.592531,-0.830829
1.5,0.25,-1.42,-0.845517,0.18248,0.595434,-0.829082
1.5,0.25,-1.41,-0.843669,0.18698,0.598347,-0.827296
1.5,0.25,-1.4,-0.841777,0.19154,0.601269,-0.82547
1.5,0.25,-1.39,-0.839838,0.196189,0.6042,-0.823602
1.5,0.25,-1.38,-0.837852,0.201046,0.607139,-0.821693
1.5,0.25,-1.37,-0.835819,0.205874,0.610087,-0.819741
1.5,0.25,-1.36,-0.833737,0.210702,0.613042,-0.817746
1.5,0.25,-1.35,-0.831605,0.21562,0.616004,-0.815706
1.5,0.25,-1.34,-0.829424,0.220746,0.618973,-0.813621
1.5,0.25,-1.33,-0.827191,0.225872,0.621948,-0.81149
1.5,0.25,-1.32,-0.824907,0.231087,0.624929,-0.809313
1.5,0.25,-1.31,-0.822569,0.236362,0.627916,-0.807088
1.5,0.25,-1.3,-0.820179,0.241727,0.630907,-0.804814
1.5,0.25,-1.29,-0.817734,0.247151,0.633902,-0.802491
1.5,0.25,-1.28,-0.815234,0.252813,0.636902,-0.800118
1.5,0.25,-1.27,-0.812678,0.258386,0.639904,-0.797693
1.5,0.25,-1.26,-0.810066,0.264168,0.642909,-0.795217
1.5,0.25,-1.25,-0.807396,0.270009,0.645916,-0.792688
1.5,0.25,-1.24,-0.804667,0.27585,0.648925,-0.790105
1.5,0.25,-1.23,-0.80188,0.281811,0.651935,-0.787468
1.5,0.25,-1.22,-0.799032,0.287771,0.654944,-0.784775
1.5,0.25,-1.21,-0.796123,0.29394,0.657953,-0.782026
1.5,0.25,-1.2,-0.793153,0.30005,0.660961,-0.77922
1.5,0.25,-1.19,-0.790121,0.306368,0.663967,-0.776355
1.5,0.25,-1.18,-0.787026,0.312716,0.666971,-0.773432
1.5,0.25,-1.17,-0.783866,0.319183,0.669971,-0.770448
1.5,0.25,-1.16,-0.780642,0.32568,0.672967,-0.767404
1.5,0.25,-1.15,-0.777352,0.332236,0.675958,-0.764298
1.5,0.25,-1.14,-0.773996,0.338882,0.678944,-0.76113
1.5,0.25,-1.13,-0.770574,0.345737,0.681924,-0.757898
1.5,0.25,-1.12,-0.767083,0.352472,0.684896,-0.754602
1.5,0.25,-1.11,-0.763524,0.359356,0.68786,-0.751241
1.5,0.25,-1.1,-0.759896,0.3663,0.690815,-0.747814
1.5,0.25,-1.09,-0.756198,0.373244,0.69376,-0.74432
1.5,0.25,-1.08,-0.75243,0.380337,0.696695,-0.740759
1.5,0.25,-1.07,-0.748591,0.387549,0.699617,-0.737129
1.5,0.25,-1.06,-0.744679,0.394702,0.702528,-0.73343
1.5,0.25,-1.05,-0.740696,0.402004,0.705425,-0.72966
1.5,0.25,-1.04,-0.736639,0.409305,0.708307,-0.72582
1.5,0.25,-1.03,-0.732509,0.416696,0.711174,-0.721909
1.5,0.25,-1.02,-0.728305,0.424117,0.714025,-0.717924
1.5,0.25,-1.01,-0.724026,0.431687,0.716858,-0.713867
1.5,0.25,-1,-0.719673,0.439197,0.719673,-0.709736
1.5,0.25,-0.99,-0.715243,0.446707,0.722468,-0.705531
1.5,0.25,-0.98,-0.710737,0.454426,0.725242,-0.70125
1.5,0.25,-0.97,-0.706155,0.462085,0.727995,-0.696894
1.5,0.25,-0.96,-0.701496,0.469774,0.730725,-0.692462
1.5,0.25,-0.95,-0.69676,0.477493,0.733432,-0.687952
1.5,0.25,-0.94,-0.691946,0.485301,0.736113,-0.683365
1.5,0.25,-0.93,-0.687055,0.493079,0.738768,-0.6787
1.5,0.25,-0.92,-0.682085,0.500828,0.741396,-0.673956
1.5,0.25,-0.91,-0.677037,0.508785,0.743996,-0.669134
1.5,0.25,-0.9,-0.67191,0.516653,0.746566,-0.664232
1.5,0.25,-0.89,-0.666704,0.524491,0.749106,-0.65925
1.5,0.25,-0.88,-0.66142,0.532389,0.751614,-0.654188
1.5,0.25,-0.87,-0.656057,0.540257,0.754088,-0.649046
1.5,0.25,-0.86,-0.650615,0.548154,0.756529,-0.643823
1.5,0.25,-0.85,-0.645093,0.556052,0.758933,-0.63852
1.5,0.25,-0.84,-0.639493,0.563949,0.761302,-0.633135
1.5,0.25,-0.83,-0.633815,0.571758,0.763632,-0.627669
1.5,0.25,-0.82,-0.628057,0.579685,0.765923,-0.622122
1.5,0.25,-0.81,-0.622221,0.587523,0.768175,-0.616493
1.5,0.25,-0.8,-0.616307,0.595331,0.770384,-0.610784
1.5,0.25,-0.79,-0.610315,0.603139,0.772551,-0.604993
1.5,0.25,-0.78,-0.604246,0.610858,0.774674,-0.599121
1.5,0.25,-0.77,-0.598099,0.618547,0.776752,-0.593168
1.5,0.25,-0.76,-0.591875,0.626147,0.778783,-0.587135
1.5,0.25,-0.75,-0.585575,0.633776,0.780767,-0.581022
1.5,0.25,-0.74,-0.5792,0.641346,0.782702,-0.574828
1.5,0.25,-0.73,-0.572749,0.648826,0.784588,-0.568555
1.5,0.25,-0.72,-0.566224,0.656247,0.786422,-0.562203
1.5,0.25,-0.71,-0.559625,0.663608,0.788204,-0.555773
1.5,0.25,-0.7,-0.552953,0.670791,0.789932,-0.549265
1.5,0.25,-0.69,-0.546208,0.678003,0.791606,-0.542679
1.5,0.25,-0.68,-0.539392,0.685126,0.793224,-0.536018
1.5,0.25,-0.67,-0.532506,0.692129,0.794786,-0.52928
1.5,0.25,-0.66,-0.525551,0.699013,0.796289,-0.522468
1.5,0.25,-0.65,-0.518527,0.705808,0.797733,-0.515582
1.5,0.25,-0.64,-0.511435,0.712514,0.799118,-0.508624
1.5,0.25,-0.63,-0.504278,0.719011,0.800441,-0.501594
1.5,0.25,-0.62,-0.497055,0.725463,0.801702,-0.494493
1.5,0.25,-0.61,-0.489769,0.731722,0.8029,-0.487323
1.5,0.25,-0.6,-0.48242,0.73795,0.804034,-0.480085
1.5,0.25,-0.59,-0.47501,0.74394,0.805102,-0.472781
1.5,0.25,-0.58,-0.467541,0.749841,0.806105,-0.465411
1.5,0.25,-0.57,-0.460013,0.755623,0.807041,-0.457978
1.5,0.25,-0.56,-0.452429,0.761196,0.807909,-0.450482
1.5,0.25,-0.55,-0.44479,0.76662,0.808709,-0.442926
1.5,0.25,-0.54,-0.437097,0.77191,0.80944,-0.435312
1.5,0.25,-0.53,-0.429353,0.777006,0.8101,-0.42764
1.5,0.25,-0.52,-0.421558,0.781909,0.810689,-0.419913
1.5,0.25,-0.51,-0.413716,0.786588,0.811207,-0.412132
1.5,0.25,-0.5,-0.405827,0.791162,0.811654,-0.4043
1.5,0.25,-0.49,-0.397893,0.795513,0.812027,-0.396419
1.5,0.25,-0.48,-0.389917,0.799686,0.812327,-0.38849
1.5,0.25,-0.47,-0.3819,0.803649,0.812553,-0.380516
1.5,0.25,-0.46,-0.373844,0.807419,0.812705,-0.372499
1.5,0.25,-0.45,-0.365752,0.810996,0.812782,-0.364442
1.5,0.25,-0.44,-0.357625,0.814348,0.812784,-0.356345
1.5,0.25,-0.43,-0.349466,0.817493,0.812711,-0.348212
1.5,0.25,-0.42,-0.341276,0.820398,0.812562,-0.340046
1.5,0.25,-0.41,-0.333058,0.82314,0.812336,-0.331847
1.5,0.25,-0.4,-0.324814,0.825614,0.812035,-0.32362
1.5,0.25,-0.39,-0.316546,0.827879,0.811657,-0.315366
1.5,0.25,-0.38,-0.308257,0.829905,0.811203,-0.307088
1.5,0.25,-0.37,-0.299949,0.831723,0.810672,-0.298788
1.5,0.25,-0.36,-0.291623,0.833318,0.810064,-0.290469
1.5,0.25,-0.35,-0.283283,0.834674,0.80938,-0.282134
1.5,0.25,-0.34,-0.274931,0.835791,0.80862,-0.273785
1.5,0.25,-0.33,-0.266568,0.83667,0.807783,-0.265425
1.5,0.25,-0.32,-0.258198,0.837296,0.806869,-0.257056
1.5,0.25,-0.31,-0.249823,0.837706,0.80588,-0.248681
1.5,0.25,-0.3,-0.241445,0.837885,0.804815,-0.240303
1.5,0.25,-0.29,-0.233066,0.837825,0.803675,-0.231924
1.5,0.25,-0.28,-0.224689,0.83752,0.80246,-0.223547
1.5,0.25,-0.27,-0.216316,0.837006,0.80117,-0.215175
1.5,0.25,-0.26,-0.20795,0.836223,0.799806,-0.20681
1.5,0.25,-0.25,-0.199592,0.835225,0.798369,-0.198455
1.5,0.25,-0.24,-0.191246,0.833988,0.796858,-0.190113
1.5,0.25,-0.23,-0.182913,0.83252,0.795275,-0.181786
1.5,0.25,-0.22,-0.174596,0.830814,0.79362,-0.173477
1.5,0.25,-0.21,-0.166298,0.828877,0.791894,-0.165188
1.5,0.25,-0.2,-0.158019,0.826731,0.790097,-0.156923
1.5,0.25,-0.19,-0.149764,0.824347,0.788231,-0.148682
1.5,0.25,-0.18,-0.141533,0.821732,0.786296,-0.14047
1.5,0.25,-0.17,-0.13333,0.818916,0.784293,-0.132288
1.5,0.25,-0.16,-0.125156,0.815872,0.782223,-0.124139
1.5,0.25,-0.15,-0.117013,0.812612,0.780087,-0.116025
1.5,0.25,-0.14,-0.108904,0.809163,0.777886,-0.107948
1.5,0.25,-0.13,-0.100831,0.805479,0.77562,-0.0999113
1.5,0.25,-0.12,-0.092795,0.801601,0.773292,-0.0919166
1.5,0.25,-0.11,-0.0847991,0.797536,0.770901,-0.0839661
1.5,0.25,-0.1,-0.0768449,0.793263,0.768449,-0.076062
1.5,0.25,-0.09,-0.0689344,0.788815,0.765938,-0.0682064
1.5,0.25,-0.08,-0.0610694,0.78417,0.763368,-0.0604012
1.5,0.25,-0.07,-0.0532518,0.779334,0.76074,-0.0526484
1.5,0.25,-0.06,-0.0454833,0.774341,0.758056,-0.04495
1.5,0.25,-0.05,-0.0377658,0.769138,0.755317,-0.0373078
1.5,0.25,-0.04,-0.030101,0.763806,0.752524,-0.0297236
1.5,0.25,-0.03,-0.0224903,0.758298,0.749678,-0.022199
1.5,0.25,-0.02,-0.0149356,0.752629,0.746782,-0.0147359
1.5,0.25,-0.01,-0.00743834,0.746802,0.743834,-0.0073357
1.5,0.25,0,0,0.740827,0.740827,0
1.5,0.25,0.01,0.00737795,0.734753,0.737795,0.00726976
1.5,0.25,0.02,0.0146941,0.72848,0.734706,0.0144722
1.5,0.25,0.03,0.0219472,0.722108,0.731574,0.0216059
1.5,0.25,0.04,0.0291359,0.715617,0.728397,0.0286698
1.5,0.25,0.05,0.0362589,0.708988,0.725178,0.0356625
1.5,0.25,0.06,0.0433152,0.702249,0.72192,0.0425831
1.5,0.25,0.07,0.0503035,0.695413,0.718621,0.0494303
1.5,0.25,0.08,0.0572229,0.688458,0.715286,0.0562033
1.5,0.25,0.09,0.0640722,0.68143,0.711914,0.0629012
1.5,0.25,0.1,0.0708507,0.674255,0.708507,0.069523
1.5,0.25,0.11,0.0775573,0.667032,0.705066,0.076068
1.5,0.25,0.12,0.0841912,0.659723,0.701593,0.0825355
1.5,0.25,0.13,0.0907518,0.652377,0.698091,0.0889249
1.5,0.25,0.14,0.0972381,0.644915,0.694558,0.0952355
1.5,0.25,0.15,0.10365,0.637386,0.690997,0.101467
1.5,0.25,0.16,0.109986,0.629816,0.68741,0.107619
1.5,0.25,0.17,0.116246,0.622164,0.683798,0.11369
1.5,0.25,0.18,0.122429,0.614487,0.680161,0.119681
1.5,0.25,0.19,0.128535,0.60679,0.676502,0.125592
1.5,0.25,0.2,0.134564,0.599042,0.672822,0.131421
1.5,0.25,0.21,0.140516,0.591226,0.669122,0.137169
1.5,0.25,0.22,0.146389,0.58338,0.665404,0.142837
1.5,0.25,0.23,0.152184,0.57555,0.661668,0.148422
1.5,0.25,0.24,0.1579,0.567667,0.657916,0.153927
1.5,0.25,0.25,0.163537,0.559822,0.654149,0.15935
1.5,0.25,0.26,0.169096,0.551924,0.650369,0.164693
1.5,0.25,0.27,0.174576,0.544019,0.646577,0.169954
1.5,0.25,0.28,0.179977,0.536114,0.642774,0.175135
1.5,0.25,0.29,0.185299,0.528246,0.63896,0.180235
1.5,0.25,0.3,0.190542,0.520334,0.635138,0.185254
1.5,0.25,0.31,0.195706,0.512503,0.631309,0.190194
1.5,0.25,0.32,0.200791,0.504628,0.627473,0.195054
1.5,0.25,0.33,0.205799,0.496812,0.623632,0.199836
1.5,0.25,0.34,0.210727,0.488967,0.619787,0.204538
1.5,0.25,0.35,0.215578,0.481211,0.615938,0.209162
1.5,0.25,0.36,0.220351,0.473432,0.612087,0.213708
1.5,0.25,0.37,0.225047,0.465736,0.608235,0.218178
1.5,0.25,0.38,0.229666,0.458032,0.604383,0.22257
1.5,0.25,0.39,0.234208,0.450373,0.600533,0.226887
1.5,0.25,0.4,0.238673,0.442803,0.596684,0.231128
1.5,0.25,0.41,0.243063,0.435226,0.592837,0.235294
1.5,0.25,0.42,0.247378,0.427715,0.588995,0.239386
1.5,0.25,0.43,0.251617,0.420243,0.585157,0.243405
1.5,0.25,0.44,0.255783,0.412837,0.581324,0.247351
1.5,0.25,0.45,0.259874,0.405505,0.577498,0.251225
1.5,0.25,0.46,0.263892,0.398189,0.573679,0.255028
1.5,0.25,0.47,0.267838,0.390962,0.569868,0.258761
1.5,0.25,0.48,0.271711,0.383735,0.566066,0.262424
1.5,0.25,0.49,0.275514,0.376627,0.562273,0.266018
1.5,0.25,0.5,0.279245,0.369608,0.55849,0.269544
1.5,0.25,0.51,0.282906,0.362635,0.554718,0.273002
1.5,0.25,0.52,0.286498,0.355765,0.550957,0.276395
1.5,0.25,0.53,0.290021,0.348926,0.547209,0.279722
1.5,0.25,0.54,0.293476,0.342116,0.543473,0.282984
1.5,0.25,0.55,0.296863,0.335455,0.539752,0.286182
1.5,0.25,0.56,0.300184,0.328794,0.536044,0.289318
1.5,0.25,0.57,0.30344,0.322282,0.53235,0.292391
1.5,0.25,0.58,0.30663,0.31583,0.528672,0.295403
1.5,0.25,0.59,0.309756,0.309438,0.52501,0.298355
1.5,0.25,0.6,0.312818,0.303105,0.521363,0.301248
1.5,0.25,0.61,0.315818,0.296861,0.517734,0.304081
1.5,0.25,0.62,0.318755,0.290722,0.514121,0.306858
1.5,0.25,0.63,0.321632,0.284612,0.510527,0.309577
1.5,0.25,0.64,0.324448,0.278637,0.50695,0.312241
1.5,0.25,0.65,0.327204,0.272691,0.503391,0.31485
1.5,0.25,0.66,0.329902,0.26685,0.499852,0.317404
1.5,0.25,0.67,0.332542,0.261113,0.496331,0.319905
1.5,0.25,0.68,0.335125,0.255436,0.492831,0.322354
1.5,0.25,0.69,0.337651,0.249833,0.48935,0.324752
1.5,0.25,0.7,0.340122,0.244319,0.485889,0.327099
1.5,0.25,0.71,0.342538,0.23894,0.482449,0.329396
1.5,0.25,0.72,0.344901,0.233606,0.479029,0.331644
1.5,0.25,0.73,0.34721,0.22833,0.475631,0.333844
1.5,0.25,0.74,0.349468,0.22319,0.472254,0.335997
1.5,0.25,0.75,0.351673,0.218034,0.468898,0.338104
1.5,0.25,0.76,0.353829,0.212997,0.465564,0.340165
1.5,0.25,0.77,0.355934,0.208095,0.462252,0.342181
1.5,0.25,0.78,0.357991,0.203267,0.458963,0.344154
1.5,0.25,0.79,0.359999,0.198469,0.455695,0.346083
1.5,0.25,0.8,0.36196,0.193745,0.45245,0.34797
1.5,0.25,0.81,0.363875,0.18917,0.449228,0.349816
1.5,0.25,0.82,0.365743,0.18464,0.446029,0.351621
1.5,0.25,0.83,0.367567,0.18017,0.442852,0.353387
1.5,0.25,0.84,0.369347,0.175744,0.439699,0.355113
1.5,0.25,0.85,0.371083,0.171483,0.436568,0.3568
1.5,0.25,0.86,0.372777,0.167266,0.433461,0.35845
1.5,0.25,0.87,0.374428,0.163138,0.430377,0.360063
1.5,0.25,0.88,0.376039,0.15901,0.427317,0.36164
1.5,0.25,0.89,0.377609,0.155032,0.42428,0.363182
1.5,0.25,0.9,0.37914,0.151083,0.421266,0.364689
1.5,0.25,0.91,0.380631,0.147268,0.418276,0.366161
1.5,0.25,0.92,0.382085,0.143439,0.41531,0.367601
1.5,0.25,0.93,0.383501,0.139788,0.412367,0.369008
1.5,0.25,0.94,0.384881,0.136107,0.409447,0.370382
1.5,0.25,0.95,0.386224,0.132561,0.406552,0.371726
1.5,0.25,0.96,0.387532,0.129089,0.40368,0.373038
1.5,0.25,0.97,0.388806,0.125661,0.400831,0.374321
1.5,0.25,0.98,0.390046,0.122309,0.398006,0.375574
1.5,0.25,0.99,0.391252,0.119001,0.395204,0.376798
1.5,0.25,1,0.392426,0.115812,0.392426,0.377995
1.5,0.25,1.01,0.393568,0.112623,0.389671,0.379163
1.5,0.25,1.02,0.394679,0.109509,0.38694,0.380305
1.5,0.25,1.03,0.395759,0.106484,0.384232,0.38142
1.5,0.25,1.04,0.396809,0.103533,0.381547,0.382509
1.5,0.25,1.05,0.39783,0.100583,0.378886,0.383573
1.5,0.25,1.06,0.398822,0.0977665,0.376247,0.384612
1.5,0.25,1.07,0.399786,0.0950694,0.373632,0.385627
1.5,0.25,1.08,0.400723,0.0922978,0.37104,0.386618
1.5,0.25,1.09,0.401632,0.0896752,0.36847,0.387586
1.5,0.25,1.1,0.402516,0.0870526,0.365923,0.388531
1.5,0.25,1.11,0.403373,0.0845045,0.363399,0.389454
1.5,0.25,1.12,0.404205,0.0819713,0.360898,0.390355
1.5,0.25,1.13,0.405013,0.079602,0.358419,0.391236
1.5,0.25,1.14,0.405797,0.077188,0.355962,0.392095
1.5,0.25,1.15,0.406557,0.0748485,0.353528,0.392934
1.5,0.25,1.16,0.407294,0.0725538,0.351115,0.393753
1.5,0.25,1.17,0.408009,0.0703484,0.348725,0.394553
1.5,0.25,1.18,0.408701,0.0681728,0.346357,0.395334
1.5,0.25,1.19,0.409372,0.0660568,0.34401,0.396097
1.5,0.25,1.2,0.410023,0.0639707,0.341685,0.396841
1.5,0.25,1.21,0.410652,0.0619441,0.339382,0.397567
1.5,0.25,1.22,0.411262,0.0599772,0.3371,0.398277
1.5,0.25,1.23,0.411852,0.0580698,0.334839,0.398969
1.5,0.25,1.24,0.412424,0.0561774,0.3326,0.399645
1.5,0.25,1.25,0.412976,0.0543445,0.330381,0.400305
1.5,0.25,1.26,0.413511,0.0525415,0.328183,0.400949
1.5,0.25,1.27,0.414028,0.0508279,0.326006,0.401577
1.5,0.25,1.28,0.414527,0.0491142,0.323849,0.402191
1.5,0.25,1.29,0.41501,0.0474304,0.321713,0.402789
1.5,0.25,1.3,0.415476,0.045836,0.319597,0.403374
1.5,0.25,1.31,0.415927,0.0442266,0.317501,0.403944
1.5,0.25,1.32,0.416361,0.0427365,0.315425,0.404501
1.5,0.25,1.33,0.416781,0.0412017,0.313369,0.405044
1.5,0.25,1.34,0.417186,0.0397116,0.311333,0.405574
1.5,0.25,1.35,0.417576,0.0383109,0.309316,0.406092
1.5,0.25,1.36,0.417952,0.0369847,0.307318,0.406597
1.5,0.25,1.37,0.418315,0.0355691,0.305339,0.407089
1.5,0.25,1.38,0.418664,0.0342727,0.30338,0.40757
1.5,0.25,1.39,0.419001,0.0330359,0.301439,0.408039
1.5,0.25,1.4,0.419325,0.0317693,0.299518,0.408497
1.5,0.25,1.41,0.419636,0.0305623,0.297614,0.408944
1.5,0.25,1.42,0.419936,0.0293404,0.295729,0.40938
1.5,0.25,1.43,0.420224,0.0282526,0.293863,0.409805
1.5,0.25,1.44,0.420501,0.0271499,0.292014,0.41022
1.5,0.25,1.45,0.420766,0.0260472,0.290184,0.410625
1.5,0.25,1.46,0.421022,0.025034,0.288371,0.41102
1.5,0.25,1.47,0.421266,0.0239462,0.286576,0.411406
1.5,0.25,1.48,0.421501,0.0229478,0.284798,0.411782
1.5,0.25,1.49,0.421726,0.0220388,0.283038,0.412149
1.5,0.25,1.5,0.421942,0.0211149,0.281295,0.412507
1.5,0.25,1.51,0.422148,0.0201762,0.279568,0.412856
1.5,0.25,1.52,0.422346,0.0193119,0.277859,0.413197
1.5,0.25,1.53,0.422534,0.0184625,0.276166,0.41353
1.5,0.25,1.54,0.422715,0.0176728,0.27449,0.413854
1.5,0.25,1.55,0.422887,0.0168085,0.27283,0.41417
1.5,0.25,1.56,0.423052,0.0160784,0.271187,0.414479
1.5,0.25,1.57,0.423209,0.0153184,0.26956,0.41478
1.5,0.25,1.58,0.423358,0.0145584,0.267948,0.415074
1.5,0.25,1.59,0.4235,0.0139475,0.266352,0.415361
1.5,0.25,1.6,0.423636,0.013262,0.264772,0.415641
1.5,0.25,1.61,0.423765,0.0125319,0.263208,0.415913
1.5,0.25,1.62,0.423887,0.0119209,0.261659,0.416179
1.5,0.25,1.63,0.424003,0.01131,0.260125,0.416439
1.5,0.25,1.64,0.424113,0.0106692,0.258606,0.416692
1.5,0.25,1.65,0.424217,0.0101626,0.257101,0.416939
1.5,0.25,1.66,0.424316,0.00964105,0.255612,0.41718
1.5,0.25,1.67,0.424409,0.00908971,0.254137,0.417415
1.5,0.25,1.68,0.424497,0.00849366,0.252677,0.417645
1.5,0.25,1.69,0.42458,0.00807643,0.251231,0.417868
1.5,0.25,1.7,0.424659,0.00753999,0.249799,0.418086
1.5,0.25,1.71,0.424732,0.00712276,0.248381,0.418299
1.5,0.25,1.72,0.424801,0.00669062,0.246977,0.418507
1.5,0.25,1.73,0.424866,0.00630319,0.245587,0.418709
1.5,0.25,1.74,0.424927,0.00591576,0.244211,0.418907
1.5,0.25,1.75,0.424983,0.00545382,0.242848,0.419099
1.5,0.25,1.76,0.425036,0.0050962,0.241498,0.419287
1.5,0.25,1.77,0.425086,0.00476837,0.240161,0.419471
1.5,0.25,1.78,0.425132,0.00439584,0.238838,0.419649
1.5,0.25,1.79,0.425174,0.00409782,0.237528,0.419824
1.5,0.25,1.8,0.425214,0.00378489,0.23623,0.419994
1.5,0.25,1.81,0.42525,0.00347197,0.234945,0.42016
1.5,0.25,1.82,0.425284,0.00321865,0.233672,0.420321
1.5,0.25,1.83,0.425314,0.00293553,0.232412,0.420479
1.5,0.25,1.84,0.425343,0.00271201,0.231164,0.420633
1.5,0.25,1.85,0.425368,0.00239909,0.229929,0.420783
1.5,0.25,1.86,0.425392,0.00220537,0.228705,0.42093
1.5,0.25,1.87,0.425413,0.00207126,0.227494,0.421073
1.5,0.25,1.88,0.425432,0.00180304,0.226294,0.421212
1.5,0.25,1.89,0.42545,0.00159442,0.225106,0.421348
1.5,0.25,1.9,0.425465,0.00143051,0.223929,0.42148
1.5,0.25,1.91,0.425479,0.0012815,0.222764,0.421609
1.5,0.25,1.92,0.425491,0.00113249,0.22161,0.421735
1.5,0.25,1.93,0.425501,0.000983477,0.220467,0.421858
1.5,0.25,1.94,0.425511,0.000864267,0.219335,0.421978
1.5,0.25,1.95,0.425519,0.000789762,0.218215,0.422095
1.5,0.25,1.96,0.425525,0.000625849,0.217105,0.422209
1.5,0.25,1.97,0.425531,0.000521541,0.216006,0.42232
1.5,0.25,1.98,0.425536,0.000461936,0.214917,0.422429
1.5,0.25,1.99,0.42554,0.000342727,0.213839,0.422534
1.5,0.25,2,0.425543,0.000312924,0.212771,0.422638
1.5,0.25,2.01,0.425545,0.000193715,0.211714,0.422738
1.5,0.25,2.02,0.425547,0.000163913,0.210667,0.422836
1.5,0.25,2.03,0.425548,0.00013411,0.20963,0.422932
1.5,0.25,2.04,0.425549,0.000104308,0.208603,0.423025
1.5,0.25,2.05,0.42555,4.47035e-05,0.207585,0.423116
1.5,0.25,2.06,0.42555,1.49012e-05,0.206578,0.423205
1.5,0.25,2.07,0.42555,1.49012e-05,0.20558,0.423292
1.5,0.25,2.08,0.42555,-1.49012e-05,0.204592,0.423376
1.5,0.25,2.09,0.42555,4.47035e-05,0.203613,0.423458
1.5,0.25,2.1,0.42555,0,0.202643,0.423539
1.5,0.25,2.11,0.425551,2.98023e-05,0.201683,0.423617
1.5,0.25,2.12,0.425551,7.45058e-05,0.200732,0.423693
1.5,0.25,2.13,0.425552,0.00013411,0.199789,0.423768
1.5,0.25,2.14,0.425552,0.000104308,0.198856,0.42384
1.5,0.25,2.15,0.425554,0.000163913,0.197932,0.423911
1.5,0.25,2.16,0.425556,0.000208616,0.197017,0.42398
1.5,0.25,2.17,0.425558,0.000223517,0.19611,0.424048
1.5,0.25,2.18,0.425561,0.000357628,0.195211,0.424113
1.5,0.25,2.19,0.425564,0.000447035,0.194322,0.424177
1.5,0.25,2.2,0.425569,0.000432134,0.19344,0.42424
1.5,0.25,2.21,0.425573,0.000476837,0.192567,0.424301
1.5,0.25,2.22,0.425579,0.00064075,0.191702,0.42436
1.5,0.25,2.23,0.425586,0.000670552,0.190846,0.424418
1.5,0.25,2.24,0.425593,0.000789762,0.189997,0.424475
1.5,0.25,2.25,0.425602,0.000864267,0.189156,0.42453
1.5,0.25,2.26,0.425611,0.000953674,0.188324,0.424583
1.5,0.25,2.27,0.425622,0.00110269,0.187499,0.424636
1.5,0.25,2.28,0.425633,0.0012368,0.186681,0.424687
1.5,0.25,2.29,0.425646,0.0013113,0.185872,0.424737
1.5,0.25,2.3,0.42566,0.00143051,0.18507,0.424785
1.5,0.25,2.31,0.425675,0.00154972,0.184275,0.424833
1.5,0.25,2.32,0.425692,0.00171363,0.183488,0.424879
1.5,0.25,2.33,0.425709,0.00181794,0.182708,0.424924
1.5,0.25,2.34,0.425728,0.00198185,0.181935,0.424968
1.5,0.25,2.35,0.425749,0.00208616,0.18117,0.425011
1.5,0.25,2.36,0.425771,0.00230968,0.180411,0.425053
1.5,0.25,2.37,0.425794,0.00242889,0.17966,0.425093
1.5,0.25,2.38,0.425819,0.0025779,0.178915,0.425133
1.5,0.25,2.39,0.425845,0.00268221,0.178178,0.425172
1.5,0.25,2.4,0.425873,0.00289083,0.177447,0.42521
1.5,0.25,2.41,0.425902,0.00305474,0.176723,0.425247
1.5,0.25,2.42,0.425933,0.00326335,0.176006,0.425282
1.5,0.25,2.43,0.425966,0.00332296,0.175295,0.425318
1.5,0.25,2.44,0.426001,0.00345707,0.17459,0.425352
1.5,0.25,2.45,0.426037,0.00368059,0.173892,0.425385
1.5,0.25,2.46,0.426074,0.0038445,0.173201,0.425418
1.5,0.25,2.47,0.426114,0.00400841,0.172516,0.425449
1.5,0.25,2.48,0.426155,0.00423193,0.171837,0.42548
1.5,0.25,2.49,0.426199,0.00441074,0.171164,0.42551
1.5,0.25,2.5,0.426244,0.00460446,0.170497,0.42554
1.5,0.25,2.51,0.42629,0.00475347,0.169837,0.425568
1.5,0.25,2.52,0.426339,0.00496209,0.169182,0.425596
1.5,0.25,2.53,0.42639,0.0051558,0.168533,0.425624
1.5,0.25,2.54,0.426442,0.00530481,0.167891,0.42565
1.5,0.25,2.55,0.426497,0.00554323,0.167254,0.425676
1.5,0.25,2.56,0.426553,0.00575185,0.166622,0.425701
1.5,0.25,2.57,0.426612,0.00594556,0.165997,0.425726
1.5,0.25,2.58,0.426672,0.00610948,0.165377,0.42575
1.5,0.25,2.59,0.426734,0.00628829,0.164762,0.425773
1.5,0.25,2.6,0.426799,0.00649691,0.164153,0.425796
1.5,0.25,2.61,0.426865,0.00682473,0.16355,0.425819
1.5,0.25,2.62,0.426934,0.00697374,0.162952,0.42584
1.5,0.25,2.63,0.427004,0.00718236,0.162359,0.425861
1.5,0.25,2.64,0.427077,0.00737607,0.161772,0.425882
1.5,0.25,2.65,0.427152,0.00756979,0.161189,0.425902
1.5,0.25,2.66,0.427229,0.00780821,0.160612,0.425922
1.5,0.25,2.67,0.427308,0.00798702,0.16004,0.425941
1.5,0.25,2.68,0.427389,0.00825524,0.159473,0.42596
1.5,0.25,2.69,0.427472,0.00844896,0.158912,0.425978
1.5,0.25,2.7,0.427558,0.00870228,0.158355,0.425996
1.5,0.25,2.71,0.427646,0.00882149,0.157803,0.426013
1.5,0.25,2.72,0.427735,0.00914931,0.157256,0.42603
1.5,0.25,2.73,0.427828,0.00931323,0.156713,0.426046
1.5,0.25,2.74,0.427922,0.00955164,0.156176,0.426063
1.5,0.25,2.75,0.428018,0.00983477,0.155643,0.426078
1.5,0.25,2.76,0.428117,0.00995398,0.155115,0.426093
1.5,0.25,2.77,0.428218,0.0101924,0.154591,0.426108
1.5,0.25,2.78,0.428321,0.010401,0.154072,0.426123
1.5,0.25,2.79,0.428427,0.0106096,0.153558,0.426137
1.5,0.25,2.8,0.428534,0.010848,0.153048,0.426151
1.5,0.25,2.81,0.428644,0.011012,0.152542,0.426164
1.5,0.25,2.82,0.428756,0.0113696,0.152041,0.426177
1.5,0.25,2.83,0.428871,0.0115782,0.151544,0.42619
1.5,0.25,2.84,0.428988,0.0117719,0.151052,0.426203
1.5,0.25,2.85,0.429107,0.0120252,0.150564,0.426215
1.5,0.25,2.86,0.429228,0.0122488,0.15008,0.426227
1.5,0.25,2.87,0.429351,0.0124872,0.1496,0.426238
1.5,0.25,2.88,0.429477,0.0127554,0.149124,0.42625
1.5,0.25,2.89,0.429606,0.0129193,0.148652,0.426261
1.5,0.25,2.9,0.429736,0.0131726,0.148185,0.426271
1.5,0.25,2.91,0.429869,0.013411,0.147721,0.426282
1.5,0.25,2.92,0.430004,0.0135899,0.147262,0.426292
1.5,0.25,2.93,0.430142,0.0138432,0.146806,0.426302
1.5,0.25,2.94,0.430281,0.0141114,0.146354,0.426312
1.5,0.25,2.95,0.430423,0.01432,0.145906,0.426321
1.5,0.25,2.96,0.430568,0.0145882,0.145462,0.42633
1.5,0.25,2.97,0.430715,0.014782,0.145022,0.426339
1.5,0.25,2.98,0.430864,0.0150055,0.144585,0.426348
1.5,0.25,2.99,0.431015,0.0152588,0.144152,0.426357
1.5,0.25,3,0.431169,0.0154525,0.143723,0.426365
1.5,0.25,3.01,0.431325,0.0157058,0.143297,0.426373
1.5,0.25,3.02,0.431483,0.0158995,0.142875,0.426381
1.5,0.25,3.03,0.431644,0.0161827,0.142457,0.426389
1.5,0.25,3.04,0.431807,0.0164062,0.142042,0.426397
1.5,0.25,3.05,0.431972,0.0166446,0.14163,0.426404
1.5,0.25,3.06,0.432139,0.0168383,0.141222,0.426411
1.5,0.25,3.07,0.432309,0.0170767,0.140817,0.426418
1.5,0.25,3.08,0.432482,0.0172853,0.140416,0.426425
1.5,0.25,3.09,0.432656,0.0175983,0.140018,0.426432
1.5,0.25,3.1,0.432833,0.0178069,0.139624,0.426438
1.5,0.25,3.11,0.433012,0.0180751,0.139232,0.426444
1.5,0.25,3.12,0.433194,0.0182241,0.138844,0.426451
1.5,0.25,3.13,0.433378,0.0185072,0.138459,0.426457
1.5,0.25,3.14,0.433564,0.0187606,0.138078,0.426462
1.5,0.25,3.15,0.433752,0.0189543,0.137699,0.426468
1.5,0.25,3.16,0.433943,0.0191927,0.137324,0.426474
1.5,0.25,3.17,0.434136,0.0194609,0.136952,0.426479
1.5,0.25,3.18,0.434332,0.0196248,0.136582,0.426484
1.5,0.25,3.19,0.434529,0.0199378,0.136216,0.42649
1.5,0.25,3.2,0.434729,0.0201017,0.135853,0.426495
1.5,0.25,3.21,0.434932,0.0203252,0.135493,0.4265
1.5,0.25,3.22,0.435136,0.0205636,0.135135,0.426504
1.5,0.25,3.23,0.435343,0.020802,0.134781,0.426509
1.5,0.25,3.24,0.435552,0.0210553,0.13443,0.426514
1.5,0.25,3.25,0.435764,0.0212938,0.134081,0.426518
1.5,0.25,3.26,0.435977,0.0215322,0.133735,0.426522
1.5,0.25,3.27,0.436193,0.021711,0.133392,0.426527
1.5,0.25,3.28,0.436411,0.0219494,0.133052,0.426531
1.5,0.25,3.29,0.436632,0.022158,0.132715,0.426535
1.5,0.25,3.3,0.436855,0.0223964,0.13238,0.426539
1.5,0.25,3.31,0.43708,0.0226647,0.132048,0.426543
1.5,0.25,3.32,0.437307,0.0228584,0.131719,0.426546
1.5,0.25,3.33,0.437537,0.023067,0.131392,0.42655
1.5,0.25,3.34,0.437768,0.0232756,0.131068,0.426553
1.5,0.25,3.35,0.438002,0.0235587,0.130747,0.426557
1.5,0.25,3.36,0.438239,0.0237375,0.130428,0.42656
1.5,0.25,3.37,0.438477,0.0239015,0.130112,0.426564
1.5,0.25,3.38,0.438718,0.024125,0.129798,0.426567
1.5,0.25,3.39,0.438961,0.0243783,0.129487,0.42657
1.5,0.25,3.4,0.439206,0.0246465,0.129178,0.426573
1.5,0.25,3.41,0.439453,0.0248104,0.128872,0.426576
1.5,0.25,3.42,0.439703,0.0250489,0.128568,0.426579
1.5,0.25,3.43,0.439955,0.0252724,0.128267,0.426582
1.5,0.25,3.44,0.440209,0.0255108,0.127968,0.426584
1.5,0.25,3.45,0.440465,0.0257194,0.127671,0.426587
1.5,0.25,3.46,0.440723,0.0258684,0.127377,0.42659
1.5,0.25,3.47,0.440984,0.0262111,0.127085,0.426592
1.5,0.25,3.48,0.441246,0.0263453,0.126795,0.426595
1.5,0.25,3.49,0.441511,0.0265986,0.126507,0.426597
1.5,0.25,3.5,0.441778,0.0267476,0.126222,0.4266
1.5,0.25,3.51,0.442047,0.0270307,0.125939,0.426602
1.5,0.25,3.52,0.442319,0.0272244,0.125659,0.426604
1.5,0.25,3.53,0.442592,0.0274777,0.12538,0.426606
1.5,0.25,3.54,0.442868,0.0277162,0.125104,0.426608
1.5,0.25,3.55,0.443145,0.0279248,0.12483,0.426611
1.5,0.25,3.56,0.443425,0.0281334,0.124558,0.426613
1.5,0.25,3.57,0.443707,0.0282973,0.124288,0.426615
1.5,0.25,3.58,0.443991,0.028491,0.12402,0.426616
1.5,0.25,3.59,0.444277,0.0287294,0.123754,0.426618
1.5,0.25,3.6,0.444566,0.028953,0.12349,0.42662
1.5,0.25,3.61,0.444856,0.0291318,0.123229,0.426622
1.5,0.25,3.62,0.445149,0.0293702,0.122969,0.426624
1.5,0.25,3.63,0.445443,0.0295341,0.122712,0.426625
1.5,0.25,3.64,0.44574,0.0297278,0.122456,0.426627
1.5,0.25,3.65,0.446039,0.0299811,0.122202,0.426629
1.5,0.25,3.66,0.446339,0.0302047,0.121951,0.42663
1.5,0.25,3.67,0.446642,0.0303686,0.121701,0.426632
1.5,0.25,3.68,0.446947,0.0305921,0.121453,0.426633
1.5,0.25,3.69,0.447254,0.0308156,0.121207,0.426635
1.5,0.25,3.7,0.447563,0.0310093,0.120963,0.426636
1.5,0.25,3.71,0.447874,0.0311583,0.120721,0.426638
1.5,0.25,3.72,0.448187,0.0314265,0.12048,0.426639
1.5,0.25,3.73,0.448502,0.0315905,0.120242,0.42664
1.5,0.25,3.74,0.448819,0.0317842,0.120005,0.426642
1.5,0.25,3.75,0.449138,0.0319928,0.11977,0.426643
1.5,0.25,3.76,0.449459,0.0321865,0.119537,0.426644
1.5,0.25,3.77,0.449782,0.0323951,0.119306,0.426645
1.5,0.25,3.78,0.450107,0.0325739,0.119076,0.426646
1.5,0.25,3.79,0.450435,0.0328124,0.118848,0.426648
1.5,0.25,3.8,0.450764,0.0329465,0.118622,0.426649
1.5,0.25,3.81,0.451094,0.03317,0.118398,0.42665
1.5,0.25,3.82,0.451427,0.0333786,0.118175,0.426651
1.5,0.25,3.83,0.451762,0.0335723,0.117954,0.426652
1.5,0.25,3.84,0.452099,0.0338107,0.117734,0.426653
1.5,0.25,3.85,0.452438,0.0339299,0.117516,0.426654
1.5,0.25,3.86,0.452779,0.0341684,0.1173,0.426655
1.5,0.25,3.87,0.453121,0.0344068,0.117086,0.426656
1.5,0.25,3.88,0.453466,0.034526,0.116873,0.426657
1.5,0.25,3.89,0.453812,0.0347048,0.116661,0.426658
1.5,0.25,3.9,0.454161,0.0349283,0.116452,0.426658
1.5,0.25,3.91,0.454511,0.0351518,0.116243,0.426659
1.5,0.25,3.92,0.454863,0.0353605,0.116037,0.42666
1.5,0.25,3.93,0.455217,0.0355244,0.115831,0.426661
1.5,0.25,3.94,0.455573,0.0356287,0.115628,0.426662
1.5,0.25,3.95,0.455931,0.035882,0.115426,0.426662
1.5,0.25,3.96,0.456291,0.0361204,0.115225,0.426663
1.5,0.25,3.97,0.456653,0.03618,0.115026,0.426664
1.5,0.25,3.98,0.457016,0.0364184,0.114828,0.426665
1.5,0.25,3.99,0.457381,0.0366122,0.114632,0.426665
1.5,0.25,4,0.457748,0.0368208,0.114437,0.426666
3.2,-0.25,-4,-0.554843,0.165284,0.138711,-0.223416
3.2,-0.25,-3.99,-0.553192,0.165015,0.138645,-0.223416
3.2,-0.25,-3.98,-0.551542,0.164896,0.138578,-0.223416
3.2,-0.25,-3.97,-0.549894,0.164777,0.138512,-0.223416
3.2,-0.25,-3.96,-0.548247,0.164568,0.138446,-0.223416
3.2,-0.25,-3.95,-0.546601,0.164419,0.13838,-0.223416
3.2,-0.25,-3.94,-0.544957,0.16439,0.138314,-0.223416
3.2,-0.25,-3.93,-0.543314,0.164181,0.138248,-0.223416
3.2,-0.25,-3.92,-0.541673,0.164032,0.138182,-0.223416
3.2,-0.25,-3.91,-0.540034,0.163913,0.138116,-0.223416
3.2,-0.25,-3.9,-0.538396,0.163734,0.13805,-0.223416
3.2,-0.25,-3.89,-0.53676,0.163615,0.137984,-0.223416
3.2,-0.25,-3.88,-0.535125,0.163376,0.137919,-0.223416
3.2,-0.25,-3.87,-0.533491,0.163287,0.137853,-0.223416
3.2,-0.25,-3.86,-0.53186,0.163049,0.137788,-0.223416
3.2,-0.25,-3.85,-0.53023,0.162899,0.137722,-0.223416
3.2,-0.25,-3.84,-0.528601,0.16275,0.137657,-0.223416
3.2,-0.25,-3.83,-0.526974,0.162631,0.137591,-0.223416
3.2,-0.25,-3.82,-0.525349,0.162482,0.137526,-0.223416
3.2,-0.25,-3.81,-0.523725,0.162303,0.137461,-0.223416
3.2,-0.25,-3.8,-0.522103,0.162125,0.137396,-0.223416
3.2,-0.25,-3.79,-0.520483,0.161916,0.137331,-0.223416
3.2,-0.25,-3.78,-0.518864,0.161856,0.137266,-0.223416
3.2,-0.25,-3.77,-0.517247,0.161588,0.137201,-0.223416
3.2,-0.25,-3.76,-0.515632,0.161529,0.137136,-0.223416
3.2,-0.25,-3.75,-0.514018,0.16126,0.137071,-0.223416
3.2,-0.25,-3.74,-0.512406,0.161022,0.137007,-0.223416
3.2,-0.25,-3.73,-0.510796,0.160903,0.136943,-0.223416
3.2,-0.25,-3.72,-0.509187,0.160813,0.136878,-0.223416
3.2,-0.25,-3.71,-0.50758,0.160545,0.136814,-0.223416
3.2,-0.25,-3.7,-0.505975,0.160456,0.13675,-0.223416
3.2,-0.25,-3.69,-0.504372,0.160247,0.136686,-0.223416
3.2,-0.25,-3.68,-0.502771,0.159979,0.136622,-0.223416
3.2,-0.25,-3.67,-0.501171,0.159949,0.136559,-0.223416
3.2,-0.25,-3.66,-0.499573,0.1598,0.136495,-0.223416
3.2,-0.25,-3.65,-0.497977,0.159472,0.136432,-0.223416
3.2,-0.25,-3.64,-0.496383,0.159428,0.136369,-0.223416
3.2,-0.25,-3.63,-0.49479,0.159234,0.136306,-0.223416
3.2,-0.25,-3.62,-0.4932,0.158951,0.136243,-0.223416
3.2,-0.25,-3.61,-0.491611,0.158742,0.13618,-0.223416
3.2,-0.25,-3.6,-0.490024,0.158608,0.136118,-0.223416
3.2,-0.25,-3.59,-0.488439,0.158399,0.136055,-0.223416
3.2,-0.25,-3.58,-0.486856,0.158176,0.135993,-0.223416
3.2,-0.25,-3.57,-0.485275,0.158012,0.135931,-0.223416
3.2,-0.25,-3.56,-0.483696,0.157833,0.13587,-0.223416
3.2,-0.25,-3.55,-0.482119,0.157639,0.135808,-0.223416
3.2,-0.25,-3.54,-0.480543,0.157475,0.135747,-0.223416
3.2,-0.25,-3.53,-0.47897,0.157252,0.135685,-0.223416
3.2,-0.25,-3.52,-0.477398,0.156984,0.135625,-0.223416
3.2,-0.25,-3.51,-0.475829,0.15673,0.135564,-0.223416
3.2,-0.25,-3.5,-0.474262,0.156656,0.135503,-0.223416
3.2,-0.25,-3.49,-0.472696,0.156447,0.135443,-0.223416
3.2,-0.25,-3.48,-0.471133,0.156179,0.135383,-0.223416
3.2,-0.25,-3.47,-0.469572,0.15606,0.135323,-0.223416
3.2,-0.25,-3.46,-0.468012,0.155777,0.135264,-0.223416
3.2,-0.25,-3.45,-0.466455,0.155702,0.135204,-0.223416
3.2,-0.25,-3.44,-0.4649,0.155374,0.135145,-0.223416
3.2,-0.25,-3.43,-0.463347,0.15527,0.135087,-0.223416
3.2,-0.25,-3.42,-0.461796,0.154987,0.135028,-0.223416
3.2,-0.25,-3.41,-0.460248,0.154734,0.13497,-0.223416
3.2,-0.25,-3.4,-0.458701,0.154585,0.134912,-0.223416
3.2,-0.25,-3.39,-0.457157,0.154316,0.134855,-0.223416
3.2,-0.25,-3.38,-0.455615,0.154093,0.134797,-0.223416
3.2,-0.25,-3.37,-0.454075,0.153914,0.13474,-0.223416
3.2,-0.25,-3.36,-0.452537,0.153735,0.134684,-0.223416
3.2,-0.25,-3.35,-0.451002,0.153512,0.134627,-0.223416
3.2,-0.25,-3.34,-0.449468,0.153244,0.134571,-0.223416
3.2,-0.25,-3.33,-0.447937,0.15299,0.134516,-0.223416
3.2,-0.25,-3.32,-0.446409,0.152797,0.13446,-0.223416
3.2,-0.25,-3.31,-0.444882,0.152558,0.134405,-0.223416
3.2,-0.25,-3.3,-0.443358,0.15229,0.134351,-0.223416
3.2,-0.25,-3.29,-0.441836,0.152081,0.134297,-0.223416
3.2,-0.25,-3.28,-0.440317,0.151798,0.134243,-0.223416
3.2,-0.25,-3.27,-0.4388,0.151575,0.13419,-0.223416
3.2,-0.25,-3.26,-0.437285,0.151277,0.134137,-0.223416
3.2,-0.25,-3.25,-0.435773,0.151068,0.134084,-0.223416
3.2,-0.25,-3.24,-0.434263,0.150904,0.134032,-0.223416
3.2,-0.25,-3.23,-0.432755,0.150576,0.13398,-0.223416
3.2,-0.25,-3.22,-0.43125,0.150412,0.133929,-0.223416
3.2,-0.25,-3.21,-0.429748,0.150189,0.133878,-0.223416
3.2,-0.25,-3.2,-0.428248,0.149876,0.133827,-0.223416
3.2,-0.25,-3.19,-0.42675,0.149637,0.133778,-0.223416
3.2,-0.25,-3.18,-0.425255,0.149354,0.133728,-0.223416
3.2,-0.25,-3.17,-0.423763,0.149161,0.133679,-0.223416
3.2,-0.25,-3.16,-0.422273,0.148818,0.133631,-0.223416
3.2,-0.25,-3.15,-0.420785,0.148579,0.133583,-0.223416
3.2,-0.25,-3.14,-0.419301,0.148356,0.133535,-0.223416
3.2,-0.25,-3.13,-0.417819,0.148132,0.133488,-0.223416
3.2,-0.25,-3.12,-0.416339,0.147849,0.133442,-0.223416
3.2,-0.25,-3.11,-0.414862,0.147581,0.133396,-0.223416
3.2,-0.25,-3.1,-0.413388,0.147298,0.133351,-0.223416
3.2,-0.25,-3.09,-0.411917,0.147015,0.133306,-0.223416
3.2,-0.25,-3.08,-0.410448,0.146776,0.133262,-0.223416
3.2,-0.25,-3.07,-0.408982,0.146478,0.133219,-0.223416
3.2,-0.25,-3.06,-0.407519,0.146151,0.133176,-0.223416
3.2,-0.25,-3.05,-0.406058,0.146002,0.133134,-0.223416
3.2,-0.25,-3.04,-0.404601,0.145614,0.133092,-0.223416
3.2,-0.25,-3.03,-0.403146,0.145316,0.133052,-0.223416
3.2,-0.25,-3.02,-0.401694,0.145033,0.133011,-0.223416
3.2,-0.25,-3.01,-0.400245,0.14475,0.132972,-0.223416
3.2,-0.25,-3,-0.398799,0.144482,0.132933,-0.223416
3.2,-0.25,-2.99,-0.397356,0.144199,0.132895,-0.223416
3.2,-0.25,-2.98,-0.395915,0.143886,0.132857,-0.223416
3.2,-0.25,-2.97,-0.394478,0.143573,0.132821,-0.223416
3.2,-0.25,-2.96,-0.393043,0.14329,0.132785,-0.223416
3.2,-0.25,-2.95,-0.391612,0.143006,0.13275,-0.223416
3.2,-0.25,-2.94,-0.390184,0.142738,0.132715,-0.223416
3.2,-0.25,-2.93,-0.388758,0.142395,0.132682,-0.223416
3.2,-0.25,-2.92,-0.387336,0.142097,0.132649,-0.223416
3.2,-0.25,-2.91,-0.385917,0.141799,0.132617,-0.223416
3.2,-0.25,-2.9,-0.384501,0.141412,0.132586,-0.223416
3.2,-0.25,-2.89,-0.383088,0.141144,0.132556,-0.223415
3.2,-0.25,-2.88,-0.381678,0.140756,0.132527,-0.223415
3.2,-0.25,-2.87,-0.380271,0.140518,0.132499,-0.223415
3.2,-0.25,-2.86,-0.378868,0.140145,0.132471,-0.223415
3.2,-0.25,-2.85,-0.377468,0.139907,0.132445,-0.223415
3.2,-0.25,-2.84,-0.376071,0.139549,0.132419,-0.223415
3.2,-0.25,-2.83,-0.374678,0.139207,0.132395,-0.223415
3.2,-0.25,-2.82,-0.373288,0.138834,0.132371,-0.223415
3.2,-0.25,-2.81,-0.371901,0.138536,0.132349,-0.223415
3.2,-0.25,-2.8,-0.370517,0.138134,0.132328,-0.223415
3.2,-0.25,-2.79,-0.369137,0.137791,0.132307,-0.223415
3.2,-0.25,-2.78,-0.367761,0.137463,0.132288,-0.223415
3.2,-0.25,-2.77,-0.366387,0.137135,0.13227,-0.223415
3.2,-0.25,-2.76,-0.365018,0.136793,0.132253,-0.223415
3.2,-0.25,-2.75,-0.363652,0.136435,0.132237,-0.223415
3.2,-0.25,-2.74,-0.362289,0.136033,0.132222,-0.223415
3.2,-0.25,-2.73,-0.36093,0.135675,0.132209,-0.223415
3.2,-0.25,-2.72,-0.359574,0.135317,0.132196,-0.223415
3.2,-0.25,-2.71,-0.358222,0.13499,0.132185,-0.223415
3.2,-0.25,-2.7,-0.356874,0.134617,0.132176,-0.223415
3.2,-0.25,-2.69,-0.35553,0.134304,0.132167,-0.223415
3.2,-0.25,-2.68,-0.354189,0.133887,0.13216,-0.223415
3.2,-0.25,-2.67,-0.352852,0.133544,0.132154,-0.223415
3.2,-0.25,-2.66,-0.351519,0.133142,0.13215,-0.223415
3.2,-0.25,-2.65,-0.350189,0.13274,0.132147,-0.223415
3.2,-0.25,-2.64,-0.348864,0.132382,0.132145,-0.223415
3.2,-0.25,-2.63,-0.347542,0.13195,0.132145,-0.223415
3.2,-0.25,-2.62,-0.346224,0.131592,0.132147,-0.223415
3.2,-0.25,-2.61,-0.34491,0.13119,0.132149,-0.223415
3.2,-0.25,-2.6,-0.3436,0.130773,0.132154,-0.223415
3.2,-0.25,-2.59,-0.342294,0.130415,0.13216,-0.223415
3.2,-0.25,-2.58,-0.340992,0.130042,0.132167,-0.223415
3.2,-0.25,-2.57,-0.339694,0.129566,0.132177,-0.223415
3.2,-0.25,-2.56,-0.3384,0.129178,0.132188,-0.223415
3.2,-0.25,-2.55,-0.337111,0.128791,0.1322,-0.223415
3.2,-0.25,-2.54,-0.335825,0.128374,0.132215,-0.223415
3.2,-0.25,-2.53,-0.334544,0.127867,0.132231,-0.223415
3.2,-0.25,-2.52,-0.333267,0.127479,0.132249,-0.223415
3.2,-0.25,-2.51,-0.331994,0.127077,0.132269,-0.223415
3.2,-0.25,-2.5,-0.330726,0.12663,0.13229,-0.223415
3.2,-0.25,-2.49,-0.329461,0.126228,0.132314,-0.223415
3.2,-0.25,-2.48,-0.328202,0.125766,0.132339,-0.223415
3.2,-0.25,-2.47,-0.326946,0.125274,0.132367,-0.223415
3.2,-0.25,-2.46,-0.325695,0.124857,0.132397,-0.223415
3.2,-0.25,-2.45,-0.324449,0.124425,0.132428,-0.223415
3.2,-0.25,-2.44,-0.323207,0.123978,0.132462,-0.223415
3.2,-0.25,-2.43,-0.32197,0.123501,0.132498,-0.223415
3.2,-0.25,-2.42,-0.320737,0.123069,0.132536,-0.223415
3.2,-0.25,-2.41,-0.319509,0.122592,0.132576,-0.223415
3.2,-0.25,-2.4,-0.318285,0.12213,0.132619,-0.223415
3.2,-0.25,-2.39,-0.317067,0.121638,0.132664,-0.223415
3.2,-0.25,-2.38,-0.315853,0.121221,0.132711,-0.223415
3.2,-0.25,-2.37,-0.314643,0.120655,0.132761,-0.223415
3.2,-0.25,-2.36,-0.313439,0.120237,0.132813,-0.223415
3.2,-0.25,-2.35,-0.31224,0.119746,0.132868,-0.223415
3.2,-0.25,-2.34,-0.311045,0.119194,0.132925,-0.223415
3.2,-0.25,-2.33,-0.309856,0.118718,0.132985,-0.223415
3.2,-0.25,-2.32,-0.308671,0.118196,0.133048,-0.223415
3.2,-0.25,-2.31,-0.307492,0.117689,0.133113,-0.223414
3.2,-0.25,-2.3,-0.306317,0.117168,0.133181,-0.223414
3.2,-0.25,-2.29,-0.305148,0.116736,0.133252,-0.223414
3.2,-0.25,-2.28,-0.303984,0.11611,0.133326,-0.223414
3.2,-0.25,-2.27,-0.302825,0.115693,0.133403,-0.223414
3.2,-0.25,-2.26,-0.301671,0.115141,0.133483,-0.223414
3.2,-0.25,-2.25,-0.300523,0.114515,0.133566,-0.223414
3.2,-0.25,-2.24,-0.29938,0.113994,0.133652,-0.223414
3.2,-0.25,-2.23,-0.298242,0.113428,0.133741,-0.223414
3.2,-0.25,-2.22,-0.29711,0.112921,0.133833,-0.223414
3.2,-0.25,-2.21,-0.295983,0.112414,0.133929,-0.223414
3.2,-0.25,-2.2,-0.294862,0.111863,0.134028,-0.223414
3.2,-0.25,-2.19,-0.293747,0.111207,0.134131,-0.223413
3.2,-0.25,-2.18,-0.292637,0.110671,0.134237,-0.223413
3.2,-0.25,-2.17,-0.291533,0.110105,0.134347,-0.223413
3.2,-0.25,-2.16,-0.290434,0.109553,0.13446,-0.223413
3.2,-0.25,-2.15,-0.289341,0.108927,0.134577,-0.223413
3.2,-0.25,-2.14,-0.288255,0.108361,0.134698,-0.223413
3.2,-0.25,-2.13,-0.287174,0.107765,0.134823,-0.223413
3.2,-0.25,-2.12,-0.286099,0.107214,0.134952,-0.223413
3.2,-0.25,-2.11,-0.28503,0.106633,0.135085,-0.223412
3.2,-0.25,-2.1,-0.283966,0.105977,0.135222,-0.223412
3.2,-0.25,-2.09,-0.28291,0.105396,0.135363,-0.223412
3.2,-0.25,-2.08,-0.281859,0.1048,0.135509,-0.223412
3.2,-0.25,-2.07,-0.280814,0.104204,0.135659,-0.223412
3.2,-0.25,-2.06,-0.279776,0.103533,0.135813,-0.223411
3.2,-0.25,-2.05,-0.278744,0.102937,0.135972,-0.223411
3.2,-0.25,-2.04,-0.277718,0.102222,0.136136,-0.223411
3.2,-0.25,-2.03,-0.276698,0.101566,0.136305,-0.223411
3.2,-0.25,-2.02,-0.275686,0.10097,0.136478,-0.22341
3.2,-0.25,-2.01,-0.274679,0.10033,0.136656,-0.22341
3.2,-0.25,-2,-0.273679,0.099659,0.13684,-0.22341
3.2,-0.25,-1.99,-0.272686,0.0989735,0.137028,-0.223409
3.2,-0.25,-1.98,-0.2717,0.0983179,0.137222,-0.223409
3.2,-0.25,-1.97,-0.27072,0.0976622,0.137421,-0.223409
3.2,-0.25,-1.96,-0.269747,0.0969768,0.137626,-0.223408
3.2,-0.25,-1.95,-0.268781,0.0962913,0.137836,-0.223408
3.2,-0.25,-1.94,-0.267822,0.0955462,0.138052,-0.223408
3.2,-0.25,-1.93,-0.266869,0.0949055,0.138274,-0.223407
3.2,-0.25,-1.92,-0.265924,0.0941902,0.138502,-0.223407
3.2,-0.25,-1.91,-0.264986,0.093475,0.138736,-0.223406
3.2,-0.25,-1.9,-0.264055,0.092715,0.138976,-0.223406
3.2,-0.25,-1.89,-0.263131,0.0920445,0.139223,-0.223405
3.2,-0.25,-1.88,-0.262214,0.0912845,0.139476,-0.223405
3.2,-0.25,-1.87,-0.261305,0.0905693,0.139735,-0.223404
3.2,-0.25,-1.86,-0.260403,0.0897795,0.140002,-0.223403
3.2,-0.25,-1.85,-0.259509,0.0890642,0.140275,-0.223403
3.2,-0.25,-1.84,-0.258622,0.0883639,0.140556,-0.223402
3.2,-0.25,-1.83,-0.257743,0.087589,0.140843,-0.223401
3.2,-0.25,-1.82,-0.256871,0.0867546,0.141138,-0.2234
3.2,-0.25,-1.81,-0.256007,0.0860095,0.14144,-0.2234
3.2,-0.25,-1.8,-0.255151,0.0852197,0.141751,-0.223399
3.2,-0.25,-1.79,-0.254303,0.08443,0.142068,-0.223398
3.2,-0.25,-1.78,-0.253462,0.0836253,0.142394,-0.223397
3.2,-0.25,-1.77,-0.252629,0.0828654,0.142729,-0.223396
3.2,-0.25,-1.76,-0.251805,0.0820458,0.143071,-0.223395
3.2,-0.25,-1.75,-0.250988,0.081256,0.143422,-0.223394
3.2,-0.25,-1.74,-0.25018,0.0804663,0.143782,-0.223392
3.2,-0.25,-1.73,-0.24938,0.0796244,0.14415,-0.223391
3.2,-0.25,-1.72,-0.248588,0.0787228,0.144528,-0.22339
3.2,-0.25,-1.71,-0.247804,0.0779256,0.144915,-0.223388
3.2,-0.25,-1.7,-0.247029,0.0770912,0.145311,-0.223387
3.2,-0.25,-1.69,-0.246263,0.0762194,0.145717,-0.223385
3.2,-0.25,-1.68,-0.245504,0.0753552,0.146133,-0.223383
3.2,-0.25,-1.67,-0.244755,0.0744909,0.14656,-0.223382
3.2,-0.25,-1.66,-0.244014,0.0736415,0.146996,-0.22338
3.2,-0.25,-1.65,-0.243282,0.0728071,0.147443,-0.223378
3.2,-0.25,-1.64,-0.242558,0.0718981,0.147901,-0.223376
3.2,-0.25,-1.63,-0.241844,0.0709444,0.14837,-0.223374
3.2,-0.25,-1.62,-0.241138,0.0700876,0.148851,-0.223371
3.2,-0.25,-1.61,-0.240441,0.0691935,0.149342,-0.223369
3.2,-0.25,-1.6,-0.239753,0.0683442,0.149846,-0.223366
3.2,-0.25,-1.59,-0.239075,0.067465,0.150362,-0.223363
3.2,-0.25,-1.58,-0.238406,0.0664741,0.15089,-0.223361
3.2,-0.25,-1.57,-0.237745,0.0655577,0.15143,-0.223358
3.2,-0.25,-1.56,-0.237095,0.0646114,0.151984,-0.223354
3.2,-0.25,-1.55,-0.236453,0.0636578,0.15255,-0.223351
3.2,-0.25,-1.54,-0.235821,0.0627488,0.15313,-0.223347
3.2,-0.25,-1.53,-0.235198,0.0618324,0.153724,-0.223344
3.2,-0.25,-1.52,-0.234585,0.0608414,0.154332,-0.22334
3.2,-0.25,-1.51,-0.233982,0.0598952,0.154955,-0.223335
3.2,-0.25,-1.5,-0.233388,0.0588968,0.155592,-0.223331
3.2,-0.25,-1.49,-0.232804,0.0579134,0.156244,-0.223326
3.2,-0.25,-1.48,-0.23223,0.056915,0.156912,-0.223321
3.2,-0.25,-1.47,-0.231665,0.0559762,0.157595,-0.223316
3.2,-0.25,-1.46,-0.23111,0.0549778,0.158295,-0.223311
3.2,-0.25,-1.45,-0.230566,0.0539869,0.159011,-0.223305
3.2,-0.25,-1.44,-0.230031,0.0530034,0.159744,-0.223299
3.2,-0.25,-1.43,-0.229506,0.0519603,0.160494,-0.223292
3.2,-0.25,-1.42,-0.228992,0.0509322,0.161262,-0.223286
3.2,-0.25,-1.41,-0.228487,0.0499785,0.162048,-0.223278
3.2,-0.25,-1.4,-0.227993,0.0489503,0.162852,-0.223271
3.2,-0.25,-1.39,-0.227509,0.0478849,0.163675,-0.223263
3.2,-0.25,-1.38,-0.227035,0.0468493,0.164518,-0.223255
3.2,-0.25,-1.37,-0.226572,0.0457838,0.165381,-0.223246
3.2,-0.25,-1.36,-0.226118,0.0447929,0.166264,-0.223236
3.2,-0.25,-1.35,-0.225676,0.0437573,0.167167,-0.223226
3.2,-0.25,-1.34,-0.225243,0.0426844,0.168092,-0.223216
3.2,-0.25,-1.33,-0.224821,0.0416189,0.169039,-0.223205
3.2,-0.25,-1.32,-0.22441,0.0405908,0.170008,-0.223193
3.2,-0.25,-1.31,-0.224009,0.0395551,0.170999,-0.223181
3.2,-0.25,-1.3,-0.223619,0.038527,0.172014,-0.223168
3.2,-0.25,-1.29,-0.223239,0.0374541,0.173053,-0.223154
3.2,-0.25,-1.28,-0.22287,0.0364259,0.174117,-0.22314
3.2,-0.25,-1.27,-0.222511,0.0353977,0.175205,-0.223125
3.2,-0.25,-1.26,-0.222163,0.0343248,0.17632,-0.223109
3.2,-0.25,-1.25,-0.221825,0.0332519,0.17746,-0.223092
3.2,-0.25,-1.24,-0.221498,0.0322238,0.178627,-0.223074
3.2,-0.25,-1.23,-0.221182,0.0311136,0.179823,-0.223055
3.2,-0.25,-1.22,-0.220876,0.0301301,0.181046,-0.223035
3.2,-0.25,-1.21,-0.220581,0.02902,0.182298,-0.223014
3.2,-0.25,-1.2,-0.220296,0.0279397,0.18358,-0.222992
3.2,-0.25,-1.19,-0.220021,0.0269115,0.184892,-0.222968
3.2,-0.25,-1.18,-0.219758,0.0258386,0.186235,-0.222944
3.2,-0.25,-1.17,-0.219504,0.0248104,0.18761,-0.222918
3.2,-0.25,-1.16,-0.219261,0.0237823,0.189018,-0.22289
3.2,-0.25,-1.15,-0.219028,0.0227615,0.190459,-0.222861
3.2,-0.25,-1.14,-0.218806,0.0217557,0.191935,-0.222831
3.2,-0.25,-1.13,-0.218593,0.020653,0.193446,-0.222798
3.2,-0.25,-1.12,-0.218391,0.019744,0.194992,-0.222764
3.2,-0.25,-1.11,-0.218199,0.0187531,0.196576,-0.222728
3.2,-0.25,-1.1,-0.218017,0.0177547,0.198197,-0.22269
3.2,-0.25,-1.09,-0.217844,0.0167638,0.199857,-0.22265
3.2,-0.25,-1.08,-0.217682,0.0157803,0.201557,-0.222608
3.2,-0.25,-1.07,-0.217528,0.0149086,0.203298,-0.222563
3.2,-0.25,-1.06,-0.217385,0.0139177,0.20508,-0.222516
3.2,-0.25,-1.05,-0.21725,0.0129715,0.206905,-0.222467
3.2,-0.25,-1.04,-0.217125,0.0120848,0.208774,-0.222414
3.2,-0.25,-1.03,-0.217009,0.0112131,0.210688,-0.222359
3.2,-0.25,-1.02,-0.216901,0.0103116,0.212648,-0.222301
3.2,-0.25,-1.01,-0.216802,0.00947714,0.214656,-0.222239
3.2,-0.25,-1,-0.216712,0.00864267,0.216712,-0.222174
3.2,-0.25,-0.99,-0.216629,0.00785291,0.218817,-0.222106
3.2,-0.25,-0.98,-0.216554,0.0070557,0.220974,-0.222034
3.2,-0.25,-0.97,-0.216487,0.00634789,0.223183,-0.221957
3.2,-0.25,-0.96,-0.216427,0.00562519,0.225445,-0.221877
3.2,-0.25,-0.95,-0.216375,0.00490993,0.227763,-0.221792
3.2,-0.25,-0.94,-0.216329,0.00428408,0.230137,-0.221703
3.2,-0.25,-0.93,-0.216289,0.00373274,0.232568,-0.221608
3.2,-0.25,-0.92,-0.216255,0.00309199,0.23506,-0.221508
3.2,-0.25,-0.91,-0.216227,0.0025779,0.237612,-0.221403
3.2,-0.25,-0.9,-0.216204,0.00206381,0.240226,-0.221292
3.2,-0.25,-0.89,-0.216185,0.00158697,0.242905,-0.221175
3.2,-0.25,-0.88,-0.216171,0.00119209,0.245649,-0.221052
3.2,-0.25,-0.87,-0.216161,0.000879169,0.24846,-0.220921
3.2,-0.25,-0.86,-0.216153,0.000596046,0.251341,-0.220784
3.2,-0.25,-0.85,-0.216149,0.000357628,0.254293,-0.220639
3.2,-0.25,-0.84,-0.216146,0.000119209,0.257317,-0.220486
3.2,-0.25,-0.83,-0.216145,4.47035e-05,0.260416,-0.220324
3.2,-0.25,-0.82,-0.216145,0,0.263592,-0.220154
3.2,-0.25,-0.81,-0.216145,0,0.266846,-0.219974
3.2,-0.25,-0.8,-0.216145,0.000111759,0.270181,-0.219785
3.2,-0.25,-0.79,-0.216142,0.000342727,0.273598,-0.219585
3.2,-0.25,-0.78,-0.216138,0.000536442,0.2771,-0.219374
3.2,-0.25,-0.77,-0.216131,0.00089407,0.280689,-0.219152
3.2,-0.25,-0.76,-0.216119,0.0013262,0.284368,-0.218917
3.2,-0.25,-0.75,-0.216103,0.00186265,0.288138,-0.218669
3.2,-0.25,-0.74,-0.216081,0.0025332,0.292001,-0.218408
3.2,-0.25,-0.73,-0.216052,0.0032708,0.295962,-0.218133
3.2,-0.25,-0.72,-0.216015,0.00418723,0.30002,-0.217842
3.2,-0.25,-0.71,-0.215968,0.00513345,0.304181,-0.217536
3.2,-0.25,-0.7,-0.215911,0.00628084,0.308445,-0.217212
3.2,-0.25,-0.69,-0.215843,0.00749528,0.312815,-0.216871
3.2,-0.25,-0.68,-0.215761,0.00890344,0.317295,-0.216512
3.2,-0.25,-0.67,-0.215665,0.0104234,0.321887,-0.216133
3.2,-0.25,-0.66,-0.215552,0.0120252,0.326594,-0.215733
3.2,-0.25,-0.65,-0.215422,0.0139698,0.331419,-0.215311
3.2,-0.25,-0.64,-0.215273,0.0158995,0.336364,-0.214866
3.2,-0.25,-0.63,-0.215103,0.0181124,0.341434,-0.214397
3.2,-0.25,-0.62,-0.214911,0.0204965,0.34663,-0.213903
3.2,-0.25,-0.61,-0.214693,0.0230074,0.351956,-0.213381
3.2,-0.25,-0.6,-0.214449,0.0257641,0.357416,-0.212832
3.2,-0.25,-0.59,-0.214177,0.0287369,0.363012,-0.212252
3.2,-0.25,-0.58,-0.213874,0.0319257,0.368748,-0.211641
3.2,-0.25,-0.57,-0.213537,0.0353754,0.374627,-0.210996
3.2,-0.25,-0.56,-0.213166,0.0390038,0.380653,-0.210317
3.2,-0.25,-0.55,-0.212756,0.0429302,0.386829,-0.209601
3.2,-0.25,-0.54,-0.212306,0.0471249,0.393159,-0.208847
3.2,-0.25,-0.53,-0.211812,0.0515878,0.399646,-0.208051
3.2,-0.25,-0.52,-0.211273,0.0563413,0.406295,-0.207213
3.2,-0.25,-0.51,-0.210685,0.0614375,0.413108,-0.20633
3.2,-0.25,-0.5,-0.210045,0.0666901,0.420089,-0.205399
3.2,-0.25,-0.49,-0.209349,0.0724494,0.427243,-0.204418
3.2,-0.25,-0.48,-0.208595,0.0784472,0.434574,-0.203385
3.2,-0.25,-0.47,-0.207779,0.0848472,0.442084,-0.202296
3.2,-0.25,-0.46,-0.206898,0.0915751,0.449778,-0.201149
3.2,-0.25,-0.45,-0.205947,0.0986978,0.45766,-0.199941
3.2,-0.25,-0.44,-0.204923,0.106186,0.465734,-0.198668
3.2,-0.25,-0.43,-0.203821,0.114158,0.474003,-0.197328
3.2,-0.25,-0.42,-0.202638,0.122555,0.482471,-0.195917
3.2,-0.25,-0.41,-0.201369,0.131369,0.491144,-0.194432
3.2,-0.25,-0.4,-0.200009,0.140645,0.500023,-0.192868
3.2,-0.25,-0.39,-0.198554,0.150427,0.509114,-0.191221
3.2,-0.25,-0.38,-0.196999,0.160672,0.518419,-0.189488
3.2,-0.25,-0.37,-0.195339,0.17143,0.527943,-0.187665
3.2,-0.25,-0.36,-0.193568,0.182763,0.53769,-0.185746
3.2,-0.25,-0.35,-0.191682,0.194624,0.547662,-0.183728
3.2,-0.25,-0.34,-0.189674,0.207044,0.557864,-0.181605
3.2,-0.25,-0.33,-0.187539,0.220068,0.568299,-0.179372
3.2,-0.25,-0.32,-0.18527,0.23368,0.57897,-0.177024
3.2,-0.25,-0.31,-0.182863,0.24797,0.58988,-0.174556
3.2,-0.25,-0.3,-0.180309,0.262849,0.601031,-0.171962
3.2,-0.25,-0.29,-0.177604,0.278369,0.612428,-0.169236
3.2,-0.25,-0.28,-0.17474,0.294559,0.624071,-0.166372
3.2,-0.25,-0.27,-0.17171,0.311494,0.635965,-0.163364
3.2,-0.25,-0.26,-0.168508,0.329107,0.648109,-0.160204
3.2,-0.25,-0.25,-0.165127,0.347421,0.660507,-0.156888
3.2,-0.25,-0.24,-0.161558,0.366442,0.673159,-0.153407
3.2,-0.25,-0.23,-0.157795,0.386238,0.686067,-0.149754
3.2,-0.25,-0.22,-0.153831,0.406809,0.69923,-0.145923
3.2,-0.25,-0.21,-0.149656,0.42814,0.71265,-0.141905
3.2,-0.25,-0.2,-0.145265,0.450261,0.726325,-0.137693
3.2,-0.25,-0.19,-0.140649,0.473134,0.740256,-0.13328
3.2,-0.25,-0.18,-0.1358,0.496827,0.754442,-0.128656
3.2,-0.25,-0.17,-0.130709,0.521325,0.768879,-0.123814
3.2,-0.25,-0.16,-0.125371,0.546586,0.783566,-0.118746
3.2,-0.25,-0.15,-0.119775,0.572678,0.798499,-0.113443
3.2,-0.25,-0.14,-0.113915,0.599533,0.813676,-0.107897
3.2,-0.25,-0.13,-0.107782,0.627156,0.829091,-0.102099
3.2,-0.25,-0.12,-0.101369,0.655599,0.844739,-0.0960398
3.2,-0.25,-0.11,-0.0946677,0.684772,0.860616,-0.0897119
3.2,-0.25,-0.1,-0.0876712,0.714675,0.876712,-0.0831063
3.2,-0.25,-0.09,-0.0803719,0.745278,0.893021,-0.0762146
3.2,-0.25,-0.08,-0.0727628,0.776649,0.909534,-0.0690282
3.2,-0.25,-0.07,-0.064837,0.808615,0.926243,-0.061539
3.2,-0.25,-0.06,-0.0565881,0.841219,0.943135,-0.053739
3.2,-0.25,-0.05,-0.0480101,0.874475,0.960202,-0.0456203
3.2,-0.25,-0.04,-0.0390971,0.908224,0.977428,-0.0371755
3.2,-0.25,-0.03,-0.029844,0.942451,0.994801,-0.0283975
3.2,-0.25,-0.02,-0.0202462,0.977173,1.01231,-0.0192796
3.2,-0.25,-0.01,-0.0102993,1.01225,1.02993,-0.00981566
3.2,-0.25,0,0,1.04767,1.04767,0
3.2,-0.25,0.01,0.0106546,1.0833,1.06546,0.0101723
3.2,-0.25,0.02,0.0216666,1.11911,1.08333,0.0207057
3.2,-0.25,0.03,0.0330374,1.15502,1.10125,0.0316035
3.2,-0.25,0.04,0.0447674,1.19095,1.11918,0.0428685
3.2,-0.25,0.05,0.0568561,1.22679,1.13712,0.0545025
3.2,-0.25,0.06,0.0693024,1.26242,1.15504,0.0665062
3.2,-0.25,0.07,0.082104,1.2978,1.17291,0.0788795
3.2,-0.25,0.08,0.0952575,1.33282,1.19072,0.0916208
3.2,-0.25,0.09,0.108758,1.36732,1.20843,0.104728
3.2,-0.25,0.1,0.122602,1.4012,1.22602,0.118196
3.2,-0.25,0.11,0.13678,1.43438,1.24346,0.132022
3.2,-0.25,0.12,0.151287,1.46674,1.26072,0.146197
3.2,-0.25,0.13,0.166112,1.49818,1.27779,0.160716
3.2,-0.25,0.14,0.181247,1.52855,1.29462,0.175567
3.2,-0.25,0.15,0.196679,1.55772,1.31119,0.190741
3.2,-0.25,0.16,0.212397,1.58561,1.32748,0.206226
3.2,-0.25,0.17,0.228387,1.61213,1.34345,0.222009
3.2,-0.25,0.18,0.244634,1.63712,1.35908,0.238074
3.2,-0.25,0.19,0.261124,1.66051,1.37434,0.254406
3.2,-0.25,0.2,0.277839,1.68221,1.38919,0.270986
3.2,-0.25,0.21,0.294761,1.70201,1.40362,0.287797
3.2,-0.25,0.22,0.311873,1.72,1.4176,0.304818
3.2,-0.25,0.23,0.329155,1.73597,1.43111,0.322028
3.2,-0.25,0.24,0.346586,1.7499,1.44411,0.339405
3.2,-0.25,0.25,0.364146,1.76173,1.45658,0.356926
3.2,-0.25,0.26,0.381813,1.77138,1.46851,0.374568
3.2,-0.25,0.27,0.399566,1.7788,1.47987,0.392305
3.2,-0.25,0.28,0.417381,1.78392,1.49065,0.410114
3.2,-0.25,0.29,0.435237,1.78684,1.50082,0.427967
3.2,-0.25,0.3,0.453111,1.78744,1.51037,0.44584
3.2,-0.25,0.31,0.470979,1.78574,1.51929,0.463707
3.2,-0.25,0.32,0.488818,1.78179,1.52756,0.481543
3.2,-0.25,0.33,0.506607,1.77553,1.53517,0.49932
3.2,-0.25,0.34,0.524321,1.76704,1.54212,0.517015
3.2,-0.25,0.35,0.54194,1.75637,1.5484,0.534603
3.2,-0.25,0.36,0.559442,1.74356,1.554,0.552058
3.2,-0.25,0.37,0.576804,1.72862,1.55893,0.569359
3.2,-0.25,0.38,0.594007,1.71167,1.56318,0.586481
3.2,-0.25,0.39,0.611031,1.69283,1.56675,0.603405
3.2,-0.25,0.4,0.627857,1.67206,1.56964,0.620108
3.2,-0.25,0.41,0.644467,1.64956,1.57187,0.636572
3.2,-0.25,0.42,0.660843,1.62539,1.57344,0.652779
3.2,-0.25,0.43,0.67697,1.5997,1.57435,0.668712
3.2,-0.25,0.44,0.692832,1.57249,1.57462,0.684354
3.2,-0.25,0.45,0.708416,1.54397,1.57426,0.699693
3.2,-0.25,0.46,0.723707,1.51423,1.57328,0.714715
3.2,-0.25,0.47,0.738696,1.48332,1.57169,0.729409
3.2,-0.25,0.48,0.753371,1.45143,1.56952,0.743765
3.2,-0.25,0.49,0.767722,1.41865,1.56678,0.757775
3.2,-0.25,0.5,0.781742,1.38506,1.56348,0.771431
3.2,-0.25,0.51,0.795423,1.35091,1.55965,0.784728
3.2,-0.25,0.52,0.808759,1.31625,1.55531,0.797661
3.2,-0.25,0.53,0.821745,1.28105,1.55046,0.810227
3.2,-0.25,0.54,0.834378,1.2455,1.54514,0.822425
3.2,-0.25,0.55,0.846654,1.20974,1.53937,0.834252
3.2,-0.25,0.56,0.858572,1.17385,1.53317,0.845711
3.2,-0.25,0.57,0.870131,1.13791,1.52655,0.856801
3.2,-0.25,0.58,0.881331,1.10203,1.51954,0.867524
3.2,-0.25,0.59,0.892173,1.06639,1.51216,0.877885
3.2,-0.25,0.6,0.902658,1.03083,1.50443,0.887887
3.2,-0.25,0.61,0.912789,0.995487,1.49638,0.897535
3.2,-0.25,0.62,0.922569,0.960588,1.48801,0.906833
3.2,-0.25,0.63,0.932002,0.926077,1.47937,0.915788
3.2,-0.25,0.64,0.941093,0.892073,1.47046,0.924407
3.2,-0.25,0.65,0.949846,0.858516,1.4613,0.932695
3.2,-0.25,0.66,0.958266,0.825644,1.45192,0.940661
3.2,-0.25,0.67,0.96636,0.793308,1.44233,0.948312
3.2,-0.25,0.68,0.974135,0.761598,1.43255,0.955656
3.2,-0.25,0.69,0.981595,0.730664,1.4226,0.962701
3.2,-0.25,0.7,0.98875,0.700355,1.4125,0.969456
3.2,-0.25,0.71,0.995604,0.67085,1.40226,0.975928
3.2,-0.25,0.72,1.00217,0.642002,1.3919,0.982127
3.2,-0.25,0.73,1.00845,0.613928,1.38143,0.988061
3.2,-0.25,0.74,1.01445,0.586629,1.37088,0.993738
3.2,-0.25,0.75,1.02018,0.560164,1.36024,0.999167
3.2,-0.25,0.76,1.02565,0.534534,1.34954,1.00436
3.2,-0.25,0.77,1.03087,0.50956,1.3388,1.00932
3.2,-0.25,0.78,1.03585,0.48548,1.32801,1.01405
3.2,-0.25,0.79,1.04058,0.462174,1.3172,1.01858
3.2,-0.25,0.8,1.04509,0.439584,1.30637,1.02289
3.2,-0.25,0.81,1.04938,0.417888,1.29553,1.02701
3.2,-0.25,0.82,1.05345,0.396967,1.2847,1.03094
3.2,-0.25,0.83,1.05732,0.376761,1.27388,1.03468
3.2,-0.25,0.84,1.06099,0.357211,1.26308,1.03825
3.2,-0.25,0.85,1.06447,0.338554,1.25232,1.04166
3.2,-0.25,0.86,1.06776,0.320554,1.24159,1.0449
3.2,-0.25,0.87,1.07088,0.303328,1.2309,1.04798
3.2,-0.25,0.88,1.07383,0.286818,1.22027,1.05092
3.2,-0.25,0.89,1.07662,0.270844,1.20969,1.05372
3.2,-0.25,0.9,1.07925,0.255644,1.19917,1.05638
3.2,-0.25,0.91,1.08174,0.241041,1.18872,1.05892
3.2,-0.25,0.92,1.08408,0.227153,1.17834,1.06133
3.2,-0.25,0.93,1.08628,0.213861,1.16804,1.06362
3.2,-0.25,0.94,1.08835,0.201106,1.15782,1.0658
3.2,-0.25,0.95,1.0903,0.188887,1.14769,1.06787
3.2,-0.25,0.96,1.09213,0.177324,1.13764,1.06984
3.2,-0.25,0.97,1.09385,0.166297,1.12768,1.07171
3.2,-0.25,0.98,1.09546,0.155747,1.11782,1.07349
3.2,-0.25,0.99,1.09697,0.145674,1.10805,1.07518
3.2,-0.25,1,1.09838,0.136137,1.09838,1.07679
3.2,-0.25,1.01,1.09969,0.127137,1.08881,1.07832
3.2,-0.25,1.02,1.10092,0.118554,1.07933,1.07977
3.2,-0.25,1.03,1.10206,0.110269,1.06997,1.08114
3.2,-0.25,1.04,1.10313,0.10252,1.0607,1.08245
3.2,-0.25,1.05,1.10412,0.0952482,1.05154,1.08369
3.2,-0.25,1.06,1.10504,0.0882745,1.04249,1.08487
3.2,-0.25,1.07,1.10589,0.0817776,1.03354,1.08599
3.2,-0.25,1.08,1.10667,0.0755191,1.0247,1.08705
3.2,-0.25,1.09,1.1074,0.0696778,1.01596,1.08806
3.2,-0.25,1.1,1.10807,0.064075,1.00733,1.08902
3.2,-0.25,1.11,1.10868,0.0590086,0.998811,1.08993
3.2,-0.25,1.12,1.10925,0.0540614,0.990397,1.09079
3.2,-0.25,1.13,1.10976,0.0495315,0.98209,1.0916
3.2,-0.25,1.14,1.11023,0.0451207,0.97389,1.09238
3.2,-0.25,1.15,1.11067,0.0411272,0.965796,1.09312
3.2,-0.25,1.16,1.11106,0.0372529,0.957807,1.09381
3.2,-0.25,1.17,1.11141,0.0336766,0.949924,1.09448
3.2,-0.25,1.18,1.11173,0.0303388,0.942145,1.0951
3.2,-0.25,1.19,1.11202,0.0272393,0.93447,1.0957
3.2,-0.25,1.2,1.11228,0.0244379,0.926899,1.09627
3.2,-0.25,1.21,1.11251,0.0218153,0.919429,1.0968
3.2,-0.25,1.22,1.11271,0.0193715,0.912061,1.09731
3.2,-0.25,1.23,1.1129,0.0169873,0.904794,1.09779
3.2,-0.25,1.24,1.11306,0.0149608,0.897626,1.09825
3.2,-0.25,1.25,1.1132,0.0130534,0.890557,1.09868
3.2,-0.25,1.26,1.11332,0.0112653,0.883585,1.09909
3.2,-0.25,1.27,1.11342,0.00965595,0.87671,1.09948
3.2,-0.25,1.28,1.11351,0.00822544,0.86993,1.09985
3.2,-0.25,1.29,1.11359,0.00691414,0.863245,1.1002
3.2,-0.25,1.3,1.11365,0.00572205,0.856653,1.10054
3.2,-0.25,1.31,1.1137,0.00470877,0.850153,1.10085
3.2,-0.25,1.32,1.11374,0.00363588,0.843745,1.10115
3.2,-0.25,1.33,1.11378,0.00286102,0.837426,1.10143
3.2,-0.25,1.34,1.1138,0.00220537,0.831195,1.1017
3.2,-0.25,1.35,1.11382,0.00166893,0.825053,1.10196
3.2,-0.25,1.36,1.11383,0.00113249,0.818996,1.1022
3.2,-0.25,1.37,1.11384,0.000715256,0.813025,1.10243
3.2,-0.25,1.38,1.11385,0.000476837,0.807138,1.10264
3.2,-0.25,1.39,1.11385,0.000238419,0.801333,1.10285
3.2,-0.25,1.4,1.11385,0,0.79561,1.10305
3.2,-0.25,1.41,1.11385,5.96046e-05,0.789968,1.10323
3.2,-0.25,1.42,1.11385,5.96046e-05,0.784405,1.10341
3.2,-0.25,1.43,1.11386,5.96046e-05,0.77892,1.10357
3.2,-0.25,1.44,1.11386,0.000298023,0.773512,1.10373
3.2,-0.25,1.45,1.11386,0.000417233,0.768179,1.10388
3.2,-0.25,1.46,1.11387,0.000655651,0.762922,1.10402
3.2,-0.25,1.47,1.11387,0.00107288,0.757738,1.10415
3.2,-0.25,1.48,1.11389,0.00143051,0.752626,1.10428
3.2,-0.25,1.49,1.1139,0.00190735,0.747586,1.1044
3.2,-0.25,1.5,1.11392,0.00232458,0.742615,1.10451
3.2,-0.25,1.51,1.11395,0.00280142,0.737714,1.10462
3.2,-0.25,1.52,1.11398,0.00339746,0.732881,1.10473
3.2,-0.25,1.53,1.11402,0.00393391,0.728115,1.10482
3.2,-0.25,1.54,1.11406,0.00458956,0.723415,1.10491
3.2,-0.25,1.55,1.11411,0.0051856,0.718779,1.105
3.2,-0.25,1.56,1.11416,0.00590086,0.714208,1.10508
3.2,-0.25,1.57,1.11423,0.00673532,0.709699,1.10516
3.2,-0.25,1.58,1.1143,0.00745058,0.705252,1.10524
3.2,-0.25,1.59,1.11438,0.00828505,0.700866,1.10531
3.2,-0.25,1.6,1.11446,0.00911951,0.696539,1.10537
3.2,-0.25,1.61,1.11456,0.00989437,0.692272,1.10544
3.2,-0.25,1.62,1.11466,0.0107288,0.688062,1.1055
3.2,-0.25,1.63,1.11477,0.0116229,0.683909,1.10555
3.2,-0.25,1.64,1.11489,0.0124574,0.679813,1.10561
3.2,-0.25,1.65,1.11502,0.013411,0.675771,1.10566
3.2,-0.25,1.66,1.11516,0.0143647,0.671784,1.10571
3.2,-0.25,1.67,1.11531,0.0153184,0.66785,1.10575
3.2,-0.25,1.68,1.11547,0.0162721,0.663969,1.1058
3.2,-0.25,1.69,1.11563,0.0172257,0.660139,1.10584
3.2,-0.25,1.7,1.11581,0.0180602,0.65636,1.10588
3.2,-0.25,1.71,1.116,0.0191331,0.652631,1.10591
3.2,-0.25,1.72,1.1162,0.0201464,0.648951,1.10595
3.2,-0.25,1.73,1.1164,0.0212193,0.645319,1.10598
3.2,-0.25,1.74,1.11662,0.0222325,0.641736,1.10601
3.2,-0.25,1.75,1.11685,0.0232458,0.638198,1.10604
3.2,-0.25,1.76,1.11708,0.0242591,0.634707,1.10607
3.2,-0.25,1.77,1.11733,0.0253916,0.631261,1.1061
3.2,-0.25,1.78,1.11759,0.0263453,0.62786,1.10612
3.2,-0.25,1.79,1.11786,0.0274777,0.624503,1.10615
3.2,-0.25,1.8,1.11814,0.028491,0.621189,1.10617
3.2,-0.25,1.81,1.11843,0.0295043,0.617917,1.10619
3.2,-0.25,1.82,1.11873,0.0305176,0.614686,1.10621
3.2,-0.25,1.83,1.11904,0.0315905,0.611497,1.10623
3.2,-0.25,1.84,1.11936,0.0326037,0.608349,1.10625
3.2,-0.25,1.85,1.11969,0.0337362,0.60524,1.10627
3.2,-0.25,1.86,1.12004,0.0348091,0.60217,1.10629
3.2,-0.25,1.87,1.12039,0.035882,0.599139,1.1063
3.2,-0.25,1.88,1.12075,0.0368953,0.596145,1.10632
3.2,-0.25,1.89,1.12113,0.0379682,0.593189,1.10633
3.2,-0.25,1.9,1.12151,0.0389814,0.59027,1.10634
3.2,-0.25,1.91,1.12191,0.0399947,0.587386,1.10636
3.2,-0.25,1.92,1.12231,0.0411272,0.584539,1.10637
3.2,-0.25,1.93,1.12273,0.0420809,0.581726,1.10638
3.2,-0.25,1.94,1.12316,0.0431538,0.578947,1.10639
3.2,-0.25,1.95,1.12359,0.0442266,0.576202,1.1064
3.2,-0.25,1.96,1.12404,0.0452399,0.573491,1.10641
3.2,-0.25,1.97,1.1245,0.0463724,0.570812,1.10642
3.2,-0.25,1.98,1.12497,0.0473261,0.568166,1.10643
3.2,-0.25,1.99,1.12545,0.048399,0.565551,1.10644
3.2,-0.25,2,1.12594,0.0494123,0.562968,1.10644
3.2,-0.25,2.01,1.12644,0.0504255,0.560416,1.10645
3.2,-0.25,2.02,1.12694,0.0514388,0.557893,1.10646
3.2,-0.25,2.03,1.12746,0.0525117,0.555401,1.10646
3.2,-0.25,2.04,1.12799,0.0534058,0.552938,1.10647
3.2,-0.25,2.05,1.12853,0.0544786,0.550504,1.10648
3.2,-0.25,2.06,1.12908,0.0554919,0.548098,1.10648
3.2,-0.25,2.07,1.12964,0.0564456,0.545721,1.10649
3.2,-0.25,2.08,1.13021,0.0573993,0.543371,1.10649
3.2,-0.25,2.09,1.13079,0.0584722,0.541048,1.1065
3.2,-0.25,2.1,1.13138,0.0593662,0.538752,1.1065
3.2,-0.25,2.11,1.13198,0.0603795,0.536482,1.10651
3.2,-0.25,2.12,1.13259,0.0612736,0.534238,1.10651
3.2,-0.25,2.13,1.1332,0.0622272,0.53202,1.10651
3.2,-0.25,2.14,1.13383,0.0632405,0.529827,1.10652
3.2,-0.25,2.15,1.13447,0.064075,0.527659,1.10652
3.2,-0.25,2.16,1.13511,0.0650287,0.525515,1.10652
3.2,-0.25,2.17,1.13577,0.0659823,0.523395,1.10653
3.2,-0.25,2.18,1.13643,0.0669956,0.521299,1.10653
3.2,-0.25,2.19,1.13711,0.0678301,0.519227,1.10653
3.2,-0.25,2.2,1.13779,0.0687242,0.517177,1.10654
3.2,-0.25,2.21,1.13848,0.0696182,0.51515,1.10654
3.2,-0.25,2.22,1.13918,0.0704527,0.513145,1.10654
3.2,-0.25,2.23,1.13989,0.0713468,0.511162,1.10654
3.2,-0.25,2.24,1.14061,0.0724196,0.509201,1.10655
3.2,-0.25,2.25,1.14134,0.0731349,0.507262,1.10655
3.2,-0.25,2.26,1.14207,0.074029,0.505343,1.10655
3.2,-0.25,2.27,1.14282,0.074923,0.503445,1.10655
3.2,-0.25,2.28,1.14357,0.0758171,0.501567,1.10655
3.2,-0.25,2.29,1.14434,0.076592,0.49971,1.10655
3.2,-0.25,2.3,1.14511,0.077486,0.497872,1.10656
3.2,-0.25,2.31,1.14589,0.0783205,0.496054,1.10656
3.2,-0.25,2.32,1.14667,0.0792742,0.494256,1.10656
3.2,-0.25,2.33,1.14747,0.0799894,0.492476,1.10656
3.2,-0.25,2.34,1.14827,0.0809431,0.490715,1.10656
3.2,-0.25,2.35,1.14909,0.0816584,0.488973,1.10656
3.2,-0.25,2.36,1.14991,0.0824332,0.487248,1.10656
3.2,-0.25,2.37,1.15073,0.0832081,0.485542,1.10657
3.2,-0.25,2.38,1.15157,0.0840425,0.483853,1.10657
3.2,-0.25,2.39,1.15241,0.0848174,0.482182,1.10657
3.2,-0.25,2.4,1.15327,0.0855923,0.480528,1.10657
3.2,-0.25,2.41,1.15413,0.0864267,0.478891,1.10657
3.2,-0.25,2.42,1.15499,0.087142,0.47727,1.10657
3.2,-0.25,2.43,1.15587,0.0879169,0.475667,1.10657
3.2,-0.25,2.44,1.15675,0.0886321,0.474079,1.10657
3.2,-0.25,2.45,1.15764,0.089407,0.472507,1.10657
3.2,-0.25,2.46,1.15854,0.0901222,0.470952,1.10657
3.2,-0.25,2.47,1.15945,0.0908375,0.469412,1.10657
3.2,-0.25,2.48,1.16036,0.0916719,0.467887,1.10657
3.2,-0.25,2.49,1.16128,0.0924468,0.466377,1.10657
3.2,-0.25,2.5,1.16221,0.0931025,0.464883,1.10657
3.2,-0.25,2.51,1.16314,0.0937581,0.463403,1.10658
3.2,-0.25,2.52,1.16408,0.0944734,0.461938,1.10658
3.2,-0.25,2.53,1.16503,0.0952482,0.460487,1.10658
3.2,-0.25,2.54,1.16599,0.0959635,0.45905,1.10658
3.2,-0.25,2.55,1.16695,0.0965595,0.457627,1.10658
3.2,-0.25,2.56,1.16792,0.0972748,0.456218,1.10658
3.2,-0.25,2.57,1.16889,0.09799,0.454823,1.10658
3.2,-0.25,2.58,1.16988,0.0985861,0.453441,1.10658
3.2,-0.25,2.59,1.17087,0.0993013,0.452072,1.10658
3.2,-0.25,2.6,1.17186,0.0998974,0.450717,1.10658
3.2,-0.25,2.61,1.17287,0.100672,0.449374,1.10658
3.2,-0.25,2.62,1.17388,0.101268,0.448044,1.10658
3.2,-0.25,2.63,1.17489,0.101864,0.446727,1.10658
3.2,-0.25,2.64,1.17591,0.10252,0.445422,1.10658
3.2,-0.25,2.65,1.17694,0.103176,0.44413,1.10658
3.2,-0.25,2.66,1.17798,0.103831,0.442849,1.10658
3.2,-0.25,2.67,1.17902,0.104487,0.441581,1.10658
3.2,-0.25,2.68,1.18007,0.105023,0.440324,1.10658
3.2,-0.25,2.69,1.18112,0.10556,0.439079,1.10658
3.2,-0.25,2.7,1.18218,0.106275,0.437845,1.10658
3.2,-0.25,2.71,1.18325,0.106871,0.436623,1.10658
3.2,-0.25,2.72,1.18432,0.107467,0.435411,1.10658
3.2,-0.25,2.73,1.1854,0.108063,0.434211,1.10658
3.2,-0.25,2.74,1.18648,0.1086,0.433022,1.10658
3.2,-0.25,2.75,1.18757,0.109255,0.431844,1.10658
3.2,-0.25,2.76,1.18867,0.109792,0.430676,1.10658
3.2,-0.25,2.77,1.18977,0.110388,0.429519,1.10658
3.2,-0.25,2.78,1.19087,0.110924,0.428372,1.10658
3.2,-0.25,2.79,1.19199,0.11158,0.427235,1.10658
3.2,-0.25,2.8,1.1931,0.112057,0.426109,1.10658
3.2,-0.25,2.81,1.19423,0.112593,0.424992,1.10658
3.2,-0.25,2.82,1.19536,0.113249,0.423886,1.10658
3.2,-0.25,2.83,1.19649,0.113666,0.422789,1.10658
3.2,-0.25,2.84,1.19763,0.114262,0.421702,1.10658
3.2,-0.25,2.85,1.19878,0.114858,0.420624,1.10658
3.2,-0.25,2.86,1.19993,0.115335,0.419556,1.10658
3.2,-0.25,2.87,1.20109,0.115871,0.418497,1.10658
3.2,-0.25,2.88,1.20225,0.116408,0.417447,1.10658
3.2,-0.25,2.89,1.20341,0.116825,0.416406,1.10658
3.2,-0.25,2.9,1.20459,0.117481,0.415374,1.10658
3.2,-0.25,2.91,1.20576,0.117958,0.414351,1.10658
3.2,-0.25,2.92,1.20694,0.118434,0.413337,1.10658
3.2,-0.25,2.93,1.20813,0.118971,0.412331,1.10658
3.2,-0.25,2.94,1.20932,0.119448,0.411334,1.10658
3.2,-0.25,2.95,1.21052,0.119865,0.410346,1.10658
3.2,-0.25,2.96,1.21172,0.120461,0.409365,1.10658
3.2,-0.25,2.97,1.21293,0.120938,0.408393,1.10658
3.2,-0.25,2.98,1.21414,0.121474,0.407429,1.10658
3.2,-0.25,2.99,1.21536,0.121951,0.406473,1.10658
3.2,-0.25,3,1.21658,0.122309,0.405526,1.10658
3.2,-0.25,3.01,1.2178,0.122786,0.404585,1.10658
3.2,-0.25,3.02,1.21903,0.123262,0.403653,1.10658
3.2,-0.25,3.03,1.22027,0.123739,0.402729,1.10658
3.2,-0.25,3.04,1.22151,0.124276,0.401812,1.10658
3.2,-0.25,3.05,1.22275,0.124633,0.400902,1.10658
3.2,-0.25,3.06,1.224,0.12511,0.4,1.10658
3.2,-0.25,3.07,1.22525,0.125468,0.399105,1.10658
3.2,-0.25,3.08,1.22651,0.126004,0.398218,1.10658
3.2,-0.25,3.09,1.22777,0.126362,0.397337,1.10658
3.2,-0.25,3.1,1.22904,0.126839,0.396464,1.10658
3.2,-0.25,3.11,1.23031,0.127196,0.395598,1.10658
3.2,-0.25,3.12,1.23158,0.127733,0.394738,1.10658
3.2,-0.25,3.13,1.23286,0.12815,0.393886,1.10658
3.2,-0.25,3.14,1.23415,0.128627,0.39304,1.10658
3.2,-0.25,3.15,1.23543,0.128925,0.392201,1.10658
3.2,-0.25,3.16,1.23673,0.129402,0.391369,1.10658
3.2,-0.25,3.17,1.23802,0.129819,0.390543,1.10658
3.2,-0.25,3.18,1.23932,0.130177,0.389724,1.10658
3.2,-0.25,3.19,1.24062,0.130594,0.388911,1.10658
3.2,-0.25,3.2,1.24193,0.131011,0.388104,1.10658
3.2,-0.25,3.21,1.24324,0.131428,0.387304,1.10658
3.2,-0.25,3.22,1.24456,0.131726,0.386509,1.10658
3.2,-0.25,3.23,1.24588,0.132024,0.385721,1.10658
3.2,-0.25,3.24,1.2472,0.132561,0.384939,1.10658
3.2,-0.25,3.25,1.24853,0.132978,0.384163,1.10658
3.2,-0.25,3.26,1.24986,0.133336,0.383393,1.10658
3.2,-0.25,3.27,1.2512,0.133693,0.382629,1.10658
3.2,-0.25,3.28,1.25254,0.13411,0.381871,1.10658
3.2,-0.25,3.29,1.25388,0.134408,0.381118,1.10658
3.2,-0.25,3.3,1.25523,0.134826,0.380371,1.10658
3.2,-0.25,3.31,1.25658,0.135183,0.37963,1.10658
3.2,-0.25,3.32,1.25793,0.135541,0.378894,1.10658
3.2,-0.25,3.33,1.25929,0.135899,0.378164,1.10658
3.2,-0.25,3.34,1.26065,0.136256,0.377439,1.10658
3.2,-0.25,3.35,1.26201,0.136673,0.37672,1.10658
3.2,-0.25,3.36,1.26338,0.136971,0.376006,1.10658
3.2,-0.25,3.37,1.26475,0.137329,0.375297,1.10658
3.2,-0.25,3.38,1.26612,0.137687,0.374593,1.10658
3.2,-0.25,3.39,1.2675,0.137985,0.373895,1.10658
3.2,-0.25,3.4,1.26889,0.138342,0.373201,1.10658
3.2,-0.25,3.41,1.27027,0.1387,0.372513,1.10658
3.2,-0.25,3.42,1.27166,0.138938,0.37183,1.10658
3.2,-0.25,3.43,1.27305,0.139356,0.371152,1.10658
3.2,-0.25,3.44,1.27445,0.139654,0.370478,1.10658
3.2,-0.25,3.45,1.27584,0.140011,0.36981,1.10658
3.2,-0.25,3.46,1.27725,0.14025,0.369146,1.10658
3.2,-0.25,3.47,1.27865,0.140548,0.368487,1.10658
3.2,-0.25,3.48,1.28006,0.140965,0.367833,1.10658
3.2,-0.25,3.49,1.28147,0.141263,0.367183,1.10658
3.2,-0.25,3.5,1.28288,0.141621,0.366538,1.10658
3.2,-0.25,3.51,1.2843,0.141919,0.365898,1.10658
3.2,-0.25,3.52,1.28572,0.142217,0.365262,1.10658
3.2,-0.25,3.53,1.28715,0.142515,0.364631,1.10658
3.2,-0.25,3.54,1.28857,0.142813,0.364004,1.10658
3.2,-0.25,3.55,1.29,0.143111,0.363381,1.10658
3.2,-0.25,3.56,1.29144,0.143468,0.362763,1.10658
3.2,-0.25,3.57,1.29287,0.143766,0.362149,1.10658
3.2,-0.25,3.58,1.29431,0.144064,0.361539,1.10658
3.2,-0.25,3.59,1.29575,0.144303,0.360934,1.10658
3.2,-0.25,3.6,1.2972,0.144601,0.360332,1.10658
3.2,-0.25,3.61,1.29864,0.144899,0.359735,1.10658
3.2,-0.25,3.62,1.30009,0.145257,0.359142,1.10658
3.2,-0.25,3.63,1.30155,0.145435,0.358553,1.10658
3.2,-0.25,3.64,1.303,0.145733,0.357968,1.10658
3.2,-0.25,3.65,1.30446,0.146031,0.357387,1.10658
3.2,-0.25,3.66,1.30592,0.146329,0.35681,1.10658
3.2,-0.25,3.67,1.30739,0.146568,0.356237,1.10658
3.2,-0.25,3.68,1.30886,0.146747,0.355667,1.10658
3.2,-0.25,3.69,1.31033,0.147164,0.355102,1.10658
3.2,-0.25,3.7,1.3118,0.147402,0.35454,1.10658
3.2,-0.25,3.71,1.31327,0.147641,0.353982,1.10658
3.2,-0.25,3.72,1.31475,0.148058,0.353428,1.10658
3.2,-0.25,3.73,1.31623,0.148177,0.352878,1.10658
3.2,-0.25,3.74,1.31772,0.148475,0.352331,1.10658
3.2,-0.25,3.75,1.3192,0.148773,0.351787,1.10658
3.2,-0.25,3.76,1.32069,0.149012,0.351248,1.10658
3.2,-0.25,3.77,1.32218,0.14919,0.350712,1.10658
3.2,-0.25,3.78,1.32368,0.149429,0.350179,1.10658
3.2,-0.25,3.79,1.32517,0.149786,0.34965,1.10658
3.2,-0.25,3.8,1.32667,0.150025,0.349124,1.10658
3.2,-0.25,3.81,1.32817,0.150323,0.348602,1.10658
3.2,-0.25,3.82,1.32968,0.150502,0.348083,1.10658
3.2,-0.25,3.83,1.33118,0.1508,0.347567,1.10658
3.2,-0.25,3.84,1.33269,0.150979,0.347055,1.10658
3.2,-0.25,3.85,1.3342,0.151217,0.346546,1.10658
3.2,-0.25,3.86,1.33572,0.151515,0.34604,1.10658
3.2,-0.25,3.87,1.33723,0.151634,0.345538,1.10658
3.2,-0.25,3.88,1.33875,0.151932,0.345038,1.10658
3.2,-0.25,3.89,1.34027,0.152111,0.344542,1.10658
3.2,-0.25,3.9,1.34179,0.152409,0.344049,1.10658
3.2,-0.25,3.91,1.34332,0.152588,0.34356,1.10658
3.2,-0.25,3.92,1.34485,0.152946,0.343073,1.10658
3.2,-0.25,3.93,1.34638,0.153124,0.342589,1.10658
3.2,-0.25,3.94,1.34791,0.153303,0.342108,1.10658
3.2,-0.25,3.95,1.34944,0.153542,0.341631,1.10658
3.2,-0.25,3.96,1.35098,0.15378,0.341156,1.10658
3.2,-0.25,3.97,1.35252,0.154018,0.340684,1.10658
3.2,-0.25,3.98,1.35406,0.154197,0.340216,1.10658
3.2,-0.25,3.99,1.3556,0.154436,0.33975,1.10658
3.2,-0.25,4,1.35715,0.154614,0.339287,1.10658
3.2,0,-4,-0.955212,0.160426,0.238803,-0.665
3.2,0,-3.99,-0.953608,0.160307,0.239,-0.665
3.2,0,-3.98,-0.952006,0.160068,0.239198,-0.665
3.2,0,-3.97,-0.950407,0.15986,0.239397,-0.665
3.2,0,-3.96,-0.948808,0.159711,0.239598,-0.665
3.2,0,-3.95,-0.947212,0.159532,0.2398,-0.665
3.2,0,-3.94,-0.945617,0.159413,0.240004,-0.665
3.2,0,-3.93,-0.944024,0.159115,0.24021,-0.665
3.2,0,-3.92,-0.942433,0.159025,0.240417,-0.665
3.2,0,-3.91,-0.940844,0.158787,0.240625,-0.665
3.2,0,-3.9,-0.939257,0.158668,0.240835,-0.665
3.2,0,-3.89,-0.937671,0.158489,0.241047,-0.665
3.2,0,-3.88,-0.936088,0.158161,0.24126,-0.665
3.2,0,-3.87,-0.934506,0.158072,0.241474,-0.665
3.2,0,-3.86,-0.932926,0.157923,0.241691,-0.665
3.2,0,-3.85,-0.931349,0.157684,0.241909,-0.665
3.2,0,-3.84,-0.929773,0.157535,0.242128,-0.665
3.2,0,-3.83,-0.928199,0.157297,0.24235,-0.665
3.2,0,-3.82,-0.926627,0.157088,0.242573,-0.665
3.2,0,-3.81,-0.925057,0.15679,0.242797,-0.665
3.2,0,-3.8,-0.923489,0.15676,0.243024,-0.665
3.2,0,-3.79,-0.921923,0.156552,0.243252,-0.665
3.2,0,-3.78,-0.92036,0.156373,0.243481,-0.665
3.2,0,-3.77,-0.918798,0.156045,0.243713,-0.665
3.2,0,-3.76,-0.917238,0.155807,0.243946,-0.665
3.2,0,-3.75,-0.915681,0.155598,0.244181,-0.665
3.2,0,-3.74,-0.914125,0.155449,0.244418,-0.665
3.2,0,-3.73,-0.912572,0.15527,0.244657,-0.665
3.2,0,-3.72,-0.91102,0.155032,0.244898,-0.665
3.2,0,-3.71,-0.909471,0.154883,0.24514,-0.665
3.2,0,-3.7,-0.907924,0.154614,0.245385,-0.665
3.2,0,-3.69,-0.906379,0.154346,0.245631,-0.665
3.2,0,-3.68,-0.904836,0.154138,0.245879,-0.665
3.2,0,-3.67,-0.903296,0.153989,0.24613,-0.665
3.2,0,-3.66,-0.901758,0.15372,0.246382,-0.665
3.2,0,-3.65,-0.900222,0.153512,0.246636,-0.665
3.2,0,-3.64,-0.898688,0.153273,0.246892,-0.665
3.2,0,-3.63,-0.897156,0.153035,0.247151,-0.665
3.2,0,-3.62,-0.895627,0.152826,0.247411,-0.665
3.2,0,-3.61,-0.8941,0.152588,0.247673,-0.665
3.2,0,-3.6,-0.892575,0.152379,0.247938,-0.665
3.2,0,-3.59,-0.891053,0.152141,0.248204,-0.665
3.2,0,-3.58,-0.889533,0.151873,0.248473,-0.665
3.2,0,-3.57,-0.888015,0.151724,0.248744,-0.665
3.2,0,-3.56,-0.8865,0.151396,0.249017,-0.665
3.2,0,-3.55,-0.884987,0.151187,0.249292,-0.665
3.2,0,-3.54,-0.883477,0.150949,0.24957,-0.665
3.2,0,-3.53,-0.881969,0.15071,0.249849,-0.665
3.2,0,-3.52,-0.880463,0.150442,0.250132,-0.665
3.2,0,-3.51,-0.87896,0.150084,0.250416,-0.665
3.2,0,-3.5,-0.877459,0.149965,0.250703,-0.665
3.2,0,-3.49,-0.875961,0.149667,0.250992,-0.665
3.2,0,-3.48,-0.874466,0.149399,0.251283,-0.665
3.2,0,-3.47,-0.872973,0.149131,0.251577,-0.665
3.2,0,-3.46,-0.871482,0.148922,0.251873,-0.665
3.2,0,-3.45,-0.869994,0.148714,0.252172,-0.665
3.2,0,-3.44,-0.868509,0.148475,0.252473,-0.665
3.2,0,-3.43,-0.867026,0.148118,0.252777,-0.665
3.2,0,-3.42,-0.865546,0.14782,0.253084,-0.665
3.2,0,-3.41,-0.864068,0.147641,0.253392,-0.665
3.2,0,-3.4,-0.862594,0.147343,0.253704,-0.665
3.2,0,-3.39,-0.861122,0.147074,0.254018,-0.665
3.2,0,-3.38,-0.859652,0.146836,0.254335,-0.665
3.2,0,-3.37,-0.858186,0.146478,0.254654,-0.665
3.2,0,-3.36,-0.856722,0.14627,0.254977,-0.665
3.2,0,-3.35,-0.855261,0.145972,0.255302,-0.665
3.2,0,-3.34,-0.853802,0.145704,0.255629,-0.665
3.2,0,-3.33,-0.852347,0.145406,0.25596,-0.665
3.2,0,-3.32,-0.850894,0.145137,0.256293,-0.665
3.2,0,-3.31,-0.849444,0.144869,0.25663,-0.665
3.2,0,-3.3,-0.847997,0.144511,0.256969,-0.665
3.2,0,-3.29,-0.846554,0.144273,0.257311,-0.665
3.2,0,-3.28,-0.845112,0.143945,0.257656,-0.665
3.2,0,-3.27,-0.843674,0.143677,0.258004,-0.665
3.2,0,-3.26,-0.842239,0.14329,0.258356,-0.665
3.2,0,-3.25,-0.840807,0.143051,0.25871,-0.665
3.2,0,-3.24,-0.839378,0.142753,0.259067,-0.665
3.2,0,-3.23,-0.837952,0.142425,0.259428,-0.665
3.2,0,-3.22,-0.836529,0.142127,0.259792,-0.665
3.2,0,-3.21,-0.835109,0.141799,0.260159,-0.665
3.2,0,-3.2,-0.833692,0.141531,0.260529,-0.665
3.2,0,-3.19,-0.832279,0.141263,0.260902,-0.665
3.2,0,-3.18,-0.830868,0.140846,0.261279,-0.665
3.2,0,-3.17,-0.829461,0.140607,0.26166,-0.665
3.2,0,-3.16,-0.828057,0.14028,0.262043,-0.665
3.2,0,-3.15,-0.826656,0.139922,0.26243,-0.665
3.2,0,-3.14,-0.825258,0.139534,0.262821,-0.665
3.2,0,-3.13,-0.823864,0.139266,0.263215,-0.665
3.2,0,-3.12,-0.822473,0.138938,0.263613,-0.665
3.2,0,-3.11,-0.821085,0.138611,0.264015,-0.665
3.2,0,-3.1,-0.819701,0.138253,0.26442,-0.665
3.2,0,-3.09,-0.81832,0.137895,0.264829,-0.665
3.2,0,-3.08,-0.816943,0.137627,0.265241,-0.665
3.2,0,-3.07,-0.815569,0.13718,0.265658,-0.665
3.2,0,-3.06,-0.814198,0.136852,0.266078,-0.665
3.2,0,-3.05,-0.812831,0.136495,0.266502,-0.665
3.2,0,-3.04,-0.811468,0.136077,0.26693,-0.665
3.2,0,-3.03,-0.810108,0.135839,0.267362,-0.665
3.2,0,-3.02,-0.808751,0.135481,0.267798,-0.665
3.2,0,-3.01,-0.807399,0.135064,0.268239,-0.665
3.2,0,-3,-0.80605,0.134647,0.268683,-0.665
3.2,0,-2.99,-0.804704,0.134319,0.269132,-0.665
3.2,0,-2.98,-0.803363,0.133902,0.269585,-0.665
3.2,0,-2.97,-0.802025,0.133544,0.270042,-0.665
3.2,0,-2.96,-0.80069,0.133187,0.270504,-0.665
3.2,0,-2.95,-0.79936,0.132859,0.27097,-0.665
3.2,0,-2.94,-0.798034,0.132471,0.27144,-0.665
3.2,0,-2.93,-0.796711,0.132114,0.271915,-0.665
3.2,0,-2.92,-0.795392,0.131696,0.272395,-0.665
3.2,0,-2.91,-0.794077,0.131279,0.272879,-0.665
3.2,0,-2.9,-0.792766,0.130922,0.273368,-0.665
3.2,0,-2.89,-0.791459,0.130504,0.273861,-0.665
3.2,0,-2.88,-0.790156,0.130087,0.27436,-0.665
3.2,0,-2.87,-0.788857,0.12973,0.274863,-0.665
3.2,0,-2.86,-0.787563,0.129312,0.275372,-0.665
3.2,0,-2.85,-0.786272,0.128955,0.275885,-0.665
3.2,0,-2.84,-0.784986,0.128388,0.276403,-0.665
3.2,0,-2.83,-0.783703,0.128001,0.276927,-0.665
3.2,0,-2.82,-0.782425,0.127614,0.277456,-0.665
3.2,0,-2.81,-0.781151,0.127137,0.27799,-0.665
3.2,0,-2.8,-0.779882,0.12666,0.278529,-0.665
3.2,0,-2.79,-0.778617,0.126272,0.279074,-0.665
3.2,0,-2.78,-0.777356,0.125915,0.279624,-0.665
3.2,0,-2.77,-0.776099,0.125349,0.28018,-0.665
3.2,0,-2.76,-0.774847,0.124991,0.280742,-0.665
3.2,0,-2.75,-0.7736,0.124544,0.281309,-0.664999
3.2,0,-2.74,-0.772357,0.124067,0.281882,-0.664999
3.2,0,-2.73,-0.771119,0.123531,0.282461,-0.664999
3.2,0,-2.72,-0.769885,0.123113,0.283046,-0.664999
3.2,0,-2.71,-0.768655,0.122666,0.283637,-0.664999
3.2,0,-2.7,-0.767431,0.12219,0.284234,-0.664999
3.2,0,-2.69,-0.766211,0.121832,0.284837,-0.664999
3.2,0,-2.68,-0.764996,0.121206,0.285446,-0.664999
3.2,0,-2.67,-0.763786,0.120848,0.286062,-0.664999
3.2,0,-2.66,-0.76258,0.120342,0.286684,-0.664999
3.2,0,-2.65,-0.761379,0.119746,0.287313,-0.664999
3.2,0,-2.64,-0.760184,0.119328,0.287948,-0.664999
3.2,0,-2.63,-0.758993,0.118881,0.288591,-0.664999
3.2,0,-2.62,-0.757807,0.118345,0.289239,-0.664999
3.2,0,-2.61,-0.756627,0.117749,0.289895,-0.664999
3.2,0,-2.6,-0.755451,0.117302,0.290558,-0.664999
3.2,0,-2.59,-0.75428,0.116795,0.291228,-0.664999
3.2,0,-2.58,-0.753115,0.116318,0.291905,-0.664999
3.2,0,-2.57,-0.751955,0.115812,0.292589,-0.664999
3.2,0,-2.56,-0.7508,0.115216,0.293281,-0.664999
3.2,0,-2.55,-0.74965,0.114769,0.293981,-0.664999
3.2,0,-2.54,-0.748506,0.114113,0.294687,-0.664998
3.2,0,-2.53,-0.747367,0.113606,0.295402,-0.664998
3.2,0,-2.52,-0.746234,0.11307,0.296125,-0.664998
3.2,0,-2.51,-0.745106,0.112563,0.296855,-0.664998
3.2,0,-2.5,-0.743983,0.111967,0.297593,-0.664998
3.2,0,-2.49,-0.742866,0.111401,0.29834,-0.664998
3.2,0,-2.48,-0.741755,0.110865,0.299095,-0.664998
3.2,0,-2.47,-0.74065,0.110269,0.299858,-0.664998
3.2,0,-2.46,-0.73955,0.109702,0.30063,-0.664998
3.2,0,-2.45,-0.738456,0.109106,0.301411,-0.664997
3.2,0,-2.44,-0.737367,0.10857,0.3022,-0.664997
3.2,0,-2.43,-0.736285,0.107944,0.302998,-0.664997
3.2,0,-2.42,-0.735209,0.107378,0.303805,-0.664997
3.2,0,-2.41,-0.734138,0.106722,0.304622,-0.664997
3.2,0,-2.4,-0.733074,0.106156,0.305447,-0.664997
3.2,0,-2.39,-0.732015,0.10559,0.306283,-0.664997
3.2,0,-2.38,-0.730963,0.104904,0.307127,-0.664996
3.2,0,-2.37,-0.729917,0.104308,0.307982,-0.664996
3.2,0,-2.36,-0.728877,0.103652,0.308846,-0.664996
3.2,0,-2.35,-0.727843,0.103056,0.309721,-0.664996
3.2,0,-2.34,-0.726816,0.102401,0.310605,-0.664995
3.2,0,-2.33,-0.725795,0.101775,0.3115,-0.664995
3.2,0,-2.32,-0.724781,0.101179,0.312406,-0.664995
3.2,0,-2.31,-0.723773,0.100434,0.313322,-0.664995
3.2,0,-2.3,-0.722771,0.099808,0.314248,-0.664994
3.2,0,-2.29,-0.721777,0.0990927,0.315186,-0.664994
3.2,0,-2.28,-0.720789,0.0984967,0.316135,-0.664994
3.2,0,-2.27,-0.719807,0.0977814,0.317096,-0.664993
3.2,0,-2.26,-0.718833,0.0971258,0.318068,-0.664993
3.2,0,-2.25,-0.717865,0.0964105,0.319051,-0.664993
3.2,0,-2.24,-0.716904,0.0957549,0.320046,-0.664992
3.2,0,-2.23,-0.71595,0.0950396,0.321054,-0.664992
3.2,0,-2.22,-0.715003,0.0943542,0.322073,-0.664991
3.2,0,-2.21,-0.714063,0.0936091,0.323106,-0.664991
3.2,0,-2.2,-0.71313,0.092864,0.32415,-0.66499
3.2,0,-2.19,-0.712205,0.0922084,0.325208,-0.66499
3.2,0,-2.18,-0.711287,0.0914931,0.326278,-0.664989
3.2,0,-2.17,-0.710376,0.0907779,0.327362,-0.664989
3.2,0,-2.16,-0.709472,0.0899732,0.328459,-0.664988
3.2,0,-2.15,-0.708576,0.089258,0.32957,-0.664987
3.2,0,-2.14,-0.707687,0.0885427,0.330695,-0.664987
3.2,0,-2.13,-0.706806,0.087738,0.331834,-0.664986
3.2,0,-2.12,-0.705933,0.0869334,0.332987,-0.664985
3.2,0,-2.11,-0.705067,0.0862181,0.334155,-0.664984
3.2,0,-2.1,-0.704209,0.0854135,0.335338,-0.664983
3.2,0,-2.09,-0.703358,0.0846684,0.336535,-0.664982
3.2,0,-2.08,-0.702516,0.0838637,0.337748,-0.664981
3.2,0,-2.07,-0.701682,0.0830591,0.338977,-0.66498
3.2,0,-2.06,-0.700855,0.0822544,0.340221,-0.664979
3.2,0,-2.05,-0.700037,0.0814795,0.341481,-0.664978
3.2,0,-2.04,-0.699226,0.0806451,0.342758,-0.664977
3.2,0,-2.03,-0.698424,0.0797808,0.344051,-0.664976
3.2,0,-2.02,-0.69763,0.0789464,0.345362,-0.664974
3.2,0,-2.01,-0.696845,0.0781715,0.346689,-0.664973
3.2,0,-2,-0.696068,0.0773072,0.348034,-0.664972
3.2,0,-1.99,-0.695299,0.076443,0.349396,-0.66497
3.2,0,-1.98,-0.694539,0.0755787,0.350777,-0.664968
3.2,0,-1.97,-0.693787,0.0746548,0.352176,-0.664967
3.2,0,-1.96,-0.693044,0.07388,0.353594,-0.664965
3.2,0,-1.95,-0.69231,0.0730157,0.355031,-0.664963
3.2,0,-1.94,-0.691584,0.0721216,0.356487,-0.664961
3.2,0,-1.93,-0.690868,0.0712276,0.357962,-0.664959
3.2,0,-1.92,-0.69016,0.0703633,0.359458,-0.664956
3.2,0,-1.91,-0.689461,0.0694394,0.360974,-0.664954
3.2,0,-1.9,-0.688771,0.0685155,0.362511,-0.664951
3.2,0,-1.89,-0.68809,0.0675917,0.364069,-0.664949
3.2,0,-1.88,-0.687419,0.0667572,0.365648,-0.664946
3.2,0,-1.87,-0.686756,0.0658035,0.367249,-0.664943
3.2,0,-1.86,-0.686103,0.0648499,0.368873,-0.66494
3.2,0,-1.85,-0.68546,0.063926,0.370519,-0.664936
3.2,0,-1.84,-0.684825,0.0629425,0.372188,-0.664933
3.2,0,-1.83,-0.6842,0.0620186,0.37388,-0.664929
3.2,0,-1.82,-0.683585,0.061065,0.375596,-0.664925
3.2,0,-1.81,-0.682979,0.0600815,0.377337,-0.664921
3.2,0,-1.8,-0.682383,0.0591278,0.379102,-0.664917
3.2,0,-1.79,-0.681797,0.0581443,0.380892,-0.664912
3.2,0,-1.78,-0.68122,0.0571012,0.382708,-0.664907
3.2,0,-1.77,-0.680653,0.0562072,0.38455,-0.664902
3.2,0,-1.76,-0.680096,0.0551939,0.386418,-0.664897
3.2,0,-1.75,-0.679549,0.0541806,0.388314,-0.664891
3.2,0,-1.74,-0.679012,0.0532269,0.390237,-0.664885
3.2,0,-1.73,-0.678485,0.0522137,0.392188,-0.664878
3.2,0,-1.72,-0.677968,0.0511706,0.394167,-0.664872
3.2,0,-1.71,-0.677461,0.0501871,0.396176,-0.664865
3.2,0,-1.7,-0.676964,0.049144,0.398214,-0.664857
3.2,0,-1.69,-0.676478,0.0481606,0.400283,-0.664849
3.2,0,-1.68,-0.676002,0.0471175,0.402382,-0.664841
3.2,0,-1.67,-0.675536,0.0461042,0.404512,-0.664832
3.2,0,-1.66,-0.67508,0.0450015,0.406675,-0.664823
3.2,0,-1.65,-0.674635,0.044018,0.40887,-0.664813
3.2,0,-1.64,-0.6742,0.0429451,0.411098,-0.664803
3.2,0,-1.63,-0.673776,0.0419021,0.413359,-0.664792
3.2,0,-1.62,-0.673362,0.040859,0.415655,-0.66478
3.2,0,-1.61,-0.672958,0.0399053,0.417987,-0.664768
3.2,0,-1.6,-0.672565,0.038743,0.420353,-0.664756
3.2,0,-1.59,-0.672183,0.0377297,0.422757,-0.664742
3.2,0,-1.58,-0.671811,0.0366569,0.425197,-0.664728
3.2,0,-1.57,-0.67145,0.035584,0.427675,-0.664713
3.2,0,-1.56,-0.671099,0.0345111,0.430192,-0.664697
3.2,0,-1.55,-0.670759,0.0334978,0.432748,-0.66468
3.2,0,-1.54,-0.67043,0.0323951,0.435344,-0.664663
3.2,0,-1.53,-0.670111,0.031352,0.437981,-0.664644
3.2,0,-1.52,-0.669802,0.0303388,0.440659,-0.664624
3.2,0,-1.51,-0.669505,0.0292659,0.44338,-0.664604
3.2,0,-1.5,-0.669217,0.0282228,0.446145,-0.664582
3.2,0,-1.49,-0.66894,0.0271201,0.448953,-0.664559
3.2,0,-1.48,-0.668674,0.0261366,0.451807,-0.664534
3.2,0,-1.47,-0.668418,0.0250936,0.454706,-0.664508
3.2,0,-1.46,-0.668173,0.0240505,0.457652,-0.664481
3.2,0,-1.45,-0.667937,0.0229478,0.460647,-0.664453
3.2,0,-1.44,-0.667712,0.0219643,0.463689,-0.664422
3.2,0,-1.43,-0.667498,0.0210106,0.466782,-0.664391
3.2,0,-1.42,-0.667293,0.019908,0.469925,-0.664357
3.2,0,-1.41,-0.667099,0.0189841,0.47312,-0.664321
3.2,0,-1.4,-0.666914,0.017941,0.476367,-0.664284
3.2,0,-1.39,-0.666739,0.0170171,0.479669,-0.664244
3.2,0,-1.38,-0.666574,0.0160635,0.483025,-0.664203
3.2,0,-1.37,-0.666419,0.0150502,0.486437,-0.664159
3.2,0,-1.36,-0.666273,0.0140965,0.489907,-0.664112
3.2,0,-1.35,-0.666136,0.0131726,0.493434,-0.664063
3.2,0,-1.34,-0.666009,0.0122786,0.497021,-0.664012
3.2,0,-1.33,-0.66589,0.0113845,0.500669,-0.663957
3.2,0,-1.32,-0.665781,0.0105202,0.504379,-0.663899
3.2,0,-1.31,-0.66568,0.00971556,0.508152,-0.663839
3.2,0,-1.3,-0.665587,0.00882149,0.51199,-0.663775
3.2,0,-1.29,-0.665503,0.00798702,0.515893,-0.663707
3.2,0,-1.28,-0.665426,0.00724196,0.519864,-0.663636
3.2,0,-1.27,-0.665357,0.0064671,0.523903,-0.66356
3.2,0,-1.26,-0.665296,0.00578165,0.528012,-0.663481
3.2,0,-1.25,-0.665241,0.00503659,0.532193,-0.663397
3.2,0,-1.24,-0.665194,0.00444055,0.536446,-0.663309
3.2,0,-1.23,-0.665152,0.00378489,0.540774,-0.663216
3.2,0,-1.22,-0.665117,0.00318885,0.545178,-0.663117
3.2,0,-1.21,-0.665088,0.00274181,0.549659,-0.663013
3.2,0,-1.2,-0.665063,0.00223517,0.554219,-0.662904
3.2,0,-1.19,-0.665044,0.00169873,0.55886,-0.662788
3.2,0,-1.18,-0.665029,0.0013411,0.563584,-0.662666
3.2,0,-1.17,-0.665017,0.000923872,0.568391,-0.662538
3.2,0,-1.16,-0.66501,0.000685453,0.573284,-0.662402
3.2,0,-1.15,-0.665004,0.00038743,0.578265,-0.662259
3.2,0,-1.14,-0.665002,0.000238419,0.583335,-0.662108
3.2,0,-1.13,-0.665,8.9407e-05,0.588496,-0.661948
3.2,0,-1.12,-0.665,-2.98023e-05,0.59375,-0.66178
3.2,0,-1.11,-0.665,0,0.599099,-0.661603
3.2,0,-1.1,-0.665,0.000119209,0.604545,-0.661415
3.2,0,-1.09,-0.664998,0.000268221,0.61009,-0.661218
3.2,0,-1.08,-0.664994,0.000476837,0.615735,-0.66101
3.2,0,-1.07,-0.664988,0.000804663,0.621484,-0.66079
3.2,0,-1.06,-0.664977,0.0012517,0.627337,-0.660558
3.2,0,-1.05,-0.664962,0.00178814,0.633297,-0.660314
3.2,0,-1.04,-0.664942,0.00238419,0.639367,-0.660056
3.2,0,-1.03,-0.664914,0.00309944,0.645548,-0.659784
3.2,0,-1.02,-0.664879,0.00396371,0.651842,-0.659497
3.2,0,-1.01,-0.664835,0.00491738,0.658252,-0.659195
3.2,0,-1,-0.66478,0.00599027,0.66478,-0.658875
3.2,0,-0.99,-0.664715,0.00715256,0.671429,-0.658539
3.2,0,-0.98,-0.664636,0.00858307,0.6782,-0.658184
3.2,0,-0.97,-0.664544,0.0100732,0.685096,-0.657809
3.2,0,-0.96,-0.664435,0.0116229,0.69212,-0.657414
3.2,0,-0.95,-0.66431,0.0134706,0.699273,-0.656998
3.2,0,-0.94,-0.664165,0.015378,0.706559,-0.656559
3.2,0,-0.93,-0.664,0.0175834,0.713979,-0.656096
3.2,0,-0.92,-0.663813,0.0198483,0.721536,-0.655607
3.2,0,-0.91,-0.663602,0.0224113,0.729233,-0.655092
3.2,0,-0.9,-0.663365,0.0250936,0.737072,-0.65455
3.2,0,-0.89,-0.663099,0.0279844,0.745055,-0.653977
3.2,0,-0.88,-0.662804,0.0311732,0.753186,-0.653374
3.2,0,-0.87,-0.662475,0.0345409,0.761466,-0.652737
3.2,0,-0.86,-0.662112,0.0381172,0.769898,-0.652067
3.2,0,-0.85,-0.661712,0.0419915,0.778484,-0.65136
3.2,0,-0.84,-0.661271,0.0461042,0.787228,-0.650615
3.2,0,-0.83,-0.660789,0.0504553,0.796131,-0.649829
3.2,0,-0.82,-0.660261,0.0551641,0.805196,-0.649001
3.2,0,-0.81,-0.659684,0.0601411,0.814425,-0.648129
3.2,0,-0.8,-0.659057,0.0654161,0.823821,-0.647209
3.2,0,-0.79,-0.658375,0.0710189,0.833386,-0.646241
3.2,0,-0.78,-0.657635,0.0769794,0.843122,-0.64522
3.2,0,-0.77,-0.656834,0.0832975,0.853031,-0.644145
3.2,0,-0.76,-0.655969,0.0899434,0.863117,-0.643012
3.2,0,-0.75,-0.655034,0.096947,0.873379,-0.641819
3.2,0,-0.74,-0.654028,0.104398,0.883822,-0.640562
3.2,0,-0.73,-0.652945,0.112265,0.894446,-0.639238
3.2,0,-0.72,-0.651782,0.120521,0.905253,-0.637844
3.2,0,-0.71,-0.650534,0.129223,0.916245,-0.636377
3.2,0,-0.7,-0.649196,0.138402,0.927423,-0.634832
3.2,0,-0.69,-0.647764,0.148028,0.938789,-0.633205
3.2,0,-0.68,-0.646234,0.158191,0.950343,-0.631494
3.2,0,-0.67,-0.644599,0.16886,0.962088,-0.629692
3.2,0,-0.66,-0.642855,0.180006,0.974023,-0.627796
3.2,0,-0.65,-0.640997,0.191748,0.986148,-0.625802
3.2,0,-0.64,-0.639018,0.204057,0.998466,-0.623705
3.2,0,-0.63,-0.636914,0.216961,1.01097,-0.621498
3.2,0,-0.62,-0.634677,0.230402,1.02367,-0.619178
3.2,0,-0.61,-0.632304,0.244498,1.03656,-0.61674
3.2,0,-0.6,-0.629786,0.25925,1.04964,-0.614176
3.2,0,-0.59,-0.627117,0.274599,1.06291,-0.611482
3.2,0,-0.58,-0.624291,0.290692,1.07636,-0.608651
3.2,0,-0.57,-0.621302,0.307381,1.09,-0.605678
3.2,0,-0.56,-0.618141,0.324845,1.10382,-0.602555
3.2,0,-0.55,-0.614803,0.342935,1.11782,-0.599277
3.2,0,-0.54,-0.61128,0.3618,1.132,-0.595835
3.2,0,-0.53,-0.607564,0.38144,1.14635,-0.592224
3.2,0,-0.52,-0.603648,0.401855,1.16086,-0.588436
3.2,0,-0.51,-0.599524,0.422984,1.17554,-0.584464
3.2,0,-0.5,-0.595185,0.444919,1.19037,-0.580299
3.2,0,-0.49,-0.590623,0.467628,1.20535,-0.575934
3.2,0,-0.48,-0.58583,0.491083,1.22048,-0.571361
3.2,0,-0.47,-0.580798,0.515372,1.23574,-0.566572
3.2,0,-0.46,-0.575519,0.540495,1.25113,-0.561558
3.2,0,-0.45,-0.569986,0.566423,1.26663,-0.556312
3.2,0,-0.44,-0.564189,0.593096,1.28225,-0.550824
3.2,0,-0.43,-0.558122,0.620544,1.29796,-0.545087
3.2,0,-0.42,-0.551776,0.648737,1.31375,-0.539091
3.2,0,-0.41,-0.545144,0.677735,1.32962,-0.532828
3.2,0,-0.4,-0.538219,0.707418,1.34555,-0.526289
3.2,0,-0.39,-0.530992,0.737935,1.36152,-0.519466
3.2,0,-0.38,-0.523457,0.769109,1.37752,-0.512351
3.2,0,-0.37,-0.515608,0.800937,1.39353,-0.504935
3.2,0,-0.36,-0.507436,0.833422,1.40955,-0.497209
3.2,0,-0.35,-0.498937,0.866503,1.42554,-0.489167
3.2,0,-0.34,-0.490105,0.90012,1.44148,-0.480801
3.2,0,-0.33,-0.480933,0.934303,1.45737,-0.472103
3.2,0,-0.32,-0.471418,0.968888,1.47318,-0.463066
3.2,0,-0.31,-0.461554,1.00389,1.48888,-0.453685
3.2,0,-0.3,-0.451339,1.03919,1.50446,-0.443954
3.2,0,-0.29,-0.440769,1.07478,1.51989,-0.433867
3.2,0,-0.28,-0.429842,1.11058,1.53515,-0.42342
3.2,0,-0.27,-0.418557,1.14647,1.55021,-0.412609
3.2,0,-0.26,-0.406913,1.18238,1.56505,-0.401431
3.2,0,-0.25,-0.394909,1.21832,1.57964,-0.389885
3.2,0,-0.24,-0.382548,1.25398,1.59395,-0.37797
3.2,0,-0.23,-0.369831,1.28943,1.60796,-0.365684
3.2,0,-0.22,-0.356761,1.32447,1.62164,-0.353031
3.2,0,-0.21,-0.343342,1.35915,1.63496,-0.34001
3.2,0,-0.2,-0.32958,1.39321,1.6479,-0.326627
3.2,0,-0.19,-0.31548,1.42655,1.66042,-0.312886
3.2,0,-0.18,-0.301051,1.45914,1.67251,-0.298794
3.2,0,-0.17,-0.286301,1.49077,1.68412,-0.284356
3.2,0,-0.16,-0.271239,1.52141,1.69524,-0.269583
3.2,0,-0.15,-0.255876,1.55087,1.70584,-0.254485
3.2,0,-0.14,-0.240225,1.57913,1.7159,-0.239072
3.2,0,-0.13,-0.224299,1.60594,1.72538,-0.223359
3.2,0,-0.12,-0.208111,1.6313,1.73426,-0.20736
3.2,0,-0.11,-0.191678,1.65509,1.74253,-0.191091
3.2,0,-0.1,-0.175015,1.67717,1.75015,-0.174568
3.2,0,-0.09,-0.15814,1.69747,1.75712,-0.15781
3.2,0,-0.08,-0.141072,1.71588,1.7634,-0.140837
3.2,0,-0.07,-0.123829,1.73236,1.76899,-0.12367
3.2,0,-0.06,-0.106432,1.74677,1.77386,-0.106331
3.2,0,-0.05,-0.0889005,1.75909,1.77801,-0.0888417
3.2,0,-0.04,-0.0712568,1.76926,1.78142,-0.0712265
3.2,0,-0.03,-0.0535225,1.77722,1.78408,-0.0535097
3.2,0,-0.02,-0.0357198,1.78293,1.78599,-0.035716
3.2,0,-0.01,-0.0178714,1.78637,1.78714,-0.0178709
3.2,0,0,0,1.78752,1.78752,0
3.2,0,0.01,0.0178714,1.78637,1.78714,0.0178709
3.2,0,0.02,0.0357198,1.78293,1.78599,0.035716
3.2,0,0.03,0.0535225,1.77722,1.78408,0.0535097
3.2,0,0.04,0.0712568,1.76926,1.78142,0.0712265
3.2,0,0.05,0.0889005,1.75909,1.77801,0.0888417
3.2,0,0.06,0.106432,1.74677,1.77386,0.106331
3.2,0,0.07,0.123829,1.73236,1.76899,0.12367
3.2,0,0.08,0.141072,1.71588,1.7634,0.140837
3.2,0,0.09,0.15814,1.69747,1.75712,0.15781
3.2,0,0.1,0.175015,1.67717,1.75015,0.174568
3.2,0,0.11,0.191678,1.65509,1.74253,0.191091
3.2,0,0.12,0.208111,1.6313,1.73426,0.20736
3.2,0,0.13,0.224299,1.60594,1.72538,0.223359
3.2,0,0.14,0.240225,1.57913,1.7159,0.239072
3.2,0,0.15,0.255876,1.55087,1.70584,0.254485
3.2,0,0.16,0.271239,1.52141,1.69524,0.269583
3.2,0,0.17,0.286301,1.49077,1.68412,0.284356
3.2,0,0.18,0.301051,1.45914,1.67251,0.298794
3.2,0,0.19,0.31548,1.42655,1.66042,0.312886
3.2,0,0.2,0.32958,1.39321,1.6479,0.326627
3.2,0,0.21,0.343342,1.35915,1.63496,0.34001
3.2,0,0.22,0.356761,1.32447,1.62164,0.353031
3.2,0,0.23,0.369831,1.28943,1.60796,0.365684
3.2,0,0.24,0.382548,1.25398,1.59395,0.37797
3.2,0,0.25,0.394909,1.21832,1.57964,0.389885
3.2,0,0.26,0.406913,1.18238,1.56505,0.401431
3.2,0,0.27,0.418557,1.14647,1.55021,0.412609
3.2,0,0.28,0.429842,1.11058,1.53515,0.42342
3.2,0,0.29,0.440769,1.07478,1.51989,0.433867
3.2,0,0.3,0.451339,1.03919,1.50446,0.443954
3.2,0,0.31,0.461554,1.00389,1.48888,0.453685
3.2,0,0.32,0.471418,0.968888,1.47318,0.463066
3.2,0,0.33,0.480933,0.934303,1.45737,0.472103
3.2,0,0.34,0.490105,0.90012,1.44148,0.480801
3.2,0,0.35,0.498937,0.866503,1.42554,0.489167
3.2,0,0.36,0.507436,0.833422,1.40955,0.497209
3.2,0,0.37,0.515608,0.800937,1.39353,0.504935
3.2,0,0.38,0.523457,0.769109,1.37752,0.512351
3.2,0,0.39,0.530992,0.737935,1.36152,0.519466
3.2,0,0.4,0.538219,0.707418,1.34555,0.526289
3.2,0,0.41,0.545144,0.677735,1.32962,0.532828
3.2,0,0.42,0.551776,0.648737,1.31375,0.539091
3.2,0,0.43,0.558122,0.620544,1.29796,0.545087
3.2,0,0.44,0.564189,0.593096,1.28225,0.550824
3.2,0,0.45,0.569986,0.566423,1.26663,0.556312
3.2,0,0.46,0.575519,0.540495,1.25113,0.561558
3.2,0,0.47,0.580798,0.515372,1.23574,0.566572
3.2,0,0.48,0.58583,0.491083,1.22048,0.571361
3.2,0,0.49,0.590623,0.467628,1.20535,0.575934
3.2,0,0.5,0.595185,0.444919,1.19037,0.580299
3.2,0,0.51,0.599524,0.422984,1.17554,0.584464
3.2,0,0.52,0.603648,0.401855,1.16086,0.588436
3.2,0,0.53,0.607564,0.38144,1.14635,0.592224
3.2,0,0.54,0.61128,0.3618,1.132,0.595835
3.2,0,0.55,0.614803,0.342935,1.11782,0.599277
3.2,0,0.56,0.618141,0.324845,1.10382,0.602555
3.2,0,0.57,0.621302,0.307381,1.09,0.605678
3.2,0,0.58,0.624291,0.290692,1.07636,0.608651
3.2,0,0.59,0.627117,0.274599,1.06291,0.611482
3.2,0,0.6,0.629786,0.25925,1.04964,0.614176
3.2,0,0.61,0.632304,0.244498,1.03656,0.61674
3.2,0,0.62,0.634677,0.230402,1.02367,0.619178
3.2,0,0.63,0.636914,0.216961,1.01097,0.621498
3.2,0,0.64,0.639018,0.204057,0.998466,0.623705
3.2,0,0.65,0.640997,0.191748,0.986148,0.625802
3.2,0,0.66,0.642855,0.180006,0.974023,0.627796
3.2,0,0.67,0.644599,0.16886,0.962088,0.629692
3.2,0,0.68,0.646234,0.158191,0.950343,0.631494
3.2,0,0.69,0.647764,0.148028,0.938789,0.633205
3.2,0,0.7,0.649196,0.138402,0.927423,0.634832
3.2,0,0.71,0.650534,0.129223,0.916245,0.636377
3.2,0,0.72,0.651782,0.120521,0.905253,0.637844
3.2,0,0.73,0.652945,0.112265,0.894446,0.639238
3.2,0,0.74,0.654028,0.104398,0.883822,0.640562
3.2,0,0.75,0.655034,0.096947,0.873379,0.641819
3.2,0,0.76,0.655969,0.0899434,0.863117,0.643012
3.2,0,0.77,0.656834,0.0832975,0.853031,0.644145
3.2,0,0.78,0.657635,0.0769794,0.843122,0.64522
3.2,0,0.79,0.658375,0.0710189,0.833386,0.646241
3.2,0,0.8,0.659057,0.0654161,0.823821,0.647209
3.2,0,0.81,0.659684,0.0601411,0.814425,0.648129
3.2,0,0.82,0.660261,0.0551641,0.805196,0.649001
3.2,0,0.83,0.660789,0.0504553,0.796131,0.649829
3.2,0,0.84,0.661271,0.0461042,0.787228,0.650615
3.2,0,0.85,0.661712,0.0419915,0.778484,0.65136
3.2,0,0.86,0.662112,0.0381172,0.769898,0.652067
3.2,0,0.87,0.662475,0.0345409,0.761466,0.652737
3.2,0,0.88,0.662804,0.0311732,0.753186,0.653374
3.2,0,0.89,0.663099,0.0279844,0.745055,0.653977
3.2,0,0.9,0.663365,0.0250936,0.737072,0.65455
3.2,0,0.91,0.663602,0.0224113,0.729233,0.655092
3.2,0,0.92,0.663813,0.0198483,0.721536,0.655607
3.2,0,0.93,0.664,0.0175834,0.713979,0.656096
3.2,0,0.94,0.664165,0.015378,0.706559,0.656559
3.2,0,0.95,0.66431,0.0134706,0.699273,0.656998
3.2,0,0.96,0.664435,0.0116229,0.69212,0.657414
3.2,0,0.97,0.664544,0.0100732,0.685096,0.657809
3.2,0,0.98,0.664636,0.00858307,0.6782,0.658184
3.2,0,0.99,0.664715,0.00715256,0.671429,0.658539
3.2,0,1,0.66478,0.00599027,0.66478,0.658875
3.2,0,1.01,0.664835,0.00491738,0.658252,0.659195
3.2,0,1.02,0.664879,0.00396371,0.651842,0.659497
3.2,0,1.03,0.664914,0.00309944,0.645548,0.659784
3.2,0,1.04,0.664942,0.00238419,0.639367,0.660056
3.2,0,1.05,0.664962,0.00178814,0.633297,0.660314
3.2,0,1.06,0.664977,0.0012517,0.627337,0.660558
3.2,0,1.07,0.664988,0.000804663,0.621484,0.66079
3.2,0,1.08,0.664994,0.000476837,0.615735,0.66101
3.2,0,1.09,0.664998,0.000268221,0.61009,0.661218
3.2,0,1.1,0.665,0.000119209,0.604545,0.661415
3.2,0,1.11,0.665,0,0.599099,0.661603
3.2,0,1.12,0.665,-2.98023e-05,0.59375,0.66178
3.2,0,1.13,0.665,8.9407e-05,0.588496,0.661948
3.2,0,1.14,0.665002,0.000238419,0.583335,0.662108
3.2,0,1.15,0.665004,0.00038743,0.578265,0.662259
3.2,0,1.16,0.66501,0.000685453,0.573284,0.662402
3.2,0,1.17,0.665017,0.000923872,0.568391,0.662538
3.2,0,1.18,0.665029,0.0013411,0.563584,0.662666
3.2,0,1.19,0.665044,0.00169873,0.55886,0.662788
3.2,0,1.2,0.665063,0.00223517,0.554219,0.662904
3.2,0,1.21,0.665088,0.00274181,0.549659,0.663013
3.2,0,1.22,0.665117,0.00318885,0.545178,0.663117
3.2,0,1.23,0.665152,0.00378489,0.540774,0.663216
3.2,0,1.24,0.665194,0.00444055,0.536446,0.663309
3.2,0,1.25,0.665241,0.00503659,0.532193,0.663397
3.2,0,1.26,0.665296,0.00578165,0.528012,0.663481
3.2,0,1.27,0.665357,0.0064671,0.523903,0.66356
3.2,0,1.28,0.665426,0.00724196,0.519864,0.663636
3.2,0,1.29,0.665503,0.00798702,0.515893,0.663707
3.2,0,1.3,0.665587,0.00882149,0.51199,0.663775
3.2,0,1.31,0.66568,0.00971556,0.508152,0.663839
3.2,0,1.32,0.665781,0.0105202,0.504379,0.663899
3.2,0,1.33,0.66589,0.0113845,0.500669,0.663957
3.2,0,1.34,0.666009,0.0122786,0.497021,0.664012
3.2,0,1.35,0.666136,0.0131726,0.493434,0.664063
3.2,0,1.36,0.666273,0.0140965,0.489907,0.664112
3.2,0,1.37,0.666419,0.0150502,0.486437,0.664159
3.2,0,1.38,0.666574,0.0160635,0.483025,0.664203
3.2,0,1.39,0.666739,0.0170171,0.479669,0.664244
3.2,0,1.4,0.666914,0.017941,0.476367,0.664284
3.2,0,1.41,0.667099,0.0189841,0.47312,0.664321
3.2,0,1.42,0.667293,0.019908,0.469925,0.664357
3.2,0,1.43,0.667498,0.0210106,0.466782,0.664391
3.2,0,1.44,0.667712,0.0219643,0.463689,0.664422
3.2,0,1.45,0.667937,0.0229478,0.460647,0.664453
3.2,0,1.46,0.668173,0.0240505,0.457652,0.664481
3.2,0,1.47,0.668418,0.0250936,0.454706,0.664508
3.2,0,1.48,0.668674,0.0261366,0.451807,0.664534
3.2,0,1.49,0.66894,0.0271201,0.448953,0.664559
3.2,0,1.5,0.669217,0.0282228,0.446145,0.664582
3.2,0,1.51,0.669505,0.0292659,0.44338,0.664604
3.2,0,1.52,0.669802,0.0303388,0.440659,0.664624
3.2,0,1.53,0.670111,0.031352,0.437981,0.664644
3.2,0,1.54,0.67043,0.0323951,0.435344,0.664663
3.2,0,1.55,0.670759,0.0334978,0.432748,0.66468
3.2,0,1.56,0.671099,0.0345111,0.430192,0.664697
3.2,0,1.57,0.67145,0.035584,0.427675,0.664713
3.2,0,1.58,0.671811,0.0366569,0.425197,0.664728
3.2,0,1.59,0.672183,0.0377297,0.422757,0.664742
3.2,0,1.6,0.672565,0.038743,0.420353,0.664756
3.2,0,1.61,0.672958,0.0399053,0.417987,0.664768
3.2,0,1.62,0.673362,0.040859,0.415655,0.66478
3.2,0,1.63,0.673776,0.0419021,0.413359,0.664792
3.2,0,1.64,0.6742,0.0429451,0.411098,0.664803
3.2,0,1.65,0.674635,0.044018,0.40887,0.664813
3.2,0,1.66,0.67508,0.0450015,0.406675,0.664823
3.2,0,1.67,0.675536,0.0461042,0.404512,0.664832
3.2,0,1.68,0.676002,0.0471175,0.402382,0.664841
3.2,0,1.69,0.676478,0.0481606,0.400283,0.664849
3.2,0,1.7,0.676964,0.049144,0.398214,0.664857
3.2,0,1.71,0.677461,0.0501871,0.396176,0.664865
3.2,0,1.72,0.677968,0.0511706,0.394167,0.664872
3.2,0,1.73,0.678485,0.0522137,0.392188,0.664878
3.2,0,1.74,0.679012,0.0532269,0.390237,0.664885
3.2,0,1.75,0.679549,0.0541806,0.388314,0.664891
3.2,0,1.76,0.680096,0.0551939,0.386418,0.664897
3.2,0,1.77,0.680653,0.0562072,0.38455,0.664902
3.2,0,1.78,0.68122,0.0571012,0.382708,0.664907
3.2,0,1.79,0.681797,0.0581443,0.380892,0.664912
3.2,0,1.8,0.682383,0.0591278,0.379102,0.664917
3.2,0,1.81,0.682979,0.0600815,0.377337,0.664921
3.2,0,1.82,0.683585,0.061065,0.375596,0.664925
3.2,0,1.83,0.6842,0.0620186,0.37388,0.664929
3.2,0,1.84,0.684825,0.0629425,0.372188,0.664933
3.2,0,1.85,0.68546,0.063926,0.370519,0.664936
3.2,0,1.86,0.686103,0.0648499,0.368873,0.66494
3.2,0,1.87,0.686756,0.0658035,0.367249,0.664943
3.2,0,1.88,0.687419,0.0667572,0.365648,0.664946
3.2,0,1.89,0.68809,0.0675917,0.364069,0.664949
3.2,0,1.9,0.688771,0.0685155,0.362511,0.664951
3.2,0,1.91,0.689461,0.0694394,0.360974,0.664954
3.2,0,1.92,0.69016,0.0703633,0.359458,0.664956
3.2,0,1.93,0.690868,0.0712276,0.357962,0.664959
3.2,0,1.94,0.691584,0.0721216,0.356487,0.664961
3.2,0,1.95,0.69231,0.0730157,0.355031,0.664963
3.2,0,1.96,0.693044,0.07388,0.353594,0.664965
3.2,0,1.97,0.693787,0.0746548,0.352176,0.664967
3.2,0,1.98,0.694539,0.0755787,0.350777,0.664968
3.2,0,1.99,0.695299,0.076443,0.349396,0.66497
3.2,0,2,0.696068,0.0773072,0.348034,0.664972
3.2,0,2.01,0.696845,0.0781715,0.346689,0.664973
3.2,0,2.02,0.69763,0.0789464,0.345362,0.664974
3.2,0,2.03,0.698424,0.0797808,0.344051,0.664976
3.2,0,2.04,0.699226,0.0806451,0.342758,0.664977
3.2,0,2.05,0.700037,0.0814795,0.341481,0.664978
3.2,0,2.06,0.700855,0.0822544,0.340221,0.664979
3.2,0,2.07,0.701682,0.0830591,0.338977,0.66498
3.2,0,2.08,0.702516,0.0838637,0.337748,0.664981
3.2,0,2.09,0.703358,0.0846684,0.336535,0.664982
3.2,0,2.1,0.704209,0.0854135,0.335338,0.664983
3.2,0,2.11,0.705067,0.0862181,0.334155,0.664984
3.2,0,2.12,0.705933,0.0869334,0.332987,0.664985
3.2,0,2.13,0.706806,0.087738,0.331834,0.664986
3.2,0,2.14,0.707687,0.0885427,0.330695,0.664987
3.2,0,2.15,0.708576,0.089258,0.32957,0.664987
3.2,0,2.16,0.709472,0.0899732,0.328459,0.664988
3.2,0,2.17,0.710376,0.0907779,0.327362,0.664989
3.2,0,2.18,0.711287,0.0914931,0.326278,0.664989
3.2,0,2.19,0.712205,0.0922084,0.325208,0.66499
3.2,0,2.2,0.71313,0.092864,0.32415,0.66499
3.2,0,2.21,0.714063,0.0936091,0.323106,0.664991
3.2,0,2.22,0.715003,0.0943542,0.322073,0.664991
3.2,0,2.23,0.71595,0.0950396,0.321054,0.664992
3.2,0,2.24,0.716904,0.0957549,0.320046,0.664992
3.2,0,2.25,0.717865,0.0964105,0.319051,0.664993
3.2,0,2.26,0.718833,0.0971258,0.318068,0.664993
3.2,0,2.27,0.719807,0.0977814,0.317096,0.664993
3.2,0,2.28,0.720789,0.0984967,0.316135,0.664994
3.2,0,2.29,0.721777,0.0990927,0.315186,0.664994
3.2,0,2.3,0.722771,0.099808,0.314248,0.664994
3.2,0,2.31,0.723773,0.100434,0.313322,0.664995
3.2,0,2.32,0.724781,0.101179,0.312406,0.664995
3.2,0,2.33,0.725795,0.101775,0.3115,0.664995
3.2,0,2.34,0.726816,0.102401,0.310605,0.664995
3.2,0,2.35,0.727843,0.103056,0.309721,0.664996
3.2,0,2.36,0.728877,0.103652,0.308846,0.664996
3.2,0,2.37,0.729917,0.104308,0.307982,0.664996
3.2,0,2.38,0.730963,0.104904,0.307127,0.664996
3.2,0,2.39,0.732015,0.10559,0.306283,0.664997
3.2,0,2.4,0.733074,0.106156,0.305447,0.664997
3.2,0,2.41,0.734138,0.106722,0.304622,0.664997
3.2,0,2.42,0.735209,0.107378,0.303805,0.664997
3.2,0,2.43,0.736285,0.107944,0.302998,0.664997
3.2,0,2.44,0.737367,0.10857,0.3022,0.664997
3.2,0,2.45,0.738456,0.109106,0.301411,0.664997
3.2,0,2.46,0.73955,0.109702,0.30063,0.664998
3.2,0,2.47,0.74065,0.110269,0.299858,0.664998
3.2,0,2.48,0.741755,0.110865,0.299095,0.664998
3.2,0,2.49,0.742866,0.111401,0.29834,0.664998
3.2,0,2.5,0.743983,0.111967,0.297593,0.664998
3.2,0,2.51,0.745106,0.112563,0.296855,0.664998
3.2,0,2.52,0.746234,0.11307,0.296125,0.664998
3.2,0,2.53,0.747367,0.113606,0.295402,0.664998
3.2,0,2.54,0.748506,0.114113,0.294687,0.664998
3.2,0,2.55,0.74965,0.114769,0.293981,0.664999
3.2,0,2.56,0.7508,0.115216,0.293281,0.664999
3.2,0,2.57,0.751955,0.115812,0.292589,0.664999
3.2,0,2.58,0.753115,0.116318,0.291905,0.664999
3.2,0,2.59,0.75428,0.116795,0.291228,0.664999
3.2,0,2.6,0.755451,0.117302,0.290558,0.664999
3.2,0,2.61,0.756627,0.117749,0.289895,0.664999
3.2,0,2.62,0.757807,0.118345,0.289239,0.664999
3.2,0,2.63,0.758993,0.118881,0.288591,0.664999
3.2,0,2.64,0.760184,0.119328,0.287948,0.664999
3.2,0,2.65,0.761379,0.119746,0.287313,0.664999
3.2,0,2.66,0.76258,0.120342,0.286684,0.664999
3.2,0,2.67,0.763786,0.120848,0.286062,0.664999
3.2,0,2.68,0.764996,0.121206,0.285446,0.664999
3.2,0,2.69,0.766211,0.121832,0.284837,0.664999
3.2,0,2.7,0.767431,0.12219,0.284234,0.664999
3.2,0,2.71,0.768655,0.122666,0.283637,0.664999
3.2,0,2.72,0.769885,0.123113,0.283046,0.664999
3.2,0,2.73,0.771119,0.123531,0.282461,0.664999
3.2,0,2.74,0.772357,0.124067,0.281882,0.664999
3.2,0,2.75,0.7736,0.124544,0.281309,0.664999
3.2,0,2.76,0.774847,0.124991,0.280742,0.665
3.2,0,2.77,0.776099,0.125349,0.28018,0.665
3.2,0,2.78,0.777356,0.125915,0.279624,0.665
3.2,0,2.79,0.778617,0.126272,0.279074,0.665
3.2,0,2.8,0.779882,0.12666,0.278529,0.665
3.2,0,2.81,0.781151,0.127137,0.27799,0.665
3.2,0,2.82,0.782425,0.127614,0.277456,0.665
3.2,0,2.83,0.783703,0.128001,0.276927,0.665
3.2,0,2.84,0.784986,0.128388,0.276403,0.665
3.2,0,2.85,0.786272,0.128955,0.275885,0.665
3.2,0,2.86,0.787563,0.129312,0.275372,0.665
3.2,0,2.87,0.788857,0.12973,0.274863,0.665
3.2,0,2.88,0.790156,0.130087,0.27436,0.665
3.2,0,2.89,0.791459,0.130504,0.273861,0.665
3.2,0,2.9,0.792766,0.130922,0.273368,0.665
3.2,0,2.91,0.794077,0.131279,0.272879,0.665
3.2,0,2.92,0.795392,0.131696,0.272395,0.665
3.2,0,2.93,0.796711,0.132114,0.271915,0.665
3.2,0,2.94,0.798034,0.132471,0.27144,0.665
3.2,0,2.95,0.79936,0.132859,0.27097,0.665
3.2,0,2.96,0.80069,0.133187,0.270504,0.665
3.2,0,2.97,0.802025,0.133544,0.270042,0.665
3.2,0,2.98,0.803363,0.133902,0.269585,0.665
3.2,0,2.99,0.804704,0.134319,0.269132,0.665
3.2,0,3,0.80605,0.134647,0.268683,0.665
3.2,0,3.01,0.807399,0.135064,0.268239,0.665
3.2,0,3.02,0.808751,0.135481,0.267798,0.665
3.2,0,3.03,0.810108,0.135839,0.267362,0.665
3.2,0,3.04,0.811468,0.136077,0.26693,0.665
3.2,0,3.05,0.812831,0.136495,0.266502,0.665
3.2,0,3.06,0.814198,0.136852,0.266078,0.665
3.2,0,3.07,0.815569,0.13718,0.265658,0.665
3.2,0,3.08,0.816943,0.137627,0.265241,0.665
3.2,0,3.09,0.81832,0.137895,0.264829,0.665
3.2,0,3.1,0.819701,0.138253,0.26442,0.665
3.2,0,3.11,0.821085,0.138611,0.264015,0.665
3.2,0,3.12,0.822473,0.138938,0.263613,0.665
3.2,0,3.13,0.823864,0.139266,0.263215,0.665
3.2,0,3.14,0.825258,0.139534,0.262821,0.665
3.2,0,3.15,0.826656,0.139922,0.26243,0.665
3.2,0,3.16,0.828057,0.14028,0.262043,0.665
3.2,0,3.17,0.829461,0.140607,0.26166,0.665
3.2,0,3.18,0.830868,0.140846,0.261279,0.665
3.2,0,3.19,0.832279,0.141263,0.260902,0.665
3.2,0,3.2,0.833692,0.141531,0.260529,0.665
3.2,0,3.21,0.835109,0.141799,0.260159,0.665
3.2,0,3.22,0.836529,0.142127,0.259792,0.665
3.2,0,3.23,0.837952,0.142425,0.259428,0.665
3.2,0,3.24,0.839378,0.142753,0.259067,0.665
3.2,0,3.25,0.840807,0.143051,0.25871,0.665
3.2,0,3.26,0.842239,0.14329,0.258356,0.665
3.2,0,3.27,0.843674,0.143677,0.258004,0.665
3.2,0,3.28,0.845112,0.143945,0.257656,0.665
3.2,0,3.29,0.846554,0.144273,0.257311,0.665
3.2,0,3.3,0.847997,0.144511,0.256969,0.665
3.2,0,3.31,0.849444,0.144869,0.25663,0.665
3.2,0,3.32,0.850894,0.145137,0.256293,0.665
3.2,0,3.33,0.852347,0.145406,0.25596,0.665
3.2,0,3.34,0.853802,0.145704,0.255629,0.665
3.2,0,3.35,0.855261,0.145972,0.255302,0.665
3.2,0,3.36,0.856722,0.14627,0.254977,0.665
3.2,0,3.37,0.858186,0.146478,0.254654,0.665
3.2,0,3.38,0.859652,0.146836,0.254335,0.665
3.2,0,3.39,0.861122,0.147074,0.254018,0.665
3.2,0,3.4,0.862594,0.147343,0.253704,0.665
3.2,0,3.41,0.864068,0.147641,0.253392,0.665
3.2,0,3.42,0.865546,0.14782,0.253084,0.665
3.2,0,3.43,0.867026,0.148118,0.252777,0.665
3.2,0,3.44,0.868509,0.148475,0.252473,0.665
3.2,0,3.45,0.869994,0.148714,0.252172,0.665
3.2,0,3.46,0.871482,0.148922,0.251873,0.665
3.2,0,3.47,0.872973,0.149131,0.251577,0.665
3.2,0,3.48,0.874466,0.149399,0.251283,0.665
3.2,0,3.49,0.875961,0.149667,0.250992,0.665
3.2,0,3.5,0.877459,0.149965,0.250703,0.665
3.2,0,3.51,0.87896,0.150084,0.250416,0.665
3.2,0,3.52,0.880463,0.150442,0.250132,0.665
3.2,0,3.53,0.881969,0.15071,0.249849,0.665
3.2,0,3.54,0.883477,0.150949,0.24957,0.665
3.2,0,3.55,0.884987,0.151187,0.249292,0.665
3.2,0,3.56,0.8865,0.151396,0.249017,0.665
3.2,0,3.57,0.888015,0.151724,0.248744,0.665
3.2,0,3.58,0.889533,0.151873,0.248473,0.665
3.2,0,3.59,0.891053,0.152141,0.248204,0.665
3.2,0,3.6,0.892575,0.152379,0.247938,0.665
3.2,0,3.61,0.8941,0.152588,0.247673,0.665
3.2,0,3.62,0.895627,0.152826,0.247411,0.665
3.2,0,3.63,0.897156,0.153035,0.247151,0.665
3.2,0,3.64,0.898688,0.153273,0.246892,0.665
3.2,0,3.65,0.900222,0.153512,0.246636,0.665
3.2,0,3.66,0.901758,0.15372,0.246382,0.665
3.2,0,3.67,0.903296,0.153989,0.24613,0.665
3.2,0,3.68,0.904836,0.154138,0.245879,0.665
3.2,0,3.69,0.906379,0.154346,0.245631,0.665
3.2,0,3.7,0.907924,0.154614,0.245385,0.665
3.2,0,3.71,0.909471,0.154883,0.24514,0.665
3.2,0,3.72,0.91102,0.155032,0.244898,0.665
3.2,0,3.73,0.912572,0.15527,0.244657,0.665
3.2,0,3.74,0.914125,0.155449,0.244418,0.665
3.2,0,3.75,0.915681,0.155598,0.244181,0.665
3.2,0,3.76,0.917238,0.155807,0.243946,0.665
3.2,0,3.77,0.918798,0.156045,0.243713,0.665
3.2,0,3.78,0.92036,0.156373,0.243481,0.665
3.2,0,3.79,0.921923,0.156552,0.243252,0.665
3.2,0,3.8,0.923489,0.15676,0.243024,0.665
3.2,0,3.81,0.925057,0.15679,0.242797,0.665
3.2,0,3.82,0.926627,0.157088,0.242573,0.665
3.2,0,3.83,0.928199,0.157297,0.24235,0.665
3.2,0,3.84,0.929773,0.157535,0.242128,0.665
3.2,0,3.85,0.931349,0.157684,0.241909,0.665
3.2,0,3.86,0.932926,0.157923,0.241691,0.665
3.2,0,3.87,0.934506,0.158072,0.241474,0.665
3.2,0,3.88,0.936088,0.158161,0.24126,0.665
3.2,0,3.89,0.937671,0.158489,0.241047,0.665
3.2,0,3.9,0.939257,0.158668,0.240835,0.665
3.2,0,3.91,0.940844,0.158787,0.240625,0.665
3.2,0,3.92,0.942433,0.159025,0.240417,0.665
3.2,0,3.93,0.944024,0.159115,0.24021,0.665
3.2,0,3.94,0.945617,0.159413,0.240004,0.665
3.2,0,3.95,0.947212,0.159532,0.2398,0.665
3.2,0,3.96,0.948808,0.159711,0.239598,0.665
3.2,0,3.97,0.950407,0.15986,0.239397,0.665
3.2,0,3.98,0.952006,0.160068,0.239198,0.665
3.2,0,3.99,0.953608,0.160307,0.239,0.665
3.2,0,4,0.955212,0.160426,0.238803,0.665
3.2,0.08,-4,-1.10702,0.158727,0.276754,-0.831616
3.2,0.08,-3.99,-1.10543,0.158608,0.27705,-0.831616
3.2,0.08,-3.98,-1.10385,0.15837,0.277348,-0.831616
3.2,0.08,-3.97,-1.10226,0.158072,0.277648,-0.831616
3.2,0.08,-3.96,-1.10068,0.157952,0.27795,-0.831616
3.2,0.08,-3.95,-1.0991,0.157714,0.278254,-0.831616
3.2,0.08,-3.94,-1.09753,0.157535,0.27856,-0.831616
3.2,0.08,-3.93,-1.09595,0.157356,0.278868,-0.831616
3.2,0.08,-3.92,-1.09438,0.157118,0.279179,-0.831616
3.2,0.08,-3.91,-1.09281,0.156879,0.279491,-0.831616
3.2,0.08,-3.9,-1.09124,0.15676,0.279805,-0.831616
3.2,0.08,-3.89,-1.08967,0.156581,0.280122,-0.831616
3.2,0.08,-3.88,-1.08811,0.156343,0.28044,-0.831616
3.2,0.08,-3.87,-1.08655,0.156224,0.280761,-0.831616
3.2,0.08,-3.86,-1.08499,0.156045,0.281084,-0.831616
3.2,0.08,-3.85,-1.08343,0.155747,0.28141,-0.831616
3.2,0.08,-3.84,-1.08187,0.155509,0.281737,-0.831616
3.2,0.08,-3.83,-1.08032,0.15527,0.282067,-0.831616
3.2,0.08,-3.82,-1.07876,0.155151,0.282399,-0.831616
3.2,0.08,-3.81,-1.07721,0.154912,0.282733,-0.831616
3.2,0.08,-3.8,-1.07567,0.154674,0.28307,-0.831616
3.2,0.08,-3.79,-1.07412,0.154495,0.283409,-0.831616
3.2,0.08,-3.78,-1.07258,0.154197,0.28375,-0.831616
3.2,0.08,-3.77,-1.07103,0.154078,0.284094,-0.831616
3.2,0.08,-3.76,-1.06949,0.15378,0.28444,-0.831616
3.2,0.08,-3.75,-1.06796,0.153601,0.284789,-0.831616
3.2,0.08,-3.74,-1.06642,0.153303,0.28514,-0.831616
3.2,0.08,-3.73,-1.06489,0.153124,0.285493,-0.831616
3.2,0.08,-3.72,-1.06336,0.152946,0.285849,-0.831616
3.2,0.08,-3.71,-1.06183,0.152707,0.286208,-0.831616
3.2,0.08,-3.7,-1.06031,0.152469,0.286569,-0.831616
3.2,0.08,-3.69,-1.05878,0.15223,0.286933,-0.831616
3.2,0.08,-3.68,-1.05726,0.151992,0.287299,-0.831616
3.2,0.08,-3.67,-1.05574,0.151753,0.287668,-0.831616
3.2,0.08,-3.66,-1.05423,0.151515,0.28804,-0.831616
3.2,0.08,-3.65,-1.05271,0.151336,0.288414,-0.831616
3.2,0.08,-3.64,-1.0512,0.151038,0.288791,-0.831616
3.2,0.08,-3.63,-1.04969,0.1508,0.289171,-0.831616
3.2,0.08,-3.62,-1.04818,0.150561,0.289554,-0.831616
3.2,0.08,-3.61,-1.04668,0.150263,0.289939,-0.831616
3.2,0.08,-3.6,-1.04518,0.149965,0.290327,-0.831616
3.2,0.08,-3.59,-1.04368,0.149786,0.290718,-0.831616
3.2,0.08,-3.58,-1.04218,0.149548,0.291112,-0.831616
3.2,0.08,-3.57,-1.04069,0.14931,0.291509,-0.831616
3.2,0.08,-3.56,-1.0392,0.149012,0.291909,-0.831616
3.2,0.08,-3.55,-1.03771,0.148833,0.292312,-0.831616
3.2,0.08,-3.54,-1.03622,0.148535,0.292718,-0.831616
3.2,0.08,-3.53,-1.03474,0.148296,0.293127,-0.831616
3.2,0.08,-3.52,-1.03326,0.147998,0.293538,-0.831616
3.2,0.08,-3.51,-1.03178,0.1477,0.293953,-0.831616
3.2,0.08,-3.5,-1.0303,0.147462,0.294372,-0.831616
3.2,0.08,-3.49,-1.02883,0.147164,0.294793,-0.831616
3.2,0.08,-3.48,-1.02736,0.146925,0.295217,-0.831616
3.2,0.08,-3.47,-1.02589,0.146687,0.295645,-0.831616
3.2,0.08,-3.46,-1.02442,0.146389,0.296076,-0.831616
3.2,0.08,-3.45,-1.02296,0.146151,0.29651,-0.831616
3.2,0.08,-3.44,-1.0215,0.145793,0.296948,-0.831616
3.2,0.08,-3.43,-1.02004,0.145495,0.297389,-0.831616
3.2,0.08,-3.42,-1.01859,0.145257,0.297833,-0.831616
3.2,0.08,-3.41,-1.01714,0.145018,0.298281,-0.831616
3.2,0.08,-3.4,-1.01569,0.14472,0.298733,-0.831616
3.2,0.08,-3.39,-1.01425,0.144422,0.299188,-0.831616
3.2,0.08,-3.38,-1.0128,0.144184,0.299646,-0.831616
3.2,0.08,-3.37,-1.01136,0.143826,0.300108,-0.831616
3.2,0.08,-3.36,-1.00993,0.143528,0.300574,-0.831616
3.2,0.08,-3.35,-1.00849,0.14323,0.301043,-0.831616
3.2,0.08,-3.34,-1.00706,0.142932,0.301516,-0.831616
3.2,0.08,-3.33,-1.00564,0.142634,0.301993,-0.831616
3.2,0.08,-3.32,-1.00421,0.142276,0.302473,-0.831616
3.2,0.08,-3.31,-1.00279,0.142038,0.302958,-0.831616
3.2,0.08,-3.3,-1.00137,0.141621,0.303446,-0.831616
3.2,0.08,-3.29,-0.999956,0.141323,0.303938,-0.831616
3.2,0.08,-3.28,-0.998544,0.141054,0.304434,-0.831616
3.2,0.08,-3.27,-0.997136,0.140727,0.304934,-0.831616
3.2,0.08,-3.26,-0.99573,0.140429,0.305439,-0.831616
3.2,0.08,-3.25,-0.994327,0.140101,0.305947,-0.831616
3.2,0.08,-3.24,-0.992928,0.139803,0.306459,-0.831616
3.2,0.08,-3.23,-0.991532,0.139415,0.306976,-0.831616
3.2,0.08,-3.22,-0.99014,0.139058,0.307497,-0.831616
3.2,0.08,-3.21,-0.988751,0.13873,0.308022,-0.831616
3.2,0.08,-3.2,-0.987365,0.138432,0.308551,-0.831616
3.2,0.08,-3.19,-0.985982,0.138104,0.309085,-0.831616
3.2,0.08,-3.18,-0.984603,0.137746,0.309624,-0.831616
3.2,0.08,-3.17,-0.983227,0.137419,0.310166,-0.831616
3.2,0.08,-3.16,-0.981855,0.137031,0.310714,-0.831616
3.2,0.08,-3.15,-0.980486,0.136673,0.311266,-0.831616
3.2,0.08,-3.14,-0.979121,0.136286,0.311822,-0.831616
3.2,0.08,-3.13,-0.97776,0.136018,0.312383,-0.831616
3.2,0.08,-3.12,-0.976402,0.13572,0.312949,-0.831616
3.2,0.08,-3.11,-0.975047,0.135273,0.31352,-0.831616
3.2,0.08,-3.1,-0.973697,0.134975,0.314096,-0.831616
3.2,0.08,-3.09,-0.972349,0.134468,0.314676,-0.831616
3.2,0.08,-3.08,-0.971006,0.1342,0.315262,-0.831616
3.2,0.08,-3.07,-0.969666,0.133783,0.315852,-0.831616
3.2,0.08,-3.06,-0.96833,0.133395,0.316448,-0.831616
3.2,0.08,-3.05,-0.966998,0.133067,0.317048,-0.831616
3.2,0.08,-3.04,-0.96567,0.13265,0.317654,-0.831616
3.2,0.08,-3.03,-0.964345,0.132263,0.318266,-0.831616
3.2,0.08,-3.02,-0.963024,0.131935,0.318882,-0.831616
3.2,0.08,-3.01,-0.961708,0.131428,0.319504,-0.831616
3.2,0.08,-3,-0.960395,0.131071,0.320132,-0.831616
3.2,0.08,-2.99,-0.959086,0.130683,0.320765,-0.831616
3.2,0.08,-2.98,-0.957781,0.130296,0.321403,-0.831616
3.2,0.08,-2.97,-0.95648,0.129849,0.322047,-0.831616
3.2,0.08,-2.96,-0.955184,0.129431,0.322697,-0.831616
3.2,0.08,-2.95,-0.953891,0.129044,0.323353,-0.831616
3.2,0.08,-2.94,-0.952603,0.128657,0.324015,-0.831616
3.2,0.08,-2.93,-0.951318,0.128329,0.324682,-0.831616
3.2,0.08,-2.92,-0.950038,0.127882,0.325356,-0.831616
3.2,0.08,-2.91,-0.948762,0.127435,0.326035,-0.831616
3.2,0.08,-2.9,-0.947491,0.126928,0.326721,-0.831616
3.2,0.08,-2.89,-0.946224,0.126481,0.327413,-0.831616
3.2,0.08,-2.88,-0.944961,0.126034,0.328111,-0.831616
3.2,0.08,-2.87,-0.943702,0.125587,0.328816,-0.831616
3.2,0.08,-2.86,-0.942448,0.12514,0.329527,-0.831616
3.2,0.08,-2.85,-0.941198,0.124753,0.330245,-0.831616
3.2,0.08,-2.84,-0.939953,0.124276,0.330969,-0.831616
3.2,0.08,-2.83,-0.938713,0.123858,0.331701,-0.831615
3.2,0.08,-2.82,-0.937477,0.123292,0.332439,-0.831615
3.2,0.08,-2.81,-0.936245,0.122964,0.333183,-0.831615
3.2,0.08,-2.8,-0.935018,0.122488,0.333935,-0.831615
3.2,0.08,-2.79,-0.933796,0.121981,0.334694,-0.831615
3.2,0.08,-2.78,-0.932579,0.121504,0.33546,-0.831615
3.2,0.08,-2.77,-0.931366,0.120938,0.336233,-0.831615
3.2,0.08,-2.76,-0.930159,0.12055,0.337014,-0.831615
3.2,0.08,-2.75,-0.928956,0.120074,0.337802,-0.831615
3.2,0.08,-2.74,-0.927758,0.119597,0.338598,-0.831615
3.2,0.08,-2.73,-0.926564,0.11903,0.339401,-0.831615
3.2,0.08,-2.72,-0.925376,0.118554,0.340212,-0.831615
3.2,0.08,-2.71,-0.924193,0.118047,0.341031,-0.831615
3.2,0.08,-2.7,-0.923015,0.117511,0.341857,-0.831615
3.2,0.08,-2.69,-0.921842,0.117004,0.342692,-0.831615
3.2,0.08,-2.68,-0.920674,0.116497,0.343535,-0.831615
3.2,0.08,-2.67,-0.919512,0.11605,0.344386,-0.831615
3.2,0.08,-2.66,-0.918354,0.115484,0.345246,-0.831615
3.2,0.08,-2.65,-0.917202,0.114948,0.346114,-0.831615
3.2,0.08,-2.64,-0.916055,0.114411,0.346991,-0.831614
3.2,0.08,-2.63,-0.914914,0.113815,0.347876,-0.831614
3.2,0.08,-2.62,-0.913778,0.113368,0.34877,-0.831614
3.2,0.08,-2.61,-0.912647,0.112861,0.349673,-0.831614
3.2,0.08,-2.6,-0.911522,0.112236,0.350585,-0.831614
3.2,0.08,-2.59,-0.910403,0.111669,0.351507,-0.831614
3.2,0.08,-2.58,-0.909289,0.111103,0.352438,-0.831614
3.2,0.08,-2.57,-0.90818,0.110567,0.353378,-0.831614
3.2,0.08,-2.56,-0.907078,0.109971,0.354327,-0.831614
3.2,0.08,-2.55,-0.905981,0.109345,0.355287,-0.831614
3.2,0.08,-2.54,-0.90489,0.108808,0.356256,-0.831613
3.2,0.08,-2.53,-0.903805,0.108153,0.357235,-0.831613
3.2,0.08,-2.52,-0.902725,0.107616,0.358224,-0.831613
3.2,0.08,-2.51,-0.901652,0.10711,0.359224,-0.831613
3.2,0.08,-2.5,-0.900585,0.106454,0.360234,-0.831613
3.2,0.08,-2.49,-0.899523,0.105828,0.361254,-0.831613
3.2,0.08,-2.48,-0.898468,0.105172,0.362286,-0.831612
3.2,0.08,-2.47,-0.897419,0.104606,0.363328,-0.831612
3.2,0.08,-2.46,-0.896376,0.103951,0.364381,-0.831612
3.2,0.08,-2.45,-0.89534,0.103295,0.365445,-0.831612
3.2,0.08,-2.44,-0.894309,0.102699,0.36652,-0.831612
3.2,0.08,-2.43,-0.893286,0.102043,0.367607,-0.831611
3.2,0.08,-2.42,-0.892268,0.101447,0.368706,-0.831611
3.2,0.08,-2.41,-0.891257,0.100702,0.369816,-0.831611
3.2,0.08,-2.4,-0.890252,0.100166,0.370939,-0.83161
3.2,0.08,-2.39,-0.889255,0.0994802,0.372073,-0.83161
3.2,0.08,-2.38,-0.888263,0.0988245,0.37322,-0.83161
3.2,0.08,-2.37,-0.887279,0.098139,0.374379,-0.83161
3.2,0.08,-2.36,-0.886301,0.0974238,0.375551,-0.831609
3.2,0.08,-2.35,-0.88533,0.0967681,0.376736,-0.831609
3.2,0.08,-2.34,-0.884365,0.0960529,0.377934,-0.831608
3.2,0.08,-2.33,-0.883408,0.0953972,0.379145,-0.831608
3.2,0.08,-2.32,-0.882458,0.0946522,0.38037,-0.831608
3.2,0.08,-2.31,-0.881515,0.0939667,0.381608,-0.831607
3.2,0.08,-2.3,-0.880579,0.0932813,0.38286,-0.831607
3.2,0.08,-2.29,-0.87965,0.0925362,0.384127,-0.831606
3.2,0.08,-2.28,-0.878728,0.091821,0.385407,-0.831605
3.2,0.08,-2.27,-0.877814,0.0910461,0.386702,-0.831605
3.2,0.08,-2.26,-0.876906,0.090301,0.388012,-0.831604
3.2,0.08,-2.25,-0.876007,0.0895858,0.389336,-0.831604
3.2,0.08,-2.24,-0.875114,0.0888705,0.390676,-0.831603
3.2,0.08,-2.23,-0.87423,0.0880659,0.392031,-0.831602
3.2,0.08,-2.22,-0.873353,0.087291,0.393402,-0.831601
3.2,0.08,-2.21,-0.872483,0.0865161,0.394789,-0.831601
3.2,0.08,-2.2,-0.871621,0.0858009,0.396192,-0.8316
3.2,0.08,-2.19,-0.870767,0.085026,0.397611,-0.831599
3.2,0.08,-2.18,-0.869921,0.0841916,0.399046,-0.831598
3.2,0.08,-2.17,-0.869083,0.0833869,0.400499,-0.831597
3.2,0.08,-2.16,-0.868253,0.0826716,0.401969,-0.831596
3.2,0.08,-2.15,-0.86743,0.081867,0.403456,-0.831595
3.2,0.08,-2.14,-0.866616,0.0810325,0.404961,-0.831594
3.2,0.08,-2.13,-0.86581,0.0802577,0.406484,-0.831592
3.2,0.08,-2.12,-0.865012,0.079304,0.408025,-0.831591
3.2,0.08,-2.11,-0.864223,0.0785291,0.409584,-0.83159
3.2,0.08,-2.1,-0.863442,0.0776947,0.411163,-0.831588
3.2,0.08,-2.09,-0.862669,0.0768602,0.41276,-0.831587
3.2,0.08,-2.08,-0.861905,0.0760257,0.414377,-0.831585
3.2,0.08,-2.07,-0.861149,0.0751019,0.416014,-0.831583
3.2,0.08,-2.06,-0.860402,0.0743866,0.417671,-0.831582
3.2,0.08,-2.05,-0.859663,0.0734329,0.419348,-0.83158
3.2,0.08,-2.04,-0.858934,0.0724792,0.421046,-0.831578
3.2,0.08,-2.03,-0.858213,0.071615,0.422765,-0.831576
3.2,0.08,-2.02,-0.8575,0.0707805,0.424505,-0.831573
3.2,0.08,-2.01,-0.856798,0.0698566,0.426267,-0.831571
3.2,0.08,-2,-0.856103,0.0689924,0.428052,-0.831569
3.2,0.08,-1.99,-0.855418,0.0680983,0.429858,-0.831566
3.2,0.08,-1.98,-0.854742,0.0671744,0.431688,-0.831563
3.2,0.08,-1.97,-0.854076,0.066191,0.433541,-0.83156
3.2,0.08,-1.96,-0.853418,0.0652671,0.435417,-0.831557
3.2,0.08,-1.95,-0.85277,0.064373,0.437318,-0.831554
3.2,0.08,-1.94,-0.852131,0.0634193,0.439243,-0.83155
3.2,0.08,-1.93,-0.851502,0.0624657,0.441193,-0.831547
3.2,0.08,-1.92,-0.850882,0.0615716,0.443168,-0.831543
3.2,0.08,-1.91,-0.850271,0.0605583,0.445168,-0.831539
3.2,0.08,-1.9,-0.849671,0.0595748,0.447195,-0.831535
3.2,0.08,-1.89,-0.84908,0.0586212,0.449249,-0.83153
3.2,0.08,-1.88,-0.848498,0.0576079,0.451329,-0.831525
3.2,0.08,-1.87,-0.847927,0.0567436,0.453437,-0.83152
3.2,0.08,-1.86,-0.847365,0.0556111,0.455573,-0.831515
3.2,0.08,-1.85,-0.846813,0.0547171,0.457737,-0.83151
3.2,0.08,-1.84,-0.846271,0.053674,0.45993,-0.831504
3.2,0.08,-1.83,-0.84574,0.0526309,0.462153,-0.831498
3.2,0.08,-1.82,-0.845218,0.0516772,0.464405,-0.831491
3.2,0.08,-1.81,-0.844706,0.0506639,0.466688,-0.831484
3.2,0.08,-1.8,-0.844205,0.0496507,0.469003,-0.831477
3.2,0.08,-1.79,-0.843713,0.0486672,0.471348,-0.831469
3.2,0.08,-1.78,-0.843232,0.0475943,0.473726,-0.831461
3.2,0.08,-1.77,-0.842761,0.046581,0.476136,-0.831452
3.2,0.08,-1.76,-0.842301,0.0455678,0.47858,-0.831443
3.2,0.08,-1.75,-0.841851,0.0445247,0.481057,-0.831434
3.2,0.08,-1.74,-0.841411,0.0434518,0.483569,-0.831424
3.2,0.08,-1.73,-0.840981,0.0424087,0.486116,-0.831413
3.2,0.08,-1.72,-0.840563,0.0413358,0.488699,-0.831402
3.2,0.08,-1.71,-0.840154,0.0403523,0.491318,-0.83139
3.2,0.08,-1.7,-0.839756,0.0392497,0.493974,-0.831378
3.2,0.08,-1.69,-0.839369,0.0381768,0.496668,-0.831365
3.2,0.08,-1.68,-0.838992,0.0371933,0.4994,-0.831351
3.2,0.08,-1.67,-0.838626,0.0360608,0.502171,-0.831336
3.2,0.08,-1.66,-0.83827,0.0350773,0.504982,-0.831321
3.2,0.08,-1.65,-0.837925,0.0339448,0.507833,-0.831304
3.2,0.08,-1.64,-0.83759,0.033021,0.510726,-0.831287
3.2,0.08,-1.63,-0.837266,0.0319183,0.51366,-0.831269
3.2,0.08,-1.62,-0.836953,0.0308156,0.516638,-0.83125
3.2,0.08,-1.61,-0.83665,0.0297427,0.519658,-0.83123
3.2,0.08,-1.6,-0.836358,0.0286996,0.522724,-0.831208
3.2,0.08,-1.59,-0.836076,0.0276566,0.525834,-0.831186
3.2,0.08,-1.58,-0.835805,0.0266433,0.52899,-0.831162
3.2,0.08,-1.57,-0.835544,0.0255704,0.532193,-0.831137
3.2,0.08,-1.56,-0.835293,0.0245571,0.535444,-0.83111
3.2,0.08,-1.55,-0.835053,0.023514,0.538744,-0.831083
3.2,0.08,-1.54,-0.834823,0.0225008,0.542093,-0.831053
3.2,0.08,-1.53,-0.834604,0.0214875,0.545493,-0.831022
3.2,0.08,-1.52,-0.834394,0.0204146,0.548944,-0.830989
3.2,0.08,-1.51,-0.834195,0.0194609,0.552447,-0.830955
3.2,0.08,-1.5,-0.834006,0.0184178,0.556004,-0.830918
3.2,0.08,-1.49,-0.833826,0.0174642,0.559615,-0.83088
3.2,0.08,-1.48,-0.833656,0.0164509,0.563281,-0.830839
3.2,0.08,-1.47,-0.833497,0.015527,0.567004,-0.830796
3.2,0.08,-1.46,-0.833346,0.0145733,0.570785,-0.830751
3.2,0.08,-1.45,-0.833205,0.0136197,0.574624,-0.830703
3.2,0.08,-1.44,-0.833073,0.012666,0.578523,-0.830653
3.2,0.08,-1.43,-0.832951,0.0118315,0.582483,-0.830599
3.2,0.08,-1.42,-0.832837,0.0109375,0.586505,-0.830543
3.2,0.08,-1.41,-0.832731,0.0100732,0.59059,-0.830484
3.2,0.08,-1.4,-0.832635,0.00920892,0.594739,-0.830422
3.2,0.08,-1.39,-0.832547,0.00837445,0.598954,-0.830356
3.2,0.08,-1.38,-0.832466,0.00762939,0.603237,-0.830286
3.2,0.08,-1.37,-0.832394,0.00688434,0.607587,-0.830213
3.2,0.08,-1.36,-0.832329,0.00610948,0.612007,-0.830135
3.2,0.08,-1.35,-0.832271,0.00542402,0.616497,-0.830054
3.2,0.08,-1.34,-0.83222,0.00476837,0.62106,-0.829968
3.2,0.08,-1.33,-0.832176,0.00408292,0.625696,-0.829877
3.2,0.08,-1.32,-0.832138,0.00348687,0.630408,-0.829781
3.2,0.08,-1.31,-0.832106,0.00289083,0.635195,-0.829679
3.2,0.08,-1.3,-0.832079,0.00244379,0.640061,-0.829573
3.2,0.08,-1.29,-0.832057,0.00190735,0.645006,-0.82946
3.2,0.08,-1.28,-0.83204,0.00143051,0.650031,-0.829341
3.2,0.08,-1.27,-0.832027,0.00110269,0.65514,-0.829216
3.2,0.08,-1.26,-0.832018,0.000745058,0.660332,-0.829083
3.2,0.08,-1.25,-0.832011,0.000476837,0.665609,-0.828944
3.2,0.08,-1.24,-0.832008,0.000268221,0.670974,-0.828796
3.2,0.08,-1.23,-0.832006,0.000178814,0.676427,-0.828641
3.2,0.08,-1.22,-0.832005,2.98023e-05,0.681971,-0.828477
3.2,0.08,-1.21,-0.832005,0,0.687607,-0.828304
3.2,0.08,-1.2,-0.832005,0,0.693337,-0.828122
3.2,0.08,-1.19,-0.832004,0.000178814,0.699163,-0.827929
3.2,0.08,-1.18,-0.832001,0.000298023,0.705086,-0.827726
3.2,0.08,-1.17,-0.831996,0.000655651,0.711108,-0.827512
3.2,0.08,-1.16,-0.831988,0.000983477,0.717231,-0.827286
3.2,0.08,-1.15,-0.831975,0.00149012,0.723456,-0.827048
3.2,0.08,-1.14,-0.831957,0.00208616,0.729787,-0.826797
3.2,0.08,-1.13,-0.831933,0.00277162,0.736224,-0.826531
3.2,0.08,-1.12,-0.831902,0.00348687,0.742769,-0.826252
3.2,0.08,-1.11,-0.831862,0.00447035,0.749425,-0.825957
3.2,0.08,-1.1,-0.831813,0.00545382,0.756193,-0.825645
3.2,0.08,-1.09,-0.831753,0.00661612,0.763076,-0.825317
3.2,0.08,-1.08,-0.83168,0.00786781,0.770074,-0.824971
3.2,0.08,-1.07,-0.831594,0.00929832,0.777191,-0.824606
3.2,0.08,-1.06,-0.831494,0.0109076,0.784428,-0.824221
3.2,0.08,-1.05,-0.831376,0.0126064,0.791787,-0.823815
3.2,0.08,-1.04,-0.831241,0.0144839,0.799271,-0.823387
3.2,0.08,-1.03,-0.831087,0.0164807,0.80688,-0.822935
3.2,0.08,-1.02,-0.83091,0.0187457,0.814618,-0.822459
3.2,0.08,-1.01,-0.830711,0.0211,0.822486,-0.821957
3.2,0.08,-1,-0.830486,0.0238419,0.830486,-0.821428
3.2,0.08,-0.99,-0.830234,0.0266135,0.83862,-0.82087
3.2,0.08,-0.98,-0.829953,0.0296533,0.846891,-0.820281
3.2,0.08,-0.97,-0.829641,0.032872,0.8553,-0.819661
3.2,0.08,-0.96,-0.829294,0.036329,0.863848,-0.819007
3.2,0.08,-0.95,-0.828912,0.0401437,0.872539,-0.818317
3.2,0.08,-0.94,-0.828491,0.0441372,0.881374,-0.81759
3.2,0.08,-0.93,-0.828029,0.0483692,0.890354,-0.816824
3.2,0.08,-0.92,-0.827523,0.0529289,0.899481,-0.816017
3.2,0.08,-0.91,-0.82697,0.0577271,0.908758,-0.815166
3.2,0.08,-0.9,-0.826367,0.0629127,0.918186,-0.814269
3.2,0.08,-0.89,-0.825711,0.0683367,0.927766,-0.813324
3.2,0.08,-0.88,-0.825,0.0740886,0.9375,-0.812329
3.2,0.08,-0.87,-0.824228,0.080198,0.947389,-0.81128
3.2,0.08,-0.86,-0.823394,0.0866055,0.957435,-0.810175
3.2,0.08,-0.85,-0.822493,0.0935495,0.967639,-0.809011
3.2,0.08,-0.84,-0.821522,0.100791,0.978002,-0.807784
3.2,0.08,-0.83,-0.820476,0.108391,0.988525,-0.806493
3.2,0.08,-0.82,-0.819351,0.116527,0.999209,-0.805133
3.2,0.08,-0.81,-0.818144,0.124991,1.01005,-0.803701
3.2,0.08,-0.8,-0.816849,0.133991,1.02106,-0.802193
3.2,0.08,-0.79,-0.815463,0.143409,1.03223,-0.800606
3.2,0.08,-0.78,-0.81398,0.153273,1.04356,-0.798936
3.2,0.08,-0.77,-0.812395,0.163704,1.05506,-0.797177
3.2,0.08,-0.76,-0.810704,0.174612,1.06672,-0.795327
3.2,0.08,-0.75,-0.808901,0.186056,1.07853,-0.793381
3.2,0.08,-0.74,-0.80698,0.198156,1.09051,-0.791333
3.2,0.08,-0.73,-0.804937,0.210762,1.10265,-0.789179
3.2,0.08,-0.72,-0.802764,0.223905,1.11495,-0.786914
3.2,0.08,-0.71,-0.800457,0.237703,1.1274,-0.784532
3.2,0.08,-0.7,-0.798008,0.252098,1.14001,-0.782029
3.2,0.08,-0.69,-0.795412,0.267208,1.15277,-0.779397
3.2,0.08,-0.68,-0.792662,0.282884,1.16568,-0.776632
3.2,0.08,-0.67,-0.789751,0.299275,1.17873,-0.773728
3.2,0.08,-0.66,-0.786673,0.316441,1.19193,-0.770677
3.2,0.08,-0.65,-0.78342,0.334203,1.20526,-0.767474
3.2,0.08,-0.64,-0.779986,0.35277,1.21873,-0.764111
3.2,0.08,-0.63,-0.776363,0.371993,1.23232,-0.760582
3.2,0.08,-0.62,-0.772543,0.39202,1.24604,-0.756879
3.2,0.08,-0.61,-0.768519,0.412792,1.25987,-0.752995
3.2,0.08,-0.6,-0.764284,0.434399,1.27381,-0.748922
3.2,0.08,-0.59,-0.759829,0.45678,1.28785,-0.744654
3.2,0.08,-0.58,-0.755147,0.479877,1.30198,-0.740181
3.2,0.08,-0.57,-0.75023,0.503749,1.31619,-0.735496
3.2,0.08,-0.56,-0.745069,0.528425,1.33048,-0.73059
3.2,0.08,-0.55,-0.739658,0.553906,1.34483,-0.725456
3.2,0.08,-0.54,-0.733988,0.580251,1.35924,-0.720084
3.2,0.08,-0.53,-0.72805,0.607342,1.37368,-0.714467
3.2,0.08,-0.52,-0.721838,0.635207,1.38815,-0.708595
3.2,0.08,-0.51,-0.715343,0.663817,1.40263,-0.70246
3.2,0.08,-0.5,-0.708559,0.693172,1.41712,-0.696054
3.2,0.08,-0.49,-0.701476,0.723392,1.43158,-0.689367
3.2,0.08,-0.48,-0.694089,0.754207,1.44602,-0.682392
3.2,0.08,-0.47,-0.68639,0.785708,1.4604,-0.67512
3.2,0.08,-0.46,-0.678373,0.817925,1.47472,-0.667543
3.2,0.08,-0.45,-0.670031,0.850618,1.48896,-0.659653
3.2,0.08,-0.44,-0.661358,0.884056,1.50309,-0.651442
3.2,0.08,-0.43,-0.652348,0.917971,1.51709,-0.642902
3.2,0.08,-0.42,-0.642997,0.952363,1.53094,-0.634028
3.2,0.08,-0.41,-0.6333,0.987202,1.54463,-0.624812
3.2,0.08,-0.4,-0.623252,1.02237,1.55813,-0.615248
3.2,0.08,-0.39,-0.612852,1.05777,1.57142,-0.605331
3.2,0.08,-0.38,-0.602095,1.09357,1.58446,-0.595056
3.2,0.08,-0.37,-0.590981,1.12936,1.59725,-0.584418
3.2,0.08,-0.36,-0.579507,1.16527,1.60974,-0.573416
3.2,0.08,-0.35,-0.567675,1.20118,1.62193,-0.562046
3.2,0.08,-0.34,-0.555484,1.23706,1.63378,-0.550306
3.2,0.08,-0.33,-0.542936,1.27256,1.64526,-0.538197
3.2,0.08,-0.32,-0.530033,1.30787,1.65635,-0.525718
3.2,0.08,-0.31,-0.51678,1.34265,1.66703,-0.512872
3.2,0.08,-0.3,-0.503181,1.37705,1.67727,-0.499661
3.2,0.08,-0.29,-0.489241,1.4108,1.68704,-0.48609
3.2,0.08,-0.28,-0.474968,1.44374,1.69631,-0.472164
3.2,0.08,-0.27,-0.460369,1.47583,1.70507,-0.45789
3.2,0.08,-0.26,-0.445454,1.50698,1.71329,-0.443275
3.2,0.08,-0.25,-0.430234,1.53701,1.72093,-0.42833
3.2,0.08,-0.24,-0.414718,1.56583,1.72799,-0.413066
3.2,0.08,-0.23,-0.398921,1.59338,1.73444,-0.397494
3.2,0.08,-0.22,-0.382856,1.61944,1.74026,-0.38163
3.2,0.08,-0.21,-0.366538,1.64394,1.74542,-0.365487
3.2,0.08,-0.2,-0.349982,1.66689,1.74991,-0.349082
3.2,0.08,-0.19,-0.333206,1.68802,1.75372,-0.332434
3.2,0.08,-0.18,-0.316228,1.70736,1.75682,-0.315561
3.2,0.08,-0.17,-0.299065,1.72476,1.75921,-0.298484
3.2,0.08,-0.16,-0.281739,1.74016,1.76087,-0.281224
3.2,0.08,-0.15,-0.264269,1.75349,1.76179,-0.263803
3.2,0.08,-0.14,-0.246676,1.76471,1.76197,-0.246245
3.2,0.08,-0.13,-0.228982,1.77372,1.7614,-0.228573
3.2,0.08,-0.12,-0.211209,1.78049,1.76008,-0.210813
3.2,0.08,-0.11,-0.19338,1.78503,1.758,-0.192989
3.2,0.08,-0.1,-0.175517,1.78726,1.75517,-0.175128
3.2,0.08,-0.09,-0.157642,1.7872,1.75158,-0.157253
3.2,0.08,-0.08,-0.13978,1.78485,1.74725,-0.139393
3.2,0.08,-0.07,-0.121953,1.78023,1.74218,-0.121572
3.2,0.08,-0.06,-0.104183,1.77332,1.73638,-0.103815
3.2,0.08,-0.05,-0.0864935,1.76422,1.72987,-0.0861482
3.2,0.08,-0.04,-0.068906,1.75291,1.72265,-0.0685961
3.2,0.08,-0.03,-0.0514423,1.73948,1.71474,-0.0511824
3.2,0.08,-0.02,-0.0341233,1.72398,1.70616,-0.0339305
3.2,0.08,-0.01,-0.0169693,1.70649,1.69693,-0.0168626
3.2,0.08,0,0,1.68707,1.68707,0
3.2,0.08,0.01,0.0167659,1.66582,1.67659,0.016637
3.2,0.08,0.02,0.0333107,1.64282,1.66553,0.0330294
3.2,0.08,0.03,0.0496173,1.61821,1.65391,0.0491595
3.2,0.08,0.04,0.0656699,1.59206,1.64175,0.0650106
3.2,0.08,0.05,0.0814538,1.5645,1.62908,0.0805678
3.2,0.08,0.06,0.0969553,1.53558,1.61592,0.0958173
3.2,0.08,0.07,0.112162,1.50552,1.60231,0.110747
3.2,0.08,0.08,0.127062,1.47432,1.58827,0.125345
3.2,0.08,0.09,0.141645,1.44216,1.57383,0.139603
3.2,0.08,0.1,0.155902,1.40917,1.55902,0.153512
3.2,0.08,0.11,0.169826,1.37544,1.54387,0.167067
3.2,0.08,0.12,0.183409,1.34104,1.52841,0.18026
3.2,0.08,0.13,0.196646,1.30621,1.51266,0.193089
3.2,0.08,0.14,0.209531,1.2709,1.49665,0.20555
3.2,0.08,0.15,0.222063,1.23531,1.48042,0.217641
3.2,0.08,0.16,0.234237,1.19951,1.46398,0.229363
3.2,0.08,0.17,0.246052,1.16357,1.44737,0.240716
3.2,0.08,0.18,0.257508,1.12766,1.4306,0.251701
3.2,0.08,0.19,0.268606,1.09187,1.41371,0.262321
3.2,0.08,0.2,0.279345,1.05613,1.39673,0.272579
3.2,0.08,0.21,0.289729,1.02066,1.37966,0.282479
3.2,0.08,0.22,0.299759,0.985503,1.36254,0.292026
3.2,0.08,0.23,0.30944,0.950694,1.34539,0.301226
3.2,0.08,0.24,0.318775,0.916317,1.32823,0.310084
3.2,0.08,0.25,0.327768,0.882402,1.31107,0.318608
3.2,0.08,0.26,0.336426,0.849098,1.29394,0.326804
3.2,0.08,0.27,0.344752,0.816301,1.27686,0.334679
3.2,0.08,0.28,0.352754,0.784189,1.25984,0.342241
3.2,0.08,0.29,0.360438,0.752702,1.24289,0.349499
3.2,0.08,0.3,0.367811,0.721931,1.22604,0.35646
3.2,0.08,0.31,0.374879,0.691831,1.20929,0.363133
3.2,0.08,0.32,0.381649,0.662491,1.19265,0.369526
3.2,0.08,0.33,0.38813,0.633866,1.17615,0.375648
3.2,0.08,0.34,0.394329,0.606015,1.15979,0.381508
3.2,0.08,0.35,0.400254,0.578985,1.14358,0.387113
3.2,0.08,0.36,0.405911,0.552744,1.12753,0.392474
3.2,0.08,0.37,0.411311,0.527263,1.11165,0.397597
3.2,0.08,0.38,0.416459,0.502601,1.09595,0.402492
3.2,0.08,0.39,0.421365,0.478745,1.08042,0.407167
3.2,0.08,0.4,0.426036,0.455618,1.06509,0.41163
3.2,0.08,0.41,0.430481,0.433296,1.04995,0.415889
3.2,0.08,0.42,0.434706,0.411823,1.03501,0.419952
3.2,0.08,0.43,0.43872,0.391141,1.02028,0.423827
3.2,0.08,0.44,0.44253,0.371113,1.00575,0.427521
3.2,0.08,0.45,0.446144,0.351861,0.991431,0.431043
3.2,0.08,0.46,0.449569,0.333399,0.977325,0.434398
3.2,0.08,0.47,0.452814,0.315607,0.963433,0.437594
3.2,0.08,0.48,0.455884,0.2985,0.949758,0.440637
3.2,0.08,0.49,0.458787,0.282183,0.936299,0.443535
3.2,0.08,0.5,0.461529,0.266448,0.923058,0.446294
3.2,0.08,0.51,0.464118,0.251412,0.910035,0.448919
3.2,0.08,0.52,0.46656,0.237063,0.89723,0.451416
3.2,0.08,0.53,0.468861,0.223234,0.884643,0.453792
3.2,0.08,0.54,0.471027,0.210077,0.872272,0.456052
3.2,0.08,0.55,0.473065,0.197545,0.860118,0.458201
3.2,0.08,0.56,0.47498,0.185519,0.848178,0.460243
3.2,0.08,0.57,0.476777,0.17412,0.836452,0.462185
3.2,0.08,0.58,0.478463,0.163153,0.824937,0.464031
3.2,0.08,0.59,0.480043,0.152797,0.813632,0.465785
3.2,0.08,0.6,0.481521,0.142932,0.802536,0.467452
3.2,0.08,0.61,0.482903,0.133559,0.791645,0.469035
3.2,0.08,0.62,0.484193,0.124574,0.780957,0.470539
3.2,0.08,0.63,0.485397,0.11614,0.770471,0.471967
3.2,0.08,0.64,0.486517,0.108093,0.760183,0.473324
3.2,0.08,0.65,0.48756,0.100479,0.750092,0.474612
3.2,0.08,0.66,0.488528,0.0932068,0.740193,0.475835
3.2,0.08,0.67,0.489425,0.0864118,0.730486,0.476997
3.2,0.08,0.68,0.490257,0.0799298,0.720966,0.478099
3.2,0.08,0.69,0.491025,0.0738204,0.71163,0.479145
3.2,0.08,0.7,0.491734,0.0680387,0.702477,0.480138
3.2,0.08,0.71,0.492387,0.0625998,0.693503,0.481081
3.2,0.08,0.72,0.492987,0.0575036,0.684705,0.481975
3.2,0.08,0.73,0.493538,0.0527203,0.676079,0.482824
3.2,0.08,0.74,0.494042,0.0481606,0.667624,0.48363
3.2,0.08,0.75,0.494502,0.0438988,0.659336,0.484394
3.2,0.08,0.76,0.494921,0.0399202,0.651212,0.485119
3.2,0.08,0.77,0.495302,0.0362098,0.643249,0.485806
3.2,0.08,0.78,0.495646,0.032708,0.635444,0.486459
3.2,0.08,0.79,0.495957,0.0294447,0.627794,0.487078
3.2,0.08,0.8,0.496237,0.0265241,0.620296,0.487665
3.2,0.08,0.81,0.496487,0.023663,0.612948,0.488221
3.2,0.08,0.82,0.496711,0.0210404,0.605745,0.48875
3.2,0.08,0.83,0.496909,0.0186563,0.598686,0.48925
3.2,0.08,0.84,0.497085,0.0164509,0.591767,0.489725
3.2,0.08,0.85,0.497238,0.0143498,0.584986,0.490176
3.2,0.08,0.86,0.497373,0.0124574,0.57834,0.490603
3.2,0.08,0.87,0.497489,0.0107586,0.571827,0.491008
3.2,0.08,0.88,0.497589,0.00922382,0.565442,0.491392
3.2,0.08,0.89,0.497674,0.00780821,0.559184,0.491756
3.2,0.08,0.9,0.497746,0.00654161,0.553051,0.492101
3.2,0.08,0.91,0.497805,0.00537932,0.547039,0.492429
3.2,0.08,0.92,0.497854,0.00435114,0.541146,0.492739
3.2,0.08,0.93,0.497894,0.00350177,0.535369,0.493033
3.2,0.08,0.94,0.497925,0.00268221,0.529707,0.493312
3.2,0.08,0.95,0.497948,0.00205636,0.524156,0.493577
3.2,0.08,0.96,0.497966,0.00151992,0.518714,0.493828
3.2,0.08,0.97,0.497978,0.000983477,0.51338,0.494065
3.2,0.08,0.98,0.497986,0.000670552,0.508149,0.494291
3.2,0.08,0.99,0.497991,0.000342727,0.503022,0.494504
3.2,0.08,1,0.497994,0.000193715,0.497994,0.494707
3.2,0.08,1.01,0.497995,1.49012e-05,0.493064,0.494899
3.2,0.08,1.02,0.497995,2.98023e-05,0.48823,0.495081
3.2,0.08,1.03,0.497995,0,0.48349,0.495253
3.2,0.08,1.04,0.497996,0.000104308,0.478842,0.495417
3.2,0.08,1.05,0.497998,0.000312924,0.474284,0.495572
3.2,0.08,1.06,0.498002,0.000506639,0.469813,0.495719
3.2,0.08,1.07,0.498008,0.000789762,0.465428,0.495858
3.2,0.08,1.08,0.498018,0.00113249,0.461128,0.49599
3.2,0.08,1.09,0.498031,0.00156462,0.456909,0.496115
3.2,0.08,1.1,0.498049,0.00195205,0.452771,0.496233
3.2,0.08,1.11,0.49807,0.00247359,0.448712,0.496346
3.2,0.08,1.12,0.498097,0.00296533,0.44473,0.496452
3.2,0.08,1.13,0.49813,0.00351667,0.440823,0.496553
3.2,0.08,1.14,0.498168,0.00412762,0.43699,0.496649
3.2,0.08,1.15,0.498213,0.00484288,0.433229,0.49674
3.2,0.08,1.16,0.498264,0.00549853,0.429538,0.496826
3.2,0.08,1.17,0.498322,0.00613928,0.425916,0.496907
3.2,0.08,1.18,0.498387,0.00694394,0.422362,0.496984
3.2,0.08,1.19,0.49846,0.0077039,0.418874,0.497058
3.2,0.08,1.2,0.498541,0.00852346,0.415451,0.497127
3.2,0.08,1.21,0.49863,0.00922382,0.412091,0.497193
3.2,0.08,1.22,0.498727,0.0101924,0.408792,0.497255
3.2,0.08,1.23,0.498832,0.0109822,0.405555,0.497314
3.2,0.08,1.24,0.498946,0.0118911,0.402376,0.49737
3.2,0.08,1.25,0.499069,0.0128001,0.399256,0.497423
3.2,0.08,1.26,0.499202,0.0137389,0.396192,0.497473
3.2,0.08,1.27,0.499343,0.0145882,0.393184,0.497521
3.2,0.08,1.28,0.499494,0.0155717,0.39023,0.497566
3.2,0.08,1.29,0.499655,0.0165254,0.387329,0.497609
3.2,0.08,1.3,0.499825,0.0174642,0.38448,0.497649
3.2,0.08,1.31,0.500004,0.0184625,0.381683,0.497688
3.2,0.08,1.32,0.500194,0.0194907,0.378935,0.497724
3.2,0.08,1.33,0.500394,0.020504,0.376236,0.497759
3.2,0.08,1.34,0.500604,0.0214577,0.373585,0.497791
3.2,0.08,1.35,0.500824,0.022471,0.370981,0.497822
3.2,0.08,1.36,0.501054,0.0235736,0.368422,0.497852
3.2,0.08,1.37,0.501295,0.0245869,0.365909,0.49788
3.2,0.08,1.38,0.501546,0.0255704,0.363439,0.497906
3.2,0.08,1.39,0.501807,0.0266731,0.361012,0.497931
3.2,0.08,1.4,0.502079,0.0277162,0.358628,0.497955
3.2,0.08,1.41,0.502362,0.0286996,0.356285,0.497977
3.2,0.08,1.42,0.502654,0.0297427,0.353982,0.497999
3.2,0.08,1.43,0.502958,0.0308454,0.351719,0.498019
3.2,0.08,1.44,0.503272,0.0319481,0.349494,0.498038
3.2,0.08,1.45,0.503596,0.0329614,0.347308,0.498056
3.2,0.08,1.46,0.503931,0.0340044,0.345158,0.498073
3.2,0.08,1.47,0.504277,0.0350773,0.343046,0.498089
3.2,0.08,1.48,0.504633,0.0361204,0.340968,0.498105
3.2,0.08,1.49,0.505,0.0371933,0.338926,0.498119
3.2,0.08,1.5,0.505377,0.038296,0.336918,0.498133
3.2,0.08,1.51,0.505765,0.0393093,0.334944,0.498146
3.2,0.08,1.52,0.506163,0.0403821,0.333002,0.498159
3.2,0.08,1.53,0.506572,0.0413954,0.331093,0.498171
3.2,0.08,1.54,0.506992,0.0424683,0.329215,0.498182
3.2,0.08,1.55,0.507422,0.0434816,0.327369,0.498192
3.2,0.08,1.56,0.507862,0.0445843,0.325552,0.498202
3.2,0.08,1.57,0.508313,0.0455976,0.323766,0.498212
3.2,0.08,1.58,0.508773,0.0466108,0.322008,0.498221
3.2,0.08,1.59,0.509245,0.0475943,0.32028,0.498229
3.2,0.08,1.6,0.509726,0.0486672,0.318579,0.498237
3.2,0.08,1.61,0.510218,0.0497103,0.316906,0.498245
3.2,0.08,1.62,0.51072,0.0506639,0.315259,0.498252
3.2,0.08,1.63,0.511233,0.0517368,0.31364,0.498259
3.2,0.08,1.64,0.511755,0.0527203,0.312046,0.498266
3.2,0.08,1.65,0.512287,0.0537038,0.310477,0.498272
3.2,0.08,1.66,0.512829,0.0547171,0.308933,0.498278
3.2,0.08,1.67,0.513382,0.0557899,0.307414,0.498283
3.2,0.08,1.68,0.513944,0.056684,0.305919,0.498289
3.2,0.08,1.69,0.514516,0.0576675,0.304447,0.498294
3.2,0.08,1.7,0.515098,0.0587106,0.302999,0.498298
3.2,0.08,1.71,0.515689,0.0596344,0.301573,0.498303
3.2,0.08,1.72,0.51629,0.0606179,0.300169,0.498307
3.2,0.08,1.73,0.516901,0.0615418,0.298787,0.498311
3.2,0.08,1.74,0.517522,0.0624657,0.297426,0.498315
3.2,0.08,1.75,0.518151,0.0634491,0.296087,0.498319
3.2,0.08,1.76,0.518791,0.064373,0.294767,0.498322
3.2,0.08,1.77,0.519439,0.0653565,0.293469,0.498325
3.2,0.08,1.78,0.520097,0.0662506,0.29219,0.498328
3.2,0.08,1.79,0.520765,0.0672042,0.29093,0.498331
3.2,0.08,1.8,0.521441,0.0680685,0.289689,0.498334
3.2,0.08,1.81,0.522126,0.0689626,0.288468,0.498337
3.2,0.08,1.82,0.522821,0.0699162,0.287264,0.498339
3.2,0.08,1.83,0.523525,0.0708401,0.286079,0.498341
3.2,0.08,1.84,0.524237,0.0716448,0.284911,0.498344
3.2,0.08,1.85,0.524958,0.0725389,0.283761,0.498346
3.2,0.08,1.86,0.525688,0.0734925,0.282628,0.498348
3.2,0.08,1.87,0.526427,0.074327,0.281512,0.49835
3.2,0.08,1.88,0.527175,0.0751615,0.280412,0.498351
3.2,0.08,1.89,0.527931,0.0760555,0.279329,0.498353
3.2,0.08,1.9,0.528696,0.0769496,0.278261,0.498355
3.2,0.08,1.91,0.529469,0.0777841,0.277209,0.498356
3.2,0.08,1.92,0.53025,0.0785887,0.276172,0.498358
3.2,0.08,1.93,0.53104,0.0794232,0.27515,0.498359
3.2,0.08,1.94,0.531839,0.0802279,0.274144,0.49836
3.2,0.08,1.95,0.532645,0.0810027,0.273151,0.498362
3.2,0.08,1.96,0.533459,0.081867,0.272173,0.498363
3.2,0.08,1.97,0.534282,0.0826418,0.271209,0.498364
3.2,0.08,1.98,0.535113,0.0834465,0.270259,0.498365
3.2,0.08,1.99,0.535951,0.084281,0.269322,0.498366
3.2,0.08,2,0.536798,0.0850558,0.268399,0.498367
3.2,0.08,2.01,0.537652,0.0858307,0.267489,0.498368
3.2,0.08,2.02,0.538514,0.0865459,0.266591,0.498369
3.2,0.08,2.03,0.539384,0.0873506,0.265707,0.498369
3.2,0.08,2.04,0.540262,0.0881553,0.264834,0.49837
3.2,0.08,2.05,0.541147,0.0888705,0.263974,0.498371
3.2,0.08,2.06,0.54204,0.0896156,0.263126,0.498372
3.2,0.08,2.07,0.54294,0.0903606,0.26229,0.498372
3.2,0.08,2.08,0.543847,0.0911057,0.261465,0.498373
3.2,0.08,2.09,0.544762,0.0918806,0.260652,0.498373
3.2,0.08,2.1,0.545684,0.0925958,0.25985,0.498374
3.2,0.08,2.11,0.546613,0.0933111,0.259058,0.498375
3.2,0.08,2.12,0.54755,0.0940263,0.258278,0.498375
3.2,0.08,2.13,0.548493,0.0947416,0.257509,0.498375
3.2,0.08,2.14,0.549444,0.0953972,0.25675,0.498376
3.2,0.08,2.15,0.550401,0.0961125,0.256001,0.498376
3.2,0.08,2.16,0.551366,0.0967681,0.255262,0.498377
3.2,0.08,2.17,0.552337,0.0974238,0.254533,0.498377
3.2,0.08,2.18,0.553316,0.098139,0.253814,0.498377
3.2,0.08,2.19,0.5543,0.0987649,0.253105,0.498378
3.2,0.08,2.2,0.555292,0.0994802,0.252405,0.498378
3.2,0.08,2.21,0.55629,0.100106,0.251715,0.498378
3.2,0.08,2.22,0.557295,0.100851,0.251034,0.498379
3.2,0.08,2.23,0.558306,0.101447,0.250362,0.498379
3.2,0.08,2.24,0.559324,0.102073,0.249698,0.498379
3.2,0.08,2.25,0.560349,0.102699,0.249044,0.49838
3.2,0.08,2.26,0.561379,0.103354,0.248398,0.49838
3.2,0.08,2.27,0.562416,0.103951,0.24776,0.49838
3.2,0.08,2.28,0.563459,0.104696,0.247131,0.49838
3.2,0.08,2.29,0.564508,0.105232,0.24651,0.49838
3.2,0.08,2.3,0.565564,0.105858,0.245897,0.498381
3.2,0.08,2.31,0.566626,0.106484,0.245292,0.498381
3.2,0.08,2.32,0.567693,0.10711,0.244695,0.498381
3.2,0.08,2.33,0.568767,0.107646,0.244106,0.498381
3.2,0.08,2.34,0.569846,0.108153,0.243524,0.498381
3.2,0.08,2.35,0.570932,0.108838,0.24295,0.498381
3.2,0.08,2.36,0.572023,0.109404,0.242383,0.498382
3.2,0.08,2.37,0.57312,0.11,0.241823,0.498382
3.2,0.08,2.38,0.574223,0.110537,0.24127,0.498382
3.2,0.08,2.39,0.575332,0.111133,0.240725,0.498382
3.2,0.08,2.4,0.576446,0.111759,0.240186,0.498382
3.2,0.08,2.41,0.577566,0.112295,0.239654,0.498382
3.2,0.08,2.42,0.578691,0.112832,0.239129,0.498382
3.2,0.08,2.43,0.579822,0.113338,0.23861,0.498382
3.2,0.08,2.44,0.580958,0.113875,0.238098,0.498382
3.2,0.08,2.45,0.5821,0.114471,0.237592,0.498382
3.2,0.08,2.46,0.583247,0.114977,0.237092,0.498383
3.2,0.08,2.47,0.584399,0.115514,0.236599,0.498383
3.2,0.08,2.48,0.585557,0.115931,0.236112,0.498383
3.2,0.08,2.49,0.58672,0.116527,0.23563,0.498383
3.2,0.08,2.5,0.587888,0.117034,0.235155,0.498383
3.2,0.08,2.51,0.589061,0.1176,0.234686,0.498383
3.2,0.08,2.52,0.590239,0.118077,0.234222,0.498383
3.2,0.08,2.53,0.591423,0.118554,0.233764,0.498383
3.2,0.08,2.54,0.592611,0.11903,0.233311,0.498383
3.2,0.08,2.55,0.593805,0.119597,0.232865,0.498383
3.2,0.08,2.56,0.595003,0.120103,0.232423,0.498383
3.2,0.08,2.57,0.596206,0.120491,0.231987,0.498383
3.2,0.08,2.58,0.597414,0.121057,0.231556,0.498383
3.2,0.08,2.59,0.598627,0.121504,0.23113,0.498383
3.2,0.08,2.6,0.599844,0.12207,0.230709,0.498383
3.2,0.08,2.61,0.601067,0.122517,0.230294,0.498383
3.2,0.08,2.62,0.602294,0.122935,0.229883,0.498383
3.2,0.08,2.63,0.603525,0.123352,0.229477,0.498383
3.2,0.08,2.64,0.604762,0.123888,0.229076,0.498383
3.2,0.08,2.65,0.606003,0.124335,0.22868,0.498383
3.2,0.08,2.66,0.607248,0.124842,0.228289,0.498383
3.2,0.08,2.67,0.608498,0.1252,0.227902,0.498384
3.2,0.08,2.68,0.609752,0.125676,0.227519,0.498384
3.2,0.08,2.69,0.611011,0.126034,0.227142,0.498384
3.2,0.08,2.7,0.612274,0.126541,0.226768,0.498384
3.2,0.08,2.71,0.613541,0.126868,0.226399,0.498384
3.2,0.08,2.72,0.614813,0.127435,0.226034,0.498384
3.2,0.08,2.73,0.616089,0.127792,0.225674,0.498384
3.2,0.08,2.74,0.61737,0.12818,0.225317,0.498384
3.2,0.08,2.75,0.618654,0.128627,0.224965,0.498384
3.2,0.08,2.76,0.619943,0.129104,0.224617,0.498384
3.2,0.08,2.77,0.621235,0.129521,0.224273,0.498384
3.2,0.08,2.78,0.622532,0.129908,0.223933,0.498384
3.2,0.08,2.79,0.623833,0.130296,0.223596,0.498384
3.2,0.08,2.8,0.625138,0.130653,0.223264,0.498384
3.2,0.08,2.81,0.626447,0.131071,0.222935,0.498384
3.2,0.08,2.82,0.62776,0.131518,0.22261,0.498384
3.2,0.08,2.83,0.629077,0.131875,0.222289,0.498384
3.2,0.08,2.84,0.630398,0.132352,0.221971,0.498384
3.2,0.08,2.85,0.631723,0.13271,0.221657,0.498384
3.2,0.08,2.86,0.633051,0.133097,0.221347,0.498384
3.2,0.08,2.87,0.634384,0.133425,0.22104,0.498384
3.2,0.08,2.88,0.63572,0.133753,0.220736,0.498384
3.2,0.08,2.89,0.63706,0.13414,0.220436,0.498384
3.2,0.08,2.9,0.638404,0.134557,0.220139,0.498384
3.2,0.08,2.91,0.639751,0.134885,0.219846,0.498384
3.2,0.08,2.92,0.641102,0.135273,0.219555,0.498384
3.2,0.08,2.93,0.642456,0.13572,0.219268,0.498384
3.2,0.08,2.94,0.643815,0.136048,0.218985,0.498384
3.2,0.08,2.95,0.645176,0.136346,0.218704,0.498384
3.2,0.08,2.96,0.646542,0.136703,0.218426,0.498384
3.2,0.08,2.97,0.647911,0.137061,0.218152,0.498384
3.2,0.08,2.98,0.649283,0.137329,0.21788,0.498384
3.2,0.08,2.99,0.650659,0.137746,0.217612,0.498384
3.2,0.08,3,0.652038,0.138044,0.217346,0.498384
3.2,0.08,3.01,0.653421,0.138462,0.217083,0.498384
3.2,0.08,3.02,0.654807,0.138789,0.216823,0.498384
3.2,0.08,3.03,0.656196,0.139087,0.216566,0.498384
3.2,0.08,3.04,0.657589,0.139415,0.216312,0.498384
3.2,0.08,3.05,0.658985,0.139713,0.216061,0.498384
3.2,0.08,3.06,0.660384,0.140071,0.215812,0.498384
3.2,0.08,3.07,0.661787,0.140488,0.215566,0.498384
3.2,0.08,3.08,0.663193,0.140727,0.215322,0.498384
3.2,0.08,3.09,0.664602,0.141084,0.215081,0.498384
3.2,0.08,3.1,0.666014,0.141323,0.214843,0.498384
3.2,0.08,3.11,0.667429,0.14168,0.214607,0.498384
3.2,0.08,3.12,0.668847,0.142038,0.214374,0.498384
3.2,0.08,3.13,0.670269,0.142306,0.214143,0.498384
3.2,0.08,3.14,0.671694,0.142604,0.213915,0.498384
3.2,0.08,3.15,0.673121,0.142902,0.213689,0.498384
3.2,0.08,3.16,0.674552,0.14323,0.213466,0.498384
3.2,0.08,3.17,0.675986,0.143528,0.213245,0.498384
3.2,0.08,3.18,0.677422,0.143826,0.213026,0.498384
3.2,0.08,3.19,0.678862,0.144154,0.212809,0.498384
3.2,0.08,3.2,0.680305,0.144422,0.212595,0.498384
3.2,0.08,3.21,0.68175,0.14469,0.212383,0.498384
3.2,0.08,3.22,0.683199,0.145048,0.212173,0.498384
3.2,0.08,3.23,0.68465,0.145316,0.211966,0.498384
3.2,0.08,3.24,0.686104,0.145495,0.21176,0.498384
3.2,0.08,3.25,0.687561,0.145793,0.211557,0.498384
3.2,0.08,3.26,0.689021,0.146061,0.211356,0.498384
3.2,0.08,3.27,0.690483,0.146419,0.211157,0.498384
3.2,0.08,3.28,0.691948,0.146657,0.21096,0.498384
3.2,0.08,3.29,0.693417,0.146925,0.210765,0.498384
3.2,0.08,3.3,0.694887,0.147253,0.210572,0.498384
3.2,0.08,3.31,0.696361,0.147462,0.210381,0.498384
3.2,0.08,3.32,0.697837,0.14773,0.210192,0.498384
3.2,0.08,3.33,0.699316,0.147939,0.210005,0.498384
3.2,0.08,3.34,0.700797,0.148237,0.20982,0.498384
3.2,0.08,3.35,0.702281,0.148565,0.209636,0.498384
3.2,0.08,3.36,0.703768,0.148833,0.209455,0.498384
3.2,0.08,3.37,0.705257,0.149131,0.209275,0.498384
3.2,0.08,3.38,0.706749,0.14931,0.209097,0.498384
3.2,0.08,3.39,0.708244,0.149608,0.208921,0.498384
3.2,0.08,3.4,0.709741,0.149786,0.208747,0.498384
3.2,0.08,3.41,0.71124,0.150084,0.208575,0.498384
3.2,0.08,3.42,0.712742,0.150353,0.208404,0.498384
3.2,0.08,3.43,0.714247,0.150621,0.208235,0.498384
3.2,0.08,3.44,0.715753,0.1508,0.208068,0.498384
3.2,0.08,3.45,0.717263,0.151038,0.207902,0.498384
3.2,0.08,3.46,0.718774,0.151366,0.207738,0.498384
3.2,0.08,3.47,0.720289,0.151515,0.207576,0.498384
3.2,0.08,3.48,0.721805,0.151783,0.207415,0.498384
3.2,0.08,3.49,0.723324,0.151992,0.207256,0.498384
3.2,0.08,3.5,0.724845,0.15223,0.207099,0.498384
3.2,0.08,3.51,0.726369,0.152409,0.206943,0.498384
3.2,0.08,3.52,0.727895,0.152677,0.206788,0.498384
3.2,0.08,3.53,0.729423,0.152975,0.206635,0.498384
3.2,0.08,3.54,0.730953,0.153124,0.206484,0.498384
3.2,0.08,3.55,0.732486,0.153393,0.206334,0.498384
3.2,0.08,3.56,0.734021,0.153571,0.206186,0.498384
3.2,0.08,3.57,0.735558,0.153869,0.206039,0.498384
3.2,0.08,3.58,0.737098,0.154078,0.205893,0.498384
3.2,0.08,3.59,0.738639,0.154257,0.205749,0.498384
3.2,0.08,3.6,0.740183,0.154465,0.205606,0.498384
3.2,0.08,3.61,0.741729,0.154674,0.205465,0.498384
3.2,0.08,3.62,0.743277,0.154972,0.205325,0.498384
3.2,0.08,3.63,0.744828,0.155151,0.205187,0.498384
3.2,0.08,3.64,0.74638,0.155389,0.205049,0.498384
3.2,0.08,3.65,0.747935,0.155628,0.204914,0.498384
3.2,0.08,3.66,0.749491,0.155747,0.204779,0.498384
3.2,0.08,3.67,0.75105,0.156075,0.204646,0.498384
3.2,0.08,3.68,0.752611,0.156254,0.204514,0.498384
3.2,0.08,3.69,0.754174,0.156462,0.204383,0.498384
3.2,0.08,3.7,0.755739,0.156611,0.204254,0.498384
3.2,0.08,3.71,0.757305,0.156701,0.204125,0.498384
3.2,0.08,3.72,0.758874,0.156999,0.203998,0.498384
3.2,0.08,3.73,0.760445,0.157058,0.203873,0.498384
3.2,0.08,3.74,0.762018,0.157356,0.203748,0.498384
3.2,0.08,3.75,0.763593,0.157535,0.203625,0.498384
3.2,0.08,3.76,0.76517,0.157744,0.203503,0.498384
3.2,0.08,3.77,0.766748,0.157923,0.203382,0.498384
3.2,0.08,3.78,0.768329,0.158221,0.203262,0.498384
3.2,0.08,3.79,0.769912,0.15834,0.203143,0.498384
3.2,0.08,3.8,0.771496,0.158608,0.203025,0.498384
3.2,0.08,3.81,0.773083,0.158757,0.202909,0.498384
3.2,0.08,3.82,0.774671,0.158876,0.202793,0.498384
3.2,0.08,3.83,0.776261,0.159085,0.202679,0.498384
3.2,0.08,3.84,0.777853,0.159323,0.202566,0.498384
3.2,0.08,3.85,0.779447,0.159532,0.202454,0.498384
3.2,0.08,3.86,0.781043,0.159651,0.202343,0.498384
3.2,0.08,3.87,0.78264,0.15986,0.202233,0.498384
3.2,0.08,3.88,0.784239,0.160009,0.202124,0.498384
3.2,0.08,3.89,0.785841,0.160217,0.202016,0.498384
3.2,0.08,3.9,0.787443,0.160366,0.201909,0.498384
3.2,0.08,3.91,0.789048,0.160575,0.201803,0.498384
3.2,0.08,3.92,0.790654,0.160724,0.201698,0.498384
3.2,0.08,3.93,0.792262,0.160903,0.201593,0.498384
3.2,0.08,3.94,0.793872,0.161022,0.20149,0.498384
3.2,0.08,3.95,0.795484,0.161201,0.201388,0.498384
3.2,0.08,3.96,0.797097,0.16138,0.201287,0.498384
3.2,0.08,3.97,0.798712,0.161529,0.201187,0.498384
3.2,0.08,3.98,0.800329,0.161737,0.201088,0.498384
3.2,0.08,3.99,0.801947,0.161886,0.200989,0.498384
3.2,0.08,4,0.803567,0.162125,0.200892,0.498384
3.2,0.25,-4,-1.35715,0.154614,0.339287,-1.10658
3.2,0.25,-3.99,-1.3556,0.154436,0.33975,-1.10658
3.2,0.25,-3.98,-1.35406,0.154197,0.340216,-1.10658
3.2,0.25,-3.97,-1.35252,0.154018,0.340684,-1.10658
3.2,0.25,-3.96,-1.35098,0.15378,0.341156,-1.10658
3.2,0.25,-3.95,-1.34944,0.153542,0.341631,-1.10658
3.2,0.25,-3.94,-1.34791,0.153303,0.342108,-1.10658
3.2,0.25,-3.93,-1.34638,0.153124,0.342589,-1.10658
3.2,0.25,-3.92,-1.34485,0.152946,0.343073,-1.10658
3.2,0.25,-3.91,-1.34332,0.152588,0.34356,-1.10658
3.2,0.25,-3.9,-1.34179,0.152409,0.344049,-1.10658
3.2,0.25,-3.89,-1.34027,0.152111,0.344542,-1.10658
3.2,0.25,-3.88,-1.33875,0.151932,0.345038,-1.10658
3.2,0.25,-3.87,-1.33723,0.151634,0.345538,-1.10658
3.2,0.25,-3.86,-1.33572,0.151515,0.34604,-1.10658
3.2,0.25,-3.85,-1.3342,0.151217,0.346546,-1.10658
3.2,0.25,-3.84,-1.33269,0.150979,0.347055,-1.10658
3.2,0.25,-3.83,-1.33118,0.1508,0.347567,-1.10658
3.2,0.25,-3.82,-1.32968,0.150502,0.348083,-1.10658
3.2,0.25,-3.81,-1.32817,0.150323,0.348602,-1.10658
3.2,0.25,-3.8,-1.32667,0.150025,0.349124,-1.10658
3.2,0.25,-3.79,-1.32517,0.149786,0.34965,-1.10658
3.2,0.25,-3.78,-1.32368,0.149429,0.350179,-1.10658
3.2,0.25,-3.77,-1.32218,0.14919,0.350712,-1.10658
3.2,0.25,-3.76,-1.32069,0.149012,0.351248,-1.10658
3.2,0.25,-3.75,-1.3192,0.148773,0.351787,-1.10658
3.2,0.25,-3.74,-1.31772,0.148475,0.352331,-1.10658
3.2,0.25,-3.73,-1.31623,0.148177,0.352878,-1.10658
3.2,0.25,-3.72,-1.31475,0.148058,0.353428,-1.10658
3.2,0.25,-3.71,-1.31327,0.147641,0.353982,-1.10658
3.2,0.25,-3.7,-1.3118,0.147402,0.35454,-1.10658
3.2,0.25,-3.69,-1.31033,0.147164,0.355102,-1.10658
3.2,0.25,-3.68,-1.30886,0.146747,0.355667,-1.10658
3.2,0.25,-3.67,-1.30739,0.146568,0.356237,-1.10658
3.2,0.25,-3.66,-1.30592,0.146329,0.35681,-1.10658
3.2,0.25,-3.65,-1.30446,0.146031,0.357387,-1.10658
3.2,0.25,-3.64,-1.303,0.145733,0.357968,-1.10658
3.2,0.25,-3.63,-1.30155,0.145435,0.358553,-1.10658
3.2,0.25,-3.62,-1.30009,0.145257,0.359142,-1.10658
3.2,0.25,-3.61,-1.29864,0.144899,0.359735,-1.10658
3.2,0.25,-3.6,-1.2972,0.144601,0.360332,-1.10658
3.2,0.25,-3.59,-1.29575,0.144303,0.360934,-1.10658
3.2,0.25,-3.58,-1.29431,0.144064,0.361539,-1.10658
3.2,0.25,-3.57,-1.29287,0.143766,0.362149,-1.10658
3.2,0.25,-3.56,-1.29144,0.143468,0.362763,-1.10658
3.2,0.25,-3.55,-1.29,0.143111,0.363381,-1.10658
3.2,0.25,-3.54,-1.28857,0.142813,0.364004,-1.10658
3.2,0.25,-3.53,-1.28715,0.142515,0.364631,-1.10658
3.2,0.25,-3.52,-1.28572,0.142217,0.365262,-1.10658
3.2,0.25,-3.51,-1.2843,0.141919,0.365898,-1.10658
3.2,0.25,-3.5,-1.28288,0.141621,0.366538,-1.10658
3.2,0.25,-3.49,-1.28147,0.141263,0.367183,-1.10658
3.2,0.25,-3.48,-1.28006,0.140965,0.367833,-1.10658
3.2,0.25,-3.47,-1.27865,0.140548,0.368487,-1.10658
3.2,0.25,-3.46,-1.27725,0.14025,0.369146,-1.10658
3.2,0.25,-3.45,-1.27584,0.140011,0.36981,-1.10658
3.2,0.25,-3.44,-1.27445,0.139654,0.370478,-1.10658
3.2,0.25,-3.43,-1.27305,0.139356,0.371152,-1.10658
3.2,0.25,-3.42,-1.27166,0.138938,0.37183,-1.10658
3.2,0.25,-3.41,-1.27027,0.1387,0.372513,-1.10658
3.2,0.25,-3.4,-1.26889,0.138342,0.373201,-1.10658
3.2,0.25,-3.39,-1.2675,0.137985,0.373895,-1.10658
3.2,0.25,-3.38,-1.26612,0.137687,0.374593,-1.10658
3.2,0.25,-3.37,-1.26475,0.137329,0.375297,-1.10658
3.2,0.25,-3.36,-1.26338,0.136971,0.376006,-1.10658
3.2,0.25,-3.35,-1.26201,0.136673,0.37672,-1.10658
3.2,0.25,-3.34,-1.26065,0.136256,0.377439,-1.10658
3.2,0.25,-3.33,-1.25929,0.135899,0.378164,-1.10658
3.2,0.25,-3.32,-1.25793,0.135541,0.378894,-1.10658
3.2,0.25,-3.31,-1.25658,0.135183,0.37963,-1.10658
3.2,0.25,-3.3,-1.25523,0.134826,0.380371,-1.10658
3.2,0.25,-3.29,-1.25388,0.134408,0.381118,-1.10658
3.2,0.25,-3.28,-1.25254,0.13411,0.381871,-1.10658
3.2,0.25,-3.27,-1.2512,0.133693,0.382629,-1.10658
3.2,0.25,-3.26,-1.24986,0.133336,0.383393,-1.10658
3.2,0.25,-3.25,-1.24853,0.132978,0.384163,-1.10658
3.2,0.25,-3.24,-1.2472,0.132561,0.384939,-1.10658
3.2,0.25,-3.23,-1.24588,0.132024,0.385721,-1.10658
3.2,0.25,-3.22,-1.24456,0.131726,0.386509,-1.10658
3.2,0.25,-3.21,-1.24324,0.131428,0.387304,-1.10658
3.2,0.25,-3.2,-1.24193,0.131011,0.388104,-1.10658
3.2,0.25,-3.19,-1.24062,0.130594,0.388911,-1.10658
3.2,0.25,-3.18,-1.23932,0.130177,0.389724,-1.10658
3.2,0.25,-3.17,-1.23802,0.129819,0.390543,-1.10658
3.2,0.25,-3.16,-1.23673,0.129402,0.391369,-1.10658
3.2,0.25,-3.15,-1.23543,0.128925,0.392201,-1.10658
3.2,0.25,-3.14,-1.23415,0.128627,0.39304,-1.10658
3.2,0.25,-3.13,-1.23286,0.12815,0.393886,-1.10658
3.2,0.25,-3.12,-1.23158,0.127733,0.394738,-1.10658
3.2,0.25,-3.11,-1.23031,0.127196,0.395598,-1.10658
3.2,0.25,-3.1,-1.22904,0.126839,0.396464,-1.10658
3.2,0.25,-3.09,-1.22777,0.126362,0.397337,-1.10658
3.2,0.25,-3.08,-1.22651,0.126004,0.398218,-1.10658
3.2,0.25,-3.07,-1.22525,0.125468,0.399105,-1.10658
3.2,0.25,-3.06,-1.224,0.12511,0.4,-1.10658
3.2,0.25,-3.05,-1.22275,0.124633,0.400902,-1.10658
3.2,0.25,-3.04,-1.22151,0.124276,0.401812,-1.10658
3.2,0.25,-3.03,-1.22027,0.123739,0.402729,-1.10658
3.2,0.25,-3.02,-1.21903,0.123262,0.403653,-1.10658
3.2,0.25,-3.01,-1.2178,0.122786,0.404585,-1.10658
3.2,0.25,-3,-1.21658,0.122309,0.405526,-1.10658
3.2,0.25,-2.99,-1.21536,0.121951,0.406473,-1.10658
3.2,0.25,-2.98,-1.21414,0.121474,0.407429,-1.10658
3.2,0.25,-2.97,-1.21293,0.120938,0.408393,-1.10658
3.2,0.25,-2.96,-1.21172,0.120461,0.409365,-1.10658
3.2,0.25,-2.95,-1.21052,0.119865,0.410346,-1.10658
3.2,0.25,-2.94,-1.20932,0.119448,0.411334,-1.10658
3.2,0.25,-2.93,-1.20813,0.118971,0.412331,-1.10658
3.2,0.25,-2.92,-1.20694,0.118434,0.413337,-1.10658
3.2,0.25,-2.91,-1.20576,0.117958,0.414351,-1.10658
3.2,0.25,-2.9,-1.20459,0.117481,0.415374,-1.10658
3.2,0.25,-2.89,-1.20341,0.116825,0.416406,-1.10658
3.2,0.25,-2.88,-1.20225,0.116408,0.417447,-1.10658
3.2,0.25,-2.87,-1.20109,0.115871,0.418497,-1.10658
3.2,0.25,-2.86,-1.19993,0.115335,0.419556,-1.10658
3.2,0.25,-2.85,-1.19878,0.114858,0.420624,-1.10658
3.2,0.25,-2.84,-1.19763,0.114262,0.421702,-1.10658
3.2,0.25,-2.83,-1.19649,0.113666,0.422789,-1.10658
3.2,0.25,-2.82,-1.19536,0.113249,0.423886,-1.10658
3.2,0.25,-2.81,-1.19423,0.112593,0.424992,-1.10658
3.2,0.25,-2.8,-1.1931,0.112057,0.426109,-1.10658
3.2,0.25,-2.79,-1.19199,0.11158,0.427235,-1.10658
3.2,0.25,-2.78,-1.19087,0.110924,0.428372,-1.10658
3.2,0.25,-2.77,-1.18977,0.110388,0.429519,-1.10658
3.2,0.25,-2.76,-1.18867,0.109792,0.430676,-1.10658
3.2,0.25,-2.75,-1.18757,0.109255,0.431844,-1.10658
3.2,0.25,-2.74,-1.18648,0.1086,0.433022,-1.10658
3.2,0.25,-2.73,-1.1854,0.108063,0.434211,-1.10658
3.2,0.25,-2.72,-1.18432,0.107467,0.435411,-1.10658
3.2,0.25,-2.71,-1.18325,0.106871,0.436623,-1.10658
3.2,0.25,-2.7,-1.18218,0.106275,0.437845,-1.10658
3.2,0.25,-2.69,-1.18112,0.10556,0.439079,-1.10658
3.2,0.25,-2.68,-1.18007,0.105023,0.440324,-1.10658
3.2,0.25,-2.67,-1.17902,0.104487,0.441581,-1.10658
3.2,0.25,-2.66,-1.17798,0.103831,0.442849,-1.10658
3.2,0.25,-2.65,-1.17694,0.103176,0.44413,-1.10658
3.2,0.25,-2.64,-1.17591,0.10252,0.445422,-1.10658
3.2,0.25,-2.63,-1.17489,0.101864,0.446727,-1.10658
3.2,0.25,-2.62,-1.17388,0.101268,0.448044,-1.10658
3.2,0.25,-2.61,-1.17287,0.100672,0.449374,-1.10658
3.2,0.25,-2.6,-1.17186,0.0998974,0.450717,-1.10658
3.2,0.25,-2.59,-1.17087,0.0993013,0.452072,-1.10658
3.2,0.25,-2.58,-1.16988,0.0985861,0.453441,-1.10658
3.2,0.25,-2.57,-1.16889,0.09799,0.454823,-1.10658
3.2,0.25,-2.56,-1.16792,0.0972748,0.456218,-1.10658
3.2,0.25,-2.55,-1.16695,0.0965595,0.457627,-1.10658
3.2,0.25,-2.54,-1.16599,0.0959635,0.45905,-1.10658
3.2,0.25,-2.53,-1.16503,0.0952482,0.460487,-1.10658
3.2,0.25,-2.52,-1.16408,0.0944734,0.461938,-1.10658
3.2,0.25,-2.51,-1.16314,0.0937581,0.463403,-1.10658
3.2,0.25,-2.5,-1.16221,0.0931025,0.464883,-1.10657
3.2,0.25,-2.49,-1.16128,0.0924468,0.466377,-1.10657
3.2,0.25,-2.48,-1.16036,0.0916719,0.467887,-1.10657
3.2,0.25,-2.47,-1.15945,0.0908375,0.469412,-1.10657
3.2,0.25,-2.46,-1.15854,0.0901222,0.470952,-1.10657
3.2,0.25,-2.45,-1.15764,0.089407,0.472507,-1.10657
3.2,0.25,-2.44,-1.15675,0.0886321,0.474079,-1.10657
3.2,0.25,-2.43,-1.15587,0.0879169,0.475667,-1.10657
3.2,0.25,-2.42,-1.15499,0.087142,0.47727,-1.10657
3.2,0.25,-2.41,-1.15413,0.0864267,0.478891,-1.10657
3.2,0.25,-2.4,-1.15327,0.0855923,0.480528,-1.10657
3.2,0.25,-2.39,-1.15241,0.0848174,0.482182,-1.10657
3.2,0.25,-2.38,-1.15157,0.0840425,0.483853,-1.10657
3.2,0.25,-2.37,-1.15073,0.0832081,0.485542,-1.10657
3.2,0.25,-2.36,-1.14991,0.0824332,0.487248,-1.10656
3.2,0.25,-2.35,-1.14909,0.0816584,0.488973,-1.10656
3.2,0.25,-2.34,-1.14827,0.0809431,0.490715,-1.10656
3.2,0.25,-2.33,-1.14747,0.0799894,0.492476,-1.10656
3.2,0.25,-2.32,-1.14667,0.0792742,0.494256,-1.10656
3.2,0.25,-2.31,-1.14589,0.0783205,0.496054,-1.10656
3.2,0.25,-2.3,-1.14511,0.077486,0.497872,-1.10656
3.2,0.25,-2.29,-1.14434,0.076592,0.49971,-1.10655
3.2,0.25,-2.28,-1.14357,0.0758171,0.501567,-1.10655
3.2,0.25,-2.27,-1.14282,0.074923,0.503445,-1.10655
3.2,0.25,-2.26,-1.14207,0.074029,0.505343,-1.10655
3.2,0.25,-2.25,-1.14134,0.0731349,0.507262,-1.10655
3.2,0.25,-2.24,-1.14061,0.0724196,0.509201,-1.10655
3.2,0.25,-2.23,-1.13989,0.0713468,0.511162,-1.10654
3.2,0.25,-2.22,-1.13918,0.0704527,0.513145,-1.10654
3.2,0.25,-2.21,-1.13848,0.0696182,0.51515,-1.10654
3.2,0.25,-2.2,-1.13779,0.0687242,0.517177,-1.10654
3.2,0.25,-2.19,-1.13711,0.0678301,0.519227,-1.10653
3.2,0.25,-2.18,-1.13643,0.0669956,0.521299,-1.10653
3.2,0.25,-2.17,-1.13577,0.0659823,0.523395,-1.10653
3.2,0.25,-2.16,-1.13511,0.0650287,0.525515,-1.10652
3.2,0.25,-2.15,-1.13447,0.064075,0.527659,-1.10652
3.2,0.25,-2.14,-1.13383,0.0632405,0.529827,-1.10652
3.2,0.25,-2.13,-1.1332,0.0622272,0.53202,-1.10651
3.2,0.25,-2.12,-1.13259,0.0612736,0.534238,-1.10651
3.2,0.25,-2.11,-1.13198,0.0603795,0.536482,-1.10651
3.2,0.25,-2.1,-1.13138,0.0593662,0.538752,-1.1065
3.2,0.25,-2.09,-1.13079,0.0584722,0.541048,-1.1065
3.2,0.25,-2.08,-1.13021,0.0573993,0.543371,-1.10649
3.2,0.25,-2.07,-1.12964,0.0564456,0.545721,-1.10649
3.2,0.25,-2.06,-1.12908,0.0554919,0.548098,-1.10648
3.2,0.25,-2.05,-1.12853,0.0544786,0.550504,-1.10648
3.2,0.25,-2.04,-1.12799,0.0534058,0.552938,-1.10647
3.2,0.25,-2.03,-1.12746,0.0525117,0.555401,-1.10646
3.2,0.25,-2.02,-1.12694,0.0514388,0.557893,-1.10646
3.2,0.25,-2.01,-1.12644,0.0504255,0.560416,-1.10645
3.2,0.25,-2,-1.12594,0.0494123,0.562968,-1.10644
3.2,0.25,-1.99,-1.12545,0.048399,0.565551,-1.10644
3.2,0.25,-1.98,-1.12497,0.0473261,0.568166,-1.10643
3.2,0.25,-1.97,-1.1245,0.0463724,0.570812,-1.10642
3.2,0.25,-1.96,-1.12404,0.0452399,0.573491,-1.10641
3.2,0.25,-1.95,-1.12359,0.0442266,0.576202,-1.1064
3.2,0.25,-1.94,-1.12316,0.0431538,0.578947,-1.10639
3.2,0.25,-1.93,-1.12273,0.0420809,0.581726,-1.10638
3.2,0.25,-1.92,-1.12231,0.0411272,0.584539,-1.10637
3.2,0.25,-1.91,-1.12191,0.0399947,0.587386,-1.10636
3.2,0.25,-1.9,-1.12151,0.0389814,0.59027,-1.10634
3.2,0.25,-1.89,-1.12113,0.0379682,0.593189,-1.10633
3.2,0.25,-1.88,-1.12075,0.0368953,0.596145,-1.10632
3.2,0.25,-1.87,-1.12039,0.035882,0.599139,-1.1063
3.2,0.25,-1.86,-1.12004,0.0348091,0.60217,-1.10629
3.2,0.25,-1.85,-1.11969,0.0337362,0.60524,-1.10627
3.2,0.25,-1.84,-1.11936,0.0326037,0.608349,-1.10625
3.2,0.25,-1.83,-1.11904,0.0315905,0.611497,-1.10623
3.2,0.25,-1.82,-1.11873,0.0305176,0.614686,-1.10621
3.2,0.25,-1.81,-1.11843,0.0295043,0.617917,-1.10619
3.2,0.25,-1.8,-1.11814,0.028491,0.621189,-1.10617
3.2,0.25,-1.79,-1.11786,0.0274777,0.624503,-1.10615
3.2,0.25,-1.78,-1.11759,0.0263453,0.62786,-1.10612
3.2,0.25,-1.77,-1.11733,0.0253916,0.631261,-1.1061
3.2,0.25,-1.76,-1.11708,0.0242591,0.634707,-1.10607
3.2,0.25,-1.75,-1.11685,0.0232458,0.638198,-1.10604
3.2,0.25,-1.74,-1.11662,0.0222325,0.641736,-1.10601
3.2,0.25,-1.73,-1.1164,0.0212193,0.645319,-1.10598
3.2,0.25,-1.72,-1.1162,0.0201464,0.648951,-1.10595
3.2,0.25,-1.71,-1.116,0.0191331,0.652631,-1.10591
3.2,0.25,-1.7,-1.11581,0.0180602,0.65636,-1.10588
3.2,0.25,-1.69,-1.11563,0.0172257,0.660139,-1.10584
3.2,0.25,-1.68,-1.11547,0.0162721,0.663969,-1.1058
3.2,0.25,-1.67,-1.11531,0.0153184,0.66785,-1.10575
3.2,0.25,-1.66,-1.11516,0.0143647,0.671784,-1.10571
3.2,0.25,-1.65,-1.11502,0.013411,0.675771,-1.10566
3.2,0.25,-1.64,-1.11489,0.0124574,0.679813,-1.10561
3.2,0.25,-1.63,-1.11477,0.0116229,0.683909,-1.10555
3.2,0.25,-1.62,-1.11466,0.0107288,0.688062,-1.1055
3.2,0.25,-1.61,-1.11456,0.00989437,0.692272,-1.10544
3.2,0.25,-1.6,-1.11446,0.00911951,0.696539,-1.10537
3.2,0.25,-1.59,-1.11438,0.00828505,0.700866,-1.10531
3.2,0.25,-1.58,-1.1143,0.00745058,0.705252,-1.10524
3.2,0.25,-1.57,-1.11423,0.00673532,0.709699,-1.10516
3.2,0.25,-1.56,-1.11416,0.00590086,0.714208,-1.10508
3.2,0.25,-1.55,-1.11411,0.0051856,0.718779,-1.105
3.2,0.25,-1.54,-1.11406,0.00458956,0.723415,-1.10491
3.2,0.25,-1.53,-1.11402,0.00393391,0.728115,-1.10482
3.2,0.25,-1.52,-1.11398,0.00339746,0.732881,-1.10473
3.2,0.25,-1.51,-1.11395,0.00280142,0.737714,-1.10462
3.2,0.25,-1.5,-1.11392,0.00232458,0.742615,-1.10451
3.2,0.25,-1.49,-1.1139,0.00190735,0.747586,-1.1044
3.2,0.25,-1.48,-1.11389,0.00143051,0.752626,-1.10428
3.2,0.25,-1.47,-1.11387,0.00107288,0.757738,-1.10415
3.2,0.25,-1.46,-1.11387,0.000655651,0.762922,-1.10402
3.2,0.25,-1.45,-1.11386,0.000417233,0.768179,-1.10388
3.2,0.25,-1.44,-1.11386,0.000298023,0.773512,-1.10373
3.2,0.25,-1.43,-1.11386,5.96046e-05,0.77892,-1.10357
3.2,0.25,-1.42,-1.11385,5.96046e-05,0.784405,-1.10341
3.2,0.25,-1.41,-1.11385,5.96046e-05,0.789968,-1.10323
3.2,0.25,-1.4,-1.11385,0,0.79561,-1.10305
3.2,0.25,-1.39,-1.11385,0.000238419,0.801333,-1.10285
3.2,0.25,-1.38,-1.11385,0.000476837,0.807138,-1.10264
3.2,0.25,-1.37,-1.11384,0.000715256,0.813025,-1.10243
3.2,0.25,-1.36,-1.11383,0.00113249,0.818996,-1.1022
3.2,0.25,-1.35,-1.11382,0.00166893,0.825053,-1.10196
3.2,0.25,-1.34,-1.1138,0.00220537,0.831195,-1.1017
3.2,0.25,-1.33,-1.11378,0.00286102,0.837426,-1.10143
3.2,0.25,-1.32,-1.11374,0.00363588,0.843745,-1.10115
3.2,0.25,-1.31,-1.1137,0.00470877,0.850153,-1.10085
3.2,0.25,-1.3,-1.11365,0.00572205,0.856653,-1.10054
3.2,0.25,-1.29,-1.11359,0.00691414,0.863245,-1.1002
3.2,0.25,-1.28,-1.11351,0.00822544,0.86993,-1.09985
3.2,0.25,-1.27,-1.11342,0.00965595,0.87671,-1.09948
3.2,0.25,-1.26,-1.11332,0.0112653,0.883585,-1.09909
3.2,0.25,-1.25,-1.1132,0.0130534,0.890557,-1.09868
3.2,0.25,-1.24,-1.11306,0.0149608,0.897626,-1.09825
3.2,0.25,-1.23,-1.1129,0.0169873,0.904794,-1.09779
3.2,0.25,-1.22,-1.11271,0.0193715,0.912061,-1.09731
3.2,0.25,-1.21,-1.11251,0.0218153,0.919429,-1.0968
3.2,0.25,-1.2,-1.11228,0.0244379,0.926899,-1.09627
3.2,0.25,-1.19,-1.11202,0.0272393,0.93447,-1.0957
3.2,0.25,-1.18,-1.11173,0.0303388,0.942145,-1.0951
3.2,0.25,-1.17,-1.11141,0.0336766,0.949924,-1.09448
3.2,0.25,-1.16,-1.11106,0.0372529,0.957807,-1.09381
3.2,0.25,-1.15,-1.11067,0.0411272,0.965796,-1.09312
3.2,0.25,-1.14,-1.11023,0.0451207,0.97389,-1.09238
3.2,0.25,-1.13,-1.10976,0.0495315,0.98209,-1.0916
3.2,0.25,-1.12,-1.10925,0.0540614,0.990397,-1.09079
3.2,0.25,-1.11,-1.10868,0.0590086,0.998811,-1.08993
3.2,0.25,-1.1,-1.10807,0.064075,1.00733,-1.08902
3.2,0.25,-1.09,-1.1074,0.0696778,1.01596,-1.08806
3.2,0.25,-1.08,-1.10667,0.0755191,1.0247,-1.08705
3.2,0.25,-1.07,-1.10589,0.0817776,1.03354,-1.08599
3.2,0.25,-1.06,-1.10504,0.0882745,1.04249,-1.08487
3.2,0.25,-1.05,-1.10412,0.0952482,1.05154,-1.08369
3.2,0.25,-1.04,-1.10313,0.10252,1.0607,-1.08245
3.2,0.25,-1.03,-1.10206,0.110269,1.06997,-1.08114
3.2,0.25,-1.02,-1.10092,0.118554,1.07933,-1.07977
3.2,0.25,-1.01,-1.09969,0.127137,1.08881,-1.07832
3.2,0.25,-1,-1.09838,0.136137,1.09838,-1.07679
3.2,0.25,-0.99,-1.09697,0.145674,1.10805,-1.07518
3.2,0.25,-0.98,-1.09546,0.155747,1.11782,-1.07349
3.2,0.25,-0.97,-1.09385,0.166297,1.12768,-1.07171
3.2,0.25,-0.96,-1.09213,0.177324,1.13764,-1.06984
3.2,0.25,-0.95,-1.0903,0.188887,1.14769,-1.06787
3.2,0.25,-0.94,-1.08835,0.201106,1.15782,-1.0658
3.2,0.25,-0.93,-1.08628,0.213861,1.16804,-1.06362
3.2,0.25,-0.92,-1.08408,0.227153,1.17834,-1.06133
3.2,0.25,-0.91,-1.08174,0.241041,1.18872,-1.05892
3.2,0.25,-0.9,-1.07925,0.255644,1.19917,-1.05638
3.2,0.25,-0.89,-1.07662,0.270844,1.20969,-1.05372
3.2,0.25,-0.88,-1.07383,0.286818,1.22027,-1.05092
3.2,0.25,-0.87,-1.07088,0.303328,1.2309,-1.04798
3.2,0.25,-0.86,-1.06776,0.320554,1.24159,-1.0449
3.2,0.25,-0.85,-1.06447,0.338554,1.25232,-1.04166
3.2,0.25,-0.84,-1.06099,0.357211,1.26308,-1.03825
3.2,0.25,-0.83,-1.05732,0.376761,1.27388,-1.03468
3.2,0.25,-0.82,-1.05345,0.396967,1.2847,-1.03094
3.2,0.25,-0.81,-1.04938,0.417888,1.29553,-1.02701
3.2,0.25,-0.8,-1.04509,0.439584,1.30637,-1.02289
3.2,0.25,-0.79,-1.04058,0.462174,1.3172,-1.01858
3.2,0.25,-0.78,-1.03585,0.48548,1.32801,-1.01405
3.2,0.25,-0.77,-1.03087,0.50956,1.3388,-1.00932
3.2,0.25,-0.76,-1.02565,0.534534,1.34954,-1.00436
3.2,0.25,-0.75,-1.02018,0.560164,1.36024,-0.999167
3.2,0.25,-0.74,-1.01445,0.586629,1.37088,-0.993738
3.2,0.25,-0.73,-1.00845,0.613928,1.38143,-0.988061
3.2,0.25,-0.72,-1.00217,0.642002,1.3919,-0.982127
3.2,0.25,-0.71,-0.995604,0.67085,1.40226,-0.975928
3.2,0.25,-0.7,-0.98875,0.700355,1.4125,-0.969456
3.2,0.25,-0.69,-0.981595,0.730664,1.4226,-0.962701
3.2,0.25,-0.68,-0.974135,0.761598,1.43255,-0.955656
3.2,0.25,-0.67,-0.96636,0.793308,1.44233,-0.948312
3.2,0.25,-0.66,-0.958266,0.825644,1.45192,-0.940661
3.2,0.25,-0.65,-0.949846,0.858516,1.4613,-0.932695
3.2,0.25,-0.64,-0.941093,0.892073,1.47046,-0.924407
3.2,0.25,-0.63,-0.932002,0.926077,1.47937,-0.915788
3.2,0.25,-0.62,-0.922569,0.960588,1.48801,-0.906833
3.2,0.25,-0.61,-0.912789,0.995487,1.49638,-0.897535
3.2,0.25,-0.6,-0.902658,1.03083,1.50443,-0.887887
3.2,0.25,-0.59,-0.892173,1.06639,1.51216,-0.877885
3.2,0.25,-0.58,-0.881331,1.10203,1.51954,-0.867524
3.2,0.25,-0.57,-0.870131,1.13791,1.52655,-0.856801
3.2,0.25,-0.56,-0.858572,1.17385,1.53317,-0.845711
3.2,0.25,-0.55,-0.846654,1.20974,1.53937,-0.834252
3.2,0.25,-0.54,-0.834378,1.2455,1.54514,-0.822425
3.2,0.25,-0.53,-0.821745,1.28105,1.55046,-0.810227
3.2,0.25,-0.52,-0.808759,1.31625,1.55531,-0.797661
3.2,0.25,-0.51,-0.795423,1.35091,1.55965,-0.784728
3.2,0.25,-0.5,-0.781742,1.38506,1.56348,-0.771431
3.2,0.25,-0.49,-0.767722,1.41865,1.56678,-0.757775
3.2,0.25,-0.48,-0.753371,1.45143,1.56952,-0.743765
3.2,0.25,-0.47,-0.738696,1.48332,1.57169,-0.729409
3.2,0.25,-0.46,-0.723707,1.51423,1.57328,-0.714715
3.2,0.25,-0.45,-0.708416,1.54397,1.57426,-0.699693
3.2,0.25,-0.44,-0.692832,1.57249,1.57462,-0.684354
3.2,0.25,-0.43,-0.67697,1.5997,1.57435,-0.668712
3.2,0.25,-0.42,-0.660843,1.62539,1.57344,-0.652779
3.2,0.25,-0.41,-0.644467,1.64956,1.57187,-0.636572
3.2,0.25,-0.4,-0.627857,1.67206,1.56964,-0.620108
3.2,0.25,-0.39,-0.611031,1.69283,1.56675,-0.603405
3.2,0.25,-0.38,-0.594007,1.71167,1.56318,-0.586481
3.2,0.25,-0.37,-0.576804,1.72862,1.55893,-0.569359
3.2,0.25,-0.36,-0.559442,1.74356,1.554,-0.552058
3.2,0.25,-0.35,-0.54194,1.75637,1.5484,-0.534603
3.2,0.25,-0.34,-0.524321,1.76704,1.54212,-0.517015
3.2,0.25,-0.33,-0.506607,1.77553,1.53517,-0.49932
3.2,0.25,-0.32,-0.488818,1.78179,1.52756,-0.481543
3.2,0.25,-0.31,-0.470979,1.78574,1.51929,-0.463707
3.2,0.25,-0.3,-0.453111,1.78744,1.51037,-0.44584
3.2,0.25,-0.29,-0.435237,1.78684,1.50082,-0.427967
3.2,0.25,-0.28,-0.417381,1.78392,1.49065,-0.410114
3.2,0.25,-0.27,-0.399566,1.7788,1.47987,-0.392305
3.2,0.25,-0.26,-0.381813,1.77138,1.46851,-0.374568
3.2,0.25,-0.25,-0.364146,1.76173,1.45658,-0.356926
3.2,0.25,-0.24,-0.346586,1.7499,1.44411,-0.339405
3.2,0.25,-0.23,-0.329155,1.73597,1.43111,-0.322028
3.2,0.25,-0.22,-0.311873,1.72,1.4176,-0.304818
3.2,0.25,-0.21,-0.294761,1.70201,1.40362,-0.287797
3.2,0.25,-0.2,-0.277839,1.68221,1.38919,-0.270986
3.2,0.25,-0.19,-0.261124,1.66051,1.37434,-0.254406
3.2,0.25,-0.18,-0.244634,1.63712,1.35908,-0.238074
3.2,0.25,-0.17,-0.228387,1.61213,1.34345,-0.222009
3.2,0.25,-0.16,-0.212397,1.58561,1.32748,-0.206226
3.2,0.25,-0.15,-0.196679,1.55772,1.31119,-0.190741
3.2,0.25,-0.14,-0.181247,1.52855,1.29462,-0.175567
3.2,0.25,-0.13,-0.166112,1.49818,1.27779,-0.160716
3.2,0.25,-0.12,-0.151287,1.46674,1.26072,-0.146197
3.2,0.25,-0.11,-0.13678,1.43438,1.24346,-0.132022
3.2,0.25,-0.1,-0.122602,1.4012,1.22602,-0.118196
3.2,0.25,-0.09,-0.108758,1.36732,1.20843,-0.104728
3.2,0.25,-0.08,-0.0952575,1.33282,1.19072,-0.0916208
3.2,0.25,-0.07,-0.082104,1.2978,1.17291,-0.0788795
3.2,0.25,-0.06,-0.0693024,1.26242,1.15504,-0.0665062
3.2,0.25,-0.05,-0.0568561,1.22679,1.13712,-0.0545025
3.2,0.25,-0.04,-0.0447674,1.19095,1.11918,-0.0428685
3.2,0.25,-0.03,-0.0330374,1.15502,1.10125,-0.0316035
3.2,0.25,-0.02,-0.0216666,1.11911,1.08333,-0.0207057
3.2,0.25,-0.01,-0.0106546,1.0833,1.06546,-0.0101723
3.2,0.25,0,0,1.04767,1.04767,0
3.2,0.25,0.01,0.0102993,1.01225,1.02993,0.00981566
3.2,0.25,0.02,0.0202462,0.977173,1.01231,0.0192796
3.2,0.25,0.03,0.029844,0.942451,0.994801,0.0283975
3.2,0.25,0.04,0.0390971,0.908224,0.977428,0.0371755
3.2,0.25,0.05,0.0480101,0.874475,0.960202,0.0456203
3.2,0.25,0.06,0.0565881,0.841219,0.943135,0.053739
3.2,0.25,0.07,0.064837,0.808615,0.926243,0.061539
3.2,0.25,0.08,0.0727628,0.776649,0.909534,0.0690282
3.2,0.25,0.09,0.0803719,0.745278,0.893021,0.0762146
3.2,0.25,0.1,0.0876712,0.714675,0.876712,0.0831063
3.2,0.25,0.11,0.0946677,0.684772,0.860616,0.0897119
3.2,0.25,0.12,0.101369,0.655599,0.844739,0.0960398
3.2,0.25,0.13,0.107782,0.627156,0.829091,0.102099
3.2,0.25,0.14,0.113915,0.599533,0.813676,0.107897
3.2,0.25,0.15,0.119775,0.572678,0.798499,0.113443
3.2,0.25,0.16,0.125371,0.546586,0.783566,0.118746
3.2,0.25,0.17,0.130709,0.521325,0.768879,0.123814
3.2,0.25,0.18,0.1358,0.496827,0.754442,0.128656
3.2,0.25,0.19,0.140649,0.473134,0.740256,0.13328
3.2,0.25,0.2,0.145265,0.450261,0.726325,0.137693
3.2,0.25,0.21,0.149656,0.42814,0.71265,0.141905
3.2,0.25,0.22,0.153831,0.406809,0.69923,0.145923
3.2,0.25,0.23,0.157795,0.386238,0.686067,0.149754
3.2,0.25,0.24,0.161558,0.366442,0.673159,0.153407
3.2,0.25,0.25,0.165127,0.347421,0.660507,0.156888
3.2,0.25,0.26,0.168508,0.329107,0.648109,0.160204
3.2,0.25,0.27,0.17171,0.311494,0.635965,0.163364
3.2,0.25,0.28,0.17474,0.294559,0.624071,0.166372
3.2,0.25,0.29,0.177604,0.278369,0.612428,0.169236
3.2,0.25,0.3,0.180309,0.262849,0.601031,0.171962
3.2,0.25,0.31,0.182863,0.24797,0.58988,0.174556
3.2,0.25,0.32,0.18527,0.23368,0.57897,0.177024
3.2,0.25,0.33,0.187539,0.220068,0.568299,0.179372
3.2,0.25,0.34,0.189674,0.207044,0.557864,0.181605
3.2,0.25,0.35,0.191682,0.194624,0.547662,0.183728
3.2,0.25,0.36,0.193568,0.182763,0.53769,0.185746
3.2,0.25,0.37,0.195339,0.17143,0.527943,0.187665
3.2,0.25,0.38,0.196999,0.160672,0.518419,0.189488
3.2,0.25,0.39,0.198554,0.150427,0.509114,0.191221
3.2,0.25,0.4,0.200009,0.140645,0.500023,0.192868
3.2,0.25,0.41,0.201369,0.131369,0.491144,0.194432
3.2,0.25,0.42,0.202638,0.122555,0.482471,0.195917
3.2,0.25,0.43,0.203821,0.114158,0.474003,0.197328
3.2,0.25,0.44,0.204923,0.106186,0.465734,0.198668
3.2,0.25,0.45,0.205947,0.0986978,0.45766,0.199941
3.2,0.25,0.46,0.206898,0.0915751,0.449778,0.201149
3.2,0.25,0.47,0.207779,0.0848472,0.442084,0.202296
3.2,0.25,0.48,0.208595,0.0784472,0.434574,0.203385
3.2,0.25,0.49,0.209349,0.0724494,0.427243,0.204418
3.2,0.25,0.5,0.210045,0.0666901,0.420089,0.205399
3.2,0.25,0.51,0.210685,0.0614375,0.413108,0.20633
3.2,0.25,0.52,0.211273,0.0563413,0.406295,0.207213
3.2,0.25,0.53,0.211812,0.0515878,0.399646,0.208051
3.2,0.25,0.54,0.212306,0.0471249,0.393159,0.208847
3.2,0.25,0.55,0.212756,0.0429302,0.386829,0.209601
3.2,0.25,0.56,0.213166,0.0390038,0.380653,0.210317
3.2,0.25,0.57,0.213537,0.0353754,0.374627,0.210996
3.2,0.25,0.58,0.213874,0.0319257,0.368748,0.211641
3.2,0.25,0.59,0.214177,0.0287369,0.363012,0.212252
3.2,0.25,0.6,0.214449,0.0257641,0.357416,0.212832
3.2,0.25,0.61,0.214693,0.0230074,0.351956,0.213381
3.2,0.25,0.62,0.214911,0.0204965,0.34663,0.213903
3.2,0.25,0.63,0.215103,0.0181124,0.341434,0.214397
3.2,0.25,0.64,0.215273,0.0158995,0.336364,0.214866
3.2,0.25,0.65,0.215422,0.0139698,0.331419,0.215311
3.2,0.25,0.66,0.215552,0.0120252,0.326594,0.215733
3.2,0.25,0.67,0.215665,0.0104234,0.321887,0.216133
3.2,0.25,0.68,0.215761,0.00890344,0.317295,0.216512
3.2,0.25,0.69,0.215843,0.00749528,0.312815,0.216871
3.2,0.25,0.7,0.215911,0.00628084,0.308445,0.217212
3.2,0.25,0.71,0.215968,0.00513345,0.304181,0.217536
3.2,0.25,0.72,0.216015,0.00418723,0.30002,0.217842
3.2,0.25,0.73,0.216052,0.0032708,0.295962,0.218133
3.2,0.25,0.74,0.216081,0.0025332,0.292001,0.218408
3.2,0.25,0.75,0.216103,0.00186265,0.288138,0.218669
3.2,0.25,0.76,0.216119,0.0013262,0.284368,0.218917
3.2,0.25,0.77,0.216131,0.00089407,0.280689,0.219152
3.2,0.25,0.78,0.216138,0.000536442,0.2771,0.219374
3.2,0.25,0.79,0.216142,0.000342727,0.273598,0.219585
3.2,0.25,0.8,0.216145,0.000111759,0.270181,0.219785
3.2,0.25,0.81,0.216145,0,0.266846,0.219974
3.2,0.25,0.82,0.216145,0,0.263592,0.220154
3.2,0.25,0.83,0.216145,4.47035e-05,0.260416,0.220324
3.2,0.25,0.84,0.216146,0.000119209,0.257317,0.220486
3.2,0.25,0.85,0.216149,0.000357628,0.254293,0.220639
3.2,0.25,0.86,0.216153,0.000596046,0.251341,0.220784
3.2,0.25,0.87,0.216161,0.000879169,0.24846,0.220921
3.2,0.25,0.88,0.216171,0.00119209,0.245649,0.221052
3.2,0.25,0.89,0.216185,0.00158697,0.242905,0.221175
3.2,0.25,0.9,0.216204,0.00206381,0.240226,0.221292
3.2,0.25,0.91,0.216227,0.0025779,0.237612,0.221403
3.2,0.25,0.92,0.216255,0.00309199,0.23506,0.221508
3.2,0.25,0.93,0.216289,0.00373274,0.232568,0.221608
3.2,0.25,0.94,0.216329,0.00428408,0.230137,0.221703
3.2,0.25,0.95,0.216375,0.00490993,0.227763,0.221792
3.2,0.25,0.96,0.216427,0.00562519,0.225445,0.221877
3.2,0.25,0.97,0.216487,0.00634789,0.223183,0.221957
3.2,0.25,0.98,0.216554,0.0070557,0.220974,0.222034
3.2,0.25,0.99,0.216629,0.00785291,0.218817,0.222106
3.2,0.25,1,0.216712,0.00864267,0.216712,0.222174
3.2,0.25,1.01,0.216802,0.00947714,0.214656,0.222239
3.2,0.25,1.02,0.216901,0.0103116,0.212648,0.222301
3.2,0.25,1.03,0.217009,0.0112131,0.210688,0.222359
3.2,0.25,1.04,0.217125,0.0120848,0.208774,0.222414
3.2,0.25,1.05,0.21725,0.0129715,0.206905,0.222467
3.2,0.25,1.06,0.217385,0.0139177,0.20508,0.222516
3.2,0.25,1.07,0.217528,0.0149086,0.203298,0.222563
3.2,0.25,1.08,0.217682,0.0157803,0.201557,0.222608
3.2,0.25,1.09,0.217844,0.0167638,0.199857,0.22265
3.2,0.25,1.1,0.218017,0.0177547,0.198197,0.22269
3.2,0.25,1.11,0.218199,0.0187531,0.196576,0.222728
3.2,0.25,1.12,0.218391,0.019744,0.194992,0.222764
3.2,0.25,1.13,0.218593,0.020653,0.193446,0.222798
3.2,0.25,1.14,0.218806,0.0217557,0.191935,0.222831
3.2,0.25,1.15,0.219028,0.0227615,0.190459,0.222861
3.2,0.25,1.16,0.219261,0.0237823,0.189018,0.22289
3.2,0.25,1.17,0.219504,0.0248104,0.18761,0.222918
3.2,0.25,1.18,0.219758,0.0258386,0.186235,0.222944
3.2,0.25,1.19,0.220021,0.0269115,0.184892,0.222968
3.2,0.25,1.2,0.220296,0.0279397,0.18358,0.222992
3.2,0.25,1.21,0.220581,0.02902,0.182298,0.223014
3.2,0.25,1.22,0.220876,0.0301301,0.181046,0.223035
3.2,0.25,1.23,0.221182,0.0311136,0.179823,0.223055
3.2,0.25,1.24,0.221498,0.0322238,0.178627,0.223074
3.2,0.25,1.25,0.221825,0.0332519,0.17746,0.223092
3.2,0.25,1.26,0.222163,0.0343248,0.17632,0.223109
3.2,0.25,1.27,0.222511,0.0353977,0.175205,0.223125
3.2,0.25,1.28,0.22287,0.0364259,0.174117,0.22314
3.2,0.25,1.29,0.223239,0.0374541,0.173053,0.223154
3.2,0.25,1.3,0.223619,0.038527,0.172014,0.223168
3.2,0.25,1.31,0.224009,0.0395551,0.170999,0.223181
3.2,0.25,1.32,0.22441,0.0405908,0.170008,0.223193
3.2,0.25,1.33,0.224821,0.0416189,0.169039,0.223205
3.2,0.25,1.34,0.225243,0.0426844,0.168092,0.223216
3.2,0.25,1.35,0.225676,0.0437573,0.167167,0.223226
3.2,0.25,1.36,0.226118,0.0447929,0.166264,0.223236
3.2,0.25,1.37,0.226572,0.0457838,0.165381,0.223246
3.2,0.25,1.38,0.227035,0.0468493,0.164518,0.223255
3.2,0.25,1.39,0.227509,0.0478849,0.163675,0.223263
3.2,0.25,1.4,0.227993,0.0489503,0.162852,0.223271
3.2,0.25,1.41,0.228487,0.0499785,0.162048,0.223278
3.2,0.25,1.42,0.228992,0.0509322,0.161262,0.223286
3.2,0.25,1.43,0.229506,0.0519603,0.160494,0.223292
3.2,0.25,1.44,0.230031,0.0530034,0.159744,0.223299
3.2,0.25,1.45,0.230566,0.0539869,0.159011,0.223305
3.2,0.25,1.46,0.23111,0.0549778,0.158295,0.223311
3.2,0.25,1.47,0.231665,0.0559762,0.157595,0.223316
3.2,0.25,1.48,0.23223,0.056915,0.156912,0.223321
3.2,0.25,1.49,0.232804,0.0579134,0.156244,0.223326
3.2,0.25,1.5,0.233388,0.0588968,0.155592,0.223331
3.2,0.25,1.51,0.233982,0.0598952,0.154955,0.223335
3.2,0.25,1.52,0.234585,0.0608414,0.154332,0.22334
3.2,0.25,1.53,0.235198,0.0618324,0.153724,0.223344
3.2,0.25,1.54,0.235821,0.0627488,0.15313,0.223347
3.2,0.25,1.55,0.236453,0.0636578,0.15255,0.223351
3.2,0.25,1.56,0.237095,0.0646114,0.151984,0.223354
3.2,0.25,1.57,0.237745,0.0655577,0.15143,0.223358
3.2,0.25,1.58,0.238406,0.0664741,0.15089,0.223361
3.2,0.25,1.59,0.239075,0.067465,0.150362,0.223363
3.2,0.25,1.6,0.239753,0.0683442,0.149846,0.223366
3.2,0.25,1.61,0.240441,0.0691935,0.149342,0.223369
3.2,0.25,1.62,0.241138,0.0700876,0.148851,0.223371
3.2,0.25,1.63,0.241844,0.0709444,0.14837,0.223374
3.2,0.25,1.64,0.242558,0.0718981,0.147901,0.223376
3.2,0.25,1.65,0.243282,0.0728071,0.147443,0.223378
3.2,0.25,1.66,0.244014,0.0736415,0.146996,0.22338
3.2,0.25,1.67,0.244755,0.0744909,0.14656,0.223382
3.2,0.25,1.68,0.245504,0.0753552,0.146133,0.223383
3.2,0.25,1.69,0.246263,0.0762194,0.145717,0.223385
3.2,0.25,1.7,0.247029,0.0770912,0.145311,0.223387
3.2,0.25,1.71,0.247804,0.0779256,0.144915,0.223388
3.2,0.25,1.72,0.248588,0.0787228,0.144528,0.22339
3.2,0.25,1.73,0.24938,0.0796244,0.14415,0.223391
3.2,0.25,1.74,0.25018,0.0804663,0.143782,0.223392
3.2,0.25,1.75,0.250988,0.081256,0.143422,0.223394
3.2,0.25,1.76,0.251805,0.0820458,0.143071,0.223395
3.2,0.25,1.77,0.252629,0.0828654,0.142729,0.223396
3.2,0.25,1.78,0.253462,0.0836253,0.142394,0.223397
3.2,0.25,1.79,0.254303,0.08443,0.142068,0.223398
3.2,0.25,1.8,0.255151,0.0852197,0.141751,0.223399
3.2,0.25,1.81,0.256007,0.0860095,0.14144,0.2234
3.2,0.25,1.82,0.256871,0.0867546,0.141138,0.2234
3.2,0.25,1.83,0.257743,0.087589,0.140843,0.223401
3.2,0.25,1.84,0.258622,0.0883639,0.140556,0.223402
3.2,0.25,1.85,0.259509,0.0890642,0.140275,0.223403
3.2,0.25,1.86,0.260403,0.0897795,0.140002,0.223403
3.2,0.25,1.87,0.261305,0.0905693,0.139735,0.223404
3.2,0.25,1.88,0.262214,0.0912845,0.139476,0.223405
3.2,0.25,1.89,0.263131,0.0920445,0.139223,0.223405
3.2,0.25,1.9,0.264055,0.092715,0.138976,0.223406
3.2,0.25,1.91,0.264986,0.093475,0.138736,0.223406
3.2,0.25,1.92,0.265924,0.0941902,0.138502,0.223407
3.2,0.25,1.93,0.266869,0.0949055,0.138274,0.223407
3.2,0.25,1.94,0.267822,0.0955462,0.138052,0.223408
3.2,0.25,1.95,0.268781,0.0962913,0.137836,0.223408
3.2,0.25,1.96,0.269747,0.0969768,0.137626,0.223408
3.2,0.25,1.97,0.27072,0.0976622,0.137421,0.223409
3.2,0.25,1.98,0.2717,0.0983179,0.137222,0.223409
3.2,0.25,1.99,0.272686,0.0989735,0.137028,0.223409
3.2,0.25,2,0.273679,0.099659,0.13684,0.22341
3.2,0.25,2.01,0.274679,0.10033,0.136656,0.22341
3.2,0.25,2.02,0.275686,0.10097,0.136478,0.22341
3.2,0.25,2.03,0.276698,0.101566,0.136305,0.223411
3.2,0.25,2.04,0.277718,0.102222,0.136136,0.223411
3.2,0.25,2.05,0.278744,0.102937,0.135972,0.223411
3.2,0.25,2.06,0.279776,0.103533,0.135813,0.223411
3.2,0.25,2.07,0.280814,0.104204,0.135659,0.223412
3.2,0.25,2.08,0.281859,0.1048,0.135509,0.223412
3.2,0.25,2.09,0.28291,0.105396,0.135363,0.223412
3.2,0.25,2.1,0.283966,0.105977,0.135222,0.223412
3.2,0.25,2.11,0.28503,0.106633,0.135085,0.223412
3.2,0.25,2.12,0.286099,0.107214,0.134952,0.223413
3.2,0.25,2.13,0.287174,0.107765,0.134823,0.223413
3.2,0.25,2.14,0.288255,0.108361,0.134698,0.223413
3.2,0.25,2.15,0.289341,0.108927,0.134577,0.223413
3.2,0.25,2.16,0.290434,0.109553,0.13446,0.223413
3.2,0.25,2.17,0.291533,0.110105,0.134347,0.223413
3.2,0.25,2.18,0.292637,0.110671,0.134237,0.223413
3.2,0.25,2.19,0.293747,0.111207,0.134131,0.223413
3.2,0.25,2.2,0.294862,0.111863,0.134028,0.223414
3.2,0.25,2.21,0.295983,0.112414,0.133929,0.223414
3.2,0.25,2.22,0.29711,0.112921,0.133833,0.223414
3.2,0.25,2.23,0.298242,0.113428,0.133741,0.223414
3.2,0.25,2.24,0.29938,0.113994,0.133652,0.223414
3.2,0.25,2.25,0.300523,0.114515,0.133566,0.223414
3.2,0.25,2.26,0.301671,0.115141,0.133483,0.223414
3.2,0.25,2.27,0.302825,0.115693,0.133403,0.223414
3.2,0.25,2.28,0.303984,0.11611,0.133326,0.223414
3.2,0.25,2.29,0.305148,0.116736,0.133252,0.223414
3.2,0.25,2.3,0.306317,0.117168,0.133181,0.223414
3.2,0.25,2.31,0.307492,0.117689,0.133113,0.223414
3.2,0.25,2.32,0.308671,0.118196,0.133048,0.223415
3.2,0.25,2.33,0.309856,0.118718,0.132985,0.223415
3.2,0.25,2.34,0.311045,0.119194,0.132925,0.223415
3.2,0.25,2.35,0.31224,0.119746,0.132868,0.223415
3.2,0.25,2.36,0.313439,0.120237,0.132813,0.223415
3.2,0.25,2.37,0.314643,0.120655,0.132761,0.223415
3.2,0.25,2.38,0.315853,0.121221,0.132711,0.223415
3.2,0.25,2.39,0.317067,0.121638,0.132664,0.223415
3.2,0.25,2.4,0.318285,0.12213,0.132619,0.223415
3.2,0.25,2.41,0.319509,0.122592,0.132576,0.223415
3.2,0.25,2.42,0.320737,0.123069,0.132536,0.223415
3.2,0.25,2.43,0.32197,0.123501,0.132498,0.223415
3.2,0.25,2.44,0.323207,0.123978,0.132462,0.223415
3.2,0.25,2.45,0.324449,0.124425,0.132428,0.223415
3.2,0.25,2.46,0.325695,0.124857,0.132397,0.223415
3.2,0.25,2.47,0.326946,0.125274,0.132367,0.223415
3.2,0.25,2.48,0.328202,0.125766,0.132339,0.223415
3.2,0.25,2.49,0.329461,0.126228,0.132314,0.223415
3.2,0.25,2.5,0.330726,0.12663,0.13229,0.223415
3.2,0.25,2.51,0.331994,0.127077,0.132269,0.223415
3.2,0.25,2.52,0.333267,0.127479,0.132249,0.223415
3.2,0.25,2.53,0.334544,0.127867,0.132231,0.223415
3.2,0.25,2.54,0.335825,0.128374,0.132215,0.223415
3.2,0.25,2.55,0.337111,0.128791,0.1322,0.223415
3.2,0.25,2.56,0.3384,0.129178,0.132188,0.223415
3.2,0.25,2.57,0.339694,0.129566,0.132177,0.223415
3.2,0.25,2.58,0.340992,0.130042,0.132167,0.223415
3.2,0.25,2.59,0.342294,0.130415,0.13216,0.223415
3.2,0.25,2.6,0.3436,0.130773,0.132154,0.223415
3.2,0.25,2.61,0.34491,0.13119,0.132149,0.223415
3.2,0.25,2.62,0.346224,0.131592,0.132147,0.223415
3.2,0.25,2.63,0.347542,0.13195,0.132145,0.223415
3.2,0.25,2.64,0.348864,0.132382,0.132145,0.223415
3.2,0.25,2.65,0.350189,0.13274,0.132147,0.223415
3.2,0.25,2.66,0.351519,0.133142,0.13215,0.223415
3.2,0.25,2.67,0.352852,0.133544,0.132154,0.223415
3.2,0.25,2.68,0.354189,0.133887,0.13216,0.223415
3.2,0.25,2.69,0.35553,0.134304,0.132167,0.223415
3.2,0.25,2.7,0.356874,0.134617,0.132176,0.223415
3.2,0.25,2.71,0.358222,0.13499,0.132185,0.223415
3.2,0.25,2.72,0.359574,0.135317,0.132196,0.223415
3.2,0.25,2.73,0.36093,0.135675,0.132209,0.223415
3.2,0.25,2.74,0.362289,0.136033,0.132222,0.223415
3.2,0.25,2.75,0.363652,0.136435,0.132237,0.223415
3.2,0.25,2.76,0.365018,0.136793,0.132253,0.223415
3.2,0.25,2.77,0.366387,0.137135,0.13227,0.223415
3.2,0.25,2.78,0.367761,0.137463,0.132288,0.223415
3.2,0.25,2.79,0.369137,0.137791,0.132307,0.223415
3.2,0.25,2.8,0.370517,0.138134,0.132328,0.223415
3.2,0.25,2.81,0.371901,0.138536,0.132349,0.223415
3.2,0.25,2.82,0.373288,0.138834,0.132371,0.223415
3.2,0.25,2.83,0.374678,0.139207,0.132395,0.223415
3.2,0.25,2.84,0.376071,0.139549,0.132419,0.223415
3.2,0.25,2.85,0.377468,0.139907,0.132445,0.223415
3.2,0.25,2.86,0.378868,0.140145,0.132471,0.223415
3.2,0.25,2.87,0.380271,0.140518,0.132499,0.223415
3.2,0.25,2.88,0.381678,0.140756,0.132527,0.223415
3.2,0.25,2.89,0.383088,0.141144,0.132556,0.223415
3.2,0.25,2.9,0.384501,0.141412,0.132586,0.223416
3.2,0.25,2.91,0.385917,0.141799,0.132617,0.223416
3.2,0.25,2.92,0.387336,0.142097,0.132649,0.223416
3.2,0.25,2.93,0.388758,0.142395,0.132682,0.223416
3.2,0.25,2.94,0.390184,0.142738,0.132715,0.223416
3.2,0.25,2.95,0.391612,0.143006,0.13275,0.223416
3.2,0.25,2.96,0.393043,0.14329,0.132785,0.223416
3.2,0.25,2.97,0.394478,0.143573,0.132821,0.223416
3.2,0.25,2.98,0.395915,0.143886,0.132857,0.223416
3.2,0.25,2.99,0.397356,0.144199,0.132895,0.223416
3.2,0.25,3,0.398799,0.144482,0.132933,0.223416
3.2,0.25,3.01,0.400245,0.14475,0.132972,0.223416
3.2,0.25,3.02,0.401694,0.145033,0.133011,0.223416
3.2,0.25,3.03,0.403146,0.145316,0.133052,0.223416
3.2,0.25,3.04,0.404601,0.145614,0.133092,0.223416
3.2,0.25,3.05,0.406058,0.146002,0.133134,0.223416
3.2,0.25,3.06,0.407519,0.146151,0.133176,0.223416
3.2,0.25,3.07,0.408982,0.146478,0.133219,0.223416
3.2,0.25,3.08,0.410448,0.146776,0.133262,0.223416
3.2,0.25,3.09,0.411917,0.147015,0.133306,0.223416
3.2,0.25,3.1,0.413388,0.147298,0.133351,0.223416
3.2,0.25,3.11,0.414862,0.147581,0.133396,0.223416
3.2,0.25,3.12,0.416339,0.147849,0.133442,0.223416
3.2,0.25,3.13,0.417819,0.148132,0.133488,0.223416
3.2,0.25,3.14,0.419301,0.148356,0.133535,0.223416
3.2,0.25,3.15,0.420785,0.148579,0.133583,0.223416
3.2,0.25,3.16,0.422273,0.148818,0.133631,0.223416
3.2,0.25,3.17,0.423763,0.149161,0.133679,0.223416
3.2,0.25,3.18,0.425255,0.149354,0.133728,0.223416
3.2,0.25,3.19,0.42675,0.149637,0.133778,0.223416
3.2,0.25,3.2,0.428248,0.149876,0.133827,0.223416
3.2,0.25,3.21,0.429748,0.150189,0.133878,0.223416
3.2,0.25,3.22,0.43125,0.150412,0.133929,0.223416
3.2,0.25,3.23,0.432755,0.150576,0.13398,0.223416
3.2,0.25,3.24,0.434263,0.150904,0.134032,0.223416
3.2,0.25,3.25,0.435773,0.151068,0.134084,0.223416
3.2,0.25,3.26,0.437285,0.151277,0.134137,0.223416
3.2,0.25,3.27,0.4388,0.151575,0.13419,0.223416
3.2,0.25,3.28,0.440317,0.151798,0.134243,0.223416
3.2,0.25,3.29,0.441836,0.152081,0.134297,0.223416
3.2,0.25,3.3,0.443358,0.15229,0.134351,0.223416
3.2,0.25,3.31,0.444882,0.152558,0.134405,0.223416
3.2,0.25,3.32,0.446409,0.152797,0.13446,0.223416
3.2,0.25,3.33,0.447937,0.15299,0.134516,0.223416
3.2,0.25,3.34,0.449468,0.153244,0.134571,0.223416
3.2,0.25,3.35,0.451002,0.153512,0.134627,0.223416
3.2,0.25,3.36,0.452537,0.153735,0.134684,0.223416
3.2,0.25,3.37,0.454075,0.153914,0.13474,0.223416
3.2,0.25,3.38,0.455615,0.154093,0.134797,0.223416
3.2,0.25,3.39,0.457157,0.154316,0.134855,0.223416
3.2,0.25,3.4,0.458701,0.154585,0.134912,0.223416
3.2,0.25,3.41,0.460248,0.154734,0.13497,0.223416
3.2,0.25,3.42,0.461796,0.154987,0.135028,0.223416
3.2,0.25,3.43,0.463347,0.15527,0.135087,0.223416
3.2,0.25,3.44,0.4649,0.155374,0.135145,0.223416
3.2,0.25,3.45,0.466455,0.155702,0.135204,0.223416
3.2,0.25,3.46,0.468012,0.155777,0.135264,0.223416
3.2,0.25,3.47,0.469572,0.15606,0.135323,0.223416
3.2,0.25,3.48,0.471133,0.156179,0.135383,0.223416
3.2,0.25,3.49,0.472696,0.156447,0.135443,0.223416
3.2,0.25,3.5,0.474262,0.156656,0.135503,0.223416
3.2,0.25,3.51,0.475829,0.15673,0.135564,0.223416
3.2,0.25,3.52,0.477398,0.156984,0.135625,0.223416
3.2,0.25,3.53,0.47897,0.157252,0.135685,0.223416
3.2,0.25,3.54,0.480543,0.157475,0.135747,0.223416
3.2,0.25,3.55,0.482119,0.157639,0.135808,0.223416
3.2,0.25,3.56,0.483696,0.157833,0.13587,0.223416
3.2,0.25,3.57,0.485275,0.158012,0.135931,0.223416
3.2,0.25,3.58,0.486856,0.158176,0.135993,0.223416
3.2,0.25,3.59,0.488439,0.158399,0.136055,0.223416
3.2,0.25,3.6,0.490024,0.158608,0.136118,0.223416
3.2,0.25,3.61,0.491611,0.158742,0.13618,0.223416
3.2,0.25,3.62,0.4932,0.158951,0.136243,0.223416
3.2,0.25,3.63,0.49479,0.159234,0.136306,0.223416
3.2,0.25,3.64,0.496383,0.159428,0.136369,0.223416
3.2,0.25,3.65,0.497977,0.159472,0.136432,0.223416
3.2,0.25,3.66,0.499573,0.1598,0.136495,0.223416
3.2,0.25,3.67,0.501171,0.159949,0.136559,0.223416
3.2,0.25,3.68,0.502771,0.159979,0.136622,0.223416
3.2,0.25,3.69,0.504372,0.160247,0.136686,0.223416
3.2,0.25,3.7,0.505975,0.160456,0.13675,0.223416
3.2,0.25,3.71,0.50758,0.160545,0.136814,0.223416
3.2,0.25,3.72,0.509187,0.160813,0.136878,0.223416
3.2,0.25,3.73,0.510796,0.160903,0.136943,0.223416
3.2,0.25,3.74,0.512406,0.161022,0.137007,0.223416
3.2,0.25,3.75,0.514018,0.16126,0.137071,0.223416
3.2,0.25,3.76,0.515632,0.161529,0.137136,0.223416
3.2,0.25,3.77,0.517247,0.161588,0.137201,0.223416
3.2,0.25,3.78,0.518864,0.161856,0.137266,0.223416
3.2,0.25,3.79,0.520483,0.161916,0.137331,0.223416
3.2,0.25,3.8,0.522103,0.162125,0.137396,0.223416
3.2,0.25,3.81,0.523725,0.162303,0.137461,0.223416
3.2,0.25,3.82,0.525349,0.162482,0.137526,0.223416
3.2,0.25,3.83,0.526974,0.162631,0.137591,0.223416
3.2,0.25,3.84,0.528601,0.16275,0.137657,0.223416
3.2,0.25,3.85,0.53023,0.162899,0.137722,0.223416
3.2,0.25,3.86,0.53186,0.163049,0.137788,0.223416
3.2,0.25,3.87,0.533491,0.163287,0.137853,0.223416
3.2,0.25,3.88,0.535125,0.163376,0.137919,0.223416
3.2,0.25,3.89,0.53676,0.163615,0.137984,0.223416
3.2,0.25,3.9,0.538396,0.163734,0.13805,0.223416
3.2,0.25,3.91,0.540034,0.163913,0.138116,0.223416
3.2,0.25,3.92,0.541673,0.164032,0.138182,0.223416
3.2,0.25,3.93,0.543314,0.164181,0.138248,0.223416
3.2,0.25,3.94,0.544957,0.16439,0.138314,0.223416
3.2,0.25,3.95,0.546601,0.164419,0.13838,0.223416
3.2,0.25,3.96,0.548247,0.164568,0.138446,0.223416
3.2,0.25,3.97,0.549894,0.164777,0.138512,0.223416
3.2,0.25,3.98,0.551542,0.164896,0.138578,0.223416
3.2,0.25,3.99,0.553192,0.165015,0.138645,0.223416
3.2,0.25,4,0.554843,0.165284,0.138711,0.223416
