preset,mode,time_s,freq_hz,gain_db
factory_0,legacy,0.000000,20.000000,-6.734928
factory_0,legacy,0.067227,21.104536,-4.274783
factory_0,legacy,0.134454,22.270071,-3.867267
factory_0,legacy,0.201681,23.499975,-3.769021
factory_0,legacy,0.268908,24.797804,-3.300002
factory_0,legacy,0.336134,26.167307,-5.353409
factory_0,legacy,0.403361,27.612442,-5.680101
factory_0,legacy,0.470588,29.137390,-8.293921
factory_0,legacy,0.537815,30.746555,-8.730246
factory_0,legacy,0.605042,32.444588,-7.952085
factory_0,legacy,0.672269,34.236401,-7.884792
factory_0,legacy,0.739496,36.127167,-8.464228
factory_0,legacy,0.806723,38.122353,-9.031961
factory_0,legacy,0.873950,40.227730,-7.632546
factory_0,legacy,0.941177,42.449379,-4.382232
factory_0,legacy,1.008403,44.793720,-1.557323
factory_0,legacy,1.075630,47.267536,-0.897035
factory_0,legacy,1.142857,49.877968,-1.271986
factory_0,legacy,1.210084,52.632568,-2.114405
factory_0,legacy,1.277311,55.539299,-3.246601
factory_0,legacy,1.344538,58.606552,-3.920426
factory_0,legacy,1.411765,61.843204,-4.570173
factory_0,legacy,1.478992,65.258606,-4.506359
factory_0,legacy,1.546218,68.862625,-3.907126
factory_0,legacy,1.613445,72.665695,-2.503153
factory_0,legacy,1.680672,76.678787,-1.515861
factory_0,legacy,1.747899,80.913506,-0.989675
factory_0,legacy,1.815126,85.382095,-1.322254
factory_0,legacy,1.882353,90.097488,-2.277144
factory_0,legacy,1.949580,95.073273,-2.756597
factory_0,legacy,2.016807,100.323875,-2.363730
factory_0,legacy,2.084034,105.864441,-1.454825
factory_0,legacy,2.151261,111.710999,-1.027722
factory_0,legacy,2.218488,117.880432,-1.364910
factory_0,legacy,2.285714,124.390594,-3.703748
factory_0,legacy,2.352941,131.260284,-7.680082
factory_0,legacy,2.420168,138.509369,-11.694530
factory_0,legacy,2.487395,146.158783,-11.847352
factory_0,legacy,2.554622,154.230667,-9.661435
factory_0,legacy,2.621849,162.748337,-8.112868
factory_0,legacy,2.689076,171.736420,-7.314753
factory_0,legacy,2.756303,181.220856,-7.681017
factory_0,legacy,2.823529,191.229095,-9.244828
factory_0,legacy,2.890756,201.790070,-11.577333
factory_0,legacy,2.957983,212.934280,-11.223166
factory_0,legacy,3.025210,224.693970,-6.927860
factory_0,legacy,3.092437,237.103104,-3.312394
factory_0,legacy,3.159664,250.197540,-1.733610
factory_0,legacy,3.226891,264.015137,-1.361443
factory_0,legacy,3.294118,278.595856,-1.576739
factory_0,legacy,3.361345,293.981812,-2.431422
factory_0,legacy,3.428571,310.217468,-5.011694
factory_0,legacy,3.495798,327.349792,-9.673701
factory_0,legacy,3.563025,345.428284,-10.852293
factory_0,legacy,3.630252,364.505157,-6.742301
factory_0,legacy,3.697479,384.635620,-3.810004
factory_0,legacy,3.764706,405.877808,-2.217371
factory_0,legacy,3.831933,428.293121,-1.448207
factory_0,legacy,3.899160,451.946381,-1.095794
factory_0,legacy,3.966387,476.905945,-0.931352
factory_0,legacy,4.033614,503.244019,-1.022589
factory_0,legacy,4.100841,531.036560,-1.372379
factory_0,legacy,4.168067,560.364014,-2.271795
factory_0,legacy,4.235294,591.311096,-4.225596
factory_0,legacy,4.302521,623.967346,-7.592537
factory_0,legacy,4.369748,658.427063,-10.688532
factory_0,legacy,4.436975,694.789795,-10.195539
factory_0,legacy,4.504202,733.160889,-9.251985
factory_0,legacy,4.571429,773.651001,-9.690976
factory_0,legacy,4.638656,816.377197,-10.602625
factory_0,legacy,4.705883,861.463074,-9.618372
factory_0,legacy,4.773109,909.038940,-5.801864
factory_0,legacy,4.840336,959.242249,-2.495365
factory_0,legacy,4.907563,1012.218079,-0.975964
factory_0,legacy,4.974790,1068.119629,-0.534300
factory_0,legacy,5.042017,1127.108398,-0.486944
factory_0,legacy,5.109244,1189.355103,-0.485345
factory_0,legacy,5.176471,1255.039307,-0.496043
factory_0,legacy,5.243698,1324.351074,-0.519452
factory_0,legacy,5.310925,1397.490845,-0.550695
factory_0,legacy,5.378151,1474.669678,-0.568860
factory_0,legacy,5.445378,1556.110962,-0.582608
factory_0,legacy,5.512605,1642.050049,-0.653982
factory_0,legacy,5.579832,1732.735107,-1.043903
factory_0,legacy,5.647059,1828.428467,-2.223475
factory_0,legacy,5.714286,1929.406738,-3.942201
factory_0,legacy,5.781513,2035.961670,-4.873176
factory_0,legacy,5.848740,2148.401367,-4.383327
factory_0,legacy,5.915967,2267.050537,-3.136701
factory_0,legacy,5.983193,2392.252441,-1.696307
factory_0,legacy,6.050420,2524.368896,-0.958975
factory_0,legacy,6.117647,2663.781738,-1.011562
factory_0,legacy,6.184874,2810.893799,-1.343637
factory_0,legacy,6.252101,2966.130371,-1.662174
factory_0,legacy,6.319328,3129.940430,-1.923736
factory_0,legacy,6.386555,3302.796875,-2.145647
factory_0,legacy,6.453782,3485.199951,-2.347977
factory_0,legacy,6.521008,3677.676025,-2.542583
factory_0,legacy,6.588235,3880.782471,-2.726127
factory_0,legacy,6.655462,4095.105469,-2.883176
factory_0,legacy,6.722689,4321.265137,-2.988327
factory_0,legacy,6.789916,4559.914551,-3.005956
factory_0,legacy,6.857143,4811.744141,-2.866548
factory_0,legacy,6.924370,5077.481445,-2.573169
factory_0,legacy,6.991597,5357.894531,-2.303846
factory_0,legacy,7.058824,5653.793457,-2.268409
factory_0,legacy,7.126050,5966.034668,-2.492035
factory_0,legacy,7.193277,6295.519531,-2.909828
factory_0,legacy,7.260504,6643.200684,-3.502520
factory_0,legacy,7.327731,7010.083008,-4.071702
factory_0,legacy,7.394958,7397.227539,-4.458174
factory_0,legacy,7.462185,7805.752441,-4.672253
factory_0,legacy,7.529412,8236.839844,-4.778174
factory_0,legacy,7.596639,8691.733398,-4.825024
factory_0,legacy,7.663866,9171.750000,-4.836886
factory_0,legacy,7.731092,9678.276367,-4.823221
factory_0,legacy,7.798319,10212.776367,-4.793708
factory_0,legacy,7.865546,10776.795898,-4.747929
factory_0,legacy,7.932773,11371.962891,-4.693565
factory_0,legacy,8.000000,12000.000000,-4.644478
factory_0,reference,0.000000,20.000000,-6.734633
factory_0,reference,0.067227,21.104536,-4.306918
factory_0,reference,0.134454,22.270071,-4.197054
factory_0,reference,0.201681,23.499975,-4.386594
factory_0,reference,0.268908,24.797804,-4.093109
factory_0,reference,0.336134,26.167307,-6.132222
factory_0,reference,0.403361,27.612442,-6.628993
factory_0,reference,0.470588,29.137390,-8.419875
factory_0,reference,0.537815,30.746555,-8.285794
factory_0,reference,0.605042,32.444588,-7.810793
factory_0,reference,0.672269,34.236401,-7.993876
factory_0,reference,0.739496,36.127167,-8.717329
factory_0,reference,0.806723,38.122353,-8.454619
factory_0,reference,0.873950,40.227730,-5.542467
factory_0,reference,0.941177,42.449379,-3.372795
factory_0,reference,1.008403,44.793720,-1.450750
factory_0,reference,1.075630,47.267536,-1.105298
factory_0,reference,1.142857,49.877968,-1.514371
factory_0,reference,1.210084,52.632568,-2.342820
factory_0,reference,1.277311,55.539299,-3.333969
factory_0,reference,1.344538,58.606552,-3.830132
factory_0,reference,1.411765,61.843204,-4.124740
factory_0,reference,1.478992,65.258606,-3.743960
factory_0,reference,1.546218,68.862625,-3.049088
factory_0,reference,1.613445,72.665695,-2.091602
factory_0,reference,1.680672,76.678787,-1.667839
factory_0,reference,1.747899,80.913506,-1.450554
factory_0,reference,1.815126,85.382095,-1.861668
factory_0,reference,1.882353,90.097488,-2.530708
factory_0,reference,1.949580,95.073273,-2.585050
factory_0,reference,2.016807,100.323875,-1.994972
factory_0,reference,2.084034,105.864441,-1.402200
factory_0,reference,2.151261,111.710999,-1.427886
factory_0,reference,2.218488,117.880432,-2.288390
factory_0,reference,2.285714,124.390594,-5.097830
factory_0,reference,2.352941,131.260284,-9.263073
factory_0,reference,2.420168,138.509369,-12.223014
factory_0,reference,2.487395,146.158783,-11.129098
factory_0,reference,2.554622,154.230667,-9.318074
factory_0,reference,2.621849,162.748337,-8.340936
factory_0,reference,2.689076,171.736420,-8.174781
factory_0,reference,2.756303,181.220856,-9.133898
factory_0,reference,2.823529,191.229095,-10.892367
factory_0,reference,2.890756,201.790070,-10.743551
factory_0,reference,2.957983,212.934280,-7.410556
factory_0,reference,3.025210,224.693970,-4.371926
factory_0,reference,3.092437,237.103104,-2.351357
factory_0,reference,3.159664,250.197540,-1.484924
factory_0,reference,3.226891,264.015137,-1.485229
factory_0,reference,3.294118,278.595856,-2.154806
factory_0,reference,3.361345,293.981812,-3.715072
factory_0,reference,3.428571,310.217468,-7.135262
factory_0,reference,3.495798,327.349792,-10.856420
factory_0,reference,3.563025,345.428284,-8.280695
factory_0,reference,3.630252,364.505157,-4.951537
factory_0,reference,3.697479,384.635620,-2.972144
factory_0,reference,3.764706,405.877808,-1.872047
factory_0,reference,3.831933,428.293121,-1.336823
factory_0,reference,3.899160,451.946381,-1.141885
factory_0,reference,3.966387,476.905945,-1.157325
factory_0,reference,4.033614,503.244019,-1.521592
factory_0,reference,4.100841,531.036560,-2.302084
factory_0,reference,4.168067,560.364014,-3.828475
factory_0,reference,4.235294,591.311096,-6.538932
factory_0,reference,4.302521,623.967346,-9.731905
factory_0,reference,4.369748,658.427063,-10.392677
factory_0,reference,4.436975,694.789795,-9.507147
factory_0,reference,4.504202,733.160889,-9.495305
factory_0,reference,4.571429,773.651001,-10.300237
factory_0,reference,4.638656,816.377197,-9.798985
factory_0,reference,4.705883,861.463074,-6.592667
factory_0,reference,4.773109,909.038940,-3.500650
factory_0,reference,4.840336,959.242249,-1.577118
factory_0,reference,4.907563,1012.218079,-0.718161
factory_0,reference,4.974790,1068.119629,-0.528179
factory_0,reference,5.042017,1127.108398,-0.485725
factory_0,reference,5.109244,1189.355103,-0.484120
factory_0,reference,5.176471,1255.039307,-0.500760
factory_0,reference,5.243698,1324.351074,-0.531556
factory_0,reference,5.310925,1397.490845,-0.570348
factory_0,reference,5.378151,1474.669678,-0.627703
factory_0,reference,5.445378,1556.110962,-0.846815
factory_0,reference,5.512605,1642.050049,-1.308705
factory_0,reference,5.579832,1732.735107,-2.143221
factory_0,reference,5.647059,1828.428467,-3.594207
factory_0,reference,5.714286,1929.406738,-4.779624
factory_0,reference,5.781513,2035.961670,-4.637951
factory_0,reference,5.848740,2148.401367,-3.462532
factory_0,reference,5.915967,2267.050537,-2.212554
factory_0,reference,5.983193,2392.252441,-1.320156
factory_0,reference,6.050420,2524.368896,-1.001281
factory_0,reference,6.117647,2663.781738,-1.176889
factory_0,reference,6.184874,2810.893799,-1.474557
factory_0,reference,6.252101,2966.130371,-1.737091
factory_0,reference,6.319328,3129.940430,-1.960653
factory_0,reference,6.386555,3302.796875,-2.160788
factory_0,reference,6.453782,3485.199951,-2.347326
factory_0,reference,6.521008,3677.676025,-2.522025
factory_0,reference,6.588235,3880.782471,-2.671518
factory_0,reference,6.655462,4095.105469,-2.766181
factory_0,reference,6.722689,4321.265137,-2.762091
factory_0,reference,6.789916,4559.914551,-2.644797
factory_0,reference,6.857143,4811.744141,-2.440828
factory_0,reference,6.924370,5077.481445,-2.222974
factory_0,reference,6.991597,5357.894531,-2.133649
factory_0,reference,7.058824,5653.793457,-2.297554
factory_0,reference,7.126050,5966.034668,-2.679673
factory_0,reference,7.193277,6295.519531,-3.216020
factory_0,reference,7.260504,6643.200684,-3.803755
factory_0,reference,7.327731,7010.083008,-4.272222
factory_0,reference,7.394958,7397.227539,-4.561550
factory_0,reference,7.462185,7805.752441,-4.720546
factory_0,reference,7.529412,8236.839844,-4.800319
factory_0,reference,7.596639,8691.733398,-4.835005
factory_0,reference,7.663866,9171.750000,-4.840667
factory_0,reference,7.731092,9678.276367,-4.822645
factory_0,reference,7.798319,10212.776367,-4.789389
factory_0,reference,7.865546,10776.795898,-4.740424
factory_0,reference,7.932773,11371.962891,-4.682884
factory_0,reference,8.000000,12000.000000,-4.630407
factory_1,legacy,0.000000,20.000000,-6.979589
factory_1,legacy,0.067227,21.104536,-4.581021
factory_1,legacy,0.134454,22.270071,-4.170362
factory_1,legacy,0.201681,23.499975,-3.700528
factory_1,legacy,0.268908,24.797804,-3.243953
factory_1,legacy,0.336134,26.167307,-6.549162
factory_1,legacy,0.403361,27.612442,-7.947529
factory_1,legacy,0.470588,29.137390,-9.632563
factory_1,legacy,0.537815,30.746555,-8.153584
factory_1,legacy,0.605042,32.444588,-7.792589
factory_1,legacy,0.672269,34.236401,-8.496736
factory_1,legacy,0.739496,36.127167,-9.942986
factory_1,legacy,0.806723,38.122353,-8.256607
factory_1,legacy,0.873950,40.227730,-2.702228
factory_1,legacy,0.941177,42.449379,-1.368726
factory_1,legacy,1.008403,44.793720,-1.061280
factory_1,legacy,1.075630,47.267536,-2.083002
factory_1,legacy,1.142857,49.877968,-2.575256
factory_1,legacy,1.210084,52.632568,-3.356181
factory_1,legacy,1.277311,55.539299,-3.991073
factory_1,legacy,1.344538,58.606552,-3.991971
factory_1,legacy,1.411765,61.843204,-3.130023
factory_1,legacy,1.478992,65.258606,-1.743591
factory_1,legacy,1.546218,68.862625,-0.990491
factory_1,legacy,1.613445,72.665695,-1.738917
factory_1,legacy,1.680672,76.678787,-3.576809
factory_1,legacy,1.747899,80.913506,-4.168348
factory_1,legacy,1.815126,85.382095,-3.182749
factory_1,legacy,1.882353,90.097488,-1.610618
factory_1,legacy,1.949580,95.073273,-1.086797
factory_1,legacy,2.016807,100.323875,-2.370139
factory_1,legacy,2.084034,105.864441,-6.103558
factory_1,legacy,2.151261,111.710999,-11.061934
factory_1,legacy,2.218488,117.880432,-14.544010
factory_1,legacy,2.285714,124.390594,-13.499203
factory_1,legacy,2.352941,131.260284,-11.573863
factory_1,legacy,2.420168,138.509369,-10.879999
factory_1,legacy,2.487395,146.158783,-11.514193
factory_1,legacy,2.554622,154.230667,-13.902540
factory_1,legacy,2.621849,162.748337,-11.706224
factory_1,legacy,2.689076,171.736420,-6.080828
factory_1,legacy,2.756303,181.220856,-2.108625
factory_1,legacy,2.823529,191.229095,-1.042171
factory_1,legacy,2.890756,201.790070,-1.037993
factory_1,legacy,2.957983,212.934280,-1.168728
factory_1,legacy,3.025210,224.693970,-2.445149
factory_1,legacy,3.092437,237.103104,-6.979787
factory_1,legacy,3.159664,250.197540,-13.178766
factory_1,legacy,3.226891,264.015137,-9.781042
factory_1,legacy,3.294118,278.595856,-5.548268
factory_1,legacy,3.361345,293.981812,-3.306106
factory_1,legacy,3.428571,310.217468,-2.295530
factory_1,legacy,3.495798,327.349792,-1.820853
factory_1,legacy,3.563025,345.428284,-1.726394
factory_1,legacy,3.630252,364.505157,-2.155973
factory_1,legacy,3.697479,384.635620,-3.596770
factory_1,legacy,3.764706,405.877808,-6.675119
factory_1,legacy,3.831933,428.293121,-11.290001
factory_1,legacy,3.899160,451.946381,-11.140037
factory_1,legacy,3.966387,476.905945,-7.746873
factory_1,legacy,4.033614,503.244019,-7.368760
factory_1,legacy,4.100841,531.036560,-9.134141
factory_1,legacy,4.168067,560.364014,-11.800260
factory_1,legacy,4.235294,591.311096,-9.558643
factory_1,legacy,4.302521,623.967346,-4.776129
factory_1,legacy,4.369748,658.427063,-1.782921
factory_1,legacy,4.436975,694.789795,-0.696378
factory_1,legacy,4.504202,733.160889,-0.424505
factory_1,legacy,4.571429,773.651001,-0.380157
factory_1,legacy,4.638656,816.377197,-0.383021
factory_1,legacy,4.705883,861.463074,-0.400725
factory_1,legacy,4.773109,909.038940,-0.446393
factory_1,legacy,4.840336,959.242249,-0.593780
factory_1,legacy,4.907563,1012.218079,-1.213240
factory_1,legacy,4.974790,1068.119629,-3.493742
factory_1,legacy,5.042017,1127.108398,-7.186251
factory_1,legacy,5.109244,1189.355103,-9.229567
factory_1,legacy,5.176471,1255.039307,-9.229225
factory_1,legacy,5.243698,1324.351074,-8.012724
factory_1,legacy,5.310925,1397.490845,-5.125157
factory_1,legacy,5.378151,1474.669678,-2.008684
factory_1,legacy,5.445378,1556.110962,-0.914340
factory_1,legacy,5.512605,1642.050049,-0.901883
factory_1,legacy,5.579832,1732.735107,-1.091493
factory_1,legacy,5.647059,1828.428467,-1.261984
factory_1,legacy,5.714286,1929.406738,-1.397970
factory_1,legacy,5.781513,2035.961670,-1.513782
factory_1,legacy,5.848740,2148.401367,-1.610272
factory_1,legacy,5.915967,2267.050537,-1.675273
factory_1,legacy,5.983193,2392.252441,-1.646313
factory_1,legacy,6.050420,2524.368896,-1.475295
factory_1,legacy,6.117647,2663.781738,-1.271130
factory_1,legacy,6.184874,2810.893799,-1.554259
factory_1,legacy,6.252101,2966.130371,-2.205559
factory_1,legacy,6.319328,3129.940430,-2.141281
factory_1,legacy,6.386555,3302.796875,-1.689399
factory_1,legacy,6.453782,3485.199951,-1.558123
factory_1,legacy,6.521008,3677.676025,-2.145360
factory_1,legacy,6.588235,3880.782471,-2.919090
factory_1,legacy,6.655462,4095.105469,-3.448528
factory_1,legacy,6.722689,4321.265137,-3.782246
factory_1,legacy,6.789916,4559.914551,-4.028553
factory_1,legacy,6.857143,4811.744141,-4.228441
factory_1,legacy,6.924370,5077.481445,-4.408129
factory_1,legacy,6.991597,5357.894531,-4.563408
factory_1,legacy,7.058824,5653.793457,-4.686085
factory_1,legacy,7.126050,5966.034668,-4.744052
factory_1,legacy,7.193277,6295.519531,-4.706186
factory_1,legacy,7.260504,6643.200684,-4.511351
factory_1,legacy,7.327731,7010.083008,-4.193200
factory_1,legacy,7.394958,7397.227539,-4.017821
factory_1,legacy,7.462185,7805.752441,-4.166437
factory_1,legacy,7.529412,8236.839844,-4.461821
factory_1,legacy,7.596639,8691.733398,-4.776461
factory_1,legacy,7.663866,9171.750000,-4.977122
factory_1,legacy,7.731092,9678.276367,-5.054252
factory_1,legacy,7.798319,10212.776367,-5.063180
factory_1,legacy,7.865546,10776.795898,-5.036839
factory_1,legacy,7.932773,11371.962891,-4.994842
factory_1,legacy,8.000000,12000.000000,-4.953980
factory_1,reference,0.000000,20.000000,-6.979381
factory_1,reference,0.067227,21.104536,-4.614196
factory_1,reference,0.134454,22.270071,-4.311296
factory_1,reference,0.201681,23.499975,-4.344434
factory_1,reference,0.268908,24.797804,-4.258607
factory_1,reference,0.336134,26.167307,-7.446076
factory_1,reference,0.403361,27.612442,-8.571939
factory_1,reference,0.470588,29.137390,-8.893215
factory_1,reference,0.537815,30.746555,-7.894566
factory_1,reference,0.605042,32.444588,-7.920498
factory_1,reference,0.672269,34.236401,-8.879358
factory_1,reference,0.739496,36.127167,-9.447097
factory_1,reference,0.806723,38.122353,-6.054320
factory_1,reference,0.873950,40.227730,-2.133369
factory_1,reference,0.941177,42.449379,-1.353053
factory_1,reference,1.008403,44.793720,-1.272146
factory_1,reference,1.075630,47.267536,-2.234810
factory_1,reference,1.142857,49.877968,-2.625987
factory_1,reference,1.210084,52.632568,-3.318920
factory_1,reference,1.277311,55.539299,-3.726591
factory_1,reference,1.344538,58.606552,-3.308296
factory_1,reference,1.411765,61.843204,-2.428608
factory_1,reference,1.478992,65.258606,-1.723116
factory_1,reference,1.546218,68.862625,-1.508549
factory_1,reference,1.613445,72.665695,-2.581811
factory_1,reference,1.680672,76.678787,-3.980514
factory_1,reference,1.747899,80.913506,-3.800583
factory_1,reference,1.815126,85.382095,-2.514252
factory_1,reference,1.882353,90.097488,-1.552467
factory_1,reference,1.949580,95.073273,-1.473419
factory_1,reference,2.016807,100.323875,-3.516391
factory_1,reference,2.084034,105.864441,-7.620871
factory_1,reference,2.151261,111.710999,-12.472749
factory_1,reference,2.218488,117.880432,-14.568068
factory_1,reference,2.285714,124.390594,-13.242826
factory_1,reference,2.352941,131.260284,-11.895123
factory_1,reference,2.420168,138.509369,-12.010118
factory_1,reference,2.487395,146.158783,-13.266114
factory_1,reference,2.554622,154.230667,-12.305354
factory_1,reference,2.621849,162.748337,-7.286754
factory_1,reference,2.689076,171.736420,-3.733142
factory_1,reference,2.756303,181.220856,-1.560454
factory_1,reference,2.823529,191.229095,-1.061681
factory_1,reference,2.890756,201.790070,-1.075497
factory_1,reference,2.957983,212.934280,-1.842421
factory_1,reference,3.025210,224.693970,-4.128593
factory_1,reference,3.092437,237.103104,-9.822489
factory_1,reference,3.159664,250.197540,-12.072832
factory_1,reference,3.226891,264.015137,-7.427291
factory_1,reference,3.294118,278.595856,-4.443633
factory_1,reference,3.361345,293.981812,-2.888247
factory_1,reference,3.428571,310.217468,-2.186824
factory_1,reference,3.495798,327.349792,-1.970258
factory_1,reference,3.563025,345.428284,-2.255075
factory_1,reference,3.630252,364.505157,-3.293618
factory_1,reference,3.697479,384.635620,-5.644799
factory_1,reference,3.764706,405.877808,-9.732147
factory_1,reference,3.831933,428.293121,-11.423038
factory_1,reference,3.899160,451.946381,-8.646839
factory_1,reference,3.966387,476.905945,-7.212560
factory_1,reference,4.033614,503.244019,-8.267390
factory_1,reference,4.100841,531.036560,-10.834967
factory_1,reference,4.168067,560.364014,-10.657235
factory_1,reference,4.235294,591.311096,-6.123269
factory_1,reference,4.302521,623.967346,-2.825825
factory_1,reference,4.369748,658.427063,-1.137689
factory_1,reference,4.436975,694.789795,-0.533900
factory_1,reference,4.504202,733.160889,-0.396292
factory_1,reference,4.571429,773.651001,-0.378044
factory_1,reference,4.638656,816.377197,-0.392990
factory_1,reference,4.705883,861.463074,-0.463888
factory_1,reference,4.773109,909.038940,-0.704212
factory_1,reference,4.840336,959.242249,-1.396209
factory_1,reference,4.907563,1012.218079,-2.904363
factory_1,reference,4.974790,1068.119629,-6.182817
factory_1,reference,5.042017,1127.108398,-8.907500
factory_1,reference,5.109244,1189.355103,-9.420962
factory_1,reference,5.176471,1255.039307,-8.323049
factory_1,reference,5.243698,1324.351074,-5.618160
factory_1,reference,5.310925,1397.490845,-2.921281
factory_1,reference,5.378151,1474.669678,-1.278794
factory_1,reference,5.445378,1556.110962,-0.880986
factory_1,reference,5.512605,1642.050049,-0.982237
factory_1,reference,5.579832,1732.735107,-1.147937
factory_1,reference,5.647059,1828.428467,-1.287011
factory_1,reference,5.714286,1929.406738,-1.403684
factory_1,reference,5.781513,2035.961670,-1.496098
factory_1,reference,5.848740,2148.401367,-1.548236
factory_1,reference,5.915967,2267.050537,-1.534475
factory_1,reference,5.983193,2392.252441,-1.461649
factory_1,reference,6.050420,2524.368896,-1.502990
factory_1,reference,6.117647,2663.781738,-1.706578
factory_1,reference,6.184874,2810.893799,-2.160342
factory_1,reference,6.252101,2966.130371,-2.267020
factory_1,reference,6.319328,3129.940430,-1.880082
factory_1,reference,6.386555,3302.796875,-1.662487
factory_1,reference,6.453782,3485.199951,-1.929404
factory_1,reference,6.521008,3677.676025,-2.591181
factory_1,reference,6.588235,3880.782471,-3.169699
factory_1,reference,6.655462,4095.105469,-3.550897
factory_1,reference,6.722689,4321.265137,-3.816823
factory_1,reference,6.789916,4559.914551,-4.037853
factory_1,reference,6.857143,4811.744141,-4.232733
factory_1,reference,6.924370,5077.481445,-4.405689
factory_1,reference,6.991597,5357.894531,-4.536543
factory_1,reference,7.058824,5653.793457,-4.598590
factory_1,reference,7.126050,5966.034668,-4.536529
factory_1,reference,7.193277,6295.519531,-4.328224
factory_1,reference,7.260504,6643.200684,-4.052545
factory_1,reference,7.327731,7010.083008,-3.899949
factory_1,reference,7.394958,7397.227539,-4.026118
factory_1,reference,7.462185,7805.752441,-4.342409
factory_1,reference,7.529412,8236.839844,-4.687259
factory_1,reference,7.596639,8691.733398,-4.938123
factory_1,reference,7.663866,9171.750000,-5.058036
factory_1,reference,7.731092,9678.276367,-5.089015
factory_1,reference,7.798319,10212.776367,-5.077946
factory_1,reference,7.865546,10776.795898,-5.042999
factory_1,reference,7.932773,11371.962891,-4.996912
factory_1,reference,8.000000,12000.000000,-4.954068
factory_10,legacy,0.000000,20.000000,-7.337646
factory_10,legacy,0.067227,21.104536,-4.612803
factory_10,legacy,0.134454,22.270071,-4.219402
factory_10,legacy,0.201681,23.499975,-3.822412
factory_10,legacy,0.268908,24.797804,-2.794796
factory_10,legacy,0.336134,26.167307,-3.534525
factory_10,legacy,0.403361,27.612442,-2.756644
factory_10,legacy,0.470588,29.137390,-3.753133
factory_10,legacy,0.537815,30.746555,-4.270792
factory_10,legacy,0.605042,32.444588,-4.938626
factory_10,legacy,0.672269,34.236401,-5.559112
factory_10,legacy,0.739496,36.127167,-7.099981
factory_10,legacy,0.806723,38.122353,-7.987747
factory_10,legacy,0.873950,40.227730,-7.758129
factory_10,legacy,0.941177,42.449379,-7.560070
factory_10,legacy,1.008403,44.793720,-6.437907
factory_10,legacy,1.075630,47.267536,-4.974297
factory_10,legacy,1.142857,49.877968,-3.879985
factory_10,legacy,1.210084,52.632568,-2.287405
factory_10,legacy,1.277311,55.539299,-1.527654
factory_10,legacy,1.344538,58.606552,-1.345731
factory_10,legacy,1.411765,61.843204,-1.893619
factory_10,legacy,1.478992,65.258606,-2.795264
factory_10,legacy,1.546218,68.862625,-4.234300
factory_10,legacy,1.613445,72.665695,-5.325441
factory_10,legacy,1.680672,76.678787,-6.955570
factory_10,legacy,1.747899,80.913506,-8.112366
factory_10,legacy,1.815126,85.382095,-9.250335
factory_10,legacy,1.882353,90.097488,-10.215651
factory_10,legacy,1.949580,95.073273,-10.460634
factory_10,legacy,2.016807,100.323875,-10.258651
factory_10,legacy,2.084034,105.864441,-9.611820
factory_10,legacy,2.151261,111.710999,-8.548140
factory_10,legacy,2.218488,117.880432,-7.064267
factory_10,legacy,2.285714,124.390594,-5.445706
factory_10,legacy,2.352941,131.260284,-4.125136
factory_10,legacy,2.420168,138.509369,-2.783227
factory_10,legacy,2.487395,146.158783,-2.032959
factory_10,legacy,2.554622,154.230667,-1.669651
factory_10,legacy,2.621849,162.748337,-1.657434
factory_10,legacy,2.689076,171.736420,-1.871278
factory_10,legacy,2.756303,181.220856,-2.364024
factory_10,legacy,2.823529,191.229095,-3.227457
factory_10,legacy,2.890756,201.790070,-5.056763
factory_10,legacy,2.957983,212.934280,-7.951355
factory_10,legacy,3.025210,224.693970,-10.871701
factory_10,legacy,3.092437,237.103104,-11.479793
factory_10,legacy,3.159664,250.197540,-9.272397
factory_10,legacy,3.226891,264.015137,-6.911488
factory_10,legacy,3.294118,278.595856,-5.095993
factory_10,legacy,3.361345,293.981812,-3.878988
factory_10,legacy,3.428571,310.217468,-3.084611
factory_10,legacy,3.495798,327.349792,-2.607658
factory_10,legacy,3.563025,345.428284,-2.287669
factory_10,legacy,3.630252,364.505157,-2.155218
factory_10,legacy,3.697479,384.635620,-2.230147
factory_10,legacy,3.764706,405.877808,-2.425108
factory_10,legacy,3.831933,428.293121,-2.858208
factory_10,legacy,3.899160,451.946381,-3.621453
factory_10,legacy,3.966387,476.905945,-4.759137
factory_10,legacy,4.033614,503.244019,-6.389654
factory_10,legacy,4.100841,531.036560,-8.210787
factory_10,legacy,4.168067,560.364014,-9.777949
factory_10,legacy,4.235294,591.311096,-10.526342
factory_10,legacy,4.302521,623.967346,-10.644589
factory_10,legacy,4.369748,658.427063,-10.535772
factory_10,legacy,4.436975,694.789795,-10.218129
factory_10,legacy,4.504202,733.160889,-9.407913
factory_10,legacy,4.571429,773.651001,-7.871781
factory_10,legacy,4.638656,816.377197,-5.803640
factory_10,legacy,4.705883,861.463074,-3.754251
factory_10,legacy,4.773109,909.038940,-2.252723
factory_10,legacy,4.840336,959.242249,-1.423700
factory_10,legacy,4.907563,1012.218079,-1.058303
factory_10,legacy,4.974790,1068.119629,-0.937609
factory_10,legacy,5.042017,1127.108398,-0.916235
factory_10,legacy,5.109244,1189.355103,-0.947078
factory_10,legacy,5.176471,1255.039307,-0.993572
factory_10,legacy,5.243698,1324.351074,-1.047590
factory_10,legacy,5.310925,1397.490845,-1.103751
factory_10,legacy,5.378151,1474.669678,-1.154749
factory_10,legacy,5.445378,1556.110962,-1.193661
factory_10,legacy,5.512605,1642.050049,-1.223884
factory_10,legacy,5.579832,1732.735107,-1.245754
factory_10,legacy,5.647059,1828.428467,-1.250962
factory_10,legacy,5.714286,1929.406738,-1.251760
factory_10,legacy,5.781513,2035.961670,-1.278333
factory_10,legacy,5.848740,2148.401367,-1.372916
factory_10,legacy,5.915967,2267.050537,-1.552941
factory_10,legacy,5.983193,2392.252441,-1.744625
factory_10,legacy,6.050420,2524.368896,-1.810199
factory_10,legacy,6.117647,2663.781738,-1.733260
factory_10,legacy,6.184874,2810.893799,-1.628882
factory_10,legacy,6.252101,2966.130371,-1.579496
factory_10,legacy,6.319328,3129.940430,-1.675094
factory_10,legacy,6.386555,3302.796875,-1.943347
factory_10,legacy,6.453782,3485.199951,-2.314282
factory_10,legacy,6.521008,3677.676025,-2.697876
factory_10,legacy,6.588235,3880.782471,-3.049307
factory_10,legacy,6.655462,4095.105469,-3.350171
factory_10,legacy,6.722689,4321.265137,-3.606160
factory_10,legacy,6.789916,4559.914551,-3.837918
factory_10,legacy,6.857143,4811.744141,-4.045562
factory_10,legacy,6.924370,5077.481445,-4.235804
factory_10,legacy,6.991597,5357.894531,-4.406694
factory_10,legacy,7.058824,5653.793457,-4.562101
factory_10,legacy,7.126050,5966.034668,-4.691692
factory_10,legacy,7.193277,6295.519531,-4.801715
factory_10,legacy,7.260504,6643.200684,-4.886143
factory_10,legacy,7.327731,7010.083008,-4.942188
factory_10,legacy,7.394958,7397.227539,-4.969342
factory_10,legacy,7.462185,7805.752441,-4.972031
factory_10,legacy,7.529412,8236.839844,-4.949263
factory_10,legacy,7.596639,8691.733398,-4.911714
factory_10,legacy,7.663866,9171.750000,-4.875840
factory_10,legacy,7.731092,9678.276367,-4.854345
factory_10,legacy,7.798319,10212.776367,-4.857406
factory_10,legacy,7.865546,10776.795898,-4.866930
factory_10,legacy,7.932773,11371.962891,-4.872042
factory_10,legacy,8.000000,12000.000000,-4.869593
factory_10,reference,0.000000,20.000000,-7.337517
factory_10,reference,0.067227,21.104536,-4.632510
factory_10,reference,0.134454,22.270071,-4.337487
factory_10,reference,0.201681,23.499975,-4.153366
factory_10,reference,0.268908,24.797804,-3.236348
factory_10,reference,0.336134,26.167307,-4.127681
factory_10,reference,0.403361,27.612442,-3.405939
factory_10,reference,0.470588,29.137390,-4.451492
factory_10,reference,0.537815,30.746555,-5.117504
factory_10,reference,0.605042,32.444588,-5.817234
factory_10,reference,0.672269,34.236401,-6.356866
factory_10,reference,0.739496,36.127167,-7.621605
factory_10,reference,0.806723,38.122353,-8.166996
factory_10,reference,0.873950,40.227730,-7.639814
factory_10,reference,0.941177,42.449379,-7.111389
factory_10,reference,1.008403,44.793720,-5.602303
factory_10,reference,1.075630,47.267536,-4.018999
factory_10,reference,1.142857,49.877968,-3.266332
factory_10,reference,1.210084,52.632568,-2.096975
factory_10,reference,1.277311,55.539299,-1.651792
factory_10,reference,1.344538,58.606552,-1.679465
factory_10,reference,1.411765,61.843204,-2.327260
factory_10,reference,1.478992,65.258606,-3.263556
factory_10,reference,1.546218,68.862625,-4.683707
factory_10,reference,1.613445,72.665695,-5.675066
factory_10,reference,1.680672,76.678787,-7.167658
factory_10,reference,1.747899,80.913506,-8.137715
factory_10,reference,1.815126,85.382095,-9.010921
factory_10,reference,1.882353,90.097488,-9.602429
factory_10,reference,1.949580,95.073273,-9.409624
factory_10,reference,2.016807,100.323875,-8.892124
factory_10,reference,2.084034,105.864441,-7.905422
factory_10,reference,2.151261,111.710999,-6.710709
factory_10,reference,2.218488,117.880432,-5.333433
factory_10,reference,2.285714,124.390594,-4.092980
factory_10,reference,2.352941,131.260284,-3.202584
factory_10,reference,2.420168,138.509369,-2.310996
factory_10,reference,2.487395,146.158783,-1.815355
factory_10,reference,2.554622,154.230667,-1.624439
factory_10,reference,2.621849,162.748337,-1.770877
factory_10,reference,2.689076,171.736420,-2.212522
factory_10,reference,2.756303,181.220856,-3.047786
factory_10,reference,2.823529,191.229095,-4.294314
factory_10,reference,2.890756,201.790070,-6.500039
factory_10,reference,2.957983,212.934280,-9.519800
factory_10,reference,3.025210,224.693970,-11.320744
factory_10,reference,3.092437,237.103104,-10.116985
factory_10,reference,3.159664,250.197540,-7.779082
factory_10,reference,3.226891,264.015137,-5.895084
factory_10,reference,3.294118,278.595856,-4.495451
factory_10,reference,3.361345,293.981812,-3.564715
factory_10,reference,3.428571,310.217468,-2.958765
factory_10,reference,3.495798,327.349792,-2.637279
factory_10,reference,3.563025,345.428284,-2.467338
factory_10,reference,3.630252,364.505157,-2.504950
factory_10,reference,3.697479,384.635620,-2.776742
factory_10,reference,3.764706,405.877808,-3.209970
factory_10,reference,3.831933,428.293121,-3.930670
factory_10,reference,3.899160,451.946381,-5.012207
factory_10,reference,3.966387,476.905945,-6.450457
factory_10,reference,4.033614,503.244019,-8.182370
factory_10,reference,4.100841,531.036560,-9.661757
factory_10,reference,4.168067,560.364014,-10.491942
factory_10,reference,4.235294,591.311096,-10.708674
factory_10,reference,4.302521,623.967346,-10.643429
factory_10,reference,4.369748,658.427063,-10.307680
factory_10,reference,4.436975,694.789795,-9.434584
factory_10,reference,4.504202,733.160889,-7.865515
factory_10,reference,4.571429,773.651001,-5.910829
factory_10,reference,4.638656,816.377197,-4.091646
factory_10,reference,4.705883,861.463074,-2.655960
factory_10,reference,4.773109,909.038940,-1.695609
factory_10,reference,4.840336,959.242249,-1.186318
factory_10,reference,4.907563,1012.218079,-0.973713
factory_10,reference,4.974790,1068.119629,-0.915884
factory_10,reference,5.042017,1127.108398,-0.916483
factory_10,reference,5.109244,1189.355103,-0.952734
factory_10,reference,5.176471,1255.039307,-0.995929
factory_10,reference,5.243698,1324.351074,-1.043447
factory_10,reference,5.310925,1397.490845,-1.090060
factory_10,reference,5.378151,1474.669678,-1.130904
factory_10,reference,5.445378,1556.110962,-1.163833
factory_10,reference,5.512605,1642.050049,-1.198291
factory_10,reference,5.579832,1732.735107,-1.248514
factory_10,reference,5.647059,1828.428467,-1.324264
factory_10,reference,5.714286,1929.406738,-1.427375
factory_10,reference,5.781513,2035.961670,-1.554976
factory_10,reference,5.848740,2148.401367,-1.693465
factory_10,reference,5.915967,2267.050537,-1.816094
factory_10,reference,5.983193,2392.252441,-1.864030
factory_10,reference,6.050420,2524.368896,-1.773084
factory_10,reference,6.117647,2663.781738,-1.663435
factory_10,reference,6.184874,2810.893799,-1.614187
factory_10,reference,6.252101,2966.130371,-1.671832
factory_10,reference,6.319328,3129.940430,-1.869863
factory_10,reference,6.386555,3302.796875,-2.181418
factory_10,reference,6.453782,3485.199951,-2.527864
factory_10,reference,6.521008,3677.676025,-2.858355
factory_10,reference,6.588235,3880.782471,-3.154892
factory_10,reference,6.655462,4095.105469,-3.414297
factory_10,reference,6.722689,4321.265137,-3.642746
factory_10,reference,6.789916,4559.914551,-3.857627
factory_10,reference,6.857143,4811.744141,-4.055060
factory_10,reference,6.924370,5077.481445,-4.237813
factory_10,reference,6.991597,5357.894531,-4.402096
factory_10,reference,7.058824,5653.793457,-4.547421
factory_10,reference,7.126050,5966.034668,-4.663965
factory_10,reference,7.193277,6295.519531,-4.757369
factory_10,reference,7.260504,6643.200684,-4.820244
factory_10,reference,7.327731,7010.083008,-4.851002
factory_10,reference,7.394958,7397.227539,-4.853814
factory_10,reference,7.462185,7805.752441,-4.841188
factory_10,reference,7.529412,8236.839844,-4.821976
factory_10,reference,7.596639,8691.733398,-4.812955
factory_10,reference,7.663866,9171.750000,-4.819963
factory_10,reference,7.731092,9678.276367,-4.843911
factory_10,reference,7.798319,10212.776367,-4.876839
factory_10,reference,7.865546,10776.795898,-4.897504
factory_10,reference,7.932773,11371.962891,-4.904112
factory_10,reference,8.000000,12000.000000,-4.896695
factory_11,legacy,0.000000,20.000000,-8.344587
factory_11,legacy,0.067227,21.104536,-5.132490
factory_11,legacy,0.134454,22.270071,-4.523098
factory_11,legacy,0.201681,23.499975,-3.797212
factory_11,legacy,0.268908,24.797804,-2.267412
factory_11,legacy,0.336134,26.167307,-2.504898
factory_11,legacy,0.403361,27.612442,-1.416553
factory_11,legacy,0.470588,29.137390,-1.780907
factory_11,legacy,0.537815,30.746555,-1.575937
factory_11,legacy,0.605042,32.444588,-1.516988
factory_11,legacy,0.672269,34.236401,-1.563055
factory_11,legacy,0.739496,36.127167,-1.687067
factory_11,legacy,0.806723,38.122353,-1.795856
factory_11,legacy,0.873950,40.227730,-2.263789
factory_11,legacy,0.941177,42.449379,-2.487309
factory_11,legacy,1.008403,44.793720,-2.844483
factory_11,legacy,1.075630,47.267536,-3.490101
factory_11,legacy,1.142857,49.877968,-3.475328
factory_11,legacy,1.210084,52.632568,-4.124577
factory_11,legacy,1.277311,55.539299,-4.661327
factory_11,legacy,1.344538,58.606552,-4.647687
factory_11,legacy,1.411765,61.843204,-4.929157
factory_11,legacy,1.478992,65.258606,-4.956569
factory_11,legacy,1.546218,68.862625,-5.121182
factory_11,legacy,1.613445,72.665695,-4.695269
factory_11,legacy,1.680672,76.678787,-4.790240
factory_11,legacy,1.747899,80.913506,-4.259600
factory_11,legacy,1.815126,85.382095,-4.163955
factory_11,legacy,1.882353,90.097488,-4.022686
factory_11,legacy,1.949580,95.073273,-3.342029
factory_11,legacy,2.016807,100.323875,-3.152263
factory_11,legacy,2.084034,105.864441,-2.565098
factory_11,legacy,2.151261,111.710999,-2.093360
factory_11,legacy,2.218488,117.880432,-1.636913
factory_11,legacy,2.285714,124.390594,-1.360217
factory_11,legacy,2.352941,131.260284,-1.226386
factory_11,legacy,2.420168,138.509369,-1.177545
factory_11,legacy,2.487395,146.158783,-1.131957
factory_11,legacy,2.554622,154.230667,-1.252223
factory_11,legacy,2.621849,162.748337,-1.360272
factory_11,legacy,2.689076,171.736420,-1.482860
factory_11,legacy,2.756303,181.220856,-1.631936
factory_11,legacy,2.823529,191.229095,-1.805095
factory_11,legacy,2.890756,201.790070,-1.941962
factory_11,legacy,2.957983,212.934280,-1.951483
factory_11,legacy,3.025210,224.693970,-1.991868
factory_11,legacy,3.092437,237.103104,-1.956402
factory_11,legacy,3.159664,250.197540,-1.842157
factory_11,legacy,3.226891,264.015137,-1.684163
factory_11,legacy,3.294118,278.595856,-1.501854
factory_11,legacy,3.361345,293.981812,-1.368775
factory_11,legacy,3.428571,310.217468,-1.252411
factory_11,legacy,3.495798,327.349792,-1.213987
factory_11,legacy,3.563025,345.428284,-1.264912
factory_11,legacy,3.630252,364.505157,-1.464961
factory_11,legacy,3.697479,384.635620,-1.828512
factory_11,legacy,3.764706,405.877808,-2.510939
factory_11,legacy,3.831933,428.293121,-3.681906
factory_11,legacy,3.899160,451.946381,-5.534064
factory_11,legacy,3.966387,476.905945,-7.915151
factory_11,legacy,4.033614,503.244019,-10.416537
factory_11,legacy,4.100841,531.036560,-12.616903
factory_11,legacy,4.168067,560.364014,-14.015766
factory_11,legacy,4.235294,591.311096,-14.239974
factory_11,legacy,4.302521,623.967346,-13.405561
factory_11,legacy,4.369748,658.427063,-11.938133
factory_11,legacy,4.436975,694.789795,-10.116621
factory_11,legacy,4.504202,733.160889,-8.204173
factory_11,legacy,4.571429,773.651001,-6.271916
factory_11,legacy,4.638656,816.377197,-4.428270
factory_11,legacy,4.705883,861.463074,-2.890183
factory_11,legacy,4.773109,909.038940,-1.882347
factory_11,legacy,4.840336,959.242249,-1.317777
factory_11,legacy,4.907563,1012.218079,-1.017420
factory_11,legacy,4.974790,1068.119629,-0.885049
factory_11,legacy,5.042017,1127.108398,-0.844731
factory_11,legacy,5.109244,1189.355103,-0.871894
factory_11,legacy,5.176471,1255.039307,-0.936700
factory_11,legacy,5.243698,1324.351074,-1.027251
factory_11,legacy,5.310925,1397.490845,-1.133163
factory_11,legacy,5.378151,1474.669678,-1.247971
factory_11,legacy,5.445378,1556.110962,-1.361989
factory_11,legacy,5.512605,1642.050049,-1.484688
factory_11,legacy,5.579832,1732.735107,-1.618521
factory_11,legacy,5.647059,1828.428467,-1.751969
factory_11,legacy,5.714286,1929.406738,-1.890376
factory_11,legacy,5.781513,2035.961670,-2.029722
factory_11,legacy,5.848740,2148.401367,-2.177452
factory_11,legacy,5.915967,2267.050537,-2.341532
factory_11,legacy,5.983193,2392.252441,-2.503902
factory_11,legacy,6.050420,2524.368896,-2.675944
factory_11,legacy,6.117647,2663.781738,-2.866660
factory_11,legacy,6.184874,2810.893799,-3.061415
factory_11,legacy,6.252101,2966.130371,-3.262768
factory_11,legacy,6.319328,3129.940430,-3.486474
factory_11,legacy,6.386555,3302.796875,-3.725459
factory_11,legacy,6.453782,3485.199951,-3.969562
factory_11,legacy,6.521008,3677.676025,-4.224604
factory_11,legacy,6.588235,3880.782471,-4.486058
factory_11,legacy,6.655462,4095.105469,-4.743731
factory_11,legacy,6.722689,4321.265137,-4.988194
factory_11,legacy,6.789916,4559.914551,-5.230494
factory_11,legacy,6.857143,4811.744141,-5.454782
factory_11,legacy,6.924370,5077.481445,-5.661548
factory_11,legacy,6.991597,5357.894531,-5.842750
factory_11,legacy,7.058824,5653.793457,-6.002461
factory_11,legacy,7.126050,5966.034668,-6.130908
factory_11,legacy,7.193277,6295.519531,-6.238580
factory_11,legacy,7.260504,6643.200684,-6.320307
factory_11,legacy,7.327731,7010.083008,-6.376252
factory_11,legacy,7.394958,7397.227539,-6.408505
factory_11,legacy,7.462185,7805.752441,-6.426651
factory_11,legacy,7.529412,8236.839844,-6.424736
factory_11,legacy,7.596639,8691.733398,-6.409109
factory_11,legacy,7.663866,9171.750000,-6.382344
factory_11,legacy,7.731092,9678.276367,-6.344321
factory_11,legacy,7.798319,10212.776367,-6.300063
factory_11,legacy,7.865546,10776.795898,-6.247654
factory_11,legacy,7.932773,11371.962891,-6.190930
factory_11,legacy,8.000000,12000.000000,-6.141538
factory_11,reference,0.000000,20.000000,-8.344656
factory_11,reference,0.067227,21.104536,-5.145869
factory_11,reference,0.134454,22.270071,-4.567103
factory_11,reference,0.201681,23.499975,-3.846829
factory_11,reference,0.268908,24.797804,-2.300572
factory_11,reference,0.336134,26.167307,-2.555208
factory_11,reference,0.403361,27.612442,-1.425169
factory_11,reference,0.470588,29.137390,-1.791573
factory_11,reference,0.537815,30.746555,-1.574863
factory_11,reference,0.605042,32.444588,-1.512141
factory_11,reference,0.672269,34.236401,-1.529300
factory_11,reference,0.739496,36.127167,-1.678811
factory_11,reference,0.806723,38.122353,-1.780801
factory_11,reference,0.873950,40.227730,-2.123433
factory_11,reference,0.941177,42.449379,-2.341758
factory_11,reference,1.008403,44.793720,-2.669947
factory_11,reference,1.075630,47.267536,-3.187311
factory_11,reference,1.142857,49.877968,-3.275405
factory_11,reference,1.210084,52.632568,-3.813680
factory_11,reference,1.277311,55.539299,-4.285380
factory_11,reference,1.344538,58.606552,-4.497798
factory_11,reference,1.411765,61.843204,-4.939537
factory_11,reference,1.478992,65.258606,-5.275690
factory_11,reference,1.546218,68.862625,-5.745338
factory_11,reference,1.613445,72.665695,-5.772690
factory_11,reference,1.680672,76.678787,-6.126488
factory_11,reference,1.747899,80.913506,-5.978320
factory_11,reference,1.815126,85.382095,-5.972617
factory_11,reference,1.882353,90.097488,-5.816764
factory_11,reference,1.949580,95.073273,-5.166957
factory_11,reference,2.016807,100.323875,-4.823396
factory_11,reference,2.084034,105.864441,-4.108002
factory_11,reference,2.151261,111.710999,-3.458415
factory_11,reference,2.218488,117.880432,-2.892835
factory_11,reference,2.285714,124.390594,-2.487770
factory_11,reference,2.352941,131.260284,-2.228892
factory_11,reference,2.420168,138.509369,-2.070129
factory_11,reference,2.487395,146.158783,-1.924713
factory_11,reference,2.554622,154.230667,-1.978882
factory_11,reference,2.621849,162.748337,-1.980559
factory_11,reference,2.689076,171.736420,-1.973293
factory_11,reference,2.756303,181.220856,-1.973920
factory_11,reference,2.823529,191.229095,-1.994465
factory_11,reference,2.890756,201.790070,-1.987511
factory_11,reference,2.957983,212.934280,-1.888782
factory_11,reference,3.025210,224.693970,-1.880979
factory_11,reference,3.092437,237.103104,-1.872494
factory_11,reference,3.159664,250.197540,-1.871618
factory_11,reference,3.226891,264.015137,-1.900313
factory_11,reference,3.294118,278.595856,-1.977753
factory_11,reference,3.361345,293.981812,-2.109628
factory_11,reference,3.428571,310.217468,-2.182077
factory_11,reference,3.495798,327.349792,-2.216051
factory_11,reference,3.563025,345.428284,-2.312833
factory_11,reference,3.630252,364.505157,-2.571641
factory_11,reference,3.697479,384.635620,-3.040349
factory_11,reference,3.764706,405.877808,-3.892141
factory_11,reference,3.831933,428.293121,-5.317168
factory_11,reference,3.899160,451.946381,-7.516685
factory_11,reference,3.966387,476.905945,-10.268023
factory_11,reference,4.033614,503.244019,-12.688855
factory_11,reference,4.100841,531.036560,-13.447923
factory_11,reference,4.168067,560.364014,-12.197522
factory_11,reference,4.235294,591.311096,-10.314819
factory_11,reference,4.302521,623.967346,-8.765694
factory_11,reference,4.369748,658.427063,-7.617765
factory_11,reference,4.436975,694.789795,-6.631563
factory_11,reference,4.504202,733.160889,-5.716571
factory_11,reference,4.571429,773.651001,-4.683150
factory_11,reference,4.638656,816.377197,-3.536131
factory_11,reference,4.705883,861.463074,-2.458827
factory_11,reference,4.773109,909.038940,-1.698670
factory_11,reference,4.840336,959.242249,-1.253329
factory_11,reference,4.907563,1012.218079,-1.012640
factory_11,reference,4.974790,1068.119629,-0.908038
factory_11,reference,5.042017,1127.108398,-0.878903
factory_11,reference,5.109244,1189.355103,-0.910030
factory_11,reference,5.176471,1255.039307,-0.971594
factory_11,reference,5.243698,1324.351074,-1.057853
factory_11,reference,5.310925,1397.490845,-1.158514
factory_11,reference,5.378151,1474.669678,-1.267301
factory_11,reference,5.445378,1556.110962,-1.376417
factory_11,reference,5.512605,1642.050049,-1.494892
factory_11,reference,5.579832,1732.735107,-1.625153
factory_11,reference,5.647059,1828.428467,-1.755440
factory_11,reference,5.714286,1929.406738,-1.891431
factory_11,reference,5.781513,2035.961670,-2.029094
factory_11,reference,5.848740,2148.401367,-2.175701
factory_11,reference,5.915967,2267.050537,-2.339504
factory_11,reference,5.983193,2392.252441,-2.502316
factory_11,reference,6.050420,2524.368896,-2.675411
factory_11,reference,6.117647,2663.781738,-2.867947
factory_11,reference,6.184874,2810.893799,-3.065197
factory_11,reference,6.252101,2966.130371,-3.269587
factory_11,reference,6.319328,3129.940430,-3.496938
factory_11,reference,6.386555,3302.796875,-3.740094
factory_11,reference,6.453782,3485.199951,-3.988740
factory_11,reference,6.521008,3677.676025,-4.248389
factory_11,reference,6.588235,3880.782471,-4.513732
factory_11,reference,6.655462,4095.105469,-4.774320
factory_11,reference,6.722689,4321.265137,-5.020337
factory_11,reference,6.789916,4559.914551,-5.262496
factory_11,reference,6.857143,4811.744141,-5.484415
factory_11,reference,6.924370,5077.481445,-5.686831
factory_11,reference,6.991597,5357.894531,-5.862090
factory_11,reference,7.058824,5653.793457,-6.014259
factory_11,reference,7.126050,5966.034668,-6.134167
factory_11,reference,7.193277,6295.519531,-6.232532
factory_11,reference,7.260504,6643.200684,-6.304912
factory_11,reference,7.327731,7010.083008,-6.351793
factory_11,reference,7.394958,7397.227539,-6.375740
factory_11,reference,7.462185,7805.752441,-6.386349
factory_11,reference,7.529412,8236.839844,-6.378104
factory_11,reference,7.596639,8691.733398,-6.357618
factory_11,reference,7.663866,9171.750000,-6.327315
factory_11,reference,7.731092,9678.276367,-6.287160
factory_11,reference,7.798319,10212.776367,-6.242401
factory_11,reference,7.865546,10776.795898,-6.191002
factory_11,reference,7.932773,11371.962891,-6.136783
factory_11,reference,8.000000,12000.000000,-6.090409
factory_2,legacy,0.000000,20.000000,-7.221069
factory_2,legacy,0.067227,21.104536,-5.132962
factory_2,legacy,0.134454,22.270071,-5.109674
factory_2,legacy,0.201681,23.499975,-7.135353
factory_2,legacy,0.268908,24.797804,-7.902517
factory_2,legacy,0.336134,26.167307,-6.505595
factory_2,legacy,0.403361,27.612442,-5.812019
factory_2,legacy,0.470588,29.137390,-6.230556
factory_2,legacy,0.537815,30.746555,-7.634065
factory_2,legacy,0.605042,32.444588,-6.798351
factory_2,legacy,0.672269,34.236401,-2.692828
factory_2,legacy,0.739496,36.127167,-1.510260
factory_2,legacy,0.806723,38.122353,-1.611531
factory_2,legacy,0.873950,40.227730,-1.730644
factory_2,legacy,0.941177,42.449379,-1.486243
factory_2,legacy,1.008403,44.793720,-1.744526
factory_2,legacy,1.075630,47.267536,-6.027477
factory_2,legacy,1.142857,49.877968,-9.067172
factory_2,legacy,1.210084,52.632568,-9.050437
factory_2,legacy,1.277311,55.539299,-6.409797
factory_2,legacy,1.344538,58.606552,-1.781569
factory_2,legacy,1.411765,61.843204,-1.606592
factory_2,legacy,1.478992,65.258606,-3.644797
factory_2,legacy,1.546218,68.862625,-5.797258
factory_2,legacy,1.613445,72.665695,-6.324618
factory_2,legacy,1.680672,76.678787,-5.445971
factory_2,legacy,1.747899,80.913506,-2.613135
factory_2,legacy,1.815126,85.382095,-1.248678
factory_2,legacy,1.882353,90.097488,-3.160319
factory_2,legacy,1.949580,95.073273,-3.769387
factory_2,legacy,2.016807,100.323875,-2.147863
factory_2,legacy,2.084034,105.864441,-1.362568
factory_2,legacy,2.151261,111.710999,-4.685678
factory_2,legacy,2.218488,117.880432,-9.422670
factory_2,legacy,2.285714,124.390594,-11.829480
factory_2,legacy,2.352941,131.260284,-11.502601
factory_2,legacy,2.420168,138.509369,-11.646966
factory_2,legacy,2.487395,146.158783,-9.628091
factory_2,legacy,2.554622,154.230667,-3.883393
factory_2,legacy,2.621849,162.748337,-1.242702
factory_2,legacy,2.689076,171.736420,-1.233875
factory_2,legacy,2.756303,181.220856,-1.223591
factory_2,legacy,2.823529,191.229095,-2.980067
factory_2,legacy,2.890756,201.790070,-9.243007
factory_2,legacy,2.957983,212.934280,-10.488252
factory_2,legacy,3.025210,224.693970,-6.938212
factory_2,legacy,3.092437,237.103104,-5.240048
factory_2,legacy,3.159664,250.197540,-5.461898
factory_2,legacy,3.226891,264.015137,-8.399797
factory_2,legacy,3.294118,278.595856,-10.593109
factory_2,legacy,3.361345,293.981812,-4.841226
factory_2,legacy,3.428571,310.217468,-2.307720
factory_2,legacy,3.495798,327.349792,-2.934030
factory_2,legacy,3.563025,345.428284,-6.871806
factory_2,legacy,3.630252,364.505157,-10.659576
factory_2,legacy,3.697479,384.635620,-6.321094
factory_2,legacy,3.764706,405.877808,-2.992216
factory_2,legacy,3.831933,428.293121,-1.818792
factory_2,legacy,3.899160,451.946381,-1.658156
factory_2,legacy,3.966387,476.905945,-2.766865
factory_2,legacy,4.033614,503.244019,-6.827552
factory_2,legacy,4.100841,531.036560,-10.225825
factory_2,legacy,4.168067,560.364014,-7.502399
factory_2,legacy,4.235294,591.311096,-7.595072
factory_2,legacy,4.302521,623.967346,-9.887503
factory_2,legacy,4.369748,658.427063,-8.296394
factory_2,legacy,4.436975,694.789795,-3.039948
factory_2,legacy,4.504202,733.160889,-1.098215
factory_2,legacy,4.571429,773.651001,-0.736214
factory_2,legacy,4.638656,816.377197,-0.683683
factory_2,legacy,4.705883,861.463074,-0.805017
factory_2,legacy,4.773109,909.038940,-1.727376
factory_2,legacy,4.840336,959.242249,-6.234509
factory_2,legacy,4.907563,1012.218079,-9.892293
factory_2,legacy,4.974790,1068.119629,-9.953200
factory_2,legacy,5.042017,1127.108398,-9.377273
factory_2,legacy,5.109244,1189.355103,-4.872189
factory_2,legacy,5.176471,1255.039307,-1.315623
factory_2,legacy,5.243698,1324.351074,-0.831181
factory_2,legacy,5.310925,1397.490845,-0.886303
factory_2,legacy,5.378151,1474.669678,-0.961871
factory_2,legacy,5.445378,1556.110962,-0.984504
factory_2,legacy,5.512605,1642.050049,-0.945290
factory_2,legacy,5.579832,1732.735107,-1.433755
factory_2,legacy,5.647059,1828.428467,-4.742897
factory_2,legacy,5.714286,1929.406738,-6.850001
factory_2,legacy,5.781513,2035.961670,-5.203038
factory_2,legacy,5.848740,2148.401367,-1.994517
factory_2,legacy,5.915967,2267.050537,-1.150507
factory_2,legacy,5.983193,2392.252441,-1.492971
factory_2,legacy,6.050420,2524.368896,-1.785095
factory_2,legacy,6.117647,2663.781738,-1.979538
factory_2,legacy,6.184874,2810.893799,-2.105824
factory_2,legacy,6.252101,2966.130371,-2.094589
factory_2,legacy,6.319328,3129.940430,-1.764498
factory_2,legacy,6.386555,3302.796875,-1.454696
factory_2,legacy,6.453782,3485.199951,-1.998417
factory_2,legacy,6.521008,3677.676025,-1.795185
factory_2,legacy,6.588235,3880.782471,-1.659637
factory_2,legacy,6.655462,4095.105469,-2.554956
factory_2,legacy,6.722689,4321.265137,-3.361655
factory_2,legacy,6.789916,4559.914551,-3.774049
factory_2,legacy,6.857143,4811.744141,-4.026929
factory_2,legacy,6.924370,5077.481445,-4.224391
factory_2,legacy,6.991597,5357.894531,-4.348602
factory_2,legacy,7.058824,5653.793457,-4.295273
factory_2,legacy,7.126050,5966.034668,-3.809174
factory_2,legacy,7.193277,6295.519531,-3.168123
factory_2,legacy,7.260504,6643.200684,-3.299124
factory_2,legacy,7.327731,7010.083008,-3.968495
factory_2,legacy,7.394958,7397.227539,-4.659484
factory_2,legacy,7.462185,7805.752441,-4.984834
factory_2,legacy,7.529412,8236.839844,-5.094247
factory_2,legacy,7.596639,8691.733398,-5.125899
factory_2,legacy,7.663866,9171.750000,-5.123415
factory_2,legacy,7.731092,9678.276367,-5.090041
factory_2,legacy,7.798319,10212.776367,-5.026893
factory_2,legacy,7.865546,10776.795898,-4.908734
factory_2,legacy,7.932773,11371.962891,-4.740472
factory_2,legacy,8.000000,12000.000000,-4.678830
factory_2,reference,0.000000,20.000000,-7.220823
factory_2,reference,0.067227,21.104536,-5.189016
factory_2,reference,0.134454,22.270071,-5.715309
factory_2,reference,0.201681,23.499975,-7.595020
factory_2,reference,0.268908,24.797804,-7.515153
factory_2,reference,0.336134,26.167307,-6.226989
factory_2,reference,0.403361,27.612442,-5.841787
factory_2,reference,0.470588,29.137390,-6.522723
factory_2,reference,0.537815,30.746555,-7.771544
factory_2,reference,0.605042,32.444588,-5.590250
factory_2,reference,0.672269,34.236401,-2.306717
factory_2,reference,0.739496,36.127167,-1.542846
factory_2,reference,0.806723,38.122353,-1.617123
factory_2,reference,0.873950,40.227730,-1.624048
factory_2,reference,0.941177,42.449379,-1.732761
factory_2,reference,1.008403,44.793720,-2.712154
factory_2,reference,1.075630,47.267536,-7.027941
factory_2,reference,1.142857,49.877968,-9.070798
factory_2,reference,1.210084,52.632568,-8.588087
factory_2,reference,1.277311,55.539299,-4.835497
factory_2,reference,1.344538,58.606552,-1.744685
factory_2,reference,1.411765,61.843204,-2.071836
factory_2,reference,1.478992,65.258606,-4.051470
factory_2,reference,1.546218,68.862625,-5.879044
factory_2,reference,1.613445,72.665695,-5.807673
factory_2,reference,1.680672,76.678787,-4.355826
factory_2,reference,1.747899,80.913506,-2.336089
factory_2,reference,1.815126,85.382095,-1.910779
factory_2,reference,1.882353,90.097488,-3.539604
factory_2,reference,1.949580,95.073273,-3.326141
factory_2,reference,2.016807,100.323875,-1.957416
factory_2,reference,2.084034,105.864441,-2.117543
factory_2,reference,2.151261,111.710999,-5.828274
factory_2,reference,2.218488,117.880432,-10.283010
factory_2,reference,2.285714,124.390594,-11.877348
factory_2,reference,2.352941,131.260284,-11.673021
factory_2,reference,2.420168,138.509369,-11.048780
factory_2,reference,2.487395,146.158783,-6.917662
factory_2,reference,2.554622,154.230667,-2.825693
factory_2,reference,2.621849,162.748337,-1.256532
factory_2,reference,2.689076,171.736420,-1.242265
factory_2,reference,2.756303,181.220856,-1.723934
factory_2,reference,2.823529,191.229095,-4.483750
factory_2,reference,2.890756,201.790070,-10.547274
factory_2,reference,2.957983,212.934280,-9.307278
factory_2,reference,3.025210,224.693970,-6.389053
factory_2,reference,3.092437,237.103104,-5.451293
factory_2,reference,3.159664,250.197540,-6.624834
factory_2,reference,3.226891,264.015137,-9.952737
factory_2,reference,3.294118,278.595856,-7.806878
factory_2,reference,3.361345,293.981812,-3.433673
factory_2,reference,3.428571,310.217468,-2.385999
factory_2,reference,3.495798,327.349792,-3.977766
factory_2,reference,3.563025,345.428284,-8.722004
factory_2,reference,3.630252,364.505157,-9.201120
factory_2,reference,3.697479,384.635620,-4.835833
factory_2,reference,3.764706,405.877808,-2.526225
factory_2,reference,3.831933,428.293121,-1.813530
factory_2,reference,3.899160,451.946381,-2.191969
factory_2,reference,3.966387,476.905945,-4.270236
factory_2,reference,4.033614,503.244019,-8.944949
factory_2,reference,4.100841,531.036560,-9.003147
factory_2,reference,4.168067,560.364014,-7.214072
factory_2,reference,4.235294,591.311096,-8.471567
factory_2,reference,4.302521,623.967346,-9.940112
factory_2,reference,4.369748,658.427063,-5.674382
factory_2,reference,4.436975,694.789795,-2.060576
factory_2,reference,4.504202,733.160889,-0.927660
factory_2,reference,4.571429,773.651001,-0.715197
factory_2,reference,4.638656,816.377197,-0.760466
factory_2,reference,4.705883,861.463074,-1.295231
factory_2,reference,4.773109,909.038940,-3.363935
factory_2,reference,4.840336,959.242249,-8.438660
factory_2,reference,4.907563,1012.218079,-9.983458
factory_2,reference,4.974790,1068.119629,-9.855374
factory_2,reference,5.042017,1127.108398,-7.350255
factory_2,reference,5.109244,1189.355103,-2.949480
factory_2,reference,5.176471,1255.039307,-1.040662
factory_2,reference,5.243698,1324.351074,-0.835760
factory_2,reference,5.310925,1397.490845,-0.897388
factory_2,reference,5.378151,1474.669678,-0.951018
factory_2,reference,5.445378,1556.110962,-0.969307
factory_2,reference,5.512605,1642.050049,-1.284763
factory_2,reference,5.579832,1732.735107,-2.787464
factory_2,reference,5.647059,1828.428467,-6.187866
factory_2,reference,5.714286,1929.406738,-6.326379
factory_2,reference,5.781513,2035.961670,-3.615400
factory_2,reference,5.848740,2148.401367,-1.524470
factory_2,reference,5.915967,2267.050537,-1.265915
factory_2,reference,5.983193,2392.252441,-1.582529
factory_2,reference,6.050420,2524.368896,-1.815565
factory_2,reference,6.117647,2663.781738,-1.975997
factory_2,reference,6.184874,2810.893799,-2.035686
factory_2,reference,6.252101,2966.130371,-1.886382
factory_2,reference,6.319328,3129.940430,-1.662933
factory_2,reference,6.386555,3302.796875,-1.759277
factory_2,reference,6.453782,3485.199951,-2.001007
factory_2,reference,6.521008,3677.676025,-1.723633
factory_2,reference,6.588235,3880.782471,-1.973570
factory_2,reference,6.655462,4095.105469,-2.852825
factory_2,reference,6.722689,4321.265137,-3.463273
factory_2,reference,6.789916,4559.914551,-3.799296
factory_2,reference,6.857143,4811.744141,-4.032112
factory_2,reference,6.924370,5077.481445,-4.205346
factory_2,reference,6.991597,5357.894531,-4.241510
factory_2,reference,7.058824,5653.793457,-3.959359
factory_2,reference,7.126050,5966.034668,-3.360744
factory_2,reference,7.193277,6295.519531,-3.067619
factory_2,reference,7.260504,6643.200684,-3.496440
factory_2,reference,7.327731,7010.083008,-4.238743
factory_2,reference,7.394958,7397.227539,-4.795744
factory_2,reference,7.462185,7805.752441,-5.028512
factory_2,reference,7.529412,8236.839844,-5.107551
factory_2,reference,7.596639,8691.733398,-5.128640
factory_2,reference,7.663866,9171.750000,-5.117033
factory_2,reference,7.731092,9678.276367,-5.070179
factory_2,reference,7.798319,10212.776367,-4.978534
factory_2,reference,7.865546,10776.795898,-4.825356
factory_2,reference,7.932773,11371.962891,-4.698540
factory_2,reference,8.000000,12000.000000,-4.695993
factory_3,legacy,0.000000,20.000000,-6.815826
factory_3,legacy,0.067227,21.104536,-4.615129
factory_3,legacy,0.134454,22.270071,-4.289937
factory_3,legacy,0.201681,23.499975,-4.132597
factory_3,legacy,0.268908,24.797804,-3.152135
factory_3,legacy,0.336134,26.167307,-4.321263
factory_3,legacy,0.403361,27.612442,-3.612316
factory_3,legacy,0.470588,29.137390,-4.818498
factory_3,legacy,0.537815,30.746555,-5.233334
factory_3,legacy,0.605042,32.444588,-6.408837
factory_3,legacy,0.672269,34.236401,-7.125591
factory_3,legacy,0.739496,36.127167,-7.945636
factory_3,legacy,0.806723,38.122353,-7.729437
factory_3,legacy,0.873950,40.227730,-6.448791
factory_3,legacy,0.941177,42.449379,-5.419748
factory_3,legacy,1.008403,44.793720,-3.311875
factory_3,legacy,1.075630,47.267536,-1.635373
factory_3,legacy,1.142857,49.877968,-1.271468
factory_3,legacy,1.210084,52.632568,-1.003961
factory_3,legacy,1.277311,55.539299,-1.094746
factory_3,legacy,1.344538,58.606552,-1.544279
factory_3,legacy,1.411765,61.843204,-2.432811
factory_3,legacy,1.478992,65.258606,-3.289976
factory_3,legacy,1.546218,68.862625,-4.340221
factory_3,legacy,1.613445,72.665695,-4.825878
factory_3,legacy,1.680672,76.678787,-5.513767
factory_3,legacy,1.747899,80.913506,-5.377357
factory_3,legacy,1.815126,85.382095,-5.292936
factory_3,legacy,1.882353,90.097488,-4.864878
factory_3,legacy,1.949580,95.073273,-3.803281
factory_3,legacy,2.016807,100.323875,-3.009963
factory_3,legacy,2.084034,105.864441,-2.111935
factory_3,legacy,2.151261,111.710999,-1.393064
factory_3,legacy,2.218488,117.880432,-0.963730
factory_3,legacy,2.285714,124.390594,-0.946674
factory_3,legacy,2.352941,131.260284,-0.954391
factory_3,legacy,2.420168,138.509369,-0.965748
factory_3,legacy,2.487395,146.158783,-1.092983
factory_3,legacy,2.554622,154.230667,-1.694719
factory_3,legacy,2.621849,162.748337,-3.218885
factory_3,legacy,2.689076,171.736420,-5.693147
factory_3,legacy,2.756303,181.220856,-8.867368
factory_3,legacy,2.823529,191.229095,-11.021962
factory_3,legacy,2.890756,201.790070,-9.830689
factory_3,legacy,2.957983,212.934280,-7.450070
factory_3,legacy,3.025210,224.693970,-5.743634
factory_3,legacy,3.092437,237.103104,-4.667683
factory_3,legacy,3.159664,250.197540,-4.016033
factory_3,legacy,3.226891,264.015137,-3.734647
factory_3,legacy,3.294118,278.595856,-3.726802
factory_3,legacy,3.361345,293.981812,-3.992886
factory_3,legacy,3.428571,310.217468,-4.608542
factory_3,legacy,3.495798,327.349792,-5.705209
factory_3,legacy,3.563025,345.428284,-7.338486
factory_3,legacy,3.630252,364.505157,-9.347317
factory_3,legacy,3.697479,384.635620,-10.796640
factory_3,legacy,3.764706,405.877808,-10.456999
factory_3,legacy,3.831933,428.293121,-9.393068
factory_3,legacy,3.899160,451.946381,-8.985231
factory_3,legacy,3.966387,476.905945,-9.449602
factory_3,legacy,4.033614,503.244019,-10.338305
factory_3,legacy,4.100841,531.036560,-10.732083
factory_3,legacy,4.168067,560.364014,-8.889147
factory_3,legacy,4.235294,591.311096,-5.961214
factory_3,legacy,4.302521,623.967346,-3.631507
factory_3,legacy,4.369748,658.427063,-2.142641
factory_3,legacy,4.436975,694.789795,-1.270070
factory_3,legacy,4.504202,733.160889,-0.834879
factory_3,legacy,4.571429,773.651001,-0.608079
factory_3,legacy,4.638656,816.377197,-0.486566
factory_3,legacy,4.705883,861.463074,-0.442936
factory_3,legacy,4.773109,909.038940,-0.439547
factory_3,legacy,4.840336,959.242249,-0.453089
factory_3,legacy,4.907563,1012.218079,-0.473795
factory_3,legacy,4.974790,1068.119629,-0.506022
factory_3,legacy,5.042017,1127.108398,-0.544818
factory_3,legacy,5.109244,1189.355103,-0.644893
factory_3,legacy,5.176471,1255.039307,-0.927058
factory_3,legacy,5.243698,1324.351074,-1.378910
factory_3,legacy,5.310925,1397.490845,-2.020552
factory_3,legacy,5.378151,1474.669678,-2.645418
factory_3,legacy,5.445378,1556.110962,-2.947030
factory_3,legacy,5.512605,1642.050049,-2.728254
factory_3,legacy,5.579832,1732.735107,-2.203071
factory_3,legacy,5.647059,1828.428467,-1.515852
factory_3,legacy,5.714286,1929.406738,-0.909024
factory_3,legacy,5.781513,2035.961670,-0.676140
factory_3,legacy,5.848740,2148.401367,-0.642766
factory_3,legacy,5.915967,2267.050537,-0.633364
factory_3,legacy,5.983193,2392.252441,-0.671637
factory_3,legacy,6.050420,2524.368896,-0.787829
factory_3,legacy,6.117647,2663.781738,-0.912353
factory_3,legacy,6.184874,2810.893799,-1.030028
factory_3,legacy,6.252101,2966.130371,-1.144305
factory_3,legacy,6.319328,3129.940430,-1.263280
factory_3,legacy,6.386555,3302.796875,-1.380448
factory_3,legacy,6.453782,3485.199951,-1.501327
factory_3,legacy,6.521008,3677.676025,-1.619017
factory_3,legacy,6.588235,3880.782471,-1.728898
factory_3,legacy,6.655462,4095.105469,-1.817740
factory_3,legacy,6.722689,4321.265137,-1.873466
factory_3,legacy,6.789916,4559.914551,-1.902333
factory_3,legacy,6.857143,4811.744141,-1.907670
factory_3,legacy,6.924370,5077.481445,-1.928626
factory_3,legacy,6.991597,5357.894531,-2.010300
factory_3,legacy,7.058824,5653.793457,-2.192602
factory_3,legacy,7.126050,5966.034668,-2.452212
factory_3,legacy,7.193277,6295.519531,-2.785659
factory_3,legacy,7.260504,6643.200684,-3.162059
factory_3,legacy,7.327731,7010.083008,-3.520971
factory_3,legacy,7.394958,7397.227539,-3.818161
factory_3,legacy,7.462185,7805.752441,-4.043753
factory_3,legacy,7.529412,8236.839844,-4.203143
factory_3,legacy,7.596639,8691.733398,-4.311645
factory_3,legacy,7.663866,9171.750000,-4.379601
factory_3,legacy,7.731092,9678.276367,-4.412389
factory_3,legacy,7.798319,10212.776367,-4.419973
factory_3,legacy,7.865546,10776.795898,-4.402179
factory_3,legacy,7.932773,11371.962891,-4.367838
factory_3,legacy,8.000000,12000.000000,-4.329309
factory_3,reference,0.000000,20.000000,-6.816126
factory_3,reference,0.067227,21.104536,-4.658474
factory_3,reference,0.134454,22.270071,-4.346947
factory_3,reference,0.201681,23.499975,-4.186498
factory_3,reference,0.268908,24.797804,-3.203341
factory_3,reference,0.336134,26.167307,-4.371536
factory_3,reference,0.403361,27.612442,-3.652078
factory_3,reference,0.470588,29.137390,-4.834020
factory_3,reference,0.537815,30.746555,-5.217626
factory_3,reference,0.605042,32.444588,-6.350286
factory_3,reference,0.672269,34.236401,-7.027797
factory_3,reference,0.739496,36.127167,-7.846766
factory_3,reference,0.806723,38.122353,-7.740207
factory_3,reference,0.873950,40.227730,-6.390666
factory_3,reference,0.941177,42.449379,-5.351331
factory_3,reference,1.008403,44.793720,-3.279512
factory_3,reference,1.075630,47.267536,-1.630589
factory_3,reference,1.142857,49.877968,-1.272125
factory_3,reference,1.210084,52.632568,-1.003351
factory_3,reference,1.277311,55.539299,-1.095441
factory_3,reference,1.344538,58.606552,-1.669824
factory_3,reference,1.411765,61.843204,-2.683430
factory_3,reference,1.478992,65.258606,-3.534959
factory_3,reference,1.546218,68.862625,-4.421140
factory_3,reference,1.613445,72.665695,-4.874041
factory_3,reference,1.680672,76.678787,-5.551173
factory_3,reference,1.747899,80.913506,-5.406028
factory_3,reference,1.815126,85.382095,-5.362535
factory_3,reference,1.882353,90.097488,-5.161639
factory_3,reference,1.949580,95.073273,-3.993585
factory_3,reference,2.016807,100.323875,-2.983583
factory_3,reference,2.084034,105.864441,-2.090879
factory_3,reference,2.151261,111.710999,-1.385017
factory_3,reference,2.218488,117.880432,-0.962742
factory_3,reference,2.285714,124.390594,-0.943331
factory_3,reference,2.352941,131.260284,-0.950355
factory_3,reference,2.420168,138.509369,-0.962457
factory_3,reference,2.487395,146.158783,-1.115702
factory_3,reference,2.554622,154.230667,-1.729755
factory_3,reference,2.621849,162.748337,-3.272660
factory_3,reference,2.689076,171.736420,-5.778801
factory_3,reference,2.756303,181.220856,-8.985960
factory_3,reference,2.823529,191.229095,-11.043255
factory_3,reference,2.890756,201.790070,-9.774217
factory_3,reference,2.957983,212.934280,-7.449139
factory_3,reference,3.025210,224.693970,-5.797562
factory_3,reference,3.092437,237.103104,-4.748477
factory_3,reference,3.159664,250.197540,-4.109827
factory_3,reference,3.226891,264.015137,-3.843007
factory_3,reference,3.294118,278.595856,-3.848000
factory_3,reference,3.361345,293.981812,-4.131070
factory_3,reference,3.428571,310.217468,-4.768971
factory_3,reference,3.495798,327.349792,-5.886519
factory_3,reference,3.563025,345.428284,-7.522795
factory_3,reference,3.630252,364.505157,-9.498728
factory_3,reference,3.697479,384.635620,-10.851252
factory_3,reference,3.764706,405.877808,-10.387819
factory_3,reference,3.831933,428.293121,-9.303686
factory_3,reference,3.899160,451.946381,-8.938180
factory_3,reference,3.966387,476.905945,-9.448980
factory_3,reference,4.033614,503.244019,-10.372377
factory_3,reference,4.100841,531.036560,-10.645427
factory_3,reference,4.168067,560.364014,-8.600121
factory_3,reference,4.235294,591.311096,-5.685093
factory_3,reference,4.302521,623.967346,-3.459492
factory_3,reference,4.369748,658.427063,-2.058959
factory_3,reference,4.436975,694.789795,-1.237659
factory_3,reference,4.504202,733.160889,-0.826210
factory_3,reference,4.571429,773.651001,-0.609963
factory_3,reference,4.638656,816.377197,-0.492671
factory_3,reference,4.705883,861.463074,-0.438312
factory_3,reference,4.773109,909.038940,-0.435042
factory_3,reference,4.840336,959.242249,-0.450587
factory_3,reference,4.907563,1012.218079,-0.474531
factory_3,reference,4.974790,1068.119629,-0.511992
factory_3,reference,5.042017,1127.108398,-0.558322
factory_3,reference,5.109244,1189.355103,-0.681393
factory_3,reference,5.176471,1255.039307,-0.983228
factory_3,reference,5.243698,1324.351074,-1.494083
factory_3,reference,5.310925,1397.490845,-2.307845
factory_3,reference,5.378151,1474.669678,-2.959733
factory_3,reference,5.445378,1556.110962,-3.186363
factory_3,reference,5.512605,1642.050049,-2.883877
factory_3,reference,5.579832,1732.735107,-2.298169
factory_3,reference,5.647059,1828.428467,-1.575471
factory_3,reference,5.714286,1929.406738,-0.975869
factory_3,reference,5.781513,2035.961670,-0.732939
factory_3,reference,5.848740,2148.401367,-0.658778
factory_3,reference,5.915967,2267.050537,-0.638232
factory_3,reference,5.983193,2392.252441,-0.677796
factory_3,reference,6.050420,2524.368896,-0.804801
factory_3,reference,6.117647,2663.781738,-0.952648
factory_3,reference,6.184874,2810.893799,-1.087398
factory_3,reference,6.252101,2966.130371,-1.189821
factory_3,reference,6.319328,3129.940430,-1.280944
factory_3,reference,6.386555,3302.796875,-1.392056
factory_3,reference,6.453782,3485.199951,-1.510114
factory_3,reference,6.521008,3677.676025,-1.622167
factory_3,reference,6.588235,3880.782471,-1.724351
factory_3,reference,6.655462,4095.105469,-1.803532
factory_3,reference,6.722689,4321.265137,-1.848560
factory_3,reference,6.789916,4559.914551,-1.867896
factory_3,reference,6.857143,4811.744141,-1.869234
factory_3,reference,6.924370,5077.481445,-1.895266
factory_3,reference,6.991597,5357.894531,-1.989107
factory_3,reference,7.058824,5653.793457,-2.184308
factory_3,reference,7.126050,5966.034668,-2.452179
factory_3,reference,7.193277,6295.519531,-2.796876
factory_3,reference,7.260504,6643.200684,-3.179913
factory_3,reference,7.327731,7010.083008,-3.539409
factory_3,reference,7.394958,7397.227539,-3.833164
factory_3,reference,7.462185,7805.752441,-4.054787
factory_3,reference,7.529412,8236.839844,-4.210075
factory_3,reference,7.596639,8691.733398,-4.314765
factory_3,reference,7.663866,9171.750000,-4.379301
factory_3,reference,7.731092,9678.276367,-4.409381
factory_3,reference,7.798319,10212.776367,-4.415247
factory_3,reference,7.865546,10776.795898,-4.396845
factory_3,reference,7.932773,11371.962891,-4.362884
factory_3,reference,8.000000,12000.000000,-4.325248
factory_4,legacy,0.000000,20.000000,-7.093697
factory_4,legacy,0.067227,21.104536,-5.818743
factory_4,legacy,0.134454,22.270071,-5.988031
factory_4,legacy,0.201681,23.499975,-6.289151
factory_4,legacy,0.268908,24.797804,-5.978976
factory_4,legacy,0.336134,26.167307,-6.655803
factory_4,legacy,0.403361,27.612442,-6.410102
factory_4,legacy,0.470588,29.137390,-6.989620
factory_4,legacy,0.537815,30.746555,-6.643901
factory_4,legacy,0.605042,32.444588,-5.817292
factory_4,legacy,0.672269,34.236401,-4.387896
factory_4,legacy,0.739496,36.127167,-3.578459
factory_4,legacy,0.806723,38.122353,-2.763888
factory_4,legacy,0.873950,40.227730,-2.200927
factory_4,legacy,0.941177,42.449379,-2.331958
factory_4,legacy,1.008403,44.793720,-2.376121
factory_4,legacy,1.075630,47.267536,-2.300232
factory_4,legacy,1.142857,49.877968,-2.305979
factory_4,legacy,1.210084,52.632568,-2.218116
factory_4,legacy,1.277311,55.539299,-2.238152
factory_4,legacy,1.344538,58.606552,-2.257113
factory_4,legacy,1.411765,61.843204,-2.314255
factory_4,legacy,1.478992,65.258606,-2.211683
factory_4,legacy,1.546218,68.862625,-2.010912
factory_4,legacy,1.613445,72.665695,-2.263276
factory_4,legacy,1.680672,76.678787,-3.011704
factory_4,legacy,1.747899,80.913506,-4.041644
factory_4,legacy,1.815126,85.382095,-5.264395
factory_4,legacy,1.882353,90.097488,-6.189481
factory_4,legacy,1.949580,95.073273,-6.373947
factory_4,legacy,2.016807,100.323875,-6.126303
factory_4,legacy,2.084034,105.864441,-5.339104
factory_4,legacy,2.151261,111.710999,-4.348258
factory_4,legacy,2.218488,117.880432,-3.437627
factory_4,legacy,2.285714,124.390594,-2.891008
factory_4,legacy,2.352941,131.260284,-2.950934
factory_4,legacy,2.420168,138.509369,-3.401012
factory_4,legacy,2.487395,146.158783,-4.542658
factory_4,legacy,2.554622,154.230667,-6.189676
factory_4,legacy,2.621849,162.748337,-7.925338
factory_4,legacy,2.689076,171.736420,-8.473729
factory_4,legacy,2.756303,181.220856,-7.939498
factory_4,legacy,2.823529,191.229095,-7.345492
factory_4,legacy,2.890756,201.790070,-7.322051
factory_4,legacy,2.957983,212.934280,-7.771392
factory_4,legacy,3.025210,224.693970,-8.383913
factory_4,legacy,3.092437,237.103104,-8.338227
factory_4,legacy,3.159664,250.197540,-7.599262
factory_4,legacy,3.226891,264.015137,-6.958339
factory_4,legacy,3.294118,278.595856,-7.143323
factory_4,legacy,3.361345,293.981812,-7.874532
factory_4,legacy,3.428571,310.217468,-8.480244
factory_4,legacy,3.495798,327.349792,-7.616744
factory_4,legacy,3.563025,345.428284,-5.843342
factory_4,legacy,3.630252,364.505157,-4.473159
factory_4,legacy,3.697479,384.635620,-3.744119
factory_4,legacy,3.764706,405.877808,-3.385854
factory_4,legacy,3.831933,428.293121,-3.463077
factory_4,legacy,3.899160,451.946381,-3.922828
factory_4,legacy,3.966387,476.905945,-4.819057
factory_4,legacy,4.033614,503.244019,-6.156647
factory_4,legacy,4.100841,531.036560,-7.319992
factory_4,legacy,4.168067,560.364014,-7.776031
factory_4,legacy,4.235294,591.311096,-7.474171
factory_4,legacy,4.302521,623.967346,-6.482182
factory_4,legacy,4.369748,658.427063,-4.873994
factory_4,legacy,4.436975,694.789795,-3.388670
factory_4,legacy,4.504202,733.160889,-2.521268
factory_4,legacy,4.571429,773.651001,-2.102586
factory_4,legacy,4.638656,816.377197,-1.914105
factory_4,legacy,4.705883,861.463074,-1.837035
factory_4,legacy,4.773109,909.038940,-1.858862
factory_4,legacy,4.840336,959.242249,-1.985031
factory_4,legacy,4.907563,1012.218079,-2.282259
factory_4,legacy,4.974790,1068.119629,-2.815307
factory_4,legacy,5.042017,1127.108398,-3.401669
factory_4,legacy,5.109244,1189.355103,-3.544634
factory_4,legacy,5.176471,1255.039307,-3.200806
factory_4,legacy,5.243698,1324.351074,-2.557103
factory_4,legacy,5.310925,1397.490845,-1.990633
factory_4,legacy,5.378151,1474.669678,-1.710741
factory_4,legacy,5.445378,1556.110962,-1.631410
factory_4,legacy,5.512605,1642.050049,-1.632368
factory_4,legacy,5.579832,1732.735107,-1.657199
factory_4,legacy,5.647059,1828.428467,-1.682892
factory_4,legacy,5.714286,1929.406738,-1.697853
factory_4,legacy,5.781513,2035.961670,-1.702254
factory_4,legacy,5.848740,2148.401367,-1.704463
factory_4,legacy,5.915967,2267.050537,-1.729926
factory_4,legacy,5.983193,2392.252441,-1.776863
factory_4,legacy,6.050420,2524.368896,-1.790379
factory_4,legacy,6.117647,2663.781738,-1.795001
factory_4,legacy,6.184874,2810.893799,-1.855721
factory_4,legacy,6.252101,2966.130371,-2.005114
factory_4,legacy,6.319328,3129.940430,-2.196657
factory_4,legacy,6.386555,3302.796875,-2.379177
factory_4,legacy,6.453782,3485.199951,-2.539672
factory_4,legacy,6.521008,3677.676025,-2.687994
factory_4,legacy,6.588235,3880.782471,-2.818201
factory_4,legacy,6.655462,4095.105469,-2.924303
factory_4,legacy,6.722689,4321.265137,-2.999452
factory_4,legacy,6.789916,4559.914551,-3.042421
factory_4,legacy,6.857143,4811.744141,-3.064443
factory_4,legacy,6.924370,5077.481445,-3.125166
factory_4,legacy,6.991597,5357.894531,-3.285121
factory_4,legacy,7.058824,5653.793457,-3.522585
factory_4,legacy,7.126050,5966.034668,-3.808579
factory_4,legacy,7.193277,6295.519531,-4.085439
factory_4,legacy,7.260504,6643.200684,-4.310035
factory_4,legacy,7.327731,7010.083008,-4.479838
factory_4,legacy,7.394958,7397.227539,-4.607564
factory_4,legacy,7.462185,7805.752441,-4.704034
factory_4,legacy,7.529412,8236.839844,-4.767543
factory_4,legacy,7.596639,8691.733398,-4.804539
factory_4,legacy,7.663866,9171.750000,-4.816711
factory_4,legacy,7.731092,9678.276367,-4.806501
factory_4,legacy,7.798319,10212.776367,-4.787244
factory_4,legacy,7.865546,10776.795898,-4.770476
factory_4,legacy,7.932773,11371.962891,-4.762649
factory_4,legacy,8.000000,12000.000000,-4.753725
factory_4,reference,0.000000,20.000000,-7.093761
factory_4,reference,0.067227,21.104536,-5.914406
factory_4,reference,0.134454,22.270071,-6.098578
factory_4,reference,0.201681,23.499975,-6.390493
factory_4,reference,0.268908,24.797804,-6.080624
factory_4,reference,0.336134,26.167307,-6.696972
factory_4,reference,0.403361,27.612442,-6.413178
factory_4,reference,0.470588,29.137390,-6.895438
factory_4,reference,0.537815,30.746555,-6.435562
factory_4,reference,0.605042,32.444588,-5.543885
factory_4,reference,0.672269,34.236401,-4.186811
factory_4,reference,0.739496,36.127167,-3.485756
factory_4,reference,0.806723,38.122353,-2.742634
factory_4,reference,0.873950,40.227730,-2.202527
factory_4,reference,0.941177,42.449379,-2.341574
factory_4,reference,1.008403,44.793720,-2.401571
factory_4,reference,1.075630,47.267536,-2.346062
factory_4,reference,1.142857,49.877968,-2.408528
factory_4,reference,1.210084,52.632568,-2.308477
factory_4,reference,1.277311,55.539299,-2.282645
factory_4,reference,1.344538,58.606552,-2.247282
factory_4,reference,1.411765,61.843204,-2.303584
factory_4,reference,1.478992,65.258606,-2.258709
factory_4,reference,1.546218,68.862625,-2.142306
factory_4,reference,1.613445,72.665695,-2.418465
factory_4,reference,1.680672,76.678787,-3.166568
factory_4,reference,1.747899,80.913506,-4.134755
factory_4,reference,1.815126,85.382095,-5.233141
factory_4,reference,1.882353,90.097488,-5.989573
factory_4,reference,1.949580,95.073273,-6.018526
factory_4,reference,2.016807,100.323875,-5.717430
factory_4,reference,2.084034,105.864441,-5.000398
factory_4,reference,2.151261,111.710999,-4.141129
factory_4,reference,2.218488,117.880432,-3.363625
factory_4,reference,2.285714,124.390594,-2.950360
factory_4,reference,2.352941,131.260284,-3.123989
factory_4,reference,2.420168,138.509369,-3.657478
factory_4,reference,2.487395,146.158783,-4.836517
factory_4,reference,2.554622,154.230667,-6.451695
factory_4,reference,2.621849,162.748337,-8.027087
factory_4,reference,2.689076,171.736420,-8.452547
factory_4,reference,2.756303,181.220856,-7.982578
factory_4,reference,2.823529,191.229095,-7.495139
factory_4,reference,2.890756,201.790070,-7.486703
factory_4,reference,2.957983,212.934280,-7.829160
factory_4,reference,3.025210,224.693970,-8.232956
factory_4,reference,3.092437,237.103104,-8.122944
factory_4,reference,3.159664,250.197540,-7.531133
factory_4,reference,3.226891,264.015137,-7.073534
factory_4,reference,3.294118,278.595856,-7.327531
factory_4,reference,3.361345,293.981812,-7.942245
factory_4,reference,3.428571,310.217468,-8.211676
factory_4,reference,3.495798,327.349792,-7.223970
factory_4,reference,3.563025,345.428284,-5.608293
factory_4,reference,3.630252,364.505157,-4.421566
factory_4,reference,3.697479,384.635620,-3.824579
factory_4,reference,3.764706,405.877808,-3.573011
factory_4,reference,3.831933,428.293121,-3.732741
factory_4,reference,3.899160,451.946381,-4.243741
factory_4,reference,3.966387,476.905945,-5.143116
factory_4,reference,4.033614,503.244019,-6.381255
factory_4,reference,4.100841,531.036560,-7.351623
factory_4,reference,4.168067,560.364014,-7.573311
factory_4,reference,4.235294,591.311096,-7.053957
factory_4,reference,4.302521,623.967346,-5.999949
factory_4,reference,4.369748,658.427063,-4.541142
factory_4,reference,4.436975,694.789795,-3.227923
factory_4,reference,4.504202,733.160889,-2.461044
factory_4,reference,4.571429,773.651001,-2.095856
factory_4,reference,4.638656,816.377197,-1.945938
factory_4,reference,4.705883,861.463074,-1.914649
factory_4,reference,4.773109,909.038940,-1.989724
factory_4,reference,4.840336,959.242249,-2.158052
factory_4,reference,4.907563,1012.218079,-2.457096
factory_4,reference,4.974790,1068.119629,-2.933464
factory_4,reference,5.042017,1127.108398,-3.390958
factory_4,reference,5.109244,1189.355103,-3.411389
factory_4,reference,5.176471,1255.039307,-3.051445
factory_4,reference,5.243698,1324.351074,-2.461429
factory_4,reference,5.310925,1397.490845,-1.952986
factory_4,reference,5.378151,1474.669678,-1.702613
factory_4,reference,5.445378,1556.110962,-1.631285
factory_4,reference,5.512605,1642.050049,-1.631701
factory_4,reference,5.579832,1732.735107,-1.654781
factory_4,reference,5.647059,1828.428467,-1.682268
factory_4,reference,5.714286,1929.406738,-1.706339
factory_4,reference,5.781513,2035.961670,-1.721645
factory_4,reference,5.848740,2148.401367,-1.721729
factory_4,reference,5.915967,2267.050537,-1.736879
factory_4,reference,5.983193,2392.252441,-1.777490
factory_4,reference,6.050420,2524.368896,-1.797905
factory_4,reference,6.117647,2663.781738,-1.815580
factory_4,reference,6.184874,2810.893799,-1.882911
factory_4,reference,6.252101,2966.130371,-2.028780
factory_4,reference,6.319328,3129.940430,-2.211596
factory_4,reference,6.386555,3302.796875,-2.385277
factory_4,reference,6.453782,3485.199951,-2.538081
factory_4,reference,6.521008,3677.676025,-2.678289
factory_4,reference,6.588235,3880.782471,-2.798200
factory_4,reference,6.655462,4095.105469,-2.893672
factory_4,reference,6.722689,4321.265137,-2.963277
factory_4,reference,6.789916,4559.914551,-3.012708
factory_4,reference,6.857143,4811.744141,-3.052386
factory_4,reference,6.924370,5077.481445,-3.136170
factory_4,reference,6.991597,5357.894531,-3.310642
factory_4,reference,7.058824,5653.793457,-3.551388
factory_4,reference,7.126050,5966.034668,-3.831345
factory_4,reference,7.193277,6295.519531,-4.099324
factory_4,reference,7.260504,6643.200684,-4.317009
factory_4,reference,7.327731,7010.083008,-4.482056
factory_4,reference,7.394958,7397.227539,-4.605833
factory_4,reference,7.462185,7805.752441,-4.697999
factory_4,reference,7.529412,8236.839844,-4.757029
factory_4,reference,7.596639,8691.733398,-4.790884
factory_4,reference,7.663866,9171.750000,-4.803801
factory_4,reference,7.731092,9678.276367,-4.798678
factory_4,reference,7.798319,10212.776367,-4.785798
factory_4,reference,7.865546,10776.795898,-4.773811
factory_4,reference,7.932773,11371.962891,-4.767228
factory_4,reference,8.000000,12000.000000,-4.757741
factory_5,legacy,0.000000,20.000000,-19.966257
factory_5,legacy,0.067227,21.104536,-8.593493
factory_5,legacy,0.134454,22.270071,-7.833795
factory_5,legacy,0.201681,23.499975,-7.337699
factory_5,legacy,0.268908,24.797804,-7.130601
factory_5,legacy,0.336134,26.167307,-7.918563
factory_5,legacy,0.403361,27.612442,-7.374874
factory_5,legacy,0.470588,29.137390,-7.561326
factory_5,legacy,0.537815,30.746555,-7.328087
factory_5,legacy,0.605042,32.444588,-6.967155
factory_5,legacy,0.672269,34.236401,-6.157727
factory_5,legacy,0.739496,36.127167,-5.317681
factory_5,legacy,0.806723,38.122353,-5.204301
factory_5,legacy,0.873950,40.227730,-4.450419
factory_5,legacy,0.941177,42.449379,-4.275890
factory_5,legacy,1.008403,44.793720,-4.170370
factory_5,legacy,1.075630,47.267536,-4.484760
factory_5,legacy,1.142857,49.877968,-4.049711
factory_5,legacy,1.210084,52.632568,-4.195732
factory_5,legacy,1.277311,55.539299,-4.222427
factory_5,legacy,1.344538,58.606552,-4.262226
factory_5,legacy,1.411765,61.843204,-4.483110
factory_5,legacy,1.478992,65.258606,-4.618487
factory_5,legacy,1.546218,68.862625,-4.255809
factory_5,legacy,1.613445,72.665695,-4.258436
factory_5,legacy,1.680672,76.678787,-3.730243
factory_5,legacy,1.747899,80.913506,-3.526649
factory_5,legacy,1.815126,85.382095,-3.943945
factory_5,legacy,1.882353,90.097488,-4.179715
factory_5,legacy,1.949580,95.073273,-4.170942
factory_5,legacy,2.016807,100.323875,-4.111048
factory_5,legacy,2.084034,105.864441,-4.081893
factory_5,legacy,2.151261,111.710999,-4.248865
factory_5,legacy,2.218488,117.880432,-4.079123
factory_5,legacy,2.285714,124.390594,-3.949228
factory_5,legacy,2.352941,131.260284,-3.709057
factory_5,legacy,2.420168,138.509369,-3.609165
factory_5,legacy,2.487395,146.158783,-3.497970
factory_5,legacy,2.554622,154.230667,-3.708281
factory_5,legacy,2.621849,162.748337,-4.068659
factory_5,legacy,2.689076,171.736420,-4.053121
factory_5,legacy,2.756303,181.220856,-3.794624
factory_5,legacy,2.823529,191.229095,-3.456090
factory_5,legacy,2.890756,201.790070,-3.274773
factory_5,legacy,2.957983,212.934280,-3.282798
factory_5,legacy,3.025210,224.693970,-3.326735
factory_5,legacy,3.092437,237.103104,-3.541436
factory_5,legacy,3.159664,250.197540,-3.866945
factory_5,legacy,3.226891,264.015137,-4.164674
factory_5,legacy,3.294118,278.595856,-4.252528
factory_5,legacy,3.361345,293.981812,-4.208888
factory_5,legacy,3.428571,310.217468,-4.230218
factory_5,legacy,3.495798,327.349792,-4.260170
factory_5,legacy,3.563025,345.428284,-4.025566
factory_5,legacy,3.630252,364.505157,-3.659092
factory_5,legacy,3.697479,384.635620,-3.354238
factory_5,legacy,3.764706,405.877808,-3.195483
factory_5,legacy,3.831933,428.293121,-3.104330
factory_5,legacy,3.899160,451.946381,-3.061016
factory_5,legacy,3.966387,476.905945,-3.053768
factory_5,legacy,4.033614,503.244019,-3.214256
factory_5,legacy,4.100841,531.036560,-3.371389
factory_5,legacy,4.168067,560.364014,-3.683803
factory_5,legacy,4.235294,591.311096,-4.070525
factory_5,legacy,4.302521,623.967346,-4.282030
factory_5,legacy,4.369748,658.427063,-4.245475
factory_5,legacy,4.436975,694.789795,-4.012923
factory_5,legacy,4.504202,733.160889,-3.674542
factory_5,legacy,4.571429,773.651001,-3.446946
factory_5,legacy,4.638656,816.377197,-3.246234
factory_5,legacy,4.705883,861.463074,-3.009818
factory_5,legacy,4.773109,909.038940,-2.888214
factory_5,legacy,4.840336,959.242249,-2.866357
factory_5,legacy,4.907563,1012.218079,-2.915469
factory_5,legacy,4.974790,1068.119629,-3.047433
factory_5,legacy,5.042017,1127.108398,-3.282342
factory_5,legacy,5.109244,1189.355103,-3.570774
factory_5,legacy,5.176471,1255.039307,-3.823863
factory_5,legacy,5.243698,1324.351074,-3.959509
factory_5,legacy,5.310925,1397.490845,-3.981091
factory_5,legacy,5.378151,1474.669678,-3.919281
factory_5,legacy,5.445378,1556.110962,-3.809557
factory_5,legacy,5.512605,1642.050049,-3.617005
factory_5,legacy,5.579832,1732.735107,-3.516590
factory_5,legacy,5.647059,1828.428467,-3.553417
factory_5,legacy,5.714286,1929.406738,-3.647041
factory_5,legacy,5.781513,2035.961670,-3.754939
factory_5,legacy,5.848740,2148.401367,-3.864001
factory_5,legacy,5.915967,2267.050537,-3.983108
factory_5,legacy,5.983193,2392.252441,-4.093878
factory_5,legacy,6.050420,2524.368896,-4.231726
factory_5,legacy,6.117647,2663.781738,-4.432356
factory_5,legacy,6.184874,2810.893799,-4.640439
factory_5,legacy,6.252101,2966.130371,-4.789428
factory_5,legacy,6.319328,3129.940430,-4.916414
factory_5,legacy,6.386555,3302.796875,-5.089457
factory_5,legacy,6.453782,3485.199951,-5.367510
factory_5,legacy,6.521008,3677.676025,-5.700704
factory_5,legacy,6.588235,3880.782471,-6.037724
factory_5,legacy,6.655462,4095.105469,-6.390795
factory_5,legacy,6.722689,4321.265137,-6.743579
factory_5,legacy,6.789916,4559.914551,-7.131196
factory_5,legacy,6.857143,4811.744141,-7.535948
factory_5,legacy,6.924370,5077.481445,-7.971130
factory_5,legacy,6.991597,5357.894531,-8.424596
factory_5,legacy,7.058824,5653.793457,-8.906734
factory_5,legacy,7.126050,5966.034668,-9.436276
factory_5,legacy,7.193277,6295.519531,-10.043791
factory_5,legacy,7.260504,6643.200684,-10.710009
factory_5,legacy,7.327731,7010.083008,-11.419046
factory_5,legacy,7.394958,7397.227539,-12.183125
factory_5,legacy,7.462185,7805.752441,-12.941349
factory_5,legacy,7.529412,8236.839844,-13.747024
factory_5,legacy,7.596639,8691.733398,-14.611902
factory_5,legacy,7.663866,9171.750000,-15.538016
factory_5,legacy,7.731092,9678.276367,-16.538277
factory_5,legacy,7.798319,10212.776367,-17.612623
factory_5,legacy,7.865546,10776.795898,-18.768938
factory_5,legacy,7.932773,11371.962891,-20.015352
factory_5,legacy,8.000000,12000.000000,-21.121342
factory_5,reference,0.000000,20.000000,-19.960548
factory_5,reference,0.067227,21.104536,-8.567574
factory_5,reference,0.134454,22.270071,-7.970693
factory_5,reference,0.201681,23.499975,-7.594676
factory_5,reference,0.268908,24.797804,-7.541621
factory_5,reference,0.336134,26.167307,-8.060194
factory_5,reference,0.403361,27.612442,-7.657142
factory_5,reference,0.470588,29.137390,-7.631857
factory_5,reference,0.537815,30.746555,-7.320285
factory_5,reference,0.605042,32.444588,-7.009960
factory_5,reference,0.672269,34.236401,-6.249258
factory_5,reference,0.739496,36.127167,-5.462024
factory_5,reference,0.806723,38.122353,-5.396708
factory_5,reference,0.873950,40.227730,-4.577056
factory_5,reference,0.941177,42.449379,-4.308278
factory_5,reference,1.008403,44.793720,-4.197935
factory_5,reference,1.075630,47.267536,-4.530252
factory_5,reference,1.142857,49.877968,-4.254611
factory_5,reference,1.210084,52.632568,-4.557649
factory_5,reference,1.277311,55.539299,-4.652082
factory_5,reference,1.344538,58.606552,-4.508762
factory_5,reference,1.411765,61.843204,-4.504415
factory_5,reference,1.478992,65.258606,-4.625181
factory_5,reference,1.546218,68.862625,-4.330676
factory_5,reference,1.613445,72.665695,-4.339365
factory_5,reference,1.680672,76.678787,-3.953638
factory_5,reference,1.747899,80.913506,-3.781638
factory_5,reference,1.815126,85.382095,-4.072100
factory_5,reference,1.882353,90.097488,-4.189788
factory_5,reference,1.949580,95.073273,-4.168660
factory_5,reference,2.016807,100.323875,-4.179987
factory_5,reference,2.084034,105.864441,-4.224951
factory_5,reference,2.151261,111.710999,-4.487326
factory_5,reference,2.218488,117.880432,-4.291790
factory_5,reference,2.285714,124.390594,-4.048101
factory_5,reference,2.352941,131.260284,-3.701357
factory_5,reference,2.420168,138.509369,-3.623147
factory_5,reference,2.487395,146.158783,-3.629257
factory_5,reference,2.554622,154.230667,-4.056844
factory_5,reference,2.621849,162.748337,-4.275833
factory_5,reference,2.689076,171.736420,-4.104858
factory_5,reference,2.756303,181.220856,-3.766232
factory_5,reference,2.823529,191.229095,-3.412733
factory_5,reference,2.890756,201.790070,-3.268463
factory_5,reference,2.957983,212.934280,-3.332097
factory_5,reference,3.025210,224.693970,-3.485067
factory_5,reference,3.092437,237.103104,-3.847199
factory_5,reference,3.159664,250.197540,-4.197530
factory_5,reference,3.226891,264.015137,-4.386533
factory_5,reference,3.294118,278.595856,-4.257301
factory_5,reference,3.361345,293.981812,-4.213994
factory_5,reference,3.428571,310.217468,-4.293850
factory_5,reference,3.495798,327.349792,-4.307003
factory_5,reference,3.563025,345.428284,-3.995064
factory_5,reference,3.630252,364.505157,-3.648865
factory_5,reference,3.697479,384.635620,-3.385250
factory_5,reference,3.764706,405.877808,-3.193571
factory_5,reference,3.831933,428.293121,-3.091944
factory_5,reference,3.899160,451.946381,-3.103478
factory_5,reference,3.966387,476.905945,-3.192478
factory_5,reference,4.033614,503.244019,-3.459563
factory_5,reference,4.100841,531.036560,-3.699811
factory_5,reference,4.168067,560.364014,-4.010165
factory_5,reference,4.235294,591.311096,-4.224182
factory_5,reference,4.302521,623.967346,-4.281995
factory_5,reference,4.369748,658.427063,-4.189120
factory_5,reference,4.436975,694.789795,-3.956406
factory_5,reference,4.504202,733.160889,-3.732023
factory_5,reference,4.571429,773.651001,-3.490625
factory_5,reference,4.638656,816.377197,-3.188495
factory_5,reference,4.705883,861.463074,-2.957767
factory_5,reference,4.773109,909.038940,-2.867156
factory_5,reference,4.840336,959.242249,-2.880525
factory_5,reference,4.907563,1012.218079,-2.996017
factory_5,reference,4.974790,1068.119629,-3.255180
factory_5,reference,5.042017,1127.108398,-3.638785
factory_5,reference,5.109244,1189.355103,-3.886423
factory_5,reference,5.176471,1255.039307,-3.946700
factory_5,reference,5.243698,1324.351074,-3.969346
factory_5,reference,5.310925,1397.490845,-3.989209
factory_5,reference,5.378151,1474.669678,-3.981716
factory_5,reference,5.445378,1556.110962,-3.816636
factory_5,reference,5.512605,1642.050049,-3.576530
factory_5,reference,5.579832,1732.735107,-3.503567
factory_5,reference,5.647059,1828.428467,-3.555981
factory_5,reference,5.714286,1929.406738,-3.650307
factory_5,reference,5.781513,2035.961670,-3.753031
factory_5,reference,5.848740,2148.401367,-3.858848
factory_5,reference,5.915967,2267.050537,-3.989153
factory_5,reference,5.983193,2392.252441,-4.149412
factory_5,reference,6.050420,2524.368896,-4.360543
factory_5,reference,6.117647,2663.781738,-4.524423
factory_5,reference,6.184874,2810.893799,-4.655470
factory_5,reference,6.252101,2966.130371,-4.793489
factory_5,reference,6.319328,3129.940430,-4.943853
factory_5,reference,6.386555,3302.796875,-5.142041
factory_5,reference,6.453782,3485.199951,-5.413175
factory_5,reference,6.521008,3677.676025,-5.729458
factory_5,reference,6.588235,3880.782471,-6.051511
factory_5,reference,6.655462,4095.105469,-6.396191
factory_5,reference,6.722689,4321.265137,-6.743861
factory_5,reference,6.789916,4559.914551,-7.126981
factory_5,reference,6.857143,4811.744141,-7.527869
factory_5,reference,6.924370,5077.481445,-7.959318
factory_5,reference,6.991597,5357.894531,-8.410687
factory_5,reference,7.058824,5653.793457,-8.888525
factory_5,reference,7.126050,5966.034668,-9.426037
factory_5,reference,7.193277,6295.519531,-10.052692
factory_5,reference,7.260504,6643.200684,-10.729591
factory_5,reference,7.327731,7010.083008,-11.432484
factory_5,reference,7.394958,7397.227539,-12.184038
factory_5,reference,7.462185,7805.752441,-12.935500
factory_5,reference,7.529412,8236.839844,-13.740559
factory_5,reference,7.596639,8691.733398,-14.607853
factory_5,reference,7.663866,9171.750000,-15.538211
factory_5,reference,7.731092,9678.276367,-16.544098
factory_5,reference,7.798319,10212.776367,-17.622040
factory_5,reference,7.865546,10776.795898,-18.780943
factory_5,reference,7.932773,11371.962891,-20.029713
factory_5,reference,8.000000,12000.000000,-21.134558
factory_6,legacy,0.000000,20.000000,-8.363648
factory_6,legacy,0.067227,21.104536,-5.458297
factory_6,legacy,0.134454,22.270071,-4.937109
factory_6,legacy,0.201681,23.499975,-4.291782
factory_6,legacy,0.268908,24.797804,-2.790752
factory_6,legacy,0.336134,26.167307,-4.039708
factory_6,legacy,0.403361,27.612442,-5.006809
factory_6,legacy,0.470588,29.137390,-10.288520
factory_6,legacy,0.537815,30.746555,-12.085110
factory_6,legacy,0.605042,32.444588,-9.133924
factory_6,legacy,0.672269,34.236401,-8.039170
factory_6,legacy,0.739496,36.127167,-7.067116
factory_6,legacy,0.806723,38.122353,-7.455171
factory_6,legacy,0.873950,40.227730,-9.253399
factory_6,legacy,0.941177,42.449379,-11.224922
factory_6,legacy,1.008403,44.793720,-12.466879
factory_6,legacy,1.075630,47.267536,-5.564282
factory_6,legacy,1.142857,49.877968,-2.140247
factory_6,legacy,1.210084,52.632568,-1.558448
factory_6,legacy,1.277311,55.539299,-3.203694
factory_6,legacy,1.344538,58.606552,-5.099187
factory_6,legacy,1.411765,61.843204,-6.598050
factory_6,legacy,1.478992,65.258606,-7.801957
factory_6,legacy,1.546218,68.862625,-9.126031
factory_6,legacy,1.613445,72.665695,-9.426247
factory_6,legacy,1.680672,76.678787,-9.508940
factory_6,legacy,1.747899,80.913506,-7.131281
factory_6,legacy,1.815126,85.382095,-4.345290
factory_6,legacy,1.882353,90.097488,-1.917039
factory_6,legacy,1.949580,95.073273,-2.035013
factory_6,legacy,2.016807,100.323875,-6.049125
factory_6,legacy,2.084034,105.864441,-9.841306
factory_6,legacy,2.151261,111.710999,-10.698837
factory_6,legacy,2.218488,117.880432,-9.021894
factory_6,legacy,2.285714,124.390594,-5.846662
factory_6,legacy,2.352941,131.260284,-2.406231
factory_6,legacy,2.420168,138.509369,-1.510649
factory_6,legacy,2.487395,146.158783,-4.634015
factory_6,legacy,2.554622,154.230667,-11.296095
factory_6,legacy,2.621849,162.748337,-17.741814
factory_6,legacy,2.689076,171.736420,-13.852562
factory_6,legacy,2.756303,181.220856,-9.996946
factory_6,legacy,2.823529,191.229095,-7.917306
factory_6,legacy,2.890756,201.790070,-6.745137
factory_6,legacy,2.957983,212.934280,-6.019693
factory_6,legacy,3.025210,224.693970,-6.306468
factory_6,legacy,3.092437,237.103104,-7.718120
factory_6,legacy,3.159664,250.197540,-11.126857
factory_6,legacy,3.226891,264.015137,-16.083094
factory_6,legacy,3.294118,278.595856,-11.278892
factory_6,legacy,3.361345,293.981812,-3.779839
factory_6,legacy,3.428571,310.217468,-1.556868
factory_6,legacy,3.495798,327.349792,-1.585544
factory_6,legacy,3.563025,345.428284,-1.554563
factory_6,legacy,3.630252,364.505157,-1.524430
factory_6,legacy,3.697479,384.635620,-2.489613
factory_6,legacy,3.764706,405.877808,-7.221317
factory_6,legacy,3.831933,428.293121,-14.540009
factory_6,legacy,3.899160,451.946381,-12.249961
factory_6,legacy,3.966387,476.905945,-6.882782
factory_6,legacy,4.033614,503.244019,-3.297858
factory_6,legacy,4.100841,531.036560,-1.700481
factory_6,legacy,4.168067,560.364014,-1.152077
factory_6,legacy,4.235294,591.311096,-0.942189
factory_6,legacy,4.302521,623.967346,-0.857071
factory_6,legacy,4.369748,658.427063,-0.849156
factory_6,legacy,4.436975,694.789795,-0.895207
factory_6,legacy,4.504202,733.160889,-1.137885
factory_6,legacy,4.571429,773.651001,-2.096109
factory_6,legacy,4.638656,816.377197,-5.657163
factory_6,legacy,4.705883,861.463074,-11.388654
factory_6,legacy,4.773109,909.038940,-13.058287
factory_6,legacy,4.840336,959.242249,-9.986211
factory_6,legacy,4.907563,1012.218079,-8.369378
factory_6,legacy,4.974790,1068.119629,-9.231066
factory_6,legacy,5.042017,1127.108398,-11.300423
factory_6,legacy,5.109244,1189.355103,-12.842237
factory_6,legacy,5.176471,1255.039307,-10.375877
factory_6,legacy,5.243698,1324.351074,-4.548467
factory_6,legacy,5.310925,1397.490845,-1.650831
factory_6,legacy,5.378151,1474.669678,-1.293853
factory_6,legacy,5.445378,1556.110962,-1.451288
factory_6,legacy,5.512605,1642.050049,-1.648109
factory_6,legacy,5.579832,1732.735107,-1.817282
factory_6,legacy,5.647059,1828.428467,-1.961066
factory_6,legacy,5.714286,1929.406738,-2.095483
factory_6,legacy,5.781513,2035.961670,-2.209990
factory_6,legacy,5.848740,2148.401367,-2.291726
factory_6,legacy,5.915967,2267.050537,-2.282818
factory_6,legacy,5.983193,2392.252441,-2.076693
factory_6,legacy,6.050420,2524.368896,-1.771807
factory_6,legacy,6.117647,2663.781738,-2.642697
factory_6,legacy,6.184874,2810.893799,-6.324871
factory_6,legacy,6.252101,2966.130371,-9.303475
factory_6,legacy,6.319328,3129.940430,-9.500864
factory_6,legacy,6.386555,3302.796875,-8.275278
factory_6,legacy,6.453782,3485.199951,-5.439969
factory_6,legacy,6.521008,3677.676025,-2.746356
factory_6,legacy,6.588235,3880.782471,-2.438375
factory_6,legacy,6.655462,4095.105469,-3.610945
factory_6,legacy,6.722689,4321.265137,-4.614802
factory_6,legacy,6.789916,4559.914551,-5.193405
factory_6,legacy,6.857143,4811.744141,-5.545101
factory_6,legacy,6.924370,5077.481445,-5.794264
factory_6,legacy,6.991597,5357.894531,-5.987780
factory_6,legacy,7.058824,5653.793457,-6.155619
factory_6,legacy,7.126050,5966.034668,-6.293726
factory_6,legacy,7.193277,6295.519531,-6.408660
factory_6,legacy,7.260504,6643.200684,-6.481666
factory_6,legacy,7.327731,7010.083008,-6.492012
factory_6,legacy,7.394958,7397.227539,-6.409317
factory_6,legacy,7.462185,7805.752441,-6.166778
factory_6,legacy,7.529412,8236.839844,-5.668958
factory_6,legacy,7.596639,8691.733398,-5.044534
factory_6,legacy,7.663866,9171.750000,-4.770823
factory_6,legacy,7.731092,9678.276367,-4.948903
factory_6,legacy,7.798319,10212.776367,-5.320533
factory_6,legacy,7.865546,10776.795898,-5.766707
factory_6,legacy,7.932773,11371.962891,-6.092996
factory_6,legacy,8.000000,12000.000000,-6.222844
factory_6,reference,0.000000,20.000000,-8.363627
factory_6,reference,0.067227,21.104536,-5.489585
factory_6,reference,0.134454,22.270071,-5.045605
factory_6,reference,0.201681,23.499975,-4.677323
factory_6,reference,0.268908,24.797804,-3.735214
factory_6,reference,0.336134,26.167307,-5.277599
factory_6,reference,0.403361,27.612442,-6.624720
factory_6,reference,0.470588,29.137390,-11.291862
factory_6,reference,0.537815,30.746555,-10.586927
factory_6,reference,0.605042,32.444588,-8.388393
factory_6,reference,0.672269,34.236401,-7.788905
factory_6,reference,0.739496,36.127167,-7.353911
factory_6,reference,0.806723,38.122353,-8.040730
factory_6,reference,0.873950,40.227730,-10.269600
factory_6,reference,0.941177,42.449379,-11.289719
factory_6,reference,1.008403,44.793720,-8.212813
factory_6,reference,1.075630,47.267536,-4.766024
factory_6,reference,1.142857,49.877968,-2.440479
factory_6,reference,1.210084,52.632568,-2.094710
factory_6,reference,1.277311,55.539299,-3.648609
factory_6,reference,1.344538,58.606552,-5.319450
factory_6,reference,1.411765,61.843204,-6.718013
factory_6,reference,1.478992,65.258606,-7.757415
factory_6,reference,1.546218,68.862625,-8.704713
factory_6,reference,1.613445,72.665695,-8.109818
factory_6,reference,1.680672,76.678787,-7.177007
factory_6,reference,1.747899,80.913506,-5.665656
factory_6,reference,1.815126,85.382095,-5.458022
factory_6,reference,1.882353,90.097488,-3.230288
factory_6,reference,1.949580,95.073273,-3.406585
factory_6,reference,2.016807,100.323875,-7.452816
factory_6,reference,2.084034,105.864441,-10.071070
factory_6,reference,2.151261,111.710999,-9.331345
factory_6,reference,2.218488,117.880432,-6.656679
factory_6,reference,2.285714,124.390594,-5.087447
factory_6,reference,2.352941,131.260284,-3.411189
factory_6,reference,2.420168,138.509369,-2.797643
factory_6,reference,2.487395,146.158783,-6.678675
factory_6,reference,2.554622,154.230667,-14.117281
factory_6,reference,2.621849,162.748337,-16.946117
factory_6,reference,2.689076,171.736420,-12.192267
factory_6,reference,2.756303,181.220856,-9.285646
factory_6,reference,2.823529,191.229095,-7.713187
factory_6,reference,2.890756,201.790070,-7.039939
factory_6,reference,2.957983,212.934280,-6.937218
factory_6,reference,3.025210,224.693970,-7.999659
factory_6,reference,3.092437,237.103104,-10.536316
factory_6,reference,3.159664,250.197540,-13.924835
factory_6,reference,3.226891,264.015137,-9.591993
factory_6,reference,3.294118,278.595856,-7.403043
factory_6,reference,3.361345,293.981812,-3.258598
factory_6,reference,3.428571,310.217468,-1.563878
factory_6,reference,3.495798,327.349792,-1.625576
factory_6,reference,3.563025,345.428284,-1.929295
factory_6,reference,3.630252,364.505157,-2.644283
factory_6,reference,3.697479,384.635620,-4.404569
factory_6,reference,3.764706,405.877808,-10.816067
factory_6,reference,3.831933,428.293121,-13.469915
factory_6,reference,3.899160,451.946381,-8.144650
factory_6,reference,3.966387,476.905945,-4.648590
factory_6,reference,4.033614,503.244019,-2.446771
factory_6,reference,4.100841,531.036560,-1.432766
factory_6,reference,4.168067,560.364014,-1.070499
factory_6,reference,4.235294,591.311096,-0.934371
factory_6,reference,4.302521,623.967346,-0.924376
factory_6,reference,4.369748,658.427063,-1.114812
factory_6,reference,4.436975,694.789795,-1.659752
factory_6,reference,4.504202,733.160889,-2.463325
factory_6,reference,4.571429,773.651001,-4.434515
factory_6,reference,4.638656,816.377197,-9.877378
factory_6,reference,4.705883,861.463074,-12.506226
factory_6,reference,4.773109,909.038940,-10.684858
factory_6,reference,4.840336,959.242249,-8.891546
factory_6,reference,4.907563,1012.218079,-9.082315
factory_6,reference,4.974790,1068.119629,-10.836802
factory_6,reference,5.042017,1127.108398,-12.464696
factory_6,reference,5.109244,1189.355103,-9.190122
factory_6,reference,5.176471,1255.039307,-6.042181
factory_6,reference,5.243698,1324.351074,-2.794187
factory_6,reference,5.310925,1397.490845,-1.438530
factory_6,reference,5.378151,1474.669678,-1.369028
factory_6,reference,5.445378,1556.110962,-1.523573
factory_6,reference,5.512605,1642.050049,-1.686286
factory_6,reference,5.579832,1732.735107,-1.833586
factory_6,reference,5.647059,1828.428467,-1.961355
factory_6,reference,5.714286,1929.406738,-2.069058
factory_6,reference,5.781513,2035.961670,-2.126103
factory_6,reference,5.848740,2148.401367,-2.159753
factory_6,reference,5.915967,2267.050537,-2.498438
factory_6,reference,5.983193,2392.252441,-2.965860
factory_6,reference,6.050420,2524.368896,-3.083115
factory_6,reference,6.117647,2663.781738,-5.570805
factory_6,reference,6.184874,2810.893799,-8.994888
factory_6,reference,6.252101,2966.130371,-9.532939
factory_6,reference,6.319328,3129.940430,-7.804207
factory_6,reference,6.386555,3302.796875,-5.784531
factory_6,reference,6.453782,3485.199951,-4.059728
factory_6,reference,6.521008,3677.676025,-2.730193
factory_6,reference,6.588235,3880.782471,-3.212892
factory_6,reference,6.655462,4095.105469,-4.204867
factory_6,reference,6.722689,4321.265137,-4.862097
factory_6,reference,6.789916,4559.914551,-5.272108
factory_6,reference,6.857143,4811.744141,-5.562086
factory_6,reference,6.924370,5077.481445,-5.794060
factory_6,reference,6.991597,5357.894531,-5.992476
factory_6,reference,7.058824,5653.793457,-6.165822
factory_6,reference,7.126050,5966.034668,-6.293591
factory_6,reference,7.193277,6295.519531,-6.366410
factory_6,reference,7.260504,6643.200684,-6.336270
factory_6,reference,7.327731,7010.083008,-6.136096
factory_6,reference,7.394958,7397.227539,-5.754755
factory_6,reference,7.462185,7805.752441,-5.330484
factory_6,reference,7.529412,8236.839844,-4.874358
factory_6,reference,7.596639,8691.733398,-4.636384
factory_6,reference,7.663866,9171.750000,-4.848989
factory_6,reference,7.731092,9678.276367,-5.251479
factory_6,reference,7.798319,10212.776367,-5.711861
factory_6,reference,7.865546,10776.795898,-6.076703
factory_6,reference,7.932773,11371.962891,-6.260148
factory_6,reference,8.000000,12000.000000,-6.304085
factory_7,legacy,0.000000,20.000000,-6.968549
factory_7,legacy,0.067227,21.104536,-6.062389
factory_7,legacy,0.134454,22.270071,-5.973794
factory_7,legacy,0.201681,23.499975,-5.830176
factory_7,legacy,0.268908,24.797804,-4.935129
factory_7,legacy,0.336134,26.167307,-5.165761
factory_7,legacy,0.403361,27.612442,-4.427789
factory_7,legacy,0.470588,29.137390,-4.813778
factory_7,legacy,0.537815,30.746555,-4.587495
factory_7,legacy,0.605042,32.444588,-4.442389
factory_7,legacy,0.672269,34.236401,-4.070929
factory_7,legacy,0.739496,36.127167,-4.274032
factory_7,legacy,0.806723,38.122353,-4.124666
factory_7,legacy,0.873950,40.227730,-3.588397
factory_7,legacy,0.941177,42.449379,-3.641262
factory_7,legacy,1.008403,44.793720,-3.331785
factory_7,legacy,1.075630,47.267536,-3.069258
factory_7,legacy,1.142857,49.877968,-3.231901
factory_7,legacy,1.210084,52.632568,-3.060725
factory_7,legacy,1.277311,55.539299,-3.046351
factory_7,legacy,1.344538,58.606552,-3.118800
factory_7,legacy,1.411765,61.843204,-3.366843
factory_7,legacy,1.478992,65.258606,-3.664793
factory_7,legacy,1.546218,68.862625,-4.098440
factory_7,legacy,1.613445,72.665695,-4.418147
factory_7,legacy,1.680672,76.678787,-4.922929
factory_7,legacy,1.747899,80.913506,-5.259432
factory_7,legacy,1.815126,85.382095,-5.693979
factory_7,legacy,1.882353,90.097488,-6.058855
factory_7,legacy,1.949580,95.073273,-6.211700
factory_7,legacy,2.016807,100.323875,-6.422999
factory_7,legacy,2.084034,105.864441,-6.530859
factory_7,legacy,2.151261,111.710999,-6.579701
factory_7,legacy,2.218488,117.880432,-6.559196
factory_7,legacy,2.285714,124.390594,-6.505471
factory_7,legacy,2.352941,131.260284,-6.513430
factory_7,legacy,2.420168,138.509369,-6.439765
factory_7,legacy,2.487395,146.158783,-6.415239
factory_7,legacy,2.554622,154.230667,-6.353536
factory_7,legacy,2.621849,162.748337,-6.424622
factory_7,legacy,2.689076,171.736420,-6.553102
factory_7,legacy,2.756303,181.220856,-6.751700
factory_7,legacy,2.823529,191.229095,-6.941113
factory_7,legacy,2.890756,201.790070,-7.177560
factory_7,legacy,2.957983,212.934280,-7.418643
factory_7,legacy,3.025210,224.693970,-7.542665
factory_7,legacy,3.092437,237.103104,-7.525014
factory_7,legacy,3.159664,250.197540,-7.314674
factory_7,legacy,3.226891,264.015137,-6.949463
factory_7,legacy,3.294118,278.595856,-6.474257
factory_7,legacy,3.361345,293.981812,-5.983041
factory_7,legacy,3.428571,310.217468,-5.504460
factory_7,legacy,3.495798,327.349792,-5.122757
factory_7,legacy,3.563025,345.428284,-4.779510
factory_7,legacy,3.630252,364.505157,-4.525686
factory_7,legacy,3.697479,384.635620,-4.358640
factory_7,legacy,3.764706,405.877808,-4.224913
factory_7,legacy,3.831933,428.293121,-4.145546
factory_7,legacy,3.899160,451.946381,-4.112835
factory_7,legacy,3.966387,476.905945,-4.104738
factory_7,legacy,4.033614,503.244019,-4.147372
factory_7,legacy,4.100841,531.036560,-4.203367
factory_7,legacy,4.168067,560.364014,-4.278901
factory_7,legacy,4.235294,591.311096,-4.351876
factory_7,legacy,4.302521,623.967346,-4.419238
factory_7,legacy,4.369748,658.427063,-4.462218
factory_7,legacy,4.436975,694.789795,-4.433167
factory_7,legacy,4.504202,733.160889,-4.365098
factory_7,legacy,4.571429,773.651001,-4.234630
factory_7,legacy,4.638656,816.377197,-4.061545
factory_7,legacy,4.705883,861.463074,-3.852294
factory_7,legacy,4.773109,909.038940,-3.621176
factory_7,legacy,4.840336,959.242249,-3.400715
factory_7,legacy,4.907563,1012.218079,-3.204006
factory_7,legacy,4.974790,1068.119629,-3.048113
factory_7,legacy,5.042017,1127.108398,-2.930745
factory_7,legacy,5.109244,1189.355103,-2.848967
factory_7,legacy,5.176471,1255.039307,-2.806182
factory_7,legacy,5.243698,1324.351074,-2.782016
factory_7,legacy,5.310925,1397.490845,-2.774678
factory_7,legacy,5.378151,1474.669678,-2.779985
factory_7,legacy,5.445378,1556.110962,-2.792277
factory_7,legacy,5.512605,1642.050049,-2.809719
factory_7,legacy,5.579832,1732.735107,-2.830485
factory_7,legacy,5.647059,1828.428467,-2.853378
factory_7,legacy,5.714286,1929.406738,-2.877573
factory_7,legacy,5.781513,2035.961670,-2.902421
factory_7,legacy,5.848740,2148.401367,-2.928398
factory_7,legacy,5.915967,2267.050537,-2.957707
factory_7,legacy,5.983193,2392.252441,-2.986157
factory_7,legacy,6.050420,2524.368896,-3.016273
factory_7,legacy,6.117647,2663.781738,-3.052405
factory_7,legacy,6.184874,2810.893799,-3.092674
factory_7,legacy,6.252101,2966.130371,-3.140836
factory_7,legacy,6.319328,3129.940430,-3.202386
factory_7,legacy,6.386555,3302.796875,-3.279794
factory_7,legacy,6.453782,3485.199951,-3.370426
factory_7,legacy,6.521008,3677.676025,-3.474439
factory_7,legacy,6.588235,3880.782471,-3.593555
factory_7,legacy,6.655462,4095.105469,-3.723084
factory_7,legacy,6.722689,4321.265137,-3.858406
factory_7,legacy,6.789916,4559.914551,-3.998995
factory_7,legacy,6.857143,4811.744141,-4.137940
factory_7,legacy,6.924370,5077.481445,-4.272771
factory_7,legacy,6.991597,5357.894531,-4.400192
factory_7,legacy,7.058824,5653.793457,-4.520530
factory_7,legacy,7.126050,5966.034668,-4.629012
factory_7,legacy,7.193277,6295.519531,-4.729295
factory_7,legacy,7.260504,6643.200684,-4.817852
factory_7,legacy,7.327731,7010.083008,-4.893396
factory_7,legacy,7.394958,7397.227539,-4.955595
factory_7,legacy,7.462185,7805.752441,-5.005276
factory_7,legacy,7.529412,8236.839844,-5.041606
factory_7,legacy,7.596639,8691.733398,-5.066244
factory_7,legacy,7.663866,9171.750000,-5.079761
factory_7,legacy,7.731092,9678.276367,-5.082393
factory_7,legacy,7.798319,10212.776367,-5.077137
factory_7,legacy,7.865546,10776.795898,-5.063018
factory_7,legacy,7.932773,11371.962891,-5.043573
factory_7,legacy,8.000000,12000.000000,-5.025153
factory_7,reference,0.000000,20.000000,-6.968469
factory_7,reference,0.067227,21.104536,-6.120751
factory_7,reference,0.134454,22.270071,-6.068902
factory_7,reference,0.201681,23.499975,-5.956633
factory_7,reference,0.268908,24.797804,-5.090059
factory_7,reference,0.336134,26.167307,-5.332994
factory_7,reference,0.403361,27.612442,-4.600445
factory_7,reference,0.470588,29.137390,-4.978984
factory_7,reference,0.537815,30.746555,-4.736541
factory_7,reference,0.605042,32.444588,-4.566204
factory_7,reference,0.672269,34.236401,-4.160658
factory_7,reference,0.739496,36.127167,-4.327503
factory_7,reference,0.806723,38.122353,-4.143874
factory_7,reference,0.873950,40.227730,-3.579978
factory_7,reference,0.941177,42.449379,-3.612129
factory_7,reference,1.008403,44.793720,-3.293466
factory_7,reference,1.075630,47.267536,-3.039915
factory_7,reference,1.142857,49.877968,-3.205585
factory_7,reference,1.210084,52.632568,-3.074043
factory_7,reference,1.277311,55.539299,-3.108161
factory_7,reference,1.344538,58.606552,-3.225198
factory_7,reference,1.411765,61.843204,-3.497131
factory_7,reference,1.478992,65.258606,-3.800843
factory_7,reference,1.546218,68.862625,-4.229741
factory_7,reference,1.613445,72.665695,-4.522615
factory_7,reference,1.680672,76.678787,-4.993969
factory_7,reference,1.747899,80.913506,-5.278434
factory_7,reference,1.815126,85.382095,-5.654126
factory_7,reference,1.882353,90.097488,-5.959316
factory_7,reference,1.949580,95.073273,-6.060039
factory_7,reference,2.016807,100.323875,-6.229374
factory_7,reference,2.084034,105.864441,-6.298967
factory_7,reference,2.151261,111.710999,-6.319506
factory_7,reference,2.218488,117.880432,-6.278029
factory_7,reference,2.285714,124.390594,-6.220277
factory_7,reference,2.352941,131.260284,-6.246590
factory_7,reference,2.420168,138.509369,-6.207446
factory_7,reference,2.487395,146.158783,-6.237106
factory_7,reference,2.554622,154.230667,-6.242337
factory_7,reference,2.621849,162.748337,-6.383032
factory_7,reference,2.689076,171.736420,-6.570912
factory_7,reference,2.756303,181.220856,-6.819105
factory_7,reference,2.823529,191.229095,-7.042433
factory_7,reference,2.890756,201.790070,-7.282566
factory_7,reference,2.957983,212.934280,-7.476076
factory_7,reference,3.025210,224.693970,-7.518768
factory_7,reference,3.092437,237.103104,-7.403879
factory_7,reference,3.159664,250.197540,-7.115353
factory_7,reference,3.226891,264.015137,-6.716651
factory_7,reference,3.294118,278.595856,-6.250379
factory_7,reference,3.361345,293.981812,-5.798864
factory_7,reference,3.428571,310.217468,-5.373722
factory_7,reference,3.495798,327.349792,-5.045976
factory_7,reference,3.563025,345.428284,-4.759295
factory_7,reference,3.630252,364.505157,-4.557294
factory_7,reference,3.697479,384.635620,-4.436712
factory_7,reference,3.764706,405.877808,-4.340189
factory_7,reference,3.831933,428.293121,-4.293242
factory_7,reference,3.899160,451.946381,-4.289653
factory_7,reference,3.966387,476.905945,-4.305758
factory_7,reference,4.033614,503.244019,-4.366217
factory_7,reference,4.100841,531.036560,-4.429053
factory_7,reference,4.168067,560.364014,-4.497536
factory_7,reference,4.235294,591.311096,-4.547174
factory_7,reference,4.302521,623.967346,-4.572841
factory_7,reference,4.369748,658.427063,-4.560503
factory_7,reference,4.436975,694.789795,-4.472721
factory_7,reference,4.504202,733.160889,-4.352173
factory_7,reference,4.571429,773.651001,-4.175913
factory_7,reference,4.638656,816.377197,-3.967555
factory_7,reference,4.705883,861.463074,-3.737681
factory_7,reference,4.773109,909.038940,-3.506323
factory_7,reference,4.840336,959.242249,-3.300919
factory_7,reference,4.907563,1012.218079,-3.127129
factory_7,reference,4.974790,1068.119629,-2.994581
factory_7,reference,5.042017,1127.108398,-2.896804
factory_7,reference,5.109244,1189.355103,-2.829901
factory_7,reference,5.176471,1255.039307,-2.796314
factory_7,reference,5.243698,1324.351074,-2.777961
factory_7,reference,5.310925,1397.490845,-2.773602
factory_7,reference,5.378151,1474.669678,-2.779913
factory_7,reference,5.445378,1556.110962,-2.791914
factory_7,reference,5.512605,1642.050049,-2.808126
factory_7,reference,5.579832,1732.735107,-2.827133
factory_7,reference,5.647059,1828.428467,-2.848047
factory_7,reference,5.714286,1929.406738,-2.870074
factory_7,reference,5.781513,2035.961670,-2.892911
factory_7,reference,5.848740,2148.401367,-2.916895
factory_7,reference,5.915967,2267.050537,-2.944478
factory_7,reference,5.983193,2392.252441,-2.972102
factory_7,reference,6.050420,2524.368896,-3.002256
factory_7,reference,6.117647,2663.781738,-3.039924
factory_7,reference,6.184874,2810.893799,-3.083567
factory_7,reference,6.252101,2966.130371,-3.136534
factory_7,reference,6.319328,3129.940430,-3.203558
factory_7,reference,6.386555,3302.796875,-3.287121
factory_7,reference,6.453782,3485.199951,-3.383961
factory_7,reference,6.521008,3677.676025,-3.493533
factory_7,reference,6.588235,3880.782471,-3.616162
factory_7,reference,6.655462,4095.105469,-3.746569
factory_7,reference,6.722689,4321.265137,-3.880511
factory_7,reference,6.789916,4559.914551,-4.018277
factory_7,reference,6.857143,4811.744141,-4.153653
factory_7,reference,6.924370,5077.481445,-4.284813
factory_7,reference,6.991597,5357.894531,-4.408874
factory_7,reference,7.058824,5653.793457,-4.526270
factory_7,reference,7.126050,5966.034668,-4.632281
factory_7,reference,7.193277,6295.519531,-4.730300
factory_7,reference,7.260504,6643.200684,-4.816950
factory_7,reference,7.327731,7010.083008,-4.890911
factory_7,reference,7.394958,7397.227539,-4.951996
factory_7,reference,7.462185,7805.752441,-5.000915
factory_7,reference,7.529412,8236.839844,-5.036794
factory_7,reference,7.596639,8691.733398,-5.061284
factory_7,reference,7.663866,9171.750000,-5.074977
factory_7,reference,7.731092,9678.276367,-5.078102
factory_7,reference,7.798319,10212.776367,-5.073612
factory_7,reference,7.865546,10776.795898,-5.060408
factory_7,reference,7.932773,11371.962891,-5.041917
factory_7,reference,8.000000,12000.000000,-5.024189
factory_8,legacy,0.000000,20.000000,-7.064318
factory_8,legacy,0.067227,21.104536,-6.360902
factory_8,legacy,0.134454,22.270071,-6.632540
factory_8,legacy,0.201681,23.499975,-6.546439
factory_8,legacy,0.268908,24.797804,-5.072081
factory_8,legacy,0.336134,26.167307,-6.399443
factory_8,legacy,0.403361,27.612442,-5.230215
factory_8,legacy,0.470588,29.137390,-4.150021
factory_8,legacy,0.537815,30.746555,-5.216749
factory_8,legacy,0.605042,32.444588,-4.775354
factory_8,legacy,0.672269,34.236401,-2.941923
factory_8,legacy,0.739496,36.127167,-3.733414
factory_8,legacy,0.806723,38.122353,-3.998451
factory_8,legacy,0.873950,40.227730,-2.434829
factory_8,legacy,0.941177,42.449379,-2.596395
factory_8,legacy,1.008403,44.793720,-2.911488
factory_8,legacy,1.075630,47.267536,-2.212896
factory_8,legacy,1.142857,49.877968,-2.455380
factory_8,legacy,1.210084,52.632568,-2.484311
factory_8,legacy,1.277311,55.539299,-2.309425
factory_8,legacy,1.344538,58.606552,-2.752175
factory_8,legacy,1.411765,61.843204,-2.198657
factory_8,legacy,1.478992,65.258606,-2.268553
factory_8,legacy,1.546218,68.862625,-3.414437
factory_8,legacy,1.613445,72.665695,-2.587481
factory_8,legacy,1.680672,76.678787,-2.428463
factory_8,legacy,1.747899,80.913506,-3.876520
factory_8,legacy,1.815126,85.382095,-3.567276
factory_8,legacy,1.882353,90.097488,-2.781172
factory_8,legacy,1.949580,95.073273,-4.392125
factory_8,legacy,2.016807,100.323875,-5.160048
factory_8,legacy,2.084034,105.864441,-3.359120
factory_8,legacy,2.151261,111.710999,-4.917693
factory_8,legacy,2.218488,117.880432,-6.700149
factory_8,legacy,2.285714,124.390594,-4.273201
factory_8,legacy,2.352941,131.260284,-5.322420
factory_8,legacy,2.420168,138.509369,-7.696198
factory_8,legacy,2.487395,146.158783,-5.796505
factory_8,legacy,2.554622,154.230667,-5.768759
factory_8,legacy,2.621849,162.748337,-7.977113
factory_8,legacy,2.689076,171.736420,-7.383942
factory_8,legacy,2.756303,181.220856,-6.493673
factory_8,legacy,2.823529,191.229095,-7.961032
factory_8,legacy,2.890756,201.790070,-7.891286
factory_8,legacy,2.957983,212.934280,-7.255366
factory_8,legacy,3.025210,224.693970,-7.874599
factory_8,legacy,3.092437,237.103104,-6.959544
factory_8,legacy,3.159664,250.197540,-7.921288
factory_8,legacy,3.226891,264.015137,-7.804865
factory_8,legacy,3.294118,278.595856,-5.851201
factory_8,legacy,3.361345,293.981812,-7.813655
factory_8,legacy,3.428571,310.217468,-7.663936
factory_8,legacy,3.495798,327.349792,-5.134583
factory_8,legacy,3.563025,345.428284,-6.527127
factory_8,legacy,3.630252,364.505157,-7.397616
factory_8,legacy,3.697479,384.635620,-4.772388
factory_8,legacy,3.764706,405.877808,-4.909126
factory_8,legacy,3.831933,428.293121,-6.849322
factory_8,legacy,3.899160,451.946381,-4.522329
factory_8,legacy,3.966387,476.905945,-3.638989
factory_8,legacy,4.033614,503.244019,-5.943214
factory_8,legacy,4.100841,531.036560,-4.374000
factory_8,legacy,4.168067,560.364014,-2.944817
factory_8,legacy,4.235294,591.311096,-4.731149
factory_8,legacy,4.302521,623.967346,-4.183767
factory_8,legacy,4.369748,658.427063,-2.590248
factory_8,legacy,4.436975,694.789795,-3.500641
factory_8,legacy,4.504202,733.160889,-3.869128
factory_8,legacy,4.571429,773.651001,-2.406221
factory_8,legacy,4.638656,816.377197,-2.609772
factory_8,legacy,4.705883,861.463074,-3.430840
factory_8,legacy,4.773109,909.038940,-2.288543
factory_8,legacy,4.840336,959.242249,-2.095658
factory_8,legacy,4.907563,1012.218079,-2.901786
factory_8,legacy,4.974790,1068.119629,-2.218715
factory_8,legacy,5.042017,1127.108398,-1.887686
factory_8,legacy,5.109244,1189.355103,-2.382665
factory_8,legacy,5.176471,1255.039307,-2.134761
factory_8,legacy,5.243698,1324.351074,-1.820245
factory_8,legacy,5.310925,1397.490845,-2.015137
factory_8,legacy,5.378151,1474.669678,-2.034417
factory_8,legacy,5.445378,1556.110962,-1.821642
factory_8,legacy,5.512605,1642.050049,-1.856288
factory_8,legacy,5.579832,1732.735107,-1.943034
factory_8,legacy,5.647059,1828.428467,-1.857782
factory_8,legacy,5.714286,1929.406738,-1.880266
factory_8,legacy,5.781513,2035.961670,-1.901801
factory_8,legacy,5.848740,2148.401367,-1.926806
factory_8,legacy,5.915967,2267.050537,-2.016505
factory_8,legacy,5.983193,2392.252441,-1.954693
factory_8,legacy,6.050420,2524.368896,-2.035398
factory_8,legacy,6.117647,2663.781738,-2.211511
factory_8,legacy,6.184874,2810.893799,-2.136587
factory_8,legacy,6.252101,2966.130371,-2.200815
factory_8,legacy,6.319328,3129.940430,-2.451260
factory_8,legacy,6.386555,3302.796875,-2.448747
factory_8,legacy,6.453782,3485.199951,-2.450145
factory_8,legacy,6.521008,3677.676025,-2.746410
factory_8,legacy,6.588235,3880.782471,-2.859121
factory_8,legacy,6.655462,4095.105469,-2.806259
factory_8,legacy,6.722689,4321.265137,-3.105103
factory_8,legacy,6.789916,4559.914551,-3.317839
factory_8,legacy,6.857143,4811.744141,-3.260526
factory_8,legacy,6.924370,5077.481445,-3.510619
factory_8,legacy,6.991597,5357.894531,-3.777648
factory_8,legacy,7.058824,5653.793457,-3.766730
factory_8,legacy,7.126050,5966.034668,-3.924846
factory_8,legacy,7.193277,6295.519531,-4.190093
factory_8,legacy,7.260504,6643.200684,-4.233547
factory_8,legacy,7.327731,7010.083008,-4.299666
factory_8,legacy,7.394958,7397.227539,-4.504481
factory_8,legacy,7.462185,7805.752441,-4.568239
factory_8,legacy,7.529412,8236.839844,-4.567022
factory_8,legacy,7.596639,8691.733398,-4.683144
factory_8,legacy,7.663866,9171.750000,-4.727344
factory_8,legacy,7.731092,9678.276367,-4.693050
factory_8,legacy,7.798319,10212.776367,-4.724937
factory_8,legacy,7.865546,10776.795898,-4.729712
factory_8,legacy,7.932773,11371.962891,-4.684776
factory_8,legacy,8.000000,12000.000000,-4.664680
factory_8,reference,0.000000,20.000000,-7.065144
factory_8,reference,0.067227,21.104536,-6.395054
factory_8,reference,0.134454,22.270071,-6.631370
factory_8,reference,0.201681,23.499975,-6.462968
factory_8,reference,0.268908,24.797804,-5.215049
factory_8,reference,0.336134,26.167307,-6.391520
factory_8,reference,0.403361,27.612442,-5.069714
factory_8,reference,0.470588,29.137390,-4.262048
factory_8,reference,0.537815,30.746555,-5.270724
factory_8,reference,0.605042,32.444588,-4.609747
factory_8,reference,0.672269,34.236401,-2.946642
factory_8,reference,0.739496,36.127167,-3.856083
factory_8,reference,0.806723,38.122353,-3.888562
factory_8,reference,0.873950,40.227730,-2.419567
factory_8,reference,0.941177,42.449379,-2.699576
factory_8,reference,1.008403,44.793720,-2.863958
factory_8,reference,1.075630,47.267536,-2.221608
factory_8,reference,1.142857,49.877968,-2.481674
factory_8,reference,1.210084,52.632568,-2.476274
factory_8,reference,1.277311,55.539299,-2.351620
factory_8,reference,1.344538,58.606552,-2.687489
factory_8,reference,1.411765,61.843204,-2.192404
factory_8,reference,1.478992,65.258606,-2.349028
factory_8,reference,1.546218,68.862625,-3.365783
factory_8,reference,1.613445,72.665695,-2.523756
factory_8,reference,1.680672,76.678787,-2.531098
factory_8,reference,1.747899,80.913506,-3.929997
factory_8,reference,1.815126,85.382095,-3.369905
factory_8,reference,1.882353,90.097488,-2.881355
factory_8,reference,1.949580,95.073273,-4.566701
factory_8,reference,2.016807,100.323875,-4.817078
factory_8,reference,2.084034,105.864441,-3.421740
factory_8,reference,2.151261,111.710999,-5.172465
factory_8,reference,2.218488,117.880432,-6.360155
factory_8,reference,2.285714,124.390594,-4.239887
factory_8,reference,2.352941,131.260284,-5.610895
factory_8,reference,2.420168,138.509369,-7.546575
factory_8,reference,2.487395,146.158783,-5.611501
factory_8,reference,2.554622,154.230667,-6.042249
factory_8,reference,2.621849,162.748337,-7.996081
factory_8,reference,2.689076,171.736420,-7.108819
factory_8,reference,2.756303,181.220856,-6.694016
factory_8,reference,2.823529,191.229095,-7.950365
factory_8,reference,2.890756,201.790070,-7.856931
factory_8,reference,2.957983,212.934280,-7.348331
factory_8,reference,3.025210,224.693970,-7.748322
factory_8,reference,3.092437,237.103104,-7.210023
factory_8,reference,3.159664,250.197540,-7.925369
factory_8,reference,3.226891,264.015137,-7.582330
factory_8,reference,3.294118,278.595856,-6.064758
factory_8,reference,3.361345,293.981812,-7.907410
factory_8,reference,3.428571,310.217468,-7.380550
factory_8,reference,3.495798,327.349792,-5.162244
factory_8,reference,3.563025,345.428284,-6.849298
factory_8,reference,3.630252,364.505157,-7.121492
factory_8,reference,3.697479,384.635620,-4.630050
factory_8,reference,3.764706,405.877808,-5.315585
factory_8,reference,3.831933,428.293121,-6.652894
factory_8,reference,3.899160,451.946381,-4.276771
factory_8,reference,3.966387,476.905945,-3.959675
factory_8,reference,4.033614,503.244019,-5.900289
factory_8,reference,4.100841,531.036560,-4.083841
factory_8,reference,4.168067,560.364014,-3.117327
factory_8,reference,4.235294,591.311096,-4.855124
factory_8,reference,4.302521,623.967346,-3.903491
factory_8,reference,4.369748,658.427063,-2.630203
factory_8,reference,4.436975,694.789795,-3.719107
factory_8,reference,4.504202,733.160889,-3.650033
factory_8,reference,4.571429,773.651001,-2.367863
factory_8,reference,4.638656,816.377197,-2.815972
factory_8,reference,4.705883,861.463074,-3.300570
factory_8,reference,4.773109,909.038940,-2.220585
factory_8,reference,4.840336,959.242249,-2.227016
factory_8,reference,4.907563,1012.218079,-2.864437
factory_8,reference,4.974790,1068.119629,-2.146841
factory_8,reference,5.042017,1127.108398,-1.942545
factory_8,reference,5.109244,1189.355103,-2.409429
factory_8,reference,5.176471,1255.039307,-2.075484
factory_8,reference,5.243698,1324.351074,-1.830434
factory_8,reference,5.310925,1397.490845,-2.061308
factory_8,reference,5.378151,1474.669678,-1.998102
factory_8,reference,5.445378,1556.110962,-1.819987
factory_8,reference,5.512605,1642.050049,-1.884565
factory_8,reference,5.579832,1732.735107,-1.929028
factory_8,reference,5.647059,1828.428467,-1.860285
factory_8,reference,5.714286,1929.406738,-1.880499
factory_8,reference,5.781513,2035.961670,-1.901528
factory_8,reference,5.848740,2148.401367,-1.937639
factory_8,reference,5.915967,2267.050537,-2.002617
factory_8,reference,5.983193,2392.252441,-1.954602
factory_8,reference,6.050420,2524.368896,-2.054241
factory_8,reference,6.117647,2663.781738,-2.200687
factory_8,reference,6.184874,2810.893799,-2.124331
factory_8,reference,6.252101,2966.130371,-2.223796
factory_8,reference,6.319328,3129.940430,-2.452065
factory_8,reference,6.386555,3302.796875,-2.422009
factory_8,reference,6.453782,3485.199951,-2.471270
factory_8,reference,6.521008,3677.676025,-2.757936
factory_8,reference,6.588235,3880.782471,-2.827111
factory_8,reference,6.655462,4095.105469,-2.819387
factory_8,reference,6.722689,4321.265137,-3.123459
factory_8,reference,6.789916,4559.914551,-3.293200
factory_8,reference,6.857143,4811.744141,-3.261304
factory_8,reference,6.924370,5077.481445,-3.531240
factory_8,reference,6.991597,5357.894531,-3.765774
factory_8,reference,7.058824,5653.793457,-3.756140
factory_8,reference,7.126050,5966.034668,-3.943242
factory_8,reference,7.193277,6295.519531,-4.188609
factory_8,reference,7.260504,6643.200684,-4.217643
factory_8,reference,7.327731,7010.083008,-4.312322
factory_8,reference,7.394958,7397.227539,-4.508155
factory_8,reference,7.462185,7805.752441,-4.554821
factory_8,reference,7.529412,8236.839844,-4.573174
factory_8,reference,7.596639,8691.733398,-4.687989
factory_8,reference,7.663866,9171.750000,-4.719942
factory_8,reference,7.731092,9678.276367,-4.694302
factory_8,reference,7.798319,10212.776367,-4.728625
factory_8,reference,7.865546,10776.795898,-4.727170
factory_8,reference,7.932773,11371.962891,-4.683987
factory_8,reference,8.000000,12000.000000,-4.666800
factory_9,legacy,0.000000,20.000000,-7.177083
factory_9,legacy,0.067227,21.104536,-5.460331
factory_9,legacy,0.134454,22.270071,-5.450087
factory_9,legacy,0.201681,23.499975,-5.410888
factory_9,legacy,0.268908,24.797804,-4.647290
factory_9,legacy,0.336134,26.167307,-5.105373
factory_9,legacy,0.403361,27.612442,-4.525634
factory_9,legacy,0.470588,29.137390,-5.106392
factory_9,legacy,0.537815,30.746555,-4.977818
factory_9,legacy,0.605042,32.444588,-4.935534
factory_9,legacy,0.672269,34.236401,-4.638843
factory_9,legacy,0.739496,36.127167,-4.791801
factory_9,legacy,0.806723,38.122353,-4.474307
factory_9,legacy,0.873950,40.227730,-3.664853
factory_9,legacy,0.941177,42.449379,-3.549612
factory_9,legacy,1.008403,44.793720,-3.142988
factory_9,legacy,1.075630,47.267536,-2.911757
factory_9,legacy,1.142857,49.877968,-3.101617
factory_9,legacy,1.210084,52.632568,-3.211457
factory_9,legacy,1.277311,55.539299,-3.542478
factory_9,legacy,1.344538,58.606552,-3.905387
factory_9,legacy,1.411765,61.843204,-4.273991
factory_9,legacy,1.478992,65.258606,-4.494226
factory_9,legacy,1.546218,68.862625,-4.649230
factory_9,legacy,1.613445,72.665695,-4.503328
factory_9,legacy,1.680672,76.678787,-4.449475
factory_9,legacy,1.747899,80.913506,-4.156194
factory_9,legacy,1.815126,85.382095,-3.957875
factory_9,legacy,1.882353,90.097488,-3.769383
factory_9,legacy,1.949580,95.073273,-3.557379
factory_9,legacy,2.016807,100.323875,-3.480301
factory_9,legacy,2.084034,105.864441,-3.491297
factory_9,legacy,2.151261,111.710999,-3.633649
factory_9,legacy,2.218488,117.880432,-3.888880
factory_9,legacy,2.285714,124.390594,-4.359776
factory_9,legacy,2.352941,131.260284,-5.100590
factory_9,legacy,2.420168,138.509369,-5.933548
factory_9,legacy,2.487395,146.158783,-6.780779
factory_9,legacy,2.554622,154.230667,-7.354076
factory_9,legacy,2.621849,162.748337,-7.593294
factory_9,legacy,2.689076,171.736420,-7.495756
factory_9,legacy,2.756303,181.220856,-7.233433
factory_9,legacy,2.823529,191.229095,-6.980753
factory_9,legacy,2.890756,201.790070,-6.851693
factory_9,legacy,2.957983,212.934280,-6.823530
factory_9,legacy,3.025210,224.693970,-6.957253
factory_9,legacy,3.092437,237.103104,-7.159006
factory_9,legacy,3.159664,250.197540,-7.377391
factory_9,legacy,3.226891,264.015137,-7.523464
factory_9,legacy,3.294118,278.595856,-7.556141
factory_9,legacy,3.361345,293.981812,-7.513518
factory_9,legacy,3.428571,310.217468,-7.471270
factory_9,legacy,3.495798,327.349792,-7.488798
factory_9,legacy,3.563025,345.428284,-7.534941
factory_9,legacy,3.630252,364.505157,-7.491145
factory_9,legacy,3.697479,384.635620,-7.220220
factory_9,legacy,3.764706,405.877808,-6.627229
factory_9,legacy,3.831933,428.293121,-5.823480
factory_9,legacy,3.899160,451.946381,-5.026822
factory_9,legacy,3.966387,476.905945,-4.373149
factory_9,legacy,4.033614,503.244019,-3.923961
factory_9,legacy,4.100841,531.036560,-3.618171
factory_9,legacy,4.168067,560.364014,-3.427455
factory_9,legacy,4.235294,591.311096,-3.314209
factory_9,legacy,4.302521,623.967346,-3.285971
factory_9,legacy,4.369748,658.427063,-3.315404
factory_9,legacy,4.436975,694.789795,-3.377077
factory_9,legacy,4.504202,733.160889,-3.515905
factory_9,legacy,4.571429,773.651001,-3.716167
factory_9,legacy,4.638656,816.377197,-3.964303
factory_9,legacy,4.705883,861.463074,-4.208731
factory_9,legacy,4.773109,909.038940,-4.388354
factory_9,legacy,4.840336,959.242249,-4.434689
factory_9,legacy,4.907563,1012.218079,-4.305087
factory_9,legacy,4.974790,1068.119629,-4.070919
factory_9,legacy,5.042017,1127.108398,-3.748946
factory_9,legacy,5.109244,1189.355103,-3.403421
factory_9,legacy,5.176471,1255.039307,-3.136458
factory_9,legacy,5.243698,1324.351074,-2.957281
factory_9,legacy,5.310925,1397.490845,-2.866839
factory_9,legacy,5.378151,1474.669678,-2.836371
factory_9,legacy,5.445378,1556.110962,-2.837362
factory_9,legacy,5.512605,1642.050049,-2.853987
factory_9,legacy,5.579832,1732.735107,-2.878095
factory_9,legacy,5.647059,1828.428467,-2.904064
factory_9,legacy,5.714286,1929.406738,-2.927340
factory_9,legacy,5.781513,2035.961670,-2.947534
factory_9,legacy,5.848740,2148.401367,-2.964558
factory_9,legacy,5.915967,2267.050537,-2.980113
factory_9,legacy,5.983193,2392.252441,-2.991405
factory_9,legacy,6.050420,2524.368896,-3.003216
factory_9,legacy,6.117647,2663.781738,-3.022044
factory_9,legacy,6.184874,2810.893799,-3.046983
factory_9,legacy,6.252101,2966.130371,-3.083704
factory_9,legacy,6.319328,3129.940430,-3.138406
factory_9,legacy,6.386555,3302.796875,-3.216854
factory_9,legacy,6.453782,3485.199951,-3.326381
factory_9,legacy,6.521008,3677.676025,-3.463896
factory_9,legacy,6.588235,3880.782471,-3.618371
factory_9,legacy,6.655462,4095.105469,-3.774113
factory_9,legacy,6.722689,4321.265137,-3.921632
factory_9,legacy,6.789916,4559.914551,-4.061709
factory_9,legacy,6.857143,4811.744141,-4.191252
factory_9,legacy,6.924370,5077.481445,-4.311682
factory_9,legacy,6.991597,5357.894531,-4.422530
factory_9,legacy,7.058824,5653.793457,-4.523612
factory_9,legacy,7.126050,5966.034668,-4.611352
factory_9,legacy,7.193277,6295.519531,-4.690607
factory_9,legacy,7.260504,6643.200684,-4.757977
factory_9,legacy,7.327731,7010.083008,-4.812441
factory_9,legacy,7.394958,7397.227539,-4.855913
factory_9,legacy,7.462185,7805.752441,-4.890823
factory_9,legacy,7.529412,8236.839844,-4.920507
factory_9,legacy,7.596639,8691.733398,-4.949255
factory_9,legacy,7.663866,9171.750000,-4.977501
factory_9,legacy,7.731092,9678.276367,-4.999462
factory_9,legacy,7.798319,10212.776367,-5.014009
factory_9,legacy,7.865546,10776.795898,-5.017111
factory_9,legacy,7.932773,11371.962891,-5.009895
factory_9,legacy,8.000000,12000.000000,-4.997823
factory_9,reference,0.000000,20.000000,-7.176994
factory_9,reference,0.067227,21.104536,-5.511518
factory_9,reference,0.134454,22.270071,-5.546189
factory_9,reference,0.201681,23.499975,-5.539407
factory_9,reference,0.268908,24.797804,-4.794706
factory_9,reference,0.336134,26.167307,-5.264522
factory_9,reference,0.403361,27.612442,-4.668708
factory_9,reference,0.470588,29.137390,-5.222571
factory_9,reference,0.537815,30.746555,-5.095965
factory_9,reference,0.605042,32.444588,-5.037508
factory_9,reference,0.672269,34.236401,-4.661358
factory_9,reference,0.739496,36.127167,-4.750467
factory_9,reference,0.806723,38.122353,-4.378324
factory_9,reference,0.873950,40.227730,-3.584877
factory_9,reference,0.941177,42.449379,-3.475650
factory_9,reference,1.008403,44.793720,-3.102203
factory_9,reference,1.075630,47.267536,-2.925816
factory_9,reference,1.142857,49.877968,-3.135083
factory_9,reference,1.210084,52.632568,-3.277374
factory_9,reference,1.277311,55.539299,-3.609111
factory_9,reference,1.344538,58.606552,-3.949581
factory_9,reference,1.411765,61.843204,-4.265276
factory_9,reference,1.478992,65.258606,-4.419191
factory_9,reference,1.546218,68.862625,-4.520129
factory_9,reference,1.613445,72.665695,-4.338780
factory_9,reference,1.680672,76.678787,-4.253831
factory_9,reference,1.747899,80.913506,-3.968191
factory_9,reference,1.815126,85.382095,-3.789349
factory_9,reference,1.882353,90.097488,-3.636241
factory_9,reference,1.949580,95.073273,-3.464199
factory_9,reference,2.016807,100.323875,-3.434784
factory_9,reference,2.084034,105.864441,-3.496442
factory_9,reference,2.151261,111.710999,-3.692269
factory_9,reference,2.218488,117.880432,-4.020287
factory_9,reference,2.285714,124.390594,-4.554963
factory_9,reference,2.352941,131.260284,-5.353423
factory_9,reference,2.420168,138.509369,-6.191606
factory_9,reference,2.487395,146.158783,-6.973415
factory_9,reference,2.554622,154.230667,-7.443873
factory_9,reference,2.621849,162.748337,-7.586061
factory_9,reference,2.689076,171.736420,-7.450266
factory_9,reference,2.756303,181.220856,-7.204043
factory_9,reference,2.823529,191.229095,-7.015989
factory_9,reference,2.890756,201.790070,-6.949142
factory_9,reference,2.957983,212.934280,-6.966204
factory_9,reference,3.025210,224.693970,-7.118547
factory_9,reference,3.092437,237.103104,-7.302530
factory_9,reference,3.159664,250.197540,-7.464928
factory_9,reference,3.226891,264.015137,-7.535215
factory_9,reference,3.294118,278.595856,-7.513549
factory_9,reference,3.361345,293.981812,-7.461250
factory_9,reference,3.428571,310.217468,-7.453825
factory_9,reference,3.495798,327.349792,-7.497380
factory_9,reference,3.563025,345.428284,-7.532431
factory_9,reference,3.630252,364.505157,-7.416521
factory_9,reference,3.697479,384.635620,-7.035473
factory_9,reference,3.764706,405.877808,-6.355428
factory_9,reference,3.831933,428.293121,-5.548545
factory_9,reference,3.899160,451.946381,-4.811769
factory_9,reference,3.966387,476.905945,-4.230977
factory_9,reference,4.033614,503.244019,-3.841600
factory_9,reference,4.100841,531.036560,-3.578466
factory_9,reference,4.168067,560.364014,-3.421111
factory_9,reference,4.235294,591.311096,-3.342220
factory_9,reference,4.302521,623.967346,-3.340064
factory_9,reference,4.369748,658.427063,-3.397554
factory_9,reference,4.436975,694.789795,-3.491777
factory_9,reference,4.504202,733.160889,-3.666343
factory_9,reference,4.571429,773.651001,-3.895054
factory_9,reference,4.638656,816.377197,-4.148838
factory_9,reference,4.705883,861.463074,-4.365874
factory_9,reference,4.773109,909.038940,-4.480514
factory_9,reference,4.840336,959.242249,-4.447644
factory_9,reference,4.907563,1012.218079,-4.260464
factory_9,reference,4.974790,1068.119629,-3.977088
factory_9,reference,5.042017,1127.108398,-3.637588
factory_9,reference,5.109244,1189.355103,-3.309866
factory_9,reference,5.176471,1255.039307,-3.075379
factory_9,reference,5.243698,1324.351074,-2.926111
factory_9,reference,5.310925,1397.490845,-2.854456
factory_9,reference,5.378151,1474.669678,-2.833286
factory_9,reference,5.445378,1556.110962,-2.837805
factory_9,reference,5.512605,1642.050049,-2.854990
factory_9,reference,5.579832,1732.735107,-2.877715
factory_9,reference,5.647059,1828.428467,-2.901143
factory_9,reference,5.714286,1929.406738,-2.922010
factory_9,reference,5.781513,2035.961670,-2.939895
factory_9,reference,5.848740,2148.401367,-2.955009
factory_9,reference,5.915967,2267.050537,-2.969734
factory_9,reference,5.983193,2392.252441,-2.982162
factory_9,reference,6.050420,2524.368896,-2.995902
factory_9,reference,6.117647,2663.781738,-3.016771
factory_9,reference,6.184874,2810.893799,-3.044032
factory_9,reference,6.252101,2966.130371,-3.084334
factory_9,reference,6.319328,3129.940430,-3.144881
factory_9,reference,6.386555,3302.796875,-3.232386
factory_9,reference,6.453782,3485.199951,-3.349729
factory_9,reference,6.521008,3677.676025,-3.490342
factory_9,reference,6.588235,3880.782471,-3.642893
factory_9,reference,6.655462,4095.105469,-3.793753
factory_9,reference,6.722689,4321.265137,-3.935730
factory_9,reference,6.789916,4559.914551,-4.070875
factory_9,reference,6.857143,4811.744141,-4.196421
factory_9,reference,6.924370,5077.481445,-4.313563
factory_9,reference,6.991597,5357.894531,-4.420668
factory_9,reference,7.058824,5653.793457,-4.518608
factory_9,reference,7.126050,5966.034668,-4.603751
factory_9,reference,7.193277,6295.519531,-4.680352
factory_9,reference,7.260504,6643.200684,-4.745259
factory_9,reference,7.327731,7010.083008,-4.798056
factory_9,reference,7.394958,7397.227539,-4.841562
factory_9,reference,7.462185,7805.752441,-4.878766
factory_9,reference,7.529412,8236.839844,-4.913033
factory_9,reference,7.596639,8691.733398,-4.947176
factory_9,reference,7.663866,9171.750000,-4.978816
factory_9,reference,7.731092,9678.276367,-5.002789
factory_9,reference,7.798319,10212.776367,-5.018030
factory_9,reference,7.865546,10776.795898,-5.020551
factory_9,reference,7.932773,11371.962891,-5.012281
factory_9,reference,8.000000,12000.000000,-4.999393
